"uri","ipfs_uri","works"
previews/e601569d-5611-4a82-93ba-a7f55b260001/1637053763/preview.mp4,ipfs://QmP84LnTz5TGu1VpsY3GtkQJjx1BsZXtLTEzUqFXMCz21k,563
previews/8711ddf0-0474-4a8d-a5ec-30c7f42977df/1638724863/preview.mp4,ipfs://QmPudczciBhhi1nmomQgir9J2hormihLg1KeAqfCif79yP,88
previews/9841c727-f5c8-40e4-b995-0716eeff843f/1638724047/preview.mp4,ipfs://QmQXcLTwo6znof3ZJ7Q2XDAk238kegBTHMaNoYyk1KEpLy,87
previews/c66d0636-30c1-4227-819c-0e69924fc7a1/1638520742/preview.jpg,ipfs://QmZZtpmtaFuqq7HUCKU4mh5vy5MdR4EUxNEJQW826Ti4oD,87
previews/f3170ca8-2a0d-49ac-b307-d20fbfb15b0d/1638543454/preview.gif,ipfs://Qmc47A5CdQqwZp39J9DDh8x4wnuTpSR5QFJ8CM3jfeLrsc,79
previews/19c097b4-c440-44e9-b6a8-eb97f3b4513a/1638403563/preview.mp4,ipfs://QmP9L9Jr4wZUjsesKa9kvEVBToX3BQiycVHEsxi4TVH6E6,75
previews/094b8bd3-a89b-4127-937f-faef6c6eee96/1638793004/preview.jpg,ipfs://QmfTvtohapC2cftQ1e51XsWKEQ7Q6weckjmi2FzUzTMWTP,72
previews/c4c506d9-a409-471a-bbf9-012bcfb1fa73/1652955933/preview.mp4,ipfs://QmNzwztjT4dbWEohfXjG6HrkiKDbSxKaD4FHnV679KKWnX,69
previews/f00cd40d-0fe5-4805-953f-9a52ff6da2ac/1653696268/preview.mp4,ipfs://QmfUetCqJDrXm6F59Cv9jeFkhMAPpHYQjod4mApq6v89rF,69
previews/e9aab828-96ae-4d16-b155-6bb9fded9f34/1620621299/compressed.mp4,ipfs://QmXa3emxW54PTdjh4b8kqxQZPkhWkz1jQSKqmZPtgPjzmr,68
previews/f8d24d67-7cd9-4465-9665-2c063ae4e073/1653679068/preview.png,ipfs://QmQrao6WME7XGFmtTwgUFXNy5vurWyWDyv8ydEzeqfi2vX,67
previews/bb118c17-1444-4c39-9587-64aa126d6f58/1653352241/preview.jpg,ipfs://QmUMb51fcTx8ir6GakDfJJV3h7xgt4H7Bec2WWdJbreFPS,67
previews/9849f146-aef6-4614-9f8e-6bbf82fba520/1654120458/preview.gif,ipfs://QmPKz9iMoD2gk2fuDcNRUtVGCUPAWbvnsaJcr5cahUR2B1,65
previews/6d1a279d-0ddc-4067-84e4-0e0e96fd36fb/1653572076/preview.mp4,ipfs://QmXXWpXqYUBQ4u78oj2JxmM4zGF5N1XRthNeUXoBebysbx,65
previews/9d72a792-cd60-40b6-a8aa-59bc41a9cacb/1652956835/preview.mp4,ipfs://QmbPJc7qR2s521zffkBm47JL3HhYnFbyxXtkAVB5fxeEXF,64
previews/434b4eab-f8ed-4e75-b80f-5377e08ca430/1654582787/preview.jpg,ipfs://QmZ6xgTBMhnXrbFtoVn6hNnh2XAUZYCfjqeZhJo3eXta7N,63
previews/2ee448fc-b02a-4f74-a8c0-0e4da84f7ab1/1653333598/preview.mp4,ipfs://QmV4WR8MwtHYpRR3NbWmzSQLUv8v2uMEGFip2gaBpdpJWa,60
previews/f5f51874-1c4c-42f8-9433-423fd791d6a8/1653419879/preview.mp4,ipfs://QmPWskRSYtidTfxjg3ndNBjqMxCLShkvKPJQGHi7NNCmvB,57
previews/7b77f5d5-fefc-4a77-a40c-e9e8e5f8f9cb/1679631642/preview.mp4,ipfs://QmV6a8NCQDTq1pMddqgMNg9xutBkp7oa2EJTspi5tH7z6C,47
previews/ce3a3a9a-e894-40a1-b531-95027b1328eb/1639016248/preview.mp4,ipfs://QmefSHPAq5YEt3suS1qPgSHuFaQ8YEBSHzUPUZrR9RQkTW,47
previews/fd2cbf3b-152e-4ed1-b2ae-21f65b2e2d0f/1655634158/preview.mp4,ipfs://Qme6kpHfLLQcY8d6UCsUp3vfJMt9VKTq1jktmT6hJ4Db7c,44
previews/0c3fa80b-712a-4688-b01a-fb904c658b76/1655634363/preview.mp4,ipfs://QmeeY7TX8mMvfBV2WyDahUa8U2gVytjzcrFs5qrXchVD7r,40
previews/31eb3d1f-9bf5-4f87-b1ea-b9a4a98a348b/1638379103/preview.mp4,ipfs://QmeMpzXYK466siSha5AYZjognKxUwqdp5bpLvTxFKWeGDd,38
previews/496bd7c1-d524-44fd-b8d6-9eb03fb9f320/1629962649/preview.mp4,ipfs://QmXCVCA6u9U77s4VbFz6p2uhggbnnenNGbcoEpaa3DzQ17,37
previews/a7d428ec-48e2-492b-a6f1-36d7cadf3da7/1641750802/preview.mp4,ipfs://QmXWDJ5Mksr2viicbPnQXVPzrnfkEoWtemPANY3xvdP5sh,37
previews/79cb077a-355b-4694-a787-f023abf070de/1639451952/preview.mp4,ipfs://QmdkL6eSHKmoJje77X3DT6izp95VNmruAmVsQBoEoSNx5i,37
previews/83c776c3-262e-4f1d-95f9-97f6d2ccb7cd/1632574381/preview.mp4,ipfs://QmQKnY9G55ogLsmVePVt8QYdpsWpj8bMk5GTeCEo54FWXq,36
previews/8718cfaf-3a37-4112-bc66-c3654d2fb302/1632771101/preview.mp4,ipfs://QmPWdPCmAWdath7LMkEDZSjAdTFdZWPJNfA2ZqTXvqztxH,34
previews/4a58d6e4-d014-4ea3-9837-f7892fd48157/1632512625/preview.mp4,ipfs://QmXiMu9fcg89CYZ6FawmDmhCyb7CvumNBVPChwSxSJAZKR,33
previews/6b095c1c-b367-4f4c-b583-6f0ae975e463/1630649915/preview.txt,ipfs://QmW3wi5AJFPcKyuh2csvDxyhsCJj9pwV5sdv6k7bgWoRtX,32
previews/3224d677-f521-415d-86c0-1f2f9c47abef/1632440301/preview.mp4,ipfs://QmNNBWELmuDUdhjVYR3ox98ueRKEn4XL1PnReYkj4sYeik,32
previews/4f3fe912-d226-48b1-8120-56566426d110/1630004919/preview.mp4,ipfs://Qmf1SivPCEN5imvgP9xsMawzjypHhpNh1ox8UCLfdK6hZA,32
previews/063ccfde-866d-4dbd-95ed-5213336cfbca/1632743139/preview.mp4,ipfs://QmZwcpWtf6FvX2KfpDvs8CWhjKmxWRKZgi17pBXGJiKct2,32
previews/6ceb34ad-a8e2-40af-ada7-121a778ec352/1632752834/preview.mp4,ipfs://QmV1VdGurjSr5TyPNaf4dwfzJMCVBaTW3bNnNpcmcHvXKP,31
previews/f27c6217-e4c0-4f82-b8b7-d38c8653b0dd/1632474304/preview.mp4,ipfs://QmUk8xGfMshc1UZnqkMno1PyVzhvhJJo7fNEAYedvBuYsp,31
previews/91a3ea94-f606-40a9-9e39-611bdcb46fdd/1629977054/preview.gif,ipfs://Qma6iHGp1hHLUzzNWVzwyS59WcWpPugv2eGK6gaFe6FLi7,30
previews/746f680d-9a6c-4125-9486-3271bdbe7e6e/1630315151/preview.mp4,ipfs://QmPvDVqWGgNdgjmdv9KHbVzrD9TH4QrtLn9g5cA8K536KE,30
previews/cf435a8a-c4df-4606-9acc-809217ab367b/1630268462/preview.mp4,ipfs://QmZFuTf729ALmdwedpeGxPNiwweTPcHdSKoBNGTKefnuSj,29
previews/d26432cc-df0d-42c3-94db-098332b438b6/1632998045/preview.mp4,ipfs://QmbqHQcaaPq8V3uuBCsLGJzZScogXu9c8ubUJuRCVHfJU4,29
previews/fe63cbf2-7377-4497-919b-853dd22c63e7/1629999287/preview.mp4,ipfs://QmbtDD765aXEVEJinAn5Fiq8X98EfKyWhoYUHE4s98yPHt,29
previews/7ba57167-a13e-4033-b07e-c7094f74410c/1644855236/preview.mp4,ipfs://QmajwaSyYLbzYxbD2Bs8cCHrMWiKXtbDoeXaZLgZDq8Wyd,29
previews/de90a7b8-c71c-4ffd-8f3f-365796469bc0/1641505428/preview.mp4,ipfs://QmfSVdXfBWXRforFZgPgasKYoMBU2n212kPj53MEVmrgCp,27
previews/92a0c691-c281-4a93-ae1f-48d5eacd0ee3/1632824880/preview.gif,ipfs://QmW3g7Eyq9TAJgVvJo7dvdnGtSPdTYzr3r9qjA81EVxC4R,26
previews/06dccbad-8fee-4c3c-934a-7eb45bd0b9d1/1627392674/compressed.mp4,ipfs://QmWedFq75Lop2dbZQxvWS5Xer3nzcm5RnREiH3y1DTc9tW,26
previews/e1b87ae6-d871-4e70-8df1-f9cd7dbd09f9/1632751432/preview.mp4,ipfs://QmUNFvkRbPSaaYkeJrFtm9mQXzZdKQWqM1bQ6NxB8fWSU3,26
previews/25a3d5d3-43a6-495e-bf18-e0583fa11f72/1638568442/preview.mp4,ipfs://Qmcptz9muHKmbDsHWKUvp2UacGjP8mhveZhjVqsgr3hgJK,25
previews/c328998f-27d4-496f-acea-7c971416110e/1651621817/preview.mov,ipfs://QmZhoy65eE25FHsjjgH6g8e5KpcviYvNyC5xxVCHRxHhi3,25
previews/231fa61b-eb94-40d7-9a5c-0d5c7e94f1ed/1627666801/compressed.mp4,ipfs://QmWcjuC3RJqhaR5WVnLcjNnNf9RXqTa6YsaxZbyDvF6AG8,25
previews/5472181b-3d22-436b-88fb-bb3e07fa073d/1627539250/compressed.mp4,ipfs://QmWQ295tctYMX4uDmGZarv86q4vNaehj2eAqhVP2CNg6g5,24
previews/1703b594-d76d-49a5-a6c8-ce04f85550ed/1627323098/compressed.mp4,ipfs://QmQ8t6RxTUJhybstPkER4UcaWp1NFHeHWb4c7BkcGv6EGU,22
previews/50aa02eb-dccf-4003-99a2-69a1f62cb337/1624343623/compressed.mp4,ipfs://QmcSXvRdYC8ktYBXpNtrJV41EoDRCeNFDGxmwY33cYWF3i,22
previews/78850fcd-afca-4757-a9c6-9c847cb3c49d/1627351315/compressed.mp4,ipfs://QmRDTw9rsw6qoZTCu5KLuy7QvnkVpWnJqRzgFyZmXzvbvj,22
previews/c974b77f-3734-4952-9cea-1dcd591cc48d/1624186582/compressed.mp4,ipfs://QmcRdNpGQn5rJPiqvbZFQeyR4x4Spj2BRmxbTjM9DxqfjJ,22
previews/7462201d-7fd6-4ee9-83f6-4e4b35c39de1/1632297823/preview.mp4,ipfs://QmZbmZPA1s8kXEHd8cnbUBfytxuwHGLgRxYNhUjAVv2xix,21
previews/685f39aa-f9ca-4bfd-84af-d69ad3f8b2c3/1624118288/compressed.png,ipfs://QmS8nqhXE5Xhi92ZT5mEn2Asab7Nvzy6Nid4E4ZKk7a9ss,20
previews/ca471793-baf8-43db-bf1a-b811f4608297/1624296713/compressed.mp4,ipfs://QmUVAzasJXNs5WUVxZNRmdhz8xt6xyhux65UKkfsJ4KuK5,20
previews/ce7c5624-af01-4a1d-ad77-eee51cb54327/1624200329/compressed.mp4,ipfs://QmYT2Eo3zqiCcAYckTAHrWfTKdR3pZNMKAnw8i4mpWaRqX,19
previews/c40d0e81-c8dd-44a3-9fc8-2caa36101516/1624041254/compressed.mp4,ipfs://QmTPe7MVVZgupBMqfFH9Bck1ZwrAjq9Q6qaiKucxn9etg2,18
previews/b3dacae7-dcc3-40e1-9dd4-9e2047398c01/1624255151/compressed.mp4,ipfs://Qmbep8GrZDxKoCxRP8pdpV7TrM4cg9ph1BZcvBa5TKZsA5,18
previews/725023bf-1604-4f3b-8e57-100500682b29/1654766580/preview.mp4,ipfs://QmZVFaXpDwvndeomD6spNWRw9JMi74zfcANsVUJqsu3Uoe,18
previews/48f6b892-d3aa-4eae-87db-040e195e00a5/1624340822/compressed.mp4,ipfs://Qmcv99USTJRYiG6sDYRioq8HK7oZHoDneAADyKxgJ4aLcd,18
previews/6053b698-2016-4c05-9353-6941635c1609/1624467464/compressed.mp4,ipfs://QmZm6y9uS9AWvt2VmkE1KzgykCUV5CjD4Z97t6hB6GhiXc,16
previews/6a0781b7-93ff-4cef-9a92-6e197990be57/1637046365/preview.jpg,ipfs://QmcPiuicCm8jrwrXDP4SL8cEXcDiDPg3xRHAYbDBCbVY3U,14
previews/f548cb77-a829-42ea-b097-3b54603a0d8f/1631287550/preview.gif,ipfs://QmWzdgHKy6zR5gapCj7wc89BqN7Kqu8rtPAhguN5hGK95r,14
previews/31bc21a0-c834-49a3-866f-d4839cbe14df/1637046340/preview.jpg,ipfs://QmRqC28zHV8k3WiRyA9VBvRSM5neCyPytPVHfK2p5ARmFy,12
previews/d137c01a-2c3b-427e-8de4-a7e5677aaeda/1641575908/preview.jpg,ipfs://Qmcewx1c9eEzi2kr7cC52o9LD4xbHj3sZ3FCoX9kkmtLVm,12
previews/29cd44b3-2ed9-4d8b-beb5-073d248a1a00/1637046398/preview.jpg,ipfs://QmNh49y1CrBS22p3jtv3emrcSqmBSX8UqSW2c1bqsaPkLy,11
previews/c35a9579-e93c-4c57-9b02-7a923d8fd66a/1641965916/preview.jpg,ipfs://QmYdawa4m2j2LrDvnZKMcnAFcAPBLaykgX2jeGuqvShGH1,11
previews/af4fe2af-67bb-4440-9885-621d5c3bf965/1631287161/preview.gif,ipfs://QmXRuSBZgmL3vQnCkHWSGEd3ccdYPz1quv5VERz1DjKWnB,11
previews/821dd86a-8764-441f-af58-95c857a7c4d3/1637046150/preview.jpg,ipfs://QmSGS5m3tNu1FBK4w7PehnfGkcKmNYRoAg3iLAwz7yiv9x,10
previews/412f980a-0fbc-4458-983a-85a1d81b6371/1641576053/preview.jpg,ipfs://QmamVMwcxkTXqA68LFBadSW1MjET7Dnpb7iEB7Qt3T68Kx,10
previews/c3b2c10b-91c6-4e2f-83bc-fcb5068e98be/1637046206/preview.jpg,ipfs://QmdmL6Axtg4HGpRinkzYWKXW3QMFiuHZnrkeGmh7WoaZ8D,9
previews/d35cdb38-917f-42f3-9914-e276dc5f0ded/1637045388/preview.jpg,ipfs://QmPWHe6vEYDcJWYSGZCy6wwpMf3Wi61uWgFE2oSuy5s5KP,9
previews/61c2c2b6-4f2c-4e1b-9e45-23faf3e76594/1637046237/preview.jpg,ipfs://QmasTEjPyFjAf2M3pQjRxxHKikrbqC2RFp4TSj9n2zqYWG,8
previews/c4c9bfde-13bc-4cf5-bc4d-817280673ec3/1637046282/preview.jpg,ipfs://QmcW5usKfrEDfRED5piU5piQZHt3Zps3LfJbvvEXC13fjd,8
previews/e362fa91-c218-45df-8167-d7e7c3440052/1637046314/preview.jpg,ipfs://QmPSdtH3rDAaFhf38K19kTfCktwcNK9SxcALgvQEZ1WwL7,8
previews/8d97e575-0837-4092-bca1-10d58195e414/1641297333/preview.png,ipfs://QmWHAPL18MP5i6wwwHyeBPgK1rZmG3a4DJQuRnpgEm3gsK,8
previews/de81b4e2-0ece-4969-bb0f-2adb62cb2d4e/1641984679/preview.png,ipfs://QmNfD8PVVopcv1RdssrAqR9qre1MFy4z6vP9nnB4VN65R8,7
previews/e6041b92-79ff-4ebe-a9b1-b9e7b089046d/1641843555/preview.jpg,ipfs://QmaGyCbqZ3Ju7vZJwVXbK1pvbNufhvGHqoEZjB1WmeXXPs,7
previews/c6b9fe72-76f2-4c2e-93b5-5251a5b222f6/1641572535/preview.mp4,ipfs://QmcycfPUsnWJUEGeTVDwKG4e9NZyz8f6MtNca7EUKSAYuT,5
previews/0698273e-13fc-43e9-910e-0f6d81827a01/1641571880/preview.mp4,ipfs://QmfKmWmrPM1utqRuWobE2SgUCAz6sYDaDAnecDmrovLDCB,5
previews/9ddfcfcf-2e67-480d-9d3f-feb885acbafb/1725624348/index.html,ipfs://QmWStpst6kXVgN7wYbcszTdf3mtzCjjXAnwQFgvKpredZN,2
previews/78e56727-5b72-4f98-bbef-67ed004a635d/1725624560/index.html,ipfs://QmPpjRDn7Anhv9729CqwxhNSh7uhWXD1knfXs8mdK8uMjP,2
previews/7764ae91-0392-48fb-b68c-796d701bed08/1620416013/?edition_number=197&blockchain=bitmark,ipfs://QmZEJd4b4bFmDDvGaKma1hHXPkkRe2V8wYFYab7Tmw4Lpr?edition_number=197&blockchain=bitmark,1
previews/7764ae91-0392-48fb-b68c-796d701bed08/1620416013/?edition_number=171&blockchain=bitmark,ipfs://QmZEJd4b4bFmDDvGaKma1hHXPkkRe2V8wYFYab7Tmw4Lpr?edition_number=171&blockchain=bitmark,1
previews/25a0daeb-ec6d-4bfd-8a24-11c44beb5629/1634763514/?edition_number=21&blockchain=bitmark,ipfs://QmbcmMmfVjg2vC35zQM2ktBQqbEk9kqsXzpdKviQ9uesKz?edition_number=21&blockchain=bitmark,1
previews/2d1f1330-d66a-4e9e-afd6-c17e5e55f2c4/1627893099/?edition_number=13&blockchain=bitmark,ipfs://QmRkSgNjaMqSzJgkxHrrYcPVX4Ko2DhLTUecjfYQjufPT7?edition_number=13&blockchain=bitmark,1
previews/1b205395-6654-4174-b170-45c82866270b/1624043512/?edition_number=7&blockchain=bitmark,ipfs://QmV1vFUSGxd2ACfeyRR8CjBCxeFVH5JcfX9sAnfEpxadRu?edition_number=7&blockchain=bitmark,1
previews/a566dd50-6194-4e88-8aec-59cebbc1ed55/1639419587/?edition_number=106&blockchain=bitmark,ipfs://QmUYrfKmCUmmYtkeAwhbai2WAGNSnhijo5KFXqYNJqFsbb?edition_number=106&blockchain=bitmark,1
previews/adc4221c-4f00-4193-ac82-c4d9b1a0b681/1620671843/?edition_number=152&blockchain=bitmark,ipfs://QmNPgas4vq9gkcQr6YFJ6dK3C2yhR8gwGJW7Hi9BUBJCwU?edition_number=152&blockchain=bitmark,1
previews/398716ae-a05b-43bb-adb8-48e56114af6a/1634712504/?edition_number=20&blockchain=bitmark,ipfs://QmdD6DadG5GLqauBdhCwsbRRyxQA8zfUN8EMQwsnQdShRC?edition_number=20&blockchain=bitmark,1
previews/51a53d4e-c60f-4582-8edc-c9998ed40a24/1629968561/?edition_number=75&blockchain=bitmark,ipfs://QmS4SmjsYC6tTnt4X3WMBQ1ggsnFFutgctXSgMyamRnrPX?edition_number=75&blockchain=bitmark,1
previews/7764ae91-0392-48fb-b68c-796d701bed08/1620416013/?edition_number=188&blockchain=bitmark,ipfs://QmZEJd4b4bFmDDvGaKma1hHXPkkRe2V8wYFYab7Tmw4Lpr?edition_number=188&blockchain=bitmark,1
previews/28cad12d-50f2-4d82-a77d-1284cf934b8c/1615815656/?edition_number=39&blockchain=bitmark,ipfs://QmYia6LpBUpSkPioL5r14CqiFLZZJDf2MM9wo1es9Xn9k2?edition_number=39&blockchain=bitmark,1
previews/6bcc9b62-0ca3-4fdc-8232-0a3f2d4adf13/1620666173/?edition_number=131&blockchain=bitmark,ipfs://QmbTnbbntuoXF87t1FQw92PqBj7xfYY4hKALAV3YDwH1Ey?edition_number=131&blockchain=bitmark,1
previews/5af4af6f-1e6b-4e45-95db-7b4de60fe0ca/1615757683/?edition_number=54&blockchain=bitmark,ipfs://QmXNTPUHPTyvoodpRj93wRr1okzJEqzjQuK1yyKpqubMZY?edition_number=54&blockchain=bitmark,1
previews/6e0b8c01-5b11-4ceb-b40a-c1d8efa4a66a/1629980523/?edition_number=14&blockchain=bitmark,ipfs://QmZQSD91yVPYSPQefhrnFLZFRtdntERGgXaXfgAqioQnpQ?edition_number=14&blockchain=bitmark,1
previews/3a9f6d14-d53d-4d5c-b55a-f0e5793d5d0e/1620350770/?edition_number=30&blockchain=bitmark,ipfs://Qma6yMjwzXasZcvR6ojk5KbW2eG7dZV9LmsJ3bMEnNJiqt?edition_number=30&blockchain=bitmark,1
previews/f503f9fe-276c-4519-92b7-8a2239cfa489/1638359231/?edition_number=104&blockchain=bitmark,ipfs://QmcY75WevXSAKBDENuiHv5ZVm9TjGzy1Nya31bTet99aQK?edition_number=104&blockchain=bitmark,1
previews/07c766f0-edc4-45fd-be50-83f89228b08c/1615370392/?edition_number=38&blockchain=bitmark,ipfs://QmSCPSiToTUWq2K7JsupsyPVPskSDTPfVAsMUVJcHhqgKh?edition_number=38&blockchain=bitmark,1
previews/7764ae91-0392-48fb-b68c-796d701bed08/1620416013/?edition_number=127&blockchain=bitmark,ipfs://QmZEJd4b4bFmDDvGaKma1hHXPkkRe2V8wYFYab7Tmw4Lpr?edition_number=127&blockchain=bitmark,1
previews/93544620-dff8-4ae5-8194-3f527e8cc91e/1634763453/?edition_number=80&blockchain=bitmark,ipfs://QmNnXVL5JXjMrFp3AnaYUcdiexeXzvSJ8UNRLFi9gSAwam?edition_number=80&blockchain=bitmark,1
previews/f2db8c40-a2fb-4a93-be03-75ce3b3133f3/1630436182/?edition_number=46&blockchain=bitmark,ipfs://QmWBrUtQ8ujbYciEhKwgaaSAzv82aGVtQdq1nmNRXWKFQd?edition_number=46&blockchain=bitmark,1
previews/6e0b8c01-5b11-4ceb-b40a-c1d8efa4a66a/1629980523/?edition_number=63&blockchain=bitmark,ipfs://QmZQSD91yVPYSPQefhrnFLZFRtdntERGgXaXfgAqioQnpQ?edition_number=63&blockchain=bitmark,1
previews/6bcc9b62-0ca3-4fdc-8232-0a3f2d4adf13/1620666173/?edition_number=175&blockchain=bitmark,ipfs://QmbTnbbntuoXF87t1FQw92PqBj7xfYY4hKALAV3YDwH1Ey?edition_number=175&blockchain=bitmark,1
previews/7764ae91-0392-48fb-b68c-796d701bed08/1620416013/?edition_number=87&blockchain=bitmark,ipfs://QmZEJd4b4bFmDDvGaKma1hHXPkkRe2V8wYFYab7Tmw4Lpr?edition_number=87&blockchain=bitmark,1
previews/dc8dddb8-7b4e-4d60-80da-071b92444514/1634763492/?edition_number=16&blockchain=bitmark,ipfs://QmXu8fj8fkUCLWL2L5kWu2Mg2oYFzNGZHJttZt2B2kndeg?edition_number=16&blockchain=bitmark,1
previews/25a0daeb-ec6d-4bfd-8a24-11c44beb5629/1634763514/?edition_number=71&blockchain=bitmark,ipfs://QmbcmMmfVjg2vC35zQM2ktBQqbEk9kqsXzpdKviQ9uesKz?edition_number=71&blockchain=bitmark,1
previews/faa504eb-868c-4134-a7b2-eef051b9abbc/1620642833/?edition_number=167&blockchain=bitmark,ipfs://QmP3apeo3Krrw3aEobPpffs3p5haR7ZnEvcePfSDfcpBS8?edition_number=167&blockchain=bitmark,1
previews/7764ae91-0392-48fb-b68c-796d701bed08/1620416013/?edition_number=59&blockchain=bitmark,ipfs://QmZEJd4b4bFmDDvGaKma1hHXPkkRe2V8wYFYab7Tmw4Lpr?edition_number=59&blockchain=bitmark,1
previews/dc8dddb8-7b4e-4d60-80da-071b92444514/1634763492/?edition_number=54&blockchain=bitmark,ipfs://QmXu8fj8fkUCLWL2L5kWu2Mg2oYFzNGZHJttZt2B2kndeg?edition_number=54&blockchain=bitmark,1
previews/31a680b4-c00a-4eac-8729-cba633c91c54/1638740490/?edition_number=64&blockchain=bitmark,ipfs://QmY3LP9vyD9xTupVYExXDYUg3xkpGBKHDj9r7S3aNYtJsm?edition_number=64&blockchain=bitmark,1
previews/7764ae91-0392-48fb-b68c-796d701bed08/1620416013/?edition_number=176&blockchain=bitmark,ipfs://QmZEJd4b4bFmDDvGaKma1hHXPkkRe2V8wYFYab7Tmw4Lpr?edition_number=176&blockchain=bitmark,1
previews/adc4221c-4f00-4193-ac82-c4d9b1a0b681/1620671843/?edition_number=195&blockchain=bitmark,ipfs://QmNPgas4vq9gkcQr6YFJ6dK3C2yhR8gwGJW7Hi9BUBJCwU?edition_number=195&blockchain=bitmark,1
previews/6bcc9b62-0ca3-4fdc-8232-0a3f2d4adf13/1620666173/?edition_number=113&blockchain=bitmark,ipfs://QmbTnbbntuoXF87t1FQw92PqBj7xfYY4hKALAV3YDwH1Ey?edition_number=113&blockchain=bitmark,1
previews/21a5bd39-64d0-490b-b578-6c6ecd317b7a/1634757768/?edition_number=47&blockchain=bitmark,ipfs://Qmc5b84zNCKGhwJ1GbBNujue4xNm1Wjc4NywXCHjkALJPe?edition_number=47&blockchain=bitmark,1
previews/522055e6-e5d8-41b5-8cad-9823c9666e2a/1654421582/?edition_number=41&blockchain=bitmark,ipfs://QmSc65zdutiNEooeriju5z267FuX21Fqw5f1sNt2eaQbMG?edition_number=41&blockchain=bitmark,1
previews/2a57c29f-fa5b-440d-8dee-2d58cdb9238c/1620669376/?edition_number=183&blockchain=bitmark,ipfs://QmNZPZifuVpanuoy6WS1nyumb5agihkkdnLZtFhaUmwwFK?edition_number=183&blockchain=bitmark,1
previews/398716ae-a05b-43bb-adb8-48e56114af6a/1634712504/?edition_number=3&blockchain=bitmark,ipfs://QmdD6DadG5GLqauBdhCwsbRRyxQA8zfUN8EMQwsnQdShRC?edition_number=3&blockchain=bitmark,1
previews/522055e6-e5d8-41b5-8cad-9823c9666e2a/1654421582/?edition_number=46&blockchain=bitmark,ipfs://QmSc65zdutiNEooeriju5z267FuX21Fqw5f1sNt2eaQbMG?edition_number=46&blockchain=bitmark,1
previews/faa504eb-868c-4134-a7b2-eef051b9abbc/1620642833/?edition_number=189&blockchain=bitmark,ipfs://QmP3apeo3Krrw3aEobPpffs3p5haR7ZnEvcePfSDfcpBS8?edition_number=189&blockchain=bitmark,1
previews/a566dd50-6194-4e88-8aec-59cebbc1ed55/1639419587/?edition_number=111&blockchain=bitmark,ipfs://QmUYrfKmCUmmYtkeAwhbai2WAGNSnhijo5KFXqYNJqFsbb?edition_number=111&blockchain=bitmark,1
previews/faa504eb-868c-4134-a7b2-eef051b9abbc/1620642833/?edition_number=162&blockchain=bitmark,ipfs://QmP3apeo3Krrw3aEobPpffs3p5haR7ZnEvcePfSDfcpBS8?edition_number=162&blockchain=bitmark,1
previews/33e55482-5dac-40b8-972e-750c374d69bb/1615652677/?edition_number=47&blockchain=bitmark,ipfs://QmXcWqxUjoJWwoSqo4iqF1spNHd9zMKneT41gCTAXCrEGi?edition_number=47&blockchain=bitmark,1
previews/21a5bd39-64d0-490b-b578-6c6ecd317b7a/1634757768/?edition_number=20&blockchain=bitmark,ipfs://Qmc5b84zNCKGhwJ1GbBNujue4xNm1Wjc4NywXCHjkALJPe?edition_number=20&blockchain=bitmark,1
previews/3a9f6d14-d53d-4d5c-b55a-f0e5793d5d0e/1620350770/?edition_number=58&blockchain=bitmark,ipfs://Qma6yMjwzXasZcvR6ojk5KbW2eG7dZV9LmsJ3bMEnNJiqt?edition_number=58&blockchain=bitmark,1
previews/7764ae91-0392-48fb-b68c-796d701bed08/1620416013/?edition_number=118&blockchain=bitmark,ipfs://QmZEJd4b4bFmDDvGaKma1hHXPkkRe2V8wYFYab7Tmw4Lpr?edition_number=118&blockchain=bitmark,1
previews/31a680b4-c00a-4eac-8729-cba633c91c54/1638740490/?edition_number=59&blockchain=bitmark,ipfs://QmY3LP9vyD9xTupVYExXDYUg3xkpGBKHDj9r7S3aNYtJsm?edition_number=59&blockchain=bitmark,1
previews/dc8dddb8-7b4e-4d60-80da-071b92444514/1634763492/?edition_number=64&blockchain=bitmark,ipfs://QmXu8fj8fkUCLWL2L5kWu2Mg2oYFzNGZHJttZt2B2kndeg?edition_number=64&blockchain=bitmark,1
previews/6bcc9b62-0ca3-4fdc-8232-0a3f2d4adf13/1620666173/?edition_number=41&blockchain=bitmark,ipfs://QmbTnbbntuoXF87t1FQw92PqBj7xfYY4hKALAV3YDwH1Ey?edition_number=41&blockchain=bitmark,1
previews/faa504eb-868c-4134-a7b2-eef051b9abbc/1620642833/?edition_number=80&blockchain=bitmark,ipfs://QmP3apeo3Krrw3aEobPpffs3p5haR7ZnEvcePfSDfcpBS8?edition_number=80&blockchain=bitmark,1
previews/28cad12d-50f2-4d82-a77d-1284cf934b8c/1615815656/?edition_number=74&blockchain=bitmark,ipfs://QmYia6LpBUpSkPioL5r14CqiFLZZJDf2MM9wo1es9Xn9k2?edition_number=74&blockchain=bitmark,1
previews/ec014e95-c9de-4d2e-b464-d95c3f7ae19c/1634763465/?edition_number=5&blockchain=bitmark,ipfs://QmSKF73LGPvLCYkhkp6z5rg1CmjpRjGeaKZ9k26XNqdR7C?edition_number=5&blockchain=bitmark,1
previews/6bcc9b62-0ca3-4fdc-8232-0a3f2d4adf13/1620666173/?edition_number=191&blockchain=bitmark,ipfs://QmbTnbbntuoXF87t1FQw92PqBj7xfYY4hKALAV3YDwH1Ey?edition_number=191&blockchain=bitmark,1
previews/f2db8c40-a2fb-4a93-be03-75ce3b3133f3/1630436182/?edition_number=3&blockchain=bitmark,ipfs://QmWBrUtQ8ujbYciEhKwgaaSAzv82aGVtQdq1nmNRXWKFQd?edition_number=3&blockchain=bitmark,1
previews/2d1f1330-d66a-4e9e-afd6-c17e5e55f2c4/1627893099/?edition_number=6&blockchain=bitmark,ipfs://QmRkSgNjaMqSzJgkxHrrYcPVX4Ko2DhLTUecjfYQjufPT7?edition_number=6&blockchain=bitmark,1
previews/adc4221c-4f00-4193-ac82-c4d9b1a0b681/1620671843/?edition_number=196&blockchain=bitmark,ipfs://QmNPgas4vq9gkcQr6YFJ6dK3C2yhR8gwGJW7Hi9BUBJCwU?edition_number=196&blockchain=bitmark,1
previews/2a727b17-7890-4464-913d-3fe5ad2af4ae/1615474528/?edition_number=55&blockchain=bitmark,ipfs://QmQUH4XtLsZzpQ2VUJ1hhRQaRKVN8acJpmY7W6RitceThE?edition_number=55&blockchain=bitmark,1
previews/2a57c29f-fa5b-440d-8dee-2d58cdb9238c/1620669376/?edition_number=135&blockchain=bitmark,ipfs://QmNZPZifuVpanuoy6WS1nyumb5agihkkdnLZtFhaUmwwFK?edition_number=135&blockchain=bitmark,1
previews/93544620-dff8-4ae5-8194-3f527e8cc91e/1634763453/?edition_number=61&blockchain=bitmark,ipfs://QmNnXVL5JXjMrFp3AnaYUcdiexeXzvSJ8UNRLFi9gSAwam?edition_number=61&blockchain=bitmark,1
previews/2a57c29f-fa5b-440d-8dee-2d58cdb9238c/1620669376/?edition_number=99&blockchain=bitmark,ipfs://QmNZPZifuVpanuoy6WS1nyumb5agihkkdnLZtFhaUmwwFK?edition_number=99&blockchain=bitmark,1
previews/6bcc9b62-0ca3-4fdc-8232-0a3f2d4adf13/1620666173/?edition_number=62&blockchain=bitmark,ipfs://QmbTnbbntuoXF87t1FQw92PqBj7xfYY4hKALAV3YDwH1Ey?edition_number=62&blockchain=bitmark,1
previews/7764ae91-0392-48fb-b68c-796d701bed08/1620416013/?edition_number=144&blockchain=bitmark,ipfs://QmZEJd4b4bFmDDvGaKma1hHXPkkRe2V8wYFYab7Tmw4Lpr?edition_number=144&blockchain=bitmark,1
previews/3a9f6d14-d53d-4d5c-b55a-f0e5793d5d0e/1620350770/?edition_number=149&blockchain=bitmark,ipfs://Qma6yMjwzXasZcvR6ojk5KbW2eG7dZV9LmsJ3bMEnNJiqt?edition_number=149&blockchain=bitmark,1
previews/05c97416-7379-4d26-a61d-61277b939d3f/1725624172/index.html,ipfs://QmVAoqr2VS35DsNk2qqks84zTr9BggPmfX1hDp7haHFNgD,1
previews/3a9f6d14-d53d-4d5c-b55a-f0e5793d5d0e/1620350770/?edition_number=161&blockchain=bitmark,ipfs://Qma6yMjwzXasZcvR6ojk5KbW2eG7dZV9LmsJ3bMEnNJiqt?edition_number=161&blockchain=bitmark,1
previews/ec014e95-c9de-4d2e-b464-d95c3f7ae19c/1634763465/?edition_number=73&blockchain=bitmark,ipfs://QmSKF73LGPvLCYkhkp6z5rg1CmjpRjGeaKZ9k26XNqdR7C?edition_number=73&blockchain=bitmark,1
previews/43c29566-9fad-42ce-aab9-1c4947164d94/1615728457/?edition_number=57&blockchain=bitmark,ipfs://QmXGTYqi6SLV2wA1Wf1gpo5yMRbwKKqdo9XvxsdPYjnbPx?edition_number=57&blockchain=bitmark,1
previews/2a57c29f-fa5b-440d-8dee-2d58cdb9238c/1620669376/?edition_number=106&blockchain=bitmark,ipfs://QmNZPZifuVpanuoy6WS1nyumb5agihkkdnLZtFhaUmwwFK?edition_number=106&blockchain=bitmark,1
previews/21a5bd39-64d0-490b-b578-6c6ecd317b7a/1634757768/?edition_number=54&blockchain=bitmark,ipfs://Qmc5b84zNCKGhwJ1GbBNujue4xNm1Wjc4NywXCHjkALJPe?edition_number=54&blockchain=bitmark,1
previews/adc4221c-4f00-4193-ac82-c4d9b1a0b681/1620671843/?edition_number=162&blockchain=bitmark,ipfs://QmNPgas4vq9gkcQr6YFJ6dK3C2yhR8gwGJW7Hi9BUBJCwU?edition_number=162&blockchain=bitmark,1
previews/21a5bd39-64d0-490b-b578-6c6ecd317b7a/1634757768/?edition_number=19&blockchain=bitmark,ipfs://Qmc5b84zNCKGhwJ1GbBNujue4xNm1Wjc4NywXCHjkALJPe?edition_number=19&blockchain=bitmark,1
previews/522055e6-e5d8-41b5-8cad-9823c9666e2a/1654421582/?edition_number=44&blockchain=bitmark,ipfs://QmSc65zdutiNEooeriju5z267FuX21Fqw5f1sNt2eaQbMG?edition_number=44&blockchain=bitmark,1
previews/a1b6689f-5236-471a-97a6-70ea0879dd42/1630583755/?edition_number=28&blockchain=bitmark,ipfs://QmQW2wFuM8VAeYZ1vbnHKfPq893MmKgcGmZKbuPjQhMnnh?edition_number=28&blockchain=bitmark,1
previews/4f6816b5-3d84-4715-b025-c8a837030b49/1631260821/?edition_number=15&blockchain=bitmark,ipfs://QmbboyD1nB3yJB28r5WB8MzX12d3L5jkVv7BiP2SkpHQ3b?edition_number=15&blockchain=bitmark,1
previews/faa504eb-868c-4134-a7b2-eef051b9abbc/1620642833/?edition_number=126&blockchain=bitmark,ipfs://QmP3apeo3Krrw3aEobPpffs3p5haR7ZnEvcePfSDfcpBS8?edition_number=126&blockchain=bitmark,1
previews/2a57c29f-fa5b-440d-8dee-2d58cdb9238c/1620669376/?edition_number=67&blockchain=bitmark,ipfs://QmNZPZifuVpanuoy6WS1nyumb5agihkkdnLZtFhaUmwwFK?edition_number=67&blockchain=bitmark,1
previews/28cad12d-50f2-4d82-a77d-1284cf934b8c/1615815656/?edition_number=6&blockchain=bitmark,ipfs://QmYia6LpBUpSkPioL5r14CqiFLZZJDf2MM9wo1es9Xn9k2?edition_number=6&blockchain=bitmark,1
previews/522055e6-e5d8-41b5-8cad-9823c9666e2a/1654421582/?edition_number=50&blockchain=bitmark,ipfs://QmSc65zdutiNEooeriju5z267FuX21Fqw5f1sNt2eaQbMG?edition_number=50&blockchain=bitmark,1
previews/18125d2a-d424-496f-9949-9c3e625f114e/1632387574/?edition_number=9&blockchain=bitmark,ipfs://QmPJYnZk1nSF7q6sfxecWg1gFnfMddpp4nCdMhdcABdqve?edition_number=9&blockchain=bitmark,1
previews/6e0b8c01-5b11-4ceb-b40a-c1d8efa4a66a/1629980523/?edition_number=7&blockchain=bitmark,ipfs://QmZQSD91yVPYSPQefhrnFLZFRtdntERGgXaXfgAqioQnpQ?edition_number=7&blockchain=bitmark,1
previews/7764ae91-0392-48fb-b68c-796d701bed08/1620416013/?edition_number=74&blockchain=bitmark,ipfs://QmZEJd4b4bFmDDvGaKma1hHXPkkRe2V8wYFYab7Tmw4Lpr?edition_number=74&blockchain=bitmark,1
previews/6bcc9b62-0ca3-4fdc-8232-0a3f2d4adf13/1620666173/?edition_number=117&blockchain=bitmark,ipfs://QmbTnbbntuoXF87t1FQw92PqBj7xfYY4hKALAV3YDwH1Ey?edition_number=117&blockchain=bitmark,1
previews/93544620-dff8-4ae5-8194-3f527e8cc91e/1634763453/?edition_number=64&blockchain=bitmark,ipfs://QmNnXVL5JXjMrFp3AnaYUcdiexeXzvSJ8UNRLFi9gSAwam?edition_number=64&blockchain=bitmark,1
previews/2a57c29f-fa5b-440d-8dee-2d58cdb9238c/1620669376/?edition_number=181&blockchain=bitmark,ipfs://QmNZPZifuVpanuoy6WS1nyumb5agihkkdnLZtFhaUmwwFK?edition_number=181&blockchain=bitmark,1
previews/ec014e95-c9de-4d2e-b464-d95c3f7ae19c/1634763465/?edition_number=16&blockchain=bitmark,ipfs://QmSKF73LGPvLCYkhkp6z5rg1CmjpRjGeaKZ9k26XNqdR7C?edition_number=16&blockchain=bitmark,1
previews/6bcc9b62-0ca3-4fdc-8232-0a3f2d4adf13/1620666173/?edition_number=196&blockchain=bitmark,ipfs://QmbTnbbntuoXF87t1FQw92PqBj7xfYY4hKALAV3YDwH1Ey?edition_number=196&blockchain=bitmark,1
previews/6bcc9b62-0ca3-4fdc-8232-0a3f2d4adf13/1620666173/?edition_number=154&blockchain=bitmark,ipfs://QmbTnbbntuoXF87t1FQw92PqBj7xfYY4hKALAV3YDwH1Ey?edition_number=154&blockchain=bitmark,1
previews/5eb92ed1-7e81-4b2f-a24c-8e2a67c085e8/1653025637/?edition_number=5&blockchain=bitmark,ipfs://QmSbpWiqdy15icVcfTeNRh5Wegwrz6acPaYbLTFcjCuqn6?edition_number=5&blockchain=bitmark,1
previews/faa504eb-868c-4134-a7b2-eef051b9abbc/1620642833/?edition_number=91&blockchain=bitmark,ipfs://QmP3apeo3Krrw3aEobPpffs3p5haR7ZnEvcePfSDfcpBS8?edition_number=91&blockchain=bitmark,1
previews/a566dd50-6194-4e88-8aec-59cebbc1ed55/1639419587/?edition_number=102&blockchain=bitmark,ipfs://QmUYrfKmCUmmYtkeAwhbai2WAGNSnhijo5KFXqYNJqFsbb?edition_number=102&blockchain=bitmark,1
previews/43c29566-9fad-42ce-aab9-1c4947164d94/1615728457/?edition_number=4&blockchain=bitmark,ipfs://QmXGTYqi6SLV2wA1Wf1gpo5yMRbwKKqdo9XvxsdPYjnbPx?edition_number=4&blockchain=bitmark,1
previews/adc4221c-4f00-4193-ac82-c4d9b1a0b681/1620671843/?edition_number=18&blockchain=bitmark,ipfs://QmNPgas4vq9gkcQr6YFJ6dK3C2yhR8gwGJW7Hi9BUBJCwU?edition_number=18&blockchain=bitmark,1
previews/e885a572-1acc-4b0c-9c63-c3f8e49bd302/1634763439/?edition_number=12&blockchain=bitmark,ipfs://QmccKUyRv4yvLedsf7JL4nho4X2oU3PUcn6SiXmJKDZDJ9?edition_number=12&blockchain=bitmark,1
previews/33e55482-5dac-40b8-972e-750c374d69bb/1615652677/?edition_number=7&blockchain=bitmark,ipfs://QmXcWqxUjoJWwoSqo4iqF1spNHd9zMKneT41gCTAXCrEGi?edition_number=7&blockchain=bitmark,1
previews/6bcc9b62-0ca3-4fdc-8232-0a3f2d4adf13/1620666173/?edition_number=45&blockchain=bitmark,ipfs://QmbTnbbntuoXF87t1FQw92PqBj7xfYY4hKALAV3YDwH1Ey?edition_number=45&blockchain=bitmark,1
previews/193dc737-9fe3-4f98-8714-c484cb4ce3e8/1725624129/index.html,ipfs://QmRqgQevsfmnUwq4XD5uRSLM2U9HYgKERvXaa1fc4TNH4L,1
previews/00f8e853-e20e-49bb-9f2f-8190507b8066/1615449076/?edition_number=70&blockchain=bitmark,ipfs://QmcLtLzmEpbwgQDW2rVJ1d9hwjFs3vHLTR1v1WCCvknDNS?edition_number=70&blockchain=bitmark,1
previews/7764ae91-0392-48fb-b68c-796d701bed08/1620416013/?edition_number=93&blockchain=bitmark,ipfs://QmZEJd4b4bFmDDvGaKma1hHXPkkRe2V8wYFYab7Tmw4Lpr?edition_number=93&blockchain=bitmark,1
previews/3a9f6d14-d53d-4d5c-b55a-f0e5793d5d0e/1620350770/?edition_number=164&blockchain=bitmark,ipfs://Qma6yMjwzXasZcvR6ojk5KbW2eG7dZV9LmsJ3bMEnNJiqt?edition_number=164&blockchain=bitmark,1
previews/398716ae-a05b-43bb-adb8-48e56114af6a/1634712504/?edition_number=46&blockchain=bitmark,ipfs://QmdD6DadG5GLqauBdhCwsbRRyxQA8zfUN8EMQwsnQdShRC?edition_number=46&blockchain=bitmark,1
previews/2a57c29f-fa5b-440d-8dee-2d58cdb9238c/1620669376/?edition_number=77&blockchain=bitmark,ipfs://QmNZPZifuVpanuoy6WS1nyumb5agihkkdnLZtFhaUmwwFK?edition_number=77&blockchain=bitmark,1
previews/398716ae-a05b-43bb-adb8-48e56114af6a/1634712504/?edition_number=30&blockchain=bitmark,ipfs://QmdD6DadG5GLqauBdhCwsbRRyxQA8zfUN8EMQwsnQdShRC?edition_number=30&blockchain=bitmark,1
previews/f503f9fe-276c-4519-92b7-8a2239cfa489/1638359231/?edition_number=80&blockchain=bitmark,ipfs://QmcY75WevXSAKBDENuiHv5ZVm9TjGzy1Nya31bTet99aQK?edition_number=80&blockchain=bitmark,1
previews/adc4221c-4f00-4193-ac82-c4d9b1a0b681/1620671843/?edition_number=117&blockchain=bitmark,ipfs://QmNPgas4vq9gkcQr6YFJ6dK3C2yhR8gwGJW7Hi9BUBJCwU?edition_number=117&blockchain=bitmark,1
previews/3a9f6d14-d53d-4d5c-b55a-f0e5793d5d0e/1620350770/?edition_number=188&blockchain=bitmark,ipfs://Qma6yMjwzXasZcvR6ojk5KbW2eG7dZV9LmsJ3bMEnNJiqt?edition_number=188&blockchain=bitmark,1
previews/93544620-dff8-4ae5-8194-3f527e8cc91e/1634763453/?edition_number=77&blockchain=bitmark,ipfs://QmNnXVL5JXjMrFp3AnaYUcdiexeXzvSJ8UNRLFi9gSAwam?edition_number=77&blockchain=bitmark,1
previews/3e8f638a-c7e2-403a-98d8-c185411825bd/1634763505/?edition_number=27&blockchain=bitmark,ipfs://QmS5n4zNripBYwpoakvMmEN56mpf2iA4onXK7e7Ct8hBRo?edition_number=27&blockchain=bitmark,1
previews/25a0daeb-ec6d-4bfd-8a24-11c44beb5629/1634763514/?edition_number=20&blockchain=bitmark,ipfs://QmbcmMmfVjg2vC35zQM2ktBQqbEk9kqsXzpdKviQ9uesKz?edition_number=20&blockchain=bitmark,1
previews/7764ae91-0392-48fb-b68c-796d701bed08/1620416013/?edition_number=125&blockchain=bitmark,ipfs://QmZEJd4b4bFmDDvGaKma1hHXPkkRe2V8wYFYab7Tmw4Lpr?edition_number=125&blockchain=bitmark,1
previews/6bcc9b62-0ca3-4fdc-8232-0a3f2d4adf13/1620666173/?edition_number=18&blockchain=bitmark,ipfs://QmbTnbbntuoXF87t1FQw92PqBj7xfYY4hKALAV3YDwH1Ey?edition_number=18&blockchain=bitmark,1
previews/7764ae91-0392-48fb-b68c-796d701bed08/1620416013/?edition_number=165&blockchain=bitmark,ipfs://QmZEJd4b4bFmDDvGaKma1hHXPkkRe2V8wYFYab7Tmw4Lpr?edition_number=165&blockchain=bitmark,1
previews/a566dd50-6194-4e88-8aec-59cebbc1ed55/1639419587/?edition_number=65&blockchain=bitmark,ipfs://QmUYrfKmCUmmYtkeAwhbai2WAGNSnhijo5KFXqYNJqFsbb?edition_number=65&blockchain=bitmark,1
previews/522055e6-e5d8-41b5-8cad-9823c9666e2a/1654421582/?edition_number=69&blockchain=bitmark,ipfs://QmSc65zdutiNEooeriju5z267FuX21Fqw5f1sNt2eaQbMG?edition_number=69&blockchain=bitmark,1
previews/e885a572-1acc-4b0c-9c63-c3f8e49bd302/1634763439/?edition_number=5&blockchain=bitmark,ipfs://QmccKUyRv4yvLedsf7JL4nho4X2oU3PUcn6SiXmJKDZDJ9?edition_number=5&blockchain=bitmark,1
previews/6bcc9b62-0ca3-4fdc-8232-0a3f2d4adf13/1620666173/?edition_number=189&blockchain=bitmark,ipfs://QmbTnbbntuoXF87t1FQw92PqBj7xfYY4hKALAV3YDwH1Ey?edition_number=189&blockchain=bitmark,1
previews/03c9301f-e338-4419-8830-3e790fdc936b/1634763480/?edition_number=77&blockchain=bitmark,ipfs://QmXiF2u7YpPnekZirDYJFywxQ4nUru8bfnMhijrFV4X6Tq?edition_number=77&blockchain=bitmark,1
previews/3a9f6d14-d53d-4d5c-b55a-f0e5793d5d0e/1620350770/?edition_number=122&blockchain=bitmark,ipfs://Qma6yMjwzXasZcvR6ojk5KbW2eG7dZV9LmsJ3bMEnNJiqt?edition_number=122&blockchain=bitmark,1
previews/25a0daeb-ec6d-4bfd-8a24-11c44beb5629/1634763514/?edition_number=39&blockchain=bitmark,ipfs://QmbcmMmfVjg2vC35zQM2ktBQqbEk9kqsXzpdKviQ9uesKz?edition_number=39&blockchain=bitmark,1
previews/2a57c29f-fa5b-440d-8dee-2d58cdb9238c/1620669376/?edition_number=54&blockchain=bitmark,ipfs://QmNZPZifuVpanuoy6WS1nyumb5agihkkdnLZtFhaUmwwFK?edition_number=54&blockchain=bitmark,1
previews/dc8dddb8-7b4e-4d60-80da-071b92444514/1634763492/?edition_number=75&blockchain=bitmark,ipfs://QmXu8fj8fkUCLWL2L5kWu2Mg2oYFzNGZHJttZt2B2kndeg?edition_number=75&blockchain=bitmark,1
previews/21a5bd39-64d0-490b-b578-6c6ecd317b7a/1634757768/?edition_number=3&blockchain=bitmark,ipfs://Qmc5b84zNCKGhwJ1GbBNujue4xNm1Wjc4NywXCHjkALJPe?edition_number=3&blockchain=bitmark,1
previews/51a53d4e-c60f-4582-8edc-c9998ed40a24/1629968561/?edition_number=19&blockchain=bitmark,ipfs://QmS4SmjsYC6tTnt4X3WMBQ1ggsnFFutgctXSgMyamRnrPX?edition_number=19&blockchain=bitmark,1
previews/31a680b4-c00a-4eac-8729-cba633c91c54/1638740490/?edition_number=31&blockchain=bitmark,ipfs://QmY3LP9vyD9xTupVYExXDYUg3xkpGBKHDj9r7S3aNYtJsm?edition_number=31&blockchain=bitmark,1
previews/2d1f1330-d66a-4e9e-afd6-c17e5e55f2c4/1627893099/?edition_number=64&blockchain=bitmark,ipfs://QmRkSgNjaMqSzJgkxHrrYcPVX4Ko2DhLTUecjfYQjufPT7?edition_number=64&blockchain=bitmark,1
previews/21a5bd39-64d0-490b-b578-6c6ecd317b7a/1634757768/?edition_number=34&blockchain=bitmark,ipfs://Qmc5b84zNCKGhwJ1GbBNujue4xNm1Wjc4NywXCHjkALJPe?edition_number=34&blockchain=bitmark,1
previews/252527ee-2232-45e0-9ead-27379ff26219/1627998769/?edition_number=28&blockchain=bitmark,ipfs://QmSJwtChNJ1nzgaQ4JVLka9impCPMPEEmvDvAE4uHgpBih?edition_number=28&blockchain=bitmark,1
previews/37e6066c-9997-4939-ac9a-e92685e71cf6/1646913886/?edition_number=0&blockchain=bitmark,ipfs://QmaetsCAmd5ekqXH7vtcwLfCApjar3E2MtS2fBSc7q92Gu?edition_number=0&blockchain=bitmark,1
previews/ebe3df0f-f765-410e-b2fa-edd39dcf5369/1631817212/?edition_number=26&blockchain=bitmark,ipfs://QmfZwky2RWHH8qss3Q8oYpbvHB48qz4ZAsD55KXJY6MGpj?edition_number=26&blockchain=bitmark,1
previews/a3d23452-f377-4d0e-9a67-ecce7a182927/1644823296/preview.jpg,ipfs://QmU21fo2UprSVEiwmqegwSiwGi3wZKUsG5isRHeCCuN3e7,1
previews/03c9301f-e338-4419-8830-3e790fdc936b/1634763480/?edition_number=78&blockchain=bitmark,ipfs://QmXiF2u7YpPnekZirDYJFywxQ4nUru8bfnMhijrFV4X6Tq?edition_number=78&blockchain=bitmark,1
previews/93544620-dff8-4ae5-8194-3f527e8cc91e/1634763453/?edition_number=46&blockchain=bitmark,ipfs://QmNnXVL5JXjMrFp3AnaYUcdiexeXzvSJ8UNRLFi9gSAwam?edition_number=46&blockchain=bitmark,1
previews/faa504eb-868c-4134-a7b2-eef051b9abbc/1620642833/?edition_number=131&blockchain=bitmark,ipfs://QmP3apeo3Krrw3aEobPpffs3p5haR7ZnEvcePfSDfcpBS8?edition_number=131&blockchain=bitmark,1
previews/93544620-dff8-4ae5-8194-3f527e8cc91e/1634763453/?edition_number=17&blockchain=bitmark,ipfs://QmNnXVL5JXjMrFp3AnaYUcdiexeXzvSJ8UNRLFi9gSAwam?edition_number=17&blockchain=bitmark,1
previews/a566dd50-6194-4e88-8aec-59cebbc1ed55/1639419587/?edition_number=63&blockchain=bitmark,ipfs://QmUYrfKmCUmmYtkeAwhbai2WAGNSnhijo5KFXqYNJqFsbb?edition_number=63&blockchain=bitmark,1
previews/e885a572-1acc-4b0c-9c63-c3f8e49bd302/1634763439/?edition_number=29&blockchain=bitmark,ipfs://QmccKUyRv4yvLedsf7JL4nho4X2oU3PUcn6SiXmJKDZDJ9?edition_number=29&blockchain=bitmark,1
previews/3a9f6d14-d53d-4d5c-b55a-f0e5793d5d0e/1620350770/?edition_number=135&blockchain=bitmark,ipfs://Qma6yMjwzXasZcvR6ojk5KbW2eG7dZV9LmsJ3bMEnNJiqt?edition_number=135&blockchain=bitmark,1
previews/6e0b8c01-5b11-4ceb-b40a-c1d8efa4a66a/1629980523/?edition_number=40&blockchain=bitmark,ipfs://QmZQSD91yVPYSPQefhrnFLZFRtdntERGgXaXfgAqioQnpQ?edition_number=40&blockchain=bitmark,1
previews/5e0a93aa-22d0-4305-8bdd-5806dab5503a/1637559288/?edition_number=23&blockchain=bitmark,ipfs://QmZgo9sAwpgAgTisCaV6cEfVWjA5ScFuLybYt6vWMa55CW?edition_number=23&blockchain=bitmark,1
previews/03c9301f-e338-4419-8830-3e790fdc936b/1634763480/?edition_number=34&blockchain=bitmark,ipfs://QmXiF2u7YpPnekZirDYJFywxQ4nUru8bfnMhijrFV4X6Tq?edition_number=34&blockchain=bitmark,1
previews/f503f9fe-276c-4519-92b7-8a2239cfa489/1638359231/?edition_number=91&blockchain=bitmark,ipfs://QmcY75WevXSAKBDENuiHv5ZVm9TjGzy1Nya31bTet99aQK?edition_number=91&blockchain=bitmark,1
previews/6e0b8c01-5b11-4ceb-b40a-c1d8efa4a66a/1629980523/?edition_number=48&blockchain=bitmark,ipfs://QmZQSD91yVPYSPQefhrnFLZFRtdntERGgXaXfgAqioQnpQ?edition_number=48&blockchain=bitmark,1
previews/a566dd50-6194-4e88-8aec-59cebbc1ed55/1639419587/?edition_number=82&blockchain=bitmark,ipfs://QmUYrfKmCUmmYtkeAwhbai2WAGNSnhijo5KFXqYNJqFsbb?edition_number=82&blockchain=bitmark,1
previews/ec014e95-c9de-4d2e-b464-d95c3f7ae19c/1634763465/?edition_number=30&blockchain=bitmark,ipfs://QmSKF73LGPvLCYkhkp6z5rg1CmjpRjGeaKZ9k26XNqdR7C?edition_number=30&blockchain=bitmark,1
previews/3a9f6d14-d53d-4d5c-b55a-f0e5793d5d0e/1620350770/?edition_number=152&blockchain=bitmark,ipfs://Qma6yMjwzXasZcvR6ojk5KbW2eG7dZV9LmsJ3bMEnNJiqt?edition_number=152&blockchain=bitmark,1
previews/e885a572-1acc-4b0c-9c63-c3f8e49bd302/1634763439/?edition_number=3&blockchain=bitmark,ipfs://QmccKUyRv4yvLedsf7JL4nho4X2oU3PUcn6SiXmJKDZDJ9?edition_number=3&blockchain=bitmark,1
previews/7764ae91-0392-48fb-b68c-796d701bed08/1620416013/?edition_number=26&blockchain=bitmark,ipfs://QmZEJd4b4bFmDDvGaKma1hHXPkkRe2V8wYFYab7Tmw4Lpr?edition_number=26&blockchain=bitmark,1
previews/a1b6689f-5236-471a-97a6-70ea0879dd42/1630583755/?edition_number=31&blockchain=bitmark,ipfs://QmQW2wFuM8VAeYZ1vbnHKfPq893MmKgcGmZKbuPjQhMnnh?edition_number=31&blockchain=bitmark,1
previews/ec014e95-c9de-4d2e-b464-d95c3f7ae19c/1634763465/?edition_number=45&blockchain=bitmark,ipfs://QmSKF73LGPvLCYkhkp6z5rg1CmjpRjGeaKZ9k26XNqdR7C?edition_number=45&blockchain=bitmark,1
previews/e885a572-1acc-4b0c-9c63-c3f8e49bd302/1634763439/?edition_number=90&blockchain=bitmark,ipfs://QmccKUyRv4yvLedsf7JL4nho4X2oU3PUcn6SiXmJKDZDJ9?edition_number=90&blockchain=bitmark,1
previews/3a9f6d14-d53d-4d5c-b55a-f0e5793d5d0e/1620350770/?edition_number=47&blockchain=bitmark,ipfs://Qma6yMjwzXasZcvR6ojk5KbW2eG7dZV9LmsJ3bMEnNJiqt?edition_number=47&blockchain=bitmark,1
previews/3e8f638a-c7e2-403a-98d8-c185411825bd/1634763505/?edition_number=7&blockchain=bitmark,ipfs://QmS5n4zNripBYwpoakvMmEN56mpf2iA4onXK7e7Ct8hBRo?edition_number=7&blockchain=bitmark,1
previews/252527ee-2232-45e0-9ead-27379ff26219/1627998769/?edition_number=57&blockchain=bitmark,ipfs://QmSJwtChNJ1nzgaQ4JVLka9impCPMPEEmvDvAE4uHgpBih?edition_number=57&blockchain=bitmark,1
previews/2a57c29f-fa5b-440d-8dee-2d58cdb9238c/1620669376/?edition_number=29&blockchain=bitmark,ipfs://QmNZPZifuVpanuoy6WS1nyumb5agihkkdnLZtFhaUmwwFK?edition_number=29&blockchain=bitmark,1
previews/faa504eb-868c-4134-a7b2-eef051b9abbc/1620642833/?edition_number=150&blockchain=bitmark,ipfs://QmP3apeo3Krrw3aEobPpffs3p5haR7ZnEvcePfSDfcpBS8?edition_number=150&blockchain=bitmark,1
previews/9983bf66-380e-4af3-bee9-237c492f18a0/1615757415/?edition_number=4&blockchain=bitmark,ipfs://QmWVJ8KpYhHrHRBXwL7oyBDW2BAn2AiEykhnx21Yb1Gpwv?edition_number=4&blockchain=bitmark,1
previews/7764ae91-0392-48fb-b68c-796d701bed08/1620416013/?edition_number=172&blockchain=bitmark,ipfs://QmZEJd4b4bFmDDvGaKma1hHXPkkRe2V8wYFYab7Tmw4Lpr?edition_number=172&blockchain=bitmark,1
previews/3a9f6d14-d53d-4d5c-b55a-f0e5793d5d0e/1620350770/?edition_number=189&blockchain=bitmark,ipfs://Qma6yMjwzXasZcvR6ojk5KbW2eG7dZV9LmsJ3bMEnNJiqt?edition_number=189&blockchain=bitmark,1
previews/dc8dddb8-7b4e-4d60-80da-071b92444514/1634763492/?edition_number=7&blockchain=bitmark,ipfs://QmXu8fj8fkUCLWL2L5kWu2Mg2oYFzNGZHJttZt2B2kndeg?edition_number=7&blockchain=bitmark,1
previews/51a53d4e-c60f-4582-8edc-c9998ed40a24/1629968561/?edition_number=68&blockchain=bitmark,ipfs://QmS4SmjsYC6tTnt4X3WMBQ1ggsnFFutgctXSgMyamRnrPX?edition_number=68&blockchain=bitmark,1
previews/f2db8c40-a2fb-4a93-be03-75ce3b3133f3/1630436182/?edition_number=31&blockchain=bitmark,ipfs://QmWBrUtQ8ujbYciEhKwgaaSAzv82aGVtQdq1nmNRXWKFQd?edition_number=31&blockchain=bitmark,1
previews/3a9f6d14-d53d-4d5c-b55a-f0e5793d5d0e/1620350770/?edition_number=116&blockchain=bitmark,ipfs://Qma6yMjwzXasZcvR6ojk5KbW2eG7dZV9LmsJ3bMEnNJiqt?edition_number=116&blockchain=bitmark,1
previews/4f6816b5-3d84-4715-b025-c8a837030b49/1631260821/?edition_number=12&blockchain=bitmark,ipfs://QmbboyD1nB3yJB28r5WB8MzX12d3L5jkVv7BiP2SkpHQ3b?edition_number=12&blockchain=bitmark,1
previews/03c9301f-e338-4419-8830-3e790fdc936b/1634763480/?edition_number=64&blockchain=bitmark,ipfs://QmXiF2u7YpPnekZirDYJFywxQ4nUru8bfnMhijrFV4X6Tq?edition_number=64&blockchain=bitmark,1
previews/398716ae-a05b-43bb-adb8-48e56114af6a/1634712504/?edition_number=12&blockchain=bitmark,ipfs://QmdD6DadG5GLqauBdhCwsbRRyxQA8zfUN8EMQwsnQdShRC?edition_number=12&blockchain=bitmark,1
previews/3a9f6d14-d53d-4d5c-b55a-f0e5793d5d0e/1620350770/?edition_number=156&blockchain=bitmark,ipfs://Qma6yMjwzXasZcvR6ojk5KbW2eG7dZV9LmsJ3bMEnNJiqt?edition_number=156&blockchain=bitmark,1
previews/6bcc9b62-0ca3-4fdc-8232-0a3f2d4adf13/1620666173/?edition_number=124&blockchain=bitmark,ipfs://QmbTnbbntuoXF87t1FQw92PqBj7xfYY4hKALAV3YDwH1Ey?edition_number=124&blockchain=bitmark,1
previews/f6d4f5f8-7f31-48c9-871e-b2cf4d4270aa/1631260875/?edition_number=28&blockchain=bitmark,ipfs://QmSAQxsH7avTLbS8yiKAAsHyzDNjn5wfrVpebCBvVpe88B?edition_number=28&blockchain=bitmark,1
previews/6bcc9b62-0ca3-4fdc-8232-0a3f2d4adf13/1620666173/?edition_number=11&blockchain=bitmark,ipfs://QmbTnbbntuoXF87t1FQw92PqBj7xfYY4hKALAV3YDwH1Ey?edition_number=11&blockchain=bitmark,1
previews/6bcc9b62-0ca3-4fdc-8232-0a3f2d4adf13/1620666173/?edition_number=42&blockchain=bitmark,ipfs://QmbTnbbntuoXF87t1FQw92PqBj7xfYY4hKALAV3YDwH1Ey?edition_number=42&blockchain=bitmark,1
previews/faa504eb-868c-4134-a7b2-eef051b9abbc/1620642833/?edition_number=60&blockchain=bitmark,ipfs://QmP3apeo3Krrw3aEobPpffs3p5haR7ZnEvcePfSDfcpBS8?edition_number=60&blockchain=bitmark,1
previews/d7f80e10-a227-4272-bd58-2da08703d460/1632732499/?edition_number=23&blockchain=bitmark,ipfs://QmPuryaXop8PJj8fEriFsyywg1ngKhuesu2e4wgRRoMcjq?edition_number=23&blockchain=bitmark,1
previews/00f8e853-e20e-49bb-9f2f-8190507b8066/1615449076/?edition_number=39&blockchain=bitmark,ipfs://QmcLtLzmEpbwgQDW2rVJ1d9hwjFs3vHLTR1v1WCCvknDNS?edition_number=39&blockchain=bitmark,1
previews/3e8f638a-c7e2-403a-98d8-c185411825bd/1634763505/?edition_number=42&blockchain=bitmark,ipfs://QmS5n4zNripBYwpoakvMmEN56mpf2iA4onXK7e7Ct8hBRo?edition_number=42&blockchain=bitmark,1
previews/a566dd50-6194-4e88-8aec-59cebbc1ed55/1639419587/?edition_number=38&blockchain=bitmark,ipfs://QmUYrfKmCUmmYtkeAwhbai2WAGNSnhijo5KFXqYNJqFsbb?edition_number=38&blockchain=bitmark,1
previews/6862d0b4-252f-469d-8327-c0d79f8b4a67/1631208788/?edition_number=27&blockchain=bitmark,ipfs://Qma6LppLyqvZs8FRchAfWwfzSVk9ZtMFJJm7JUkQGk5ydB?edition_number=27&blockchain=bitmark,1
previews/3a13e193-725f-4a07-b5fa-51f36fc79050/1653025795/?edition_number=4&blockchain=bitmark,ipfs://QmZBwFoRW3cq7P7vrK1ua6e8EfqAZApHN8CHveatEWjvbK?edition_number=4&blockchain=bitmark,1
previews/2d1f1330-d66a-4e9e-afd6-c17e5e55f2c4/1627893099/?edition_number=56&blockchain=bitmark,ipfs://QmRkSgNjaMqSzJgkxHrrYcPVX4Ko2DhLTUecjfYQjufPT7?edition_number=56&blockchain=bitmark,1
previews/f503f9fe-276c-4519-92b7-8a2239cfa489/1638359231/?edition_number=71&blockchain=bitmark,ipfs://QmcY75WevXSAKBDENuiHv5ZVm9TjGzy1Nya31bTet99aQK?edition_number=71&blockchain=bitmark,1
previews/6e0b8c01-5b11-4ceb-b40a-c1d8efa4a66a/1629980523/?edition_number=21&blockchain=bitmark,ipfs://QmZQSD91yVPYSPQefhrnFLZFRtdntERGgXaXfgAqioQnpQ?edition_number=21&blockchain=bitmark,1
previews/21a5bd39-64d0-490b-b578-6c6ecd317b7a/1634757768/?edition_number=14&blockchain=bitmark,ipfs://Qmc5b84zNCKGhwJ1GbBNujue4xNm1Wjc4NywXCHjkALJPe?edition_number=14&blockchain=bitmark,1
previews/f503f9fe-276c-4519-92b7-8a2239cfa489/1638359231/?edition_number=7&blockchain=bitmark,ipfs://QmcY75WevXSAKBDENuiHv5ZVm9TjGzy1Nya31bTet99aQK?edition_number=7&blockchain=bitmark,1
previews/6bcc9b62-0ca3-4fdc-8232-0a3f2d4adf13/1620666173/?edition_number=128&blockchain=bitmark,ipfs://QmbTnbbntuoXF87t1FQw92PqBj7xfYY4hKALAV3YDwH1Ey?edition_number=128&blockchain=bitmark,1
previews/1f060e42-3437-444c-b823-a8b8532c449c/1615550075/?edition_number=39&blockchain=bitmark,ipfs://QmRpqNbJDvf6fDfum4xLQNFJVrgU38tMECkT8JjizcBKUt?edition_number=39&blockchain=bitmark,1
previews/dc8dddb8-7b4e-4d60-80da-071b92444514/1634763492/?edition_number=37&blockchain=bitmark,ipfs://QmXu8fj8fkUCLWL2L5kWu2Mg2oYFzNGZHJttZt2B2kndeg?edition_number=37&blockchain=bitmark,1
previews/7764ae91-0392-48fb-b68c-796d701bed08/1620416013/?edition_number=22&blockchain=bitmark,ipfs://QmZEJd4b4bFmDDvGaKma1hHXPkkRe2V8wYFYab7Tmw4Lpr?edition_number=22&blockchain=bitmark,1
previews/f503f9fe-276c-4519-92b7-8a2239cfa489/1638359231/?edition_number=52&blockchain=bitmark,ipfs://QmcY75WevXSAKBDENuiHv5ZVm9TjGzy1Nya31bTet99aQK?edition_number=52&blockchain=bitmark,1
previews/00f8e853-e20e-49bb-9f2f-8190507b8066/1615449076/?edition_number=35&blockchain=bitmark,ipfs://QmcLtLzmEpbwgQDW2rVJ1d9hwjFs3vHLTR1v1WCCvknDNS?edition_number=35&blockchain=bitmark,1
previews/2a57c29f-fa5b-440d-8dee-2d58cdb9238c/1620669376/?edition_number=71&blockchain=bitmark,ipfs://QmNZPZifuVpanuoy6WS1nyumb5agihkkdnLZtFhaUmwwFK?edition_number=71&blockchain=bitmark,1
previews/3a13e193-725f-4a07-b5fa-51f36fc79050/1653025795/?edition_number=2&blockchain=bitmark,ipfs://QmZBwFoRW3cq7P7vrK1ua6e8EfqAZApHN8CHveatEWjvbK?edition_number=2&blockchain=bitmark,1
previews/7764ae91-0392-48fb-b68c-796d701bed08/1620416013/?edition_number=113&blockchain=bitmark,ipfs://QmZEJd4b4bFmDDvGaKma1hHXPkkRe2V8wYFYab7Tmw4Lpr?edition_number=113&blockchain=bitmark,1
previews/faa504eb-868c-4134-a7b2-eef051b9abbc/1620642833/?edition_number=159&blockchain=bitmark,ipfs://QmP3apeo3Krrw3aEobPpffs3p5haR7ZnEvcePfSDfcpBS8?edition_number=159&blockchain=bitmark,1
previews/7e92539c-65ce-426b-a243-9b043d0defda/1725624330/index.html,ipfs://QmPbxizJTyN7kcTeWbbJZUMv779APp17xX3y3M2i3NVM9M,1
previews/47db4cae-c786-4bb3-8735-e932ab81ed7f/1630258818/?edition_number=46&blockchain=bitmark,ipfs://QmdoAemWU9Gh6JzWxvJNFb8bkhkZ43LfrweX39BNusu6nE?edition_number=46&blockchain=bitmark,1
previews/23d93636-48be-42be-8b9c-59083b481079/1646913114/?edition_number=0&blockchain=bitmark,ipfs://QmSFZ42ehcixLFMQRCRwRvFXFLqCUGs9BXiShhZMjtGPzw?edition_number=0&blockchain=bitmark,1
previews/ebe3df0f-f765-410e-b2fa-edd39dcf5369/1631817212/?edition_number=9&blockchain=bitmark,ipfs://QmfZwky2RWHH8qss3Q8oYpbvHB48qz4ZAsD55KXJY6MGpj?edition_number=9&blockchain=bitmark,1
previews/7764ae91-0392-48fb-b68c-796d701bed08/1620416013/?edition_number=155&blockchain=bitmark,ipfs://QmZEJd4b4bFmDDvGaKma1hHXPkkRe2V8wYFYab7Tmw4Lpr?edition_number=155&blockchain=bitmark,1
previews/3e8f638a-c7e2-403a-98d8-c185411825bd/1634763505/?edition_number=54&blockchain=bitmark,ipfs://QmS5n4zNripBYwpoakvMmEN56mpf2iA4onXK7e7Ct8hBRo?edition_number=54&blockchain=bitmark,1
previews/21a5bd39-64d0-490b-b578-6c6ecd317b7a/1634757768/?edition_number=7&blockchain=bitmark,ipfs://Qmc5b84zNCKGhwJ1GbBNujue4xNm1Wjc4NywXCHjkALJPe?edition_number=7&blockchain=bitmark,1
previews/7764ae91-0392-48fb-b68c-796d701bed08/1620416013/?edition_number=11&blockchain=bitmark,ipfs://QmZEJd4b4bFmDDvGaKma1hHXPkkRe2V8wYFYab7Tmw4Lpr?edition_number=11&blockchain=bitmark,1
previews/89c348c1-6e78-4e00-ac3f-f58c9e732731/1624234006/?edition_number=6&blockchain=bitmark,ipfs://Qmbfjm1eX2eorWXuYZXU61qpdaSVXdpK2dmD8qHxq6vkcu?edition_number=6&blockchain=bitmark,1
previews/7764ae91-0392-48fb-b68c-796d701bed08/1620416013/?edition_number=117&blockchain=bitmark,ipfs://QmZEJd4b4bFmDDvGaKma1hHXPkkRe2V8wYFYab7Tmw4Lpr?edition_number=117&blockchain=bitmark,1
previews/e885a572-1acc-4b0c-9c63-c3f8e49bd302/1634763439/?edition_number=43&blockchain=bitmark,ipfs://QmccKUyRv4yvLedsf7JL4nho4X2oU3PUcn6SiXmJKDZDJ9?edition_number=43&blockchain=bitmark,1
previews/35b11663-0ced-4c14-9113-b5d763da0040/1725624529/index.html,ipfs://QmUC47Ba251EZ8PpFT5ua8UmoqqHSpwNyods5TVsdi5SEW,1
previews/dc8dddb8-7b4e-4d60-80da-071b92444514/1634763492/?edition_number=67&blockchain=bitmark,ipfs://QmXu8fj8fkUCLWL2L5kWu2Mg2oYFzNGZHJttZt2B2kndeg?edition_number=67&blockchain=bitmark,1
previews/adc4221c-4f00-4193-ac82-c4d9b1a0b681/1620671843/?edition_number=114&blockchain=bitmark,ipfs://QmNPgas4vq9gkcQr6YFJ6dK3C2yhR8gwGJW7Hi9BUBJCwU?edition_number=114&blockchain=bitmark,1
previews/f503f9fe-276c-4519-92b7-8a2239cfa489/1638359231/?edition_number=62&blockchain=bitmark,ipfs://QmcY75WevXSAKBDENuiHv5ZVm9TjGzy1Nya31bTet99aQK?edition_number=62&blockchain=bitmark,1
previews/51a53d4e-c60f-4582-8edc-c9998ed40a24/1629968561/?edition_number=72&blockchain=bitmark,ipfs://QmS4SmjsYC6tTnt4X3WMBQ1ggsnFFutgctXSgMyamRnrPX?edition_number=72&blockchain=bitmark,1
previews/522055e6-e5d8-41b5-8cad-9823c9666e2a/1654421582/?edition_number=70&blockchain=bitmark,ipfs://QmSc65zdutiNEooeriju5z267FuX21Fqw5f1sNt2eaQbMG?edition_number=70&blockchain=bitmark,1
previews/7764ae91-0392-48fb-b68c-796d701bed08/1620416013/?edition_number=91&blockchain=bitmark,ipfs://QmZEJd4b4bFmDDvGaKma1hHXPkkRe2V8wYFYab7Tmw4Lpr?edition_number=91&blockchain=bitmark,1
previews/2a57c29f-fa5b-440d-8dee-2d58cdb9238c/1620669376/?edition_number=62&blockchain=bitmark,ipfs://QmNZPZifuVpanuoy6WS1nyumb5agihkkdnLZtFhaUmwwFK?edition_number=62&blockchain=bitmark,1
previews/3a9f6d14-d53d-4d5c-b55a-f0e5793d5d0e/1620350770/?edition_number=52&blockchain=bitmark,ipfs://Qma6yMjwzXasZcvR6ojk5KbW2eG7dZV9LmsJ3bMEnNJiqt?edition_number=52&blockchain=bitmark,1
previews/2d1f1330-d66a-4e9e-afd6-c17e5e55f2c4/1627893099/?edition_number=28&blockchain=bitmark,ipfs://QmRkSgNjaMqSzJgkxHrrYcPVX4Ko2DhLTUecjfYQjufPT7?edition_number=28&blockchain=bitmark,1
previews/a566dd50-6194-4e88-8aec-59cebbc1ed55/1639419587/?edition_number=103&blockchain=bitmark,ipfs://QmUYrfKmCUmmYtkeAwhbai2WAGNSnhijo5KFXqYNJqFsbb?edition_number=103&blockchain=bitmark,1
previews/1b205395-6654-4174-b170-45c82866270b/1624043512/?edition_number=43&blockchain=bitmark,ipfs://QmV1vFUSGxd2ACfeyRR8CjBCxeFVH5JcfX9sAnfEpxadRu?edition_number=43&blockchain=bitmark,1
previews/a566dd50-6194-4e88-8aec-59cebbc1ed55/1639419587/?edition_number=69&blockchain=bitmark,ipfs://QmUYrfKmCUmmYtkeAwhbai2WAGNSnhijo5KFXqYNJqFsbb?edition_number=69&blockchain=bitmark,1
previews/2a57c29f-fa5b-440d-8dee-2d58cdb9238c/1620669376/?edition_number=179&blockchain=bitmark,ipfs://QmNZPZifuVpanuoy6WS1nyumb5agihkkdnLZtFhaUmwwFK?edition_number=179&blockchain=bitmark,1
previews/51a53d4e-c60f-4582-8edc-c9998ed40a24/1629968561/?edition_number=50&blockchain=bitmark,ipfs://QmS4SmjsYC6tTnt4X3WMBQ1ggsnFFutgctXSgMyamRnrPX?edition_number=50&blockchain=bitmark,1
previews/2d1f1330-d66a-4e9e-afd6-c17e5e55f2c4/1627893099/?edition_number=21&blockchain=bitmark,ipfs://QmRkSgNjaMqSzJgkxHrrYcPVX4Ko2DhLTUecjfYQjufPT7?edition_number=21&blockchain=bitmark,1
previews/a566dd50-6194-4e88-8aec-59cebbc1ed55/1639419587/?edition_number=80&blockchain=bitmark,ipfs://QmUYrfKmCUmmYtkeAwhbai2WAGNSnhijo5KFXqYNJqFsbb?edition_number=80&blockchain=bitmark,1
previews/1fdd923d-91f0-4b28-a51a-8d01da7cc562/1646913598/?edition_number=0&blockchain=bitmark,ipfs://QmSabPi61EWM3uNkDZyQj84yJwqVv6yGDxMoJun6cSQ6FQ?edition_number=0&blockchain=bitmark,1
previews/4f6816b5-3d84-4715-b025-c8a837030b49/1631260821/?edition_number=29&blockchain=bitmark,ipfs://QmbboyD1nB3yJB28r5WB8MzX12d3L5jkVv7BiP2SkpHQ3b?edition_number=29&blockchain=bitmark,1
previews/3e8f638a-c7e2-403a-98d8-c185411825bd/1634763505/?edition_number=86&blockchain=bitmark,ipfs://QmS5n4zNripBYwpoakvMmEN56mpf2iA4onXK7e7Ct8hBRo?edition_number=86&blockchain=bitmark,1
previews/31a680b4-c00a-4eac-8729-cba633c91c54/1638740490/?edition_number=107&blockchain=bitmark,ipfs://QmY3LP9vyD9xTupVYExXDYUg3xkpGBKHDj9r7S3aNYtJsm?edition_number=107&blockchain=bitmark,1
previews/dc8dddb8-7b4e-4d60-80da-071b92444514/1634763492/?edition_number=52&blockchain=bitmark,ipfs://QmXu8fj8fkUCLWL2L5kWu2Mg2oYFzNGZHJttZt2B2kndeg?edition_number=52&blockchain=bitmark,1
previews/7764ae91-0392-48fb-b68c-796d701bed08/1620416013/?edition_number=68&blockchain=bitmark,ipfs://QmZEJd4b4bFmDDvGaKma1hHXPkkRe2V8wYFYab7Tmw4Lpr?edition_number=68&blockchain=bitmark,1
previews/faa504eb-868c-4134-a7b2-eef051b9abbc/1620642833/?edition_number=118&blockchain=bitmark,ipfs://QmP3apeo3Krrw3aEobPpffs3p5haR7ZnEvcePfSDfcpBS8?edition_number=118&blockchain=bitmark,1
previews/93544620-dff8-4ae5-8194-3f527e8cc91e/1634763453/?edition_number=84&blockchain=bitmark,ipfs://QmNnXVL5JXjMrFp3AnaYUcdiexeXzvSJ8UNRLFi9gSAwam?edition_number=84&blockchain=bitmark,1
previews/5eb92ed1-7e81-4b2f-a24c-8e2a67c085e8/1653025637/?edition_number=2&blockchain=bitmark,ipfs://QmSbpWiqdy15icVcfTeNRh5Wegwrz6acPaYbLTFcjCuqn6?edition_number=2&blockchain=bitmark,1
previews/6bcc9b62-0ca3-4fdc-8232-0a3f2d4adf13/1620666173/?edition_number=36&blockchain=bitmark,ipfs://QmbTnbbntuoXF87t1FQw92PqBj7xfYY4hKALAV3YDwH1Ey?edition_number=36&blockchain=bitmark,1
previews/adc4221c-4f00-4193-ac82-c4d9b1a0b681/1620671843/?edition_number=139&blockchain=bitmark,ipfs://QmNPgas4vq9gkcQr6YFJ6dK3C2yhR8gwGJW7Hi9BUBJCwU?edition_number=139&blockchain=bitmark,1
previews/6bcc9b62-0ca3-4fdc-8232-0a3f2d4adf13/1620666173/?edition_number=174&blockchain=bitmark,ipfs://QmbTnbbntuoXF87t1FQw92PqBj7xfYY4hKALAV3YDwH1Ey?edition_number=174&blockchain=bitmark,1
previews/6bcc9b62-0ca3-4fdc-8232-0a3f2d4adf13/1620666173/?edition_number=91&blockchain=bitmark,ipfs://QmbTnbbntuoXF87t1FQw92PqBj7xfYY4hKALAV3YDwH1Ey?edition_number=91&blockchain=bitmark,1
previews/522055e6-e5d8-41b5-8cad-9823c9666e2a/1654421582/?edition_number=25&blockchain=bitmark,ipfs://QmSc65zdutiNEooeriju5z267FuX21Fqw5f1sNt2eaQbMG?edition_number=25&blockchain=bitmark,1
previews/ec014e95-c9de-4d2e-b464-d95c3f7ae19c/1634763465/?edition_number=55&blockchain=bitmark,ipfs://QmSKF73LGPvLCYkhkp6z5rg1CmjpRjGeaKZ9k26XNqdR7C?edition_number=55&blockchain=bitmark,1
previews/3a9f6d14-d53d-4d5c-b55a-f0e5793d5d0e/1620350770/?edition_number=174&blockchain=bitmark,ipfs://Qma6yMjwzXasZcvR6ojk5KbW2eG7dZV9LmsJ3bMEnNJiqt?edition_number=174&blockchain=bitmark,1
previews/3a9f6d14-d53d-4d5c-b55a-f0e5793d5d0e/1620350770/?edition_number=114&blockchain=bitmark,ipfs://Qma6yMjwzXasZcvR6ojk5KbW2eG7dZV9LmsJ3bMEnNJiqt?edition_number=114&blockchain=bitmark,1
previews/25a0daeb-ec6d-4bfd-8a24-11c44beb5629/1634763514/?edition_number=30&blockchain=bitmark,ipfs://QmbcmMmfVjg2vC35zQM2ktBQqbEk9kqsXzpdKviQ9uesKz?edition_number=30&blockchain=bitmark,1
previews/6bcc9b62-0ca3-4fdc-8232-0a3f2d4adf13/1620666173/?edition_number=163&blockchain=bitmark,ipfs://QmbTnbbntuoXF87t1FQw92PqBj7xfYY4hKALAV3YDwH1Ey?edition_number=163&blockchain=bitmark,1
previews/51a53d4e-c60f-4582-8edc-c9998ed40a24/1629968561/?edition_number=7&blockchain=bitmark,ipfs://QmS4SmjsYC6tTnt4X3WMBQ1ggsnFFutgctXSgMyamRnrPX?edition_number=7&blockchain=bitmark,1
previews/25a0daeb-ec6d-4bfd-8a24-11c44beb5629/1634763514/?edition_number=5&blockchain=bitmark,ipfs://QmbcmMmfVjg2vC35zQM2ktBQqbEk9kqsXzpdKviQ9uesKz?edition_number=5&blockchain=bitmark,1
previews/2a57c29f-fa5b-440d-8dee-2d58cdb9238c/1620669376/?edition_number=163&blockchain=bitmark,ipfs://QmNZPZifuVpanuoy6WS1nyumb5agihkkdnLZtFhaUmwwFK?edition_number=163&blockchain=bitmark,1
previews/d7f80e10-a227-4272-bd58-2da08703d460/1632732499/?edition_number=71&blockchain=bitmark,ipfs://QmPuryaXop8PJj8fEriFsyywg1ngKhuesu2e4wgRRoMcjq?edition_number=71&blockchain=bitmark,1
previews/1b205395-6654-4174-b170-45c82866270b/1624043512/?edition_number=58&blockchain=bitmark,ipfs://QmV1vFUSGxd2ACfeyRR8CjBCxeFVH5JcfX9sAnfEpxadRu?edition_number=58&blockchain=bitmark,1
previews/1b205395-6654-4174-b170-45c82866270b/1624043512/?edition_number=65&blockchain=bitmark,ipfs://QmV1vFUSGxd2ACfeyRR8CjBCxeFVH5JcfX9sAnfEpxadRu?edition_number=65&blockchain=bitmark,1
previews/89c348c1-6e78-4e00-ac3f-f58c9e732731/1624234006/?edition_number=27&blockchain=bitmark,ipfs://Qmbfjm1eX2eorWXuYZXU61qpdaSVXdpK2dmD8qHxq6vkcu?edition_number=27&blockchain=bitmark,1
previews/faa504eb-868c-4134-a7b2-eef051b9abbc/1620642833/?edition_number=161&blockchain=bitmark,ipfs://QmP3apeo3Krrw3aEobPpffs3p5haR7ZnEvcePfSDfcpBS8?edition_number=161&blockchain=bitmark,1
previews/25a0daeb-ec6d-4bfd-8a24-11c44beb5629/1634763514/?edition_number=27&blockchain=bitmark,ipfs://QmbcmMmfVjg2vC35zQM2ktBQqbEk9kqsXzpdKviQ9uesKz?edition_number=27&blockchain=bitmark,1
previews/f6d4f5f8-7f31-48c9-871e-b2cf4d4270aa/1631260875/?edition_number=25&blockchain=bitmark,ipfs://QmSAQxsH7avTLbS8yiKAAsHyzDNjn5wfrVpebCBvVpe88B?edition_number=25&blockchain=bitmark,1
previews/252527ee-2232-45e0-9ead-27379ff26219/1627998769/?edition_number=4&blockchain=bitmark,ipfs://QmSJwtChNJ1nzgaQ4JVLka9impCPMPEEmvDvAE4uHgpBih?edition_number=4&blockchain=bitmark,1
previews/a566dd50-6194-4e88-8aec-59cebbc1ed55/1639419587/?edition_number=41&blockchain=bitmark,ipfs://QmUYrfKmCUmmYtkeAwhbai2WAGNSnhijo5KFXqYNJqFsbb?edition_number=41&blockchain=bitmark,1
previews/adc4221c-4f00-4193-ac82-c4d9b1a0b681/1620671843/?edition_number=84&blockchain=bitmark,ipfs://QmNPgas4vq9gkcQr6YFJ6dK3C2yhR8gwGJW7Hi9BUBJCwU?edition_number=84&blockchain=bitmark,1
previews/03c9301f-e338-4419-8830-3e790fdc936b/1634763480/?edition_number=12&blockchain=bitmark,ipfs://QmXiF2u7YpPnekZirDYJFywxQ4nUru8bfnMhijrFV4X6Tq?edition_number=12&blockchain=bitmark,1
previews/5d7e9132-059f-44d9-a6a9-3c8a9b688965/1632387593/?edition_number=21&blockchain=bitmark,ipfs://QmS5bBj3gQ2JYHNRSxgWeTTmWccDYim9qkJ6wApd156p7L?edition_number=21&blockchain=bitmark,1
previews/2a57c29f-fa5b-440d-8dee-2d58cdb9238c/1620669376/?edition_number=48&blockchain=bitmark,ipfs://QmNZPZifuVpanuoy6WS1nyumb5agihkkdnLZtFhaUmwwFK?edition_number=48&blockchain=bitmark,1
previews/3a9f6d14-d53d-4d5c-b55a-f0e5793d5d0e/1620350770/?edition_number=147&blockchain=bitmark,ipfs://Qma6yMjwzXasZcvR6ojk5KbW2eG7dZV9LmsJ3bMEnNJiqt?edition_number=147&blockchain=bitmark,1
previews/faa504eb-868c-4134-a7b2-eef051b9abbc/1620642833/?edition_number=151&blockchain=bitmark,ipfs://QmP3apeo3Krrw3aEobPpffs3p5haR7ZnEvcePfSDfcpBS8?edition_number=151&blockchain=bitmark,1
previews/faa504eb-868c-4134-a7b2-eef051b9abbc/1620642833/?edition_number=115&blockchain=bitmark,ipfs://QmP3apeo3Krrw3aEobPpffs3p5haR7ZnEvcePfSDfcpBS8?edition_number=115&blockchain=bitmark,1
previews/a566dd50-6194-4e88-8aec-59cebbc1ed55/1639419587/?edition_number=105&blockchain=bitmark,ipfs://QmUYrfKmCUmmYtkeAwhbai2WAGNSnhijo5KFXqYNJqFsbb?edition_number=105&blockchain=bitmark,1
previews/2a57c29f-fa5b-440d-8dee-2d58cdb9238c/1620669376/?edition_number=173&blockchain=bitmark,ipfs://QmNZPZifuVpanuoy6WS1nyumb5agihkkdnLZtFhaUmwwFK?edition_number=173&blockchain=bitmark,1
previews/7e2aceea-c9f0-4afc-a4c6-8d37dda61d02/1725624255/index.html,ipfs://QmNUSLzHMbdZgahujMmrjvMSwVdvnwzRiaiwFSaonej2JT,1
previews/3a9f6d14-d53d-4d5c-b55a-f0e5793d5d0e/1620350770/?edition_number=165&blockchain=bitmark,ipfs://Qma6yMjwzXasZcvR6ojk5KbW2eG7dZV9LmsJ3bMEnNJiqt?edition_number=165&blockchain=bitmark,1
previews/7764ae91-0392-48fb-b68c-796d701bed08/1620416013/?edition_number=132&blockchain=bitmark,ipfs://QmZEJd4b4bFmDDvGaKma1hHXPkkRe2V8wYFYab7Tmw4Lpr?edition_number=132&blockchain=bitmark,1
previews/ec014e95-c9de-4d2e-b464-d95c3f7ae19c/1634763465/?edition_number=42&blockchain=bitmark,ipfs://QmSKF73LGPvLCYkhkp6z5rg1CmjpRjGeaKZ9k26XNqdR7C?edition_number=42&blockchain=bitmark,1
previews/2a57c29f-fa5b-440d-8dee-2d58cdb9238c/1620669376/?edition_number=95&blockchain=bitmark,ipfs://QmNZPZifuVpanuoy6WS1nyumb5agihkkdnLZtFhaUmwwFK?edition_number=95&blockchain=bitmark,1
previews/51a53d4e-c60f-4582-8edc-c9998ed40a24/1629968561/?edition_number=30&blockchain=bitmark,ipfs://QmS4SmjsYC6tTnt4X3WMBQ1ggsnFFutgctXSgMyamRnrPX?edition_number=30&blockchain=bitmark,1
previews/21a5bd39-64d0-490b-b578-6c6ecd317b7a/1634757768/?edition_number=10&blockchain=bitmark,ipfs://Qmc5b84zNCKGhwJ1GbBNujue4xNm1Wjc4NywXCHjkALJPe?edition_number=10&blockchain=bitmark,1
previews/a1b6689f-5236-471a-97a6-70ea0879dd42/1630583755/?edition_number=33&blockchain=bitmark,ipfs://QmQW2wFuM8VAeYZ1vbnHKfPq893MmKgcGmZKbuPjQhMnnh?edition_number=33&blockchain=bitmark,1
previews/ec014e95-c9de-4d2e-b464-d95c3f7ae19c/1634763465/?edition_number=61&blockchain=bitmark,ipfs://QmSKF73LGPvLCYkhkp6z5rg1CmjpRjGeaKZ9k26XNqdR7C?edition_number=61&blockchain=bitmark,1
previews/3e8f638a-c7e2-403a-98d8-c185411825bd/1634763505/?edition_number=45&blockchain=bitmark,ipfs://QmS5n4zNripBYwpoakvMmEN56mpf2iA4onXK7e7Ct8hBRo?edition_number=45&blockchain=bitmark,1
previews/7764ae91-0392-48fb-b68c-796d701bed08/1620416013/?edition_number=6&blockchain=bitmark,ipfs://QmZEJd4b4bFmDDvGaKma1hHXPkkRe2V8wYFYab7Tmw4Lpr?edition_number=6&blockchain=bitmark,1
previews/6e0b8c01-5b11-4ceb-b40a-c1d8efa4a66a/1629980523/?edition_number=34&blockchain=bitmark,ipfs://QmZQSD91yVPYSPQefhrnFLZFRtdntERGgXaXfgAqioQnpQ?edition_number=34&blockchain=bitmark,1
previews/7764ae91-0392-48fb-b68c-796d701bed08/1620416013/?edition_number=43&blockchain=bitmark,ipfs://QmZEJd4b4bFmDDvGaKma1hHXPkkRe2V8wYFYab7Tmw4Lpr?edition_number=43&blockchain=bitmark,1
previews/faa504eb-868c-4134-a7b2-eef051b9abbc/1620642833/?edition_number=166&blockchain=bitmark,ipfs://QmP3apeo3Krrw3aEobPpffs3p5haR7ZnEvcePfSDfcpBS8?edition_number=166&blockchain=bitmark,1
previews/e885a572-1acc-4b0c-9c63-c3f8e49bd302/1634763439/?edition_number=39&blockchain=bitmark,ipfs://QmccKUyRv4yvLedsf7JL4nho4X2oU3PUcn6SiXmJKDZDJ9?edition_number=39&blockchain=bitmark,1
previews/dc8dddb8-7b4e-4d60-80da-071b92444514/1634763492/?edition_number=14&blockchain=bitmark,ipfs://QmXu8fj8fkUCLWL2L5kWu2Mg2oYFzNGZHJttZt2B2kndeg?edition_number=14&blockchain=bitmark,1
previews/6bcc9b62-0ca3-4fdc-8232-0a3f2d4adf13/1620666173/?edition_number=165&blockchain=bitmark,ipfs://QmbTnbbntuoXF87t1FQw92PqBj7xfYY4hKALAV3YDwH1Ey?edition_number=165&blockchain=bitmark,1
previews/ec014e95-c9de-4d2e-b464-d95c3f7ae19c/1634763465/?edition_number=67&blockchain=bitmark,ipfs://QmSKF73LGPvLCYkhkp6z5rg1CmjpRjGeaKZ9k26XNqdR7C?edition_number=67&blockchain=bitmark,1
previews/2fb649d0-3ed2-4539-8ea2-e073b85e9a21/1637626255/?edition_number=25&blockchain=bitmark,ipfs://QmRefkHhKnSznFVavUTSHFQtg2xZagfYRvAgGJTndPJ6v9?edition_number=25&blockchain=bitmark,1
previews/faa504eb-868c-4134-a7b2-eef051b9abbc/1620642833/?edition_number=93&blockchain=bitmark,ipfs://QmP3apeo3Krrw3aEobPpffs3p5haR7ZnEvcePfSDfcpBS8?edition_number=93&blockchain=bitmark,1
previews/ec014e95-c9de-4d2e-b464-d95c3f7ae19c/1634763465/?edition_number=20&blockchain=bitmark,ipfs://QmSKF73LGPvLCYkhkp6z5rg1CmjpRjGeaKZ9k26XNqdR7C?edition_number=20&blockchain=bitmark,1
previews/adc4221c-4f00-4193-ac82-c4d9b1a0b681/1620671843/?edition_number=132&blockchain=bitmark,ipfs://QmNPgas4vq9gkcQr6YFJ6dK3C2yhR8gwGJW7Hi9BUBJCwU?edition_number=132&blockchain=bitmark,1
previews/7764ae91-0392-48fb-b68c-796d701bed08/1620416013/?edition_number=115&blockchain=bitmark,ipfs://QmZEJd4b4bFmDDvGaKma1hHXPkkRe2V8wYFYab7Tmw4Lpr?edition_number=115&blockchain=bitmark,1
previews/47db4cae-c786-4bb3-8735-e932ab81ed7f/1630258818/?edition_number=30&blockchain=bitmark,ipfs://QmdoAemWU9Gh6JzWxvJNFb8bkhkZ43LfrweX39BNusu6nE?edition_number=30&blockchain=bitmark,1
previews/398716ae-a05b-43bb-adb8-48e56114af6a/1634712504/?edition_number=29&blockchain=bitmark,ipfs://QmdD6DadG5GLqauBdhCwsbRRyxQA8zfUN8EMQwsnQdShRC?edition_number=29&blockchain=bitmark,1
previews/7764ae91-0392-48fb-b68c-796d701bed08/1620416013/?edition_number=36&blockchain=bitmark,ipfs://QmZEJd4b4bFmDDvGaKma1hHXPkkRe2V8wYFYab7Tmw4Lpr?edition_number=36&blockchain=bitmark,1
previews/7764ae91-0392-48fb-b68c-796d701bed08/1620416013/?edition_number=162&blockchain=bitmark,ipfs://QmZEJd4b4bFmDDvGaKma1hHXPkkRe2V8wYFYab7Tmw4Lpr?edition_number=162&blockchain=bitmark,1
previews/00f8e853-e20e-49bb-9f2f-8190507b8066/1615449076/?edition_number=62&blockchain=bitmark,ipfs://QmcLtLzmEpbwgQDW2rVJ1d9hwjFs3vHLTR1v1WCCvknDNS?edition_number=62&blockchain=bitmark,1
previews/25a0daeb-ec6d-4bfd-8a24-11c44beb5629/1634763514/?edition_number=17&blockchain=bitmark,ipfs://QmbcmMmfVjg2vC35zQM2ktBQqbEk9kqsXzpdKviQ9uesKz?edition_number=17&blockchain=bitmark,1
previews/3e8f638a-c7e2-403a-98d8-c185411825bd/1634763505/?edition_number=55&blockchain=bitmark,ipfs://QmS5n4zNripBYwpoakvMmEN56mpf2iA4onXK7e7Ct8hBRo?edition_number=55&blockchain=bitmark,1
previews/7764ae91-0392-48fb-b68c-796d701bed08/1620416013/?edition_number=178&blockchain=bitmark,ipfs://QmZEJd4b4bFmDDvGaKma1hHXPkkRe2V8wYFYab7Tmw4Lpr?edition_number=178&blockchain=bitmark,1
previews/1b205395-6654-4174-b170-45c82866270b/1624043512/?edition_number=6&blockchain=bitmark,ipfs://QmV1vFUSGxd2ACfeyRR8CjBCxeFVH5JcfX9sAnfEpxadRu?edition_number=6&blockchain=bitmark,1
previews/522055e6-e5d8-41b5-8cad-9823c9666e2a/1654421582/?edition_number=78&blockchain=bitmark,ipfs://QmSc65zdutiNEooeriju5z267FuX21Fqw5f1sNt2eaQbMG?edition_number=78&blockchain=bitmark,1
previews/a566dd50-6194-4e88-8aec-59cebbc1ed55/1639419587/?edition_number=97&blockchain=bitmark,ipfs://QmUYrfKmCUmmYtkeAwhbai2WAGNSnhijo5KFXqYNJqFsbb?edition_number=97&blockchain=bitmark,1
previews/faa504eb-868c-4134-a7b2-eef051b9abbc/1620642833/?edition_number=168&blockchain=bitmark,ipfs://QmP3apeo3Krrw3aEobPpffs3p5haR7ZnEvcePfSDfcpBS8?edition_number=168&blockchain=bitmark,1
previews/faa504eb-868c-4134-a7b2-eef051b9abbc/1620642833/?edition_number=183&blockchain=bitmark,ipfs://QmP3apeo3Krrw3aEobPpffs3p5haR7ZnEvcePfSDfcpBS8?edition_number=183&blockchain=bitmark,1
previews/3a9f6d14-d53d-4d5c-b55a-f0e5793d5d0e/1620350770/?edition_number=43&blockchain=bitmark,ipfs://Qma6yMjwzXasZcvR6ojk5KbW2eG7dZV9LmsJ3bMEnNJiqt?edition_number=43&blockchain=bitmark,1
previews/398716ae-a05b-43bb-adb8-48e56114af6a/1634712504/?edition_number=21&blockchain=bitmark,ipfs://QmdD6DadG5GLqauBdhCwsbRRyxQA8zfUN8EMQwsnQdShRC?edition_number=21&blockchain=bitmark,1
previews/93544620-dff8-4ae5-8194-3f527e8cc91e/1634763453/?edition_number=79&blockchain=bitmark,ipfs://QmNnXVL5JXjMrFp3AnaYUcdiexeXzvSJ8UNRLFi9gSAwam?edition_number=79&blockchain=bitmark,1
previews/d7f80e10-a227-4272-bd58-2da08703d460/1632732499/?edition_number=50&blockchain=bitmark,ipfs://QmPuryaXop8PJj8fEriFsyywg1ngKhuesu2e4wgRRoMcjq?edition_number=50&blockchain=bitmark,1
previews/47db4cae-c786-4bb3-8735-e932ab81ed7f/1630258818/?edition_number=14&blockchain=bitmark,ipfs://QmdoAemWU9Gh6JzWxvJNFb8bkhkZ43LfrweX39BNusu6nE?edition_number=14&blockchain=bitmark,1
previews/28cad12d-50f2-4d82-a77d-1284cf934b8c/1615815656/?edition_number=4&blockchain=bitmark,ipfs://QmYia6LpBUpSkPioL5r14CqiFLZZJDf2MM9wo1es9Xn9k2?edition_number=4&blockchain=bitmark,1
previews/faa504eb-868c-4134-a7b2-eef051b9abbc/1620642833/?edition_number=192&blockchain=bitmark,ipfs://QmP3apeo3Krrw3aEobPpffs3p5haR7ZnEvcePfSDfcpBS8?edition_number=192&blockchain=bitmark,1
previews/a1b6689f-5236-471a-97a6-70ea0879dd42/1630583755/?edition_number=52&blockchain=bitmark,ipfs://QmQW2wFuM8VAeYZ1vbnHKfPq893MmKgcGmZKbuPjQhMnnh?edition_number=52&blockchain=bitmark,1
previews/522055e6-e5d8-41b5-8cad-9823c9666e2a/1654421582/?edition_number=77&blockchain=bitmark,ipfs://QmSc65zdutiNEooeriju5z267FuX21Fqw5f1sNt2eaQbMG?edition_number=77&blockchain=bitmark,1
previews/d7f80e10-a227-4272-bd58-2da08703d460/1632732499/?edition_number=28&blockchain=bitmark,ipfs://QmPuryaXop8PJj8fEriFsyywg1ngKhuesu2e4wgRRoMcjq?edition_number=28&blockchain=bitmark,1
previews/93544620-dff8-4ae5-8194-3f527e8cc91e/1634763453/?edition_number=21&blockchain=bitmark,ipfs://QmNnXVL5JXjMrFp3AnaYUcdiexeXzvSJ8UNRLFi9gSAwam?edition_number=21&blockchain=bitmark,1
previews/a566dd50-6194-4e88-8aec-59cebbc1ed55/1639419587/?edition_number=93&blockchain=bitmark,ipfs://QmUYrfKmCUmmYtkeAwhbai2WAGNSnhijo5KFXqYNJqFsbb?edition_number=93&blockchain=bitmark,1
previews/7764ae91-0392-48fb-b68c-796d701bed08/1620416013/?edition_number=128&blockchain=bitmark,ipfs://QmZEJd4b4bFmDDvGaKma1hHXPkkRe2V8wYFYab7Tmw4Lpr?edition_number=128&blockchain=bitmark,1
previews/faa504eb-868c-4134-a7b2-eef051b9abbc/1620642833/?edition_number=134&blockchain=bitmark,ipfs://QmP3apeo3Krrw3aEobPpffs3p5haR7ZnEvcePfSDfcpBS8?edition_number=134&blockchain=bitmark,1
previews/6bcc9b62-0ca3-4fdc-8232-0a3f2d4adf13/1620666173/?edition_number=87&blockchain=bitmark,ipfs://QmbTnbbntuoXF87t1FQw92PqBj7xfYY4hKALAV3YDwH1Ey?edition_number=87&blockchain=bitmark,1
previews/a566dd50-6194-4e88-8aec-59cebbc1ed55/1639419587/?edition_number=92&blockchain=bitmark,ipfs://QmUYrfKmCUmmYtkeAwhbai2WAGNSnhijo5KFXqYNJqFsbb?edition_number=92&blockchain=bitmark,1
previews/522055e6-e5d8-41b5-8cad-9823c9666e2a/1654421582/?edition_number=62&blockchain=bitmark,ipfs://QmSc65zdutiNEooeriju5z267FuX21Fqw5f1sNt2eaQbMG?edition_number=62&blockchain=bitmark,1
previews/7764ae91-0392-48fb-b68c-796d701bed08/1620416013/?edition_number=194&blockchain=bitmark,ipfs://QmZEJd4b4bFmDDvGaKma1hHXPkkRe2V8wYFYab7Tmw4Lpr?edition_number=194&blockchain=bitmark,1
previews/3a9f6d14-d53d-4d5c-b55a-f0e5793d5d0e/1620350770/?edition_number=151&blockchain=bitmark,ipfs://Qma6yMjwzXasZcvR6ojk5KbW2eG7dZV9LmsJ3bMEnNJiqt?edition_number=151&blockchain=bitmark,1
previews/a566dd50-6194-4e88-8aec-59cebbc1ed55/1639419587/?edition_number=101&blockchain=bitmark,ipfs://QmUYrfKmCUmmYtkeAwhbai2WAGNSnhijo5KFXqYNJqFsbb?edition_number=101&blockchain=bitmark,1
previews/89c348c1-6e78-4e00-ac3f-f58c9e732731/1624234006/?edition_number=67&blockchain=bitmark,ipfs://Qmbfjm1eX2eorWXuYZXU61qpdaSVXdpK2dmD8qHxq6vkcu?edition_number=67&blockchain=bitmark,1
previews/3a9f6d14-d53d-4d5c-b55a-f0e5793d5d0e/1620350770/?edition_number=180&blockchain=bitmark,ipfs://Qma6yMjwzXasZcvR6ojk5KbW2eG7dZV9LmsJ3bMEnNJiqt?edition_number=180&blockchain=bitmark,1
previews/3e8f638a-c7e2-403a-98d8-c185411825bd/1634763505/?edition_number=79&blockchain=bitmark,ipfs://QmS5n4zNripBYwpoakvMmEN56mpf2iA4onXK7e7Ct8hBRo?edition_number=79&blockchain=bitmark,1
previews/21a5bd39-64d0-490b-b578-6c6ecd317b7a/1634757768/?edition_number=75&blockchain=bitmark,ipfs://Qmc5b84zNCKGhwJ1GbBNujue4xNm1Wjc4NywXCHjkALJPe?edition_number=75&blockchain=bitmark,1
previews/99d373e5-cc9d-45e8-8aa5-1ed47e481791/1637491523/?edition_number=24&blockchain=bitmark,ipfs://QmToXp7VsiZGT7ZrVbbAncG4TfJPyusG3GWJE4raeg5ih6?edition_number=24&blockchain=bitmark,1
previews/89c348c1-6e78-4e00-ac3f-f58c9e732731/1624234006/?edition_number=77&blockchain=bitmark,ipfs://Qmbfjm1eX2eorWXuYZXU61qpdaSVXdpK2dmD8qHxq6vkcu?edition_number=77&blockchain=bitmark,1
previews/faa504eb-868c-4134-a7b2-eef051b9abbc/1620642833/?edition_number=84&blockchain=bitmark,ipfs://QmP3apeo3Krrw3aEobPpffs3p5haR7ZnEvcePfSDfcpBS8?edition_number=84&blockchain=bitmark,1
previews/00f8e853-e20e-49bb-9f2f-8190507b8066/1615449076/?edition_number=3&blockchain=bitmark,ipfs://QmcLtLzmEpbwgQDW2rVJ1d9hwjFs3vHLTR1v1WCCvknDNS?edition_number=3&blockchain=bitmark,1
previews/25a0daeb-ec6d-4bfd-8a24-11c44beb5629/1634763514/?edition_number=65&blockchain=bitmark,ipfs://QmbcmMmfVjg2vC35zQM2ktBQqbEk9kqsXzpdKviQ9uesKz?edition_number=65&blockchain=bitmark,1
previews/dc8dddb8-7b4e-4d60-80da-071b92444514/1634763492/?edition_number=19&blockchain=bitmark,ipfs://QmXu8fj8fkUCLWL2L5kWu2Mg2oYFzNGZHJttZt2B2kndeg?edition_number=19&blockchain=bitmark,1
previews/3a9f6d14-d53d-4d5c-b55a-f0e5793d5d0e/1620350770/?edition_number=63&blockchain=bitmark,ipfs://Qma6yMjwzXasZcvR6ojk5KbW2eG7dZV9LmsJ3bMEnNJiqt?edition_number=63&blockchain=bitmark,1
previews/7764ae91-0392-48fb-b68c-796d701bed08/1620416013/?edition_number=65&blockchain=bitmark,ipfs://QmZEJd4b4bFmDDvGaKma1hHXPkkRe2V8wYFYab7Tmw4Lpr?edition_number=65&blockchain=bitmark,1
previews/07c766f0-edc4-45fd-be50-83f89228b08c/1615370392/?edition_number=55&blockchain=bitmark,ipfs://QmSCPSiToTUWq2K7JsupsyPVPskSDTPfVAsMUVJcHhqgKh?edition_number=55&blockchain=bitmark,1
previews/f503f9fe-276c-4519-92b7-8a2239cfa489/1638359231/?edition_number=59&blockchain=bitmark,ipfs://QmcY75WevXSAKBDENuiHv5ZVm9TjGzy1Nya31bTet99aQK?edition_number=59&blockchain=bitmark,1
previews/adc4221c-4f00-4193-ac82-c4d9b1a0b681/1620671843/?edition_number=154&blockchain=bitmark,ipfs://QmNPgas4vq9gkcQr6YFJ6dK3C2yhR8gwGJW7Hi9BUBJCwU?edition_number=154&blockchain=bitmark,1
previews/252527ee-2232-45e0-9ead-27379ff26219/1627998769/?edition_number=1&blockchain=bitmark,ipfs://QmSJwtChNJ1nzgaQ4JVLka9impCPMPEEmvDvAE4uHgpBih?edition_number=1&blockchain=bitmark,1
previews/522055e6-e5d8-41b5-8cad-9823c9666e2a/1654421582/?edition_number=4&blockchain=bitmark,ipfs://QmSc65zdutiNEooeriju5z267FuX21Fqw5f1sNt2eaQbMG?edition_number=4&blockchain=bitmark,1
previews/faa504eb-868c-4134-a7b2-eef051b9abbc/1620642833/?edition_number=175&blockchain=bitmark,ipfs://QmP3apeo3Krrw3aEobPpffs3p5haR7ZnEvcePfSDfcpBS8?edition_number=175&blockchain=bitmark,1
previews/398716ae-a05b-43bb-adb8-48e56114af6a/1634712504/?edition_number=77&blockchain=bitmark,ipfs://QmdD6DadG5GLqauBdhCwsbRRyxQA8zfUN8EMQwsnQdShRC?edition_number=77&blockchain=bitmark,1
previews/7764ae91-0392-48fb-b68c-796d701bed08/1620416013/?edition_number=25&blockchain=bitmark,ipfs://QmZEJd4b4bFmDDvGaKma1hHXPkkRe2V8wYFYab7Tmw4Lpr?edition_number=25&blockchain=bitmark,1
previews/a566dd50-6194-4e88-8aec-59cebbc1ed55/1639419587/?edition_number=98&blockchain=bitmark,ipfs://QmUYrfKmCUmmYtkeAwhbai2WAGNSnhijo5KFXqYNJqFsbb?edition_number=98&blockchain=bitmark,1
previews/ec014e95-c9de-4d2e-b464-d95c3f7ae19c/1634763465/?edition_number=10&blockchain=bitmark,ipfs://QmSKF73LGPvLCYkhkp6z5rg1CmjpRjGeaKZ9k26XNqdR7C?edition_number=10&blockchain=bitmark,1
previews/252527ee-2232-45e0-9ead-27379ff26219/1627998769/?edition_number=68&blockchain=bitmark,ipfs://QmSJwtChNJ1nzgaQ4JVLka9impCPMPEEmvDvAE4uHgpBih?edition_number=68&blockchain=bitmark,1
previews/398716ae-a05b-43bb-adb8-48e56114af6a/1634712504/?edition_number=55&blockchain=bitmark,ipfs://QmdD6DadG5GLqauBdhCwsbRRyxQA8zfUN8EMQwsnQdShRC?edition_number=55&blockchain=bitmark,1
previews/00f8e853-e20e-49bb-9f2f-8190507b8066/1615449076/?edition_number=68&blockchain=bitmark,ipfs://QmcLtLzmEpbwgQDW2rVJ1d9hwjFs3vHLTR1v1WCCvknDNS?edition_number=68&blockchain=bitmark,1
previews/2d1f1330-d66a-4e9e-afd6-c17e5e55f2c4/1627893099/?edition_number=53&blockchain=bitmark,ipfs://QmRkSgNjaMqSzJgkxHrrYcPVX4Ko2DhLTUecjfYQjufPT7?edition_number=53&blockchain=bitmark,1
previews/6bcc9b62-0ca3-4fdc-8232-0a3f2d4adf13/1620666173/?edition_number=156&blockchain=bitmark,ipfs://QmbTnbbntuoXF87t1FQw92PqBj7xfYY4hKALAV3YDwH1Ey?edition_number=156&blockchain=bitmark,1
previews/2d1f1330-d66a-4e9e-afd6-c17e5e55f2c4/1627893099/?edition_number=59&blockchain=bitmark,ipfs://QmRkSgNjaMqSzJgkxHrrYcPVX4Ko2DhLTUecjfYQjufPT7?edition_number=59&blockchain=bitmark,1
previews/a566dd50-6194-4e88-8aec-59cebbc1ed55/1639419587/?edition_number=86&blockchain=bitmark,ipfs://QmUYrfKmCUmmYtkeAwhbai2WAGNSnhijo5KFXqYNJqFsbb?edition_number=86&blockchain=bitmark,1
previews/25a0daeb-ec6d-4bfd-8a24-11c44beb5629/1634763514/?edition_number=16&blockchain=bitmark,ipfs://QmbcmMmfVjg2vC35zQM2ktBQqbEk9kqsXzpdKviQ9uesKz?edition_number=16&blockchain=bitmark,1
previews/a1b6689f-5236-471a-97a6-70ea0879dd42/1630583755/?edition_number=58&blockchain=bitmark,ipfs://QmQW2wFuM8VAeYZ1vbnHKfPq893MmKgcGmZKbuPjQhMnnh?edition_number=58&blockchain=bitmark,1
previews/3e8f638a-c7e2-403a-98d8-c185411825bd/1634763505/?edition_number=17&blockchain=bitmark,ipfs://QmS5n4zNripBYwpoakvMmEN56mpf2iA4onXK7e7Ct8hBRo?edition_number=17&blockchain=bitmark,1
previews/6bcc9b62-0ca3-4fdc-8232-0a3f2d4adf13/1620666173/?edition_number=7&blockchain=bitmark,ipfs://QmbTnbbntuoXF87t1FQw92PqBj7xfYY4hKALAV3YDwH1Ey?edition_number=7&blockchain=bitmark,1
previews/dc8dddb8-7b4e-4d60-80da-071b92444514/1634763492/?edition_number=71&blockchain=bitmark,ipfs://QmXu8fj8fkUCLWL2L5kWu2Mg2oYFzNGZHJttZt2B2kndeg?edition_number=71&blockchain=bitmark,1
previews/93544620-dff8-4ae5-8194-3f527e8cc91e/1634763453/?edition_number=34&blockchain=bitmark,ipfs://QmNnXVL5JXjMrFp3AnaYUcdiexeXzvSJ8UNRLFi9gSAwam?edition_number=34&blockchain=bitmark,1
previews/2a57c29f-fa5b-440d-8dee-2d58cdb9238c/1620669376/?edition_number=118&blockchain=bitmark,ipfs://QmNZPZifuVpanuoy6WS1nyumb5agihkkdnLZtFhaUmwwFK?edition_number=118&blockchain=bitmark,1
previews/7764ae91-0392-48fb-b68c-796d701bed08/1620416013/?edition_number=89&blockchain=bitmark,ipfs://QmZEJd4b4bFmDDvGaKma1hHXPkkRe2V8wYFYab7Tmw4Lpr?edition_number=89&blockchain=bitmark,1
previews/ed25109e-3e36-429d-aafd-a9cd12f854fb/1646913052/?edition_number=0&blockchain=bitmark,ipfs://Qmbj2uzNbaMiEYTtKCm2LenVjTRrxQ1cpFUBzEcUyQ7Qtm?edition_number=0&blockchain=bitmark,1
previews/3a9f6d14-d53d-4d5c-b55a-f0e5793d5d0e/1620350770/?edition_number=66&blockchain=bitmark,ipfs://Qma6yMjwzXasZcvR6ojk5KbW2eG7dZV9LmsJ3bMEnNJiqt?edition_number=66&blockchain=bitmark,1
previews/33e55482-5dac-40b8-972e-750c374d69bb/1615652677/?edition_number=67&blockchain=bitmark,ipfs://QmXcWqxUjoJWwoSqo4iqF1spNHd9zMKneT41gCTAXCrEGi?edition_number=67&blockchain=bitmark,1
previews/adc4221c-4f00-4193-ac82-c4d9b1a0b681/1620671843/?edition_number=170&blockchain=bitmark,ipfs://QmNPgas4vq9gkcQr6YFJ6dK3C2yhR8gwGJW7Hi9BUBJCwU?edition_number=170&blockchain=bitmark,1
previews/adc4221c-4f00-4193-ac82-c4d9b1a0b681/1620671843/?edition_number=38&blockchain=bitmark,ipfs://QmNPgas4vq9gkcQr6YFJ6dK3C2yhR8gwGJW7Hi9BUBJCwU?edition_number=38&blockchain=bitmark,1
previews/51a53d4e-c60f-4582-8edc-c9998ed40a24/1629968561/?edition_number=38&blockchain=bitmark,ipfs://QmS4SmjsYC6tTnt4X3WMBQ1ggsnFFutgctXSgMyamRnrPX?edition_number=38&blockchain=bitmark,1
previews/e5437c4c-e32c-40e4-9b0a-074db2d11a6a/1725623770/index.html,ipfs://QmP3P77QmqWf2GyunAQPqJRw3bgQJAaif1Fa6KQRdYwKp9,1
previews/4f69d4eb-5f33-4d3b-a0ac-cc4189bf1f83/1646912972/?edition_number=0&blockchain=bitmark,ipfs://QmPUeT8rPUMPyn5xennwkNQAzoZTyaos833sDrfimCXBn8?edition_number=0&blockchain=bitmark,1
previews/a566dd50-6194-4e88-8aec-59cebbc1ed55/1639419587/?edition_number=49&blockchain=bitmark,ipfs://QmUYrfKmCUmmYtkeAwhbai2WAGNSnhijo5KFXqYNJqFsbb?edition_number=49&blockchain=bitmark,1
previews/a566dd50-6194-4e88-8aec-59cebbc1ed55/1639419587/?edition_number=114&blockchain=bitmark,ipfs://QmUYrfKmCUmmYtkeAwhbai2WAGNSnhijo5KFXqYNJqFsbb?edition_number=114&blockchain=bitmark,1
previews/adc4221c-4f00-4193-ac82-c4d9b1a0b681/1620671843/?edition_number=164&blockchain=bitmark,ipfs://QmNPgas4vq9gkcQr6YFJ6dK3C2yhR8gwGJW7Hi9BUBJCwU?edition_number=164&blockchain=bitmark,1
previews/522055e6-e5d8-41b5-8cad-9823c9666e2a/1654421582/?edition_number=20&blockchain=bitmark,ipfs://QmSc65zdutiNEooeriju5z267FuX21Fqw5f1sNt2eaQbMG?edition_number=20&blockchain=bitmark,1
previews/3e8f638a-c7e2-403a-98d8-c185411825bd/1634763505/?edition_number=62&blockchain=bitmark,ipfs://QmS5n4zNripBYwpoakvMmEN56mpf2iA4onXK7e7Ct8hBRo?edition_number=62&blockchain=bitmark,1
previews/6bcc9b62-0ca3-4fdc-8232-0a3f2d4adf13/1620666173/?edition_number=53&blockchain=bitmark,ipfs://QmbTnbbntuoXF87t1FQw92PqBj7xfYY4hKALAV3YDwH1Ey?edition_number=53&blockchain=bitmark,1
previews/faa504eb-868c-4134-a7b2-eef051b9abbc/1620642833/?edition_number=2&blockchain=bitmark,ipfs://QmP3apeo3Krrw3aEobPpffs3p5haR7ZnEvcePfSDfcpBS8?edition_number=2&blockchain=bitmark,1
previews/a566dd50-6194-4e88-8aec-59cebbc1ed55/1639419587/?edition_number=43&blockchain=bitmark,ipfs://QmUYrfKmCUmmYtkeAwhbai2WAGNSnhijo5KFXqYNJqFsbb?edition_number=43&blockchain=bitmark,1
previews/00f8e853-e20e-49bb-9f2f-8190507b8066/1615449076/?edition_number=56&blockchain=bitmark,ipfs://QmcLtLzmEpbwgQDW2rVJ1d9hwjFs3vHLTR1v1WCCvknDNS?edition_number=56&blockchain=bitmark,1
previews/47db4cae-c786-4bb3-8735-e932ab81ed7f/1630258818/?edition_number=55&blockchain=bitmark,ipfs://QmdoAemWU9Gh6JzWxvJNFb8bkhkZ43LfrweX39BNusu6nE?edition_number=55&blockchain=bitmark,1
previews/a566dd50-6194-4e88-8aec-59cebbc1ed55/1639419587/?edition_number=110&blockchain=bitmark,ipfs://QmUYrfKmCUmmYtkeAwhbai2WAGNSnhijo5KFXqYNJqFsbb?edition_number=110&blockchain=bitmark,1
previews/dc8dddb8-7b4e-4d60-80da-071b92444514/1634763492/?edition_number=5&blockchain=bitmark,ipfs://QmXu8fj8fkUCLWL2L5kWu2Mg2oYFzNGZHJttZt2B2kndeg?edition_number=5&blockchain=bitmark,1
previews/e885a572-1acc-4b0c-9c63-c3f8e49bd302/1634763439/?edition_number=46&blockchain=bitmark,ipfs://QmccKUyRv4yvLedsf7JL4nho4X2oU3PUcn6SiXmJKDZDJ9?edition_number=46&blockchain=bitmark,1
previews/e885a572-1acc-4b0c-9c63-c3f8e49bd302/1634763439/?edition_number=20&blockchain=bitmark,ipfs://QmccKUyRv4yvLedsf7JL4nho4X2oU3PUcn6SiXmJKDZDJ9?edition_number=20&blockchain=bitmark,1
previews/faa504eb-868c-4134-a7b2-eef051b9abbc/1620642833/?edition_number=123&blockchain=bitmark,ipfs://QmP3apeo3Krrw3aEobPpffs3p5haR7ZnEvcePfSDfcpBS8?edition_number=123&blockchain=bitmark,1
previews/2a57c29f-fa5b-440d-8dee-2d58cdb9238c/1620669376/?edition_number=39&blockchain=bitmark,ipfs://QmNZPZifuVpanuoy6WS1nyumb5agihkkdnLZtFhaUmwwFK?edition_number=39&blockchain=bitmark,1
previews/f0cf5ba9-4d45-45a7-aafa-a340ccb1dca8/1653025764/?edition_number=0&blockchain=bitmark,ipfs://QmbhkN6fsNpyZQx43Hdbtyo4ZmLZqgSG8VHhYgoGfN4xoC?edition_number=0&blockchain=bitmark,1
previews/3e8f638a-c7e2-403a-98d8-c185411825bd/1634763505/?edition_number=20&blockchain=bitmark,ipfs://QmS5n4zNripBYwpoakvMmEN56mpf2iA4onXK7e7Ct8hBRo?edition_number=20&blockchain=bitmark,1
previews/21a5bd39-64d0-490b-b578-6c6ecd317b7a/1634757768/?edition_number=30&blockchain=bitmark,ipfs://Qmc5b84zNCKGhwJ1GbBNujue4xNm1Wjc4NywXCHjkALJPe?edition_number=30&blockchain=bitmark,1
previews/f503f9fe-276c-4519-92b7-8a2239cfa489/1638359231/?edition_number=47&blockchain=bitmark,ipfs://QmcY75WevXSAKBDENuiHv5ZVm9TjGzy1Nya31bTet99aQK?edition_number=47&blockchain=bitmark,1
previews/3a9f6d14-d53d-4d5c-b55a-f0e5793d5d0e/1620350770/?edition_number=126&blockchain=bitmark,ipfs://Qma6yMjwzXasZcvR6ojk5KbW2eG7dZV9LmsJ3bMEnNJiqt?edition_number=126&blockchain=bitmark,1
previews/3a9f6d14-d53d-4d5c-b55a-f0e5793d5d0e/1620350770/?edition_number=125&blockchain=bitmark,ipfs://Qma6yMjwzXasZcvR6ojk5KbW2eG7dZV9LmsJ3bMEnNJiqt?edition_number=125&blockchain=bitmark,1
previews/21a5bd39-64d0-490b-b578-6c6ecd317b7a/1634757768/?edition_number=39&blockchain=bitmark,ipfs://Qmc5b84zNCKGhwJ1GbBNujue4xNm1Wjc4NywXCHjkALJPe?edition_number=39&blockchain=bitmark,1
previews/7764ae91-0392-48fb-b68c-796d701bed08/1620416013/?edition_number=175&blockchain=bitmark,ipfs://QmZEJd4b4bFmDDvGaKma1hHXPkkRe2V8wYFYab7Tmw4Lpr?edition_number=175&blockchain=bitmark,1
previews/dc8dddb8-7b4e-4d60-80da-071b92444514/1634763492/?edition_number=61&blockchain=bitmark,ipfs://QmXu8fj8fkUCLWL2L5kWu2Mg2oYFzNGZHJttZt2B2kndeg?edition_number=61&blockchain=bitmark,1
previews/7764ae91-0392-48fb-b68c-796d701bed08/1620416013/?edition_number=77&blockchain=bitmark,ipfs://QmZEJd4b4bFmDDvGaKma1hHXPkkRe2V8wYFYab7Tmw4Lpr?edition_number=77&blockchain=bitmark,1
previews/adc4221c-4f00-4193-ac82-c4d9b1a0b681/1620671843/?edition_number=49&blockchain=bitmark,ipfs://QmNPgas4vq9gkcQr6YFJ6dK3C2yhR8gwGJW7Hi9BUBJCwU?edition_number=49&blockchain=bitmark,1
previews/31a680b4-c00a-4eac-8729-cba633c91c54/1638740490/?edition_number=113&blockchain=bitmark,ipfs://QmY3LP9vyD9xTupVYExXDYUg3xkpGBKHDj9r7S3aNYtJsm?edition_number=113&blockchain=bitmark,1
previews/25a0daeb-ec6d-4bfd-8a24-11c44beb5629/1634763514/?edition_number=29&blockchain=bitmark,ipfs://QmbcmMmfVjg2vC35zQM2ktBQqbEk9kqsXzpdKviQ9uesKz?edition_number=29&blockchain=bitmark,1
previews/7764ae91-0392-48fb-b68c-796d701bed08/1620416013/?edition_number=49&blockchain=bitmark,ipfs://QmZEJd4b4bFmDDvGaKma1hHXPkkRe2V8wYFYab7Tmw4Lpr?edition_number=49&blockchain=bitmark,1
previews/94c4b51e-3c29-4568-9545-0556b290e14b/1725624039/index.html,ipfs://QmeasLSgQaDMEctFiQKN7f9AhgkADZbmWUexWjCWL49iFT,1
previews/5d7e9132-059f-44d9-a6a9-3c8a9b688965/1632387593/?edition_number=8&blockchain=bitmark,ipfs://QmS5bBj3gQ2JYHNRSxgWeTTmWccDYim9qkJ6wApd156p7L?edition_number=8&blockchain=bitmark,1
previews/25a0daeb-ec6d-4bfd-8a24-11c44beb5629/1634763514/?edition_number=67&blockchain=bitmark,ipfs://QmbcmMmfVjg2vC35zQM2ktBQqbEk9kqsXzpdKviQ9uesKz?edition_number=67&blockchain=bitmark,1
previews/adc4221c-4f00-4193-ac82-c4d9b1a0b681/1620671843/?edition_number=177&blockchain=bitmark,ipfs://QmNPgas4vq9gkcQr6YFJ6dK3C2yhR8gwGJW7Hi9BUBJCwU?edition_number=177&blockchain=bitmark,1
previews/3e8f638a-c7e2-403a-98d8-c185411825bd/1634763505/?edition_number=21&blockchain=bitmark,ipfs://QmS5n4zNripBYwpoakvMmEN56mpf2iA4onXK7e7Ct8hBRo?edition_number=21&blockchain=bitmark,1
previews/dc8dddb8-7b4e-4d60-80da-071b92444514/1634763492/?edition_number=72&blockchain=bitmark,ipfs://QmXu8fj8fkUCLWL2L5kWu2Mg2oYFzNGZHJttZt2B2kndeg?edition_number=72&blockchain=bitmark,1
previews/f004b2e2-91bf-4517-8815-faea12a3f062/1725624305/index.html,ipfs://QmUTZex82CRVAfSvFmHH4bkRSKwkNEDnCvAkPYbp1vTr8H,1
previews/e885a572-1acc-4b0c-9c63-c3f8e49bd302/1634763439/?edition_number=6&blockchain=bitmark,ipfs://QmccKUyRv4yvLedsf7JL4nho4X2oU3PUcn6SiXmJKDZDJ9?edition_number=6&blockchain=bitmark,1
previews/522055e6-e5d8-41b5-8cad-9823c9666e2a/1654421582/?edition_number=47&blockchain=bitmark,ipfs://QmSc65zdutiNEooeriju5z267FuX21Fqw5f1sNt2eaQbMG?edition_number=47&blockchain=bitmark,1
previews/2a57c29f-fa5b-440d-8dee-2d58cdb9238c/1620669376/?edition_number=37&blockchain=bitmark,ipfs://QmNZPZifuVpanuoy6WS1nyumb5agihkkdnLZtFhaUmwwFK?edition_number=37&blockchain=bitmark,1
previews/faa504eb-868c-4134-a7b2-eef051b9abbc/1620642833/?edition_number=103&blockchain=bitmark,ipfs://QmP3apeo3Krrw3aEobPpffs3p5haR7ZnEvcePfSDfcpBS8?edition_number=103&blockchain=bitmark,1
previews/adc4221c-4f00-4193-ac82-c4d9b1a0b681/1620671843/?edition_number=190&blockchain=bitmark,ipfs://QmNPgas4vq9gkcQr6YFJ6dK3C2yhR8gwGJW7Hi9BUBJCwU?edition_number=190&blockchain=bitmark,1
previews/faa504eb-868c-4134-a7b2-eef051b9abbc/1620642833/?edition_number=184&blockchain=bitmark,ipfs://QmP3apeo3Krrw3aEobPpffs3p5haR7ZnEvcePfSDfcpBS8?edition_number=184&blockchain=bitmark,1
previews/43c29566-9fad-42ce-aab9-1c4947164d94/1615728457/?edition_number=38&blockchain=bitmark,ipfs://QmXGTYqi6SLV2wA1Wf1gpo5yMRbwKKqdo9XvxsdPYjnbPx?edition_number=38&blockchain=bitmark,1
previews/93544620-dff8-4ae5-8194-3f527e8cc91e/1634763453/?edition_number=55&blockchain=bitmark,ipfs://QmNnXVL5JXjMrFp3AnaYUcdiexeXzvSJ8UNRLFi9gSAwam?edition_number=55&blockchain=bitmark,1
previews/90b82f85-dda3-417b-8af3-7e2d9a8756ba/1655449061/preview.mp4,ipfs://QmeaMhcDbizQ5KfbJGMq2NK6HMAbxE1gBfYyoBa9JtVY8Y,1
previews/6bcc9b62-0ca3-4fdc-8232-0a3f2d4adf13/1620666173/?edition_number=162&blockchain=bitmark,ipfs://QmbTnbbntuoXF87t1FQw92PqBj7xfYY4hKALAV3YDwH1Ey?edition_number=162&blockchain=bitmark,1
previews/f503f9fe-276c-4519-92b7-8a2239cfa489/1638359231/?edition_number=99&blockchain=bitmark,ipfs://QmcY75WevXSAKBDENuiHv5ZVm9TjGzy1Nya31bTet99aQK?edition_number=99&blockchain=bitmark,1
previews/51a53d4e-c60f-4582-8edc-c9998ed40a24/1629968561/?edition_number=37&blockchain=bitmark,ipfs://QmS4SmjsYC6tTnt4X3WMBQ1ggsnFFutgctXSgMyamRnrPX?edition_number=37&blockchain=bitmark,1
previews/faa504eb-868c-4134-a7b2-eef051b9abbc/1620642833/?edition_number=188&blockchain=bitmark,ipfs://QmP3apeo3Krrw3aEobPpffs3p5haR7ZnEvcePfSDfcpBS8?edition_number=188&blockchain=bitmark,1
previews/522055e6-e5d8-41b5-8cad-9823c9666e2a/1654421582/?edition_number=0&blockchain=bitmark,ipfs://QmSc65zdutiNEooeriju5z267FuX21Fqw5f1sNt2eaQbMG?edition_number=0&blockchain=bitmark,1
previews/6bcc9b62-0ca3-4fdc-8232-0a3f2d4adf13/1620666173/?edition_number=172&blockchain=bitmark,ipfs://QmbTnbbntuoXF87t1FQw92PqBj7xfYY4hKALAV3YDwH1Ey?edition_number=172&blockchain=bitmark,1
previews/2a57c29f-fa5b-440d-8dee-2d58cdb9238c/1620669376/?edition_number=127&blockchain=bitmark,ipfs://QmNZPZifuVpanuoy6WS1nyumb5agihkkdnLZtFhaUmwwFK?edition_number=127&blockchain=bitmark,1
previews/a566dd50-6194-4e88-8aec-59cebbc1ed55/1639419587/?edition_number=90&blockchain=bitmark,ipfs://QmUYrfKmCUmmYtkeAwhbai2WAGNSnhijo5KFXqYNJqFsbb?edition_number=90&blockchain=bitmark,1
previews/adc4221c-4f00-4193-ac82-c4d9b1a0b681/1620671843/?edition_number=184&blockchain=bitmark,ipfs://QmNPgas4vq9gkcQr6YFJ6dK3C2yhR8gwGJW7Hi9BUBJCwU?edition_number=184&blockchain=bitmark,1
previews/28cad12d-50f2-4d82-a77d-1284cf934b8c/1615815656/?edition_number=69&blockchain=bitmark,ipfs://QmYia6LpBUpSkPioL5r14CqiFLZZJDf2MM9wo1es9Xn9k2?edition_number=69&blockchain=bitmark,1
previews/9983bf66-380e-4af3-bee9-237c492f18a0/1615757415/?edition_number=39&blockchain=bitmark,ipfs://QmWVJ8KpYhHrHRBXwL7oyBDW2BAn2AiEykhnx21Yb1Gpwv?edition_number=39&blockchain=bitmark,1
previews/252527ee-2232-45e0-9ead-27379ff26219/1627998769/?edition_number=2&blockchain=bitmark,ipfs://QmSJwtChNJ1nzgaQ4JVLka9impCPMPEEmvDvAE4uHgpBih?edition_number=2&blockchain=bitmark,1
previews/fe324a25-a5b3-4b17-bae4-8d4109f01fe7/1646913827/?edition_number=0&blockchain=bitmark,ipfs://QmZBc5JFo62SbSxZKxig3GQ3hsbkaqGfYFphq6p8CTSXLn?edition_number=0&blockchain=bitmark,1
previews/51a53d4e-c60f-4582-8edc-c9998ed40a24/1629968561/?edition_number=43&blockchain=bitmark,ipfs://QmS4SmjsYC6tTnt4X3WMBQ1ggsnFFutgctXSgMyamRnrPX?edition_number=43&blockchain=bitmark,1
previews/adc4221c-4f00-4193-ac82-c4d9b1a0b681/1620671843/?edition_number=63&blockchain=bitmark,ipfs://QmNPgas4vq9gkcQr6YFJ6dK3C2yhR8gwGJW7Hi9BUBJCwU?edition_number=63&blockchain=bitmark,1
previews/6bcc9b62-0ca3-4fdc-8232-0a3f2d4adf13/1620666173/?edition_number=134&blockchain=bitmark,ipfs://QmbTnbbntuoXF87t1FQw92PqBj7xfYY4hKALAV3YDwH1Ey?edition_number=134&blockchain=bitmark,1
previews/f6d4f5f8-7f31-48c9-871e-b2cf4d4270aa/1631260875/?edition_number=15&blockchain=bitmark,ipfs://QmSAQxsH7avTLbS8yiKAAsHyzDNjn5wfrVpebCBvVpe88B?edition_number=15&blockchain=bitmark,1
previews/faa504eb-868c-4134-a7b2-eef051b9abbc/1620642833/?edition_number=22&blockchain=bitmark,ipfs://QmP3apeo3Krrw3aEobPpffs3p5haR7ZnEvcePfSDfcpBS8?edition_number=22&blockchain=bitmark,1
previews/7764ae91-0392-48fb-b68c-796d701bed08/1620416013/?edition_number=98&blockchain=bitmark,ipfs://QmZEJd4b4bFmDDvGaKma1hHXPkkRe2V8wYFYab7Tmw4Lpr?edition_number=98&blockchain=bitmark,1
previews/5d7e9132-059f-44d9-a6a9-3c8a9b688965/1632387593/?edition_number=16&blockchain=bitmark,ipfs://QmS5bBj3gQ2JYHNRSxgWeTTmWccDYim9qkJ6wApd156p7L?edition_number=16&blockchain=bitmark,1
previews/adc4221c-4f00-4193-ac82-c4d9b1a0b681/1620671843/?edition_number=119&blockchain=bitmark,ipfs://QmNPgas4vq9gkcQr6YFJ6dK3C2yhR8gwGJW7Hi9BUBJCwU?edition_number=119&blockchain=bitmark,1
previews/2a57c29f-fa5b-440d-8dee-2d58cdb9238c/1620669376/?edition_number=60&blockchain=bitmark,ipfs://QmNZPZifuVpanuoy6WS1nyumb5agihkkdnLZtFhaUmwwFK?edition_number=60&blockchain=bitmark,1
previews/03c9301f-e338-4419-8830-3e790fdc936b/1634763480/?edition_number=3&blockchain=bitmark,ipfs://QmXiF2u7YpPnekZirDYJFywxQ4nUru8bfnMhijrFV4X6Tq?edition_number=3&blockchain=bitmark,1
previews/e885a572-1acc-4b0c-9c63-c3f8e49bd302/1634763439/?edition_number=45&blockchain=bitmark,ipfs://QmccKUyRv4yvLedsf7JL4nho4X2oU3PUcn6SiXmJKDZDJ9?edition_number=45&blockchain=bitmark,1
previews/e885a572-1acc-4b0c-9c63-c3f8e49bd302/1634763439/?edition_number=7&blockchain=bitmark,ipfs://QmccKUyRv4yvLedsf7JL4nho4X2oU3PUcn6SiXmJKDZDJ9?edition_number=7&blockchain=bitmark,1
previews/ec014e95-c9de-4d2e-b464-d95c3f7ae19c/1634763465/?edition_number=52&blockchain=bitmark,ipfs://QmSKF73LGPvLCYkhkp6z5rg1CmjpRjGeaKZ9k26XNqdR7C?edition_number=52&blockchain=bitmark,1
previews/7764ae91-0392-48fb-b68c-796d701bed08/1620416013/?edition_number=154&blockchain=bitmark,ipfs://QmZEJd4b4bFmDDvGaKma1hHXPkkRe2V8wYFYab7Tmw4Lpr?edition_number=154&blockchain=bitmark,1
previews/dc8dddb8-7b4e-4d60-80da-071b92444514/1634763492/?edition_number=20&blockchain=bitmark,ipfs://QmXu8fj8fkUCLWL2L5kWu2Mg2oYFzNGZHJttZt2B2kndeg?edition_number=20&blockchain=bitmark,1
previews/ec014e95-c9de-4d2e-b464-d95c3f7ae19c/1634763465/?edition_number=43&blockchain=bitmark,ipfs://QmSKF73LGPvLCYkhkp6z5rg1CmjpRjGeaKZ9k26XNqdR7C?edition_number=43&blockchain=bitmark,1
previews/a566dd50-6194-4e88-8aec-59cebbc1ed55/1639419587/?edition_number=0&blockchain=bitmark,ipfs://QmUYrfKmCUmmYtkeAwhbai2WAGNSnhijo5KFXqYNJqFsbb?edition_number=0&blockchain=bitmark,1
previews/3a9f6d14-d53d-4d5c-b55a-f0e5793d5d0e/1620350770/?edition_number=143&blockchain=bitmark,ipfs://Qma6yMjwzXasZcvR6ojk5KbW2eG7dZV9LmsJ3bMEnNJiqt?edition_number=143&blockchain=bitmark,1
previews/f6d4f5f8-7f31-48c9-871e-b2cf4d4270aa/1631260875/?edition_number=30&blockchain=bitmark,ipfs://QmSAQxsH7avTLbS8yiKAAsHyzDNjn5wfrVpebCBvVpe88B?edition_number=30&blockchain=bitmark,1
previews/6bcc9b62-0ca3-4fdc-8232-0a3f2d4adf13/1620666173/?edition_number=43&blockchain=bitmark,ipfs://QmbTnbbntuoXF87t1FQw92PqBj7xfYY4hKALAV3YDwH1Ey?edition_number=43&blockchain=bitmark,1
previews/25a0daeb-ec6d-4bfd-8a24-11c44beb5629/1634763514/?edition_number=64&blockchain=bitmark,ipfs://QmbcmMmfVjg2vC35zQM2ktBQqbEk9kqsXzpdKviQ9uesKz?edition_number=64&blockchain=bitmark,1
previews/25a0daeb-ec6d-4bfd-8a24-11c44beb5629/1634763514/?edition_number=14&blockchain=bitmark,ipfs://QmbcmMmfVjg2vC35zQM2ktBQqbEk9kqsXzpdKviQ9uesKz?edition_number=14&blockchain=bitmark,1
previews/f2db8c40-a2fb-4a93-be03-75ce3b3133f3/1630436182/?edition_number=12&blockchain=bitmark,ipfs://QmWBrUtQ8ujbYciEhKwgaaSAzv82aGVtQdq1nmNRXWKFQd?edition_number=12&blockchain=bitmark,1
previews/2d1f1330-d66a-4e9e-afd6-c17e5e55f2c4/1627893099/?edition_number=10&blockchain=bitmark,ipfs://QmRkSgNjaMqSzJgkxHrrYcPVX4Ko2DhLTUecjfYQjufPT7?edition_number=10&blockchain=bitmark,1
previews/adc4221c-4f00-4193-ac82-c4d9b1a0b681/1620671843/?edition_number=166&blockchain=bitmark,ipfs://QmNPgas4vq9gkcQr6YFJ6dK3C2yhR8gwGJW7Hi9BUBJCwU?edition_number=166&blockchain=bitmark,1
previews/6bcc9b62-0ca3-4fdc-8232-0a3f2d4adf13/1620666173/?edition_number=132&blockchain=bitmark,ipfs://QmbTnbbntuoXF87t1FQw92PqBj7xfYY4hKALAV3YDwH1Ey?edition_number=132&blockchain=bitmark,1
previews/adc4221c-4f00-4193-ac82-c4d9b1a0b681/1620671843/?edition_number=110&blockchain=bitmark,ipfs://QmNPgas4vq9gkcQr6YFJ6dK3C2yhR8gwGJW7Hi9BUBJCwU?edition_number=110&blockchain=bitmark,1
previews/f503f9fe-276c-4519-92b7-8a2239cfa489/1638359231/?edition_number=106&blockchain=bitmark,ipfs://QmcY75WevXSAKBDENuiHv5ZVm9TjGzy1Nya31bTet99aQK?edition_number=106&blockchain=bitmark,1
previews/ec014e95-c9de-4d2e-b464-d95c3f7ae19c/1634763465/?edition_number=79&blockchain=bitmark,ipfs://QmSKF73LGPvLCYkhkp6z5rg1CmjpRjGeaKZ9k26XNqdR7C?edition_number=79&blockchain=bitmark,1
previews/adc4221c-4f00-4193-ac82-c4d9b1a0b681/1620671843/?edition_number=127&blockchain=bitmark,ipfs://QmNPgas4vq9gkcQr6YFJ6dK3C2yhR8gwGJW7Hi9BUBJCwU?edition_number=127&blockchain=bitmark,1
previews/6bcc9b62-0ca3-4fdc-8232-0a3f2d4adf13/1620666173/?edition_number=66&blockchain=bitmark,ipfs://QmbTnbbntuoXF87t1FQw92PqBj7xfYY4hKALAV3YDwH1Ey?edition_number=66&blockchain=bitmark,1
previews/03c9301f-e338-4419-8830-3e790fdc936b/1634763480/?edition_number=29&blockchain=bitmark,ipfs://QmXiF2u7YpPnekZirDYJFywxQ4nUru8bfnMhijrFV4X6Tq?edition_number=29&blockchain=bitmark,1
previews/e885a572-1acc-4b0c-9c63-c3f8e49bd302/1634763439/?edition_number=64&blockchain=bitmark,ipfs://QmccKUyRv4yvLedsf7JL4nho4X2oU3PUcn6SiXmJKDZDJ9?edition_number=64&blockchain=bitmark,1
previews/2a57c29f-fa5b-440d-8dee-2d58cdb9238c/1620669376/?edition_number=86&blockchain=bitmark,ipfs://QmNZPZifuVpanuoy6WS1nyumb5agihkkdnLZtFhaUmwwFK?edition_number=86&blockchain=bitmark,1
previews/faa504eb-868c-4134-a7b2-eef051b9abbc/1620642833/?edition_number=105&blockchain=bitmark,ipfs://QmP3apeo3Krrw3aEobPpffs3p5haR7ZnEvcePfSDfcpBS8?edition_number=105&blockchain=bitmark,1
previews/1f060e42-3437-444c-b823-a8b8532c449c/1615550075/?edition_number=4&blockchain=bitmark,ipfs://QmRpqNbJDvf6fDfum4xLQNFJVrgU38tMECkT8JjizcBKUt?edition_number=4&blockchain=bitmark,1
previews/3e8f638a-c7e2-403a-98d8-c185411825bd/1634763505/?edition_number=88&blockchain=bitmark,ipfs://QmS5n4zNripBYwpoakvMmEN56mpf2iA4onXK7e7Ct8hBRo?edition_number=88&blockchain=bitmark,1
previews/3e8f638a-c7e2-403a-98d8-c185411825bd/1634763505/?edition_number=5&blockchain=bitmark,ipfs://QmS5n4zNripBYwpoakvMmEN56mpf2iA4onXK7e7Ct8hBRo?edition_number=5&blockchain=bitmark,1
previews/adc4221c-4f00-4193-ac82-c4d9b1a0b681/1620671843/?edition_number=56&blockchain=bitmark,ipfs://QmNPgas4vq9gkcQr6YFJ6dK3C2yhR8gwGJW7Hi9BUBJCwU?edition_number=56&blockchain=bitmark,1
previews/f2db8c40-a2fb-4a93-be03-75ce3b3133f3/1630436182/?edition_number=33&blockchain=bitmark,ipfs://QmWBrUtQ8ujbYciEhKwgaaSAzv82aGVtQdq1nmNRXWKFQd?edition_number=33&blockchain=bitmark,1
previews/a1b6689f-5236-471a-97a6-70ea0879dd42/1630583755/?edition_number=53&blockchain=bitmark,ipfs://QmQW2wFuM8VAeYZ1vbnHKfPq893MmKgcGmZKbuPjQhMnnh?edition_number=53&blockchain=bitmark,1
previews/252527ee-2232-45e0-9ead-27379ff26219/1627998769/?edition_number=10&blockchain=bitmark,ipfs://QmSJwtChNJ1nzgaQ4JVLka9impCPMPEEmvDvAE4uHgpBih?edition_number=10&blockchain=bitmark,1
previews/adc4221c-4f00-4193-ac82-c4d9b1a0b681/1620671843/?edition_number=116&blockchain=bitmark,ipfs://QmNPgas4vq9gkcQr6YFJ6dK3C2yhR8gwGJW7Hi9BUBJCwU?edition_number=116&blockchain=bitmark,1
previews/522055e6-e5d8-41b5-8cad-9823c9666e2a/1654421582/?edition_number=19&blockchain=bitmark,ipfs://QmSc65zdutiNEooeriju5z267FuX21Fqw5f1sNt2eaQbMG?edition_number=19&blockchain=bitmark,1
previews/3e8f638a-c7e2-403a-98d8-c185411825bd/1634763505/?edition_number=49&blockchain=bitmark,ipfs://QmS5n4zNripBYwpoakvMmEN56mpf2iA4onXK7e7Ct8hBRo?edition_number=49&blockchain=bitmark,1
previews/51a53d4e-c60f-4582-8edc-c9998ed40a24/1629968561/?edition_number=51&blockchain=bitmark,ipfs://QmS4SmjsYC6tTnt4X3WMBQ1ggsnFFutgctXSgMyamRnrPX?edition_number=51&blockchain=bitmark,1
previews/21a5bd39-64d0-490b-b578-6c6ecd317b7a/1634757768/?edition_number=6&blockchain=bitmark,ipfs://Qmc5b84zNCKGhwJ1GbBNujue4xNm1Wjc4NywXCHjkALJPe?edition_number=6&blockchain=bitmark,1
previews/03c9301f-e338-4419-8830-3e790fdc936b/1634763480/?edition_number=21&blockchain=bitmark,ipfs://QmXiF2u7YpPnekZirDYJFywxQ4nUru8bfnMhijrFV4X6Tq?edition_number=21&blockchain=bitmark,1
previews/6bcc9b62-0ca3-4fdc-8232-0a3f2d4adf13/1620666173/?edition_number=161&blockchain=bitmark,ipfs://QmbTnbbntuoXF87t1FQw92PqBj7xfYY4hKALAV3YDwH1Ey?edition_number=161&blockchain=bitmark,1
previews/1f060e42-3437-444c-b823-a8b8532c449c/1615550075/?edition_number=65&blockchain=bitmark,ipfs://QmRpqNbJDvf6fDfum4xLQNFJVrgU38tMECkT8JjizcBKUt?edition_number=65&blockchain=bitmark,1
previews/2a57c29f-fa5b-440d-8dee-2d58cdb9238c/1620669376/?edition_number=147&blockchain=bitmark,ipfs://QmNZPZifuVpanuoy6WS1nyumb5agihkkdnLZtFhaUmwwFK?edition_number=147&blockchain=bitmark,1
previews/3e8f638a-c7e2-403a-98d8-c185411825bd/1634763505/?edition_number=83&blockchain=bitmark,ipfs://QmS5n4zNripBYwpoakvMmEN56mpf2iA4onXK7e7Ct8hBRo?edition_number=83&blockchain=bitmark,1
previews/dc8dddb8-7b4e-4d60-80da-071b92444514/1634763492/?edition_number=70&blockchain=bitmark,ipfs://QmXu8fj8fkUCLWL2L5kWu2Mg2oYFzNGZHJttZt2B2kndeg?edition_number=70&blockchain=bitmark,1
previews/3a9f6d14-d53d-4d5c-b55a-f0e5793d5d0e/1620350770/?edition_number=88&blockchain=bitmark,ipfs://Qma6yMjwzXasZcvR6ojk5KbW2eG7dZV9LmsJ3bMEnNJiqt?edition_number=88&blockchain=bitmark,1
previews/dc8dddb8-7b4e-4d60-80da-071b92444514/1634763492/?edition_number=83&blockchain=bitmark,ipfs://QmXu8fj8fkUCLWL2L5kWu2Mg2oYFzNGZHJttZt2B2kndeg?edition_number=83&blockchain=bitmark,1
previews/25a0daeb-ec6d-4bfd-8a24-11c44beb5629/1634763514/?edition_number=55&blockchain=bitmark,ipfs://QmbcmMmfVjg2vC35zQM2ktBQqbEk9kqsXzpdKviQ9uesKz?edition_number=55&blockchain=bitmark,1
previews/faa504eb-868c-4134-a7b2-eef051b9abbc/1620642833/?edition_number=136&blockchain=bitmark,ipfs://QmP3apeo3Krrw3aEobPpffs3p5haR7ZnEvcePfSDfcpBS8?edition_number=136&blockchain=bitmark,1
previews/2a57c29f-fa5b-440d-8dee-2d58cdb9238c/1620669376/?edition_number=32&blockchain=bitmark,ipfs://QmNZPZifuVpanuoy6WS1nyumb5agihkkdnLZtFhaUmwwFK?edition_number=32&blockchain=bitmark,1
previews/f2db8c40-a2fb-4a93-be03-75ce3b3133f3/1630436182/?edition_number=51&blockchain=bitmark,ipfs://QmWBrUtQ8ujbYciEhKwgaaSAzv82aGVtQdq1nmNRXWKFQd?edition_number=51&blockchain=bitmark,1
previews/25a0daeb-ec6d-4bfd-8a24-11c44beb5629/1634763514/?edition_number=77&blockchain=bitmark,ipfs://QmbcmMmfVjg2vC35zQM2ktBQqbEk9kqsXzpdKviQ9uesKz?edition_number=77&blockchain=bitmark,1
previews/31a680b4-c00a-4eac-8729-cba633c91c54/1638740490/?edition_number=13&blockchain=bitmark,ipfs://QmY3LP9vyD9xTupVYExXDYUg3xkpGBKHDj9r7S3aNYtJsm?edition_number=13&blockchain=bitmark,1
previews/ec014e95-c9de-4d2e-b464-d95c3f7ae19c/1634763465/?edition_number=37&blockchain=bitmark,ipfs://QmSKF73LGPvLCYkhkp6z5rg1CmjpRjGeaKZ9k26XNqdR7C?edition_number=37&blockchain=bitmark,1
previews/faa504eb-868c-4134-a7b2-eef051b9abbc/1620642833/?edition_number=152&blockchain=bitmark,ipfs://QmP3apeo3Krrw3aEobPpffs3p5haR7ZnEvcePfSDfcpBS8?edition_number=152&blockchain=bitmark,1
previews/d7f80e10-a227-4272-bd58-2da08703d460/1632732499/?edition_number=42&blockchain=bitmark,ipfs://QmPuryaXop8PJj8fEriFsyywg1ngKhuesu2e4wgRRoMcjq?edition_number=42&blockchain=bitmark,1
previews/398716ae-a05b-43bb-adb8-48e56114af6a/1634712504/?edition_number=86&blockchain=bitmark,ipfs://QmdD6DadG5GLqauBdhCwsbRRyxQA8zfUN8EMQwsnQdShRC?edition_number=86&blockchain=bitmark,1
previews/21a5bd39-64d0-490b-b578-6c6ecd317b7a/1634757768/?edition_number=83&blockchain=bitmark,ipfs://Qmc5b84zNCKGhwJ1GbBNujue4xNm1Wjc4NywXCHjkALJPe?edition_number=83&blockchain=bitmark,1
previews/faa504eb-868c-4134-a7b2-eef051b9abbc/1620642833/?edition_number=145&blockchain=bitmark,ipfs://QmP3apeo3Krrw3aEobPpffs3p5haR7ZnEvcePfSDfcpBS8?edition_number=145&blockchain=bitmark,1
previews/7764ae91-0392-48fb-b68c-796d701bed08/1620416013/?edition_number=122&blockchain=bitmark,ipfs://QmZEJd4b4bFmDDvGaKma1hHXPkkRe2V8wYFYab7Tmw4Lpr?edition_number=122&blockchain=bitmark,1
previews/398716ae-a05b-43bb-adb8-48e56114af6a/1634712504/?edition_number=45&blockchain=bitmark,ipfs://QmdD6DadG5GLqauBdhCwsbRRyxQA8zfUN8EMQwsnQdShRC?edition_number=45&blockchain=bitmark,1
previews/33e55482-5dac-40b8-972e-750c374d69bb/1615652677/?edition_number=57&blockchain=bitmark,ipfs://QmXcWqxUjoJWwoSqo4iqF1spNHd9zMKneT41gCTAXCrEGi?edition_number=57&blockchain=bitmark,1
previews/7764ae91-0392-48fb-b68c-796d701bed08/1620416013/?edition_number=161&blockchain=bitmark,ipfs://QmZEJd4b4bFmDDvGaKma1hHXPkkRe2V8wYFYab7Tmw4Lpr?edition_number=161&blockchain=bitmark,1
previews/7764ae91-0392-48fb-b68c-796d701bed08/1620416013/?edition_number=195&blockchain=bitmark,ipfs://QmZEJd4b4bFmDDvGaKma1hHXPkkRe2V8wYFYab7Tmw4Lpr?edition_number=195&blockchain=bitmark,1
previews/87eafff7-a8c6-4d3f-bc51-3e23bc745125/1646835374/?edition_number=0&blockchain=bitmark,ipfs://QmYFg4kbH5DMveYtcPAsZ7qxfM4h7WjcRsCBqnAqKfff87?edition_number=0&blockchain=bitmark,1
previews/4f6816b5-3d84-4715-b025-c8a837030b49/1631260821/?edition_number=20&blockchain=bitmark,ipfs://QmbboyD1nB3yJB28r5WB8MzX12d3L5jkVv7BiP2SkpHQ3b?edition_number=20&blockchain=bitmark,1
previews/f503f9fe-276c-4519-92b7-8a2239cfa489/1638359231/?edition_number=77&blockchain=bitmark,ipfs://QmcY75WevXSAKBDENuiHv5ZVm9TjGzy1Nya31bTet99aQK?edition_number=77&blockchain=bitmark,1
previews/7764ae91-0392-48fb-b68c-796d701bed08/1620416013/?edition_number=123&blockchain=bitmark,ipfs://QmZEJd4b4bFmDDvGaKma1hHXPkkRe2V8wYFYab7Tmw4Lpr?edition_number=123&blockchain=bitmark,1
previews/2d1f1330-d66a-4e9e-afd6-c17e5e55f2c4/1627893099/?edition_number=68&blockchain=bitmark,ipfs://QmRkSgNjaMqSzJgkxHrrYcPVX4Ko2DhLTUecjfYQjufPT7?edition_number=68&blockchain=bitmark,1
previews/25a0daeb-ec6d-4bfd-8a24-11c44beb5629/1634763514/?edition_number=12&blockchain=bitmark,ipfs://QmbcmMmfVjg2vC35zQM2ktBQqbEk9kqsXzpdKviQ9uesKz?edition_number=12&blockchain=bitmark,1
previews/398716ae-a05b-43bb-adb8-48e56114af6a/1634712504/?edition_number=78&blockchain=bitmark,ipfs://QmdD6DadG5GLqauBdhCwsbRRyxQA8zfUN8EMQwsnQdShRC?edition_number=78&blockchain=bitmark,1
previews/51a53d4e-c60f-4582-8edc-c9998ed40a24/1629968561/?edition_number=40&blockchain=bitmark,ipfs://QmS4SmjsYC6tTnt4X3WMBQ1ggsnFFutgctXSgMyamRnrPX?edition_number=40&blockchain=bitmark,1
previews/31a680b4-c00a-4eac-8729-cba633c91c54/1638740490/?edition_number=21&blockchain=bitmark,ipfs://QmY3LP9vyD9xTupVYExXDYUg3xkpGBKHDj9r7S3aNYtJsm?edition_number=21&blockchain=bitmark,1
previews/ec014e95-c9de-4d2e-b464-d95c3f7ae19c/1634763465/?edition_number=19&blockchain=bitmark,ipfs://QmSKF73LGPvLCYkhkp6z5rg1CmjpRjGeaKZ9k26XNqdR7C?edition_number=19&blockchain=bitmark,1
previews/21a5bd39-64d0-490b-b578-6c6ecd317b7a/1634757768/?edition_number=61&blockchain=bitmark,ipfs://Qmc5b84zNCKGhwJ1GbBNujue4xNm1Wjc4NywXCHjkALJPe?edition_number=61&blockchain=bitmark,1
previews/7ad28960-94f5-465f-b586-9d7834da476b/1725624110/index.html,ipfs://QmVXfU2RMwUknHJVCVQii5Vre88zSDXC1MW4nBAJGYMudP,1
previews/ec014e95-c9de-4d2e-b464-d95c3f7ae19c/1634763465/?edition_number=6&blockchain=bitmark,ipfs://QmSKF73LGPvLCYkhkp6z5rg1CmjpRjGeaKZ9k26XNqdR7C?edition_number=6&blockchain=bitmark,1
previews/adc4221c-4f00-4193-ac82-c4d9b1a0b681/1620671843/?edition_number=122&blockchain=bitmark,ipfs://QmNPgas4vq9gkcQr6YFJ6dK3C2yhR8gwGJW7Hi9BUBJCwU?edition_number=122&blockchain=bitmark,1
previews/f503f9fe-276c-4519-92b7-8a2239cfa489/1638359231/?edition_number=76&blockchain=bitmark,ipfs://QmcY75WevXSAKBDENuiHv5ZVm9TjGzy1Nya31bTet99aQK?edition_number=76&blockchain=bitmark,1
previews/7764ae91-0392-48fb-b68c-796d701bed08/1620416013/?edition_number=192&blockchain=bitmark,ipfs://QmZEJd4b4bFmDDvGaKma1hHXPkkRe2V8wYFYab7Tmw4Lpr?edition_number=192&blockchain=bitmark,1
previews/3a9f6d14-d53d-4d5c-b55a-f0e5793d5d0e/1620350770/?edition_number=159&blockchain=bitmark,ipfs://Qma6yMjwzXasZcvR6ojk5KbW2eG7dZV9LmsJ3bMEnNJiqt?edition_number=159&blockchain=bitmark,1
previews/5af4af6f-1e6b-4e45-95db-7b4de60fe0ca/1615757683/?edition_number=52&blockchain=bitmark,ipfs://QmXNTPUHPTyvoodpRj93wRr1okzJEqzjQuK1yyKpqubMZY?edition_number=52&blockchain=bitmark,1
previews/f503f9fe-276c-4519-92b7-8a2239cfa489/1638359231/?edition_number=109&blockchain=bitmark,ipfs://QmcY75WevXSAKBDENuiHv5ZVm9TjGzy1Nya31bTet99aQK?edition_number=109&blockchain=bitmark,1
previews/e885a572-1acc-4b0c-9c63-c3f8e49bd302/1634763439/?edition_number=70&blockchain=bitmark,ipfs://QmccKUyRv4yvLedsf7JL4nho4X2oU3PUcn6SiXmJKDZDJ9?edition_number=70&blockchain=bitmark,1
previews/21a5bd39-64d0-490b-b578-6c6ecd317b7a/1634757768/?edition_number=12&blockchain=bitmark,ipfs://Qmc5b84zNCKGhwJ1GbBNujue4xNm1Wjc4NywXCHjkALJPe?edition_number=12&blockchain=bitmark,1
previews/ec014e95-c9de-4d2e-b464-d95c3f7ae19c/1634763465/?edition_number=77&blockchain=bitmark,ipfs://QmSKF73LGPvLCYkhkp6z5rg1CmjpRjGeaKZ9k26XNqdR7C?edition_number=77&blockchain=bitmark,1
previews/6bcc9b62-0ca3-4fdc-8232-0a3f2d4adf13/1620666173/?edition_number=199&blockchain=bitmark,ipfs://QmbTnbbntuoXF87t1FQw92PqBj7xfYY4hKALAV3YDwH1Ey?edition_number=199&blockchain=bitmark,1
previews/f2db8c40-a2fb-4a93-be03-75ce3b3133f3/1630436182/?edition_number=28&blockchain=bitmark,ipfs://QmWBrUtQ8ujbYciEhKwgaaSAzv82aGVtQdq1nmNRXWKFQd?edition_number=28&blockchain=bitmark,1
previews/adc4221c-4f00-4193-ac82-c4d9b1a0b681/1620671843/?edition_number=64&blockchain=bitmark,ipfs://QmNPgas4vq9gkcQr6YFJ6dK3C2yhR8gwGJW7Hi9BUBJCwU?edition_number=64&blockchain=bitmark,1
previews/47db4cae-c786-4bb3-8735-e932ab81ed7f/1630258818/?edition_number=4&blockchain=bitmark,ipfs://QmdoAemWU9Gh6JzWxvJNFb8bkhkZ43LfrweX39BNusu6nE?edition_number=4&blockchain=bitmark,1
previews/2a57c29f-fa5b-440d-8dee-2d58cdb9238c/1620669376/?edition_number=141&blockchain=bitmark,ipfs://QmNZPZifuVpanuoy6WS1nyumb5agihkkdnLZtFhaUmwwFK?edition_number=141&blockchain=bitmark,1
previews/398716ae-a05b-43bb-adb8-48e56114af6a/1634712504/?edition_number=14&blockchain=bitmark,ipfs://QmdD6DadG5GLqauBdhCwsbRRyxQA8zfUN8EMQwsnQdShRC?edition_number=14&blockchain=bitmark,1
previews/69518c54-2bc5-4b90-b606-675529c7593d/1615845070/?edition_number=52&blockchain=bitmark,ipfs://QmYfmpgxy67HgLNCPrLFo9jktEHsx9vfsJbjvSfZX4HMaR?edition_number=52&blockchain=bitmark,1
previews/faa504eb-868c-4134-a7b2-eef051b9abbc/1620642833/?edition_number=77&blockchain=bitmark,ipfs://QmP3apeo3Krrw3aEobPpffs3p5haR7ZnEvcePfSDfcpBS8?edition_number=77&blockchain=bitmark,1
previews/f503f9fe-276c-4519-92b7-8a2239cfa489/1638359231/?edition_number=113&blockchain=bitmark,ipfs://QmcY75WevXSAKBDENuiHv5ZVm9TjGzy1Nya31bTet99aQK?edition_number=113&blockchain=bitmark,1
previews/f503f9fe-276c-4519-92b7-8a2239cfa489/1638359231/?edition_number=97&blockchain=bitmark,ipfs://QmcY75WevXSAKBDENuiHv5ZVm9TjGzy1Nya31bTet99aQK?edition_number=97&blockchain=bitmark,1
previews/3a9f6d14-d53d-4d5c-b55a-f0e5793d5d0e/1620350770/?edition_number=177&blockchain=bitmark,ipfs://Qma6yMjwzXasZcvR6ojk5KbW2eG7dZV9LmsJ3bMEnNJiqt?edition_number=177&blockchain=bitmark,1
previews/6862d0b4-252f-469d-8327-c0d79f8b4a67/1631208788/?edition_number=8&blockchain=bitmark,ipfs://Qma6LppLyqvZs8FRchAfWwfzSVk9ZtMFJJm7JUkQGk5ydB?edition_number=8&blockchain=bitmark,1
previews/2998a10b-8ddc-4344-9f3d-710ab5ec9287/1653025295/?edition_number=2&blockchain=bitmark,ipfs://QmTFdP1yS2kFk7kpSACzvktPV1dfzCX629giUbPv5hyaXT?edition_number=2&blockchain=bitmark,1
previews/47db4cae-c786-4bb3-8735-e932ab81ed7f/1630258818/?edition_number=31&blockchain=bitmark,ipfs://QmdoAemWU9Gh6JzWxvJNFb8bkhkZ43LfrweX39BNusu6nE?edition_number=31&blockchain=bitmark,1
previews/31a680b4-c00a-4eac-8729-cba633c91c54/1638740490/?edition_number=115&blockchain=bitmark,ipfs://QmY3LP9vyD9xTupVYExXDYUg3xkpGBKHDj9r7S3aNYtJsm?edition_number=115&blockchain=bitmark,1
previews/7764ae91-0392-48fb-b68c-796d701bed08/1620416013/?edition_number=35&blockchain=bitmark,ipfs://QmZEJd4b4bFmDDvGaKma1hHXPkkRe2V8wYFYab7Tmw4Lpr?edition_number=35&blockchain=bitmark,1
previews/ec014e95-c9de-4d2e-b464-d95c3f7ae19c/1634763465/?edition_number=34&blockchain=bitmark,ipfs://QmSKF73LGPvLCYkhkp6z5rg1CmjpRjGeaKZ9k26XNqdR7C?edition_number=34&blockchain=bitmark,1
previews/69518c54-2bc5-4b90-b606-675529c7593d/1615845070/?edition_number=7&blockchain=bitmark,ipfs://QmYfmpgxy67HgLNCPrLFo9jktEHsx9vfsJbjvSfZX4HMaR?edition_number=7&blockchain=bitmark,1
previews/6bcc9b62-0ca3-4fdc-8232-0a3f2d4adf13/1620666173/?edition_number=152&blockchain=bitmark,ipfs://QmbTnbbntuoXF87t1FQw92PqBj7xfYY4hKALAV3YDwH1Ey?edition_number=152&blockchain=bitmark,1
previews/adc4221c-4f00-4193-ac82-c4d9b1a0b681/1620671843/?edition_number=30&blockchain=bitmark,ipfs://QmNPgas4vq9gkcQr6YFJ6dK3C2yhR8gwGJW7Hi9BUBJCwU?edition_number=30&blockchain=bitmark,1
previews/2d1f1330-d66a-4e9e-afd6-c17e5e55f2c4/1627893099/?edition_number=37&blockchain=bitmark,ipfs://QmRkSgNjaMqSzJgkxHrrYcPVX4Ko2DhLTUecjfYQjufPT7?edition_number=37&blockchain=bitmark,1
previews/a1b6689f-5236-471a-97a6-70ea0879dd42/1630583755/?edition_number=67&blockchain=bitmark,ipfs://QmQW2wFuM8VAeYZ1vbnHKfPq893MmKgcGmZKbuPjQhMnnh?edition_number=67&blockchain=bitmark,1
previews/7764ae91-0392-48fb-b68c-796d701bed08/1620416013/?edition_number=46&blockchain=bitmark,ipfs://QmZEJd4b4bFmDDvGaKma1hHXPkkRe2V8wYFYab7Tmw4Lpr?edition_number=46&blockchain=bitmark,1
previews/f503f9fe-276c-4519-92b7-8a2239cfa489/1638359231/?edition_number=31&blockchain=bitmark,ipfs://QmcY75WevXSAKBDENuiHv5ZVm9TjGzy1Nya31bTet99aQK?edition_number=31&blockchain=bitmark,1
previews/f503f9fe-276c-4519-92b7-8a2239cfa489/1638359231/?edition_number=28&blockchain=bitmark,ipfs://QmcY75WevXSAKBDENuiHv5ZVm9TjGzy1Nya31bTet99aQK?edition_number=28&blockchain=bitmark,1
previews/99d373e5-cc9d-45e8-8aa5-1ed47e481791/1637491523/?edition_number=8&blockchain=bitmark,ipfs://QmToXp7VsiZGT7ZrVbbAncG4TfJPyusG3GWJE4raeg5ih6?edition_number=8&blockchain=bitmark,1
previews/7764ae91-0392-48fb-b68c-796d701bed08/1620416013/?edition_number=199&blockchain=bitmark,ipfs://QmZEJd4b4bFmDDvGaKma1hHXPkkRe2V8wYFYab7Tmw4Lpr?edition_number=199&blockchain=bitmark,1
previews/522055e6-e5d8-41b5-8cad-9823c9666e2a/1654421582/?edition_number=28&blockchain=bitmark,ipfs://QmSc65zdutiNEooeriju5z267FuX21Fqw5f1sNt2eaQbMG?edition_number=28&blockchain=bitmark,1
previews/edc8b7d3-e95c-4056-93d3-d29d1258195f/1653025489/?edition_number=2&blockchain=bitmark,ipfs://QmRcCoUWh5B5YxNS9GZMGjoBCjJvD3KWcfqmDWG4yAqJ6z?edition_number=2&blockchain=bitmark,1
previews/faa504eb-868c-4134-a7b2-eef051b9abbc/1620642833/?edition_number=52&blockchain=bitmark,ipfs://QmP3apeo3Krrw3aEobPpffs3p5haR7ZnEvcePfSDfcpBS8?edition_number=52&blockchain=bitmark,1
previews/3a9f6d14-d53d-4d5c-b55a-f0e5793d5d0e/1620350770/?edition_number=200&blockchain=bitmark,ipfs://Qma6yMjwzXasZcvR6ojk5KbW2eG7dZV9LmsJ3bMEnNJiqt?edition_number=200&blockchain=bitmark,1
previews/faa504eb-868c-4134-a7b2-eef051b9abbc/1620642833/?edition_number=92&blockchain=bitmark,ipfs://QmP3apeo3Krrw3aEobPpffs3p5haR7ZnEvcePfSDfcpBS8?edition_number=92&blockchain=bitmark,1
previews/f503f9fe-276c-4519-92b7-8a2239cfa489/1638359231/?edition_number=93&blockchain=bitmark,ipfs://QmcY75WevXSAKBDENuiHv5ZVm9TjGzy1Nya31bTet99aQK?edition_number=93&blockchain=bitmark,1
previews/6bcc9b62-0ca3-4fdc-8232-0a3f2d4adf13/1620666173/?edition_number=29&blockchain=bitmark,ipfs://QmbTnbbntuoXF87t1FQw92PqBj7xfYY4hKALAV3YDwH1Ey?edition_number=29&blockchain=bitmark,1
previews/93544620-dff8-4ae5-8194-3f527e8cc91e/1634763453/?edition_number=45&blockchain=bitmark,ipfs://QmNnXVL5JXjMrFp3AnaYUcdiexeXzvSJ8UNRLFi9gSAwam?edition_number=45&blockchain=bitmark,1
previews/ec014e95-c9de-4d2e-b464-d95c3f7ae19c/1634763465/?edition_number=3&blockchain=bitmark,ipfs://QmSKF73LGPvLCYkhkp6z5rg1CmjpRjGeaKZ9k26XNqdR7C?edition_number=3&blockchain=bitmark,1
previews/522055e6-e5d8-41b5-8cad-9823c9666e2a/1654421582/?edition_number=60&blockchain=bitmark,ipfs://QmSc65zdutiNEooeriju5z267FuX21Fqw5f1sNt2eaQbMG?edition_number=60&blockchain=bitmark,1
previews/f128ae45-67bf-41f7-bef6-cdb30ec3c02b/1725624409/index.html,ipfs://QmcEPsprQUGJBXdDkm6QNnyqYyXyXJ5VBMPhPoff2yBAot,1
previews/d7f80e10-a227-4272-bd58-2da08703d460/1632732499/?edition_number=59&blockchain=bitmark,ipfs://QmPuryaXop8PJj8fEriFsyywg1ngKhuesu2e4wgRRoMcjq?edition_number=59&blockchain=bitmark,1
previews/adc4221c-4f00-4193-ac82-c4d9b1a0b681/1620671843/?edition_number=67&blockchain=bitmark,ipfs://QmNPgas4vq9gkcQr6YFJ6dK3C2yhR8gwGJW7Hi9BUBJCwU?edition_number=67&blockchain=bitmark,1
previews/6bcc9b62-0ca3-4fdc-8232-0a3f2d4adf13/1620666173/?edition_number=32&blockchain=bitmark,ipfs://QmbTnbbntuoXF87t1FQw92PqBj7xfYY4hKALAV3YDwH1Ey?edition_number=32&blockchain=bitmark,1
previews/47db4cae-c786-4bb3-8735-e932ab81ed7f/1630258818/?edition_number=45&blockchain=bitmark,ipfs://QmdoAemWU9Gh6JzWxvJNFb8bkhkZ43LfrweX39BNusu6nE?edition_number=45&blockchain=bitmark,1
previews/6bcc9b62-0ca3-4fdc-8232-0a3f2d4adf13/1620666173/?edition_number=184&blockchain=bitmark,ipfs://QmbTnbbntuoXF87t1FQw92PqBj7xfYY4hKALAV3YDwH1Ey?edition_number=184&blockchain=bitmark,1
previews/6e0b8c01-5b11-4ceb-b40a-c1d8efa4a66a/1629980523/?edition_number=69&blockchain=bitmark,ipfs://QmZQSD91yVPYSPQefhrnFLZFRtdntERGgXaXfgAqioQnpQ?edition_number=69&blockchain=bitmark,1
previews/f2db8c40-a2fb-4a93-be03-75ce3b3133f3/1630436182/?edition_number=34&blockchain=bitmark,ipfs://QmWBrUtQ8ujbYciEhKwgaaSAzv82aGVtQdq1nmNRXWKFQd?edition_number=34&blockchain=bitmark,1
previews/3aca483a-59b7-4839-b66e-74d5e75c4735/1646913453/?edition_number=0&blockchain=bitmark,ipfs://QmYeJeS2EXg8Zv18Qfdh4xss71nWHxR8K5DEH84WPErKPc?edition_number=0&blockchain=bitmark,1
previews/3e8f638a-c7e2-403a-98d8-c185411825bd/1634763505/?edition_number=72&blockchain=bitmark,ipfs://QmS5n4zNripBYwpoakvMmEN56mpf2iA4onXK7e7Ct8hBRo?edition_number=72&blockchain=bitmark,1
previews/2998a10b-8ddc-4344-9f3d-710ab5ec9287/1653025295/?edition_number=0&blockchain=bitmark,ipfs://QmTFdP1yS2kFk7kpSACzvktPV1dfzCX629giUbPv5hyaXT?edition_number=0&blockchain=bitmark,1
previews/522055e6-e5d8-41b5-8cad-9823c9666e2a/1654421582/?edition_number=45&blockchain=bitmark,ipfs://QmSc65zdutiNEooeriju5z267FuX21Fqw5f1sNt2eaQbMG?edition_number=45&blockchain=bitmark,1
previews/1f060e42-3437-444c-b823-a8b8532c449c/1615550075/?edition_number=29&blockchain=bitmark,ipfs://QmRpqNbJDvf6fDfum4xLQNFJVrgU38tMECkT8JjizcBKUt?edition_number=29&blockchain=bitmark,1
previews/adc4221c-4f00-4193-ac82-c4d9b1a0b681/1620671843/?edition_number=173&blockchain=bitmark,ipfs://QmNPgas4vq9gkcQr6YFJ6dK3C2yhR8gwGJW7Hi9BUBJCwU?edition_number=173&blockchain=bitmark,1
previews/a566dd50-6194-4e88-8aec-59cebbc1ed55/1639419587/?edition_number=31&blockchain=bitmark,ipfs://QmUYrfKmCUmmYtkeAwhbai2WAGNSnhijo5KFXqYNJqFsbb?edition_number=31&blockchain=bitmark,1
previews/f503f9fe-276c-4519-92b7-8a2239cfa489/1638359231/?edition_number=58&blockchain=bitmark,ipfs://QmcY75WevXSAKBDENuiHv5ZVm9TjGzy1Nya31bTet99aQK?edition_number=58&blockchain=bitmark,1
previews/7764ae91-0392-48fb-b68c-796d701bed08/1620416013/?edition_number=135&blockchain=bitmark,ipfs://QmZEJd4b4bFmDDvGaKma1hHXPkkRe2V8wYFYab7Tmw4Lpr?edition_number=135&blockchain=bitmark,1
previews/03c9301f-e338-4419-8830-3e790fdc936b/1634763480/?edition_number=20&blockchain=bitmark,ipfs://QmXiF2u7YpPnekZirDYJFywxQ4nUru8bfnMhijrFV4X6Tq?edition_number=20&blockchain=bitmark,1
previews/398716ae-a05b-43bb-adb8-48e56114af6a/1634712504/?edition_number=34&blockchain=bitmark,ipfs://QmdD6DadG5GLqauBdhCwsbRRyxQA8zfUN8EMQwsnQdShRC?edition_number=34&blockchain=bitmark,1
previews/7764ae91-0392-48fb-b68c-796d701bed08/1620416013/?edition_number=133&blockchain=bitmark,ipfs://QmZEJd4b4bFmDDvGaKma1hHXPkkRe2V8wYFYab7Tmw4Lpr?edition_number=133&blockchain=bitmark,1
previews/6e0b8c01-5b11-4ceb-b40a-c1d8efa4a66a/1629980523/?edition_number=18&blockchain=bitmark,ipfs://QmZQSD91yVPYSPQefhrnFLZFRtdntERGgXaXfgAqioQnpQ?edition_number=18&blockchain=bitmark,1
previews/f2db8c40-a2fb-4a93-be03-75ce3b3133f3/1630436182/?edition_number=66&blockchain=bitmark,ipfs://QmWBrUtQ8ujbYciEhKwgaaSAzv82aGVtQdq1nmNRXWKFQd?edition_number=66&blockchain=bitmark,1
previews/7764ae91-0392-48fb-b68c-796d701bed08/1620416013/?edition_number=139&blockchain=bitmark,ipfs://QmZEJd4b4bFmDDvGaKma1hHXPkkRe2V8wYFYab7Tmw4Lpr?edition_number=139&blockchain=bitmark,1
previews/f503f9fe-276c-4519-92b7-8a2239cfa489/1638359231/?edition_number=40&blockchain=bitmark,ipfs://QmcY75WevXSAKBDENuiHv5ZVm9TjGzy1Nya31bTet99aQK?edition_number=40&blockchain=bitmark,1
previews/03c9301f-e338-4419-8830-3e790fdc936b/1634763480/?edition_number=79&blockchain=bitmark,ipfs://QmXiF2u7YpPnekZirDYJFywxQ4nUru8bfnMhijrFV4X6Tq?edition_number=79&blockchain=bitmark,1
previews/faa504eb-868c-4134-a7b2-eef051b9abbc/1620642833/?edition_number=193&blockchain=bitmark,ipfs://QmP3apeo3Krrw3aEobPpffs3p5haR7ZnEvcePfSDfcpBS8?edition_number=193&blockchain=bitmark,1
previews/398716ae-a05b-43bb-adb8-48e56114af6a/1634712504/?edition_number=17&blockchain=bitmark,ipfs://QmdD6DadG5GLqauBdhCwsbRRyxQA8zfUN8EMQwsnQdShRC?edition_number=17&blockchain=bitmark,1
previews/e885a572-1acc-4b0c-9c63-c3f8e49bd302/1634763439/?edition_number=42&blockchain=bitmark,ipfs://QmccKUyRv4yvLedsf7JL4nho4X2oU3PUcn6SiXmJKDZDJ9?edition_number=42&blockchain=bitmark,1
previews/522055e6-e5d8-41b5-8cad-9823c9666e2a/1654421582/?edition_number=9&blockchain=bitmark,ipfs://QmSc65zdutiNEooeriju5z267FuX21Fqw5f1sNt2eaQbMG?edition_number=9&blockchain=bitmark,1
previews/07c766f0-edc4-45fd-be50-83f89228b08c/1615370392/?edition_number=70&blockchain=bitmark,ipfs://QmSCPSiToTUWq2K7JsupsyPVPskSDTPfVAsMUVJcHhqgKh?edition_number=70&blockchain=bitmark,1
previews/e885a572-1acc-4b0c-9c63-c3f8e49bd302/1634763439/?edition_number=88&blockchain=bitmark,ipfs://QmccKUyRv4yvLedsf7JL4nho4X2oU3PUcn6SiXmJKDZDJ9?edition_number=88&blockchain=bitmark,1
previews/adc4221c-4f00-4193-ac82-c4d9b1a0b681/1620671843/?edition_number=100&blockchain=bitmark,ipfs://QmNPgas4vq9gkcQr6YFJ6dK3C2yhR8gwGJW7Hi9BUBJCwU?edition_number=100&blockchain=bitmark,1
previews/6bcc9b62-0ca3-4fdc-8232-0a3f2d4adf13/1620666173/?edition_number=120&blockchain=bitmark,ipfs://QmbTnbbntuoXF87t1FQw92PqBj7xfYY4hKALAV3YDwH1Ey?edition_number=120&blockchain=bitmark,1
previews/adc4221c-4f00-4193-ac82-c4d9b1a0b681/1620671843/?edition_number=194&blockchain=bitmark,ipfs://QmNPgas4vq9gkcQr6YFJ6dK3C2yhR8gwGJW7Hi9BUBJCwU?edition_number=194&blockchain=bitmark,1
previews/522055e6-e5d8-41b5-8cad-9823c9666e2a/1654421582/?edition_number=72&blockchain=bitmark,ipfs://QmSc65zdutiNEooeriju5z267FuX21Fqw5f1sNt2eaQbMG?edition_number=72&blockchain=bitmark,1
previews/3a9f6d14-d53d-4d5c-b55a-f0e5793d5d0e/1620350770/?edition_number=2&blockchain=bitmark,ipfs://Qma6yMjwzXasZcvR6ojk5KbW2eG7dZV9LmsJ3bMEnNJiqt?edition_number=2&blockchain=bitmark,1
previews/6bcc9b62-0ca3-4fdc-8232-0a3f2d4adf13/1620666173/?edition_number=84&blockchain=bitmark,ipfs://QmbTnbbntuoXF87t1FQw92PqBj7xfYY4hKALAV3YDwH1Ey?edition_number=84&blockchain=bitmark,1
previews/25a0daeb-ec6d-4bfd-8a24-11c44beb5629/1634763514/?edition_number=42&blockchain=bitmark,ipfs://QmbcmMmfVjg2vC35zQM2ktBQqbEk9kqsXzpdKviQ9uesKz?edition_number=42&blockchain=bitmark,1
previews/93544620-dff8-4ae5-8194-3f527e8cc91e/1634763453/?edition_number=74&blockchain=bitmark,ipfs://QmNnXVL5JXjMrFp3AnaYUcdiexeXzvSJ8UNRLFi9gSAwam?edition_number=74&blockchain=bitmark,1
previews/df6a7f8d-effe-4b0f-99e0-62a5924e5ee6/1646914180/?edition_number=0&blockchain=bitmark,ipfs://QmRcaegk73Jg1J4LhKeXW8K5ATjLTW5WsFajnAW5jLpYSZ?edition_number=0&blockchain=bitmark,1
previews/f0cf5ba9-4d45-45a7-aafa-a340ccb1dca8/1653025764/?edition_number=2&blockchain=bitmark,ipfs://QmbhkN6fsNpyZQx43Hdbtyo4ZmLZqgSG8VHhYgoGfN4xoC?edition_number=2&blockchain=bitmark,1
previews/6bcc9b62-0ca3-4fdc-8232-0a3f2d4adf13/1620666173/?edition_number=186&blockchain=bitmark,ipfs://QmbTnbbntuoXF87t1FQw92PqBj7xfYY4hKALAV3YDwH1Ey?edition_number=186&blockchain=bitmark,1
previews/6e0b8c01-5b11-4ceb-b40a-c1d8efa4a66a/1629980523/?edition_number=43&blockchain=bitmark,ipfs://QmZQSD91yVPYSPQefhrnFLZFRtdntERGgXaXfgAqioQnpQ?edition_number=43&blockchain=bitmark,1
previews/3e8f638a-c7e2-403a-98d8-c185411825bd/1634763505/?edition_number=6&blockchain=bitmark,ipfs://QmS5n4zNripBYwpoakvMmEN56mpf2iA4onXK7e7Ct8hBRo?edition_number=6&blockchain=bitmark,1
previews/21a5bd39-64d0-490b-b578-6c6ecd317b7a/1634757768/?edition_number=69&blockchain=bitmark,ipfs://Qmc5b84zNCKGhwJ1GbBNujue4xNm1Wjc4NywXCHjkALJPe?edition_number=69&blockchain=bitmark,1
previews/21a5bd39-64d0-490b-b578-6c6ecd317b7a/1634757768/?edition_number=65&blockchain=bitmark,ipfs://Qmc5b84zNCKGhwJ1GbBNujue4xNm1Wjc4NywXCHjkALJPe?edition_number=65&blockchain=bitmark,1
previews/6bcc9b62-0ca3-4fdc-8232-0a3f2d4adf13/1620666173/?edition_number=145&blockchain=bitmark,ipfs://QmbTnbbntuoXF87t1FQw92PqBj7xfYY4hKALAV3YDwH1Ey?edition_number=145&blockchain=bitmark,1
previews/21a5bd39-64d0-490b-b578-6c6ecd317b7a/1634757768/?edition_number=17&blockchain=bitmark,ipfs://Qmc5b84zNCKGhwJ1GbBNujue4xNm1Wjc4NywXCHjkALJPe?edition_number=17&blockchain=bitmark,1
previews/3a9f6d14-d53d-4d5c-b55a-f0e5793d5d0e/1620350770/?edition_number=192&blockchain=bitmark,ipfs://Qma6yMjwzXasZcvR6ojk5KbW2eG7dZV9LmsJ3bMEnNJiqt?edition_number=192&blockchain=bitmark,1
previews/7764ae91-0392-48fb-b68c-796d701bed08/1620416013/?edition_number=164&blockchain=bitmark,ipfs://QmZEJd4b4bFmDDvGaKma1hHXPkkRe2V8wYFYab7Tmw4Lpr?edition_number=164&blockchain=bitmark,1
previews/47db4cae-c786-4bb3-8735-e932ab81ed7f/1630258818/?edition_number=28&blockchain=bitmark,ipfs://QmdoAemWU9Gh6JzWxvJNFb8bkhkZ43LfrweX39BNusu6nE?edition_number=28&blockchain=bitmark,1
previews/6835b45f-7f3f-4caf-8a74-d52b35a24df1/1725624582/index.html,ipfs://QmdNCZ4LorpRrbRBzbYtJHUhAv7LGNDnhPe1CBZVFpSnjD,1
previews/adc4221c-4f00-4193-ac82-c4d9b1a0b681/1620671843/?edition_number=7&blockchain=bitmark,ipfs://QmNPgas4vq9gkcQr6YFJ6dK3C2yhR8gwGJW7Hi9BUBJCwU?edition_number=7&blockchain=bitmark,1
previews/3a9f6d14-d53d-4d5c-b55a-f0e5793d5d0e/1620350770/?edition_number=34&blockchain=bitmark,ipfs://Qma6yMjwzXasZcvR6ojk5KbW2eG7dZV9LmsJ3bMEnNJiqt?edition_number=34&blockchain=bitmark,1
previews/3a9f6d14-d53d-4d5c-b55a-f0e5793d5d0e/1620350770/?edition_number=166&blockchain=bitmark,ipfs://Qma6yMjwzXasZcvR6ojk5KbW2eG7dZV9LmsJ3bMEnNJiqt?edition_number=166&blockchain=bitmark,1
previews/6bcc9b62-0ca3-4fdc-8232-0a3f2d4adf13/1620666173/?edition_number=188&blockchain=bitmark,ipfs://QmbTnbbntuoXF87t1FQw92PqBj7xfYY4hKALAV3YDwH1Ey?edition_number=188&blockchain=bitmark,1
previews/a566dd50-6194-4e88-8aec-59cebbc1ed55/1639419587/?edition_number=74&blockchain=bitmark,ipfs://QmUYrfKmCUmmYtkeAwhbai2WAGNSnhijo5KFXqYNJqFsbb?edition_number=74&blockchain=bitmark,1
previews/47db4cae-c786-4bb3-8735-e932ab81ed7f/1630258818/?edition_number=47&blockchain=bitmark,ipfs://QmdoAemWU9Gh6JzWxvJNFb8bkhkZ43LfrweX39BNusu6nE?edition_number=47&blockchain=bitmark,1
previews/a1b6689f-5236-471a-97a6-70ea0879dd42/1630583755/?edition_number=14&blockchain=bitmark,ipfs://QmQW2wFuM8VAeYZ1vbnHKfPq893MmKgcGmZKbuPjQhMnnh?edition_number=14&blockchain=bitmark,1
previews/1e0b019f-60fa-4ae2-96ab-78796310ce0d/1653025342/?edition_number=0&blockchain=bitmark,ipfs://QmPNTtHnZWQmPe6Dp5vDqZ4pya77wM6rYkSsiavTDFJUYY?edition_number=0&blockchain=bitmark,1
previews/a1b6689f-5236-471a-97a6-70ea0879dd42/1630583755/?edition_number=49&blockchain=bitmark,ipfs://QmQW2wFuM8VAeYZ1vbnHKfPq893MmKgcGmZKbuPjQhMnnh?edition_number=49&blockchain=bitmark,1
previews/adc4221c-4f00-4193-ac82-c4d9b1a0b681/1620671843/?edition_number=32&blockchain=bitmark,ipfs://QmNPgas4vq9gkcQr6YFJ6dK3C2yhR8gwGJW7Hi9BUBJCwU?edition_number=32&blockchain=bitmark,1
previews/522055e6-e5d8-41b5-8cad-9823c9666e2a/1654421582/?edition_number=52&blockchain=bitmark,ipfs://QmSc65zdutiNEooeriju5z267FuX21Fqw5f1sNt2eaQbMG?edition_number=52&blockchain=bitmark,1
previews/3a13e193-725f-4a07-b5fa-51f36fc79050/1653025795/?edition_number=0&blockchain=bitmark,ipfs://QmZBwFoRW3cq7P7vrK1ua6e8EfqAZApHN8CHveatEWjvbK?edition_number=0&blockchain=bitmark,1
previews/00f8e853-e20e-49bb-9f2f-8190507b8066/1615449076/?edition_number=47&blockchain=bitmark,ipfs://QmcLtLzmEpbwgQDW2rVJ1d9hwjFs3vHLTR1v1WCCvknDNS?edition_number=47&blockchain=bitmark,1
previews/f503f9fe-276c-4519-92b7-8a2239cfa489/1638359231/?edition_number=82&blockchain=bitmark,ipfs://QmcY75WevXSAKBDENuiHv5ZVm9TjGzy1Nya31bTet99aQK?edition_number=82&blockchain=bitmark,1
previews/43c29566-9fad-42ce-aab9-1c4947164d94/1615728457/?edition_number=49&blockchain=bitmark,ipfs://QmXGTYqi6SLV2wA1Wf1gpo5yMRbwKKqdo9XvxsdPYjnbPx?edition_number=49&blockchain=bitmark,1
previews/2a57c29f-fa5b-440d-8dee-2d58cdb9238c/1620669376/?edition_number=134&blockchain=bitmark,ipfs://QmNZPZifuVpanuoy6WS1nyumb5agihkkdnLZtFhaUmwwFK?edition_number=134&blockchain=bitmark,1
previews/21a5bd39-64d0-490b-b578-6c6ecd317b7a/1634757768/?edition_number=5&blockchain=bitmark,ipfs://Qmc5b84zNCKGhwJ1GbBNujue4xNm1Wjc4NywXCHjkALJPe?edition_number=5&blockchain=bitmark,1
previews/398716ae-a05b-43bb-adb8-48e56114af6a/1634712504/?edition_number=39&blockchain=bitmark,ipfs://QmdD6DadG5GLqauBdhCwsbRRyxQA8zfUN8EMQwsnQdShRC?edition_number=39&blockchain=bitmark,1
previews/47db4cae-c786-4bb3-8735-e932ab81ed7f/1630258818/?edition_number=40&blockchain=bitmark,ipfs://QmdoAemWU9Gh6JzWxvJNFb8bkhkZ43LfrweX39BNusu6nE?edition_number=40&blockchain=bitmark,1
previews/3a9f6d14-d53d-4d5c-b55a-f0e5793d5d0e/1620350770/?edition_number=184&blockchain=bitmark,ipfs://Qma6yMjwzXasZcvR6ojk5KbW2eG7dZV9LmsJ3bMEnNJiqt?edition_number=184&blockchain=bitmark,1
previews/25a0daeb-ec6d-4bfd-8a24-11c44beb5629/1634763514/?edition_number=88&blockchain=bitmark,ipfs://QmbcmMmfVjg2vC35zQM2ktBQqbEk9kqsXzpdKviQ9uesKz?edition_number=88&blockchain=bitmark,1
previews/faa504eb-868c-4134-a7b2-eef051b9abbc/1620642833/?edition_number=197&blockchain=bitmark,ipfs://QmP3apeo3Krrw3aEobPpffs3p5haR7ZnEvcePfSDfcpBS8?edition_number=197&blockchain=bitmark,1
previews/6bcc9b62-0ca3-4fdc-8232-0a3f2d4adf13/1620666173/?edition_number=168&blockchain=bitmark,ipfs://QmbTnbbntuoXF87t1FQw92PqBj7xfYY4hKALAV3YDwH1Ey?edition_number=168&blockchain=bitmark,1
previews/a566dd50-6194-4e88-8aec-59cebbc1ed55/1639419587/?edition_number=40&blockchain=bitmark,ipfs://QmUYrfKmCUmmYtkeAwhbai2WAGNSnhijo5KFXqYNJqFsbb?edition_number=40&blockchain=bitmark,1
previews/adc4221c-4f00-4193-ac82-c4d9b1a0b681/1620671843/?edition_number=69&blockchain=bitmark,ipfs://QmNPgas4vq9gkcQr6YFJ6dK3C2yhR8gwGJW7Hi9BUBJCwU?edition_number=69&blockchain=bitmark,1
previews/ec014e95-c9de-4d2e-b464-d95c3f7ae19c/1634763465/?edition_number=81&blockchain=bitmark,ipfs://QmSKF73LGPvLCYkhkp6z5rg1CmjpRjGeaKZ9k26XNqdR7C?edition_number=81&blockchain=bitmark,1
previews/6bcc9b62-0ca3-4fdc-8232-0a3f2d4adf13/1620666173/?edition_number=166&blockchain=bitmark,ipfs://QmbTnbbntuoXF87t1FQw92PqBj7xfYY4hKALAV3YDwH1Ey?edition_number=166&blockchain=bitmark,1
previews/f503f9fe-276c-4519-92b7-8a2239cfa489/1638359231/?edition_number=70&blockchain=bitmark,ipfs://QmcY75WevXSAKBDENuiHv5ZVm9TjGzy1Nya31bTet99aQK?edition_number=70&blockchain=bitmark,1
previews/2a57c29f-fa5b-440d-8dee-2d58cdb9238c/1620669376/?edition_number=122&blockchain=bitmark,ipfs://QmNZPZifuVpanuoy6WS1nyumb5agihkkdnLZtFhaUmwwFK?edition_number=122&blockchain=bitmark,1
previews/2dbd7ac7-afe2-43fd-a83c-2156406c158e/1725623822/index.html,ipfs://QmZJPP7KG6jUHgDQ4TpigrQRU6hsbsmzCes97kvvwCAX84,1
previews/a566dd50-6194-4e88-8aec-59cebbc1ed55/1639419587/?edition_number=50&blockchain=bitmark,ipfs://QmUYrfKmCUmmYtkeAwhbai2WAGNSnhijo5KFXqYNJqFsbb?edition_number=50&blockchain=bitmark,1
previews/f2db8c40-a2fb-4a93-be03-75ce3b3133f3/1630436182/?edition_number=43&blockchain=bitmark,ipfs://QmWBrUtQ8ujbYciEhKwgaaSAzv82aGVtQdq1nmNRXWKFQd?edition_number=43&blockchain=bitmark,1
previews/7764ae91-0392-48fb-b68c-796d701bed08/1620416013/?edition_number=150&blockchain=bitmark,ipfs://QmZEJd4b4bFmDDvGaKma1hHXPkkRe2V8wYFYab7Tmw4Lpr?edition_number=150&blockchain=bitmark,1
previews/21a5bd39-64d0-490b-b578-6c6ecd317b7a/1634757768/?edition_number=87&blockchain=bitmark,ipfs://Qmc5b84zNCKGhwJ1GbBNujue4xNm1Wjc4NywXCHjkALJPe?edition_number=87&blockchain=bitmark,1
previews/f503f9fe-276c-4519-92b7-8a2239cfa489/1638359231/?edition_number=105&blockchain=bitmark,ipfs://QmcY75WevXSAKBDENuiHv5ZVm9TjGzy1Nya31bTet99aQK?edition_number=105&blockchain=bitmark,1
previews/522055e6-e5d8-41b5-8cad-9823c9666e2a/1654421582/?edition_number=7&blockchain=bitmark,ipfs://QmSc65zdutiNEooeriju5z267FuX21Fqw5f1sNt2eaQbMG?edition_number=7&blockchain=bitmark,1
previews/93544620-dff8-4ae5-8194-3f527e8cc91e/1634763453/?edition_number=73&blockchain=bitmark,ipfs://QmNnXVL5JXjMrFp3AnaYUcdiexeXzvSJ8UNRLFi9gSAwam?edition_number=73&blockchain=bitmark,1
previews/1f060e42-3437-444c-b823-a8b8532c449c/1615550075/?edition_number=74&blockchain=bitmark,ipfs://QmRpqNbJDvf6fDfum4xLQNFJVrgU38tMECkT8JjizcBKUt?edition_number=74&blockchain=bitmark,1
previews/7764ae91-0392-48fb-b68c-796d701bed08/1620416013/?edition_number=163&blockchain=bitmark,ipfs://QmZEJd4b4bFmDDvGaKma1hHXPkkRe2V8wYFYab7Tmw4Lpr?edition_number=163&blockchain=bitmark,1
previews/398716ae-a05b-43bb-adb8-48e56114af6a/1634712504/?edition_number=8&blockchain=bitmark,ipfs://QmdD6DadG5GLqauBdhCwsbRRyxQA8zfUN8EMQwsnQdShRC?edition_number=8&blockchain=bitmark,1
previews/51a53d4e-c60f-4582-8edc-c9998ed40a24/1629968561/?edition_number=60&blockchain=bitmark,ipfs://QmS4SmjsYC6tTnt4X3WMBQ1ggsnFFutgctXSgMyamRnrPX?edition_number=60&blockchain=bitmark,1
previews/361076b7-b4f5-4b47-b800-8c1f31100271/1725624277/index.html,ipfs://QmY5o9VJSaepi8AgiKRYGoTxaQtop2DAgKFtQu7NVQjC9y,1
previews/dc8dddb8-7b4e-4d60-80da-071b92444514/1634763492/?edition_number=21&blockchain=bitmark,ipfs://QmXu8fj8fkUCLWL2L5kWu2Mg2oYFzNGZHJttZt2B2kndeg?edition_number=21&blockchain=bitmark,1
previews/ec014e95-c9de-4d2e-b464-d95c3f7ae19c/1634763465/?edition_number=83&blockchain=bitmark,ipfs://QmSKF73LGPvLCYkhkp6z5rg1CmjpRjGeaKZ9k26XNqdR7C?edition_number=83&blockchain=bitmark,1
previews/25a0daeb-ec6d-4bfd-8a24-11c44beb5629/1634763514/?edition_number=43&blockchain=bitmark,ipfs://QmbcmMmfVjg2vC35zQM2ktBQqbEk9kqsXzpdKviQ9uesKz?edition_number=43&blockchain=bitmark,1
previews/faa504eb-868c-4134-a7b2-eef051b9abbc/1620642833/?edition_number=190&blockchain=bitmark,ipfs://QmP3apeo3Krrw3aEobPpffs3p5haR7ZnEvcePfSDfcpBS8?edition_number=190&blockchain=bitmark,1
previews/a566dd50-6194-4e88-8aec-59cebbc1ed55/1639419587/?edition_number=62&blockchain=bitmark,ipfs://QmUYrfKmCUmmYtkeAwhbai2WAGNSnhijo5KFXqYNJqFsbb?edition_number=62&blockchain=bitmark,1
previews/522055e6-e5d8-41b5-8cad-9823c9666e2a/1654421582/?edition_number=22&blockchain=bitmark,ipfs://QmSc65zdutiNEooeriju5z267FuX21Fqw5f1sNt2eaQbMG?edition_number=22&blockchain=bitmark,1
previews/522055e6-e5d8-41b5-8cad-9823c9666e2a/1654421582/?edition_number=33&blockchain=bitmark,ipfs://QmSc65zdutiNEooeriju5z267FuX21Fqw5f1sNt2eaQbMG?edition_number=33&blockchain=bitmark,1
previews/dc8dddb8-7b4e-4d60-80da-071b92444514/1634763492/?edition_number=39&blockchain=bitmark,ipfs://QmXu8fj8fkUCLWL2L5kWu2Mg2oYFzNGZHJttZt2B2kndeg?edition_number=39&blockchain=bitmark,1
previews/43c29566-9fad-42ce-aab9-1c4947164d94/1615728457/?edition_number=74&blockchain=bitmark,ipfs://QmXGTYqi6SLV2wA1Wf1gpo5yMRbwKKqdo9XvxsdPYjnbPx?edition_number=74&blockchain=bitmark,1
previews/7764ae91-0392-48fb-b68c-796d701bed08/1620416013/?edition_number=71&blockchain=bitmark,ipfs://QmZEJd4b4bFmDDvGaKma1hHXPkkRe2V8wYFYab7Tmw4Lpr?edition_number=71&blockchain=bitmark,1
previews/a566dd50-6194-4e88-8aec-59cebbc1ed55/1639419587/?edition_number=104&blockchain=bitmark,ipfs://QmUYrfKmCUmmYtkeAwhbai2WAGNSnhijo5KFXqYNJqFsbb?edition_number=104&blockchain=bitmark,1
previews/faa504eb-868c-4134-a7b2-eef051b9abbc/1620642833/?edition_number=11&blockchain=bitmark,ipfs://QmP3apeo3Krrw3aEobPpffs3p5haR7ZnEvcePfSDfcpBS8?edition_number=11&blockchain=bitmark,1
previews/9983bf66-380e-4af3-bee9-237c492f18a0/1615757415/?edition_number=0&blockchain=bitmark,ipfs://QmWVJ8KpYhHrHRBXwL7oyBDW2BAn2AiEykhnx21Yb1Gpwv?edition_number=0&blockchain=bitmark,1
previews/21a5bd39-64d0-490b-b578-6c6ecd317b7a/1634757768/?edition_number=49&blockchain=bitmark,ipfs://Qmc5b84zNCKGhwJ1GbBNujue4xNm1Wjc4NywXCHjkALJPe?edition_number=49&blockchain=bitmark,1
previews/5af4af6f-1e6b-4e45-95db-7b4de60fe0ca/1615757683/?edition_number=32&blockchain=bitmark,ipfs://QmXNTPUHPTyvoodpRj93wRr1okzJEqzjQuK1yyKpqubMZY?edition_number=32&blockchain=bitmark,1
previews/ec014e95-c9de-4d2e-b464-d95c3f7ae19c/1634763465/?edition_number=54&blockchain=bitmark,ipfs://QmSKF73LGPvLCYkhkp6z5rg1CmjpRjGeaKZ9k26XNqdR7C?edition_number=54&blockchain=bitmark,1
previews/03c9301f-e338-4419-8830-3e790fdc936b/1634763480/?edition_number=6&blockchain=bitmark,ipfs://QmXiF2u7YpPnekZirDYJFywxQ4nUru8bfnMhijrFV4X6Tq?edition_number=6&blockchain=bitmark,1
previews/6bcc9b62-0ca3-4fdc-8232-0a3f2d4adf13/1620666173/?edition_number=94&blockchain=bitmark,ipfs://QmbTnbbntuoXF87t1FQw92PqBj7xfYY4hKALAV3YDwH1Ey?edition_number=94&blockchain=bitmark,1
previews/ec014e95-c9de-4d2e-b464-d95c3f7ae19c/1634763465/?edition_number=78&blockchain=bitmark,ipfs://QmSKF73LGPvLCYkhkp6z5rg1CmjpRjGeaKZ9k26XNqdR7C?edition_number=78&blockchain=bitmark,1
previews/a566dd50-6194-4e88-8aec-59cebbc1ed55/1639419587/?edition_number=109&blockchain=bitmark,ipfs://QmUYrfKmCUmmYtkeAwhbai2WAGNSnhijo5KFXqYNJqFsbb?edition_number=109&blockchain=bitmark,1
previews/522055e6-e5d8-41b5-8cad-9823c9666e2a/1654421582/?edition_number=30&blockchain=bitmark,ipfs://QmSc65zdutiNEooeriju5z267FuX21Fqw5f1sNt2eaQbMG?edition_number=30&blockchain=bitmark,1
previews/2a57c29f-fa5b-440d-8dee-2d58cdb9238c/1620669376/?edition_number=156&blockchain=bitmark,ipfs://QmNZPZifuVpanuoy6WS1nyumb5agihkkdnLZtFhaUmwwFK?edition_number=156&blockchain=bitmark,1
previews/07c766f0-edc4-45fd-be50-83f89228b08c/1615370392/?edition_number=63&blockchain=bitmark,ipfs://QmSCPSiToTUWq2K7JsupsyPVPskSDTPfVAsMUVJcHhqgKh?edition_number=63&blockchain=bitmark,1
previews/5eb92ed1-7e81-4b2f-a24c-8e2a67c085e8/1653025637/?edition_number=0&blockchain=bitmark,ipfs://QmSbpWiqdy15icVcfTeNRh5Wegwrz6acPaYbLTFcjCuqn6?edition_number=0&blockchain=bitmark,1
previews/1b205395-6654-4174-b170-45c82866270b/1624043512/?edition_number=62&blockchain=bitmark,ipfs://QmV1vFUSGxd2ACfeyRR8CjBCxeFVH5JcfX9sAnfEpxadRu?edition_number=62&blockchain=bitmark,1
previews/3a9f6d14-d53d-4d5c-b55a-f0e5793d5d0e/1620350770/?edition_number=181&blockchain=bitmark,ipfs://Qma6yMjwzXasZcvR6ojk5KbW2eG7dZV9LmsJ3bMEnNJiqt?edition_number=181&blockchain=bitmark,1
previews/f2db8c40-a2fb-4a93-be03-75ce3b3133f3/1630436182/?edition_number=14&blockchain=bitmark,ipfs://QmWBrUtQ8ujbYciEhKwgaaSAzv82aGVtQdq1nmNRXWKFQd?edition_number=14&blockchain=bitmark,1
previews/03c9301f-e338-4419-8830-3e790fdc936b/1634763480/?edition_number=39&blockchain=bitmark,ipfs://QmXiF2u7YpPnekZirDYJFywxQ4nUru8bfnMhijrFV4X6Tq?edition_number=39&blockchain=bitmark,1
previews/3a9f6d14-d53d-4d5c-b55a-f0e5793d5d0e/1620350770/?edition_number=7&blockchain=bitmark,ipfs://Qma6yMjwzXasZcvR6ojk5KbW2eG7dZV9LmsJ3bMEnNJiqt?edition_number=7&blockchain=bitmark,1
previews/faa504eb-868c-4134-a7b2-eef051b9abbc/1620642833/?edition_number=125&blockchain=bitmark,ipfs://QmP3apeo3Krrw3aEobPpffs3p5haR7ZnEvcePfSDfcpBS8?edition_number=125&blockchain=bitmark,1
previews/1b205395-6654-4174-b170-45c82866270b/1624043512/?edition_number=44&blockchain=bitmark,ipfs://QmV1vFUSGxd2ACfeyRR8CjBCxeFVH5JcfX9sAnfEpxadRu?edition_number=44&blockchain=bitmark,1
previews/522055e6-e5d8-41b5-8cad-9823c9666e2a/1654421582/?edition_number=53&blockchain=bitmark,ipfs://QmSc65zdutiNEooeriju5z267FuX21Fqw5f1sNt2eaQbMG?edition_number=53&blockchain=bitmark,1
previews/dc8dddb8-7b4e-4d60-80da-071b92444514/1634763492/?edition_number=82&blockchain=bitmark,ipfs://QmXu8fj8fkUCLWL2L5kWu2Mg2oYFzNGZHJttZt2B2kndeg?edition_number=82&blockchain=bitmark,1
previews/faa504eb-868c-4134-a7b2-eef051b9abbc/1620642833/?edition_number=35&blockchain=bitmark,ipfs://QmP3apeo3Krrw3aEobPpffs3p5haR7ZnEvcePfSDfcpBS8?edition_number=35&blockchain=bitmark,1
previews/3a9f6d14-d53d-4d5c-b55a-f0e5793d5d0e/1620350770/?edition_number=0&blockchain=bitmark,ipfs://Qma6yMjwzXasZcvR6ojk5KbW2eG7dZV9LmsJ3bMEnNJiqt?edition_number=0&blockchain=bitmark,1
previews/51a53d4e-c60f-4582-8edc-c9998ed40a24/1629968561/?edition_number=44&blockchain=bitmark,ipfs://QmS4SmjsYC6tTnt4X3WMBQ1ggsnFFutgctXSgMyamRnrPX?edition_number=44&blockchain=bitmark,1
previews/522055e6-e5d8-41b5-8cad-9823c9666e2a/1654421582/?edition_number=51&blockchain=bitmark,ipfs://QmSc65zdutiNEooeriju5z267FuX21Fqw5f1sNt2eaQbMG?edition_number=51&blockchain=bitmark,1
previews/5af4af6f-1e6b-4e45-95db-7b4de60fe0ca/1615757683/?edition_number=67&blockchain=bitmark,ipfs://QmXNTPUHPTyvoodpRj93wRr1okzJEqzjQuK1yyKpqubMZY?edition_number=67&blockchain=bitmark,1
previews/47db4cae-c786-4bb3-8735-e932ab81ed7f/1630258818/?edition_number=19&blockchain=bitmark,ipfs://QmdoAemWU9Gh6JzWxvJNFb8bkhkZ43LfrweX39BNusu6nE?edition_number=19&blockchain=bitmark,1
previews/21a5bd39-64d0-490b-b578-6c6ecd317b7a/1634757768/?edition_number=74&blockchain=bitmark,ipfs://Qmc5b84zNCKGhwJ1GbBNujue4xNm1Wjc4NywXCHjkALJPe?edition_number=74&blockchain=bitmark,1
previews/398716ae-a05b-43bb-adb8-48e56114af6a/1634712504/?edition_number=49&blockchain=bitmark,ipfs://QmdD6DadG5GLqauBdhCwsbRRyxQA8zfUN8EMQwsnQdShRC?edition_number=49&blockchain=bitmark,1
previews/7764ae91-0392-48fb-b68c-796d701bed08/1620416013/?edition_number=191&blockchain=bitmark,ipfs://QmZEJd4b4bFmDDvGaKma1hHXPkkRe2V8wYFYab7Tmw4Lpr?edition_number=191&blockchain=bitmark,1
previews/5af4af6f-1e6b-4e45-95db-7b4de60fe0ca/1615757683/?edition_number=38&blockchain=bitmark,ipfs://QmXNTPUHPTyvoodpRj93wRr1okzJEqzjQuK1yyKpqubMZY?edition_number=38&blockchain=bitmark,1
previews/2a57c29f-fa5b-440d-8dee-2d58cdb9238c/1620669376/?edition_number=79&blockchain=bitmark,ipfs://QmNZPZifuVpanuoy6WS1nyumb5agihkkdnLZtFhaUmwwFK?edition_number=79&blockchain=bitmark,1
previews/89c348c1-6e78-4e00-ac3f-f58c9e732731/1624234006/?edition_number=24&blockchain=bitmark,ipfs://Qmbfjm1eX2eorWXuYZXU61qpdaSVXdpK2dmD8qHxq6vkcu?edition_number=24&blockchain=bitmark,1
previews/faa504eb-868c-4134-a7b2-eef051b9abbc/1620642833/?edition_number=139&blockchain=bitmark,ipfs://QmP3apeo3Krrw3aEobPpffs3p5haR7ZnEvcePfSDfcpBS8?edition_number=139&blockchain=bitmark,1
previews/faa504eb-868c-4134-a7b2-eef051b9abbc/1620642833/?edition_number=56&blockchain=bitmark,ipfs://QmP3apeo3Krrw3aEobPpffs3p5haR7ZnEvcePfSDfcpBS8?edition_number=56&blockchain=bitmark,1
previews/3a9f6d14-d53d-4d5c-b55a-f0e5793d5d0e/1620350770/?edition_number=191&blockchain=bitmark,ipfs://Qma6yMjwzXasZcvR6ojk5KbW2eG7dZV9LmsJ3bMEnNJiqt?edition_number=191&blockchain=bitmark,1
previews/9983bf66-380e-4af3-bee9-237c492f18a0/1615757415/?edition_number=30&blockchain=bitmark,ipfs://QmWVJ8KpYhHrHRBXwL7oyBDW2BAn2AiEykhnx21Yb1Gpwv?edition_number=30&blockchain=bitmark,1
previews/3e8f638a-c7e2-403a-98d8-c185411825bd/1634763505/?edition_number=39&blockchain=bitmark,ipfs://QmS5n4zNripBYwpoakvMmEN56mpf2iA4onXK7e7Ct8hBRo?edition_number=39&blockchain=bitmark,1
previews/2a57c29f-fa5b-440d-8dee-2d58cdb9238c/1620669376/?edition_number=42&blockchain=bitmark,ipfs://QmNZPZifuVpanuoy6WS1nyumb5agihkkdnLZtFhaUmwwFK?edition_number=42&blockchain=bitmark,1
previews/adc4221c-4f00-4193-ac82-c4d9b1a0b681/1620671843/?edition_number=73&blockchain=bitmark,ipfs://QmNPgas4vq9gkcQr6YFJ6dK3C2yhR8gwGJW7Hi9BUBJCwU?edition_number=73&blockchain=bitmark,1
previews/2e68b1a3-6370-4ad5-af12-153de80637eb/1646913539/?edition_number=0&blockchain=bitmark,ipfs://Qmbxm1m5f6sHS1F1Mq6JPXvXGssYfvsjXmH4gYRTkHbGPe?edition_number=0&blockchain=bitmark,1
previews/6bcc9b62-0ca3-4fdc-8232-0a3f2d4adf13/1620666173/?edition_number=159&blockchain=bitmark,ipfs://QmbTnbbntuoXF87t1FQw92PqBj7xfYY4hKALAV3YDwH1Ey?edition_number=159&blockchain=bitmark,1
previews/f503f9fe-276c-4519-92b7-8a2239cfa489/1638359231/?edition_number=108&blockchain=bitmark,ipfs://QmcY75WevXSAKBDENuiHv5ZVm9TjGzy1Nya31bTet99aQK?edition_number=108&blockchain=bitmark,1
previews/ec014e95-c9de-4d2e-b464-d95c3f7ae19c/1634763465/?edition_number=86&blockchain=bitmark,ipfs://QmSKF73LGPvLCYkhkp6z5rg1CmjpRjGeaKZ9k26XNqdR7C?edition_number=86&blockchain=bitmark,1
previews/2a57c29f-fa5b-440d-8dee-2d58cdb9238c/1620669376/?edition_number=61&blockchain=bitmark,ipfs://QmNZPZifuVpanuoy6WS1nyumb5agihkkdnLZtFhaUmwwFK?edition_number=61&blockchain=bitmark,1
previews/a566dd50-6194-4e88-8aec-59cebbc1ed55/1639419587/?edition_number=27&blockchain=bitmark,ipfs://QmUYrfKmCUmmYtkeAwhbai2WAGNSnhijo5KFXqYNJqFsbb?edition_number=27&blockchain=bitmark,1
previews/a566dd50-6194-4e88-8aec-59cebbc1ed55/1639419587/?edition_number=33&blockchain=bitmark,ipfs://QmUYrfKmCUmmYtkeAwhbai2WAGNSnhijo5KFXqYNJqFsbb?edition_number=33&blockchain=bitmark,1
previews/d7f80e10-a227-4272-bd58-2da08703d460/1632732499/?edition_number=39&blockchain=bitmark,ipfs://QmPuryaXop8PJj8fEriFsyywg1ngKhuesu2e4wgRRoMcjq?edition_number=39&blockchain=bitmark,1
previews/30780351-fa82-47f1-9a2d-7d331f460995/1646913944/?edition_number=0&blockchain=bitmark,ipfs://QmfRgPbeMwETWpE7jxfkeKNqo69KmWjaiztc6DnGzkzBPe?edition_number=0&blockchain=bitmark,1
previews/3a9f6d14-d53d-4d5c-b55a-f0e5793d5d0e/1620350770/?edition_number=112&blockchain=bitmark,ipfs://Qma6yMjwzXasZcvR6ojk5KbW2eG7dZV9LmsJ3bMEnNJiqt?edition_number=112&blockchain=bitmark,1
previews/3a9f6d14-d53d-4d5c-b55a-f0e5793d5d0e/1620350770/?edition_number=183&blockchain=bitmark,ipfs://Qma6yMjwzXasZcvR6ojk5KbW2eG7dZV9LmsJ3bMEnNJiqt?edition_number=183&blockchain=bitmark,1
previews/93544620-dff8-4ae5-8194-3f527e8cc91e/1634763453/?edition_number=71&blockchain=bitmark,ipfs://QmNnXVL5JXjMrFp3AnaYUcdiexeXzvSJ8UNRLFi9gSAwam?edition_number=71&blockchain=bitmark,1
previews/a566dd50-6194-4e88-8aec-59cebbc1ed55/1639419587/?edition_number=84&blockchain=bitmark,ipfs://QmUYrfKmCUmmYtkeAwhbai2WAGNSnhijo5KFXqYNJqFsbb?edition_number=84&blockchain=bitmark,1
previews/ec014e95-c9de-4d2e-b464-d95c3f7ae19c/1634763465/?edition_number=69&blockchain=bitmark,ipfs://QmSKF73LGPvLCYkhkp6z5rg1CmjpRjGeaKZ9k26XNqdR7C?edition_number=69&blockchain=bitmark,1
previews/4f6816b5-3d84-4715-b025-c8a837030b49/1631260821/?edition_number=9&blockchain=bitmark,ipfs://QmbboyD1nB3yJB28r5WB8MzX12d3L5jkVv7BiP2SkpHQ3b?edition_number=9&blockchain=bitmark,1
previews/6e0b8c01-5b11-4ceb-b40a-c1d8efa4a66a/1629980523/?edition_number=45&blockchain=bitmark,ipfs://QmZQSD91yVPYSPQefhrnFLZFRtdntERGgXaXfgAqioQnpQ?edition_number=45&blockchain=bitmark,1
previews/03c9301f-e338-4419-8830-3e790fdc936b/1634763480/?edition_number=69&blockchain=bitmark,ipfs://QmXiF2u7YpPnekZirDYJFywxQ4nUru8bfnMhijrFV4X6Tq?edition_number=69&blockchain=bitmark,1
previews/5af4af6f-1e6b-4e45-95db-7b4de60fe0ca/1615757683/?edition_number=0&blockchain=bitmark,ipfs://QmXNTPUHPTyvoodpRj93wRr1okzJEqzjQuK1yyKpqubMZY?edition_number=0&blockchain=bitmark,1
previews/e885a572-1acc-4b0c-9c63-c3f8e49bd302/1634763439/?edition_number=19&blockchain=bitmark,ipfs://QmccKUyRv4yvLedsf7JL4nho4X2oU3PUcn6SiXmJKDZDJ9?edition_number=19&blockchain=bitmark,1
previews/a566dd50-6194-4e88-8aec-59cebbc1ed55/1639419587/?edition_number=21&blockchain=bitmark,ipfs://QmUYrfKmCUmmYtkeAwhbai2WAGNSnhijo5KFXqYNJqFsbb?edition_number=21&blockchain=bitmark,1
previews/dc8dddb8-7b4e-4d60-80da-071b92444514/1634763492/?edition_number=43&blockchain=bitmark,ipfs://QmXu8fj8fkUCLWL2L5kWu2Mg2oYFzNGZHJttZt2B2kndeg?edition_number=43&blockchain=bitmark,1
previews/71e492dd-e8e6-4b1e-8bf1-ee6d8708e04e/1653025825/?edition_number=0&blockchain=bitmark,ipfs://QmWFtHfUR4RGea6hbRF4jk19WQiZSZQsCtB1wdZBDG1avx?edition_number=0&blockchain=bitmark,1
previews/f503f9fe-276c-4519-92b7-8a2239cfa489/1638359231/?edition_number=68&blockchain=bitmark,ipfs://QmcY75WevXSAKBDENuiHv5ZVm9TjGzy1Nya31bTet99aQK?edition_number=68&blockchain=bitmark,1
previews/25a0daeb-ec6d-4bfd-8a24-11c44beb5629/1634763514/?edition_number=69&blockchain=bitmark,ipfs://QmbcmMmfVjg2vC35zQM2ktBQqbEk9kqsXzpdKviQ9uesKz?edition_number=69&blockchain=bitmark,1
previews/a566dd50-6194-4e88-8aec-59cebbc1ed55/1639419587/?edition_number=59&blockchain=bitmark,ipfs://QmUYrfKmCUmmYtkeAwhbai2WAGNSnhijo5KFXqYNJqFsbb?edition_number=59&blockchain=bitmark,1
previews/f2db8c40-a2fb-4a93-be03-75ce3b3133f3/1630436182/?edition_number=53&blockchain=bitmark,ipfs://QmWBrUtQ8ujbYciEhKwgaaSAzv82aGVtQdq1nmNRXWKFQd?edition_number=53&blockchain=bitmark,1
previews/398716ae-a05b-43bb-adb8-48e56114af6a/1634712504/?edition_number=52&blockchain=bitmark,ipfs://QmdD6DadG5GLqauBdhCwsbRRyxQA8zfUN8EMQwsnQdShRC?edition_number=52&blockchain=bitmark,1
previews/a1b6689f-5236-471a-97a6-70ea0879dd42/1630583755/?edition_number=70&blockchain=bitmark,ipfs://QmQW2wFuM8VAeYZ1vbnHKfPq893MmKgcGmZKbuPjQhMnnh?edition_number=70&blockchain=bitmark,1
previews/a566dd50-6194-4e88-8aec-59cebbc1ed55/1639419587/?edition_number=13&blockchain=bitmark,ipfs://QmUYrfKmCUmmYtkeAwhbai2WAGNSnhijo5KFXqYNJqFsbb?edition_number=13&blockchain=bitmark,1
previews/7764ae91-0392-48fb-b68c-796d701bed08/1620416013/?edition_number=13&blockchain=bitmark,ipfs://QmZEJd4b4bFmDDvGaKma1hHXPkkRe2V8wYFYab7Tmw4Lpr?edition_number=13&blockchain=bitmark,1
previews/dc8dddb8-7b4e-4d60-80da-071b92444514/1634763492/?edition_number=17&blockchain=bitmark,ipfs://QmXu8fj8fkUCLWL2L5kWu2Mg2oYFzNGZHJttZt2B2kndeg?edition_number=17&blockchain=bitmark,1
previews/07c766f0-edc4-45fd-be50-83f89228b08c/1615370392/?edition_number=53&blockchain=bitmark,ipfs://QmSCPSiToTUWq2K7JsupsyPVPskSDTPfVAsMUVJcHhqgKh?edition_number=53&blockchain=bitmark,1
previews/faa504eb-868c-4134-a7b2-eef051b9abbc/1620642833/?edition_number=37&blockchain=bitmark,ipfs://QmP3apeo3Krrw3aEobPpffs3p5haR7ZnEvcePfSDfcpBS8?edition_number=37&blockchain=bitmark,1
previews/b0cd5f03-3a5b-4be3-9c58-b05d2b388c5a/1725624437/index.html,ipfs://QmbVQP5VJWamENeo8UXTBCxxj34hR37UteJ8Eo8iy21afc,1
previews/f503f9fe-276c-4519-92b7-8a2239cfa489/1638359231/?edition_number=55&blockchain=bitmark,ipfs://QmcY75WevXSAKBDENuiHv5ZVm9TjGzy1Nya31bTet99aQK?edition_number=55&blockchain=bitmark,1
previews/93544620-dff8-4ae5-8194-3f527e8cc91e/1634763453/?edition_number=6&blockchain=bitmark,ipfs://QmNnXVL5JXjMrFp3AnaYUcdiexeXzvSJ8UNRLFi9gSAwam?edition_number=6&blockchain=bitmark,1
previews/03c9301f-e338-4419-8830-3e790fdc936b/1634763480/?edition_number=37&blockchain=bitmark,ipfs://QmXiF2u7YpPnekZirDYJFywxQ4nUru8bfnMhijrFV4X6Tq?edition_number=37&blockchain=bitmark,1
previews/a566dd50-6194-4e88-8aec-59cebbc1ed55/1639419587/?edition_number=64&blockchain=bitmark,ipfs://QmUYrfKmCUmmYtkeAwhbai2WAGNSnhijo5KFXqYNJqFsbb?edition_number=64&blockchain=bitmark,1
previews/7764ae91-0392-48fb-b68c-796d701bed08/1620416013/?edition_number=85&blockchain=bitmark,ipfs://QmZEJd4b4bFmDDvGaKma1hHXPkkRe2V8wYFYab7Tmw4Lpr?edition_number=85&blockchain=bitmark,1
previews/31a680b4-c00a-4eac-8729-cba633c91c54/1638740490/?edition_number=103&blockchain=bitmark,ipfs://QmY3LP9vyD9xTupVYExXDYUg3xkpGBKHDj9r7S3aNYtJsm?edition_number=103&blockchain=bitmark,1
previews/faa504eb-868c-4134-a7b2-eef051b9abbc/1620642833/?edition_number=141&blockchain=bitmark,ipfs://QmP3apeo3Krrw3aEobPpffs3p5haR7ZnEvcePfSDfcpBS8?edition_number=141&blockchain=bitmark,1
previews/3a9f6d14-d53d-4d5c-b55a-f0e5793d5d0e/1620350770/?edition_number=87&blockchain=bitmark,ipfs://Qma6yMjwzXasZcvR6ojk5KbW2eG7dZV9LmsJ3bMEnNJiqt?edition_number=87&blockchain=bitmark,1
previews/21a5bd39-64d0-490b-b578-6c6ecd317b7a/1634757768/?edition_number=86&blockchain=bitmark,ipfs://Qmc5b84zNCKGhwJ1GbBNujue4xNm1Wjc4NywXCHjkALJPe?edition_number=86&blockchain=bitmark,1
previews/3110459a-bcad-4dd9-a43d-a0f1eaddc0f8/1653025712/?edition_number=6&blockchain=bitmark,ipfs://QmfM6fvWUM62F1oDCmU2Z3ZXENeGwB27qYEhToNaZq8abu?edition_number=6&blockchain=bitmark,1
previews/2a57c29f-fa5b-440d-8dee-2d58cdb9238c/1620669376/?edition_number=151&blockchain=bitmark,ipfs://QmNZPZifuVpanuoy6WS1nyumb5agihkkdnLZtFhaUmwwFK?edition_number=151&blockchain=bitmark,1
previews/6862d0b4-252f-469d-8327-c0d79f8b4a67/1631208788/?edition_number=20&blockchain=bitmark,ipfs://Qma6LppLyqvZs8FRchAfWwfzSVk9ZtMFJJm7JUkQGk5ydB?edition_number=20&blockchain=bitmark,1
previews/7764ae91-0392-48fb-b68c-796d701bed08/1620416013/?edition_number=83&blockchain=bitmark,ipfs://QmZEJd4b4bFmDDvGaKma1hHXPkkRe2V8wYFYab7Tmw4Lpr?edition_number=83&blockchain=bitmark,1
previews/51a53d4e-c60f-4582-8edc-c9998ed40a24/1629968561/?edition_number=54&blockchain=bitmark,ipfs://QmS4SmjsYC6tTnt4X3WMBQ1ggsnFFutgctXSgMyamRnrPX?edition_number=54&blockchain=bitmark,1
previews/398716ae-a05b-43bb-adb8-48e56114af6a/1634712504/?edition_number=27&blockchain=bitmark,ipfs://QmdD6DadG5GLqauBdhCwsbRRyxQA8zfUN8EMQwsnQdShRC?edition_number=27&blockchain=bitmark,1
previews/f503f9fe-276c-4519-92b7-8a2239cfa489/1638359231/?edition_number=81&blockchain=bitmark,ipfs://QmcY75WevXSAKBDENuiHv5ZVm9TjGzy1Nya31bTet99aQK?edition_number=81&blockchain=bitmark,1
previews/3a9f6d14-d53d-4d5c-b55a-f0e5793d5d0e/1620350770/?edition_number=187&blockchain=bitmark,ipfs://Qma6yMjwzXasZcvR6ojk5KbW2eG7dZV9LmsJ3bMEnNJiqt?edition_number=187&blockchain=bitmark,1
previews/1b205395-6654-4174-b170-45c82866270b/1624043512/?edition_number=2&blockchain=bitmark,ipfs://QmV1vFUSGxd2ACfeyRR8CjBCxeFVH5JcfX9sAnfEpxadRu?edition_number=2&blockchain=bitmark,1
previews/faa504eb-868c-4134-a7b2-eef051b9abbc/1620642833/?edition_number=158&blockchain=bitmark,ipfs://QmP3apeo3Krrw3aEobPpffs3p5haR7ZnEvcePfSDfcpBS8?edition_number=158&blockchain=bitmark,1
previews/3a9f6d14-d53d-4d5c-b55a-f0e5793d5d0e/1620350770/?edition_number=37&blockchain=bitmark,ipfs://Qma6yMjwzXasZcvR6ojk5KbW2eG7dZV9LmsJ3bMEnNJiqt?edition_number=37&blockchain=bitmark,1
previews/a566dd50-6194-4e88-8aec-59cebbc1ed55/1639419587/?edition_number=94&blockchain=bitmark,ipfs://QmUYrfKmCUmmYtkeAwhbai2WAGNSnhijo5KFXqYNJqFsbb?edition_number=94&blockchain=bitmark,1
previews/a1b6689f-5236-471a-97a6-70ea0879dd42/1630583755/?edition_number=34&blockchain=bitmark,ipfs://QmQW2wFuM8VAeYZ1vbnHKfPq893MmKgcGmZKbuPjQhMnnh?edition_number=34&blockchain=bitmark,1
previews/21a5bd39-64d0-490b-b578-6c6ecd317b7a/1634757768/?edition_number=80&blockchain=bitmark,ipfs://Qmc5b84zNCKGhwJ1GbBNujue4xNm1Wjc4NywXCHjkALJPe?edition_number=80&blockchain=bitmark,1
previews/f2db8c40-a2fb-4a93-be03-75ce3b3133f3/1630436182/?edition_number=37&blockchain=bitmark,ipfs://QmWBrUtQ8ujbYciEhKwgaaSAzv82aGVtQdq1nmNRXWKFQd?edition_number=37&blockchain=bitmark,1
previews/43f6164c-d901-4e87-815a-c6689d05b48f/1646913164/?edition_number=0&blockchain=bitmark,ipfs://QmPoWQDCJLSnpUwy27vE1fJgNk9GXtpteXox1HSNsxXCbA?edition_number=0&blockchain=bitmark,1
previews/faa504eb-868c-4134-a7b2-eef051b9abbc/1620642833/?edition_number=180&blockchain=bitmark,ipfs://QmP3apeo3Krrw3aEobPpffs3p5haR7ZnEvcePfSDfcpBS8?edition_number=180&blockchain=bitmark,1
previews/3a9f6d14-d53d-4d5c-b55a-f0e5793d5d0e/1620350770/?edition_number=178&blockchain=bitmark,ipfs://Qma6yMjwzXasZcvR6ojk5KbW2eG7dZV9LmsJ3bMEnNJiqt?edition_number=178&blockchain=bitmark,1
previews/a566dd50-6194-4e88-8aec-59cebbc1ed55/1639419587/?edition_number=77&blockchain=bitmark,ipfs://QmUYrfKmCUmmYtkeAwhbai2WAGNSnhijo5KFXqYNJqFsbb?edition_number=77&blockchain=bitmark,1
previews/1e0b019f-60fa-4ae2-96ab-78796310ce0d/1653025342/?edition_number=2&blockchain=bitmark,ipfs://QmPNTtHnZWQmPe6Dp5vDqZ4pya77wM6rYkSsiavTDFJUYY?edition_number=2&blockchain=bitmark,1
previews/adc4221c-4f00-4193-ac82-c4d9b1a0b681/1620671843/?edition_number=46&blockchain=bitmark,ipfs://QmNPgas4vq9gkcQr6YFJ6dK3C2yhR8gwGJW7Hi9BUBJCwU?edition_number=46&blockchain=bitmark,1
previews/f503f9fe-276c-4519-92b7-8a2239cfa489/1638359231/?edition_number=61&blockchain=bitmark,ipfs://QmcY75WevXSAKBDENuiHv5ZVm9TjGzy1Nya31bTet99aQK?edition_number=61&blockchain=bitmark,1
previews/21a5bd39-64d0-490b-b578-6c6ecd317b7a/1634757768/?edition_number=64&blockchain=bitmark,ipfs://Qmc5b84zNCKGhwJ1GbBNujue4xNm1Wjc4NywXCHjkALJPe?edition_number=64&blockchain=bitmark,1
previews/e885a572-1acc-4b0c-9c63-c3f8e49bd302/1634763439/?edition_number=69&blockchain=bitmark,ipfs://QmccKUyRv4yvLedsf7JL4nho4X2oU3PUcn6SiXmJKDZDJ9?edition_number=69&blockchain=bitmark,1
previews/f503f9fe-276c-4519-92b7-8a2239cfa489/1638359231/?edition_number=85&blockchain=bitmark,ipfs://QmcY75WevXSAKBDENuiHv5ZVm9TjGzy1Nya31bTet99aQK?edition_number=85&blockchain=bitmark,1
previews/31a680b4-c00a-4eac-8729-cba633c91c54/1638740490/?edition_number=90&blockchain=bitmark,ipfs://QmY3LP9vyD9xTupVYExXDYUg3xkpGBKHDj9r7S3aNYtJsm?edition_number=90&blockchain=bitmark,1
previews/6e0b8c01-5b11-4ceb-b40a-c1d8efa4a66a/1629980523/?edition_number=4&blockchain=bitmark,ipfs://QmZQSD91yVPYSPQefhrnFLZFRtdntERGgXaXfgAqioQnpQ?edition_number=4&blockchain=bitmark,1
previews/3e8f638a-c7e2-403a-98d8-c185411825bd/1634763505/?edition_number=14&blockchain=bitmark,ipfs://QmS5n4zNripBYwpoakvMmEN56mpf2iA4onXK7e7Ct8hBRo?edition_number=14&blockchain=bitmark,1
previews/d7f80e10-a227-4272-bd58-2da08703d460/1632732499/?edition_number=25&blockchain=bitmark,ipfs://QmPuryaXop8PJj8fEriFsyywg1ngKhuesu2e4wgRRoMcjq?edition_number=25&blockchain=bitmark,1
previews/3a9f6d14-d53d-4d5c-b55a-f0e5793d5d0e/1620350770/?edition_number=98&blockchain=bitmark,ipfs://Qma6yMjwzXasZcvR6ojk5KbW2eG7dZV9LmsJ3bMEnNJiqt?edition_number=98&blockchain=bitmark,1
previews/6bcc9b62-0ca3-4fdc-8232-0a3f2d4adf13/1620666173/?edition_number=28&blockchain=bitmark,ipfs://QmbTnbbntuoXF87t1FQw92PqBj7xfYY4hKALAV3YDwH1Ey?edition_number=28&blockchain=bitmark,1
previews/398716ae-a05b-43bb-adb8-48e56114af6a/1634712504/?edition_number=7&blockchain=bitmark,ipfs://QmdD6DadG5GLqauBdhCwsbRRyxQA8zfUN8EMQwsnQdShRC?edition_number=7&blockchain=bitmark,1
previews/7764ae91-0392-48fb-b68c-796d701bed08/1620416013/?edition_number=145&blockchain=bitmark,ipfs://QmZEJd4b4bFmDDvGaKma1hHXPkkRe2V8wYFYab7Tmw4Lpr?edition_number=145&blockchain=bitmark,1
previews/6bcc9b62-0ca3-4fdc-8232-0a3f2d4adf13/1620666173/?edition_number=90&blockchain=bitmark,ipfs://QmbTnbbntuoXF87t1FQw92PqBj7xfYY4hKALAV3YDwH1Ey?edition_number=90&blockchain=bitmark,1
previews/25a0daeb-ec6d-4bfd-8a24-11c44beb5629/1634763514/?edition_number=37&blockchain=bitmark,ipfs://QmbcmMmfVjg2vC35zQM2ktBQqbEk9kqsXzpdKviQ9uesKz?edition_number=37&blockchain=bitmark,1
previews/6bcc9b62-0ca3-4fdc-8232-0a3f2d4adf13/1620666173/?edition_number=167&blockchain=bitmark,ipfs://QmbTnbbntuoXF87t1FQw92PqBj7xfYY4hKALAV3YDwH1Ey?edition_number=167&blockchain=bitmark,1
previews/edc8b7d3-e95c-4056-93d3-d29d1258195f/1653025489/?edition_number=0&blockchain=bitmark,ipfs://QmRcCoUWh5B5YxNS9GZMGjoBCjJvD3KWcfqmDWG4yAqJ6z?edition_number=0&blockchain=bitmark,1
previews/43c29566-9fad-42ce-aab9-1c4947164d94/1615728457/?edition_number=7&blockchain=bitmark,ipfs://QmXGTYqi6SLV2wA1Wf1gpo5yMRbwKKqdo9XvxsdPYjnbPx?edition_number=7&blockchain=bitmark,1
previews/3a9f6d14-d53d-4d5c-b55a-f0e5793d5d0e/1620350770/?edition_number=111&blockchain=bitmark,ipfs://Qma6yMjwzXasZcvR6ojk5KbW2eG7dZV9LmsJ3bMEnNJiqt?edition_number=111&blockchain=bitmark,1
previews/6bcc9b62-0ca3-4fdc-8232-0a3f2d4adf13/1620666173/?edition_number=158&blockchain=bitmark,ipfs://QmbTnbbntuoXF87t1FQw92PqBj7xfYY4hKALAV3YDwH1Ey?edition_number=158&blockchain=bitmark,1
previews/e885a572-1acc-4b0c-9c63-c3f8e49bd302/1634763439/?edition_number=17&blockchain=bitmark,ipfs://QmccKUyRv4yvLedsf7JL4nho4X2oU3PUcn6SiXmJKDZDJ9?edition_number=17&blockchain=bitmark,1
previews/522055e6-e5d8-41b5-8cad-9823c9666e2a/1654421582/?edition_number=58&blockchain=bitmark,ipfs://QmSc65zdutiNEooeriju5z267FuX21Fqw5f1sNt2eaQbMG?edition_number=58&blockchain=bitmark,1
previews/398716ae-a05b-43bb-adb8-48e56114af6a/1634712504/?edition_number=66&blockchain=bitmark,ipfs://QmdD6DadG5GLqauBdhCwsbRRyxQA8zfUN8EMQwsnQdShRC?edition_number=66&blockchain=bitmark,1
previews/f503f9fe-276c-4519-92b7-8a2239cfa489/1638359231/?edition_number=45&blockchain=bitmark,ipfs://QmcY75WevXSAKBDENuiHv5ZVm9TjGzy1Nya31bTet99aQK?edition_number=45&blockchain=bitmark,1
previews/3a9f6d14-d53d-4d5c-b55a-f0e5793d5d0e/1620350770/?edition_number=148&blockchain=bitmark,ipfs://Qma6yMjwzXasZcvR6ojk5KbW2eG7dZV9LmsJ3bMEnNJiqt?edition_number=148&blockchain=bitmark,1
previews/25a0daeb-ec6d-4bfd-8a24-11c44beb5629/1634763514/?edition_number=8&blockchain=bitmark,ipfs://QmbcmMmfVjg2vC35zQM2ktBQqbEk9kqsXzpdKviQ9uesKz?edition_number=8&blockchain=bitmark,1
previews/2a57c29f-fa5b-440d-8dee-2d58cdb9238c/1620669376/?edition_number=114&blockchain=bitmark,ipfs://QmNZPZifuVpanuoy6WS1nyumb5agihkkdnLZtFhaUmwwFK?edition_number=114&blockchain=bitmark,1
previews/21a5bd39-64d0-490b-b578-6c6ecd317b7a/1634757768/?edition_number=72&blockchain=bitmark,ipfs://Qmc5b84zNCKGhwJ1GbBNujue4xNm1Wjc4NywXCHjkALJPe?edition_number=72&blockchain=bitmark,1
previews/1b205395-6654-4174-b170-45c82866270b/1624043512/?edition_number=59&blockchain=bitmark,ipfs://QmV1vFUSGxd2ACfeyRR8CjBCxeFVH5JcfX9sAnfEpxadRu?edition_number=59&blockchain=bitmark,1
previews/03c9301f-e338-4419-8830-3e790fdc936b/1634763480/?edition_number=14&blockchain=bitmark,ipfs://QmXiF2u7YpPnekZirDYJFywxQ4nUru8bfnMhijrFV4X6Tq?edition_number=14&blockchain=bitmark,1
previews/a566dd50-6194-4e88-8aec-59cebbc1ed55/1639419587/?edition_number=47&blockchain=bitmark,ipfs://QmUYrfKmCUmmYtkeAwhbai2WAGNSnhijo5KFXqYNJqFsbb?edition_number=47&blockchain=bitmark,1
previews/03c9301f-e338-4419-8830-3e790fdc936b/1634763480/?edition_number=61&blockchain=bitmark,ipfs://QmXiF2u7YpPnekZirDYJFywxQ4nUru8bfnMhijrFV4X6Tq?edition_number=61&blockchain=bitmark,1
previews/3a9f6d14-d53d-4d5c-b55a-f0e5793d5d0e/1620350770/?edition_number=153&blockchain=bitmark,ipfs://Qma6yMjwzXasZcvR6ojk5KbW2eG7dZV9LmsJ3bMEnNJiqt?edition_number=153&blockchain=bitmark,1
previews/adc4221c-4f00-4193-ac82-c4d9b1a0b681/1620671843/?edition_number=179&blockchain=bitmark,ipfs://QmNPgas4vq9gkcQr6YFJ6dK3C2yhR8gwGJW7Hi9BUBJCwU?edition_number=179&blockchain=bitmark,1
previews/faa504eb-868c-4134-a7b2-eef051b9abbc/1620642833/?edition_number=146&blockchain=bitmark,ipfs://QmP3apeo3Krrw3aEobPpffs3p5haR7ZnEvcePfSDfcpBS8?edition_number=146&blockchain=bitmark,1
previews/31a680b4-c00a-4eac-8729-cba633c91c54/1638740490/?edition_number=92&blockchain=bitmark,ipfs://QmY3LP9vyD9xTupVYExXDYUg3xkpGBKHDj9r7S3aNYtJsm?edition_number=92&blockchain=bitmark,1
previews/522055e6-e5d8-41b5-8cad-9823c9666e2a/1654421582/?edition_number=66&blockchain=bitmark,ipfs://QmSc65zdutiNEooeriju5z267FuX21Fqw5f1sNt2eaQbMG?edition_number=66&blockchain=bitmark,1
previews/03c9301f-e338-4419-8830-3e790fdc936b/1634763480/?edition_number=25&blockchain=bitmark,ipfs://QmXiF2u7YpPnekZirDYJFywxQ4nUru8bfnMhijrFV4X6Tq?edition_number=25&blockchain=bitmark,1
previews/adc4221c-4f00-4193-ac82-c4d9b1a0b681/1620671843/?edition_number=155&blockchain=bitmark,ipfs://QmNPgas4vq9gkcQr6YFJ6dK3C2yhR8gwGJW7Hi9BUBJCwU?edition_number=155&blockchain=bitmark,1
previews/dc8dddb8-7b4e-4d60-80da-071b92444514/1634763492/?edition_number=79&blockchain=bitmark,ipfs://QmXu8fj8fkUCLWL2L5kWu2Mg2oYFzNGZHJttZt2B2kndeg?edition_number=79&blockchain=bitmark,1
previews/3a9f6d14-d53d-4d5c-b55a-f0e5793d5d0e/1620350770/?edition_number=93&blockchain=bitmark,ipfs://Qma6yMjwzXasZcvR6ojk5KbW2eG7dZV9LmsJ3bMEnNJiqt?edition_number=93&blockchain=bitmark,1
previews/adc4221c-4f00-4193-ac82-c4d9b1a0b681/1620671843/?edition_number=92&blockchain=bitmark,ipfs://QmNPgas4vq9gkcQr6YFJ6dK3C2yhR8gwGJW7Hi9BUBJCwU?edition_number=92&blockchain=bitmark,1
previews/93544620-dff8-4ae5-8194-3f527e8cc91e/1634763453/?edition_number=8&blockchain=bitmark,ipfs://QmNnXVL5JXjMrFp3AnaYUcdiexeXzvSJ8UNRLFi9gSAwam?edition_number=8&blockchain=bitmark,1
previews/93544620-dff8-4ae5-8194-3f527e8cc91e/1634763453/?edition_number=16&blockchain=bitmark,ipfs://QmNnXVL5JXjMrFp3AnaYUcdiexeXzvSJ8UNRLFi9gSAwam?edition_number=16&blockchain=bitmark,1
previews/df0fce01-b539-4e05-8087-68f3b371c8a8/1655374303/preview.jpg,ipfs://QmWSzz4D887zV4EgtbbbZwqKJDRihC8c1g26MpKX7wfw5u,1
previews/3a9f6d14-d53d-4d5c-b55a-f0e5793d5d0e/1620350770/?edition_number=119&blockchain=bitmark,ipfs://Qma6yMjwzXasZcvR6ojk5KbW2eG7dZV9LmsJ3bMEnNJiqt?edition_number=119&blockchain=bitmark,1
previews/adc4221c-4f00-4193-ac82-c4d9b1a0b681/1620671843/?edition_number=158&blockchain=bitmark,ipfs://QmNPgas4vq9gkcQr6YFJ6dK3C2yhR8gwGJW7Hi9BUBJCwU?edition_number=158&blockchain=bitmark,1
previews/4f6816b5-3d84-4715-b025-c8a837030b49/1631260821/?edition_number=10&blockchain=bitmark,ipfs://QmbboyD1nB3yJB28r5WB8MzX12d3L5jkVv7BiP2SkpHQ3b?edition_number=10&blockchain=bitmark,1
previews/6862d0b4-252f-469d-8327-c0d79f8b4a67/1631208788/?edition_number=21&blockchain=bitmark,ipfs://Qma6LppLyqvZs8FRchAfWwfzSVk9ZtMFJJm7JUkQGk5ydB?edition_number=21&blockchain=bitmark,1
previews/b4a46d9c-fa16-4a2c-a11d-03b49d5b1e63/1646913761/?edition_number=0&blockchain=bitmark,ipfs://QmWjPtFNtmJg5EspcfveQT8fbzR8MV2gz9yCjVnHyo7TNn?edition_number=0&blockchain=bitmark,1
previews/7764ae91-0392-48fb-b68c-796d701bed08/1620416013/?edition_number=88&blockchain=bitmark,ipfs://QmZEJd4b4bFmDDvGaKma1hHXPkkRe2V8wYFYab7Tmw4Lpr?edition_number=88&blockchain=bitmark,1
previews/522055e6-e5d8-41b5-8cad-9823c9666e2a/1654421582/?edition_number=67&blockchain=bitmark,ipfs://QmSc65zdutiNEooeriju5z267FuX21Fqw5f1sNt2eaQbMG?edition_number=67&blockchain=bitmark,1
previews/faa504eb-868c-4134-a7b2-eef051b9abbc/1620642833/?edition_number=194&blockchain=bitmark,ipfs://QmP3apeo3Krrw3aEobPpffs3p5haR7ZnEvcePfSDfcpBS8?edition_number=194&blockchain=bitmark,1
previews/a1b6689f-5236-471a-97a6-70ea0879dd42/1630583755/?edition_number=44&blockchain=bitmark,ipfs://QmQW2wFuM8VAeYZ1vbnHKfPq893MmKgcGmZKbuPjQhMnnh?edition_number=44&blockchain=bitmark,1
previews/f97bf0da-0630-4847-952a-902060b8081c/1646913213/?edition_number=0&blockchain=bitmark,ipfs://QmVX4yDL9QN8sFAK5o2x38xLavZisy3Y6ErvdRry3vhanE?edition_number=0&blockchain=bitmark,1
previews/ebe3df0f-f765-410e-b2fa-edd39dcf5369/1631817212/?edition_number=14&blockchain=bitmark,ipfs://QmfZwky2RWHH8qss3Q8oYpbvHB48qz4ZAsD55KXJY6MGpj?edition_number=14&blockchain=bitmark,1
previews/a566dd50-6194-4e88-8aec-59cebbc1ed55/1639419587/?edition_number=75&blockchain=bitmark,ipfs://QmUYrfKmCUmmYtkeAwhbai2WAGNSnhijo5KFXqYNJqFsbb?edition_number=75&blockchain=bitmark,1
previews/7764ae91-0392-48fb-b68c-796d701bed08/1620416013/?edition_number=52&blockchain=bitmark,ipfs://QmZEJd4b4bFmDDvGaKma1hHXPkkRe2V8wYFYab7Tmw4Lpr?edition_number=52&blockchain=bitmark,1
previews/2a57c29f-fa5b-440d-8dee-2d58cdb9238c/1620669376/?edition_number=76&blockchain=bitmark,ipfs://QmNZPZifuVpanuoy6WS1nyumb5agihkkdnLZtFhaUmwwFK?edition_number=76&blockchain=bitmark,1
previews/ec014e95-c9de-4d2e-b464-d95c3f7ae19c/1634763465/?edition_number=12&blockchain=bitmark,ipfs://QmSKF73LGPvLCYkhkp6z5rg1CmjpRjGeaKZ9k26XNqdR7C?edition_number=12&blockchain=bitmark,1
previews/18125d2a-d424-496f-9949-9c3e625f114e/1632387574/?edition_number=22&blockchain=bitmark,ipfs://QmPJYnZk1nSF7q6sfxecWg1gFnfMddpp4nCdMhdcABdqve?edition_number=22&blockchain=bitmark,1
previews/f2db8c40-a2fb-4a93-be03-75ce3b3133f3/1630436182/?edition_number=4&blockchain=bitmark,ipfs://QmWBrUtQ8ujbYciEhKwgaaSAzv82aGVtQdq1nmNRXWKFQd?edition_number=4&blockchain=bitmark,1
previews/faa504eb-868c-4134-a7b2-eef051b9abbc/1620642833/?edition_number=33&blockchain=bitmark,ipfs://QmP3apeo3Krrw3aEobPpffs3p5haR7ZnEvcePfSDfcpBS8?edition_number=33&blockchain=bitmark,1
previews/3e8f638a-c7e2-403a-98d8-c185411825bd/1634763505/?edition_number=70&blockchain=bitmark,ipfs://QmS5n4zNripBYwpoakvMmEN56mpf2iA4onXK7e7Ct8hBRo?edition_number=70&blockchain=bitmark,1
previews/6bcc9b62-0ca3-4fdc-8232-0a3f2d4adf13/1620666173/?edition_number=146&blockchain=bitmark,ipfs://QmbTnbbntuoXF87t1FQw92PqBj7xfYY4hKALAV3YDwH1Ey?edition_number=146&blockchain=bitmark,1
previews/6e0b8c01-5b11-4ceb-b40a-c1d8efa4a66a/1629980523/?edition_number=22&blockchain=bitmark,ipfs://QmZQSD91yVPYSPQefhrnFLZFRtdntERGgXaXfgAqioQnpQ?edition_number=22&blockchain=bitmark,1
previews/3a9f6d14-d53d-4d5c-b55a-f0e5793d5d0e/1620350770/?edition_number=145&blockchain=bitmark,ipfs://Qma6yMjwzXasZcvR6ojk5KbW2eG7dZV9LmsJ3bMEnNJiqt?edition_number=145&blockchain=bitmark,1
previews/3a9f6d14-d53d-4d5c-b55a-f0e5793d5d0e/1620350770/?edition_number=154&blockchain=bitmark,ipfs://Qma6yMjwzXasZcvR6ojk5KbW2eG7dZV9LmsJ3bMEnNJiqt?edition_number=154&blockchain=bitmark,1
previews/6bcc9b62-0ca3-4fdc-8232-0a3f2d4adf13/1620666173/?edition_number=115&blockchain=bitmark,ipfs://QmbTnbbntuoXF87t1FQw92PqBj7xfYY4hKALAV3YDwH1Ey?edition_number=115&blockchain=bitmark,1
previews/ec014e95-c9de-4d2e-b464-d95c3f7ae19c/1634763465/?edition_number=87&blockchain=bitmark,ipfs://QmSKF73LGPvLCYkhkp6z5rg1CmjpRjGeaKZ9k26XNqdR7C?edition_number=87&blockchain=bitmark,1
previews/522055e6-e5d8-41b5-8cad-9823c9666e2a/1654421582/?edition_number=54&blockchain=bitmark,ipfs://QmSc65zdutiNEooeriju5z267FuX21Fqw5f1sNt2eaQbMG?edition_number=54&blockchain=bitmark,1
previews/47db4cae-c786-4bb3-8735-e932ab81ed7f/1630258818/?edition_number=70&blockchain=bitmark,ipfs://QmdoAemWU9Gh6JzWxvJNFb8bkhkZ43LfrweX39BNusu6nE?edition_number=70&blockchain=bitmark,1
previews/31a680b4-c00a-4eac-8729-cba633c91c54/1638740490/?edition_number=3&blockchain=bitmark,ipfs://QmY3LP9vyD9xTupVYExXDYUg3xkpGBKHDj9r7S3aNYtJsm?edition_number=3&blockchain=bitmark,1
previews/3e8f638a-c7e2-403a-98d8-c185411825bd/1634763505/?edition_number=8&blockchain=bitmark,ipfs://QmS5n4zNripBYwpoakvMmEN56mpf2iA4onXK7e7Ct8hBRo?edition_number=8&blockchain=bitmark,1
previews/adc4221c-4f00-4193-ac82-c4d9b1a0b681/1620671843/?edition_number=151&blockchain=bitmark,ipfs://QmNPgas4vq9gkcQr6YFJ6dK3C2yhR8gwGJW7Hi9BUBJCwU?edition_number=151&blockchain=bitmark,1
previews/dc8dddb8-7b4e-4d60-80da-071b92444514/1634763492/?edition_number=25&blockchain=bitmark,ipfs://QmXu8fj8fkUCLWL2L5kWu2Mg2oYFzNGZHJttZt2B2kndeg?edition_number=25&blockchain=bitmark,1
previews/adc4221c-4f00-4193-ac82-c4d9b1a0b681/1620671843/?edition_number=149&blockchain=bitmark,ipfs://QmNPgas4vq9gkcQr6YFJ6dK3C2yhR8gwGJW7Hi9BUBJCwU?edition_number=149&blockchain=bitmark,1
previews/51a53d4e-c60f-4582-8edc-c9998ed40a24/1629968561/?edition_number=33&blockchain=bitmark,ipfs://QmS4SmjsYC6tTnt4X3WMBQ1ggsnFFutgctXSgMyamRnrPX?edition_number=33&blockchain=bitmark,1
previews/3e8f638a-c7e2-403a-98d8-c185411825bd/1634763505/?edition_number=3&blockchain=bitmark,ipfs://QmS5n4zNripBYwpoakvMmEN56mpf2iA4onXK7e7Ct8hBRo?edition_number=3&blockchain=bitmark,1
previews/faa504eb-868c-4134-a7b2-eef051b9abbc/1620642833/?edition_number=18&blockchain=bitmark,ipfs://QmP3apeo3Krrw3aEobPpffs3p5haR7ZnEvcePfSDfcpBS8?edition_number=18&blockchain=bitmark,1
previews/adc4221c-4f00-4193-ac82-c4d9b1a0b681/1620671843/?edition_number=60&blockchain=bitmark,ipfs://QmNPgas4vq9gkcQr6YFJ6dK3C2yhR8gwGJW7Hi9BUBJCwU?edition_number=60&blockchain=bitmark,1
previews/7764ae91-0392-48fb-b68c-796d701bed08/1620416013/?edition_number=121&blockchain=bitmark,ipfs://QmZEJd4b4bFmDDvGaKma1hHXPkkRe2V8wYFYab7Tmw4Lpr?edition_number=121&blockchain=bitmark,1
previews/adc4221c-4f00-4193-ac82-c4d9b1a0b681/1620671843/?edition_number=153&blockchain=bitmark,ipfs://QmNPgas4vq9gkcQr6YFJ6dK3C2yhR8gwGJW7Hi9BUBJCwU?edition_number=153&blockchain=bitmark,1
previews/d7f80e10-a227-4272-bd58-2da08703d460/1632732499/?edition_number=24&blockchain=bitmark,ipfs://QmPuryaXop8PJj8fEriFsyywg1ngKhuesu2e4wgRRoMcjq?edition_number=24&blockchain=bitmark,1
previews/25a0daeb-ec6d-4bfd-8a24-11c44beb5629/1634763514/?edition_number=34&blockchain=bitmark,ipfs://QmbcmMmfVjg2vC35zQM2ktBQqbEk9kqsXzpdKviQ9uesKz?edition_number=34&blockchain=bitmark,1
previews/faa504eb-868c-4134-a7b2-eef051b9abbc/1620642833/?edition_number=182&blockchain=bitmark,ipfs://QmP3apeo3Krrw3aEobPpffs3p5haR7ZnEvcePfSDfcpBS8?edition_number=182&blockchain=bitmark,1
previews/3a9f6d14-d53d-4d5c-b55a-f0e5793d5d0e/1620350770/?edition_number=175&blockchain=bitmark,ipfs://Qma6yMjwzXasZcvR6ojk5KbW2eG7dZV9LmsJ3bMEnNJiqt?edition_number=175&blockchain=bitmark,1
previews/ec014e95-c9de-4d2e-b464-d95c3f7ae19c/1634763465/?edition_number=89&blockchain=bitmark,ipfs://QmSKF73LGPvLCYkhkp6z5rg1CmjpRjGeaKZ9k26XNqdR7C?edition_number=89&blockchain=bitmark,1
previews/faa504eb-868c-4134-a7b2-eef051b9abbc/1620642833/?edition_number=128&blockchain=bitmark,ipfs://QmP3apeo3Krrw3aEobPpffs3p5haR7ZnEvcePfSDfcpBS8?edition_number=128&blockchain=bitmark,1
previews/522055e6-e5d8-41b5-8cad-9823c9666e2a/1654421582/?edition_number=48&blockchain=bitmark,ipfs://QmSc65zdutiNEooeriju5z267FuX21Fqw5f1sNt2eaQbMG?edition_number=48&blockchain=bitmark,1
previews/3a9f6d14-d53d-4d5c-b55a-f0e5793d5d0e/1620350770/?edition_number=123&blockchain=bitmark,ipfs://Qma6yMjwzXasZcvR6ojk5KbW2eG7dZV9LmsJ3bMEnNJiqt?edition_number=123&blockchain=bitmark,1
previews/7764ae91-0392-48fb-b68c-796d701bed08/1620416013/?edition_number=182&blockchain=bitmark,ipfs://QmZEJd4b4bFmDDvGaKma1hHXPkkRe2V8wYFYab7Tmw4Lpr?edition_number=182&blockchain=bitmark,1
previews/2a727b17-7890-4464-913d-3fe5ad2af4ae/1615474528/?edition_number=39&blockchain=bitmark,ipfs://QmQUH4XtLsZzpQ2VUJ1hhRQaRKVN8acJpmY7W6RitceThE?edition_number=39&blockchain=bitmark,1
previews/f503f9fe-276c-4519-92b7-8a2239cfa489/1638359231/?edition_number=65&blockchain=bitmark,ipfs://QmcY75WevXSAKBDENuiHv5ZVm9TjGzy1Nya31bTet99aQK?edition_number=65&blockchain=bitmark,1
previews/e885a572-1acc-4b0c-9c63-c3f8e49bd302/1634763439/?edition_number=52&blockchain=bitmark,ipfs://QmccKUyRv4yvLedsf7JL4nho4X2oU3PUcn6SiXmJKDZDJ9?edition_number=52&blockchain=bitmark,1
previews/faa504eb-868c-4134-a7b2-eef051b9abbc/1620642833/?edition_number=187&blockchain=bitmark,ipfs://QmP3apeo3Krrw3aEobPpffs3p5haR7ZnEvcePfSDfcpBS8?edition_number=187&blockchain=bitmark,1
previews/21a5bd39-64d0-490b-b578-6c6ecd317b7a/1634757768/?edition_number=45&blockchain=bitmark,ipfs://Qmc5b84zNCKGhwJ1GbBNujue4xNm1Wjc4NywXCHjkALJPe?edition_number=45&blockchain=bitmark,1
previews/f503f9fe-276c-4519-92b7-8a2239cfa489/1638359231/?edition_number=110&blockchain=bitmark,ipfs://QmcY75WevXSAKBDENuiHv5ZVm9TjGzy1Nya31bTet99aQK?edition_number=110&blockchain=bitmark,1
previews/f6d4f5f8-7f31-48c9-871e-b2cf4d4270aa/1631260875/?edition_number=18&blockchain=bitmark,ipfs://QmSAQxsH7avTLbS8yiKAAsHyzDNjn5wfrVpebCBvVpe88B?edition_number=18&blockchain=bitmark,1
previews/faa504eb-868c-4134-a7b2-eef051b9abbc/1620642833/?edition_number=97&blockchain=bitmark,ipfs://QmP3apeo3Krrw3aEobPpffs3p5haR7ZnEvcePfSDfcpBS8?edition_number=97&blockchain=bitmark,1
previews/31a680b4-c00a-4eac-8729-cba633c91c54/1638740490/?edition_number=73&blockchain=bitmark,ipfs://QmY3LP9vyD9xTupVYExXDYUg3xkpGBKHDj9r7S3aNYtJsm?edition_number=73&blockchain=bitmark,1
previews/2a57c29f-fa5b-440d-8dee-2d58cdb9238c/1620669376/?edition_number=20&blockchain=bitmark,ipfs://QmNZPZifuVpanuoy6WS1nyumb5agihkkdnLZtFhaUmwwFK?edition_number=20&blockchain=bitmark,1
previews/dc8dddb8-7b4e-4d60-80da-071b92444514/1634763492/?edition_number=47&blockchain=bitmark,ipfs://QmXu8fj8fkUCLWL2L5kWu2Mg2oYFzNGZHJttZt2B2kndeg?edition_number=47&blockchain=bitmark,1
previews/93544620-dff8-4ae5-8194-3f527e8cc91e/1634763453/?edition_number=78&blockchain=bitmark,ipfs://QmNnXVL5JXjMrFp3AnaYUcdiexeXzvSJ8UNRLFi9gSAwam?edition_number=78&blockchain=bitmark,1
previews/3620d7ce-0677-4c59-be8e-0638632dc43b/1631214470/?edition_number=10&blockchain=bitmark,ipfs://QmSVuBzn8R12RWrvkR7bLExx4CED6W4BZ1Kg7sVZZvT7BR?edition_number=10&blockchain=bitmark,1
previews/51a53d4e-c60f-4582-8edc-c9998ed40a24/1629968561/?edition_number=58&blockchain=bitmark,ipfs://QmS4SmjsYC6tTnt4X3WMBQ1ggsnFFutgctXSgMyamRnrPX?edition_number=58&blockchain=bitmark,1
previews/3e8f638a-c7e2-403a-98d8-c185411825bd/1634763505/?edition_number=25&blockchain=bitmark,ipfs://QmS5n4zNripBYwpoakvMmEN56mpf2iA4onXK7e7Ct8hBRo?edition_number=25&blockchain=bitmark,1
previews/03c9301f-e338-4419-8830-3e790fdc936b/1634763480/?edition_number=54&blockchain=bitmark,ipfs://QmXiF2u7YpPnekZirDYJFywxQ4nUru8bfnMhijrFV4X6Tq?edition_number=54&blockchain=bitmark,1
previews/dc8dddb8-7b4e-4d60-80da-071b92444514/1634763492/?edition_number=68&blockchain=bitmark,ipfs://QmXu8fj8fkUCLWL2L5kWu2Mg2oYFzNGZHJttZt2B2kndeg?edition_number=68&blockchain=bitmark,1
previews/1b205395-6654-4174-b170-45c82866270b/1624043512/?edition_number=57&blockchain=bitmark,ipfs://QmV1vFUSGxd2ACfeyRR8CjBCxeFVH5JcfX9sAnfEpxadRu?edition_number=57&blockchain=bitmark,1
previews/31a680b4-c00a-4eac-8729-cba633c91c54/1638740490/?edition_number=36&blockchain=bitmark,ipfs://QmY3LP9vyD9xTupVYExXDYUg3xkpGBKHDj9r7S3aNYtJsm?edition_number=36&blockchain=bitmark,1
previews/522055e6-e5d8-41b5-8cad-9823c9666e2a/1654421582/?edition_number=17&blockchain=bitmark,ipfs://QmSc65zdutiNEooeriju5z267FuX21Fqw5f1sNt2eaQbMG?edition_number=17&blockchain=bitmark,1
previews/522055e6-e5d8-41b5-8cad-9823c9666e2a/1654421582/?edition_number=59&blockchain=bitmark,ipfs://QmSc65zdutiNEooeriju5z267FuX21Fqw5f1sNt2eaQbMG?edition_number=59&blockchain=bitmark,1
previews/a566dd50-6194-4e88-8aec-59cebbc1ed55/1639419587/?edition_number=52&blockchain=bitmark,ipfs://QmUYrfKmCUmmYtkeAwhbai2WAGNSnhijo5KFXqYNJqFsbb?edition_number=52&blockchain=bitmark,1
previews/93544620-dff8-4ae5-8194-3f527e8cc91e/1634763453/?edition_number=10&blockchain=bitmark,ipfs://QmNnXVL5JXjMrFp3AnaYUcdiexeXzvSJ8UNRLFi9gSAwam?edition_number=10&blockchain=bitmark,1
previews/3e8f638a-c7e2-403a-98d8-c185411825bd/1634763505/?edition_number=61&blockchain=bitmark,ipfs://QmS5n4zNripBYwpoakvMmEN56mpf2iA4onXK7e7Ct8hBRo?edition_number=61&blockchain=bitmark,1
previews/3e8f638a-c7e2-403a-98d8-c185411825bd/1634763505/?edition_number=71&blockchain=bitmark,ipfs://QmS5n4zNripBYwpoakvMmEN56mpf2iA4onXK7e7Ct8hBRo?edition_number=71&blockchain=bitmark,1
previews/252527ee-2232-45e0-9ead-27379ff26219/1627998769/?edition_number=13&blockchain=bitmark,ipfs://QmSJwtChNJ1nzgaQ4JVLka9impCPMPEEmvDvAE4uHgpBih?edition_number=13&blockchain=bitmark,1
previews/faa504eb-868c-4134-a7b2-eef051b9abbc/1620642833/?edition_number=148&blockchain=bitmark,ipfs://QmP3apeo3Krrw3aEobPpffs3p5haR7ZnEvcePfSDfcpBS8?edition_number=148&blockchain=bitmark,1
previews/398716ae-a05b-43bb-adb8-48e56114af6a/1634712504/?edition_number=63&blockchain=bitmark,ipfs://QmdD6DadG5GLqauBdhCwsbRRyxQA8zfUN8EMQwsnQdShRC?edition_number=63&blockchain=bitmark,1
previews/faa504eb-868c-4134-a7b2-eef051b9abbc/1620642833/?edition_number=120&blockchain=bitmark,ipfs://QmP3apeo3Krrw3aEobPpffs3p5haR7ZnEvcePfSDfcpBS8?edition_number=120&blockchain=bitmark,1
previews/2a57c29f-fa5b-440d-8dee-2d58cdb9238c/1620669376/?edition_number=82&blockchain=bitmark,ipfs://QmNZPZifuVpanuoy6WS1nyumb5agihkkdnLZtFhaUmwwFK?edition_number=82&blockchain=bitmark,1
previews/6bcc9b62-0ca3-4fdc-8232-0a3f2d4adf13/1620666173/?edition_number=63&blockchain=bitmark,ipfs://QmbTnbbntuoXF87t1FQw92PqBj7xfYY4hKALAV3YDwH1Ey?edition_number=63&blockchain=bitmark,1
previews/522055e6-e5d8-41b5-8cad-9823c9666e2a/1654421582/?edition_number=74&blockchain=bitmark,ipfs://QmSc65zdutiNEooeriju5z267FuX21Fqw5f1sNt2eaQbMG?edition_number=74&blockchain=bitmark,1
previews/f2db8c40-a2fb-4a93-be03-75ce3b3133f3/1630436182/?edition_number=2&blockchain=bitmark,ipfs://QmWBrUtQ8ujbYciEhKwgaaSAzv82aGVtQdq1nmNRXWKFQd?edition_number=2&blockchain=bitmark,1
previews/a2ba079e-319b-425a-b3df-6bb68c1b7343/1725623570/index.html,ipfs://QmX3jGgBHKK4JkptQN248ZFmyPH3d5zyBQzgcXhKgXYgiq,1
previews/93544620-dff8-4ae5-8194-3f527e8cc91e/1634763453/?edition_number=14&blockchain=bitmark,ipfs://QmNnXVL5JXjMrFp3AnaYUcdiexeXzvSJ8UNRLFi9gSAwam?edition_number=14&blockchain=bitmark,1
previews/25a0daeb-ec6d-4bfd-8a24-11c44beb5629/1634763514/?edition_number=10&blockchain=bitmark,ipfs://QmbcmMmfVjg2vC35zQM2ktBQqbEk9kqsXzpdKviQ9uesKz?edition_number=10&blockchain=bitmark,1
previews/f503f9fe-276c-4519-92b7-8a2239cfa489/1638359231/?edition_number=115&blockchain=bitmark,ipfs://QmcY75WevXSAKBDENuiHv5ZVm9TjGzy1Nya31bTet99aQK?edition_number=115&blockchain=bitmark,1
previews/7764ae91-0392-48fb-b68c-796d701bed08/1620416013/?edition_number=196&blockchain=bitmark,ipfs://QmZEJd4b4bFmDDvGaKma1hHXPkkRe2V8wYFYab7Tmw4Lpr?edition_number=196&blockchain=bitmark,1
previews/faa504eb-868c-4134-a7b2-eef051b9abbc/1620642833/?edition_number=113&blockchain=bitmark,ipfs://QmP3apeo3Krrw3aEobPpffs3p5haR7ZnEvcePfSDfcpBS8?edition_number=113&blockchain=bitmark,1
previews/ec014e95-c9de-4d2e-b464-d95c3f7ae19c/1634763465/?edition_number=71&blockchain=bitmark,ipfs://QmSKF73LGPvLCYkhkp6z5rg1CmjpRjGeaKZ9k26XNqdR7C?edition_number=71&blockchain=bitmark,1
previews/3110459a-bcad-4dd9-a43d-a0f1eaddc0f8/1653025712/?edition_number=2&blockchain=bitmark,ipfs://QmfM6fvWUM62F1oDCmU2Z3ZXENeGwB27qYEhToNaZq8abu?edition_number=2&blockchain=bitmark,1
previews/d7f80e10-a227-4272-bd58-2da08703d460/1632732499/?edition_number=57&blockchain=bitmark,ipfs://QmPuryaXop8PJj8fEriFsyywg1ngKhuesu2e4wgRRoMcjq?edition_number=57&blockchain=bitmark,1
previews/7764ae91-0392-48fb-b68c-796d701bed08/1620416013/?edition_number=31&blockchain=bitmark,ipfs://QmZEJd4b4bFmDDvGaKma1hHXPkkRe2V8wYFYab7Tmw4Lpr?edition_number=31&blockchain=bitmark,1
previews/adc4221c-4f00-4193-ac82-c4d9b1a0b681/1620671843/?edition_number=58&blockchain=bitmark,ipfs://QmNPgas4vq9gkcQr6YFJ6dK3C2yhR8gwGJW7Hi9BUBJCwU?edition_number=58&blockchain=bitmark,1
previews/31a680b4-c00a-4eac-8729-cba633c91c54/1638740490/?edition_number=8&blockchain=bitmark,ipfs://QmY3LP9vyD9xTupVYExXDYUg3xkpGBKHDj9r7S3aNYtJsm?edition_number=8&blockchain=bitmark,1
previews/25a0daeb-ec6d-4bfd-8a24-11c44beb5629/1634763514/?edition_number=82&blockchain=bitmark,ipfs://QmbcmMmfVjg2vC35zQM2ktBQqbEk9kqsXzpdKviQ9uesKz?edition_number=82&blockchain=bitmark,1
previews/89c348c1-6e78-4e00-ac3f-f58c9e732731/1624234006/?edition_number=39&blockchain=bitmark,ipfs://Qmbfjm1eX2eorWXuYZXU61qpdaSVXdpK2dmD8qHxq6vkcu?edition_number=39&blockchain=bitmark,1
previews/2a57c29f-fa5b-440d-8dee-2d58cdb9238c/1620669376/?edition_number=197&blockchain=bitmark,ipfs://QmNZPZifuVpanuoy6WS1nyumb5agihkkdnLZtFhaUmwwFK?edition_number=197&blockchain=bitmark,1
previews/a566dd50-6194-4e88-8aec-59cebbc1ed55/1639419587/?edition_number=81&blockchain=bitmark,ipfs://QmUYrfKmCUmmYtkeAwhbai2WAGNSnhijo5KFXqYNJqFsbb?edition_number=81&blockchain=bitmark,1
previews/522055e6-e5d8-41b5-8cad-9823c9666e2a/1654421582/?edition_number=55&blockchain=bitmark,ipfs://QmSc65zdutiNEooeriju5z267FuX21Fqw5f1sNt2eaQbMG?edition_number=55&blockchain=bitmark,1
previews/d7f80e10-a227-4272-bd58-2da08703d460/1632732499/?edition_number=60&blockchain=bitmark,ipfs://QmPuryaXop8PJj8fEriFsyywg1ngKhuesu2e4wgRRoMcjq?edition_number=60&blockchain=bitmark,1
previews/2d1f1330-d66a-4e9e-afd6-c17e5e55f2c4/1627893099/?edition_number=2&blockchain=bitmark,ipfs://QmRkSgNjaMqSzJgkxHrrYcPVX4Ko2DhLTUecjfYQjufPT7?edition_number=2&blockchain=bitmark,1
previews/a566dd50-6194-4e88-8aec-59cebbc1ed55/1639419587/?edition_number=30&blockchain=bitmark,ipfs://QmUYrfKmCUmmYtkeAwhbai2WAGNSnhijo5KFXqYNJqFsbb?edition_number=30&blockchain=bitmark,1
previews/6bcc9b62-0ca3-4fdc-8232-0a3f2d4adf13/1620666173/?edition_number=142&blockchain=bitmark,ipfs://QmbTnbbntuoXF87t1FQw92PqBj7xfYY4hKALAV3YDwH1Ey?edition_number=142&blockchain=bitmark,1
previews/21a5bd39-64d0-490b-b578-6c6ecd317b7a/1634757768/?edition_number=42&blockchain=bitmark,ipfs://Qmc5b84zNCKGhwJ1GbBNujue4xNm1Wjc4NywXCHjkALJPe?edition_number=42&blockchain=bitmark,1
previews/dc8dddb8-7b4e-4d60-80da-071b92444514/1634763492/?edition_number=80&blockchain=bitmark,ipfs://QmXu8fj8fkUCLWL2L5kWu2Mg2oYFzNGZHJttZt2B2kndeg?edition_number=80&blockchain=bitmark,1
previews/4f6816b5-3d84-4715-b025-c8a837030b49/1631260821/?edition_number=17&blockchain=bitmark,ipfs://QmbboyD1nB3yJB28r5WB8MzX12d3L5jkVv7BiP2SkpHQ3b?edition_number=17&blockchain=bitmark,1
previews/adc4221c-4f00-4193-ac82-c4d9b1a0b681/1620671843/?edition_number=176&blockchain=bitmark,ipfs://QmNPgas4vq9gkcQr6YFJ6dK3C2yhR8gwGJW7Hi9BUBJCwU?edition_number=176&blockchain=bitmark,1
previews/faa504eb-868c-4134-a7b2-eef051b9abbc/1620642833/?edition_number=143&blockchain=bitmark,ipfs://QmP3apeo3Krrw3aEobPpffs3p5haR7ZnEvcePfSDfcpBS8?edition_number=143&blockchain=bitmark,1
previews/03c9301f-e338-4419-8830-3e790fdc936b/1634763480/?edition_number=73&blockchain=bitmark,ipfs://QmXiF2u7YpPnekZirDYJFywxQ4nUru8bfnMhijrFV4X6Tq?edition_number=73&blockchain=bitmark,1
previews/522055e6-e5d8-41b5-8cad-9823c9666e2a/1654421582/?edition_number=57&blockchain=bitmark,ipfs://QmSc65zdutiNEooeriju5z267FuX21Fqw5f1sNt2eaQbMG?edition_number=57&blockchain=bitmark,1
previews/25a0daeb-ec6d-4bfd-8a24-11c44beb5629/1634763514/?edition_number=6&blockchain=bitmark,ipfs://QmbcmMmfVjg2vC35zQM2ktBQqbEk9kqsXzpdKviQ9uesKz?edition_number=6&blockchain=bitmark,1
previews/a566dd50-6194-4e88-8aec-59cebbc1ed55/1639419587/?edition_number=115&blockchain=bitmark,ipfs://QmUYrfKmCUmmYtkeAwhbai2WAGNSnhijo5KFXqYNJqFsbb?edition_number=115&blockchain=bitmark,1
previews/6bcc9b62-0ca3-4fdc-8232-0a3f2d4adf13/1620666173/?edition_number=30&blockchain=bitmark,ipfs://QmbTnbbntuoXF87t1FQw92PqBj7xfYY4hKALAV3YDwH1Ey?edition_number=30&blockchain=bitmark,1
previews/3a9f6d14-d53d-4d5c-b55a-f0e5793d5d0e/1620350770/?edition_number=59&blockchain=bitmark,ipfs://Qma6yMjwzXasZcvR6ojk5KbW2eG7dZV9LmsJ3bMEnNJiqt?edition_number=59&blockchain=bitmark,1
previews/2a57c29f-fa5b-440d-8dee-2d58cdb9238c/1620669376/?edition_number=177&blockchain=bitmark,ipfs://QmNZPZifuVpanuoy6WS1nyumb5agihkkdnLZtFhaUmwwFK?edition_number=177&blockchain=bitmark,1
previews/9983bf66-380e-4af3-bee9-237c492f18a0/1615757415/?edition_number=65&blockchain=bitmark,ipfs://QmWVJ8KpYhHrHRBXwL7oyBDW2BAn2AiEykhnx21Yb1Gpwv?edition_number=65&blockchain=bitmark,1
previews/7764ae91-0392-48fb-b68c-796d701bed08/1620416013/?edition_number=84&blockchain=bitmark,ipfs://QmZEJd4b4bFmDDvGaKma1hHXPkkRe2V8wYFYab7Tmw4Lpr?edition_number=84&blockchain=bitmark,1
previews/18125d2a-d424-496f-9949-9c3e625f114e/1632387574/?edition_number=26&blockchain=bitmark,ipfs://QmPJYnZk1nSF7q6sfxecWg1gFnfMddpp4nCdMhdcABdqve?edition_number=26&blockchain=bitmark,1
previews/398716ae-a05b-43bb-adb8-48e56114af6a/1634712504/?edition_number=83&blockchain=bitmark,ipfs://QmdD6DadG5GLqauBdhCwsbRRyxQA8zfUN8EMQwsnQdShRC?edition_number=83&blockchain=bitmark,1
previews/7764ae91-0392-48fb-b68c-796d701bed08/1620416013/?edition_number=120&blockchain=bitmark,ipfs://QmZEJd4b4bFmDDvGaKma1hHXPkkRe2V8wYFYab7Tmw4Lpr?edition_number=120&blockchain=bitmark,1
previews/faa504eb-868c-4134-a7b2-eef051b9abbc/1620642833/?edition_number=7&blockchain=bitmark,ipfs://QmP3apeo3Krrw3aEobPpffs3p5haR7ZnEvcePfSDfcpBS8?edition_number=7&blockchain=bitmark,1
previews/3e8f638a-c7e2-403a-98d8-c185411825bd/1634763505/?edition_number=52&blockchain=bitmark,ipfs://QmS5n4zNripBYwpoakvMmEN56mpf2iA4onXK7e7Ct8hBRo?edition_number=52&blockchain=bitmark,1
previews/3a9f6d14-d53d-4d5c-b55a-f0e5793d5d0e/1620350770/?edition_number=179&blockchain=bitmark,ipfs://Qma6yMjwzXasZcvR6ojk5KbW2eG7dZV9LmsJ3bMEnNJiqt?edition_number=179&blockchain=bitmark,1
previews/4f6816b5-3d84-4715-b025-c8a837030b49/1631260821/?edition_number=22&blockchain=bitmark,ipfs://QmbboyD1nB3yJB28r5WB8MzX12d3L5jkVv7BiP2SkpHQ3b?edition_number=22&blockchain=bitmark,1
previews/adc4221c-4f00-4193-ac82-c4d9b1a0b681/1620671843/?edition_number=188&blockchain=bitmark,ipfs://QmNPgas4vq9gkcQr6YFJ6dK3C2yhR8gwGJW7Hi9BUBJCwU?edition_number=188&blockchain=bitmark,1
previews/adc4221c-4f00-4193-ac82-c4d9b1a0b681/1620671843/?edition_number=106&blockchain=bitmark,ipfs://QmNPgas4vq9gkcQr6YFJ6dK3C2yhR8gwGJW7Hi9BUBJCwU?edition_number=106&blockchain=bitmark,1
previews/03c9301f-e338-4419-8830-3e790fdc936b/1634763480/?edition_number=5&blockchain=bitmark,ipfs://QmXiF2u7YpPnekZirDYJFywxQ4nUru8bfnMhijrFV4X6Tq?edition_number=5&blockchain=bitmark,1
previews/faa504eb-868c-4134-a7b2-eef051b9abbc/1620642833/?edition_number=156&blockchain=bitmark,ipfs://QmP3apeo3Krrw3aEobPpffs3p5haR7ZnEvcePfSDfcpBS8?edition_number=156&blockchain=bitmark,1
previews/21a5bd39-64d0-490b-b578-6c6ecd317b7a/1634757768/?edition_number=68&blockchain=bitmark,ipfs://Qmc5b84zNCKGhwJ1GbBNujue4xNm1Wjc4NywXCHjkALJPe?edition_number=68&blockchain=bitmark,1
previews/6dde453e-259f-49b7-b5db-02c7a41d049b/1646914008/?edition_number=0&blockchain=bitmark,ipfs://QmYjnBZ3YQbhtL9iuWu4DMzoFU8CQ4CMNQXeUbLsumrR9T?edition_number=0&blockchain=bitmark,1
previews/00f8e853-e20e-49bb-9f2f-8190507b8066/1615449076/?edition_number=69&blockchain=bitmark,ipfs://QmcLtLzmEpbwgQDW2rVJ1d9hwjFs3vHLTR1v1WCCvknDNS?edition_number=69&blockchain=bitmark,1
previews/6bcc9b62-0ca3-4fdc-8232-0a3f2d4adf13/1620666173/?edition_number=194&blockchain=bitmark,ipfs://QmbTnbbntuoXF87t1FQw92PqBj7xfYY4hKALAV3YDwH1Ey?edition_number=194&blockchain=bitmark,1
previews/cf4a1884-2d79-4875-bba1-20206a8a489c/1725624456/index.html,ipfs://QmNnXJWxPfWTmycfdYxZ6huV1Ai7PBt9bHpauSFPQYqnBt,1
previews/ec014e95-c9de-4d2e-b464-d95c3f7ae19c/1634763465/?edition_number=21&blockchain=bitmark,ipfs://QmSKF73LGPvLCYkhkp6z5rg1CmjpRjGeaKZ9k26XNqdR7C?edition_number=21&blockchain=bitmark,1
previews/adc4221c-4f00-4193-ac82-c4d9b1a0b681/1620671843/?edition_number=147&blockchain=bitmark,ipfs://QmNPgas4vq9gkcQr6YFJ6dK3C2yhR8gwGJW7Hi9BUBJCwU?edition_number=147&blockchain=bitmark,1
previews/faa504eb-868c-4134-a7b2-eef051b9abbc/1620642833/?edition_number=6&blockchain=bitmark,ipfs://QmP3apeo3Krrw3aEobPpffs3p5haR7ZnEvcePfSDfcpBS8?edition_number=6&blockchain=bitmark,1
previews/adc4221c-4f00-4193-ac82-c4d9b1a0b681/1620671843/?edition_number=33&blockchain=bitmark,ipfs://QmNPgas4vq9gkcQr6YFJ6dK3C2yhR8gwGJW7Hi9BUBJCwU?edition_number=33&blockchain=bitmark,1
previews/adc4221c-4f00-4193-ac82-c4d9b1a0b681/1620671843/?edition_number=74&blockchain=bitmark,ipfs://QmNPgas4vq9gkcQr6YFJ6dK3C2yhR8gwGJW7Hi9BUBJCwU?edition_number=74&blockchain=bitmark,1
previews/7764ae91-0392-48fb-b68c-796d701bed08/1620416013/?edition_number=124&blockchain=bitmark,ipfs://QmZEJd4b4bFmDDvGaKma1hHXPkkRe2V8wYFYab7Tmw4Lpr?edition_number=124&blockchain=bitmark,1
previews/d0a3c28f-7e45-4a53-bb8a-ea8677f1da91/1679392375/preview.mp4,ipfs://QmRpBudGKv5pLXmG1BZHkE21Z9dg6pcpmUBm59mRozojeC,1
previews/adc4221c-4f00-4193-ac82-c4d9b1a0b681/1620671843/?edition_number=140&blockchain=bitmark,ipfs://QmNPgas4vq9gkcQr6YFJ6dK3C2yhR8gwGJW7Hi9BUBJCwU?edition_number=140&blockchain=bitmark,1
previews/cddc55e9-15b1-453e-9f5f-359171be96b5/1725624066/index.html,ipfs://QmVgRSW4RhUUr4u2x5Ao67Pw4MrmY6bvdMpEZXyc5r4TLm,1
previews/f2db8c40-a2fb-4a93-be03-75ce3b3133f3/1630436182/?edition_number=74&blockchain=bitmark,ipfs://QmWBrUtQ8ujbYciEhKwgaaSAzv82aGVtQdq1nmNRXWKFQd?edition_number=74&blockchain=bitmark,1
previews/1f060e42-3437-444c-b823-a8b8532c449c/1615550075/?edition_number=50&blockchain=bitmark,ipfs://QmRpqNbJDvf6fDfum4xLQNFJVrgU38tMECkT8JjizcBKUt?edition_number=50&blockchain=bitmark,1
previews/3a9f6d14-d53d-4d5c-b55a-f0e5793d5d0e/1620350770/?edition_number=146&blockchain=bitmark,ipfs://Qma6yMjwzXasZcvR6ojk5KbW2eG7dZV9LmsJ3bMEnNJiqt?edition_number=146&blockchain=bitmark,1
previews/adc4221c-4f00-4193-ac82-c4d9b1a0b681/1620671843/?edition_number=135&blockchain=bitmark,ipfs://QmNPgas4vq9gkcQr6YFJ6dK3C2yhR8gwGJW7Hi9BUBJCwU?edition_number=135&blockchain=bitmark,1
previews/51a53d4e-c60f-4582-8edc-c9998ed40a24/1629968561/?edition_number=22&blockchain=bitmark,ipfs://QmS4SmjsYC6tTnt4X3WMBQ1ggsnFFutgctXSgMyamRnrPX?edition_number=22&blockchain=bitmark,1
previews/3a9f6d14-d53d-4d5c-b55a-f0e5793d5d0e/1620350770/?edition_number=13&blockchain=bitmark,ipfs://Qma6yMjwzXasZcvR6ojk5KbW2eG7dZV9LmsJ3bMEnNJiqt?edition_number=13&blockchain=bitmark,1
previews/7764ae91-0392-48fb-b68c-796d701bed08/1620416013/?edition_number=173&blockchain=bitmark,ipfs://QmZEJd4b4bFmDDvGaKma1hHXPkkRe2V8wYFYab7Tmw4Lpr?edition_number=173&blockchain=bitmark,1
previews/3a9f6d14-d53d-4d5c-b55a-f0e5793d5d0e/1620350770/?edition_number=121&blockchain=bitmark,ipfs://Qma6yMjwzXasZcvR6ojk5KbW2eG7dZV9LmsJ3bMEnNJiqt?edition_number=121&blockchain=bitmark,1
previews/a1b6689f-5236-471a-97a6-70ea0879dd42/1630583755/?edition_number=43&blockchain=bitmark,ipfs://QmQW2wFuM8VAeYZ1vbnHKfPq893MmKgcGmZKbuPjQhMnnh?edition_number=43&blockchain=bitmark,1
previews/a1b6689f-5236-471a-97a6-70ea0879dd42/1630583755/?edition_number=71&blockchain=bitmark,ipfs://QmQW2wFuM8VAeYZ1vbnHKfPq893MmKgcGmZKbuPjQhMnnh?edition_number=71&blockchain=bitmark,1
previews/d7f80e10-a227-4272-bd58-2da08703d460/1632732499/?edition_number=18&blockchain=bitmark,ipfs://QmPuryaXop8PJj8fEriFsyywg1ngKhuesu2e4wgRRoMcjq?edition_number=18&blockchain=bitmark,1
previews/21a5bd39-64d0-490b-b578-6c6ecd317b7a/1634757768/?edition_number=90&blockchain=bitmark,ipfs://Qmc5b84zNCKGhwJ1GbBNujue4xNm1Wjc4NywXCHjkALJPe?edition_number=90&blockchain=bitmark,1
previews/4ac90d22-2b94-4dad-8685-3df950746010/1646913274/?edition_number=0&blockchain=bitmark,ipfs://QmcVyid7mStyaZMnYBow6WwEAb3hbZSDGgzLifZmCUvGr6?edition_number=0&blockchain=bitmark,1
previews/03c9301f-e338-4419-8830-3e790fdc936b/1634763480/?edition_number=30&blockchain=bitmark,ipfs://QmXiF2u7YpPnekZirDYJFywxQ4nUru8bfnMhijrFV4X6Tq?edition_number=30&blockchain=bitmark,1
previews/522055e6-e5d8-41b5-8cad-9823c9666e2a/1654421582/?edition_number=40&blockchain=bitmark,ipfs://QmSc65zdutiNEooeriju5z267FuX21Fqw5f1sNt2eaQbMG?edition_number=40&blockchain=bitmark,1
previews/31a680b4-c00a-4eac-8729-cba633c91c54/1638740490/?edition_number=62&blockchain=bitmark,ipfs://QmY3LP9vyD9xTupVYExXDYUg3xkpGBKHDj9r7S3aNYtJsm?edition_number=62&blockchain=bitmark,1
previews/93544620-dff8-4ae5-8194-3f527e8cc91e/1634763453/?edition_number=27&blockchain=bitmark,ipfs://QmNnXVL5JXjMrFp3AnaYUcdiexeXzvSJ8UNRLFi9gSAwam?edition_number=27&blockchain=bitmark,1
previews/a566dd50-6194-4e88-8aec-59cebbc1ed55/1639419587/?edition_number=112&blockchain=bitmark,ipfs://QmUYrfKmCUmmYtkeAwhbai2WAGNSnhijo5KFXqYNJqFsbb?edition_number=112&blockchain=bitmark,1
previews/7764ae91-0392-48fb-b68c-796d701bed08/1620416013/?edition_number=34&blockchain=bitmark,ipfs://QmZEJd4b4bFmDDvGaKma1hHXPkkRe2V8wYFYab7Tmw4Lpr?edition_number=34&blockchain=bitmark,1
previews/522055e6-e5d8-41b5-8cad-9823c9666e2a/1654421582/?edition_number=13&blockchain=bitmark,ipfs://QmSc65zdutiNEooeriju5z267FuX21Fqw5f1sNt2eaQbMG?edition_number=13&blockchain=bitmark,1
previews/3a9f6d14-d53d-4d5c-b55a-f0e5793d5d0e/1620350770/?edition_number=78&blockchain=bitmark,ipfs://Qma6yMjwzXasZcvR6ojk5KbW2eG7dZV9LmsJ3bMEnNJiqt?edition_number=78&blockchain=bitmark,1
previews/6e0b8c01-5b11-4ceb-b40a-c1d8efa4a66a/1629980523/?edition_number=28&blockchain=bitmark,ipfs://QmZQSD91yVPYSPQefhrnFLZFRtdntERGgXaXfgAqioQnpQ?edition_number=28&blockchain=bitmark,1
previews/4f6816b5-3d84-4715-b025-c8a837030b49/1631260821/?edition_number=14&blockchain=bitmark,ipfs://QmbboyD1nB3yJB28r5WB8MzX12d3L5jkVv7BiP2SkpHQ3b?edition_number=14&blockchain=bitmark,1
previews/03c9301f-e338-4419-8830-3e790fdc936b/1634763480/?edition_number=66&blockchain=bitmark,ipfs://QmXiF2u7YpPnekZirDYJFywxQ4nUru8bfnMhijrFV4X6Tq?edition_number=66&blockchain=bitmark,1
previews/f503f9fe-276c-4519-92b7-8a2239cfa489/1638359231/?edition_number=42&blockchain=bitmark,ipfs://QmcY75WevXSAKBDENuiHv5ZVm9TjGzy1Nya31bTet99aQK?edition_number=42&blockchain=bitmark,1
previews/3e8f638a-c7e2-403a-98d8-c185411825bd/1634763505/?edition_number=82&blockchain=bitmark,ipfs://QmS5n4zNripBYwpoakvMmEN56mpf2iA4onXK7e7Ct8hBRo?edition_number=82&blockchain=bitmark,1
previews/03c9301f-e338-4419-8830-3e790fdc936b/1634763480/?edition_number=43&blockchain=bitmark,ipfs://QmXiF2u7YpPnekZirDYJFywxQ4nUru8bfnMhijrFV4X6Tq?edition_number=43&blockchain=bitmark,1
previews/6bcc9b62-0ca3-4fdc-8232-0a3f2d4adf13/1620666173/?edition_number=193&blockchain=bitmark,ipfs://QmbTnbbntuoXF87t1FQw92PqBj7xfYY4hKALAV3YDwH1Ey?edition_number=193&blockchain=bitmark,1
previews/5af4af6f-1e6b-4e45-95db-7b4de60fe0ca/1615757683/?edition_number=74&blockchain=bitmark,ipfs://QmXNTPUHPTyvoodpRj93wRr1okzJEqzjQuK1yyKpqubMZY?edition_number=74&blockchain=bitmark,1
previews/f503f9fe-276c-4519-92b7-8a2239cfa489/1638359231/?edition_number=44&blockchain=bitmark,ipfs://QmcY75WevXSAKBDENuiHv5ZVm9TjGzy1Nya31bTet99aQK?edition_number=44&blockchain=bitmark,1
previews/a566dd50-6194-4e88-8aec-59cebbc1ed55/1639419587/?edition_number=99&blockchain=bitmark,ipfs://QmUYrfKmCUmmYtkeAwhbai2WAGNSnhijo5KFXqYNJqFsbb?edition_number=99&blockchain=bitmark,1
previews/7764ae91-0392-48fb-b68c-796d701bed08/1620416013/?edition_number=143&blockchain=bitmark,ipfs://QmZEJd4b4bFmDDvGaKma1hHXPkkRe2V8wYFYab7Tmw4Lpr?edition_number=143&blockchain=bitmark,1
previews/f2db8c40-a2fb-4a93-be03-75ce3b3133f3/1630436182/?edition_number=49&blockchain=bitmark,ipfs://QmWBrUtQ8ujbYciEhKwgaaSAzv82aGVtQdq1nmNRXWKFQd?edition_number=49&blockchain=bitmark,1
previews/3620d7ce-0677-4c59-be8e-0638632dc43b/1631214470/?edition_number=17&blockchain=bitmark,ipfs://QmSVuBzn8R12RWrvkR7bLExx4CED6W4BZ1Kg7sVZZvT7BR?edition_number=17&blockchain=bitmark,1
previews/faa504eb-868c-4134-a7b2-eef051b9abbc/1620642833/?edition_number=119&blockchain=bitmark,ipfs://QmP3apeo3Krrw3aEobPpffs3p5haR7ZnEvcePfSDfcpBS8?edition_number=119&blockchain=bitmark,1
previews/6bcc9b62-0ca3-4fdc-8232-0a3f2d4adf13/1620666173/?edition_number=26&blockchain=bitmark,ipfs://QmbTnbbntuoXF87t1FQw92PqBj7xfYY4hKALAV3YDwH1Ey?edition_number=26&blockchain=bitmark,1
previews/3e8f638a-c7e2-403a-98d8-c185411825bd/1634763505/?edition_number=34&blockchain=bitmark,ipfs://QmS5n4zNripBYwpoakvMmEN56mpf2iA4onXK7e7Ct8hBRo?edition_number=34&blockchain=bitmark,1
previews/3a9f6d14-d53d-4d5c-b55a-f0e5793d5d0e/1620350770/?edition_number=124&blockchain=bitmark,ipfs://Qma6yMjwzXasZcvR6ojk5KbW2eG7dZV9LmsJ3bMEnNJiqt?edition_number=124&blockchain=bitmark,1
previews/8fc2a19f-4393-4fa4-aee0-91c365232cef/1646913493/?edition_number=0&blockchain=bitmark,ipfs://QmbAS9t8gXtdeiVGGrbmPvfH7MMg7eEjngsK2Y22boria1?edition_number=0&blockchain=bitmark,1
previews/dc8dddb8-7b4e-4d60-80da-071b92444514/1634763492/?edition_number=10&blockchain=bitmark,ipfs://QmXu8fj8fkUCLWL2L5kWu2Mg2oYFzNGZHJttZt2B2kndeg?edition_number=10&blockchain=bitmark,1
previews/93544620-dff8-4ae5-8194-3f527e8cc91e/1634763453/?edition_number=63&blockchain=bitmark,ipfs://QmNnXVL5JXjMrFp3AnaYUcdiexeXzvSJ8UNRLFi9gSAwam?edition_number=63&blockchain=bitmark,1
previews/edc8b7d3-e95c-4056-93d3-d29d1258195f/1653025489/?edition_number=5&blockchain=bitmark,ipfs://QmRcCoUWh5B5YxNS9GZMGjoBCjJvD3KWcfqmDWG4yAqJ6z?edition_number=5&blockchain=bitmark,1
previews/47db4cae-c786-4bb3-8735-e932ab81ed7f/1630258818/?edition_number=71&blockchain=bitmark,ipfs://QmdoAemWU9Gh6JzWxvJNFb8bkhkZ43LfrweX39BNusu6nE?edition_number=71&blockchain=bitmark,1
previews/47db4cae-c786-4bb3-8735-e932ab81ed7f/1630258818/?edition_number=64&blockchain=bitmark,ipfs://QmdoAemWU9Gh6JzWxvJNFb8bkhkZ43LfrweX39BNusu6nE?edition_number=64&blockchain=bitmark,1
previews/2a57c29f-fa5b-440d-8dee-2d58cdb9238c/1620669376/?edition_number=195&blockchain=bitmark,ipfs://QmNZPZifuVpanuoy6WS1nyumb5agihkkdnLZtFhaUmwwFK?edition_number=195&blockchain=bitmark,1
previews/3a9f6d14-d53d-4d5c-b55a-f0e5793d5d0e/1620350770/?edition_number=171&blockchain=bitmark,ipfs://Qma6yMjwzXasZcvR6ojk5KbW2eG7dZV9LmsJ3bMEnNJiqt?edition_number=171&blockchain=bitmark,1
previews/adc4221c-4f00-4193-ac82-c4d9b1a0b681/1620671843/?edition_number=6&blockchain=bitmark,ipfs://QmNPgas4vq9gkcQr6YFJ6dK3C2yhR8gwGJW7Hi9BUBJCwU?edition_number=6&blockchain=bitmark,1
previews/f0750b82-282e-4eed-bdba-c4fb023fb684/1646913710/?edition_number=0&blockchain=bitmark,ipfs://QmZdbgEpb8XyTJYvVajUb36zSvnGNZAiV9pYpQm1yuq9S9?edition_number=0&blockchain=bitmark,1
previews/47db4cae-c786-4bb3-8735-e932ab81ed7f/1630258818/?edition_number=48&blockchain=bitmark,ipfs://QmdoAemWU9Gh6JzWxvJNFb8bkhkZ43LfrweX39BNusu6nE?edition_number=48&blockchain=bitmark,1
previews/f6d4f5f8-7f31-48c9-871e-b2cf4d4270aa/1631260875/?edition_number=26&blockchain=bitmark,ipfs://QmSAQxsH7avTLbS8yiKAAsHyzDNjn5wfrVpebCBvVpe88B?edition_number=26&blockchain=bitmark,1
previews/2a57c29f-fa5b-440d-8dee-2d58cdb9238c/1620669376/?edition_number=46&blockchain=bitmark,ipfs://QmNZPZifuVpanuoy6WS1nyumb5agihkkdnLZtFhaUmwwFK?edition_number=46&blockchain=bitmark,1
previews/adc4221c-4f00-4193-ac82-c4d9b1a0b681/1620671843/?edition_number=97&blockchain=bitmark,ipfs://QmNPgas4vq9gkcQr6YFJ6dK3C2yhR8gwGJW7Hi9BUBJCwU?edition_number=97&blockchain=bitmark,1
previews/f503f9fe-276c-4519-92b7-8a2239cfa489/1638359231/?edition_number=57&blockchain=bitmark,ipfs://QmcY75WevXSAKBDENuiHv5ZVm9TjGzy1Nya31bTet99aQK?edition_number=57&blockchain=bitmark,1
previews/03c9301f-e338-4419-8830-3e790fdc936b/1634763480/?edition_number=10&blockchain=bitmark,ipfs://QmXiF2u7YpPnekZirDYJFywxQ4nUru8bfnMhijrFV4X6Tq?edition_number=10&blockchain=bitmark,1
previews/522055e6-e5d8-41b5-8cad-9823c9666e2a/1654421582/?edition_number=61&blockchain=bitmark,ipfs://QmSc65zdutiNEooeriju5z267FuX21Fqw5f1sNt2eaQbMG?edition_number=61&blockchain=bitmark,1
previews/e885a572-1acc-4b0c-9c63-c3f8e49bd302/1634763439/?edition_number=21&blockchain=bitmark,ipfs://QmccKUyRv4yvLedsf7JL4nho4X2oU3PUcn6SiXmJKDZDJ9?edition_number=21&blockchain=bitmark,1
previews/252527ee-2232-45e0-9ead-27379ff26219/1627998769/?edition_number=49&blockchain=bitmark,ipfs://QmSJwtChNJ1nzgaQ4JVLka9impCPMPEEmvDvAE4uHgpBih?edition_number=49&blockchain=bitmark,1
previews/93544620-dff8-4ae5-8194-3f527e8cc91e/1634763453/?edition_number=54&blockchain=bitmark,ipfs://QmNnXVL5JXjMrFp3AnaYUcdiexeXzvSJ8UNRLFi9gSAwam?edition_number=54&blockchain=bitmark,1
previews/7764ae91-0392-48fb-b68c-796d701bed08/1620416013/?edition_number=76&blockchain=bitmark,ipfs://QmZEJd4b4bFmDDvGaKma1hHXPkkRe2V8wYFYab7Tmw4Lpr?edition_number=76&blockchain=bitmark,1
previews/07c766f0-edc4-45fd-be50-83f89228b08c/1615370392/?edition_number=40&blockchain=bitmark,ipfs://QmSCPSiToTUWq2K7JsupsyPVPskSDTPfVAsMUVJcHhqgKh?edition_number=40&blockchain=bitmark,1
previews/d7f80e10-a227-4272-bd58-2da08703d460/1632732499/?edition_number=65&blockchain=bitmark,ipfs://QmPuryaXop8PJj8fEriFsyywg1ngKhuesu2e4wgRRoMcjq?edition_number=65&blockchain=bitmark,1
previews/47db4cae-c786-4bb3-8735-e932ab81ed7f/1630258818/?edition_number=37&blockchain=bitmark,ipfs://QmdoAemWU9Gh6JzWxvJNFb8bkhkZ43LfrweX39BNusu6nE?edition_number=37&blockchain=bitmark,1
previews/3e8f638a-c7e2-403a-98d8-c185411825bd/1634763505/?edition_number=81&blockchain=bitmark,ipfs://QmS5n4zNripBYwpoakvMmEN56mpf2iA4onXK7e7Ct8hBRo?edition_number=81&blockchain=bitmark,1
previews/11b4449b-e435-4737-bd14-81cd3366ac89/1646913406/?edition_number=0&blockchain=bitmark,ipfs://Qmeg2NRTk9R2fTUmWnxqmjS4zXjYdYYrL4DaGbdrTxL8VF?edition_number=0&blockchain=bitmark,1
previews/a187efae-f936-4363-8f77-61b650548144/1653025606/?edition_number=0&blockchain=bitmark,ipfs://QmWkJwWwvJ88fqGtcPs6t7vCJSjn2nHMVBtKPzU7rF4ivS?edition_number=0&blockchain=bitmark,1
previews/69518c54-2bc5-4b90-b606-675529c7593d/1615845070/?edition_number=39&blockchain=bitmark,ipfs://QmYfmpgxy67HgLNCPrLFo9jktEHsx9vfsJbjvSfZX4HMaR?edition_number=39&blockchain=bitmark,1
previews/2a57c29f-fa5b-440d-8dee-2d58cdb9238c/1620669376/?edition_number=18&blockchain=bitmark,ipfs://QmNZPZifuVpanuoy6WS1nyumb5agihkkdnLZtFhaUmwwFK?edition_number=18&blockchain=bitmark,1
previews/47db4cae-c786-4bb3-8735-e932ab81ed7f/1630258818/?edition_number=6&blockchain=bitmark,ipfs://QmdoAemWU9Gh6JzWxvJNFb8bkhkZ43LfrweX39BNusu6nE?edition_number=6&blockchain=bitmark,1
previews/faa504eb-868c-4134-a7b2-eef051b9abbc/1620642833/?edition_number=163&blockchain=bitmark,ipfs://QmP3apeo3Krrw3aEobPpffs3p5haR7ZnEvcePfSDfcpBS8?edition_number=163&blockchain=bitmark,1
previews/28cad12d-50f2-4d82-a77d-1284cf934b8c/1615815656/?edition_number=55&blockchain=bitmark,ipfs://QmYia6LpBUpSkPioL5r14CqiFLZZJDf2MM9wo1es9Xn9k2?edition_number=55&blockchain=bitmark,1
previews/69518c54-2bc5-4b90-b606-675529c7593d/1615845070/?edition_number=4&blockchain=bitmark,ipfs://QmYfmpgxy67HgLNCPrLFo9jktEHsx9vfsJbjvSfZX4HMaR?edition_number=4&blockchain=bitmark,1
previews/ebe3df0f-f765-410e-b2fa-edd39dcf5369/1631817212/?edition_number=22&blockchain=bitmark,ipfs://QmfZwky2RWHH8qss3Q8oYpbvHB48qz4ZAsD55KXJY6MGpj?edition_number=22&blockchain=bitmark,1
previews/adc4221c-4f00-4193-ac82-c4d9b1a0b681/1620671843/?edition_number=163&blockchain=bitmark,ipfs://QmNPgas4vq9gkcQr6YFJ6dK3C2yhR8gwGJW7Hi9BUBJCwU?edition_number=163&blockchain=bitmark,1
previews/f503f9fe-276c-4519-92b7-8a2239cfa489/1638359231/?edition_number=86&blockchain=bitmark,ipfs://QmcY75WevXSAKBDENuiHv5ZVm9TjGzy1Nya31bTet99aQK?edition_number=86&blockchain=bitmark,1
previews/398716ae-a05b-43bb-adb8-48e56114af6a/1634712504/?edition_number=84&blockchain=bitmark,ipfs://QmdD6DadG5GLqauBdhCwsbRRyxQA8zfUN8EMQwsnQdShRC?edition_number=84&blockchain=bitmark,1
previews/2a57c29f-fa5b-440d-8dee-2d58cdb9238c/1620669376/?edition_number=103&blockchain=bitmark,ipfs://QmNZPZifuVpanuoy6WS1nyumb5agihkkdnLZtFhaUmwwFK?edition_number=103&blockchain=bitmark,1
previews/2a57c29f-fa5b-440d-8dee-2d58cdb9238c/1620669376/?edition_number=65&blockchain=bitmark,ipfs://QmNZPZifuVpanuoy6WS1nyumb5agihkkdnLZtFhaUmwwFK?edition_number=65&blockchain=bitmark,1
previews/e885a572-1acc-4b0c-9c63-c3f8e49bd302/1634763439/?edition_number=54&blockchain=bitmark,ipfs://QmccKUyRv4yvLedsf7JL4nho4X2oU3PUcn6SiXmJKDZDJ9?edition_number=54&blockchain=bitmark,1
previews/a566dd50-6194-4e88-8aec-59cebbc1ed55/1639419587/?edition_number=85&blockchain=bitmark,ipfs://QmUYrfKmCUmmYtkeAwhbai2WAGNSnhijo5KFXqYNJqFsbb?edition_number=85&blockchain=bitmark,1
previews/6862d0b4-252f-469d-8327-c0d79f8b4a67/1631208788/?edition_number=10&blockchain=bitmark,ipfs://Qma6LppLyqvZs8FRchAfWwfzSVk9ZtMFJJm7JUkQGk5ydB?edition_number=10&blockchain=bitmark,1
previews/03c9301f-e338-4419-8830-3e790fdc936b/1634763480/?edition_number=47&blockchain=bitmark,ipfs://QmXiF2u7YpPnekZirDYJFywxQ4nUru8bfnMhijrFV4X6Tq?edition_number=47&blockchain=bitmark,1
previews/5af4af6f-1e6b-4e45-95db-7b4de60fe0ca/1615757683/?edition_number=39&blockchain=bitmark,ipfs://QmXNTPUHPTyvoodpRj93wRr1okzJEqzjQuK1yyKpqubMZY?edition_number=39&blockchain=bitmark,1
previews/3a9f6d14-d53d-4d5c-b55a-f0e5793d5d0e/1620350770/?edition_number=22&blockchain=bitmark,ipfs://Qma6yMjwzXasZcvR6ojk5KbW2eG7dZV9LmsJ3bMEnNJiqt?edition_number=22&blockchain=bitmark,1
previews/00f8e853-e20e-49bb-9f2f-8190507b8066/1615449076/?edition_number=71&blockchain=bitmark,ipfs://QmcLtLzmEpbwgQDW2rVJ1d9hwjFs3vHLTR1v1WCCvknDNS?edition_number=71&blockchain=bitmark,1
previews/89c348c1-6e78-4e00-ac3f-f58c9e732731/1624234006/?edition_number=2&blockchain=bitmark,ipfs://Qmbfjm1eX2eorWXuYZXU61qpdaSVXdpK2dmD8qHxq6vkcu?edition_number=2&blockchain=bitmark,1
previews/1f060e42-3437-444c-b823-a8b8532c449c/1615550075/?edition_number=16&blockchain=bitmark,ipfs://QmRpqNbJDvf6fDfum4xLQNFJVrgU38tMECkT8JjizcBKUt?edition_number=16&blockchain=bitmark,1
previews/f503f9fe-276c-4519-92b7-8a2239cfa489/1638359231/?edition_number=89&blockchain=bitmark,ipfs://QmcY75WevXSAKBDENuiHv5ZVm9TjGzy1Nya31bTet99aQK?edition_number=89&blockchain=bitmark,1
previews/47db4cae-c786-4bb3-8735-e932ab81ed7f/1630258818/?edition_number=34&blockchain=bitmark,ipfs://QmdoAemWU9Gh6JzWxvJNFb8bkhkZ43LfrweX39BNusu6nE?edition_number=34&blockchain=bitmark,1
previews/7764ae91-0392-48fb-b68c-796d701bed08/1620416013/?edition_number=116&blockchain=bitmark,ipfs://QmZEJd4b4bFmDDvGaKma1hHXPkkRe2V8wYFYab7Tmw4Lpr?edition_number=116&blockchain=bitmark,1
previews/6bcc9b62-0ca3-4fdc-8232-0a3f2d4adf13/1620666173/?edition_number=106&blockchain=bitmark,ipfs://QmbTnbbntuoXF87t1FQw92PqBj7xfYY4hKALAV3YDwH1Ey?edition_number=106&blockchain=bitmark,1
previews/e885a572-1acc-4b0c-9c63-c3f8e49bd302/1634763439/?edition_number=49&blockchain=bitmark,ipfs://QmccKUyRv4yvLedsf7JL4nho4X2oU3PUcn6SiXmJKDZDJ9?edition_number=49&blockchain=bitmark,1
previews/adc4221c-4f00-4193-ac82-c4d9b1a0b681/1620671843/?edition_number=192&blockchain=bitmark,ipfs://QmNPgas4vq9gkcQr6YFJ6dK3C2yhR8gwGJW7Hi9BUBJCwU?edition_number=192&blockchain=bitmark,1
previews/69518c54-2bc5-4b90-b606-675529c7593d/1615845070/?edition_number=45&blockchain=bitmark,ipfs://QmYfmpgxy67HgLNCPrLFo9jktEHsx9vfsJbjvSfZX4HMaR?edition_number=45&blockchain=bitmark,1
previews/21a5bd39-64d0-490b-b578-6c6ecd317b7a/1634757768/?edition_number=43&blockchain=bitmark,ipfs://Qmc5b84zNCKGhwJ1GbBNujue4xNm1Wjc4NywXCHjkALJPe?edition_number=43&blockchain=bitmark,1
previews/a566dd50-6194-4e88-8aec-59cebbc1ed55/1639419587/?edition_number=107&blockchain=bitmark,ipfs://QmUYrfKmCUmmYtkeAwhbai2WAGNSnhijo5KFXqYNJqFsbb?edition_number=107&blockchain=bitmark,1
previews/69518c54-2bc5-4b90-b606-675529c7593d/1615845070/?edition_number=71&blockchain=bitmark,ipfs://QmYfmpgxy67HgLNCPrLFo9jktEHsx9vfsJbjvSfZX4HMaR?edition_number=71&blockchain=bitmark,1
previews/f0cf5ba9-4d45-45a7-aafa-a340ccb1dca8/1653025764/?edition_number=3&blockchain=bitmark,ipfs://QmbhkN6fsNpyZQx43Hdbtyo4ZmLZqgSG8VHhYgoGfN4xoC?edition_number=3&blockchain=bitmark,1
previews/3a9f6d14-d53d-4d5c-b55a-f0e5793d5d0e/1620350770/?edition_number=134&blockchain=bitmark,ipfs://Qma6yMjwzXasZcvR6ojk5KbW2eG7dZV9LmsJ3bMEnNJiqt?edition_number=134&blockchain=bitmark,1
previews/faa504eb-868c-4134-a7b2-eef051b9abbc/1620642833/?edition_number=27&blockchain=bitmark,ipfs://QmP3apeo3Krrw3aEobPpffs3p5haR7ZnEvcePfSDfcpBS8?edition_number=27&blockchain=bitmark,1
previews/93544620-dff8-4ae5-8194-3f527e8cc91e/1634763453/?edition_number=69&blockchain=bitmark,ipfs://QmNnXVL5JXjMrFp3AnaYUcdiexeXzvSJ8UNRLFi9gSAwam?edition_number=69&blockchain=bitmark,1
previews/6e0b8c01-5b11-4ceb-b40a-c1d8efa4a66a/1629980523/?edition_number=66&blockchain=bitmark,ipfs://QmZQSD91yVPYSPQefhrnFLZFRtdntERGgXaXfgAqioQnpQ?edition_number=66&blockchain=bitmark,1
previews/faa504eb-868c-4134-a7b2-eef051b9abbc/1620642833/?edition_number=179&blockchain=bitmark,ipfs://QmP3apeo3Krrw3aEobPpffs3p5haR7ZnEvcePfSDfcpBS8?edition_number=179&blockchain=bitmark,1
previews/07c766f0-edc4-45fd-be50-83f89228b08c/1615370392/?edition_number=58&blockchain=bitmark,ipfs://QmSCPSiToTUWq2K7JsupsyPVPskSDTPfVAsMUVJcHhqgKh?edition_number=58&blockchain=bitmark,1
previews/1b205395-6654-4174-b170-45c82866270b/1624043512/?edition_number=70&blockchain=bitmark,ipfs://QmV1vFUSGxd2ACfeyRR8CjBCxeFVH5JcfX9sAnfEpxadRu?edition_number=70&blockchain=bitmark,1
previews/ec014e95-c9de-4d2e-b464-d95c3f7ae19c/1634763465/?edition_number=8&blockchain=bitmark,ipfs://QmSKF73LGPvLCYkhkp6z5rg1CmjpRjGeaKZ9k26XNqdR7C?edition_number=8&blockchain=bitmark,1
previews/21a5bd39-64d0-490b-b578-6c6ecd317b7a/1634757768/?edition_number=89&blockchain=bitmark,ipfs://Qmc5b84zNCKGhwJ1GbBNujue4xNm1Wjc4NywXCHjkALJPe?edition_number=89&blockchain=bitmark,1
previews/3e8f638a-c7e2-403a-98d8-c185411825bd/1634763505/?edition_number=16&blockchain=bitmark,ipfs://QmS5n4zNripBYwpoakvMmEN56mpf2iA4onXK7e7Ct8hBRo?edition_number=16&blockchain=bitmark,1
previews/e885a572-1acc-4b0c-9c63-c3f8e49bd302/1634763439/?edition_number=77&blockchain=bitmark,ipfs://QmccKUyRv4yvLedsf7JL4nho4X2oU3PUcn6SiXmJKDZDJ9?edition_number=77&blockchain=bitmark,1
previews/51a53d4e-c60f-4582-8edc-c9998ed40a24/1629968561/?edition_number=71&blockchain=bitmark,ipfs://QmS4SmjsYC6tTnt4X3WMBQ1ggsnFFutgctXSgMyamRnrPX?edition_number=71&blockchain=bitmark,1
previews/6bcc9b62-0ca3-4fdc-8232-0a3f2d4adf13/1620666173/?edition_number=13&blockchain=bitmark,ipfs://QmbTnbbntuoXF87t1FQw92PqBj7xfYY4hKALAV3YDwH1Ey?edition_number=13&blockchain=bitmark,1
previews/a566dd50-6194-4e88-8aec-59cebbc1ed55/1639419587/?edition_number=29&blockchain=bitmark,ipfs://QmUYrfKmCUmmYtkeAwhbai2WAGNSnhijo5KFXqYNJqFsbb?edition_number=29&blockchain=bitmark,1
previews/51a53d4e-c60f-4582-8edc-c9998ed40a24/1629968561/?edition_number=6&blockchain=bitmark,ipfs://QmS4SmjsYC6tTnt4X3WMBQ1ggsnFFutgctXSgMyamRnrPX?edition_number=6&blockchain=bitmark,1
previews/2a57c29f-fa5b-440d-8dee-2d58cdb9238c/1620669376/?edition_number=188&blockchain=bitmark,ipfs://QmNZPZifuVpanuoy6WS1nyumb5agihkkdnLZtFhaUmwwFK?edition_number=188&blockchain=bitmark,1
previews/7764ae91-0392-48fb-b68c-796d701bed08/1620416013/?edition_number=193&blockchain=bitmark,ipfs://QmZEJd4b4bFmDDvGaKma1hHXPkkRe2V8wYFYab7Tmw4Lpr?edition_number=193&blockchain=bitmark,1
previews/adc4221c-4f00-4193-ac82-c4d9b1a0b681/1620671843/?edition_number=159&blockchain=bitmark,ipfs://QmNPgas4vq9gkcQr6YFJ6dK3C2yhR8gwGJW7Hi9BUBJCwU?edition_number=159&blockchain=bitmark,1
previews/51a53d4e-c60f-4582-8edc-c9998ed40a24/1629968561/?edition_number=34&blockchain=bitmark,ipfs://QmS4SmjsYC6tTnt4X3WMBQ1ggsnFFutgctXSgMyamRnrPX?edition_number=34&blockchain=bitmark,1
previews/7764ae91-0392-48fb-b68c-796d701bed08/1620416013/?edition_number=153&blockchain=bitmark,ipfs://QmZEJd4b4bFmDDvGaKma1hHXPkkRe2V8wYFYab7Tmw4Lpr?edition_number=153&blockchain=bitmark,1
previews/2da1ec21-e476-40df-bc45-fb07573bdfe5/1725623878/index.html,ipfs://QmVTLx9L8dYd1Fjs6AefpVobnjWwYiBim3mdGSAfRMWmP2,1
previews/2d1f1330-d66a-4e9e-afd6-c17e5e55f2c4/1627893099/?edition_number=5&blockchain=bitmark,ipfs://QmRkSgNjaMqSzJgkxHrrYcPVX4Ko2DhLTUecjfYQjufPT7?edition_number=5&blockchain=bitmark,1
previews/522055e6-e5d8-41b5-8cad-9823c9666e2a/1654421582/?edition_number=21&blockchain=bitmark,ipfs://QmSc65zdutiNEooeriju5z267FuX21Fqw5f1sNt2eaQbMG?edition_number=21&blockchain=bitmark,1
previews/7764ae91-0392-48fb-b68c-796d701bed08/1620416013/?edition_number=186&blockchain=bitmark,ipfs://QmZEJd4b4bFmDDvGaKma1hHXPkkRe2V8wYFYab7Tmw4Lpr?edition_number=186&blockchain=bitmark,1
previews/21a5bd39-64d0-490b-b578-6c6ecd317b7a/1634757768/?edition_number=37&blockchain=bitmark,ipfs://Qmc5b84zNCKGhwJ1GbBNujue4xNm1Wjc4NywXCHjkALJPe?edition_number=37&blockchain=bitmark,1
previews/a1b6689f-5236-471a-97a6-70ea0879dd42/1630583755/?edition_number=30&blockchain=bitmark,ipfs://QmQW2wFuM8VAeYZ1vbnHKfPq893MmKgcGmZKbuPjQhMnnh?edition_number=30&blockchain=bitmark,1
previews/3e8f638a-c7e2-403a-98d8-c185411825bd/1634763505/?edition_number=30&blockchain=bitmark,ipfs://QmS5n4zNripBYwpoakvMmEN56mpf2iA4onXK7e7Ct8hBRo?edition_number=30&blockchain=bitmark,1
previews/03c9301f-e338-4419-8830-3e790fdc936b/1634763480/?edition_number=27&blockchain=bitmark,ipfs://QmXiF2u7YpPnekZirDYJFywxQ4nUru8bfnMhijrFV4X6Tq?edition_number=27&blockchain=bitmark,1
previews/3e8f638a-c7e2-403a-98d8-c185411825bd/1634763505/?edition_number=10&blockchain=bitmark,ipfs://QmS5n4zNripBYwpoakvMmEN56mpf2iA4onXK7e7Ct8hBRo?edition_number=10&blockchain=bitmark,1
previews/5d7e9132-059f-44d9-a6a9-3c8a9b688965/1632387593/?edition_number=15&blockchain=bitmark,ipfs://QmS5bBj3gQ2JYHNRSxgWeTTmWccDYim9qkJ6wApd156p7L?edition_number=15&blockchain=bitmark,1
previews/7764ae91-0392-48fb-b68c-796d701bed08/1620416013/?edition_number=187&blockchain=bitmark,ipfs://QmZEJd4b4bFmDDvGaKma1hHXPkkRe2V8wYFYab7Tmw4Lpr?edition_number=187&blockchain=bitmark,1
previews/faa504eb-868c-4134-a7b2-eef051b9abbc/1620642833/?edition_number=191&blockchain=bitmark,ipfs://QmP3apeo3Krrw3aEobPpffs3p5haR7ZnEvcePfSDfcpBS8?edition_number=191&blockchain=bitmark,1
previews/ebe3df0f-f765-410e-b2fa-edd39dcf5369/1631817212/?edition_number=16&blockchain=bitmark,ipfs://QmfZwky2RWHH8qss3Q8oYpbvHB48qz4ZAsD55KXJY6MGpj?edition_number=16&blockchain=bitmark,1
previews/2d1f1330-d66a-4e9e-afd6-c17e5e55f2c4/1627893099/?edition_number=32&blockchain=bitmark,ipfs://QmRkSgNjaMqSzJgkxHrrYcPVX4Ko2DhLTUecjfYQjufPT7?edition_number=32&blockchain=bitmark,1
previews/07c766f0-edc4-45fd-be50-83f89228b08c/1615370392/?edition_number=6&blockchain=bitmark,ipfs://QmSCPSiToTUWq2K7JsupsyPVPskSDTPfVAsMUVJcHhqgKh?edition_number=6&blockchain=bitmark,1
previews/6e0b8c01-5b11-4ceb-b40a-c1d8efa4a66a/1629980523/?edition_number=64&blockchain=bitmark,ipfs://QmZQSD91yVPYSPQefhrnFLZFRtdntERGgXaXfgAqioQnpQ?edition_number=64&blockchain=bitmark,1
previews/dc8dddb8-7b4e-4d60-80da-071b92444514/1634763492/?edition_number=89&blockchain=bitmark,ipfs://QmXu8fj8fkUCLWL2L5kWu2Mg2oYFzNGZHJttZt2B2kndeg?edition_number=89&blockchain=bitmark,1
previews/51a53d4e-c60f-4582-8edc-c9998ed40a24/1629968561/?edition_number=57&blockchain=bitmark,ipfs://QmS4SmjsYC6tTnt4X3WMBQ1ggsnFFutgctXSgMyamRnrPX?edition_number=57&blockchain=bitmark,1
previews/3a9f6d14-d53d-4d5c-b55a-f0e5793d5d0e/1620350770/?edition_number=196&blockchain=bitmark,ipfs://Qma6yMjwzXasZcvR6ojk5KbW2eG7dZV9LmsJ3bMEnNJiqt?edition_number=196&blockchain=bitmark,1
previews/7764ae91-0392-48fb-b68c-796d701bed08/1620416013/?edition_number=190&blockchain=bitmark,ipfs://QmZEJd4b4bFmDDvGaKma1hHXPkkRe2V8wYFYab7Tmw4Lpr?edition_number=190&blockchain=bitmark,1
previews/e885a572-1acc-4b0c-9c63-c3f8e49bd302/1634763439/?edition_number=71&blockchain=bitmark,ipfs://QmccKUyRv4yvLedsf7JL4nho4X2oU3PUcn6SiXmJKDZDJ9?edition_number=71&blockchain=bitmark,1
previews/3a9f6d14-d53d-4d5c-b55a-f0e5793d5d0e/1620350770/?edition_number=144&blockchain=bitmark,ipfs://Qma6yMjwzXasZcvR6ojk5KbW2eG7dZV9LmsJ3bMEnNJiqt?edition_number=144&blockchain=bitmark,1
previews/1b205395-6654-4174-b170-45c82866270b/1624043512/?edition_number=11&blockchain=bitmark,ipfs://QmV1vFUSGxd2ACfeyRR8CjBCxeFVH5JcfX9sAnfEpxadRu?edition_number=11&blockchain=bitmark,1
previews/252527ee-2232-45e0-9ead-27379ff26219/1627998769/?edition_number=40&blockchain=bitmark,ipfs://QmSJwtChNJ1nzgaQ4JVLka9impCPMPEEmvDvAE4uHgpBih?edition_number=40&blockchain=bitmark,1
previews/faa504eb-868c-4134-a7b2-eef051b9abbc/1620642833/?edition_number=185&blockchain=bitmark,ipfs://QmP3apeo3Krrw3aEobPpffs3p5haR7ZnEvcePfSDfcpBS8?edition_number=185&blockchain=bitmark,1
previews/e885a572-1acc-4b0c-9c63-c3f8e49bd302/1634763439/?edition_number=73&blockchain=bitmark,ipfs://QmccKUyRv4yvLedsf7JL4nho4X2oU3PUcn6SiXmJKDZDJ9?edition_number=73&blockchain=bitmark,1
previews/7764ae91-0392-48fb-b68c-796d701bed08/1620416013/?edition_number=131&blockchain=bitmark,ipfs://QmZEJd4b4bFmDDvGaKma1hHXPkkRe2V8wYFYab7Tmw4Lpr?edition_number=131&blockchain=bitmark,1
previews/7764ae91-0392-48fb-b68c-796d701bed08/1620416013/?edition_number=179&blockchain=bitmark,ipfs://QmZEJd4b4bFmDDvGaKma1hHXPkkRe2V8wYFYab7Tmw4Lpr?edition_number=179&blockchain=bitmark,1
previews/faa504eb-868c-4134-a7b2-eef051b9abbc/1620642833/?edition_number=176&blockchain=bitmark,ipfs://QmP3apeo3Krrw3aEobPpffs3p5haR7ZnEvcePfSDfcpBS8?edition_number=176&blockchain=bitmark,1
previews/a566dd50-6194-4e88-8aec-59cebbc1ed55/1639419587/?edition_number=51&blockchain=bitmark,ipfs://QmUYrfKmCUmmYtkeAwhbai2WAGNSnhijo5KFXqYNJqFsbb?edition_number=51&blockchain=bitmark,1
previews/2d1f1330-d66a-4e9e-afd6-c17e5e55f2c4/1627893099/?edition_number=61&blockchain=bitmark,ipfs://QmRkSgNjaMqSzJgkxHrrYcPVX4Ko2DhLTUecjfYQjufPT7?edition_number=61&blockchain=bitmark,1
previews/398716ae-a05b-43bb-adb8-48e56114af6a/1634712504/?edition_number=25&blockchain=bitmark,ipfs://QmdD6DadG5GLqauBdhCwsbRRyxQA8zfUN8EMQwsnQdShRC?edition_number=25&blockchain=bitmark,1
previews/3a9f6d14-d53d-4d5c-b55a-f0e5793d5d0e/1620350770/?edition_number=172&blockchain=bitmark,ipfs://Qma6yMjwzXasZcvR6ojk5KbW2eG7dZV9LmsJ3bMEnNJiqt?edition_number=172&blockchain=bitmark,1
previews/89c348c1-6e78-4e00-ac3f-f58c9e732731/1624234006/?edition_number=11&blockchain=bitmark,ipfs://Qmbfjm1eX2eorWXuYZXU61qpdaSVXdpK2dmD8qHxq6vkcu?edition_number=11&blockchain=bitmark,1
previews/e885a572-1acc-4b0c-9c63-c3f8e49bd302/1634763439/?edition_number=37&blockchain=bitmark,ipfs://QmccKUyRv4yvLedsf7JL4nho4X2oU3PUcn6SiXmJKDZDJ9?edition_number=37&blockchain=bitmark,1
previews/522055e6-e5d8-41b5-8cad-9823c9666e2a/1654421582/?edition_number=18&blockchain=bitmark,ipfs://QmSc65zdutiNEooeriju5z267FuX21Fqw5f1sNt2eaQbMG?edition_number=18&blockchain=bitmark,1
previews/6bcc9b62-0ca3-4fdc-8232-0a3f2d4adf13/1620666173/?edition_number=179&blockchain=bitmark,ipfs://QmbTnbbntuoXF87t1FQw92PqBj7xfYY4hKALAV3YDwH1Ey?edition_number=179&blockchain=bitmark,1
previews/f503f9fe-276c-4519-92b7-8a2239cfa489/1638359231/?edition_number=103&blockchain=bitmark,ipfs://QmcY75WevXSAKBDENuiHv5ZVm9TjGzy1Nya31bTet99aQK?edition_number=103&blockchain=bitmark,1
previews/3a9f6d14-d53d-4d5c-b55a-f0e5793d5d0e/1620350770/?edition_number=127&blockchain=bitmark,ipfs://Qma6yMjwzXasZcvR6ojk5KbW2eG7dZV9LmsJ3bMEnNJiqt?edition_number=127&blockchain=bitmark,1
previews/ebe3df0f-f765-410e-b2fa-edd39dcf5369/1631817212/?edition_number=13&blockchain=bitmark,ipfs://QmfZwky2RWHH8qss3Q8oYpbvHB48qz4ZAsD55KXJY6MGpj?edition_number=13&blockchain=bitmark,1
previews/bfecf42e-41e0-46a7-a948-435c5439d574/1725623694/index.html,ipfs://QmQpxuRBt3PvAyEdXkvK6FC3evqJMJwsN3ggbTXBWXaPk2,1
previews/51a53d4e-c60f-4582-8edc-c9998ed40a24/1629968561/?edition_number=55&blockchain=bitmark,ipfs://QmS4SmjsYC6tTnt4X3WMBQ1ggsnFFutgctXSgMyamRnrPX?edition_number=55&blockchain=bitmark,1
previews/03c9301f-e338-4419-8830-3e790fdc936b/1634763480/?edition_number=16&blockchain=bitmark,ipfs://QmXiF2u7YpPnekZirDYJFywxQ4nUru8bfnMhijrFV4X6Tq?edition_number=16&blockchain=bitmark,1
previews/2a57c29f-fa5b-440d-8dee-2d58cdb9238c/1620669376/?edition_number=172&blockchain=bitmark,ipfs://QmNZPZifuVpanuoy6WS1nyumb5agihkkdnLZtFhaUmwwFK?edition_number=172&blockchain=bitmark,1
previews/adc4221c-4f00-4193-ac82-c4d9b1a0b681/1620671843/?edition_number=165&blockchain=bitmark,ipfs://QmNPgas4vq9gkcQr6YFJ6dK3C2yhR8gwGJW7Hi9BUBJCwU?edition_number=165&blockchain=bitmark,1
previews/adc4221c-4f00-4193-ac82-c4d9b1a0b681/1620671843/?edition_number=148&blockchain=bitmark,ipfs://QmNPgas4vq9gkcQr6YFJ6dK3C2yhR8gwGJW7Hi9BUBJCwU?edition_number=148&blockchain=bitmark,1
previews/398716ae-a05b-43bb-adb8-48e56114af6a/1634712504/?edition_number=73&blockchain=bitmark,ipfs://QmdD6DadG5GLqauBdhCwsbRRyxQA8zfUN8EMQwsnQdShRC?edition_number=73&blockchain=bitmark,1
previews/f2db8c40-a2fb-4a93-be03-75ce3b3133f3/1630436182/?edition_number=19&blockchain=bitmark,ipfs://QmWBrUtQ8ujbYciEhKwgaaSAzv82aGVtQdq1nmNRXWKFQd?edition_number=19&blockchain=bitmark,1
previews/7764ae91-0392-48fb-b68c-796d701bed08/1620416013/?edition_number=148&blockchain=bitmark,ipfs://QmZEJd4b4bFmDDvGaKma1hHXPkkRe2V8wYFYab7Tmw4Lpr?edition_number=148&blockchain=bitmark,1
previews/6f5db274-ea1f-47b6-82ab-13b0ad650d36/1725623638/index.html,ipfs://QmZkpq1V956YyfMcaEvwSfN1xybCmcJzZhNQxvGkwVe9nd,1
previews/1f060e42-3437-444c-b823-a8b8532c449c/1615550075/?edition_number=7&blockchain=bitmark,ipfs://QmRpqNbJDvf6fDfum4xLQNFJVrgU38tMECkT8JjizcBKUt?edition_number=7&blockchain=bitmark,1
previews/7764ae91-0392-48fb-b68c-796d701bed08/1620416013/?edition_number=67&blockchain=bitmark,ipfs://QmZEJd4b4bFmDDvGaKma1hHXPkkRe2V8wYFYab7Tmw4Lpr?edition_number=67&blockchain=bitmark,1
previews/28cad12d-50f2-4d82-a77d-1284cf934b8c/1615815656/?edition_number=73&blockchain=bitmark,ipfs://QmYia6LpBUpSkPioL5r14CqiFLZZJDf2MM9wo1es9Xn9k2?edition_number=73&blockchain=bitmark,1
previews/f503f9fe-276c-4519-92b7-8a2239cfa489/1638359231/?edition_number=21&blockchain=bitmark,ipfs://QmcY75WevXSAKBDENuiHv5ZVm9TjGzy1Nya31bTet99aQK?edition_number=21&blockchain=bitmark,1
previews/f2db8c40-a2fb-4a93-be03-75ce3b3133f3/1630436182/?edition_number=70&blockchain=bitmark,ipfs://QmWBrUtQ8ujbYciEhKwgaaSAzv82aGVtQdq1nmNRXWKFQd?edition_number=70&blockchain=bitmark,1
previews/93544620-dff8-4ae5-8194-3f527e8cc91e/1634763453/?edition_number=39&blockchain=bitmark,ipfs://QmNnXVL5JXjMrFp3AnaYUcdiexeXzvSJ8UNRLFi9gSAwam?edition_number=39&blockchain=bitmark,1
previews/dc8dddb8-7b4e-4d60-80da-071b92444514/1634763492/?edition_number=78&blockchain=bitmark,ipfs://QmXu8fj8fkUCLWL2L5kWu2Mg2oYFzNGZHJttZt2B2kndeg?edition_number=78&blockchain=bitmark,1
previews/a1b6689f-5236-471a-97a6-70ea0879dd42/1630583755/?edition_number=50&blockchain=bitmark,ipfs://QmQW2wFuM8VAeYZ1vbnHKfPq893MmKgcGmZKbuPjQhMnnh?edition_number=50&blockchain=bitmark,1
previews/7764ae91-0392-48fb-b68c-796d701bed08/1620416013/?edition_number=136&blockchain=bitmark,ipfs://QmZEJd4b4bFmDDvGaKma1hHXPkkRe2V8wYFYab7Tmw4Lpr?edition_number=136&blockchain=bitmark,1
previews/7764ae91-0392-48fb-b68c-796d701bed08/1620416013/?edition_number=140&blockchain=bitmark,ipfs://QmZEJd4b4bFmDDvGaKma1hHXPkkRe2V8wYFYab7Tmw4Lpr?edition_number=140&blockchain=bitmark,1
previews/522055e6-e5d8-41b5-8cad-9823c9666e2a/1654421582/?edition_number=23&blockchain=bitmark,ipfs://QmSc65zdutiNEooeriju5z267FuX21Fqw5f1sNt2eaQbMG?edition_number=23&blockchain=bitmark,1
previews/a566dd50-6194-4e88-8aec-59cebbc1ed55/1639419587/?edition_number=87&blockchain=bitmark,ipfs://QmUYrfKmCUmmYtkeAwhbai2WAGNSnhijo5KFXqYNJqFsbb?edition_number=87&blockchain=bitmark,1
previews/3a9f6d14-d53d-4d5c-b55a-f0e5793d5d0e/1620350770/?edition_number=140&blockchain=bitmark,ipfs://Qma6yMjwzXasZcvR6ojk5KbW2eG7dZV9LmsJ3bMEnNJiqt?edition_number=140&blockchain=bitmark,1
previews/252527ee-2232-45e0-9ead-27379ff26219/1627998769/?edition_number=6&blockchain=bitmark,ipfs://QmSJwtChNJ1nzgaQ4JVLka9impCPMPEEmvDvAE4uHgpBih?edition_number=6&blockchain=bitmark,1
previews/25a0daeb-ec6d-4bfd-8a24-11c44beb5629/1634763514/?edition_number=75&blockchain=bitmark,ipfs://QmbcmMmfVjg2vC35zQM2ktBQqbEk9kqsXzpdKviQ9uesKz?edition_number=75&blockchain=bitmark,1
previews/6bcc9b62-0ca3-4fdc-8232-0a3f2d4adf13/1620666173/?edition_number=74&blockchain=bitmark,ipfs://QmbTnbbntuoXF87t1FQw92PqBj7xfYY4hKALAV3YDwH1Ey?edition_number=74&blockchain=bitmark,1
previews/faa504eb-868c-4134-a7b2-eef051b9abbc/1620642833/?edition_number=88&blockchain=bitmark,ipfs://QmP3apeo3Krrw3aEobPpffs3p5haR7ZnEvcePfSDfcpBS8?edition_number=88&blockchain=bitmark,1
previews/3a9f6d14-d53d-4d5c-b55a-f0e5793d5d0e/1620350770/?edition_number=113&blockchain=bitmark,ipfs://Qma6yMjwzXasZcvR6ojk5KbW2eG7dZV9LmsJ3bMEnNJiqt?edition_number=113&blockchain=bitmark,1
previews/a1b6689f-5236-471a-97a6-70ea0879dd42/1630583755/?edition_number=19&blockchain=bitmark,ipfs://QmQW2wFuM8VAeYZ1vbnHKfPq893MmKgcGmZKbuPjQhMnnh?edition_number=19&blockchain=bitmark,1
previews/3a9f6d14-d53d-4d5c-b55a-f0e5793d5d0e/1620350770/?edition_number=167&blockchain=bitmark,ipfs://Qma6yMjwzXasZcvR6ojk5KbW2eG7dZV9LmsJ3bMEnNJiqt?edition_number=167&blockchain=bitmark,1
previews/21a5bd39-64d0-490b-b578-6c6ecd317b7a/1634757768/?edition_number=52&blockchain=bitmark,ipfs://Qmc5b84zNCKGhwJ1GbBNujue4xNm1Wjc4NywXCHjkALJPe?edition_number=52&blockchain=bitmark,1
previews/3e8f638a-c7e2-403a-98d8-c185411825bd/1634763505/?edition_number=80&blockchain=bitmark,ipfs://QmS5n4zNripBYwpoakvMmEN56mpf2iA4onXK7e7Ct8hBRo?edition_number=80&blockchain=bitmark,1
previews/d7f80e10-a227-4272-bd58-2da08703d460/1632732499/?edition_number=47&blockchain=bitmark,ipfs://QmPuryaXop8PJj8fEriFsyywg1ngKhuesu2e4wgRRoMcjq?edition_number=47&blockchain=bitmark,1
previews/522055e6-e5d8-41b5-8cad-9823c9666e2a/1654421582/?edition_number=63&blockchain=bitmark,ipfs://QmSc65zdutiNEooeriju5z267FuX21Fqw5f1sNt2eaQbMG?edition_number=63&blockchain=bitmark,1
previews/a566dd50-6194-4e88-8aec-59cebbc1ed55/1639419587/?edition_number=89&blockchain=bitmark,ipfs://QmUYrfKmCUmmYtkeAwhbai2WAGNSnhijo5KFXqYNJqFsbb?edition_number=89&blockchain=bitmark,1
previews/2a57c29f-fa5b-440d-8dee-2d58cdb9238c/1620669376/?edition_number=98&blockchain=bitmark,ipfs://QmNZPZifuVpanuoy6WS1nyumb5agihkkdnLZtFhaUmwwFK?edition_number=98&blockchain=bitmark,1
previews/26433d62-bb36-46f8-bc8e-ed7214967cc2/1631214206/?edition_number=13&blockchain=bitmark,ipfs://QmVwYhsPKjyGvagi5UCaYqBfKQnJYNcKuD2h17E1TApcJt?edition_number=13&blockchain=bitmark,1
previews/43c29566-9fad-42ce-aab9-1c4947164d94/1615728457/?edition_number=51&blockchain=bitmark,ipfs://QmXGTYqi6SLV2wA1Wf1gpo5yMRbwKKqdo9XvxsdPYjnbPx?edition_number=51&blockchain=bitmark,1
previews/adc4221c-4f00-4193-ac82-c4d9b1a0b681/1620671843/?edition_number=146&blockchain=bitmark,ipfs://QmNPgas4vq9gkcQr6YFJ6dK3C2yhR8gwGJW7Hi9BUBJCwU?edition_number=146&blockchain=bitmark,1
previews/6bcc9b62-0ca3-4fdc-8232-0a3f2d4adf13/1620666173/?edition_number=148&blockchain=bitmark,ipfs://QmbTnbbntuoXF87t1FQw92PqBj7xfYY4hKALAV3YDwH1Ey?edition_number=148&blockchain=bitmark,1
previews/33e55482-5dac-40b8-972e-750c374d69bb/1615652677/?edition_number=4&blockchain=bitmark,ipfs://QmXcWqxUjoJWwoSqo4iqF1spNHd9zMKneT41gCTAXCrEGi?edition_number=4&blockchain=bitmark,1
previews/3a9f6d14-d53d-4d5c-b55a-f0e5793d5d0e/1620350770/?edition_number=32&blockchain=bitmark,ipfs://Qma6yMjwzXasZcvR6ojk5KbW2eG7dZV9LmsJ3bMEnNJiqt?edition_number=32&blockchain=bitmark,1
previews/ec014e95-c9de-4d2e-b464-d95c3f7ae19c/1634763465/?edition_number=74&blockchain=bitmark,ipfs://QmSKF73LGPvLCYkhkp6z5rg1CmjpRjGeaKZ9k26XNqdR7C?edition_number=74&blockchain=bitmark,1
previews/252527ee-2232-45e0-9ead-27379ff26219/1627998769/?edition_number=15&blockchain=bitmark,ipfs://QmSJwtChNJ1nzgaQ4JVLka9impCPMPEEmvDvAE4uHgpBih?edition_number=15&blockchain=bitmark,1
previews/93544620-dff8-4ae5-8194-3f527e8cc91e/1634763453/?edition_number=47&blockchain=bitmark,ipfs://QmNnXVL5JXjMrFp3AnaYUcdiexeXzvSJ8UNRLFi9gSAwam?edition_number=47&blockchain=bitmark,1
previews/6e0b8c01-5b11-4ceb-b40a-c1d8efa4a66a/1629980523/?edition_number=19&blockchain=bitmark,ipfs://QmZQSD91yVPYSPQefhrnFLZFRtdntERGgXaXfgAqioQnpQ?edition_number=19&blockchain=bitmark,1
previews/3a9f6d14-d53d-4d5c-b55a-f0e5793d5d0e/1620350770/?edition_number=31&blockchain=bitmark,ipfs://Qma6yMjwzXasZcvR6ojk5KbW2eG7dZV9LmsJ3bMEnNJiqt?edition_number=31&blockchain=bitmark,1
previews/e885a572-1acc-4b0c-9c63-c3f8e49bd302/1634763439/?edition_number=89&blockchain=bitmark,ipfs://QmccKUyRv4yvLedsf7JL4nho4X2oU3PUcn6SiXmJKDZDJ9?edition_number=89&blockchain=bitmark,1
previews/3a9f6d14-d53d-4d5c-b55a-f0e5793d5d0e/1620350770/?edition_number=155&blockchain=bitmark,ipfs://Qma6yMjwzXasZcvR6ojk5KbW2eG7dZV9LmsJ3bMEnNJiqt?edition_number=155&blockchain=bitmark,1
previews/3a9f6d14-d53d-4d5c-b55a-f0e5793d5d0e/1620350770/?edition_number=77&blockchain=bitmark,ipfs://Qma6yMjwzXasZcvR6ojk5KbW2eG7dZV9LmsJ3bMEnNJiqt?edition_number=77&blockchain=bitmark,1
previews/7764ae91-0392-48fb-b68c-796d701bed08/1620416013/?edition_number=0&blockchain=bitmark,ipfs://QmZEJd4b4bFmDDvGaKma1hHXPkkRe2V8wYFYab7Tmw4Lpr?edition_number=0&blockchain=bitmark,1
previews/3a9f6d14-d53d-4d5c-b55a-f0e5793d5d0e/1620350770/?edition_number=136&blockchain=bitmark,ipfs://Qma6yMjwzXasZcvR6ojk5KbW2eG7dZV9LmsJ3bMEnNJiqt?edition_number=136&blockchain=bitmark,1
previews/6bcc9b62-0ca3-4fdc-8232-0a3f2d4adf13/1620666173/?edition_number=70&blockchain=bitmark,ipfs://QmbTnbbntuoXF87t1FQw92PqBj7xfYY4hKALAV3YDwH1Ey?edition_number=70&blockchain=bitmark,1
previews/522055e6-e5d8-41b5-8cad-9823c9666e2a/1654421582/?edition_number=71&blockchain=bitmark,ipfs://QmSc65zdutiNEooeriju5z267FuX21Fqw5f1sNt2eaQbMG?edition_number=71&blockchain=bitmark,1
previews/7764ae91-0392-48fb-b68c-796d701bed08/1620416013/?edition_number=7&blockchain=bitmark,ipfs://QmZEJd4b4bFmDDvGaKma1hHXPkkRe2V8wYFYab7Tmw4Lpr?edition_number=7&blockchain=bitmark,1
previews/e885a572-1acc-4b0c-9c63-c3f8e49bd302/1634763439/?edition_number=47&blockchain=bitmark,ipfs://QmccKUyRv4yvLedsf7JL4nho4X2oU3PUcn6SiXmJKDZDJ9?edition_number=47&blockchain=bitmark,1
previews/93544620-dff8-4ae5-8194-3f527e8cc91e/1634763453/?edition_number=12&blockchain=bitmark,ipfs://QmNnXVL5JXjMrFp3AnaYUcdiexeXzvSJ8UNRLFi9gSAwam?edition_number=12&blockchain=bitmark,1
previews/398716ae-a05b-43bb-adb8-48e56114af6a/1634712504/?edition_number=76&blockchain=bitmark,ipfs://QmdD6DadG5GLqauBdhCwsbRRyxQA8zfUN8EMQwsnQdShRC?edition_number=76&blockchain=bitmark,1
previews/dc8dddb8-7b4e-4d60-80da-071b92444514/1634763492/?edition_number=27&blockchain=bitmark,ipfs://QmXu8fj8fkUCLWL2L5kWu2Mg2oYFzNGZHJttZt2B2kndeg?edition_number=27&blockchain=bitmark,1
previews/adc4221c-4f00-4193-ac82-c4d9b1a0b681/1620671843/?edition_number=13&blockchain=bitmark,ipfs://QmNPgas4vq9gkcQr6YFJ6dK3C2yhR8gwGJW7Hi9BUBJCwU?edition_number=13&blockchain=bitmark,1
previews/faa504eb-868c-4134-a7b2-eef051b9abbc/1620642833/?edition_number=171&blockchain=bitmark,ipfs://QmP3apeo3Krrw3aEobPpffs3p5haR7ZnEvcePfSDfcpBS8?edition_number=171&blockchain=bitmark,1
previews/522055e6-e5d8-41b5-8cad-9823c9666e2a/1654421582/?edition_number=64&blockchain=bitmark,ipfs://QmSc65zdutiNEooeriju5z267FuX21Fqw5f1sNt2eaQbMG?edition_number=64&blockchain=bitmark,1
previews/5d7e9132-059f-44d9-a6a9-3c8a9b688965/1632387593/?edition_number=11&blockchain=bitmark,ipfs://QmS5bBj3gQ2JYHNRSxgWeTTmWccDYim9qkJ6wApd156p7L?edition_number=11&blockchain=bitmark,1
previews/25a0daeb-ec6d-4bfd-8a24-11c44beb5629/1634763514/?edition_number=84&blockchain=bitmark,ipfs://QmbcmMmfVjg2vC35zQM2ktBQqbEk9kqsXzpdKviQ9uesKz?edition_number=84&blockchain=bitmark,1
previews/6e0b8c01-5b11-4ceb-b40a-c1d8efa4a66a/1629980523/?edition_number=37&blockchain=bitmark,ipfs://QmZQSD91yVPYSPQefhrnFLZFRtdntERGgXaXfgAqioQnpQ?edition_number=37&blockchain=bitmark,1
previews/398716ae-a05b-43bb-adb8-48e56114af6a/1634712504/?edition_number=70&blockchain=bitmark,ipfs://QmdD6DadG5GLqauBdhCwsbRRyxQA8zfUN8EMQwsnQdShRC?edition_number=70&blockchain=bitmark,1
previews/398716ae-a05b-43bb-adb8-48e56114af6a/1634712504/?edition_number=82&blockchain=bitmark,ipfs://QmdD6DadG5GLqauBdhCwsbRRyxQA8zfUN8EMQwsnQdShRC?edition_number=82&blockchain=bitmark,1
previews/faa504eb-868c-4134-a7b2-eef051b9abbc/1620642833/?edition_number=28&blockchain=bitmark,ipfs://QmP3apeo3Krrw3aEobPpffs3p5haR7ZnEvcePfSDfcpBS8?edition_number=28&blockchain=bitmark,1
previews/f503f9fe-276c-4519-92b7-8a2239cfa489/1638359231/?edition_number=16&blockchain=bitmark,ipfs://QmcY75WevXSAKBDENuiHv5ZVm9TjGzy1Nya31bTet99aQK?edition_number=16&blockchain=bitmark,1
previews/47db4cae-c786-4bb3-8735-e932ab81ed7f/1630258818/?edition_number=43&blockchain=bitmark,ipfs://QmdoAemWU9Gh6JzWxvJNFb8bkhkZ43LfrweX39BNusu6nE?edition_number=43&blockchain=bitmark,1
previews/1f060e42-3437-444c-b823-a8b8532c449c/1615550075/?edition_number=73&blockchain=bitmark,ipfs://QmRpqNbJDvf6fDfum4xLQNFJVrgU38tMECkT8JjizcBKUt?edition_number=73&blockchain=bitmark,1
previews/7764ae91-0392-48fb-b68c-796d701bed08/1620416013/?edition_number=18&blockchain=bitmark,ipfs://QmZEJd4b4bFmDDvGaKma1hHXPkkRe2V8wYFYab7Tmw4Lpr?edition_number=18&blockchain=bitmark,1
previews/93544620-dff8-4ae5-8194-3f527e8cc91e/1634763453/?edition_number=62&blockchain=bitmark,ipfs://QmNnXVL5JXjMrFp3AnaYUcdiexeXzvSJ8UNRLFi9gSAwam?edition_number=62&blockchain=bitmark,1
previews/6bcc9b62-0ca3-4fdc-8232-0a3f2d4adf13/1620666173/?edition_number=44&blockchain=bitmark,ipfs://QmbTnbbntuoXF87t1FQw92PqBj7xfYY4hKALAV3YDwH1Ey?edition_number=44&blockchain=bitmark,1
previews/f2db8c40-a2fb-4a93-be03-75ce3b3133f3/1630436182/?edition_number=15&blockchain=bitmark,ipfs://QmWBrUtQ8ujbYciEhKwgaaSAzv82aGVtQdq1nmNRXWKFQd?edition_number=15&blockchain=bitmark,1
previews/faa504eb-868c-4134-a7b2-eef051b9abbc/1620642833/?edition_number=13&blockchain=bitmark,ipfs://QmP3apeo3Krrw3aEobPpffs3p5haR7ZnEvcePfSDfcpBS8?edition_number=13&blockchain=bitmark,1
previews/21a5bd39-64d0-490b-b578-6c6ecd317b7a/1634757768/?edition_number=29&blockchain=bitmark,ipfs://Qmc5b84zNCKGhwJ1GbBNujue4xNm1Wjc4NywXCHjkALJPe?edition_number=29&blockchain=bitmark,1
previews/adc4221c-4f00-4193-ac82-c4d9b1a0b681/1620671843/?edition_number=185&blockchain=bitmark,ipfs://QmNPgas4vq9gkcQr6YFJ6dK3C2yhR8gwGJW7Hi9BUBJCwU?edition_number=185&blockchain=bitmark,1
previews/d7f80e10-a227-4272-bd58-2da08703d460/1632732499/?edition_number=12&blockchain=bitmark,ipfs://QmPuryaXop8PJj8fEriFsyywg1ngKhuesu2e4wgRRoMcjq?edition_number=12&blockchain=bitmark,1
previews/faa504eb-868c-4134-a7b2-eef051b9abbc/1620642833/?edition_number=164&blockchain=bitmark,ipfs://QmP3apeo3Krrw3aEobPpffs3p5haR7ZnEvcePfSDfcpBS8?edition_number=164&blockchain=bitmark,1
previews/5d7e9132-059f-44d9-a6a9-3c8a9b688965/1632387593/?edition_number=27&blockchain=bitmark,ipfs://QmS5bBj3gQ2JYHNRSxgWeTTmWccDYim9qkJ6wApd156p7L?edition_number=27&blockchain=bitmark,1
previews/398716ae-a05b-43bb-adb8-48e56114af6a/1634712504/?edition_number=85&blockchain=bitmark,ipfs://QmdD6DadG5GLqauBdhCwsbRRyxQA8zfUN8EMQwsnQdShRC?edition_number=85&blockchain=bitmark,1
previews/25a0daeb-ec6d-4bfd-8a24-11c44beb5629/1634763514/?edition_number=78&blockchain=bitmark,ipfs://QmbcmMmfVjg2vC35zQM2ktBQqbEk9kqsXzpdKviQ9uesKz?edition_number=78&blockchain=bitmark,1
previews/d7f80e10-a227-4272-bd58-2da08703d460/1632732499/?edition_number=7&blockchain=bitmark,ipfs://QmPuryaXop8PJj8fEriFsyywg1ngKhuesu2e4wgRRoMcjq?edition_number=7&blockchain=bitmark,1
previews/6e0b8c01-5b11-4ceb-b40a-c1d8efa4a66a/1629980523/?edition_number=30&blockchain=bitmark,ipfs://QmZQSD91yVPYSPQefhrnFLZFRtdntERGgXaXfgAqioQnpQ?edition_number=30&blockchain=bitmark,1
previews/abf1fd61-b911-402b-9e2e-d7dcf96c4d82/1654769374/preview.png,ipfs://QmSsZHfEH1rzPbQd4zUR8c7FCsPsJrseMu59xPML1kuD1x,1
previews/a566dd50-6194-4e88-8aec-59cebbc1ed55/1639419587/?edition_number=42&blockchain=bitmark,ipfs://QmUYrfKmCUmmYtkeAwhbai2WAGNSnhijo5KFXqYNJqFsbb?edition_number=42&blockchain=bitmark,1
previews/26433d62-bb36-46f8-bc8e-ed7214967cc2/1631214206/?edition_number=23&blockchain=bitmark,ipfs://QmVwYhsPKjyGvagi5UCaYqBfKQnJYNcKuD2h17E1TApcJt?edition_number=23&blockchain=bitmark,1
previews/a1b6689f-5236-471a-97a6-70ea0879dd42/1630583755/?edition_number=18&blockchain=bitmark,ipfs://QmQW2wFuM8VAeYZ1vbnHKfPq893MmKgcGmZKbuPjQhMnnh?edition_number=18&blockchain=bitmark,1
previews/f503f9fe-276c-4519-92b7-8a2239cfa489/1638359231/?edition_number=94&blockchain=bitmark,ipfs://QmcY75WevXSAKBDENuiHv5ZVm9TjGzy1Nya31bTet99aQK?edition_number=94&blockchain=bitmark,1
previews/adc4221c-4f00-4193-ac82-c4d9b1a0b681/1620671843/?edition_number=77&blockchain=bitmark,ipfs://QmNPgas4vq9gkcQr6YFJ6dK3C2yhR8gwGJW7Hi9BUBJCwU?edition_number=77&blockchain=bitmark,1
previews/3a9f6d14-d53d-4d5c-b55a-f0e5793d5d0e/1620350770/?edition_number=186&blockchain=bitmark,ipfs://Qma6yMjwzXasZcvR6ojk5KbW2eG7dZV9LmsJ3bMEnNJiqt?edition_number=186&blockchain=bitmark,1
previews/6bcc9b62-0ca3-4fdc-8232-0a3f2d4adf13/1620666173/?edition_number=171&blockchain=bitmark,ipfs://QmbTnbbntuoXF87t1FQw92PqBj7xfYY4hKALAV3YDwH1Ey?edition_number=171&blockchain=bitmark,1
previews/faa504eb-868c-4134-a7b2-eef051b9abbc/1620642833/?edition_number=38&blockchain=bitmark,ipfs://QmP3apeo3Krrw3aEobPpffs3p5haR7ZnEvcePfSDfcpBS8?edition_number=38&blockchain=bitmark,1
previews/ec014e95-c9de-4d2e-b464-d95c3f7ae19c/1634763465/?edition_number=49&blockchain=bitmark,ipfs://QmSKF73LGPvLCYkhkp6z5rg1CmjpRjGeaKZ9k26XNqdR7C?edition_number=49&blockchain=bitmark,1
previews/faa504eb-868c-4134-a7b2-eef051b9abbc/1620642833/?edition_number=181&blockchain=bitmark,ipfs://QmP3apeo3Krrw3aEobPpffs3p5haR7ZnEvcePfSDfcpBS8?edition_number=181&blockchain=bitmark,1
previews/51a53d4e-c60f-4582-8edc-c9998ed40a24/1629968561/?edition_number=28&blockchain=bitmark,ipfs://QmS4SmjsYC6tTnt4X3WMBQ1ggsnFFutgctXSgMyamRnrPX?edition_number=28&blockchain=bitmark,1
previews/7764ae91-0392-48fb-b68c-796d701bed08/1620416013/?edition_number=181&blockchain=bitmark,ipfs://QmZEJd4b4bFmDDvGaKma1hHXPkkRe2V8wYFYab7Tmw4Lpr?edition_number=181&blockchain=bitmark,1
previews/398716ae-a05b-43bb-adb8-48e56114af6a/1634712504/?edition_number=43&blockchain=bitmark,ipfs://QmdD6DadG5GLqauBdhCwsbRRyxQA8zfUN8EMQwsnQdShRC?edition_number=43&blockchain=bitmark,1
previews/adc4221c-4f00-4193-ac82-c4d9b1a0b681/1620671843/?edition_number=11&blockchain=bitmark,ipfs://QmNPgas4vq9gkcQr6YFJ6dK3C2yhR8gwGJW7Hi9BUBJCwU?edition_number=11&blockchain=bitmark,1
previews/522055e6-e5d8-41b5-8cad-9823c9666e2a/1654421582/?edition_number=49&blockchain=bitmark,ipfs://QmSc65zdutiNEooeriju5z267FuX21Fqw5f1sNt2eaQbMG?edition_number=49&blockchain=bitmark,1
previews/18125d2a-d424-496f-9949-9c3e625f114e/1632387574/?edition_number=16&blockchain=bitmark,ipfs://QmPJYnZk1nSF7q6sfxecWg1gFnfMddpp4nCdMhdcABdqve?edition_number=16&blockchain=bitmark,1
previews/f2db8c40-a2fb-4a93-be03-75ce3b3133f3/1630436182/?edition_number=75&blockchain=bitmark,ipfs://QmWBrUtQ8ujbYciEhKwgaaSAzv82aGVtQdq1nmNRXWKFQd?edition_number=75&blockchain=bitmark,1
previews/adc4221c-4f00-4193-ac82-c4d9b1a0b681/1620671843/?edition_number=191&blockchain=bitmark,ipfs://QmNPgas4vq9gkcQr6YFJ6dK3C2yhR8gwGJW7Hi9BUBJCwU?edition_number=191&blockchain=bitmark,1
previews/21a5bd39-64d0-490b-b578-6c6ecd317b7a/1634757768/?edition_number=82&blockchain=bitmark,ipfs://Qmc5b84zNCKGhwJ1GbBNujue4xNm1Wjc4NywXCHjkALJPe?edition_number=82&blockchain=bitmark,1
previews/1f060e42-3437-444c-b823-a8b8532c449c/1615550075/?edition_number=54&blockchain=bitmark,ipfs://QmRpqNbJDvf6fDfum4xLQNFJVrgU38tMECkT8JjizcBKUt?edition_number=54&blockchain=bitmark,1
previews/7764ae91-0392-48fb-b68c-796d701bed08/1620416013/?edition_number=189&blockchain=bitmark,ipfs://QmZEJd4b4bFmDDvGaKma1hHXPkkRe2V8wYFYab7Tmw4Lpr?edition_number=189&blockchain=bitmark,1
previews/398716ae-a05b-43bb-adb8-48e56114af6a/1634712504/?edition_number=47&blockchain=bitmark,ipfs://QmdD6DadG5GLqauBdhCwsbRRyxQA8zfUN8EMQwsnQdShRC?edition_number=47&blockchain=bitmark,1
previews/e885a572-1acc-4b0c-9c63-c3f8e49bd302/1634763439/?edition_number=8&blockchain=bitmark,ipfs://QmccKUyRv4yvLedsf7JL4nho4X2oU3PUcn6SiXmJKDZDJ9?edition_number=8&blockchain=bitmark,1
previews/25a0daeb-ec6d-4bfd-8a24-11c44beb5629/1634763514/?edition_number=47&blockchain=bitmark,ipfs://QmbcmMmfVjg2vC35zQM2ktBQqbEk9kqsXzpdKviQ9uesKz?edition_number=47&blockchain=bitmark,1
previews/93544620-dff8-4ae5-8194-3f527e8cc91e/1634763453/?edition_number=19&blockchain=bitmark,ipfs://QmNnXVL5JXjMrFp3AnaYUcdiexeXzvSJ8UNRLFi9gSAwam?edition_number=19&blockchain=bitmark,1
previews/6bcc9b62-0ca3-4fdc-8232-0a3f2d4adf13/1620666173/?edition_number=122&blockchain=bitmark,ipfs://QmbTnbbntuoXF87t1FQw92PqBj7xfYY4hKALAV3YDwH1Ey?edition_number=122&blockchain=bitmark,1
previews/522055e6-e5d8-41b5-8cad-9823c9666e2a/1654421582/?edition_number=65&blockchain=bitmark,ipfs://QmSc65zdutiNEooeriju5z267FuX21Fqw5f1sNt2eaQbMG?edition_number=65&blockchain=bitmark,1
previews/f503f9fe-276c-4519-92b7-8a2239cfa489/1638359231/?edition_number=50&blockchain=bitmark,ipfs://QmcY75WevXSAKBDENuiHv5ZVm9TjGzy1Nya31bTet99aQK?edition_number=50&blockchain=bitmark,1
previews/dc8dddb8-7b4e-4d60-80da-071b92444514/1634763492/?edition_number=88&blockchain=bitmark,ipfs://QmXu8fj8fkUCLWL2L5kWu2Mg2oYFzNGZHJttZt2B2kndeg?edition_number=88&blockchain=bitmark,1
previews/03c9301f-e338-4419-8830-3e790fdc936b/1634763480/?edition_number=46&blockchain=bitmark,ipfs://QmXiF2u7YpPnekZirDYJFywxQ4nUru8bfnMhijrFV4X6Tq?edition_number=46&blockchain=bitmark,1
previews/31a680b4-c00a-4eac-8729-cba633c91c54/1638740490/?edition_number=29&blockchain=bitmark,ipfs://QmY3LP9vyD9xTupVYExXDYUg3xkpGBKHDj9r7S3aNYtJsm?edition_number=29&blockchain=bitmark,1
previews/7764ae91-0392-48fb-b68c-796d701bed08/1620416013/?edition_number=95&blockchain=bitmark,ipfs://QmZEJd4b4bFmDDvGaKma1hHXPkkRe2V8wYFYab7Tmw4Lpr?edition_number=95&blockchain=bitmark,1
previews/93544620-dff8-4ae5-8194-3f527e8cc91e/1634763453/?edition_number=49&blockchain=bitmark,ipfs://QmNnXVL5JXjMrFp3AnaYUcdiexeXzvSJ8UNRLFi9gSAwam?edition_number=49&blockchain=bitmark,1
previews/5440b100-26fe-41b6-b55e-96ff06b5a94a/1655362048/preview.png,ipfs://QmRsXj35PjEQdEykp4CDcX6WMaWJh6Cki2UnVXbdaLF9zb,1
previews/f503f9fe-276c-4519-92b7-8a2239cfa489/1638359231/?edition_number=51&blockchain=bitmark,ipfs://QmcY75WevXSAKBDENuiHv5ZVm9TjGzy1Nya31bTet99aQK?edition_number=51&blockchain=bitmark,1
previews/522055e6-e5d8-41b5-8cad-9823c9666e2a/1654421582/?edition_number=76&blockchain=bitmark,ipfs://QmSc65zdutiNEooeriju5z267FuX21Fqw5f1sNt2eaQbMG?edition_number=76&blockchain=bitmark,1
previews/89c348c1-6e78-4e00-ac3f-f58c9e732731/1624234006/?edition_number=51&blockchain=bitmark,ipfs://Qmbfjm1eX2eorWXuYZXU61qpdaSVXdpK2dmD8qHxq6vkcu?edition_number=51&blockchain=bitmark,1
previews/252527ee-2232-45e0-9ead-27379ff26219/1627998769/?edition_number=32&blockchain=bitmark,ipfs://QmSJwtChNJ1nzgaQ4JVLka9impCPMPEEmvDvAE4uHgpBih?edition_number=32&blockchain=bitmark,1
previews/3e8f638a-c7e2-403a-98d8-c185411825bd/1634763505/?edition_number=12&blockchain=bitmark,ipfs://QmS5n4zNripBYwpoakvMmEN56mpf2iA4onXK7e7Ct8hBRo?edition_number=12&blockchain=bitmark,1
previews/adc4221c-4f00-4193-ac82-c4d9b1a0b681/1620671843/?edition_number=180&blockchain=bitmark,ipfs://QmNPgas4vq9gkcQr6YFJ6dK3C2yhR8gwGJW7Hi9BUBJCwU?edition_number=180&blockchain=bitmark,1
previews/3e8f638a-c7e2-403a-98d8-c185411825bd/1634763505/?edition_number=37&blockchain=bitmark,ipfs://QmS5n4zNripBYwpoakvMmEN56mpf2iA4onXK7e7Ct8hBRo?edition_number=37&blockchain=bitmark,1
previews/93544620-dff8-4ae5-8194-3f527e8cc91e/1634763453/?edition_number=30&blockchain=bitmark,ipfs://QmNnXVL5JXjMrFp3AnaYUcdiexeXzvSJ8UNRLFi9gSAwam?edition_number=30&blockchain=bitmark,1
previews/7764ae91-0392-48fb-b68c-796d701bed08/1620416013/?edition_number=119&blockchain=bitmark,ipfs://QmZEJd4b4bFmDDvGaKma1hHXPkkRe2V8wYFYab7Tmw4Lpr?edition_number=119&blockchain=bitmark,1
previews/dc8dddb8-7b4e-4d60-80da-071b92444514/1634763492/?edition_number=30&blockchain=bitmark,ipfs://QmXu8fj8fkUCLWL2L5kWu2Mg2oYFzNGZHJttZt2B2kndeg?edition_number=30&blockchain=bitmark,1
previews/6bcc9b62-0ca3-4fdc-8232-0a3f2d4adf13/1620666173/?edition_number=139&blockchain=bitmark,ipfs://QmbTnbbntuoXF87t1FQw92PqBj7xfYY4hKALAV3YDwH1Ey?edition_number=139&blockchain=bitmark,1
previews/81c8f5d2-9f23-4584-8ee5-f7c975dc7951/1725624011/index.html,ipfs://Qmb6eCG9WyABbuxtD8uMVfzT2Dvapov2UCjrV8JeHHrPKz,1
previews/21a5bd39-64d0-490b-b578-6c6ecd317b7a/1634757768/?edition_number=84&blockchain=bitmark,ipfs://Qmc5b84zNCKGhwJ1GbBNujue4xNm1Wjc4NywXCHjkALJPe?edition_number=84&blockchain=bitmark,1
previews/6e0b8c01-5b11-4ceb-b40a-c1d8efa4a66a/1629980523/?edition_number=27&blockchain=bitmark,ipfs://QmZQSD91yVPYSPQefhrnFLZFRtdntERGgXaXfgAqioQnpQ?edition_number=27&blockchain=bitmark,1
previews/3a9f6d14-d53d-4d5c-b55a-f0e5793d5d0e/1620350770/?edition_number=199&blockchain=bitmark,ipfs://Qma6yMjwzXasZcvR6ojk5KbW2eG7dZV9LmsJ3bMEnNJiqt?edition_number=199&blockchain=bitmark,1
previews/7764ae91-0392-48fb-b68c-796d701bed08/1620416013/?edition_number=112&blockchain=bitmark,ipfs://QmZEJd4b4bFmDDvGaKma1hHXPkkRe2V8wYFYab7Tmw4Lpr?edition_number=112&blockchain=bitmark,1
previews/21a5bd39-64d0-490b-b578-6c6ecd317b7a/1634757768/?edition_number=81&blockchain=bitmark,ipfs://Qmc5b84zNCKGhwJ1GbBNujue4xNm1Wjc4NywXCHjkALJPe?edition_number=81&blockchain=bitmark,1
previews/6bcc9b62-0ca3-4fdc-8232-0a3f2d4adf13/1620666173/?edition_number=151&blockchain=bitmark,ipfs://QmbTnbbntuoXF87t1FQw92PqBj7xfYY4hKALAV3YDwH1Ey?edition_number=151&blockchain=bitmark,1
previews/adc4221c-4f00-4193-ac82-c4d9b1a0b681/1620671843/?edition_number=193&blockchain=bitmark,ipfs://QmNPgas4vq9gkcQr6YFJ6dK3C2yhR8gwGJW7Hi9BUBJCwU?edition_number=193&blockchain=bitmark,1
previews/faa504eb-868c-4134-a7b2-eef051b9abbc/1620642833/?edition_number=86&blockchain=bitmark,ipfs://QmP3apeo3Krrw3aEobPpffs3p5haR7ZnEvcePfSDfcpBS8?edition_number=86&blockchain=bitmark,1
previews/faa504eb-868c-4134-a7b2-eef051b9abbc/1620642833/?edition_number=122&blockchain=bitmark,ipfs://QmP3apeo3Krrw3aEobPpffs3p5haR7ZnEvcePfSDfcpBS8?edition_number=122&blockchain=bitmark,1
previews/47db4cae-c786-4bb3-8735-e932ab81ed7f/1630258818/?edition_number=44&blockchain=bitmark,ipfs://QmdoAemWU9Gh6JzWxvJNFb8bkhkZ43LfrweX39BNusu6nE?edition_number=44&blockchain=bitmark,1
previews/93544620-dff8-4ae5-8194-3f527e8cc91e/1634763453/?edition_number=42&blockchain=bitmark,ipfs://QmNnXVL5JXjMrFp3AnaYUcdiexeXzvSJ8UNRLFi9gSAwam?edition_number=42&blockchain=bitmark,1
previews/ec014e95-c9de-4d2e-b464-d95c3f7ae19c/1634763465/?edition_number=76&blockchain=bitmark,ipfs://QmSKF73LGPvLCYkhkp6z5rg1CmjpRjGeaKZ9k26XNqdR7C?edition_number=76&blockchain=bitmark,1
previews/2a57c29f-fa5b-440d-8dee-2d58cdb9238c/1620669376/?edition_number=142&blockchain=bitmark,ipfs://QmNZPZifuVpanuoy6WS1nyumb5agihkkdnLZtFhaUmwwFK?edition_number=142&blockchain=bitmark,1
previews/398716ae-a05b-43bb-adb8-48e56114af6a/1634712504/?edition_number=10&blockchain=bitmark,ipfs://QmdD6DadG5GLqauBdhCwsbRRyxQA8zfUN8EMQwsnQdShRC?edition_number=10&blockchain=bitmark,1
previews/adc4221c-4f00-4193-ac82-c4d9b1a0b681/1620671843/?edition_number=52&blockchain=bitmark,ipfs://QmNPgas4vq9gkcQr6YFJ6dK3C2yhR8gwGJW7Hi9BUBJCwU?edition_number=52&blockchain=bitmark,1
previews/a566dd50-6194-4e88-8aec-59cebbc1ed55/1639419587/?edition_number=83&blockchain=bitmark,ipfs://QmUYrfKmCUmmYtkeAwhbai2WAGNSnhijo5KFXqYNJqFsbb?edition_number=83&blockchain=bitmark,1
previews/7764ae91-0392-48fb-b68c-796d701bed08/1620416013/?edition_number=33&blockchain=bitmark,ipfs://QmZEJd4b4bFmDDvGaKma1hHXPkkRe2V8wYFYab7Tmw4Lpr?edition_number=33&blockchain=bitmark,1
previews/3a9f6d14-d53d-4d5c-b55a-f0e5793d5d0e/1620350770/?edition_number=41&blockchain=bitmark,ipfs://Qma6yMjwzXasZcvR6ojk5KbW2eG7dZV9LmsJ3bMEnNJiqt?edition_number=41&blockchain=bitmark,1
previews/89c348c1-6e78-4e00-ac3f-f58c9e732731/1624234006/?edition_number=74&blockchain=bitmark,ipfs://Qmbfjm1eX2eorWXuYZXU61qpdaSVXdpK2dmD8qHxq6vkcu?edition_number=74&blockchain=bitmark,1
previews/7764ae91-0392-48fb-b68c-796d701bed08/1620416013/?edition_number=32&blockchain=bitmark,ipfs://QmZEJd4b4bFmDDvGaKma1hHXPkkRe2V8wYFYab7Tmw4Lpr?edition_number=32&blockchain=bitmark,1
previews/3e8f638a-c7e2-403a-98d8-c185411825bd/1634763505/?edition_number=43&blockchain=bitmark,ipfs://QmS5n4zNripBYwpoakvMmEN56mpf2iA4onXK7e7Ct8hBRo?edition_number=43&blockchain=bitmark,1
previews/f503f9fe-276c-4519-92b7-8a2239cfa489/1638359231/?edition_number=95&blockchain=bitmark,ipfs://QmcY75WevXSAKBDENuiHv5ZVm9TjGzy1Nya31bTet99aQK?edition_number=95&blockchain=bitmark,1
previews/252527ee-2232-45e0-9ead-27379ff26219/1627998769/?edition_number=7&blockchain=bitmark,ipfs://QmSJwtChNJ1nzgaQ4JVLka9impCPMPEEmvDvAE4uHgpBih?edition_number=7&blockchain=bitmark,1
previews/4f6816b5-3d84-4715-b025-c8a837030b49/1631260821/?edition_number=28&blockchain=bitmark,ipfs://QmbboyD1nB3yJB28r5WB8MzX12d3L5jkVv7BiP2SkpHQ3b?edition_number=28&blockchain=bitmark,1
previews/adc4221c-4f00-4193-ac82-c4d9b1a0b681/1620671843/?edition_number=131&blockchain=bitmark,ipfs://QmNPgas4vq9gkcQr6YFJ6dK3C2yhR8gwGJW7Hi9BUBJCwU?edition_number=131&blockchain=bitmark,1
previews/f503f9fe-276c-4519-92b7-8a2239cfa489/1638359231/?edition_number=100&blockchain=bitmark,ipfs://QmcY75WevXSAKBDENuiHv5ZVm9TjGzy1Nya31bTet99aQK?edition_number=100&blockchain=bitmark,1
previews/3a9f6d14-d53d-4d5c-b55a-f0e5793d5d0e/1620350770/?edition_number=60&blockchain=bitmark,ipfs://Qma6yMjwzXasZcvR6ojk5KbW2eG7dZV9LmsJ3bMEnNJiqt?edition_number=60&blockchain=bitmark,1
previews/7764ae91-0392-48fb-b68c-796d701bed08/1620416013/?edition_number=152&blockchain=bitmark,ipfs://QmZEJd4b4bFmDDvGaKma1hHXPkkRe2V8wYFYab7Tmw4Lpr?edition_number=152&blockchain=bitmark,1
previews/d6e1e0f1-7a9d-46f1-a691-bf0604e755b5/1637053622/preview.mp4,ipfs://QmYwpsWU4wfFdzasGzh5ZTg4RageTQUrquorkPfUbPXU8b,1
previews/28cad12d-50f2-4d82-a77d-1284cf934b8c/1615815656/?edition_number=42&blockchain=bitmark,ipfs://QmYia6LpBUpSkPioL5r14CqiFLZZJDf2MM9wo1es9Xn9k2?edition_number=42&blockchain=bitmark,1
previews/e885a572-1acc-4b0c-9c63-c3f8e49bd302/1634763439/?edition_number=27&blockchain=bitmark,ipfs://QmccKUyRv4yvLedsf7JL4nho4X2oU3PUcn6SiXmJKDZDJ9?edition_number=27&blockchain=bitmark,1
previews/e885a572-1acc-4b0c-9c63-c3f8e49bd302/1634763439/?edition_number=14&blockchain=bitmark,ipfs://QmccKUyRv4yvLedsf7JL4nho4X2oU3PUcn6SiXmJKDZDJ9?edition_number=14&blockchain=bitmark,1
previews/7764ae91-0392-48fb-b68c-796d701bed08/1620416013/?edition_number=27&blockchain=bitmark,ipfs://QmZEJd4b4bFmDDvGaKma1hHXPkkRe2V8wYFYab7Tmw4Lpr?edition_number=27&blockchain=bitmark,1
previews/f503f9fe-276c-4519-92b7-8a2239cfa489/1638359231/?edition_number=13&blockchain=bitmark,ipfs://QmcY75WevXSAKBDENuiHv5ZVm9TjGzy1Nya31bTet99aQK?edition_number=13&blockchain=bitmark,1
previews/faa504eb-868c-4134-a7b2-eef051b9abbc/1620642833/?edition_number=94&blockchain=bitmark,ipfs://QmP3apeo3Krrw3aEobPpffs3p5haR7ZnEvcePfSDfcpBS8?edition_number=94&blockchain=bitmark,1
previews/2d1f1330-d66a-4e9e-afd6-c17e5e55f2c4/1627893099/?edition_number=72&blockchain=bitmark,ipfs://QmRkSgNjaMqSzJgkxHrrYcPVX4Ko2DhLTUecjfYQjufPT7?edition_number=72&blockchain=bitmark,1
previews/e9c74592-8483-4511-adb2-16ef4730ca1a/1644976484/?edition_number=0&blockchain=bitmark,ipfs://QmXNEbnh5UT2tzppLL9XqVL5XQyAaeiN4mQwJjx4dGV4Ko?edition_number=0&blockchain=bitmark,1
previews/1b205395-6654-4174-b170-45c82866270b/1624043512/?edition_number=55&blockchain=bitmark,ipfs://QmV1vFUSGxd2ACfeyRR8CjBCxeFVH5JcfX9sAnfEpxadRu?edition_number=55&blockchain=bitmark,1
previews/4f6816b5-3d84-4715-b025-c8a837030b49/1631260821/?edition_number=23&blockchain=bitmark,ipfs://QmbboyD1nB3yJB28r5WB8MzX12d3L5jkVv7BiP2SkpHQ3b?edition_number=23&blockchain=bitmark,1
previews/faa504eb-868c-4134-a7b2-eef051b9abbc/1620642833/?edition_number=59&blockchain=bitmark,ipfs://QmP3apeo3Krrw3aEobPpffs3p5haR7ZnEvcePfSDfcpBS8?edition_number=59&blockchain=bitmark,1
previews/f2db8c40-a2fb-4a93-be03-75ce3b3133f3/1630436182/?edition_number=18&blockchain=bitmark,ipfs://QmWBrUtQ8ujbYciEhKwgaaSAzv82aGVtQdq1nmNRXWKFQd?edition_number=18&blockchain=bitmark,1
previews/f503f9fe-276c-4519-92b7-8a2239cfa489/1638359231/?edition_number=112&blockchain=bitmark,ipfs://QmcY75WevXSAKBDENuiHv5ZVm9TjGzy1Nya31bTet99aQK?edition_number=112&blockchain=bitmark,1
previews/89c348c1-6e78-4e00-ac3f-f58c9e732731/1624234006/?edition_number=71&blockchain=bitmark,ipfs://Qmbfjm1eX2eorWXuYZXU61qpdaSVXdpK2dmD8qHxq6vkcu?edition_number=71&blockchain=bitmark,1
previews/faa504eb-868c-4134-a7b2-eef051b9abbc/1620642833/?edition_number=71&blockchain=bitmark,ipfs://QmP3apeo3Krrw3aEobPpffs3p5haR7ZnEvcePfSDfcpBS8?edition_number=71&blockchain=bitmark,1
previews/a566dd50-6194-4e88-8aec-59cebbc1ed55/1639419587/?edition_number=7&blockchain=bitmark,ipfs://QmUYrfKmCUmmYtkeAwhbai2WAGNSnhijo5KFXqYNJqFsbb?edition_number=7&blockchain=bitmark,1
previews/43c29566-9fad-42ce-aab9-1c4947164d94/1615728457/?edition_number=34&blockchain=bitmark,ipfs://QmXGTYqi6SLV2wA1Wf1gpo5yMRbwKKqdo9XvxsdPYjnbPx?edition_number=34&blockchain=bitmark,1
previews/6bcc9b62-0ca3-4fdc-8232-0a3f2d4adf13/1620666173/?edition_number=183&blockchain=bitmark,ipfs://QmbTnbbntuoXF87t1FQw92PqBj7xfYY4hKALAV3YDwH1Ey?edition_number=183&blockchain=bitmark,1
previews/7764ae91-0392-48fb-b68c-796d701bed08/1620416013/?edition_number=158&blockchain=bitmark,ipfs://QmZEJd4b4bFmDDvGaKma1hHXPkkRe2V8wYFYab7Tmw4Lpr?edition_number=158&blockchain=bitmark,1
previews/25a0daeb-ec6d-4bfd-8a24-11c44beb5629/1634763514/?edition_number=3&blockchain=bitmark,ipfs://QmbcmMmfVjg2vC35zQM2ktBQqbEk9kqsXzpdKviQ9uesKz?edition_number=3&blockchain=bitmark,1
previews/89c348c1-6e78-4e00-ac3f-f58c9e732731/1624234006/?edition_number=66&blockchain=bitmark,ipfs://Qmbfjm1eX2eorWXuYZXU61qpdaSVXdpK2dmD8qHxq6vkcu?edition_number=66&blockchain=bitmark,1
previews/7764ae91-0392-48fb-b68c-796d701bed08/1620416013/?edition_number=94&blockchain=bitmark,ipfs://QmZEJd4b4bFmDDvGaKma1hHXPkkRe2V8wYFYab7Tmw4Lpr?edition_number=94&blockchain=bitmark,1
previews/adc4221c-4f00-4193-ac82-c4d9b1a0b681/1620671843/?edition_number=181&blockchain=bitmark,ipfs://QmNPgas4vq9gkcQr6YFJ6dK3C2yhR8gwGJW7Hi9BUBJCwU?edition_number=181&blockchain=bitmark,1
previews/03c9301f-e338-4419-8830-3e790fdc936b/1634763480/?edition_number=42&blockchain=bitmark,ipfs://QmXiF2u7YpPnekZirDYJFywxQ4nUru8bfnMhijrFV4X6Tq?edition_number=42&blockchain=bitmark,1
previews/3a9f6d14-d53d-4d5c-b55a-f0e5793d5d0e/1620350770/?edition_number=51&blockchain=bitmark,ipfs://Qma6yMjwzXasZcvR6ojk5KbW2eG7dZV9LmsJ3bMEnNJiqt?edition_number=51&blockchain=bitmark,1
previews/adc4221c-4f00-4193-ac82-c4d9b1a0b681/1620671843/?edition_number=31&blockchain=bitmark,ipfs://QmNPgas4vq9gkcQr6YFJ6dK3C2yhR8gwGJW7Hi9BUBJCwU?edition_number=31&blockchain=bitmark,1
previews/dc560d90-2d89-45be-a639-ebc3ab496f43/1725624479/index.html,ipfs://QmUMsucPA4PieQhbuWjV8DAHpk4SGneYx9Ncw6jGJVpj6Z,1
previews/f2db8c40-a2fb-4a93-be03-75ce3b3133f3/1630436182/?edition_number=27&blockchain=bitmark,ipfs://QmWBrUtQ8ujbYciEhKwgaaSAzv82aGVtQdq1nmNRXWKFQd?edition_number=27&blockchain=bitmark,1
previews/2a57c29f-fa5b-440d-8dee-2d58cdb9238c/1620669376/?edition_number=30&blockchain=bitmark,ipfs://QmNZPZifuVpanuoy6WS1nyumb5agihkkdnLZtFhaUmwwFK?edition_number=30&blockchain=bitmark,1
previews/faa504eb-868c-4134-a7b2-eef051b9abbc/1620642833/?edition_number=155&blockchain=bitmark,ipfs://QmP3apeo3Krrw3aEobPpffs3p5haR7ZnEvcePfSDfcpBS8?edition_number=155&blockchain=bitmark,1
previews/a566dd50-6194-4e88-8aec-59cebbc1ed55/1639419587/?edition_number=57&blockchain=bitmark,ipfs://QmUYrfKmCUmmYtkeAwhbai2WAGNSnhijo5KFXqYNJqFsbb?edition_number=57&blockchain=bitmark,1
previews/25a0daeb-ec6d-4bfd-8a24-11c44beb5629/1634763514/?edition_number=66&blockchain=bitmark,ipfs://QmbcmMmfVjg2vC35zQM2ktBQqbEk9kqsXzpdKviQ9uesKz?edition_number=66&blockchain=bitmark,1
previews/6bcc9b62-0ca3-4fdc-8232-0a3f2d4adf13/1620666173/?edition_number=119&blockchain=bitmark,ipfs://QmbTnbbntuoXF87t1FQw92PqBj7xfYY4hKALAV3YDwH1Ey?edition_number=119&blockchain=bitmark,1
previews/7764ae91-0392-48fb-b68c-796d701bed08/1620416013/?edition_number=114&blockchain=bitmark,ipfs://QmZEJd4b4bFmDDvGaKma1hHXPkkRe2V8wYFYab7Tmw4Lpr?edition_number=114&blockchain=bitmark,1
previews/adc4221c-4f00-4193-ac82-c4d9b1a0b681/1620671843/?edition_number=80&blockchain=bitmark,ipfs://QmNPgas4vq9gkcQr6YFJ6dK3C2yhR8gwGJW7Hi9BUBJCwU?edition_number=80&blockchain=bitmark,1
previews/dc8dddb8-7b4e-4d60-80da-071b92444514/1634763492/?edition_number=8&blockchain=bitmark,ipfs://QmXu8fj8fkUCLWL2L5kWu2Mg2oYFzNGZHJttZt2B2kndeg?edition_number=8&blockchain=bitmark,1
previews/faa504eb-868c-4134-a7b2-eef051b9abbc/1620642833/?edition_number=142&blockchain=bitmark,ipfs://QmP3apeo3Krrw3aEobPpffs3p5haR7ZnEvcePfSDfcpBS8?edition_number=142&blockchain=bitmark,1
previews/f503f9fe-276c-4519-92b7-8a2239cfa489/1638359231/?edition_number=35&blockchain=bitmark,ipfs://QmcY75WevXSAKBDENuiHv5ZVm9TjGzy1Nya31bTet99aQK?edition_number=35&blockchain=bitmark,1
previews/6e0b8c01-5b11-4ceb-b40a-c1d8efa4a66a/1629980523/?edition_number=6&blockchain=bitmark,ipfs://QmZQSD91yVPYSPQefhrnFLZFRtdntERGgXaXfgAqioQnpQ?edition_number=6&blockchain=bitmark,1
previews/6bcc9b62-0ca3-4fdc-8232-0a3f2d4adf13/1620666173/?edition_number=2&blockchain=bitmark,ipfs://QmbTnbbntuoXF87t1FQw92PqBj7xfYY4hKALAV3YDwH1Ey?edition_number=2&blockchain=bitmark,1
previews/6bcc9b62-0ca3-4fdc-8232-0a3f2d4adf13/1620666173/?edition_number=57&blockchain=bitmark,ipfs://QmbTnbbntuoXF87t1FQw92PqBj7xfYY4hKALAV3YDwH1Ey?edition_number=57&blockchain=bitmark,1
previews/3a9f6d14-d53d-4d5c-b55a-f0e5793d5d0e/1620350770/?edition_number=142&blockchain=bitmark,ipfs://Qma6yMjwzXasZcvR6ojk5KbW2eG7dZV9LmsJ3bMEnNJiqt?edition_number=142&blockchain=bitmark,1
previews/7764ae91-0392-48fb-b68c-796d701bed08/1620416013/?edition_number=109&blockchain=bitmark,ipfs://QmZEJd4b4bFmDDvGaKma1hHXPkkRe2V8wYFYab7Tmw4Lpr?edition_number=109&blockchain=bitmark,1
previews/2a57c29f-fa5b-440d-8dee-2d58cdb9238c/1620669376/?edition_number=80&blockchain=bitmark,ipfs://QmNZPZifuVpanuoy6WS1nyumb5agihkkdnLZtFhaUmwwFK?edition_number=80&blockchain=bitmark,1
previews/25a0daeb-ec6d-4bfd-8a24-11c44beb5629/1634763514/?edition_number=72&blockchain=bitmark,ipfs://QmbcmMmfVjg2vC35zQM2ktBQqbEk9kqsXzpdKviQ9uesKz?edition_number=72&blockchain=bitmark,1
previews/faa504eb-868c-4134-a7b2-eef051b9abbc/1620642833/?edition_number=124&blockchain=bitmark,ipfs://QmP3apeo3Krrw3aEobPpffs3p5haR7ZnEvcePfSDfcpBS8?edition_number=124&blockchain=bitmark,1
previews/f503f9fe-276c-4519-92b7-8a2239cfa489/1638359231/?edition_number=32&blockchain=bitmark,ipfs://QmcY75WevXSAKBDENuiHv5ZVm9TjGzy1Nya31bTet99aQK?edition_number=32&blockchain=bitmark,1
previews/d7f80e10-a227-4272-bd58-2da08703d460/1632732499/?edition_number=35&blockchain=bitmark,ipfs://QmPuryaXop8PJj8fEriFsyywg1ngKhuesu2e4wgRRoMcjq?edition_number=35&blockchain=bitmark,1
previews/51a53d4e-c60f-4582-8edc-c9998ed40a24/1629968561/?edition_number=14&blockchain=bitmark,ipfs://QmS4SmjsYC6tTnt4X3WMBQ1ggsnFFutgctXSgMyamRnrPX?edition_number=14&blockchain=bitmark,1
previews/47db4cae-c786-4bb3-8735-e932ab81ed7f/1630258818/?edition_number=18&blockchain=bitmark,ipfs://QmdoAemWU9Gh6JzWxvJNFb8bkhkZ43LfrweX39BNusu6nE?edition_number=18&blockchain=bitmark,1
previews/f2db8c40-a2fb-4a93-be03-75ce3b3133f3/1630436182/?edition_number=59&blockchain=bitmark,ipfs://QmWBrUtQ8ujbYciEhKwgaaSAzv82aGVtQdq1nmNRXWKFQd?edition_number=59&blockchain=bitmark,1
previews/6bcc9b62-0ca3-4fdc-8232-0a3f2d4adf13/1620666173/?edition_number=195&blockchain=bitmark,ipfs://QmbTnbbntuoXF87t1FQw92PqBj7xfYY4hKALAV3YDwH1Ey?edition_number=195&blockchain=bitmark,1
previews/03c9301f-e338-4419-8830-3e790fdc936b/1634763480/?edition_number=7&blockchain=bitmark,ipfs://QmXiF2u7YpPnekZirDYJFywxQ4nUru8bfnMhijrFV4X6Tq?edition_number=7&blockchain=bitmark,1
previews/25a0daeb-ec6d-4bfd-8a24-11c44beb5629/1634763514/?edition_number=62&blockchain=bitmark,ipfs://QmbcmMmfVjg2vC35zQM2ktBQqbEk9kqsXzpdKviQ9uesKz?edition_number=62&blockchain=bitmark,1
previews/faa504eb-868c-4134-a7b2-eef051b9abbc/1620642833/?edition_number=177&blockchain=bitmark,ipfs://QmP3apeo3Krrw3aEobPpffs3p5haR7ZnEvcePfSDfcpBS8?edition_number=177&blockchain=bitmark,1
previews/669bc223-2deb-48f3-b5ba-e44d086bee6c/1725624238/index.html,ipfs://QmTjtAFXf2ztXfkDKg5UCQVULVdvnVS21wxSdi2ZaNuNPm,1
previews/2d1f1330-d66a-4e9e-afd6-c17e5e55f2c4/1627893099/?edition_number=51&blockchain=bitmark,ipfs://QmRkSgNjaMqSzJgkxHrrYcPVX4Ko2DhLTUecjfYQjufPT7?edition_number=51&blockchain=bitmark,1
previews/3a9f6d14-d53d-4d5c-b55a-f0e5793d5d0e/1620350770/?edition_number=173&blockchain=bitmark,ipfs://Qma6yMjwzXasZcvR6ojk5KbW2eG7dZV9LmsJ3bMEnNJiqt?edition_number=173&blockchain=bitmark,1
previews/7764ae91-0392-48fb-b68c-796d701bed08/1620416013/?edition_number=167&blockchain=bitmark,ipfs://QmZEJd4b4bFmDDvGaKma1hHXPkkRe2V8wYFYab7Tmw4Lpr?edition_number=167&blockchain=bitmark,1
previews/3620d7ce-0677-4c59-be8e-0638632dc43b/1631214470/?edition_number=28&blockchain=bitmark,ipfs://QmSVuBzn8R12RWrvkR7bLExx4CED6W4BZ1Kg7sVZZvT7BR?edition_number=28&blockchain=bitmark,1
previews/93544620-dff8-4ae5-8194-3f527e8cc91e/1634763453/?edition_number=43&blockchain=bitmark,ipfs://QmNnXVL5JXjMrFp3AnaYUcdiexeXzvSJ8UNRLFi9gSAwam?edition_number=43&blockchain=bitmark,1
previews/7764ae91-0392-48fb-b68c-796d701bed08/1620416013/?edition_number=180&blockchain=bitmark,ipfs://QmZEJd4b4bFmDDvGaKma1hHXPkkRe2V8wYFYab7Tmw4Lpr?edition_number=180&blockchain=bitmark,1
previews/ff673a40-0bfb-4ac9-b6a3-2d9cc8385463/1725623849/index.html,ipfs://QmVZdzre1YEmrEyzS9GaCrc2yRs5QxQkno6fFqJsc7JH94,1
previews/102f320e-2315-49a5-b0d9-bb96da1bf820/1725624195/index.html,ipfs://QmT6fa9vVjwkfd5ncCaNq29ona4TTwPprcNvxeEvo4fp7R,1
previews/f503f9fe-276c-4519-92b7-8a2239cfa489/1638359231/?edition_number=36&blockchain=bitmark,ipfs://QmcY75WevXSAKBDENuiHv5ZVm9TjGzy1Nya31bTet99aQK?edition_number=36&blockchain=bitmark,1
previews/2d1f1330-d66a-4e9e-afd6-c17e5e55f2c4/1627893099/?edition_number=40&blockchain=bitmark,ipfs://QmRkSgNjaMqSzJgkxHrrYcPVX4Ko2DhLTUecjfYQjufPT7?edition_number=40&blockchain=bitmark,1
previews/a566dd50-6194-4e88-8aec-59cebbc1ed55/1639419587/?edition_number=53&blockchain=bitmark,ipfs://QmUYrfKmCUmmYtkeAwhbai2WAGNSnhijo5KFXqYNJqFsbb?edition_number=53&blockchain=bitmark,1
previews/25a0daeb-ec6d-4bfd-8a24-11c44beb5629/1634763514/?edition_number=74&blockchain=bitmark,ipfs://QmbcmMmfVjg2vC35zQM2ktBQqbEk9kqsXzpdKviQ9uesKz?edition_number=74&blockchain=bitmark,1
previews/2a57c29f-fa5b-440d-8dee-2d58cdb9238c/1620669376/?edition_number=108&blockchain=bitmark,ipfs://QmNZPZifuVpanuoy6WS1nyumb5agihkkdnLZtFhaUmwwFK?edition_number=108&blockchain=bitmark,1
previews/faa504eb-868c-4134-a7b2-eef051b9abbc/1620642833/?edition_number=68&blockchain=bitmark,ipfs://QmP3apeo3Krrw3aEobPpffs3p5haR7ZnEvcePfSDfcpBS8?edition_number=68&blockchain=bitmark,1
previews/7764ae91-0392-48fb-b68c-796d701bed08/1620416013/?edition_number=81&blockchain=bitmark,ipfs://QmZEJd4b4bFmDDvGaKma1hHXPkkRe2V8wYFYab7Tmw4Lpr?edition_number=81&blockchain=bitmark,1
previews/ebe3df0f-f765-410e-b2fa-edd39dcf5369/1631817212/?edition_number=17&blockchain=bitmark,ipfs://QmfZwky2RWHH8qss3Q8oYpbvHB48qz4ZAsD55KXJY6MGpj?edition_number=17&blockchain=bitmark,1
previews/43c29566-9fad-42ce-aab9-1c4947164d94/1615728457/?edition_number=23&blockchain=bitmark,ipfs://QmXGTYqi6SLV2wA1Wf1gpo5yMRbwKKqdo9XvxsdPYjnbPx?edition_number=23&blockchain=bitmark,1
previews/6bcc9b62-0ca3-4fdc-8232-0a3f2d4adf13/1620666173/?edition_number=176&blockchain=bitmark,ipfs://QmbTnbbntuoXF87t1FQw92PqBj7xfYY4hKALAV3YDwH1Ey?edition_number=176&blockchain=bitmark,1
previews/3a9f6d14-d53d-4d5c-b55a-f0e5793d5d0e/1620350770/?edition_number=54&blockchain=bitmark,ipfs://Qma6yMjwzXasZcvR6ojk5KbW2eG7dZV9LmsJ3bMEnNJiqt?edition_number=54&blockchain=bitmark,1
previews/7764ae91-0392-48fb-b68c-796d701bed08/1620416013/?edition_number=102&blockchain=bitmark,ipfs://QmZEJd4b4bFmDDvGaKma1hHXPkkRe2V8wYFYab7Tmw4Lpr?edition_number=102&blockchain=bitmark,1
previews/03c9301f-e338-4419-8830-3e790fdc936b/1634763480/?edition_number=62&blockchain=bitmark,ipfs://QmXiF2u7YpPnekZirDYJFywxQ4nUru8bfnMhijrFV4X6Tq?edition_number=62&blockchain=bitmark,1
previews/522055e6-e5d8-41b5-8cad-9823c9666e2a/1654421582/?edition_number=24&blockchain=bitmark,ipfs://QmSc65zdutiNEooeriju5z267FuX21Fqw5f1sNt2eaQbMG?edition_number=24&blockchain=bitmark,1
previews/adc4221c-4f00-4193-ac82-c4d9b1a0b681/1620671843/?edition_number=104&blockchain=bitmark,ipfs://QmNPgas4vq9gkcQr6YFJ6dK3C2yhR8gwGJW7Hi9BUBJCwU?edition_number=104&blockchain=bitmark,1
previews/47db4cae-c786-4bb3-8735-e932ab81ed7f/1630258818/?edition_number=60&blockchain=bitmark,ipfs://QmdoAemWU9Gh6JzWxvJNFb8bkhkZ43LfrweX39BNusu6nE?edition_number=60&blockchain=bitmark,1
previews/a566dd50-6194-4e88-8aec-59cebbc1ed55/1639419587/?edition_number=73&blockchain=bitmark,ipfs://QmUYrfKmCUmmYtkeAwhbai2WAGNSnhijo5KFXqYNJqFsbb?edition_number=73&blockchain=bitmark,1
previews/faa504eb-868c-4134-a7b2-eef051b9abbc/1620642833/?edition_number=98&blockchain=bitmark,ipfs://QmP3apeo3Krrw3aEobPpffs3p5haR7ZnEvcePfSDfcpBS8?edition_number=98&blockchain=bitmark,1
previews/31a680b4-c00a-4eac-8729-cba633c91c54/1638740490/?edition_number=45&blockchain=bitmark,ipfs://QmY3LP9vyD9xTupVYExXDYUg3xkpGBKHDj9r7S3aNYtJsm?edition_number=45&blockchain=bitmark,1
previews/faa504eb-868c-4134-a7b2-eef051b9abbc/1620642833/?edition_number=144&blockchain=bitmark,ipfs://QmP3apeo3Krrw3aEobPpffs3p5haR7ZnEvcePfSDfcpBS8?edition_number=144&blockchain=bitmark,1
previews/a566dd50-6194-4e88-8aec-59cebbc1ed55/1639419587/?edition_number=113&blockchain=bitmark,ipfs://QmUYrfKmCUmmYtkeAwhbai2WAGNSnhijo5KFXqYNJqFsbb?edition_number=113&blockchain=bitmark,1
previews/2fb649d0-3ed2-4539-8ea2-e073b85e9a21/1637626255/?edition_number=8&blockchain=bitmark,ipfs://QmRefkHhKnSznFVavUTSHFQtg2xZagfYRvAgGJTndPJ6v9?edition_number=8&blockchain=bitmark,1
previews/faa504eb-868c-4134-a7b2-eef051b9abbc/1620642833/?edition_number=127&blockchain=bitmark,ipfs://QmP3apeo3Krrw3aEobPpffs3p5haR7ZnEvcePfSDfcpBS8?edition_number=127&blockchain=bitmark,1
previews/398716ae-a05b-43bb-adb8-48e56114af6a/1634712504/?edition_number=54&blockchain=bitmark,ipfs://QmdD6DadG5GLqauBdhCwsbRRyxQA8zfUN8EMQwsnQdShRC?edition_number=54&blockchain=bitmark,1
previews/93544620-dff8-4ae5-8194-3f527e8cc91e/1634763453/?edition_number=52&blockchain=bitmark,ipfs://QmNnXVL5JXjMrFp3AnaYUcdiexeXzvSJ8UNRLFi9gSAwam?edition_number=52&blockchain=bitmark,1
previews/faa504eb-868c-4134-a7b2-eef051b9abbc/1620642833/?edition_number=45&blockchain=bitmark,ipfs://QmP3apeo3Krrw3aEobPpffs3p5haR7ZnEvcePfSDfcpBS8?edition_number=45&blockchain=bitmark,1
previews/d7f80e10-a227-4272-bd58-2da08703d460/1632732499/?edition_number=51&blockchain=bitmark,ipfs://QmPuryaXop8PJj8fEriFsyywg1ngKhuesu2e4wgRRoMcjq?edition_number=51&blockchain=bitmark,1
previews/31a680b4-c00a-4eac-8729-cba633c91c54/1638740490/?edition_number=63&blockchain=bitmark,ipfs://QmY3LP9vyD9xTupVYExXDYUg3xkpGBKHDj9r7S3aNYtJsm?edition_number=63&blockchain=bitmark,1
previews/89c348c1-6e78-4e00-ac3f-f58c9e732731/1624234006/?edition_number=55&blockchain=bitmark,ipfs://Qmbfjm1eX2eorWXuYZXU61qpdaSVXdpK2dmD8qHxq6vkcu?edition_number=55&blockchain=bitmark,1
previews/522055e6-e5d8-41b5-8cad-9823c9666e2a/1654421582/?edition_number=39&blockchain=bitmark,ipfs://QmSc65zdutiNEooeriju5z267FuX21Fqw5f1sNt2eaQbMG?edition_number=39&blockchain=bitmark,1
previews/7764ae91-0392-48fb-b68c-796d701bed08/1620416013/?edition_number=104&blockchain=bitmark,ipfs://QmZEJd4b4bFmDDvGaKma1hHXPkkRe2V8wYFYab7Tmw4Lpr?edition_number=104&blockchain=bitmark,1
previews/faa504eb-868c-4134-a7b2-eef051b9abbc/1620642833/?edition_number=172&blockchain=bitmark,ipfs://QmP3apeo3Krrw3aEobPpffs3p5haR7ZnEvcePfSDfcpBS8?edition_number=172&blockchain=bitmark,1
previews/d7f80e10-a227-4272-bd58-2da08703d460/1632732499/?edition_number=38&blockchain=bitmark,ipfs://QmPuryaXop8PJj8fEriFsyywg1ngKhuesu2e4wgRRoMcjq?edition_number=38&blockchain=bitmark,1
previews/e885a572-1acc-4b0c-9c63-c3f8e49bd302/1634763439/?edition_number=82&blockchain=bitmark,ipfs://QmccKUyRv4yvLedsf7JL4nho4X2oU3PUcn6SiXmJKDZDJ9?edition_number=82&blockchain=bitmark,1
previews/e885a572-1acc-4b0c-9c63-c3f8e49bd302/1634763439/?edition_number=30&blockchain=bitmark,ipfs://QmccKUyRv4yvLedsf7JL4nho4X2oU3PUcn6SiXmJKDZDJ9?edition_number=30&blockchain=bitmark,1
previews/47db4cae-c786-4bb3-8735-e932ab81ed7f/1630258818/?edition_number=33&blockchain=bitmark,ipfs://QmdoAemWU9Gh6JzWxvJNFb8bkhkZ43LfrweX39BNusu6nE?edition_number=33&blockchain=bitmark,1
previews/398716ae-a05b-43bb-adb8-48e56114af6a/1634712504/?edition_number=81&blockchain=bitmark,ipfs://QmdD6DadG5GLqauBdhCwsbRRyxQA8zfUN8EMQwsnQdShRC?edition_number=81&blockchain=bitmark,1
previews/3110459a-bcad-4dd9-a43d-a0f1eaddc0f8/1653025712/?edition_number=0&blockchain=bitmark,ipfs://QmfM6fvWUM62F1oDCmU2Z3ZXENeGwB27qYEhToNaZq8abu?edition_number=0&blockchain=bitmark,1
previews/f503f9fe-276c-4519-92b7-8a2239cfa489/1638359231/?edition_number=37&blockchain=bitmark,ipfs://QmcY75WevXSAKBDENuiHv5ZVm9TjGzy1Nya31bTet99aQK?edition_number=37&blockchain=bitmark,1
previews/adc4221c-4f00-4193-ac82-c4d9b1a0b681/1620671843/?edition_number=145&blockchain=bitmark,ipfs://QmNPgas4vq9gkcQr6YFJ6dK3C2yhR8gwGJW7Hi9BUBJCwU?edition_number=145&blockchain=bitmark,1
previews/31a680b4-c00a-4eac-8729-cba633c91c54/1638740490/?edition_number=53&blockchain=bitmark,ipfs://QmY3LP9vyD9xTupVYExXDYUg3xkpGBKHDj9r7S3aNYtJsm?edition_number=53&blockchain=bitmark,1
previews/93544620-dff8-4ae5-8194-3f527e8cc91e/1634763453/?edition_number=37&blockchain=bitmark,ipfs://QmNnXVL5JXjMrFp3AnaYUcdiexeXzvSJ8UNRLFi9gSAwam?edition_number=37&blockchain=bitmark,1
previews/f2db8c40-a2fb-4a93-be03-75ce3b3133f3/1630436182/?edition_number=6&blockchain=bitmark,ipfs://QmWBrUtQ8ujbYciEhKwgaaSAzv82aGVtQdq1nmNRXWKFQd?edition_number=6&blockchain=bitmark,1
previews/adc4221c-4f00-4193-ac82-c4d9b1a0b681/1620671843/?edition_number=65&blockchain=bitmark,ipfs://QmNPgas4vq9gkcQr6YFJ6dK3C2yhR8gwGJW7Hi9BUBJCwU?edition_number=65&blockchain=bitmark,1
previews/ec014e95-c9de-4d2e-b464-d95c3f7ae19c/1634763465/?edition_number=65&blockchain=bitmark,ipfs://QmSKF73LGPvLCYkhkp6z5rg1CmjpRjGeaKZ9k26XNqdR7C?edition_number=65&blockchain=bitmark,1
previews/522055e6-e5d8-41b5-8cad-9823c9666e2a/1654421582/?edition_number=29&blockchain=bitmark,ipfs://QmSc65zdutiNEooeriju5z267FuX21Fqw5f1sNt2eaQbMG?edition_number=29&blockchain=bitmark,1
previews/2d1f1330-d66a-4e9e-afd6-c17e5e55f2c4/1627893099/?edition_number=45&blockchain=bitmark,ipfs://QmRkSgNjaMqSzJgkxHrrYcPVX4Ko2DhLTUecjfYQjufPT7?edition_number=45&blockchain=bitmark,1
previews/51a53d4e-c60f-4582-8edc-c9998ed40a24/1629968561/?edition_number=31&blockchain=bitmark,ipfs://QmS4SmjsYC6tTnt4X3WMBQ1ggsnFFutgctXSgMyamRnrPX?edition_number=31&blockchain=bitmark,1
previews/398716ae-a05b-43bb-adb8-48e56114af6a/1634712504/?edition_number=65&blockchain=bitmark,ipfs://QmdD6DadG5GLqauBdhCwsbRRyxQA8zfUN8EMQwsnQdShRC?edition_number=65&blockchain=bitmark,1
previews/faa504eb-868c-4134-a7b2-eef051b9abbc/1620642833/?edition_number=195&blockchain=bitmark,ipfs://QmP3apeo3Krrw3aEobPpffs3p5haR7ZnEvcePfSDfcpBS8?edition_number=195&blockchain=bitmark,1
previews/7764ae91-0392-48fb-b68c-796d701bed08/1620416013/?edition_number=151&blockchain=bitmark,ipfs://QmZEJd4b4bFmDDvGaKma1hHXPkkRe2V8wYFYab7Tmw4Lpr?edition_number=151&blockchain=bitmark,1
previews/7764ae91-0392-48fb-b68c-796d701bed08/1620416013/?edition_number=159&blockchain=bitmark,ipfs://QmZEJd4b4bFmDDvGaKma1hHXPkkRe2V8wYFYab7Tmw4Lpr?edition_number=159&blockchain=bitmark,1
previews/faa504eb-868c-4134-a7b2-eef051b9abbc/1620642833/?edition_number=87&blockchain=bitmark,ipfs://QmP3apeo3Krrw3aEobPpffs3p5haR7ZnEvcePfSDfcpBS8?edition_number=87&blockchain=bitmark,1
previews/2a727b17-7890-4464-913d-3fe5ad2af4ae/1615474528/?edition_number=4&blockchain=bitmark,ipfs://QmQUH4XtLsZzpQ2VUJ1hhRQaRKVN8acJpmY7W6RitceThE?edition_number=4&blockchain=bitmark,1
previews/f503f9fe-276c-4519-92b7-8a2239cfa489/1638359231/?edition_number=98&blockchain=bitmark,ipfs://QmcY75WevXSAKBDENuiHv5ZVm9TjGzy1Nya31bTet99aQK?edition_number=98&blockchain=bitmark,1
previews/1b1ffd48-5fc2-4d19-a563-364e00ddfb01/1637597750/?edition_number=27&blockchain=bitmark,ipfs://QmQimfP7NkNheaA7knMCqKU4QCM5gnycLqGzCcE4AtwpYr?edition_number=27&blockchain=bitmark,1
previews/7764ae91-0392-48fb-b68c-796d701bed08/1620416013/?edition_number=174&blockchain=bitmark,ipfs://QmZEJd4b4bFmDDvGaKma1hHXPkkRe2V8wYFYab7Tmw4Lpr?edition_number=174&blockchain=bitmark,1
previews/9ce5936e-a888-4302-a998-146823306098/1653025678/?edition_number=0&blockchain=bitmark,ipfs://Qmdt5NDQkkbex1bMPUidxksBv3NrGLMyJHAgNv19F5Yvzg?edition_number=0&blockchain=bitmark,1
previews/51a53d4e-c60f-4582-8edc-c9998ed40a24/1629968561/?edition_number=73&blockchain=bitmark,ipfs://QmS4SmjsYC6tTnt4X3WMBQ1ggsnFFutgctXSgMyamRnrPX?edition_number=73&blockchain=bitmark,1
previews/6bcc9b62-0ca3-4fdc-8232-0a3f2d4adf13/1620666173/?edition_number=170&blockchain=bitmark,ipfs://QmbTnbbntuoXF87t1FQw92PqBj7xfYY4hKALAV3YDwH1Ey?edition_number=170&blockchain=bitmark,1
previews/03c9301f-e338-4419-8830-3e790fdc936b/1634763480/?edition_number=55&blockchain=bitmark,ipfs://QmXiF2u7YpPnekZirDYJFywxQ4nUru8bfnMhijrFV4X6Tq?edition_number=55&blockchain=bitmark,1
previews/adc4221c-4f00-4193-ac82-c4d9b1a0b681/1620671843/?edition_number=156&blockchain=bitmark,ipfs://QmNPgas4vq9gkcQr6YFJ6dK3C2yhR8gwGJW7Hi9BUBJCwU?edition_number=156&blockchain=bitmark,1
previews/7764ae91-0392-48fb-b68c-796d701bed08/1620416013/?edition_number=134&blockchain=bitmark,ipfs://QmZEJd4b4bFmDDvGaKma1hHXPkkRe2V8wYFYab7Tmw4Lpr?edition_number=134&blockchain=bitmark,1
previews/adc4221c-4f00-4193-ac82-c4d9b1a0b681/1620671843/?edition_number=167&blockchain=bitmark,ipfs://QmNPgas4vq9gkcQr6YFJ6dK3C2yhR8gwGJW7Hi9BUBJCwU?edition_number=167&blockchain=bitmark,1
previews/1b205395-6654-4174-b170-45c82866270b/1624043512/?edition_number=72&blockchain=bitmark,ipfs://QmV1vFUSGxd2ACfeyRR8CjBCxeFVH5JcfX9sAnfEpxadRu?edition_number=72&blockchain=bitmark,1
previews/5af4af6f-1e6b-4e45-95db-7b4de60fe0ca/1615757683/?edition_number=66&blockchain=bitmark,ipfs://QmXNTPUHPTyvoodpRj93wRr1okzJEqzjQuK1yyKpqubMZY?edition_number=66&blockchain=bitmark,1
previews/99d373e5-cc9d-45e8-8aa5-1ed47e481791/1637491523/?edition_number=26&blockchain=bitmark,ipfs://QmToXp7VsiZGT7ZrVbbAncG4TfJPyusG3GWJE4raeg5ih6?edition_number=26&blockchain=bitmark,1
previews/96f1663b-5216-4758-aa7f-3a70e6d9d45b/1637052748/preview.mp4,ipfs://QmR3fKdc8Wbdj6pwtm64YVw6U4VLBQ2eqi4fw6e9T8YpHw,1
previews/faa504eb-868c-4134-a7b2-eef051b9abbc/1620642833/?edition_number=43&blockchain=bitmark,ipfs://QmP3apeo3Krrw3aEobPpffs3p5haR7ZnEvcePfSDfcpBS8?edition_number=43&blockchain=bitmark,1
previews/dc8dddb8-7b4e-4d60-80da-071b92444514/1634763492/?edition_number=42&blockchain=bitmark,ipfs://QmXu8fj8fkUCLWL2L5kWu2Mg2oYFzNGZHJttZt2B2kndeg?edition_number=42&blockchain=bitmark,1
previews/25a0daeb-ec6d-4bfd-8a24-11c44beb5629/1634763514/?edition_number=79&blockchain=bitmark,ipfs://QmbcmMmfVjg2vC35zQM2ktBQqbEk9kqsXzpdKviQ9uesKz?edition_number=79&blockchain=bitmark,1
previews/522055e6-e5d8-41b5-8cad-9823c9666e2a/1654421582/?edition_number=35&blockchain=bitmark,ipfs://QmSc65zdutiNEooeriju5z267FuX21Fqw5f1sNt2eaQbMG?edition_number=35&blockchain=bitmark,1
previews/a1b6689f-5236-471a-97a6-70ea0879dd42/1630583755/?edition_number=5&blockchain=bitmark,ipfs://QmQW2wFuM8VAeYZ1vbnHKfPq893MmKgcGmZKbuPjQhMnnh?edition_number=5&blockchain=bitmark,1
previews/6bcc9b62-0ca3-4fdc-8232-0a3f2d4adf13/1620666173/?edition_number=100&blockchain=bitmark,ipfs://QmbTnbbntuoXF87t1FQw92PqBj7xfYY4hKALAV3YDwH1Ey?edition_number=100&blockchain=bitmark,1
previews/adc4221c-4f00-4193-ac82-c4d9b1a0b681/1620671843/?edition_number=197&blockchain=bitmark,ipfs://QmNPgas4vq9gkcQr6YFJ6dK3C2yhR8gwGJW7Hi9BUBJCwU?edition_number=197&blockchain=bitmark,1
previews/dc8dddb8-7b4e-4d60-80da-071b92444514/1634763492/?edition_number=45&blockchain=bitmark,ipfs://QmXu8fj8fkUCLWL2L5kWu2Mg2oYFzNGZHJttZt2B2kndeg?edition_number=45&blockchain=bitmark,1
previews/a566dd50-6194-4e88-8aec-59cebbc1ed55/1639419587/?edition_number=56&blockchain=bitmark,ipfs://QmUYrfKmCUmmYtkeAwhbai2WAGNSnhijo5KFXqYNJqFsbb?edition_number=56&blockchain=bitmark,1
previews/f2db8c40-a2fb-4a93-be03-75ce3b3133f3/1630436182/?edition_number=30&blockchain=bitmark,ipfs://QmWBrUtQ8ujbYciEhKwgaaSAzv82aGVtQdq1nmNRXWKFQd?edition_number=30&blockchain=bitmark,1
previews/21a5bd39-64d0-490b-b578-6c6ecd317b7a/1634757768/?edition_number=25&blockchain=bitmark,ipfs://Qmc5b84zNCKGhwJ1GbBNujue4xNm1Wjc4NywXCHjkALJPe?edition_number=25&blockchain=bitmark,1
previews/faa504eb-868c-4134-a7b2-eef051b9abbc/1620642833/?edition_number=121&blockchain=bitmark,ipfs://QmP3apeo3Krrw3aEobPpffs3p5haR7ZnEvcePfSDfcpBS8?edition_number=121&blockchain=bitmark,1
previews/2a57c29f-fa5b-440d-8dee-2d58cdb9238c/1620669376/?edition_number=182&blockchain=bitmark,ipfs://QmNZPZifuVpanuoy6WS1nyumb5agihkkdnLZtFhaUmwwFK?edition_number=182&blockchain=bitmark,1
previews/398716ae-a05b-43bb-adb8-48e56114af6a/1634712504/?edition_number=5&blockchain=bitmark,ipfs://QmdD6DadG5GLqauBdhCwsbRRyxQA8zfUN8EMQwsnQdShRC?edition_number=5&blockchain=bitmark,1
previews/07c766f0-edc4-45fd-be50-83f89228b08c/1615370392/?edition_number=3&blockchain=bitmark,ipfs://QmSCPSiToTUWq2K7JsupsyPVPskSDTPfVAsMUVJcHhqgKh?edition_number=3&blockchain=bitmark,1
previews/89c348c1-6e78-4e00-ac3f-f58c9e732731/1624234006/?edition_number=0&blockchain=bitmark,ipfs://Qmbfjm1eX2eorWXuYZXU61qpdaSVXdpK2dmD8qHxq6vkcu?edition_number=0&blockchain=bitmark,1
previews/a566dd50-6194-4e88-8aec-59cebbc1ed55/1639419587/?edition_number=100&blockchain=bitmark,ipfs://QmUYrfKmCUmmYtkeAwhbai2WAGNSnhijo5KFXqYNJqFsbb?edition_number=100&blockchain=bitmark,1
previews/93544620-dff8-4ae5-8194-3f527e8cc91e/1634763453/?edition_number=25&blockchain=bitmark,ipfs://QmNnXVL5JXjMrFp3AnaYUcdiexeXzvSJ8UNRLFi9gSAwam?edition_number=25&blockchain=bitmark,1
previews/e885a572-1acc-4b0c-9c63-c3f8e49bd302/1634763439/?edition_number=25&blockchain=bitmark,ipfs://QmccKUyRv4yvLedsf7JL4nho4X2oU3PUcn6SiXmJKDZDJ9?edition_number=25&blockchain=bitmark,1
previews/faa504eb-868c-4134-a7b2-eef051b9abbc/1620642833/?edition_number=104&blockchain=bitmark,ipfs://QmP3apeo3Krrw3aEobPpffs3p5haR7ZnEvcePfSDfcpBS8?edition_number=104&blockchain=bitmark,1
previews/f2db8c40-a2fb-4a93-be03-75ce3b3133f3/1630436182/?edition_number=7&blockchain=bitmark,ipfs://QmWBrUtQ8ujbYciEhKwgaaSAzv82aGVtQdq1nmNRXWKFQd?edition_number=7&blockchain=bitmark,1
previews/dc8dddb8-7b4e-4d60-80da-071b92444514/1634763492/?edition_number=49&blockchain=bitmark,ipfs://QmXu8fj8fkUCLWL2L5kWu2Mg2oYFzNGZHJttZt2B2kndeg?edition_number=49&blockchain=bitmark,1
previews/3e8f638a-c7e2-403a-98d8-c185411825bd/1634763505/?edition_number=46&blockchain=bitmark,ipfs://QmS5n4zNripBYwpoakvMmEN56mpf2iA4onXK7e7Ct8hBRo?edition_number=46&blockchain=bitmark,1
previews/adc4221c-4f00-4193-ac82-c4d9b1a0b681/1620671843/?edition_number=37&blockchain=bitmark,ipfs://QmNPgas4vq9gkcQr6YFJ6dK3C2yhR8gwGJW7Hi9BUBJCwU?edition_number=37&blockchain=bitmark,1
previews/f2db8c40-a2fb-4a93-be03-75ce3b3133f3/1630436182/?edition_number=63&blockchain=bitmark,ipfs://QmWBrUtQ8ujbYciEhKwgaaSAzv82aGVtQdq1nmNRXWKFQd?edition_number=63&blockchain=bitmark,1
previews/adc4221c-4f00-4193-ac82-c4d9b1a0b681/1620671843/?edition_number=76&blockchain=bitmark,ipfs://QmNPgas4vq9gkcQr6YFJ6dK3C2yhR8gwGJW7Hi9BUBJCwU?edition_number=76&blockchain=bitmark,1
previews/f503f9fe-276c-4519-92b7-8a2239cfa489/1638359231/?edition_number=46&blockchain=bitmark,ipfs://QmcY75WevXSAKBDENuiHv5ZVm9TjGzy1Nya31bTet99aQK?edition_number=46&blockchain=bitmark,1
previews/2a57c29f-fa5b-440d-8dee-2d58cdb9238c/1620669376/?edition_number=94&blockchain=bitmark,ipfs://QmNZPZifuVpanuoy6WS1nyumb5agihkkdnLZtFhaUmwwFK?edition_number=94&blockchain=bitmark,1
previews/2a57c29f-fa5b-440d-8dee-2d58cdb9238c/1620669376/?edition_number=186&blockchain=bitmark,ipfs://QmNZPZifuVpanuoy6WS1nyumb5agihkkdnLZtFhaUmwwFK?edition_number=186&blockchain=bitmark,1
previews/2a57c29f-fa5b-440d-8dee-2d58cdb9238c/1620669376/?edition_number=13&blockchain=bitmark,ipfs://QmNZPZifuVpanuoy6WS1nyumb5agihkkdnLZtFhaUmwwFK?edition_number=13&blockchain=bitmark,1
previews/6862d0b4-252f-469d-8327-c0d79f8b4a67/1631208788/?edition_number=23&blockchain=bitmark,ipfs://Qma6LppLyqvZs8FRchAfWwfzSVk9ZtMFJJm7JUkQGk5ydB?edition_number=23&blockchain=bitmark,1
previews/3a9f6d14-d53d-4d5c-b55a-f0e5793d5d0e/1620350770/?edition_number=92&blockchain=bitmark,ipfs://Qma6yMjwzXasZcvR6ojk5KbW2eG7dZV9LmsJ3bMEnNJiqt?edition_number=92&blockchain=bitmark,1
previews/3a9f6d14-d53d-4d5c-b55a-f0e5793d5d0e/1620350770/?edition_number=193&blockchain=bitmark,ipfs://Qma6yMjwzXasZcvR6ojk5KbW2eG7dZV9LmsJ3bMEnNJiqt?edition_number=193&blockchain=bitmark,1
previews/6e0b8c01-5b11-4ceb-b40a-c1d8efa4a66a/1629980523/?edition_number=31&blockchain=bitmark,ipfs://QmZQSD91yVPYSPQefhrnFLZFRtdntERGgXaXfgAqioQnpQ?edition_number=31&blockchain=bitmark,1
previews/e885a572-1acc-4b0c-9c63-c3f8e49bd302/1634763439/?edition_number=67&blockchain=bitmark,ipfs://QmccKUyRv4yvLedsf7JL4nho4X2oU3PUcn6SiXmJKDZDJ9?edition_number=67&blockchain=bitmark,1
previews/a566dd50-6194-4e88-8aec-59cebbc1ed55/1639419587/?edition_number=36&blockchain=bitmark,ipfs://QmUYrfKmCUmmYtkeAwhbai2WAGNSnhijo5KFXqYNJqFsbb?edition_number=36&blockchain=bitmark,1
previews/7764ae91-0392-48fb-b68c-796d701bed08/1620416013/?edition_number=78&blockchain=bitmark,ipfs://QmZEJd4b4bFmDDvGaKma1hHXPkkRe2V8wYFYab7Tmw4Lpr?edition_number=78&blockchain=bitmark,1
previews/ec014e95-c9de-4d2e-b464-d95c3f7ae19c/1634763465/?edition_number=72&blockchain=bitmark,ipfs://QmSKF73LGPvLCYkhkp6z5rg1CmjpRjGeaKZ9k26XNqdR7C?edition_number=72&blockchain=bitmark,1
previews/03c9301f-e338-4419-8830-3e790fdc936b/1634763480/?edition_number=19&blockchain=bitmark,ipfs://QmXiF2u7YpPnekZirDYJFywxQ4nUru8bfnMhijrFV4X6Tq?edition_number=19&blockchain=bitmark,1
previews/3a9f6d14-d53d-4d5c-b55a-f0e5793d5d0e/1620350770/?edition_number=67&blockchain=bitmark,ipfs://Qma6yMjwzXasZcvR6ojk5KbW2eG7dZV9LmsJ3bMEnNJiqt?edition_number=67&blockchain=bitmark,1
previews/25a0daeb-ec6d-4bfd-8a24-11c44beb5629/1634763514/?edition_number=7&blockchain=bitmark,ipfs://QmbcmMmfVjg2vC35zQM2ktBQqbEk9kqsXzpdKviQ9uesKz?edition_number=7&blockchain=bitmark,1
previews/e885a572-1acc-4b0c-9c63-c3f8e49bd302/1634763439/?edition_number=87&blockchain=bitmark,ipfs://QmccKUyRv4yvLedsf7JL4nho4X2oU3PUcn6SiXmJKDZDJ9?edition_number=87&blockchain=bitmark,1
previews/522055e6-e5d8-41b5-8cad-9823c9666e2a/1654421582/?edition_number=68&blockchain=bitmark,ipfs://QmSc65zdutiNEooeriju5z267FuX21Fqw5f1sNt2eaQbMG?edition_number=68&blockchain=bitmark,1
previews/dc8dddb8-7b4e-4d60-80da-071b92444514/1634763492/?edition_number=66&blockchain=bitmark,ipfs://QmXu8fj8fkUCLWL2L5kWu2Mg2oYFzNGZHJttZt2B2kndeg?edition_number=66&blockchain=bitmark,1
previews/3a9f6d14-d53d-4d5c-b55a-f0e5793d5d0e/1620350770/?edition_number=190&blockchain=bitmark,ipfs://Qma6yMjwzXasZcvR6ojk5KbW2eG7dZV9LmsJ3bMEnNJiqt?edition_number=190&blockchain=bitmark,1
previews/4f6816b5-3d84-4715-b025-c8a837030b49/1631260821/?edition_number=21&blockchain=bitmark,ipfs://QmbboyD1nB3yJB28r5WB8MzX12d3L5jkVv7BiP2SkpHQ3b?edition_number=21&blockchain=bitmark,1
previews/2a57c29f-fa5b-440d-8dee-2d58cdb9238c/1620669376/?edition_number=87&blockchain=bitmark,ipfs://QmNZPZifuVpanuoy6WS1nyumb5agihkkdnLZtFhaUmwwFK?edition_number=87&blockchain=bitmark,1
previews/ec014e95-c9de-4d2e-b464-d95c3f7ae19c/1634763465/?edition_number=29&blockchain=bitmark,ipfs://QmSKF73LGPvLCYkhkp6z5rg1CmjpRjGeaKZ9k26XNqdR7C?edition_number=29&blockchain=bitmark,1
previews/6bcc9b62-0ca3-4fdc-8232-0a3f2d4adf13/1620666173/?edition_number=147&blockchain=bitmark,ipfs://QmbTnbbntuoXF87t1FQw92PqBj7xfYY4hKALAV3YDwH1Ey?edition_number=147&blockchain=bitmark,1
previews/31a680b4-c00a-4eac-8729-cba633c91c54/1638740490/?edition_number=37&blockchain=bitmark,ipfs://QmY3LP9vyD9xTupVYExXDYUg3xkpGBKHDj9r7S3aNYtJsm?edition_number=37&blockchain=bitmark,1
previews/7764ae91-0392-48fb-b68c-796d701bed08/1620416013/?edition_number=82&blockchain=bitmark,ipfs://QmZEJd4b4bFmDDvGaKma1hHXPkkRe2V8wYFYab7Tmw4Lpr?edition_number=82&blockchain=bitmark,1
previews/6862d0b4-252f-469d-8327-c0d79f8b4a67/1631208788/?edition_number=7&blockchain=bitmark,ipfs://Qma6LppLyqvZs8FRchAfWwfzSVk9ZtMFJJm7JUkQGk5ydB?edition_number=7&blockchain=bitmark,1
previews/398716ae-a05b-43bb-adb8-48e56114af6a/1634712504/?edition_number=19&blockchain=bitmark,ipfs://QmdD6DadG5GLqauBdhCwsbRRyxQA8zfUN8EMQwsnQdShRC?edition_number=19&blockchain=bitmark,1
previews/3a9f6d14-d53d-4d5c-b55a-f0e5793d5d0e/1620350770/?edition_number=139&blockchain=bitmark,ipfs://Qma6yMjwzXasZcvR6ojk5KbW2eG7dZV9LmsJ3bMEnNJiqt?edition_number=139&blockchain=bitmark,1
previews/adc4221c-4f00-4193-ac82-c4d9b1a0b681/1620671843/?edition_number=41&blockchain=bitmark,ipfs://QmNPgas4vq9gkcQr6YFJ6dK3C2yhR8gwGJW7Hi9BUBJCwU?edition_number=41&blockchain=bitmark,1
previews/522055e6-e5d8-41b5-8cad-9823c9666e2a/1654421582/?edition_number=6&blockchain=bitmark,ipfs://QmSc65zdutiNEooeriju5z267FuX21Fqw5f1sNt2eaQbMG?edition_number=6&blockchain=bitmark,1
previews/dc8dddb8-7b4e-4d60-80da-071b92444514/1634763492/?edition_number=55&blockchain=bitmark,ipfs://QmXu8fj8fkUCLWL2L5kWu2Mg2oYFzNGZHJttZt2B2kndeg?edition_number=55&blockchain=bitmark,1
previews/faa504eb-868c-4134-a7b2-eef051b9abbc/1620642833/?edition_number=23&blockchain=bitmark,ipfs://QmP3apeo3Krrw3aEobPpffs3p5haR7ZnEvcePfSDfcpBS8?edition_number=23&blockchain=bitmark,1
previews/2a57c29f-fa5b-440d-8dee-2d58cdb9238c/1620669376/?edition_number=89&blockchain=bitmark,ipfs://QmNZPZifuVpanuoy6WS1nyumb5agihkkdnLZtFhaUmwwFK?edition_number=89&blockchain=bitmark,1
previews/ec014e95-c9de-4d2e-b464-d95c3f7ae19c/1634763465/?edition_number=17&blockchain=bitmark,ipfs://QmSKF73LGPvLCYkhkp6z5rg1CmjpRjGeaKZ9k26XNqdR7C?edition_number=17&blockchain=bitmark,1
previews/7764ae91-0392-48fb-b68c-796d701bed08/1620416013/?edition_number=149&blockchain=bitmark,ipfs://QmZEJd4b4bFmDDvGaKma1hHXPkkRe2V8wYFYab7Tmw4Lpr?edition_number=149&blockchain=bitmark,1
previews/adc4221c-4f00-4193-ac82-c4d9b1a0b681/1620671843/?edition_number=183&blockchain=bitmark,ipfs://QmNPgas4vq9gkcQr6YFJ6dK3C2yhR8gwGJW7Hi9BUBJCwU?edition_number=183&blockchain=bitmark,1
previews/3a9f6d14-d53d-4d5c-b55a-f0e5793d5d0e/1620350770/?edition_number=182&blockchain=bitmark,ipfs://Qma6yMjwzXasZcvR6ojk5KbW2eG7dZV9LmsJ3bMEnNJiqt?edition_number=182&blockchain=bitmark,1
previews/25a0daeb-ec6d-4bfd-8a24-11c44beb5629/1634763514/?edition_number=19&blockchain=bitmark,ipfs://QmbcmMmfVjg2vC35zQM2ktBQqbEk9kqsXzpdKviQ9uesKz?edition_number=19&blockchain=bitmark,1
previews/faa504eb-868c-4134-a7b2-eef051b9abbc/1620642833/?edition_number=58&blockchain=bitmark,ipfs://QmP3apeo3Krrw3aEobPpffs3p5haR7ZnEvcePfSDfcpBS8?edition_number=58&blockchain=bitmark,1
previews/faa504eb-868c-4134-a7b2-eef051b9abbc/1620642833/?edition_number=57&blockchain=bitmark,ipfs://QmP3apeo3Krrw3aEobPpffs3p5haR7ZnEvcePfSDfcpBS8?edition_number=57&blockchain=bitmark,1
previews/31a680b4-c00a-4eac-8729-cba633c91c54/1638740490/?edition_number=16&blockchain=bitmark,ipfs://QmY3LP9vyD9xTupVYExXDYUg3xkpGBKHDj9r7S3aNYtJsm?edition_number=16&blockchain=bitmark,1
previews/4f6816b5-3d84-4715-b025-c8a837030b49/1631260821/?edition_number=16&blockchain=bitmark,ipfs://QmbboyD1nB3yJB28r5WB8MzX12d3L5jkVv7BiP2SkpHQ3b?edition_number=16&blockchain=bitmark,1
previews/ec014e95-c9de-4d2e-b464-d95c3f7ae19c/1634763465/?edition_number=46&blockchain=bitmark,ipfs://QmSKF73LGPvLCYkhkp6z5rg1CmjpRjGeaKZ9k26XNqdR7C?edition_number=46&blockchain=bitmark,1
previews/e885a572-1acc-4b0c-9c63-c3f8e49bd302/1634763439/?edition_number=16&blockchain=bitmark,ipfs://QmccKUyRv4yvLedsf7JL4nho4X2oU3PUcn6SiXmJKDZDJ9?edition_number=16&blockchain=bitmark,1
previews/faa504eb-868c-4134-a7b2-eef051b9abbc/1620642833/?edition_number=147&blockchain=bitmark,ipfs://QmP3apeo3Krrw3aEobPpffs3p5haR7ZnEvcePfSDfcpBS8?edition_number=147&blockchain=bitmark,1
previews/dc8dddb8-7b4e-4d60-80da-071b92444514/1634763492/?edition_number=34&blockchain=bitmark,ipfs://QmXu8fj8fkUCLWL2L5kWu2Mg2oYFzNGZHJttZt2B2kndeg?edition_number=34&blockchain=bitmark,1
previews/9983bf66-380e-4af3-bee9-237c492f18a0/1615757415/?edition_number=72&blockchain=bitmark,ipfs://QmWVJ8KpYhHrHRBXwL7oyBDW2BAn2AiEykhnx21Yb1Gpwv?edition_number=72&blockchain=bitmark,1
previews/252527ee-2232-45e0-9ead-27379ff26219/1627998769/?edition_number=21&blockchain=bitmark,ipfs://QmSJwtChNJ1nzgaQ4JVLka9impCPMPEEmvDvAE4uHgpBih?edition_number=21&blockchain=bitmark,1
previews/adc4221c-4f00-4193-ac82-c4d9b1a0b681/1620671843/?edition_number=198&blockchain=bitmark,ipfs://QmNPgas4vq9gkcQr6YFJ6dK3C2yhR8gwGJW7Hi9BUBJCwU?edition_number=198&blockchain=bitmark,1
previews/c32b4f0b-d3dc-43b8-bce2-011b82e57c97/1725623799/index.html,ipfs://QmWFTJUsZo2MJQkowiciTM2h3WRxeCD9b7dzrd1CAW9eEC,1
previews/51a53d4e-c60f-4582-8edc-c9998ed40a24/1629968561/?edition_number=46&blockchain=bitmark,ipfs://QmS4SmjsYC6tTnt4X3WMBQ1ggsnFFutgctXSgMyamRnrPX?edition_number=46&blockchain=bitmark,1
previews/6e0b8c01-5b11-4ceb-b40a-c1d8efa4a66a/1629980523/?edition_number=38&blockchain=bitmark,ipfs://QmZQSD91yVPYSPQefhrnFLZFRtdntERGgXaXfgAqioQnpQ?edition_number=38&blockchain=bitmark,1
previews/2a57c29f-fa5b-440d-8dee-2d58cdb9238c/1620669376/?edition_number=73&blockchain=bitmark,ipfs://QmNZPZifuVpanuoy6WS1nyumb5agihkkdnLZtFhaUmwwFK?edition_number=73&blockchain=bitmark,1
previews/398716ae-a05b-43bb-adb8-48e56114af6a/1634712504/?edition_number=61&blockchain=bitmark,ipfs://QmdD6DadG5GLqauBdhCwsbRRyxQA8zfUN8EMQwsnQdShRC?edition_number=61&blockchain=bitmark,1
previews/f421b0af-2ebc-4fa3-a9c1-de2ae7662c3e/1725624504/index.html,ipfs://QmTqmZEootSLYeWWc9TsCYHeiQJzhSfHjP83EqnX7g4TFC,1
previews/6e0b8c01-5b11-4ceb-b40a-c1d8efa4a66a/1629980523/?edition_number=33&blockchain=bitmark,ipfs://QmZQSD91yVPYSPQefhrnFLZFRtdntERGgXaXfgAqioQnpQ?edition_number=33&blockchain=bitmark,1
previews/f503f9fe-276c-4519-92b7-8a2239cfa489/1638359231/?edition_number=3&blockchain=bitmark,ipfs://QmcY75WevXSAKBDENuiHv5ZVm9TjGzy1Nya31bTet99aQK?edition_number=3&blockchain=bitmark,1
previews/7764ae91-0392-48fb-b68c-796d701bed08/1620416013/?edition_number=60&blockchain=bitmark,ipfs://QmZEJd4b4bFmDDvGaKma1hHXPkkRe2V8wYFYab7Tmw4Lpr?edition_number=60&blockchain=bitmark,1
previews/2d1f1330-d66a-4e9e-afd6-c17e5e55f2c4/1627893099/?edition_number=55&blockchain=bitmark,ipfs://QmRkSgNjaMqSzJgkxHrrYcPVX4Ko2DhLTUecjfYQjufPT7?edition_number=55&blockchain=bitmark,1
previews/51a53d4e-c60f-4582-8edc-c9998ed40a24/1629968561/?edition_number=53&blockchain=bitmark,ipfs://QmS4SmjsYC6tTnt4X3WMBQ1ggsnFFutgctXSgMyamRnrPX?edition_number=53&blockchain=bitmark,1
previews/398716ae-a05b-43bb-adb8-48e56114af6a/1634712504/?edition_number=37&blockchain=bitmark,ipfs://QmdD6DadG5GLqauBdhCwsbRRyxQA8zfUN8EMQwsnQdShRC?edition_number=37&blockchain=bitmark,1
previews/29b720ff-fcbf-4467-a53d-e79a90ad0d60/1637059159/preview.mp4,ipfs://QmTBqTgE3YPPzf5eLafvEcZzxknqo9HR3evmVALaVQNABZ,1
previews/a566dd50-6194-4e88-8aec-59cebbc1ed55/1639419587/?edition_number=76&blockchain=bitmark,ipfs://QmUYrfKmCUmmYtkeAwhbai2WAGNSnhijo5KFXqYNJqFsbb?edition_number=76&blockchain=bitmark,1
previews/21a5bd39-64d0-490b-b578-6c6ecd317b7a/1634757768/?edition_number=55&blockchain=bitmark,ipfs://Qmc5b84zNCKGhwJ1GbBNujue4xNm1Wjc4NywXCHjkALJPe?edition_number=55&blockchain=bitmark,1
previews/e885a572-1acc-4b0c-9c63-c3f8e49bd302/1634763439/?edition_number=34&blockchain=bitmark,ipfs://QmccKUyRv4yvLedsf7JL4nho4X2oU3PUcn6SiXmJKDZDJ9?edition_number=34&blockchain=bitmark,1
previews/51a53d4e-c60f-4582-8edc-c9998ed40a24/1629968561/?edition_number=45&blockchain=bitmark,ipfs://QmS4SmjsYC6tTnt4X3WMBQ1ggsnFFutgctXSgMyamRnrPX?edition_number=45&blockchain=bitmark,1
previews/6862d0b4-252f-469d-8327-c0d79f8b4a67/1631208788/?edition_number=18&blockchain=bitmark,ipfs://Qma6LppLyqvZs8FRchAfWwfzSVk9ZtMFJJm7JUkQGk5ydB?edition_number=18&blockchain=bitmark,1
previews/2d1f1330-d66a-4e9e-afd6-c17e5e55f2c4/1627893099/?edition_number=1&blockchain=bitmark,ipfs://QmRkSgNjaMqSzJgkxHrrYcPVX4Ko2DhLTUecjfYQjufPT7?edition_number=1&blockchain=bitmark,1
previews/3e8f638a-c7e2-403a-98d8-c185411825bd/1634763505/?edition_number=66&blockchain=bitmark,ipfs://QmS5n4zNripBYwpoakvMmEN56mpf2iA4onXK7e7Ct8hBRo?edition_number=66&blockchain=bitmark,1
previews/1b6bd73c-b612-4c24-a837-e5afe08616f7/1646913315/?edition_number=0&blockchain=bitmark,ipfs://QmQAjsz7q3TDBodp6hQkM84UaqwM82L9yodw5csxEWXzNV?edition_number=0&blockchain=bitmark,1
previews/07c766f0-edc4-45fd-be50-83f89228b08c/1615370392/?edition_number=39&blockchain=bitmark,ipfs://QmSCPSiToTUWq2K7JsupsyPVPskSDTPfVAsMUVJcHhqgKh?edition_number=39&blockchain=bitmark,1
previews/03c9301f-e338-4419-8830-3e790fdc936b/1634763480/?edition_number=52&blockchain=bitmark,ipfs://QmXiF2u7YpPnekZirDYJFywxQ4nUru8bfnMhijrFV4X6Tq?edition_number=52&blockchain=bitmark,1
previews/47db4cae-c786-4bb3-8735-e932ab81ed7f/1630258818/?edition_number=27&blockchain=bitmark,ipfs://QmdoAemWU9Gh6JzWxvJNFb8bkhkZ43LfrweX39BNusu6nE?edition_number=27&blockchain=bitmark,1
previews/6bcc9b62-0ca3-4fdc-8232-0a3f2d4adf13/1620666173/?edition_number=177&blockchain=bitmark,ipfs://QmbTnbbntuoXF87t1FQw92PqBj7xfYY4hKALAV3YDwH1Ey?edition_number=177&blockchain=bitmark,1
previews/3e8f638a-c7e2-403a-98d8-c185411825bd/1634763505/?edition_number=47&blockchain=bitmark,ipfs://QmS5n4zNripBYwpoakvMmEN56mpf2iA4onXK7e7Ct8hBRo?edition_number=47&blockchain=bitmark,1
previews/faa504eb-868c-4134-a7b2-eef051b9abbc/1620642833/?edition_number=100&blockchain=bitmark,ipfs://QmP3apeo3Krrw3aEobPpffs3p5haR7ZnEvcePfSDfcpBS8?edition_number=100&blockchain=bitmark,1
previews/7764ae91-0392-48fb-b68c-796d701bed08/1620416013/?edition_number=156&blockchain=bitmark,ipfs://QmZEJd4b4bFmDDvGaKma1hHXPkkRe2V8wYFYab7Tmw4Lpr?edition_number=156&blockchain=bitmark,1
previews/89c348c1-6e78-4e00-ac3f-f58c9e732731/1624234006/?edition_number=58&blockchain=bitmark,ipfs://Qmbfjm1eX2eorWXuYZXU61qpdaSVXdpK2dmD8qHxq6vkcu?edition_number=58&blockchain=bitmark,1
previews/31a680b4-c00a-4eac-8729-cba633c91c54/1638740490/?edition_number=69&blockchain=bitmark,ipfs://QmY3LP9vyD9xTupVYExXDYUg3xkpGBKHDj9r7S3aNYtJsm?edition_number=69&blockchain=bitmark,1
previews/2d1f1330-d66a-4e9e-afd6-c17e5e55f2c4/1627893099/?edition_number=7&blockchain=bitmark,ipfs://QmRkSgNjaMqSzJgkxHrrYcPVX4Ko2DhLTUecjfYQjufPT7?edition_number=7&blockchain=bitmark,1
previews/398716ae-a05b-43bb-adb8-48e56114af6a/1634712504/?edition_number=72&blockchain=bitmark,ipfs://QmdD6DadG5GLqauBdhCwsbRRyxQA8zfUN8EMQwsnQdShRC?edition_number=72&blockchain=bitmark,1
previews/2a57c29f-fa5b-440d-8dee-2d58cdb9238c/1620669376/?edition_number=7&blockchain=bitmark,ipfs://QmNZPZifuVpanuoy6WS1nyumb5agihkkdnLZtFhaUmwwFK?edition_number=7&blockchain=bitmark,1
previews/07c766f0-edc4-45fd-be50-83f89228b08c/1615370392/?edition_number=61&blockchain=bitmark,ipfs://QmSCPSiToTUWq2K7JsupsyPVPskSDTPfVAsMUVJcHhqgKh?edition_number=61&blockchain=bitmark,1
previews/43c29566-9fad-42ce-aab9-1c4947164d94/1615728457/?edition_number=61&blockchain=bitmark,ipfs://QmXGTYqi6SLV2wA1Wf1gpo5yMRbwKKqdo9XvxsdPYjnbPx?edition_number=61&blockchain=bitmark,1
previews/5e0a93aa-22d0-4305-8bdd-5806dab5503a/1637559288/?edition_number=8&blockchain=bitmark,ipfs://QmZgo9sAwpgAgTisCaV6cEfVWjA5ScFuLybYt6vWMa55CW?edition_number=8&blockchain=bitmark,1
previews/3a9f6d14-d53d-4d5c-b55a-f0e5793d5d0e/1620350770/?edition_number=194&blockchain=bitmark,ipfs://Qma6yMjwzXasZcvR6ojk5KbW2eG7dZV9LmsJ3bMEnNJiqt?edition_number=194&blockchain=bitmark,1
previews/faa504eb-868c-4134-a7b2-eef051b9abbc/1620642833/?edition_number=114&blockchain=bitmark,ipfs://QmP3apeo3Krrw3aEobPpffs3p5haR7ZnEvcePfSDfcpBS8?edition_number=114&blockchain=bitmark,1
previews/a566dd50-6194-4e88-8aec-59cebbc1ed55/1639419587/?edition_number=71&blockchain=bitmark,ipfs://QmUYrfKmCUmmYtkeAwhbai2WAGNSnhijo5KFXqYNJqFsbb?edition_number=71&blockchain=bitmark,1
previews/6bcc9b62-0ca3-4fdc-8232-0a3f2d4adf13/1620666173/?edition_number=0&blockchain=bitmark,ipfs://QmbTnbbntuoXF87t1FQw92PqBj7xfYY4hKALAV3YDwH1Ey?edition_number=0&blockchain=bitmark,1
previews/faa504eb-868c-4134-a7b2-eef051b9abbc/1620642833/?edition_number=116&blockchain=bitmark,ipfs://QmP3apeo3Krrw3aEobPpffs3p5haR7ZnEvcePfSDfcpBS8?edition_number=116&blockchain=bitmark,1
previews/dc8dddb8-7b4e-4d60-80da-071b92444514/1634763492/?edition_number=12&blockchain=bitmark,ipfs://QmXu8fj8fkUCLWL2L5kWu2Mg2oYFzNGZHJttZt2B2kndeg?edition_number=12&blockchain=bitmark,1
previews/d7f80e10-a227-4272-bd58-2da08703d460/1632732499/?edition_number=77&blockchain=bitmark,ipfs://QmPuryaXop8PJj8fEriFsyywg1ngKhuesu2e4wgRRoMcjq?edition_number=77&blockchain=bitmark,1
previews/33e55482-5dac-40b8-972e-750c374d69bb/1615652677/?edition_number=58&blockchain=bitmark,ipfs://QmXcWqxUjoJWwoSqo4iqF1spNHd9zMKneT41gCTAXCrEGi?edition_number=58&blockchain=bitmark,1
previews/3a9f6d14-d53d-4d5c-b55a-f0e5793d5d0e/1620350770/?edition_number=27&blockchain=bitmark,ipfs://Qma6yMjwzXasZcvR6ojk5KbW2eG7dZV9LmsJ3bMEnNJiqt?edition_number=27&blockchain=bitmark,1
previews/ec014e95-c9de-4d2e-b464-d95c3f7ae19c/1634763465/?edition_number=27&blockchain=bitmark,ipfs://QmSKF73LGPvLCYkhkp6z5rg1CmjpRjGeaKZ9k26XNqdR7C?edition_number=27&blockchain=bitmark,1
previews/522055e6-e5d8-41b5-8cad-9823c9666e2a/1654421582/?edition_number=56&blockchain=bitmark,ipfs://QmSc65zdutiNEooeriju5z267FuX21Fqw5f1sNt2eaQbMG?edition_number=56&blockchain=bitmark,1
previews/6bcc9b62-0ca3-4fdc-8232-0a3f2d4adf13/1620666173/?edition_number=155&blockchain=bitmark,ipfs://QmbTnbbntuoXF87t1FQw92PqBj7xfYY4hKALAV3YDwH1Ey?edition_number=155&blockchain=bitmark,1
previews/2a57c29f-fa5b-440d-8dee-2d58cdb9238c/1620669376/?edition_number=140&blockchain=bitmark,ipfs://QmNZPZifuVpanuoy6WS1nyumb5agihkkdnLZtFhaUmwwFK?edition_number=140&blockchain=bitmark,1
previews/3a9f6d14-d53d-4d5c-b55a-f0e5793d5d0e/1620350770/?edition_number=35&blockchain=bitmark,ipfs://Qma6yMjwzXasZcvR6ojk5KbW2eG7dZV9LmsJ3bMEnNJiqt?edition_number=35&blockchain=bitmark,1
previews/25a0daeb-ec6d-4bfd-8a24-11c44beb5629/1634763514/?edition_number=54&blockchain=bitmark,ipfs://QmbcmMmfVjg2vC35zQM2ktBQqbEk9kqsXzpdKviQ9uesKz?edition_number=54&blockchain=bitmark,1
previews/2a57c29f-fa5b-440d-8dee-2d58cdb9238c/1620669376/?edition_number=128&blockchain=bitmark,ipfs://QmNZPZifuVpanuoy6WS1nyumb5agihkkdnLZtFhaUmwwFK?edition_number=128&blockchain=bitmark,1
previews/a1b6689f-5236-471a-97a6-70ea0879dd42/1630583755/?edition_number=21&blockchain=bitmark,ipfs://QmQW2wFuM8VAeYZ1vbnHKfPq893MmKgcGmZKbuPjQhMnnh?edition_number=21&blockchain=bitmark,1
previews/7764ae91-0392-48fb-b68c-796d701bed08/1620416013/?edition_number=66&blockchain=bitmark,ipfs://QmZEJd4b4bFmDDvGaKma1hHXPkkRe2V8wYFYab7Tmw4Lpr?edition_number=66&blockchain=bitmark,1
previews/47db4cae-c786-4bb3-8735-e932ab81ed7f/1630258818/?edition_number=38&blockchain=bitmark,ipfs://QmdoAemWU9Gh6JzWxvJNFb8bkhkZ43LfrweX39BNusu6nE?edition_number=38&blockchain=bitmark,1
previews/e885a572-1acc-4b0c-9c63-c3f8e49bd302/1634763439/?edition_number=83&blockchain=bitmark,ipfs://QmccKUyRv4yvLedsf7JL4nho4X2oU3PUcn6SiXmJKDZDJ9?edition_number=83&blockchain=bitmark,1
previews/522055e6-e5d8-41b5-8cad-9823c9666e2a/1654421582/?edition_number=43&blockchain=bitmark,ipfs://QmSc65zdutiNEooeriju5z267FuX21Fqw5f1sNt2eaQbMG?edition_number=43&blockchain=bitmark,1
previews/71e492dd-e8e6-4b1e-8bf1-ee6d8708e04e/1653025825/?edition_number=2&blockchain=bitmark,ipfs://QmWFtHfUR4RGea6hbRF4jk19WQiZSZQsCtB1wdZBDG1avx?edition_number=2&blockchain=bitmark,1
previews/9ce5936e-a888-4302-a998-146823306098/1653025678/?edition_number=2&blockchain=bitmark,ipfs://Qmdt5NDQkkbex1bMPUidxksBv3NrGLMyJHAgNv19F5Yvzg?edition_number=2&blockchain=bitmark,1
previews/522055e6-e5d8-41b5-8cad-9823c9666e2a/1654421582/?edition_number=32&blockchain=bitmark,ipfs://QmSc65zdutiNEooeriju5z267FuX21Fqw5f1sNt2eaQbMG?edition_number=32&blockchain=bitmark,1
previews/89c348c1-6e78-4e00-ac3f-f58c9e732731/1624234006/?edition_number=23&blockchain=bitmark,ipfs://Qmbfjm1eX2eorWXuYZXU61qpdaSVXdpK2dmD8qHxq6vkcu?edition_number=23&blockchain=bitmark,1
previews/6bcc9b62-0ca3-4fdc-8232-0a3f2d4adf13/1620666173/?edition_number=112&blockchain=bitmark,ipfs://QmbTnbbntuoXF87t1FQw92PqBj7xfYY4hKALAV3YDwH1Ey?edition_number=112&blockchain=bitmark,1
previews/25a0daeb-ec6d-4bfd-8a24-11c44beb5629/1634763514/?edition_number=49&blockchain=bitmark,ipfs://QmbcmMmfVjg2vC35zQM2ktBQqbEk9kqsXzpdKviQ9uesKz?edition_number=49&blockchain=bitmark,1
previews/2a57c29f-fa5b-440d-8dee-2d58cdb9238c/1620669376/?edition_number=34&blockchain=bitmark,ipfs://QmNZPZifuVpanuoy6WS1nyumb5agihkkdnLZtFhaUmwwFK?edition_number=34&blockchain=bitmark,1
previews/a1b6689f-5236-471a-97a6-70ea0879dd42/1630583755/?edition_number=27&blockchain=bitmark,ipfs://QmQW2wFuM8VAeYZ1vbnHKfPq893MmKgcGmZKbuPjQhMnnh?edition_number=27&blockchain=bitmark,1
previews/f2db8c40-a2fb-4a93-be03-75ce3b3133f3/1630436182/?edition_number=38&blockchain=bitmark,ipfs://QmWBrUtQ8ujbYciEhKwgaaSAzv82aGVtQdq1nmNRXWKFQd?edition_number=38&blockchain=bitmark,1
previews/a566dd50-6194-4e88-8aec-59cebbc1ed55/1639419587/?edition_number=32&blockchain=bitmark,ipfs://QmUYrfKmCUmmYtkeAwhbai2WAGNSnhijo5KFXqYNJqFsbb?edition_number=32&blockchain=bitmark,1
previews/4f69d4eb-5f33-4d3b-a0ac-cc4189bf1f83/1646912972/?edition_number=1&blockchain=bitmark,ipfs://QmPUeT8rPUMPyn5xennwkNQAzoZTyaos833sDrfimCXBn8?edition_number=1&blockchain=bitmark,1
previews/a566dd50-6194-4e88-8aec-59cebbc1ed55/1639419587/?edition_number=91&blockchain=bitmark,ipfs://QmUYrfKmCUmmYtkeAwhbai2WAGNSnhijo5KFXqYNJqFsbb?edition_number=91&blockchain=bitmark,1
previews/93544620-dff8-4ae5-8194-3f527e8cc91e/1634763453/?edition_number=29&blockchain=bitmark,ipfs://QmNnXVL5JXjMrFp3AnaYUcdiexeXzvSJ8UNRLFi9gSAwam?edition_number=29&blockchain=bitmark,1
previews/93544620-dff8-4ae5-8194-3f527e8cc91e/1634763453/?edition_number=5&blockchain=bitmark,ipfs://QmNnXVL5JXjMrFp3AnaYUcdiexeXzvSJ8UNRLFi9gSAwam?edition_number=5&blockchain=bitmark,1
previews/6bcc9b62-0ca3-4fdc-8232-0a3f2d4adf13/1620666173/?edition_number=197&blockchain=bitmark,ipfs://QmbTnbbntuoXF87t1FQw92PqBj7xfYY4hKALAV3YDwH1Ey?edition_number=197&blockchain=bitmark,1
previews/6e0b8c01-5b11-4ceb-b40a-c1d8efa4a66a/1629980523/?edition_number=51&blockchain=bitmark,ipfs://QmZQSD91yVPYSPQefhrnFLZFRtdntERGgXaXfgAqioQnpQ?edition_number=51&blockchain=bitmark,1
previews/398716ae-a05b-43bb-adb8-48e56114af6a/1634712504/?edition_number=88&blockchain=bitmark,ipfs://QmdD6DadG5GLqauBdhCwsbRRyxQA8zfUN8EMQwsnQdShRC?edition_number=88&blockchain=bitmark,1
previews/398716ae-a05b-43bb-adb8-48e56114af6a/1634712504/?edition_number=42&blockchain=bitmark,ipfs://QmdD6DadG5GLqauBdhCwsbRRyxQA8zfUN8EMQwsnQdShRC?edition_number=42&blockchain=bitmark,1
previews/7764ae91-0392-48fb-b68c-796d701bed08/1620416013/?edition_number=170&blockchain=bitmark,ipfs://QmZEJd4b4bFmDDvGaKma1hHXPkkRe2V8wYFYab7Tmw4Lpr?edition_number=170&blockchain=bitmark,1
previews/faa504eb-868c-4134-a7b2-eef051b9abbc/1620642833/?edition_number=32&blockchain=bitmark,ipfs://QmP3apeo3Krrw3aEobPpffs3p5haR7ZnEvcePfSDfcpBS8?edition_number=32&blockchain=bitmark,1
previews/6bcc9b62-0ca3-4fdc-8232-0a3f2d4adf13/1620666173/?edition_number=52&blockchain=bitmark,ipfs://QmbTnbbntuoXF87t1FQw92PqBj7xfYY4hKALAV3YDwH1Ey?edition_number=52&blockchain=bitmark,1
previews/7764ae91-0392-48fb-b68c-796d701bed08/1620416013/?edition_number=86&blockchain=bitmark,ipfs://QmZEJd4b4bFmDDvGaKma1hHXPkkRe2V8wYFYab7Tmw4Lpr?edition_number=86&blockchain=bitmark,1
previews/2a57c29f-fa5b-440d-8dee-2d58cdb9238c/1620669376/?edition_number=130&blockchain=bitmark,ipfs://QmNZPZifuVpanuoy6WS1nyumb5agihkkdnLZtFhaUmwwFK?edition_number=130&blockchain=bitmark,1
previews/adc4221c-4f00-4193-ac82-c4d9b1a0b681/1620671843/?edition_number=174&blockchain=bitmark,ipfs://QmNPgas4vq9gkcQr6YFJ6dK3C2yhR8gwGJW7Hi9BUBJCwU?edition_number=174&blockchain=bitmark,1
previews/1f060e42-3437-444c-b823-a8b8532c449c/1615550075/?edition_number=70&blockchain=bitmark,ipfs://QmRpqNbJDvf6fDfum4xLQNFJVrgU38tMECkT8JjizcBKUt?edition_number=70&blockchain=bitmark,1
previews/a1b6689f-5236-471a-97a6-70ea0879dd42/1630583755/?edition_number=75&blockchain=bitmark,ipfs://QmQW2wFuM8VAeYZ1vbnHKfPq893MmKgcGmZKbuPjQhMnnh?edition_number=75&blockchain=bitmark,1
previews/faa504eb-868c-4134-a7b2-eef051b9abbc/1620642833/?edition_number=165&blockchain=bitmark,ipfs://QmP3apeo3Krrw3aEobPpffs3p5haR7ZnEvcePfSDfcpBS8?edition_number=165&blockchain=bitmark,1
previews/6bcc9b62-0ca3-4fdc-8232-0a3f2d4adf13/1620666173/?edition_number=182&blockchain=bitmark,ipfs://QmbTnbbntuoXF87t1FQw92PqBj7xfYY4hKALAV3YDwH1Ey?edition_number=182&blockchain=bitmark,1
previews/cee5b80c-af17-44d0-9a56-c17a68f92569/1637687720/?edition_number=8&blockchain=bitmark,ipfs://QmcaUPqTp2mpb6o5CSAsJa6Hm4Xj1poU1x2sUbtQ7GFK7u?edition_number=8&blockchain=bitmark,1
previews/a566dd50-6194-4e88-8aec-59cebbc1ed55/1639419587/?edition_number=16&blockchain=bitmark,ipfs://QmUYrfKmCUmmYtkeAwhbai2WAGNSnhijo5KFXqYNJqFsbb?edition_number=16&blockchain=bitmark,1
previews/522055e6-e5d8-41b5-8cad-9823c9666e2a/1654421582/?edition_number=42&blockchain=bitmark,ipfs://QmSc65zdutiNEooeriju5z267FuX21Fqw5f1sNt2eaQbMG?edition_number=42&blockchain=bitmark,1
previews/6bcc9b62-0ca3-4fdc-8232-0a3f2d4adf13/1620666173/?edition_number=121&blockchain=bitmark,ipfs://QmbTnbbntuoXF87t1FQw92PqBj7xfYY4hKALAV3YDwH1Ey?edition_number=121&blockchain=bitmark,1
previews/d7f80e10-a227-4272-bd58-2da08703d460/1632732499/?edition_number=10&blockchain=bitmark,ipfs://QmPuryaXop8PJj8fEriFsyywg1ngKhuesu2e4wgRRoMcjq?edition_number=10&blockchain=bitmark,1
previews/33e55482-5dac-40b8-972e-750c374d69bb/1615652677/?edition_number=39&blockchain=bitmark,ipfs://QmXcWqxUjoJWwoSqo4iqF1spNHd9zMKneT41gCTAXCrEGi?edition_number=39&blockchain=bitmark,1
previews/ebe3df0f-f765-410e-b2fa-edd39dcf5369/1631817212/?edition_number=8&blockchain=bitmark,ipfs://QmfZwky2RWHH8qss3Q8oYpbvHB48qz4ZAsD55KXJY6MGpj?edition_number=8&blockchain=bitmark,1
previews/7764ae91-0392-48fb-b68c-796d701bed08/1620416013/?edition_number=45&blockchain=bitmark,ipfs://QmZEJd4b4bFmDDvGaKma1hHXPkkRe2V8wYFYab7Tmw4Lpr?edition_number=45&blockchain=bitmark,1
previews/89c348c1-6e78-4e00-ac3f-f58c9e732731/1624234006/?edition_number=28&blockchain=bitmark,ipfs://Qmbfjm1eX2eorWXuYZXU61qpdaSVXdpK2dmD8qHxq6vkcu?edition_number=28&blockchain=bitmark,1
previews/7764ae91-0392-48fb-b68c-796d701bed08/1620416013/?edition_number=168&blockchain=bitmark,ipfs://QmZEJd4b4bFmDDvGaKma1hHXPkkRe2V8wYFYab7Tmw4Lpr?edition_number=168&blockchain=bitmark,1
previews/5af4af6f-1e6b-4e45-95db-7b4de60fe0ca/1615757683/?edition_number=6&blockchain=bitmark,ipfs://QmXNTPUHPTyvoodpRj93wRr1okzJEqzjQuK1yyKpqubMZY?edition_number=6&blockchain=bitmark,1
previews/6bcc9b62-0ca3-4fdc-8232-0a3f2d4adf13/1620666173/?edition_number=56&blockchain=bitmark,ipfs://QmbTnbbntuoXF87t1FQw92PqBj7xfYY4hKALAV3YDwH1Ey?edition_number=56&blockchain=bitmark,1
previews/2a57c29f-fa5b-440d-8dee-2d58cdb9238c/1620669376/?edition_number=47&blockchain=bitmark,ipfs://QmNZPZifuVpanuoy6WS1nyumb5agihkkdnLZtFhaUmwwFK?edition_number=47&blockchain=bitmark,1
previews/ec014e95-c9de-4d2e-b464-d95c3f7ae19c/1634763465/?edition_number=66&blockchain=bitmark,ipfs://QmSKF73LGPvLCYkhkp6z5rg1CmjpRjGeaKZ9k26XNqdR7C?edition_number=66&blockchain=bitmark,1
previews/7764ae91-0392-48fb-b68c-796d701bed08/1620416013/?edition_number=130&blockchain=bitmark,ipfs://QmZEJd4b4bFmDDvGaKma1hHXPkkRe2V8wYFYab7Tmw4Lpr?edition_number=130&blockchain=bitmark,1
previews/adc4221c-4f00-4193-ac82-c4d9b1a0b681/1620671843/?edition_number=199&blockchain=bitmark,ipfs://QmNPgas4vq9gkcQr6YFJ6dK3C2yhR8gwGJW7Hi9BUBJCwU?edition_number=199&blockchain=bitmark,1
previews/2a57c29f-fa5b-440d-8dee-2d58cdb9238c/1620669376/?edition_number=56&blockchain=bitmark,ipfs://QmNZPZifuVpanuoy6WS1nyumb5agihkkdnLZtFhaUmwwFK?edition_number=56&blockchain=bitmark,1
previews/43c29566-9fad-42ce-aab9-1c4947164d94/1615728457/?edition_number=66&blockchain=bitmark,ipfs://QmXGTYqi6SLV2wA1Wf1gpo5yMRbwKKqdo9XvxsdPYjnbPx?edition_number=66&blockchain=bitmark,1
previews/faa504eb-868c-4134-a7b2-eef051b9abbc/1620642833/?edition_number=95&blockchain=bitmark,ipfs://QmP3apeo3Krrw3aEobPpffs3p5haR7ZnEvcePfSDfcpBS8?edition_number=95&blockchain=bitmark,1
previews/6bcc9b62-0ca3-4fdc-8232-0a3f2d4adf13/1620666173/?edition_number=123&blockchain=bitmark,ipfs://QmbTnbbntuoXF87t1FQw92PqBj7xfYY4hKALAV3YDwH1Ey?edition_number=123&blockchain=bitmark,1
previews/51a53d4e-c60f-4582-8edc-c9998ed40a24/1629968561/?edition_number=47&blockchain=bitmark,ipfs://QmS4SmjsYC6tTnt4X3WMBQ1ggsnFFutgctXSgMyamRnrPX?edition_number=47&blockchain=bitmark,1
previews/2a727b17-7890-4464-913d-3fe5ad2af4ae/1615474528/?edition_number=6&blockchain=bitmark,ipfs://QmQUH4XtLsZzpQ2VUJ1hhRQaRKVN8acJpmY7W6RitceThE?edition_number=6&blockchain=bitmark,1
previews/51a53d4e-c60f-4582-8edc-c9998ed40a24/1629968561/?edition_number=62&blockchain=bitmark,ipfs://QmS4SmjsYC6tTnt4X3WMBQ1ggsnFFutgctXSgMyamRnrPX?edition_number=62&blockchain=bitmark,1
previews/cf44b110-3b40-471a-8415-c805c80baae9/1646913357/?edition_number=0&blockchain=bitmark,ipfs://QmR7abVzUwSN3gnzuStxdPRxpigHopAJ1wGGofF2r2mph9?edition_number=0&blockchain=bitmark,1
previews/3a9f6d14-d53d-4d5c-b55a-f0e5793d5d0e/1620350770/?edition_number=91&blockchain=bitmark,ipfs://Qma6yMjwzXasZcvR6ojk5KbW2eG7dZV9LmsJ3bMEnNJiqt?edition_number=91&blockchain=bitmark,1
previews/faa504eb-868c-4134-a7b2-eef051b9abbc/1620642833/?edition_number=132&blockchain=bitmark,ipfs://QmP3apeo3Krrw3aEobPpffs3p5haR7ZnEvcePfSDfcpBS8?edition_number=132&blockchain=bitmark,1
previews/6bcc9b62-0ca3-4fdc-8232-0a3f2d4adf13/1620666173/?edition_number=140&blockchain=bitmark,ipfs://QmbTnbbntuoXF87t1FQw92PqBj7xfYY4hKALAV3YDwH1Ey?edition_number=140&blockchain=bitmark,1
previews/3a9f6d14-d53d-4d5c-b55a-f0e5793d5d0e/1620350770/?edition_number=18&blockchain=bitmark,ipfs://Qma6yMjwzXasZcvR6ojk5KbW2eG7dZV9LmsJ3bMEnNJiqt?edition_number=18&blockchain=bitmark,1
previews/25a0daeb-ec6d-4bfd-8a24-11c44beb5629/1634763514/?edition_number=52&blockchain=bitmark,ipfs://QmbcmMmfVjg2vC35zQM2ktBQqbEk9kqsXzpdKviQ9uesKz?edition_number=52&blockchain=bitmark,1
previews/47db4cae-c786-4bb3-8735-e932ab81ed7f/1630258818/?edition_number=73&blockchain=bitmark,ipfs://QmdoAemWU9Gh6JzWxvJNFb8bkhkZ43LfrweX39BNusu6nE?edition_number=73&blockchain=bitmark,1
previews/dc8dddb8-7b4e-4d60-80da-071b92444514/1634763492/?edition_number=6&blockchain=bitmark,ipfs://QmXu8fj8fkUCLWL2L5kWu2Mg2oYFzNGZHJttZt2B2kndeg?edition_number=6&blockchain=bitmark,1
previews/e15a896b-84f6-442d-be9e-3faeb088bfb0/1725624214/index.html,ipfs://Qmeg64MmpGdNn1CEhcATuua49vKqtjcuTFMkyFZfvgz6cF,1
previews/31a680b4-c00a-4eac-8729-cba633c91c54/1638740490/?edition_number=70&blockchain=bitmark,ipfs://QmY3LP9vyD9xTupVYExXDYUg3xkpGBKHDj9r7S3aNYtJsm?edition_number=70&blockchain=bitmark,1
previews/51a53d4e-c60f-4582-8edc-c9998ed40a24/1629968561/?edition_number=18&blockchain=bitmark,ipfs://QmS4SmjsYC6tTnt4X3WMBQ1ggsnFFutgctXSgMyamRnrPX?edition_number=18&blockchain=bitmark,1
previews/31a680b4-c00a-4eac-8729-cba633c91c54/1638740490/?edition_number=86&blockchain=bitmark,ipfs://QmY3LP9vyD9xTupVYExXDYUg3xkpGBKHDj9r7S3aNYtJsm?edition_number=86&blockchain=bitmark,1
previews/28cad12d-50f2-4d82-a77d-1284cf934b8c/1615815656/?edition_number=54&blockchain=bitmark,ipfs://QmYia6LpBUpSkPioL5r14CqiFLZZJDf2MM9wo1es9Xn9k2?edition_number=54&blockchain=bitmark,1
previews/ec014e95-c9de-4d2e-b464-d95c3f7ae19c/1634763465/?edition_number=39&blockchain=bitmark,ipfs://QmSKF73LGPvLCYkhkp6z5rg1CmjpRjGeaKZ9k26XNqdR7C?edition_number=39&blockchain=bitmark,1
previews/faa504eb-868c-4134-a7b2-eef051b9abbc/1620642833/?edition_number=154&blockchain=bitmark,ipfs://QmP3apeo3Krrw3aEobPpffs3p5haR7ZnEvcePfSDfcpBS8?edition_number=154&blockchain=bitmark,1
previews/e496c840-27ce-4988-80a3-e99cd123d107/1725624091/index.html,ipfs://QmTAz2gwTQEBHuUDPwe5HSX25yQczSqcEQDL1nhf3AVimY,1
previews/00f8e853-e20e-49bb-9f2f-8190507b8066/1615449076/?edition_number=6&blockchain=bitmark,ipfs://QmcLtLzmEpbwgQDW2rVJ1d9hwjFs3vHLTR1v1WCCvknDNS?edition_number=6&blockchain=bitmark,1
previews/34f52c05-cde0-4dee-880b-df96eebf37be/1646914127/?edition_number=0&blockchain=bitmark,ipfs://QmcnW827n5nrtHtJkfqjCguayYZjmMCuW2DFNwHgYjUZcf?edition_number=0&blockchain=bitmark,1
previews/dc8dddb8-7b4e-4d60-80da-071b92444514/1634763492/?edition_number=84&blockchain=bitmark,ipfs://QmXu8fj8fkUCLWL2L5kWu2Mg2oYFzNGZHJttZt2B2kndeg?edition_number=84&blockchain=bitmark,1
previews/03c9301f-e338-4419-8830-3e790fdc936b/1634763480/?edition_number=81&blockchain=bitmark,ipfs://QmXiF2u7YpPnekZirDYJFywxQ4nUru8bfnMhijrFV4X6Tq?edition_number=81&blockchain=bitmark,1
previews/3a9f6d14-d53d-4d5c-b55a-f0e5793d5d0e/1620350770/?edition_number=115&blockchain=bitmark,ipfs://Qma6yMjwzXasZcvR6ojk5KbW2eG7dZV9LmsJ3bMEnNJiqt?edition_number=115&blockchain=bitmark,1
previews/252527ee-2232-45e0-9ead-27379ff26219/1627998769/?edition_number=65&blockchain=bitmark,ipfs://QmSJwtChNJ1nzgaQ4JVLka9impCPMPEEmvDvAE4uHgpBih?edition_number=65&blockchain=bitmark,1
previews/3a9f6d14-d53d-4d5c-b55a-f0e5793d5d0e/1620350770/?edition_number=150&blockchain=bitmark,ipfs://Qma6yMjwzXasZcvR6ojk5KbW2eG7dZV9LmsJ3bMEnNJiqt?edition_number=150&blockchain=bitmark,1
previews/93544620-dff8-4ae5-8194-3f527e8cc91e/1634763453/?edition_number=20&blockchain=bitmark,ipfs://QmNnXVL5JXjMrFp3AnaYUcdiexeXzvSJ8UNRLFi9gSAwam?edition_number=20&blockchain=bitmark,1
previews/faa504eb-868c-4134-a7b2-eef051b9abbc/1620642833/?edition_number=196&blockchain=bitmark,ipfs://QmP3apeo3Krrw3aEobPpffs3p5haR7ZnEvcePfSDfcpBS8?edition_number=196&blockchain=bitmark,1
previews/ec014e95-c9de-4d2e-b464-d95c3f7ae19c/1634763465/?edition_number=14&blockchain=bitmark,ipfs://QmSKF73LGPvLCYkhkp6z5rg1CmjpRjGeaKZ9k26XNqdR7C?edition_number=14&blockchain=bitmark,1
previews/7764ae91-0392-48fb-b68c-796d701bed08/1620416013/?edition_number=141&blockchain=bitmark,ipfs://QmZEJd4b4bFmDDvGaKma1hHXPkkRe2V8wYFYab7Tmw4Lpr?edition_number=141&blockchain=bitmark,1
previews/31a680b4-c00a-4eac-8729-cba633c91c54/1638740490/?edition_number=65&blockchain=bitmark,ipfs://QmY3LP9vyD9xTupVYExXDYUg3xkpGBKHDj9r7S3aNYtJsm?edition_number=65&blockchain=bitmark,1
previews/25a0daeb-ec6d-4bfd-8a24-11c44beb5629/1634763514/?edition_number=46&blockchain=bitmark,ipfs://QmbcmMmfVjg2vC35zQM2ktBQqbEk9kqsXzpdKviQ9uesKz?edition_number=46&blockchain=bitmark,1
previews/e885a572-1acc-4b0c-9c63-c3f8e49bd302/1634763439/?edition_number=85&blockchain=bitmark,ipfs://QmccKUyRv4yvLedsf7JL4nho4X2oU3PUcn6SiXmJKDZDJ9?edition_number=85&blockchain=bitmark,1
previews/03c9301f-e338-4419-8830-3e790fdc936b/1634763480/?edition_number=17&blockchain=bitmark,ipfs://QmXiF2u7YpPnekZirDYJFywxQ4nUru8bfnMhijrFV4X6Tq?edition_number=17&blockchain=bitmark,1
previews/a566dd50-6194-4e88-8aec-59cebbc1ed55/1639419587/?edition_number=37&blockchain=bitmark,ipfs://QmUYrfKmCUmmYtkeAwhbai2WAGNSnhijo5KFXqYNJqFsbb?edition_number=37&blockchain=bitmark,1
previews/252527ee-2232-45e0-9ead-27379ff26219/1627998769/?edition_number=73&blockchain=bitmark,ipfs://QmSJwtChNJ1nzgaQ4JVLka9impCPMPEEmvDvAE4uHgpBih?edition_number=73&blockchain=bitmark,1
previews/6bcc9b62-0ca3-4fdc-8232-0a3f2d4adf13/1620666173/?edition_number=20&blockchain=bitmark,ipfs://QmbTnbbntuoXF87t1FQw92PqBj7xfYY4hKALAV3YDwH1Ey?edition_number=20&blockchain=bitmark,1
previews/7764ae91-0392-48fb-b68c-796d701bed08/1620416013/?edition_number=30&blockchain=bitmark,ipfs://QmZEJd4b4bFmDDvGaKma1hHXPkkRe2V8wYFYab7Tmw4Lpr?edition_number=30&blockchain=bitmark,1
previews/21a5bd39-64d0-490b-b578-6c6ecd317b7a/1634757768/?edition_number=46&blockchain=bitmark,ipfs://Qmc5b84zNCKGhwJ1GbBNujue4xNm1Wjc4NywXCHjkALJPe?edition_number=46&blockchain=bitmark,1
previews/21a5bd39-64d0-490b-b578-6c6ecd317b7a/1634757768/?edition_number=71&blockchain=bitmark,ipfs://Qmc5b84zNCKGhwJ1GbBNujue4xNm1Wjc4NywXCHjkALJPe?edition_number=71&blockchain=bitmark,1
previews/6e0b8c01-5b11-4ceb-b40a-c1d8efa4a66a/1629980523/?edition_number=44&blockchain=bitmark,ipfs://QmZQSD91yVPYSPQefhrnFLZFRtdntERGgXaXfgAqioQnpQ?edition_number=44&blockchain=bitmark,1
previews/f4cf4ad5-b654-48d3-8ea0-85ec65eb17fa/1725623734/index.html,ipfs://QmemE8HcJdCGeuMENiT3qGRNJLSZ5neD4i9HVPoA4uChrw,1
previews/6bcc9b62-0ca3-4fdc-8232-0a3f2d4adf13/1620666173/?edition_number=77&blockchain=bitmark,ipfs://QmbTnbbntuoXF87t1FQw92PqBj7xfYY4hKALAV3YDwH1Ey?edition_number=77&blockchain=bitmark,1
previews/47ab1047-708d-4f36-b5de-68e5995e175f/1646913658/?edition_number=0&blockchain=bitmark,ipfs://QmXVWfoqSmkXpx2hmtL1DSAQQzPKNAiZ9fV6mFCXZrZULN?edition_number=0&blockchain=bitmark,1
previews/522055e6-e5d8-41b5-8cad-9823c9666e2a/1654421582/?edition_number=80&blockchain=bitmark,ipfs://QmSc65zdutiNEooeriju5z267FuX21Fqw5f1sNt2eaQbMG?edition_number=80&blockchain=bitmark,1
previews/adc4221c-4f00-4193-ac82-c4d9b1a0b681/1620671843/?edition_number=85&blockchain=bitmark,ipfs://QmNPgas4vq9gkcQr6YFJ6dK3C2yhR8gwGJW7Hi9BUBJCwU?edition_number=85&blockchain=bitmark,1
previews/ec014e95-c9de-4d2e-b464-d95c3f7ae19c/1634763465/?edition_number=25&blockchain=bitmark,ipfs://QmSKF73LGPvLCYkhkp6z5rg1CmjpRjGeaKZ9k26XNqdR7C?edition_number=25&blockchain=bitmark,1
previews/51a53d4e-c60f-4582-8edc-c9998ed40a24/1629968561/?edition_number=27&blockchain=bitmark,ipfs://QmS4SmjsYC6tTnt4X3WMBQ1ggsnFFutgctXSgMyamRnrPX?edition_number=27&blockchain=bitmark,1
previews/f503f9fe-276c-4519-92b7-8a2239cfa489/1638359231/?edition_number=84&blockchain=bitmark,ipfs://QmcY75WevXSAKBDENuiHv5ZVm9TjGzy1Nya31bTet99aQK?edition_number=84&blockchain=bitmark,1
previews/1b205395-6654-4174-b170-45c82866270b/1624043512/?edition_number=34&blockchain=bitmark,ipfs://QmV1vFUSGxd2ACfeyRR8CjBCxeFVH5JcfX9sAnfEpxadRu?edition_number=34&blockchain=bitmark,1
previews/adc4221c-4f00-4193-ac82-c4d9b1a0b681/1620671843/?edition_number=189&blockchain=bitmark,ipfs://QmNPgas4vq9gkcQr6YFJ6dK3C2yhR8gwGJW7Hi9BUBJCwU?edition_number=189&blockchain=bitmark,1
previews/0f7a9421-44df-4d9c-a0d0-f850e4fdd43f/1725624153/index.html,ipfs://QmTEpP7wTBANsYRgrzSeaA6Jqu6eDZxpF7Lh9QwzoUwfuy,1
previews/7764ae91-0392-48fb-b68c-796d701bed08/1620416013/?edition_number=185&blockchain=bitmark,ipfs://QmZEJd4b4bFmDDvGaKma1hHXPkkRe2V8wYFYab7Tmw4Lpr?edition_number=185&blockchain=bitmark,1
previews/21a5bd39-64d0-490b-b578-6c6ecd317b7a/1634757768/?edition_number=62&blockchain=bitmark,ipfs://Qmc5b84zNCKGhwJ1GbBNujue4xNm1Wjc4NywXCHjkALJPe?edition_number=62&blockchain=bitmark,1
previews/f503f9fe-276c-4519-92b7-8a2239cfa489/1638359231/?edition_number=66&blockchain=bitmark,ipfs://QmcY75WevXSAKBDENuiHv5ZVm9TjGzy1Nya31bTet99aQK?edition_number=66&blockchain=bitmark,1
previews/51a53d4e-c60f-4582-8edc-c9998ed40a24/1629968561/?edition_number=61&blockchain=bitmark,ipfs://QmS4SmjsYC6tTnt4X3WMBQ1ggsnFFutgctXSgMyamRnrPX?edition_number=61&blockchain=bitmark,1
previews/f503f9fe-276c-4519-92b7-8a2239cfa489/1638359231/?edition_number=87&blockchain=bitmark,ipfs://QmcY75WevXSAKBDENuiHv5ZVm9TjGzy1Nya31bTet99aQK?edition_number=87&blockchain=bitmark,1
previews/7764ae91-0392-48fb-b68c-796d701bed08/1620416013/?edition_number=147&blockchain=bitmark,ipfs://QmZEJd4b4bFmDDvGaKma1hHXPkkRe2V8wYFYab7Tmw4Lpr?edition_number=147&blockchain=bitmark,1
previews/2a57c29f-fa5b-440d-8dee-2d58cdb9238c/1620669376/?edition_number=170&blockchain=bitmark,ipfs://QmNZPZifuVpanuoy6WS1nyumb5agihkkdnLZtFhaUmwwFK?edition_number=170&blockchain=bitmark,1
previews/3a9f6d14-d53d-4d5c-b55a-f0e5793d5d0e/1620350770/?edition_number=72&blockchain=bitmark,ipfs://Qma6yMjwzXasZcvR6ojk5KbW2eG7dZV9LmsJ3bMEnNJiqt?edition_number=72&blockchain=bitmark,1
previews/43c29566-9fad-42ce-aab9-1c4947164d94/1615728457/?edition_number=39&blockchain=bitmark,ipfs://QmXGTYqi6SLV2wA1Wf1gpo5yMRbwKKqdo9XvxsdPYjnbPx?edition_number=39&blockchain=bitmark,1
previews/69518c54-2bc5-4b90-b606-675529c7593d/1615845070/?edition_number=16&blockchain=bitmark,ipfs://QmYfmpgxy67HgLNCPrLFo9jktEHsx9vfsJbjvSfZX4HMaR?edition_number=16&blockchain=bitmark,1
previews/adc4221c-4f00-4193-ac82-c4d9b1a0b681/1620671843/?edition_number=130&blockchain=bitmark,ipfs://QmNPgas4vq9gkcQr6YFJ6dK3C2yhR8gwGJW7Hi9BUBJCwU?edition_number=130&blockchain=bitmark,1
previews/f503f9fe-276c-4519-92b7-8a2239cfa489/1638359231/?edition_number=96&blockchain=bitmark,ipfs://QmcY75WevXSAKBDENuiHv5ZVm9TjGzy1Nya31bTet99aQK?edition_number=96&blockchain=bitmark,1
previews/4f6816b5-3d84-4715-b025-c8a837030b49/1631260821/?edition_number=19&blockchain=bitmark,ipfs://QmbboyD1nB3yJB28r5WB8MzX12d3L5jkVv7BiP2SkpHQ3b?edition_number=19&blockchain=bitmark,1
previews/25a0daeb-ec6d-4bfd-8a24-11c44beb5629/1634763514/?edition_number=90&blockchain=bitmark,ipfs://QmbcmMmfVjg2vC35zQM2ktBQqbEk9kqsXzpdKviQ9uesKz?edition_number=90&blockchain=bitmark,1
previews/25a0daeb-ec6d-4bfd-8a24-11c44beb5629/1634763514/?edition_number=68&blockchain=bitmark,ipfs://QmbcmMmfVjg2vC35zQM2ktBQqbEk9kqsXzpdKviQ9uesKz?edition_number=68&blockchain=bitmark,1
previews/252527ee-2232-45e0-9ead-27379ff26219/1627998769/?edition_number=47&blockchain=bitmark,ipfs://QmSJwtChNJ1nzgaQ4JVLka9impCPMPEEmvDvAE4uHgpBih?edition_number=47&blockchain=bitmark,1
previews/a566dd50-6194-4e88-8aec-59cebbc1ed55/1639419587/?edition_number=61&blockchain=bitmark,ipfs://QmUYrfKmCUmmYtkeAwhbai2WAGNSnhijo5KFXqYNJqFsbb?edition_number=61&blockchain=bitmark,1
previews/7764ae91-0392-48fb-b68c-796d701bed08/1620416013/?edition_number=103&blockchain=bitmark,ipfs://QmZEJd4b4bFmDDvGaKma1hHXPkkRe2V8wYFYab7Tmw4Lpr?edition_number=103&blockchain=bitmark,1
previews/3e8f638a-c7e2-403a-98d8-c185411825bd/1634763505/?edition_number=90&blockchain=bitmark,ipfs://QmS5n4zNripBYwpoakvMmEN56mpf2iA4onXK7e7Ct8hBRo?edition_number=90&blockchain=bitmark,1
previews/dc8dddb8-7b4e-4d60-80da-071b92444514/1634763492/?edition_number=3&blockchain=bitmark,ipfs://QmXu8fj8fkUCLWL2L5kWu2Mg2oYFzNGZHJttZt2B2kndeg?edition_number=3&blockchain=bitmark,1
previews/7764ae91-0392-48fb-b68c-796d701bed08/1620416013/?edition_number=142&blockchain=bitmark,ipfs://QmZEJd4b4bFmDDvGaKma1hHXPkkRe2V8wYFYab7Tmw4Lpr?edition_number=142&blockchain=bitmark,1
previews/adc4221c-4f00-4193-ac82-c4d9b1a0b681/1620671843/?edition_number=126&blockchain=bitmark,ipfs://QmNPgas4vq9gkcQr6YFJ6dK3C2yhR8gwGJW7Hi9BUBJCwU?edition_number=126&blockchain=bitmark,1
previews/3e8f638a-c7e2-403a-98d8-c185411825bd/1634763505/?edition_number=89&blockchain=bitmark,ipfs://QmS5n4zNripBYwpoakvMmEN56mpf2iA4onXK7e7Ct8hBRo?edition_number=89&blockchain=bitmark,1
previews/dc8dddb8-7b4e-4d60-80da-071b92444514/1634763492/?edition_number=77&blockchain=bitmark,ipfs://QmXu8fj8fkUCLWL2L5kWu2Mg2oYFzNGZHJttZt2B2kndeg?edition_number=77&blockchain=bitmark,1
previews/7764ae91-0392-48fb-b68c-796d701bed08/1620416013/?edition_number=126&blockchain=bitmark,ipfs://QmZEJd4b4bFmDDvGaKma1hHXPkkRe2V8wYFYab7Tmw4Lpr?edition_number=126&blockchain=bitmark,1
previews/33e55482-5dac-40b8-972e-750c374d69bb/1615652677/?edition_number=29&blockchain=bitmark,ipfs://QmXcWqxUjoJWwoSqo4iqF1spNHd9zMKneT41gCTAXCrEGi?edition_number=29&blockchain=bitmark,1
previews/4f6816b5-3d84-4715-b025-c8a837030b49/1631260821/?edition_number=26&blockchain=bitmark,ipfs://QmbboyD1nB3yJB28r5WB8MzX12d3L5jkVv7BiP2SkpHQ3b?edition_number=26&blockchain=bitmark,1
previews/25a0daeb-ec6d-4bfd-8a24-11c44beb5629/1634763514/?edition_number=25&blockchain=bitmark,ipfs://QmbcmMmfVjg2vC35zQM2ktBQqbEk9kqsXzpdKviQ9uesKz?edition_number=25&blockchain=bitmark,1
previews/25a0daeb-ec6d-4bfd-8a24-11c44beb5629/1634763514/?edition_number=45&blockchain=bitmark,ipfs://QmbcmMmfVjg2vC35zQM2ktBQqbEk9kqsXzpdKviQ9uesKz?edition_number=45&blockchain=bitmark,1
previews/7764ae91-0392-48fb-b68c-796d701bed08/1620416013/?edition_number=58&blockchain=bitmark,ipfs://QmZEJd4b4bFmDDvGaKma1hHXPkkRe2V8wYFYab7Tmw4Lpr?edition_number=58&blockchain=bitmark,1
previews/93544620-dff8-4ae5-8194-3f527e8cc91e/1634763453/?edition_number=7&blockchain=bitmark,ipfs://QmNnXVL5JXjMrFp3AnaYUcdiexeXzvSJ8UNRLFi9gSAwam?edition_number=7&blockchain=bitmark,1
previews/17b11372-d1b1-405a-8b54-13b3e1a0738e/1646914227/?edition_number=0&blockchain=bitmark,ipfs://QmXUdWRVnShSvAixXPE5c5Vf81FKGonMDGdBUv2Fvcs3sZ?edition_number=0&blockchain=bitmark,1
previews/6bcc9b62-0ca3-4fdc-8232-0a3f2d4adf13/1620666173/?edition_number=144&blockchain=bitmark,ipfs://QmbTnbbntuoXF87t1FQw92PqBj7xfYY4hKALAV3YDwH1Ey?edition_number=144&blockchain=bitmark,1
previews/21a5bd39-64d0-490b-b578-6c6ecd317b7a/1634757768/?edition_number=27&blockchain=bitmark,ipfs://Qmc5b84zNCKGhwJ1GbBNujue4xNm1Wjc4NywXCHjkALJPe?edition_number=27&blockchain=bitmark,1
previews/21a5bd39-64d0-490b-b578-6c6ecd317b7a/1634757768/?edition_number=85&blockchain=bitmark,ipfs://Qmc5b84zNCKGhwJ1GbBNujue4xNm1Wjc4NywXCHjkALJPe?edition_number=85&blockchain=bitmark,1
previews/adc4221c-4f00-4193-ac82-c4d9b1a0b681/1620671843/?edition_number=134&blockchain=bitmark,ipfs://QmNPgas4vq9gkcQr6YFJ6dK3C2yhR8gwGJW7Hi9BUBJCwU?edition_number=134&blockchain=bitmark,1
previews/6bcc9b62-0ca3-4fdc-8232-0a3f2d4adf13/1620666173/?edition_number=141&blockchain=bitmark,ipfs://QmbTnbbntuoXF87t1FQw92PqBj7xfYY4hKALAV3YDwH1Ey?edition_number=141&blockchain=bitmark,1
previews/3e8f638a-c7e2-403a-98d8-c185411825bd/1634763505/?edition_number=19&blockchain=bitmark,ipfs://QmS5n4zNripBYwpoakvMmEN56mpf2iA4onXK7e7Ct8hBRo?edition_number=19&blockchain=bitmark,1
previews/89c348c1-6e78-4e00-ac3f-f58c9e732731/1624234006/?edition_number=65&blockchain=bitmark,ipfs://Qmbfjm1eX2eorWXuYZXU61qpdaSVXdpK2dmD8qHxq6vkcu?edition_number=65&blockchain=bitmark,1
previews/3a9f6d14-d53d-4d5c-b55a-f0e5793d5d0e/1620350770/?edition_number=56&blockchain=bitmark,ipfs://Qma6yMjwzXasZcvR6ojk5KbW2eG7dZV9LmsJ3bMEnNJiqt?edition_number=56&blockchain=bitmark,1
previews/faa504eb-868c-4134-a7b2-eef051b9abbc/1620642833/?edition_number=140&blockchain=bitmark,ipfs://QmP3apeo3Krrw3aEobPpffs3p5haR7ZnEvcePfSDfcpBS8?edition_number=140&blockchain=bitmark,1
previews/f503f9fe-276c-4519-92b7-8a2239cfa489/1638359231/?edition_number=101&blockchain=bitmark,ipfs://QmcY75WevXSAKBDENuiHv5ZVm9TjGzy1Nya31bTet99aQK?edition_number=101&blockchain=bitmark,1
previews/ee826cf5-9273-4b58-850c-0615668d9e2d/1646914066/?edition_number=0&blockchain=bitmark,ipfs://QmYRBDfEDt7ENG3q584pagQnSV3A1S4yBxW9wxXZ6p3xiL?edition_number=0&blockchain=bitmark,1
previews/ec014e95-c9de-4d2e-b464-d95c3f7ae19c/1634763465/?edition_number=7&blockchain=bitmark,ipfs://QmSKF73LGPvLCYkhkp6z5rg1CmjpRjGeaKZ9k26XNqdR7C?edition_number=7&blockchain=bitmark,1
previews/6bcc9b62-0ca3-4fdc-8232-0a3f2d4adf13/1620666173/?edition_number=135&blockchain=bitmark,ipfs://QmbTnbbntuoXF87t1FQw92PqBj7xfYY4hKALAV3YDwH1Ey?edition_number=135&blockchain=bitmark,1
previews/03c9301f-e338-4419-8830-3e790fdc936b/1634763480/?edition_number=49&blockchain=bitmark,ipfs://QmXiF2u7YpPnekZirDYJFywxQ4nUru8bfnMhijrFV4X6Tq?edition_number=49&blockchain=bitmark,1
previews/a566dd50-6194-4e88-8aec-59cebbc1ed55/1639419587/?edition_number=46&blockchain=bitmark,ipfs://QmUYrfKmCUmmYtkeAwhbai2WAGNSnhijo5KFXqYNJqFsbb?edition_number=46&blockchain=bitmark,1
previews/a187efae-f936-4363-8f77-61b650548144/1653025606/?edition_number=2&blockchain=bitmark,ipfs://QmWkJwWwvJ88fqGtcPs6t7vCJSjn2nHMVBtKPzU7rF4ivS?edition_number=2&blockchain=bitmark,1
previews/faa504eb-868c-4134-a7b2-eef051b9abbc/1620642833/?edition_number=130&blockchain=bitmark,ipfs://QmP3apeo3Krrw3aEobPpffs3p5haR7ZnEvcePfSDfcpBS8?edition_number=130&blockchain=bitmark,1
previews/adc4221c-4f00-4193-ac82-c4d9b1a0b681/1620671843/?edition_number=118&blockchain=bitmark,ipfs://QmNPgas4vq9gkcQr6YFJ6dK3C2yhR8gwGJW7Hi9BUBJCwU?edition_number=118&blockchain=bitmark,1
previews/3a9f6d14-d53d-4d5c-b55a-f0e5793d5d0e/1620350770/?edition_number=170&blockchain=bitmark,ipfs://Qma6yMjwzXasZcvR6ojk5KbW2eG7dZV9LmsJ3bMEnNJiqt?edition_number=170&blockchain=bitmark,1
previews/f503f9fe-276c-4519-92b7-8a2239cfa489/1638359231/?edition_number=41&blockchain=bitmark,ipfs://QmcY75WevXSAKBDENuiHv5ZVm9TjGzy1Nya31bTet99aQK?edition_number=41&blockchain=bitmark,1
previews/f503f9fe-276c-4519-92b7-8a2239cfa489/1638359231/?edition_number=54&blockchain=bitmark,ipfs://QmcY75WevXSAKBDENuiHv5ZVm9TjGzy1Nya31bTet99aQK?edition_number=54&blockchain=bitmark,1
previews/31a680b4-c00a-4eac-8729-cba633c91c54/1638740490/?edition_number=108&blockchain=bitmark,ipfs://QmY3LP9vyD9xTupVYExXDYUg3xkpGBKHDj9r7S3aNYtJsm?edition_number=108&blockchain=bitmark,1
previews/e885a572-1acc-4b0c-9c63-c3f8e49bd302/1634763439/?edition_number=61&blockchain=bitmark,ipfs://QmccKUyRv4yvLedsf7JL4nho4X2oU3PUcn6SiXmJKDZDJ9?edition_number=61&blockchain=bitmark,1
previews/522055e6-e5d8-41b5-8cad-9823c9666e2a/1654421582/?edition_number=38&blockchain=bitmark,ipfs://QmSc65zdutiNEooeriju5z267FuX21Fqw5f1sNt2eaQbMG?edition_number=38&blockchain=bitmark,1
previews/f2db8c40-a2fb-4a93-be03-75ce3b3133f3/1630436182/?edition_number=44&blockchain=bitmark,ipfs://QmWBrUtQ8ujbYciEhKwgaaSAzv82aGVtQdq1nmNRXWKFQd?edition_number=44&blockchain=bitmark,1
previews/7764ae91-0392-48fb-b68c-796d701bed08/1620416013/?edition_number=183&blockchain=bitmark,ipfs://QmZEJd4b4bFmDDvGaKma1hHXPkkRe2V8wYFYab7Tmw4Lpr?edition_number=183&blockchain=bitmark,1
previews/6bcc9b62-0ca3-4fdc-8232-0a3f2d4adf13/1620666173/?edition_number=127&blockchain=bitmark,ipfs://QmbTnbbntuoXF87t1FQw92PqBj7xfYY4hKALAV3YDwH1Ey?edition_number=127&blockchain=bitmark,1
previews/a566dd50-6194-4e88-8aec-59cebbc1ed55/1639419587/?edition_number=108&blockchain=bitmark,ipfs://QmUYrfKmCUmmYtkeAwhbai2WAGNSnhijo5KFXqYNJqFsbb?edition_number=108&blockchain=bitmark,1
previews/03c9301f-e338-4419-8830-3e790fdc936b/1634763480/?edition_number=80&blockchain=bitmark,ipfs://QmXiF2u7YpPnekZirDYJFywxQ4nUru8bfnMhijrFV4X6Tq?edition_number=80&blockchain=bitmark,1
previews/ec014e95-c9de-4d2e-b464-d95c3f7ae19c/1634763465/?edition_number=47&blockchain=bitmark,ipfs://QmSKF73LGPvLCYkhkp6z5rg1CmjpRjGeaKZ9k26XNqdR7C?edition_number=47&blockchain=bitmark,1
previews/2d1f1330-d66a-4e9e-afd6-c17e5e55f2c4/1627893099/?edition_number=15&blockchain=bitmark,ipfs://QmRkSgNjaMqSzJgkxHrrYcPVX4Ko2DhLTUecjfYQjufPT7?edition_number=15&blockchain=bitmark,1
previews/522055e6-e5d8-41b5-8cad-9823c9666e2a/1654421582/?edition_number=34&blockchain=bitmark,ipfs://QmSc65zdutiNEooeriju5z267FuX21Fqw5f1sNt2eaQbMG?edition_number=34&blockchain=bitmark,1
previews/3a9f6d14-d53d-4d5c-b55a-f0e5793d5d0e/1620350770/?edition_number=158&blockchain=bitmark,ipfs://Qma6yMjwzXasZcvR6ojk5KbW2eG7dZV9LmsJ3bMEnNJiqt?edition_number=158&blockchain=bitmark,1
previews/25a0daeb-ec6d-4bfd-8a24-11c44beb5629/1634763514/?edition_number=61&blockchain=bitmark,ipfs://QmbcmMmfVjg2vC35zQM2ktBQqbEk9kqsXzpdKviQ9uesKz?edition_number=61&blockchain=bitmark,1
previews/d7f80e10-a227-4272-bd58-2da08703d460/1632732499/?edition_number=82&blockchain=bitmark,ipfs://QmPuryaXop8PJj8fEriFsyywg1ngKhuesu2e4wgRRoMcjq?edition_number=82&blockchain=bitmark,1
previews/03c9301f-e338-4419-8830-3e790fdc936b/1634763480/?edition_number=89&blockchain=bitmark,ipfs://QmXiF2u7YpPnekZirDYJFywxQ4nUru8bfnMhijrFV4X6Tq?edition_number=89&blockchain=bitmark,1
previews/99d373e5-cc9d-45e8-8aa5-1ed47e481791/1637491523/?edition_number=23&blockchain=bitmark,ipfs://QmToXp7VsiZGT7ZrVbbAncG4TfJPyusG3GWJE4raeg5ih6?edition_number=23&blockchain=bitmark,1
previews/7764ae91-0392-48fb-b68c-796d701bed08/1620416013/?edition_number=166&blockchain=bitmark,ipfs://QmZEJd4b4bFmDDvGaKma1hHXPkkRe2V8wYFYab7Tmw4Lpr?edition_number=166&blockchain=bitmark,1
previews/21a5bd39-64d0-490b-b578-6c6ecd317b7a/1634757768/?edition_number=21&blockchain=bitmark,ipfs://Qmc5b84zNCKGhwJ1GbBNujue4xNm1Wjc4NywXCHjkALJPe?edition_number=21&blockchain=bitmark,1
previews/522055e6-e5d8-41b5-8cad-9823c9666e2a/1654421582/?edition_number=26&blockchain=bitmark,ipfs://QmSc65zdutiNEooeriju5z267FuX21Fqw5f1sNt2eaQbMG?edition_number=26&blockchain=bitmark,1
previews/18125d2a-d424-496f-9949-9c3e625f114e/1632387574/?edition_number=8&blockchain=bitmark,ipfs://QmPJYnZk1nSF7q6sfxecWg1gFnfMddpp4nCdMhdcABdqve?edition_number=8&blockchain=bitmark,1
previews/6862d0b4-252f-469d-8327-c0d79f8b4a67/1631208788/?edition_number=28&blockchain=bitmark,ipfs://Qma6LppLyqvZs8FRchAfWwfzSVk9ZtMFJJm7JUkQGk5ydB?edition_number=28&blockchain=bitmark,1
previews/522055e6-e5d8-41b5-8cad-9823c9666e2a/1654421582/?edition_number=31&blockchain=bitmark,ipfs://QmSc65zdutiNEooeriju5z267FuX21Fqw5f1sNt2eaQbMG?edition_number=31&blockchain=bitmark,1
previews/26433d62-bb36-46f8-bc8e-ed7214967cc2/1631214206/?edition_number=22&blockchain=bitmark,ipfs://QmVwYhsPKjyGvagi5UCaYqBfKQnJYNcKuD2h17E1TApcJt?edition_number=22&blockchain=bitmark,1
previews/3a9f6d14-d53d-4d5c-b55a-f0e5793d5d0e/1620350770/?edition_number=141&blockchain=bitmark,ipfs://Qma6yMjwzXasZcvR6ojk5KbW2eG7dZV9LmsJ3bMEnNJiqt?edition_number=141&blockchain=bitmark,1
previews/500ccc6e-d7ad-443f-a9df-0bf709b3b3c9/1725624373/index.html,ipfs://QmaMbtaZS5CrZdot6BTMZeRu8B3pp3U3fhQCgqc851ySgW,1
previews/a566dd50-6194-4e88-8aec-59cebbc1ed55/1639419587/?edition_number=79&blockchain=bitmark,ipfs://QmUYrfKmCUmmYtkeAwhbai2WAGNSnhijo5KFXqYNJqFsbb?edition_number=79&blockchain=bitmark,1
previews/522055e6-e5d8-41b5-8cad-9823c9666e2a/1654421582/?edition_number=37&blockchain=bitmark,ipfs://QmSc65zdutiNEooeriju5z267FuX21Fqw5f1sNt2eaQbMG?edition_number=37&blockchain=bitmark,1
previews/398716ae-a05b-43bb-adb8-48e56114af6a/1634712504/?edition_number=16&blockchain=bitmark,ipfs://QmdD6DadG5GLqauBdhCwsbRRyxQA8zfUN8EMQwsnQdShRC?edition_number=16&blockchain=bitmark,1
previews/2a57c29f-fa5b-440d-8dee-2d58cdb9238c/1620669376/?edition_number=2&blockchain=bitmark,ipfs://QmNZPZifuVpanuoy6WS1nyumb5agihkkdnLZtFhaUmwwFK?edition_number=2&blockchain=bitmark,1
previews/a566dd50-6194-4e88-8aec-59cebbc1ed55/1639419587/?edition_number=95&blockchain=bitmark,ipfs://QmUYrfKmCUmmYtkeAwhbai2WAGNSnhijo5KFXqYNJqFsbb?edition_number=95&blockchain=bitmark,1
previews/faa504eb-868c-4134-a7b2-eef051b9abbc/1620642833/?edition_number=117&blockchain=bitmark,ipfs://QmP3apeo3Krrw3aEobPpffs3p5haR7ZnEvcePfSDfcpBS8?edition_number=117&blockchain=bitmark,1
previews/3a9f6d14-d53d-4d5c-b55a-f0e5793d5d0e/1620350770/?edition_number=162&blockchain=bitmark,ipfs://Qma6yMjwzXasZcvR6ojk5KbW2eG7dZV9LmsJ3bMEnNJiqt?edition_number=162&blockchain=bitmark,1
previews/6bcc9b62-0ca3-4fdc-8232-0a3f2d4adf13/1620666173/?edition_number=126&blockchain=bitmark,ipfs://QmbTnbbntuoXF87t1FQw92PqBj7xfYY4hKALAV3YDwH1Ey?edition_number=126&blockchain=bitmark,1
previews/faa504eb-868c-4134-a7b2-eef051b9abbc/1620642833/?edition_number=173&blockchain=bitmark,ipfs://QmP3apeo3Krrw3aEobPpffs3p5haR7ZnEvcePfSDfcpBS8?edition_number=173&blockchain=bitmark,1
previews/f2db8c40-a2fb-4a93-be03-75ce3b3133f3/1630436182/?edition_number=64&blockchain=bitmark,ipfs://QmWBrUtQ8ujbYciEhKwgaaSAzv82aGVtQdq1nmNRXWKFQd?edition_number=64&blockchain=bitmark,1
previews/47db4cae-c786-4bb3-8735-e932ab81ed7f/1630258818/?edition_number=63&blockchain=bitmark,ipfs://QmdoAemWU9Gh6JzWxvJNFb8bkhkZ43LfrweX39BNusu6nE?edition_number=63&blockchain=bitmark,1
previews/2a57c29f-fa5b-440d-8dee-2d58cdb9238c/1620669376/?edition_number=6&blockchain=bitmark,ipfs://QmNZPZifuVpanuoy6WS1nyumb5agihkkdnLZtFhaUmwwFK?edition_number=6&blockchain=bitmark,1
previews/2d1f1330-d66a-4e9e-afd6-c17e5e55f2c4/1627893099/?edition_number=75&blockchain=bitmark,ipfs://QmRkSgNjaMqSzJgkxHrrYcPVX4Ko2DhLTUecjfYQjufPT7?edition_number=75&blockchain=bitmark,1
previews/faa504eb-868c-4134-a7b2-eef051b9abbc/1620642833/?edition_number=76&blockchain=bitmark,ipfs://QmP3apeo3Krrw3aEobPpffs3p5haR7ZnEvcePfSDfcpBS8?edition_number=76&blockchain=bitmark,1
previews/cb0fc2d2-1e7b-4a39-b518-2be692a52ffc/1725624391/index.html,ipfs://QmPEdwCY1yUt2gtrAfVKoTuuNNMfmj6s24r4vMjo99GzqT,1
previews/6bcc9b62-0ca3-4fdc-8232-0a3f2d4adf13/1620666173/?edition_number=125&blockchain=bitmark,ipfs://QmbTnbbntuoXF87t1FQw92PqBj7xfYY4hKALAV3YDwH1Ey?edition_number=125&blockchain=bitmark,1
previews/adc4221c-4f00-4193-ac82-c4d9b1a0b681/1620671843/?edition_number=124&blockchain=bitmark,ipfs://QmNPgas4vq9gkcQr6YFJ6dK3C2yhR8gwGJW7Hi9BUBJCwU?edition_number=124&blockchain=bitmark,1
previews/28cad12d-50f2-4d82-a77d-1284cf934b8c/1615815656/?edition_number=23&blockchain=bitmark,ipfs://QmYia6LpBUpSkPioL5r14CqiFLZZJDf2MM9wo1es9Xn9k2?edition_number=23&blockchain=bitmark,1
previews/e885a572-1acc-4b0c-9c63-c3f8e49bd302/1634763439/?edition_number=10&blockchain=bitmark,ipfs://QmccKUyRv4yvLedsf7JL4nho4X2oU3PUcn6SiXmJKDZDJ9?edition_number=10&blockchain=bitmark,1
previews/2a57c29f-fa5b-440d-8dee-2d58cdb9238c/1620669376/?edition_number=162&blockchain=bitmark,ipfs://QmNZPZifuVpanuoy6WS1nyumb5agihkkdnLZtFhaUmwwFK?edition_number=162&blockchain=bitmark,1
previews/522055e6-e5d8-41b5-8cad-9823c9666e2a/1654421582/?edition_number=73&blockchain=bitmark,ipfs://QmSc65zdutiNEooeriju5z267FuX21Fqw5f1sNt2eaQbMG?edition_number=73&blockchain=bitmark,1
previews/adc4221c-4f00-4193-ac82-c4d9b1a0b681/1620671843/?edition_number=136&blockchain=bitmark,ipfs://QmNPgas4vq9gkcQr6YFJ6dK3C2yhR8gwGJW7Hi9BUBJCwU?edition_number=136&blockchain=bitmark,1
previews/faa504eb-868c-4134-a7b2-eef051b9abbc/1620642833/?edition_number=170&blockchain=bitmark,ipfs://QmP3apeo3Krrw3aEobPpffs3p5haR7ZnEvcePfSDfcpBS8?edition_number=170&blockchain=bitmark,1
previews/faa504eb-868c-4134-a7b2-eef051b9abbc/1620642833/?edition_number=174&blockchain=bitmark,ipfs://QmP3apeo3Krrw3aEobPpffs3p5haR7ZnEvcePfSDfcpBS8?edition_number=174&blockchain=bitmark,1
previews/6bcc9b62-0ca3-4fdc-8232-0a3f2d4adf13/1620666173/?edition_number=136&blockchain=bitmark,ipfs://QmbTnbbntuoXF87t1FQw92PqBj7xfYY4hKALAV3YDwH1Ey?edition_number=136&blockchain=bitmark,1
previews/6862d0b4-252f-469d-8327-c0d79f8b4a67/1631208788/?edition_number=22&blockchain=bitmark,ipfs://Qma6LppLyqvZs8FRchAfWwfzSVk9ZtMFJJm7JUkQGk5ydB?edition_number=22&blockchain=bitmark,1
previews/7764ae91-0392-48fb-b68c-796d701bed08/1620416013/?edition_number=184&blockchain=bitmark,ipfs://QmZEJd4b4bFmDDvGaKma1hHXPkkRe2V8wYFYab7Tmw4Lpr?edition_number=184&blockchain=bitmark,1
previews/e885a572-1acc-4b0c-9c63-c3f8e49bd302/1634763439/?edition_number=55&blockchain=bitmark,ipfs://QmccKUyRv4yvLedsf7JL4nho4X2oU3PUcn6SiXmJKDZDJ9?edition_number=55&blockchain=bitmark,1
previews/f503f9fe-276c-4519-92b7-8a2239cfa489/1638359231/?edition_number=74&blockchain=bitmark,ipfs://QmcY75WevXSAKBDENuiHv5ZVm9TjGzy1Nya31bTet99aQK?edition_number=74&blockchain=bitmark,1
previews/faa504eb-868c-4134-a7b2-eef051b9abbc/1620642833/?edition_number=153&blockchain=bitmark,ipfs://QmP3apeo3Krrw3aEobPpffs3p5haR7ZnEvcePfSDfcpBS8?edition_number=153&blockchain=bitmark,1
previews/2a57c29f-fa5b-440d-8dee-2d58cdb9238c/1620669376/?edition_number=74&blockchain=bitmark,ipfs://QmNZPZifuVpanuoy6WS1nyumb5agihkkdnLZtFhaUmwwFK?edition_number=74&blockchain=bitmark,1
previews/a566dd50-6194-4e88-8aec-59cebbc1ed55/1639419587/?edition_number=58&blockchain=bitmark,ipfs://QmUYrfKmCUmmYtkeAwhbai2WAGNSnhijo5KFXqYNJqFsbb?edition_number=58&blockchain=bitmark,1
previews/adc4221c-4f00-4193-ac82-c4d9b1a0b681/1620671843/?edition_number=2&blockchain=bitmark,ipfs://QmNPgas4vq9gkcQr6YFJ6dK3C2yhR8gwGJW7Hi9BUBJCwU?edition_number=2&blockchain=bitmark,1
previews/f503f9fe-276c-4519-92b7-8a2239cfa489/1638359231/?edition_number=75&blockchain=bitmark,ipfs://QmcY75WevXSAKBDENuiHv5ZVm9TjGzy1Nya31bTet99aQK?edition_number=75&blockchain=bitmark,1
previews/1b205395-6654-4174-b170-45c82866270b/1624043512/?edition_number=10&blockchain=bitmark,ipfs://QmV1vFUSGxd2ACfeyRR8CjBCxeFVH5JcfX9sAnfEpxadRu?edition_number=10&blockchain=bitmark,1
previews/faa504eb-868c-4134-a7b2-eef051b9abbc/1620642833/?edition_number=135&blockchain=bitmark,ipfs://QmP3apeo3Krrw3aEobPpffs3p5haR7ZnEvcePfSDfcpBS8?edition_number=135&blockchain=bitmark,1
previews/2a57c29f-fa5b-440d-8dee-2d58cdb9238c/1620669376/?edition_number=81&blockchain=bitmark,ipfs://QmNZPZifuVpanuoy6WS1nyumb5agihkkdnLZtFhaUmwwFK?edition_number=81&blockchain=bitmark,1
previews/dc8dddb8-7b4e-4d60-80da-071b92444514/1634763492/?edition_number=29&blockchain=bitmark,ipfs://QmXu8fj8fkUCLWL2L5kWu2Mg2oYFzNGZHJttZt2B2kndeg?edition_number=29&blockchain=bitmark,1
previews/f2db8c40-a2fb-4a93-be03-75ce3b3133f3/1630436182/?edition_number=69&blockchain=bitmark,ipfs://QmWBrUtQ8ujbYciEhKwgaaSAzv82aGVtQdq1nmNRXWKFQd?edition_number=69&blockchain=bitmark,1
previews/a1b6689f-5236-471a-97a6-70ea0879dd42/1630583755/?edition_number=37&blockchain=bitmark,ipfs://QmQW2wFuM8VAeYZ1vbnHKfPq893MmKgcGmZKbuPjQhMnnh?edition_number=37&blockchain=bitmark,1
previews/dc8dddb8-7b4e-4d60-80da-071b92444514/1634763492/?edition_number=46&blockchain=bitmark,ipfs://QmXu8fj8fkUCLWL2L5kWu2Mg2oYFzNGZHJttZt2B2kndeg?edition_number=46&blockchain=bitmark,1
previews/faa504eb-868c-4134-a7b2-eef051b9abbc/1620642833/?edition_number=83&blockchain=bitmark,ipfs://QmP3apeo3Krrw3aEobPpffs3p5haR7ZnEvcePfSDfcpBS8?edition_number=83&blockchain=bitmark,1
previews/522055e6-e5d8-41b5-8cad-9823c9666e2a/1654421582/?edition_number=36&blockchain=bitmark,ipfs://QmSc65zdutiNEooeriju5z267FuX21Fqw5f1sNt2eaQbMG?edition_number=36&blockchain=bitmark,1
previews/21a5bd39-64d0-490b-b578-6c6ecd317b7a/1634757768/?edition_number=16&blockchain=bitmark,ipfs://Qmc5b84zNCKGhwJ1GbBNujue4xNm1Wjc4NywXCHjkALJPe?edition_number=16&blockchain=bitmark,1
previews/89c348c1-6e78-4e00-ac3f-f58c9e732731/1624234006/?edition_number=70&blockchain=bitmark,ipfs://Qmbfjm1eX2eorWXuYZXU61qpdaSVXdpK2dmD8qHxq6vkcu?edition_number=70&blockchain=bitmark,1
previews/522055e6-e5d8-41b5-8cad-9823c9666e2a/1654421582/?edition_number=27&blockchain=bitmark,ipfs://QmSc65zdutiNEooeriju5z267FuX21Fqw5f1sNt2eaQbMG?edition_number=27&blockchain=bitmark,1
previews/dc8dddb8-7b4e-4d60-80da-071b92444514/1634763492/?edition_number=81&blockchain=bitmark,ipfs://QmXu8fj8fkUCLWL2L5kWu2Mg2oYFzNGZHJttZt2B2kndeg?edition_number=81&blockchain=bitmark,1
previews/e7252d16-c248-4de0-aade-433e9e7d2484/1637288427/?edition_number=8&blockchain=bitmark,ipfs://QmSMSwL51Wudh8GhZFT7S8c8nwatNF1bg8735hCaV1m4Ld?edition_number=8&blockchain=bitmark,1
previews/93544620-dff8-4ae5-8194-3f527e8cc91e/1634763453/?edition_number=3&blockchain=bitmark,ipfs://QmNnXVL5JXjMrFp3AnaYUcdiexeXzvSJ8UNRLFi9gSAwam?edition_number=3&blockchain=bitmark,1
previews/f65cb7b3-89e2-47eb-9e73-3b371105e15e/1725620464/index.html,ipfs://QmULUtZqzwwPcR5b2cmMzJTjgq3CJNUktx6rEBBVho4x8g,1
previews/ec014e95-c9de-4d2e-b464-d95c3f7ae19c/1634763465/?edition_number=84&blockchain=bitmark,ipfs://QmSKF73LGPvLCYkhkp6z5rg1CmjpRjGeaKZ9k26XNqdR7C?edition_number=84&blockchain=bitmark,1
previews/adc4221c-4f00-4193-ac82-c4d9b1a0b681/1620671843/?edition_number=186&blockchain=bitmark,ipfs://QmNPgas4vq9gkcQr6YFJ6dK3C2yhR8gwGJW7Hi9BUBJCwU?edition_number=186&blockchain=bitmark,1
previews/adc4221c-4f00-4193-ac82-c4d9b1a0b681/1620671843/?edition_number=187&blockchain=bitmark,ipfs://QmNPgas4vq9gkcQr6YFJ6dK3C2yhR8gwGJW7Hi9BUBJCwU?edition_number=187&blockchain=bitmark,1
