contract,token_name_contract,token_id,name,collection_name,image,image_class,animation_url,animation_class,metadata_fetched,token_uri_hint
0xc764a826285a75715db602108d706f72418586c2,Feral File 007,94186457776527967053970378473105398943926084681415948811694628567454162496729,Vague Recollection #67,,https://cdn.feralfileassets.com/thumbnails/d7f80e10-a227-4272-bd58-2da08703d460/1632732391,ff-cdn,https://cdn.feralfileassets.com/previews/d7f80e10-a227-4272-bd58-2da08703d460/1632732499/index.html,ff-cdn,True,
0xc764a826285a75715db602108d706f72418586c2,Feral File 007,66768636378376097047702060324449050956931912246977172022478401746681657931533,Solstice Sky Dream #40,,https://cdn.feralfileassets.com/thumbnails/f27c6217-e4c0-4f82-b8b7-d38c8653b0dd/1632471940,ff-cdn,https://cdn.feralfileassets.com/previews/f27c6217-e4c0-4f82-b8b7-d38c8653b0dd/1632474304/preview.mp4,ff-cdn,True,
0x22e130a4ef1effddafdf0b9825dc03d83747664e,Feral File — Peer to Peer,115153310228114666588851347772754489107974000689653741321876665973855418043404,Caryatid: Wink #1,,https://cdn.feralfileassets.com/thumbnails/c601cac7-6a3b-410f-baa2-a86f4a6be10d/1668903870,ff-cdn,https://cdn.feralfileassets.com/previews/c601cac7-6a3b-410f-baa2-a86f4a6be10d/1668713764/preview.mp4,ff-cdn,True,
0x22e130a4ef1effddafdf0b9825dc03d83747664e,Feral File — Peer to Peer,115153310228114666588851347772754489107974000689653741321876665973855418043403,Caryatid: Wink PP,,https://cdn.feralfileassets.com/thumbnails/c601cac7-6a3b-410f-baa2-a86f4a6be10d/1668903870,ff-cdn,https://cdn.feralfileassets.com/previews/c601cac7-6a3b-410f-baa2-a86f4a6be10d/1668713764/preview.mp4,ff-cdn,True,
0x22e130a4ef1effddafdf0b9825dc03d83747664e,Feral File — Peer to Peer,115153310228114666588851347772754489107974000689653741321876665973855418043402,Caryatid: Wink AE,,https://cdn.feralfileassets.com/thumbnails/c601cac7-6a3b-410f-baa2-a86f4a6be10d/1668903870,ff-cdn,https://cdn.feralfileassets.com/previews/c601cac7-6a3b-410f-baa2-a86f4a6be10d/1668713764/preview.mp4,ff-cdn,True,
0x22e130a4ef1effddafdf0b9825dc03d83747664e,Feral File — Peer to Peer,115153310228114666588851347772754489107974000689653741321876665973855418043401,Caryatid: Wink AE,,https://cdn.feralfileassets.com/thumbnails/c601cac7-6a3b-410f-baa2-a86f4a6be10d/1668903870,ff-cdn,https://cdn.feralfileassets.com/previews/c601cac7-6a3b-410f-baa2-a86f4a6be10d/1668713764/preview.mp4,ff-cdn,True,
0x22e130a4ef1effddafdf0b9825dc03d83747664e,Feral File — Peer to Peer,114509197042641126982266828896949519237122822493274123627313583916128762606687,Wheel of Life #8,,https://cdn.feralfileassets.com/previews/82115197-d516-4bd8-8498-227aaf30eb12/1663731416/preview.png,ff-cdn,,none,True,
0x22e130a4ef1effddafdf0b9825dc03d83747664e,Feral File — Peer to Peer,114509197042641126982266828896949519237122822493274123627313583916128762606686,Wheel of Life #7,,https://cdn.feralfileassets.com/previews/82115197-d516-4bd8-8498-227aaf30eb12/1663731416/preview.png,ff-cdn,,none,True,
0x22e130a4ef1effddafdf0b9825dc03d83747664e,Feral File — Peer to Peer,114509197042641126982266828896949519237122822493274123627313583916128762606685,Wheel of Life #6,,https://cdn.feralfileassets.com/previews/82115197-d516-4bd8-8498-227aaf30eb12/1663731416/preview.png,ff-cdn,,none,True,
0x22e130a4ef1effddafdf0b9825dc03d83747664e,Feral File — Peer to Peer,114509197042641126982266828896949519237122822493274123627313583916128762606684,Wheel of Life #5,,https://cdn.feralfileassets.com/previews/82115197-d516-4bd8-8498-227aaf30eb12/1663731416/preview.png,ff-cdn,,none,True,
0x22e130a4ef1effddafdf0b9825dc03d83747664e,Feral File — Peer to Peer,114509197042641126982266828896949519237122822493274123627313583916128762606683,Wheel of Life #4,,https://cdn.feralfileassets.com/previews/82115197-d516-4bd8-8498-227aaf30eb12/1663731416/preview.png,ff-cdn,,none,True,
0x22e130a4ef1effddafdf0b9825dc03d83747664e,Feral File — Peer to Peer,114509197042641126982266828896949519237122822493274123627313583916128762606682,Wheel of Life #3,,https://cdn.feralfileassets.com/previews/82115197-d516-4bd8-8498-227aaf30eb12/1663731416/preview.png,ff-cdn,,none,True,
0x22e130a4ef1effddafdf0b9825dc03d83747664e,Feral File — Peer to Peer,114509197042641126982266828896949519237122822493274123627313583916128762606681,Wheel of Life #2,,https://cdn.feralfileassets.com/previews/82115197-d516-4bd8-8498-227aaf30eb12/1663731416/preview.png,ff-cdn,,none,True,
0x22e130a4ef1effddafdf0b9825dc03d83747664e,Feral File — Peer to Peer,114509197042641126982266828896949519237122822493274123627313583916128762606680,Wheel of Life #1,,https://cdn.feralfileassets.com/previews/82115197-d516-4bd8-8498-227aaf30eb12/1663731416/preview.png,ff-cdn,,none,True,
0x22e130a4ef1effddafdf0b9825dc03d83747664e,Feral File — Peer to Peer,114509197042641126982266828896949519237122822493274123627313583916128762606679,Wheel of Life PP,,https://cdn.feralfileassets.com/previews/82115197-d516-4bd8-8498-227aaf30eb12/1663731416/preview.png,ff-cdn,,none,True,
0x22e130a4ef1effddafdf0b9825dc03d83747664e,Feral File — Peer to Peer,114509197042641126982266828896949519237122822493274123627313583916128762606678,Wheel of Life AE,,https://cdn.feralfileassets.com/previews/82115197-d516-4bd8-8498-227aaf30eb12/1663731416/preview.png,ff-cdn,,none,True,
0x22e130a4ef1effddafdf0b9825dc03d83747664e,Feral File — Peer to Peer,114509197042641126982266828896949519237122822493274123627313583916128762606677,Wheel of Life AE,,https://cdn.feralfileassets.com/previews/82115197-d516-4bd8-8498-227aaf30eb12/1663731416/preview.png,ff-cdn,,none,True,
0x22e130a4ef1effddafdf0b9825dc03d83747664e,Feral File — Peer to Peer,111620246613695490106738849263862774922244140225367210165377389379116547016233,"Metaverse Landscape 1: Decentraland Parcel -81, -17 #50",,https://ipfs.bitmark.com/ipfs/Qmaf85GRkKqBeJMu4txNpwmQPFunvkjxR2ujnjY18aM2Tm,ipfs,"data:text/html;base64,PCFET0NUWVBFIGh0bWw+PGh0bWwgbGFuZz0iZW4iPjxoZWFkPjxzY3JpcHQ+IHZhciBkZWZhdWx0QXJ0d29ya0RhdGE9IHtsYW5kT3duZXI6IjB4MDE3N2JhMmFkMDVjYjEyZDZkZDYzNzk2M2UwNDAwOTI2NzZlZThkZSIsIG93bmVyQX",inline,True,
0x22e130a4ef1effddafdf0b9825dc03d83747664e,Feral File — Peer to Peer,111620246613695490106738849263862774922244140225367210165377389379116547016232,"Metaverse Landscape 1: Decentraland Parcel -81, -17 #49",,https://ipfs.bitmark.com/ipfs/Qmaf85GRkKqBeJMu4txNpwmQPFunvkjxR2ujnjY18aM2Tm,ipfs,"data:text/html;base64,PCFET0NUWVBFIGh0bWw+PGh0bWwgbGFuZz0iZW4iPjxoZWFkPjxzY3JpcHQ+IHZhciBkZWZhdWx0QXJ0d29ya0RhdGE9IHtsYW5kT3duZXI6IjB4MDE3N2JhMmFkMDVjYjEyZDZkZDYzNzk2M2UwNDAwOTI2NzZlZThkZSIsIG93bmVyQX",inline,True,
0x22e130a4ef1effddafdf0b9825dc03d83747664e,Feral File — Peer to Peer,111620246613695490106738849263862774922244140225367210165377389379116547016231,"Metaverse Landscape 1: Decentraland Parcel -81, -17 #48",,https://ipfs.bitmark.com/ipfs/Qmaf85GRkKqBeJMu4txNpwmQPFunvkjxR2ujnjY18aM2Tm,ipfs,"data:text/html;base64,PCFET0NUWVBFIGh0bWw+PGh0bWwgbGFuZz0iZW4iPjxoZWFkPjxzY3JpcHQ+IHZhciBkZWZhdWx0QXJ0d29ya0RhdGE9IHtsYW5kT3duZXI6IjB4MDE3N2JhMmFkMDVjYjEyZDZkZDYzNzk2M2UwNDAwOTI2NzZlZThkZSIsIG93bmVyQX",inline,True,
0x22e130a4ef1effddafdf0b9825dc03d83747664e,Feral File — Peer to Peer,111620246613695490106738849263862774922244140225367210165377389379116547016230,"Metaverse Landscape 1: Decentraland Parcel -81, -17 #47",,https://ipfs.bitmark.com/ipfs/Qmaf85GRkKqBeJMu4txNpwmQPFunvkjxR2ujnjY18aM2Tm,ipfs,"data:text/html;base64,PCFET0NUWVBFIGh0bWw+PGh0bWwgbGFuZz0iZW4iPjxoZWFkPjxzY3JpcHQ+IHZhciBkZWZhdWx0QXJ0d29ya0RhdGE9IHtsYW5kT3duZXI6IjB4MDE3N2JhMmFkMDVjYjEyZDZkZDYzNzk2M2UwNDAwOTI2NzZlZThkZSIsIG93bmVyQX",inline,True,
0x22e130a4ef1effddafdf0b9825dc03d83747664e,Feral File — Peer to Peer,111620246613695490106738849263862774922244140225367210165377389379116547016229,"Metaverse Landscape 1: Decentraland Parcel -81, -17 #46",,https://ipfs.bitmark.com/ipfs/Qmaf85GRkKqBeJMu4txNpwmQPFunvkjxR2ujnjY18aM2Tm,ipfs,"data:text/html;base64,PCFET0NUWVBFIGh0bWw+PGh0bWwgbGFuZz0iZW4iPjxoZWFkPjxzY3JpcHQ+IHZhciBkZWZhdWx0QXJ0d29ya0RhdGE9IHtsYW5kT3duZXI6IjB4MDE3N2JhMmFkMDVjYjEyZDZkZDYzNzk2M2UwNDAwOTI2NzZlZThkZSIsIG93bmVyQX",inline,True,
0x22e130a4ef1effddafdf0b9825dc03d83747664e,Feral File — Peer to Peer,111620246613695490106738849263862774922244140225367210165377389379116547016228,"Metaverse Landscape 1: Decentraland Parcel -81, -17 #45",,https://ipfs.bitmark.com/ipfs/Qmaf85GRkKqBeJMu4txNpwmQPFunvkjxR2ujnjY18aM2Tm,ipfs,"data:text/html;base64,PCFET0NUWVBFIGh0bWw+PGh0bWwgbGFuZz0iZW4iPjxoZWFkPjxzY3JpcHQ+IHZhciBkZWZhdWx0QXJ0d29ya0RhdGE9IHtsYW5kT3duZXI6IjB4MDE3N2JhMmFkMDVjYjEyZDZkZDYzNzk2M2UwNDAwOTI2NzZlZThkZSIsIG93bmVyQX",inline,True,
0x22e130a4ef1effddafdf0b9825dc03d83747664e,Feral File — Peer to Peer,111620246613695490106738849263862774922244140225367210165377389379116547016227,"Metaverse Landscape 1: Decentraland Parcel -81, -17 #44",,https://ipfs.bitmark.com/ipfs/Qmaf85GRkKqBeJMu4txNpwmQPFunvkjxR2ujnjY18aM2Tm,ipfs,"data:text/html;base64,PCFET0NUWVBFIGh0bWw+PGh0bWwgbGFuZz0iZW4iPjxoZWFkPjxzY3JpcHQ+IHZhciBkZWZhdWx0QXJ0d29ya0RhdGE9IHtsYW5kT3duZXI6IjB4MDE3N2JhMmFkMDVjYjEyZDZkZDYzNzk2M2UwNDAwOTI2NzZlZThkZSIsIG93bmVyQX",inline,True,
0x22e130a4ef1effddafdf0b9825dc03d83747664e,Feral File — Peer to Peer,111620246613695490106738849263862774922244140225367210165377389379116547016226,"Metaverse Landscape 1: Decentraland Parcel -81, -17 #43",,https://ipfs.bitmark.com/ipfs/Qmaf85GRkKqBeJMu4txNpwmQPFunvkjxR2ujnjY18aM2Tm,ipfs,"data:text/html;base64,PCFET0NUWVBFIGh0bWw+PGh0bWwgbGFuZz0iZW4iPjxoZWFkPjxzY3JpcHQ+IHZhciBkZWZhdWx0QXJ0d29ya0RhdGE9IHtsYW5kT3duZXI6IjB4MDE3N2JhMmFkMDVjYjEyZDZkZDYzNzk2M2UwNDAwOTI2NzZlZThkZSIsIG93bmVyQX",inline,True,
0x22e130a4ef1effddafdf0b9825dc03d83747664e,Feral File — Peer to Peer,111620246613695490106738849263862774922244140225367210165377389379116547016225,"Metaverse Landscape 1: Decentraland Parcel -81, -17 #42",,https://ipfs.bitmark.com/ipfs/Qmaf85GRkKqBeJMu4txNpwmQPFunvkjxR2ujnjY18aM2Tm,ipfs,"data:text/html;base64,PCFET0NUWVBFIGh0bWw+PGh0bWwgbGFuZz0iZW4iPjxoZWFkPjxzY3JpcHQ+IHZhciBkZWZhdWx0QXJ0d29ya0RhdGE9IHtsYW5kT3duZXI6IjB4MDE3N2JhMmFkMDVjYjEyZDZkZDYzNzk2M2UwNDAwOTI2NzZlZThkZSIsIG93bmVyQX",inline,True,
0x22e130a4ef1effddafdf0b9825dc03d83747664e,Feral File — Peer to Peer,111620246613695490106738849263862774922244140225367210165377389379116547016224,"Metaverse Landscape 1: Decentraland Parcel -81, -17 #41",,https://ipfs.bitmark.com/ipfs/Qmaf85GRkKqBeJMu4txNpwmQPFunvkjxR2ujnjY18aM2Tm,ipfs,"data:text/html;base64,PCFET0NUWVBFIGh0bWw+PGh0bWwgbGFuZz0iZW4iPjxoZWFkPjxzY3JpcHQ+IHZhciBkZWZhdWx0QXJ0d29ya0RhdGE9IHtsYW5kT3duZXI6IjB4MDE3N2JhMmFkMDVjYjEyZDZkZDYzNzk2M2UwNDAwOTI2NzZlZThkZSIsIG93bmVyQX",inline,True,
0x22e130a4ef1effddafdf0b9825dc03d83747664e,Feral File — Peer to Peer,111620246613695490106738849263862774922244140225367210165377389379116547016223,"Metaverse Landscape 1: Decentraland Parcel -81, -17 #40",,https://ipfs.bitmark.com/ipfs/Qmaf85GRkKqBeJMu4txNpwmQPFunvkjxR2ujnjY18aM2Tm,ipfs,"data:text/html;base64,PCFET0NUWVBFIGh0bWw+PGh0bWwgbGFuZz0iZW4iPjxoZWFkPjxzY3JpcHQ+IHZhciBkZWZhdWx0QXJ0d29ya0RhdGE9IHtsYW5kT3duZXI6IjB4MDE3N2JhMmFkMDVjYjEyZDZkZDYzNzk2M2UwNDAwOTI2NzZlZThkZSIsIG93bmVyQX",inline,True,
0x22e130a4ef1effddafdf0b9825dc03d83747664e,Feral File — Peer to Peer,111620246613695490106738849263862774922244140225367210165377389379116547016222,"Metaverse Landscape 1: Decentraland Parcel -81, -17 #39",,https://ipfs.bitmark.com/ipfs/Qmaf85GRkKqBeJMu4txNpwmQPFunvkjxR2ujnjY18aM2Tm,ipfs,"data:text/html;base64,PCFET0NUWVBFIGh0bWw+PGh0bWwgbGFuZz0iZW4iPjxoZWFkPjxzY3JpcHQ+IHZhciBkZWZhdWx0QXJ0d29ya0RhdGE9IHtsYW5kT3duZXI6IjB4MDE3N2JhMmFkMDVjYjEyZDZkZDYzNzk2M2UwNDAwOTI2NzZlZThkZSIsIG93bmVyQX",inline,True,
0x22e130a4ef1effddafdf0b9825dc03d83747664e,Feral File — Peer to Peer,111620246613695490106738849263862774922244140225367210165377389379116547016221,"Metaverse Landscape 1: Decentraland Parcel -81, -17 #38",,https://ipfs.bitmark.com/ipfs/Qmaf85GRkKqBeJMu4txNpwmQPFunvkjxR2ujnjY18aM2Tm,ipfs,"data:text/html;base64,PCFET0NUWVBFIGh0bWw+PGh0bWwgbGFuZz0iZW4iPjxoZWFkPjxzY3JpcHQ+IHZhciBkZWZhdWx0QXJ0d29ya0RhdGE9IHtsYW5kT3duZXI6IjB4MDE3N2JhMmFkMDVjYjEyZDZkZDYzNzk2M2UwNDAwOTI2NzZlZThkZSIsIG93bmVyQX",inline,True,
0x22e130a4ef1effddafdf0b9825dc03d83747664e,Feral File — Peer to Peer,111620246613695490106738849263862774922244140225367210165377389379116547016220,"Metaverse Landscape 1: Decentraland Parcel -81, -17 #37",,https://ipfs.bitmark.com/ipfs/Qmaf85GRkKqBeJMu4txNpwmQPFunvkjxR2ujnjY18aM2Tm,ipfs,"data:text/html;base64,PCFET0NUWVBFIGh0bWw+PGh0bWwgbGFuZz0iZW4iPjxoZWFkPjxzY3JpcHQ+IHZhciBkZWZhdWx0QXJ0d29ya0RhdGE9IHtsYW5kT3duZXI6IjB4MDE3N2JhMmFkMDVjYjEyZDZkZDYzNzk2M2UwNDAwOTI2NzZlZThkZSIsIG93bmVyQX",inline,True,
0x22e130a4ef1effddafdf0b9825dc03d83747664e,Feral File — Peer to Peer,111620246613695490106738849263862774922244140225367210165377389379116547016219,"Metaverse Landscape 1: Decentraland Parcel -81, -17 #36",,https://ipfs.bitmark.com/ipfs/Qmaf85GRkKqBeJMu4txNpwmQPFunvkjxR2ujnjY18aM2Tm,ipfs,"data:text/html;base64,PCFET0NUWVBFIGh0bWw+PGh0bWwgbGFuZz0iZW4iPjxoZWFkPjxzY3JpcHQ+IHZhciBkZWZhdWx0QXJ0d29ya0RhdGE9IHtsYW5kT3duZXI6IjB4MDE3N2JhMmFkMDVjYjEyZDZkZDYzNzk2M2UwNDAwOTI2NzZlZThkZSIsIG93bmVyQX",inline,True,
0x22e130a4ef1effddafdf0b9825dc03d83747664e,Feral File — Peer to Peer,111620246613695490106738849263862774922244140225367210165377389379116547016218,"Metaverse Landscape 1: Decentraland Parcel -81, -17 #35",,https://ipfs.bitmark.com/ipfs/Qmaf85GRkKqBeJMu4txNpwmQPFunvkjxR2ujnjY18aM2Tm,ipfs,"data:text/html;base64,PCFET0NUWVBFIGh0bWw+PGh0bWwgbGFuZz0iZW4iPjxoZWFkPjxzY3JpcHQ+IHZhciBkZWZhdWx0QXJ0d29ya0RhdGE9IHtsYW5kT3duZXI6IjB4MDE3N2JhMmFkMDVjYjEyZDZkZDYzNzk2M2UwNDAwOTI2NzZlZThkZSIsIG93bmVyQX",inline,True,
0x22e130a4ef1effddafdf0b9825dc03d83747664e,Feral File — Peer to Peer,111620246613695490106738849263862774922244140225367210165377389379116547016217,"Metaverse Landscape 1: Decentraland Parcel -81, -17 #34",,https://ipfs.bitmark.com/ipfs/Qmaf85GRkKqBeJMu4txNpwmQPFunvkjxR2ujnjY18aM2Tm,ipfs,"data:text/html;base64,PCFET0NUWVBFIGh0bWw+PGh0bWwgbGFuZz0iZW4iPjxoZWFkPjxzY3JpcHQ+IHZhciBkZWZhdWx0QXJ0d29ya0RhdGE9IHtsYW5kT3duZXI6IjB4MDE3N2JhMmFkMDVjYjEyZDZkZDYzNzk2M2UwNDAwOTI2NzZlZThkZSIsIG93bmVyQX",inline,True,
0x22e130a4ef1effddafdf0b9825dc03d83747664e,Feral File — Peer to Peer,111620246613695490106738849263862774922244140225367210165377389379116547016216,"Metaverse Landscape 1: Decentraland Parcel -81, -17 #33",,https://ipfs.bitmark.com/ipfs/Qmaf85GRkKqBeJMu4txNpwmQPFunvkjxR2ujnjY18aM2Tm,ipfs,"data:text/html;base64,PCFET0NUWVBFIGh0bWw+PGh0bWwgbGFuZz0iZW4iPjxoZWFkPjxzY3JpcHQ+IHZhciBkZWZhdWx0QXJ0d29ya0RhdGE9IHtsYW5kT3duZXI6IjB4MDE3N2JhMmFkMDVjYjEyZDZkZDYzNzk2M2UwNDAwOTI2NzZlZThkZSIsIG93bmVyQX",inline,True,
0x22e130a4ef1effddafdf0b9825dc03d83747664e,Feral File — Peer to Peer,111620246613695490106738849263862774922244140225367210165377389379116547016215,"Metaverse Landscape 1: Decentraland Parcel -81, -17 #32",,https://ipfs.bitmark.com/ipfs/Qmaf85GRkKqBeJMu4txNpwmQPFunvkjxR2ujnjY18aM2Tm,ipfs,"data:text/html;base64,PCFET0NUWVBFIGh0bWw+PGh0bWwgbGFuZz0iZW4iPjxoZWFkPjxzY3JpcHQ+IHZhciBkZWZhdWx0QXJ0d29ya0RhdGE9IHtsYW5kT3duZXI6IjB4MDE3N2JhMmFkMDVjYjEyZDZkZDYzNzk2M2UwNDAwOTI2NzZlZThkZSIsIG93bmVyQX",inline,True,
0x22e130a4ef1effddafdf0b9825dc03d83747664e,Feral File — Peer to Peer,111620246613695490106738849263862774922244140225367210165377389379116547016214,"Metaverse Landscape 1: Decentraland Parcel -81, -17 #31",,https://ipfs.bitmark.com/ipfs/Qmaf85GRkKqBeJMu4txNpwmQPFunvkjxR2ujnjY18aM2Tm,ipfs,"data:text/html;base64,PCFET0NUWVBFIGh0bWw+PGh0bWwgbGFuZz0iZW4iPjxoZWFkPjxzY3JpcHQ+IHZhciBkZWZhdWx0QXJ0d29ya0RhdGE9IHtsYW5kT3duZXI6IjB4MDE3N2JhMmFkMDVjYjEyZDZkZDYzNzk2M2UwNDAwOTI2NzZlZThkZSIsIG93bmVyQX",inline,True,
0x22e130a4ef1effddafdf0b9825dc03d83747664e,Feral File — Peer to Peer,111620246613695490106738849263862774922244140225367210165377389379116547016213,"Metaverse Landscape 1: Decentraland Parcel -81, -17 #30",,https://ipfs.bitmark.com/ipfs/Qmaf85GRkKqBeJMu4txNpwmQPFunvkjxR2ujnjY18aM2Tm,ipfs,"data:text/html;base64,PCFET0NUWVBFIGh0bWw+PGh0bWwgbGFuZz0iZW4iPjxoZWFkPjxzY3JpcHQ+IHZhciBkZWZhdWx0QXJ0d29ya0RhdGE9IHtsYW5kT3duZXI6IjB4MDE3N2JhMmFkMDVjYjEyZDZkZDYzNzk2M2UwNDAwOTI2NzZlZThkZSIsIG93bmVyQX",inline,True,
0x22e130a4ef1effddafdf0b9825dc03d83747664e,Feral File — Peer to Peer,111620246613695490106738849263862774922244140225367210165377389379116547016212,"Metaverse Landscape 1: Decentraland Parcel -81, -17 #29",,https://ipfs.bitmark.com/ipfs/Qmaf85GRkKqBeJMu4txNpwmQPFunvkjxR2ujnjY18aM2Tm,ipfs,"data:text/html;base64,PCFET0NUWVBFIGh0bWw+PGh0bWwgbGFuZz0iZW4iPjxoZWFkPjxzY3JpcHQ+IHZhciBkZWZhdWx0QXJ0d29ya0RhdGE9IHtsYW5kT3duZXI6IjB4MDE3N2JhMmFkMDVjYjEyZDZkZDYzNzk2M2UwNDAwOTI2NzZlZThkZSIsIG93bmVyQX",inline,True,
0x22e130a4ef1effddafdf0b9825dc03d83747664e,Feral File — Peer to Peer,111620246613695490106738849263862774922244140225367210165377389379116547016211,"Metaverse Landscape 1: Decentraland Parcel -81, -17 #28",,https://ipfs.bitmark.com/ipfs/Qmaf85GRkKqBeJMu4txNpwmQPFunvkjxR2ujnjY18aM2Tm,ipfs,"data:text/html;base64,PCFET0NUWVBFIGh0bWw+PGh0bWwgbGFuZz0iZW4iPjxoZWFkPjxzY3JpcHQ+IHZhciBkZWZhdWx0QXJ0d29ya0RhdGE9IHtsYW5kT3duZXI6IjB4MDE3N2JhMmFkMDVjYjEyZDZkZDYzNzk2M2UwNDAwOTI2NzZlZThkZSIsIG93bmVyQX",inline,True,
0x22e130a4ef1effddafdf0b9825dc03d83747664e,Feral File — Peer to Peer,111620246613695490106738849263862774922244140225367210165377389379116547016210,"Metaverse Landscape 1: Decentraland Parcel -81, -17 #27",,https://ipfs.bitmark.com/ipfs/Qmaf85GRkKqBeJMu4txNpwmQPFunvkjxR2ujnjY18aM2Tm,ipfs,"data:text/html;base64,PCFET0NUWVBFIGh0bWw+PGh0bWwgbGFuZz0iZW4iPjxoZWFkPjxzY3JpcHQ+IHZhciBkZWZhdWx0QXJ0d29ya0RhdGE9IHtsYW5kT3duZXI6IjB4MDE3N2JhMmFkMDVjYjEyZDZkZDYzNzk2M2UwNDAwOTI2NzZlZThkZSIsIG93bmVyQX",inline,True,
0x22e130a4ef1effddafdf0b9825dc03d83747664e,Feral File — Peer to Peer,111620246613695490106738849263862774922244140225367210165377389379116547016209,"Metaverse Landscape 1: Decentraland Parcel -81, -17 #26",,https://ipfs.bitmark.com/ipfs/Qmaf85GRkKqBeJMu4txNpwmQPFunvkjxR2ujnjY18aM2Tm,ipfs,"data:text/html;base64,PCFET0NUWVBFIGh0bWw+PGh0bWwgbGFuZz0iZW4iPjxoZWFkPjxzY3JpcHQ+IHZhciBkZWZhdWx0QXJ0d29ya0RhdGE9IHtsYW5kT3duZXI6IjB4MDE3N2JhMmFkMDVjYjEyZDZkZDYzNzk2M2UwNDAwOTI2NzZlZThkZSIsIG93bmVyQX",inline,True,
0x22e130a4ef1effddafdf0b9825dc03d83747664e,Feral File — Peer to Peer,111620246613695490106738849263862774922244140225367210165377389379116547016208,"Metaverse Landscape 1: Decentraland Parcel -81, -17 #25",,https://ipfs.bitmark.com/ipfs/Qmaf85GRkKqBeJMu4txNpwmQPFunvkjxR2ujnjY18aM2Tm,ipfs,"data:text/html;base64,PCFET0NUWVBFIGh0bWw+PGh0bWwgbGFuZz0iZW4iPjxoZWFkPjxzY3JpcHQ+IHZhciBkZWZhdWx0QXJ0d29ya0RhdGE9IHtsYW5kT3duZXI6IjB4MDE3N2JhMmFkMDVjYjEyZDZkZDYzNzk2M2UwNDAwOTI2NzZlZThkZSIsIG93bmVyQX",inline,True,
0x22e130a4ef1effddafdf0b9825dc03d83747664e,Feral File — Peer to Peer,111620246613695490106738849263862774922244140225367210165377389379116547016207,"Metaverse Landscape 1: Decentraland Parcel -81, -17 #24",,https://ipfs.bitmark.com/ipfs/Qmaf85GRkKqBeJMu4txNpwmQPFunvkjxR2ujnjY18aM2Tm,ipfs,"data:text/html;base64,PCFET0NUWVBFIGh0bWw+PGh0bWwgbGFuZz0iZW4iPjxoZWFkPjxzY3JpcHQ+IHZhciBkZWZhdWx0QXJ0d29ya0RhdGE9IHtsYW5kT3duZXI6IjB4MDE3N2JhMmFkMDVjYjEyZDZkZDYzNzk2M2UwNDAwOTI2NzZlZThkZSIsIG93bmVyQX",inline,True,
0x22e130a4ef1effddafdf0b9825dc03d83747664e,Feral File — Peer to Peer,111620246613695490106738849263862774922244140225367210165377389379116547016206,"Metaverse Landscape 1: Decentraland Parcel -81, -17 #23",,https://ipfs.bitmark.com/ipfs/Qmaf85GRkKqBeJMu4txNpwmQPFunvkjxR2ujnjY18aM2Tm,ipfs,"data:text/html;base64,PCFET0NUWVBFIGh0bWw+PGh0bWwgbGFuZz0iZW4iPjxoZWFkPjxzY3JpcHQ+IHZhciBkZWZhdWx0QXJ0d29ya0RhdGE9IHtsYW5kT3duZXI6IjB4MDE3N2JhMmFkMDVjYjEyZDZkZDYzNzk2M2UwNDAwOTI2NzZlZThkZSIsIG93bmVyQX",inline,True,
0x22e130a4ef1effddafdf0b9825dc03d83747664e,Feral File — Peer to Peer,111620246613695490106738849263862774922244140225367210165377389379116547016205,"Metaverse Landscape 1: Decentraland Parcel -81, -17 #22",,https://ipfs.bitmark.com/ipfs/Qmaf85GRkKqBeJMu4txNpwmQPFunvkjxR2ujnjY18aM2Tm,ipfs,"data:text/html;base64,PCFET0NUWVBFIGh0bWw+PGh0bWwgbGFuZz0iZW4iPjxoZWFkPjxzY3JpcHQ+IHZhciBkZWZhdWx0QXJ0d29ya0RhdGE9IHtsYW5kT3duZXI6IjB4MDE3N2JhMmFkMDVjYjEyZDZkZDYzNzk2M2UwNDAwOTI2NzZlZThkZSIsIG93bmVyQX",inline,True,
0x22e130a4ef1effddafdf0b9825dc03d83747664e,Feral File — Peer to Peer,111620246613695490106738849263862774922244140225367210165377389379116547016204,"Metaverse Landscape 1: Decentraland Parcel -81, -17 #21",,https://ipfs.bitmark.com/ipfs/Qmaf85GRkKqBeJMu4txNpwmQPFunvkjxR2ujnjY18aM2Tm,ipfs,"data:text/html;base64,PCFET0NUWVBFIGh0bWw+PGh0bWwgbGFuZz0iZW4iPjxoZWFkPjxzY3JpcHQ+IHZhciBkZWZhdWx0QXJ0d29ya0RhdGE9IHtsYW5kT3duZXI6IjB4MDE3N2JhMmFkMDVjYjEyZDZkZDYzNzk2M2UwNDAwOTI2NzZlZThkZSIsIG93bmVyQX",inline,True,
0x22e130a4ef1effddafdf0b9825dc03d83747664e,Feral File — Peer to Peer,111620246613695490106738849263862774922244140225367210165377389379116547016203,"Metaverse Landscape 1: Decentraland Parcel -81, -17 #20",,https://ipfs.bitmark.com/ipfs/Qmaf85GRkKqBeJMu4txNpwmQPFunvkjxR2ujnjY18aM2Tm,ipfs,"data:text/html;base64,PCFET0NUWVBFIGh0bWw+PGh0bWwgbGFuZz0iZW4iPjxoZWFkPjxzY3JpcHQ+IHZhciBkZWZhdWx0QXJ0d29ya0RhdGE9IHtsYW5kT3duZXI6IjB4MDE3N2JhMmFkMDVjYjEyZDZkZDYzNzk2M2UwNDAwOTI2NzZlZThkZSIsIG93bmVyQX",inline,True,
0x22e130a4ef1effddafdf0b9825dc03d83747664e,Feral File — Peer to Peer,111620246613695490106738849263862774922244140225367210165377389379116547016202,"Metaverse Landscape 1: Decentraland Parcel -81, -17 #19",,https://ipfs.bitmark.com/ipfs/Qmaf85GRkKqBeJMu4txNpwmQPFunvkjxR2ujnjY18aM2Tm,ipfs,"data:text/html;base64,PCFET0NUWVBFIGh0bWw+PGh0bWwgbGFuZz0iZW4iPjxoZWFkPjxzY3JpcHQ+IHZhciBkZWZhdWx0QXJ0d29ya0RhdGE9IHtsYW5kT3duZXI6IjB4MDE3N2JhMmFkMDVjYjEyZDZkZDYzNzk2M2UwNDAwOTI2NzZlZThkZSIsIG93bmVyQX",inline,True,
0x22e130a4ef1effddafdf0b9825dc03d83747664e,Feral File — Peer to Peer,111620246613695490106738849263862774922244140225367210165377389379116547016201,"Metaverse Landscape 1: Decentraland Parcel -81, -17 #18",,https://ipfs.bitmark.com/ipfs/Qmaf85GRkKqBeJMu4txNpwmQPFunvkjxR2ujnjY18aM2Tm,ipfs,"data:text/html;base64,PCFET0NUWVBFIGh0bWw+PGh0bWwgbGFuZz0iZW4iPjxoZWFkPjxzY3JpcHQ+IHZhciBkZWZhdWx0QXJ0d29ya0RhdGE9IHtsYW5kT3duZXI6IjB4MDE3N2JhMmFkMDVjYjEyZDZkZDYzNzk2M2UwNDAwOTI2NzZlZThkZSIsIG93bmVyQX",inline,True,
0x22e130a4ef1effddafdf0b9825dc03d83747664e,Feral File — Peer to Peer,111620246613695490106738849263862774922244140225367210165377389379116547016200,"Metaverse Landscape 1: Decentraland Parcel -81, -17 #17",,https://ipfs.bitmark.com/ipfs/Qmaf85GRkKqBeJMu4txNpwmQPFunvkjxR2ujnjY18aM2Tm,ipfs,"data:text/html;base64,PCFET0NUWVBFIGh0bWw+PGh0bWwgbGFuZz0iZW4iPjxoZWFkPjxzY3JpcHQ+IHZhciBkZWZhdWx0QXJ0d29ya0RhdGE9IHtsYW5kT3duZXI6IjB4MDE3N2JhMmFkMDVjYjEyZDZkZDYzNzk2M2UwNDAwOTI2NzZlZThkZSIsIG93bmVyQX",inline,True,
0x22e130a4ef1effddafdf0b9825dc03d83747664e,Feral File — Peer to Peer,111620246613695490106738849263862774922244140225367210165377389379116547016199,"Metaverse Landscape 1: Decentraland Parcel -81, -17 #16",,https://ipfs.bitmark.com/ipfs/Qmaf85GRkKqBeJMu4txNpwmQPFunvkjxR2ujnjY18aM2Tm,ipfs,"data:text/html;base64,PCFET0NUWVBFIGh0bWw+PGh0bWwgbGFuZz0iZW4iPjxoZWFkPjxzY3JpcHQ+IHZhciBkZWZhdWx0QXJ0d29ya0RhdGE9IHtsYW5kT3duZXI6IjB4MDE3N2JhMmFkMDVjYjEyZDZkZDYzNzk2M2UwNDAwOTI2NzZlZThkZSIsIG93bmVyQX",inline,True,
0x22e130a4ef1effddafdf0b9825dc03d83747664e,Feral File — Peer to Peer,111620246613695490106738849263862774922244140225367210165377389379116547016198,"Metaverse Landscape 1: Decentraland Parcel -81, -17 #15",,https://ipfs.bitmark.com/ipfs/Qmaf85GRkKqBeJMu4txNpwmQPFunvkjxR2ujnjY18aM2Tm,ipfs,"data:text/html;base64,PCFET0NUWVBFIGh0bWw+PGh0bWwgbGFuZz0iZW4iPjxoZWFkPjxzY3JpcHQ+IHZhciBkZWZhdWx0QXJ0d29ya0RhdGE9IHtsYW5kT3duZXI6IjB4MDE3N2JhMmFkMDVjYjEyZDZkZDYzNzk2M2UwNDAwOTI2NzZlZThkZSIsIG93bmVyQX",inline,True,
0x22e130a4ef1effddafdf0b9825dc03d83747664e,Feral File — Peer to Peer,111620246613695490106738849263862774922244140225367210165377389379116547016197,"Metaverse Landscape 1: Decentraland Parcel -81, -17 #14",,https://ipfs.bitmark.com/ipfs/Qmaf85GRkKqBeJMu4txNpwmQPFunvkjxR2ujnjY18aM2Tm,ipfs,"data:text/html;base64,PCFET0NUWVBFIGh0bWw+PGh0bWwgbGFuZz0iZW4iPjxoZWFkPjxzY3JpcHQ+IHZhciBkZWZhdWx0QXJ0d29ya0RhdGE9IHtsYW5kT3duZXI6IjB4MDE3N2JhMmFkMDVjYjEyZDZkZDYzNzk2M2UwNDAwOTI2NzZlZThkZSIsIG93bmVyQX",inline,True,
0x22e130a4ef1effddafdf0b9825dc03d83747664e,Feral File — Peer to Peer,111620246613695490106738849263862774922244140225367210165377389379116547016196,"Metaverse Landscape 1: Decentraland Parcel -81, -17 #13",,https://ipfs.bitmark.com/ipfs/Qmaf85GRkKqBeJMu4txNpwmQPFunvkjxR2ujnjY18aM2Tm,ipfs,"data:text/html;base64,PCFET0NUWVBFIGh0bWw+PGh0bWwgbGFuZz0iZW4iPjxoZWFkPjxzY3JpcHQ+IHZhciBkZWZhdWx0QXJ0d29ya0RhdGE9IHtsYW5kT3duZXI6IjB4MDE3N2JhMmFkMDVjYjEyZDZkZDYzNzk2M2UwNDAwOTI2NzZlZThkZSIsIG93bmVyQX",inline,True,
0x22e130a4ef1effddafdf0b9825dc03d83747664e,Feral File — Peer to Peer,111620246613695490106738849263862774922244140225367210165377389379116547016195,"Metaverse Landscape 1: Decentraland Parcel -81, -17 #12",,https://ipfs.bitmark.com/ipfs/Qmaf85GRkKqBeJMu4txNpwmQPFunvkjxR2ujnjY18aM2Tm,ipfs,"data:text/html;base64,PCFET0NUWVBFIGh0bWw+PGh0bWwgbGFuZz0iZW4iPjxoZWFkPjxzY3JpcHQ+IHZhciBkZWZhdWx0QXJ0d29ya0RhdGE9IHtsYW5kT3duZXI6IjB4MDE3N2JhMmFkMDVjYjEyZDZkZDYzNzk2M2UwNDAwOTI2NzZlZThkZSIsIG93bmVyQX",inline,True,
0x22e130a4ef1effddafdf0b9825dc03d83747664e,Feral File — Peer to Peer,111620246613695490106738849263862774922244140225367210165377389379116547016194,"Metaverse Landscape 1: Decentraland Parcel -81, -17 #11",,https://ipfs.bitmark.com/ipfs/Qmaf85GRkKqBeJMu4txNpwmQPFunvkjxR2ujnjY18aM2Tm,ipfs,"data:text/html;base64,PCFET0NUWVBFIGh0bWw+PGh0bWwgbGFuZz0iZW4iPjxoZWFkPjxzY3JpcHQ+IHZhciBkZWZhdWx0QXJ0d29ya0RhdGE9IHtsYW5kT3duZXI6IjB4MDE3N2JhMmFkMDVjYjEyZDZkZDYzNzk2M2UwNDAwOTI2NzZlZThkZSIsIG93bmVyQX",inline,True,
0x22e130a4ef1effddafdf0b9825dc03d83747664e,Feral File — Peer to Peer,111620246613695490106738849263862774922244140225367210165377389379116547016193,"Metaverse Landscape 1: Decentraland Parcel -81, -17 #10",,https://ipfs.bitmark.com/ipfs/Qmaf85GRkKqBeJMu4txNpwmQPFunvkjxR2ujnjY18aM2Tm,ipfs,"data:text/html;base64,PCFET0NUWVBFIGh0bWw+PGh0bWwgbGFuZz0iZW4iPjxoZWFkPjxzY3JpcHQ+IHZhciBkZWZhdWx0QXJ0d29ya0RhdGE9IHtsYW5kT3duZXI6IjB4MDE3N2JhMmFkMDVjYjEyZDZkZDYzNzk2M2UwNDAwOTI2NzZlZThkZSIsIG93bmVyQX",inline,True,
0x22e130a4ef1effddafdf0b9825dc03d83747664e,Feral File — Peer to Peer,111620246613695490106738849263862774922244140225367210165377389379116547016192,"Metaverse Landscape 1: Decentraland Parcel -81, -17 #9",,https://ipfs.bitmark.com/ipfs/Qmaf85GRkKqBeJMu4txNpwmQPFunvkjxR2ujnjY18aM2Tm,ipfs,"data:text/html;base64,PCFET0NUWVBFIGh0bWw+PGh0bWwgbGFuZz0iZW4iPjxoZWFkPjxzY3JpcHQ+IHZhciBkZWZhdWx0QXJ0d29ya0RhdGE9IHtsYW5kT3duZXI6IjB4MDE3N2JhMmFkMDVjYjEyZDZkZDYzNzk2M2UwNDAwOTI2NzZlZThkZSIsIG93bmVyQX",inline,True,
0x22e130a4ef1effddafdf0b9825dc03d83747664e,Feral File — Peer to Peer,111620246613695490106738849263862774922244140225367210165377389379116547016191,"Metaverse Landscape 1: Decentraland Parcel -81, -17 #8",,https://ipfs.bitmark.com/ipfs/Qmaf85GRkKqBeJMu4txNpwmQPFunvkjxR2ujnjY18aM2Tm,ipfs,"data:text/html;base64,PCFET0NUWVBFIGh0bWw+PGh0bWwgbGFuZz0iZW4iPjxoZWFkPjxzY3JpcHQ+IHZhciBkZWZhdWx0QXJ0d29ya0RhdGE9IHtsYW5kT3duZXI6IjB4MDE3N2JhMmFkMDVjYjEyZDZkZDYzNzk2M2UwNDAwOTI2NzZlZThkZSIsIG93bmVyQX",inline,True,
0x22e130a4ef1effddafdf0b9825dc03d83747664e,Feral File — Peer to Peer,111620246613695490106738849263862774922244140225367210165377389379116547016190,"Metaverse Landscape 1: Decentraland Parcel -81, -17 #7",,https://ipfs.bitmark.com/ipfs/Qmaf85GRkKqBeJMu4txNpwmQPFunvkjxR2ujnjY18aM2Tm,ipfs,"data:text/html;base64,PCFET0NUWVBFIGh0bWw+PGh0bWwgbGFuZz0iZW4iPjxoZWFkPjxzY3JpcHQ+IHZhciBkZWZhdWx0QXJ0d29ya0RhdGE9IHtsYW5kT3duZXI6IjB4MDE3N2JhMmFkMDVjYjEyZDZkZDYzNzk2M2UwNDAwOTI2NzZlZThkZSIsIG93bmVyQX",inline,True,
0x22e130a4ef1effddafdf0b9825dc03d83747664e,Feral File — Peer to Peer,111620246613695490106738849263862774922244140225367210165377389379116547016189,"Metaverse Landscape 1: Decentraland Parcel -81, -17 #6",,https://ipfs.bitmark.com/ipfs/Qmaf85GRkKqBeJMu4txNpwmQPFunvkjxR2ujnjY18aM2Tm,ipfs,"data:text/html;base64,PCFET0NUWVBFIGh0bWw+PGh0bWwgbGFuZz0iZW4iPjxoZWFkPjxzY3JpcHQ+IHZhciBkZWZhdWx0QXJ0d29ya0RhdGE9IHtsYW5kT3duZXI6IjB4MDE3N2JhMmFkMDVjYjEyZDZkZDYzNzk2M2UwNDAwOTI2NzZlZThkZSIsIG93bmVyQX",inline,True,
0x22e130a4ef1effddafdf0b9825dc03d83747664e,Feral File — Peer to Peer,111620246613695490106738849263862774922244140225367210165377389379116547016188,"Metaverse Landscape 1: Decentraland Parcel -81, -17 #5",,https://ipfs.bitmark.com/ipfs/Qmaf85GRkKqBeJMu4txNpwmQPFunvkjxR2ujnjY18aM2Tm,ipfs,"data:text/html;base64,PCFET0NUWVBFIGh0bWw+PGh0bWwgbGFuZz0iZW4iPjxoZWFkPjxzY3JpcHQ+IHZhciBkZWZhdWx0QXJ0d29ya0RhdGE9IHtsYW5kT3duZXI6IjB4MDE3N2JhMmFkMDVjYjEyZDZkZDYzNzk2M2UwNDAwOTI2NzZlZThkZSIsIG93bmVyQX",inline,True,
0x22e130a4ef1effddafdf0b9825dc03d83747664e,Feral File — Peer to Peer,111620246613695490106738849263862774922244140225367210165377389379116547016187,"Metaverse Landscape 1: Decentraland Parcel -81, -17 #4",,https://ipfs.bitmark.com/ipfs/Qmaf85GRkKqBeJMu4txNpwmQPFunvkjxR2ujnjY18aM2Tm,ipfs,"data:text/html;base64,PCFET0NUWVBFIGh0bWw+PGh0bWwgbGFuZz0iZW4iPjxoZWFkPjxzY3JpcHQ+IHZhciBkZWZhdWx0QXJ0d29ya0RhdGE9IHtsYW5kT3duZXI6IjB4MDE3N2JhMmFkMDVjYjEyZDZkZDYzNzk2M2UwNDAwOTI2NzZlZThkZSIsIG93bmVyQX",inline,True,
0x22e130a4ef1effddafdf0b9825dc03d83747664e,Feral File — Peer to Peer,111620246613695490106738849263862774922244140225367210165377389379116547016186,"Metaverse Landscape 1: Decentraland Parcel -81, -17 #3",,https://ipfs.bitmark.com/ipfs/Qmaf85GRkKqBeJMu4txNpwmQPFunvkjxR2ujnjY18aM2Tm,ipfs,"data:text/html;base64,PCFET0NUWVBFIGh0bWw+PGh0bWwgbGFuZz0iZW4iPjxoZWFkPjxzY3JpcHQ+IHZhciBkZWZhdWx0QXJ0d29ya0RhdGE9IHtsYW5kT3duZXI6IjB4MDE3N2JhMmFkMDVjYjEyZDZkZDYzNzk2M2UwNDAwOTI2NzZlZThkZSIsIG93bmVyQX",inline,True,
0x22e130a4ef1effddafdf0b9825dc03d83747664e,Feral File — Peer to Peer,111620246613695490106738849263862774922244140225367210165377389379116547016185,"Metaverse Landscape 1: Decentraland Parcel -81, -17 #2",,https://ipfs.bitmark.com/ipfs/Qmaf85GRkKqBeJMu4txNpwmQPFunvkjxR2ujnjY18aM2Tm,ipfs,"data:text/html;base64,PCFET0NUWVBFIGh0bWw+PGh0bWwgbGFuZz0iZW4iPjxoZWFkPjxzY3JpcHQ+IHZhciBkZWZhdWx0QXJ0d29ya0RhdGE9IHtsYW5kT3duZXI6IjB4MDE3N2JhMmFkMDVjYjEyZDZkZDYzNzk2M2UwNDAwOTI2NzZlZThkZSIsIG93bmVyQX",inline,True,
0x22e130a4ef1effddafdf0b9825dc03d83747664e,Feral File — Peer to Peer,111620246613695490106738849263862774922244140225367210165377389379116547016184,"Metaverse Landscape 1: Decentraland Parcel -81, -17 #1",,https://ipfs.bitmark.com/ipfs/Qmaf85GRkKqBeJMu4txNpwmQPFunvkjxR2ujnjY18aM2Tm,ipfs,"data:text/html;base64,PCFET0NUWVBFIGh0bWw+PGh0bWwgbGFuZz0iZW4iPjxoZWFkPjxzY3JpcHQ+IHZhciBkZWZhdWx0QXJ0d29ya0RhdGE9IHtsYW5kT3duZXI6IjB4MDE3N2JhMmFkMDVjYjEyZDZkZDYzNzk2M2UwNDAwOTI2NzZlZThkZSIsIG93bmVyQX",inline,True,
0x22e130a4ef1effddafdf0b9825dc03d83747664e,Feral File — Peer to Peer,111620246613695490106738849263862774922244140225367210165377389379116547016183,"Metaverse Landscape 1: Decentraland Parcel -81, -17 PP",,https://ipfs.bitmark.com/ipfs/Qmaf85GRkKqBeJMu4txNpwmQPFunvkjxR2ujnjY18aM2Tm,ipfs,"data:text/html;base64,PCFET0NUWVBFIGh0bWw+PGh0bWwgbGFuZz0iZW4iPjxoZWFkPjxzY3JpcHQ+IHZhciBkZWZhdWx0QXJ0d29ya0RhdGE9IHtsYW5kT3duZXI6IjB4MDE3N2JhMmFkMDVjYjEyZDZkZDYzNzk2M2UwNDAwOTI2NzZlZThkZSIsIG93bmVyQX",inline,True,
0x22e130a4ef1effddafdf0b9825dc03d83747664e,Feral File — Peer to Peer,111620246613695490106738849263862774922244140225367210165377389379116547016182,"Metaverse Landscape 1: Decentraland Parcel -81, -17 AE",,https://ipfs.bitmark.com/ipfs/Qmaf85GRkKqBeJMu4txNpwmQPFunvkjxR2ujnjY18aM2Tm,ipfs,"data:text/html;base64,PCFET0NUWVBFIGh0bWw+PGh0bWwgbGFuZz0iZW4iPjxoZWFkPjxzY3JpcHQ+IHZhciBkZWZhdWx0QXJ0d29ya0RhdGE9IHtsYW5kT3duZXI6IjB4MDE3N2JhMmFkMDVjYjEyZDZkZDYzNzk2M2UwNDAwOTI2NzZlZThkZSIsIG93bmVyQX",inline,True,
0x22e130a4ef1effddafdf0b9825dc03d83747664e,Feral File — Peer to Peer,111620246613695490106738849263862774922244140225367210165377389379116547016181,"Metaverse Landscape 1: Decentraland Parcel -81, -17 AE",,https://ipfs.bitmark.com/ipfs/Qmaf85GRkKqBeJMu4txNpwmQPFunvkjxR2ujnjY18aM2Tm,ipfs,"data:text/html;base64,PCFET0NUWVBFIGh0bWw+PGh0bWwgbGFuZz0iZW4iPjxoZWFkPjxzY3JpcHQ+IHZhciBkZWZhdWx0QXJ0d29ya0RhdGE9IHtsYW5kT3duZXI6IjB4MDE3N2JhMmFkMDVjYjEyZDZkZDYzNzk2M2UwNDAwOTI2NzZlZThkZSIsIG93bmVyQX",inline,True,
0x22e130a4ef1effddafdf0b9825dc03d83747664e,Feral File — Peer to Peer,111109302664824670737185277429938920398498513320697055470028732876817166971478,Caryatid: Recursion #1,,https://cdn.feralfileassets.com/thumbnails/03292b3d-769f-4235-a8ad-a3517e24f351/1668903882,ff-cdn,https://cdn.feralfileassets.com/previews/03292b3d-769f-4235-a8ad-a3517e24f351/1668713860/preview.mp4,ff-cdn,True,
0x22e130a4ef1effddafdf0b9825dc03d83747664e,Feral File — Peer to Peer,111109302664824670737185277429938920398498513320697055470028732876817166971477,Caryatid: Recursion PP,,https://cdn.feralfileassets.com/thumbnails/03292b3d-769f-4235-a8ad-a3517e24f351/1668903882,ff-cdn,https://cdn.feralfileassets.com/previews/03292b3d-769f-4235-a8ad-a3517e24f351/1668713860/preview.mp4,ff-cdn,True,
0x22e130a4ef1effddafdf0b9825dc03d83747664e,Feral File — Peer to Peer,111109302664824670737185277429938920398498513320697055470028732876817166971476,Caryatid: Recursion AE,,https://cdn.feralfileassets.com/thumbnails/03292b3d-769f-4235-a8ad-a3517e24f351/1668903882,ff-cdn,https://cdn.feralfileassets.com/previews/03292b3d-769f-4235-a8ad-a3517e24f351/1668713860/preview.mp4,ff-cdn,True,
0x22e130a4ef1effddafdf0b9825dc03d83747664e,Feral File — Peer to Peer,111109302664824670737185277429938920398498513320697055470028732876817166971475,Caryatid: Recursion AE,,https://cdn.feralfileassets.com/thumbnails/03292b3d-769f-4235-a8ad-a3517e24f351/1668903882,ff-cdn,https://cdn.feralfileassets.com/previews/03292b3d-769f-4235-a8ad-a3517e24f351/1668713860/preview.mp4,ff-cdn,True,
0x22e130a4ef1effddafdf0b9825dc03d83747664e,Feral File — Peer to Peer,102483456495595525347856182687662158730242810709523643804999349043957638016886,The Bell Machine #1,,https://cdn.feralfileassets.com/thumbnails/4d3d60e8-0f7b-4578-b5a7-efae617c3ce2/1664939721,ff-cdn,https://cdn.feralfileassets.com/previews/4d3d60e8-0f7b-4578-b5a7-efae617c3ce2/1667251143/preview.mp4,ff-cdn,True,
0x22e130a4ef1effddafdf0b9825dc03d83747664e,Feral File — Peer to Peer,102483456495595525347856182687662158730242810709523643804999349043957638016885,The Bell Machine PP,,https://cdn.feralfileassets.com/thumbnails/4d3d60e8-0f7b-4578-b5a7-efae617c3ce2/1664939721,ff-cdn,https://cdn.feralfileassets.com/previews/4d3d60e8-0f7b-4578-b5a7-efae617c3ce2/1667251143/preview.mp4,ff-cdn,True,
0x22e130a4ef1effddafdf0b9825dc03d83747664e,Feral File — Peer to Peer,102483456495595525347856182687662158730242810709523643804999349043957638016884,The Bell Machine AE,,https://cdn.feralfileassets.com/thumbnails/4d3d60e8-0f7b-4578-b5a7-efae617c3ce2/1664939721,ff-cdn,https://cdn.feralfileassets.com/previews/4d3d60e8-0f7b-4578-b5a7-efae617c3ce2/1667251143/preview.mp4,ff-cdn,True,
0x22e130a4ef1effddafdf0b9825dc03d83747664e,Feral File — Peer to Peer,102483456495595525347856182687662158730242810709523643804999349043957638016883,The Bell Machine AE,,https://cdn.feralfileassets.com/thumbnails/4d3d60e8-0f7b-4578-b5a7-efae617c3ce2/1664939721,ff-cdn,https://cdn.feralfileassets.com/previews/4d3d60e8-0f7b-4578-b5a7-efae617c3ce2/1667251143/preview.mp4,ff-cdn,True,
0x22e130a4ef1effddafdf0b9825dc03d83747664e,Feral File — Peer to Peer,91641052224213995292130106305607107853658918792519691461793480796244015798266,Bend #7,,https://cdn.feralfileassets.com/thumbnails/d2bc4191-7730-45d8-9d1f-685d494f3e9e/1666842966,ff-cdn,https://cdn.feralfileassets.com/previews/d2bc4191-7730-45d8-9d1f-685d494f3e9e/1666842992/preview.mp4,ff-cdn,True,
0x22e130a4ef1effddafdf0b9825dc03d83747664e,Feral File — Peer to Peer,91641052224213995292130106305607107853658918792519691461793480796244015798265,Bend #6,,https://cdn.feralfileassets.com/thumbnails/d2bc4191-7730-45d8-9d1f-685d494f3e9e/1666842966,ff-cdn,https://cdn.feralfileassets.com/previews/d2bc4191-7730-45d8-9d1f-685d494f3e9e/1666842992/preview.mp4,ff-cdn,True,
0x22e130a4ef1effddafdf0b9825dc03d83747664e,Feral File — Peer to Peer,91641052224213995292130106305607107853658918792519691461793480796244015798264,Bend #5,,https://cdn.feralfileassets.com/thumbnails/d2bc4191-7730-45d8-9d1f-685d494f3e9e/1666842966,ff-cdn,https://cdn.feralfileassets.com/previews/d2bc4191-7730-45d8-9d1f-685d494f3e9e/1666842992/preview.mp4,ff-cdn,True,
0x22e130a4ef1effddafdf0b9825dc03d83747664e,Feral File — Peer to Peer,91641052224213995292130106305607107853658918792519691461793480796244015798263,Bend #4,,https://cdn.feralfileassets.com/thumbnails/d2bc4191-7730-45d8-9d1f-685d494f3e9e/1666842966,ff-cdn,https://cdn.feralfileassets.com/previews/d2bc4191-7730-45d8-9d1f-685d494f3e9e/1666842992/preview.mp4,ff-cdn,True,
0x22e130a4ef1effddafdf0b9825dc03d83747664e,Feral File — Peer to Peer,91641052224213995292130106305607107853658918792519691461793480796244015798262,Bend #3,,https://cdn.feralfileassets.com/thumbnails/d2bc4191-7730-45d8-9d1f-685d494f3e9e/1666842966,ff-cdn,https://cdn.feralfileassets.com/previews/d2bc4191-7730-45d8-9d1f-685d494f3e9e/1666842992/preview.mp4,ff-cdn,True,
0x22e130a4ef1effddafdf0b9825dc03d83747664e,Feral File — Peer to Peer,91641052224213995292130106305607107853658918792519691461793480796244015798261,Bend #2,,https://cdn.feralfileassets.com/thumbnails/d2bc4191-7730-45d8-9d1f-685d494f3e9e/1666842966,ff-cdn,https://cdn.feralfileassets.com/previews/d2bc4191-7730-45d8-9d1f-685d494f3e9e/1666842992/preview.mp4,ff-cdn,True,
0x22e130a4ef1effddafdf0b9825dc03d83747664e,Feral File — Peer to Peer,91641052224213995292130106305607107853658918792519691461793480796244015798260,Bend #1,,https://cdn.feralfileassets.com/thumbnails/d2bc4191-7730-45d8-9d1f-685d494f3e9e/1666842966,ff-cdn,https://cdn.feralfileassets.com/previews/d2bc4191-7730-45d8-9d1f-685d494f3e9e/1666842992/preview.mp4,ff-cdn,True,
0x22e130a4ef1effddafdf0b9825dc03d83747664e,Feral File — Peer to Peer,91641052224213995292130106305607107853658918792519691461793480796244015798259,Bend PP,,https://cdn.feralfileassets.com/thumbnails/d2bc4191-7730-45d8-9d1f-685d494f3e9e/1666842966,ff-cdn,https://cdn.feralfileassets.com/previews/d2bc4191-7730-45d8-9d1f-685d494f3e9e/1666842992/preview.mp4,ff-cdn,True,
0x22e130a4ef1effddafdf0b9825dc03d83747664e,Feral File — Peer to Peer,91641052224213995292130106305607107853658918792519691461793480796244015798258,Bend AE,,https://cdn.feralfileassets.com/thumbnails/d2bc4191-7730-45d8-9d1f-685d494f3e9e/1666842966,ff-cdn,https://cdn.feralfileassets.com/previews/d2bc4191-7730-45d8-9d1f-685d494f3e9e/1666842992/preview.mp4,ff-cdn,True,
0x22e130a4ef1effddafdf0b9825dc03d83747664e,Feral File — Peer to Peer,91641052224213995292130106305607107853658918792519691461793480796244015798257,Bend AE,,https://cdn.feralfileassets.com/thumbnails/d2bc4191-7730-45d8-9d1f-685d494f3e9e/1666842966,ff-cdn,https://cdn.feralfileassets.com/previews/d2bc4191-7730-45d8-9d1f-685d494f3e9e/1666842992/preview.mp4,ff-cdn,True,
0x22e130a4ef1effddafdf0b9825dc03d83747664e,Feral File — Peer to Peer,84192194988336887268297181860741868331806134895311371625270671533240495509722,Caryatid: Vision #1,,https://cdn.feralfileassets.com/thumbnails/b8e62a5d-cbe8-46c6-8d5c-fd66e06a0984/1668903788,ff-cdn,https://cdn.feralfileassets.com/previews/b8e62a5d-cbe8-46c6-8d5c-fd66e06a0984/1668713694/preview.mp4,ff-cdn,True,
0x22e130a4ef1effddafdf0b9825dc03d83747664e,Feral File — Peer to Peer,84192194988336887268297181860741868331806134895311371625270671533240495509721,Caryatid: Vision PP,,https://cdn.feralfileassets.com/thumbnails/b8e62a5d-cbe8-46c6-8d5c-fd66e06a0984/1668903788,ff-cdn,https://cdn.feralfileassets.com/previews/b8e62a5d-cbe8-46c6-8d5c-fd66e06a0984/1668713694/preview.mp4,ff-cdn,True,
0x22e130a4ef1effddafdf0b9825dc03d83747664e,Feral File — Peer to Peer,84192194988336887268297181860741868331806134895311371625270671533240495509720,Caryatid: Vision AE,,https://cdn.feralfileassets.com/thumbnails/b8e62a5d-cbe8-46c6-8d5c-fd66e06a0984/1668903788,ff-cdn,https://cdn.feralfileassets.com/previews/b8e62a5d-cbe8-46c6-8d5c-fd66e06a0984/1668713694/preview.mp4,ff-cdn,True,
0x22e130a4ef1effddafdf0b9825dc03d83747664e,Feral File — Peer to Peer,84192194988336887268297181860741868331806134895311371625270671533240495509719,Caryatid: Vision AE,,https://cdn.feralfileassets.com/thumbnails/b8e62a5d-cbe8-46c6-8d5c-fd66e06a0984/1668903788,ff-cdn,https://cdn.feralfileassets.com/previews/b8e62a5d-cbe8-46c6-8d5c-fd66e06a0984/1668713694/preview.mp4,ff-cdn,True,
0x22e130a4ef1effddafdf0b9825dc03d83747664e,Feral File — Peer to Peer,81822415981171894284716765232211393989809838876971274183632474922438819548899,CLUB ROTHKO - ORANGE AND YELLOW STARTER PACK #5,,https://cdn.feralfileassets.com/thumbnails/867218d3-8421-4e45-b6b9-eca2fef44f5d/1668730526,ff-cdn,https://cdn.feralfileassets.com/previews/867218d3-8421-4e45-b6b9-eca2fef44f5d/1665618979/preview.mp4,ff-cdn,True,
0x22e130a4ef1effddafdf0b9825dc03d83747664e,Feral File — Peer to Peer,81822415981171894284716765232211393989809838876971274183632474922438819548898,CLUB ROTHKO - ORANGE AND YELLOW STARTER PACK #4,,https://cdn.feralfileassets.com/thumbnails/867218d3-8421-4e45-b6b9-eca2fef44f5d/1668730526,ff-cdn,https://cdn.feralfileassets.com/previews/867218d3-8421-4e45-b6b9-eca2fef44f5d/1665618979/preview.mp4,ff-cdn,True,
0x22e130a4ef1effddafdf0b9825dc03d83747664e,Feral File — Peer to Peer,81822415981171894284716765232211393989809838876971274183632474922438819548897,CLUB ROTHKO - ORANGE AND YELLOW STARTER PACK #3,,https://cdn.feralfileassets.com/thumbnails/867218d3-8421-4e45-b6b9-eca2fef44f5d/1668730526,ff-cdn,https://cdn.feralfileassets.com/previews/867218d3-8421-4e45-b6b9-eca2fef44f5d/1665618979/preview.mp4,ff-cdn,True,
0x22e130a4ef1effddafdf0b9825dc03d83747664e,Feral File — Peer to Peer,81822415981171894284716765232211393989809838876971274183632474922438819548896,CLUB ROTHKO - ORANGE AND YELLOW STARTER PACK #2,,https://cdn.feralfileassets.com/thumbnails/867218d3-8421-4e45-b6b9-eca2fef44f5d/1668730526,ff-cdn,https://cdn.feralfileassets.com/previews/867218d3-8421-4e45-b6b9-eca2fef44f5d/1665618979/preview.mp4,ff-cdn,True,
0x22e130a4ef1effddafdf0b9825dc03d83747664e,Feral File — Peer to Peer,81822415981171894284716765232211393989809838876971274183632474922438819548895,CLUB ROTHKO - ORANGE AND YELLOW STARTER PACK #1,,https://cdn.feralfileassets.com/thumbnails/867218d3-8421-4e45-b6b9-eca2fef44f5d/1668730526,ff-cdn,https://cdn.feralfileassets.com/previews/867218d3-8421-4e45-b6b9-eca2fef44f5d/1665618979/preview.mp4,ff-cdn,True,
0x22e130a4ef1effddafdf0b9825dc03d83747664e,Feral File — Peer to Peer,81822415981171894284716765232211393989809838876971274183632474922438819548894,CLUB ROTHKO - ORANGE AND YELLOW STARTER PACK PP,,https://cdn.feralfileassets.com/thumbnails/867218d3-8421-4e45-b6b9-eca2fef44f5d/1668730526,ff-cdn,https://cdn.feralfileassets.com/previews/867218d3-8421-4e45-b6b9-eca2fef44f5d/1665618979/preview.mp4,ff-cdn,True,
0x22e130a4ef1effddafdf0b9825dc03d83747664e,Feral File — Peer to Peer,81822415981171894284716765232211393989809838876971274183632474922438819548893,CLUB ROTHKO - ORANGE AND YELLOW STARTER PACK AE,,https://cdn.feralfileassets.com/thumbnails/867218d3-8421-4e45-b6b9-eca2fef44f5d/1668730526,ff-cdn,https://cdn.feralfileassets.com/previews/867218d3-8421-4e45-b6b9-eca2fef44f5d/1665618979/preview.mp4,ff-cdn,True,
0x22e130a4ef1effddafdf0b9825dc03d83747664e,Feral File — Peer to Peer,81822415981171894284716765232211393989809838876971274183632474922438819548892,CLUB ROTHKO - ORANGE AND YELLOW STARTER PACK AE,,https://cdn.feralfileassets.com/thumbnails/867218d3-8421-4e45-b6b9-eca2fef44f5d/1668730526,ff-cdn,https://cdn.feralfileassets.com/previews/867218d3-8421-4e45-b6b9-eca2fef44f5d/1665618979/preview.mp4,ff-cdn,True,
0x22e130a4ef1effddafdf0b9825dc03d83747664e,Feral File — Peer to Peer,69037219782415170039743351977361926117918379142220489214116017537486336548227,Swim #1,,https://cdn.feralfileassets.com/thumbnails/5c46d607-e11d-477d-b38d-a9f5f2b7f6d9/1663400795,ff-cdn,https://cdn.feralfileassets.com/previews/5c46d607-e11d-477d-b38d-a9f5f2b7f6d9/1663401360/?edition_number=3&blockchain=ethereum&contract=0x22E130A4ef1eFfDdAFDF0b9825dc03D83747664e&token_id=690372197824,ff-cdn,True,
0x22e130a4ef1effddafdf0b9825dc03d83747664e,Feral File — Peer to Peer,69037219782415170039743351977361926117918379142220489214116017537486336548226,Swim PP,,https://cdn.feralfileassets.com/thumbnails/5c46d607-e11d-477d-b38d-a9f5f2b7f6d9/1663400795,ff-cdn,https://cdn.feralfileassets.com/previews/5c46d607-e11d-477d-b38d-a9f5f2b7f6d9/1663401360/?edition_number=2&blockchain=ethereum&contract=0x22E130A4ef1eFfDdAFDF0b9825dc03D83747664e&token_id=690372197824,ff-cdn,True,
0x22e130a4ef1effddafdf0b9825dc03d83747664e,Feral File — Peer to Peer,69037219782415170039743351977361926117918379142220489214116017537486336548225,Swim AE,,https://cdn.feralfileassets.com/thumbnails/5c46d607-e11d-477d-b38d-a9f5f2b7f6d9/1663400795,ff-cdn,https://cdn.feralfileassets.com/previews/5c46d607-e11d-477d-b38d-a9f5f2b7f6d9/1663401360/?edition_number=1&blockchain=ethereum&contract=0x22E130A4ef1eFfDdAFDF0b9825dc03D83747664e&token_id=690372197824,ff-cdn,True,
0x22e130a4ef1effddafdf0b9825dc03d83747664e,Feral File — Peer to Peer,69037219782415170039743351977361926117918379142220489214116017537486336548224,Swim AE,,https://cdn.feralfileassets.com/thumbnails/5c46d607-e11d-477d-b38d-a9f5f2b7f6d9/1663400795,ff-cdn,https://cdn.feralfileassets.com/previews/5c46d607-e11d-477d-b38d-a9f5f2b7f6d9/1663401360/?edition_number=0&blockchain=ethereum&contract=0x22E130A4ef1eFfDdAFDF0b9825dc03D83747664e&token_id=690372197824,ff-cdn,True,
0x22e130a4ef1effddafdf0b9825dc03d83747664e,Feral File — Peer to Peer,58808081037102973047914285344327235059767077645065607051796863932382238600163,"Evolutionary Games and Spatial Chaos, Letters to Nature, 1992 #1",,https://cdn.feralfileassets.com/thumbnails/f5d3ffb6-99fb-4c50-ac82-d9db3cfd3963/1666639443,ff-cdn,https://cdn.feralfileassets.com/previews/f5d3ffb6-99fb-4c50-ac82-d9db3cfd3963/1666639970/?edition_number=3&blockchain=ethereum&contract=0x22E130A4ef1eFfDdAFDF0b9825dc03D83747664e&token_id=588080810371,ff-cdn,True,
0x22e130a4ef1effddafdf0b9825dc03d83747664e,Feral File — Peer to Peer,58808081037102973047914285344327235059767077645065607051796863932382238600162,"Evolutionary Games and Spatial Chaos, Letters to Nature, 1992 PP",,https://cdn.feralfileassets.com/thumbnails/f5d3ffb6-99fb-4c50-ac82-d9db3cfd3963/1666639443,ff-cdn,https://cdn.feralfileassets.com/previews/f5d3ffb6-99fb-4c50-ac82-d9db3cfd3963/1666639970/?edition_number=2&blockchain=ethereum&contract=0x22E130A4ef1eFfDdAFDF0b9825dc03D83747664e&token_id=588080810371,ff-cdn,True,
0x22e130a4ef1effddafdf0b9825dc03d83747664e,Feral File — Peer to Peer,58808081037102973047914285344327235059767077645065607051796863932382238600161,"Evolutionary Games and Spatial Chaos, Letters to Nature, 1992 AE",,https://cdn.feralfileassets.com/thumbnails/f5d3ffb6-99fb-4c50-ac82-d9db3cfd3963/1666639443,ff-cdn,https://cdn.feralfileassets.com/previews/f5d3ffb6-99fb-4c50-ac82-d9db3cfd3963/1666639970/?edition_number=1&blockchain=ethereum&contract=0x22E130A4ef1eFfDdAFDF0b9825dc03D83747664e&token_id=588080810371,ff-cdn,True,
0x22e130a4ef1effddafdf0b9825dc03d83747664e,Feral File — Peer to Peer,58808081037102973047914285344327235059767077645065607051796863932382238600160,"Evolutionary Games and Spatial Chaos, Letters to Nature, 1992 AE",,https://cdn.feralfileassets.com/thumbnails/f5d3ffb6-99fb-4c50-ac82-d9db3cfd3963/1666639443,ff-cdn,https://cdn.feralfileassets.com/previews/f5d3ffb6-99fb-4c50-ac82-d9db3cfd3963/1666639970/?edition_number=0&blockchain=ethereum&contract=0x22E130A4ef1eFfDdAFDF0b9825dc03D83747664e&token_id=588080810371,ff-cdn,True,
0x22e130a4ef1effddafdf0b9825dc03d83747664e,Feral File — Peer to Peer,45127790317892297463290330756789683137919514630173258349099212122291675493592,Titled (Information as Property as Art) [Ethereum Null Address] #8,,https://cdn.feralfileassets.com/thumbnails/8dfe5559-b967-42f7-9f4a-f7cb1dae9008/1668959516,ff-cdn,,none,True,
0x22e130a4ef1effddafdf0b9825dc03d83747664e,Feral File — Peer to Peer,45127790317892297463290330756789683137919514630173258349099212122291675493591,Titled (Information as Property as Art) [Ethereum Null Address] #7,,https://cdn.feralfileassets.com/thumbnails/8dfe5559-b967-42f7-9f4a-f7cb1dae9008/1668959516,ff-cdn,,none,True,
0x22e130a4ef1effddafdf0b9825dc03d83747664e,Feral File — Peer to Peer,45127790317892297463290330756789683137919514630173258349099212122291675493590,Titled (Information as Property as Art) [Ethereum Null Address] #6,,https://cdn.feralfileassets.com/thumbnails/8dfe5559-b967-42f7-9f4a-f7cb1dae9008/1668959516,ff-cdn,,none,True,
0x22e130a4ef1effddafdf0b9825dc03d83747664e,Feral File — Peer to Peer,45127790317892297463290330756789683137919514630173258349099212122291675493589,Titled (Information as Property as Art) [Ethereum Null Address] #5,,https://cdn.feralfileassets.com/thumbnails/8dfe5559-b967-42f7-9f4a-f7cb1dae9008/1668959516,ff-cdn,,none,True,
0x22e130a4ef1effddafdf0b9825dc03d83747664e,Feral File — Peer to Peer,45127790317892297463290330756789683137919514630173258349099212122291675493588,Titled (Information as Property as Art) [Ethereum Null Address] #4,,https://cdn.feralfileassets.com/thumbnails/8dfe5559-b967-42f7-9f4a-f7cb1dae9008/1668959516,ff-cdn,,none,True,
0x22e130a4ef1effddafdf0b9825dc03d83747664e,Feral File — Peer to Peer,45127790317892297463290330756789683137919514630173258349099212122291675493587,Titled (Information as Property as Art) [Ethereum Null Address] #3,,https://cdn.feralfileassets.com/thumbnails/8dfe5559-b967-42f7-9f4a-f7cb1dae9008/1668959516,ff-cdn,,none,True,
0x22e130a4ef1effddafdf0b9825dc03d83747664e,Feral File — Peer to Peer,45127790317892297463290330756789683137919514630173258349099212122291675493586,Titled (Information as Property as Art) [Ethereum Null Address] #2,,https://cdn.feralfileassets.com/thumbnails/8dfe5559-b967-42f7-9f4a-f7cb1dae9008/1668959516,ff-cdn,,none,True,
0x22e130a4ef1effddafdf0b9825dc03d83747664e,Feral File — Peer to Peer,45127790317892297463290330756789683137919514630173258349099212122291675493585,Titled (Information as Property as Art) [Ethereum Null Address] #1,,https://cdn.feralfileassets.com/thumbnails/8dfe5559-b967-42f7-9f4a-f7cb1dae9008/1668959516,ff-cdn,,none,True,
0x22e130a4ef1effddafdf0b9825dc03d83747664e,Feral File — Peer to Peer,45127790317892297463290330756789683137919514630173258349099212122291675493584,Titled (Information as Property as Art) [Ethereum Null Address] PP,,https://cdn.feralfileassets.com/thumbnails/8dfe5559-b967-42f7-9f4a-f7cb1dae9008/1668959516,ff-cdn,,none,True,
0x22e130a4ef1effddafdf0b9825dc03d83747664e,Feral File — Peer to Peer,45127790317892297463290330756789683137919514630173258349099212122291675493583,Titled (Information as Property as Art) [Ethereum Null Address] AE,,https://cdn.feralfileassets.com/thumbnails/8dfe5559-b967-42f7-9f4a-f7cb1dae9008/1668959516,ff-cdn,,none,True,
0x22e130a4ef1effddafdf0b9825dc03d83747664e,Feral File — Peer to Peer,45127790317892297463290330756789683137919514630173258349099212122291675493582,Titled (Information as Property as Art) [Ethereum Null Address] AE,,https://cdn.feralfileassets.com/thumbnails/8dfe5559-b967-42f7-9f4a-f7cb1dae9008/1668959516,ff-cdn,,none,True,
0x22e130a4ef1effddafdf0b9825dc03d83747664e,Feral File — Peer to Peer,44336782902772445271281414922165901279839521989210301461051430933994537843290,Caryatid: Thought #1,,https://cdn.feralfileassets.com/thumbnails/51de9ede-43ee-43a8-8af5-3771d73eacc7/1668903858,ff-cdn,https://cdn.feralfileassets.com/previews/51de9ede-43ee-43a8-8af5-3771d73eacc7/1668713628/preview.mp4,ff-cdn,True,
0x22e130a4ef1effddafdf0b9825dc03d83747664e,Feral File — Peer to Peer,44336782902772445271281414922165901279839521989210301461051430933994537843289,Caryatid: Thought PP,,https://cdn.feralfileassets.com/thumbnails/51de9ede-43ee-43a8-8af5-3771d73eacc7/1668903858,ff-cdn,https://cdn.feralfileassets.com/previews/51de9ede-43ee-43a8-8af5-3771d73eacc7/1668713628/preview.mp4,ff-cdn,True,
0x22e130a4ef1effddafdf0b9825dc03d83747664e,Feral File — Peer to Peer,44336782902772445271281414922165901279839521989210301461051430933994537843288,Caryatid: Thought AE,,https://cdn.feralfileassets.com/thumbnails/51de9ede-43ee-43a8-8af5-3771d73eacc7/1668903858,ff-cdn,https://cdn.feralfileassets.com/previews/51de9ede-43ee-43a8-8af5-3771d73eacc7/1668713628/preview.mp4,ff-cdn,True,
0x22e130a4ef1effddafdf0b9825dc03d83747664e,Feral File — Peer to Peer,44336782902772445271281414922165901279839521989210301461051430933994537843287,Caryatid: Thought AE,,https://cdn.feralfileassets.com/thumbnails/51de9ede-43ee-43a8-8af5-3771d73eacc7/1668903858,ff-cdn,https://cdn.feralfileassets.com/previews/51de9ede-43ee-43a8-8af5-3771d73eacc7/1668713628/preview.mp4,ff-cdn,True,
0x22e130a4ef1effddafdf0b9825dc03d83747664e,Feral File — Peer to Peer,34585829179764704558776471721101382364497188835544837351424684262481243220358,+rave-sing (traversing) #1,,https://cdn.feralfileassets.com/thumbnails/e03b37b6-2d2d-41d1-ac24-673e08600ac8/1667836183,ff-cdn,https://cdn.feralfileassets.com/previews/e03b37b6-2d2d-41d1-ac24-673e08600ac8/1667836783/preview.gif,ff-cdn,True,
0x22e130a4ef1effddafdf0b9825dc03d83747664e,Feral File — Peer to Peer,34585829179764704558776471721101382364497188835544837351424684262481243220357,+rave-sing (traversing) PP,,https://cdn.feralfileassets.com/thumbnails/e03b37b6-2d2d-41d1-ac24-673e08600ac8/1667836183,ff-cdn,https://cdn.feralfileassets.com/previews/e03b37b6-2d2d-41d1-ac24-673e08600ac8/1667836783/preview.gif,ff-cdn,True,
0x22e130a4ef1effddafdf0b9825dc03d83747664e,Feral File — Peer to Peer,34585829179764704558776471721101382364497188835544837351424684262481243220356,+rave-sing (traversing) AE,,https://cdn.feralfileassets.com/thumbnails/e03b37b6-2d2d-41d1-ac24-673e08600ac8/1667836183,ff-cdn,https://cdn.feralfileassets.com/previews/e03b37b6-2d2d-41d1-ac24-673e08600ac8/1667836783/preview.gif,ff-cdn,True,
0x22e130a4ef1effddafdf0b9825dc03d83747664e,Feral File — Peer to Peer,34585829179764704558776471721101382364497188835544837351424684262481243220355,+rave-sing (traversing) AE,,https://cdn.feralfileassets.com/thumbnails/e03b37b6-2d2d-41d1-ac24-673e08600ac8/1667836183,ff-cdn,https://cdn.feralfileassets.com/previews/e03b37b6-2d2d-41d1-ac24-673e08600ac8/1667836783/preview.gif,ff-cdn,True,
0x22e130a4ef1effddafdf0b9825dc03d83747664e,Feral File — Peer to Peer,25811853076941608055270457512038717433705462539422789705262203111341130500812,Winslow Homer’s Croquet Challenge #50,,https://cdn.feralfileassets.com/thumbnails/91765bc5-8815-4620-8268-80516d531dc0/1667336455,ff-cdn,https://cdn.feralfileassets.com/previews/91765bc5-8815-4620-8268-80516d531dc0/1668956899/?edition_number=52&blockchain=ethereum&contract=0x22E130A4ef1eFfDdAFDF0b9825dc03D83747664e&token_id=25811853076,ff-cdn,True,
0x22e130a4ef1effddafdf0b9825dc03d83747664e,Feral File — Peer to Peer,25811853076941608055270457512038717433705462539422789705262203111341130500811,Winslow Homer’s Croquet Challenge #49,,https://cdn.feralfileassets.com/thumbnails/91765bc5-8815-4620-8268-80516d531dc0/1667336455,ff-cdn,https://cdn.feralfileassets.com/previews/91765bc5-8815-4620-8268-80516d531dc0/1668956899/?edition_number=51&blockchain=ethereum&contract=0x22E130A4ef1eFfDdAFDF0b9825dc03D83747664e&token_id=25811853076,ff-cdn,True,
0x22e130a4ef1effddafdf0b9825dc03d83747664e,Feral File — Peer to Peer,25811853076941608055270457512038717433705462539422789705262203111341130500810,Winslow Homer’s Croquet Challenge #48,,https://cdn.feralfileassets.com/thumbnails/91765bc5-8815-4620-8268-80516d531dc0/1667336455,ff-cdn,https://cdn.feralfileassets.com/previews/91765bc5-8815-4620-8268-80516d531dc0/1668956899/?edition_number=50&blockchain=ethereum&contract=0x22E130A4ef1eFfDdAFDF0b9825dc03D83747664e&token_id=25811853076,ff-cdn,True,
0x22e130a4ef1effddafdf0b9825dc03d83747664e,Feral File — Peer to Peer,25811853076941608055270457512038717433705462539422789705262203111341130500809,Winslow Homer’s Croquet Challenge #47,,https://cdn.feralfileassets.com/thumbnails/91765bc5-8815-4620-8268-80516d531dc0/1667336455,ff-cdn,https://cdn.feralfileassets.com/previews/91765bc5-8815-4620-8268-80516d531dc0/1668956899/?edition_number=49&blockchain=ethereum&contract=0x22E130A4ef1eFfDdAFDF0b9825dc03D83747664e&token_id=25811853076,ff-cdn,True,
0x22e130a4ef1effddafdf0b9825dc03d83747664e,Feral File — Peer to Peer,25811853076941608055270457512038717433705462539422789705262203111341130500808,Winslow Homer’s Croquet Challenge #46,,https://cdn.feralfileassets.com/thumbnails/91765bc5-8815-4620-8268-80516d531dc0/1667336455,ff-cdn,https://cdn.feralfileassets.com/previews/91765bc5-8815-4620-8268-80516d531dc0/1668956899/?edition_number=48&blockchain=ethereum&contract=0x22E130A4ef1eFfDdAFDF0b9825dc03D83747664e&token_id=25811853076,ff-cdn,True,
0x22e130a4ef1effddafdf0b9825dc03d83747664e,Feral File — Peer to Peer,25811853076941608055270457512038717433705462539422789705262203111341130500807,Winslow Homer’s Croquet Challenge #45,,https://cdn.feralfileassets.com/thumbnails/91765bc5-8815-4620-8268-80516d531dc0/1667336455,ff-cdn,https://cdn.feralfileassets.com/previews/91765bc5-8815-4620-8268-80516d531dc0/1668956899/?edition_number=47&blockchain=ethereum&contract=0x22E130A4ef1eFfDdAFDF0b9825dc03D83747664e&token_id=25811853076,ff-cdn,True,
0x22e130a4ef1effddafdf0b9825dc03d83747664e,Feral File — Peer to Peer,25811853076941608055270457512038717433705462539422789705262203111341130500806,Winslow Homer’s Croquet Challenge #44,,https://cdn.feralfileassets.com/thumbnails/91765bc5-8815-4620-8268-80516d531dc0/1667336455,ff-cdn,https://cdn.feralfileassets.com/previews/91765bc5-8815-4620-8268-80516d531dc0/1668956899/?edition_number=46&blockchain=ethereum&contract=0x22E130A4ef1eFfDdAFDF0b9825dc03D83747664e&token_id=25811853076,ff-cdn,True,
0x22e130a4ef1effddafdf0b9825dc03d83747664e,Feral File — Peer to Peer,25811853076941608055270457512038717433705462539422789705262203111341130500805,Winslow Homer’s Croquet Challenge #43,,https://cdn.feralfileassets.com/thumbnails/91765bc5-8815-4620-8268-80516d531dc0/1667336455,ff-cdn,https://cdn.feralfileassets.com/previews/91765bc5-8815-4620-8268-80516d531dc0/1668956899/?edition_number=45&blockchain=ethereum&contract=0x22E130A4ef1eFfDdAFDF0b9825dc03D83747664e&token_id=25811853076,ff-cdn,True,
0x22e130a4ef1effddafdf0b9825dc03d83747664e,Feral File — Peer to Peer,25811853076941608055270457512038717433705462539422789705262203111341130500804,Winslow Homer’s Croquet Challenge #42,,https://cdn.feralfileassets.com/thumbnails/91765bc5-8815-4620-8268-80516d531dc0/1667336455,ff-cdn,https://cdn.feralfileassets.com/previews/91765bc5-8815-4620-8268-80516d531dc0/1668956899/?edition_number=44&blockchain=ethereum&contract=0x22E130A4ef1eFfDdAFDF0b9825dc03D83747664e&token_id=25811853076,ff-cdn,True,
0x22e130a4ef1effddafdf0b9825dc03d83747664e,Feral File — Peer to Peer,25811853076941608055270457512038717433705462539422789705262203111341130500803,Winslow Homer’s Croquet Challenge #41,,https://cdn.feralfileassets.com/thumbnails/91765bc5-8815-4620-8268-80516d531dc0/1667336455,ff-cdn,https://cdn.feralfileassets.com/previews/91765bc5-8815-4620-8268-80516d531dc0/1668956899/?edition_number=43&blockchain=ethereum&contract=0x22E130A4ef1eFfDdAFDF0b9825dc03D83747664e&token_id=25811853076,ff-cdn,True,
0x22e130a4ef1effddafdf0b9825dc03d83747664e,Feral File — Peer to Peer,25811853076941608055270457512038717433705462539422789705262203111341130500802,Winslow Homer’s Croquet Challenge #40,,https://cdn.feralfileassets.com/thumbnails/91765bc5-8815-4620-8268-80516d531dc0/1667336455,ff-cdn,https://cdn.feralfileassets.com/previews/91765bc5-8815-4620-8268-80516d531dc0/1668956899/?edition_number=42&blockchain=ethereum&contract=0x22E130A4ef1eFfDdAFDF0b9825dc03D83747664e&token_id=25811853076,ff-cdn,True,
0x22e130a4ef1effddafdf0b9825dc03d83747664e,Feral File — Peer to Peer,25811853076941608055270457512038717433705462539422789705262203111341130500801,Winslow Homer’s Croquet Challenge #39,,https://cdn.feralfileassets.com/thumbnails/91765bc5-8815-4620-8268-80516d531dc0/1667336455,ff-cdn,https://cdn.feralfileassets.com/previews/91765bc5-8815-4620-8268-80516d531dc0/1668956899/?edition_number=41&blockchain=ethereum&contract=0x22E130A4ef1eFfDdAFDF0b9825dc03D83747664e&token_id=25811853076,ff-cdn,True,
0x22e130a4ef1effddafdf0b9825dc03d83747664e,Feral File — Peer to Peer,25811853076941608055270457512038717433705462539422789705262203111341130500800,Winslow Homer’s Croquet Challenge #38,,https://cdn.feralfileassets.com/thumbnails/91765bc5-8815-4620-8268-80516d531dc0/1667336455,ff-cdn,https://cdn.feralfileassets.com/previews/91765bc5-8815-4620-8268-80516d531dc0/1668956899/?edition_number=40&blockchain=ethereum&contract=0x22E130A4ef1eFfDdAFDF0b9825dc03D83747664e&token_id=25811853076,ff-cdn,True,
0x22e130a4ef1effddafdf0b9825dc03d83747664e,Feral File — Peer to Peer,25811853076941608055270457512038717433705462539422789705262203111341130500799,Winslow Homer’s Croquet Challenge #37,,https://cdn.feralfileassets.com/thumbnails/91765bc5-8815-4620-8268-80516d531dc0/1667336455,ff-cdn,https://cdn.feralfileassets.com/previews/91765bc5-8815-4620-8268-80516d531dc0/1668956899/?edition_number=39&blockchain=ethereum&contract=0x22E130A4ef1eFfDdAFDF0b9825dc03D83747664e&token_id=25811853076,ff-cdn,True,
0x22e130a4ef1effddafdf0b9825dc03d83747664e,Feral File — Peer to Peer,25811853076941608055270457512038717433705462539422789705262203111341130500798,Winslow Homer’s Croquet Challenge #36,,https://cdn.feralfileassets.com/thumbnails/91765bc5-8815-4620-8268-80516d531dc0/1667336455,ff-cdn,https://cdn.feralfileassets.com/previews/91765bc5-8815-4620-8268-80516d531dc0/1668956899/?edition_number=38&blockchain=ethereum&contract=0x22E130A4ef1eFfDdAFDF0b9825dc03D83747664e&token_id=25811853076,ff-cdn,True,
0x22e130a4ef1effddafdf0b9825dc03d83747664e,Feral File — Peer to Peer,25811853076941608055270457512038717433705462539422789705262203111341130500797,Winslow Homer’s Croquet Challenge #35,,https://cdn.feralfileassets.com/thumbnails/91765bc5-8815-4620-8268-80516d531dc0/1667336455,ff-cdn,https://cdn.feralfileassets.com/previews/91765bc5-8815-4620-8268-80516d531dc0/1668956899/?edition_number=37&blockchain=ethereum&contract=0x22E130A4ef1eFfDdAFDF0b9825dc03D83747664e&token_id=25811853076,ff-cdn,True,
0x22e130a4ef1effddafdf0b9825dc03d83747664e,Feral File — Peer to Peer,25811853076941608055270457512038717433705462539422789705262203111341130500796,Winslow Homer’s Croquet Challenge #34,,https://cdn.feralfileassets.com/thumbnails/91765bc5-8815-4620-8268-80516d531dc0/1667336455,ff-cdn,https://cdn.feralfileassets.com/previews/91765bc5-8815-4620-8268-80516d531dc0/1668956899/?edition_number=36&blockchain=ethereum&contract=0x22E130A4ef1eFfDdAFDF0b9825dc03D83747664e&token_id=25811853076,ff-cdn,True,
0x22e130a4ef1effddafdf0b9825dc03d83747664e,Feral File — Peer to Peer,25811853076941608055270457512038717433705462539422789705262203111341130500795,Winslow Homer’s Croquet Challenge #33,,https://cdn.feralfileassets.com/thumbnails/91765bc5-8815-4620-8268-80516d531dc0/1667336455,ff-cdn,https://cdn.feralfileassets.com/previews/91765bc5-8815-4620-8268-80516d531dc0/1668956899/?edition_number=35&blockchain=ethereum&contract=0x22E130A4ef1eFfDdAFDF0b9825dc03D83747664e&token_id=25811853076,ff-cdn,True,
0x22e130a4ef1effddafdf0b9825dc03d83747664e,Feral File — Peer to Peer,25811853076941608055270457512038717433705462539422789705262203111341130500794,Winslow Homer’s Croquet Challenge #32,,https://cdn.feralfileassets.com/thumbnails/91765bc5-8815-4620-8268-80516d531dc0/1667336455,ff-cdn,https://cdn.feralfileassets.com/previews/91765bc5-8815-4620-8268-80516d531dc0/1668956899/?edition_number=34&blockchain=ethereum&contract=0x22E130A4ef1eFfDdAFDF0b9825dc03D83747664e&token_id=25811853076,ff-cdn,True,
0x22e130a4ef1effddafdf0b9825dc03d83747664e,Feral File — Peer to Peer,25811853076941608055270457512038717433705462539422789705262203111341130500793,Winslow Homer’s Croquet Challenge #31,,https://cdn.feralfileassets.com/thumbnails/91765bc5-8815-4620-8268-80516d531dc0/1667336455,ff-cdn,https://cdn.feralfileassets.com/previews/91765bc5-8815-4620-8268-80516d531dc0/1668956899/?edition_number=33&blockchain=ethereum&contract=0x22E130A4ef1eFfDdAFDF0b9825dc03D83747664e&token_id=25811853076,ff-cdn,True,
0x22e130a4ef1effddafdf0b9825dc03d83747664e,Feral File — Peer to Peer,25811853076941608055270457512038717433705462539422789705262203111341130500792,Winslow Homer’s Croquet Challenge #30,,https://cdn.feralfileassets.com/thumbnails/91765bc5-8815-4620-8268-80516d531dc0/1667336455,ff-cdn,https://cdn.feralfileassets.com/previews/91765bc5-8815-4620-8268-80516d531dc0/1668956899/?edition_number=32&blockchain=ethereum&contract=0x22E130A4ef1eFfDdAFDF0b9825dc03D83747664e&token_id=25811853076,ff-cdn,True,
0x22e130a4ef1effddafdf0b9825dc03d83747664e,Feral File — Peer to Peer,25811853076941608055270457512038717433705462539422789705262203111341130500791,Winslow Homer’s Croquet Challenge #29,,https://cdn.feralfileassets.com/thumbnails/91765bc5-8815-4620-8268-80516d531dc0/1667336455,ff-cdn,https://cdn.feralfileassets.com/previews/91765bc5-8815-4620-8268-80516d531dc0/1668956899/?edition_number=31&blockchain=ethereum&contract=0x22E130A4ef1eFfDdAFDF0b9825dc03D83747664e&token_id=25811853076,ff-cdn,True,
0x22e130a4ef1effddafdf0b9825dc03d83747664e,Feral File — Peer to Peer,25811853076941608055270457512038717433705462539422789705262203111341130500790,Winslow Homer’s Croquet Challenge #28,,https://cdn.feralfileassets.com/thumbnails/91765bc5-8815-4620-8268-80516d531dc0/1667336455,ff-cdn,https://cdn.feralfileassets.com/previews/91765bc5-8815-4620-8268-80516d531dc0/1668956899/?edition_number=30&blockchain=ethereum&contract=0x22E130A4ef1eFfDdAFDF0b9825dc03D83747664e&token_id=25811853076,ff-cdn,True,
0x22e130a4ef1effddafdf0b9825dc03d83747664e,Feral File — Peer to Peer,25811853076941608055270457512038717433705462539422789705262203111341130500789,Winslow Homer’s Croquet Challenge #27,,https://cdn.feralfileassets.com/thumbnails/91765bc5-8815-4620-8268-80516d531dc0/1667336455,ff-cdn,https://cdn.feralfileassets.com/previews/91765bc5-8815-4620-8268-80516d531dc0/1668956899/?edition_number=29&blockchain=ethereum&contract=0x22E130A4ef1eFfDdAFDF0b9825dc03D83747664e&token_id=25811853076,ff-cdn,True,
0x22e130a4ef1effddafdf0b9825dc03d83747664e,Feral File — Peer to Peer,25811853076941608055270457512038717433705462539422789705262203111341130500788,Winslow Homer’s Croquet Challenge #26,,https://cdn.feralfileassets.com/thumbnails/91765bc5-8815-4620-8268-80516d531dc0/1667336455,ff-cdn,https://cdn.feralfileassets.com/previews/91765bc5-8815-4620-8268-80516d531dc0/1668956899/?edition_number=28&blockchain=ethereum&contract=0x22E130A4ef1eFfDdAFDF0b9825dc03D83747664e&token_id=25811853076,ff-cdn,True,
0x22e130a4ef1effddafdf0b9825dc03d83747664e,Feral File — Peer to Peer,25811853076941608055270457512038717433705462539422789705262203111341130500787,Winslow Homer’s Croquet Challenge #25,,https://cdn.feralfileassets.com/thumbnails/91765bc5-8815-4620-8268-80516d531dc0/1667336455,ff-cdn,https://cdn.feralfileassets.com/previews/91765bc5-8815-4620-8268-80516d531dc0/1668956899/?edition_number=27&blockchain=ethereum&contract=0x22E130A4ef1eFfDdAFDF0b9825dc03D83747664e&token_id=25811853076,ff-cdn,True,
0x22e130a4ef1effddafdf0b9825dc03d83747664e,Feral File — Peer to Peer,25811853076941608055270457512038717433705462539422789705262203111341130500786,Winslow Homer’s Croquet Challenge #24,,https://cdn.feralfileassets.com/thumbnails/91765bc5-8815-4620-8268-80516d531dc0/1667336455,ff-cdn,https://cdn.feralfileassets.com/previews/91765bc5-8815-4620-8268-80516d531dc0/1668956899/?edition_number=26&blockchain=ethereum&contract=0x22E130A4ef1eFfDdAFDF0b9825dc03D83747664e&token_id=25811853076,ff-cdn,True,
0x22e130a4ef1effddafdf0b9825dc03d83747664e,Feral File — Peer to Peer,25811853076941608055270457512038717433705462539422789705262203111341130500785,Winslow Homer’s Croquet Challenge #23,,https://cdn.feralfileassets.com/thumbnails/91765bc5-8815-4620-8268-80516d531dc0/1667336455,ff-cdn,https://cdn.feralfileassets.com/previews/91765bc5-8815-4620-8268-80516d531dc0/1668956899/?edition_number=25&blockchain=ethereum&contract=0x22E130A4ef1eFfDdAFDF0b9825dc03D83747664e&token_id=25811853076,ff-cdn,True,
0x22e130a4ef1effddafdf0b9825dc03d83747664e,Feral File — Peer to Peer,25811853076941608055270457512038717433705462539422789705262203111341130500784,Winslow Homer’s Croquet Challenge #22,,https://cdn.feralfileassets.com/thumbnails/91765bc5-8815-4620-8268-80516d531dc0/1667336455,ff-cdn,https://cdn.feralfileassets.com/previews/91765bc5-8815-4620-8268-80516d531dc0/1668956899/?edition_number=24&blockchain=ethereum&contract=0x22E130A4ef1eFfDdAFDF0b9825dc03D83747664e&token_id=25811853076,ff-cdn,True,
0x22e130a4ef1effddafdf0b9825dc03d83747664e,Feral File — Peer to Peer,25811853076941608055270457512038717433705462539422789705262203111341130500783,Winslow Homer’s Croquet Challenge #21,,https://cdn.feralfileassets.com/thumbnails/91765bc5-8815-4620-8268-80516d531dc0/1667336455,ff-cdn,https://cdn.feralfileassets.com/previews/91765bc5-8815-4620-8268-80516d531dc0/1668956899/?edition_number=23&blockchain=ethereum&contract=0x22E130A4ef1eFfDdAFDF0b9825dc03D83747664e&token_id=25811853076,ff-cdn,True,
0x22e130a4ef1effddafdf0b9825dc03d83747664e,Feral File — Peer to Peer,25811853076941608055270457512038717433705462539422789705262203111341130500782,Winslow Homer’s Croquet Challenge #20,,https://cdn.feralfileassets.com/thumbnails/91765bc5-8815-4620-8268-80516d531dc0/1667336455,ff-cdn,https://cdn.feralfileassets.com/previews/91765bc5-8815-4620-8268-80516d531dc0/1668956899/?edition_number=22&blockchain=ethereum&contract=0x22E130A4ef1eFfDdAFDF0b9825dc03D83747664e&token_id=25811853076,ff-cdn,True,
0x22e130a4ef1effddafdf0b9825dc03d83747664e,Feral File — Peer to Peer,25811853076941608055270457512038717433705462539422789705262203111341130500781,Winslow Homer’s Croquet Challenge #19,,https://cdn.feralfileassets.com/thumbnails/91765bc5-8815-4620-8268-80516d531dc0/1667336455,ff-cdn,https://cdn.feralfileassets.com/previews/91765bc5-8815-4620-8268-80516d531dc0/1668956899/?edition_number=21&blockchain=ethereum&contract=0x22E130A4ef1eFfDdAFDF0b9825dc03D83747664e&token_id=25811853076,ff-cdn,True,
0x22e130a4ef1effddafdf0b9825dc03d83747664e,Feral File — Peer to Peer,25811853076941608055270457512038717433705462539422789705262203111341130500780,Winslow Homer’s Croquet Challenge #18,,https://cdn.feralfileassets.com/thumbnails/91765bc5-8815-4620-8268-80516d531dc0/1667336455,ff-cdn,https://cdn.feralfileassets.com/previews/91765bc5-8815-4620-8268-80516d531dc0/1668956899/?edition_number=20&blockchain=ethereum&contract=0x22E130A4ef1eFfDdAFDF0b9825dc03D83747664e&token_id=25811853076,ff-cdn,True,
0x22e130a4ef1effddafdf0b9825dc03d83747664e,Feral File — Peer to Peer,25811853076941608055270457512038717433705462539422789705262203111341130500779,Winslow Homer’s Croquet Challenge #17,,https://cdn.feralfileassets.com/thumbnails/91765bc5-8815-4620-8268-80516d531dc0/1667336455,ff-cdn,https://cdn.feralfileassets.com/previews/91765bc5-8815-4620-8268-80516d531dc0/1668956899/?edition_number=19&blockchain=ethereum&contract=0x22E130A4ef1eFfDdAFDF0b9825dc03D83747664e&token_id=25811853076,ff-cdn,True,
0x22e130a4ef1effddafdf0b9825dc03d83747664e,Feral File — Peer to Peer,25811853076941608055270457512038717433705462539422789705262203111341130500778,Winslow Homer’s Croquet Challenge #16,,https://cdn.feralfileassets.com/thumbnails/91765bc5-8815-4620-8268-80516d531dc0/1667336455,ff-cdn,https://cdn.feralfileassets.com/previews/91765bc5-8815-4620-8268-80516d531dc0/1668956899/?edition_number=18&blockchain=ethereum&contract=0x22E130A4ef1eFfDdAFDF0b9825dc03D83747664e&token_id=25811853076,ff-cdn,True,
0x22e130a4ef1effddafdf0b9825dc03d83747664e,Feral File — Peer to Peer,25811853076941608055270457512038717433705462539422789705262203111341130500777,Winslow Homer’s Croquet Challenge #15,,https://cdn.feralfileassets.com/thumbnails/91765bc5-8815-4620-8268-80516d531dc0/1667336455,ff-cdn,https://cdn.feralfileassets.com/previews/91765bc5-8815-4620-8268-80516d531dc0/1668956899/?edition_number=17&blockchain=ethereum&contract=0x22E130A4ef1eFfDdAFDF0b9825dc03D83747664e&token_id=25811853076,ff-cdn,True,
0x22e130a4ef1effddafdf0b9825dc03d83747664e,Feral File — Peer to Peer,25811853076941608055270457512038717433705462539422789705262203111341130500776,Winslow Homer’s Croquet Challenge #14,,https://cdn.feralfileassets.com/thumbnails/91765bc5-8815-4620-8268-80516d531dc0/1667336455,ff-cdn,https://cdn.feralfileassets.com/previews/91765bc5-8815-4620-8268-80516d531dc0/1668956899/?edition_number=16&blockchain=ethereum&contract=0x22E130A4ef1eFfDdAFDF0b9825dc03D83747664e&token_id=25811853076,ff-cdn,True,
0x22e130a4ef1effddafdf0b9825dc03d83747664e,Feral File — Peer to Peer,25811853076941608055270457512038717433705462539422789705262203111341130500775,Winslow Homer’s Croquet Challenge #13,,https://cdn.feralfileassets.com/thumbnails/91765bc5-8815-4620-8268-80516d531dc0/1667336455,ff-cdn,https://cdn.feralfileassets.com/previews/91765bc5-8815-4620-8268-80516d531dc0/1668956899/?edition_number=15&blockchain=ethereum&contract=0x22E130A4ef1eFfDdAFDF0b9825dc03D83747664e&token_id=25811853076,ff-cdn,True,
0x22e130a4ef1effddafdf0b9825dc03d83747664e,Feral File — Peer to Peer,25811853076941608055270457512038717433705462539422789705262203111341130500774,Winslow Homer’s Croquet Challenge #12,,https://cdn.feralfileassets.com/thumbnails/91765bc5-8815-4620-8268-80516d531dc0/1667336455,ff-cdn,https://cdn.feralfileassets.com/previews/91765bc5-8815-4620-8268-80516d531dc0/1668956899/?edition_number=14&blockchain=ethereum&contract=0x22E130A4ef1eFfDdAFDF0b9825dc03D83747664e&token_id=25811853076,ff-cdn,True,
0x22e130a4ef1effddafdf0b9825dc03d83747664e,Feral File — Peer to Peer,25811853076941608055270457512038717433705462539422789705262203111341130500773,Winslow Homer’s Croquet Challenge #11,,https://cdn.feralfileassets.com/thumbnails/91765bc5-8815-4620-8268-80516d531dc0/1667336455,ff-cdn,https://cdn.feralfileassets.com/previews/91765bc5-8815-4620-8268-80516d531dc0/1668956899/?edition_number=13&blockchain=ethereum&contract=0x22E130A4ef1eFfDdAFDF0b9825dc03D83747664e&token_id=25811853076,ff-cdn,True,
0x22e130a4ef1effddafdf0b9825dc03d83747664e,Feral File — Peer to Peer,25811853076941608055270457512038717433705462539422789705262203111341130500772,Winslow Homer’s Croquet Challenge #10,,https://cdn.feralfileassets.com/thumbnails/91765bc5-8815-4620-8268-80516d531dc0/1667336455,ff-cdn,https://cdn.feralfileassets.com/previews/91765bc5-8815-4620-8268-80516d531dc0/1668956899/?edition_number=12&blockchain=ethereum&contract=0x22E130A4ef1eFfDdAFDF0b9825dc03D83747664e&token_id=25811853076,ff-cdn,True,
0x22e130a4ef1effddafdf0b9825dc03d83747664e,Feral File — Peer to Peer,25811853076941608055270457512038717433705462539422789705262203111341130500771,Winslow Homer’s Croquet Challenge #9,,https://cdn.feralfileassets.com/thumbnails/91765bc5-8815-4620-8268-80516d531dc0/1667336455,ff-cdn,https://cdn.feralfileassets.com/previews/91765bc5-8815-4620-8268-80516d531dc0/1668956899/?edition_number=11&blockchain=ethereum&contract=0x22E130A4ef1eFfDdAFDF0b9825dc03D83747664e&token_id=25811853076,ff-cdn,True,
0x22e130a4ef1effddafdf0b9825dc03d83747664e,Feral File — Peer to Peer,25811853076941608055270457512038717433705462539422789705262203111341130500770,Winslow Homer’s Croquet Challenge #8,,https://cdn.feralfileassets.com/thumbnails/91765bc5-8815-4620-8268-80516d531dc0/1667336455,ff-cdn,https://cdn.feralfileassets.com/previews/91765bc5-8815-4620-8268-80516d531dc0/1668956899/?edition_number=10&blockchain=ethereum&contract=0x22E130A4ef1eFfDdAFDF0b9825dc03D83747664e&token_id=25811853076,ff-cdn,True,
0x22e130a4ef1effddafdf0b9825dc03d83747664e,Feral File — Peer to Peer,25811853076941608055270457512038717433705462539422789705262203111341130500769,Winslow Homer’s Croquet Challenge #7,,https://cdn.feralfileassets.com/thumbnails/91765bc5-8815-4620-8268-80516d531dc0/1667336455,ff-cdn,https://cdn.feralfileassets.com/previews/91765bc5-8815-4620-8268-80516d531dc0/1668956899/?edition_number=9&blockchain=ethereum&contract=0x22E130A4ef1eFfDdAFDF0b9825dc03D83747664e&token_id=258118530769,ff-cdn,True,
0x22e130a4ef1effddafdf0b9825dc03d83747664e,Feral File — Peer to Peer,25811853076941608055270457512038717433705462539422789705262203111341130500768,Winslow Homer’s Croquet Challenge #6,,https://cdn.feralfileassets.com/thumbnails/91765bc5-8815-4620-8268-80516d531dc0/1667336455,ff-cdn,https://cdn.feralfileassets.com/previews/91765bc5-8815-4620-8268-80516d531dc0/1668956899/?edition_number=8&blockchain=ethereum&contract=0x22E130A4ef1eFfDdAFDF0b9825dc03D83747664e&token_id=258118530769,ff-cdn,True,
0x22e130a4ef1effddafdf0b9825dc03d83747664e,Feral File — Peer to Peer,25811853076941608055270457512038717433705462539422789705262203111341130500767,Winslow Homer’s Croquet Challenge #5,,https://cdn.feralfileassets.com/thumbnails/91765bc5-8815-4620-8268-80516d531dc0/1667336455,ff-cdn,https://cdn.feralfileassets.com/previews/91765bc5-8815-4620-8268-80516d531dc0/1668956899/?edition_number=7&blockchain=ethereum&contract=0x22E130A4ef1eFfDdAFDF0b9825dc03D83747664e&token_id=258118530769,ff-cdn,True,
0x22e130a4ef1effddafdf0b9825dc03d83747664e,Feral File — Peer to Peer,25811853076941608055270457512038717433705462539422789705262203111341130500766,Winslow Homer’s Croquet Challenge #4,,https://cdn.feralfileassets.com/thumbnails/91765bc5-8815-4620-8268-80516d531dc0/1667336455,ff-cdn,https://cdn.feralfileassets.com/previews/91765bc5-8815-4620-8268-80516d531dc0/1668956899/?edition_number=6&blockchain=ethereum&contract=0x22E130A4ef1eFfDdAFDF0b9825dc03D83747664e&token_id=258118530769,ff-cdn,True,
0x22e130a4ef1effddafdf0b9825dc03d83747664e,Feral File — Peer to Peer,25811853076941608055270457512038717433705462539422789705262203111341130500765,Winslow Homer’s Croquet Challenge #3,,https://cdn.feralfileassets.com/thumbnails/91765bc5-8815-4620-8268-80516d531dc0/1667336455,ff-cdn,https://cdn.feralfileassets.com/previews/91765bc5-8815-4620-8268-80516d531dc0/1668956899/?edition_number=5&blockchain=ethereum&contract=0x22E130A4ef1eFfDdAFDF0b9825dc03D83747664e&token_id=258118530769,ff-cdn,True,
0x22e130a4ef1effddafdf0b9825dc03d83747664e,Feral File — Peer to Peer,25811853076941608055270457512038717433705462539422789705262203111341130500764,Winslow Homer’s Croquet Challenge #2,,https://cdn.feralfileassets.com/thumbnails/91765bc5-8815-4620-8268-80516d531dc0/1667336455,ff-cdn,https://cdn.feralfileassets.com/previews/91765bc5-8815-4620-8268-80516d531dc0/1668956899/?edition_number=4&blockchain=ethereum&contract=0x22E130A4ef1eFfDdAFDF0b9825dc03D83747664e&token_id=258118530769,ff-cdn,True,
0x22e130a4ef1effddafdf0b9825dc03d83747664e,Feral File — Peer to Peer,25811853076941608055270457512038717433705462539422789705262203111341130500763,Winslow Homer’s Croquet Challenge #1,,https://cdn.feralfileassets.com/thumbnails/91765bc5-8815-4620-8268-80516d531dc0/1667336455,ff-cdn,https://cdn.feralfileassets.com/previews/91765bc5-8815-4620-8268-80516d531dc0/1668956899/?edition_number=3&blockchain=ethereum&contract=0x22E130A4ef1eFfDdAFDF0b9825dc03D83747664e&token_id=258118530769,ff-cdn,True,
0x22e130a4ef1effddafdf0b9825dc03d83747664e,Feral File — Peer to Peer,25811853076941608055270457512038717433705462539422789705262203111341130500762,Winslow Homer’s Croquet Challenge PP,,https://cdn.feralfileassets.com/thumbnails/91765bc5-8815-4620-8268-80516d531dc0/1667336455,ff-cdn,https://cdn.feralfileassets.com/previews/91765bc5-8815-4620-8268-80516d531dc0/1668956899/?edition_number=2&blockchain=ethereum&contract=0x22E130A4ef1eFfDdAFDF0b9825dc03D83747664e&token_id=258118530769,ff-cdn,True,
0x22e130a4ef1effddafdf0b9825dc03d83747664e,Feral File — Peer to Peer,25811853076941608055270457512038717433705462539422789705262203111341130500761,Winslow Homer’s Croquet Challenge AE,,https://cdn.feralfileassets.com/thumbnails/91765bc5-8815-4620-8268-80516d531dc0/1667336455,ff-cdn,https://cdn.feralfileassets.com/previews/91765bc5-8815-4620-8268-80516d531dc0/1668956899/?edition_number=1&blockchain=ethereum&contract=0x22E130A4ef1eFfDdAFDF0b9825dc03D83747664e&token_id=258118530769,ff-cdn,True,
0x22e130a4ef1effddafdf0b9825dc03d83747664e,Feral File — Peer to Peer,25811853076941608055270457512038717433705462539422789705262203111341130500760,Winslow Homer’s Croquet Challenge AE,,https://cdn.feralfileassets.com/thumbnails/91765bc5-8815-4620-8268-80516d531dc0/1667336455,ff-cdn,https://cdn.feralfileassets.com/previews/91765bc5-8815-4620-8268-80516d531dc0/1668956899/?edition_number=0&blockchain=ethereum&contract=0x22E130A4ef1eFfDdAFDF0b9825dc03D83747664e&token_id=258118530769,ff-cdn,True,
0x22e130a4ef1effddafdf0b9825dc03d83747664e,Feral File — Peer to Peer,23054627654022293378557484339859314570662620440316285194737095994444934294391,Marisol/Daphne/Auriea #3,,previews/712ddea8-2492-4357-9f03-d1ff7e9ad4cf/1668642023/_unique-thumbnails/5-large.jpg,relative,https://cdn.feralfileassets.com/previews/712ddea8-2492-4357-9f03-d1ff7e9ad4cf/1668642023/?edition_number=5&blockchain=ethereum&contract=0x22E130A4ef1eFfDdAFDF0b9825dc03D83747664e&token_id=230546276540,ff-cdn,True,
0x22e130a4ef1effddafdf0b9825dc03d83747664e,Feral File — Peer to Peer,23054627654022293378557484339859314570662620440316285194737095994444934294390,Marisol/Daphne/Auriea #2,,previews/712ddea8-2492-4357-9f03-d1ff7e9ad4cf/1668642023/_unique-thumbnails/4-large.jpg,relative,https://cdn.feralfileassets.com/previews/712ddea8-2492-4357-9f03-d1ff7e9ad4cf/1668642023/?edition_number=4&blockchain=ethereum&contract=0x22E130A4ef1eFfDdAFDF0b9825dc03D83747664e&token_id=230546276540,ff-cdn,True,
0x22e130a4ef1effddafdf0b9825dc03d83747664e,Feral File — Peer to Peer,23054627654022293378557484339859314570662620440316285194737095994444934294389,Marisol/Daphne/Auriea #1,,previews/712ddea8-2492-4357-9f03-d1ff7e9ad4cf/1668642023/_unique-thumbnails/3-large.jpg,relative,https://cdn.feralfileassets.com/previews/712ddea8-2492-4357-9f03-d1ff7e9ad4cf/1668642023/?edition_number=3&blockchain=ethereum&contract=0x22E130A4ef1eFfDdAFDF0b9825dc03D83747664e&token_id=230546276540,ff-cdn,True,
0x22e130a4ef1effddafdf0b9825dc03d83747664e,Feral File — Peer to Peer,23054627654022293378557484339859314570662620440316285194737095994444934294388,Marisol/Daphne/Auriea PP,,previews/712ddea8-2492-4357-9f03-d1ff7e9ad4cf/1668642023/_unique-thumbnails/2-large.jpg,relative,https://cdn.feralfileassets.com/previews/712ddea8-2492-4357-9f03-d1ff7e9ad4cf/1668642023/?edition_number=2&blockchain=ethereum&contract=0x22E130A4ef1eFfDdAFDF0b9825dc03D83747664e&token_id=230546276540,ff-cdn,True,
0x22e130a4ef1effddafdf0b9825dc03d83747664e,Feral File — Peer to Peer,23054627654022293378557484339859314570662620440316285194737095994444934294387,Marisol/Daphne/Auriea AE,,previews/712ddea8-2492-4357-9f03-d1ff7e9ad4cf/1668642023/_unique-thumbnails/1-large.jpg,relative,https://cdn.feralfileassets.com/previews/712ddea8-2492-4357-9f03-d1ff7e9ad4cf/1668642023/?edition_number=1&blockchain=ethereum&contract=0x22E130A4ef1eFfDdAFDF0b9825dc03D83747664e&token_id=230546276540,ff-cdn,True,
0x22e130a4ef1effddafdf0b9825dc03d83747664e,Feral File — Peer to Peer,23054627654022293378557484339859314570662620440316285194737095994444934294386,Marisol/Daphne/Auriea AE,,previews/712ddea8-2492-4357-9f03-d1ff7e9ad4cf/1668642023/_unique-thumbnails/0-large.jpg,relative,https://cdn.feralfileassets.com/previews/712ddea8-2492-4357-9f03-d1ff7e9ad4cf/1668642023/?edition_number=0&blockchain=ethereum&contract=0x22E130A4ef1eFfDdAFDF0b9825dc03D83747664e&token_id=230546276540,ff-cdn,True,
0x22e130a4ef1effddafdf0b9825dc03d83747664e,Feral File — Peer to Peer,6385244413236652634082529095150015179100396338302512014117665775733882860704,METASOTO #64,,previews/9e8992c9-91f0-48c7-a7c7-6ca7bcff9d6a/1668537579/_unique-thumbnails/66-large.jpg,relative,https://cdn.feralfileassets.com/previews/9e8992c9-91f0-48c7-a7c7-6ca7bcff9d6a/1668537579/?edition_number=66&blockchain=ethereum&contract=0x22E130A4ef1eFfDdAFDF0b9825dc03D83747664e&token_id=63852444132,ff-cdn,True,
0x22e130a4ef1effddafdf0b9825dc03d83747664e,Feral File — Peer to Peer,6385244413236652634082529095150015179100396338302512014117665775733882860703,METASOTO #63,,previews/9e8992c9-91f0-48c7-a7c7-6ca7bcff9d6a/1668537579/_unique-thumbnails/65-large.jpg,relative,https://cdn.feralfileassets.com/previews/9e8992c9-91f0-48c7-a7c7-6ca7bcff9d6a/1668537579/?edition_number=65&blockchain=ethereum&contract=0x22E130A4ef1eFfDdAFDF0b9825dc03D83747664e&token_id=63852444132,ff-cdn,True,
0x22e130a4ef1effddafdf0b9825dc03d83747664e,Feral File — Peer to Peer,6385244413236652634082529095150015179100396338302512014117665775733882860702,METASOTO #62,,previews/9e8992c9-91f0-48c7-a7c7-6ca7bcff9d6a/1668537579/_unique-thumbnails/64-large.jpg,relative,https://cdn.feralfileassets.com/previews/9e8992c9-91f0-48c7-a7c7-6ca7bcff9d6a/1668537579/?edition_number=64&blockchain=ethereum&contract=0x22E130A4ef1eFfDdAFDF0b9825dc03D83747664e&token_id=63852444132,ff-cdn,True,
0x22e130a4ef1effddafdf0b9825dc03d83747664e,Feral File — Peer to Peer,6385244413236652634082529095150015179100396338302512014117665775733882860701,METASOTO #61,,previews/9e8992c9-91f0-48c7-a7c7-6ca7bcff9d6a/1668537579/_unique-thumbnails/63-large.jpg,relative,https://cdn.feralfileassets.com/previews/9e8992c9-91f0-48c7-a7c7-6ca7bcff9d6a/1668537579/?edition_number=63&blockchain=ethereum&contract=0x22E130A4ef1eFfDdAFDF0b9825dc03D83747664e&token_id=63852444132,ff-cdn,True,
0x22e130a4ef1effddafdf0b9825dc03d83747664e,Feral File — Peer to Peer,6385244413236652634082529095150015179100396338302512014117665775733882860700,METASOTO #60,,previews/9e8992c9-91f0-48c7-a7c7-6ca7bcff9d6a/1668537579/_unique-thumbnails/62-large.jpg,relative,https://cdn.feralfileassets.com/previews/9e8992c9-91f0-48c7-a7c7-6ca7bcff9d6a/1668537579/?edition_number=62&blockchain=ethereum&contract=0x22E130A4ef1eFfDdAFDF0b9825dc03D83747664e&token_id=63852444132,ff-cdn,True,
0x22e130a4ef1effddafdf0b9825dc03d83747664e,Feral File — Peer to Peer,6385244413236652634082529095150015179100396338302512014117665775733882860699,METASOTO #59,,previews/9e8992c9-91f0-48c7-a7c7-6ca7bcff9d6a/1668537579/_unique-thumbnails/61-large.jpg,relative,https://cdn.feralfileassets.com/previews/9e8992c9-91f0-48c7-a7c7-6ca7bcff9d6a/1668537579/?edition_number=61&blockchain=ethereum&contract=0x22E130A4ef1eFfDdAFDF0b9825dc03D83747664e&token_id=63852444132,ff-cdn,True,
0x22e130a4ef1effddafdf0b9825dc03d83747664e,Feral File — Peer to Peer,6385244413236652634082529095150015179100396338302512014117665775733882860698,METASOTO #58,,previews/9e8992c9-91f0-48c7-a7c7-6ca7bcff9d6a/1668537579/_unique-thumbnails/60-large.jpg,relative,https://cdn.feralfileassets.com/previews/9e8992c9-91f0-48c7-a7c7-6ca7bcff9d6a/1668537579/?edition_number=60&blockchain=ethereum&contract=0x22E130A4ef1eFfDdAFDF0b9825dc03D83747664e&token_id=63852444132,ff-cdn,True,
0x22e130a4ef1effddafdf0b9825dc03d83747664e,Feral File — Peer to Peer,6385244413236652634082529095150015179100396338302512014117665775733882860697,METASOTO #57,,previews/9e8992c9-91f0-48c7-a7c7-6ca7bcff9d6a/1668537579/_unique-thumbnails/59-large.jpg,relative,https://cdn.feralfileassets.com/previews/9e8992c9-91f0-48c7-a7c7-6ca7bcff9d6a/1668537579/?edition_number=59&blockchain=ethereum&contract=0x22E130A4ef1eFfDdAFDF0b9825dc03D83747664e&token_id=63852444132,ff-cdn,True,
0x22e130a4ef1effddafdf0b9825dc03d83747664e,Feral File — Peer to Peer,6385244413236652634082529095150015179100396338302512014117665775733882860696,METASOTO #56,,previews/9e8992c9-91f0-48c7-a7c7-6ca7bcff9d6a/1668537579/_unique-thumbnails/58-large.jpg,relative,https://cdn.feralfileassets.com/previews/9e8992c9-91f0-48c7-a7c7-6ca7bcff9d6a/1668537579/?edition_number=58&blockchain=ethereum&contract=0x22E130A4ef1eFfDdAFDF0b9825dc03D83747664e&token_id=63852444132,ff-cdn,True,
0x22e130a4ef1effddafdf0b9825dc03d83747664e,Feral File — Peer to Peer,6385244413236652634082529095150015179100396338302512014117665775733882860695,METASOTO #55,,previews/9e8992c9-91f0-48c7-a7c7-6ca7bcff9d6a/1668537579/_unique-thumbnails/57-large.jpg,relative,https://cdn.feralfileassets.com/previews/9e8992c9-91f0-48c7-a7c7-6ca7bcff9d6a/1668537579/?edition_number=57&blockchain=ethereum&contract=0x22E130A4ef1eFfDdAFDF0b9825dc03D83747664e&token_id=63852444132,ff-cdn,True,
0x22e130a4ef1effddafdf0b9825dc03d83747664e,Feral File — Peer to Peer,6385244413236652634082529095150015179100396338302512014117665775733882860694,METASOTO #54,,previews/9e8992c9-91f0-48c7-a7c7-6ca7bcff9d6a/1668537579/_unique-thumbnails/56-large.jpg,relative,https://cdn.feralfileassets.com/previews/9e8992c9-91f0-48c7-a7c7-6ca7bcff9d6a/1668537579/?edition_number=56&blockchain=ethereum&contract=0x22E130A4ef1eFfDdAFDF0b9825dc03D83747664e&token_id=63852444132,ff-cdn,True,
0x22e130a4ef1effddafdf0b9825dc03d83747664e,Feral File — Peer to Peer,6385244413236652634082529095150015179100396338302512014117665775733882860693,METASOTO #53,,previews/9e8992c9-91f0-48c7-a7c7-6ca7bcff9d6a/1668537579/_unique-thumbnails/55-large.jpg,relative,https://cdn.feralfileassets.com/previews/9e8992c9-91f0-48c7-a7c7-6ca7bcff9d6a/1668537579/?edition_number=55&blockchain=ethereum&contract=0x22E130A4ef1eFfDdAFDF0b9825dc03D83747664e&token_id=63852444132,ff-cdn,True,
0x22e130a4ef1effddafdf0b9825dc03d83747664e,Feral File — Peer to Peer,6385244413236652634082529095150015179100396338302512014117665775733882860692,METASOTO #52,,previews/9e8992c9-91f0-48c7-a7c7-6ca7bcff9d6a/1668537579/_unique-thumbnails/54-large.jpg,relative,https://cdn.feralfileassets.com/previews/9e8992c9-91f0-48c7-a7c7-6ca7bcff9d6a/1668537579/?edition_number=54&blockchain=ethereum&contract=0x22E130A4ef1eFfDdAFDF0b9825dc03D83747664e&token_id=63852444132,ff-cdn,True,
0x22e130a4ef1effddafdf0b9825dc03d83747664e,Feral File — Peer to Peer,6385244413236652634082529095150015179100396338302512014117665775733882860691,METASOTO #51,,previews/9e8992c9-91f0-48c7-a7c7-6ca7bcff9d6a/1668537579/_unique-thumbnails/53-large.jpg,relative,https://cdn.feralfileassets.com/previews/9e8992c9-91f0-48c7-a7c7-6ca7bcff9d6a/1668537579/?edition_number=53&blockchain=ethereum&contract=0x22E130A4ef1eFfDdAFDF0b9825dc03D83747664e&token_id=63852444132,ff-cdn,True,
0x22e130a4ef1effddafdf0b9825dc03d83747664e,Feral File — Peer to Peer,6385244413236652634082529095150015179100396338302512014117665775733882860690,METASOTO #50,,previews/9e8992c9-91f0-48c7-a7c7-6ca7bcff9d6a/1668537579/_unique-thumbnails/52-large.jpg,relative,https://cdn.feralfileassets.com/previews/9e8992c9-91f0-48c7-a7c7-6ca7bcff9d6a/1668537579/?edition_number=52&blockchain=ethereum&contract=0x22E130A4ef1eFfDdAFDF0b9825dc03D83747664e&token_id=63852444132,ff-cdn,True,
0x22e130a4ef1effddafdf0b9825dc03d83747664e,Feral File — Peer to Peer,6385244413236652634082529095150015179100396338302512014117665775733882860689,METASOTO #49,,previews/9e8992c9-91f0-48c7-a7c7-6ca7bcff9d6a/1668537579/_unique-thumbnails/51-large.jpg,relative,https://cdn.feralfileassets.com/previews/9e8992c9-91f0-48c7-a7c7-6ca7bcff9d6a/1668537579/?edition_number=51&blockchain=ethereum&contract=0x22E130A4ef1eFfDdAFDF0b9825dc03D83747664e&token_id=63852444132,ff-cdn,True,
0x22e130a4ef1effddafdf0b9825dc03d83747664e,Feral File — Peer to Peer,6385244413236652634082529095150015179100396338302512014117665775733882860688,METASOTO #48,,previews/9e8992c9-91f0-48c7-a7c7-6ca7bcff9d6a/1668537579/_unique-thumbnails/50-large.jpg,relative,https://cdn.feralfileassets.com/previews/9e8992c9-91f0-48c7-a7c7-6ca7bcff9d6a/1668537579/?edition_number=50&blockchain=ethereum&contract=0x22E130A4ef1eFfDdAFDF0b9825dc03D83747664e&token_id=63852444132,ff-cdn,True,
0x22e130a4ef1effddafdf0b9825dc03d83747664e,Feral File — Peer to Peer,6385244413236652634082529095150015179100396338302512014117665775733882860687,METASOTO #47,,previews/9e8992c9-91f0-48c7-a7c7-6ca7bcff9d6a/1668537579/_unique-thumbnails/49-large.jpg,relative,https://cdn.feralfileassets.com/previews/9e8992c9-91f0-48c7-a7c7-6ca7bcff9d6a/1668537579/?edition_number=49&blockchain=ethereum&contract=0x22E130A4ef1eFfDdAFDF0b9825dc03D83747664e&token_id=63852444132,ff-cdn,True,
0x22e130a4ef1effddafdf0b9825dc03d83747664e,Feral File — Peer to Peer,6385244413236652634082529095150015179100396338302512014117665775733882860686,METASOTO #46,,previews/9e8992c9-91f0-48c7-a7c7-6ca7bcff9d6a/1668537579/_unique-thumbnails/48-large.jpg,relative,https://cdn.feralfileassets.com/previews/9e8992c9-91f0-48c7-a7c7-6ca7bcff9d6a/1668537579/?edition_number=48&blockchain=ethereum&contract=0x22E130A4ef1eFfDdAFDF0b9825dc03D83747664e&token_id=63852444132,ff-cdn,True,
0x22e130a4ef1effddafdf0b9825dc03d83747664e,Feral File — Peer to Peer,6385244413236652634082529095150015179100396338302512014117665775733882860685,METASOTO #45,,previews/9e8992c9-91f0-48c7-a7c7-6ca7bcff9d6a/1668537579/_unique-thumbnails/47-large.jpg,relative,https://cdn.feralfileassets.com/previews/9e8992c9-91f0-48c7-a7c7-6ca7bcff9d6a/1668537579/?edition_number=47&blockchain=ethereum&contract=0x22E130A4ef1eFfDdAFDF0b9825dc03D83747664e&token_id=63852444132,ff-cdn,True,
0x22e130a4ef1effddafdf0b9825dc03d83747664e,Feral File — Peer to Peer,6385244413236652634082529095150015179100396338302512014117665775733882860684,METASOTO #44,,previews/9e8992c9-91f0-48c7-a7c7-6ca7bcff9d6a/1668537579/_unique-thumbnails/46-large.jpg,relative,https://cdn.feralfileassets.com/previews/9e8992c9-91f0-48c7-a7c7-6ca7bcff9d6a/1668537579/?edition_number=46&blockchain=ethereum&contract=0x22E130A4ef1eFfDdAFDF0b9825dc03D83747664e&token_id=63852444132,ff-cdn,True,
0x22e130a4ef1effddafdf0b9825dc03d83747664e,Feral File — Peer to Peer,6385244413236652634082529095150015179100396338302512014117665775733882860683,METASOTO #43,,previews/9e8992c9-91f0-48c7-a7c7-6ca7bcff9d6a/1668537579/_unique-thumbnails/45-large.jpg,relative,https://cdn.feralfileassets.com/previews/9e8992c9-91f0-48c7-a7c7-6ca7bcff9d6a/1668537579/?edition_number=45&blockchain=ethereum&contract=0x22E130A4ef1eFfDdAFDF0b9825dc03D83747664e&token_id=63852444132,ff-cdn,True,
0x22e130a4ef1effddafdf0b9825dc03d83747664e,Feral File — Peer to Peer,6385244413236652634082529095150015179100396338302512014117665775733882860682,METASOTO #42,,previews/9e8992c9-91f0-48c7-a7c7-6ca7bcff9d6a/1668537579/_unique-thumbnails/44-large.jpg,relative,https://cdn.feralfileassets.com/previews/9e8992c9-91f0-48c7-a7c7-6ca7bcff9d6a/1668537579/?edition_number=44&blockchain=ethereum&contract=0x22E130A4ef1eFfDdAFDF0b9825dc03D83747664e&token_id=63852444132,ff-cdn,True,
0x22e130a4ef1effddafdf0b9825dc03d83747664e,Feral File — Peer to Peer,6385244413236652634082529095150015179100396338302512014117665775733882860681,METASOTO #41,,previews/9e8992c9-91f0-48c7-a7c7-6ca7bcff9d6a/1668537579/_unique-thumbnails/43-large.jpg,relative,https://cdn.feralfileassets.com/previews/9e8992c9-91f0-48c7-a7c7-6ca7bcff9d6a/1668537579/?edition_number=43&blockchain=ethereum&contract=0x22E130A4ef1eFfDdAFDF0b9825dc03D83747664e&token_id=63852444132,ff-cdn,True,
0x22e130a4ef1effddafdf0b9825dc03d83747664e,Feral File — Peer to Peer,6385244413236652634082529095150015179100396338302512014117665775733882860680,METASOTO #40,,previews/9e8992c9-91f0-48c7-a7c7-6ca7bcff9d6a/1668537579/_unique-thumbnails/42-large.jpg,relative,https://cdn.feralfileassets.com/previews/9e8992c9-91f0-48c7-a7c7-6ca7bcff9d6a/1668537579/?edition_number=42&blockchain=ethereum&contract=0x22E130A4ef1eFfDdAFDF0b9825dc03D83747664e&token_id=63852444132,ff-cdn,True,
0x22e130a4ef1effddafdf0b9825dc03d83747664e,Feral File — Peer to Peer,6385244413236652634082529095150015179100396338302512014117665775733882860679,METASOTO #39,,previews/9e8992c9-91f0-48c7-a7c7-6ca7bcff9d6a/1668537579/_unique-thumbnails/41-large.jpg,relative,https://cdn.feralfileassets.com/previews/9e8992c9-91f0-48c7-a7c7-6ca7bcff9d6a/1668537579/?edition_number=41&blockchain=ethereum&contract=0x22E130A4ef1eFfDdAFDF0b9825dc03D83747664e&token_id=63852444132,ff-cdn,True,
0x22e130a4ef1effddafdf0b9825dc03d83747664e,Feral File — Peer to Peer,6385244413236652634082529095150015179100396338302512014117665775733882860678,METASOTO #38,,previews/9e8992c9-91f0-48c7-a7c7-6ca7bcff9d6a/1668537579/_unique-thumbnails/40-large.jpg,relative,https://cdn.feralfileassets.com/previews/9e8992c9-91f0-48c7-a7c7-6ca7bcff9d6a/1668537579/?edition_number=40&blockchain=ethereum&contract=0x22E130A4ef1eFfDdAFDF0b9825dc03D83747664e&token_id=63852444132,ff-cdn,True,
0x22e130a4ef1effddafdf0b9825dc03d83747664e,Feral File — Peer to Peer,6385244413236652634082529095150015179100396338302512014117665775733882860677,METASOTO #37,,previews/9e8992c9-91f0-48c7-a7c7-6ca7bcff9d6a/1668537579/_unique-thumbnails/39-large.jpg,relative,https://cdn.feralfileassets.com/previews/9e8992c9-91f0-48c7-a7c7-6ca7bcff9d6a/1668537579/?edition_number=39&blockchain=ethereum&contract=0x22E130A4ef1eFfDdAFDF0b9825dc03D83747664e&token_id=63852444132,ff-cdn,True,
0x22e130a4ef1effddafdf0b9825dc03d83747664e,Feral File — Peer to Peer,6385244413236652634082529095150015179100396338302512014117665775733882860676,METASOTO #36,,previews/9e8992c9-91f0-48c7-a7c7-6ca7bcff9d6a/1668537579/_unique-thumbnails/38-large.jpg,relative,https://cdn.feralfileassets.com/previews/9e8992c9-91f0-48c7-a7c7-6ca7bcff9d6a/1668537579/?edition_number=38&blockchain=ethereum&contract=0x22E130A4ef1eFfDdAFDF0b9825dc03D83747664e&token_id=63852444132,ff-cdn,True,
0x22e130a4ef1effddafdf0b9825dc03d83747664e,Feral File — Peer to Peer,6385244413236652634082529095150015179100396338302512014117665775733882860675,METASOTO #35,,previews/9e8992c9-91f0-48c7-a7c7-6ca7bcff9d6a/1668537579/_unique-thumbnails/37-large.jpg,relative,https://cdn.feralfileassets.com/previews/9e8992c9-91f0-48c7-a7c7-6ca7bcff9d6a/1668537579/?edition_number=37&blockchain=ethereum&contract=0x22E130A4ef1eFfDdAFDF0b9825dc03D83747664e&token_id=63852444132,ff-cdn,True,
0x22e130a4ef1effddafdf0b9825dc03d83747664e,Feral File — Peer to Peer,6385244413236652634082529095150015179100396338302512014117665775733882860674,METASOTO #34,,previews/9e8992c9-91f0-48c7-a7c7-6ca7bcff9d6a/1668537579/_unique-thumbnails/36-large.jpg,relative,https://cdn.feralfileassets.com/previews/9e8992c9-91f0-48c7-a7c7-6ca7bcff9d6a/1668537579/?edition_number=36&blockchain=ethereum&contract=0x22E130A4ef1eFfDdAFDF0b9825dc03D83747664e&token_id=63852444132,ff-cdn,True,
0x22e130a4ef1effddafdf0b9825dc03d83747664e,Feral File — Peer to Peer,6385244413236652634082529095150015179100396338302512014117665775733882860673,METASOTO #33,,previews/9e8992c9-91f0-48c7-a7c7-6ca7bcff9d6a/1668537579/_unique-thumbnails/35-large.jpg,relative,https://cdn.feralfileassets.com/previews/9e8992c9-91f0-48c7-a7c7-6ca7bcff9d6a/1668537579/?edition_number=35&blockchain=ethereum&contract=0x22E130A4ef1eFfDdAFDF0b9825dc03D83747664e&token_id=63852444132,ff-cdn,True,
0x22e130a4ef1effddafdf0b9825dc03d83747664e,Feral File — Peer to Peer,6385244413236652634082529095150015179100396338302512014117665775733882860672,METASOTO #32,,previews/9e8992c9-91f0-48c7-a7c7-6ca7bcff9d6a/1668537579/_unique-thumbnails/34-large.jpg,relative,https://cdn.feralfileassets.com/previews/9e8992c9-91f0-48c7-a7c7-6ca7bcff9d6a/1668537579/?edition_number=34&blockchain=ethereum&contract=0x22E130A4ef1eFfDdAFDF0b9825dc03D83747664e&token_id=63852444132,ff-cdn,True,
0x22e130a4ef1effddafdf0b9825dc03d83747664e,Feral File — Peer to Peer,6385244413236652634082529095150015179100396338302512014117665775733882860671,METASOTO #31,,previews/9e8992c9-91f0-48c7-a7c7-6ca7bcff9d6a/1668537579/_unique-thumbnails/33-large.jpg,relative,https://cdn.feralfileassets.com/previews/9e8992c9-91f0-48c7-a7c7-6ca7bcff9d6a/1668537579/?edition_number=33&blockchain=ethereum&contract=0x22E130A4ef1eFfDdAFDF0b9825dc03D83747664e&token_id=63852444132,ff-cdn,True,
0x22e130a4ef1effddafdf0b9825dc03d83747664e,Feral File — Peer to Peer,6385244413236652634082529095150015179100396338302512014117665775733882860670,METASOTO #30,,previews/9e8992c9-91f0-48c7-a7c7-6ca7bcff9d6a/1668537579/_unique-thumbnails/32-large.jpg,relative,https://cdn.feralfileassets.com/previews/9e8992c9-91f0-48c7-a7c7-6ca7bcff9d6a/1668537579/?edition_number=32&blockchain=ethereum&contract=0x22E130A4ef1eFfDdAFDF0b9825dc03D83747664e&token_id=63852444132,ff-cdn,True,
0x22e130a4ef1effddafdf0b9825dc03d83747664e,Feral File — Peer to Peer,6385244413236652634082529095150015179100396338302512014117665775733882860669,METASOTO #29,,previews/9e8992c9-91f0-48c7-a7c7-6ca7bcff9d6a/1668537579/_unique-thumbnails/31-large.jpg,relative,https://cdn.feralfileassets.com/previews/9e8992c9-91f0-48c7-a7c7-6ca7bcff9d6a/1668537579/?edition_number=31&blockchain=ethereum&contract=0x22E130A4ef1eFfDdAFDF0b9825dc03D83747664e&token_id=63852444132,ff-cdn,True,
0x22e130a4ef1effddafdf0b9825dc03d83747664e,Feral File — Peer to Peer,6385244413236652634082529095150015179100396338302512014117665775733882860668,METASOTO #28,,previews/9e8992c9-91f0-48c7-a7c7-6ca7bcff9d6a/1668537579/_unique-thumbnails/30-large.jpg,relative,https://cdn.feralfileassets.com/previews/9e8992c9-91f0-48c7-a7c7-6ca7bcff9d6a/1668537579/?edition_number=30&blockchain=ethereum&contract=0x22E130A4ef1eFfDdAFDF0b9825dc03D83747664e&token_id=63852444132,ff-cdn,True,
0x22e130a4ef1effddafdf0b9825dc03d83747664e,Feral File — Peer to Peer,6385244413236652634082529095150015179100396338302512014117665775733882860667,METASOTO #27,,previews/9e8992c9-91f0-48c7-a7c7-6ca7bcff9d6a/1668537579/_unique-thumbnails/29-large.jpg,relative,https://cdn.feralfileassets.com/previews/9e8992c9-91f0-48c7-a7c7-6ca7bcff9d6a/1668537579/?edition_number=29&blockchain=ethereum&contract=0x22E130A4ef1eFfDdAFDF0b9825dc03D83747664e&token_id=63852444132,ff-cdn,True,
0x22e130a4ef1effddafdf0b9825dc03d83747664e,Feral File — Peer to Peer,6385244413236652634082529095150015179100396338302512014117665775733882860666,METASOTO #26,,previews/9e8992c9-91f0-48c7-a7c7-6ca7bcff9d6a/1668537579/_unique-thumbnails/28-large.jpg,relative,https://cdn.feralfileassets.com/previews/9e8992c9-91f0-48c7-a7c7-6ca7bcff9d6a/1668537579/?edition_number=28&blockchain=ethereum&contract=0x22E130A4ef1eFfDdAFDF0b9825dc03D83747664e&token_id=63852444132,ff-cdn,True,
0x22e130a4ef1effddafdf0b9825dc03d83747664e,Feral File — Peer to Peer,6385244413236652634082529095150015179100396338302512014117665775733882860665,METASOTO #25,,previews/9e8992c9-91f0-48c7-a7c7-6ca7bcff9d6a/1668537579/_unique-thumbnails/27-large.jpg,relative,https://cdn.feralfileassets.com/previews/9e8992c9-91f0-48c7-a7c7-6ca7bcff9d6a/1668537579/?edition_number=27&blockchain=ethereum&contract=0x22E130A4ef1eFfDdAFDF0b9825dc03D83747664e&token_id=63852444132,ff-cdn,True,
0x22e130a4ef1effddafdf0b9825dc03d83747664e,Feral File — Peer to Peer,6385244413236652634082529095150015179100396338302512014117665775733882860664,METASOTO #24,,previews/9e8992c9-91f0-48c7-a7c7-6ca7bcff9d6a/1668537579/_unique-thumbnails/26-large.jpg,relative,https://cdn.feralfileassets.com/previews/9e8992c9-91f0-48c7-a7c7-6ca7bcff9d6a/1668537579/?edition_number=26&blockchain=ethereum&contract=0x22E130A4ef1eFfDdAFDF0b9825dc03D83747664e&token_id=63852444132,ff-cdn,True,
0x22e130a4ef1effddafdf0b9825dc03d83747664e,Feral File — Peer to Peer,6385244413236652634082529095150015179100396338302512014117665775733882860663,METASOTO #23,,previews/9e8992c9-91f0-48c7-a7c7-6ca7bcff9d6a/1668537579/_unique-thumbnails/25-large.jpg,relative,https://cdn.feralfileassets.com/previews/9e8992c9-91f0-48c7-a7c7-6ca7bcff9d6a/1668537579/?edition_number=25&blockchain=ethereum&contract=0x22E130A4ef1eFfDdAFDF0b9825dc03D83747664e&token_id=63852444132,ff-cdn,True,
0x22e130a4ef1effddafdf0b9825dc03d83747664e,Feral File — Peer to Peer,6385244413236652634082529095150015179100396338302512014117665775733882860662,METASOTO #22,,previews/9e8992c9-91f0-48c7-a7c7-6ca7bcff9d6a/1668537579/_unique-thumbnails/24-large.jpg,relative,https://cdn.feralfileassets.com/previews/9e8992c9-91f0-48c7-a7c7-6ca7bcff9d6a/1668537579/?edition_number=24&blockchain=ethereum&contract=0x22E130A4ef1eFfDdAFDF0b9825dc03D83747664e&token_id=63852444132,ff-cdn,True,
0x22e130a4ef1effddafdf0b9825dc03d83747664e,Feral File — Peer to Peer,6385244413236652634082529095150015179100396338302512014117665775733882860661,METASOTO #21,,previews/9e8992c9-91f0-48c7-a7c7-6ca7bcff9d6a/1668537579/_unique-thumbnails/23-large.jpg,relative,https://cdn.feralfileassets.com/previews/9e8992c9-91f0-48c7-a7c7-6ca7bcff9d6a/1668537579/?edition_number=23&blockchain=ethereum&contract=0x22E130A4ef1eFfDdAFDF0b9825dc03D83747664e&token_id=63852444132,ff-cdn,True,
0x22e130a4ef1effddafdf0b9825dc03d83747664e,Feral File — Peer to Peer,6385244413236652634082529095150015179100396338302512014117665775733882860660,METASOTO #20,,previews/9e8992c9-91f0-48c7-a7c7-6ca7bcff9d6a/1668537579/_unique-thumbnails/22-large.jpg,relative,https://cdn.feralfileassets.com/previews/9e8992c9-91f0-48c7-a7c7-6ca7bcff9d6a/1668537579/?edition_number=22&blockchain=ethereum&contract=0x22E130A4ef1eFfDdAFDF0b9825dc03D83747664e&token_id=63852444132,ff-cdn,True,
0x22e130a4ef1effddafdf0b9825dc03d83747664e,Feral File — Peer to Peer,6385244413236652634082529095150015179100396338302512014117665775733882860659,METASOTO #19,,previews/9e8992c9-91f0-48c7-a7c7-6ca7bcff9d6a/1668537579/_unique-thumbnails/21-large.jpg,relative,https://cdn.feralfileassets.com/previews/9e8992c9-91f0-48c7-a7c7-6ca7bcff9d6a/1668537579/?edition_number=21&blockchain=ethereum&contract=0x22E130A4ef1eFfDdAFDF0b9825dc03D83747664e&token_id=63852444132,ff-cdn,True,
0x22e130a4ef1effddafdf0b9825dc03d83747664e,Feral File — Peer to Peer,6385244413236652634082529095150015179100396338302512014117665775733882860658,METASOTO #18,,previews/9e8992c9-91f0-48c7-a7c7-6ca7bcff9d6a/1668537579/_unique-thumbnails/20-large.jpg,relative,https://cdn.feralfileassets.com/previews/9e8992c9-91f0-48c7-a7c7-6ca7bcff9d6a/1668537579/?edition_number=20&blockchain=ethereum&contract=0x22E130A4ef1eFfDdAFDF0b9825dc03D83747664e&token_id=63852444132,ff-cdn,True,
0x22e130a4ef1effddafdf0b9825dc03d83747664e,Feral File — Peer to Peer,6385244413236652634082529095150015179100396338302512014117665775733882860657,METASOTO #17,,previews/9e8992c9-91f0-48c7-a7c7-6ca7bcff9d6a/1668537579/_unique-thumbnails/19-large.jpg,relative,https://cdn.feralfileassets.com/previews/9e8992c9-91f0-48c7-a7c7-6ca7bcff9d6a/1668537579/?edition_number=19&blockchain=ethereum&contract=0x22E130A4ef1eFfDdAFDF0b9825dc03D83747664e&token_id=63852444132,ff-cdn,True,
0x22e130a4ef1effddafdf0b9825dc03d83747664e,Feral File — Peer to Peer,6385244413236652634082529095150015179100396338302512014117665775733882860656,METASOTO #16,,previews/9e8992c9-91f0-48c7-a7c7-6ca7bcff9d6a/1668537579/_unique-thumbnails/18-large.jpg,relative,https://cdn.feralfileassets.com/previews/9e8992c9-91f0-48c7-a7c7-6ca7bcff9d6a/1668537579/?edition_number=18&blockchain=ethereum&contract=0x22E130A4ef1eFfDdAFDF0b9825dc03D83747664e&token_id=63852444132,ff-cdn,True,
0x22e130a4ef1effddafdf0b9825dc03d83747664e,Feral File — Peer to Peer,6385244413236652634082529095150015179100396338302512014117665775733882860655,METASOTO #15,,previews/9e8992c9-91f0-48c7-a7c7-6ca7bcff9d6a/1668537579/_unique-thumbnails/17-large.jpg,relative,https://cdn.feralfileassets.com/previews/9e8992c9-91f0-48c7-a7c7-6ca7bcff9d6a/1668537579/?edition_number=17&blockchain=ethereum&contract=0x22E130A4ef1eFfDdAFDF0b9825dc03D83747664e&token_id=63852444132,ff-cdn,True,
0x22e130a4ef1effddafdf0b9825dc03d83747664e,Feral File — Peer to Peer,6385244413236652634082529095150015179100396338302512014117665775733882860654,METASOTO #14,,previews/9e8992c9-91f0-48c7-a7c7-6ca7bcff9d6a/1668537579/_unique-thumbnails/16-large.jpg,relative,https://cdn.feralfileassets.com/previews/9e8992c9-91f0-48c7-a7c7-6ca7bcff9d6a/1668537579/?edition_number=16&blockchain=ethereum&contract=0x22E130A4ef1eFfDdAFDF0b9825dc03D83747664e&token_id=63852444132,ff-cdn,True,
0x22e130a4ef1effddafdf0b9825dc03d83747664e,Feral File — Peer to Peer,6385244413236652634082529095150015179100396338302512014117665775733882860653,METASOTO #13,,previews/9e8992c9-91f0-48c7-a7c7-6ca7bcff9d6a/1668537579/_unique-thumbnails/15-large.jpg,relative,https://cdn.feralfileassets.com/previews/9e8992c9-91f0-48c7-a7c7-6ca7bcff9d6a/1668537579/?edition_number=15&blockchain=ethereum&contract=0x22E130A4ef1eFfDdAFDF0b9825dc03D83747664e&token_id=63852444132,ff-cdn,True,
0x22e130a4ef1effddafdf0b9825dc03d83747664e,Feral File — Peer to Peer,6385244413236652634082529095150015179100396338302512014117665775733882860652,METASOTO #12,,previews/9e8992c9-91f0-48c7-a7c7-6ca7bcff9d6a/1668537579/_unique-thumbnails/14-large.jpg,relative,https://cdn.feralfileassets.com/previews/9e8992c9-91f0-48c7-a7c7-6ca7bcff9d6a/1668537579/?edition_number=14&blockchain=ethereum&contract=0x22E130A4ef1eFfDdAFDF0b9825dc03D83747664e&token_id=63852444132,ff-cdn,True,
0x22e130a4ef1effddafdf0b9825dc03d83747664e,Feral File — Peer to Peer,6385244413236652634082529095150015179100396338302512014117665775733882860651,METASOTO #11,,previews/9e8992c9-91f0-48c7-a7c7-6ca7bcff9d6a/1668537579/_unique-thumbnails/13-large.jpg,relative,https://cdn.feralfileassets.com/previews/9e8992c9-91f0-48c7-a7c7-6ca7bcff9d6a/1668537579/?edition_number=13&blockchain=ethereum&contract=0x22E130A4ef1eFfDdAFDF0b9825dc03D83747664e&token_id=63852444132,ff-cdn,True,
0x22e130a4ef1effddafdf0b9825dc03d83747664e,Feral File — Peer to Peer,6385244413236652634082529095150015179100396338302512014117665775733882860650,METASOTO #10,,previews/9e8992c9-91f0-48c7-a7c7-6ca7bcff9d6a/1668537579/_unique-thumbnails/12-large.jpg,relative,https://cdn.feralfileassets.com/previews/9e8992c9-91f0-48c7-a7c7-6ca7bcff9d6a/1668537579/?edition_number=12&blockchain=ethereum&contract=0x22E130A4ef1eFfDdAFDF0b9825dc03D83747664e&token_id=63852444132,ff-cdn,True,
0x22e130a4ef1effddafdf0b9825dc03d83747664e,Feral File — Peer to Peer,6385244413236652634082529095150015179100396338302512014117665775733882860649,METASOTO #9,,previews/9e8992c9-91f0-48c7-a7c7-6ca7bcff9d6a/1668537579/_unique-thumbnails/11-large.jpg,relative,https://cdn.feralfileassets.com/previews/9e8992c9-91f0-48c7-a7c7-6ca7bcff9d6a/1668537579/?edition_number=11&blockchain=ethereum&contract=0x22E130A4ef1eFfDdAFDF0b9825dc03D83747664e&token_id=63852444132,ff-cdn,True,
0x22e130a4ef1effddafdf0b9825dc03d83747664e,Feral File — Peer to Peer,6385244413236652634082529095150015179100396338302512014117665775733882860648,METASOTO #8,,previews/9e8992c9-91f0-48c7-a7c7-6ca7bcff9d6a/1668537579/_unique-thumbnails/10-large.jpg,relative,https://cdn.feralfileassets.com/previews/9e8992c9-91f0-48c7-a7c7-6ca7bcff9d6a/1668537579/?edition_number=10&blockchain=ethereum&contract=0x22E130A4ef1eFfDdAFDF0b9825dc03D83747664e&token_id=63852444132,ff-cdn,True,
0x22e130a4ef1effddafdf0b9825dc03d83747664e,Feral File — Peer to Peer,6385244413236652634082529095150015179100396338302512014117665775733882860647,METASOTO #7,,previews/9e8992c9-91f0-48c7-a7c7-6ca7bcff9d6a/1668537579/_unique-thumbnails/9-large.jpg,relative,https://cdn.feralfileassets.com/previews/9e8992c9-91f0-48c7-a7c7-6ca7bcff9d6a/1668537579/?edition_number=9&blockchain=ethereum&contract=0x22E130A4ef1eFfDdAFDF0b9825dc03D83747664e&token_id=638524441323,ff-cdn,True,
0x22e130a4ef1effddafdf0b9825dc03d83747664e,Feral File — Peer to Peer,6385244413236652634082529095150015179100396338302512014117665775733882860646,METASOTO #6,,previews/9e8992c9-91f0-48c7-a7c7-6ca7bcff9d6a/1668537579/_unique-thumbnails/8-large.jpg,relative,https://cdn.feralfileassets.com/previews/9e8992c9-91f0-48c7-a7c7-6ca7bcff9d6a/1668537579/?edition_number=8&blockchain=ethereum&contract=0x22E130A4ef1eFfDdAFDF0b9825dc03D83747664e&token_id=638524441323,ff-cdn,True,
0x22e130a4ef1effddafdf0b9825dc03d83747664e,Feral File — Peer to Peer,6385244413236652634082529095150015179100396338302512014117665775733882860645,METASOTO #5,,previews/9e8992c9-91f0-48c7-a7c7-6ca7bcff9d6a/1668537579/_unique-thumbnails/7-large.jpg,relative,https://cdn.feralfileassets.com/previews/9e8992c9-91f0-48c7-a7c7-6ca7bcff9d6a/1668537579/?edition_number=7&blockchain=ethereum&contract=0x22E130A4ef1eFfDdAFDF0b9825dc03D83747664e&token_id=638524441323,ff-cdn,True,
0x22e130a4ef1effddafdf0b9825dc03d83747664e,Feral File — Peer to Peer,6385244413236652634082529095150015179100396338302512014117665775733882860644,METASOTO #4,,previews/9e8992c9-91f0-48c7-a7c7-6ca7bcff9d6a/1668537579/_unique-thumbnails/6-large.jpg,relative,https://cdn.feralfileassets.com/previews/9e8992c9-91f0-48c7-a7c7-6ca7bcff9d6a/1668537579/?edition_number=6&blockchain=ethereum&contract=0x22E130A4ef1eFfDdAFDF0b9825dc03D83747664e&token_id=638524441323,ff-cdn,True,
0x22e130a4ef1effddafdf0b9825dc03d83747664e,Feral File — Peer to Peer,6385244413236652634082529095150015179100396338302512014117665775733882860643,METASOTO #3,,previews/9e8992c9-91f0-48c7-a7c7-6ca7bcff9d6a/1668537579/_unique-thumbnails/5-large.jpg,relative,https://cdn.feralfileassets.com/previews/9e8992c9-91f0-48c7-a7c7-6ca7bcff9d6a/1668537579/?edition_number=5&blockchain=ethereum&contract=0x22E130A4ef1eFfDdAFDF0b9825dc03D83747664e&token_id=638524441323,ff-cdn,True,
0x22e130a4ef1effddafdf0b9825dc03d83747664e,Feral File — Peer to Peer,6385244413236652634082529095150015179100396338302512014117665775733882860642,METASOTO #2,,previews/9e8992c9-91f0-48c7-a7c7-6ca7bcff9d6a/1668537579/_unique-thumbnails/4-large.jpg,relative,https://cdn.feralfileassets.com/previews/9e8992c9-91f0-48c7-a7c7-6ca7bcff9d6a/1668537579/?edition_number=4&blockchain=ethereum&contract=0x22E130A4ef1eFfDdAFDF0b9825dc03D83747664e&token_id=638524441323,ff-cdn,True,
0x22e130a4ef1effddafdf0b9825dc03d83747664e,Feral File — Peer to Peer,6385244413236652634082529095150015179100396338302512014117665775733882860641,METASOTO #1,,previews/9e8992c9-91f0-48c7-a7c7-6ca7bcff9d6a/1668537579/_unique-thumbnails/3-large.jpg,relative,https://cdn.feralfileassets.com/previews/9e8992c9-91f0-48c7-a7c7-6ca7bcff9d6a/1668537579/?edition_number=3&blockchain=ethereum&contract=0x22E130A4ef1eFfDdAFDF0b9825dc03D83747664e&token_id=638524441323,ff-cdn,True,
0x22e130a4ef1effddafdf0b9825dc03d83747664e,Feral File — Peer to Peer,6385244413236652634082529095150015179100396338302512014117665775733882860640,METASOTO PP,,previews/9e8992c9-91f0-48c7-a7c7-6ca7bcff9d6a/1668537579/_unique-thumbnails/2-large.jpg,relative,https://cdn.feralfileassets.com/previews/9e8992c9-91f0-48c7-a7c7-6ca7bcff9d6a/1668537579/?edition_number=2&blockchain=ethereum&contract=0x22E130A4ef1eFfDdAFDF0b9825dc03D83747664e&token_id=638524441323,ff-cdn,True,
0x22e130a4ef1effddafdf0b9825dc03d83747664e,Feral File — Peer to Peer,6385244413236652634082529095150015179100396338302512014117665775733882860639,METASOTO AE,,previews/9e8992c9-91f0-48c7-a7c7-6ca7bcff9d6a/1668537579/_unique-thumbnails/1-large.jpg,relative,https://cdn.feralfileassets.com/previews/9e8992c9-91f0-48c7-a7c7-6ca7bcff9d6a/1668537579/?edition_number=1&blockchain=ethereum&contract=0x22E130A4ef1eFfDdAFDF0b9825dc03D83747664e&token_id=638524441323,ff-cdn,True,
0x22e130a4ef1effddafdf0b9825dc03d83747664e,Feral File — Peer to Peer,6385244413236652634082529095150015179100396338302512014117665775733882860638,METASOTO AE,,previews/9e8992c9-91f0-48c7-a7c7-6ca7bcff9d6a/1668537579/_unique-thumbnails/0-large.jpg,relative,https://cdn.feralfileassets.com/previews/9e8992c9-91f0-48c7-a7c7-6ca7bcff9d6a/1668537579/?edition_number=0&blockchain=ethereum&contract=0x22E130A4ef1eFfDdAFDF0b9825dc03D83747664e&token_id=638524441323,ff-cdn,True,
0xd99b40c0a6d12463877839e88d7bf43c779ffe2f,Aorist Art,66000001,Machine Hallucinations: Coral Dreams,Machine Hallucinations: Coral Dreams by Refik Anadol,ipfs://QmXYbbS3RhCxAWk9BYjJ67a1Brz7yRwKz46t28EXFMfcbK,ipfs,ipfs://QmezjuUeCqSvzg2UM5bKE57NhNEDV5m4pRaGa1KfVjEvhe,ipfs,True,
0x2f4acb48bb2aa86d7b25e9181fa83b68b4cb8368,The Smell of Pink by Andrés Reisinger,51000008,The Smell of Pink (Earth) #8,The Smell of Pink by Andrés Reisinger,ipfs://QmUQDwSh9sggeBGxoFJNgTCMtUariezRRtgH813KuDNw5C,ipfs,ipfs://QmaL3woeLNKsVKPgQqGBQzxATqpJ9omXwmgwDafUR5tDRZ,ipfs,True,
0xb986e7f84f20db1cbf2f96c54f58e7c2dfaac9e5,The Wither by Andrés Reisinger,5000001,The Wither ,The Wither by Andrés Reisinger,ipfs://Qmf2NmZWRFDCHe3VatpKkiuSnV344jCQegrjHrygx48ahm,ipfs,ipfs://QmNvcGNfcbz9uX5B6kAANfbxfVWc3WsNGPdCGKdHE7DMmW,ipfs,True,
0x9d611547e79653c008f31462780fa2aa8838ce8a,Breathing Language by Andrés Reisinger,574000001,Love in Erosion,Breathing Language by Andrés Reisinger,ipfs://Qma7xvgEsczDi2ZxgQqbfDjMeVcf79qgTHM6ChzV2x3FC1,ipfs,ipfs://QmWgBBV3hBAMzXmgzU4uFQoCSwTwt44nqYdvM9nCU4pWQU,ipfs,True,
0x9d611547e79653c008f31462780fa2aa8838ce8a,Breathing Language by Andrés Reisinger,573000001,Things Always Remember,Breathing Language by Andrés Reisinger,ipfs://QmVJ1fZ7P4rU9e9gpdPJTyNnij7rBVoowXuBdgJeR7xxtj,ipfs,ipfs://Qmee6fw5HXcWeS3CysjSAwqY3ib98XDM6VK46U7jn2SZx6,ipfs,True,
0x98beb1dc755571fd24408170b0cc26ac98137ecc,The Smell of Pink by Andrés Reisinger,51000007,The Smell of Pink (Earth) #7,The Smell of Pink by Andrés Reisinger,ipfs://QmUQDwSh9sggeBGxoFJNgTCMtUariezRRtgH813KuDNw5C,ipfs,ipfs://QmaL3woeLNKsVKPgQqGBQzxATqpJ9omXwmgwDafUR5tDRZ,ipfs,True,
0x98beb1dc755571fd24408170b0cc26ac98137ecc,The Smell of Pink by Andrés Reisinger,51000006,The Smell of Pink (Earth) #6,The Smell of Pink by Andrés Reisinger,ipfs://QmUQDwSh9sggeBGxoFJNgTCMtUariezRRtgH813KuDNw5C,ipfs,ipfs://QmaL3woeLNKsVKPgQqGBQzxATqpJ9omXwmgwDafUR5tDRZ,ipfs,True,
0x98beb1dc755571fd24408170b0cc26ac98137ecc,The Smell of Pink by Andrés Reisinger,51000005,,,,none,,none,False,
0x98beb1dc755571fd24408170b0cc26ac98137ecc,The Smell of Pink by Andrés Reisinger,51000004,,,,none,,none,False,
0x98beb1dc755571fd24408170b0cc26ac98137ecc,The Smell of Pink by Andrés Reisinger,51000003,The Smell of Pink (Earth) #3,The Smell of Pink by Andrés Reisinger,ipfs://QmUQDwSh9sggeBGxoFJNgTCMtUariezRRtgH813KuDNw5C,ipfs,ipfs://QmaL3woeLNKsVKPgQqGBQzxATqpJ9omXwmgwDafUR5tDRZ,ipfs,True,
0x98beb1dc755571fd24408170b0cc26ac98137ecc,The Smell of Pink by Andrés Reisinger,51000002,The Smell of Pink (Earth) #2,The Smell of Pink by Andrés Reisinger,ipfs://QmUQDwSh9sggeBGxoFJNgTCMtUariezRRtgH813KuDNw5C,ipfs,ipfs://QmaL3woeLNKsVKPgQqGBQzxATqpJ9omXwmgwDafUR5tDRZ,ipfs,True,
0x98beb1dc755571fd24408170b0cc26ac98137ecc,The Smell of Pink by Andrés Reisinger,51000001,The Smell of Pink (Earth) #1,The Smell of Pink by Andrés Reisinger,ipfs://QmUQDwSh9sggeBGxoFJNgTCMtUariezRRtgH813KuDNw5C,ipfs,ipfs://QmaL3woeLNKsVKPgQqGBQzxATqpJ9omXwmgwDafUR5tDRZ,ipfs,True,
0x98beb1dc755571fd24408170b0cc26ac98137ecc,The Smell of Pink by Andrés Reisinger,50000001,Hortensia (Water),The Smell of Pink by Andrés Reisinger,ipfs://QmdhYi82qZTDi91959pQySM4pMVJ5joNncm7vrjNuCEBW4,ipfs,ipfs://QmcurNcurqZ7DvgsfNwMMZvcjbqeHQxH51S1gAznxUQzgw,ipfs,True,
0x98beb1dc755571fd24408170b0cc26ac98137ecc,The Smell of Pink by Andrés Reisinger,49000001,,,,none,,none,False,
0x98beb1dc755571fd24408170b0cc26ac98137ecc,The Smell of Pink by Andrés Reisinger,48000001,One Chair (Fire),The Smell of Pink by Andrés Reisinger,ipfs://QmWzYA17F6pDg8VqBqNEnJupwWaSrtufYJBQPFv5PUrJwa,ipfs,ipfs://QmZK3XfWz339bPmhK1skwZedy51dSeybcqSoR4HeegHsUD,ipfs,True,
0x98beb1dc755571fd24408170b0cc26ac98137ecc,The Smell of Pink by Andrés Reisinger,17000001,,,,none,,none,False,
0x98beb1dc755571fd24408170b0cc26ac98137ecc,The Smell of Pink by Andrés Reisinger,16000001,,,,none,,none,False,
0x86f66c89aab96cc08c5e360974f2a33e8521b88e,"Coral Arena by OMA/Shohei Shigematsu, Charlotte Taylor & Nicholas Preaud",82000001,,,,none,,none,False,
0x86f66c89aab96cc08c5e360974f2a33e8521b88e,"Coral Arena by OMA/Shohei Shigematsu, Charlotte Taylor & Nicholas Preaud",81000001,,,,none,,none,False,
0x86f66c89aab96cc08c5e360974f2a33e8521b88e,"Coral Arena by OMA/Shohei Shigematsu, Charlotte Taylor & Nicholas Preaud",80000001,,,,none,,none,False,
0x86f66c89aab96cc08c5e360974f2a33e8521b88e,"Coral Arena by OMA/Shohei Shigematsu, Charlotte Taylor & Nicholas Preaud",79000001,"October 2026 - ""Bloom""","Coral Arena by OMA/Shohei Shigematsu, Charlotte Taylor & Nicholas Préaud",ipfs://QmbyrrziXJ1SPWRQNSrRYuzPbuznA78HvjkKTEab4bc9yx,ipfs,ipfs://QmbyrrziXJ1SPWRQNSrRYuzPbuznA78HvjkKTEab4bc9yx,ipfs,True,
0x86f66c89aab96cc08c5e360974f2a33e8521b88e,"Coral Arena by OMA/Shohei Shigematsu, Charlotte Taylor & Nicholas Preaud",78000001,,,,none,,none,False,
0x86f66c89aab96cc08c5e360974f2a33e8521b88e,"Coral Arena by OMA/Shohei Shigematsu, Charlotte Taylor & Nicholas Preaud",77000001,"December 2030 - ""Stepped Habitat""","Coral Arena by OMA/Shohei Shigematsu, Charlotte Taylor & Nicholas Préaud",ipfs://QmcYn9kGkYmHfRymTo1FHzRUpeXBKeDk4XbPAJH9Vt58id,ipfs,ipfs://QmcYn9kGkYmHfRymTo1FHzRUpeXBKeDk4XbPAJH9Vt58id,ipfs,True,
0x22fd0c0c719745742ee4c822bf16e03bbb421305,Hall of Visions by Pilar Zeta,47000003,Space of Variations #3,Hall of Visions by Pilar Zeta,ipfs://Qmf8Ukvr8ySWEtaHyJAfWEhg8Fpt3FKL5SW71xiW4thL3r,ipfs,ipfs://QmU2x6kfFU8T5pmz9jmbjN6cdjzSZ5h97NYPNpzu48f6Jj,ipfs,True,
0x22fd0c0c719745742ee4c822bf16e03bbb421305,Hall of Visions by Pilar Zeta,47000002,Space of Variations #2,Hall of Visions by Pilar Zeta,ipfs://Qmf8Ukvr8ySWEtaHyJAfWEhg8Fpt3FKL5SW71xiW4thL3r,ipfs,ipfs://QmU2x6kfFU8T5pmz9jmbjN6cdjzSZ5h97NYPNpzu48f6Jj,ipfs,True,
0x22fd0c0c719745742ee4c822bf16e03bbb421305,Hall of Visions by Pilar Zeta,47000001,Space of Variations #1,Hall of Visions by Pilar Zeta,ipfs://Qmf8Ukvr8ySWEtaHyJAfWEhg8Fpt3FKL5SW71xiW4thL3r,ipfs,ipfs://QmU2x6kfFU8T5pmz9jmbjN6cdjzSZ5h97NYPNpzu48f6Jj,ipfs,True,
0x22fd0c0c719745742ee4c822bf16e03bbb421305,Hall of Visions by Pilar Zeta,46000044,Reflection #44,Hall of Visions by Pilar Zeta,ipfs://QmfBAfswJ63CUSiwUJzMS7iZ9ca2APMkrZA6TsoHBdvGFM,ipfs,ipfs://QmZ788UFwUUjqh2wMDNBXjea5ML4hTUMSXUatzeggcwJko,ipfs,True,
0x22fd0c0c719745742ee4c822bf16e03bbb421305,Hall of Visions by Pilar Zeta,46000043,,,,none,,none,False,
0x22fd0c0c719745742ee4c822bf16e03bbb421305,Hall of Visions by Pilar Zeta,46000042,Reflection #42,Hall of Visions by Pilar Zeta,ipfs://QmfBAfswJ63CUSiwUJzMS7iZ9ca2APMkrZA6TsoHBdvGFM,ipfs,ipfs://QmZ788UFwUUjqh2wMDNBXjea5ML4hTUMSXUatzeggcwJko,ipfs,True,
0x22fd0c0c719745742ee4c822bf16e03bbb421305,Hall of Visions by Pilar Zeta,46000041,,,,none,,none,False,
0x22fd0c0c719745742ee4c822bf16e03bbb421305,Hall of Visions by Pilar Zeta,46000040,,,,none,,none,False,
0x22fd0c0c719745742ee4c822bf16e03bbb421305,Hall of Visions by Pilar Zeta,46000039,Reflection #39,Hall of Visions by Pilar Zeta,ipfs://QmfBAfswJ63CUSiwUJzMS7iZ9ca2APMkrZA6TsoHBdvGFM,ipfs,ipfs://QmZ788UFwUUjqh2wMDNBXjea5ML4hTUMSXUatzeggcwJko,ipfs,True,
0x22fd0c0c719745742ee4c822bf16e03bbb421305,Hall of Visions by Pilar Zeta,46000038,,,,none,,none,False,
0x22fd0c0c719745742ee4c822bf16e03bbb421305,Hall of Visions by Pilar Zeta,46000037,,,,none,,none,False,
0x22fd0c0c719745742ee4c822bf16e03bbb421305,Hall of Visions by Pilar Zeta,46000036,,,,none,,none,False,
0x22fd0c0c719745742ee4c822bf16e03bbb421305,Hall of Visions by Pilar Zeta,46000035,,,,none,,none,False,
0x22fd0c0c719745742ee4c822bf16e03bbb421305,Hall of Visions by Pilar Zeta,46000034,,,,none,,none,False,
0x22fd0c0c719745742ee4c822bf16e03bbb421305,Hall of Visions by Pilar Zeta,46000033,,,,none,,none,False,
0x22fd0c0c719745742ee4c822bf16e03bbb421305,Hall of Visions by Pilar Zeta,46000032,,,,none,,none,False,
0x22fd0c0c719745742ee4c822bf16e03bbb421305,Hall of Visions by Pilar Zeta,46000031,,,,none,,none,False,
0x22fd0c0c719745742ee4c822bf16e03bbb421305,Hall of Visions by Pilar Zeta,46000030,,,,none,,none,False,
0x22fd0c0c719745742ee4c822bf16e03bbb421305,Hall of Visions by Pilar Zeta,46000029,,,,none,,none,False,
0x22fd0c0c719745742ee4c822bf16e03bbb421305,Hall of Visions by Pilar Zeta,46000028,,,,none,,none,False,
0x22fd0c0c719745742ee4c822bf16e03bbb421305,Hall of Visions by Pilar Zeta,46000027,Reflection #27,Hall of Visions by Pilar Zeta,ipfs://QmfBAfswJ63CUSiwUJzMS7iZ9ca2APMkrZA6TsoHBdvGFM,ipfs,ipfs://QmZ788UFwUUjqh2wMDNBXjea5ML4hTUMSXUatzeggcwJko,ipfs,True,
0x22fd0c0c719745742ee4c822bf16e03bbb421305,Hall of Visions by Pilar Zeta,46000026,Reflection #26,Hall of Visions by Pilar Zeta,ipfs://QmfBAfswJ63CUSiwUJzMS7iZ9ca2APMkrZA6TsoHBdvGFM,ipfs,ipfs://QmZ788UFwUUjqh2wMDNBXjea5ML4hTUMSXUatzeggcwJko,ipfs,True,
0x22fd0c0c719745742ee4c822bf16e03bbb421305,Hall of Visions by Pilar Zeta,46000025,,,,none,,none,False,
0x22fd0c0c719745742ee4c822bf16e03bbb421305,Hall of Visions by Pilar Zeta,46000024,,,,none,,none,False,
0x22fd0c0c719745742ee4c822bf16e03bbb421305,Hall of Visions by Pilar Zeta,46000023,Reflection #23,Hall of Visions by Pilar Zeta,ipfs://QmfBAfswJ63CUSiwUJzMS7iZ9ca2APMkrZA6TsoHBdvGFM,ipfs,ipfs://QmZ788UFwUUjqh2wMDNBXjea5ML4hTUMSXUatzeggcwJko,ipfs,True,
0x22fd0c0c719745742ee4c822bf16e03bbb421305,Hall of Visions by Pilar Zeta,46000022,Reflection #22,Hall of Visions by Pilar Zeta,ipfs://QmfBAfswJ63CUSiwUJzMS7iZ9ca2APMkrZA6TsoHBdvGFM,ipfs,ipfs://QmZ788UFwUUjqh2wMDNBXjea5ML4hTUMSXUatzeggcwJko,ipfs,True,
0x22fd0c0c719745742ee4c822bf16e03bbb421305,Hall of Visions by Pilar Zeta,46000021,Reflection #21,Hall of Visions by Pilar Zeta,ipfs://QmfBAfswJ63CUSiwUJzMS7iZ9ca2APMkrZA6TsoHBdvGFM,ipfs,ipfs://QmZ788UFwUUjqh2wMDNBXjea5ML4hTUMSXUatzeggcwJko,ipfs,True,
0x22fd0c0c719745742ee4c822bf16e03bbb421305,Hall of Visions by Pilar Zeta,46000020,,,,none,,none,False,
0x22fd0c0c719745742ee4c822bf16e03bbb421305,Hall of Visions by Pilar Zeta,46000019,,,,none,,none,False,
0x22fd0c0c719745742ee4c822bf16e03bbb421305,Hall of Visions by Pilar Zeta,46000018,Reflection #18,Hall of Visions by Pilar Zeta,ipfs://QmfBAfswJ63CUSiwUJzMS7iZ9ca2APMkrZA6TsoHBdvGFM,ipfs,ipfs://QmZ788UFwUUjqh2wMDNBXjea5ML4hTUMSXUatzeggcwJko,ipfs,True,
0x22fd0c0c719745742ee4c822bf16e03bbb421305,Hall of Visions by Pilar Zeta,46000017,,,,none,,none,False,
0x22fd0c0c719745742ee4c822bf16e03bbb421305,Hall of Visions by Pilar Zeta,46000016,Reflection #16,Hall of Visions by Pilar Zeta,ipfs://QmfBAfswJ63CUSiwUJzMS7iZ9ca2APMkrZA6TsoHBdvGFM,ipfs,ipfs://QmZ788UFwUUjqh2wMDNBXjea5ML4hTUMSXUatzeggcwJko,ipfs,True,
0x22fd0c0c719745742ee4c822bf16e03bbb421305,Hall of Visions by Pilar Zeta,46000015,,,,none,,none,False,
0x22fd0c0c719745742ee4c822bf16e03bbb421305,Hall of Visions by Pilar Zeta,46000014,,,,none,,none,False,
0x22fd0c0c719745742ee4c822bf16e03bbb421305,Hall of Visions by Pilar Zeta,46000013,,,,none,,none,False,
0x22fd0c0c719745742ee4c822bf16e03bbb421305,Hall of Visions by Pilar Zeta,46000012,,,,none,,none,False,
0x22fd0c0c719745742ee4c822bf16e03bbb421305,Hall of Visions by Pilar Zeta,46000011,Reflection #11,Hall of Visions by Pilar Zeta,ipfs://QmfBAfswJ63CUSiwUJzMS7iZ9ca2APMkrZA6TsoHBdvGFM,ipfs,ipfs://QmZ788UFwUUjqh2wMDNBXjea5ML4hTUMSXUatzeggcwJko,ipfs,True,
0x22fd0c0c719745742ee4c822bf16e03bbb421305,Hall of Visions by Pilar Zeta,46000010,,,,none,,none,False,
0x22fd0c0c719745742ee4c822bf16e03bbb421305,Hall of Visions by Pilar Zeta,46000009,Reflection #9,Hall of Visions by Pilar Zeta,ipfs://QmfBAfswJ63CUSiwUJzMS7iZ9ca2APMkrZA6TsoHBdvGFM,ipfs,ipfs://QmZ788UFwUUjqh2wMDNBXjea5ML4hTUMSXUatzeggcwJko,ipfs,True,
0x22fd0c0c719745742ee4c822bf16e03bbb421305,Hall of Visions by Pilar Zeta,46000008,,,,none,,none,False,
0x22fd0c0c719745742ee4c822bf16e03bbb421305,Hall of Visions by Pilar Zeta,46000007,,,,none,,none,False,
0x22fd0c0c719745742ee4c822bf16e03bbb421305,Hall of Visions by Pilar Zeta,46000006,,,,none,,none,False,
0x22fd0c0c719745742ee4c822bf16e03bbb421305,Hall of Visions by Pilar Zeta,46000005,,,,none,,none,False,
0x22fd0c0c719745742ee4c822bf16e03bbb421305,Hall of Visions by Pilar Zeta,46000004,,,,none,,none,False,
0x22fd0c0c719745742ee4c822bf16e03bbb421305,Hall of Visions by Pilar Zeta,46000003,,,,none,,none,False,
0x22fd0c0c719745742ee4c822bf16e03bbb421305,Hall of Visions by Pilar Zeta,46000002,,,,none,,none,False,
0x22fd0c0c719745742ee4c822bf16e03bbb421305,Hall of Visions by Pilar Zeta,46000001,,,,none,,none,False,
0x22fd0c0c719745742ee4c822bf16e03bbb421305,Hall of Visions by Pilar Zeta,45000044,,,,none,,none,False,
0x22fd0c0c719745742ee4c822bf16e03bbb421305,Hall of Visions by Pilar Zeta,45000043,,,,none,,none,False,
0x22fd0c0c719745742ee4c822bf16e03bbb421305,Hall of Visions by Pilar Zeta,45000042,,,,none,,none,False,
0x22fd0c0c719745742ee4c822bf16e03bbb421305,Hall of Visions by Pilar Zeta,45000041,,,,none,,none,False,
0x22fd0c0c719745742ee4c822bf16e03bbb421305,Hall of Visions by Pilar Zeta,45000040,,,,none,,none,False,
0x22fd0c0c719745742ee4c822bf16e03bbb421305,Hall of Visions by Pilar Zeta,45000039,,,,none,,none,False,
0x22fd0c0c719745742ee4c822bf16e03bbb421305,Hall of Visions by Pilar Zeta,45000038,,,,none,,none,False,
0x22fd0c0c719745742ee4c822bf16e03bbb421305,Hall of Visions by Pilar Zeta,45000037,,,,none,,none,False,
0x22fd0c0c719745742ee4c822bf16e03bbb421305,Hall of Visions by Pilar Zeta,45000036,,,,none,,none,False,
0x22fd0c0c719745742ee4c822bf16e03bbb421305,Hall of Visions by Pilar Zeta,45000035,,,,none,,none,False,
0x22fd0c0c719745742ee4c822bf16e03bbb421305,Hall of Visions by Pilar Zeta,45000034,,,,none,,none,False,
0x22fd0c0c719745742ee4c822bf16e03bbb421305,Hall of Visions by Pilar Zeta,45000033,,,,none,,none,False,
0x22fd0c0c719745742ee4c822bf16e03bbb421305,Hall of Visions by Pilar Zeta,45000032,,,,none,,none,False,
0x22fd0c0c719745742ee4c822bf16e03bbb421305,Hall of Visions by Pilar Zeta,45000031,,,,none,,none,False,
0x22fd0c0c719745742ee4c822bf16e03bbb421305,Hall of Visions by Pilar Zeta,45000030,,,,none,,none,False,
0x22fd0c0c719745742ee4c822bf16e03bbb421305,Hall of Visions by Pilar Zeta,45000029,,,,none,,none,False,
0x22fd0c0c719745742ee4c822bf16e03bbb421305,Hall of Visions by Pilar Zeta,45000028,,,,none,,none,False,
0x22fd0c0c719745742ee4c822bf16e03bbb421305,Hall of Visions by Pilar Zeta,45000027,,,,none,,none,False,
0x22fd0c0c719745742ee4c822bf16e03bbb421305,Hall of Visions by Pilar Zeta,45000026,,,,none,,none,False,
0x22fd0c0c719745742ee4c822bf16e03bbb421305,Hall of Visions by Pilar Zeta,45000025,,,,none,,none,False,
0x22fd0c0c719745742ee4c822bf16e03bbb421305,Hall of Visions by Pilar Zeta,45000024,,,,none,,none,False,
0x22fd0c0c719745742ee4c822bf16e03bbb421305,Hall of Visions by Pilar Zeta,45000023,,,,none,,none,False,
0x22fd0c0c719745742ee4c822bf16e03bbb421305,Hall of Visions by Pilar Zeta,45000022,,,,none,,none,False,
0x22fd0c0c719745742ee4c822bf16e03bbb421305,Hall of Visions by Pilar Zeta,45000021,,,,none,,none,False,
0x22fd0c0c719745742ee4c822bf16e03bbb421305,Hall of Visions by Pilar Zeta,45000020,,,,none,,none,False,
0x22fd0c0c719745742ee4c822bf16e03bbb421305,Hall of Visions by Pilar Zeta,45000019,,,,none,,none,False,
0x22fd0c0c719745742ee4c822bf16e03bbb421305,Hall of Visions by Pilar Zeta,45000018,,,,none,,none,False,
0x22fd0c0c719745742ee4c822bf16e03bbb421305,Hall of Visions by Pilar Zeta,45000017,,,,none,,none,False,
0x22fd0c0c719745742ee4c822bf16e03bbb421305,Hall of Visions by Pilar Zeta,45000016,,,,none,,none,False,
0x22fd0c0c719745742ee4c822bf16e03bbb421305,Hall of Visions by Pilar Zeta,45000015,,,,none,,none,False,
0x22fd0c0c719745742ee4c822bf16e03bbb421305,Hall of Visions by Pilar Zeta,45000014,,,,none,,none,False,
0x22fd0c0c719745742ee4c822bf16e03bbb421305,Hall of Visions by Pilar Zeta,45000013,Hatch #13,Hall of Visions by Pilar Zeta,ipfs://QmNSk1xbDt1RMhSmgpXbP8fJgVRTfCXjG7jRuwoYVDRsmy,ipfs,ipfs://QmYWXHkg2tdcrQuEm7eZQheEJsQLMQQHJhTiX4rcCPsdkK,ipfs,True,
0x22fd0c0c719745742ee4c822bf16e03bbb421305,Hall of Visions by Pilar Zeta,45000012,,,,none,,none,False,
0x22fd0c0c719745742ee4c822bf16e03bbb421305,Hall of Visions by Pilar Zeta,45000011,,,,none,,none,False,
0x22fd0c0c719745742ee4c822bf16e03bbb421305,Hall of Visions by Pilar Zeta,45000010,,,,none,,none,False,
0x22fd0c0c719745742ee4c822bf16e03bbb421305,Hall of Visions by Pilar Zeta,45000009,,,,none,,none,False,
0x22fd0c0c719745742ee4c822bf16e03bbb421305,Hall of Visions by Pilar Zeta,45000008,,,,none,,none,False,
0x22fd0c0c719745742ee4c822bf16e03bbb421305,Hall of Visions by Pilar Zeta,45000007,,,,none,,none,False,
0x22fd0c0c719745742ee4c822bf16e03bbb421305,Hall of Visions by Pilar Zeta,45000006,,,,none,,none,False,
0x22fd0c0c719745742ee4c822bf16e03bbb421305,Hall of Visions by Pilar Zeta,45000005,,,,none,,none,False,
0x22fd0c0c719745742ee4c822bf16e03bbb421305,Hall of Visions by Pilar Zeta,45000004,,,,none,,none,False,
0x22fd0c0c719745742ee4c822bf16e03bbb421305,Hall of Visions by Pilar Zeta,45000003,Hatch #3,Hall of Visions by Pilar Zeta,ipfs://QmNSk1xbDt1RMhSmgpXbP8fJgVRTfCXjG7jRuwoYVDRsmy,ipfs,ipfs://QmYWXHkg2tdcrQuEm7eZQheEJsQLMQQHJhTiX4rcCPsdkK,ipfs,True,
0x22fd0c0c719745742ee4c822bf16e03bbb421305,Hall of Visions by Pilar Zeta,45000002,Hatch #2,Hall of Visions by Pilar Zeta,ipfs://QmNSk1xbDt1RMhSmgpXbP8fJgVRTfCXjG7jRuwoYVDRsmy,ipfs,ipfs://QmYWXHkg2tdcrQuEm7eZQheEJsQLMQQHJhTiX4rcCPsdkK,ipfs,True,
0x22fd0c0c719745742ee4c822bf16e03bbb421305,Hall of Visions by Pilar Zeta,45000001,,,,none,,none,False,
0x22fd0c0c719745742ee4c822bf16e03bbb421305,Hall of Visions by Pilar Zeta,44000022,,,,none,,none,False,
0x22fd0c0c719745742ee4c822bf16e03bbb421305,Hall of Visions by Pilar Zeta,44000021,,,,none,,none,False,
0x22fd0c0c719745742ee4c822bf16e03bbb421305,Hall of Visions by Pilar Zeta,44000020,,,,none,,none,False,
0x22fd0c0c719745742ee4c822bf16e03bbb421305,Hall of Visions by Pilar Zeta,44000019,,,,none,,none,False,
0x22fd0c0c719745742ee4c822bf16e03bbb421305,Hall of Visions by Pilar Zeta,44000018,,,,none,,none,False,
0x22fd0c0c719745742ee4c822bf16e03bbb421305,Hall of Visions by Pilar Zeta,44000017,,,,none,,none,False,
0x22fd0c0c719745742ee4c822bf16e03bbb421305,Hall of Visions by Pilar Zeta,44000016,Inner Outer World #16,Hall of Visions by Pilar Zeta,ipfs://QmXhytP4bBqfEvuzqc3VkkBpyw2wBTmAS1SVQcfHgxwZRi,ipfs,ipfs://QmNSs7FMgKw6nbNY17YhsZzuQAJCpc4XAbSTq8R6BbDe7q,ipfs,True,
0x22fd0c0c719745742ee4c822bf16e03bbb421305,Hall of Visions by Pilar Zeta,44000015,,,,none,,none,False,
0x22fd0c0c719745742ee4c822bf16e03bbb421305,Hall of Visions by Pilar Zeta,44000014,,,,none,,none,False,
0x22fd0c0c719745742ee4c822bf16e03bbb421305,Hall of Visions by Pilar Zeta,44000013,,,,none,,none,False,
0x22fd0c0c719745742ee4c822bf16e03bbb421305,Hall of Visions by Pilar Zeta,44000012,,,,none,,none,False,
0x22fd0c0c719745742ee4c822bf16e03bbb421305,Hall of Visions by Pilar Zeta,44000011,,,,none,,none,False,
0x22fd0c0c719745742ee4c822bf16e03bbb421305,Hall of Visions by Pilar Zeta,44000010,,,,none,,none,False,
0x22fd0c0c719745742ee4c822bf16e03bbb421305,Hall of Visions by Pilar Zeta,44000009,,,,none,,none,False,
0x22fd0c0c719745742ee4c822bf16e03bbb421305,Hall of Visions by Pilar Zeta,44000008,,,,none,,none,False,
0x22fd0c0c719745742ee4c822bf16e03bbb421305,Hall of Visions by Pilar Zeta,44000007,,,,none,,none,False,
0x22fd0c0c719745742ee4c822bf16e03bbb421305,Hall of Visions by Pilar Zeta,44000006,Inner Outer World #6,Hall of Visions by Pilar Zeta,ipfs://QmXhytP4bBqfEvuzqc3VkkBpyw2wBTmAS1SVQcfHgxwZRi,ipfs,ipfs://QmNSs7FMgKw6nbNY17YhsZzuQAJCpc4XAbSTq8R6BbDe7q,ipfs,True,
0x22fd0c0c719745742ee4c822bf16e03bbb421305,Hall of Visions by Pilar Zeta,44000005,,,,none,,none,False,
0x22fd0c0c719745742ee4c822bf16e03bbb421305,Hall of Visions by Pilar Zeta,44000004,,,,none,,none,False,
0x22fd0c0c719745742ee4c822bf16e03bbb421305,Hall of Visions by Pilar Zeta,44000003,Inner Outer World #3,Hall of Visions by Pilar Zeta,ipfs://QmXhytP4bBqfEvuzqc3VkkBpyw2wBTmAS1SVQcfHgxwZRi,ipfs,ipfs://QmNSs7FMgKw6nbNY17YhsZzuQAJCpc4XAbSTq8R6BbDe7q,ipfs,True,
0x22fd0c0c719745742ee4c822bf16e03bbb421305,Hall of Visions by Pilar Zeta,44000002,Inner Outer World #2,Hall of Visions by Pilar Zeta,ipfs://QmXhytP4bBqfEvuzqc3VkkBpyw2wBTmAS1SVQcfHgxwZRi,ipfs,ipfs://QmNSs7FMgKw6nbNY17YhsZzuQAJCpc4XAbSTq8R6BbDe7q,ipfs,True,
0x22fd0c0c719745742ee4c822bf16e03bbb421305,Hall of Visions by Pilar Zeta,44000001,Inner Outer World #1,Hall of Visions by Pilar Zeta,ipfs://QmXhytP4bBqfEvuzqc3VkkBpyw2wBTmAS1SVQcfHgxwZRi,ipfs,ipfs://QmNSs7FMgKw6nbNY17YhsZzuQAJCpc4XAbSTq8R6BbDe7q,ipfs,True,
0x22fd0c0c719745742ee4c822bf16e03bbb421305,Hall of Visions by Pilar Zeta,43000022,,,,none,,none,False,
0x22fd0c0c719745742ee4c822bf16e03bbb421305,Hall of Visions by Pilar Zeta,43000021,,,,none,,none,False,
0x22fd0c0c719745742ee4c822bf16e03bbb421305,Hall of Visions by Pilar Zeta,43000020,,,,none,,none,False,
0x22fd0c0c719745742ee4c822bf16e03bbb421305,Hall of Visions by Pilar Zeta,43000019,,,,none,,none,False,
0x22fd0c0c719745742ee4c822bf16e03bbb421305,Hall of Visions by Pilar Zeta,43000018,,,,none,,none,False,
0x22fd0c0c719745742ee4c822bf16e03bbb421305,Hall of Visions by Pilar Zeta,43000017,,,,none,,none,False,
0x22fd0c0c719745742ee4c822bf16e03bbb421305,Hall of Visions by Pilar Zeta,43000016,,,,none,,none,False,
0x22fd0c0c719745742ee4c822bf16e03bbb421305,Hall of Visions by Pilar Zeta,43000015,,,,none,,none,False,
0x22fd0c0c719745742ee4c822bf16e03bbb421305,Hall of Visions by Pilar Zeta,43000014,,,,none,,none,False,
0x22fd0c0c719745742ee4c822bf16e03bbb421305,Hall of Visions by Pilar Zeta,43000013,,,,none,,none,False,
0x22fd0c0c719745742ee4c822bf16e03bbb421305,Hall of Visions by Pilar Zeta,43000012,,,,none,,none,False,
0x22fd0c0c719745742ee4c822bf16e03bbb421305,Hall of Visions by Pilar Zeta,43000011,,,,none,,none,False,
0x22fd0c0c719745742ee4c822bf16e03bbb421305,Hall of Visions by Pilar Zeta,43000010,Sunrise #10,Hall of Visions by Pilar Zeta,ipfs://QmYGE71USfWXJqYVYk1dhFasqAMe6QpHZRdnLoJen2pC4M,ipfs,ipfs://QmbfNJkXsaAseYnEwYc7yN5ZBV2kFbP2Pd6Hxz58XvbHvP,ipfs,True,
0x22fd0c0c719745742ee4c822bf16e03bbb421305,Hall of Visions by Pilar Zeta,43000009,,,,none,,none,False,
0x22fd0c0c719745742ee4c822bf16e03bbb421305,Hall of Visions by Pilar Zeta,43000008,,,,none,,none,False,
0x22fd0c0c719745742ee4c822bf16e03bbb421305,Hall of Visions by Pilar Zeta,43000007,,,,none,,none,False,
0x22fd0c0c719745742ee4c822bf16e03bbb421305,Hall of Visions by Pilar Zeta,43000006,,,,none,,none,False,
0x22fd0c0c719745742ee4c822bf16e03bbb421305,Hall of Visions by Pilar Zeta,43000005,,,,none,,none,False,
0x22fd0c0c719745742ee4c822bf16e03bbb421305,Hall of Visions by Pilar Zeta,43000004,,,,none,,none,False,
0x22fd0c0c719745742ee4c822bf16e03bbb421305,Hall of Visions by Pilar Zeta,43000003,Sunrise #3,Hall of Visions by Pilar Zeta,ipfs://QmYGE71USfWXJqYVYk1dhFasqAMe6QpHZRdnLoJen2pC4M,ipfs,ipfs://QmbfNJkXsaAseYnEwYc7yN5ZBV2kFbP2Pd6Hxz58XvbHvP,ipfs,True,
0x22fd0c0c719745742ee4c822bf16e03bbb421305,Hall of Visions by Pilar Zeta,43000002,,,,none,,none,False,
0x22fd0c0c719745742ee4c822bf16e03bbb421305,Hall of Visions by Pilar Zeta,43000001,,,,none,,none,False,
0x22fd0c0c719745742ee4c822bf16e03bbb421305,Hall of Visions by Pilar Zeta,42000022,,,,none,,none,False,
0x22fd0c0c719745742ee4c822bf16e03bbb421305,Hall of Visions by Pilar Zeta,42000021,,,,none,,none,False,
0x22fd0c0c719745742ee4c822bf16e03bbb421305,Hall of Visions by Pilar Zeta,42000020,,,,none,,none,False,
0x22fd0c0c719745742ee4c822bf16e03bbb421305,Hall of Visions by Pilar Zeta,42000019,,,,none,,none,False,
0x22fd0c0c719745742ee4c822bf16e03bbb421305,Hall of Visions by Pilar Zeta,42000018,,,,none,,none,False,
0x22fd0c0c719745742ee4c822bf16e03bbb421305,Hall of Visions by Pilar Zeta,42000017,,,,none,,none,False,
0x22fd0c0c719745742ee4c822bf16e03bbb421305,Hall of Visions by Pilar Zeta,42000016,,,,none,,none,False,
0x22fd0c0c719745742ee4c822bf16e03bbb421305,Hall of Visions by Pilar Zeta,42000015,,,,none,,none,False,
0x22fd0c0c719745742ee4c822bf16e03bbb421305,Hall of Visions by Pilar Zeta,42000014,,,,none,,none,False,
0x22fd0c0c719745742ee4c822bf16e03bbb421305,Hall of Visions by Pilar Zeta,42000013,,,,none,,none,False,
0x22fd0c0c719745742ee4c822bf16e03bbb421305,Hall of Visions by Pilar Zeta,42000012,,,,none,,none,False,
0x22fd0c0c719745742ee4c822bf16e03bbb421305,Hall of Visions by Pilar Zeta,42000011,,,,none,,none,False,
0x22fd0c0c719745742ee4c822bf16e03bbb421305,Hall of Visions by Pilar Zeta,42000010,Eclipse #10,Hall of Visions by Pilar Zeta,ipfs://QmdeR2NKZDeRQxSW6QJP1rWy5MfwVR8xJ3q4aAUkuPeHL2,ipfs,ipfs://QmZ91d3mqTwqZa6h59GgW8am6rVAzVR9CXQBS4UBtcqvc3,ipfs,True,
0x22fd0c0c719745742ee4c822bf16e03bbb421305,Hall of Visions by Pilar Zeta,42000009,,,,none,,none,False,
0x22fd0c0c719745742ee4c822bf16e03bbb421305,Hall of Visions by Pilar Zeta,42000008,,,,none,,none,False,
0x22fd0c0c719745742ee4c822bf16e03bbb421305,Hall of Visions by Pilar Zeta,42000007,,,,none,,none,False,
0x22fd0c0c719745742ee4c822bf16e03bbb421305,Hall of Visions by Pilar Zeta,42000006,Eclipse #6,Hall of Visions by Pilar Zeta,ipfs://QmdeR2NKZDeRQxSW6QJP1rWy5MfwVR8xJ3q4aAUkuPeHL2,ipfs,ipfs://QmZ91d3mqTwqZa6h59GgW8am6rVAzVR9CXQBS4UBtcqvc3,ipfs,True,
0x22fd0c0c719745742ee4c822bf16e03bbb421305,Hall of Visions by Pilar Zeta,42000005,,,,none,,none,False,
0x22fd0c0c719745742ee4c822bf16e03bbb421305,Hall of Visions by Pilar Zeta,42000004,Eclipse #4,Hall of Visions by Pilar Zeta,ipfs://QmdeR2NKZDeRQxSW6QJP1rWy5MfwVR8xJ3q4aAUkuPeHL2,ipfs,ipfs://QmZ91d3mqTwqZa6h59GgW8am6rVAzVR9CXQBS4UBtcqvc3,ipfs,True,
0x22fd0c0c719745742ee4c822bf16e03bbb421305,Hall of Visions by Pilar Zeta,42000003,,,,none,,none,False,
0x22fd0c0c719745742ee4c822bf16e03bbb421305,Hall of Visions by Pilar Zeta,42000002,Eclipse #2,Hall of Visions by Pilar Zeta,ipfs://QmdeR2NKZDeRQxSW6QJP1rWy5MfwVR8xJ3q4aAUkuPeHL2,ipfs,ipfs://QmZ91d3mqTwqZa6h59GgW8am6rVAzVR9CXQBS4UBtcqvc3,ipfs,True,
0x22fd0c0c719745742ee4c822bf16e03bbb421305,Hall of Visions by Pilar Zeta,42000001,,,,none,,none,False,
0x22fd0c0c719745742ee4c822bf16e03bbb421305,Hall of Visions by Pilar Zeta,40000001,,,,none,,none,False,
0x1080af531dacedc66a1911651e2b29506becfe33,Mushroom Cloud by Nancy Baker Cahill,62000100,,,,none,,none,False,
0x1080af531dacedc66a1911651e2b29506becfe33,Mushroom Cloud by Nancy Baker Cahill,62000099,,,,none,,none,False,
0x1080af531dacedc66a1911651e2b29506becfe33,Mushroom Cloud by Nancy Baker Cahill,62000098,,,,none,,none,False,
0x1080af531dacedc66a1911651e2b29506becfe33,Mushroom Cloud by Nancy Baker Cahill,62000097,,,,none,,none,False,
0x1080af531dacedc66a1911651e2b29506becfe33,Mushroom Cloud by Nancy Baker Cahill,62000096,,,,none,,none,False,
0x1080af531dacedc66a1911651e2b29506becfe33,Mushroom Cloud by Nancy Baker Cahill,62000095,,,,none,,none,False,
0x1080af531dacedc66a1911651e2b29506becfe33,Mushroom Cloud by Nancy Baker Cahill,62000094,,,,none,,none,False,
0x1080af531dacedc66a1911651e2b29506becfe33,Mushroom Cloud by Nancy Baker Cahill,62000093,,,,none,,none,False,
0x1080af531dacedc66a1911651e2b29506becfe33,Mushroom Cloud by Nancy Baker Cahill,62000092,,,,none,,none,False,
0x1080af531dacedc66a1911651e2b29506becfe33,Mushroom Cloud by Nancy Baker Cahill,62000091,,,,none,,none,False,
0x1080af531dacedc66a1911651e2b29506becfe33,Mushroom Cloud by Nancy Baker Cahill,62000090,,,,none,,none,False,
0x1080af531dacedc66a1911651e2b29506becfe33,Mushroom Cloud by Nancy Baker Cahill,62000089,,,,none,,none,False,
0x1080af531dacedc66a1911651e2b29506becfe33,Mushroom Cloud by Nancy Baker Cahill,62000088,,,,none,,none,False,
0x1080af531dacedc66a1911651e2b29506becfe33,Mushroom Cloud by Nancy Baker Cahill,62000087,,,,none,,none,False,
0x1080af531dacedc66a1911651e2b29506becfe33,Mushroom Cloud by Nancy Baker Cahill,62000086,,,,none,,none,False,
0x1080af531dacedc66a1911651e2b29506becfe33,Mushroom Cloud by Nancy Baker Cahill,62000085,,,,none,,none,False,
0x1080af531dacedc66a1911651e2b29506becfe33,Mushroom Cloud by Nancy Baker Cahill,62000084,,,,none,,none,False,
0x1080af531dacedc66a1911651e2b29506becfe33,Mushroom Cloud by Nancy Baker Cahill,62000083,,,,none,,none,False,
0x1080af531dacedc66a1911651e2b29506becfe33,Mushroom Cloud by Nancy Baker Cahill,62000082,,,,none,,none,False,
0x1080af531dacedc66a1911651e2b29506becfe33,Mushroom Cloud by Nancy Baker Cahill,62000081,,,,none,,none,False,
0x1080af531dacedc66a1911651e2b29506becfe33,Mushroom Cloud by Nancy Baker Cahill,62000080,,,,none,,none,False,
0x1080af531dacedc66a1911651e2b29506becfe33,Mushroom Cloud by Nancy Baker Cahill,62000079,,,,none,,none,False,
0x1080af531dacedc66a1911651e2b29506becfe33,Mushroom Cloud by Nancy Baker Cahill,62000078,,,,none,,none,False,
0x1080af531dacedc66a1911651e2b29506becfe33,Mushroom Cloud by Nancy Baker Cahill,62000077,,,,none,,none,False,
0x1080af531dacedc66a1911651e2b29506becfe33,Mushroom Cloud by Nancy Baker Cahill,62000076,,,,none,,none,False,
0x1080af531dacedc66a1911651e2b29506becfe33,Mushroom Cloud by Nancy Baker Cahill,62000075,,,,none,,none,False,
0x1080af531dacedc66a1911651e2b29506becfe33,Mushroom Cloud by Nancy Baker Cahill,62000074,,,,none,,none,False,
0x1080af531dacedc66a1911651e2b29506becfe33,Mushroom Cloud by Nancy Baker Cahill,62000073,,,,none,,none,False,
0x1080af531dacedc66a1911651e2b29506becfe33,Mushroom Cloud by Nancy Baker Cahill,62000072,,,,none,,none,False,
0x1080af531dacedc66a1911651e2b29506becfe33,Mushroom Cloud by Nancy Baker Cahill,62000071,,,,none,,none,False,
0x1080af531dacedc66a1911651e2b29506becfe33,Mushroom Cloud by Nancy Baker Cahill,62000070,,,,none,,none,False,
0x1080af531dacedc66a1911651e2b29506becfe33,Mushroom Cloud by Nancy Baker Cahill,62000069,,,,none,,none,False,
0x1080af531dacedc66a1911651e2b29506becfe33,Mushroom Cloud by Nancy Baker Cahill,62000068,,,,none,,none,False,
0x1080af531dacedc66a1911651e2b29506becfe33,Mushroom Cloud by Nancy Baker Cahill,62000067,,,,none,,none,False,
0x1080af531dacedc66a1911651e2b29506becfe33,Mushroom Cloud by Nancy Baker Cahill,62000066,,,,none,,none,False,
0x1080af531dacedc66a1911651e2b29506becfe33,Mushroom Cloud by Nancy Baker Cahill,62000065,,,,none,,none,False,
0x1080af531dacedc66a1911651e2b29506becfe33,Mushroom Cloud by Nancy Baker Cahill,62000064,,,,none,,none,False,
0x1080af531dacedc66a1911651e2b29506becfe33,Mushroom Cloud by Nancy Baker Cahill,62000063,,,,none,,none,False,
0x1080af531dacedc66a1911651e2b29506becfe33,Mushroom Cloud by Nancy Baker Cahill,62000062,,,,none,,none,False,
0x1080af531dacedc66a1911651e2b29506becfe33,Mushroom Cloud by Nancy Baker Cahill,62000061,,,,none,,none,False,
0x1080af531dacedc66a1911651e2b29506becfe33,Mushroom Cloud by Nancy Baker Cahill,62000060,,,,none,,none,False,
0x1080af531dacedc66a1911651e2b29506becfe33,Mushroom Cloud by Nancy Baker Cahill,62000059,,,,none,,none,False,
0x1080af531dacedc66a1911651e2b29506becfe33,Mushroom Cloud by Nancy Baker Cahill,62000058,,,,none,,none,False,
0x1080af531dacedc66a1911651e2b29506becfe33,Mushroom Cloud by Nancy Baker Cahill,62000057,,,,none,,none,False,
0x1080af531dacedc66a1911651e2b29506becfe33,Mushroom Cloud by Nancy Baker Cahill,62000056,,,,none,,none,False,
0x1080af531dacedc66a1911651e2b29506becfe33,Mushroom Cloud by Nancy Baker Cahill,62000055,,,,none,,none,False,
0x1080af531dacedc66a1911651e2b29506becfe33,Mushroom Cloud by Nancy Baker Cahill,62000054,,,,none,,none,False,
0x1080af531dacedc66a1911651e2b29506becfe33,Mushroom Cloud by Nancy Baker Cahill,62000053,,,,none,,none,False,
0x1080af531dacedc66a1911651e2b29506becfe33,Mushroom Cloud by Nancy Baker Cahill,62000052,,,,none,,none,False,
0x1080af531dacedc66a1911651e2b29506becfe33,Mushroom Cloud by Nancy Baker Cahill,62000051,,,,none,,none,False,
0x1080af531dacedc66a1911651e2b29506becfe33,Mushroom Cloud by Nancy Baker Cahill,62000050,,,,none,,none,False,
0x1080af531dacedc66a1911651e2b29506becfe33,Mushroom Cloud by Nancy Baker Cahill,62000049,,,,none,,none,False,
0x1080af531dacedc66a1911651e2b29506becfe33,Mushroom Cloud by Nancy Baker Cahill,62000048,,,,none,,none,False,
0x1080af531dacedc66a1911651e2b29506becfe33,Mushroom Cloud by Nancy Baker Cahill,62000047,,,,none,,none,False,
0x1080af531dacedc66a1911651e2b29506becfe33,Mushroom Cloud by Nancy Baker Cahill,62000046,,,,none,,none,False,
0x1080af531dacedc66a1911651e2b29506becfe33,Mushroom Cloud by Nancy Baker Cahill,62000045,,,,none,,none,False,
0x1080af531dacedc66a1911651e2b29506becfe33,Mushroom Cloud by Nancy Baker Cahill,62000044,,,,none,,none,False,
0x1080af531dacedc66a1911651e2b29506becfe33,Mushroom Cloud by Nancy Baker Cahill,62000043,,,,none,,none,False,
0x1080af531dacedc66a1911651e2b29506becfe33,Mushroom Cloud by Nancy Baker Cahill,62000042,,,,none,,none,False,
0x1080af531dacedc66a1911651e2b29506becfe33,Mushroom Cloud by Nancy Baker Cahill,62000041,,,,none,,none,False,
0x1080af531dacedc66a1911651e2b29506becfe33,Mushroom Cloud by Nancy Baker Cahill,62000040,,,,none,,none,False,
0x1080af531dacedc66a1911651e2b29506becfe33,Mushroom Cloud by Nancy Baker Cahill,62000039,,,,none,,none,False,
0x1080af531dacedc66a1911651e2b29506becfe33,Mushroom Cloud by Nancy Baker Cahill,62000038,,,,none,,none,False,
0x1080af531dacedc66a1911651e2b29506becfe33,Mushroom Cloud by Nancy Baker Cahill,62000037,,,,none,,none,False,
0x1080af531dacedc66a1911651e2b29506becfe33,Mushroom Cloud by Nancy Baker Cahill,62000036,,,,none,,none,False,
0x1080af531dacedc66a1911651e2b29506becfe33,Mushroom Cloud by Nancy Baker Cahill,62000035,,,,none,,none,False,
0x1080af531dacedc66a1911651e2b29506becfe33,Mushroom Cloud by Nancy Baker Cahill,62000034,,,,none,,none,False,
0x1080af531dacedc66a1911651e2b29506becfe33,Mushroom Cloud by Nancy Baker Cahill,62000033,,,,none,,none,False,
0x1080af531dacedc66a1911651e2b29506becfe33,Mushroom Cloud by Nancy Baker Cahill,62000032,,,,none,,none,False,
0x1080af531dacedc66a1911651e2b29506becfe33,Mushroom Cloud by Nancy Baker Cahill,62000031,,,,none,,none,False,
0x1080af531dacedc66a1911651e2b29506becfe33,Mushroom Cloud by Nancy Baker Cahill,62000030,,,,none,,none,False,
0x1080af531dacedc66a1911651e2b29506becfe33,Mushroom Cloud by Nancy Baker Cahill,62000029,,,,none,,none,False,
0x1080af531dacedc66a1911651e2b29506becfe33,Mushroom Cloud by Nancy Baker Cahill,62000028,,,,none,,none,False,
0x1080af531dacedc66a1911651e2b29506becfe33,Mushroom Cloud by Nancy Baker Cahill,62000027,,,,none,,none,False,
0x1080af531dacedc66a1911651e2b29506becfe33,Mushroom Cloud by Nancy Baker Cahill,62000026,,,,none,,none,False,
0x1080af531dacedc66a1911651e2b29506becfe33,Mushroom Cloud by Nancy Baker Cahill,62000025,,,,none,,none,False,
0x1080af531dacedc66a1911651e2b29506becfe33,Mushroom Cloud by Nancy Baker Cahill,62000024,,,,none,,none,False,
0x1080af531dacedc66a1911651e2b29506becfe33,Mushroom Cloud by Nancy Baker Cahill,62000023,,,,none,,none,False,
0x1080af531dacedc66a1911651e2b29506becfe33,Mushroom Cloud by Nancy Baker Cahill,62000022,,,,none,,none,False,
0x1080af531dacedc66a1911651e2b29506becfe33,Mushroom Cloud by Nancy Baker Cahill,62000021,,,,none,,none,False,
0x1080af531dacedc66a1911651e2b29506becfe33,Mushroom Cloud by Nancy Baker Cahill,62000020,,,,none,,none,False,
0x1080af531dacedc66a1911651e2b29506becfe33,Mushroom Cloud by Nancy Baker Cahill,62000019,,,,none,,none,False,
0x1080af531dacedc66a1911651e2b29506becfe33,Mushroom Cloud by Nancy Baker Cahill,62000018,,,,none,,none,False,
0x1080af531dacedc66a1911651e2b29506becfe33,Mushroom Cloud by Nancy Baker Cahill,62000017,,,,none,,none,False,
0x1080af531dacedc66a1911651e2b29506becfe33,Mushroom Cloud by Nancy Baker Cahill,62000016,,,,none,,none,False,
0x1080af531dacedc66a1911651e2b29506becfe33,Mushroom Cloud by Nancy Baker Cahill,62000015,,,,none,,none,False,
0x1080af531dacedc66a1911651e2b29506becfe33,Mushroom Cloud by Nancy Baker Cahill,62000014,,,,none,,none,False,
0x1080af531dacedc66a1911651e2b29506becfe33,Mushroom Cloud by Nancy Baker Cahill,62000013,Mushroom Cloud Project Mycelium Node (Black) #13,Mushroom Cloud by Nancy Baker Cahill,ipfs://QmR88QVwrYvNwj1JHnB8xTb4tmg6AwUVtJHbwskX8ywLDs,ipfs,ipfs://QmR88QVwrYvNwj1JHnB8xTb4tmg6AwUVtJHbwskX8ywLDs,ipfs,True,
0x1080af531dacedc66a1911651e2b29506becfe33,Mushroom Cloud by Nancy Baker Cahill,62000012,,,,none,,none,False,
0x1080af531dacedc66a1911651e2b29506becfe33,Mushroom Cloud by Nancy Baker Cahill,62000011,,,,none,,none,False,
0x1080af531dacedc66a1911651e2b29506becfe33,Mushroom Cloud by Nancy Baker Cahill,62000010,,,,none,,none,False,
0x1080af531dacedc66a1911651e2b29506becfe33,Mushroom Cloud by Nancy Baker Cahill,62000009,,,,none,,none,False,
0x1080af531dacedc66a1911651e2b29506becfe33,Mushroom Cloud by Nancy Baker Cahill,62000008,,,,none,,none,False,
0x1080af531dacedc66a1911651e2b29506becfe33,Mushroom Cloud by Nancy Baker Cahill,62000007,,,,none,,none,False,
0x1080af531dacedc66a1911651e2b29506becfe33,Mushroom Cloud by Nancy Baker Cahill,62000006,,,,none,,none,False,
0x1080af531dacedc66a1911651e2b29506becfe33,Mushroom Cloud by Nancy Baker Cahill,62000005,,,,none,,none,False,
0x1080af531dacedc66a1911651e2b29506becfe33,Mushroom Cloud by Nancy Baker Cahill,62000004,Mushroom Cloud Project Mycelium Node (Black) #4,Mushroom Cloud by Nancy Baker Cahill,ipfs://QmR88QVwrYvNwj1JHnB8xTb4tmg6AwUVtJHbwskX8ywLDs,ipfs,ipfs://QmR88QVwrYvNwj1JHnB8xTb4tmg6AwUVtJHbwskX8ywLDs,ipfs,True,
0x1080af531dacedc66a1911651e2b29506becfe33,Mushroom Cloud by Nancy Baker Cahill,62000003,,,,none,,none,False,
0x1080af531dacedc66a1911651e2b29506becfe33,Mushroom Cloud by Nancy Baker Cahill,62000002,,,,none,,none,False,
0x1080af531dacedc66a1911651e2b29506becfe33,Mushroom Cloud by Nancy Baker Cahill,62000001,,,,none,,none,False,
0x1080af531dacedc66a1911651e2b29506becfe33,Mushroom Cloud by Nancy Baker Cahill,60000001,Mushroom Cloud Project Mycelium Node (Teal),Mushroom Cloud by Nancy Baker Cahill,ipfs://QmTt2wso2iwKAvNzdyyyva55BaYrUEGvCQQnBMC85x6GeV,ipfs,ipfs://QmTt2wso2iwKAvNzdyyyva55BaYrUEGvCQQnBMC85x6GeV,ipfs,True,
0x1080af531dacedc66a1911651e2b29506becfe33,Mushroom Cloud by Nancy Baker Cahill,59000001,,,,none,,none,False,
0x1080af531dacedc66a1911651e2b29506becfe33,Mushroom Cloud by Nancy Baker Cahill,58000001,,,,none,,none,False,
0x1080af531dacedc66a1911651e2b29506becfe33,Mushroom Cloud by Nancy Baker Cahill,53000001,,,,none,,none,False,
0xcc063e7e05a7fef0fd9fa09e140c7899aa7120fc,Jardins d’Été by Quayola,32000001,JE_E1-1_03,Jardins d’Été by Quayola,ipfs://QmQYGW7Nd9eEdL1ERZq8nPx2hcht43WADDbes4PDRfqPrp,ipfs,ipfs://QmRw9gdLDuXrjwVm4tbGcbCpQCCw4uJ2U1XqKNQ1f36GFT,ipfs,True,
0xcc063e7e05a7fef0fd9fa09e140c7899aa7120fc,Jardins d’Été by Quayola,31000001,JE_E1-1_02,Jardins d’Été by Quayola,ipfs://QmbQbeP81GGMaqS9eqLDasJCABg9iEuBUZ89JRDv3KXqnB,ipfs,ipfs://QmZimAvzqMHsNdirkmn1maUwxA95wYfsZo4JdS8s57wewG,ipfs,True,
0xcc063e7e05a7fef0fd9fa09e140c7899aa7120fc,Jardins d’Été by Quayola,23000001,JE_E1-1_01,Jardins d’Été by Quayola,ipfs://QmV7tKipzAfADK9uppYApSPcXG1uhEhQfFzULTB2RPVS8T,ipfs,ipfs://QmXCSVa7GNwqVh1E2e5KhX6M4AEpV4UxSjcw6vLe4KfMAZ,ipfs,True,
0x5ca5789de0e9aac2a5de5689064727c4d1cd5e6f,What Lies Beneath: Tipping Point by Carlos Betancourt & Studio Brasch,76000001,,,,none,,none,False,
0x3bcca9ea3836456a9a2eb27b051b0fa28614667a,Arcadia by Arcadia,9000001,Arcadia,Arcadia by Andrés Reisinger,ipfs://QmeFmrPjU9fEc6xchzDP96gcgA1afzHSWtxyp6Q2qXpd9g,ipfs,ipfs://QmSJ1PvffE2YAbh2hiGmpq5AKp5UdoL7AN5xKothec67im,ipfs,True,
0x78c08a730d63a14305c1b0cde46a9d6233f4d458,STONE SPEAKS by Nancy Baker Cahill,608000001,STONE SPEAKS,STONE SPEAKS by Nancy Baker Cahill,ipfs://QmdAx4NdnZP7JRL49EtEwMdBNFJUmKcvBpDMUPmRz3kKrT,ipfs,ipfs://QmddCNrnpAvj9MpC6z4QiQdmXBX9u4Vt53PgNUD8c1mvqk,ipfs,True,
0x2ae96770e163b048eee28e73efb374b1303b207f,Effets de Soir by Quayola,780000001,Effets de Soir #G_005_T4,Effets de Soir by Quayola,ipfs://QmcftRA8ow8BmFuLrj43C9iYRUY3TKFimD3dc7fYbZBFLM,ipfs,ipfs://QmUHnmmNEsXeTXDF7rf47xQxddBgovFTt14NfCYpwzwBvn,ipfs,True,
0x2ae96770e163b048eee28e73efb374b1303b207f,Effets de Soir by Quayola,779000001,,,,none,,none,False,
0x2ae96770e163b048eee28e73efb374b1303b207f,Effets de Soir by Quayola,778000001,Effets de Soir #G_005_T2,Effets de Soir by Quayola,ipfs://QmRdwJBp1ukCpogqLNz4zKU9strHvynoxrETXvCAWXqhYL,ipfs,ipfs://QmaBufFpu37EUjZ1gGpTyoESsUDPNMYt1bB5EQez1owSY4,ipfs,True,
0x2ae96770e163b048eee28e73efb374b1303b207f,Effets de Soir by Quayola,777000001,,,,none,,none,False,
0x2ae96770e163b048eee28e73efb374b1303b207f,Effets de Soir by Quayola,607000001,,,,none,,none,False,
0x2ae96770e163b048eee28e73efb374b1303b207f,Effets de Soir by Quayola,606000001,,,,none,,none,False,
0x2ae96770e163b048eee28e73efb374b1303b207f,Effets de Soir by Quayola,605000001,Effets de Soir #H_011_T2,Effets de Soir by Quayola,ipfs://QmVoUgNFqJ1sAdmAEVm795uv8Voy6xAPvqvdpXxYH5mqch,ipfs,ipfs://QmW5y3Vcnhn7F275UM9G3pf46Wp1ZwugfJMo9eDZBf89ZV,ipfs,True,
0x2ae96770e163b048eee28e73efb374b1303b207f,Effets de Soir by Quayola,604000001,,,,none,,none,False,
0x69a7f2671598102331ccb44240f88f4b5f85e7e3,"MVP (Generation 1, 32 versions) by Jonas Lund",24000001,"MVP (Generation 1, 32 versions)","MVP (Generation 1, 32 versions) by Jonas Lund",ipfs://QmRweEG4YFAmnWugw6eVDTg44rw9h4idCQCAds87ctqdus,ipfs,ipfs://QmYMtcizHsQdKraJrQhMKtqRCDkiU4eyudLnWuBoV1jQm6,ipfs,True,
0xe96ae79a97fc839a1ab7c6382cc8f547c43d1d71,Sphere in Open Platonic Solids by Joanie Lemercier,37000001,Sphere,Sphere in Open Platonic Solids by Joanie Lemercier,ipfs://QmP4WGnwCDa3akfdgazVHEKKQBJm2syTZMqgm248mLL7QC,ipfs,ipfs://QmWiD4zXounUJnWoeG4ceksUYpBsjQfhXpocsoodeuahss,ipfs,True,
0xe96ae79a97fc839a1ab7c6382cc8f547c43d1d71,Sphere in Open Platonic Solids by Joanie Lemercier,15000001,Sphere in an Open Icosahedron,Sphere in Open Platonic Solids by Joanie Lemercier,ipfs://QmY8GVa5SfR2sJ8vfudYoauhe9V8uYXJGx66meJvtNuWtL,ipfs,ipfs://Qmf383sPbyiqUz6ZpTLoJqGEztphTQL2XiUQfFPNmRWSwk,ipfs,True,
0xe96ae79a97fc839a1ab7c6382cc8f547c43d1d71,Sphere in Open Platonic Solids by Joanie Lemercier,14000001,Sphere in an Open Dodecahedron,Sphere in Open Platonic Solids by Joanie Lemercier,ipfs://QmZPaBk5H1ro3wzEp54LNHcFTTuFoeN8QQcAKdS5i4p8U2,ipfs,ipfs://QmUPbszz1xJUk5GNwjLBicWfgTdHBP8iLmpKXATgh5jYu7,ipfs,True,
0xe96ae79a97fc839a1ab7c6382cc8f547c43d1d71,Sphere in Open Platonic Solids by Joanie Lemercier,13000001,Sphere in an Open Octahedron,Sphere in Open Platonic Solids by Joanie Lemercier,ipfs://QmNqP655rQanyWppFaaRjdk6HAcyyPUgV52a9gdLnqUdMy,ipfs,ipfs://QmabCtBxVck8QfVuVeAAVuCpu8aU1jSXwrjfnpW3Cohq9b,ipfs,True,
0xe96ae79a97fc839a1ab7c6382cc8f547c43d1d71,Sphere in Open Platonic Solids by Joanie Lemercier,12000001,Sphere in an Open Cube,Sphere in Open Platonic Solids by Joanie Lemercier,ipfs://QmNi4u5pHM9iNh5DxSPYiB6155qmicwWveTgK8T9Z69PD6,ipfs,ipfs://QmSvcVd8yRbu4uz7ynijaWCBksaTrnGFbBeAbu5YQArBJi,ipfs,True,
0xe96ae79a97fc839a1ab7c6382cc8f547c43d1d71,Sphere in Open Platonic Solids by Joanie Lemercier,11000001,Sphere in an Open Tetrahedron,Sphere in Open Platonic Solids by Joanie Lemercier,ipfs://QmXgyuHN17SjZY4M2GiKeiqcKYxYNf64XEtHwoXmVrJDcS,ipfs,ipfs://QmYDuqCZjRZB1yjBLrCPmzKSy48KPNnjxoypchPAjF1jxG,ipfs,True,
0xa507077d630665334cd8dc62a5fa3614000e099e,Coral Rd by Leandro Erlich,52000001,Coral Rd,Coral Rd by Leandro Erlich,ipfs://QmNxSJgrRfe3Z1eDFcdfcdmeFwViEXFZUgqQCcQvcHenyh,ipfs,ipfs://QmRhHPdEsSaDYtBEdqM3FjAsXTKJK2jtwcMipjzo1nTTYi,ipfs,True,
0xfd79fb1749b72f04a5a956d93182cf75c6667dcd,ODYSSEY by Andrés Reisinger,3000005,Complicated Sofa [Film] #5,ODYSSEY by Andrés Reisinger,ipfs://QmPWZwqgA6XCVk9BUV43JgbPa62JbVz4nHVmDg6UYufLpW,ipfs,ipfs://QmQrMesT3Q29nasK7zb26v6KYPdShJEFYkVpqxjjL5MXv7,ipfs,True,
0xfd79fb1749b72f04a5a956d93182cf75c6667dcd,ODYSSEY by Andrés Reisinger,3000004,Complicated Sofa [Film] #4,ODYSSEY by Andrés Reisinger,ipfs://QmPWZwqgA6XCVk9BUV43JgbPa62JbVz4nHVmDg6UYufLpW,ipfs,ipfs://QmQrMesT3Q29nasK7zb26v6KYPdShJEFYkVpqxjjL5MXv7,ipfs,True,
0xfd79fb1749b72f04a5a956d93182cf75c6667dcd,ODYSSEY by Andrés Reisinger,3000003,Complicated Sofa [Film] #3,ODYSSEY by Andrés Reisinger,ipfs://QmPWZwqgA6XCVk9BUV43JgbPa62JbVz4nHVmDg6UYufLpW,ipfs,ipfs://QmQrMesT3Q29nasK7zb26v6KYPdShJEFYkVpqxjjL5MXv7,ipfs,True,
0xfd79fb1749b72f04a5a956d93182cf75c6667dcd,ODYSSEY by Andrés Reisinger,3000002,Complicated Sofa [Film] #2,ODYSSEY by Andrés Reisinger,ipfs://QmPWZwqgA6XCVk9BUV43JgbPa62JbVz4nHVmDg6UYufLpW,ipfs,ipfs://QmQrMesT3Q29nasK7zb26v6KYPdShJEFYkVpqxjjL5MXv7,ipfs,True,
0xfd79fb1749b72f04a5a956d93182cf75c6667dcd,ODYSSEY by Andrés Reisinger,3000001,Complicated Sofa [Film] #1,ODYSSEY by Andrés Reisinger,ipfs://QmPWZwqgA6XCVk9BUV43JgbPa62JbVz4nHVmDg6UYufLpW,ipfs,ipfs://QmQrMesT3Q29nasK7zb26v6KYPdShJEFYkVpqxjjL5MXv7,ipfs,True,
0xfd79fb1749b72f04a5a956d93182cf75c6667dcd,ODYSSEY by Andrés Reisinger,2000001,Bold Armchair [Film],ODYSSEY by Andrés Reisinger,ipfs://QmRLcwdb3fD4KB5oQ1f22H8wp6SAGjp6cARfiBTXuVMeVw,ipfs,ipfs://QmW4bqcoaxxh8vKQyQYLo5dzDsCkbYb9jKPDN3R1SMBGr8,ipfs,True,
0xfd79fb1749b72f04a5a956d93182cf75c6667dcd,ODYSSEY by Andrés Reisinger,1000001,Crowded Elevator [Film],ODYSSEY by Andrés Reisinger,ipfs://QmUevFQNgYhVabZ4ZFfTLSPDnUbZtjGqqLDjAX5pzYtR8E,ipfs,ipfs://QmXLXaK63zrrJMXjvBjSmUnFD29EAM8myjx95rgQj34eF6,ipfs,True,
0x6906f2f1591e22ca320330712af68288efc2426d,Jardins d'Été by Quayola,85000001,JE_O1-2_03,Jardins d’Été by Quayola,ipfs://QmRsfJ8fmJFkUFcFfcxUZvrfU4ps9n5zNkT4EbB8DsQiWf,ipfs,ipfs://QmdsNW2P3ZMmAHVeecHEnv8spYWro5Pe49WtC5vNYGUoJm,ipfs,True,
0x6906f2f1591e22ca320330712af68288efc2426d,Jardins d'Été by Quayola,84000001,JE_O1-2_02,Jardins d’Été by Quayola,ipfs://QmUiSm66DqVxNt6mz95LaLNnUeeeiT2uuU57KQQSoRRsYP,ipfs,ipfs://QmSK2vfrTL3KoChE8pzRwyBZYv1tdP4wj1w3XuZnizbmiW,ipfs,True,
0x6906f2f1591e22ca320330712af68288efc2426d,Jardins d'Été by Quayola,83000001,JE_O1-2_01,Jardins d’Été by Quayola,ipfs://QmRE8Ef1sbLY8aGAcamLP43hpwQ65vd42APpw2HibBxmof,ipfs,ipfs://QmQspSsd699JASmvXEkSct5ri1ZjFyH4sKMxxDGbX4Qi4r,ipfs,True,
0xcc08d6a573d05e34b34a0440982798db20b3df98,"CORAL ARENA by OMA/Shohei Shigematsu, Charlotte Taylor & Nicholas Préaud",65000001,Coral Arena / 2031,"CORAL ARENA by OMA/Shohei Shigematsu, Charlotte Taylor & Nicholas Préaud",ipfs://QmWxWN1LRo55SM1AF5U9LiMARQszbohXvU1CDPwNUVPMgA,ipfs,ipfs://QmWxWN1LRo55SM1AF5U9LiMARQszbohXvU1CDPwNUVPMgA,ipfs,True,
0xcc08d6a573d05e34b34a0440982798db20b3df98,"CORAL ARENA by OMA/Shohei Shigematsu, Charlotte Taylor & Nicholas Préaud",64000001,Coral Arena / 2021,"CORAL ARENA by OMA/Shohei Shigematsu, Charlotte Taylor & Nicholas Préaud",ipfs://QmVDmhSyJd5VEqr2F4BkBXbS4GPhWRCtetHsLpB5rDqKxJ,ipfs,ipfs://QmVDmhSyJd5VEqr2F4BkBXbS4GPhWRCtetHsLpB5rDqKxJ,ipfs,True,
0xcc08d6a573d05e34b34a0440982798db20b3df98,"CORAL ARENA by OMA/Shohei Shigematsu, Charlotte Taylor & Nicholas Préaud",63000001,Coral Arena,"CORAL ARENA by OMA/Shohei Shigematsu, Charlotte Taylor & Nicholas Préaud",ipfs://QmW1wZPc9Aj3QF76PGtKKRxLWdnd7Ynu67M17F5HCP7Fs3,ipfs,ipfs://QmWPej7pEUwCdj6qJ3NRHzyyQoPNnHqjVnzsc1ERERuFEN,ipfs,True,
0xfed46f583c3f61a5b48882c5af56a94a5f096f12,Artificial Natural History,2,{a_strange_arrangement},Artificial Natural History by Sofia Crespo,ipfs://QmYMZgjaNs5EJbPuEYnH96ywteZRAf5Bs4roGq48Xk1cQ7,ipfs,ipfs://QmTtRDSwwbjChp6jBsA1zLewZ3QcugyFPBr4eJnEk8Bokb,ipfs,True,
0xfed46f583c3f61a5b48882c5af56a94a5f096f12,Artificial Natural History,1,{tidal_lore_0000},Artificial Natural History by Sofia Crespo,ipfs://QmdBM85VG6XfPps25nrPnhk7iApKfGEyeDBv5H1iR5ZoWM,ipfs,ipfs://QmebecuxvkU8e8pCdwuZbmeTrvwNJ43b36xAAS7kYjNUx3,ipfs,True,
0xfed46f583c3f61a5b48882c5af56a94a5f096f12,Artificial Natural History,0,{iridophoric_ iridescence_7744},Artificial Natural History by Sofia Crespo,ipfs://QmeoKrWeMr4GNMQGMJZARL6dyM5FPu6qVqxjsjyVV89WmW,ipfs,ipfs://QmNfYZC6GP5NrDz875x8aDSDMth6UgaAJxzPmSRqujpZ8P,ipfs,True,
0x393f21c615314a346c383cce4d708a8ee270a312,[[chromatophores]],0,blending_moments_3556,[[chromatophores]] by Sofia Crespo,ipfs://QmTvYC1oogVEB5cHs4MB8MiB2zzC8A2T4dvMyTaMwARiKU,ipfs,ipfs://QmVWeoc2ifgAaogtBwRw4ie7NbGfoQW3P3isRFDKVMep5C,ipfs,True,
0x96f6ba69671e3cbc2b532727d892efd030548f0f,Temporally Uncaptured,1,Virtual Selection,Temporally Uncaptured by Sofia Crespo,ipfs://QmZALV2ahoHkdLiCGJneezBugACpVB25iL23myqTbctnW5,ipfs,ipfs://QmQxbzzVKqDeBd7wedBzTW1rXLcVKR92cKHKxETMEa239b,ipfs,True,
0x96f6ba69671e3cbc2b532727d892efd030548f0f,Temporally Uncaptured,0,Complex Systems,Temporally Uncaptured by Sofia Crespo,ipfs://QmQj2XBEh3vpdeRyzqguBzsfnMg9nARaHq47DSbT9z7Gg5,ipfs,ipfs://QmVf8E9aoFqTTha9ttfjcNSx8d4yo4z4tmmRxZWkq2CwPo,ipfs,True,
0x90a6ca6b6f7c3c1daf738b0780a4be9c6e7893cf,Breathing Language,0,Garden of Impatience,Breathing Language by Andrés Reisinger,ipfs://QmT5TJNaSPffmPq4oJFXTTYSyJHgUZPDMEuttX5WaQMD7w,ipfs,ipfs://QmXwTwAdtzxCMc8ZRVkLHfcmbTetQba2yUqXX41CrXYVP3,ipfs,True,
0x5cf20fb8a4451f24b2c915f8929b8aff999f1044,Take Over Madrid,6,Take Over Madrid #7,Take Over Madrid by Andrés Reisinger,ipfs://QmTKia8SQ54955Z3nTrPD3723DcbeMDAUdxWK9eKNURjPV/6.png,ipfs,ipfs://QmQuzaBAjE3ZsMcAXrmc1MzdbcXrerBVbmTSQmEstvXt7a/6.png,ipfs,True,
0x5cf20fb8a4451f24b2c915f8929b8aff999f1044,Take Over Madrid,5,Take Over Madrid #6,Take Over Madrid by Andrés Reisinger,ipfs://QmTKia8SQ54955Z3nTrPD3723DcbeMDAUdxWK9eKNURjPV/5.png,ipfs,ipfs://QmQuzaBAjE3ZsMcAXrmc1MzdbcXrerBVbmTSQmEstvXt7a/5.png,ipfs,True,
0x5cf20fb8a4451f24b2c915f8929b8aff999f1044,Take Over Madrid,4,Take Over Madrid #5,Take Over Madrid by Andrés Reisinger,ipfs://QmTKia8SQ54955Z3nTrPD3723DcbeMDAUdxWK9eKNURjPV/4.png,ipfs,ipfs://QmQuzaBAjE3ZsMcAXrmc1MzdbcXrerBVbmTSQmEstvXt7a/4.png,ipfs,True,
0x5cf20fb8a4451f24b2c915f8929b8aff999f1044,Take Over Madrid,3,Take Over Madrid #4,Take Over Madrid by Andrés Reisinger,ipfs://QmTKia8SQ54955Z3nTrPD3723DcbeMDAUdxWK9eKNURjPV/3.png,ipfs,ipfs://QmQuzaBAjE3ZsMcAXrmc1MzdbcXrerBVbmTSQmEstvXt7a/3.mp4,ipfs,True,
0x5cf20fb8a4451f24b2c915f8929b8aff999f1044,Take Over Madrid,2,Take Over Madrid #3,Take Over Madrid by Andrés Reisinger,ipfs://QmTKia8SQ54955Z3nTrPD3723DcbeMDAUdxWK9eKNURjPV/2.png,ipfs,ipfs://QmQuzaBAjE3ZsMcAXrmc1MzdbcXrerBVbmTSQmEstvXt7a/2.mp4,ipfs,True,
0x5cf20fb8a4451f24b2c915f8929b8aff999f1044,Take Over Madrid,1,Take Over Madrid #2,Take Over Madrid by Andrés Reisinger,ipfs://QmTKia8SQ54955Z3nTrPD3723DcbeMDAUdxWK9eKNURjPV/1.png,ipfs,ipfs://QmQuzaBAjE3ZsMcAXrmc1MzdbcXrerBVbmTSQmEstvXt7a/1.mp4,ipfs,True,
0x5cf20fb8a4451f24b2c915f8929b8aff999f1044,Take Over Madrid,0,Take Over Madrid #1,Take Over Madrid by Andrés Reisinger,ipfs://QmTKia8SQ54955Z3nTrPD3723DcbeMDAUdxWK9eKNURjPV/0.png,ipfs,ipfs://QmQuzaBAjE3ZsMcAXrmc1MzdbcXrerBVbmTSQmEstvXt7a/0.mp4,ipfs,True,
0xfa95bf4c4cb0f1cc6e86191218f89b84d03e1a59,Collide,2,Collide,Collide by Andrés Reisinger,ipfs://QmP4DZctX5FP8TvD8RyvBiwfTEorUXCbYZ3ren14a4UKZY,ipfs,ipfs://QmQA9n3VBkMjZ6fkXmb3xdsfPkWSpxjs52oDAWoR7MxvbR,ipfs,True,
0xfa95bf4c4cb0f1cc6e86191218f89b84d03e1a59,Collide,1,Digital,Collide by Andrés Reisinger,ipfs://QmaHrzs8PDM8aQuSbodd6NLHpjTXD4Ui43X2RqfaZCSSL9,ipfs,ipfs://QmXFyuEwjviiTxPcmMPyzhMN9QRkb28Jgx8RfKsaQDz5GK,ipfs,True,
0xfa95bf4c4cb0f1cc6e86191218f89b84d03e1a59,Collide,0,Traditional,Collide by Andrés Reisinger,ipfs://QmYtsV7DU5cLjgqds2dzCSCYATsCDY9FPELKQwjEy3AFX6,ipfs,ipfs://Qme5jSTjbRXgUuT8DB7DwejwRs3VdRTGLiHmAte4SSDRT9,ipfs,True,
0x92152733cec744c049ea7629f4cbd7af7c43c9f7,Artificial Natural History,1,{fish_4532},Artificial Natural History by Sofia Crespo,ipfs://QmV7dLWATd3kSzhERWMYMaQ1t1PJHWNYmLao1EdKP9PJ5b,ipfs,ipfs://QmWR8YeWdUbjZP2MDJ46KxEZMXxPy7GvgYQPGP6YDsPvDk,ipfs,True,
0x92152733cec744c049ea7629f4cbd7af7c43c9f7,Artificial Natural History,0,{holding_pattern_9080},Artificial Natural History by Sofia Crespo,ipfs://QmYaHXNqWiqApAJ5yRt3HQ7oMjLtQa7VtHowdHrZMNsFuX,ipfs,ipfs://QmeYpzbFDmVVgmemuKKkxpTqPDVGnWw6H8dGqhwaT4hX8G,ipfs,True,
0xe4a36a09ee456aba9de430f0488a782c04f5139d,Neural Zoo,0,,,,none,,none,False,
0xa61459a983ee69e25082a2f8d934e89e04d8f158,Temporally Uncaptured,0,,,,none,,none,False,
0xb745a2cd00f7983c71134d6f713c4e8c003aff51,Decohering Delineation,0,Decohering Delineation,Decohering Delineation by Entangled Others,ipfs://QmUFbUGCftyLV56Zoz8bpcLQermjf5xoaqcBSobFbUewek,ipfs,ipfs://QmdTbF42LdLo9WwqX5V7GkCvoFKsLNNHd1fMhxM6bbeFFJ,ipfs,True,
0x10049dcae04c3f4b4afd9bebd96dba8adbaec170,Neural Zoo,0,{jellyfish_2387},Neural Zoo by Sofia Crespo,ipfs://QmUGmMxM3J6KbhgHUx3r5tHdHW59Aw18Q3aQtJfLj4YXH5,ipfs,ipfs://QmeE9m2ZMLcwaCp2ZWHapwHfbycCuRFFmNSiC6srkn2L4K,ipfs,True,
