contract,opensea_slug,token_number,burned,viewable,name,mime_type,enrichment,image,image_class,animation_url,animation_class,collection_name,doc_keys
0x3892f76ba32c77a1a04cb0bcd848d9472d859716,a2p-v1,36655034265919461069793761731602108526049373605887911920838255985583493150415,False,True,"Seatbelts: YouTubers Vlogging in Their Cars, Generated by Robot #3",,none,ipfs://QmQNN5pMK3ja3eqcDxua99fZGzxPHqkBeucRa3TVcKH6py,ipfs,,none,a2p-v1,artist artwork_id attributes bitmark_id collection_name creator description edition_index edition_number external_url image medium metadata_version name prev_provenance timestamp
0x3892f76ba32c77a1a04cb0bcd848d9472d859716,a2p-v1,38445646098599570027414249852672130489221020407667218914484846685409391514162,False,True,Politically Correct #4,,none,ipfs://QmNgHrU8n1QqSowx33F3YVY9rX9R6Xm2zfFSDbFr3nNJry,ipfs,,none,a2p-v1,artist artwork_id attributes bitmark_id collection_name creator description edition_index edition_number external_url image medium metadata_version name prev_provenance timestamp
0x3892f76ba32c77a1a04cb0bcd848d9472d859716,a2p-v1,38445646098599570027414249852672130489221020407667218914484846685409391514160,False,True,Politically Correct #2,,none,ipfs://QmNgHrU8n1QqSowx33F3YVY9rX9R6Xm2zfFSDbFr3nNJry,ipfs,,none,a2p-v1,artist artwork_id attributes bitmark_id collection_name creator description edition_index edition_number external_url image medium metadata_version name prev_provenance timestamp
0x3892f76ba32c77a1a04cb0bcd848d9472d859716,a2p-v1,50577766449959100067007050893478132162312536005302790993770229378506906488652,False,True,Rocky on Ice #1,,none,ipfs://QmVMgaFSb8WEMjtKR1P9NN7wkLN5AqQdZDA3d7A3zMWD7K,ipfs,ipfs://QmYazWEnnuDZ2SpB5dvKNwwuSq3V8Gnek4BsJZxKYV9x7K,ipfs,a2p-v1,animation_url artist artwork_id attributes bitmark_id collection_name creator description edition_index edition_number external_url image medium metadata_version name prev_provenance timestamp
0x3892f76ba32c77a1a04cb0bcd848d9472d859716,a2p-v1,50577766449959100067007050893478132162312536005302790993770229378506906488653,False,True,Rocky on Ice #2,,none,ipfs://QmVMgaFSb8WEMjtKR1P9NN7wkLN5AqQdZDA3d7A3zMWD7K,ipfs,ipfs://QmYazWEnnuDZ2SpB5dvKNwwuSq3V8Gnek4BsJZxKYV9x7K,ipfs,a2p-v1,animation_url artist artwork_id attributes bitmark_id collection_name creator description edition_index edition_number external_url image medium metadata_version name prev_provenance timestamp
0x3892f76ba32c77a1a04cb0bcd848d9472d859716,a2p-v1,50577766449959100067007050893478132162312536005302790993770229378506906488651,False,True,Rocky on Ice AP,,none,ipfs://QmVMgaFSb8WEMjtKR1P9NN7wkLN5AqQdZDA3d7A3zMWD7K,ipfs,ipfs://QmYazWEnnuDZ2SpB5dvKNwwuSq3V8Gnek4BsJZxKYV9x7K,ipfs,a2p-v1,animation_url artist artwork_id attributes bitmark_id collection_name creator description edition_index edition_number external_url image medium metadata_version name prev_provenance timestamp
0x3892f76ba32c77a1a04cb0bcd848d9472d859716,a2p-v1,50577766449959100067007050893478132162312536005302790993770229378506906488654,False,True,Rocky on Ice #3,,none,ipfs://QmVMgaFSb8WEMjtKR1P9NN7wkLN5AqQdZDA3d7A3zMWD7K,ipfs,ipfs://QmYazWEnnuDZ2SpB5dvKNwwuSq3V8Gnek4BsJZxKYV9x7K,ipfs,a2p-v1,animation_url artist artwork_id attributes bitmark_id collection_name creator description edition_index edition_number external_url image medium metadata_version name prev_provenance timestamp
0x3892f76ba32c77a1a04cb0bcd848d9472d859716,a2p-v1,50577766449959100067007050893478132162312536005302790993770229378506906488658,False,True,Rocky on Ice #7,,none,ipfs://QmVMgaFSb8WEMjtKR1P9NN7wkLN5AqQdZDA3d7A3zMWD7K,ipfs,ipfs://QmYazWEnnuDZ2SpB5dvKNwwuSq3V8Gnek4BsJZxKYV9x7K,ipfs,a2p-v1,animation_url artist artwork_id attributes bitmark_id collection_name creator description edition_index edition_number external_url image medium metadata_version name prev_provenance timestamp
0x3892f76ba32c77a1a04cb0bcd848d9472d859716,a2p-v1,50577766449959100067007050893478132162312536005302790993770229378506906488657,False,True,Rocky on Ice #6,,none,ipfs://QmVMgaFSb8WEMjtKR1P9NN7wkLN5AqQdZDA3d7A3zMWD7K,ipfs,ipfs://QmYazWEnnuDZ2SpB5dvKNwwuSq3V8Gnek4BsJZxKYV9x7K,ipfs,a2p-v1,animation_url artist artwork_id attributes bitmark_id collection_name creator description edition_index edition_number external_url image medium metadata_version name prev_provenance timestamp
0x3892f76ba32c77a1a04cb0bcd848d9472d859716,a2p-v1,50577766449959100067007050893478132162312536005302790993770229378506906488660,False,True,Rocky on Ice #9,,none,ipfs://QmVMgaFSb8WEMjtKR1P9NN7wkLN5AqQdZDA3d7A3zMWD7K,ipfs,ipfs://QmYazWEnnuDZ2SpB5dvKNwwuSq3V8Gnek4BsJZxKYV9x7K,ipfs,a2p-v1,animation_url artist artwork_id attributes bitmark_id collection_name creator description edition_index edition_number external_url image medium metadata_version name prev_provenance timestamp
0x3892f76ba32c77a1a04cb0bcd848d9472d859716,a2p-v1,22482855903228327465050677764364087057797365991171967554771589291361533214096,False,True,How To Play A Violin #10,,none,ipfs://QmPTg2vjmuCGBoSVe1wZSxvKRpRG4hkxr4ChgXUTtSEU5a,ipfs,ipfs://QmRxaAsnvCroSJj6vC5Hk1RhHup4xdTrLf4omZXNyzqbMn,ipfs,a2p-v1,animation_url artist artwork_id attributes bitmark_id collection_name creator description edition_index edition_number external_url image medium metadata_version name prev_provenance timestamp
0x3892f76ba32c77a1a04cb0bcd848d9472d859716,a2p-v1,37344020878169827123932055530869867172938843782484793034050299341763852347467,False,True,A Liquid Sonorousness So Annihilating AP,,none,ipfs://QmbJW2mFU85G9sZsq9y7mjbmP62v3FGb395LWBG5vEDKFV,ipfs,,none,a2p-v1,artist artwork_id attributes bitmark_id collection_name creator description edition_index edition_number external_url image medium metadata_version name prev_provenance timestamp
0x3892f76ba32c77a1a04cb0bcd848d9472d859716,a2p-v1,22482855903228327465050677764364087057797365991171967554771589291361533214092,False,True,How To Play A Violin #6,,none,ipfs://QmPTg2vjmuCGBoSVe1wZSxvKRpRG4hkxr4ChgXUTtSEU5a,ipfs,ipfs://QmRxaAsnvCroSJj6vC5Hk1RhHup4xdTrLf4omZXNyzqbMn,ipfs,a2p-v1,animation_url artist artwork_id attributes bitmark_id collection_name creator description edition_index edition_number external_url image medium metadata_version name prev_provenance timestamp
0x3892f76ba32c77a1a04cb0bcd848d9472d859716,a2p-v1,37344020878169827123932055530869867172938843782484793034050299341763852347469,False,True,A Liquid Sonorousness So Annihilating #2,,none,ipfs://QmbJW2mFU85G9sZsq9y7mjbmP62v3FGb395LWBG5vEDKFV,ipfs,,none,a2p-v1,artist artwork_id attributes bitmark_id collection_name creator description edition_index edition_number external_url image medium metadata_version name prev_provenance timestamp
0x3892f76ba32c77a1a04cb0bcd848d9472d859716,a2p-v1,37344020878169827123932055530869867172938843782484793034050299341763852347468,False,True,A Liquid Sonorousness So Annihilating #1,,none,ipfs://QmbJW2mFU85G9sZsq9y7mjbmP62v3FGb395LWBG5vEDKFV,ipfs,,none,a2p-v1,artist artwork_id attributes bitmark_id collection_name creator description edition_index edition_number external_url image medium metadata_version name prev_provenance timestamp
0x3892f76ba32c77a1a04cb0bcd848d9472d859716,a2p-v1,37344020878169827123932055530869867172938843782484793034050299341763852347471,False,True,A Liquid Sonorousness So Annihilating #4,,none,ipfs://QmbJW2mFU85G9sZsq9y7mjbmP62v3FGb395LWBG5vEDKFV,ipfs,,none,a2p-v1,artist artwork_id attributes bitmark_id collection_name creator description edition_index edition_number external_url image medium metadata_version name prev_provenance timestamp
0x3892f76ba32c77a1a04cb0bcd848d9472d859716,a2p-v1,22482855903228327465050677764364087057797365991171967554771589291361533214086,False,True,How To Play A Violin AP,,none,ipfs://QmPTg2vjmuCGBoSVe1wZSxvKRpRG4hkxr4ChgXUTtSEU5a,ipfs,ipfs://QmRxaAsnvCroSJj6vC5Hk1RhHup4xdTrLf4omZXNyzqbMn,ipfs,a2p-v1,animation_url artist artwork_id attributes bitmark_id collection_name creator description edition_index edition_number external_url image medium metadata_version name prev_provenance timestamp
0x3892f76ba32c77a1a04cb0bcd848d9472d859716,a2p-v1,37344020878169827123932055530869867172938843782484793034050299341763852347472,False,True,A Liquid Sonorousness So Annihilating #5,,none,ipfs://QmbJW2mFU85G9sZsq9y7mjbmP62v3FGb395LWBG5vEDKFV,ipfs,,none,a2p-v1,artist artwork_id attributes bitmark_id collection_name creator description edition_index edition_number external_url image medium metadata_version name prev_provenance timestamp
0x3892f76ba32c77a1a04cb0bcd848d9472d859716,a2p-v1,37344020878169827123932055530869867172938843782484793034050299341763852347470,False,True,A Liquid Sonorousness So Annihilating #3,,none,ipfs://QmbJW2mFU85G9sZsq9y7mjbmP62v3FGb395LWBG5vEDKFV,ipfs,,none,a2p-v1,artist artwork_id attributes bitmark_id collection_name creator description edition_index edition_number external_url image medium metadata_version name prev_provenance timestamp
0x3892f76ba32c77a1a04cb0bcd848d9472d859716,a2p-v1,37344020878169827123932055530869867172938843782484793034050299341763852347473,False,True,A Liquid Sonorousness So Annihilating #6,,none,ipfs://QmbJW2mFU85G9sZsq9y7mjbmP62v3FGb395LWBG5vEDKFV,ipfs,,none,a2p-v1,artist artwork_id attributes bitmark_id collection_name creator description edition_index edition_number external_url image medium metadata_version name prev_provenance timestamp
0x3892f76ba32c77a1a04cb0bcd848d9472d859716,a2p-v1,37344020878169827123932055530869867172938843782484793034050299341763852347476,False,True,A Liquid Sonorousness So Annihilating #9,,none,ipfs://QmbJW2mFU85G9sZsq9y7mjbmP62v3FGb395LWBG5vEDKFV,ipfs,,none,a2p-v1,artist artwork_id attributes bitmark_id collection_name creator description edition_index edition_number external_url image medium metadata_version name prev_provenance timestamp
0x3892f76ba32c77a1a04cb0bcd848d9472d859716,a2p-v1,37344020878169827123932055530869867172938843782484793034050299341763852347477,False,True,A Liquid Sonorousness So Annihilating #10,,none,ipfs://QmbJW2mFU85G9sZsq9y7mjbmP62v3FGb395LWBG5vEDKFV,ipfs,,none,a2p-v1,artist artwork_id attributes bitmark_id collection_name creator description edition_index edition_number external_url image medium metadata_version name prev_provenance timestamp
0x3892f76ba32c77a1a04cb0bcd848d9472d859716,a2p-v1,22482855903228327465050677764364087057797365991171967554771589291361533214094,False,True,How To Play A Violin #8,,none,ipfs://QmPTg2vjmuCGBoSVe1wZSxvKRpRG4hkxr4ChgXUTtSEU5a,ipfs,ipfs://QmRxaAsnvCroSJj6vC5Hk1RhHup4xdTrLf4omZXNyzqbMn,ipfs,a2p-v1,animation_url artist artwork_id attributes bitmark_id collection_name creator description edition_index edition_number external_url image medium metadata_version name prev_provenance timestamp
0x3892f76ba32c77a1a04cb0bcd848d9472d859716,a2p-v1,76806164934568814000996932037634869101765680882636630858467980704245994692905,False,True,There Is So Much Going On #9,,none,ipfs://QmWAZWiEj7LguXEU7vLVdf9S3JcRdt5DTHM12TMoLxA1yh,ipfs,ipfs://QmXrDt2J5PJqCZqURgF7LmK75eihpGokcz7w2CXUtDasTW,ipfs,a2p-v1,animation_url artist artwork_id attributes bitmark_id collection_name creator description edition_index edition_number external_url image medium metadata_version name prev_provenance timestamp
0x3892f76ba32c77a1a04cb0bcd848d9472d859716,a2p-v1,76806164934568814000996932037634869101765680882636630858467980704245994692902,False,True,There Is So Much Going On #6,,none,ipfs://QmWAZWiEj7LguXEU7vLVdf9S3JcRdt5DTHM12TMoLxA1yh,ipfs,ipfs://QmXrDt2J5PJqCZqURgF7LmK75eihpGokcz7w2CXUtDasTW,ipfs,a2p-v1,animation_url artist artwork_id attributes bitmark_id collection_name creator description edition_index edition_number external_url image medium metadata_version name prev_provenance timestamp
0x3892f76ba32c77a1a04cb0bcd848d9472d859716,a2p-v1,76806164934568814000996932037634869101765680882636630858467980704245994692900,False,True,There Is So Much Going On #4,,none,ipfs://QmWAZWiEj7LguXEU7vLVdf9S3JcRdt5DTHM12TMoLxA1yh,ipfs,ipfs://QmXrDt2J5PJqCZqURgF7LmK75eihpGokcz7w2CXUtDasTW,ipfs,a2p-v1,animation_url artist artwork_id attributes bitmark_id collection_name creator description edition_index edition_number external_url image medium metadata_version name prev_provenance timestamp
0x3892f76ba32c77a1a04cb0bcd848d9472d859716,a2p-v1,76806164934568814000996932037634869101765680882636630858467980704245994692904,False,True,There Is So Much Going On #8,,none,ipfs://QmWAZWiEj7LguXEU7vLVdf9S3JcRdt5DTHM12TMoLxA1yh,ipfs,ipfs://QmXrDt2J5PJqCZqURgF7LmK75eihpGokcz7w2CXUtDasTW,ipfs,a2p-v1,animation_url artist artwork_id attributes bitmark_id collection_name creator description edition_index edition_number external_url image medium metadata_version name prev_provenance timestamp
0x3892f76ba32c77a1a04cb0bcd848d9472d859716,a2p-v1,84104544900724796350083783892353691067628841733741277150739492782577255168634,False,True,Vietnam Romance Snakewine Seven of Spades #9,,none,ipfs://QmNzrqJGjh1Kjt5CAuuRg6z6T4o7feVZ3X6rUpK93RSzTB,ipfs,,none,a2p-v1,artist artwork_id attributes bitmark_id collection_name creator description edition_index edition_number external_url image medium metadata_version name prev_provenance timestamp
0x3892f76ba32c77a1a04cb0bcd848d9472d859716,a2p-v1,41050420652653872167263329982927341014592460152172326870716421702513421007544,False,True,NO LIMIT - ANDREA & OLIVIA #4,,none,ipfs://QmfZchH13M6v5cJV85MYHiPkJ9tpeQkh4mkBqBbmnLCdkH,ipfs,ipfs://QmVsLZYEeo7YSrkHTbSUzUBim5LAEwQMnxpPSwoXYThGye,ipfs,a2p-v1,animation_url artist artwork_id attributes bitmark_id collection_name creator description edition_index edition_number external_url image medium metadata_version name prev_provenance timestamp
0x3892f76ba32c77a1a04cb0bcd848d9472d859716,a2p-v1,84104544900724796350083783892353691067628841733741277150739492782577255168635,False,True,Vietnam Romance Snakewine Seven of Spades #10,,none,ipfs://QmNzrqJGjh1Kjt5CAuuRg6z6T4o7feVZ3X6rUpK93RSzTB,ipfs,,none,a2p-v1,artist artwork_id attributes bitmark_id collection_name creator description edition_index edition_number external_url image medium metadata_version name prev_provenance timestamp
0x3892f76ba32c77a1a04cb0bcd848d9472d859716,a2p-v1,84104544900724796350083783892353691067628841733741277150739492782577255168631,False,True,Vietnam Romance Snakewine Seven of Spades #6,,none,ipfs://QmNzrqJGjh1Kjt5CAuuRg6z6T4o7feVZ3X6rUpK93RSzTB,ipfs,,none,a2p-v1,artist artwork_id attributes bitmark_id collection_name creator description edition_index edition_number external_url image medium metadata_version name prev_provenance timestamp
0x3892f76ba32c77a1a04cb0bcd848d9472d859716,a2p-v1,76806164934568814000996932037634869101765680882636630858467980704245994692901,False,True,There Is So Much Going On #5,,none,ipfs://QmWAZWiEj7LguXEU7vLVdf9S3JcRdt5DTHM12TMoLxA1yh,ipfs,ipfs://QmXrDt2J5PJqCZqURgF7LmK75eihpGokcz7w2CXUtDasTW,ipfs,a2p-v1,animation_url artist artwork_id attributes bitmark_id collection_name creator description edition_index edition_number external_url image medium metadata_version name prev_provenance timestamp
0x3892f76ba32c77a1a04cb0bcd848d9472d859716,a2p-v1,84104544900724796350083783892353691067628841733741277150739492782577255168626,False,True,Vietnam Romance Snakewine Seven of Spades #1,,none,ipfs://QmNzrqJGjh1Kjt5CAuuRg6z6T4o7feVZ3X6rUpK93RSzTB,ipfs,,none,a2p-v1,artist artwork_id attributes bitmark_id collection_name creator description edition_index edition_number external_url image medium metadata_version name prev_provenance timestamp
0x3892f76ba32c77a1a04cb0bcd848d9472d859716,a2p-v1,84104544900724796350083783892353691067628841733741277150739492782577255168629,False,True,Vietnam Romance Snakewine Seven of Spades #4,,none,ipfs://QmNzrqJGjh1Kjt5CAuuRg6z6T4o7feVZ3X6rUpK93RSzTB,ipfs,,none,a2p-v1,artist artwork_id attributes bitmark_id collection_name creator description edition_index edition_number external_url image medium metadata_version name prev_provenance timestamp
0x3892f76ba32c77a1a04cb0bcd848d9472d859716,a2p-v1,22482855903228327465050677764364087057797365991171967554771589291361533214091,False,True,How To Play A Violin #5,,none,ipfs://QmPTg2vjmuCGBoSVe1wZSxvKRpRG4hkxr4ChgXUTtSEU5a,ipfs,ipfs://QmRxaAsnvCroSJj6vC5Hk1RhHup4xdTrLf4omZXNyzqbMn,ipfs,a2p-v1,animation_url artist artwork_id attributes bitmark_id collection_name creator description edition_index edition_number external_url image medium metadata_version name prev_provenance timestamp
0x3892f76ba32c77a1a04cb0bcd848d9472d859716,a2p-v1,84104544900724796350083783892353691067628841733741277150739492782577255168627,False,True,Vietnam Romance Snakewine Seven of Spades #2,,none,ipfs://QmNzrqJGjh1Kjt5CAuuRg6z6T4o7feVZ3X6rUpK93RSzTB,ipfs,,none,a2p-v1,artist artwork_id attributes bitmark_id collection_name creator description edition_index edition_number external_url image medium metadata_version name prev_provenance timestamp
0x3892f76ba32c77a1a04cb0bcd848d9472d859716,a2p-v1,41050420652653872167263329982927341014592460152172326870716421702513421007549,False,True,NO LIMIT - ANDREA & OLIVIA #9,,none,ipfs://QmfZchH13M6v5cJV85MYHiPkJ9tpeQkh4mkBqBbmnLCdkH,ipfs,ipfs://QmVsLZYEeo7YSrkHTbSUzUBim5LAEwQMnxpPSwoXYThGye,ipfs,a2p-v1,animation_url artist artwork_id attributes bitmark_id collection_name creator description edition_index edition_number external_url image medium metadata_version name prev_provenance timestamp
0x3892f76ba32c77a1a04cb0bcd848d9472d859716,a2p-v1,84104544900724796350083783892353691067628841733741277150739492782577255168633,False,True,Vietnam Romance Snakewine Seven of Spades #8,,none,ipfs://QmNzrqJGjh1Kjt5CAuuRg6z6T4o7feVZ3X6rUpK93RSzTB,ipfs,,none,a2p-v1,artist artwork_id attributes bitmark_id collection_name creator description edition_index edition_number external_url image medium metadata_version name prev_provenance timestamp
0x3892f76ba32c77a1a04cb0bcd848d9472d859716,a2p-v1,84104544900724796350083783892353691067628841733741277150739492782577255168625,False,True,Vietnam Romance Snakewine Seven of Spades AP,,none,ipfs://QmNzrqJGjh1Kjt5CAuuRg6z6T4o7feVZ3X6rUpK93RSzTB,ipfs,,none,a2p-v1,artist artwork_id attributes bitmark_id collection_name creator description edition_index edition_number external_url image medium metadata_version name prev_provenance timestamp
0x3892f76ba32c77a1a04cb0bcd848d9472d859716,a2p-v1,56480982834241263380529850231448819231840889182336624108094092552158700584260,False,True,.notyetdef #3,,none,ipfs://Qmej77p1kzqaPs5V53wpeoDvMSfMnR3ChEDJh3Ra8XUWoc,ipfs,,none,a2p-v1,artist artwork_id attributes bitmark_id collection_name creator description edition_index edition_number external_url image medium metadata_version name prev_provenance timestamp
0x3892f76ba32c77a1a04cb0bcd848d9472d859716,a2p-v1,41050420652653872167263329982927341014592460152172326870716421702513421007546,False,True,NO LIMIT - ANDREA & OLIVIA #6,,none,ipfs://QmfZchH13M6v5cJV85MYHiPkJ9tpeQkh4mkBqBbmnLCdkH,ipfs,ipfs://QmVsLZYEeo7YSrkHTbSUzUBim5LAEwQMnxpPSwoXYThGye,ipfs,a2p-v1,animation_url artist artwork_id attributes bitmark_id collection_name creator description edition_index edition_number external_url image medium metadata_version name prev_provenance timestamp
0x3892f76ba32c77a1a04cb0bcd848d9472d859716,a2p-v1,56480982834241263380529850231448819231840889182336624108094092552158700584265,False,True,.notyetdef #8,,none,ipfs://Qmej77p1kzqaPs5V53wpeoDvMSfMnR3ChEDJh3Ra8XUWoc,ipfs,,none,a2p-v1,artist artwork_id attributes bitmark_id collection_name creator description edition_index edition_number external_url image medium metadata_version name prev_provenance timestamp
0x3892f76ba32c77a1a04cb0bcd848d9472d859716,a2p-v1,56480982834241263380529850231448819231840889182336624108094092552158700584264,False,True,.notyetdef #7,,none,ipfs://Qmej77p1kzqaPs5V53wpeoDvMSfMnR3ChEDJh3Ra8XUWoc,ipfs,,none,a2p-v1,artist artwork_id attributes bitmark_id collection_name creator description edition_index edition_number external_url image medium metadata_version name prev_provenance timestamp
0x3892f76ba32c77a1a04cb0bcd848d9472d859716,a2p-v1,56480982834241263380529850231448819231840889182336624108094092552158700584262,False,True,.notyetdef #5,,none,ipfs://Qmej77p1kzqaPs5V53wpeoDvMSfMnR3ChEDJh3Ra8XUWoc,ipfs,,none,a2p-v1,artist artwork_id attributes bitmark_id collection_name creator description edition_index edition_number external_url image medium metadata_version name prev_provenance timestamp
0x3892f76ba32c77a1a04cb0bcd848d9472d859716,a2p-v1,56480982834241263380529850231448819231840889182336624108094092552158700584267,False,True,.notyetdef #10,,none,ipfs://Qmej77p1kzqaPs5V53wpeoDvMSfMnR3ChEDJh3Ra8XUWoc,ipfs,,none,a2p-v1,artist artwork_id attributes bitmark_id collection_name creator description edition_index edition_number external_url image medium metadata_version name prev_provenance timestamp
0x3892f76ba32c77a1a04cb0bcd848d9472d859716,a2p-v1,25160873265135858849785867268310930637781748847975696897860666531204885561132,False,True,mlg:guest #2,,none,ipfs://QmVr1oQs7rRBy2McNqUKKDjRaoHQeYw754jQWz6eK7GZtR,ipfs,,none,a2p-v1,artist artwork_id attributes bitmark_id collection_name creator description edition_index edition_number external_url image medium metadata_version name prev_provenance timestamp
0x3892f76ba32c77a1a04cb0bcd848d9472d859716,a2p-v1,25160873265135858849785867268310930637781748847975696897860666531204885561131,False,True,mlg:guest #1,,none,ipfs://QmVr1oQs7rRBy2McNqUKKDjRaoHQeYw754jQWz6eK7GZtR,ipfs,,none,a2p-v1,artist artwork_id attributes bitmark_id collection_name creator description edition_index edition_number external_url image medium metadata_version name prev_provenance timestamp
0x3892f76ba32c77a1a04cb0bcd848d9472d859716,a2p-v1,84104544900724796350083783892353691067628841733741277150739492782577255168628,False,True,Vietnam Romance Snakewine Seven of Spades #3,,none,ipfs://QmNzrqJGjh1Kjt5CAuuRg6z6T4o7feVZ3X6rUpK93RSzTB,ipfs,,none,a2p-v1,artist artwork_id attributes bitmark_id collection_name creator description edition_index edition_number external_url image medium metadata_version name prev_provenance timestamp
0x3892f76ba32c77a1a04cb0bcd848d9472d859716,a2p-v1,25160873265135858849785867268310930637781748847975696897860666531204885561135,False,True,mlg:guest #5,,none,ipfs://QmVr1oQs7rRBy2McNqUKKDjRaoHQeYw754jQWz6eK7GZtR,ipfs,,none,a2p-v1,artist artwork_id attributes bitmark_id collection_name creator description edition_index edition_number external_url image medium metadata_version name prev_provenance timestamp
0x3892f76ba32c77a1a04cb0bcd848d9472d859716,a2p-v1,25160873265135858849785867268310930637781748847975696897860666531204885561130,False,True,mlg:guest AP,,none,ipfs://QmVr1oQs7rRBy2McNqUKKDjRaoHQeYw754jQWz6eK7GZtR,ipfs,,none,a2p-v1,artist artwork_id attributes bitmark_id collection_name creator description edition_index edition_number external_url image medium metadata_version name prev_provenance timestamp
0x3892f76ba32c77a1a04cb0bcd848d9472d859716,a2p-v1,25160873265135858849785867268310930637781748847975696897860666531204885561134,False,True,mlg:guest #4,,none,ipfs://QmVr1oQs7rRBy2McNqUKKDjRaoHQeYw754jQWz6eK7GZtR,ipfs,,none,a2p-v1,artist artwork_id attributes bitmark_id collection_name creator description edition_index edition_number external_url image medium metadata_version name prev_provenance timestamp
0x3892f76ba32c77a1a04cb0bcd848d9472d859716,a2p-v1,25160873265135858849785867268310930637781748847975696897860666531204885561133,False,True,mlg:guest #3,,none,ipfs://QmVr1oQs7rRBy2McNqUKKDjRaoHQeYw754jQWz6eK7GZtR,ipfs,,none,a2p-v1,artist artwork_id attributes bitmark_id collection_name creator description edition_index edition_number external_url image medium metadata_version name prev_provenance timestamp
0x3892f76ba32c77a1a04cb0bcd848d9472d859716,a2p-v1,96008859668783775261730363204074868490813709215811316410519239066521928118024,False,True,Artefact 1 (Process) #5,,none,ipfs://QmbGLYG6RW6ZmUx4ec9QpQ8kv8ScgnPptmdpv2AwyokJ8E,ipfs,ipfs://QmVVVrF5nMxeg1XdhBkjUVrWxHb1XTp7bN5wgA3peFs6kk,ipfs,a2p-v1,animation_url artist artwork_id attributes bitmark_id collection_name creator description edition_index edition_number external_url image medium metadata_version name prev_provenance timestamp
0x3892f76ba32c77a1a04cb0bcd848d9472d859716,a2p-v1,96008859668783775261730363204074868490813709215811316410519239066521928118028,False,True,Artefact 1 (Process) #9,,none,ipfs://QmbGLYG6RW6ZmUx4ec9QpQ8kv8ScgnPptmdpv2AwyokJ8E,ipfs,ipfs://QmVVVrF5nMxeg1XdhBkjUVrWxHb1XTp7bN5wgA3peFs6kk,ipfs,a2p-v1,animation_url artist artwork_id attributes bitmark_id collection_name creator description edition_index edition_number external_url image medium metadata_version name prev_provenance timestamp
0x3892f76ba32c77a1a04cb0bcd848d9472d859716,a2p-v1,96008859668783775261730363204074868490813709215811316410519239066521928118025,False,True,Artefact 1 (Process) #6,,none,ipfs://QmbGLYG6RW6ZmUx4ec9QpQ8kv8ScgnPptmdpv2AwyokJ8E,ipfs,ipfs://QmVVVrF5nMxeg1XdhBkjUVrWxHb1XTp7bN5wgA3peFs6kk,ipfs,a2p-v1,animation_url artist artwork_id attributes bitmark_id collection_name creator description edition_index edition_number external_url image medium metadata_version name prev_provenance timestamp
0x3892f76ba32c77a1a04cb0bcd848d9472d859716,a2p-v1,25160873265135858849785867268310930637781748847975696897860666531204885561140,False,True,mlg:guest #10,,none,ipfs://QmVr1oQs7rRBy2McNqUKKDjRaoHQeYw754jQWz6eK7GZtR,ipfs,,none,a2p-v1,artist artwork_id attributes bitmark_id collection_name creator description edition_index edition_number external_url image medium metadata_version name prev_provenance timestamp
0x3892f76ba32c77a1a04cb0bcd848d9472d859716,a2p-v1,96008859668783775261730363204074868490813709215811316410519239066521928118022,False,True,Artefact 1 (Process) #3,,none,ipfs://QmbGLYG6RW6ZmUx4ec9QpQ8kv8ScgnPptmdpv2AwyokJ8E,ipfs,ipfs://QmVVVrF5nMxeg1XdhBkjUVrWxHb1XTp7bN5wgA3peFs6kk,ipfs,a2p-v1,animation_url artist artwork_id attributes bitmark_id collection_name creator description edition_index edition_number external_url image medium metadata_version name prev_provenance timestamp
0x3892f76ba32c77a1a04cb0bcd848d9472d859716,a2p-v1,25160873265135858849785867268310930637781748847975696897860666531204885561137,False,True,mlg:guest #7,,none,ipfs://QmVr1oQs7rRBy2McNqUKKDjRaoHQeYw754jQWz6eK7GZtR,ipfs,,none,a2p-v1,artist artwork_id attributes bitmark_id collection_name creator description edition_index edition_number external_url image medium metadata_version name prev_provenance timestamp
0x3892f76ba32c77a1a04cb0bcd848d9472d859716,a2p-v1,70351697367019252423562190017822532482268899874701326628235071297862164022112,False,True,The Doors (LSD) #6,,none,ipfs://QmWFH7JyYAcDN4zyu8Vtah17bi1cwK9rz1znTMEdeiux2Q,ipfs,,none,a2p-v1,artist artwork_id attributes bitmark_id collection_name creator description edition_index edition_number external_url image medium metadata_version name prev_provenance timestamp
0x3892f76ba32c77a1a04cb0bcd848d9472d859716,a2p-v1,100992970395263268322968873615907990363337122245102996041500569480111092072952,False,True,1MB of Balloons / 1MB of Rocks #9,,none,ipfs://QmUgFtNpYR4EDSV6hWdtHPLnWMVVdacPffcoTmhUEcLjxR,ipfs,,none,a2p-v1,artist artwork_id attributes bitmark_id collection_name creator description edition_index edition_number external_url image medium metadata_version name prev_provenance timestamp
0x3892f76ba32c77a1a04cb0bcd848d9472d859716,a2p-v1,100992970395263268322968873615907990363337122245102996041500569480111092072953,False,True,1MB of Balloons / 1MB of Rocks #10,,none,ipfs://QmUgFtNpYR4EDSV6hWdtHPLnWMVVdacPffcoTmhUEcLjxR,ipfs,,none,a2p-v1,artist artwork_id attributes bitmark_id collection_name creator description edition_index edition_number external_url image medium metadata_version name prev_provenance timestamp
0x3892f76ba32c77a1a04cb0bcd848d9472d859716,a2p-v1,15734201246882173907825998301268964334152772366332151285183416693981541598509,False,True,"First Date (January 15, 2013) #7",,none,ipfs://QmXFPuF5pxgx6sW5hbVtG9KeEgHKwnP6t4AJfaSHKp4egL,ipfs,ipfs://QmWMXz1owXytaHW14e6rwDkP9udEsoyAK7tekKKz5fRxdB,ipfs,a2p-v1,animation_url artist artwork_id attributes bitmark_id collection_name creator description edition_index edition_number external_url image medium metadata_version name prev_provenance timestamp
0x3892f76ba32c77a1a04cb0bcd848d9472d859716,a2p-v1,96008859668783775261730363204074868490813709215811316410519239066521928118026,False,True,Artefact 1 (Process) #7,,none,ipfs://QmbGLYG6RW6ZmUx4ec9QpQ8kv8ScgnPptmdpv2AwyokJ8E,ipfs,ipfs://QmVVVrF5nMxeg1XdhBkjUVrWxHb1XTp7bN5wgA3peFs6kk,ipfs,a2p-v1,animation_url artist artwork_id attributes bitmark_id collection_name creator description edition_index edition_number external_url image medium metadata_version name prev_provenance timestamp
0x3892f76ba32c77a1a04cb0bcd848d9472d859716,a2p-v1,100992970395263268322968873615907990363337122245102996041500569480111092072943,False,True,1MB of Balloons / 1MB of Rocks AP,,none,ipfs://QmUgFtNpYR4EDSV6hWdtHPLnWMVVdacPffcoTmhUEcLjxR,ipfs,,none,a2p-v1,artist artwork_id attributes bitmark_id collection_name creator description edition_index edition_number external_url image medium metadata_version name prev_provenance timestamp
0x3892f76ba32c77a1a04cb0bcd848d9472d859716,a2p-v1,100992970395263268322968873615907990363337122245102996041500569480111092072950,False,True,1MB of Balloons / 1MB of Rocks #7,,none,ipfs://QmUgFtNpYR4EDSV6hWdtHPLnWMVVdacPffcoTmhUEcLjxR,ipfs,,none,a2p-v1,artist artwork_id attributes bitmark_id collection_name creator description edition_index edition_number external_url image medium metadata_version name prev_provenance timestamp
0x3892f76ba32c77a1a04cb0bcd848d9472d859716,a2p-v1,70351697367019252423562190017822532482268899874701326628235071297862164022108,False,True,The Doors (LSD) #2,,none,ipfs://QmWFH7JyYAcDN4zyu8Vtah17bi1cwK9rz1znTMEdeiux2Q,ipfs,,none,a2p-v1,artist artwork_id attributes bitmark_id collection_name creator description edition_index edition_number external_url image medium metadata_version name prev_provenance timestamp
0x3892f76ba32c77a1a04cb0bcd848d9472d859716,a2p-v1,15734201246882173907825998301268964334152772366332151285183416693981541598510,False,True,"First Date (January 15, 2013) #8",,none,ipfs://QmXFPuF5pxgx6sW5hbVtG9KeEgHKwnP6t4AJfaSHKp4egL,ipfs,ipfs://QmWMXz1owXytaHW14e6rwDkP9udEsoyAK7tekKKz5fRxdB,ipfs,a2p-v1,animation_url artist artwork_id attributes bitmark_id collection_name creator description edition_index edition_number external_url image medium metadata_version name prev_provenance timestamp
0x3892f76ba32c77a1a04cb0bcd848d9472d859716,a2p-v1,15734201246882173907825998301268964334152772366332151285183416693981541598503,False,True,"First Date (January 15, 2013) #1",,none,ipfs://QmXFPuF5pxgx6sW5hbVtG9KeEgHKwnP6t4AJfaSHKp4egL,ipfs,ipfs://QmWMXz1owXytaHW14e6rwDkP9udEsoyAK7tekKKz5fRxdB,ipfs,a2p-v1,animation_url artist artwork_id attributes bitmark_id collection_name creator description edition_index edition_number external_url image medium metadata_version name prev_provenance timestamp
0x3892f76ba32c77a1a04cb0bcd848d9472d859716,a2p-v1,15734201246882173907825998301268964334152772366332151285183416693981541598505,False,True,"First Date (January 15, 2013) #3",,none,ipfs://QmXFPuF5pxgx6sW5hbVtG9KeEgHKwnP6t4AJfaSHKp4egL,ipfs,ipfs://QmWMXz1owXytaHW14e6rwDkP9udEsoyAK7tekKKz5fRxdB,ipfs,a2p-v1,animation_url artist artwork_id attributes bitmark_id collection_name creator description edition_index edition_number external_url image medium metadata_version name prev_provenance timestamp
0x3892f76ba32c77a1a04cb0bcd848d9472d859716,a2p-v1,51880196634526704335514867273661110300042451917053629345590131564682772777172,False,True,MonumentValley #6,,none,ipfs://QmQvXxyox2Dg9ANpbU2prizN1vDkRMu3UG9XUBVDqPK2LH,ipfs,ipfs://QmVmw8NRmvWFVH9ZLDrwGRLwWNdKmZkVLnCTgr1T6PU653,ipfs,a2p-v1,animation_url artist artwork_id attributes bitmark_id collection_name creator description edition_index edition_number external_url image medium metadata_version name prev_provenance timestamp
0x3892f76ba32c77a1a04cb0bcd848d9472d859716,a2p-v1,70351697367019252423562190017822532482268899874701326628235071297862164022114,False,True,The Doors (LSD) #8,,none,ipfs://QmWFH7JyYAcDN4zyu8Vtah17bi1cwK9rz1znTMEdeiux2Q,ipfs,,none,a2p-v1,artist artwork_id attributes bitmark_id collection_name creator description edition_index edition_number external_url image medium metadata_version name prev_provenance timestamp
0x3892f76ba32c77a1a04cb0bcd848d9472d859716,a2p-v1,15734201246882173907825998301268964334152772366332151285183416693981541598512,False,True,"First Date (January 15, 2013) #10",,none,ipfs://QmXFPuF5pxgx6sW5hbVtG9KeEgHKwnP6t4AJfaSHKp4egL,ipfs,ipfs://QmWMXz1owXytaHW14e6rwDkP9udEsoyAK7tekKKz5fRxdB,ipfs,a2p-v1,animation_url artist artwork_id attributes bitmark_id collection_name creator description edition_index edition_number external_url image medium metadata_version name prev_provenance timestamp
0x3892f76ba32c77a1a04cb0bcd848d9472d859716,a2p-v1,15734201246882173907825998301268964334152772366332151285183416693981541598507,False,True,"First Date (January 15, 2013) #5",,none,ipfs://QmXFPuF5pxgx6sW5hbVtG9KeEgHKwnP6t4AJfaSHKp4egL,ipfs,ipfs://QmWMXz1owXytaHW14e6rwDkP9udEsoyAK7tekKKz5fRxdB,ipfs,a2p-v1,animation_url artist artwork_id attributes bitmark_id collection_name creator description edition_index edition_number external_url image medium metadata_version name prev_provenance timestamp
0x3892f76ba32c77a1a04cb0bcd848d9472d859716,a2p-v1,44208796436216815986959452549791939034095198564145863308164449807295677468168,False,True,Orbs on Stripes #2,,none,ipfs://QmQjFuJdkhF8fGiBLUj5Rhxysi6rQZYhsLgVjZ9Q2PWqHQ,ipfs,,none,a2p-v1,artist artwork_id attributes bitmark_id collection_name creator description edition_index edition_number external_url image medium metadata_version name prev_provenance timestamp
0x3892f76ba32c77a1a04cb0bcd848d9472d859716,a2p-v1,100992970395263268322968873615907990363337122245102996041500569480111092072948,False,True,1MB of Balloons / 1MB of Rocks #5,,none,ipfs://QmUgFtNpYR4EDSV6hWdtHPLnWMVVdacPffcoTmhUEcLjxR,ipfs,,none,a2p-v1,artist artwork_id attributes bitmark_id collection_name creator description edition_index edition_number external_url image medium metadata_version name prev_provenance timestamp
0x3892f76ba32c77a1a04cb0bcd848d9472d859716,a2p-v1,51880196634526704335514867273661110300042451917053629345590131564682772777176,False,True,MonumentValley #10,,none,ipfs://QmQvXxyox2Dg9ANpbU2prizN1vDkRMu3UG9XUBVDqPK2LH,ipfs,ipfs://QmVmw8NRmvWFVH9ZLDrwGRLwWNdKmZkVLnCTgr1T6PU653,ipfs,a2p-v1,animation_url artist artwork_id attributes bitmark_id collection_name creator description edition_index edition_number external_url image medium metadata_version name prev_provenance timestamp
0x3892f76ba32c77a1a04cb0bcd848d9472d859716,a2p-v1,50892746011605534166848558821746201292006474695596201055438958978591407583426,False,True,Monopines (red)  #5,,none,ipfs://Qmd5H5LjZZtjv4iL82qqaPWfs2PXuoJHUY8ddcoLeFnRdw,ipfs,ipfs://QmZCm81iykAKLBEvua59c4nhS26itg4bjKEXx5D7KrJTLa,ipfs,a2p-v1,animation_url artist artwork_id attributes bitmark_id collection_name creator description edition_index edition_number external_url image medium metadata_version name prev_provenance timestamp
0x3892f76ba32c77a1a04cb0bcd848d9472d859716,a2p-v1,50892746011605534166848558821746201292006474695596201055438958978591407583421,False,True,Monopines (red)  AP,,none,ipfs://Qmd5H5LjZZtjv4iL82qqaPWfs2PXuoJHUY8ddcoLeFnRdw,ipfs,ipfs://QmZCm81iykAKLBEvua59c4nhS26itg4bjKEXx5D7KrJTLa,ipfs,a2p-v1,animation_url artist artwork_id attributes bitmark_id collection_name creator description edition_index edition_number external_url image medium metadata_version name prev_provenance timestamp
0x3892f76ba32c77a1a04cb0bcd848d9472d859716,a2p-v1,44208796436216815986959452549791939034095198564145863308164449807295677468172,False,True,Orbs on Stripes #6,,none,ipfs://QmQjFuJdkhF8fGiBLUj5Rhxysi6rQZYhsLgVjZ9Q2PWqHQ,ipfs,,none,a2p-v1,artist artwork_id attributes bitmark_id collection_name creator description edition_index edition_number external_url image medium metadata_version name prev_provenance timestamp
0x3892f76ba32c77a1a04cb0bcd848d9472d859716,a2p-v1,50892746011605534166848558821746201292006474695596201055438958978591407583430,False,True,Monopines (red)  #9,,none,ipfs://Qmd5H5LjZZtjv4iL82qqaPWfs2PXuoJHUY8ddcoLeFnRdw,ipfs,ipfs://QmZCm81iykAKLBEvua59c4nhS26itg4bjKEXx5D7KrJTLa,ipfs,a2p-v1,animation_url artist artwork_id attributes bitmark_id collection_name creator description edition_index edition_number external_url image medium metadata_version name prev_provenance timestamp
0x3892f76ba32c77a1a04cb0bcd848d9472d859716,a2p-v1,50892746011605534166848558821746201292006474695596201055438958978591407583424,False,True,Monopines (red)  #3,,none,ipfs://Qmd5H5LjZZtjv4iL82qqaPWfs2PXuoJHUY8ddcoLeFnRdw,ipfs,ipfs://QmZCm81iykAKLBEvua59c4nhS26itg4bjKEXx5D7KrJTLa,ipfs,a2p-v1,animation_url artist artwork_id attributes bitmark_id collection_name creator description edition_index edition_number external_url image medium metadata_version name prev_provenance timestamp
0x3892f76ba32c77a1a04cb0bcd848d9472d859716,a2p-v1,50892746011605534166848558821746201292006474695596201055438958978591407583429,False,True,Monopines (red)  #8,,none,ipfs://Qmd5H5LjZZtjv4iL82qqaPWfs2PXuoJHUY8ddcoLeFnRdw,ipfs,ipfs://QmZCm81iykAKLBEvua59c4nhS26itg4bjKEXx5D7KrJTLa,ipfs,a2p-v1,animation_url artist artwork_id attributes bitmark_id collection_name creator description edition_index edition_number external_url image medium metadata_version name prev_provenance timestamp
0x3892f76ba32c77a1a04cb0bcd848d9472d859716,a2p-v1,86265150871538532652407379202719106732298610360245085885895155617854447863511,False,True,Strands #2,,none,ipfs://QmdCj3FtULuxAEApAKiE3N6MPPiqaiebqa34MHrsDPo8bh,ipfs,,none,a2p-v1,artist artwork_id attributes bitmark_id collection_name creator description edition_index edition_number external_url image medium metadata_version name prev_provenance timestamp
0x3892f76ba32c77a1a04cb0bcd848d9472d859716,a2p-v1,51880196634526704335514867273661110300042451917053629345590131564682772777174,False,True,MonumentValley #8,,none,ipfs://QmQvXxyox2Dg9ANpbU2prizN1vDkRMu3UG9XUBVDqPK2LH,ipfs,ipfs://QmVmw8NRmvWFVH9ZLDrwGRLwWNdKmZkVLnCTgr1T6PU653,ipfs,a2p-v1,animation_url artist artwork_id attributes bitmark_id collection_name creator description edition_index edition_number external_url image medium metadata_version name prev_provenance timestamp
0x3892f76ba32c77a1a04cb0bcd848d9472d859716,a2p-v1,86265150871538532652407379202719106732298610360245085885895155617854447863512,False,True,Strands #3,,none,ipfs://QmdCj3FtULuxAEApAKiE3N6MPPiqaiebqa34MHrsDPo8bh,ipfs,,none,a2p-v1,artist artwork_id attributes bitmark_id collection_name creator description edition_index edition_number external_url image medium metadata_version name prev_provenance timestamp
0x3892f76ba32c77a1a04cb0bcd848d9472d859716,a2p-v1,86265150871538532652407379202719106732298610360245085885895155617854447863509,False,True,Strands AP,,none,ipfs://QmdCj3FtULuxAEApAKiE3N6MPPiqaiebqa34MHrsDPo8bh,ipfs,,none,a2p-v1,artist artwork_id attributes bitmark_id collection_name creator description edition_index edition_number external_url image medium metadata_version name prev_provenance timestamp
0x3892f76ba32c77a1a04cb0bcd848d9472d859716,a2p-v1,86265150871538532652407379202719106732298610360245085885895155617854447863510,False,True,Strands #1,,none,ipfs://QmdCj3FtULuxAEApAKiE3N6MPPiqaiebqa34MHrsDPo8bh,ipfs,,none,a2p-v1,artist artwork_id attributes bitmark_id collection_name creator description edition_index edition_number external_url image medium metadata_version name prev_provenance timestamp
0x3892f76ba32c77a1a04cb0bcd848d9472d859716,a2p-v1,86265150871538532652407379202719106732298610360245085885895155617854447863516,False,True,Strands #7,,none,ipfs://QmdCj3FtULuxAEApAKiE3N6MPPiqaiebqa34MHrsDPo8bh,ipfs,,none,a2p-v1,artist artwork_id attributes bitmark_id collection_name creator description edition_index edition_number external_url image medium metadata_version name prev_provenance timestamp
0x3892f76ba32c77a1a04cb0bcd848d9472d859716,a2p-v1,86265150871538532652407379202719106732298610360245085885895155617854447863515,False,True,Strands #6,,none,ipfs://QmdCj3FtULuxAEApAKiE3N6MPPiqaiebqa34MHrsDPo8bh,ipfs,,none,a2p-v1,artist artwork_id attributes bitmark_id collection_name creator description edition_index edition_number external_url image medium metadata_version name prev_provenance timestamp
0x3892f76ba32c77a1a04cb0bcd848d9472d859716,a2p-v1,95449888926526083480551770307060978604524938630157497888784554841183018906676,False,True,dashed line form #4,,none,ipfs://QmWSQsSLMZJBEBndogvUwmkUKSzjn2JJWqf8VGetQVyACZ,ipfs,ipfs://QmeUPCydfzAQWzdJAwfATX5NAZZWZa5YLz1xPhpJbNRs7f,ipfs,a2p-v1,animation_url artist artwork_id attributes bitmark_id collection_name creator description edition_index edition_number external_url image medium metadata_version name prev_provenance timestamp
0x3892f76ba32c77a1a04cb0bcd848d9472d859716,a2p-v1,95449888926526083480551770307060978604524938630157497888784554841183018906674,False,True,dashed line form #2,,none,ipfs://QmWSQsSLMZJBEBndogvUwmkUKSzjn2JJWqf8VGetQVyACZ,ipfs,ipfs://QmeUPCydfzAQWzdJAwfATX5NAZZWZa5YLz1xPhpJbNRs7f,ipfs,a2p-v1,animation_url artist artwork_id attributes bitmark_id collection_name creator description edition_index edition_number external_url image medium metadata_version name prev_provenance timestamp
0x3892f76ba32c77a1a04cb0bcd848d9472d859716,a2p-v1,95449888926526083480551770307060978604524938630157497888784554841183018906677,False,True,dashed line form #5,,none,ipfs://QmWSQsSLMZJBEBndogvUwmkUKSzjn2JJWqf8VGetQVyACZ,ipfs,ipfs://QmeUPCydfzAQWzdJAwfATX5NAZZWZa5YLz1xPhpJbNRs7f,ipfs,a2p-v1,animation_url artist artwork_id attributes bitmark_id collection_name creator description edition_index edition_number external_url image medium metadata_version name prev_provenance timestamp
0x3892f76ba32c77a1a04cb0bcd848d9472d859716,a2p-v1,95449888926526083480551770307060978604524938630157497888784554841183018906672,False,True,dashed line form AP,,none,ipfs://QmWSQsSLMZJBEBndogvUwmkUKSzjn2JJWqf8VGetQVyACZ,ipfs,ipfs://QmeUPCydfzAQWzdJAwfATX5NAZZWZa5YLz1xPhpJbNRs7f,ipfs,a2p-v1,animation_url artist artwork_id attributes bitmark_id collection_name creator description edition_index edition_number external_url image medium metadata_version name prev_provenance timestamp
0x3892f76ba32c77a1a04cb0bcd848d9472d859716,a2p-v1,95449888926526083480551770307060978604524938630157497888784554841183018906675,False,True,dashed line form #3,,none,ipfs://QmWSQsSLMZJBEBndogvUwmkUKSzjn2JJWqf8VGetQVyACZ,ipfs,ipfs://QmeUPCydfzAQWzdJAwfATX5NAZZWZa5YLz1xPhpJbNRs7f,ipfs,a2p-v1,animation_url artist artwork_id attributes bitmark_id collection_name creator description edition_index edition_number external_url image medium metadata_version name prev_provenance timestamp
0x3892f76ba32c77a1a04cb0bcd848d9472d859716,a2p-v1,44208796436216815986959452549791939034095198564145863308164449807295677468169,False,True,Orbs on Stripes #3,,none,ipfs://QmQjFuJdkhF8fGiBLUj5Rhxysi6rQZYhsLgVjZ9Q2PWqHQ,ipfs,,none,a2p-v1,artist artwork_id attributes bitmark_id collection_name creator description edition_index edition_number external_url image medium metadata_version name prev_provenance timestamp
0x3892f76ba32c77a1a04cb0bcd848d9472d859716,a2p-v1,95449888926526083480551770307060978604524938630157497888784554841183018906682,False,True,dashed line form #10,,none,ipfs://QmWSQsSLMZJBEBndogvUwmkUKSzjn2JJWqf8VGetQVyACZ,ipfs,ipfs://QmeUPCydfzAQWzdJAwfATX5NAZZWZa5YLz1xPhpJbNRs7f,ipfs,a2p-v1,animation_url artist artwork_id attributes bitmark_id collection_name creator description edition_index edition_number external_url image medium metadata_version name prev_provenance timestamp
0x3892f76ba32c77a1a04cb0bcd848d9472d859716,a2p-v1,99123230400958327983629474283185741672485991312281923612759742373831566403631,False,True,GEOMANCER #6,,none,ipfs://QmNg98AJee6XE1vuuaijKgZRocgRCdThWvruZkqVAYu8e2,ipfs,ipfs://QmNQM1UFebW166FcyzwMfgy3ELsoWMjy56L6cdDYmstGfU,ipfs,a2p-v1,animation_url artist artwork_id attributes bitmark_id collection_name creator description edition_index edition_number external_url image medium metadata_version name prev_provenance timestamp
0x3892f76ba32c77a1a04cb0bcd848d9472d859716,a2p-v1,99123230400958327983629474283185741672485991312281923612759742373831566403629,False,True,GEOMANCER #4,,none,ipfs://QmNg98AJee6XE1vuuaijKgZRocgRCdThWvruZkqVAYu8e2,ipfs,ipfs://QmNQM1UFebW166FcyzwMfgy3ELsoWMjy56L6cdDYmstGfU,ipfs,a2p-v1,animation_url artist artwork_id attributes bitmark_id collection_name creator description edition_index edition_number external_url image medium metadata_version name prev_provenance timestamp
0x3892f76ba32c77a1a04cb0bcd848d9472d859716,a2p-v1,95449888926526083480551770307060978604524938630157497888784554841183018906680,False,True,dashed line form #8,,none,ipfs://QmWSQsSLMZJBEBndogvUwmkUKSzjn2JJWqf8VGetQVyACZ,ipfs,ipfs://QmeUPCydfzAQWzdJAwfATX5NAZZWZa5YLz1xPhpJbNRs7f,ipfs,a2p-v1,animation_url artist artwork_id attributes bitmark_id collection_name creator description edition_index edition_number external_url image medium metadata_version name prev_provenance timestamp
0x3892f76ba32c77a1a04cb0bcd848d9472d859716,a2p-v1,43194089455100826936300911545925777760913067136055556451580590426565468873820,False,True,'Hammer & sickle ordered on amazon.com' 2019 #2,,none,ipfs://QmYgNVzLNsdqtcgULUWQvsEmWCAuaA8yfjPMLn19MJkR5A,ipfs,,none,a2p-v1,artist artwork_id attributes bitmark_id collection_name creator description edition_index edition_number external_url image medium metadata_version name prev_provenance timestamp
0x3892f76ba32c77a1a04cb0bcd848d9472d859716,a2p-v1,53017527382160263344949129023907998942180735038365341211366764333346844304725,False,True,Edible HTML #2,,none,ipfs://QmTYmG3sojpBp8f4dpmk9PMdwQfwxJWmowD7us2E9xbTHt,ipfs,,none,a2p-v1,artist artwork_id attributes bitmark_id collection_name creator description edition_index edition_number external_url image medium metadata_version name prev_provenance timestamp
0x3892f76ba32c77a1a04cb0bcd848d9472d859716,a2p-v1,43194089455100826936300911545925777760913067136055556451580590426565468873826,False,True,'Hammer & sickle ordered on amazon.com' 2019 #8,,none,ipfs://QmYgNVzLNsdqtcgULUWQvsEmWCAuaA8yfjPMLn19MJkR5A,ipfs,,none,a2p-v1,artist artwork_id attributes bitmark_id collection_name creator description edition_index edition_number external_url image medium metadata_version name prev_provenance timestamp
0x3892f76ba32c77a1a04cb0bcd848d9472d859716,a2p-v1,53017527382160263344949129023907998942180735038365341211366764333346844304724,False,True,Edible HTML #1,,none,ipfs://QmTYmG3sojpBp8f4dpmk9PMdwQfwxJWmowD7us2E9xbTHt,ipfs,,none,a2p-v1,artist artwork_id attributes bitmark_id collection_name creator description edition_index edition_number external_url image medium metadata_version name prev_provenance timestamp
0x3892f76ba32c77a1a04cb0bcd848d9472d859716,a2p-v1,43194089455100826936300911545925777760913067136055556451580590426565468873822,False,True,'Hammer & sickle ordered on amazon.com' 2019 #4,,none,ipfs://QmYgNVzLNsdqtcgULUWQvsEmWCAuaA8yfjPMLn19MJkR5A,ipfs,,none,a2p-v1,artist artwork_id attributes bitmark_id collection_name creator description edition_index edition_number external_url image medium metadata_version name prev_provenance timestamp
0x3892f76ba32c77a1a04cb0bcd848d9472d859716,a2p-v1,99123230400958327983629474283185741672485991312281923612759742373831566403635,False,True,GEOMANCER #10,,none,ipfs://QmNg98AJee6XE1vuuaijKgZRocgRCdThWvruZkqVAYu8e2,ipfs,ipfs://QmNQM1UFebW166FcyzwMfgy3ELsoWMjy56L6cdDYmstGfU,ipfs,a2p-v1,animation_url artist artwork_id attributes bitmark_id collection_name creator description edition_index edition_number external_url image medium metadata_version name prev_provenance timestamp
0x3892f76ba32c77a1a04cb0bcd848d9472d859716,a2p-v1,103462138407056171563220403795779879323147964947946581660615817849450018213833,False,True,Ash Ash music video #3,,none,ipfs://QmbogJrbedXw8qcXRyGjdY8sMWFnLqWMZmAGQbEGHyUbhm,ipfs,ipfs://QmR9mYiCYvazezPK17tEh1rjQXph4Tkj9zP2vJ9YsJqH1u,ipfs,a2p-v1,animation_url artist artwork_id attributes bitmark_id collection_name creator description edition_index edition_number external_url image medium metadata_version name prev_provenance timestamp
0x3892f76ba32c77a1a04cb0bcd848d9472d859716,a2p-v1,99123230400958327983629474283185741672485991312281923612759742373831566403633,False,True,GEOMANCER #8,,none,ipfs://QmNg98AJee6XE1vuuaijKgZRocgRCdThWvruZkqVAYu8e2,ipfs,ipfs://QmNQM1UFebW166FcyzwMfgy3ELsoWMjy56L6cdDYmstGfU,ipfs,a2p-v1,animation_url artist artwork_id attributes bitmark_id collection_name creator description edition_index edition_number external_url image medium metadata_version name prev_provenance timestamp
0x3892f76ba32c77a1a04cb0bcd848d9472d859716,a2p-v1,43194089455100826936300911545925777760913067136055556451580590426565468873821,False,True,'Hammer & sickle ordered on amazon.com' 2019 #3,,none,ipfs://QmYgNVzLNsdqtcgULUWQvsEmWCAuaA8yfjPMLn19MJkR5A,ipfs,,none,a2p-v1,artist artwork_id attributes bitmark_id collection_name creator description edition_index edition_number external_url image medium metadata_version name prev_provenance timestamp
0x3892f76ba32c77a1a04cb0bcd848d9472d859716,a2p-v1,43194089455100826936300911545925777760913067136055556451580590426565468873818,False,True,'Hammer & sickle ordered on amazon.com' 2019 AP,,none,ipfs://QmYgNVzLNsdqtcgULUWQvsEmWCAuaA8yfjPMLn19MJkR5A,ipfs,,none,a2p-v1,artist artwork_id attributes bitmark_id collection_name creator description edition_index edition_number external_url image medium metadata_version name prev_provenance timestamp
0x3892f76ba32c77a1a04cb0bcd848d9472d859716,a2p-v1,103462138407056171563220403795779879323147964947946581660615817849450018213830,False,True,Ash Ash music video AP,,none,ipfs://QmbogJrbedXw8qcXRyGjdY8sMWFnLqWMZmAGQbEGHyUbhm,ipfs,ipfs://QmR9mYiCYvazezPK17tEh1rjQXph4Tkj9zP2vJ9YsJqH1u,ipfs,a2p-v1,animation_url artist artwork_id attributes bitmark_id collection_name creator description edition_index edition_number external_url image medium metadata_version name prev_provenance timestamp
0x3892f76ba32c77a1a04cb0bcd848d9472d859716,a2p-v1,43194089455100826936300911545925777760913067136055556451580590426565468873824,False,True,'Hammer & sickle ordered on amazon.com' 2019 #6,,none,ipfs://QmYgNVzLNsdqtcgULUWQvsEmWCAuaA8yfjPMLn19MJkR5A,ipfs,,none,a2p-v1,artist artwork_id attributes bitmark_id collection_name creator description edition_index edition_number external_url image medium metadata_version name prev_provenance timestamp
0x3892f76ba32c77a1a04cb0bcd848d9472d859716,a2p-v1,53017527382160263344949129023907998942180735038365341211366764333346844304728,False,True,Edible HTML #5,,none,ipfs://QmTYmG3sojpBp8f4dpmk9PMdwQfwxJWmowD7us2E9xbTHt,ipfs,,none,a2p-v1,artist artwork_id attributes bitmark_id collection_name creator description edition_index edition_number external_url image medium metadata_version name prev_provenance timestamp
0x3892f76ba32c77a1a04cb0bcd848d9472d859716,a2p-v1,43194089455100826936300911545925777760913067136055556451580590426565468873827,False,True,'Hammer & sickle ordered on amazon.com' 2019 #9,,none,ipfs://QmYgNVzLNsdqtcgULUWQvsEmWCAuaA8yfjPMLn19MJkR5A,ipfs,,none,a2p-v1,artist artwork_id attributes bitmark_id collection_name creator description edition_index edition_number external_url image medium metadata_version name prev_provenance timestamp
0x3892f76ba32c77a1a04cb0bcd848d9472d859716,a2p-v1,53017527382160263344949129023907998942180735038365341211366764333346844304726,False,True,Edible HTML #3,,none,ipfs://QmTYmG3sojpBp8f4dpmk9PMdwQfwxJWmowD7us2E9xbTHt,ipfs,,none,a2p-v1,artist artwork_id attributes bitmark_id collection_name creator description edition_index edition_number external_url image medium metadata_version name prev_provenance timestamp
0x3892f76ba32c77a1a04cb0bcd848d9472d859716,a2p-v1,99123230400958327983629474283185741672485991312281923612759742373831566403628,False,True,GEOMANCER #3,,none,ipfs://QmNg98AJee6XE1vuuaijKgZRocgRCdThWvruZkqVAYu8e2,ipfs,ipfs://QmNQM1UFebW166FcyzwMfgy3ELsoWMjy56L6cdDYmstGfU,ipfs,a2p-v1,animation_url artist artwork_id attributes bitmark_id collection_name creator description edition_index edition_number external_url image medium metadata_version name prev_provenance timestamp
0x3892f76ba32c77a1a04cb0bcd848d9472d859716,a2p-v1,73035959852460207438044430650105983992023167271431402696684019464478333448210,False,True,Map - Arnsberg  AP,,none,ipfs://QmY6ChdBr5J42ZV2fVXMPmuAtfJ9cJwyDTcAAoHpzRN6ZT,ipfs,ipfs://QmUfeHMJjmVUJw5SKZs3YEVb75nVmecQ3JGd1ZLZsfY9Vt,ipfs,a2p-v1,animation_url artist artwork_id attributes bitmark_id collection_name creator description edition_index edition_number external_url image medium metadata_version name prev_provenance timestamp
0x3892f76ba32c77a1a04cb0bcd848d9472d859716,a2p-v1,43194089455100826936300911545925777760913067136055556451580590426565468873823,False,True,'Hammer & sickle ordered on amazon.com' 2019 #5,,none,ipfs://QmYgNVzLNsdqtcgULUWQvsEmWCAuaA8yfjPMLn19MJkR5A,ipfs,,none,a2p-v1,artist artwork_id attributes bitmark_id collection_name creator description edition_index edition_number external_url image medium metadata_version name prev_provenance timestamp
0x3892f76ba32c77a1a04cb0bcd848d9472d859716,a2p-v1,99123230400958327983629474283185741672485991312281923612759742373831566403634,False,True,GEOMANCER #9,,none,ipfs://QmNg98AJee6XE1vuuaijKgZRocgRCdThWvruZkqVAYu8e2,ipfs,ipfs://QmNQM1UFebW166FcyzwMfgy3ELsoWMjy56L6cdDYmstGfU,ipfs,a2p-v1,animation_url artist artwork_id attributes bitmark_id collection_name creator description edition_index edition_number external_url image medium metadata_version name prev_provenance timestamp
0x3892f76ba32c77a1a04cb0bcd848d9472d859716,a2p-v1,103462138407056171563220403795779879323147964947946581660615817849450018213836,False,True,Ash Ash music video #6,,none,ipfs://QmbogJrbedXw8qcXRyGjdY8sMWFnLqWMZmAGQbEGHyUbhm,ipfs,ipfs://QmR9mYiCYvazezPK17tEh1rjQXph4Tkj9zP2vJ9YsJqH1u,ipfs,a2p-v1,animation_url artist artwork_id attributes bitmark_id collection_name creator description edition_index edition_number external_url image medium metadata_version name prev_provenance timestamp
0x3892f76ba32c77a1a04cb0bcd848d9472d859716,a2p-v1,43194089455100826936300911545925777760913067136055556451580590426565468873825,False,True,'Hammer & sickle ordered on amazon.com' 2019 #7,,none,ipfs://QmYgNVzLNsdqtcgULUWQvsEmWCAuaA8yfjPMLn19MJkR5A,ipfs,,none,a2p-v1,artist artwork_id attributes bitmark_id collection_name creator description edition_index edition_number external_url image medium metadata_version name prev_provenance timestamp
0x3892f76ba32c77a1a04cb0bcd848d9472d859716,a2p-v1,73035959852460207438044430650105983992023167271431402696684019464478333448214,False,True,Map - Arnsberg  #4,,none,ipfs://QmY6ChdBr5J42ZV2fVXMPmuAtfJ9cJwyDTcAAoHpzRN6ZT,ipfs,ipfs://QmUfeHMJjmVUJw5SKZs3YEVb75nVmecQ3JGd1ZLZsfY9Vt,ipfs,a2p-v1,animation_url artist artwork_id attributes bitmark_id collection_name creator description edition_index edition_number external_url image medium metadata_version name prev_provenance timestamp
0x3892f76ba32c77a1a04cb0bcd848d9472d859716,a2p-v1,34262569770667438906091571385761927538215668454551581796591981255039482119143,False,True,Glitch Embroidery (Google) AP,,none,ipfs://QmNMYcKfNcaq46BGMymKEwzcoQVg9jbg9sttfAehvRjfYX,ipfs,,none,a2p-v1,artist artwork_id attributes bitmark_id collection_name creator description edition_index edition_number external_url image medium metadata_version name prev_provenance timestamp
0x3892f76ba32c77a1a04cb0bcd848d9472d859716,a2p-v1,34262569770667438906091571385761927538215668454551581796591981255039482119150,False,True,Glitch Embroidery (Google) #7,,none,ipfs://QmNMYcKfNcaq46BGMymKEwzcoQVg9jbg9sttfAehvRjfYX,ipfs,,none,a2p-v1,artist artwork_id attributes bitmark_id collection_name creator description edition_index edition_number external_url image medium metadata_version name prev_provenance timestamp
0x3892f76ba32c77a1a04cb0bcd848d9472d859716,a2p-v1,73035959852460207438044430650105983992023167271431402696684019464478333448213,False,True,Map - Arnsberg  #3,,none,ipfs://QmY6ChdBr5J42ZV2fVXMPmuAtfJ9cJwyDTcAAoHpzRN6ZT,ipfs,ipfs://QmUfeHMJjmVUJw5SKZs3YEVb75nVmecQ3JGd1ZLZsfY9Vt,ipfs,a2p-v1,animation_url artist artwork_id attributes bitmark_id collection_name creator description edition_index edition_number external_url image medium metadata_version name prev_provenance timestamp
0x3892f76ba32c77a1a04cb0bcd848d9472d859716,a2p-v1,73035959852460207438044430650105983992023167271431402696684019464478333448216,False,True,Map - Arnsberg  #6,,none,ipfs://QmY6ChdBr5J42ZV2fVXMPmuAtfJ9cJwyDTcAAoHpzRN6ZT,ipfs,ipfs://QmUfeHMJjmVUJw5SKZs3YEVb75nVmecQ3JGd1ZLZsfY9Vt,ipfs,a2p-v1,animation_url artist artwork_id attributes bitmark_id collection_name creator description edition_index edition_number external_url image medium metadata_version name prev_provenance timestamp
0x3892f76ba32c77a1a04cb0bcd848d9472d859716,a2p-v1,34262569770667438906091571385761927538215668454551581796591981255039482119151,False,True,Glitch Embroidery (Google) #8,,none,ipfs://QmNMYcKfNcaq46BGMymKEwzcoQVg9jbg9sttfAehvRjfYX,ipfs,,none,a2p-v1,artist artwork_id attributes bitmark_id collection_name creator description edition_index edition_number external_url image medium metadata_version name prev_provenance timestamp
0x3892f76ba32c77a1a04cb0bcd848d9472d859716,a2p-v1,73035959852460207438044430650105983992023167271431402696684019464478333448220,False,True,Map - Arnsberg  #10,,none,ipfs://QmY6ChdBr5J42ZV2fVXMPmuAtfJ9cJwyDTcAAoHpzRN6ZT,ipfs,ipfs://QmUfeHMJjmVUJw5SKZs3YEVb75nVmecQ3JGd1ZLZsfY9Vt,ipfs,a2p-v1,animation_url artist artwork_id attributes bitmark_id collection_name creator description edition_index edition_number external_url image medium metadata_version name prev_provenance timestamp
0x3892f76ba32c77a1a04cb0bcd848d9472d859716,a2p-v1,34262569770667438906091571385761927538215668454551581796591981255039482119144,False,True,Glitch Embroidery (Google) #1,,none,ipfs://QmNMYcKfNcaq46BGMymKEwzcoQVg9jbg9sttfAehvRjfYX,ipfs,,none,a2p-v1,artist artwork_id attributes bitmark_id collection_name creator description edition_index edition_number external_url image medium metadata_version name prev_provenance timestamp
0x3892f76ba32c77a1a04cb0bcd848d9472d859716,a2p-v1,34262569770667438906091571385761927538215668454551581796591981255039482119147,False,True,Glitch Embroidery (Google) #4,,none,ipfs://QmNMYcKfNcaq46BGMymKEwzcoQVg9jbg9sttfAehvRjfYX,ipfs,,none,a2p-v1,artist artwork_id attributes bitmark_id collection_name creator description edition_index edition_number external_url image medium metadata_version name prev_provenance timestamp
0x3892f76ba32c77a1a04cb0bcd848d9472d859716,a2p-v1,34262569770667438906091571385761927538215668454551581796591981255039482119153,False,True,Glitch Embroidery (Google) #10,,none,ipfs://QmNMYcKfNcaq46BGMymKEwzcoQVg9jbg9sttfAehvRjfYX,ipfs,,none,a2p-v1,artist artwork_id attributes bitmark_id collection_name creator description edition_index edition_number external_url image medium metadata_version name prev_provenance timestamp
0x3892f76ba32c77a1a04cb0bcd848d9472d859716,a2p-v1,34262569770667438906091571385761927538215668454551581796591981255039482119149,False,True,Glitch Embroidery (Google) #6,,none,ipfs://QmNMYcKfNcaq46BGMymKEwzcoQVg9jbg9sttfAehvRjfYX,ipfs,,none,a2p-v1,artist artwork_id attributes bitmark_id collection_name creator description edition_index edition_number external_url image medium metadata_version name prev_provenance timestamp
0x3892f76ba32c77a1a04cb0bcd848d9472d859716,a2p-v1,106761807231565189035700902423208055596615512944511259815869749957330457085897,False,True,liberty #9,,none,ipfs://QmWi9XTK1Yekcg6LAJA34pgCkaXmq5CN355v5kXRWT81CR,ipfs,,none,a2p-v1,artist artwork_id attributes bitmark_id collection_name creator description edition_index edition_number external_url image medium metadata_version name prev_provenance timestamp
0x3892f76ba32c77a1a04cb0bcd848d9472d859716,a2p-v1,93865012024096468154850208981117644201133476596065317889746416611402240692000,False,True,btichqf #3,,none,ipfs://QmZ1n1mtpe8ZGCmgqgyJGXmki5hhpPeHnXTnG4bN47uBkz,ipfs,ipfs://QmbmbNDa9moSKaFMTkGRHfhVxr4ysKo1sFZuodorvXPLdA,ipfs,a2p-v1,animation_url artist artwork_id attributes bitmark_id collection_name creator description edition_index edition_number external_url image medium metadata_version name prev_provenance timestamp
0x3892f76ba32c77a1a04cb0bcd848d9472d859716,a2p-v1,93865012024096468154850208981117644201133476596065317889746416611402240691998,False,True,btichqf #1,,none,ipfs://QmZ1n1mtpe8ZGCmgqgyJGXmki5hhpPeHnXTnG4bN47uBkz,ipfs,ipfs://QmbmbNDa9moSKaFMTkGRHfhVxr4ysKo1sFZuodorvXPLdA,ipfs,a2p-v1,animation_url artist artwork_id attributes bitmark_id collection_name creator description edition_index edition_number external_url image medium metadata_version name prev_provenance timestamp
0x3892f76ba32c77a1a04cb0bcd848d9472d859716,a2p-v1,103462138407056171563220403795779879323147964947946581660615817849450018213837,False,True,Ash Ash music video #7,,none,ipfs://QmbogJrbedXw8qcXRyGjdY8sMWFnLqWMZmAGQbEGHyUbhm,ipfs,ipfs://QmR9mYiCYvazezPK17tEh1rjQXph4Tkj9zP2vJ9YsJqH1u,ipfs,a2p-v1,animation_url artist artwork_id attributes bitmark_id collection_name creator description edition_index edition_number external_url image medium metadata_version name prev_provenance timestamp
0x3892f76ba32c77a1a04cb0bcd848d9472d859716,a2p-v1,34262569770667438906091571385761927538215668454551581796591981255039482119152,False,True,Glitch Embroidery (Google) #9,,none,ipfs://QmNMYcKfNcaq46BGMymKEwzcoQVg9jbg9sttfAehvRjfYX,ipfs,,none,a2p-v1,artist artwork_id attributes bitmark_id collection_name creator description edition_index edition_number external_url image medium metadata_version name prev_provenance timestamp
0x3892f76ba32c77a1a04cb0bcd848d9472d859716,a2p-v1,93865012024096468154850208981117644201133476596065317889746416611402240691999,False,True,btichqf #2,,none,ipfs://QmZ1n1mtpe8ZGCmgqgyJGXmki5hhpPeHnXTnG4bN47uBkz,ipfs,ipfs://QmbmbNDa9moSKaFMTkGRHfhVxr4ysKo1sFZuodorvXPLdA,ipfs,a2p-v1,animation_url artist artwork_id attributes bitmark_id collection_name creator description edition_index edition_number external_url image medium metadata_version name prev_provenance timestamp
0x3892f76ba32c77a1a04cb0bcd848d9472d859716,a2p-v1,106761807231565189035700902423208055596615512944511259815869749957330457085895,False,True,liberty #7,,none,ipfs://QmWi9XTK1Yekcg6LAJA34pgCkaXmq5CN355v5kXRWT81CR,ipfs,,none,a2p-v1,artist artwork_id attributes bitmark_id collection_name creator description edition_index edition_number external_url image medium metadata_version name prev_provenance timestamp
0x3892f76ba32c77a1a04cb0bcd848d9472d859716,a2p-v1,106761807231565189035700902423208055596615512944511259815869749957330457085893,False,True,liberty #5,,none,ipfs://QmWi9XTK1Yekcg6LAJA34pgCkaXmq5CN355v5kXRWT81CR,ipfs,,none,a2p-v1,artist artwork_id attributes bitmark_id collection_name creator description edition_index edition_number external_url image medium metadata_version name prev_provenance timestamp
0x3892f76ba32c77a1a04cb0bcd848d9472d859716,a2p-v1,94448281864131732140807195242731246229699306152086113852090641298826382219956,False,True,Latent Images 1.1 #8,,none,ipfs://QmfGuiFeQFzJJv4KJnJ39oLQvshPnTEh1oboUaGEKkrSpw,ipfs,ipfs://Qmb9mY7uPwWdrACMMRPdUCp5JGhb2vRwGZvwNDtUfmzp7j,ipfs,a2p-v1,animation_url artist artwork_id attributes bitmark_id collection_name creator description edition_index edition_number external_url image medium metadata_version name prev_provenance timestamp
0x3892f76ba32c77a1a04cb0bcd848d9472d859716,a2p-v1,94448281864131732140807195242731246229699306152086113852090641298826382219955,False,True,Latent Images 1.1 #7,,none,ipfs://QmfGuiFeQFzJJv4KJnJ39oLQvshPnTEh1oboUaGEKkrSpw,ipfs,ipfs://Qmb9mY7uPwWdrACMMRPdUCp5JGhb2vRwGZvwNDtUfmzp7j,ipfs,a2p-v1,animation_url artist artwork_id attributes bitmark_id collection_name creator description edition_index edition_number external_url image medium metadata_version name prev_provenance timestamp
0x3892f76ba32c77a1a04cb0bcd848d9472d859716,a2p-v1,106761807231565189035700902423208055596615512944511259815869749957330457085898,False,True,liberty #10,,none,ipfs://QmWi9XTK1Yekcg6LAJA34pgCkaXmq5CN355v5kXRWT81CR,ipfs,,none,a2p-v1,artist artwork_id attributes bitmark_id collection_name creator description edition_index edition_number external_url image medium metadata_version name prev_provenance timestamp
0x3892f76ba32c77a1a04cb0bcd848d9472d859716,a2p-v1,93865012024096468154850208981117644201133476596065317889746416611402240692002,False,True,btichqf #5,,none,ipfs://QmZ1n1mtpe8ZGCmgqgyJGXmki5hhpPeHnXTnG4bN47uBkz,ipfs,ipfs://QmbmbNDa9moSKaFMTkGRHfhVxr4ysKo1sFZuodorvXPLdA,ipfs,a2p-v1,animation_url artist artwork_id attributes bitmark_id collection_name creator description edition_index edition_number external_url image medium metadata_version name prev_provenance timestamp
0x3892f76ba32c77a1a04cb0bcd848d9472d859716,a2p-v1,106761807231565189035700902423208055596615512944511259815869749957330457085892,False,True,liberty #4,,none,ipfs://QmWi9XTK1Yekcg6LAJA34pgCkaXmq5CN355v5kXRWT81CR,ipfs,,none,a2p-v1,artist artwork_id attributes bitmark_id collection_name creator description edition_index edition_number external_url image medium metadata_version name prev_provenance timestamp
0x3892f76ba32c77a1a04cb0bcd848d9472d859716,a2p-v1,1629520433902679856490813496348032377339742730804659262088584434777565393210,False,True,Study of Tempos: 100719 AP,,none,ipfs://QmYHY4CnEzyMpitmvKDkWSJEDguSCHzXFy3vEfBxbmqLbF,ipfs,ipfs://QmNtp43rXPgpXRK4KsTYwiBiUBHsbcdeDWo9o2tMahnLHQ,ipfs,a2p-v1,animation_url artist artwork_id attributes bitmark_id collection_name creator description edition_index edition_number external_url image medium metadata_version name prev_provenance timestamp
0x3892f76ba32c77a1a04cb0bcd848d9472d859716,a2p-v1,106506555979812447151177661604941495788807553014189969291369690687735234215085,False,True,Genetically Modified Gods : Artemis  AP,,none,ipfs://QmZjGLraQepgvwqLQUZSiAiXNKiJyXLLS7BCFPofRwn4Su,ipfs,,none,a2p-v1,artist artwork_id attributes bitmark_id collection_name creator description edition_index edition_number external_url image medium metadata_version name prev_provenance timestamp
0x3892f76ba32c77a1a04cb0bcd848d9472d859716,a2p-v1,99425259346415110660670433264069038916888983454417981511271408049103000330650,False,True,Kissing Butt 💋🍑 AP,,none,ipfs://Qmcerxp4JBkBdNQSsSLFi4LWGUU4JQYSugDTcitPNCVmei,ipfs,,none,a2p-v1,artist artwork_id attributes bitmark_id collection_name creator description edition_index edition_number external_url image medium metadata_version name prev_provenance timestamp
0x3892f76ba32c77a1a04cb0bcd848d9472d859716,a2p-v1,94448281864131732140807195242731246229699306152086113852090641298826382219953,False,True,Latent Images 1.1 #5,,none,ipfs://QmfGuiFeQFzJJv4KJnJ39oLQvshPnTEh1oboUaGEKkrSpw,ipfs,ipfs://Qmb9mY7uPwWdrACMMRPdUCp5JGhb2vRwGZvwNDtUfmzp7j,ipfs,a2p-v1,animation_url artist artwork_id attributes bitmark_id collection_name creator description edition_index edition_number external_url image medium metadata_version name prev_provenance timestamp
0x3892f76ba32c77a1a04cb0bcd848d9472d859716,a2p-v1,30037239612693984447538656678974117090855642885738858983649834166958412671346,False,True,Stop for Moving Aircraft AP,,none,ipfs://QmcYBXmLPusJAPrPJrFwMKjL1xEkMC4KozHvFhmAGzSnrM,ipfs,,none,a2p-v1,artist artwork_id attributes bitmark_id collection_name creator description edition_index edition_number external_url image medium metadata_version name prev_provenance timestamp
0x3892f76ba32c77a1a04cb0bcd848d9472d859716,a2p-v1,88254325757456253744078051296696776249415996329994521986077676998862761574431,False,True,"39.177434, -84.423081 #9",,none,ipfs://QmSwkUezjbXKLmzMUzAViHyyQP1p7467VV6m1BR2J6hhvW,ipfs,ipfs://QmaFc9NhwfhNTDgrjJig5JqEH9VWdjHHpzeCizRVPPA8Lf,ipfs,a2p-v1,animation_url artist artwork_id attributes bitmark_id collection_name creator description edition_index edition_number external_url image medium metadata_version name prev_provenance timestamp
0x3892f76ba32c77a1a04cb0bcd848d9472d859716,a2p-v1,106506555979812447151177661604941495788807553014189969291369690687735234215095,False,True,Genetically Modified Gods : Artemis  #10,,none,ipfs://QmZjGLraQepgvwqLQUZSiAiXNKiJyXLLS7BCFPofRwn4Su,ipfs,,none,a2p-v1,artist artwork_id attributes bitmark_id collection_name creator description edition_index edition_number external_url image medium metadata_version name prev_provenance timestamp
0x3892f76ba32c77a1a04cb0bcd848d9472d859716,a2p-v1,115385563223297419554448940460384211362322955980690121228415394252109760804877,False,True,probabiilty_possibility AP,,none,ipfs://QmStb5hJKLWLmocg8EcDXH2Nkw5eH2BKbZuhh5QjUAghfW,ipfs,,none,a2p-v1,artist artwork_id attributes bitmark_id collection_name creator description edition_index edition_number external_url image medium metadata_version name prev_provenance timestamp
0x3892f76ba32c77a1a04cb0bcd848d9472d859716,a2p-v1,88254325757456253744078051296696776249415996329994521986077676998862761574427,False,True,"39.177434, -84.423081 #5",,none,ipfs://QmSwkUezjbXKLmzMUzAViHyyQP1p7467VV6m1BR2J6hhvW,ipfs,ipfs://QmaFc9NhwfhNTDgrjJig5JqEH9VWdjHHpzeCizRVPPA8Lf,ipfs,a2p-v1,animation_url artist artwork_id attributes bitmark_id collection_name creator description edition_index edition_number external_url image medium metadata_version name prev_provenance timestamp
0x3892f76ba32c77a1a04cb0bcd848d9472d859716,a2p-v1,88254325757456253744078051296696776249415996329994521986077676998862761574426,False,True,"39.177434, -84.423081 #4",,none,ipfs://QmSwkUezjbXKLmzMUzAViHyyQP1p7467VV6m1BR2J6hhvW,ipfs,ipfs://QmaFc9NhwfhNTDgrjJig5JqEH9VWdjHHpzeCizRVPPA8Lf,ipfs,a2p-v1,animation_url artist artwork_id attributes bitmark_id collection_name creator description edition_index edition_number external_url image medium metadata_version name prev_provenance timestamp
0x3892f76ba32c77a1a04cb0bcd848d9472d859716,a2p-v1,81850826920772765410073180922531751984394760307458581711258629844824237882061,False,True,Passé #7,,none,ipfs://QmXrfvtmjQSySEq4yQ6fQ13r7tvarNmrTobaA7WU9Pn4Jo,ipfs,,none,a2p-v1,artist artwork_id attributes bitmark_id collection_name creator description edition_index edition_number external_url image medium metadata_version name prev_provenance timestamp
0x3892f76ba32c77a1a04cb0bcd848d9472d859716,a2p-v1,81850826920772765410073180922531751984394760307458581711258629844824237882057,False,True,Passé #3,,none,ipfs://QmXrfvtmjQSySEq4yQ6fQ13r7tvarNmrTobaA7WU9Pn4Jo,ipfs,,none,a2p-v1,artist artwork_id attributes bitmark_id collection_name creator description edition_index edition_number external_url image medium metadata_version name prev_provenance timestamp
0x3892f76ba32c77a1a04cb0bcd848d9472d859716,a2p-v1,106506555979812447151177661604941495788807553014189969291369690687735234215094,False,True,Genetically Modified Gods : Artemis  #9,,none,ipfs://QmZjGLraQepgvwqLQUZSiAiXNKiJyXLLS7BCFPofRwn4Su,ipfs,,none,a2p-v1,artist artwork_id attributes bitmark_id collection_name creator description edition_index edition_number external_url image medium metadata_version name prev_provenance timestamp
0x3892f76ba32c77a1a04cb0bcd848d9472d859716,a2p-v1,106506555979812447151177661604941495788807553014189969291369690687735234215092,False,True,Genetically Modified Gods : Artemis  #7,,none,ipfs://QmZjGLraQepgvwqLQUZSiAiXNKiJyXLLS7BCFPofRwn4Su,ipfs,,none,a2p-v1,artist artwork_id attributes bitmark_id collection_name creator description edition_index edition_number external_url image medium metadata_version name prev_provenance timestamp
0x3892f76ba32c77a1a04cb0bcd848d9472d859716,a2p-v1,81850826920772765410073180922531751984394760307458581711258629844824237882064,False,True,Passé #10,,none,ipfs://QmXrfvtmjQSySEq4yQ6fQ13r7tvarNmrTobaA7WU9Pn4Jo,ipfs,,none,a2p-v1,artist artwork_id attributes bitmark_id collection_name creator description edition_index edition_number external_url image medium metadata_version name prev_provenance timestamp
0x3892f76ba32c77a1a04cb0bcd848d9472d859716,a2p-v1,88254325757456253744078051296696776249415996329994521986077676998862761574430,False,True,"39.177434, -84.423081 #8",,none,ipfs://QmSwkUezjbXKLmzMUzAViHyyQP1p7467VV6m1BR2J6hhvW,ipfs,ipfs://QmaFc9NhwfhNTDgrjJig5JqEH9VWdjHHpzeCizRVPPA8Lf,ipfs,a2p-v1,animation_url artist artwork_id attributes bitmark_id collection_name creator description edition_index edition_number external_url image medium metadata_version name prev_provenance timestamp
0x3892f76ba32c77a1a04cb0bcd848d9472d859716,a2p-v1,81850826920772765410073180922531751984394760307458581711258629844824237882058,False,True,Passé #4,,none,ipfs://QmXrfvtmjQSySEq4yQ6fQ13r7tvarNmrTobaA7WU9Pn4Jo,ipfs,,none,a2p-v1,artist artwork_id attributes bitmark_id collection_name creator description edition_index edition_number external_url image medium metadata_version name prev_provenance timestamp
0x3892f76ba32c77a1a04cb0bcd848d9472d859716,a2p-v1,88254325757456253744078051296696776249415996329994521986077676998862761574423,False,True,"39.177434, -84.423081 #1",,none,ipfs://QmSwkUezjbXKLmzMUzAViHyyQP1p7467VV6m1BR2J6hhvW,ipfs,ipfs://QmaFc9NhwfhNTDgrjJig5JqEH9VWdjHHpzeCizRVPPA8Lf,ipfs,a2p-v1,animation_url artist artwork_id attributes bitmark_id collection_name creator description edition_index edition_number external_url image medium metadata_version name prev_provenance timestamp
0x3892f76ba32c77a1a04cb0bcd848d9472d859716,a2p-v1,81850826920772765410073180922531751984394760307458581711258629844824237882055,False,True,Passé #1,,none,ipfs://QmXrfvtmjQSySEq4yQ6fQ13r7tvarNmrTobaA7WU9Pn4Jo,ipfs,,none,a2p-v1,artist artwork_id attributes bitmark_id collection_name creator description edition_index edition_number external_url image medium metadata_version name prev_provenance timestamp
0x3892f76ba32c77a1a04cb0bcd848d9472d859716,a2p-v1,106506555979812447151177661604941495788807553014189969291369690687735234215086,False,True,Genetically Modified Gods : Artemis  #1,,none,ipfs://QmZjGLraQepgvwqLQUZSiAiXNKiJyXLLS7BCFPofRwn4Su,ipfs,,none,a2p-v1,artist artwork_id attributes bitmark_id collection_name creator description edition_index edition_number external_url image medium metadata_version name prev_provenance timestamp
0x3892f76ba32c77a1a04cb0bcd848d9472d859716,a2p-v1,99942035406726693313733699012939443770702792454137995936543810071306856839164,False,True,Blue Wave #5,,none,ipfs://QmWkSTh1oKr2quE8HdytUiQPWz2MFMhAS8tGymMh6DrjED,ipfs,ipfs://QmXikHMXWAeWvQthL82oppVBBPvktWzxAtGDME4Kp5BHPU,ipfs,a2p-v1,animation_url artist artwork_id attributes bitmark_id collection_name creator description edition_index edition_number external_url image medium metadata_version name prev_provenance timestamp
0x3892f76ba32c77a1a04cb0bcd848d9472d859716,a2p-v1,99425259346415110660670433264069038916888983454417981511271408049103000330651,False,True,Kissing Butt 💋🍑 #1,,none,ipfs://Qmcerxp4JBkBdNQSsSLFi4LWGUU4JQYSugDTcitPNCVmei,ipfs,,none,a2p-v1,artist artwork_id attributes bitmark_id collection_name creator description edition_index edition_number external_url image medium metadata_version name prev_provenance timestamp
0x3892f76ba32c77a1a04cb0bcd848d9472d859716,a2p-v1,479204264164548163054285974647700687667406271282053863069265319604910149947,False,True,Gas on Water #9,,none,ipfs://QmUmr5bTxbpcXSKW8xfageEUdkFBuvv6ASkB8Usqmt1ktJ,ipfs,,none,a2p-v1,artist artwork_id attributes bitmark_id collection_name creator description edition_index edition_number external_url image medium metadata_version name prev_provenance timestamp
0x3892f76ba32c77a1a04cb0bcd848d9472d859716,a2p-v1,99942035406726693313733699012939443770702792454137995936543810071306856839169,False,True,Blue Wave #10,,none,ipfs://QmWkSTh1oKr2quE8HdytUiQPWz2MFMhAS8tGymMh6DrjED,ipfs,ipfs://QmXikHMXWAeWvQthL82oppVBBPvktWzxAtGDME4Kp5BHPU,ipfs,a2p-v1,animation_url artist artwork_id attributes bitmark_id collection_name creator description edition_index edition_number external_url image medium metadata_version name prev_provenance timestamp
0x3892f76ba32c77a1a04cb0bcd848d9472d859716,a2p-v1,99942035406726693313733699012939443770702792454137995936543810071306856839166,False,True,Blue Wave #7,,none,ipfs://QmWkSTh1oKr2quE8HdytUiQPWz2MFMhAS8tGymMh6DrjED,ipfs,ipfs://QmXikHMXWAeWvQthL82oppVBBPvktWzxAtGDME4Kp5BHPU,ipfs,a2p-v1,animation_url artist artwork_id attributes bitmark_id collection_name creator description edition_index edition_number external_url image medium metadata_version name prev_provenance timestamp
0x3892f76ba32c77a1a04cb0bcd848d9472d859716,a2p-v1,479204264164548163054285974647700687667406271282053863069265319604910149944,False,True,Gas on Water #6,,none,ipfs://QmUmr5bTxbpcXSKW8xfageEUdkFBuvv6ASkB8Usqmt1ktJ,ipfs,,none,a2p-v1,artist artwork_id attributes bitmark_id collection_name creator description edition_index edition_number external_url image medium metadata_version name prev_provenance timestamp
0x3892f76ba32c77a1a04cb0bcd848d9472d859716,a2p-v1,99942035406726693313733699012939443770702792454137995936543810071306856839168,False,True,Blue Wave #9,,none,ipfs://QmWkSTh1oKr2quE8HdytUiQPWz2MFMhAS8tGymMh6DrjED,ipfs,ipfs://QmXikHMXWAeWvQthL82oppVBBPvktWzxAtGDME4Kp5BHPU,ipfs,a2p-v1,animation_url artist artwork_id attributes bitmark_id collection_name creator description edition_index edition_number external_url image medium metadata_version name prev_provenance timestamp
0x3892f76ba32c77a1a04cb0bcd848d9472d859716,a2p-v1,479204264164548163054285974647700687667406271282053863069265319604910149946,False,True,Gas on Water #8,,none,ipfs://QmUmr5bTxbpcXSKW8xfageEUdkFBuvv6ASkB8Usqmt1ktJ,ipfs,,none,a2p-v1,artist artwork_id attributes bitmark_id collection_name creator description edition_index edition_number external_url image medium metadata_version name prev_provenance timestamp
0x3892f76ba32c77a1a04cb0bcd848d9472d859716,a2p-v1,1629520433902679856490813496348032377339742730804659262088584434777565393220,False,True,Study of Tempos: 100719 #10,,none,ipfs://QmYHY4CnEzyMpitmvKDkWSJEDguSCHzXFy3vEfBxbmqLbF,ipfs,ipfs://QmNtp43rXPgpXRK4KsTYwiBiUBHsbcdeDWo9o2tMahnLHQ,ipfs,a2p-v1,animation_url artist artwork_id attributes bitmark_id collection_name creator description edition_index edition_number external_url image medium metadata_version name prev_provenance timestamp
0x3892f76ba32c77a1a04cb0bcd848d9472d859716,a2p-v1,94448281864131732140807195242731246229699306152086113852090641298826382219957,False,True,Latent Images 1.1 #9,,none,ipfs://QmfGuiFeQFzJJv4KJnJ39oLQvshPnTEh1oboUaGEKkrSpw,ipfs,ipfs://Qmb9mY7uPwWdrACMMRPdUCp5JGhb2vRwGZvwNDtUfmzp7j,ipfs,a2p-v1,animation_url artist artwork_id attributes bitmark_id collection_name creator description edition_index edition_number external_url image medium metadata_version name prev_provenance timestamp
0x3892f76ba32c77a1a04cb0bcd848d9472d859716,a2p-v1,61290279413051215103140349609225743144899370153480524326005415414721352287633,False,True,http://fields.seedsunderground.net AP,,none,ipfs://QmPbGrynuG2iDGtpzUoSxE8JMS9i6HGcRBfNKiVVLKv8np,ipfs,ipfs://QmdDBaQhqDzawCyRRBfV1ghZvP2V6KVnuSZSYYCvZ5ERuj,ipfs,a2p-v1,animation_url artist artwork_id attributes bitmark_id collection_name creator description edition_index edition_number external_url image medium metadata_version name prev_provenance timestamp
0x3892f76ba32c77a1a04cb0bcd848d9472d859716,a2p-v1,1629520433902679856490813496348032377339742730804659262088584434777565393216,False,True,Study of Tempos: 100719 #6,,none,ipfs://QmYHY4CnEzyMpitmvKDkWSJEDguSCHzXFy3vEfBxbmqLbF,ipfs,ipfs://QmNtp43rXPgpXRK4KsTYwiBiUBHsbcdeDWo9o2tMahnLHQ,ipfs,a2p-v1,animation_url artist artwork_id attributes bitmark_id collection_name creator description edition_index edition_number external_url image medium metadata_version name prev_provenance timestamp
0x3892f76ba32c77a1a04cb0bcd848d9472d859716,a2p-v1,104780020402215326658783888677640587949919086593427284436913941348771081238825,False,True,Innards #5,,none,ipfs://QmdZpKBNdZmTu15n3ieMWTb9FLYfBQeDkxwz4pKJhBirbH,ipfs,,none,a2p-v1,artist artwork_id attributes bitmark_id collection_name creator description edition_index edition_number external_url image medium metadata_version name prev_provenance timestamp
0x3892f76ba32c77a1a04cb0bcd848d9472d859716,a2p-v1,54510307965867463704269316215510842086219179629178882708478080982441954378801,False,True,We Might Be the Last Generation #10,,none,ipfs://QmcHqiRVXddVVc1H6jjDWFsKU47uwFtELV6fQuFFDepi6i,ipfs,,none,a2p-v1,artist artwork_id attributes bitmark_id collection_name creator description edition_index edition_number external_url image medium metadata_version name prev_provenance timestamp
0x3892f76ba32c77a1a04cb0bcd848d9472d859716,a2p-v1,115385563223297419554448940460384211362322955980690121228415394252109760804878,False,True,probabiilty_possibility #1,,none,ipfs://QmStb5hJKLWLmocg8EcDXH2Nkw5eH2BKbZuhh5QjUAghfW,ipfs,,none,a2p-v1,artist artwork_id attributes bitmark_id collection_name creator description edition_index edition_number external_url image medium metadata_version name prev_provenance timestamp
0x3892f76ba32c77a1a04cb0bcd848d9472d859716,a2p-v1,54510307965867463704269316215510842086219179629178882708478080982441954378798,False,True,We Might Be the Last Generation #7,,none,ipfs://QmcHqiRVXddVVc1H6jjDWFsKU47uwFtELV6fQuFFDepi6i,ipfs,,none,a2p-v1,artist artwork_id attributes bitmark_id collection_name creator description edition_index edition_number external_url image medium metadata_version name prev_provenance timestamp
0x3892f76ba32c77a1a04cb0bcd848d9472d859716,a2p-v1,104780020402215326658783888677640587949919086593427284436913941348771081238824,False,True,Innards #4,,none,ipfs://QmdZpKBNdZmTu15n3ieMWTb9FLYfBQeDkxwz4pKJhBirbH,ipfs,,none,a2p-v1,artist artwork_id attributes bitmark_id collection_name creator description edition_index edition_number external_url image medium metadata_version name prev_provenance timestamp
0x3892f76ba32c77a1a04cb0bcd848d9472d859716,a2p-v1,61290279413051215103140349609225743144899370153480524326005415414721352287634,False,True,http://fields.seedsunderground.net #1,,none,ipfs://QmPbGrynuG2iDGtpzUoSxE8JMS9i6HGcRBfNKiVVLKv8np,ipfs,ipfs://QmdDBaQhqDzawCyRRBfV1ghZvP2V6KVnuSZSYYCvZ5ERuj,ipfs,a2p-v1,animation_url artist artwork_id attributes bitmark_id collection_name creator description edition_index edition_number external_url image medium metadata_version name prev_provenance timestamp
0x3892f76ba32c77a1a04cb0bcd848d9472d859716,a2p-v1,1629520433902679856490813496348032377339742730804659262088584434777565393212,False,True,Study of Tempos: 100719 #2,,none,ipfs://QmYHY4CnEzyMpitmvKDkWSJEDguSCHzXFy3vEfBxbmqLbF,ipfs,ipfs://QmNtp43rXPgpXRK4KsTYwiBiUBHsbcdeDWo9o2tMahnLHQ,ipfs,a2p-v1,animation_url artist artwork_id attributes bitmark_id collection_name creator description edition_index edition_number external_url image medium metadata_version name prev_provenance timestamp
0x3892f76ba32c77a1a04cb0bcd848d9472d859716,a2p-v1,61290279413051215103140349609225743144899370153480524326005415414721352287635,False,True,http://fields.seedsunderground.net #2,,none,ipfs://QmPbGrynuG2iDGtpzUoSxE8JMS9i6HGcRBfNKiVVLKv8np,ipfs,ipfs://QmdDBaQhqDzawCyRRBfV1ghZvP2V6KVnuSZSYYCvZ5ERuj,ipfs,a2p-v1,animation_url artist artwork_id attributes bitmark_id collection_name creator description edition_index edition_number external_url image medium metadata_version name prev_provenance timestamp
0x3892f76ba32c77a1a04cb0bcd848d9472d859716,a2p-v1,104780020402215326658783888677640587949919086593427284436913941348771081238822,False,True,Innards #2,,none,ipfs://QmdZpKBNdZmTu15n3ieMWTb9FLYfBQeDkxwz4pKJhBirbH,ipfs,,none,a2p-v1,artist artwork_id attributes bitmark_id collection_name creator description edition_index edition_number external_url image medium metadata_version name prev_provenance timestamp
0x3892f76ba32c77a1a04cb0bcd848d9472d859716,a2p-v1,1629520433902679856490813496348032377339742730804659262088584434777565393219,False,True,Study of Tempos: 100719 #9,,none,ipfs://QmYHY4CnEzyMpitmvKDkWSJEDguSCHzXFy3vEfBxbmqLbF,ipfs,ipfs://QmNtp43rXPgpXRK4KsTYwiBiUBHsbcdeDWo9o2tMahnLHQ,ipfs,a2p-v1,animation_url artist artwork_id attributes bitmark_id collection_name creator description edition_index edition_number external_url image medium metadata_version name prev_provenance timestamp
0x3892f76ba32c77a1a04cb0bcd848d9472d859716,a2p-v1,30037239612693984447538656678974117090855642885738858983649834166958412671356,False,True,Stop for Moving Aircraft #10,,none,ipfs://QmcYBXmLPusJAPrPJrFwMKjL1xEkMC4KozHvFhmAGzSnrM,ipfs,,none,a2p-v1,artist artwork_id attributes bitmark_id collection_name creator description edition_index edition_number external_url image medium metadata_version name prev_provenance timestamp
0x3892f76ba32c77a1a04cb0bcd848d9472d859716,a2p-v1,30037239612693984447538656678974117090855642885738858983649834166958412671355,False,True,Stop for Moving Aircraft #9,,none,ipfs://QmcYBXmLPusJAPrPJrFwMKjL1xEkMC4KozHvFhmAGzSnrM,ipfs,,none,a2p-v1,artist artwork_id attributes bitmark_id collection_name creator description edition_index edition_number external_url image medium metadata_version name prev_provenance timestamp
0x3892f76ba32c77a1a04cb0bcd848d9472d859716,a2p-v1,115385563223297419554448940460384211362322955980690121228415394252109760804879,False,True,probabiilty_possibility #2,,none,ipfs://QmStb5hJKLWLmocg8EcDXH2Nkw5eH2BKbZuhh5QjUAghfW,ipfs,,none,a2p-v1,artist artwork_id attributes bitmark_id collection_name creator description edition_index edition_number external_url image medium metadata_version name prev_provenance timestamp
0x3892f76ba32c77a1a04cb0bcd848d9472d859716,a2p-v1,54510307965867463704269316215510842086219179629178882708478080982441954378796,False,True,We Might Be the Last Generation #5,,none,ipfs://QmcHqiRVXddVVc1H6jjDWFsKU47uwFtELV6fQuFFDepi6i,ipfs,,none,a2p-v1,artist artwork_id attributes bitmark_id collection_name creator description edition_index edition_number external_url image medium metadata_version name prev_provenance timestamp
0x3892f76ba32c77a1a04cb0bcd848d9472d859716,a2p-v1,115385563223297419554448940460384211362322955980690121228415394252109760804880,False,True,probabiilty_possibility #3,,none,ipfs://QmStb5hJKLWLmocg8EcDXH2Nkw5eH2BKbZuhh5QjUAghfW,ipfs,,none,a2p-v1,artist artwork_id attributes bitmark_id collection_name creator description edition_index edition_number external_url image medium metadata_version name prev_provenance timestamp
0x3892f76ba32c77a1a04cb0bcd848d9472d859716,a2p-v1,1629520433902679856490813496348032377339742730804659262088584434777565393218,False,True,Study of Tempos: 100719 #8,,none,ipfs://QmYHY4CnEzyMpitmvKDkWSJEDguSCHzXFy3vEfBxbmqLbF,ipfs,ipfs://QmNtp43rXPgpXRK4KsTYwiBiUBHsbcdeDWo9o2tMahnLHQ,ipfs,a2p-v1,animation_url artist artwork_id attributes bitmark_id collection_name creator description edition_index edition_number external_url image medium metadata_version name prev_provenance timestamp
0x3892f76ba32c77a1a04cb0bcd848d9472d859716,a2p-v1,99425259346415110660670433264069038916888983454417981511271408049103000330658,False,True,Kissing Butt 💋🍑 #8,,none,ipfs://Qmcerxp4JBkBdNQSsSLFi4LWGUU4JQYSugDTcitPNCVmei,ipfs,,none,a2p-v1,artist artwork_id attributes bitmark_id collection_name creator description edition_index edition_number external_url image medium metadata_version name prev_provenance timestamp
0x3892f76ba32c77a1a04cb0bcd848d9472d859716,a2p-v1,30037239612693984447538656678974117090855642885738858983649834166958412671354,False,True,Stop for Moving Aircraft #8,,none,ipfs://QmcYBXmLPusJAPrPJrFwMKjL1xEkMC4KozHvFhmAGzSnrM,ipfs,,none,a2p-v1,artist artwork_id attributes bitmark_id collection_name creator description edition_index edition_number external_url image medium metadata_version name prev_provenance timestamp
0x3892f76ba32c77a1a04cb0bcd848d9472d859716,a2p-v1,54510307965867463704269316215510842086219179629178882708478080982441954378799,False,True,We Might Be the Last Generation #8,,none,ipfs://QmcHqiRVXddVVc1H6jjDWFsKU47uwFtELV6fQuFFDepi6i,ipfs,,none,a2p-v1,artist artwork_id attributes bitmark_id collection_name creator description edition_index edition_number external_url image medium metadata_version name prev_provenance timestamp
0x3892f76ba32c77a1a04cb0bcd848d9472d859716,a2p-v1,99425259346415110660670433264069038916888983454417981511271408049103000330659,False,True,Kissing Butt 💋🍑 #9,,none,ipfs://Qmcerxp4JBkBdNQSsSLFi4LWGUU4JQYSugDTcitPNCVmei,ipfs,,none,a2p-v1,artist artwork_id attributes bitmark_id collection_name creator description edition_index edition_number external_url image medium metadata_version name prev_provenance timestamp
0x3892f76ba32c77a1a04cb0bcd848d9472d859716,a2p-v1,99425259346415110660670433264069038916888983454417981511271408049103000330660,False,True,Kissing Butt 💋🍑 #10,,none,ipfs://Qmcerxp4JBkBdNQSsSLFi4LWGUU4JQYSugDTcitPNCVmei,ipfs,,none,a2p-v1,artist artwork_id attributes bitmark_id collection_name creator description edition_index edition_number external_url image medium metadata_version name prev_provenance timestamp
0x3892f76ba32c77a1a04cb0bcd848d9472d859716,a2p-v1,99425259346415110660670433264069038916888983454417981511271408049103000330655,False,True,Kissing Butt 💋🍑 #5,,none,ipfs://Qmcerxp4JBkBdNQSsSLFi4LWGUU4JQYSugDTcitPNCVmei,ipfs,,none,a2p-v1,artist artwork_id attributes bitmark_id collection_name creator description edition_index edition_number external_url image medium metadata_version name prev_provenance timestamp
0x3892f76ba32c77a1a04cb0bcd848d9472d859716,a2p-v1,54510307965867463704269316215510842086219179629178882708478080982441954378800,False,True,We Might Be the Last Generation #9,,none,ipfs://QmcHqiRVXddVVc1H6jjDWFsKU47uwFtELV6fQuFFDepi6i,ipfs,,none,a2p-v1,artist artwork_id attributes bitmark_id collection_name creator description edition_index edition_number external_url image medium metadata_version name prev_provenance timestamp
0x3892f76ba32c77a1a04cb0bcd848d9472d859716,a2p-v1,1629520433902679856490813496348032377339742730804659262088584434777565393213,False,True,Study of Tempos: 100719 #3,,none,ipfs://QmYHY4CnEzyMpitmvKDkWSJEDguSCHzXFy3vEfBxbmqLbF,ipfs,ipfs://QmNtp43rXPgpXRK4KsTYwiBiUBHsbcdeDWo9o2tMahnLHQ,ipfs,a2p-v1,animation_url artist artwork_id attributes bitmark_id collection_name creator description edition_index edition_number external_url image medium metadata_version name prev_provenance timestamp
0x3892f76ba32c77a1a04cb0bcd848d9472d859716,a2p-v1,1629520433902679856490813496348032377339742730804659262088584434777565393214,False,True,Study of Tempos: 100719 #4,,none,ipfs://QmYHY4CnEzyMpitmvKDkWSJEDguSCHzXFy3vEfBxbmqLbF,ipfs,ipfs://QmNtp43rXPgpXRK4KsTYwiBiUBHsbcdeDWo9o2tMahnLHQ,ipfs,a2p-v1,animation_url artist artwork_id attributes bitmark_id collection_name creator description edition_index edition_number external_url image medium metadata_version name prev_provenance timestamp
0x3892f76ba32c77a1a04cb0bcd848d9472d859716,a2p-v1,104780020402215326658783888677640587949919086593427284436913941348771081238826,False,True,Innards #6,,none,ipfs://QmdZpKBNdZmTu15n3ieMWTb9FLYfBQeDkxwz4pKJhBirbH,ipfs,,none,a2p-v1,artist artwork_id attributes bitmark_id collection_name creator description edition_index edition_number external_url image medium metadata_version name prev_provenance timestamp
0x3892f76ba32c77a1a04cb0bcd848d9472d859716,a2p-v1,39832707741741658249648333051879371727174779122217942523026997787382701778815,False,True,"Acapulco,palmas #7",,none,ipfs://QmeAtDwSicE8up8nubeR6r9Z3y5JSiqGhB5u7myh75DsLq,ipfs,ipfs://QmaJ6HRNNNkC4utVqDDzEdL3LS99Zq18Ee7NXkqAnvbo28,ipfs,a2p-v1,animation_url artist artwork_id attributes bitmark_id collection_name creator description edition_index edition_number external_url image medium metadata_version name prev_provenance timestamp
0x3892f76ba32c77a1a04cb0bcd848d9472d859716,a2p-v1,39832707741741658249648333051879371727174779122217942523026997787382701778816,False,True,"Acapulco,palmas #8",,none,ipfs://QmeAtDwSicE8up8nubeR6r9Z3y5JSiqGhB5u7myh75DsLq,ipfs,ipfs://QmaJ6HRNNNkC4utVqDDzEdL3LS99Zq18Ee7NXkqAnvbo28,ipfs,a2p-v1,animation_url artist artwork_id attributes bitmark_id collection_name creator description edition_index edition_number external_url image medium metadata_version name prev_provenance timestamp
0x3892f76ba32c77a1a04cb0bcd848d9472d859716,a2p-v1,39832707741741658249648333051879371727174779122217942523026997787382701778808,False,True,"Acapulco,palmas AP",,none,ipfs://QmeAtDwSicE8up8nubeR6r9Z3y5JSiqGhB5u7myh75DsLq,ipfs,ipfs://QmaJ6HRNNNkC4utVqDDzEdL3LS99Zq18Ee7NXkqAnvbo28,ipfs,a2p-v1,animation_url artist artwork_id attributes bitmark_id collection_name creator description edition_index edition_number external_url image medium metadata_version name prev_provenance timestamp
0x3892f76ba32c77a1a04cb0bcd848d9472d859716,a2p-v1,39832707741741658249648333051879371727174779122217942523026997787382701778809,False,True,"Acapulco,palmas #1",,none,ipfs://QmeAtDwSicE8up8nubeR6r9Z3y5JSiqGhB5u7myh75DsLq,ipfs,ipfs://QmaJ6HRNNNkC4utVqDDzEdL3LS99Zq18Ee7NXkqAnvbo28,ipfs,a2p-v1,animation_url artist artwork_id attributes bitmark_id collection_name creator description edition_index edition_number external_url image medium metadata_version name prev_provenance timestamp
0x3892f76ba32c77a1a04cb0bcd848d9472d859716,a2p-v1,39832707741741658249648333051879371727174779122217942523026997787382701778812,False,True,"Acapulco,palmas #4",,none,ipfs://QmeAtDwSicE8up8nubeR6r9Z3y5JSiqGhB5u7myh75DsLq,ipfs,ipfs://QmaJ6HRNNNkC4utVqDDzEdL3LS99Zq18Ee7NXkqAnvbo28,ipfs,a2p-v1,animation_url artist artwork_id attributes bitmark_id collection_name creator description edition_index edition_number external_url image medium metadata_version name prev_provenance timestamp
0x3892f76ba32c77a1a04cb0bcd848d9472d859716,a2p-v1,39832707741741658249648333051879371727174779122217942523026997787382701778814,False,True,"Acapulco,palmas #6",,none,ipfs://QmeAtDwSicE8up8nubeR6r9Z3y5JSiqGhB5u7myh75DsLq,ipfs,ipfs://QmaJ6HRNNNkC4utVqDDzEdL3LS99Zq18Ee7NXkqAnvbo28,ipfs,a2p-v1,animation_url artist artwork_id attributes bitmark_id collection_name creator description edition_index edition_number external_url image medium metadata_version name prev_provenance timestamp
0x3892f76ba32c77a1a04cb0bcd848d9472d859716,a2p-v1,39832707741741658249648333051879371727174779122217942523026997787382701778811,False,True,"Acapulco,palmas #3",,none,ipfs://QmeAtDwSicE8up8nubeR6r9Z3y5JSiqGhB5u7myh75DsLq,ipfs,ipfs://QmaJ6HRNNNkC4utVqDDzEdL3LS99Zq18Ee7NXkqAnvbo28,ipfs,a2p-v1,animation_url artist artwork_id attributes bitmark_id collection_name creator description edition_index edition_number external_url image medium metadata_version name prev_provenance timestamp
0x3892f76ba32c77a1a04cb0bcd848d9472d859716,a2p-v1,28921715010602832332451230267687789545372479132869853231520035246092325687608,False,True,ARt (Growth Model) #8,,none,ipfs://Qma5ZPWBgs6c7LiGFHFbeLaTEDdiSWjnk2hcE4WxrXRmMd,ipfs,,none,a2p-v1,artist artwork_id attributes bitmark_id collection_name creator description edition_index edition_number external_url image medium metadata_version name prev_provenance timestamp
0x3892f76ba32c77a1a04cb0bcd848d9472d859716,a2p-v1,51394098057089318601166626541107317549974766743816782252791618364241306305681,False,True,upstairs on the left #1,,none,ipfs://QmcRcgwMjcQcH9rzt7j8Vu1qrGuj39at244FHWv7YSFJHC,ipfs,ipfs://QmUvmKjhZ4kxV7pAWpNSM3FBQ9ZsqcHWNY2dgPcYtNoq26,ipfs,a2p-v1,animation_url artist artwork_id attributes bitmark_id collection_name creator description edition_index edition_number external_url image medium metadata_version name prev_provenance timestamp
0x3892f76ba32c77a1a04cb0bcd848d9472d859716,a2p-v1,28921715010602832332451230267687789545372479132869853231520035246092325687600,False,True,ARt (Growth Model) AP,,none,ipfs://Qma5ZPWBgs6c7LiGFHFbeLaTEDdiSWjnk2hcE4WxrXRmMd,ipfs,,none,a2p-v1,artist artwork_id attributes bitmark_id collection_name creator description edition_index edition_number external_url image medium metadata_version name prev_provenance timestamp
0x3892f76ba32c77a1a04cb0bcd848d9472d859716,a2p-v1,51394098057089318601166626541107317549974766743816782252791618364241306305690,False,True,upstairs on the left #10,,none,ipfs://QmcRcgwMjcQcH9rzt7j8Vu1qrGuj39at244FHWv7YSFJHC,ipfs,ipfs://QmUvmKjhZ4kxV7pAWpNSM3FBQ9ZsqcHWNY2dgPcYtNoq26,ipfs,a2p-v1,animation_url artist artwork_id attributes bitmark_id collection_name creator description edition_index edition_number external_url image medium metadata_version name prev_provenance timestamp
0x3892f76ba32c77a1a04cb0bcd848d9472d859716,a2p-v1,28921715010602832332451230267687789545372479132869853231520035246092325687602,False,True,ARt (Growth Model) #2,,none,ipfs://Qma5ZPWBgs6c7LiGFHFbeLaTEDdiSWjnk2hcE4WxrXRmMd,ipfs,,none,a2p-v1,artist artwork_id attributes bitmark_id collection_name creator description edition_index edition_number external_url image medium metadata_version name prev_provenance timestamp
0x3892f76ba32c77a1a04cb0bcd848d9472d859716,a2p-v1,39832707741741658249648333051879371727174779122217942523026997787382701778818,False,True,"Acapulco,palmas #10",,none,ipfs://QmeAtDwSicE8up8nubeR6r9Z3y5JSiqGhB5u7myh75DsLq,ipfs,ipfs://QmaJ6HRNNNkC4utVqDDzEdL3LS99Zq18Ee7NXkqAnvbo28,ipfs,a2p-v1,animation_url artist artwork_id attributes bitmark_id collection_name creator description edition_index edition_number external_url image medium metadata_version name prev_provenance timestamp
0x3892f76ba32c77a1a04cb0bcd848d9472d859716,a2p-v1,36655034265919461069793761731602108526049373605887911920838255985583493150413,False,True,"Seatbelts: YouTubers Vlogging in Their Cars, Generated by Robot #1",,none,ipfs://QmQNN5pMK3ja3eqcDxua99fZGzxPHqkBeucRa3TVcKH6py,ipfs,,none,a2p-v1,artist artwork_id attributes bitmark_id collection_name creator description edition_index edition_number external_url image medium metadata_version name prev_provenance timestamp
0x3892f76ba32c77a1a04cb0bcd848d9472d859716,a2p-v1,56178714775990541447735501756591011494144861117337773227071950225179253413063,False,True,Bitcoin Sign #7,,none,ipfs://QmPEjcKKaRNCWGHLRqhcMKg4w7CFz7FNiHdkWWQhGPj1PH,ipfs,,none,a2p-v1,artist artwork_id attributes bitmark_id collection_name creator description edition_index edition_number external_url image medium metadata_version name prev_provenance timestamp
0x3892f76ba32c77a1a04cb0bcd848d9472d859716,a2p-v1,56178714775990541447735501756591011494144861117337773227071950225179253413061,False,True,Bitcoin Sign #5,,none,ipfs://QmPEjcKKaRNCWGHLRqhcMKg4w7CFz7FNiHdkWWQhGPj1PH,ipfs,,none,a2p-v1,artist artwork_id attributes bitmark_id collection_name creator description edition_index edition_number external_url image medium metadata_version name prev_provenance timestamp
0x3892f76ba32c77a1a04cb0bcd848d9472d859716,a2p-v1,36655034265919461069793761731602108526049373605887911920838255985583493150414,False,True,"Seatbelts: YouTubers Vlogging in Their Cars, Generated by Robot #2",,none,ipfs://QmQNN5pMK3ja3eqcDxua99fZGzxPHqkBeucRa3TVcKH6py,ipfs,,none,a2p-v1,artist artwork_id attributes bitmark_id collection_name creator description edition_index edition_number external_url image medium metadata_version name prev_provenance timestamp
0x3892f76ba32c77a1a04cb0bcd848d9472d859716,a2p-v1,86158236941504766189374818588886949996890746673513974920815838614327464300780,False,True,Bug log 2 #6,,none,ipfs://QmWjrepkfWHDU7r66BS972XPEH6uncUpqihzGTS1MGkMs2,ipfs,ipfs://QmWic1ygwUbMAEi4AXb3AoWtfqQTUifasewZeWMNhmt6m3,ipfs,a2p-v1,animation_url artist artwork_id attributes bitmark_id collection_name creator description edition_index edition_number external_url image medium metadata_version name prev_provenance timestamp
0x3892f76ba32c77a1a04cb0bcd848d9472d859716,a2p-v1,28921715010602832332451230267687789545372479132869853231520035246092325687610,False,True,ARt (Growth Model) #10,,none,ipfs://Qma5ZPWBgs6c7LiGFHFbeLaTEDdiSWjnk2hcE4WxrXRmMd,ipfs,,none,a2p-v1,artist artwork_id attributes bitmark_id collection_name creator description edition_index edition_number external_url image medium metadata_version name prev_provenance timestamp
0x3892f76ba32c77a1a04cb0bcd848d9472d859716,a2p-v1,97915119531341440032092316269615473647195207751147576945334569969505176783380,False,True,sext AP,,none,ipfs://QmP8bYgCeMhEMz6F6tnJ7T42NZrmXifJCaSXPN9nUqRUQ9,ipfs,,none,a2p-v1,artist artwork_id attributes bitmark_id collection_name creator description edition_index edition_number external_url image medium metadata_version name prev_provenance timestamp
0x3892f76ba32c77a1a04cb0bcd848d9472d859716,a2p-v1,45229485026112490396824814615878420021800267524536437922094859084106010470175,False,True,Let us know if yr free #6,,none,ipfs://QmZnrNXKsoy2vMATjJ3j6H4KGA81xNJgxrwL7NhTc4KHTy,ipfs,ipfs://QmXUdZ4vwWPQV1q1BjVWgiqnnTUhrLMwEgEYegN4paYQjr,ipfs,a2p-v1,animation_url artist artwork_id attributes bitmark_id collection_name creator description edition_index edition_number external_url image medium metadata_version name prev_provenance timestamp
0x3892f76ba32c77a1a04cb0bcd848d9472d859716,a2p-v1,36655034265919461069793761731602108526049373605887911920838255985583493150416,False,True,"Seatbelts: YouTubers Vlogging in Their Cars, Generated by Robot #4",,none,ipfs://QmQNN5pMK3ja3eqcDxua99fZGzxPHqkBeucRa3TVcKH6py,ipfs,,none,a2p-v1,artist artwork_id attributes bitmark_id collection_name creator description edition_index edition_number external_url image medium metadata_version name prev_provenance timestamp
0x3892f76ba32c77a1a04cb0bcd848d9472d859716,a2p-v1,56178714775990541447735501756591011494144861117337773227071950225179253413065,False,True,Bitcoin Sign #9,,none,ipfs://QmPEjcKKaRNCWGHLRqhcMKg4w7CFz7FNiHdkWWQhGPj1PH,ipfs,,none,a2p-v1,artist artwork_id attributes bitmark_id collection_name creator description edition_index edition_number external_url image medium metadata_version name prev_provenance timestamp
0x3892f76ba32c77a1a04cb0bcd848d9472d859716,a2p-v1,56178714775990541447735501756591011494144861117337773227071950225179253413058,False,True,Bitcoin Sign #2,,none,ipfs://QmPEjcKKaRNCWGHLRqhcMKg4w7CFz7FNiHdkWWQhGPj1PH,ipfs,,none,a2p-v1,artist artwork_id attributes bitmark_id collection_name creator description edition_index edition_number external_url image medium metadata_version name prev_provenance timestamp
0x3892f76ba32c77a1a04cb0bcd848d9472d859716,a2p-v1,56178714775990541447735501756591011494144861117337773227071950225179253413062,False,True,Bitcoin Sign #6,,none,ipfs://QmPEjcKKaRNCWGHLRqhcMKg4w7CFz7FNiHdkWWQhGPj1PH,ipfs,,none,a2p-v1,artist artwork_id attributes bitmark_id collection_name creator description edition_index edition_number external_url image medium metadata_version name prev_provenance timestamp
0x3892f76ba32c77a1a04cb0bcd848d9472d859716,a2p-v1,65521414995630452565881184777448860802145540075367502155289181078887715351291,False,True,Quantified Self Portrait (Blind Spot)  AP,,none,ipfs://QmRnBU13nvJWf9Cy77QV3iYGYp3cmC7rXqjDBxAM5duiBb,ipfs,ipfs://Qmf6a6QDSfYwEo3br6Br1Eqj753SR21vBkcHYCgu8YxaNe,ipfs,a2p-v1,animation_url artist artwork_id attributes bitmark_id collection_name creator description edition_index edition_number external_url image medium metadata_version name prev_provenance timestamp
0x3892f76ba32c77a1a04cb0bcd848d9472d859716,a2p-v1,65521414995630452565881184777448860802145540075367502155289181078887715351295,False,True,Quantified Self Portrait (Blind Spot)  #4,,none,ipfs://QmRnBU13nvJWf9Cy77QV3iYGYp3cmC7rXqjDBxAM5duiBb,ipfs,ipfs://Qmf6a6QDSfYwEo3br6Br1Eqj753SR21vBkcHYCgu8YxaNe,ipfs,a2p-v1,animation_url artist artwork_id attributes bitmark_id collection_name creator description edition_index edition_number external_url image medium metadata_version name prev_provenance timestamp
0x3892f76ba32c77a1a04cb0bcd848d9472d859716,a2p-v1,65521414995630452565881184777448860802145540075367502155289181078887715351294,False,True,Quantified Self Portrait (Blind Spot)  #3,,none,ipfs://QmRnBU13nvJWf9Cy77QV3iYGYp3cmC7rXqjDBxAM5duiBb,ipfs,ipfs://Qmf6a6QDSfYwEo3br6Br1Eqj753SR21vBkcHYCgu8YxaNe,ipfs,a2p-v1,animation_url artist artwork_id attributes bitmark_id collection_name creator description edition_index edition_number external_url image medium metadata_version name prev_provenance timestamp
0x3892f76ba32c77a1a04cb0bcd848d9472d859716,a2p-v1,65521414995630452565881184777448860802145540075367502155289181078887715351293,False,True,Quantified Self Portrait (Blind Spot)  #2,,none,ipfs://QmRnBU13nvJWf9Cy77QV3iYGYp3cmC7rXqjDBxAM5duiBb,ipfs,ipfs://Qmf6a6QDSfYwEo3br6Br1Eqj753SR21vBkcHYCgu8YxaNe,ipfs,a2p-v1,animation_url artist artwork_id attributes bitmark_id collection_name creator description edition_index edition_number external_url image medium metadata_version name prev_provenance timestamp
0x3892f76ba32c77a1a04cb0bcd848d9472d859716,a2p-v1,51394098057089318601166626541107317549974766743816782252791618364241306305685,False,True,upstairs on the left #5,,none,ipfs://QmcRcgwMjcQcH9rzt7j8Vu1qrGuj39at244FHWv7YSFJHC,ipfs,ipfs://QmUvmKjhZ4kxV7pAWpNSM3FBQ9ZsqcHWNY2dgPcYtNoq26,ipfs,a2p-v1,animation_url artist artwork_id attributes bitmark_id collection_name creator description edition_index edition_number external_url image medium metadata_version name prev_provenance timestamp
0x3892f76ba32c77a1a04cb0bcd848d9472d859716,a2p-v1,74888474831540567193188915325242175203599446399618170891839881845378583724882,False,True,Two Dithers #9,,none,ipfs://QmcxSYPGqbnboTHU5xNmdy595f2mndp6hr6PrBdYH9HaVZ,ipfs,ipfs://QmNNhKGHjq9ZnD71UHHTZCPCuAitsrmbZZfAAxaNTXYnzB,ipfs,a2p-v1,animation_url artist artwork_id attributes bitmark_id collection_name creator description edition_index edition_number external_url image medium metadata_version name prev_provenance timestamp
0x3892f76ba32c77a1a04cb0bcd848d9472d859716,a2p-v1,86158236941504766189374818588886949996890746673513974920815838614327464300778,False,True,Bug log 2 #4,,none,ipfs://QmWjrepkfWHDU7r66BS972XPEH6uncUpqihzGTS1MGkMs2,ipfs,ipfs://QmWic1ygwUbMAEi4AXb3AoWtfqQTUifasewZeWMNhmt6m3,ipfs,a2p-v1,animation_url artist artwork_id attributes bitmark_id collection_name creator description edition_index edition_number external_url image medium metadata_version name prev_provenance timestamp
0x3892f76ba32c77a1a04cb0bcd848d9472d859716,a2p-v1,86158236941504766189374818588886949996890746673513974920815838614327464300774,False,True,Bug log 2 AP,,none,ipfs://QmWjrepkfWHDU7r66BS972XPEH6uncUpqihzGTS1MGkMs2,ipfs,ipfs://QmWic1ygwUbMAEi4AXb3AoWtfqQTUifasewZeWMNhmt6m3,ipfs,a2p-v1,animation_url artist artwork_id attributes bitmark_id collection_name creator description edition_index edition_number external_url image medium metadata_version name prev_provenance timestamp
0x3892f76ba32c77a1a04cb0bcd848d9472d859716,a2p-v1,86158236941504766189374818588886949996890746673513974920815838614327464300783,False,True,Bug log 2 #9,,none,ipfs://QmWjrepkfWHDU7r66BS972XPEH6uncUpqihzGTS1MGkMs2,ipfs,ipfs://QmWic1ygwUbMAEi4AXb3AoWtfqQTUifasewZeWMNhmt6m3,ipfs,a2p-v1,animation_url artist artwork_id attributes bitmark_id collection_name creator description edition_index edition_number external_url image medium metadata_version name prev_provenance timestamp
0x3892f76ba32c77a1a04cb0bcd848d9472d859716,a2p-v1,86158236941504766189374818588886949996890746673513974920815838614327464300775,False,True,Bug log 2 #1,,none,ipfs://QmWjrepkfWHDU7r66BS972XPEH6uncUpqihzGTS1MGkMs2,ipfs,ipfs://QmWic1ygwUbMAEi4AXb3AoWtfqQTUifasewZeWMNhmt6m3,ipfs,a2p-v1,animation_url artist artwork_id attributes bitmark_id collection_name creator description edition_index edition_number external_url image medium metadata_version name prev_provenance timestamp
0x3892f76ba32c77a1a04cb0bcd848d9472d859716,a2p-v1,45229485026112490396824814615878420021800267524536437922094859084106010470169,False,True,Let us know if yr free AP,,none,ipfs://QmZnrNXKsoy2vMATjJ3j6H4KGA81xNJgxrwL7NhTc4KHTy,ipfs,ipfs://QmXUdZ4vwWPQV1q1BjVWgiqnnTUhrLMwEgEYegN4paYQjr,ipfs,a2p-v1,animation_url artist artwork_id attributes bitmark_id collection_name creator description edition_index edition_number external_url image medium metadata_version name prev_provenance timestamp
0x3892f76ba32c77a1a04cb0bcd848d9472d859716,a2p-v1,37750426229638947093462071415737108897091019849331181764317882309451912208709,False,True,Checkered #6,,none,ipfs://QmTkMhB21LATeDPDbchXDEbLZkFWPwqeasePSwRbgLZAeH,ipfs,ipfs://QmVSF4S3ecarucaPqcP3vAx3u9L8QJs8BuRiAjj2RezJgN,ipfs,a2p-v1,animation_url artist artwork_id attributes bitmark_id collection_name creator description edition_index edition_number external_url image medium metadata_version name prev_provenance timestamp
0x3892f76ba32c77a1a04cb0bcd848d9472d859716,a2p-v1,65521414995630452565881184777448860802145540075367502155289181078887715351298,False,True,Quantified Self Portrait (Blind Spot)  #7,,none,ipfs://QmRnBU13nvJWf9Cy77QV3iYGYp3cmC7rXqjDBxAM5duiBb,ipfs,ipfs://Qmf6a6QDSfYwEo3br6Br1Eqj753SR21vBkcHYCgu8YxaNe,ipfs,a2p-v1,animation_url artist artwork_id attributes bitmark_id collection_name creator description edition_index edition_number external_url image medium metadata_version name prev_provenance timestamp
0x3892f76ba32c77a1a04cb0bcd848d9472d859716,a2p-v1,65521414995630452565881184777448860802145540075367502155289181078887715351296,False,True,Quantified Self Portrait (Blind Spot)  #5,,none,ipfs://QmRnBU13nvJWf9Cy77QV3iYGYp3cmC7rXqjDBxAM5duiBb,ipfs,ipfs://Qmf6a6QDSfYwEo3br6Br1Eqj753SR21vBkcHYCgu8YxaNe,ipfs,a2p-v1,animation_url artist artwork_id attributes bitmark_id collection_name creator description edition_index edition_number external_url image medium metadata_version name prev_provenance timestamp
0x3892f76ba32c77a1a04cb0bcd848d9472d859716,a2p-v1,65521414995630452565881184777448860802145540075367502155289181078887715351297,False,True,Quantified Self Portrait (Blind Spot)  #6,,none,ipfs://QmRnBU13nvJWf9Cy77QV3iYGYp3cmC7rXqjDBxAM5duiBb,ipfs,ipfs://Qmf6a6QDSfYwEo3br6Br1Eqj753SR21vBkcHYCgu8YxaNe,ipfs,a2p-v1,animation_url artist artwork_id attributes bitmark_id collection_name creator description edition_index edition_number external_url image medium metadata_version name prev_provenance timestamp
0x3892f76ba32c77a1a04cb0bcd848d9472d859716,a2p-v1,74888474831540567193188915325242175203599446399618170891839881845378583724878,False,True,Two Dithers #5,,none,ipfs://QmcxSYPGqbnboTHU5xNmdy595f2mndp6hr6PrBdYH9HaVZ,ipfs,ipfs://QmNNhKGHjq9ZnD71UHHTZCPCuAitsrmbZZfAAxaNTXYnzB,ipfs,a2p-v1,animation_url artist artwork_id attributes bitmark_id collection_name creator description edition_index edition_number external_url image medium metadata_version name prev_provenance timestamp
0x3892f76ba32c77a1a04cb0bcd848d9472d859716,a2p-v1,74888474831540567193188915325242175203599446399618170891839881845378583724881,False,True,Two Dithers #8,,none,ipfs://QmcxSYPGqbnboTHU5xNmdy595f2mndp6hr6PrBdYH9HaVZ,ipfs,ipfs://QmNNhKGHjq9ZnD71UHHTZCPCuAitsrmbZZfAAxaNTXYnzB,ipfs,a2p-v1,animation_url artist artwork_id attributes bitmark_id collection_name creator description edition_index edition_number external_url image medium metadata_version name prev_provenance timestamp
0x3892f76ba32c77a1a04cb0bcd848d9472d859716,a2p-v1,45229485026112490396824814615878420021800267524536437922094859084106010470177,False,True,Let us know if yr free #8,,none,ipfs://QmZnrNXKsoy2vMATjJ3j6H4KGA81xNJgxrwL7NhTc4KHTy,ipfs,ipfs://QmXUdZ4vwWPQV1q1BjVWgiqnnTUhrLMwEgEYegN4paYQjr,ipfs,a2p-v1,animation_url artist artwork_id attributes bitmark_id collection_name creator description edition_index edition_number external_url image medium metadata_version name prev_provenance timestamp
0x3892f76ba32c77a1a04cb0bcd848d9472d859716,a2p-v1,45229485026112490396824814615878420021800267524536437922094859084106010470172,False,True,Let us know if yr free #3,,none,ipfs://QmZnrNXKsoy2vMATjJ3j6H4KGA81xNJgxrwL7NhTc4KHTy,ipfs,ipfs://QmXUdZ4vwWPQV1q1BjVWgiqnnTUhrLMwEgEYegN4paYQjr,ipfs,a2p-v1,animation_url artist artwork_id attributes bitmark_id collection_name creator description edition_index edition_number external_url image medium metadata_version name prev_provenance timestamp
0x3892f76ba32c77a1a04cb0bcd848d9472d859716,a2p-v1,74888474831540567193188915325242175203599446399618170891839881845378583724874,False,True,Two Dithers #1,,none,ipfs://QmcxSYPGqbnboTHU5xNmdy595f2mndp6hr6PrBdYH9HaVZ,ipfs,ipfs://QmNNhKGHjq9ZnD71UHHTZCPCuAitsrmbZZfAAxaNTXYnzB,ipfs,a2p-v1,animation_url artist artwork_id attributes bitmark_id collection_name creator description edition_index edition_number external_url image medium metadata_version name prev_provenance timestamp
0x3892f76ba32c77a1a04cb0bcd848d9472d859716,a2p-v1,86158236941504766189374818588886949996890746673513974920815838614327464300777,False,True,Bug log 2 #3,,none,ipfs://QmWjrepkfWHDU7r66BS972XPEH6uncUpqihzGTS1MGkMs2,ipfs,ipfs://QmWic1ygwUbMAEi4AXb3AoWtfqQTUifasewZeWMNhmt6m3,ipfs,a2p-v1,animation_url artist artwork_id attributes bitmark_id collection_name creator description edition_index edition_number external_url image medium metadata_version name prev_provenance timestamp
0x3892f76ba32c77a1a04cb0bcd848d9472d859716,a2p-v1,37750426229638947093462071415737108897091019849331181764317882309451912208705,False,True,Checkered #2,,none,ipfs://QmTkMhB21LATeDPDbchXDEbLZkFWPwqeasePSwRbgLZAeH,ipfs,ipfs://QmVSF4S3ecarucaPqcP3vAx3u9L8QJs8BuRiAjj2RezJgN,ipfs,a2p-v1,animation_url artist artwork_id attributes bitmark_id collection_name creator description edition_index edition_number external_url image medium metadata_version name prev_provenance timestamp
0x3892f76ba32c77a1a04cb0bcd848d9472d859716,a2p-v1,21693806755539788018807195927594102210537132618178628017034984219209388295182,False,True,Polly Returns AP,,none,ipfs://QmeGgEMAjA2bam73YcHNDapC8fJgDAfjsEVQvjqFPZrX7F,ipfs,ipfs://QmRKLy6pLHKGmkmS2XhsbLETkD9bvXpmwR31jPXRMjWkNh,ipfs,a2p-v1,animation_url artist artwork_id attributes bitmark_id collection_name creator description edition_index edition_number external_url image medium metadata_version name prev_provenance timestamp
0x3892f76ba32c77a1a04cb0bcd848d9472d859716,a2p-v1,21693806755539788018807195927594102210537132618178628017034984219209388295183,False,True,Polly Returns #1,,none,ipfs://QmeGgEMAjA2bam73YcHNDapC8fJgDAfjsEVQvjqFPZrX7F,ipfs,ipfs://QmRKLy6pLHKGmkmS2XhsbLETkD9bvXpmwR31jPXRMjWkNh,ipfs,a2p-v1,animation_url artist artwork_id attributes bitmark_id collection_name creator description edition_index edition_number external_url image medium metadata_version name prev_provenance timestamp
0x3892f76ba32c77a1a04cb0bcd848d9472d859716,a2p-v1,21693806755539788018807195927594102210537132618178628017034984219209388295187,False,True,Polly Returns #5,,none,ipfs://QmeGgEMAjA2bam73YcHNDapC8fJgDAfjsEVQvjqFPZrX7F,ipfs,ipfs://QmRKLy6pLHKGmkmS2XhsbLETkD9bvXpmwR31jPXRMjWkNh,ipfs,a2p-v1,animation_url artist artwork_id attributes bitmark_id collection_name creator description edition_index edition_number external_url image medium metadata_version name prev_provenance timestamp
0x3892f76ba32c77a1a04cb0bcd848d9472d859716,a2p-v1,21693806755539788018807195927594102210537132618178628017034984219209388295188,False,True,Polly Returns #6,,none,ipfs://QmeGgEMAjA2bam73YcHNDapC8fJgDAfjsEVQvjqFPZrX7F,ipfs,ipfs://QmRKLy6pLHKGmkmS2XhsbLETkD9bvXpmwR31jPXRMjWkNh,ipfs,a2p-v1,animation_url artist artwork_id attributes bitmark_id collection_name creator description edition_index edition_number external_url image medium metadata_version name prev_provenance timestamp
0x3892f76ba32c77a1a04cb0bcd848d9472d859716,a2p-v1,21693806755539788018807195927594102210537132618178628017034984219209388295192,False,True,Polly Returns #10,,none,ipfs://QmeGgEMAjA2bam73YcHNDapC8fJgDAfjsEVQvjqFPZrX7F,ipfs,ipfs://QmRKLy6pLHKGmkmS2XhsbLETkD9bvXpmwR31jPXRMjWkNh,ipfs,a2p-v1,animation_url artist artwork_id attributes bitmark_id collection_name creator description edition_index edition_number external_url image medium metadata_version name prev_provenance timestamp
0x3892f76ba32c77a1a04cb0bcd848d9472d859716,a2p-v1,33172576997030674083074762258692988500452538293086621911099886920095715219401,False,True,she was more lifelike eyes boom #2,,none,ipfs://QmWGHe7gGSNsPBSpX9cfsmXs5cSLQFdWGNxG9j5Trk9YgZ,ipfs,,none,a2p-v1,artist artwork_id attributes bitmark_id collection_name creator description edition_index edition_number external_url image medium metadata_version name prev_provenance timestamp
0x3892f76ba32c77a1a04cb0bcd848d9472d859716,a2p-v1,33172576997030674083074762258692988500452538293086621911099886920095715219404,False,True,she was more lifelike eyes boom #5,,none,ipfs://QmWGHe7gGSNsPBSpX9cfsmXs5cSLQFdWGNxG9j5Trk9YgZ,ipfs,,none,a2p-v1,artist artwork_id attributes bitmark_id collection_name creator description edition_index edition_number external_url image medium metadata_version name prev_provenance timestamp
0x3892f76ba32c77a1a04cb0bcd848d9472d859716,a2p-v1,33172576997030674083074762258692988500452538293086621911099886920095715219399,False,True,she was more lifelike eyes boom AP,,none,ipfs://QmWGHe7gGSNsPBSpX9cfsmXs5cSLQFdWGNxG9j5Trk9YgZ,ipfs,,none,a2p-v1,artist artwork_id attributes bitmark_id collection_name creator description edition_index edition_number external_url image medium metadata_version name prev_provenance timestamp
0x3892f76ba32c77a1a04cb0bcd848d9472d859716,a2p-v1,33172576997030674083074762258692988500452538293086621911099886920095715219409,False,True,she was more lifelike eyes boom #10,,none,ipfs://QmWGHe7gGSNsPBSpX9cfsmXs5cSLQFdWGNxG9j5Trk9YgZ,ipfs,,none,a2p-v1,artist artwork_id attributes bitmark_id collection_name creator description edition_index edition_number external_url image medium metadata_version name prev_provenance timestamp
0x3892f76ba32c77a1a04cb0bcd848d9472d859716,a2p-v1,15223320000670236396789376512161544122019392006922622937404693098851860268212,False,True,Curriculum Vitae #10,,none,ipfs://QmREvbpQCSkgB4dBumTLvPHG7Xc9s47i25cS2XNXHhnSPB,ipfs,ipfs://QmaNRg7BEUS6EzaC8mw71S7oobQ81E9YowqzhR74N1YaKP,ipfs,a2p-v1,animation_url artist artwork_id attributes bitmark_id collection_name creator description edition_index edition_number external_url image medium metadata_version name prev_provenance timestamp
0x3892f76ba32c77a1a04cb0bcd848d9472d859716,a2p-v1,33172576997030674083074762258692988500452538293086621911099886920095715219403,False,True,she was more lifelike eyes boom #4,,none,ipfs://QmWGHe7gGSNsPBSpX9cfsmXs5cSLQFdWGNxG9j5Trk9YgZ,ipfs,,none,a2p-v1,artist artwork_id attributes bitmark_id collection_name creator description edition_index edition_number external_url image medium metadata_version name prev_provenance timestamp
0x3892f76ba32c77a1a04cb0bcd848d9472d859716,a2p-v1,15223320000670236396789376512161544122019392006922622937404693098851860268208,False,True,Curriculum Vitae #6,,none,ipfs://QmREvbpQCSkgB4dBumTLvPHG7Xc9s47i25cS2XNXHhnSPB,ipfs,ipfs://QmaNRg7BEUS6EzaC8mw71S7oobQ81E9YowqzhR74N1YaKP,ipfs,a2p-v1,animation_url artist artwork_id attributes bitmark_id collection_name creator description edition_index edition_number external_url image medium metadata_version name prev_provenance timestamp
0x3892f76ba32c77a1a04cb0bcd848d9472d859716,a2p-v1,33172576997030674083074762258692988500452538293086621911099886920095715219400,False,True,she was more lifelike eyes boom #1,,none,ipfs://QmWGHe7gGSNsPBSpX9cfsmXs5cSLQFdWGNxG9j5Trk9YgZ,ipfs,,none,a2p-v1,artist artwork_id attributes bitmark_id collection_name creator description edition_index edition_number external_url image medium metadata_version name prev_provenance timestamp
0x3892f76ba32c77a1a04cb0bcd848d9472d859716,a2p-v1,16166235050197902874374561539556883150400806900526515375473618768481368252661,False,True,IMG_4320.jpg #6,,none,ipfs://QmUN7FfmTJK3C1nFvnHxAoMHJjdHP9uVp6ufSiqePWGm8M,ipfs,,none,a2p-v1,artist artwork_id attributes bitmark_id collection_name creator description edition_index edition_number external_url image medium metadata_version name prev_provenance timestamp
0x3892f76ba32c77a1a04cb0bcd848d9472d859716,a2p-v1,39083968201070652484705490319907795168131671649164508075983934853542645543805,False,True,Impeach #5,,none,ipfs://QmdwbNTtPhCQHKv4Lj9FVtGQt7GL6boeHJWg2CEB6dnHvW,ipfs,,none,a2p-v1,artist artwork_id attributes bitmark_id collection_name creator description edition_index edition_number external_url image medium metadata_version name prev_provenance timestamp
0x3892f76ba32c77a1a04cb0bcd848d9472d859716,a2p-v1,16166235050197902874374561539556883150400806900526515375473618768481368252659,False,True,IMG_4320.jpg #4,,none,ipfs://QmUN7FfmTJK3C1nFvnHxAoMHJjdHP9uVp6ufSiqePWGm8M,ipfs,,none,a2p-v1,artist artwork_id attributes bitmark_id collection_name creator description edition_index edition_number external_url image medium metadata_version name prev_provenance timestamp
0x3892f76ba32c77a1a04cb0bcd848d9472d859716,a2p-v1,39083968201070652484705490319907795168131671649164508075983934853542645543802,False,True,Impeach #2,,none,ipfs://QmdwbNTtPhCQHKv4Lj9FVtGQt7GL6boeHJWg2CEB6dnHvW,ipfs,,none,a2p-v1,artist artwork_id attributes bitmark_id collection_name creator description edition_index edition_number external_url image medium metadata_version name prev_provenance timestamp
0x3892f76ba32c77a1a04cb0bcd848d9472d859716,a2p-v1,39083968201070652484705490319907795168131671649164508075983934853542645543808,False,True,Impeach #8,,none,ipfs://QmdwbNTtPhCQHKv4Lj9FVtGQt7GL6boeHJWg2CEB6dnHvW,ipfs,,none,a2p-v1,artist artwork_id attributes bitmark_id collection_name creator description edition_index edition_number external_url image medium metadata_version name prev_provenance timestamp
0x3892f76ba32c77a1a04cb0bcd848d9472d859716,a2p-v1,39083968201070652484705490319907795168131671649164508075983934853542645543801,False,True,Impeach #1,,none,ipfs://QmdwbNTtPhCQHKv4Lj9FVtGQt7GL6boeHJWg2CEB6dnHvW,ipfs,,none,a2p-v1,artist artwork_id attributes bitmark_id collection_name creator description edition_index edition_number external_url image medium metadata_version name prev_provenance timestamp
0x3892f76ba32c77a1a04cb0bcd848d9472d859716,a2p-v1,16166235050197902874374561539556883150400806900526515375473618768481368252664,False,True,IMG_4320.jpg #9,,none,ipfs://QmUN7FfmTJK3C1nFvnHxAoMHJjdHP9uVp6ufSiqePWGm8M,ipfs,,none,a2p-v1,artist artwork_id attributes bitmark_id collection_name creator description edition_index edition_number external_url image medium metadata_version name prev_provenance timestamp
0x3892f76ba32c77a1a04cb0bcd848d9472d859716,a2p-v1,15223320000670236396789376512161544122019392006922622937404693098851860268207,False,True,Curriculum Vitae #5,,none,ipfs://QmREvbpQCSkgB4dBumTLvPHG7Xc9s47i25cS2XNXHhnSPB,ipfs,ipfs://QmaNRg7BEUS6EzaC8mw71S7oobQ81E9YowqzhR74N1YaKP,ipfs,a2p-v1,animation_url artist artwork_id attributes bitmark_id collection_name creator description edition_index edition_number external_url image medium metadata_version name prev_provenance timestamp
0x3892f76ba32c77a1a04cb0bcd848d9472d859716,a2p-v1,15223320000670236396789376512161544122019392006922622937404693098851860268205,False,True,Curriculum Vitae #3,,none,ipfs://QmREvbpQCSkgB4dBumTLvPHG7Xc9s47i25cS2XNXHhnSPB,ipfs,ipfs://QmaNRg7BEUS6EzaC8mw71S7oobQ81E9YowqzhR74N1YaKP,ipfs,a2p-v1,animation_url artist artwork_id attributes bitmark_id collection_name creator description edition_index edition_number external_url image medium metadata_version name prev_provenance timestamp
0x3892f76ba32c77a1a04cb0bcd848d9472d859716,a2p-v1,15223320000670236396789376512161544122019392006922622937404693098851860268206,False,True,Curriculum Vitae #4,,none,ipfs://QmREvbpQCSkgB4dBumTLvPHG7Xc9s47i25cS2XNXHhnSPB,ipfs,ipfs://QmaNRg7BEUS6EzaC8mw71S7oobQ81E9YowqzhR74N1YaKP,ipfs,a2p-v1,animation_url artist artwork_id attributes bitmark_id collection_name creator description edition_index edition_number external_url image medium metadata_version name prev_provenance timestamp
0x3892f76ba32c77a1a04cb0bcd848d9472d859716,a2p-v1,2417148950036722353919819607514285614233155083516890327649351179301769321612,False,True,Element Form (Kilpisjärvi 1) #2,,none,ipfs://QmQyT5eHZPjdyfLQwcf6ksUniQnabQA3STuq9DcByxnTnk,ipfs,,none,a2p-v1,artist artwork_id attributes bitmark_id collection_name creator description edition_index edition_number external_url image medium metadata_version name prev_provenance timestamp
0x3892f76ba32c77a1a04cb0bcd848d9472d859716,a2p-v1,2417148950036722353919819607514285614233155083516890327649351179301769321610,False,True,Element Form (Kilpisjärvi 1) AP,,none,ipfs://QmQyT5eHZPjdyfLQwcf6ksUniQnabQA3STuq9DcByxnTnk,ipfs,,none,a2p-v1,artist artwork_id attributes bitmark_id collection_name creator description edition_index edition_number external_url image medium metadata_version name prev_provenance timestamp
0x3892f76ba32c77a1a04cb0bcd848d9472d859716,a2p-v1,2417148950036722353919819607514285614233155083516890327649351179301769321618,False,True,Element Form (Kilpisjärvi 1) #8,,none,ipfs://QmQyT5eHZPjdyfLQwcf6ksUniQnabQA3STuq9DcByxnTnk,ipfs,,none,a2p-v1,artist artwork_id attributes bitmark_id collection_name creator description edition_index edition_number external_url image medium metadata_version name prev_provenance timestamp
0x3892f76ba32c77a1a04cb0bcd848d9472d859716,a2p-v1,15223320000670236396789376512161544122019392006922622937404693098851860268210,False,True,Curriculum Vitae #8,,none,ipfs://QmREvbpQCSkgB4dBumTLvPHG7Xc9s47i25cS2XNXHhnSPB,ipfs,ipfs://QmaNRg7BEUS6EzaC8mw71S7oobQ81E9YowqzhR74N1YaKP,ipfs,a2p-v1,animation_url artist artwork_id attributes bitmark_id collection_name creator description edition_index edition_number external_url image medium metadata_version name prev_provenance timestamp
0x3892f76ba32c77a1a04cb0bcd848d9472d859716,a2p-v1,2417148950036722353919819607514285614233155083516890327649351179301769321620,False,True,Element Form (Kilpisjärvi 1) #10,,none,ipfs://QmQyT5eHZPjdyfLQwcf6ksUniQnabQA3STuq9DcByxnTnk,ipfs,,none,a2p-v1,artist artwork_id attributes bitmark_id collection_name creator description edition_index edition_number external_url image medium metadata_version name prev_provenance timestamp
0x3892f76ba32c77a1a04cb0bcd848d9472d859716,a2p-v1,2417148950036722353919819607514285614233155083516890327649351179301769321617,False,True,Element Form (Kilpisjärvi 1) #7,,none,ipfs://QmQyT5eHZPjdyfLQwcf6ksUniQnabQA3STuq9DcByxnTnk,ipfs,,none,a2p-v1,artist artwork_id attributes bitmark_id collection_name creator description edition_index edition_number external_url image medium metadata_version name prev_provenance timestamp
0x3892f76ba32c77a1a04cb0bcd848d9472d859716,a2p-v1,15223320000670236396789376512161544122019392006922622937404693098851860268209,False,True,Curriculum Vitae #7,,none,ipfs://QmREvbpQCSkgB4dBumTLvPHG7Xc9s47i25cS2XNXHhnSPB,ipfs,ipfs://QmaNRg7BEUS6EzaC8mw71S7oobQ81E9YowqzhR74N1YaKP,ipfs,a2p-v1,animation_url artist artwork_id attributes bitmark_id collection_name creator description edition_index edition_number external_url image medium metadata_version name prev_provenance timestamp
0x3892f76ba32c77a1a04cb0bcd848d9472d859716,a2p-v1,15223320000670236396789376512161544122019392006922622937404693098851860268202,False,True,Curriculum Vitae AP,,none,ipfs://QmREvbpQCSkgB4dBumTLvPHG7Xc9s47i25cS2XNXHhnSPB,ipfs,ipfs://QmaNRg7BEUS6EzaC8mw71S7oobQ81E9YowqzhR74N1YaKP,ipfs,a2p-v1,animation_url artist artwork_id attributes bitmark_id collection_name creator description edition_index edition_number external_url image medium metadata_version name prev_provenance timestamp
0x3892f76ba32c77a1a04cb0bcd848d9472d859716,a2p-v1,96008859668783775261730363204074868490813709215811316410519239066521928118021,False,True,Artefact 1 (Process) #2,,none,ipfs://QmbGLYG6RW6ZmUx4ec9QpQ8kv8ScgnPptmdpv2AwyokJ8E,ipfs,ipfs://QmVVVrF5nMxeg1XdhBkjUVrWxHb1XTp7bN5wgA3peFs6kk,ipfs,a2p-v1,animation_url artist artwork_id attributes bitmark_id collection_name creator description edition_index edition_number external_url image medium metadata_version name prev_provenance timestamp
0x3892f76ba32c77a1a04cb0bcd848d9472d859716,a2p-v1,94448281864131732140807195242731246229699306152086113852090641298826382219952,False,True,Latent Images 1.1 #4,,none,ipfs://QmfGuiFeQFzJJv4KJnJ39oLQvshPnTEh1oboUaGEKkrSpw,ipfs,ipfs://Qmb9mY7uPwWdrACMMRPdUCp5JGhb2vRwGZvwNDtUfmzp7j,ipfs,a2p-v1,animation_url artist artwork_id attributes bitmark_id collection_name creator description edition_index edition_number external_url image medium metadata_version name prev_provenance timestamp
0x3892f76ba32c77a1a04cb0bcd848d9472d859716,a2p-v1,95449888926526083480551770307060978604524938630157497888784554841183018906678,False,True,dashed line form #6,,none,ipfs://QmWSQsSLMZJBEBndogvUwmkUKSzjn2JJWqf8VGetQVyACZ,ipfs,ipfs://QmeUPCydfzAQWzdJAwfATX5NAZZWZa5YLz1xPhpJbNRs7f,ipfs,a2p-v1,animation_url artist artwork_id attributes bitmark_id collection_name creator description edition_index edition_number external_url image medium metadata_version name prev_provenance timestamp
0x3892f76ba32c77a1a04cb0bcd848d9472d859716,a2p-v1,2417148950036722353919819607514285614233155083516890327649351179301769321615,False,True,Element Form (Kilpisjärvi 1) #5,,none,ipfs://QmQyT5eHZPjdyfLQwcf6ksUniQnabQA3STuq9DcByxnTnk,ipfs,,none,a2p-v1,artist artwork_id attributes bitmark_id collection_name creator description edition_index edition_number external_url image medium metadata_version name prev_provenance timestamp
0x3892f76ba32c77a1a04cb0bcd848d9472d859716,a2p-v1,15223320000670236396789376512161544122019392006922622937404693098851860268204,False,True,Curriculum Vitae #2,,none,ipfs://QmREvbpQCSkgB4dBumTLvPHG7Xc9s47i25cS2XNXHhnSPB,ipfs,ipfs://QmaNRg7BEUS6EzaC8mw71S7oobQ81E9YowqzhR74N1YaKP,ipfs,a2p-v1,animation_url artist artwork_id attributes bitmark_id collection_name creator description edition_index edition_number external_url image medium metadata_version name prev_provenance timestamp
0x3892f76ba32c77a1a04cb0bcd848d9472d859716,a2p-v1,39083968201070652484705490319907795168131671649164508075983934853542645543810,False,True,Impeach #10,,none,ipfs://QmdwbNTtPhCQHKv4Lj9FVtGQt7GL6boeHJWg2CEB6dnHvW,ipfs,,none,a2p-v1,artist artwork_id attributes bitmark_id collection_name creator description edition_index edition_number external_url image medium metadata_version name prev_provenance timestamp
0x3892f76ba32c77a1a04cb0bcd848d9472d859716,a2p-v1,39083968201070652484705490319907795168131671649164508075983934853542645543804,False,True,Impeach #4,,none,ipfs://QmdwbNTtPhCQHKv4Lj9FVtGQt7GL6boeHJWg2CEB6dnHvW,ipfs,,none,a2p-v1,artist artwork_id attributes bitmark_id collection_name creator description edition_index edition_number external_url image medium metadata_version name prev_provenance timestamp
0x3892f76ba32c77a1a04cb0bcd848d9472d859716,a2p-v1,39083968201070652484705490319907795168131671649164508075983934853542645543803,False,True,Impeach #3,,none,ipfs://QmdwbNTtPhCQHKv4Lj9FVtGQt7GL6boeHJWg2CEB6dnHvW,ipfs,,none,a2p-v1,artist artwork_id attributes bitmark_id collection_name creator description edition_index edition_number external_url image medium metadata_version name prev_provenance timestamp
0x3892f76ba32c77a1a04cb0bcd848d9472d859716,a2p-v1,16166235050197902874374561539556883150400806900526515375473618768481368252656,False,True,IMG_4320.jpg #1,,none,ipfs://QmUN7FfmTJK3C1nFvnHxAoMHJjdHP9uVp6ufSiqePWGm8M,ipfs,,none,a2p-v1,artist artwork_id attributes bitmark_id collection_name creator description edition_index edition_number external_url image medium metadata_version name prev_provenance timestamp
0x3892f76ba32c77a1a04cb0bcd848d9472d859716,a2p-v1,10373145874974253898793887098377108429811282323783553244735388804338339302866,False,True,DemalootDemashoot #2,,none,ipfs://QmTkucrHjs2Yy4n6NHxjsEy7oQ7mcyHZRMvciJYrXhySim,ipfs,ipfs://QmcvEmudtxH3N6mKrpZtyHo9stEA2sTd4TxfvMWhFX8Z7y,ipfs,a2p-v1,animation_url artist artwork_id attributes bitmark_id collection_name creator description edition_index edition_number external_url image medium metadata_version name prev_provenance timestamp
0x3892f76ba32c77a1a04cb0bcd848d9472d859716,a2p-v1,21693806755539788018807195927594102210537132618178628017034984219209388295184,False,True,Polly Returns #2,,none,ipfs://QmeGgEMAjA2bam73YcHNDapC8fJgDAfjsEVQvjqFPZrX7F,ipfs,ipfs://QmRKLy6pLHKGmkmS2XhsbLETkD9bvXpmwR31jPXRMjWkNh,ipfs,a2p-v1,animation_url artist artwork_id attributes bitmark_id collection_name creator description edition_index edition_number external_url image medium metadata_version name prev_provenance timestamp
0x3892f76ba32c77a1a04cb0bcd848d9472d859716,a2p-v1,65521414995630452565881184777448860802145540075367502155289181078887715351300,False,True,Quantified Self Portrait (Blind Spot)  #9,,none,ipfs://QmRnBU13nvJWf9Cy77QV3iYGYp3cmC7rXqjDBxAM5duiBb,ipfs,ipfs://Qmf6a6QDSfYwEo3br6Br1Eqj753SR21vBkcHYCgu8YxaNe,ipfs,a2p-v1,animation_url artist artwork_id attributes bitmark_id collection_name creator description edition_index edition_number external_url image medium metadata_version name prev_provenance timestamp
0x3892f76ba32c77a1a04cb0bcd848d9472d859716,a2p-v1,65521414995630452565881184777448860802145540075367502155289181078887715351299,False,True,Quantified Self Portrait (Blind Spot)  #8,,none,ipfs://QmRnBU13nvJWf9Cy77QV3iYGYp3cmC7rXqjDBxAM5duiBb,ipfs,ipfs://Qmf6a6QDSfYwEo3br6Br1Eqj753SR21vBkcHYCgu8YxaNe,ipfs,a2p-v1,animation_url artist artwork_id attributes bitmark_id collection_name creator description edition_index edition_number external_url image medium metadata_version name prev_provenance timestamp
0x3892f76ba32c77a1a04cb0bcd848d9472d859716,a2p-v1,45229485026112490396824814615878420021800267524536437922094859084106010470179,False,True,Let us know if yr free #10,,none,ipfs://QmZnrNXKsoy2vMATjJ3j6H4KGA81xNJgxrwL7NhTc4KHTy,ipfs,ipfs://QmXUdZ4vwWPQV1q1BjVWgiqnnTUhrLMwEgEYegN4paYQjr,ipfs,a2p-v1,animation_url artist artwork_id attributes bitmark_id collection_name creator description edition_index edition_number external_url image medium metadata_version name prev_provenance timestamp
0x3892f76ba32c77a1a04cb0bcd848d9472d859716,a2p-v1,37750426229638947093462071415737108897091019849331181764317882309451912208708,False,True,Checkered #5,,none,ipfs://QmTkMhB21LATeDPDbchXDEbLZkFWPwqeasePSwRbgLZAeH,ipfs,ipfs://QmVSF4S3ecarucaPqcP3vAx3u9L8QJs8BuRiAjj2RezJgN,ipfs,a2p-v1,animation_url artist artwork_id attributes bitmark_id collection_name creator description edition_index edition_number external_url image medium metadata_version name prev_provenance timestamp
0x3892f76ba32c77a1a04cb0bcd848d9472d859716,a2p-v1,56178714775990541447735501756591011494144861117337773227071950225179253413066,False,True,Bitcoin Sign #10,,none,ipfs://QmPEjcKKaRNCWGHLRqhcMKg4w7CFz7FNiHdkWWQhGPj1PH,ipfs,,none,a2p-v1,artist artwork_id attributes bitmark_id collection_name creator description edition_index edition_number external_url image medium metadata_version name prev_provenance timestamp
0x3892f76ba32c77a1a04cb0bcd848d9472d859716,a2p-v1,97915119531341440032092316269615473647195207751147576945334569969505176783389,False,True,sext #9,,none,ipfs://QmP8bYgCeMhEMz6F6tnJ7T42NZrmXifJCaSXPN9nUqRUQ9,ipfs,,none,a2p-v1,artist artwork_id attributes bitmark_id collection_name creator description edition_index edition_number external_url image medium metadata_version name prev_provenance timestamp
0x3892f76ba32c77a1a04cb0bcd848d9472d859716,a2p-v1,97915119531341440032092316269615473647195207751147576945334569969505176783385,False,True,sext #5,,none,ipfs://QmP8bYgCeMhEMz6F6tnJ7T42NZrmXifJCaSXPN9nUqRUQ9,ipfs,,none,a2p-v1,artist artwork_id attributes bitmark_id collection_name creator description edition_index edition_number external_url image medium metadata_version name prev_provenance timestamp
0x3892f76ba32c77a1a04cb0bcd848d9472d859716,a2p-v1,97915119531341440032092316269615473647195207751147576945334569969505176783388,False,True,sext #8,,none,ipfs://QmP8bYgCeMhEMz6F6tnJ7T42NZrmXifJCaSXPN9nUqRUQ9,ipfs,,none,a2p-v1,artist artwork_id attributes bitmark_id collection_name creator description edition_index edition_number external_url image medium metadata_version name prev_provenance timestamp
0x3892f76ba32c77a1a04cb0bcd848d9472d859716,a2p-v1,51394098057089318601166626541107317549974766743816782252791618364241306305682,False,True,upstairs on the left #2,,none,ipfs://QmcRcgwMjcQcH9rzt7j8Vu1qrGuj39at244FHWv7YSFJHC,ipfs,ipfs://QmUvmKjhZ4kxV7pAWpNSM3FBQ9ZsqcHWNY2dgPcYtNoq26,ipfs,a2p-v1,animation_url artist artwork_id attributes bitmark_id collection_name creator description edition_index edition_number external_url image medium metadata_version name prev_provenance timestamp
0x3892f76ba32c77a1a04cb0bcd848d9472d859716,a2p-v1,30037239612693984447538656678974117090855642885738858983649834166958412671349,False,True,Stop for Moving Aircraft #3,,none,ipfs://QmcYBXmLPusJAPrPJrFwMKjL1xEkMC4KozHvFhmAGzSnrM,ipfs,,none,a2p-v1,artist artwork_id attributes bitmark_id collection_name creator description edition_index edition_number external_url image medium metadata_version name prev_provenance timestamp
0x3892f76ba32c77a1a04cb0bcd848d9472d859716,a2p-v1,1629520433902679856490813496348032377339742730804659262088584434777565393211,False,True,Study of Tempos: 100719 #1,,none,ipfs://QmYHY4CnEzyMpitmvKDkWSJEDguSCHzXFy3vEfBxbmqLbF,ipfs,ipfs://QmNtp43rXPgpXRK4KsTYwiBiUBHsbcdeDWo9o2tMahnLHQ,ipfs,a2p-v1,animation_url artist artwork_id attributes bitmark_id collection_name creator description edition_index edition_number external_url image medium metadata_version name prev_provenance timestamp
0x3892f76ba32c77a1a04cb0bcd848d9472d859716,a2p-v1,54510307965867463704269316215510842086219179629178882708478080982441954378793,False,True,We Might Be the Last Generation #2,,none,ipfs://QmcHqiRVXddVVc1H6jjDWFsKU47uwFtELV6fQuFFDepi6i,ipfs,,none,a2p-v1,artist artwork_id attributes bitmark_id collection_name creator description edition_index edition_number external_url image medium metadata_version name prev_provenance timestamp
0x3892f76ba32c77a1a04cb0bcd848d9472d859716,a2p-v1,104780020402215326658783888677640587949919086593427284436913941348771081238823,False,True,Innards #3,,none,ipfs://QmdZpKBNdZmTu15n3ieMWTb9FLYfBQeDkxwz4pKJhBirbH,ipfs,,none,a2p-v1,artist artwork_id attributes bitmark_id collection_name creator description edition_index edition_number external_url image medium metadata_version name prev_provenance timestamp
0x3892f76ba32c77a1a04cb0bcd848d9472d859716,a2p-v1,115385563223297419554448940460384211362322955980690121228415394252109760804881,False,True,probabiilty_possibility #4,,none,ipfs://QmStb5hJKLWLmocg8EcDXH2Nkw5eH2BKbZuhh5QjUAghfW,ipfs,,none,a2p-v1,artist artwork_id attributes bitmark_id collection_name creator description edition_index edition_number external_url image medium metadata_version name prev_provenance timestamp
0x3892f76ba32c77a1a04cb0bcd848d9472d859716,a2p-v1,61290279413051215103140349609225743144899370153480524326005415414721352287641,False,True,http://fields.seedsunderground.net #8,,none,ipfs://QmPbGrynuG2iDGtpzUoSxE8JMS9i6HGcRBfNKiVVLKv8np,ipfs,ipfs://QmdDBaQhqDzawCyRRBfV1ghZvP2V6KVnuSZSYYCvZ5ERuj,ipfs,a2p-v1,animation_url artist artwork_id attributes bitmark_id collection_name creator description edition_index edition_number external_url image medium metadata_version name prev_provenance timestamp
0x3892f76ba32c77a1a04cb0bcd848d9472d859716,a2p-v1,61290279413051215103140349609225743144899370153480524326005415414721352287640,False,True,http://fields.seedsunderground.net #7,,none,ipfs://QmPbGrynuG2iDGtpzUoSxE8JMS9i6HGcRBfNKiVVLKv8np,ipfs,ipfs://QmdDBaQhqDzawCyRRBfV1ghZvP2V6KVnuSZSYYCvZ5ERuj,ipfs,a2p-v1,animation_url artist artwork_id attributes bitmark_id collection_name creator description edition_index edition_number external_url image medium metadata_version name prev_provenance timestamp
0x3892f76ba32c77a1a04cb0bcd848d9472d859716,a2p-v1,99425259346415110660670433264069038916888983454417981511271408049103000330652,False,True,Kissing Butt 💋🍑 #2,,none,ipfs://Qmcerxp4JBkBdNQSsSLFi4LWGUU4JQYSugDTcitPNCVmei,ipfs,,none,a2p-v1,artist artwork_id attributes bitmark_id collection_name creator description edition_index edition_number external_url image medium metadata_version name prev_provenance timestamp
0x3892f76ba32c77a1a04cb0bcd848d9472d859716,a2p-v1,30037239612693984447538656678974117090855642885738858983649834166958412671350,False,True,Stop for Moving Aircraft #4,,none,ipfs://QmcYBXmLPusJAPrPJrFwMKjL1xEkMC4KozHvFhmAGzSnrM,ipfs,,none,a2p-v1,artist artwork_id attributes bitmark_id collection_name creator description edition_index edition_number external_url image medium metadata_version name prev_provenance timestamp
0x3892f76ba32c77a1a04cb0bcd848d9472d859716,a2p-v1,479204264164548163054285974647700687667406271282053863069265319604910149943,False,True,Gas on Water #5,,none,ipfs://QmUmr5bTxbpcXSKW8xfageEUdkFBuvv6ASkB8Usqmt1ktJ,ipfs,,none,a2p-v1,artist artwork_id attributes bitmark_id collection_name creator description edition_index edition_number external_url image medium metadata_version name prev_provenance timestamp
0x3892f76ba32c77a1a04cb0bcd848d9472d859716,a2p-v1,479204264164548163054285974647700687667406271282053863069265319604910149945,False,True,Gas on Water #7,,none,ipfs://QmUmr5bTxbpcXSKW8xfageEUdkFBuvv6ASkB8Usqmt1ktJ,ipfs,,none,a2p-v1,artist artwork_id attributes bitmark_id collection_name creator description edition_index edition_number external_url image medium metadata_version name prev_provenance timestamp
0x3892f76ba32c77a1a04cb0bcd848d9472d859716,a2p-v1,479204264164548163054285974647700687667406271282053863069265319604910149940,False,True,Gas on Water #2,,none,ipfs://QmUmr5bTxbpcXSKW8xfageEUdkFBuvv6ASkB8Usqmt1ktJ,ipfs,,none,a2p-v1,artist artwork_id attributes bitmark_id collection_name creator description edition_index edition_number external_url image medium metadata_version name prev_provenance timestamp
0x3892f76ba32c77a1a04cb0bcd848d9472d859716,a2p-v1,99942035406726693313733699012939443770702792454137995936543810071306856839163,False,True,Blue Wave #4,,none,ipfs://QmWkSTh1oKr2quE8HdytUiQPWz2MFMhAS8tGymMh6DrjED,ipfs,ipfs://QmXikHMXWAeWvQthL82oppVBBPvktWzxAtGDME4Kp5BHPU,ipfs,a2p-v1,animation_url artist artwork_id attributes bitmark_id collection_name creator description edition_index edition_number external_url image medium metadata_version name prev_provenance timestamp
0x3892f76ba32c77a1a04cb0bcd848d9472d859716,a2p-v1,88254325757456253744078051296696776249415996329994521986077676998862761574432,False,True,"39.177434, -84.423081 #10",,none,ipfs://QmSwkUezjbXKLmzMUzAViHyyQP1p7467VV6m1BR2J6hhvW,ipfs,ipfs://QmaFc9NhwfhNTDgrjJig5JqEH9VWdjHHpzeCizRVPPA8Lf,ipfs,a2p-v1,animation_url artist artwork_id attributes bitmark_id collection_name creator description edition_index edition_number external_url image medium metadata_version name prev_provenance timestamp
0x3892f76ba32c77a1a04cb0bcd848d9472d859716,a2p-v1,81850826920772765410073180922531751984394760307458581711258629844824237882056,False,True,Passé #2,,none,ipfs://QmXrfvtmjQSySEq4yQ6fQ13r7tvarNmrTobaA7WU9Pn4Jo,ipfs,,none,a2p-v1,artist artwork_id attributes bitmark_id collection_name creator description edition_index edition_number external_url image medium metadata_version name prev_provenance timestamp
0x3892f76ba32c77a1a04cb0bcd848d9472d859716,a2p-v1,106506555979812447151177661604941495788807553014189969291369690687735234215089,False,True,Genetically Modified Gods : Artemis  #4,,none,ipfs://QmZjGLraQepgvwqLQUZSiAiXNKiJyXLLS7BCFPofRwn4Su,ipfs,,none,a2p-v1,artist artwork_id attributes bitmark_id collection_name creator description edition_index edition_number external_url image medium metadata_version name prev_provenance timestamp
0x3892f76ba32c77a1a04cb0bcd848d9472d859716,a2p-v1,479204264164548163054285974647700687667406271282053863069265319604910149938,False,True,Gas on Water AP,,none,ipfs://QmUmr5bTxbpcXSKW8xfageEUdkFBuvv6ASkB8Usqmt1ktJ,ipfs,,none,a2p-v1,artist artwork_id attributes bitmark_id collection_name creator description edition_index edition_number external_url image medium metadata_version name prev_provenance timestamp
0x3892f76ba32c77a1a04cb0bcd848d9472d859716,a2p-v1,94448281864131732140807195242731246229699306152086113852090641298826382219950,False,True,Latent Images 1.1 #2,,none,ipfs://QmfGuiFeQFzJJv4KJnJ39oLQvshPnTEh1oboUaGEKkrSpw,ipfs,ipfs://Qmb9mY7uPwWdrACMMRPdUCp5JGhb2vRwGZvwNDtUfmzp7j,ipfs,a2p-v1,animation_url artist artwork_id attributes bitmark_id collection_name creator description edition_index edition_number external_url image medium metadata_version name prev_provenance timestamp
0x3892f76ba32c77a1a04cb0bcd848d9472d859716,a2p-v1,94448281864131732140807195242731246229699306152086113852090641298826382219948,False,True,Latent Images 1.1 AP,,none,ipfs://QmfGuiFeQFzJJv4KJnJ39oLQvshPnTEh1oboUaGEKkrSpw,ipfs,ipfs://Qmb9mY7uPwWdrACMMRPdUCp5JGhb2vRwGZvwNDtUfmzp7j,ipfs,a2p-v1,animation_url artist artwork_id attributes bitmark_id collection_name creator description edition_index edition_number external_url image medium metadata_version name prev_provenance timestamp
0x3892f76ba32c77a1a04cb0bcd848d9472d859716,a2p-v1,34262569770667438906091571385761927538215668454551581796591981255039482119145,False,True,Glitch Embroidery (Google) #2,,none,ipfs://QmNMYcKfNcaq46BGMymKEwzcoQVg9jbg9sttfAehvRjfYX,ipfs,,none,a2p-v1,artist artwork_id attributes bitmark_id collection_name creator description edition_index edition_number external_url image medium metadata_version name prev_provenance timestamp
0x3892f76ba32c77a1a04cb0bcd848d9472d859716,a2p-v1,73035959852460207438044430650105983992023167271431402696684019464478333448217,False,True,Map - Arnsberg  #7,,none,ipfs://QmY6ChdBr5J42ZV2fVXMPmuAtfJ9cJwyDTcAAoHpzRN6ZT,ipfs,ipfs://QmUfeHMJjmVUJw5SKZs3YEVb75nVmecQ3JGd1ZLZsfY9Vt,ipfs,a2p-v1,animation_url artist artwork_id attributes bitmark_id collection_name creator description edition_index edition_number external_url image medium metadata_version name prev_provenance timestamp
0x3892f76ba32c77a1a04cb0bcd848d9472d859716,a2p-v1,103462138407056171563220403795779879323147964947946581660615817849450018213835,False,True,Ash Ash music video #5,,none,ipfs://QmbogJrbedXw8qcXRyGjdY8sMWFnLqWMZmAGQbEGHyUbhm,ipfs,ipfs://QmR9mYiCYvazezPK17tEh1rjQXph4Tkj9zP2vJ9YsJqH1u,ipfs,a2p-v1,animation_url artist artwork_id attributes bitmark_id collection_name creator description edition_index edition_number external_url image medium metadata_version name prev_provenance timestamp
0x3892f76ba32c77a1a04cb0bcd848d9472d859716,a2p-v1,53017527382160263344949129023907998942180735038365341211366764333346844304730,False,True,Edible HTML #7,,none,ipfs://QmTYmG3sojpBp8f4dpmk9PMdwQfwxJWmowD7us2E9xbTHt,ipfs,,none,a2p-v1,artist artwork_id attributes bitmark_id collection_name creator description edition_index edition_number external_url image medium metadata_version name prev_provenance timestamp
0x3892f76ba32c77a1a04cb0bcd848d9472d859716,a2p-v1,99123230400958327983629474283185741672485991312281923612759742373831566403630,False,True,GEOMANCER #5,,none,ipfs://QmNg98AJee6XE1vuuaijKgZRocgRCdThWvruZkqVAYu8e2,ipfs,ipfs://QmNQM1UFebW166FcyzwMfgy3ELsoWMjy56L6cdDYmstGfU,ipfs,a2p-v1,animation_url artist artwork_id attributes bitmark_id collection_name creator description edition_index edition_number external_url image medium metadata_version name prev_provenance timestamp
0x3892f76ba32c77a1a04cb0bcd848d9472d859716,a2p-v1,50892746011605534166848558821746201292006474695596201055438958978591407583422,False,True,Monopines (red)  #1,,none,ipfs://Qmd5H5LjZZtjv4iL82qqaPWfs2PXuoJHUY8ddcoLeFnRdw,ipfs,ipfs://QmZCm81iykAKLBEvua59c4nhS26itg4bjKEXx5D7KrJTLa,ipfs,a2p-v1,animation_url artist artwork_id attributes bitmark_id collection_name creator description edition_index edition_number external_url image medium metadata_version name prev_provenance timestamp
0x3892f76ba32c77a1a04cb0bcd848d9472d859716,a2p-v1,44208796436216815986959452549791939034095198564145863308164449807295677468171,False,True,Orbs on Stripes #5,,none,ipfs://QmQjFuJdkhF8fGiBLUj5Rhxysi6rQZYhsLgVjZ9Q2PWqHQ,ipfs,,none,a2p-v1,artist artwork_id attributes bitmark_id collection_name creator description edition_index edition_number external_url image medium metadata_version name prev_provenance timestamp
0x3892f76ba32c77a1a04cb0bcd848d9472d859716,a2p-v1,44208796436216815986959452549791939034095198564145863308164449807295677468173,False,True,Orbs on Stripes #7,,none,ipfs://QmQjFuJdkhF8fGiBLUj5Rhxysi6rQZYhsLgVjZ9Q2PWqHQ,ipfs,,none,a2p-v1,artist artwork_id attributes bitmark_id collection_name creator description edition_index edition_number external_url image medium metadata_version name prev_provenance timestamp
0x3892f76ba32c77a1a04cb0bcd848d9472d859716,a2p-v1,51880196634526704335514867273661110300042451917053629345590131564682772777168,False,True,MonumentValley #2,,none,ipfs://QmQvXxyox2Dg9ANpbU2prizN1vDkRMu3UG9XUBVDqPK2LH,ipfs,ipfs://QmVmw8NRmvWFVH9ZLDrwGRLwWNdKmZkVLnCTgr1T6PU653,ipfs,a2p-v1,animation_url artist artwork_id attributes bitmark_id collection_name creator description edition_index edition_number external_url image medium metadata_version name prev_provenance timestamp
0x3892f76ba32c77a1a04cb0bcd848d9472d859716,a2p-v1,100992970395263268322968873615907990363337122245102996041500569480111092072944,False,True,1MB of Balloons / 1MB of Rocks #1,,none,ipfs://QmUgFtNpYR4EDSV6hWdtHPLnWMVVdacPffcoTmhUEcLjxR,ipfs,,none,a2p-v1,artist artwork_id attributes bitmark_id collection_name creator description edition_index edition_number external_url image medium metadata_version name prev_provenance timestamp
0x3892f76ba32c77a1a04cb0bcd848d9472d859716,a2p-v1,70351697367019252423562190017822532482268899874701326628235071297862164022109,False,True,The Doors (LSD) #3,,none,ipfs://QmWFH7JyYAcDN4zyu8Vtah17bi1cwK9rz1znTMEdeiux2Q,ipfs,,none,a2p-v1,artist artwork_id attributes bitmark_id collection_name creator description edition_index edition_number external_url image medium metadata_version name prev_provenance timestamp
0x3892f76ba32c77a1a04cb0bcd848d9472d859716,a2p-v1,96008859668783775261730363204074868490813709215811316410519239066521928118027,False,True,Artefact 1 (Process) #8,,none,ipfs://QmbGLYG6RW6ZmUx4ec9QpQ8kv8ScgnPptmdpv2AwyokJ8E,ipfs,ipfs://QmVVVrF5nMxeg1XdhBkjUVrWxHb1XTp7bN5wgA3peFs6kk,ipfs,a2p-v1,animation_url artist artwork_id attributes bitmark_id collection_name creator description edition_index edition_number external_url image medium metadata_version name prev_provenance timestamp
0x3892f76ba32c77a1a04cb0bcd848d9472d859716,a2p-v1,70351697367019252423562190017822532482268899874701326628235071297862164022113,False,True,The Doors (LSD) #7,,none,ipfs://QmWFH7JyYAcDN4zyu8Vtah17bi1cwK9rz1znTMEdeiux2Q,ipfs,,none,a2p-v1,artist artwork_id attributes bitmark_id collection_name creator description edition_index edition_number external_url image medium metadata_version name prev_provenance timestamp
0x3892f76ba32c77a1a04cb0bcd848d9472d859716,a2p-v1,41050420652653872167263329982927341014592460152172326870716421702513421007548,False,True,NO LIMIT - ANDREA & OLIVIA #8,,none,ipfs://QmfZchH13M6v5cJV85MYHiPkJ9tpeQkh4mkBqBbmnLCdkH,ipfs,ipfs://QmVsLZYEeo7YSrkHTbSUzUBim5LAEwQMnxpPSwoXYThGye,ipfs,a2p-v1,animation_url artist artwork_id attributes bitmark_id collection_name creator description edition_index edition_number external_url image medium metadata_version name prev_provenance timestamp
0x3892f76ba32c77a1a04cb0bcd848d9472d859716,a2p-v1,56480982834241263380529850231448819231840889182336624108094092552158700584261,False,True,.notyetdef #4,,none,ipfs://Qmej77p1kzqaPs5V53wpeoDvMSfMnR3ChEDJh3Ra8XUWoc,ipfs,,none,a2p-v1,artist artwork_id attributes bitmark_id collection_name creator description edition_index edition_number external_url image medium metadata_version name prev_provenance timestamp
0x3892f76ba32c77a1a04cb0bcd848d9472d859716,a2p-v1,84104544900724796350083783892353691067628841733741277150739492782577255168632,False,True,Vietnam Romance Snakewine Seven of Spades #7,,none,ipfs://QmNzrqJGjh1Kjt5CAuuRg6z6T4o7feVZ3X6rUpK93RSzTB,ipfs,,none,a2p-v1,artist artwork_id attributes bitmark_id collection_name creator description edition_index edition_number external_url image medium metadata_version name prev_provenance timestamp
0x3892f76ba32c77a1a04cb0bcd848d9472d859716,a2p-v1,41050420652653872167263329982927341014592460152172326870716421702513421007541,False,True,NO LIMIT - ANDREA & OLIVIA #1,,none,ipfs://QmfZchH13M6v5cJV85MYHiPkJ9tpeQkh4mkBqBbmnLCdkH,ipfs,ipfs://QmVsLZYEeo7YSrkHTbSUzUBim5LAEwQMnxpPSwoXYThGye,ipfs,a2p-v1,animation_url artist artwork_id attributes bitmark_id collection_name creator description edition_index edition_number external_url image medium metadata_version name prev_provenance timestamp
0x3892f76ba32c77a1a04cb0bcd848d9472d859716,a2p-v1,76806164934568814000996932037634869101765680882636630858467980704245994692898,False,True,There Is So Much Going On #2,,none,ipfs://QmWAZWiEj7LguXEU7vLVdf9S3JcRdt5DTHM12TMoLxA1yh,ipfs,ipfs://QmXrDt2J5PJqCZqURgF7LmK75eihpGokcz7w2CXUtDasTW,ipfs,a2p-v1,animation_url artist artwork_id attributes bitmark_id collection_name creator description edition_index edition_number external_url image medium metadata_version name prev_provenance timestamp
0x3892f76ba32c77a1a04cb0bcd848d9472d859716,a2p-v1,22482855903228327465050677764364087057797365991171967554771589291361533214087,False,True,How To Play A Violin #1,,none,ipfs://QmPTg2vjmuCGBoSVe1wZSxvKRpRG4hkxr4ChgXUTtSEU5a,ipfs,ipfs://QmRxaAsnvCroSJj6vC5Hk1RhHup4xdTrLf4omZXNyzqbMn,ipfs,a2p-v1,animation_url artist artwork_id attributes bitmark_id collection_name creator description edition_index edition_number external_url image medium metadata_version name prev_provenance timestamp
0x3892f76ba32c77a1a04cb0bcd848d9472d859716,a2p-v1,38445646098599570027414249852672130489221020407667218914484846685409391514166,False,True,Politically Correct #8,,none,ipfs://QmNgHrU8n1QqSowx33F3YVY9rX9R6Xm2zfFSDbFr3nNJry,ipfs,,none,a2p-v1,artist artwork_id attributes bitmark_id collection_name creator description edition_index edition_number external_url image medium metadata_version name prev_provenance timestamp
0x3892f76ba32c77a1a04cb0bcd848d9472d859716,a2p-v1,38445646098599570027414249852672130489221020407667218914484846685409391514167,False,True,Politically Correct #9,,none,ipfs://QmNgHrU8n1QqSowx33F3YVY9rX9R6Xm2zfFSDbFr3nNJry,ipfs,,none,a2p-v1,artist artwork_id attributes bitmark_id collection_name creator description edition_index edition_number external_url image medium metadata_version name prev_provenance timestamp
0x3892f76ba32c77a1a04cb0bcd848d9472d859716,a2p-v1,38445646098599570027414249852672130489221020407667218914484846685409391514164,False,True,Politically Correct #6,,none,ipfs://QmNgHrU8n1QqSowx33F3YVY9rX9R6Xm2zfFSDbFr3nNJry,ipfs,,none,a2p-v1,artist artwork_id attributes bitmark_id collection_name creator description edition_index edition_number external_url image medium metadata_version name prev_provenance timestamp
0x3892f76ba32c77a1a04cb0bcd848d9472d859716,a2p-v1,38445646098599570027414249852672130489221020407667218914484846685409391514165,False,True,Politically Correct #7,,none,ipfs://QmNgHrU8n1QqSowx33F3YVY9rX9R6Xm2zfFSDbFr3nNJry,ipfs,,none,a2p-v1,artist artwork_id attributes bitmark_id collection_name creator description edition_index edition_number external_url image medium metadata_version name prev_provenance timestamp
0x3892f76ba32c77a1a04cb0bcd848d9472d859716,a2p-v1,38445646098599570027414249852672130489221020407667218914484846685409391514163,False,True,Politically Correct #5,,none,ipfs://QmNgHrU8n1QqSowx33F3YVY9rX9R6Xm2zfFSDbFr3nNJry,ipfs,,none,a2p-v1,artist artwork_id attributes bitmark_id collection_name creator description edition_index edition_number external_url image medium metadata_version name prev_provenance timestamp
0x3892f76ba32c77a1a04cb0bcd848d9472d859716,a2p-v1,38445646098599570027414249852672130489221020407667218914484846685409391514161,False,True,Politically Correct #3,,none,ipfs://QmNgHrU8n1QqSowx33F3YVY9rX9R6Xm2zfFSDbFr3nNJry,ipfs,,none,a2p-v1,artist artwork_id attributes bitmark_id collection_name creator description edition_index edition_number external_url image medium metadata_version name prev_provenance timestamp
0x3892f76ba32c77a1a04cb0bcd848d9472d859716,a2p-v1,38445646098599570027414249852672130489221020407667218914484846685409391514159,False,True,Politically Correct #1,,none,ipfs://QmNgHrU8n1QqSowx33F3YVY9rX9R6Xm2zfFSDbFr3nNJry,ipfs,,none,a2p-v1,artist artwork_id attributes bitmark_id collection_name creator description edition_index edition_number external_url image medium metadata_version name prev_provenance timestamp
0x3892f76ba32c77a1a04cb0bcd848d9472d859716,a2p-v1,38445646098599570027414249852672130489221020407667218914484846685409391514158,False,True,Politically Correct AP,,none,ipfs://QmNgHrU8n1QqSowx33F3YVY9rX9R6Xm2zfFSDbFr3nNJry,ipfs,,none,a2p-v1,artist artwork_id attributes bitmark_id collection_name creator description edition_index edition_number external_url image medium metadata_version name prev_provenance timestamp
0xc3ecd59ba5ec8dd2865dffce7bc7c2b60adb62bf,a2p-v2,101287797761539844178780320458290755819133386846584060063826966477732301546170,False,True,PlacesIveBeen-render02 #1,,none,ipfs://QmQ2aevhWsD9DxyUwqERWRwyXcaVfQwviC1QaDk1suNppJ,ipfs,ipfs://QmVHyEykFWNufEECiZ4DCLDXXY4NFuL4WnnzaV9WSxxcJ4,ipfs,a2p-v2,animation_url artist artwork_id attributes bitmark_id collection_name creator description edition_index edition_number external_url image medium metadata_version name prev_provenance timestamp
0xc3ecd59ba5ec8dd2865dffce7bc7c2b60adb62bf,a2p-v2,101287797761539844178780320458290755819133386846584060063826966477732301546177,False,True,PlacesIveBeen-render02 #8,,none,ipfs://QmQ2aevhWsD9DxyUwqERWRwyXcaVfQwviC1QaDk1suNppJ,ipfs,ipfs://QmVHyEykFWNufEECiZ4DCLDXXY4NFuL4WnnzaV9WSxxcJ4,ipfs,a2p-v2,animation_url artist artwork_id attributes bitmark_id collection_name creator description edition_index edition_number external_url image medium metadata_version name prev_provenance timestamp
0xc3ecd59ba5ec8dd2865dffce7bc7c2b60adb62bf,a2p-v2,101287797761539844178780320458290755819133386846584060063826966477732301546172,False,True,PlacesIveBeen-render02 #3,,none,ipfs://QmQ2aevhWsD9DxyUwqERWRwyXcaVfQwviC1QaDk1suNppJ,ipfs,ipfs://QmVHyEykFWNufEECiZ4DCLDXXY4NFuL4WnnzaV9WSxxcJ4,ipfs,a2p-v2,animation_url artist artwork_id attributes bitmark_id collection_name creator description edition_index edition_number external_url image medium metadata_version name prev_provenance timestamp
0xc3ecd59ba5ec8dd2865dffce7bc7c2b60adb62bf,a2p-v2,100488617523994451849021748920839148151784816751814471072083024325095797526360,False,True,exhaus #1,,none,ipfs://QmWCLaBGBGzX325bi14KWPAdGYDqUre2qa2NuMmEKshWmr,ipfs,ipfs://QmUDXsJiJZmc1oohaUA9usSEvnw1s2UTmf9wudEs4jLat1,ipfs,a2p-v2,animation_url artist artwork_id attributes bitmark_id collection_name creator description edition_index edition_number external_url image medium metadata_version name prev_provenance timestamp
0xc3ecd59ba5ec8dd2865dffce7bc7c2b60adb62bf,a2p-v2,101287797761539844178780320458290755819133386846584060063826966477732301546174,False,True,PlacesIveBeen-render02 #5,,none,ipfs://QmQ2aevhWsD9DxyUwqERWRwyXcaVfQwviC1QaDk1suNppJ,ipfs,ipfs://QmVHyEykFWNufEECiZ4DCLDXXY4NFuL4WnnzaV9WSxxcJ4,ipfs,a2p-v2,animation_url artist artwork_id attributes bitmark_id collection_name creator description edition_index edition_number external_url image medium metadata_version name prev_provenance timestamp
0xc3ecd59ba5ec8dd2865dffce7bc7c2b60adb62bf,a2p-v2,100488617523994451849021748920839148151784816751814471072083024325095797526368,False,True,exhaus #9,,none,ipfs://QmWCLaBGBGzX325bi14KWPAdGYDqUre2qa2NuMmEKshWmr,ipfs,ipfs://QmUDXsJiJZmc1oohaUA9usSEvnw1s2UTmf9wudEs4jLat1,ipfs,a2p-v2,animation_url artist artwork_id attributes bitmark_id collection_name creator description edition_index edition_number external_url image medium metadata_version name prev_provenance timestamp
0xc3ecd59ba5ec8dd2865dffce7bc7c2b60adb62bf,a2p-v2,100488617523994451849021748920839148151784816751814471072083024325095797526364,False,True,exhaus #5,,none,ipfs://QmWCLaBGBGzX325bi14KWPAdGYDqUre2qa2NuMmEKshWmr,ipfs,ipfs://QmUDXsJiJZmc1oohaUA9usSEvnw1s2UTmf9wudEs4jLat1,ipfs,a2p-v2,animation_url artist artwork_id attributes bitmark_id collection_name creator description edition_index edition_number external_url image medium metadata_version name prev_provenance timestamp
0xc3ecd59ba5ec8dd2865dffce7bc7c2b60adb62bf,a2p-v2,100488617523994451849021748920839148151784816751814471072083024325095797526366,False,True,exhaus #7,,none,ipfs://QmWCLaBGBGzX325bi14KWPAdGYDqUre2qa2NuMmEKshWmr,ipfs,ipfs://QmUDXsJiJZmc1oohaUA9usSEvnw1s2UTmf9wudEs4jLat1,ipfs,a2p-v2,animation_url artist artwork_id attributes bitmark_id collection_name creator description edition_index edition_number external_url image medium metadata_version name prev_provenance timestamp
0xc3ecd59ba5ec8dd2865dffce7bc7c2b60adb62bf,a2p-v2,114330116083628320423418058749493351820829234009985341840812538632386720512165,False,True,Tempo #5,,none,ipfs://Qmcy8wH2NPX8XpM2WYpEX5kkM4fp4wnVzf2RVwXkYQaXWw,ipfs,ipfs://QmUfwzutP6t2gfndj3urpDrZcquU2UdWRCQk2gEdbBBJsH,ipfs,a2p-v2,animation_url artist artwork_id attributes bitmark_id collection_name creator description edition_index edition_number external_url image medium metadata_version name prev_provenance timestamp
0xc3ecd59ba5ec8dd2865dffce7bc7c2b60adb62bf,a2p-v2,114330116083628320423418058749493351820829234009985341840812538632386720512162,False,True,Tempo #2,,none,ipfs://Qmcy8wH2NPX8XpM2WYpEX5kkM4fp4wnVzf2RVwXkYQaXWw,ipfs,ipfs://QmUfwzutP6t2gfndj3urpDrZcquU2UdWRCQk2gEdbBBJsH,ipfs,a2p-v2,animation_url artist artwork_id attributes bitmark_id collection_name creator description edition_index edition_number external_url image medium metadata_version name prev_provenance timestamp
0xc3ecd59ba5ec8dd2865dffce7bc7c2b60adb62bf,a2p-v2,114330116083628320423418058749493351820829234009985341840812538632386720512167,False,True,Tempo #7,,none,ipfs://Qmcy8wH2NPX8XpM2WYpEX5kkM4fp4wnVzf2RVwXkYQaXWw,ipfs,ipfs://QmUfwzutP6t2gfndj3urpDrZcquU2UdWRCQk2gEdbBBJsH,ipfs,a2p-v2,animation_url artist artwork_id attributes bitmark_id collection_name creator description edition_index edition_number external_url image medium metadata_version name prev_provenance timestamp
0xc3ecd59ba5ec8dd2865dffce7bc7c2b60adb62bf,a2p-v2,114330116083628320423418058749493351820829234009985341840812538632386720512170,False,True,Tempo #10,,none,ipfs://Qmcy8wH2NPX8XpM2WYpEX5kkM4fp4wnVzf2RVwXkYQaXWw,ipfs,ipfs://QmUfwzutP6t2gfndj3urpDrZcquU2UdWRCQk2gEdbBBJsH,ipfs,a2p-v2,animation_url artist artwork_id attributes bitmark_id collection_name creator description edition_index edition_number external_url image medium metadata_version name prev_provenance timestamp
0xc3ecd59ba5ec8dd2865dffce7bc7c2b60adb62bf,a2p-v2,114330116083628320423418058749493351820829234009985341840812538632386720512160,False,True,Tempo AP,,none,ipfs://Qmcy8wH2NPX8XpM2WYpEX5kkM4fp4wnVzf2RVwXkYQaXWw,ipfs,ipfs://QmUfwzutP6t2gfndj3urpDrZcquU2UdWRCQk2gEdbBBJsH,ipfs,a2p-v2,animation_url artist artwork_id attributes bitmark_id collection_name creator description edition_index edition_number external_url image medium metadata_version name prev_provenance timestamp
0xc3ecd59ba5ec8dd2865dffce7bc7c2b60adb62bf,a2p-v2,114330116083628320423418058749493351820829234009985341840812538632386720512168,False,True,Tempo #8,,none,ipfs://Qmcy8wH2NPX8XpM2WYpEX5kkM4fp4wnVzf2RVwXkYQaXWw,ipfs,ipfs://QmUfwzutP6t2gfndj3urpDrZcquU2UdWRCQk2gEdbBBJsH,ipfs,a2p-v2,animation_url artist artwork_id attributes bitmark_id collection_name creator description edition_index edition_number external_url image medium metadata_version name prev_provenance timestamp
0xc3ecd59ba5ec8dd2865dffce7bc7c2b60adb62bf,a2p-v2,114330116083628320423418058749493351820829234009985341840812538632386720512169,False,True,Tempo #9,,none,ipfs://Qmcy8wH2NPX8XpM2WYpEX5kkM4fp4wnVzf2RVwXkYQaXWw,ipfs,ipfs://QmUfwzutP6t2gfndj3urpDrZcquU2UdWRCQk2gEdbBBJsH,ipfs,a2p-v2,animation_url artist artwork_id attributes bitmark_id collection_name creator description edition_index edition_number external_url image medium metadata_version name prev_provenance timestamp
0xc3ecd59ba5ec8dd2865dffce7bc7c2b60adb62bf,a2p-v2,114330116083628320423418058749493351820829234009985341840812538632386720512163,False,True,Tempo #3,,none,ipfs://Qmcy8wH2NPX8XpM2WYpEX5kkM4fp4wnVzf2RVwXkYQaXWw,ipfs,ipfs://QmUfwzutP6t2gfndj3urpDrZcquU2UdWRCQk2gEdbBBJsH,ipfs,a2p-v2,animation_url artist artwork_id attributes bitmark_id collection_name creator description edition_index edition_number external_url image medium metadata_version name prev_provenance timestamp
0xc3ecd59ba5ec8dd2865dffce7bc7c2b60adb62bf,a2p-v2,114330116083628320423418058749493351820829234009985341840812538632386720512166,False,True,Tempo #6,,none,ipfs://Qmcy8wH2NPX8XpM2WYpEX5kkM4fp4wnVzf2RVwXkYQaXWw,ipfs,ipfs://QmUfwzutP6t2gfndj3urpDrZcquU2UdWRCQk2gEdbBBJsH,ipfs,a2p-v2,animation_url artist artwork_id attributes bitmark_id collection_name creator description edition_index edition_number external_url image medium metadata_version name prev_provenance timestamp
0xc3ecd59ba5ec8dd2865dffce7bc7c2b60adb62bf,a2p-v2,114330116083628320423418058749493351820829234009985341840812538632386720512164,False,True,Tempo #4,,none,ipfs://Qmcy8wH2NPX8XpM2WYpEX5kkM4fp4wnVzf2RVwXkYQaXWw,ipfs,ipfs://QmUfwzutP6t2gfndj3urpDrZcquU2UdWRCQk2gEdbBBJsH,ipfs,a2p-v2,animation_url artist artwork_id attributes bitmark_id collection_name creator description edition_index edition_number external_url image medium metadata_version name prev_provenance timestamp
0xc3ecd59ba5ec8dd2865dffce7bc7c2b60adb62bf,a2p-v2,105466589595170397634581222286383482718581629344127134608691057008431572123587,False,True,Metaphysical sequence #1,,none,ipfs://QmVwcfDmXV1zmR4RvMGiGYc5vmTvMSvHrZFSbCTf9TVFRw,ipfs,ipfs://QmTFarB3qzb7LvjX4QVBqYCuL3htZ5piECUErqG9JyWjLZ,ipfs,a2p-v2,animation_url artist artwork_id attributes bitmark_id collection_name creator description edition_index edition_number external_url image medium metadata_version name prev_provenance timestamp
0xc3ecd59ba5ec8dd2865dffce7bc7c2b60adb62bf,a2p-v2,105466589595170397634581222286383482718581629344127134608691057008431572123591,False,True,Metaphysical sequence #5,,none,ipfs://QmVwcfDmXV1zmR4RvMGiGYc5vmTvMSvHrZFSbCTf9TVFRw,ipfs,ipfs://QmTFarB3qzb7LvjX4QVBqYCuL3htZ5piECUErqG9JyWjLZ,ipfs,a2p-v2,animation_url artist artwork_id attributes bitmark_id collection_name creator description edition_index edition_number external_url image medium metadata_version name prev_provenance timestamp
0xc3ecd59ba5ec8dd2865dffce7bc7c2b60adb62bf,a2p-v2,105466589595170397634581222286383482718581629344127134608691057008431572123594,False,True,Metaphysical sequence #8,,none,ipfs://QmVwcfDmXV1zmR4RvMGiGYc5vmTvMSvHrZFSbCTf9TVFRw,ipfs,ipfs://QmTFarB3qzb7LvjX4QVBqYCuL3htZ5piECUErqG9JyWjLZ,ipfs,a2p-v2,animation_url artist artwork_id attributes bitmark_id collection_name creator description edition_index edition_number external_url image medium metadata_version name prev_provenance timestamp
0xc3ecd59ba5ec8dd2865dffce7bc7c2b60adb62bf,a2p-v2,105466589595170397634581222286383482718581629344127134608691057008431572123586,False,True,Metaphysical sequence AP,,none,ipfs://QmVwcfDmXV1zmR4RvMGiGYc5vmTvMSvHrZFSbCTf9TVFRw,ipfs,ipfs://QmTFarB3qzb7LvjX4QVBqYCuL3htZ5piECUErqG9JyWjLZ,ipfs,a2p-v2,animation_url artist artwork_id attributes bitmark_id collection_name creator description edition_index edition_number external_url image medium metadata_version name prev_provenance timestamp
0xc3ecd59ba5ec8dd2865dffce7bc7c2b60adb62bf,a2p-v2,105466589595170397634581222286383482718581629344127134608691057008431572123593,False,True,Metaphysical sequence #7,,none,ipfs://QmVwcfDmXV1zmR4RvMGiGYc5vmTvMSvHrZFSbCTf9TVFRw,ipfs,ipfs://QmTFarB3qzb7LvjX4QVBqYCuL3htZ5piECUErqG9JyWjLZ,ipfs,a2p-v2,animation_url artist artwork_id attributes bitmark_id collection_name creator description edition_index edition_number external_url image medium metadata_version name prev_provenance timestamp
0xc3ecd59ba5ec8dd2865dffce7bc7c2b60adb62bf,a2p-v2,105466589595170397634581222286383482718581629344127134608691057008431572123595,False,True,Metaphysical sequence #9,,none,ipfs://QmVwcfDmXV1zmR4RvMGiGYc5vmTvMSvHrZFSbCTf9TVFRw,ipfs,ipfs://QmTFarB3qzb7LvjX4QVBqYCuL3htZ5piECUErqG9JyWjLZ,ipfs,a2p-v2,animation_url artist artwork_id attributes bitmark_id collection_name creator description edition_index edition_number external_url image medium metadata_version name prev_provenance timestamp
0xc3ecd59ba5ec8dd2865dffce7bc7c2b60adb62bf,a2p-v2,105466589595170397634581222286383482718581629344127134608691057008431572123592,False,True,Metaphysical sequence #6,,none,ipfs://QmVwcfDmXV1zmR4RvMGiGYc5vmTvMSvHrZFSbCTf9TVFRw,ipfs,ipfs://QmTFarB3qzb7LvjX4QVBqYCuL3htZ5piECUErqG9JyWjLZ,ipfs,a2p-v2,animation_url artist artwork_id attributes bitmark_id collection_name creator description edition_index edition_number external_url image medium metadata_version name prev_provenance timestamp
0xc3ecd59ba5ec8dd2865dffce7bc7c2b60adb62bf,a2p-v2,105466589595170397634581222286383482718581629344127134608691057008431572123589,False,True,Metaphysical sequence #3,,none,ipfs://QmVwcfDmXV1zmR4RvMGiGYc5vmTvMSvHrZFSbCTf9TVFRw,ipfs,ipfs://QmTFarB3qzb7LvjX4QVBqYCuL3htZ5piECUErqG9JyWjLZ,ipfs,a2p-v2,animation_url artist artwork_id attributes bitmark_id collection_name creator description edition_index edition_number external_url image medium metadata_version name prev_provenance timestamp
0xc3ecd59ba5ec8dd2865dffce7bc7c2b60adb62bf,a2p-v2,98430263088793343939691905611483644929647999243015801163302444589063482857046,False,True,New York Apartment (print) #4,,none,ipfs://Qmc42y4BHRWJy1rHVM7hHY7dw3gBndtX1mhdVZeKjULFK1,ipfs,,none,a2p-v2,artist artwork_id attributes bitmark_id collection_name creator description edition_index edition_number external_url image medium metadata_version name prev_provenance timestamp
0xc3ecd59ba5ec8dd2865dffce7bc7c2b60adb62bf,a2p-v2,98430263088793343939691905611483644929647999243015801163302444589063482857044,False,True,New York Apartment (print) #2,,none,ipfs://Qmc42y4BHRWJy1rHVM7hHY7dw3gBndtX1mhdVZeKjULFK1,ipfs,,none,a2p-v2,artist artwork_id attributes bitmark_id collection_name creator description edition_index edition_number external_url image medium metadata_version name prev_provenance timestamp
0xc3ecd59ba5ec8dd2865dffce7bc7c2b60adb62bf,a2p-v2,98430263088793343939691905611483644929647999243015801163302444589063482857045,False,True,New York Apartment (print) #3,,none,ipfs://Qmc42y4BHRWJy1rHVM7hHY7dw3gBndtX1mhdVZeKjULFK1,ipfs,,none,a2p-v2,artist artwork_id attributes bitmark_id collection_name creator description edition_index edition_number external_url image medium metadata_version name prev_provenance timestamp
0xc3ecd59ba5ec8dd2865dffce7bc7c2b60adb62bf,a2p-v2,98430263088793343939691905611483644929647999243015801163302444589063482857042,False,True,New York Apartment (print) AP,,none,ipfs://Qmc42y4BHRWJy1rHVM7hHY7dw3gBndtX1mhdVZeKjULFK1,ipfs,,none,a2p-v2,artist artwork_id attributes bitmark_id collection_name creator description edition_index edition_number external_url image medium metadata_version name prev_provenance timestamp
0xc3ecd59ba5ec8dd2865dffce7bc7c2b60adb62bf,a2p-v2,98430263088793343939691905611483644929647999243015801163302444589063482857048,False,True,New York Apartment (print) #6,,none,ipfs://Qmc42y4BHRWJy1rHVM7hHY7dw3gBndtX1mhdVZeKjULFK1,ipfs,,none,a2p-v2,artist artwork_id attributes bitmark_id collection_name creator description edition_index edition_number external_url image medium metadata_version name prev_provenance timestamp
0xc3ecd59ba5ec8dd2865dffce7bc7c2b60adb62bf,a2p-v2,98430263088793343939691905611483644929647999243015801163302444589063482857047,False,True,New York Apartment (print) #5,,none,ipfs://Qmc42y4BHRWJy1rHVM7hHY7dw3gBndtX1mhdVZeKjULFK1,ipfs,,none,a2p-v2,artist artwork_id attributes bitmark_id collection_name creator description edition_index edition_number external_url image medium metadata_version name prev_provenance timestamp
0xc3ecd59ba5ec8dd2865dffce7bc7c2b60adb62bf,a2p-v2,98430263088793343939691905611483644929647999243015801163302444589063482857050,False,True,New York Apartment (print) #8,,none,ipfs://Qmc42y4BHRWJy1rHVM7hHY7dw3gBndtX1mhdVZeKjULFK1,ipfs,,none,a2p-v2,artist artwork_id attributes bitmark_id collection_name creator description edition_index edition_number external_url image medium metadata_version name prev_provenance timestamp
0xc3ecd59ba5ec8dd2865dffce7bc7c2b60adb62bf,a2p-v2,109514051771226428183939496973026594246327269255770162766380684156725961139189,False,True,Black Gold (2018) #3,,none,ipfs://QmUC9s3JFgY49dgHCvV849v6y3N295jZsMSMS2rDEdhfGT,ipfs,ipfs://QmVuYVi3uBnBMoGJoUgrAxNX2VLRhbA9pqGyC7rDVmPW88,ipfs,a2p-v2,animation_url artist artwork_id attributes bitmark_id collection_name creator description edition_index edition_number external_url image medium metadata_version name prev_provenance timestamp
0xc3ecd59ba5ec8dd2865dffce7bc7c2b60adb62bf,a2p-v2,98430263088793343939691905611483644929647999243015801163302444589063482857051,False,True,New York Apartment (print) #9,,none,ipfs://Qmc42y4BHRWJy1rHVM7hHY7dw3gBndtX1mhdVZeKjULFK1,ipfs,,none,a2p-v2,artist artwork_id attributes bitmark_id collection_name creator description edition_index edition_number external_url image medium metadata_version name prev_provenance timestamp
0xc3ecd59ba5ec8dd2865dffce7bc7c2b60adb62bf,a2p-v2,109514051771226428183939496973026594246327269255770162766380684156725961139195,False,True,Black Gold (2018) #9,,none,ipfs://QmUC9s3JFgY49dgHCvV849v6y3N295jZsMSMS2rDEdhfGT,ipfs,ipfs://QmVuYVi3uBnBMoGJoUgrAxNX2VLRhbA9pqGyC7rDVmPW88,ipfs,a2p-v2,animation_url artist artwork_id attributes bitmark_id collection_name creator description edition_index edition_number external_url image medium metadata_version name prev_provenance timestamp
0xc3ecd59ba5ec8dd2865dffce7bc7c2b60adb62bf,a2p-v2,109514051771226428183939496973026594246327269255770162766380684156725961139192,False,True,Black Gold (2018) #6,,none,ipfs://QmUC9s3JFgY49dgHCvV849v6y3N295jZsMSMS2rDEdhfGT,ipfs,ipfs://QmVuYVi3uBnBMoGJoUgrAxNX2VLRhbA9pqGyC7rDVmPW88,ipfs,a2p-v2,animation_url artist artwork_id attributes bitmark_id collection_name creator description edition_index edition_number external_url image medium metadata_version name prev_provenance timestamp
0xc3ecd59ba5ec8dd2865dffce7bc7c2b60adb62bf,a2p-v2,109514051771226428183939496973026594246327269255770162766380684156725961139190,False,True,Black Gold (2018) #4,,none,ipfs://QmUC9s3JFgY49dgHCvV849v6y3N295jZsMSMS2rDEdhfGT,ipfs,ipfs://QmVuYVi3uBnBMoGJoUgrAxNX2VLRhbA9pqGyC7rDVmPW88,ipfs,a2p-v2,animation_url artist artwork_id attributes bitmark_id collection_name creator description edition_index edition_number external_url image medium metadata_version name prev_provenance timestamp
0xc3ecd59ba5ec8dd2865dffce7bc7c2b60adb62bf,a2p-v2,109514051771226428183939496973026594246327269255770162766380684156725961139194,False,True,Black Gold (2018) #8,,none,ipfs://QmUC9s3JFgY49dgHCvV849v6y3N295jZsMSMS2rDEdhfGT,ipfs,ipfs://QmVuYVi3uBnBMoGJoUgrAxNX2VLRhbA9pqGyC7rDVmPW88,ipfs,a2p-v2,animation_url artist artwork_id attributes bitmark_id collection_name creator description edition_index edition_number external_url image medium metadata_version name prev_provenance timestamp
0xc3ecd59ba5ec8dd2865dffce7bc7c2b60adb62bf,a2p-v2,109514051771226428183939496973026594246327269255770162766380684156725961139191,False,True,Black Gold (2018) #5,,none,ipfs://QmUC9s3JFgY49dgHCvV849v6y3N295jZsMSMS2rDEdhfGT,ipfs,ipfs://QmVuYVi3uBnBMoGJoUgrAxNX2VLRhbA9pqGyC7rDVmPW88,ipfs,a2p-v2,animation_url artist artwork_id attributes bitmark_id collection_name creator description edition_index edition_number external_url image medium metadata_version name prev_provenance timestamp
0xc3ecd59ba5ec8dd2865dffce7bc7c2b60adb62bf,a2p-v2,109514051771226428183939496973026594246327269255770162766380684156725961139188,False,True,Black Gold (2018) #2,,none,ipfs://QmUC9s3JFgY49dgHCvV849v6y3N295jZsMSMS2rDEdhfGT,ipfs,ipfs://QmVuYVi3uBnBMoGJoUgrAxNX2VLRhbA9pqGyC7rDVmPW88,ipfs,a2p-v2,animation_url artist artwork_id attributes bitmark_id collection_name creator description edition_index edition_number external_url image medium metadata_version name prev_provenance timestamp
0xc3ecd59ba5ec8dd2865dffce7bc7c2b60adb62bf,a2p-v2,109514051771226428183939496973026594246327269255770162766380684156725961139196,False,True,Black Gold (2018) #10,,none,ipfs://QmUC9s3JFgY49dgHCvV849v6y3N295jZsMSMS2rDEdhfGT,ipfs,ipfs://QmVuYVi3uBnBMoGJoUgrAxNX2VLRhbA9pqGyC7rDVmPW88,ipfs,a2p-v2,animation_url artist artwork_id attributes bitmark_id collection_name creator description edition_index edition_number external_url image medium metadata_version name prev_provenance timestamp
0xc3ecd59ba5ec8dd2865dffce7bc7c2b60adb62bf,a2p-v2,102036039863686602004109630486830357499165397911650648538409074119114230774680,False,True,Free Will Mode (Digifeminists Burning Down The House) #10,,none,ipfs://QmYisu5fXixZrLbmWdtSo2y7Wcyy7WEz2tAoBwiUXjExgn,ipfs,ipfs://QmYAZSAEXEYmAPJNzggiTyF4MSDEJat8Nh51yQYY41VV9p,ipfs,a2p-v2,animation_url artist artwork_id attributes bitmark_id collection_name creator description edition_index edition_number external_url image medium metadata_version name prev_provenance timestamp
0xc3ecd59ba5ec8dd2865dffce7bc7c2b60adb62bf,a2p-v2,102036039863686602004109630486830357499165397911650648538409074119114230774670,False,True,Free Will Mode (Digifeminists Burning Down The House) AP,,none,ipfs://QmYisu5fXixZrLbmWdtSo2y7Wcyy7WEz2tAoBwiUXjExgn,ipfs,ipfs://QmYAZSAEXEYmAPJNzggiTyF4MSDEJat8Nh51yQYY41VV9p,ipfs,a2p-v2,animation_url artist artwork_id attributes bitmark_id collection_name creator description edition_index edition_number external_url image medium metadata_version name prev_provenance timestamp
0xc3ecd59ba5ec8dd2865dffce7bc7c2b60adb62bf,a2p-v2,112152573782687223857517796469041363951747220482648329955192833687557042511269,False,True,The End #2,,none,ipfs://QmbbtF8rZxf5aZwoLcmuyY8HhLvg7GDUT8fq73DJQ48g6j,ipfs,ipfs://QmNypdKYo4otsrYyH35J8de7DpQ8EeeN1vqNwhA3EQ56UK,ipfs,a2p-v2,animation_url artist artwork_id attributes bitmark_id collection_name creator description edition_index edition_number external_url image medium metadata_version name prev_provenance timestamp
0xc3ecd59ba5ec8dd2865dffce7bc7c2b60adb62bf,a2p-v2,112152573782687223857517796469041363951747220482648329955192833687557042511274,False,True,The End #7,,none,ipfs://QmbbtF8rZxf5aZwoLcmuyY8HhLvg7GDUT8fq73DJQ48g6j,ipfs,ipfs://QmNypdKYo4otsrYyH35J8de7DpQ8EeeN1vqNwhA3EQ56UK,ipfs,a2p-v2,animation_url artist artwork_id attributes bitmark_id collection_name creator description edition_index edition_number external_url image medium metadata_version name prev_provenance timestamp
0xc3ecd59ba5ec8dd2865dffce7bc7c2b60adb62bf,a2p-v2,112152573782687223857517796469041363951747220482648329955192833687557042511267,False,True,The End AP,,none,ipfs://QmbbtF8rZxf5aZwoLcmuyY8HhLvg7GDUT8fq73DJQ48g6j,ipfs,ipfs://QmNypdKYo4otsrYyH35J8de7DpQ8EeeN1vqNwhA3EQ56UK,ipfs,a2p-v2,animation_url artist artwork_id attributes bitmark_id collection_name creator description edition_index edition_number external_url image medium metadata_version name prev_provenance timestamp
0xc3ecd59ba5ec8dd2865dffce7bc7c2b60adb62bf,a2p-v2,102036039863686602004109630486830357499165397911650648538409074119114230774677,False,True,Free Will Mode (Digifeminists Burning Down The House) #7,,none,ipfs://QmYisu5fXixZrLbmWdtSo2y7Wcyy7WEz2tAoBwiUXjExgn,ipfs,ipfs://QmYAZSAEXEYmAPJNzggiTyF4MSDEJat8Nh51yQYY41VV9p,ipfs,a2p-v2,animation_url artist artwork_id attributes bitmark_id collection_name creator description edition_index edition_number external_url image medium metadata_version name prev_provenance timestamp
0xc3ecd59ba5ec8dd2865dffce7bc7c2b60adb62bf,a2p-v2,102036039863686602004109630486830357499165397911650648538409074119114230774672,False,True,Free Will Mode (Digifeminists Burning Down The House) #2,,none,ipfs://QmYisu5fXixZrLbmWdtSo2y7Wcyy7WEz2tAoBwiUXjExgn,ipfs,ipfs://QmYAZSAEXEYmAPJNzggiTyF4MSDEJat8Nh51yQYY41VV9p,ipfs,a2p-v2,animation_url artist artwork_id attributes bitmark_id collection_name creator description edition_index edition_number external_url image medium metadata_version name prev_provenance timestamp
0xc3ecd59ba5ec8dd2865dffce7bc7c2b60adb62bf,a2p-v2,102036039863686602004109630486830357499165397911650648538409074119114230774671,False,True,Free Will Mode (Digifeminists Burning Down The House) #1,,none,ipfs://QmYisu5fXixZrLbmWdtSo2y7Wcyy7WEz2tAoBwiUXjExgn,ipfs,ipfs://QmYAZSAEXEYmAPJNzggiTyF4MSDEJat8Nh51yQYY41VV9p,ipfs,a2p-v2,animation_url artist artwork_id attributes bitmark_id collection_name creator description edition_index edition_number external_url image medium metadata_version name prev_provenance timestamp
0xc3ecd59ba5ec8dd2865dffce7bc7c2b60adb62bf,a2p-v2,102036039863686602004109630486830357499165397911650648538409074119114230774674,False,True,Free Will Mode (Digifeminists Burning Down The House) #4,,none,ipfs://QmYisu5fXixZrLbmWdtSo2y7Wcyy7WEz2tAoBwiUXjExgn,ipfs,ipfs://QmYAZSAEXEYmAPJNzggiTyF4MSDEJat8Nh51yQYY41VV9p,ipfs,a2p-v2,animation_url artist artwork_id attributes bitmark_id collection_name creator description edition_index edition_number external_url image medium metadata_version name prev_provenance timestamp
0xc3ecd59ba5ec8dd2865dffce7bc7c2b60adb62bf,a2p-v2,102036039863686602004109630486830357499165397911650648538409074119114230774675,False,True,Free Will Mode (Digifeminists Burning Down The House) #5,,none,ipfs://QmYisu5fXixZrLbmWdtSo2y7Wcyy7WEz2tAoBwiUXjExgn,ipfs,ipfs://QmYAZSAEXEYmAPJNzggiTyF4MSDEJat8Nh51yQYY41VV9p,ipfs,a2p-v2,animation_url artist artwork_id attributes bitmark_id collection_name creator description edition_index edition_number external_url image medium metadata_version name prev_provenance timestamp
0xc3ecd59ba5ec8dd2865dffce7bc7c2b60adb62bf,a2p-v2,102036039863686602004109630486830357499165397911650648538409074119114230774673,False,True,Free Will Mode (Digifeminists Burning Down The House) #3,,none,ipfs://QmYisu5fXixZrLbmWdtSo2y7Wcyy7WEz2tAoBwiUXjExgn,ipfs,ipfs://QmYAZSAEXEYmAPJNzggiTyF4MSDEJat8Nh51yQYY41VV9p,ipfs,a2p-v2,animation_url artist artwork_id attributes bitmark_id collection_name creator description edition_index edition_number external_url image medium metadata_version name prev_provenance timestamp
0xc3ecd59ba5ec8dd2865dffce7bc7c2b60adb62bf,a2p-v2,112152573782687223857517796469041363951747220482648329955192833687557042511270,False,True,The End #3,,none,ipfs://QmbbtF8rZxf5aZwoLcmuyY8HhLvg7GDUT8fq73DJQ48g6j,ipfs,ipfs://QmNypdKYo4otsrYyH35J8de7DpQ8EeeN1vqNwhA3EQ56UK,ipfs,a2p-v2,animation_url artist artwork_id attributes bitmark_id collection_name creator description edition_index edition_number external_url image medium metadata_version name prev_provenance timestamp
0xc3ecd59ba5ec8dd2865dffce7bc7c2b60adb62bf,a2p-v2,105489961766676874635304958399109039727602855627408122871389589037821654914387,False,True,Share My Sky With You #8,,none,ipfs://QmNbCDY51azKognjLWmzGnfWBrhNUyZiyQ5q2zkdwah7u5,ipfs,ipfs://QmNUaQd4HkcNEeYuuyP4iXhmmQh7b7hEoEk2ojzyRjW3Jv,ipfs,a2p-v2,animation_url artist artwork_id attributes bitmark_id collection_name creator description edition_index edition_number external_url image medium metadata_version name prev_provenance timestamp
0xc3ecd59ba5ec8dd2865dffce7bc7c2b60adb62bf,a2p-v2,105489961766676874635304958399109039727602855627408122871389589037821654914382,False,True,Share My Sky With You #3,,none,ipfs://QmNbCDY51azKognjLWmzGnfWBrhNUyZiyQ5q2zkdwah7u5,ipfs,ipfs://QmNUaQd4HkcNEeYuuyP4iXhmmQh7b7hEoEk2ojzyRjW3Jv,ipfs,a2p-v2,animation_url artist artwork_id attributes bitmark_id collection_name creator description edition_index edition_number external_url image medium metadata_version name prev_provenance timestamp
0xc3ecd59ba5ec8dd2865dffce7bc7c2b60adb62bf,a2p-v2,98264980923967358017843757895195576202508743779465403143150915361542785039225,False,True,Fuzz Dungeon: An Introduction #7,,none,ipfs://QmNoJA7BofVTHrrg3wu7QLEKy3HKmSJJ3eX6LYRKLv87Ra,ipfs,ipfs://QmSHmDYEyiPbujfYXrbu6ZjeV9yUgsBoQUHNZ6eXCCiMcq,ipfs,a2p-v2,animation_url artist artwork_id attributes bitmark_id collection_name creator description edition_index edition_number external_url image medium metadata_version name prev_provenance timestamp
0xc3ecd59ba5ec8dd2865dffce7bc7c2b60adb62bf,a2p-v2,98264980923967358017843757895195576202508743779465403143150915361542785039224,False,True,Fuzz Dungeon: An Introduction #6,,none,ipfs://QmNoJA7BofVTHrrg3wu7QLEKy3HKmSJJ3eX6LYRKLv87Ra,ipfs,ipfs://QmSHmDYEyiPbujfYXrbu6ZjeV9yUgsBoQUHNZ6eXCCiMcq,ipfs,a2p-v2,animation_url artist artwork_id attributes bitmark_id collection_name creator description edition_index edition_number external_url image medium metadata_version name prev_provenance timestamp
0xc3ecd59ba5ec8dd2865dffce7bc7c2b60adb62bf,a2p-v2,105489961766676874635304958399109039727602855627408122871389589037821654914381,False,True,Share My Sky With You #2,,none,ipfs://QmNbCDY51azKognjLWmzGnfWBrhNUyZiyQ5q2zkdwah7u5,ipfs,ipfs://QmNUaQd4HkcNEeYuuyP4iXhmmQh7b7hEoEk2ojzyRjW3Jv,ipfs,a2p-v2,animation_url artist artwork_id attributes bitmark_id collection_name creator description edition_index edition_number external_url image medium metadata_version name prev_provenance timestamp
0xc3ecd59ba5ec8dd2865dffce7bc7c2b60adb62bf,a2p-v2,106458073976948569406069007393349726137627875830193157406262462902880791564932,False,True,Materialized Ground (v0.2) #10,,none,ipfs://QmVV7CnsTtWRMYo5MJDAXN3ASJt2njgkSswheTgusaJkVg,ipfs,ipfs://QmUv5M1pstphCYbhSJUUTrs7yB6mw5Q4nKchFT3paG19UV,ipfs,a2p-v2,animation_url artist artwork_id attributes bitmark_id collection_name creator description edition_index edition_number external_url image medium metadata_version name prev_provenance timestamp
0xc3ecd59ba5ec8dd2865dffce7bc7c2b60adb62bf,a2p-v2,106458073976948569406069007393349726137627875830193157406262462902880791564925,False,True,Materialized Ground (v0.2) #3,,none,ipfs://QmVV7CnsTtWRMYo5MJDAXN3ASJt2njgkSswheTgusaJkVg,ipfs,ipfs://QmUv5M1pstphCYbhSJUUTrs7yB6mw5Q4nKchFT3paG19UV,ipfs,a2p-v2,animation_url artist artwork_id attributes bitmark_id collection_name creator description edition_index edition_number external_url image medium metadata_version name prev_provenance timestamp
0xc3ecd59ba5ec8dd2865dffce7bc7c2b60adb62bf,a2p-v2,105489961766676874635304958399109039727602855627408122871389589037821654914386,False,True,Share My Sky With You #7,,none,ipfs://QmNbCDY51azKognjLWmzGnfWBrhNUyZiyQ5q2zkdwah7u5,ipfs,ipfs://QmNUaQd4HkcNEeYuuyP4iXhmmQh7b7hEoEk2ojzyRjW3Jv,ipfs,a2p-v2,animation_url artist artwork_id attributes bitmark_id collection_name creator description edition_index edition_number external_url image medium metadata_version name prev_provenance timestamp
0xc3ecd59ba5ec8dd2865dffce7bc7c2b60adb62bf,a2p-v2,106458073976948569406069007393349726137627875830193157406262462902880791564930,False,True,Materialized Ground (v0.2) #8,,none,ipfs://QmVV7CnsTtWRMYo5MJDAXN3ASJt2njgkSswheTgusaJkVg,ipfs,ipfs://QmUv5M1pstphCYbhSJUUTrs7yB6mw5Q4nKchFT3paG19UV,ipfs,a2p-v2,animation_url artist artwork_id attributes bitmark_id collection_name creator description edition_index edition_number external_url image medium metadata_version name prev_provenance timestamp
0xc3ecd59ba5ec8dd2865dffce7bc7c2b60adb62bf,a2p-v2,98264980923967358017843757895195576202508743779465403143150915361542785039227,False,True,Fuzz Dungeon: An Introduction #9,,none,ipfs://QmNoJA7BofVTHrrg3wu7QLEKy3HKmSJJ3eX6LYRKLv87Ra,ipfs,ipfs://QmSHmDYEyiPbujfYXrbu6ZjeV9yUgsBoQUHNZ6eXCCiMcq,ipfs,a2p-v2,animation_url artist artwork_id attributes bitmark_id collection_name creator description edition_index edition_number external_url image medium metadata_version name prev_provenance timestamp
0xc3ecd59ba5ec8dd2865dffce7bc7c2b60adb62bf,a2p-v2,105489961766676874635304958399109039727602855627408122871389589037821654914385,False,True,Share My Sky With You #6,,none,ipfs://QmNbCDY51azKognjLWmzGnfWBrhNUyZiyQ5q2zkdwah7u5,ipfs,ipfs://QmNUaQd4HkcNEeYuuyP4iXhmmQh7b7hEoEk2ojzyRjW3Jv,ipfs,a2p-v2,animation_url artist artwork_id attributes bitmark_id collection_name creator description edition_index edition_number external_url image medium metadata_version name prev_provenance timestamp
0xc3ecd59ba5ec8dd2865dffce7bc7c2b60adb62bf,a2p-v2,106458073976948569406069007393349726137627875830193157406262462902880791564924,False,True,Materialized Ground (v0.2) #2,,none,ipfs://QmVV7CnsTtWRMYo5MJDAXN3ASJt2njgkSswheTgusaJkVg,ipfs,ipfs://QmUv5M1pstphCYbhSJUUTrs7yB6mw5Q4nKchFT3paG19UV,ipfs,a2p-v2,animation_url artist artwork_id attributes bitmark_id collection_name creator description edition_index edition_number external_url image medium metadata_version name prev_provenance timestamp
0xc3ecd59ba5ec8dd2865dffce7bc7c2b60adb62bf,a2p-v2,106458073976948569406069007393349726137627875830193157406262462902880791564922,False,True,Materialized Ground (v0.2) AP,,none,ipfs://QmVV7CnsTtWRMYo5MJDAXN3ASJt2njgkSswheTgusaJkVg,ipfs,ipfs://QmUv5M1pstphCYbhSJUUTrs7yB6mw5Q4nKchFT3paG19UV,ipfs,a2p-v2,animation_url artist artwork_id attributes bitmark_id collection_name creator description edition_index edition_number external_url image medium metadata_version name prev_provenance timestamp
0xc3ecd59ba5ec8dd2865dffce7bc7c2b60adb62bf,a2p-v2,105489961766676874635304958399109039727602855627408122871389589037821654914379,False,True,Share My Sky With You AP,,none,ipfs://QmNbCDY51azKognjLWmzGnfWBrhNUyZiyQ5q2zkdwah7u5,ipfs,ipfs://QmNUaQd4HkcNEeYuuyP4iXhmmQh7b7hEoEk2ojzyRjW3Jv,ipfs,a2p-v2,animation_url artist artwork_id attributes bitmark_id collection_name creator description edition_index edition_number external_url image medium metadata_version name prev_provenance timestamp
0xc3ecd59ba5ec8dd2865dffce7bc7c2b60adb62bf,a2p-v2,105489961766676874635304958399109039727602855627408122871389589037821654914384,False,True,Share My Sky With You #5,,none,ipfs://QmNbCDY51azKognjLWmzGnfWBrhNUyZiyQ5q2zkdwah7u5,ipfs,ipfs://QmNUaQd4HkcNEeYuuyP4iXhmmQh7b7hEoEk2ojzyRjW3Jv,ipfs,a2p-v2,animation_url artist artwork_id attributes bitmark_id collection_name creator description edition_index edition_number external_url image medium metadata_version name prev_provenance timestamp
0xc3ecd59ba5ec8dd2865dffce7bc7c2b60adb62bf,a2p-v2,105489961766676874635304958399109039727602855627408122871389589037821654914388,False,True,Share My Sky With You #9,,none,ipfs://QmNbCDY51azKognjLWmzGnfWBrhNUyZiyQ5q2zkdwah7u5,ipfs,ipfs://QmNUaQd4HkcNEeYuuyP4iXhmmQh7b7hEoEk2ojzyRjW3Jv,ipfs,a2p-v2,animation_url artist artwork_id attributes bitmark_id collection_name creator description edition_index edition_number external_url image medium metadata_version name prev_provenance timestamp
0xc3ecd59ba5ec8dd2865dffce7bc7c2b60adb62bf,a2p-v2,74631251376314902799131745187369633144858068170268945716356955097572149799601,False,True,FIFTY #5,,none,ipfs://QmerFHLSgeuB8CLvuTki5k7uR952C57F237XPHSESzkPfd,ipfs,ipfs://QmWefetMHdXiVTYJfSx6ZMotcrKJvf5cgncvsmxKZ5BRx6,ipfs,a2p-v2,animation_url artist artwork_id attributes bitmark_id collection_name creator description edition_index edition_number external_url image medium metadata_version name prev_provenance timestamp
0xc3ecd59ba5ec8dd2865dffce7bc7c2b60adb62bf,a2p-v2,74631251376314902799131745187369633144858068170268945716356955097572149799603,False,True,FIFTY #7,,none,ipfs://QmerFHLSgeuB8CLvuTki5k7uR952C57F237XPHSESzkPfd,ipfs,ipfs://QmWefetMHdXiVTYJfSx6ZMotcrKJvf5cgncvsmxKZ5BRx6,ipfs,a2p-v2,animation_url artist artwork_id attributes bitmark_id collection_name creator description edition_index edition_number external_url image medium metadata_version name prev_provenance timestamp
0xc3ecd59ba5ec8dd2865dffce7bc7c2b60adb62bf,a2p-v2,74631251376314902799131745187369633144858068170268945716356955097572149799598,False,True,FIFTY #2,,none,ipfs://QmerFHLSgeuB8CLvuTki5k7uR952C57F237XPHSESzkPfd,ipfs,ipfs://QmWefetMHdXiVTYJfSx6ZMotcrKJvf5cgncvsmxKZ5BRx6,ipfs,a2p-v2,animation_url artist artwork_id attributes bitmark_id collection_name creator description edition_index edition_number external_url image medium metadata_version name prev_provenance timestamp
0xc3ecd59ba5ec8dd2865dffce7bc7c2b60adb62bf,a2p-v2,74631251376314902799131745187369633144858068170268945716356955097572149799596,False,True,FIFTY AP,,none,ipfs://QmerFHLSgeuB8CLvuTki5k7uR952C57F237XPHSESzkPfd,ipfs,ipfs://QmWefetMHdXiVTYJfSx6ZMotcrKJvf5cgncvsmxKZ5BRx6,ipfs,a2p-v2,animation_url artist artwork_id attributes bitmark_id collection_name creator description edition_index edition_number external_url image medium metadata_version name prev_provenance timestamp
0xc3ecd59ba5ec8dd2865dffce7bc7c2b60adb62bf,a2p-v2,74631251376314902799131745187369633144858068170268945716356955097572149799602,False,True,FIFTY #6,,none,ipfs://QmerFHLSgeuB8CLvuTki5k7uR952C57F237XPHSESzkPfd,ipfs,ipfs://QmWefetMHdXiVTYJfSx6ZMotcrKJvf5cgncvsmxKZ5BRx6,ipfs,a2p-v2,animation_url artist artwork_id attributes bitmark_id collection_name creator description edition_index edition_number external_url image medium metadata_version name prev_provenance timestamp
0xc3ecd59ba5ec8dd2865dffce7bc7c2b60adb62bf,a2p-v2,74631251376314902799131745187369633144858068170268945716356955097572149799606,False,True,FIFTY #10,,none,ipfs://QmerFHLSgeuB8CLvuTki5k7uR952C57F237XPHSESzkPfd,ipfs,ipfs://QmWefetMHdXiVTYJfSx6ZMotcrKJvf5cgncvsmxKZ5BRx6,ipfs,a2p-v2,animation_url artist artwork_id attributes bitmark_id collection_name creator description edition_index edition_number external_url image medium metadata_version name prev_provenance timestamp
0xc3ecd59ba5ec8dd2865dffce7bc7c2b60adb62bf,a2p-v2,90701943999524471265707411172902574716118338202587476531459446002483280771572,False,True,Still#002 #2,,none,ipfs://QmVqGkAtF76n4eaL89tzdhmGxf73quk1Pvk3QFvHURbRQq,ipfs,,none,a2p-v2,artist artwork_id attributes bitmark_id collection_name creator description edition_index edition_number external_url image medium metadata_version name prev_provenance timestamp
0xc3ecd59ba5ec8dd2865dffce7bc7c2b60adb62bf,a2p-v2,90701943999524471265707411172902574716118338202587476531459446002483280771570,False,True,Still#002 AP,,none,ipfs://QmVqGkAtF76n4eaL89tzdhmGxf73quk1Pvk3QFvHURbRQq,ipfs,,none,a2p-v2,artist artwork_id attributes bitmark_id collection_name creator description edition_index edition_number external_url image medium metadata_version name prev_provenance timestamp
0xc3ecd59ba5ec8dd2865dffce7bc7c2b60adb62bf,a2p-v2,90701943999524471265707411172902574716118338202587476531459446002483280771573,False,True,Still#002 #3,,none,ipfs://QmVqGkAtF76n4eaL89tzdhmGxf73quk1Pvk3QFvHURbRQq,ipfs,,none,a2p-v2,artist artwork_id attributes bitmark_id collection_name creator description edition_index edition_number external_url image medium metadata_version name prev_provenance timestamp
0xc3ecd59ba5ec8dd2865dffce7bc7c2b60adb62bf,a2p-v2,90701943999524471265707411172902574716118338202587476531459446002483280771571,False,True,Still#002 #1,,none,ipfs://QmVqGkAtF76n4eaL89tzdhmGxf73quk1Pvk3QFvHURbRQq,ipfs,,none,a2p-v2,artist artwork_id attributes bitmark_id collection_name creator description edition_index edition_number external_url image medium metadata_version name prev_provenance timestamp
0xc3ecd59ba5ec8dd2865dffce7bc7c2b60adb62bf,a2p-v2,90701943999524471265707411172902574716118338202587476531459446002483280771574,False,True,Still#002 #4,,none,ipfs://QmVqGkAtF76n4eaL89tzdhmGxf73quk1Pvk3QFvHURbRQq,ipfs,,none,a2p-v2,artist artwork_id attributes bitmark_id collection_name creator description edition_index edition_number external_url image medium metadata_version name prev_provenance timestamp
0xc3ecd59ba5ec8dd2865dffce7bc7c2b60adb62bf,a2p-v2,90701943999524471265707411172902574716118338202587476531459446002483280771575,False,True,Still#002 #5,,none,ipfs://QmVqGkAtF76n4eaL89tzdhmGxf73quk1Pvk3QFvHURbRQq,ipfs,,none,a2p-v2,artist artwork_id attributes bitmark_id collection_name creator description edition_index edition_number external_url image medium metadata_version name prev_provenance timestamp
0xc3ecd59ba5ec8dd2865dffce7bc7c2b60adb62bf,a2p-v2,90701943999524471265707411172902574716118338202587476531459446002483280771578,False,True,Still#002 #8,,none,ipfs://QmVqGkAtF76n4eaL89tzdhmGxf73quk1Pvk3QFvHURbRQq,ipfs,,none,a2p-v2,artist artwork_id attributes bitmark_id collection_name creator description edition_index edition_number external_url image medium metadata_version name prev_provenance timestamp
0xc3ecd59ba5ec8dd2865dffce7bc7c2b60adb62bf,a2p-v2,90701943999524471265707411172902574716118338202587476531459446002483280771580,False,True,Still#002 #10,,none,ipfs://QmVqGkAtF76n4eaL89tzdhmGxf73quk1Pvk3QFvHURbRQq,ipfs,,none,a2p-v2,artist artwork_id attributes bitmark_id collection_name creator description edition_index edition_number external_url image medium metadata_version name prev_provenance timestamp
0xc3ecd59ba5ec8dd2865dffce7bc7c2b60adb62bf,a2p-v2,90701943999524471265707411172902574716118338202587476531459446002483280771576,False,True,Still#002 #6,,none,ipfs://QmVqGkAtF76n4eaL89tzdhmGxf73quk1Pvk3QFvHURbRQq,ipfs,,none,a2p-v2,artist artwork_id attributes bitmark_id collection_name creator description edition_index edition_number external_url image medium metadata_version name prev_provenance timestamp
0xc3ecd59ba5ec8dd2865dffce7bc7c2b60adb62bf,a2p-v2,90701943999524471265707411172902574716118338202587476531459446002483280771579,False,True,Still#002 #9,,none,ipfs://QmVqGkAtF76n4eaL89tzdhmGxf73quk1Pvk3QFvHURbRQq,ipfs,,none,a2p-v2,artist artwork_id attributes bitmark_id collection_name creator description edition_index edition_number external_url image medium metadata_version name prev_provenance timestamp
0xc3ecd59ba5ec8dd2865dffce7bc7c2b60adb62bf,a2p-v2,90701943999524471265707411172902574716118338202587476531459446002483280771577,False,True,Still#002 #7,,none,ipfs://QmVqGkAtF76n4eaL89tzdhmGxf73quk1Pvk3QFvHURbRQq,ipfs,,none,a2p-v2,artist artwork_id attributes bitmark_id collection_name creator description edition_index edition_number external_url image medium metadata_version name prev_provenance timestamp
0xc3ecd59ba5ec8dd2865dffce7bc7c2b60adb62bf,a2p-v2,88881582711253229578061332357763592148753533132507251373070335805610527048969,False,True,a2p in the Flow. AP,,none,ipfs://QmTqKFsUE4zCGySkgAf2PDc6xh7ZTGPtMk1tDYAm4mux3v,ipfs,ipfs://Qme9t8j98s7fYmxwBTtKkHW588EQRyV6b2Yz4r27EMdWDf,ipfs,a2p-v2,animation_url artist artwork_id attributes bitmark_id collection_name creator description edition_index edition_number external_url image medium metadata_version name prev_provenance timestamp
0xc3ecd59ba5ec8dd2865dffce7bc7c2b60adb62bf,a2p-v2,88881582711253229578061332357763592148753533132507251373070335805610527048975,False,True,a2p in the Flow. #6,,none,ipfs://QmTqKFsUE4zCGySkgAf2PDc6xh7ZTGPtMk1tDYAm4mux3v,ipfs,ipfs://Qme9t8j98s7fYmxwBTtKkHW588EQRyV6b2Yz4r27EMdWDf,ipfs,a2p-v2,animation_url artist artwork_id attributes bitmark_id collection_name creator description edition_index edition_number external_url image medium metadata_version name prev_provenance timestamp
0xc3ecd59ba5ec8dd2865dffce7bc7c2b60adb62bf,a2p-v2,88881582711253229578061332357763592148753533132507251373070335805610527048974,False,True,a2p in the Flow. #5,,none,ipfs://QmTqKFsUE4zCGySkgAf2PDc6xh7ZTGPtMk1tDYAm4mux3v,ipfs,ipfs://Qme9t8j98s7fYmxwBTtKkHW588EQRyV6b2Yz4r27EMdWDf,ipfs,a2p-v2,animation_url artist artwork_id attributes bitmark_id collection_name creator description edition_index edition_number external_url image medium metadata_version name prev_provenance timestamp
0xc3ecd59ba5ec8dd2865dffce7bc7c2b60adb62bf,a2p-v2,88881582711253229578061332357763592148753533132507251373070335805610527048977,False,True,a2p in the Flow. #8,,none,ipfs://QmTqKFsUE4zCGySkgAf2PDc6xh7ZTGPtMk1tDYAm4mux3v,ipfs,ipfs://Qme9t8j98s7fYmxwBTtKkHW588EQRyV6b2Yz4r27EMdWDf,ipfs,a2p-v2,animation_url artist artwork_id attributes bitmark_id collection_name creator description edition_index edition_number external_url image medium metadata_version name prev_provenance timestamp
0xc3ecd59ba5ec8dd2865dffce7bc7c2b60adb62bf,a2p-v2,88881582711253229578061332357763592148753533132507251373070335805610527048971,False,True,a2p in the Flow. #2,,none,ipfs://QmTqKFsUE4zCGySkgAf2PDc6xh7ZTGPtMk1tDYAm4mux3v,ipfs,ipfs://Qme9t8j98s7fYmxwBTtKkHW588EQRyV6b2Yz4r27EMdWDf,ipfs,a2p-v2,animation_url artist artwork_id attributes bitmark_id collection_name creator description edition_index edition_number external_url image medium metadata_version name prev_provenance timestamp
0xc3ecd59ba5ec8dd2865dffce7bc7c2b60adb62bf,a2p-v2,93794506637407861391191156682389649672074873140862734209478906369747840566880,False,True,Firelight AP,,none,ipfs://QmWJ32MqegdfxcgZFSJqMShsg1QRjC6VZeNM1Asb5PSa4C,ipfs,ipfs://QmUfeSAUv91KZry7hqVpX1G3HCSkJtJPwX6fboFjqTVFrM,ipfs,a2p-v2,animation_url artist artwork_id attributes bitmark_id collection_name creator description edition_index edition_number external_url image medium metadata_version name prev_provenance timestamp
0xc3ecd59ba5ec8dd2865dffce7bc7c2b60adb62bf,a2p-v2,93794506637407861391191156682389649672074873140862734209478906369747840566885,False,True,Firelight #5,,none,ipfs://QmWJ32MqegdfxcgZFSJqMShsg1QRjC6VZeNM1Asb5PSa4C,ipfs,ipfs://QmUfeSAUv91KZry7hqVpX1G3HCSkJtJPwX6fboFjqTVFrM,ipfs,a2p-v2,animation_url artist artwork_id attributes bitmark_id collection_name creator description edition_index edition_number external_url image medium metadata_version name prev_provenance timestamp
0xc3ecd59ba5ec8dd2865dffce7bc7c2b60adb62bf,a2p-v2,93794506637407861391191156682389649672074873140862734209478906369747840566883,False,True,Firelight #3,,none,ipfs://QmWJ32MqegdfxcgZFSJqMShsg1QRjC6VZeNM1Asb5PSa4C,ipfs,ipfs://QmUfeSAUv91KZry7hqVpX1G3HCSkJtJPwX6fboFjqTVFrM,ipfs,a2p-v2,animation_url artist artwork_id attributes bitmark_id collection_name creator description edition_index edition_number external_url image medium metadata_version name prev_provenance timestamp
0xc3ecd59ba5ec8dd2865dffce7bc7c2b60adb62bf,a2p-v2,93794506637407861391191156682389649672074873140862734209478906369747840566881,False,True,Firelight #1,,none,ipfs://QmWJ32MqegdfxcgZFSJqMShsg1QRjC6VZeNM1Asb5PSa4C,ipfs,ipfs://QmUfeSAUv91KZry7hqVpX1G3HCSkJtJPwX6fboFjqTVFrM,ipfs,a2p-v2,animation_url artist artwork_id attributes bitmark_id collection_name creator description edition_index edition_number external_url image medium metadata_version name prev_provenance timestamp
0xc3ecd59ba5ec8dd2865dffce7bc7c2b60adb62bf,a2p-v2,93794506637407861391191156682389649672074873140862734209478906369747840566884,False,True,Firelight #4,,none,ipfs://QmWJ32MqegdfxcgZFSJqMShsg1QRjC6VZeNM1Asb5PSa4C,ipfs,ipfs://QmUfeSAUv91KZry7hqVpX1G3HCSkJtJPwX6fboFjqTVFrM,ipfs,a2p-v2,animation_url artist artwork_id attributes bitmark_id collection_name creator description edition_index edition_number external_url image medium metadata_version name prev_provenance timestamp
0xc3ecd59ba5ec8dd2865dffce7bc7c2b60adb62bf,a2p-v2,93794506637407861391191156682389649672074873140862734209478906369747840566888,False,True,Firelight #8,,none,ipfs://QmWJ32MqegdfxcgZFSJqMShsg1QRjC6VZeNM1Asb5PSa4C,ipfs,ipfs://QmUfeSAUv91KZry7hqVpX1G3HCSkJtJPwX6fboFjqTVFrM,ipfs,a2p-v2,animation_url artist artwork_id attributes bitmark_id collection_name creator description edition_index edition_number external_url image medium metadata_version name prev_provenance timestamp
0xc3ecd59ba5ec8dd2865dffce7bc7c2b60adb62bf,a2p-v2,93794506637407861391191156682389649672074873140862734209478906369747840566886,False,True,Firelight #6,,none,ipfs://QmWJ32MqegdfxcgZFSJqMShsg1QRjC6VZeNM1Asb5PSa4C,ipfs,ipfs://QmUfeSAUv91KZry7hqVpX1G3HCSkJtJPwX6fboFjqTVFrM,ipfs,a2p-v2,animation_url artist artwork_id attributes bitmark_id collection_name creator description edition_index edition_number external_url image medium metadata_version name prev_provenance timestamp
0xc3ecd59ba5ec8dd2865dffce7bc7c2b60adb62bf,a2p-v2,93794506637407861391191156682389649672074873140862734209478906369747840566887,False,True,Firelight #7,,none,ipfs://QmWJ32MqegdfxcgZFSJqMShsg1QRjC6VZeNM1Asb5PSa4C,ipfs,ipfs://QmUfeSAUv91KZry7hqVpX1G3HCSkJtJPwX6fboFjqTVFrM,ipfs,a2p-v2,animation_url artist artwork_id attributes bitmark_id collection_name creator description edition_index edition_number external_url image medium metadata_version name prev_provenance timestamp
0xc3ecd59ba5ec8dd2865dffce7bc7c2b60adb62bf,a2p-v2,93794506637407861391191156682389649672074873140862734209478906369747840566882,False,True,Firelight #2,,none,ipfs://QmWJ32MqegdfxcgZFSJqMShsg1QRjC6VZeNM1Asb5PSa4C,ipfs,ipfs://QmUfeSAUv91KZry7hqVpX1G3HCSkJtJPwX6fboFjqTVFrM,ipfs,a2p-v2,animation_url artist artwork_id attributes bitmark_id collection_name creator description edition_index edition_number external_url image medium metadata_version name prev_provenance timestamp
0xc3ecd59ba5ec8dd2865dffce7bc7c2b60adb62bf,a2p-v2,93794506637407861391191156682389649672074873140862734209478906369747840566890,False,True,Firelight #10,,none,ipfs://QmWJ32MqegdfxcgZFSJqMShsg1QRjC6VZeNM1Asb5PSa4C,ipfs,ipfs://QmUfeSAUv91KZry7hqVpX1G3HCSkJtJPwX6fboFjqTVFrM,ipfs,a2p-v2,animation_url artist artwork_id attributes bitmark_id collection_name creator description edition_index edition_number external_url image medium metadata_version name prev_provenance timestamp
0xc3ecd59ba5ec8dd2865dffce7bc7c2b60adb62bf,a2p-v2,73186562991033452279615156772342934244841460622896083955773930581557463384166,False,True,"seedless watermelon, rent-free creampie & care for aging society #4",,none,ipfs://QmWxzATW8Gi586FVdcDyKnvmFop1SYsihRdnVfziYZbsaS,ipfs,,none,a2p-v2,artist artwork_id attributes bitmark_id collection_name creator description edition_index edition_number external_url image medium metadata_version name prev_provenance timestamp
0xc3ecd59ba5ec8dd2865dffce7bc7c2b60adb62bf,a2p-v2,73186562991033452279615156772342934244841460622896083955773930581557463384168,False,True,"seedless watermelon, rent-free creampie & care for aging society #6",,none,ipfs://QmWxzATW8Gi586FVdcDyKnvmFop1SYsihRdnVfziYZbsaS,ipfs,,none,a2p-v2,artist artwork_id attributes bitmark_id collection_name creator description edition_index edition_number external_url image medium metadata_version name prev_provenance timestamp
0xc3ecd59ba5ec8dd2865dffce7bc7c2b60adb62bf,a2p-v2,73186562991033452279615156772342934244841460622896083955773930581557463384172,False,True,"seedless watermelon, rent-free creampie & care for aging society #10",,none,ipfs://QmWxzATW8Gi586FVdcDyKnvmFop1SYsihRdnVfziYZbsaS,ipfs,,none,a2p-v2,artist artwork_id attributes bitmark_id collection_name creator description edition_index edition_number external_url image medium metadata_version name prev_provenance timestamp
0xc3ecd59ba5ec8dd2865dffce7bc7c2b60adb62bf,a2p-v2,73186562991033452279615156772342934244841460622896083955773930581557463384169,False,True,"seedless watermelon, rent-free creampie & care for aging society #7",,none,ipfs://QmWxzATW8Gi586FVdcDyKnvmFop1SYsihRdnVfziYZbsaS,ipfs,,none,a2p-v2,artist artwork_id attributes bitmark_id collection_name creator description edition_index edition_number external_url image medium metadata_version name prev_provenance timestamp
0xc3ecd59ba5ec8dd2865dffce7bc7c2b60adb62bf,a2p-v2,73186562991033452279615156772342934244841460622896083955773930581557463384170,False,True,"seedless watermelon, rent-free creampie & care for aging society #8",,none,ipfs://QmWxzATW8Gi586FVdcDyKnvmFop1SYsihRdnVfziYZbsaS,ipfs,,none,a2p-v2,artist artwork_id attributes bitmark_id collection_name creator description edition_index edition_number external_url image medium metadata_version name prev_provenance timestamp
0xc3ecd59ba5ec8dd2865dffce7bc7c2b60adb62bf,a2p-v2,85362302066065027189193448944628390068926147937593291709737512751067328917416,False,True,CRIERS #4,,none,ipfs://QmSnQJB7is6pPXXfVsYnLwq63k4NshSeqQ6CaHtcQmxDn7,ipfs,ipfs://QmYMTKDpx7ABkaSJzFHRzUrQCZaaVeCbrMvQj4vZq7UeNN,ipfs,a2p-v2,animation_url artist artwork_id attributes bitmark_id collection_name creator description edition_index edition_number external_url image medium metadata_version name prev_provenance timestamp
0xc3ecd59ba5ec8dd2865dffce7bc7c2b60adb62bf,a2p-v2,85362302066065027189193448944628390068926147937593291709737512751067328917422,False,True,CRIERS #10,,none,ipfs://QmSnQJB7is6pPXXfVsYnLwq63k4NshSeqQ6CaHtcQmxDn7,ipfs,ipfs://QmYMTKDpx7ABkaSJzFHRzUrQCZaaVeCbrMvQj4vZq7UeNN,ipfs,a2p-v2,animation_url artist artwork_id attributes bitmark_id collection_name creator description edition_index edition_number external_url image medium metadata_version name prev_provenance timestamp
0xc3ecd59ba5ec8dd2865dffce7bc7c2b60adb62bf,a2p-v2,85362302066065027189193448944628390068926147937593291709737512751067328917417,False,True,CRIERS #5,,none,ipfs://QmSnQJB7is6pPXXfVsYnLwq63k4NshSeqQ6CaHtcQmxDn7,ipfs,ipfs://QmYMTKDpx7ABkaSJzFHRzUrQCZaaVeCbrMvQj4vZq7UeNN,ipfs,a2p-v2,animation_url artist artwork_id attributes bitmark_id collection_name creator description edition_index edition_number external_url image medium metadata_version name prev_provenance timestamp
0xc3ecd59ba5ec8dd2865dffce7bc7c2b60adb62bf,a2p-v2,85362302066065027189193448944628390068926147937593291709737512751067328917418,False,True,CRIERS #6,,none,ipfs://QmSnQJB7is6pPXXfVsYnLwq63k4NshSeqQ6CaHtcQmxDn7,ipfs,ipfs://QmYMTKDpx7ABkaSJzFHRzUrQCZaaVeCbrMvQj4vZq7UeNN,ipfs,a2p-v2,animation_url artist artwork_id attributes bitmark_id collection_name creator description edition_index edition_number external_url image medium metadata_version name prev_provenance timestamp
0xc3ecd59ba5ec8dd2865dffce7bc7c2b60adb62bf,a2p-v2,85362302066065027189193448944628390068926147937593291709737512751067328917414,False,True,CRIERS #2,,none,ipfs://QmSnQJB7is6pPXXfVsYnLwq63k4NshSeqQ6CaHtcQmxDn7,ipfs,ipfs://QmYMTKDpx7ABkaSJzFHRzUrQCZaaVeCbrMvQj4vZq7UeNN,ipfs,a2p-v2,animation_url artist artwork_id attributes bitmark_id collection_name creator description edition_index edition_number external_url image medium metadata_version name prev_provenance timestamp
0xc3ecd59ba5ec8dd2865dffce7bc7c2b60adb62bf,a2p-v2,85362302066065027189193448944628390068926147937593291709737512751067328917415,False,True,CRIERS #3,,none,ipfs://QmSnQJB7is6pPXXfVsYnLwq63k4NshSeqQ6CaHtcQmxDn7,ipfs,ipfs://QmYMTKDpx7ABkaSJzFHRzUrQCZaaVeCbrMvQj4vZq7UeNN,ipfs,a2p-v2,animation_url artist artwork_id attributes bitmark_id collection_name creator description edition_index edition_number external_url image medium metadata_version name prev_provenance timestamp
0xc3ecd59ba5ec8dd2865dffce7bc7c2b60adb62bf,a2p-v2,85362302066065027189193448944628390068926147937593291709737512751067328917413,False,True,CRIERS #1,,none,ipfs://QmSnQJB7is6pPXXfVsYnLwq63k4NshSeqQ6CaHtcQmxDn7,ipfs,ipfs://QmYMTKDpx7ABkaSJzFHRzUrQCZaaVeCbrMvQj4vZq7UeNN,ipfs,a2p-v2,animation_url artist artwork_id attributes bitmark_id collection_name creator description edition_index edition_number external_url image medium metadata_version name prev_provenance timestamp
0xc3ecd59ba5ec8dd2865dffce7bc7c2b60adb62bf,a2p-v2,76904456331418733479306588928785024251599643331941114943545488018580363128787,False,True,Frosty Morning [Dataset] #2,,none,ipfs://QmZu2b41zjnrn9iwG73cCWbpc4cfK7iz2xKr4uAQFEPMDD,ipfs,ipfs://QmaexKPEm31tmwoUQ8mqZzQchMXDVPhnhqUhSuNMgMhEHg,ipfs,a2p-v2,animation_url artist artwork_id attributes bitmark_id collection_name creator description edition_index edition_number external_url image medium metadata_version name prev_provenance timestamp
0xc3ecd59ba5ec8dd2865dffce7bc7c2b60adb62bf,a2p-v2,76904456331418733479306588928785024251599643331941114943545488018580363128791,False,True,Frosty Morning [Dataset] #6,,none,ipfs://QmZu2b41zjnrn9iwG73cCWbpc4cfK7iz2xKr4uAQFEPMDD,ipfs,ipfs://QmaexKPEm31tmwoUQ8mqZzQchMXDVPhnhqUhSuNMgMhEHg,ipfs,a2p-v2,animation_url artist artwork_id attributes bitmark_id collection_name creator description edition_index edition_number external_url image medium metadata_version name prev_provenance timestamp
0xc3ecd59ba5ec8dd2865dffce7bc7c2b60adb62bf,a2p-v2,76904456331418733479306588928785024251599643331941114943545488018580363128790,False,True,Frosty Morning [Dataset] #5,,none,ipfs://QmZu2b41zjnrn9iwG73cCWbpc4cfK7iz2xKr4uAQFEPMDD,ipfs,ipfs://QmaexKPEm31tmwoUQ8mqZzQchMXDVPhnhqUhSuNMgMhEHg,ipfs,a2p-v2,animation_url artist artwork_id attributes bitmark_id collection_name creator description edition_index edition_number external_url image medium metadata_version name prev_provenance timestamp
0xc3ecd59ba5ec8dd2865dffce7bc7c2b60adb62bf,a2p-v2,76904456331418733479306588928785024251599643331941114943545488018580363128786,False,True,Frosty Morning [Dataset] #1,,none,ipfs://QmZu2b41zjnrn9iwG73cCWbpc4cfK7iz2xKr4uAQFEPMDD,ipfs,ipfs://QmaexKPEm31tmwoUQ8mqZzQchMXDVPhnhqUhSuNMgMhEHg,ipfs,a2p-v2,animation_url artist artwork_id attributes bitmark_id collection_name creator description edition_index edition_number external_url image medium metadata_version name prev_provenance timestamp
0xc3ecd59ba5ec8dd2865dffce7bc7c2b60adb62bf,a2p-v2,81836079822895454694893375939278015052072936906582419017472055680557761785547,False,True,Punctum #4,,none,ipfs://QmSVNP7wVUZDQtiTBy4UhRA3YU33KxLSDgcaE72kGiqs7K,ipfs,,none,a2p-v2,artist artwork_id attributes bitmark_id collection_name creator description edition_index edition_number external_url image medium metadata_version name prev_provenance timestamp
0xc3ecd59ba5ec8dd2865dffce7bc7c2b60adb62bf,a2p-v2,81836079822895454694893375939278015052072936906582419017472055680557761785552,False,True,Punctum #9,,none,ipfs://QmSVNP7wVUZDQtiTBy4UhRA3YU33KxLSDgcaE72kGiqs7K,ipfs,,none,a2p-v2,artist artwork_id attributes bitmark_id collection_name creator description edition_index edition_number external_url image medium metadata_version name prev_provenance timestamp
0xc3ecd59ba5ec8dd2865dffce7bc7c2b60adb62bf,a2p-v2,81836079822895454694893375939278015052072936906582419017472055680557761785551,False,True,Punctum #8,,none,ipfs://QmSVNP7wVUZDQtiTBy4UhRA3YU33KxLSDgcaE72kGiqs7K,ipfs,,none,a2p-v2,artist artwork_id attributes bitmark_id collection_name creator description edition_index edition_number external_url image medium metadata_version name prev_provenance timestamp
0xc3ecd59ba5ec8dd2865dffce7bc7c2b60adb62bf,a2p-v2,81836079822895454694893375939278015052072936906582419017472055680557761785546,False,True,Punctum #3,,none,ipfs://QmSVNP7wVUZDQtiTBy4UhRA3YU33KxLSDgcaE72kGiqs7K,ipfs,,none,a2p-v2,artist artwork_id attributes bitmark_id collection_name creator description edition_index edition_number external_url image medium metadata_version name prev_provenance timestamp
0xc3ecd59ba5ec8dd2865dffce7bc7c2b60adb62bf,a2p-v2,81836079822895454694893375939278015052072936906582419017472055680557761785544,False,True,Punctum #1,,none,ipfs://QmSVNP7wVUZDQtiTBy4UhRA3YU33KxLSDgcaE72kGiqs7K,ipfs,,none,a2p-v2,artist artwork_id attributes bitmark_id collection_name creator description edition_index edition_number external_url image medium metadata_version name prev_provenance timestamp
0xc3ecd59ba5ec8dd2865dffce7bc7c2b60adb62bf,a2p-v2,81836079822895454694893375939278015052072936906582419017472055680557761785548,False,True,Punctum #5,,none,ipfs://QmSVNP7wVUZDQtiTBy4UhRA3YU33KxLSDgcaE72kGiqs7K,ipfs,,none,a2p-v2,artist artwork_id attributes bitmark_id collection_name creator description edition_index edition_number external_url image medium metadata_version name prev_provenance timestamp
0xc3ecd59ba5ec8dd2865dffce7bc7c2b60adb62bf,a2p-v2,81836079822895454694893375939278015052072936906582419017472055680557761785543,False,True,Punctum AP,,none,ipfs://QmSVNP7wVUZDQtiTBy4UhRA3YU33KxLSDgcaE72kGiqs7K,ipfs,,none,a2p-v2,artist artwork_id attributes bitmark_id collection_name creator description edition_index edition_number external_url image medium metadata_version name prev_provenance timestamp
0xc3ecd59ba5ec8dd2865dffce7bc7c2b60adb62bf,a2p-v2,97913605258992080812157543370302626087175644517779020867383186050713596995980,False,True,The sound of underground stones #2,,none,ipfs://QmP2G64S3ikgAHA7GRX62syBtsbeVabVBkxnDUz5TpBhkB,ipfs,ipfs://QmQSFU1ZeV7pFgsBYun3wHKou8T5KSvHSAL7PHbLz7twkP,ipfs,a2p-v2,animation_url artist artwork_id attributes bitmark_id collection_name creator description edition_index edition_number external_url image medium metadata_version name prev_provenance timestamp
0xc3ecd59ba5ec8dd2865dffce7bc7c2b60adb62bf,a2p-v2,97913605258992080812157543370302626087175644517779020867383186050713596995983,False,True,The sound of underground stones #5,,none,ipfs://QmP2G64S3ikgAHA7GRX62syBtsbeVabVBkxnDUz5TpBhkB,ipfs,ipfs://QmQSFU1ZeV7pFgsBYun3wHKou8T5KSvHSAL7PHbLz7twkP,ipfs,a2p-v2,animation_url artist artwork_id attributes bitmark_id collection_name creator description edition_index edition_number external_url image medium metadata_version name prev_provenance timestamp
0xc3ecd59ba5ec8dd2865dffce7bc7c2b60adb62bf,a2p-v2,97913605258992080812157543370302626087175644517779020867383186050713596995979,False,True,The sound of underground stones #1,,none,ipfs://QmP2G64S3ikgAHA7GRX62syBtsbeVabVBkxnDUz5TpBhkB,ipfs,ipfs://QmQSFU1ZeV7pFgsBYun3wHKou8T5KSvHSAL7PHbLz7twkP,ipfs,a2p-v2,animation_url artist artwork_id attributes bitmark_id collection_name creator description edition_index edition_number external_url image medium metadata_version name prev_provenance timestamp
0xc3ecd59ba5ec8dd2865dffce7bc7c2b60adb62bf,a2p-v2,97913605258992080812157543370302626087175644517779020867383186050713596995985,False,True,The sound of underground stones #7,,none,ipfs://QmP2G64S3ikgAHA7GRX62syBtsbeVabVBkxnDUz5TpBhkB,ipfs,ipfs://QmQSFU1ZeV7pFgsBYun3wHKou8T5KSvHSAL7PHbLz7twkP,ipfs,a2p-v2,animation_url artist artwork_id attributes bitmark_id collection_name creator description edition_index edition_number external_url image medium metadata_version name prev_provenance timestamp
0xc3ecd59ba5ec8dd2865dffce7bc7c2b60adb62bf,a2p-v2,97913605258992080812157543370302626087175644517779020867383186050713596995986,False,True,The sound of underground stones #8,,none,ipfs://QmP2G64S3ikgAHA7GRX62syBtsbeVabVBkxnDUz5TpBhkB,ipfs,ipfs://QmQSFU1ZeV7pFgsBYun3wHKou8T5KSvHSAL7PHbLz7twkP,ipfs,a2p-v2,animation_url artist artwork_id attributes bitmark_id collection_name creator description edition_index edition_number external_url image medium metadata_version name prev_provenance timestamp
0xc3ecd59ba5ec8dd2865dffce7bc7c2b60adb62bf,a2p-v2,97913605258992080812157543370302626087175644517779020867383186050713596995978,False,True,The sound of underground stones AP,,none,ipfs://QmP2G64S3ikgAHA7GRX62syBtsbeVabVBkxnDUz5TpBhkB,ipfs,ipfs://QmQSFU1ZeV7pFgsBYun3wHKou8T5KSvHSAL7PHbLz7twkP,ipfs,a2p-v2,animation_url artist artwork_id attributes bitmark_id collection_name creator description edition_index edition_number external_url image medium metadata_version name prev_provenance timestamp
0xc3ecd59ba5ec8dd2865dffce7bc7c2b60adb62bf,a2p-v2,97913605258992080812157543370302626087175644517779020867383186050713596995987,False,True,The sound of underground stones #9,,none,ipfs://QmP2G64S3ikgAHA7GRX62syBtsbeVabVBkxnDUz5TpBhkB,ipfs,ipfs://QmQSFU1ZeV7pFgsBYun3wHKou8T5KSvHSAL7PHbLz7twkP,ipfs,a2p-v2,animation_url artist artwork_id attributes bitmark_id collection_name creator description edition_index edition_number external_url image medium metadata_version name prev_provenance timestamp
0xc3ecd59ba5ec8dd2865dffce7bc7c2b60adb62bf,a2p-v2,89543572071008138736610929329752940405626090748641834542515427842201637195357,False,True,WIFI puff #10,,none,ipfs://QmS55K3Vyas9i91mpQER8ZHUifjGLBaoCZFYSZfXRK77SD,ipfs,ipfs://Qmdf9dQE4acoUGvujD87ntqA8MqUSrBjce3jt8nB2nPg5F,ipfs,a2p-v2,animation_url artist artwork_id attributes bitmark_id collection_name creator description edition_index edition_number external_url image medium metadata_version name prev_provenance timestamp
0xc3ecd59ba5ec8dd2865dffce7bc7c2b60adb62bf,a2p-v2,94401727012838060521527140839508302898074639742145136431913302013423051609709,False,True,One Sketch #1,,none,ipfs://QmNzDFXTTzbMUuMbZiWrpDGQKFUzhLUZEKkFVj6fHbETsS,ipfs,,none,a2p-v2,artist artwork_id attributes bitmark_id collection_name creator description edition_index edition_number external_url image medium metadata_version name prev_provenance timestamp
0xc3ecd59ba5ec8dd2865dffce7bc7c2b60adb62bf,a2p-v2,89543572071008138736610929329752940405626090748641834542515427842201637195351,False,True,WIFI puff #4,,none,ipfs://QmS55K3Vyas9i91mpQER8ZHUifjGLBaoCZFYSZfXRK77SD,ipfs,ipfs://Qmdf9dQE4acoUGvujD87ntqA8MqUSrBjce3jt8nB2nPg5F,ipfs,a2p-v2,animation_url artist artwork_id attributes bitmark_id collection_name creator description edition_index edition_number external_url image medium metadata_version name prev_provenance timestamp
0xc3ecd59ba5ec8dd2865dffce7bc7c2b60adb62bf,a2p-v2,89543572071008138736610929329752940405626090748641834542515427842201637195356,False,True,WIFI puff #9,,none,ipfs://QmS55K3Vyas9i91mpQER8ZHUifjGLBaoCZFYSZfXRK77SD,ipfs,ipfs://Qmdf9dQE4acoUGvujD87ntqA8MqUSrBjce3jt8nB2nPg5F,ipfs,a2p-v2,animation_url artist artwork_id attributes bitmark_id collection_name creator description edition_index edition_number external_url image medium metadata_version name prev_provenance timestamp
0xc3ecd59ba5ec8dd2865dffce7bc7c2b60adb62bf,a2p-v2,85341661276925889095165487281836110093790413991075404215045800075734863118089,False,True,Girls in the water #3,,none,ipfs://QmQp2V9rnteNBeGeof4Qx4aPFNC1geBh7T72KQDCJwmbdh,ipfs,,none,a2p-v2,artist artwork_id attributes bitmark_id collection_name creator description edition_index edition_number external_url image medium metadata_version name prev_provenance timestamp
0xc3ecd59ba5ec8dd2865dffce7bc7c2b60adb62bf,a2p-v2,94401727012838060521527140839508302898074639742145136431913302013423051609713,False,True,One Sketch #5,,none,ipfs://QmNzDFXTTzbMUuMbZiWrpDGQKFUzhLUZEKkFVj6fHbETsS,ipfs,,none,a2p-v2,artist artwork_id attributes bitmark_id collection_name creator description edition_index edition_number external_url image medium metadata_version name prev_provenance timestamp
0xc3ecd59ba5ec8dd2865dffce7bc7c2b60adb62bf,a2p-v2,89543572071008138736610929329752940405626090748641834542515427842201637195350,False,True,WIFI puff #3,,none,ipfs://QmS55K3Vyas9i91mpQER8ZHUifjGLBaoCZFYSZfXRK77SD,ipfs,ipfs://Qmdf9dQE4acoUGvujD87ntqA8MqUSrBjce3jt8nB2nPg5F,ipfs,a2p-v2,animation_url artist artwork_id attributes bitmark_id collection_name creator description edition_index edition_number external_url image medium metadata_version name prev_provenance timestamp
0xc3ecd59ba5ec8dd2865dffce7bc7c2b60adb62bf,a2p-v2,85341661276925889095165487281836110093790413991075404215045800075734863118087,False,True,Girls in the water #1,,none,ipfs://QmQp2V9rnteNBeGeof4Qx4aPFNC1geBh7T72KQDCJwmbdh,ipfs,,none,a2p-v2,artist artwork_id attributes bitmark_id collection_name creator description edition_index edition_number external_url image medium metadata_version name prev_provenance timestamp
0xc3ecd59ba5ec8dd2865dffce7bc7c2b60adb62bf,a2p-v2,85341661276925889095165487281836110093790413991075404215045800075734863118088,False,True,Girls in the water #2,,none,ipfs://QmQp2V9rnteNBeGeof4Qx4aPFNC1geBh7T72KQDCJwmbdh,ipfs,,none,a2p-v2,artist artwork_id attributes bitmark_id collection_name creator description edition_index edition_number external_url image medium metadata_version name prev_provenance timestamp
0xc3ecd59ba5ec8dd2865dffce7bc7c2b60adb62bf,a2p-v2,94401727012838060521527140839508302898074639742145136431913302013423051609717,False,True,One Sketch #9,,none,ipfs://QmNzDFXTTzbMUuMbZiWrpDGQKFUzhLUZEKkFVj6fHbETsS,ipfs,,none,a2p-v2,artist artwork_id attributes bitmark_id collection_name creator description edition_index edition_number external_url image medium metadata_version name prev_provenance timestamp
0xc3ecd59ba5ec8dd2865dffce7bc7c2b60adb62bf,a2p-v2,94401727012838060521527140839508302898074639742145136431913302013423051609714,False,True,One Sketch #6,,none,ipfs://QmNzDFXTTzbMUuMbZiWrpDGQKFUzhLUZEKkFVj6fHbETsS,ipfs,,none,a2p-v2,artist artwork_id attributes bitmark_id collection_name creator description edition_index edition_number external_url image medium metadata_version name prev_provenance timestamp
0xc3ecd59ba5ec8dd2865dffce7bc7c2b60adb62bf,a2p-v2,85341661276925889095165487281836110093790413991075404215045800075734863118093,False,True,Girls in the water #7,,none,ipfs://QmQp2V9rnteNBeGeof4Qx4aPFNC1geBh7T72KQDCJwmbdh,ipfs,,none,a2p-v2,artist artwork_id attributes bitmark_id collection_name creator description edition_index edition_number external_url image medium metadata_version name prev_provenance timestamp
0xc3ecd59ba5ec8dd2865dffce7bc7c2b60adb62bf,a2p-v2,85341661276925889095165487281836110093790413991075404215045800075734863118086,False,True,Girls in the water AP,,none,ipfs://QmQp2V9rnteNBeGeof4Qx4aPFNC1geBh7T72KQDCJwmbdh,ipfs,,none,a2p-v2,artist artwork_id attributes bitmark_id collection_name creator description edition_index edition_number external_url image medium metadata_version name prev_provenance timestamp
0xc3ecd59ba5ec8dd2865dffce7bc7c2b60adb62bf,a2p-v2,89543572071008138736610929329752940405626090748641834542515427842201637195347,False,True,WIFI puff AP,,none,ipfs://QmS55K3Vyas9i91mpQER8ZHUifjGLBaoCZFYSZfXRK77SD,ipfs,ipfs://Qmdf9dQE4acoUGvujD87ntqA8MqUSrBjce3jt8nB2nPg5F,ipfs,a2p-v2,animation_url artist artwork_id attributes bitmark_id collection_name creator description edition_index edition_number external_url image medium metadata_version name prev_provenance timestamp
0xc3ecd59ba5ec8dd2865dffce7bc7c2b60adb62bf,a2p-v2,77065359786757989501357731966603769311058751241536841748903592272580579515016,False,True,20200323 #1,,none,ipfs://QmVhJPhCYh9RZoqqhCBEoMaTWuafVJcVvbaijLYhbg6HA7,ipfs,,none,a2p-v2,artist artwork_id attributes bitmark_id collection_name creator description edition_index edition_number external_url image medium metadata_version name prev_provenance timestamp
0xc3ecd59ba5ec8dd2865dffce7bc7c2b60adb62bf,a2p-v2,77065359786757989501357731966603769311058751241536841748903592272580579515017,False,True,20200323 #2,,none,ipfs://QmVhJPhCYh9RZoqqhCBEoMaTWuafVJcVvbaijLYhbg6HA7,ipfs,,none,a2p-v2,artist artwork_id attributes bitmark_id collection_name creator description edition_index edition_number external_url image medium metadata_version name prev_provenance timestamp
0xc3ecd59ba5ec8dd2865dffce7bc7c2b60adb62bf,a2p-v2,77065359786757989501357731966603769311058751241536841748903592272580579515022,False,True,20200323 #7,,none,ipfs://QmVhJPhCYh9RZoqqhCBEoMaTWuafVJcVvbaijLYhbg6HA7,ipfs,,none,a2p-v2,artist artwork_id attributes bitmark_id collection_name creator description edition_index edition_number external_url image medium metadata_version name prev_provenance timestamp
0xc3ecd59ba5ec8dd2865dffce7bc7c2b60adb62bf,a2p-v2,77065359786757989501357731966603769311058751241536841748903592272580579515015,False,True,20200323 AP,,none,ipfs://QmVhJPhCYh9RZoqqhCBEoMaTWuafVJcVvbaijLYhbg6HA7,ipfs,,none,a2p-v2,artist artwork_id attributes bitmark_id collection_name creator description edition_index edition_number external_url image medium metadata_version name prev_provenance timestamp
0xc3ecd59ba5ec8dd2865dffce7bc7c2b60adb62bf,a2p-v2,93971431911885440916877783486978957678715203477821085260482467974474754862896,False,True,Dwelling with the Negative 在否定之处停留 #10,,none,ipfs://QmakHwNPqmN5ANQAhemQ6GJgUceLRAV2rwUXPxSgBU5kWs,ipfs,ipfs://QmPZ1BAKwU3mGDp35mykQEtNAp4KkUBvUjzbLwGPnpNDnx,ipfs,a2p-v2,animation_url artist artwork_id attributes bitmark_id collection_name creator description edition_index edition_number external_url image medium metadata_version name prev_provenance timestamp
0xc3ecd59ba5ec8dd2865dffce7bc7c2b60adb62bf,a2p-v2,77065359786757989501357731966603769311058751241536841748903592272580579515025,False,True,20200323 #10,,none,ipfs://QmVhJPhCYh9RZoqqhCBEoMaTWuafVJcVvbaijLYhbg6HA7,ipfs,,none,a2p-v2,artist artwork_id attributes bitmark_id collection_name creator description edition_index edition_number external_url image medium metadata_version name prev_provenance timestamp
0xc3ecd59ba5ec8dd2865dffce7bc7c2b60adb62bf,a2p-v2,93971431911885440916877783486978957678715203477821085260482467974474754862886,False,True,Dwelling with the Negative 在否定之处停留 AP,,none,ipfs://QmakHwNPqmN5ANQAhemQ6GJgUceLRAV2rwUXPxSgBU5kWs,ipfs,ipfs://QmPZ1BAKwU3mGDp35mykQEtNAp4KkUBvUjzbLwGPnpNDnx,ipfs,a2p-v2,animation_url artist artwork_id attributes bitmark_id collection_name creator description edition_index edition_number external_url image medium metadata_version name prev_provenance timestamp
0xc3ecd59ba5ec8dd2865dffce7bc7c2b60adb62bf,a2p-v2,77065359786757989501357731966603769311058751241536841748903592272580579515024,False,True,20200323 #9,,none,ipfs://QmVhJPhCYh9RZoqqhCBEoMaTWuafVJcVvbaijLYhbg6HA7,ipfs,,none,a2p-v2,artist artwork_id attributes bitmark_id collection_name creator description edition_index edition_number external_url image medium metadata_version name prev_provenance timestamp
0xc3ecd59ba5ec8dd2865dffce7bc7c2b60adb62bf,a2p-v2,93971431911885440916877783486978957678715203477821085260482467974474754862892,False,True,Dwelling with the Negative 在否定之处停留 #6,,none,ipfs://QmakHwNPqmN5ANQAhemQ6GJgUceLRAV2rwUXPxSgBU5kWs,ipfs,ipfs://QmPZ1BAKwU3mGDp35mykQEtNAp4KkUBvUjzbLwGPnpNDnx,ipfs,a2p-v2,animation_url artist artwork_id attributes bitmark_id collection_name creator description edition_index edition_number external_url image medium metadata_version name prev_provenance timestamp
0xc3ecd59ba5ec8dd2865dffce7bc7c2b60adb62bf,a2p-v2,80365434118430087932877653282748354308776609652292446954765159269202326696058,False,True,A technique of evading face detection(without props) #3,,none,ipfs://QmZw8XN23skknSK9CcPXE4LGKg5YWNnXbcC3Tx1g8cdWZJ,ipfs,ipfs://QmYMeMNQZHUKpvZiPqvRoupzJkeyNLjvSd6UKEefyHjqua,ipfs,a2p-v2,animation_url artist artwork_id attributes bitmark_id collection_name creator description edition_index edition_number external_url image medium metadata_version name prev_provenance timestamp
0xc3ecd59ba5ec8dd2865dffce7bc7c2b60adb62bf,a2p-v2,93971431911885440916877783486978957678715203477821085260482467974474754862894,False,True,Dwelling with the Negative 在否定之处停留 #8,,none,ipfs://QmakHwNPqmN5ANQAhemQ6GJgUceLRAV2rwUXPxSgBU5kWs,ipfs,ipfs://QmPZ1BAKwU3mGDp35mykQEtNAp4KkUBvUjzbLwGPnpNDnx,ipfs,a2p-v2,animation_url artist artwork_id attributes bitmark_id collection_name creator description edition_index edition_number external_url image medium metadata_version name prev_provenance timestamp
0xc3ecd59ba5ec8dd2865dffce7bc7c2b60adb62bf,a2p-v2,98264980923967358017843757895195576202508743779465403143150915361542785039219,False,True,Fuzz Dungeon: An Introduction #1,,none,ipfs://QmNoJA7BofVTHrrg3wu7QLEKy3HKmSJJ3eX6LYRKLv87Ra,ipfs,ipfs://QmSHmDYEyiPbujfYXrbu6ZjeV9yUgsBoQUHNZ6eXCCiMcq,ipfs,a2p-v2,animation_url artist artwork_id attributes bitmark_id collection_name creator description edition_index edition_number external_url image medium metadata_version name prev_provenance timestamp
0xc3ecd59ba5ec8dd2865dffce7bc7c2b60adb62bf,a2p-v2,93971431911885440916877783486978957678715203477821085260482467974474754862895,False,True,Dwelling with the Negative 在否定之处停留 #9,,none,ipfs://QmakHwNPqmN5ANQAhemQ6GJgUceLRAV2rwUXPxSgBU5kWs,ipfs,ipfs://QmPZ1BAKwU3mGDp35mykQEtNAp4KkUBvUjzbLwGPnpNDnx,ipfs,a2p-v2,animation_url artist artwork_id attributes bitmark_id collection_name creator description edition_index edition_number external_url image medium metadata_version name prev_provenance timestamp
0xc3ecd59ba5ec8dd2865dffce7bc7c2b60adb62bf,a2p-v2,98264980923967358017843757895195576202508743779465403143150915361542785039218,False,True,Fuzz Dungeon: An Introduction AP,,none,ipfs://QmNoJA7BofVTHrrg3wu7QLEKy3HKmSJJ3eX6LYRKLv87Ra,ipfs,ipfs://QmSHmDYEyiPbujfYXrbu6ZjeV9yUgsBoQUHNZ6eXCCiMcq,ipfs,a2p-v2,animation_url artist artwork_id attributes bitmark_id collection_name creator description edition_index edition_number external_url image medium metadata_version name prev_provenance timestamp
0xc3ecd59ba5ec8dd2865dffce7bc7c2b60adb62bf,a2p-v2,80365434118430087932877653282748354308776609652292446954765159269202326696056,False,True,A technique of evading face detection(without props) #1,,none,ipfs://QmZw8XN23skknSK9CcPXE4LGKg5YWNnXbcC3Tx1g8cdWZJ,ipfs,ipfs://QmYMeMNQZHUKpvZiPqvRoupzJkeyNLjvSd6UKEefyHjqua,ipfs,a2p-v2,animation_url artist artwork_id attributes bitmark_id collection_name creator description edition_index edition_number external_url image medium metadata_version name prev_provenance timestamp
0xc3ecd59ba5ec8dd2865dffce7bc7c2b60adb62bf,a2p-v2,93971431911885440916877783486978957678715203477821085260482467974474754862891,False,True,Dwelling with the Negative 在否定之处停留 #5,,none,ipfs://QmakHwNPqmN5ANQAhemQ6GJgUceLRAV2rwUXPxSgBU5kWs,ipfs,ipfs://QmPZ1BAKwU3mGDp35mykQEtNAp4KkUBvUjzbLwGPnpNDnx,ipfs,a2p-v2,animation_url artist artwork_id attributes bitmark_id collection_name creator description edition_index edition_number external_url image medium metadata_version name prev_provenance timestamp
0xc3ecd59ba5ec8dd2865dffce7bc7c2b60adb62bf,a2p-v2,93971431911885440916877783486978957678715203477821085260482467974474754862888,False,True,Dwelling with the Negative 在否定之处停留 #2,,none,ipfs://QmakHwNPqmN5ANQAhemQ6GJgUceLRAV2rwUXPxSgBU5kWs,ipfs,ipfs://QmPZ1BAKwU3mGDp35mykQEtNAp4KkUBvUjzbLwGPnpNDnx,ipfs,a2p-v2,animation_url artist artwork_id attributes bitmark_id collection_name creator description edition_index edition_number external_url image medium metadata_version name prev_provenance timestamp
0xc3ecd59ba5ec8dd2865dffce7bc7c2b60adb62bf,a2p-v2,77065359786757989501357731966603769311058751241536841748903592272580579515023,False,True,20200323 #8,,none,ipfs://QmVhJPhCYh9RZoqqhCBEoMaTWuafVJcVvbaijLYhbg6HA7,ipfs,,none,a2p-v2,artist artwork_id attributes bitmark_id collection_name creator description edition_index edition_number external_url image medium metadata_version name prev_provenance timestamp
0xc3ecd59ba5ec8dd2865dffce7bc7c2b60adb62bf,a2p-v2,93971431911885440916877783486978957678715203477821085260482467974474754862889,False,True,Dwelling with the Negative 在否定之处停留 #3,,none,ipfs://QmakHwNPqmN5ANQAhemQ6GJgUceLRAV2rwUXPxSgBU5kWs,ipfs,ipfs://QmPZ1BAKwU3mGDp35mykQEtNAp4KkUBvUjzbLwGPnpNDnx,ipfs,a2p-v2,animation_url artist artwork_id attributes bitmark_id collection_name creator description edition_index edition_number external_url image medium metadata_version name prev_provenance timestamp
0xc3ecd59ba5ec8dd2865dffce7bc7c2b60adb62bf,a2p-v2,80365434118430087932877653282748354308776609652292446954765159269202326696057,False,True,A technique of evading face detection(without props) #2,,none,ipfs://QmZw8XN23skknSK9CcPXE4LGKg5YWNnXbcC3Tx1g8cdWZJ,ipfs,ipfs://QmYMeMNQZHUKpvZiPqvRoupzJkeyNLjvSd6UKEefyHjqua,ipfs,a2p-v2,animation_url artist artwork_id attributes bitmark_id collection_name creator description edition_index edition_number external_url image medium metadata_version name prev_provenance timestamp
0xc3ecd59ba5ec8dd2865dffce7bc7c2b60adb62bf,a2p-v2,80365434118430087932877653282748354308776609652292446954765159269202326696064,False,True,A technique of evading face detection(without props) #9,,none,ipfs://QmZw8XN23skknSK9CcPXE4LGKg5YWNnXbcC3Tx1g8cdWZJ,ipfs,ipfs://QmYMeMNQZHUKpvZiPqvRoupzJkeyNLjvSd6UKEefyHjqua,ipfs,a2p-v2,animation_url artist artwork_id attributes bitmark_id collection_name creator description edition_index edition_number external_url image medium metadata_version name prev_provenance timestamp
0xc3ecd59ba5ec8dd2865dffce7bc7c2b60adb62bf,a2p-v2,80365434118430087932877653282748354308776609652292446954765159269202326696061,False,True,A technique of evading face detection(without props) #6,,none,ipfs://QmZw8XN23skknSK9CcPXE4LGKg5YWNnXbcC3Tx1g8cdWZJ,ipfs,ipfs://QmYMeMNQZHUKpvZiPqvRoupzJkeyNLjvSd6UKEefyHjqua,ipfs,a2p-v2,animation_url artist artwork_id attributes bitmark_id collection_name creator description edition_index edition_number external_url image medium metadata_version name prev_provenance timestamp
0xc3ecd59ba5ec8dd2865dffce7bc7c2b60adb62bf,a2p-v2,80365434118430087932877653282748354308776609652292446954765159269202326696062,False,True,A technique of evading face detection(without props) #7,,none,ipfs://QmZw8XN23skknSK9CcPXE4LGKg5YWNnXbcC3Tx1g8cdWZJ,ipfs,ipfs://QmYMeMNQZHUKpvZiPqvRoupzJkeyNLjvSd6UKEefyHjqua,ipfs,a2p-v2,animation_url artist artwork_id attributes bitmark_id collection_name creator description edition_index edition_number external_url image medium metadata_version name prev_provenance timestamp
0xc3ecd59ba5ec8dd2865dffce7bc7c2b60adb62bf,a2p-v2,80365434118430087932877653282748354308776609652292446954765159269202326696065,False,True,A technique of evading face detection(without props) #10,,none,ipfs://QmZw8XN23skknSK9CcPXE4LGKg5YWNnXbcC3Tx1g8cdWZJ,ipfs,ipfs://QmYMeMNQZHUKpvZiPqvRoupzJkeyNLjvSd6UKEefyHjqua,ipfs,a2p-v2,animation_url artist artwork_id attributes bitmark_id collection_name creator description edition_index edition_number external_url image medium metadata_version name prev_provenance timestamp
0xc3ecd59ba5ec8dd2865dffce7bc7c2b60adb62bf,a2p-v2,46987752057252772932902565386666326716996923868512679304135026673148099116726,False,True,ENCUMBRADO #1,,none,ipfs://QmeY3UzevuhJDMj2Rs4ywJFyQbX3xt3yJHsuCzAhzazSee,ipfs,,none,a2p-v2,artist artwork_id attributes bitmark_id collection_name creator description edition_index edition_number external_url image medium metadata_version name prev_provenance timestamp
0xc3ecd59ba5ec8dd2865dffce7bc7c2b60adb62bf,a2p-v2,47998481395797184883459797827386664286451270298574119047281063218442329843949,False,True,myth #6,,none,ipfs://QmUqcZjFJz2RHPzLErKsttN9wEtdbwy9pPtSiNz1gJB7aS,ipfs,ipfs://QmTghvrfoSuwEsZNbCUiFzVmSQKSTmzgrfzxwUJHrmHDvr,ipfs,a2p-v2,animation_url artist artwork_id attributes bitmark_id collection_name creator description edition_index edition_number external_url image medium metadata_version name prev_provenance timestamp
0xc3ecd59ba5ec8dd2865dffce7bc7c2b60adb62bf,a2p-v2,47998481395797184883459797827386664286451270298574119047281063218442329843948,False,True,myth #5,,none,ipfs://QmUqcZjFJz2RHPzLErKsttN9wEtdbwy9pPtSiNz1gJB7aS,ipfs,ipfs://QmTghvrfoSuwEsZNbCUiFzVmSQKSTmzgrfzxwUJHrmHDvr,ipfs,a2p-v2,animation_url artist artwork_id attributes bitmark_id collection_name creator description edition_index edition_number external_url image medium metadata_version name prev_provenance timestamp
0xc3ecd59ba5ec8dd2865dffce7bc7c2b60adb62bf,a2p-v2,47998481395797184883459797827386664286451270298574119047281063218442329843947,False,True,myth #4,,none,ipfs://QmUqcZjFJz2RHPzLErKsttN9wEtdbwy9pPtSiNz1gJB7aS,ipfs,ipfs://QmTghvrfoSuwEsZNbCUiFzVmSQKSTmzgrfzxwUJHrmHDvr,ipfs,a2p-v2,animation_url artist artwork_id attributes bitmark_id collection_name creator description edition_index edition_number external_url image medium metadata_version name prev_provenance timestamp
0xc3ecd59ba5ec8dd2865dffce7bc7c2b60adb62bf,a2p-v2,47998481395797184883459797827386664286451270298574119047281063218442329843945,False,True,myth #2,,none,ipfs://QmUqcZjFJz2RHPzLErKsttN9wEtdbwy9pPtSiNz1gJB7aS,ipfs,ipfs://QmTghvrfoSuwEsZNbCUiFzVmSQKSTmzgrfzxwUJHrmHDvr,ipfs,a2p-v2,animation_url artist artwork_id attributes bitmark_id collection_name creator description edition_index edition_number external_url image medium metadata_version name prev_provenance timestamp
0xc3ecd59ba5ec8dd2865dffce7bc7c2b60adb62bf,a2p-v2,47998481395797184883459797827386664286451270298574119047281063218442329843944,False,True,myth #1,,none,ipfs://QmUqcZjFJz2RHPzLErKsttN9wEtdbwy9pPtSiNz1gJB7aS,ipfs,ipfs://QmTghvrfoSuwEsZNbCUiFzVmSQKSTmzgrfzxwUJHrmHDvr,ipfs,a2p-v2,animation_url artist artwork_id attributes bitmark_id collection_name creator description edition_index edition_number external_url image medium metadata_version name prev_provenance timestamp
0xc3ecd59ba5ec8dd2865dffce7bc7c2b60adb62bf,a2p-v2,46987752057252772932902565386666326716996923868512679304135026673148099116725,False,True,ENCUMBRADO AP,,none,ipfs://QmeY3UzevuhJDMj2Rs4ywJFyQbX3xt3yJHsuCzAhzazSee,ipfs,,none,a2p-v2,artist artwork_id attributes bitmark_id collection_name creator description edition_index edition_number external_url image medium metadata_version name prev_provenance timestamp
0xc3ecd59ba5ec8dd2865dffce7bc7c2b60adb62bf,a2p-v2,47998481395797184883459797827386664286451270298574119047281063218442329843950,False,True,myth #7,,none,ipfs://QmUqcZjFJz2RHPzLErKsttN9wEtdbwy9pPtSiNz1gJB7aS,ipfs,ipfs://QmTghvrfoSuwEsZNbCUiFzVmSQKSTmzgrfzxwUJHrmHDvr,ipfs,a2p-v2,animation_url artist artwork_id attributes bitmark_id collection_name creator description edition_index edition_number external_url image medium metadata_version name prev_provenance timestamp
0xc3ecd59ba5ec8dd2865dffce7bc7c2b60adb62bf,a2p-v2,47998481395797184883459797827386664286451270298574119047281063218442329843946,False,True,myth #3,,none,ipfs://QmUqcZjFJz2RHPzLErKsttN9wEtdbwy9pPtSiNz1gJB7aS,ipfs,ipfs://QmTghvrfoSuwEsZNbCUiFzVmSQKSTmzgrfzxwUJHrmHDvr,ipfs,a2p-v2,animation_url artist artwork_id attributes bitmark_id collection_name creator description edition_index edition_number external_url image medium metadata_version name prev_provenance timestamp
0xc3ecd59ba5ec8dd2865dffce7bc7c2b60adb62bf,a2p-v2,47998481395797184883459797827386664286451270298574119047281063218442329843952,False,True,myth #9,,none,ipfs://QmUqcZjFJz2RHPzLErKsttN9wEtdbwy9pPtSiNz1gJB7aS,ipfs,ipfs://QmTghvrfoSuwEsZNbCUiFzVmSQKSTmzgrfzxwUJHrmHDvr,ipfs,a2p-v2,animation_url artist artwork_id attributes bitmark_id collection_name creator description edition_index edition_number external_url image medium metadata_version name prev_provenance timestamp
0xc3ecd59ba5ec8dd2865dffce7bc7c2b60adb62bf,a2p-v2,47998481395797184883459797827386664286451270298574119047281063218442329843953,False,True,myth #10,,none,ipfs://QmUqcZjFJz2RHPzLErKsttN9wEtdbwy9pPtSiNz1gJB7aS,ipfs,ipfs://QmTghvrfoSuwEsZNbCUiFzVmSQKSTmzgrfzxwUJHrmHDvr,ipfs,a2p-v2,animation_url artist artwork_id attributes bitmark_id collection_name creator description edition_index edition_number external_url image medium metadata_version name prev_provenance timestamp
0xc3ecd59ba5ec8dd2865dffce7bc7c2b60adb62bf,a2p-v2,46987752057252772932902565386666326716996923868512679304135026673148099116735,False,True,ENCUMBRADO #10,,none,ipfs://QmeY3UzevuhJDMj2Rs4ywJFyQbX3xt3yJHsuCzAhzazSee,ipfs,,none,a2p-v2,artist artwork_id attributes bitmark_id collection_name creator description edition_index edition_number external_url image medium metadata_version name prev_provenance timestamp
0xc3ecd59ba5ec8dd2865dffce7bc7c2b60adb62bf,a2p-v2,47998481395797184883459797827386664286451270298574119047281063218442329843951,False,True,myth #8,,none,ipfs://QmUqcZjFJz2RHPzLErKsttN9wEtdbwy9pPtSiNz1gJB7aS,ipfs,ipfs://QmTghvrfoSuwEsZNbCUiFzVmSQKSTmzgrfzxwUJHrmHDvr,ipfs,a2p-v2,animation_url artist artwork_id attributes bitmark_id collection_name creator description edition_index edition_number external_url image medium metadata_version name prev_provenance timestamp
0xc3ecd59ba5ec8dd2865dffce7bc7c2b60adb62bf,a2p-v2,47998481395797184883459797827386664286451270298574119047281063218442329843943,False,True,myth AP,,none,ipfs://QmUqcZjFJz2RHPzLErKsttN9wEtdbwy9pPtSiNz1gJB7aS,ipfs,ipfs://QmTghvrfoSuwEsZNbCUiFzVmSQKSTmzgrfzxwUJHrmHDvr,ipfs,a2p-v2,animation_url artist artwork_id attributes bitmark_id collection_name creator description edition_index edition_number external_url image medium metadata_version name prev_provenance timestamp
0xc3ecd59ba5ec8dd2865dffce7bc7c2b60adb62bf,a2p-v2,46987752057252772932902565386666326716996923868512679304135026673148099116728,False,True,ENCUMBRADO #3,,none,ipfs://QmeY3UzevuhJDMj2Rs4ywJFyQbX3xt3yJHsuCzAhzazSee,ipfs,,none,a2p-v2,artist artwork_id attributes bitmark_id collection_name creator description edition_index edition_number external_url image medium metadata_version name prev_provenance timestamp
0xc3ecd59ba5ec8dd2865dffce7bc7c2b60adb62bf,a2p-v2,46987752057252772932902565386666326716996923868512679304135026673148099116732,False,True,ENCUMBRADO #7,,none,ipfs://QmeY3UzevuhJDMj2Rs4ywJFyQbX3xt3yJHsuCzAhzazSee,ipfs,,none,a2p-v2,artist artwork_id attributes bitmark_id collection_name creator description edition_index edition_number external_url image medium metadata_version name prev_provenance timestamp
0xc3ecd59ba5ec8dd2865dffce7bc7c2b60adb62bf,a2p-v2,46987752057252772932902565386666326716996923868512679304135026673148099116729,False,True,ENCUMBRADO #4,,none,ipfs://QmeY3UzevuhJDMj2Rs4ywJFyQbX3xt3yJHsuCzAhzazSee,ipfs,,none,a2p-v2,artist artwork_id attributes bitmark_id collection_name creator description edition_index edition_number external_url image medium metadata_version name prev_provenance timestamp
0xc3ecd59ba5ec8dd2865dffce7bc7c2b60adb62bf,a2p-v2,46987752057252772932902565386666326716996923868512679304135026673148099116730,False,True,ENCUMBRADO #5,,none,ipfs://QmeY3UzevuhJDMj2Rs4ywJFyQbX3xt3yJHsuCzAhzazSee,ipfs,,none,a2p-v2,artist artwork_id attributes bitmark_id collection_name creator description edition_index edition_number external_url image medium metadata_version name prev_provenance timestamp
0xc3ecd59ba5ec8dd2865dffce7bc7c2b60adb62bf,a2p-v2,46987752057252772932902565386666326716996923868512679304135026673148099116733,False,True,ENCUMBRADO #8,,none,ipfs://QmeY3UzevuhJDMj2Rs4ywJFyQbX3xt3yJHsuCzAhzazSee,ipfs,,none,a2p-v2,artist artwork_id attributes bitmark_id collection_name creator description edition_index edition_number external_url image medium metadata_version name prev_provenance timestamp
0xc3ecd59ba5ec8dd2865dffce7bc7c2b60adb62bf,a2p-v2,46987752057252772932902565386666326716996923868512679304135026673148099116734,False,True,ENCUMBRADO #9,,none,ipfs://QmeY3UzevuhJDMj2Rs4ywJFyQbX3xt3yJHsuCzAhzazSee,ipfs,,none,a2p-v2,artist artwork_id attributes bitmark_id collection_name creator description edition_index edition_number external_url image medium metadata_version name prev_provenance timestamp
0xc3ecd59ba5ec8dd2865dffce7bc7c2b60adb62bf,a2p-v2,72359915284942243441047043581721500681514045528459027922396089429931202457997,False,True,That's Life  #3,,none,ipfs://QmZygSnqh6Q8qWRbo6aVbezEd519JFtWaV5621s4sC1chW,ipfs,ipfs://QmZx5dTkJvwJz9xK97wKx1HVYrZKBaoSSTsCMavevT4MTN,ipfs,a2p-v2,animation_url artist artwork_id attributes bitmark_id collection_name creator description edition_index edition_number external_url image medium metadata_version name prev_provenance timestamp
0xc3ecd59ba5ec8dd2865dffce7bc7c2b60adb62bf,a2p-v2,72359915284942243441047043581721500681514045528459027922396089429931202458000,False,True,That's Life  #6,,none,ipfs://QmZygSnqh6Q8qWRbo6aVbezEd519JFtWaV5621s4sC1chW,ipfs,ipfs://QmZx5dTkJvwJz9xK97wKx1HVYrZKBaoSSTsCMavevT4MTN,ipfs,a2p-v2,animation_url artist artwork_id attributes bitmark_id collection_name creator description edition_index edition_number external_url image medium metadata_version name prev_provenance timestamp
0xc3ecd59ba5ec8dd2865dffce7bc7c2b60adb62bf,a2p-v2,72359915284942243441047043581721500681514045528459027922396089429931202457995,False,True,That's Life  #1,,none,ipfs://QmZygSnqh6Q8qWRbo6aVbezEd519JFtWaV5621s4sC1chW,ipfs,ipfs://QmZx5dTkJvwJz9xK97wKx1HVYrZKBaoSSTsCMavevT4MTN,ipfs,a2p-v2,animation_url artist artwork_id attributes bitmark_id collection_name creator description edition_index edition_number external_url image medium metadata_version name prev_provenance timestamp
0xc3ecd59ba5ec8dd2865dffce7bc7c2b60adb62bf,a2p-v2,72359915284942243441047043581721500681514045528459027922396089429931202458002,False,True,That's Life  #8,,none,ipfs://QmZygSnqh6Q8qWRbo6aVbezEd519JFtWaV5621s4sC1chW,ipfs,ipfs://QmZx5dTkJvwJz9xK97wKx1HVYrZKBaoSSTsCMavevT4MTN,ipfs,a2p-v2,animation_url artist artwork_id attributes bitmark_id collection_name creator description edition_index edition_number external_url image medium metadata_version name prev_provenance timestamp
0xc3ecd59ba5ec8dd2865dffce7bc7c2b60adb62bf,a2p-v2,72359915284942243441047043581721500681514045528459027922396089429931202457999,False,True,That's Life  #5,,none,ipfs://QmZygSnqh6Q8qWRbo6aVbezEd519JFtWaV5621s4sC1chW,ipfs,ipfs://QmZx5dTkJvwJz9xK97wKx1HVYrZKBaoSSTsCMavevT4MTN,ipfs,a2p-v2,animation_url artist artwork_id attributes bitmark_id collection_name creator description edition_index edition_number external_url image medium metadata_version name prev_provenance timestamp
0xc3ecd59ba5ec8dd2865dffce7bc7c2b60adb62bf,a2p-v2,72359915284942243441047043581721500681514045528459027922396089429931202458004,False,True,That's Life  #10,,none,ipfs://QmZygSnqh6Q8qWRbo6aVbezEd519JFtWaV5621s4sC1chW,ipfs,ipfs://QmZx5dTkJvwJz9xK97wKx1HVYrZKBaoSSTsCMavevT4MTN,ipfs,a2p-v2,animation_url artist artwork_id attributes bitmark_id collection_name creator description edition_index edition_number external_url image medium metadata_version name prev_provenance timestamp
0xc3ecd59ba5ec8dd2865dffce7bc7c2b60adb62bf,a2p-v2,72359915284942243441047043581721500681514045528459027922396089429931202457998,False,True,That's Life  #4,,none,ipfs://QmZygSnqh6Q8qWRbo6aVbezEd519JFtWaV5621s4sC1chW,ipfs,ipfs://QmZx5dTkJvwJz9xK97wKx1HVYrZKBaoSSTsCMavevT4MTN,ipfs,a2p-v2,animation_url artist artwork_id attributes bitmark_id collection_name creator description edition_index edition_number external_url image medium metadata_version name prev_provenance timestamp
0xc3ecd59ba5ec8dd2865dffce7bc7c2b60adb62bf,a2p-v2,72359915284942243441047043581721500681514045528459027922396089429931202458001,False,True,That's Life  #7,,none,ipfs://QmZygSnqh6Q8qWRbo6aVbezEd519JFtWaV5621s4sC1chW,ipfs,ipfs://QmZx5dTkJvwJz9xK97wKx1HVYrZKBaoSSTsCMavevT4MTN,ipfs,a2p-v2,animation_url artist artwork_id attributes bitmark_id collection_name creator description edition_index edition_number external_url image medium metadata_version name prev_provenance timestamp
0xc3ecd59ba5ec8dd2865dffce7bc7c2b60adb62bf,a2p-v2,45994646824854587617145772613041216225171519039048545098448045301353040407947,False,True,P.P.E. (yeah you know me) #2,,none,ipfs://QmZtPcaRXQwQEWALSA7QAGzuyrQHv55mfyhYA6UEjVgGNc,ipfs,ipfs://QmUkzCVvcqYRKZFjtkSwaSpFWmbpQxvrNNrPJuJXYE2cxz,ipfs,a2p-v2,animation_url artist artwork_id attributes bitmark_id collection_name creator description edition_index edition_number external_url image medium metadata_version name prev_provenance timestamp
0xc3ecd59ba5ec8dd2865dffce7bc7c2b60adb62bf,a2p-v2,45994646824854587617145772613041216225171519039048545098448045301353040407949,False,True,P.P.E. (yeah you know me) #4,,none,ipfs://QmZtPcaRXQwQEWALSA7QAGzuyrQHv55mfyhYA6UEjVgGNc,ipfs,ipfs://QmUkzCVvcqYRKZFjtkSwaSpFWmbpQxvrNNrPJuJXYE2cxz,ipfs,a2p-v2,animation_url artist artwork_id attributes bitmark_id collection_name creator description edition_index edition_number external_url image medium metadata_version name prev_provenance timestamp
0xc3ecd59ba5ec8dd2865dffce7bc7c2b60adb62bf,a2p-v2,45994646824854587617145772613041216225171519039048545098448045301353040407953,False,True,P.P.E. (yeah you know me) #8,,none,ipfs://QmZtPcaRXQwQEWALSA7QAGzuyrQHv55mfyhYA6UEjVgGNc,ipfs,ipfs://QmUkzCVvcqYRKZFjtkSwaSpFWmbpQxvrNNrPJuJXYE2cxz,ipfs,a2p-v2,animation_url artist artwork_id attributes bitmark_id collection_name creator description edition_index edition_number external_url image medium metadata_version name prev_provenance timestamp
0xc3ecd59ba5ec8dd2865dffce7bc7c2b60adb62bf,a2p-v2,45994646824854587617145772613041216225171519039048545098448045301353040407952,False,True,P.P.E. (yeah you know me) #7,,none,ipfs://QmZtPcaRXQwQEWALSA7QAGzuyrQHv55mfyhYA6UEjVgGNc,ipfs,ipfs://QmUkzCVvcqYRKZFjtkSwaSpFWmbpQxvrNNrPJuJXYE2cxz,ipfs,a2p-v2,animation_url artist artwork_id attributes bitmark_id collection_name creator description edition_index edition_number external_url image medium metadata_version name prev_provenance timestamp
0xc3ecd59ba5ec8dd2865dffce7bc7c2b60adb62bf,a2p-v2,45994646824854587617145772613041216225171519039048545098448045301353040407951,False,True,P.P.E. (yeah you know me) #6,,none,ipfs://QmZtPcaRXQwQEWALSA7QAGzuyrQHv55mfyhYA6UEjVgGNc,ipfs,ipfs://QmUkzCVvcqYRKZFjtkSwaSpFWmbpQxvrNNrPJuJXYE2cxz,ipfs,a2p-v2,animation_url artist artwork_id attributes bitmark_id collection_name creator description edition_index edition_number external_url image medium metadata_version name prev_provenance timestamp
0xc3ecd59ba5ec8dd2865dffce7bc7c2b60adb62bf,a2p-v2,45994646824854587617145772613041216225171519039048545098448045301353040407948,False,True,P.P.E. (yeah you know me) #3,,none,ipfs://QmZtPcaRXQwQEWALSA7QAGzuyrQHv55mfyhYA6UEjVgGNc,ipfs,ipfs://QmUkzCVvcqYRKZFjtkSwaSpFWmbpQxvrNNrPJuJXYE2cxz,ipfs,a2p-v2,animation_url artist artwork_id attributes bitmark_id collection_name creator description edition_index edition_number external_url image medium metadata_version name prev_provenance timestamp
0xc3ecd59ba5ec8dd2865dffce7bc7c2b60adb62bf,a2p-v2,45994646824854587617145772613041216225171519039048545098448045301353040407954,False,True,P.P.E. (yeah you know me) #9,,none,ipfs://QmZtPcaRXQwQEWALSA7QAGzuyrQHv55mfyhYA6UEjVgGNc,ipfs,ipfs://QmUkzCVvcqYRKZFjtkSwaSpFWmbpQxvrNNrPJuJXYE2cxz,ipfs,a2p-v2,animation_url artist artwork_id attributes bitmark_id collection_name creator description edition_index edition_number external_url image medium metadata_version name prev_provenance timestamp
0xc3ecd59ba5ec8dd2865dffce7bc7c2b60adb62bf,a2p-v2,45994646824854587617145772613041216225171519039048545098448045301353040407955,False,True,P.P.E. (yeah you know me) #10,,none,ipfs://QmZtPcaRXQwQEWALSA7QAGzuyrQHv55mfyhYA6UEjVgGNc,ipfs,ipfs://QmUkzCVvcqYRKZFjtkSwaSpFWmbpQxvrNNrPJuJXYE2cxz,ipfs,a2p-v2,animation_url artist artwork_id attributes bitmark_id collection_name creator description edition_index edition_number external_url image medium metadata_version name prev_provenance timestamp
0xc3ecd59ba5ec8dd2865dffce7bc7c2b60adb62bf,a2p-v2,64663701960735139439933346559061550892387319376597585844212124342668669001831,False,True,bedroom_1 #2,,none,ipfs://QmR435y4j7Vdi8t6pEtTpSH6bMYnEKfYyy6wVTtyfnrt69,ipfs,,none,a2p-v2,artist artwork_id attributes bitmark_id collection_name creator description edition_index edition_number external_url image medium metadata_version name prev_provenance timestamp
0xc3ecd59ba5ec8dd2865dffce7bc7c2b60adb62bf,a2p-v2,64663701960735139439933346559061550892387319376597585844212124342668669001835,False,True,bedroom_1 #6,,none,ipfs://QmR435y4j7Vdi8t6pEtTpSH6bMYnEKfYyy6wVTtyfnrt69,ipfs,,none,a2p-v2,artist artwork_id attributes bitmark_id collection_name creator description edition_index edition_number external_url image medium metadata_version name prev_provenance timestamp
0xc3ecd59ba5ec8dd2865dffce7bc7c2b60adb62bf,a2p-v2,64663701960735139439933346559061550892387319376597585844212124342668669001829,False,True,bedroom_1 AP,,none,ipfs://QmR435y4j7Vdi8t6pEtTpSH6bMYnEKfYyy6wVTtyfnrt69,ipfs,,none,a2p-v2,artist artwork_id attributes bitmark_id collection_name creator description edition_index edition_number external_url image medium metadata_version name prev_provenance timestamp
0xc3ecd59ba5ec8dd2865dffce7bc7c2b60adb62bf,a2p-v2,64663701960735139439933346559061550892387319376597585844212124342668669001834,False,True,bedroom_1 #5,,none,ipfs://QmR435y4j7Vdi8t6pEtTpSH6bMYnEKfYyy6wVTtyfnrt69,ipfs,,none,a2p-v2,artist artwork_id attributes bitmark_id collection_name creator description edition_index edition_number external_url image medium metadata_version name prev_provenance timestamp
0xc3ecd59ba5ec8dd2865dffce7bc7c2b60adb62bf,a2p-v2,64663701960735139439933346559061550892387319376597585844212124342668669001839,False,True,bedroom_1 #10,,none,ipfs://QmR435y4j7Vdi8t6pEtTpSH6bMYnEKfYyy6wVTtyfnrt69,ipfs,,none,a2p-v2,artist artwork_id attributes bitmark_id collection_name creator description edition_index edition_number external_url image medium metadata_version name prev_provenance timestamp
0xc3ecd59ba5ec8dd2865dffce7bc7c2b60adb62bf,a2p-v2,64663701960735139439933346559061550892387319376597585844212124342668669001838,False,True,bedroom_1 #9,,none,ipfs://QmR435y4j7Vdi8t6pEtTpSH6bMYnEKfYyy6wVTtyfnrt69,ipfs,,none,a2p-v2,artist artwork_id attributes bitmark_id collection_name creator description edition_index edition_number external_url image medium metadata_version name prev_provenance timestamp
0xc3ecd59ba5ec8dd2865dffce7bc7c2b60adb62bf,a2p-v2,73186562991033452279615156772342934244841460622896083955773930581557463384164,False,True,"seedless watermelon, rent-free creampie & care for aging society #2",,none,ipfs://QmWxzATW8Gi586FVdcDyKnvmFop1SYsihRdnVfziYZbsaS,ipfs,,none,a2p-v2,artist artwork_id attributes bitmark_id collection_name creator description edition_index edition_number external_url image medium metadata_version name prev_provenance timestamp
0xc3ecd59ba5ec8dd2865dffce7bc7c2b60adb62bf,a2p-v2,73186562991033452279615156772342934244841460622896083955773930581557463384162,False,True,"seedless watermelon, rent-free creampie & care for aging society AP",,none,ipfs://QmWxzATW8Gi586FVdcDyKnvmFop1SYsihRdnVfziYZbsaS,ipfs,,none,a2p-v2,artist artwork_id attributes bitmark_id collection_name creator description edition_index edition_number external_url image medium metadata_version name prev_provenance timestamp
0xc3ecd59ba5ec8dd2865dffce7bc7c2b60adb62bf,a2p-v2,50765370501404569902302928792923192424059406585104019359596315950949529803476,False,True,L.0.S (Line of Sight) #1,,none,ipfs://QmUKygPjPss8WXN88jrMjyJ5zmeAjnyi8JnnkK3vyrshN8,ipfs,,none,a2p-v2,artist artwork_id attributes bitmark_id collection_name creator description edition_index edition_number external_url image medium metadata_version name prev_provenance timestamp
0xc3ecd59ba5ec8dd2865dffce7bc7c2b60adb62bf,a2p-v2,54055938189177390788730812860119223656540490084362731693517577959898115946282,False,True,Twenty (Oscilloscope Study) AP,,none,ipfs://QmQefCU7a22goHEJB5YsgFx84bCBYW83u3gpW4sp1vCncT,ipfs,,none,a2p-v2,artist artwork_id attributes bitmark_id collection_name creator description edition_index edition_number external_url image medium metadata_version name prev_provenance timestamp
0xc3ecd59ba5ec8dd2865dffce7bc7c2b60adb62bf,a2p-v2,54055938189177390788730812860119223656540490084362731693517577959898115946283,False,True,Twenty (Oscilloscope Study) #1,,none,ipfs://QmQefCU7a22goHEJB5YsgFx84bCBYW83u3gpW4sp1vCncT,ipfs,,none,a2p-v2,artist artwork_id attributes bitmark_id collection_name creator description edition_index edition_number external_url image medium metadata_version name prev_provenance timestamp
0xc3ecd59ba5ec8dd2865dffce7bc7c2b60adb62bf,a2p-v2,54055938189177390788730812860119223656540490084362731693517577959898115946287,False,True,Twenty (Oscilloscope Study) #5,,none,ipfs://QmQefCU7a22goHEJB5YsgFx84bCBYW83u3gpW4sp1vCncT,ipfs,,none,a2p-v2,artist artwork_id attributes bitmark_id collection_name creator description edition_index edition_number external_url image medium metadata_version name prev_provenance timestamp
0xc3ecd59ba5ec8dd2865dffce7bc7c2b60adb62bf,a2p-v2,54055938189177390788730812860119223656540490084362731693517577959898115946288,False,True,Twenty (Oscilloscope Study) #6,,none,ipfs://QmQefCU7a22goHEJB5YsgFx84bCBYW83u3gpW4sp1vCncT,ipfs,,none,a2p-v2,artist artwork_id attributes bitmark_id collection_name creator description edition_index edition_number external_url image medium metadata_version name prev_provenance timestamp
0xc3ecd59ba5ec8dd2865dffce7bc7c2b60adb62bf,a2p-v2,54055938189177390788730812860119223656540490084362731693517577959898115946286,False,True,Twenty (Oscilloscope Study) #4,,none,ipfs://QmQefCU7a22goHEJB5YsgFx84bCBYW83u3gpW4sp1vCncT,ipfs,,none,a2p-v2,artist artwork_id attributes bitmark_id collection_name creator description edition_index edition_number external_url image medium metadata_version name prev_provenance timestamp
0xc3ecd59ba5ec8dd2865dffce7bc7c2b60adb62bf,a2p-v2,54055938189177390788730812860119223656540490084362731693517577959898115946284,False,True,Twenty (Oscilloscope Study) #2,,none,ipfs://QmQefCU7a22goHEJB5YsgFx84bCBYW83u3gpW4sp1vCncT,ipfs,,none,a2p-v2,artist artwork_id attributes bitmark_id collection_name creator description edition_index edition_number external_url image medium metadata_version name prev_provenance timestamp
0xc3ecd59ba5ec8dd2865dffce7bc7c2b60adb62bf,a2p-v2,61870720580706799332397635394309033832667821202743047883193473936179390989912,False,True,grain de glace primordial (primordial grain of ice) #1,,none,ipfs://QmQga5XNag47jtDeKTjReeVwEbGe8K91kYRwX25RcPYdjk,ipfs,ipfs://QmQ1ZSipU68ExC11q5dGeoohLgzPrAj92XS3CVPVU2e6dB,ipfs,a2p-v2,animation_url artist artwork_id attributes bitmark_id collection_name creator description edition_index edition_number external_url image medium metadata_version name prev_provenance timestamp
0xc3ecd59ba5ec8dd2865dffce7bc7c2b60adb62bf,a2p-v2,61870720580706799332397635394309033832667821202743047883193473936179390989914,False,True,grain de glace primordial (primordial grain of ice) #3,,none,ipfs://QmQga5XNag47jtDeKTjReeVwEbGe8K91kYRwX25RcPYdjk,ipfs,ipfs://QmQ1ZSipU68ExC11q5dGeoohLgzPrAj92XS3CVPVU2e6dB,ipfs,a2p-v2,animation_url artist artwork_id attributes bitmark_id collection_name creator description edition_index edition_number external_url image medium metadata_version name prev_provenance timestamp
0xc3ecd59ba5ec8dd2865dffce7bc7c2b60adb62bf,a2p-v2,61870720580706799332397635394309033832667821202743047883193473936179390989911,False,True,grain de glace primordial (primordial grain of ice) AP,,none,ipfs://QmQga5XNag47jtDeKTjReeVwEbGe8K91kYRwX25RcPYdjk,ipfs,ipfs://QmQ1ZSipU68ExC11q5dGeoohLgzPrAj92XS3CVPVU2e6dB,ipfs,a2p-v2,animation_url artist artwork_id attributes bitmark_id collection_name creator description edition_index edition_number external_url image medium metadata_version name prev_provenance timestamp
0xc3ecd59ba5ec8dd2865dffce7bc7c2b60adb62bf,a2p-v2,61870720580706799332397635394309033832667821202743047883193473936179390989921,False,True,grain de glace primordial (primordial grain of ice) #10,,none,ipfs://QmQga5XNag47jtDeKTjReeVwEbGe8K91kYRwX25RcPYdjk,ipfs,ipfs://QmQ1ZSipU68ExC11q5dGeoohLgzPrAj92XS3CVPVU2e6dB,ipfs,a2p-v2,animation_url artist artwork_id attributes bitmark_id collection_name creator description edition_index edition_number external_url image medium metadata_version name prev_provenance timestamp
0xc3ecd59ba5ec8dd2865dffce7bc7c2b60adb62bf,a2p-v2,61870720580706799332397635394309033832667821202743047883193473936179390989920,False,True,grain de glace primordial (primordial grain of ice) #9,,none,ipfs://QmQga5XNag47jtDeKTjReeVwEbGe8K91kYRwX25RcPYdjk,ipfs,ipfs://QmQ1ZSipU68ExC11q5dGeoohLgzPrAj92XS3CVPVU2e6dB,ipfs,a2p-v2,animation_url artist artwork_id attributes bitmark_id collection_name creator description edition_index edition_number external_url image medium metadata_version name prev_provenance timestamp
0xc3ecd59ba5ec8dd2865dffce7bc7c2b60adb62bf,a2p-v2,61870720580706799332397635394309033832667821202743047883193473936179390989918,False,True,grain de glace primordial (primordial grain of ice) #7,,none,ipfs://QmQga5XNag47jtDeKTjReeVwEbGe8K91kYRwX25RcPYdjk,ipfs,ipfs://QmQ1ZSipU68ExC11q5dGeoohLgzPrAj92XS3CVPVU2e6dB,ipfs,a2p-v2,animation_url artist artwork_id attributes bitmark_id collection_name creator description edition_index edition_number external_url image medium metadata_version name prev_provenance timestamp
0xc3ecd59ba5ec8dd2865dffce7bc7c2b60adb62bf,a2p-v2,61870720580706799332397635394309033832667821202743047883193473936179390989917,False,True,grain de glace primordial (primordial grain of ice) #6,,none,ipfs://QmQga5XNag47jtDeKTjReeVwEbGe8K91kYRwX25RcPYdjk,ipfs,ipfs://QmQ1ZSipU68ExC11q5dGeoohLgzPrAj92XS3CVPVU2e6dB,ipfs,a2p-v2,animation_url artist artwork_id attributes bitmark_id collection_name creator description edition_index edition_number external_url image medium metadata_version name prev_provenance timestamp
0xc3ecd59ba5ec8dd2865dffce7bc7c2b60adb62bf,a2p-v2,61870720580706799332397635394309033832667821202743047883193473936179390989916,False,True,grain de glace primordial (primordial grain of ice) #5,,none,ipfs://QmQga5XNag47jtDeKTjReeVwEbGe8K91kYRwX25RcPYdjk,ipfs,ipfs://QmQ1ZSipU68ExC11q5dGeoohLgzPrAj92XS3CVPVU2e6dB,ipfs,a2p-v2,animation_url artist artwork_id attributes bitmark_id collection_name creator description edition_index edition_number external_url image medium metadata_version name prev_provenance timestamp
0xc3ecd59ba5ec8dd2865dffce7bc7c2b60adb62bf,a2p-v2,67135686275009065760861215365593605524049790386705462067855128682005349676456,False,True,AnimalAircraft #4,,none,ipfs://QmZ5FdkfJqKu7QaADZuFeWSEs5M1JvT2agg3MsBhZVKvkz,ipfs,ipfs://QmZ6xtbL2824HH5y9hRvmB9CnuCjSswKGqCvW6HkW4fQqh,ipfs,a2p-v2,animation_url artist artwork_id attributes bitmark_id collection_name creator description edition_index edition_number external_url image medium metadata_version name prev_provenance timestamp
0xc3ecd59ba5ec8dd2865dffce7bc7c2b60adb62bf,a2p-v2,67135686275009065760861215365593605524049790386705462067855128682005349676462,False,True,AnimalAircraft #10,,none,ipfs://QmZ5FdkfJqKu7QaADZuFeWSEs5M1JvT2agg3MsBhZVKvkz,ipfs,ipfs://QmZ6xtbL2824HH5y9hRvmB9CnuCjSswKGqCvW6HkW4fQqh,ipfs,a2p-v2,animation_url artist artwork_id attributes bitmark_id collection_name creator description edition_index edition_number external_url image medium metadata_version name prev_provenance timestamp
0xc3ecd59ba5ec8dd2865dffce7bc7c2b60adb62bf,a2p-v2,67135686275009065760861215365593605524049790386705462067855128682005349676461,False,True,AnimalAircraft #9,,none,ipfs://QmZ5FdkfJqKu7QaADZuFeWSEs5M1JvT2agg3MsBhZVKvkz,ipfs,ipfs://QmZ6xtbL2824HH5y9hRvmB9CnuCjSswKGqCvW6HkW4fQqh,ipfs,a2p-v2,animation_url artist artwork_id attributes bitmark_id collection_name creator description edition_index edition_number external_url image medium metadata_version name prev_provenance timestamp
0xc3ecd59ba5ec8dd2865dffce7bc7c2b60adb62bf,a2p-v2,67135686275009065760861215365593605524049790386705462067855128682005349676460,False,True,AnimalAircraft #8,,none,ipfs://QmZ5FdkfJqKu7QaADZuFeWSEs5M1JvT2agg3MsBhZVKvkz,ipfs,ipfs://QmZ6xtbL2824HH5y9hRvmB9CnuCjSswKGqCvW6HkW4fQqh,ipfs,a2p-v2,animation_url artist artwork_id attributes bitmark_id collection_name creator description edition_index edition_number external_url image medium metadata_version name prev_provenance timestamp
0xc3ecd59ba5ec8dd2865dffce7bc7c2b60adb62bf,a2p-v2,67135686275009065760861215365593605524049790386705462067855128682005349676453,False,True,AnimalAircraft #1,,none,ipfs://QmZ5FdkfJqKu7QaADZuFeWSEs5M1JvT2agg3MsBhZVKvkz,ipfs,ipfs://QmZ6xtbL2824HH5y9hRvmB9CnuCjSswKGqCvW6HkW4fQqh,ipfs,a2p-v2,animation_url artist artwork_id attributes bitmark_id collection_name creator description edition_index edition_number external_url image medium metadata_version name prev_provenance timestamp
0xc3ecd59ba5ec8dd2865dffce7bc7c2b60adb62bf,a2p-v2,52118834450928932495191298556401593841736896851039974255211110782074873176886,False,True,Anti-Body #2,,none,ipfs://QmbbdbL7J8DdKdjg7EbDkZ3AG9TsZcnZzw9ifC7U8kwLbt,ipfs,ipfs://QmUqUALLrbrNz6zVrRXVMbrSnWGfURMTTxVv1wcTUoAEfG,ipfs,a2p-v2,animation_url artist artwork_id attributes bitmark_id collection_name creator description edition_index edition_number external_url image medium metadata_version name prev_provenance timestamp
0xc3ecd59ba5ec8dd2865dffce7bc7c2b60adb62bf,a2p-v2,67135686275009065760861215365593605524049790386705462067855128682005349676454,False,True,AnimalAircraft #2,,none,ipfs://QmZ5FdkfJqKu7QaADZuFeWSEs5M1JvT2agg3MsBhZVKvkz,ipfs,ipfs://QmZ6xtbL2824HH5y9hRvmB9CnuCjSswKGqCvW6HkW4fQqh,ipfs,a2p-v2,animation_url artist artwork_id attributes bitmark_id collection_name creator description edition_index edition_number external_url image medium metadata_version name prev_provenance timestamp
0xc3ecd59ba5ec8dd2865dffce7bc7c2b60adb62bf,a2p-v2,52118834450928932495191298556401593841736896851039974255211110782074873176885,False,True,Anti-Body #1,,none,ipfs://QmbbdbL7J8DdKdjg7EbDkZ3AG9TsZcnZzw9ifC7U8kwLbt,ipfs,ipfs://QmUqUALLrbrNz6zVrRXVMbrSnWGfURMTTxVv1wcTUoAEfG,ipfs,a2p-v2,animation_url artist artwork_id attributes bitmark_id collection_name creator description edition_index edition_number external_url image medium metadata_version name prev_provenance timestamp
0xc3ecd59ba5ec8dd2865dffce7bc7c2b60adb62bf,a2p-v2,67135686275009065760861215365593605524049790386705462067855128682005349676455,False,True,AnimalAircraft #3,,none,ipfs://QmZ5FdkfJqKu7QaADZuFeWSEs5M1JvT2agg3MsBhZVKvkz,ipfs,ipfs://QmZ6xtbL2824HH5y9hRvmB9CnuCjSswKGqCvW6HkW4fQqh,ipfs,a2p-v2,animation_url artist artwork_id attributes bitmark_id collection_name creator description edition_index edition_number external_url image medium metadata_version name prev_provenance timestamp
0xc3ecd59ba5ec8dd2865dffce7bc7c2b60adb62bf,a2p-v2,52118834450928932495191298556401593841736896851039974255211110782074873176890,False,True,Anti-Body #6,,none,ipfs://QmbbdbL7J8DdKdjg7EbDkZ3AG9TsZcnZzw9ifC7U8kwLbt,ipfs,ipfs://QmUqUALLrbrNz6zVrRXVMbrSnWGfURMTTxVv1wcTUoAEfG,ipfs,a2p-v2,animation_url artist artwork_id attributes bitmark_id collection_name creator description edition_index edition_number external_url image medium metadata_version name prev_provenance timestamp
0xc3ecd59ba5ec8dd2865dffce7bc7c2b60adb62bf,a2p-v2,52118834450928932495191298556401593841736896851039974255211110782074873176894,False,True,Anti-Body #10,,none,ipfs://QmbbdbL7J8DdKdjg7EbDkZ3AG9TsZcnZzw9ifC7U8kwLbt,ipfs,ipfs://QmUqUALLrbrNz6zVrRXVMbrSnWGfURMTTxVv1wcTUoAEfG,ipfs,a2p-v2,animation_url artist artwork_id attributes bitmark_id collection_name creator description edition_index edition_number external_url image medium metadata_version name prev_provenance timestamp
0xc3ecd59ba5ec8dd2865dffce7bc7c2b60adb62bf,a2p-v2,52118834450928932495191298556401593841736896851039974255211110782074873176893,False,True,Anti-Body #9,,none,ipfs://QmbbdbL7J8DdKdjg7EbDkZ3AG9TsZcnZzw9ifC7U8kwLbt,ipfs,ipfs://QmUqUALLrbrNz6zVrRXVMbrSnWGfURMTTxVv1wcTUoAEfG,ipfs,a2p-v2,animation_url artist artwork_id attributes bitmark_id collection_name creator description edition_index edition_number external_url image medium metadata_version name prev_provenance timestamp
0xc3ecd59ba5ec8dd2865dffce7bc7c2b60adb62bf,a2p-v2,52118834450928932495191298556401593841736896851039974255211110782074873176888,False,True,Anti-Body #4,,none,ipfs://QmbbdbL7J8DdKdjg7EbDkZ3AG9TsZcnZzw9ifC7U8kwLbt,ipfs,ipfs://QmUqUALLrbrNz6zVrRXVMbrSnWGfURMTTxVv1wcTUoAEfG,ipfs,a2p-v2,animation_url artist artwork_id attributes bitmark_id collection_name creator description edition_index edition_number external_url image medium metadata_version name prev_provenance timestamp
0xc3ecd59ba5ec8dd2865dffce7bc7c2b60adb62bf,a2p-v2,52118834450928932495191298556401593841736896851039974255211110782074873176889,False,True,Anti-Body #5,,none,ipfs://QmbbdbL7J8DdKdjg7EbDkZ3AG9TsZcnZzw9ifC7U8kwLbt,ipfs,ipfs://QmUqUALLrbrNz6zVrRXVMbrSnWGfURMTTxVv1wcTUoAEfG,ipfs,a2p-v2,animation_url artist artwork_id attributes bitmark_id collection_name creator description edition_index edition_number external_url image medium metadata_version name prev_provenance timestamp
0xc3ecd59ba5ec8dd2865dffce7bc7c2b60adb62bf,a2p-v2,52118834450928932495191298556401593841736896851039974255211110782074873176892,False,True,Anti-Body #8,,none,ipfs://QmbbdbL7J8DdKdjg7EbDkZ3AG9TsZcnZzw9ifC7U8kwLbt,ipfs,ipfs://QmUqUALLrbrNz6zVrRXVMbrSnWGfURMTTxVv1wcTUoAEfG,ipfs,a2p-v2,animation_url artist artwork_id attributes bitmark_id collection_name creator description edition_index edition_number external_url image medium metadata_version name prev_provenance timestamp
0xc3ecd59ba5ec8dd2865dffce7bc7c2b60adb62bf,a2p-v2,52118834450928932495191298556401593841736896851039974255211110782074873176887,False,True,Anti-Body #3,,none,ipfs://QmbbdbL7J8DdKdjg7EbDkZ3AG9TsZcnZzw9ifC7U8kwLbt,ipfs,ipfs://QmUqUALLrbrNz6zVrRXVMbrSnWGfURMTTxVv1wcTUoAEfG,ipfs,a2p-v2,animation_url artist artwork_id attributes bitmark_id collection_name creator description edition_index edition_number external_url image medium metadata_version name prev_provenance timestamp
0xc3ecd59ba5ec8dd2865dffce7bc7c2b60adb62bf,a2p-v2,58777252788450439175571535945774744295332586425584891290621285778016216131311,False,True,Talking Walls #5,,none,ipfs://QmXruH8jx2NagkRjeZiEqPUP4fvdpjrd2PbsuD4VQhYP3e,ipfs,ipfs://QmdpvUKwRTrazvgvkkQU19GeboQiGyFLMBnkv4pN57Nfug,ipfs,a2p-v2,animation_url artist artwork_id attributes bitmark_id collection_name creator description edition_index edition_number external_url image medium metadata_version name prev_provenance timestamp
0xc3ecd59ba5ec8dd2865dffce7bc7c2b60adb62bf,a2p-v2,58777252788450439175571535945774744295332586425584891290621285778016216131312,False,True,Talking Walls #6,,none,ipfs://QmXruH8jx2NagkRjeZiEqPUP4fvdpjrd2PbsuD4VQhYP3e,ipfs,ipfs://QmdpvUKwRTrazvgvkkQU19GeboQiGyFLMBnkv4pN57Nfug,ipfs,a2p-v2,animation_url artist artwork_id attributes bitmark_id collection_name creator description edition_index edition_number external_url image medium metadata_version name prev_provenance timestamp
0xc3ecd59ba5ec8dd2865dffce7bc7c2b60adb62bf,a2p-v2,58777252788450439175571535945774744295332586425584891290621285778016216131313,False,True,Talking Walls #7,,none,ipfs://QmXruH8jx2NagkRjeZiEqPUP4fvdpjrd2PbsuD4VQhYP3e,ipfs,ipfs://QmdpvUKwRTrazvgvkkQU19GeboQiGyFLMBnkv4pN57Nfug,ipfs,a2p-v2,animation_url artist artwork_id attributes bitmark_id collection_name creator description edition_index edition_number external_url image medium metadata_version name prev_provenance timestamp
0xc3ecd59ba5ec8dd2865dffce7bc7c2b60adb62bf,a2p-v2,58777252788450439175571535945774744295332586425584891290621285778016216131306,False,True,Talking Walls AP,,none,ipfs://QmXruH8jx2NagkRjeZiEqPUP4fvdpjrd2PbsuD4VQhYP3e,ipfs,ipfs://QmdpvUKwRTrazvgvkkQU19GeboQiGyFLMBnkv4pN57Nfug,ipfs,a2p-v2,animation_url artist artwork_id attributes bitmark_id collection_name creator description edition_index edition_number external_url image medium metadata_version name prev_provenance timestamp
0xc3ecd59ba5ec8dd2865dffce7bc7c2b60adb62bf,a2p-v2,65274004678679009513393163792264817351861191052890845648646561715221234336461,False,True,With the Great Chain of the Wall #2,,none,ipfs://Qmdu5USf2X3d3v95DFZWPVqotmhFfzBWWCLVGovSdsJeau,ipfs,ipfs://QmYeA7zW7fqTzia7uznfeQwxpEtK9oYbNp8wmXtYMPUhnM,ipfs,a2p-v2,animation_url artist artwork_id attributes bitmark_id collection_name creator description edition_index edition_number external_url image medium metadata_version name prev_provenance timestamp
0xc3ecd59ba5ec8dd2865dffce7bc7c2b60adb62bf,a2p-v2,58777252788450439175571535945774744295332586425584891290621285778016216131316,False,True,Talking Walls #10,,none,ipfs://QmXruH8jx2NagkRjeZiEqPUP4fvdpjrd2PbsuD4VQhYP3e,ipfs,ipfs://QmdpvUKwRTrazvgvkkQU19GeboQiGyFLMBnkv4pN57Nfug,ipfs,a2p-v2,animation_url artist artwork_id attributes bitmark_id collection_name creator description edition_index edition_number external_url image medium metadata_version name prev_provenance timestamp
0xc3ecd59ba5ec8dd2865dffce7bc7c2b60adb62bf,a2p-v2,58777252788450439175571535945774744295332586425584891290621285778016216131310,False,True,Talking Walls #4,,none,ipfs://QmXruH8jx2NagkRjeZiEqPUP4fvdpjrd2PbsuD4VQhYP3e,ipfs,ipfs://QmdpvUKwRTrazvgvkkQU19GeboQiGyFLMBnkv4pN57Nfug,ipfs,a2p-v2,animation_url artist artwork_id attributes bitmark_id collection_name creator description edition_index edition_number external_url image medium metadata_version name prev_provenance timestamp
0xc3ecd59ba5ec8dd2865dffce7bc7c2b60adb62bf,a2p-v2,65274004678679009513393163792264817351861191052890845648646561715221234336464,False,True,With the Great Chain of the Wall #5,,none,ipfs://Qmdu5USf2X3d3v95DFZWPVqotmhFfzBWWCLVGovSdsJeau,ipfs,ipfs://QmYeA7zW7fqTzia7uznfeQwxpEtK9oYbNp8wmXtYMPUhnM,ipfs,a2p-v2,animation_url artist artwork_id attributes bitmark_id collection_name creator description edition_index edition_number external_url image medium metadata_version name prev_provenance timestamp
0xc3ecd59ba5ec8dd2865dffce7bc7c2b60adb62bf,a2p-v2,65274004678679009513393163792264817351861191052890845648646561715221234336465,False,True,With the Great Chain of the Wall #6,,none,ipfs://Qmdu5USf2X3d3v95DFZWPVqotmhFfzBWWCLVGovSdsJeau,ipfs,ipfs://QmYeA7zW7fqTzia7uznfeQwxpEtK9oYbNp8wmXtYMPUhnM,ipfs,a2p-v2,animation_url artist artwork_id attributes bitmark_id collection_name creator description edition_index edition_number external_url image medium metadata_version name prev_provenance timestamp
0xc3ecd59ba5ec8dd2865dffce7bc7c2b60adb62bf,a2p-v2,65274004678679009513393163792264817351861191052890845648646561715221234336468,False,True,With the Great Chain of the Wall #9,,none,ipfs://Qmdu5USf2X3d3v95DFZWPVqotmhFfzBWWCLVGovSdsJeau,ipfs,ipfs://QmYeA7zW7fqTzia7uznfeQwxpEtK9oYbNp8wmXtYMPUhnM,ipfs,a2p-v2,animation_url artist artwork_id attributes bitmark_id collection_name creator description edition_index edition_number external_url image medium metadata_version name prev_provenance timestamp
0xc3ecd59ba5ec8dd2865dffce7bc7c2b60adb62bf,a2p-v2,65274004678679009513393163792264817351861191052890845648646561715221234336467,False,True,With the Great Chain of the Wall #8,,none,ipfs://Qmdu5USf2X3d3v95DFZWPVqotmhFfzBWWCLVGovSdsJeau,ipfs,ipfs://QmYeA7zW7fqTzia7uznfeQwxpEtK9oYbNp8wmXtYMPUhnM,ipfs,a2p-v2,animation_url artist artwork_id attributes bitmark_id collection_name creator description edition_index edition_number external_url image medium metadata_version name prev_provenance timestamp
0xc3ecd59ba5ec8dd2865dffce7bc7c2b60adb62bf,a2p-v2,65274004678679009513393163792264817351861191052890845648646561715221234336469,False,True,With the Great Chain of the Wall #10,,none,ipfs://Qmdu5USf2X3d3v95DFZWPVqotmhFfzBWWCLVGovSdsJeau,ipfs,ipfs://QmYeA7zW7fqTzia7uznfeQwxpEtK9oYbNp8wmXtYMPUhnM,ipfs,a2p-v2,animation_url artist artwork_id attributes bitmark_id collection_name creator description edition_index edition_number external_url image medium metadata_version name prev_provenance timestamp
0xc3ecd59ba5ec8dd2865dffce7bc7c2b60adb62bf,a2p-v2,46370210225379663967014637081488280912663244745261935046392934055390647555944,False,True,"no people, no money #1",,none,ipfs://QmZjhS8rXkpN6fn2DCk45rVvTYhWFbqnbSFFFQdgPxD9PJ,ipfs,ipfs://QmYA816ttbJc4A7wCtSwkDzkXp7s4oPMCiNYyF18rXDbpK,ipfs,a2p-v2,animation_url artist artwork_id attributes bitmark_id collection_name creator description edition_index edition_number external_url image medium metadata_version name prev_provenance timestamp
0xc3ecd59ba5ec8dd2865dffce7bc7c2b60adb62bf,a2p-v2,61856685718111648461926505083310379404899883066252072677717818280662962604838,False,True,protester/eyes #8,,none,ipfs://QmYAhbQqXTWVHnPrEYmyqjL5ykfsTfAZsSWA6LdRmKb6n7,ipfs,ipfs://Qmee3VzgA2FZp28Xpe5w5EAWpoet8oyoU9DbG7qQabNFDz,ipfs,a2p-v2,animation_url artist artwork_id attributes bitmark_id collection_name creator description edition_index edition_number external_url image medium metadata_version name prev_provenance timestamp
0xc3ecd59ba5ec8dd2865dffce7bc7c2b60adb62bf,a2p-v2,61856685718111648461926505083310379404899883066252072677717818280662962604836,False,True,protester/eyes #6,,none,ipfs://QmYAhbQqXTWVHnPrEYmyqjL5ykfsTfAZsSWA6LdRmKb6n7,ipfs,ipfs://Qmee3VzgA2FZp28Xpe5w5EAWpoet8oyoU9DbG7qQabNFDz,ipfs,a2p-v2,animation_url artist artwork_id attributes bitmark_id collection_name creator description edition_index edition_number external_url image medium metadata_version name prev_provenance timestamp
0xc3ecd59ba5ec8dd2865dffce7bc7c2b60adb62bf,a2p-v2,61856685718111648461926505083310379404899883066252072677717818280662962604835,False,True,protester/eyes #5,,none,ipfs://QmYAhbQqXTWVHnPrEYmyqjL5ykfsTfAZsSWA6LdRmKb6n7,ipfs,ipfs://Qmee3VzgA2FZp28Xpe5w5EAWpoet8oyoU9DbG7qQabNFDz,ipfs,a2p-v2,animation_url artist artwork_id attributes bitmark_id collection_name creator description edition_index edition_number external_url image medium metadata_version name prev_provenance timestamp
0xc3ecd59ba5ec8dd2865dffce7bc7c2b60adb62bf,a2p-v2,46370210225379663967014637081488280912663244745261935046392934055390647555950,False,True,"no people, no money #7",,none,ipfs://QmZjhS8rXkpN6fn2DCk45rVvTYhWFbqnbSFFFQdgPxD9PJ,ipfs,ipfs://QmYA816ttbJc4A7wCtSwkDzkXp7s4oPMCiNYyF18rXDbpK,ipfs,a2p-v2,animation_url artist artwork_id attributes bitmark_id collection_name creator description edition_index edition_number external_url image medium metadata_version name prev_provenance timestamp
0xc3ecd59ba5ec8dd2865dffce7bc7c2b60adb62bf,a2p-v2,46370210225379663967014637081488280912663244745261935046392934055390647555945,False,True,"no people, no money #2",,none,ipfs://QmZjhS8rXkpN6fn2DCk45rVvTYhWFbqnbSFFFQdgPxD9PJ,ipfs,ipfs://QmYA816ttbJc4A7wCtSwkDzkXp7s4oPMCiNYyF18rXDbpK,ipfs,a2p-v2,animation_url artist artwork_id attributes bitmark_id collection_name creator description edition_index edition_number external_url image medium metadata_version name prev_provenance timestamp
0xc3ecd59ba5ec8dd2865dffce7bc7c2b60adb62bf,a2p-v2,61856685718111648461926505083310379404899883066252072677717818280662962604830,False,True,protester/eyes AP,,none,ipfs://QmYAhbQqXTWVHnPrEYmyqjL5ykfsTfAZsSWA6LdRmKb6n7,ipfs,ipfs://Qmee3VzgA2FZp28Xpe5w5EAWpoet8oyoU9DbG7qQabNFDz,ipfs,a2p-v2,animation_url artist artwork_id attributes bitmark_id collection_name creator description edition_index edition_number external_url image medium metadata_version name prev_provenance timestamp
0xc3ecd59ba5ec8dd2865dffce7bc7c2b60adb62bf,a2p-v2,61856685718111648461926505083310379404899883066252072677717818280662962604839,False,True,protester/eyes #9,,none,ipfs://QmYAhbQqXTWVHnPrEYmyqjL5ykfsTfAZsSWA6LdRmKb6n7,ipfs,ipfs://Qmee3VzgA2FZp28Xpe5w5EAWpoet8oyoU9DbG7qQabNFDz,ipfs,a2p-v2,animation_url artist artwork_id attributes bitmark_id collection_name creator description edition_index edition_number external_url image medium metadata_version name prev_provenance timestamp
0xc3ecd59ba5ec8dd2865dffce7bc7c2b60adb62bf,a2p-v2,46370210225379663967014637081488280912663244745261935046392934055390647555951,False,True,"no people, no money #8",,none,ipfs://QmZjhS8rXkpN6fn2DCk45rVvTYhWFbqnbSFFFQdgPxD9PJ,ipfs,ipfs://QmYA816ttbJc4A7wCtSwkDzkXp7s4oPMCiNYyF18rXDbpK,ipfs,a2p-v2,animation_url artist artwork_id attributes bitmark_id collection_name creator description edition_index edition_number external_url image medium metadata_version name prev_provenance timestamp
0xc3ecd59ba5ec8dd2865dffce7bc7c2b60adb62bf,a2p-v2,53526093293903977739995183885692722019327666117450106474176174506169458506903,False,True,偷走作品的小偷/The Thief Who Stole the Artwork #4,,none,ipfs://QmRHryZC1A3fqFKV6aTj4dbXHtVsJrhXW1QdoKUSVFU4bA,ipfs,ipfs://QmUrCC7rND4KrbNohjVPCEX5iPxJUMBk2xXRkc25Mhzdmm,ipfs,a2p-v2,animation_url artist artwork_id attributes bitmark_id collection_name creator description edition_index edition_number external_url image medium metadata_version name prev_provenance timestamp
0xc3ecd59ba5ec8dd2865dffce7bc7c2b60adb62bf,a2p-v2,53526093293903977739995183885692722019327666117450106474176174506169458506902,False,True,偷走作品的小偷/The Thief Who Stole the Artwork #3,,none,ipfs://QmRHryZC1A3fqFKV6aTj4dbXHtVsJrhXW1QdoKUSVFU4bA,ipfs,ipfs://QmUrCC7rND4KrbNohjVPCEX5iPxJUMBk2xXRkc25Mhzdmm,ipfs,a2p-v2,animation_url artist artwork_id attributes bitmark_id collection_name creator description edition_index edition_number external_url image medium metadata_version name prev_provenance timestamp
0xc3ecd59ba5ec8dd2865dffce7bc7c2b60adb62bf,a2p-v2,53526093293903977739995183885692722019327666117450106474176174506169458506908,False,True,偷走作品的小偷/The Thief Who Stole the Artwork #9,,none,ipfs://QmRHryZC1A3fqFKV6aTj4dbXHtVsJrhXW1QdoKUSVFU4bA,ipfs,ipfs://QmUrCC7rND4KrbNohjVPCEX5iPxJUMBk2xXRkc25Mhzdmm,ipfs,a2p-v2,animation_url artist artwork_id attributes bitmark_id collection_name creator description edition_index edition_number external_url image medium metadata_version name prev_provenance timestamp
0xc3ecd59ba5ec8dd2865dffce7bc7c2b60adb62bf,a2p-v2,53526093293903977739995183885692722019327666117450106474176174506169458506906,False,True,偷走作品的小偷/The Thief Who Stole the Artwork #7,,none,ipfs://QmRHryZC1A3fqFKV6aTj4dbXHtVsJrhXW1QdoKUSVFU4bA,ipfs,ipfs://QmUrCC7rND4KrbNohjVPCEX5iPxJUMBk2xXRkc25Mhzdmm,ipfs,a2p-v2,animation_url artist artwork_id attributes bitmark_id collection_name creator description edition_index edition_number external_url image medium metadata_version name prev_provenance timestamp
0xc3ecd59ba5ec8dd2865dffce7bc7c2b60adb62bf,a2p-v2,44110891236531933252086048190429312600989185531755719633175016917330921238572,False,True,citymoon04-dl15-dt8-layerAll.gif AP,,none,ipfs://QmQUhKfS9CCUYWKb6S5T6QsvmfzvrycLnXBsmCxyYza47U,ipfs,ipfs://QmX7v3e7Wsm8L3rzKD1qaoFQRpfNVuVYWAgV6XntHP73SJ,ipfs,a2p-v2,animation_url artist artwork_id attributes bitmark_id collection_name creator description edition_index edition_number external_url image medium metadata_version name prev_provenance timestamp
0xc3ecd59ba5ec8dd2865dffce7bc7c2b60adb62bf,a2p-v2,44110891236531933252086048190429312600989185531755719633175016917330921238573,False,True,citymoon04-dl15-dt8-layerAll.gif #1,,none,ipfs://QmQUhKfS9CCUYWKb6S5T6QsvmfzvrycLnXBsmCxyYza47U,ipfs,ipfs://QmX7v3e7Wsm8L3rzKD1qaoFQRpfNVuVYWAgV6XntHP73SJ,ipfs,a2p-v2,animation_url artist artwork_id attributes bitmark_id collection_name creator description edition_index edition_number external_url image medium metadata_version name prev_provenance timestamp
0xc3ecd59ba5ec8dd2865dffce7bc7c2b60adb62bf,a2p-v2,44110891236531933252086048190429312600989185531755719633175016917330921238574,False,True,citymoon04-dl15-dt8-layerAll.gif #2,,none,ipfs://QmQUhKfS9CCUYWKb6S5T6QsvmfzvrycLnXBsmCxyYza47U,ipfs,ipfs://QmX7v3e7Wsm8L3rzKD1qaoFQRpfNVuVYWAgV6XntHP73SJ,ipfs,a2p-v2,animation_url artist artwork_id attributes bitmark_id collection_name creator description edition_index edition_number external_url image medium metadata_version name prev_provenance timestamp
0xc3ecd59ba5ec8dd2865dffce7bc7c2b60adb62bf,a2p-v2,44110891236531933252086048190429312600989185531755719633175016917330921238579,False,True,citymoon04-dl15-dt8-layerAll.gif #7,,none,ipfs://QmQUhKfS9CCUYWKb6S5T6QsvmfzvrycLnXBsmCxyYza47U,ipfs,ipfs://QmX7v3e7Wsm8L3rzKD1qaoFQRpfNVuVYWAgV6XntHP73SJ,ipfs,a2p-v2,animation_url artist artwork_id attributes bitmark_id collection_name creator description edition_index edition_number external_url image medium metadata_version name prev_provenance timestamp
0xc3ecd59ba5ec8dd2865dffce7bc7c2b60adb62bf,a2p-v2,44110891236531933252086048190429312600989185531755719633175016917330921238580,False,True,citymoon04-dl15-dt8-layerAll.gif #8,,none,ipfs://QmQUhKfS9CCUYWKb6S5T6QsvmfzvrycLnXBsmCxyYza47U,ipfs,ipfs://QmX7v3e7Wsm8L3rzKD1qaoFQRpfNVuVYWAgV6XntHP73SJ,ipfs,a2p-v2,animation_url artist artwork_id attributes bitmark_id collection_name creator description edition_index edition_number external_url image medium metadata_version name prev_provenance timestamp
0xc3ecd59ba5ec8dd2865dffce7bc7c2b60adb62bf,a2p-v2,44110891236531933252086048190429312600989185531755719633175016917330921238578,False,True,citymoon04-dl15-dt8-layerAll.gif #6,,none,ipfs://QmQUhKfS9CCUYWKb6S5T6QsvmfzvrycLnXBsmCxyYza47U,ipfs,ipfs://QmX7v3e7Wsm8L3rzKD1qaoFQRpfNVuVYWAgV6XntHP73SJ,ipfs,a2p-v2,animation_url artist artwork_id attributes bitmark_id collection_name creator description edition_index edition_number external_url image medium metadata_version name prev_provenance timestamp
0xc3ecd59ba5ec8dd2865dffce7bc7c2b60adb62bf,a2p-v2,44110891236531933252086048190429312600989185531755719633175016917330921238582,False,True,citymoon04-dl15-dt8-layerAll.gif #10,,none,ipfs://QmQUhKfS9CCUYWKb6S5T6QsvmfzvrycLnXBsmCxyYza47U,ipfs,ipfs://QmX7v3e7Wsm8L3rzKD1qaoFQRpfNVuVYWAgV6XntHP73SJ,ipfs,a2p-v2,animation_url artist artwork_id attributes bitmark_id collection_name creator description edition_index edition_number external_url image medium metadata_version name prev_provenance timestamp
0xc3ecd59ba5ec8dd2865dffce7bc7c2b60adb62bf,a2p-v2,39370909427656913486795804445708003617180838253091077418995312408234203842306,False,True,Face Mask #9,,none,ipfs://Qma9xjiQDkAscuQ982aWEoBYiYPZzQjVDAovKxpkcDtrgw,ipfs,,none,a2p-v2,artist artwork_id attributes bitmark_id collection_name creator description edition_index edition_number external_url image medium metadata_version name prev_provenance timestamp
0xc3ecd59ba5ec8dd2865dffce7bc7c2b60adb62bf,a2p-v2,40747211157607358858893425535289799023542617919454689341630073947761720391549,False,True,When Harrison Meets Rick Instead of Roy. #8,,none,ipfs://QmcCkyjZ6mPnGdLPBBVGrnHnV1WkyYRZwZra9ebWf9rdfY,ipfs,ipfs://QmXP9wXQHAHXQa2wE9LFpz2HAsfetdpsRQWpBwzYXbEAXC,ipfs,a2p-v2,animation_url artist artwork_id attributes bitmark_id collection_name creator description edition_index edition_number external_url image medium metadata_version name prev_provenance timestamp
0xc3ecd59ba5ec8dd2865dffce7bc7c2b60adb62bf,a2p-v2,39370909427656913486795804445708003617180838253091077418995312408234203842304,False,True,Face Mask #7,,none,ipfs://Qma9xjiQDkAscuQ982aWEoBYiYPZzQjVDAovKxpkcDtrgw,ipfs,,none,a2p-v2,artist artwork_id attributes bitmark_id collection_name creator description edition_index edition_number external_url image medium metadata_version name prev_provenance timestamp
0xc3ecd59ba5ec8dd2865dffce7bc7c2b60adb62bf,a2p-v2,39370909427656913486795804445708003617180838253091077418995312408234203842300,False,True,Face Mask #3,,none,ipfs://Qma9xjiQDkAscuQ982aWEoBYiYPZzQjVDAovKxpkcDtrgw,ipfs,,none,a2p-v2,artist artwork_id attributes bitmark_id collection_name creator description edition_index edition_number external_url image medium metadata_version name prev_provenance timestamp
0xc3ecd59ba5ec8dd2865dffce7bc7c2b60adb62bf,a2p-v2,37358665802094832513591718705132692918079312815297456044640253785049577062727,False,True,Fallibility Of Memory #1,,none,ipfs://QmYdNv41MPgfQDeCgjr5ZsVjWBBFXZnFGcPvAM4m5rHMw6,ipfs,ipfs://QmVLxBpttC9uV9JVndSGRmTD5jpGXdRRGDvwosXGHsGWcv,ipfs,a2p-v2,animation_url artist artwork_id attributes bitmark_id collection_name creator description edition_index edition_number external_url image medium metadata_version name prev_provenance timestamp
0xc3ecd59ba5ec8dd2865dffce7bc7c2b60adb62bf,a2p-v2,40747211157607358858893425535289799023542617919454689341630073947761720391544,False,True,When Harrison Meets Rick Instead of Roy. #3,,none,ipfs://QmcCkyjZ6mPnGdLPBBVGrnHnV1WkyYRZwZra9ebWf9rdfY,ipfs,ipfs://QmXP9wXQHAHXQa2wE9LFpz2HAsfetdpsRQWpBwzYXbEAXC,ipfs,a2p-v2,animation_url artist artwork_id attributes bitmark_id collection_name creator description edition_index edition_number external_url image medium metadata_version name prev_provenance timestamp
0xc3ecd59ba5ec8dd2865dffce7bc7c2b60adb62bf,a2p-v2,40747211157607358858893425535289799023542617919454689341630073947761720391550,False,True,When Harrison Meets Rick Instead of Roy. #9,,none,ipfs://QmcCkyjZ6mPnGdLPBBVGrnHnV1WkyYRZwZra9ebWf9rdfY,ipfs,ipfs://QmXP9wXQHAHXQa2wE9LFpz2HAsfetdpsRQWpBwzYXbEAXC,ipfs,a2p-v2,animation_url artist artwork_id attributes bitmark_id collection_name creator description edition_index edition_number external_url image medium metadata_version name prev_provenance timestamp
0xc3ecd59ba5ec8dd2865dffce7bc7c2b60adb62bf,a2p-v2,39370909427656913486795804445708003617180838253091077418995312408234203842299,False,True,Face Mask #2,,none,ipfs://Qma9xjiQDkAscuQ982aWEoBYiYPZzQjVDAovKxpkcDtrgw,ipfs,,none,a2p-v2,artist artwork_id attributes bitmark_id collection_name creator description edition_index edition_number external_url image medium metadata_version name prev_provenance timestamp
0xc3ecd59ba5ec8dd2865dffce7bc7c2b60adb62bf,a2p-v2,40747211157607358858893425535289799023542617919454689341630073947761720391546,False,True,When Harrison Meets Rick Instead of Roy. #5,,none,ipfs://QmcCkyjZ6mPnGdLPBBVGrnHnV1WkyYRZwZra9ebWf9rdfY,ipfs,ipfs://QmXP9wXQHAHXQa2wE9LFpz2HAsfetdpsRQWpBwzYXbEAXC,ipfs,a2p-v2,animation_url artist artwork_id attributes bitmark_id collection_name creator description edition_index edition_number external_url image medium metadata_version name prev_provenance timestamp
0xc3ecd59ba5ec8dd2865dffce7bc7c2b60adb62bf,a2p-v2,40747211157607358858893425535289799023542617919454689341630073947761720391545,False,True,When Harrison Meets Rick Instead of Roy. #4,,none,ipfs://QmcCkyjZ6mPnGdLPBBVGrnHnV1WkyYRZwZra9ebWf9rdfY,ipfs,ipfs://QmXP9wXQHAHXQa2wE9LFpz2HAsfetdpsRQWpBwzYXbEAXC,ipfs,a2p-v2,animation_url artist artwork_id attributes bitmark_id collection_name creator description edition_index edition_number external_url image medium metadata_version name prev_provenance timestamp
0xc3ecd59ba5ec8dd2865dffce7bc7c2b60adb62bf,a2p-v2,40747211157607358858893425535289799023542617919454689341630073947761720391548,False,True,When Harrison Meets Rick Instead of Roy. #7,,none,ipfs://QmcCkyjZ6mPnGdLPBBVGrnHnV1WkyYRZwZra9ebWf9rdfY,ipfs,ipfs://QmXP9wXQHAHXQa2wE9LFpz2HAsfetdpsRQWpBwzYXbEAXC,ipfs,a2p-v2,animation_url artist artwork_id attributes bitmark_id collection_name creator description edition_index edition_number external_url image medium metadata_version name prev_provenance timestamp
0xc3ecd59ba5ec8dd2865dffce7bc7c2b60adb62bf,a2p-v2,39370909427656913486795804445708003617180838253091077418995312408234203842303,False,True,Face Mask #6,,none,ipfs://Qma9xjiQDkAscuQ982aWEoBYiYPZzQjVDAovKxpkcDtrgw,ipfs,,none,a2p-v2,artist artwork_id attributes bitmark_id collection_name creator description edition_index edition_number external_url image medium metadata_version name prev_provenance timestamp
0xc3ecd59ba5ec8dd2865dffce7bc7c2b60adb62bf,a2p-v2,37358665802094832513591718705132692918079312815297456044640253785049577062726,False,True,Fallibility Of Memory AP,,none,ipfs://QmYdNv41MPgfQDeCgjr5ZsVjWBBFXZnFGcPvAM4m5rHMw6,ipfs,ipfs://QmVLxBpttC9uV9JVndSGRmTD5jpGXdRRGDvwosXGHsGWcv,ipfs,a2p-v2,animation_url artist artwork_id attributes bitmark_id collection_name creator description edition_index edition_number external_url image medium metadata_version name prev_provenance timestamp
0xc3ecd59ba5ec8dd2865dffce7bc7c2b60adb62bf,a2p-v2,37358665802094832513591718705132692918079312815297456044640253785049577062729,False,True,Fallibility Of Memory #3,,none,ipfs://QmYdNv41MPgfQDeCgjr5ZsVjWBBFXZnFGcPvAM4m5rHMw6,ipfs,ipfs://QmVLxBpttC9uV9JVndSGRmTD5jpGXdRRGDvwosXGHsGWcv,ipfs,a2p-v2,animation_url artist artwork_id attributes bitmark_id collection_name creator description edition_index edition_number external_url image medium metadata_version name prev_provenance timestamp
0xc3ecd59ba5ec8dd2865dffce7bc7c2b60adb62bf,a2p-v2,32591673285275619746773086728306986897072430171202470250203746551365187756141,False,True,Mephis Milano #1,,none,ipfs://QmRwSqTgT77Dw8g5iy2SyAGTcqDhmLjA6ktdFGhNw59aoo,ipfs,ipfs://QmUdcymYbnYAP6J5MHXyv7hPXQwhQeogA9BTT2SX1BmKtn,ipfs,a2p-v2,animation_url artist artwork_id attributes bitmark_id collection_name creator description edition_index edition_number external_url image medium metadata_version name prev_provenance timestamp
0xc3ecd59ba5ec8dd2865dffce7bc7c2b60adb62bf,a2p-v2,37358665802094832513591718705132692918079312815297456044640253785049577062736,False,True,Fallibility Of Memory #10,,none,ipfs://QmYdNv41MPgfQDeCgjr5ZsVjWBBFXZnFGcPvAM4m5rHMw6,ipfs,ipfs://QmVLxBpttC9uV9JVndSGRmTD5jpGXdRRGDvwosXGHsGWcv,ipfs,a2p-v2,animation_url artist artwork_id attributes bitmark_id collection_name creator description edition_index edition_number external_url image medium metadata_version name prev_provenance timestamp
0xc3ecd59ba5ec8dd2865dffce7bc7c2b60adb62bf,a2p-v2,32767460940060459317608734040436096325615289388789826737691126144466215872878,False,True,Ten Thousand Apotropaic Variations AP,,none,ipfs://QmQ2dgViAzzvtRmgBURxcX6geoGgkXzYaRDKRQ9naoeWyG,ipfs,ipfs://QmWLds3ApjnZdxky7Y9Ajb2bHWhLbodzZ39tpCSWp3F9Y4,ipfs,a2p-v2,animation_url artist artwork_id attributes bitmark_id collection_name creator description edition_index edition_number external_url image medium metadata_version name prev_provenance timestamp
0xc3ecd59ba5ec8dd2865dffce7bc7c2b60adb62bf,a2p-v2,32767460940060459317608734040436096325615289388789826737691126144466215872883,False,True,Ten Thousand Apotropaic Variations #5,,none,ipfs://QmQ2dgViAzzvtRmgBURxcX6geoGgkXzYaRDKRQ9naoeWyG,ipfs,ipfs://QmWLds3ApjnZdxky7Y9Ajb2bHWhLbodzZ39tpCSWp3F9Y4,ipfs,a2p-v2,animation_url artist artwork_id attributes bitmark_id collection_name creator description edition_index edition_number external_url image medium metadata_version name prev_provenance timestamp
0xc3ecd59ba5ec8dd2865dffce7bc7c2b60adb62bf,a2p-v2,37358665802094832513591718705132692918079312815297456044640253785049577062734,False,True,Fallibility Of Memory #8,,none,ipfs://QmYdNv41MPgfQDeCgjr5ZsVjWBBFXZnFGcPvAM4m5rHMw6,ipfs,ipfs://QmVLxBpttC9uV9JVndSGRmTD5jpGXdRRGDvwosXGHsGWcv,ipfs,a2p-v2,animation_url artist artwork_id attributes bitmark_id collection_name creator description edition_index edition_number external_url image medium metadata_version name prev_provenance timestamp
0xc3ecd59ba5ec8dd2865dffce7bc7c2b60adb62bf,a2p-v2,32767460940060459317608734040436096325615289388789826737691126144466215872880,False,True,Ten Thousand Apotropaic Variations #2,,none,ipfs://QmQ2dgViAzzvtRmgBURxcX6geoGgkXzYaRDKRQ9naoeWyG,ipfs,ipfs://QmWLds3ApjnZdxky7Y9Ajb2bHWhLbodzZ39tpCSWp3F9Y4,ipfs,a2p-v2,animation_url artist artwork_id attributes bitmark_id collection_name creator description edition_index edition_number external_url image medium metadata_version name prev_provenance timestamp
0xc3ecd59ba5ec8dd2865dffce7bc7c2b60adb62bf,a2p-v2,32767460940060459317608734040436096325615289388789826737691126144466215872885,False,True,Ten Thousand Apotropaic Variations #7,,none,ipfs://QmQ2dgViAzzvtRmgBURxcX6geoGgkXzYaRDKRQ9naoeWyG,ipfs,ipfs://QmWLds3ApjnZdxky7Y9Ajb2bHWhLbodzZ39tpCSWp3F9Y4,ipfs,a2p-v2,animation_url artist artwork_id attributes bitmark_id collection_name creator description edition_index edition_number external_url image medium metadata_version name prev_provenance timestamp
0xc3ecd59ba5ec8dd2865dffce7bc7c2b60adb62bf,a2p-v2,32767460940060459317608734040436096325615289388789826737691126144466215872884,False,True,Ten Thousand Apotropaic Variations #6,,none,ipfs://QmQ2dgViAzzvtRmgBURxcX6geoGgkXzYaRDKRQ9naoeWyG,ipfs,ipfs://QmWLds3ApjnZdxky7Y9Ajb2bHWhLbodzZ39tpCSWp3F9Y4,ipfs,a2p-v2,animation_url artist artwork_id attributes bitmark_id collection_name creator description edition_index edition_number external_url image medium metadata_version name prev_provenance timestamp
0xc3ecd59ba5ec8dd2865dffce7bc7c2b60adb62bf,a2p-v2,32767460940060459317608734040436096325615289388789826737691126144466215872882,False,True,Ten Thousand Apotropaic Variations #4,,none,ipfs://QmQ2dgViAzzvtRmgBURxcX6geoGgkXzYaRDKRQ9naoeWyG,ipfs,ipfs://QmWLds3ApjnZdxky7Y9Ajb2bHWhLbodzZ39tpCSWp3F9Y4,ipfs,a2p-v2,animation_url artist artwork_id attributes bitmark_id collection_name creator description edition_index edition_number external_url image medium metadata_version name prev_provenance timestamp
0xc3ecd59ba5ec8dd2865dffce7bc7c2b60adb62bf,a2p-v2,45994646824854587617145772613041216225171519039048545098448045301353040407945,False,True,P.P.E. (yeah you know me) AP,,none,ipfs://QmZtPcaRXQwQEWALSA7QAGzuyrQHv55mfyhYA6UEjVgGNc,ipfs,ipfs://QmUkzCVvcqYRKZFjtkSwaSpFWmbpQxvrNNrPJuJXYE2cxz,ipfs,a2p-v2,animation_url artist artwork_id attributes bitmark_id collection_name creator description edition_index edition_number external_url image medium metadata_version name prev_provenance timestamp
0xc3ecd59ba5ec8dd2865dffce7bc7c2b60adb62bf,a2p-v2,32591673285275619746773086728306986897072430171202470250203746551365187756143,False,True,Mephis Milano #3,,none,ipfs://QmRwSqTgT77Dw8g5iy2SyAGTcqDhmLjA6ktdFGhNw59aoo,ipfs,ipfs://QmUdcymYbnYAP6J5MHXyv7hPXQwhQeogA9BTT2SX1BmKtn,ipfs,a2p-v2,animation_url artist artwork_id attributes bitmark_id collection_name creator description edition_index edition_number external_url image medium metadata_version name prev_provenance timestamp
0xc3ecd59ba5ec8dd2865dffce7bc7c2b60adb62bf,a2p-v2,32591673285275619746773086728306986897072430171202470250203746551365187756147,False,True,Mephis Milano #7,,none,ipfs://QmRwSqTgT77Dw8g5iy2SyAGTcqDhmLjA6ktdFGhNw59aoo,ipfs,ipfs://QmUdcymYbnYAP6J5MHXyv7hPXQwhQeogA9BTT2SX1BmKtn,ipfs,a2p-v2,animation_url artist artwork_id attributes bitmark_id collection_name creator description edition_index edition_number external_url image medium metadata_version name prev_provenance timestamp
0xc3ecd59ba5ec8dd2865dffce7bc7c2b60adb62bf,a2p-v2,32591673285275619746773086728306986897072430171202470250203746551365187756146,False,True,Mephis Milano #6,,none,ipfs://QmRwSqTgT77Dw8g5iy2SyAGTcqDhmLjA6ktdFGhNw59aoo,ipfs,ipfs://QmUdcymYbnYAP6J5MHXyv7hPXQwhQeogA9BTT2SX1BmKtn,ipfs,a2p-v2,animation_url artist artwork_id attributes bitmark_id collection_name creator description edition_index edition_number external_url image medium metadata_version name prev_provenance timestamp
0xc3ecd59ba5ec8dd2865dffce7bc7c2b60adb62bf,a2p-v2,36752101124639320167082510856752388494194600232423889387770667509494513568949,False,True,sex-in-itself #9,,none,ipfs://QmVvoFrGYsELato8TqsHVEs6ebu2AnWXbdpkRRDhXEGLFi,ipfs,,none,a2p-v2,artist artwork_id attributes bitmark_id collection_name creator description edition_index edition_number external_url image medium metadata_version name prev_provenance timestamp
0xc3ecd59ba5ec8dd2865dffce7bc7c2b60adb62bf,a2p-v2,36752101124639320167082510856752388494194600232423889387770667509494513568948,False,True,sex-in-itself #8,,none,ipfs://QmVvoFrGYsELato8TqsHVEs6ebu2AnWXbdpkRRDhXEGLFi,ipfs,,none,a2p-v2,artist artwork_id attributes bitmark_id collection_name creator description edition_index edition_number external_url image medium metadata_version name prev_provenance timestamp
0xc3ecd59ba5ec8dd2865dffce7bc7c2b60adb62bf,a2p-v2,36752101124639320167082510856752388494194600232423889387770667509494513568940,False,True,sex-in-itself AP,,none,ipfs://QmVvoFrGYsELato8TqsHVEs6ebu2AnWXbdpkRRDhXEGLFi,ipfs,,none,a2p-v2,artist artwork_id attributes bitmark_id collection_name creator description edition_index edition_number external_url image medium metadata_version name prev_provenance timestamp
0xc3ecd59ba5ec8dd2865dffce7bc7c2b60adb62bf,a2p-v2,36752101124639320167082510856752388494194600232423889387770667509494513568945,False,True,sex-in-itself #5,,none,ipfs://QmVvoFrGYsELato8TqsHVEs6ebu2AnWXbdpkRRDhXEGLFi,ipfs,,none,a2p-v2,artist artwork_id attributes bitmark_id collection_name creator description edition_index edition_number external_url image medium metadata_version name prev_provenance timestamp
0xc3ecd59ba5ec8dd2865dffce7bc7c2b60adb62bf,a2p-v2,36752101124639320167082510856752388494194600232423889387770667509494513568943,False,True,sex-in-itself #3,,none,ipfs://QmVvoFrGYsELato8TqsHVEs6ebu2AnWXbdpkRRDhXEGLFi,ipfs,,none,a2p-v2,artist artwork_id attributes bitmark_id collection_name creator description edition_index edition_number external_url image medium metadata_version name prev_provenance timestamp
0xc3ecd59ba5ec8dd2865dffce7bc7c2b60adb62bf,a2p-v2,36752101124639320167082510856752388494194600232423889387770667509494513568944,False,True,sex-in-itself #4,,none,ipfs://QmVvoFrGYsELato8TqsHVEs6ebu2AnWXbdpkRRDhXEGLFi,ipfs,,none,a2p-v2,artist artwork_id attributes bitmark_id collection_name creator description edition_index edition_number external_url image medium metadata_version name prev_provenance timestamp
0xc3ecd59ba5ec8dd2865dffce7bc7c2b60adb62bf,a2p-v2,32591673285275619746773086728306986897072430171202470250203746551365187756149,False,True,Mephis Milano #9,,none,ipfs://QmRwSqTgT77Dw8g5iy2SyAGTcqDhmLjA6ktdFGhNw59aoo,ipfs,ipfs://QmUdcymYbnYAP6J5MHXyv7hPXQwhQeogA9BTT2SX1BmKtn,ipfs,a2p-v2,animation_url artist artwork_id attributes bitmark_id collection_name creator description edition_index edition_number external_url image medium metadata_version name prev_provenance timestamp
0xc3ecd59ba5ec8dd2865dffce7bc7c2b60adb62bf,a2p-v2,36752101124639320167082510856752388494194600232423889387770667509494513568947,False,True,sex-in-itself #7,,none,ipfs://QmVvoFrGYsELato8TqsHVEs6ebu2AnWXbdpkRRDhXEGLFi,ipfs,,none,a2p-v2,artist artwork_id attributes bitmark_id collection_name creator description edition_index edition_number external_url image medium metadata_version name prev_provenance timestamp
0xc3ecd59ba5ec8dd2865dffce7bc7c2b60adb62bf,a2p-v2,36752101124639320167082510856752388494194600232423889387770667509494513568950,False,True,sex-in-itself #10,,none,ipfs://QmVvoFrGYsELato8TqsHVEs6ebu2AnWXbdpkRRDhXEGLFi,ipfs,,none,a2p-v2,artist artwork_id attributes bitmark_id collection_name creator description edition_index edition_number external_url image medium metadata_version name prev_provenance timestamp
0xc3ecd59ba5ec8dd2865dffce7bc7c2b60adb62bf,a2p-v2,32591673285275619746773086728306986897072430171202470250203746551365187756142,False,True,Mephis Milano #2,,none,ipfs://QmRwSqTgT77Dw8g5iy2SyAGTcqDhmLjA6ktdFGhNw59aoo,ipfs,ipfs://QmUdcymYbnYAP6J5MHXyv7hPXQwhQeogA9BTT2SX1BmKtn,ipfs,a2p-v2,animation_url artist artwork_id attributes bitmark_id collection_name creator description edition_index edition_number external_url image medium metadata_version name prev_provenance timestamp
0xc3ecd59ba5ec8dd2865dffce7bc7c2b60adb62bf,a2p-v2,36380250268417191405883921515312117539588744906269805724091459049311302118671,False,True,Ambigrammatic Figure #0073 #9,,none,ipfs://QmZrGRjbFMQxSDdEwQWpeYWVBY5AAkfMgM7nGtytUVKvYZ,ipfs,,none,a2p-v2,artist artwork_id attributes bitmark_id collection_name creator description edition_index edition_number external_url image medium metadata_version name prev_provenance timestamp
0xc3ecd59ba5ec8dd2865dffce7bc7c2b60adb62bf,a2p-v2,36380250268417191405883921515312117539588744906269805724091459049311302118666,False,True,Ambigrammatic Figure #0073 #4,,none,ipfs://QmZrGRjbFMQxSDdEwQWpeYWVBY5AAkfMgM7nGtytUVKvYZ,ipfs,,none,a2p-v2,artist artwork_id attributes bitmark_id collection_name creator description edition_index edition_number external_url image medium metadata_version name prev_provenance timestamp
0xc3ecd59ba5ec8dd2865dffce7bc7c2b60adb62bf,a2p-v2,36380250268417191405883921515312117539588744906269805724091459049311302118667,False,True,Ambigrammatic Figure #0073 #5,,none,ipfs://QmZrGRjbFMQxSDdEwQWpeYWVBY5AAkfMgM7nGtytUVKvYZ,ipfs,,none,a2p-v2,artist artwork_id attributes bitmark_id collection_name creator description edition_index edition_number external_url image medium metadata_version name prev_provenance timestamp
0xc3ecd59ba5ec8dd2865dffce7bc7c2b60adb62bf,a2p-v2,36380250268417191405883921515312117539588744906269805724091459049311302118665,False,True,Ambigrammatic Figure #0073 #3,,none,ipfs://QmZrGRjbFMQxSDdEwQWpeYWVBY5AAkfMgM7nGtytUVKvYZ,ipfs,,none,a2p-v2,artist artwork_id attributes bitmark_id collection_name creator description edition_index edition_number external_url image medium metadata_version name prev_provenance timestamp
0xc3ecd59ba5ec8dd2865dffce7bc7c2b60adb62bf,a2p-v2,36380250268417191405883921515312117539588744906269805724091459049311302118670,False,True,Ambigrammatic Figure #0073 #8,,none,ipfs://QmZrGRjbFMQxSDdEwQWpeYWVBY5AAkfMgM7nGtytUVKvYZ,ipfs,,none,a2p-v2,artist artwork_id attributes bitmark_id collection_name creator description edition_index edition_number external_url image medium metadata_version name prev_provenance timestamp
0xc3ecd59ba5ec8dd2865dffce7bc7c2b60adb62bf,a2p-v2,36752101124639320167082510856752388494194600232423889387770667509494513568946,False,True,sex-in-itself #6,,none,ipfs://QmVvoFrGYsELato8TqsHVEs6ebu2AnWXbdpkRRDhXEGLFi,ipfs,,none,a2p-v2,artist artwork_id attributes bitmark_id collection_name creator description edition_index edition_number external_url image medium metadata_version name prev_provenance timestamp
0xc3ecd59ba5ec8dd2865dffce7bc7c2b60adb62bf,a2p-v2,36380250268417191405883921515312117539588744906269805724091459049311302118672,False,True,Ambigrammatic Figure #0073 #10,,none,ipfs://QmZrGRjbFMQxSDdEwQWpeYWVBY5AAkfMgM7nGtytUVKvYZ,ipfs,,none,a2p-v2,artist artwork_id attributes bitmark_id collection_name creator description edition_index edition_number external_url image medium metadata_version name prev_provenance timestamp
0xc3ecd59ba5ec8dd2865dffce7bc7c2b60adb62bf,a2p-v2,37966554552500036569530681894326692898032810913778635514075071523136956503091,False,True,"ordenando pixeles, promediando [poderosos] cerdos  AP",,none,ipfs://QmatGHNJ3dWWuFGoJ3cwCsQWiJfmuZQtiS5wYg5twHgmAM,ipfs,ipfs://QmQqG5zPFanTj5CdHfsPHYdveoj49SgMdpB5gLm9iEDJ1s,ipfs,a2p-v2,animation_url artist artwork_id attributes bitmark_id collection_name creator description edition_index edition_number external_url image medium metadata_version name prev_provenance timestamp
0xc3ecd59ba5ec8dd2865dffce7bc7c2b60adb62bf,a2p-v2,37966554552500036569530681894326692898032810913778635514075071523136956503092,False,True,"ordenando pixeles, promediando [poderosos] cerdos  #1",,none,ipfs://QmatGHNJ3dWWuFGoJ3cwCsQWiJfmuZQtiS5wYg5twHgmAM,ipfs,ipfs://QmQqG5zPFanTj5CdHfsPHYdveoj49SgMdpB5gLm9iEDJ1s,ipfs,a2p-v2,animation_url artist artwork_id attributes bitmark_id collection_name creator description edition_index edition_number external_url image medium metadata_version name prev_provenance timestamp
0xc3ecd59ba5ec8dd2865dffce7bc7c2b60adb62bf,a2p-v2,37966554552500036569530681894326692898032810913778635514075071523136956503093,False,True,"ordenando pixeles, promediando [poderosos] cerdos  #2",,none,ipfs://QmatGHNJ3dWWuFGoJ3cwCsQWiJfmuZQtiS5wYg5twHgmAM,ipfs,ipfs://QmQqG5zPFanTj5CdHfsPHYdveoj49SgMdpB5gLm9iEDJ1s,ipfs,a2p-v2,animation_url artist artwork_id attributes bitmark_id collection_name creator description edition_index edition_number external_url image medium metadata_version name prev_provenance timestamp
0xc3ecd59ba5ec8dd2865dffce7bc7c2b60adb62bf,a2p-v2,20037223796567411119174650871052115731384133719618548188910580245195414385243,False,True,OOzy (study for Oceans Like Us: Wet Logic) #4,,none,ipfs://QmfPvTYGgqaFqsYKPVoejuoZCtyoDGr8Vt4e99Y5GAJowx,ipfs,ipfs://QmfVpCfATXoy6ginpoPntEgnffirBjKiB8x3cDycCNwaUP,ipfs,a2p-v2,animation_url artist artwork_id attributes bitmark_id collection_name creator description edition_index edition_number external_url image medium metadata_version name prev_provenance timestamp
0xc3ecd59ba5ec8dd2865dffce7bc7c2b60adb62bf,a2p-v2,37966554552500036569530681894326692898032810913778635514075071523136956503097,False,True,"ordenando pixeles, promediando [poderosos] cerdos  #6",,none,ipfs://QmatGHNJ3dWWuFGoJ3cwCsQWiJfmuZQtiS5wYg5twHgmAM,ipfs,ipfs://QmQqG5zPFanTj5CdHfsPHYdveoj49SgMdpB5gLm9iEDJ1s,ipfs,a2p-v2,animation_url artist artwork_id attributes bitmark_id collection_name creator description edition_index edition_number external_url image medium metadata_version name prev_provenance timestamp
0xc3ecd59ba5ec8dd2865dffce7bc7c2b60adb62bf,a2p-v2,20037223796567411119174650871052115731384133719618548188910580245195414385240,False,True,OOzy (study for Oceans Like Us: Wet Logic) #1,,none,ipfs://QmfPvTYGgqaFqsYKPVoejuoZCtyoDGr8Vt4e99Y5GAJowx,ipfs,ipfs://QmfVpCfATXoy6ginpoPntEgnffirBjKiB8x3cDycCNwaUP,ipfs,a2p-v2,animation_url artist artwork_id attributes bitmark_id collection_name creator description edition_index edition_number external_url image medium metadata_version name prev_provenance timestamp
0xc3ecd59ba5ec8dd2865dffce7bc7c2b60adb62bf,a2p-v2,37966554552500036569530681894326692898032810913778635514075071523136956503099,False,True,"ordenando pixeles, promediando [poderosos] cerdos  #8",,none,ipfs://QmatGHNJ3dWWuFGoJ3cwCsQWiJfmuZQtiS5wYg5twHgmAM,ipfs,ipfs://QmQqG5zPFanTj5CdHfsPHYdveoj49SgMdpB5gLm9iEDJ1s,ipfs,a2p-v2,animation_url artist artwork_id attributes bitmark_id collection_name creator description edition_index edition_number external_url image medium metadata_version name prev_provenance timestamp
0xc3ecd59ba5ec8dd2865dffce7bc7c2b60adb62bf,a2p-v2,20037223796567411119174650871052115731384133719618548188910580245195414385242,False,True,OOzy (study for Oceans Like Us: Wet Logic) #3,,none,ipfs://QmfPvTYGgqaFqsYKPVoejuoZCtyoDGr8Vt4e99Y5GAJowx,ipfs,ipfs://QmfVpCfATXoy6ginpoPntEgnffirBjKiB8x3cDycCNwaUP,ipfs,a2p-v2,animation_url artist artwork_id attributes bitmark_id collection_name creator description edition_index edition_number external_url image medium metadata_version name prev_provenance timestamp
0xc3ecd59ba5ec8dd2865dffce7bc7c2b60adb62bf,a2p-v2,20037223796567411119174650871052115731384133719618548188910580245195414385244,False,True,OOzy (study for Oceans Like Us: Wet Logic) #5,,none,ipfs://QmfPvTYGgqaFqsYKPVoejuoZCtyoDGr8Vt4e99Y5GAJowx,ipfs,ipfs://QmfVpCfATXoy6ginpoPntEgnffirBjKiB8x3cDycCNwaUP,ipfs,a2p-v2,animation_url artist artwork_id attributes bitmark_id collection_name creator description edition_index edition_number external_url image medium metadata_version name prev_provenance timestamp
0xc3ecd59ba5ec8dd2865dffce7bc7c2b60adb62bf,a2p-v2,37966554552500036569530681894326692898032810913778635514075071523136956503096,False,True,"ordenando pixeles, promediando [poderosos] cerdos  #5",,none,ipfs://QmatGHNJ3dWWuFGoJ3cwCsQWiJfmuZQtiS5wYg5twHgmAM,ipfs,ipfs://QmQqG5zPFanTj5CdHfsPHYdveoj49SgMdpB5gLm9iEDJ1s,ipfs,a2p-v2,animation_url artist artwork_id attributes bitmark_id collection_name creator description edition_index edition_number external_url image medium metadata_version name prev_provenance timestamp
0xc3ecd59ba5ec8dd2865dffce7bc7c2b60adb62bf,a2p-v2,20037223796567411119174650871052115731384133719618548188910580245195414385241,False,True,OOzy (study for Oceans Like Us: Wet Logic) #2,,none,ipfs://QmfPvTYGgqaFqsYKPVoejuoZCtyoDGr8Vt4e99Y5GAJowx,ipfs,ipfs://QmfVpCfATXoy6ginpoPntEgnffirBjKiB8x3cDycCNwaUP,ipfs,a2p-v2,animation_url artist artwork_id attributes bitmark_id collection_name creator description edition_index edition_number external_url image medium metadata_version name prev_provenance timestamp
0xc3ecd59ba5ec8dd2865dffce7bc7c2b60adb62bf,a2p-v2,20037223796567411119174650871052115731384133719618548188910580245195414385247,False,True,OOzy (study for Oceans Like Us: Wet Logic) #8,,none,ipfs://QmfPvTYGgqaFqsYKPVoejuoZCtyoDGr8Vt4e99Y5GAJowx,ipfs,ipfs://QmfVpCfATXoy6ginpoPntEgnffirBjKiB8x3cDycCNwaUP,ipfs,a2p-v2,animation_url artist artwork_id attributes bitmark_id collection_name creator description edition_index edition_number external_url image medium metadata_version name prev_provenance timestamp
0xc3ecd59ba5ec8dd2865dffce7bc7c2b60adb62bf,a2p-v2,20037223796567411119174650871052115731384133719618548188910580245195414385248,False,True,OOzy (study for Oceans Like Us: Wet Logic) #9,,none,ipfs://QmfPvTYGgqaFqsYKPVoejuoZCtyoDGr8Vt4e99Y5GAJowx,ipfs,ipfs://QmfVpCfATXoy6ginpoPntEgnffirBjKiB8x3cDycCNwaUP,ipfs,a2p-v2,animation_url artist artwork_id attributes bitmark_id collection_name creator description edition_index edition_number external_url image medium metadata_version name prev_provenance timestamp
0xc3ecd59ba5ec8dd2865dffce7bc7c2b60adb62bf,a2p-v2,36362561848951798446269860957053040500517015065626030790981818062577627166880,False,True,ANIMA #4,,none,ipfs://QmU48TLDZ1YsfLBQLiBJd6DPWcmcuwVy17AuBkDS89N5h2,ipfs,ipfs://QmdowoUR2ajGorFynBhvnYMaocviNrkLRCHnAG5ychyeXN,ipfs,a2p-v2,animation_url artist artwork_id attributes bitmark_id collection_name creator description edition_index edition_number external_url image medium metadata_version name prev_provenance timestamp
0xc3ecd59ba5ec8dd2865dffce7bc7c2b60adb62bf,a2p-v2,36362561848951798446269860957053040500517015065626030790981818062577627166877,False,True,ANIMA #1,,none,ipfs://QmU48TLDZ1YsfLBQLiBJd6DPWcmcuwVy17AuBkDS89N5h2,ipfs,ipfs://QmdowoUR2ajGorFynBhvnYMaocviNrkLRCHnAG5ychyeXN,ipfs,a2p-v2,animation_url artist artwork_id attributes bitmark_id collection_name creator description edition_index edition_number external_url image medium metadata_version name prev_provenance timestamp
0xc3ecd59ba5ec8dd2865dffce7bc7c2b60adb62bf,a2p-v2,36362561848951798446269860957053040500517015065626030790981818062577627166885,False,True,ANIMA #9,,none,ipfs://QmU48TLDZ1YsfLBQLiBJd6DPWcmcuwVy17AuBkDS89N5h2,ipfs,ipfs://QmdowoUR2ajGorFynBhvnYMaocviNrkLRCHnAG5ychyeXN,ipfs,a2p-v2,animation_url artist artwork_id attributes bitmark_id collection_name creator description edition_index edition_number external_url image medium metadata_version name prev_provenance timestamp
0xc3ecd59ba5ec8dd2865dffce7bc7c2b60adb62bf,a2p-v2,36362561848951798446269860957053040500517015065626030790981818062577627166884,False,True,ANIMA #8,,none,ipfs://QmU48TLDZ1YsfLBQLiBJd6DPWcmcuwVy17AuBkDS89N5h2,ipfs,ipfs://QmdowoUR2ajGorFynBhvnYMaocviNrkLRCHnAG5ychyeXN,ipfs,a2p-v2,animation_url artist artwork_id attributes bitmark_id collection_name creator description edition_index edition_number external_url image medium metadata_version name prev_provenance timestamp
0xc3ecd59ba5ec8dd2865dffce7bc7c2b60adb62bf,a2p-v2,36362561848951798446269860957053040500517015065626030790981818062577627166883,False,True,ANIMA #7,,none,ipfs://QmU48TLDZ1YsfLBQLiBJd6DPWcmcuwVy17AuBkDS89N5h2,ipfs,ipfs://QmdowoUR2ajGorFynBhvnYMaocviNrkLRCHnAG5ychyeXN,ipfs,a2p-v2,animation_url artist artwork_id attributes bitmark_id collection_name creator description edition_index edition_number external_url image medium metadata_version name prev_provenance timestamp
0xc3ecd59ba5ec8dd2865dffce7bc7c2b60adb62bf,a2p-v2,22433915522093176895937926542181202529791341720060043373323530510162734809024,False,True,Sueños recurrentes #6,,none,ipfs://QmTe7mGLYV9PfCc5Kt3DdsL2QNEdttPFJYFQvwN28PQ82C,ipfs,ipfs://QmYjaveVujuzb8tVDu7HeFdkPMmD5HC2BS6T5SaRsCvTxY,ipfs,a2p-v2,animation_url artist artwork_id attributes bitmark_id collection_name creator description edition_index edition_number external_url image medium metadata_version name prev_provenance timestamp
0xc3ecd59ba5ec8dd2865dffce7bc7c2b60adb62bf,a2p-v2,22433915522093176895937926542181202529791341720060043373323530510162734809019,False,True,Sueños recurrentes #1,,none,ipfs://QmTe7mGLYV9PfCc5Kt3DdsL2QNEdttPFJYFQvwN28PQ82C,ipfs,ipfs://QmYjaveVujuzb8tVDu7HeFdkPMmD5HC2BS6T5SaRsCvTxY,ipfs,a2p-v2,animation_url artist artwork_id attributes bitmark_id collection_name creator description edition_index edition_number external_url image medium metadata_version name prev_provenance timestamp
0xc3ecd59ba5ec8dd2865dffce7bc7c2b60adb62bf,a2p-v2,22433915522093176895937926542181202529791341720060043373323530510162734809022,False,True,Sueños recurrentes #4,,none,ipfs://QmTe7mGLYV9PfCc5Kt3DdsL2QNEdttPFJYFQvwN28PQ82C,ipfs,ipfs://QmYjaveVujuzb8tVDu7HeFdkPMmD5HC2BS6T5SaRsCvTxY,ipfs,a2p-v2,animation_url artist artwork_id attributes bitmark_id collection_name creator description edition_index edition_number external_url image medium metadata_version name prev_provenance timestamp
0xc3ecd59ba5ec8dd2865dffce7bc7c2b60adb62bf,a2p-v2,22433915522093176895937926542181202529791341720060043373323530510162734809020,False,True,Sueños recurrentes #2,,none,ipfs://QmTe7mGLYV9PfCc5Kt3DdsL2QNEdttPFJYFQvwN28PQ82C,ipfs,ipfs://QmYjaveVujuzb8tVDu7HeFdkPMmD5HC2BS6T5SaRsCvTxY,ipfs,a2p-v2,animation_url artist artwork_id attributes bitmark_id collection_name creator description edition_index edition_number external_url image medium metadata_version name prev_provenance timestamp
0xc3ecd59ba5ec8dd2865dffce7bc7c2b60adb62bf,a2p-v2,22433915522093176895937926542181202529791341720060043373323530510162734809018,False,True,Sueños recurrentes AP,,none,ipfs://QmTe7mGLYV9PfCc5Kt3DdsL2QNEdttPFJYFQvwN28PQ82C,ipfs,ipfs://QmYjaveVujuzb8tVDu7HeFdkPMmD5HC2BS6T5SaRsCvTxY,ipfs,a2p-v2,animation_url artist artwork_id attributes bitmark_id collection_name creator description edition_index edition_number external_url image medium metadata_version name prev_provenance timestamp
0xc3ecd59ba5ec8dd2865dffce7bc7c2b60adb62bf,a2p-v2,22433915522093176895937926542181202529791341720060043373323530510162734809028,False,True,Sueños recurrentes #10,,none,ipfs://QmTe7mGLYV9PfCc5Kt3DdsL2QNEdttPFJYFQvwN28PQ82C,ipfs,ipfs://QmYjaveVujuzb8tVDu7HeFdkPMmD5HC2BS6T5SaRsCvTxY,ipfs,a2p-v2,animation_url artist artwork_id attributes bitmark_id collection_name creator description edition_index edition_number external_url image medium metadata_version name prev_provenance timestamp
0xc3ecd59ba5ec8dd2865dffce7bc7c2b60adb62bf,a2p-v2,22433915522093176895937926542181202529791341720060043373323530510162734809026,False,True,Sueños recurrentes #8,,none,ipfs://QmTe7mGLYV9PfCc5Kt3DdsL2QNEdttPFJYFQvwN28PQ82C,ipfs,ipfs://QmYjaveVujuzb8tVDu7HeFdkPMmD5HC2BS6T5SaRsCvTxY,ipfs,a2p-v2,animation_url artist artwork_id attributes bitmark_id collection_name creator description edition_index edition_number external_url image medium metadata_version name prev_provenance timestamp
0xc3ecd59ba5ec8dd2865dffce7bc7c2b60adb62bf,a2p-v2,22433915522093176895937926542181202529791341720060043373323530510162734809027,False,True,Sueños recurrentes #9,,none,ipfs://QmTe7mGLYV9PfCc5Kt3DdsL2QNEdttPFJYFQvwN28PQ82C,ipfs,ipfs://QmYjaveVujuzb8tVDu7HeFdkPMmD5HC2BS6T5SaRsCvTxY,ipfs,a2p-v2,animation_url artist artwork_id attributes bitmark_id collection_name creator description edition_index edition_number external_url image medium metadata_version name prev_provenance timestamp
0xc3ecd59ba5ec8dd2865dffce7bc7c2b60adb62bf,a2p-v2,42484203228311622974079246199465711477758262581393167240995869259314729244120,False,True,bug #8,,none,ipfs://QmUmKErAQXyvcE4GoXyK6nAa4Fiy3rqxSVD3VzH3ZJh66D,ipfs,,none,a2p-v2,artist artwork_id attributes bitmark_id collection_name creator description edition_index edition_number external_url image medium metadata_version name prev_provenance timestamp
0xc3ecd59ba5ec8dd2865dffce7bc7c2b60adb62bf,a2p-v2,42484203228311622974079246199465711477758262581393167240995869259314729244112,False,True,bug AP,,none,ipfs://QmUmKErAQXyvcE4GoXyK6nAa4Fiy3rqxSVD3VzH3ZJh66D,ipfs,,none,a2p-v2,artist artwork_id attributes bitmark_id collection_name creator description edition_index edition_number external_url image medium metadata_version name prev_provenance timestamp
0xc3ecd59ba5ec8dd2865dffce7bc7c2b60adb62bf,a2p-v2,42484203228311622974079246199465711477758262581393167240995869259314729244121,False,True,bug #9,,none,ipfs://QmUmKErAQXyvcE4GoXyK6nAa4Fiy3rqxSVD3VzH3ZJh66D,ipfs,,none,a2p-v2,artist artwork_id attributes bitmark_id collection_name creator description edition_index edition_number external_url image medium metadata_version name prev_provenance timestamp
0xc3ecd59ba5ec8dd2865dffce7bc7c2b60adb62bf,a2p-v2,42484203228311622974079246199465711477758262581393167240995869259314729244117,False,True,bug #5,,none,ipfs://QmUmKErAQXyvcE4GoXyK6nAa4Fiy3rqxSVD3VzH3ZJh66D,ipfs,,none,a2p-v2,artist artwork_id attributes bitmark_id collection_name creator description edition_index edition_number external_url image medium metadata_version name prev_provenance timestamp
0xc3ecd59ba5ec8dd2865dffce7bc7c2b60adb62bf,a2p-v2,42484203228311622974079246199465711477758262581393167240995869259314729244113,False,True,bug #1,,none,ipfs://QmUmKErAQXyvcE4GoXyK6nAa4Fiy3rqxSVD3VzH3ZJh66D,ipfs,,none,a2p-v2,artist artwork_id attributes bitmark_id collection_name creator description edition_index edition_number external_url image medium metadata_version name prev_provenance timestamp
0xc3ecd59ba5ec8dd2865dffce7bc7c2b60adb62bf,a2p-v2,42484203228311622974079246199465711477758262581393167240995869259314729244115,False,True,bug #3,,none,ipfs://QmUmKErAQXyvcE4GoXyK6nAa4Fiy3rqxSVD3VzH3ZJh66D,ipfs,,none,a2p-v2,artist artwork_id attributes bitmark_id collection_name creator description edition_index edition_number external_url image medium metadata_version name prev_provenance timestamp
0xc3ecd59ba5ec8dd2865dffce7bc7c2b60adb62bf,a2p-v2,42484203228311622974079246199465711477758262581393167240995869259314729244119,False,True,bug #7,,none,ipfs://QmUmKErAQXyvcE4GoXyK6nAa4Fiy3rqxSVD3VzH3ZJh66D,ipfs,,none,a2p-v2,artist artwork_id attributes bitmark_id collection_name creator description edition_index edition_number external_url image medium metadata_version name prev_provenance timestamp
0xc3ecd59ba5ec8dd2865dffce7bc7c2b60adb62bf,a2p-v2,42484203228311622974079246199465711477758262581393167240995869259314729244116,False,True,bug #4,,none,ipfs://QmUmKErAQXyvcE4GoXyK6nAa4Fiy3rqxSVD3VzH3ZJh66D,ipfs,,none,a2p-v2,artist artwork_id attributes bitmark_id collection_name creator description edition_index edition_number external_url image medium metadata_version name prev_provenance timestamp
0xc3ecd59ba5ec8dd2865dffce7bc7c2b60adb62bf,a2p-v2,42484203228311622974079246199465711477758262581393167240995869259314729244114,False,True,bug #2,,none,ipfs://QmUmKErAQXyvcE4GoXyK6nAa4Fiy3rqxSVD3VzH3ZJh66D,ipfs,,none,a2p-v2,artist artwork_id attributes bitmark_id collection_name creator description edition_index edition_number external_url image medium metadata_version name prev_provenance timestamp
0xc3ecd59ba5ec8dd2865dffce7bc7c2b60adb62bf,a2p-v2,42484203228311622974079246199465711477758262581393167240995869259314729244118,False,True,bug #6,,none,ipfs://QmUmKErAQXyvcE4GoXyK6nAa4Fiy3rqxSVD3VzH3ZJh66D,ipfs,,none,a2p-v2,artist artwork_id attributes bitmark_id collection_name creator description edition_index edition_number external_url image medium metadata_version name prev_provenance timestamp
0xc3ecd59ba5ec8dd2865dffce7bc7c2b60adb62bf,a2p-v2,42484203228311622974079246199465711477758262581393167240995869259314729244122,False,True,bug #10,,none,ipfs://QmUmKErAQXyvcE4GoXyK6nAa4Fiy3rqxSVD3VzH3ZJh66D,ipfs,,none,a2p-v2,artist artwork_id attributes bitmark_id collection_name creator description edition_index edition_number external_url image medium metadata_version name prev_provenance timestamp
0xc3ecd59ba5ec8dd2865dffce7bc7c2b60adb62bf,a2p-v2,44478964597147590083478501450611941764752997631949911605498653665844639528538,False,True,"I'm good, Don't worry. #8",,none,ipfs://QmbAY6vVAKhRqNv2XWsa269yi85ssBvvkaPXVMKw967xaV,ipfs,,none,a2p-v2,artist artwork_id attributes bitmark_id collection_name creator description edition_index edition_number external_url image medium metadata_version name prev_provenance timestamp
0xc3ecd59ba5ec8dd2865dffce7bc7c2b60adb62bf,a2p-v2,44478964597147590083478501450611941764752997631949911605498653665844639528533,False,True,"I'm good, Don't worry. #3",,none,ipfs://QmbAY6vVAKhRqNv2XWsa269yi85ssBvvkaPXVMKw967xaV,ipfs,,none,a2p-v2,artist artwork_id attributes bitmark_id collection_name creator description edition_index edition_number external_url image medium metadata_version name prev_provenance timestamp
0xc3ecd59ba5ec8dd2865dffce7bc7c2b60adb62bf,a2p-v2,44478964597147590083478501450611941764752997631949911605498653665844639528540,False,True,"I'm good, Don't worry. #10",,none,ipfs://QmbAY6vVAKhRqNv2XWsa269yi85ssBvvkaPXVMKw967xaV,ipfs,,none,a2p-v2,artist artwork_id attributes bitmark_id collection_name creator description edition_index edition_number external_url image medium metadata_version name prev_provenance timestamp
0xc3ecd59ba5ec8dd2865dffce7bc7c2b60adb62bf,a2p-v2,44478964597147590083478501450611941764752997631949911605498653665844639528530,False,True,"I'm good, Don't worry. AP",,none,ipfs://QmbAY6vVAKhRqNv2XWsa269yi85ssBvvkaPXVMKw967xaV,ipfs,,none,a2p-v2,artist artwork_id attributes bitmark_id collection_name creator description edition_index edition_number external_url image medium metadata_version name prev_provenance timestamp
0xc3ecd59ba5ec8dd2865dffce7bc7c2b60adb62bf,a2p-v2,44478964597147590083478501450611941764752997631949911605498653665844639528537,False,True,"I'm good, Don't worry. #7",,none,ipfs://QmbAY6vVAKhRqNv2XWsa269yi85ssBvvkaPXVMKw967xaV,ipfs,,none,a2p-v2,artist artwork_id attributes bitmark_id collection_name creator description edition_index edition_number external_url image medium metadata_version name prev_provenance timestamp
0xc3ecd59ba5ec8dd2865dffce7bc7c2b60adb62bf,a2p-v2,16864814516302162243045720240846734759954232849732588336583879770671458745122,False,True,Machine Hallucinations - Mars - Study I #2,,none,ipfs://QmZkgxJAG8rgWDALagnyxXUt4H1EXwfQEH2QmNyFXoXxgn,ipfs,,none,a2p-v2,artist artwork_id attributes bitmark_id collection_name creator description edition_index edition_number external_url image medium metadata_version name prev_provenance timestamp
0xc3ecd59ba5ec8dd2865dffce7bc7c2b60adb62bf,a2p-v2,16864814516302162243045720240846734759954232849732588336583879770671458745128,False,True,Machine Hallucinations - Mars - Study I #8,,none,ipfs://QmZkgxJAG8rgWDALagnyxXUt4H1EXwfQEH2QmNyFXoXxgn,ipfs,,none,a2p-v2,artist artwork_id attributes bitmark_id collection_name creator description edition_index edition_number external_url image medium metadata_version name prev_provenance timestamp
0xc3ecd59ba5ec8dd2865dffce7bc7c2b60adb62bf,a2p-v2,37084836611081952385868414939265226782211922627690762191431414273954364931236,False,True,I Am A Stone Without Color AP,,none,ipfs://QmSCk6Ucvqc17rX2zHGvoSZUjoXtyRQGjZ5ciBoWL1fNqL,ipfs,ipfs://QmbH694c6NUwb1qxCxbDQpH39Q4z2dkugrXka5NhRT1gAx,ipfs,a2p-v2,animation_url artist artwork_id attributes bitmark_id collection_name creator description edition_index edition_number external_url image medium metadata_version name prev_provenance timestamp
0xc3ecd59ba5ec8dd2865dffce7bc7c2b60adb62bf,a2p-v2,37084836611081952385868414939265226782211922627690762191431414273954364931237,False,True,I Am A Stone Without Color #1,,none,ipfs://QmSCk6Ucvqc17rX2zHGvoSZUjoXtyRQGjZ5ciBoWL1fNqL,ipfs,ipfs://QmbH694c6NUwb1qxCxbDQpH39Q4z2dkugrXka5NhRT1gAx,ipfs,a2p-v2,animation_url artist artwork_id attributes bitmark_id collection_name creator description edition_index edition_number external_url image medium metadata_version name prev_provenance timestamp
0xc3ecd59ba5ec8dd2865dffce7bc7c2b60adb62bf,a2p-v2,37084836611081952385868414939265226782211922627690762191431414273954364931244,False,True,I Am A Stone Without Color #8,,none,ipfs://QmSCk6Ucvqc17rX2zHGvoSZUjoXtyRQGjZ5ciBoWL1fNqL,ipfs,ipfs://QmbH694c6NUwb1qxCxbDQpH39Q4z2dkugrXka5NhRT1gAx,ipfs,a2p-v2,animation_url artist artwork_id attributes bitmark_id collection_name creator description edition_index edition_number external_url image medium metadata_version name prev_provenance timestamp
0xc3ecd59ba5ec8dd2865dffce7bc7c2b60adb62bf,a2p-v2,37084836611081952385868414939265226782211922627690762191431414273954364931243,False,True,I Am A Stone Without Color #7,,none,ipfs://QmSCk6Ucvqc17rX2zHGvoSZUjoXtyRQGjZ5ciBoWL1fNqL,ipfs,ipfs://QmbH694c6NUwb1qxCxbDQpH39Q4z2dkugrXka5NhRT1gAx,ipfs,a2p-v2,animation_url artist artwork_id attributes bitmark_id collection_name creator description edition_index edition_number external_url image medium metadata_version name prev_provenance timestamp
0xc3ecd59ba5ec8dd2865dffce7bc7c2b60adb62bf,a2p-v2,37084836611081952385868414939265226782211922627690762191431414273954364931241,False,True,I Am A Stone Without Color #5,,none,ipfs://QmSCk6Ucvqc17rX2zHGvoSZUjoXtyRQGjZ5ciBoWL1fNqL,ipfs,ipfs://QmbH694c6NUwb1qxCxbDQpH39Q4z2dkugrXka5NhRT1gAx,ipfs,a2p-v2,animation_url artist artwork_id attributes bitmark_id collection_name creator description edition_index edition_number external_url image medium metadata_version name prev_provenance timestamp
0xc3ecd59ba5ec8dd2865dffce7bc7c2b60adb62bf,a2p-v2,7776931959436465144138324939349098665834884058158973441062051723357835140864,False,True,pre-code love #1 #1,,none,ipfs://QmewZmLyw9K9gG73Ld29pmftPkn1i5fksQnYABjPx2SDK7,ipfs,ipfs://QmbXVwFwPwAQF3BD7PqS6dneSkH6vWyJpzyBBCWdTmZFL5,ipfs,a2p-v2,animation_url artist artwork_id attributes bitmark_id collection_name creator description edition_index edition_number external_url image medium metadata_version name prev_provenance timestamp
0xc3ecd59ba5ec8dd2865dffce7bc7c2b60adb62bf,a2p-v2,7776931959436465144138324939349098665834884058158973441062051723357835140873,False,True,pre-code love #1 #10,,none,ipfs://QmewZmLyw9K9gG73Ld29pmftPkn1i5fksQnYABjPx2SDK7,ipfs,ipfs://QmbXVwFwPwAQF3BD7PqS6dneSkH6vWyJpzyBBCWdTmZFL5,ipfs,a2p-v2,animation_url artist artwork_id attributes bitmark_id collection_name creator description edition_index edition_number external_url image medium metadata_version name prev_provenance timestamp
0xc3ecd59ba5ec8dd2865dffce7bc7c2b60adb62bf,a2p-v2,7776931959436465144138324939349098665834884058158973441062051723357835140867,False,True,pre-code love #1 #4,,none,ipfs://QmewZmLyw9K9gG73Ld29pmftPkn1i5fksQnYABjPx2SDK7,ipfs,ipfs://QmbXVwFwPwAQF3BD7PqS6dneSkH6vWyJpzyBBCWdTmZFL5,ipfs,a2p-v2,animation_url artist artwork_id attributes bitmark_id collection_name creator description edition_index edition_number external_url image medium metadata_version name prev_provenance timestamp
0xc3ecd59ba5ec8dd2865dffce7bc7c2b60adb62bf,a2p-v2,7776931959436465144138324939349098665834884058158973441062051723357835140865,False,True,pre-code love #1 #2,,none,ipfs://QmewZmLyw9K9gG73Ld29pmftPkn1i5fksQnYABjPx2SDK7,ipfs,ipfs://QmbXVwFwPwAQF3BD7PqS6dneSkH6vWyJpzyBBCWdTmZFL5,ipfs,a2p-v2,animation_url artist artwork_id attributes bitmark_id collection_name creator description edition_index edition_number external_url image medium metadata_version name prev_provenance timestamp
0xc3ecd59ba5ec8dd2865dffce7bc7c2b60adb62bf,a2p-v2,13906493503911985982564128812321264519709871648144374362136580485680512738246,False,True,Pulsar #5,,none,ipfs://QmbhpeDPmbchbNaBkYCc88HMCjg7aNJ43WNW6sNSTpVVJ8,ipfs,ipfs://QmfS6RZQawxdG5qPzLUXpupemkPSJhtJLgdhdHhYUBjgyG,ipfs,a2p-v2,animation_url artist artwork_id attributes bitmark_id collection_name creator description edition_index edition_number external_url image medium metadata_version name prev_provenance timestamp
0xc3ecd59ba5ec8dd2865dffce7bc7c2b60adb62bf,a2p-v2,13906493503911985982564128812321264519709871648144374362136580485680512738250,False,True,Pulsar #9,,none,ipfs://QmbhpeDPmbchbNaBkYCc88HMCjg7aNJ43WNW6sNSTpVVJ8,ipfs,ipfs://QmfS6RZQawxdG5qPzLUXpupemkPSJhtJLgdhdHhYUBjgyG,ipfs,a2p-v2,animation_url artist artwork_id attributes bitmark_id collection_name creator description edition_index edition_number external_url image medium metadata_version name prev_provenance timestamp
0xc3ecd59ba5ec8dd2865dffce7bc7c2b60adb62bf,a2p-v2,13906493503911985982564128812321264519709871648144374362136580485680512738244,False,True,Pulsar #3,,none,ipfs://QmbhpeDPmbchbNaBkYCc88HMCjg7aNJ43WNW6sNSTpVVJ8,ipfs,ipfs://QmfS6RZQawxdG5qPzLUXpupemkPSJhtJLgdhdHhYUBjgyG,ipfs,a2p-v2,animation_url artist artwork_id attributes bitmark_id collection_name creator description edition_index edition_number external_url image medium metadata_version name prev_provenance timestamp
0xc3ecd59ba5ec8dd2865dffce7bc7c2b60adb62bf,a2p-v2,7776931959436465144138324939349098665834884058158973441062051723357835140871,False,True,pre-code love #1 #8,,none,ipfs://QmewZmLyw9K9gG73Ld29pmftPkn1i5fksQnYABjPx2SDK7,ipfs,ipfs://QmbXVwFwPwAQF3BD7PqS6dneSkH6vWyJpzyBBCWdTmZFL5,ipfs,a2p-v2,animation_url artist artwork_id attributes bitmark_id collection_name creator description edition_index edition_number external_url image medium metadata_version name prev_provenance timestamp
0xc3ecd59ba5ec8dd2865dffce7bc7c2b60adb62bf,a2p-v2,7776931959436465144138324939349098665834884058158973441062051723357835140866,False,True,pre-code love #1 #3,,none,ipfs://QmewZmLyw9K9gG73Ld29pmftPkn1i5fksQnYABjPx2SDK7,ipfs,ipfs://QmbXVwFwPwAQF3BD7PqS6dneSkH6vWyJpzyBBCWdTmZFL5,ipfs,a2p-v2,animation_url artist artwork_id attributes bitmark_id collection_name creator description edition_index edition_number external_url image medium metadata_version name prev_provenance timestamp
0xc3ecd59ba5ec8dd2865dffce7bc7c2b60adb62bf,a2p-v2,7776931959436465144138324939349098665834884058158973441062051723357835140872,False,True,pre-code love #1 #9,,none,ipfs://QmewZmLyw9K9gG73Ld29pmftPkn1i5fksQnYABjPx2SDK7,ipfs,ipfs://QmbXVwFwPwAQF3BD7PqS6dneSkH6vWyJpzyBBCWdTmZFL5,ipfs,a2p-v2,animation_url artist artwork_id attributes bitmark_id collection_name creator description edition_index edition_number external_url image medium metadata_version name prev_provenance timestamp
0xc3ecd59ba5ec8dd2865dffce7bc7c2b60adb62bf,a2p-v2,7776931959436465144138324939349098665834884058158973441062051723357835140863,False,True,pre-code love #1 AP,,none,ipfs://QmewZmLyw9K9gG73Ld29pmftPkn1i5fksQnYABjPx2SDK7,ipfs,ipfs://QmbXVwFwPwAQF3BD7PqS6dneSkH6vWyJpzyBBCWdTmZFL5,ipfs,a2p-v2,animation_url artist artwork_id attributes bitmark_id collection_name creator description edition_index edition_number external_url image medium metadata_version name prev_provenance timestamp
0xc3ecd59ba5ec8dd2865dffce7bc7c2b60adb62bf,a2p-v2,13906493503911985982564128812321264519709871648144374362136580485680512738248,False,True,Pulsar #7,,none,ipfs://QmbhpeDPmbchbNaBkYCc88HMCjg7aNJ43WNW6sNSTpVVJ8,ipfs,ipfs://QmfS6RZQawxdG5qPzLUXpupemkPSJhtJLgdhdHhYUBjgyG,ipfs,a2p-v2,animation_url artist artwork_id attributes bitmark_id collection_name creator description edition_index edition_number external_url image medium metadata_version name prev_provenance timestamp
0xc3ecd59ba5ec8dd2865dffce7bc7c2b60adb62bf,a2p-v2,7776931959436465144138324939349098665834884058158973441062051723357835140869,False,True,pre-code love #1 #6,,none,ipfs://QmewZmLyw9K9gG73Ld29pmftPkn1i5fksQnYABjPx2SDK7,ipfs,ipfs://QmbXVwFwPwAQF3BD7PqS6dneSkH6vWyJpzyBBCWdTmZFL5,ipfs,a2p-v2,animation_url artist artwork_id attributes bitmark_id collection_name creator description edition_index edition_number external_url image medium metadata_version name prev_provenance timestamp
0xc3ecd59ba5ec8dd2865dffce7bc7c2b60adb62bf,a2p-v2,13906493503911985982564128812321264519709871648144374362136580485680512738242,False,True,Pulsar #1,,none,ipfs://QmbhpeDPmbchbNaBkYCc88HMCjg7aNJ43WNW6sNSTpVVJ8,ipfs,ipfs://QmfS6RZQawxdG5qPzLUXpupemkPSJhtJLgdhdHhYUBjgyG,ipfs,a2p-v2,animation_url artist artwork_id attributes bitmark_id collection_name creator description edition_index edition_number external_url image medium metadata_version name prev_provenance timestamp
0xc3ecd59ba5ec8dd2865dffce7bc7c2b60adb62bf,a2p-v2,829202122429944175288087454012508118505969833452820897450396080708998298368,False,True,la gioia stremata del vivere e del morire quotidiano #2,,none,ipfs://QmVLD3mXLLLhLKfVfUWsZauJNWgQ8p3vSTpNGLaTWGJ3Fd,ipfs,ipfs://QmSvpwom1h95ZFEKdtP5PV9HYSefShdi6imGv4b7drphGZ,ipfs,a2p-v2,animation_url artist artwork_id attributes bitmark_id collection_name creator description edition_index edition_number external_url image medium metadata_version name prev_provenance timestamp
0xc3ecd59ba5ec8dd2865dffce7bc7c2b60adb62bf,a2p-v2,829202122429944175288087454012508118505969833452820897450396080708998298366,False,True,la gioia stremata del vivere e del morire quotidiano AP,,none,ipfs://QmVLD3mXLLLhLKfVfUWsZauJNWgQ8p3vSTpNGLaTWGJ3Fd,ipfs,ipfs://QmSvpwom1h95ZFEKdtP5PV9HYSefShdi6imGv4b7drphGZ,ipfs,a2p-v2,animation_url artist artwork_id attributes bitmark_id collection_name creator description edition_index edition_number external_url image medium metadata_version name prev_provenance timestamp
0xc3ecd59ba5ec8dd2865dffce7bc7c2b60adb62bf,a2p-v2,11970233042696966620676928400267876135982685558159058025917487382483049818279,False,True,Forced Entertainment: Looking for The Good Person of Wuhan #7,,none,ipfs://QmP8RvEpmXBpAdo7wBwa57WKiyp9hAWXkphaGo1TWM81iF,ipfs,ipfs://QmQvEothGaWJDUuwL23FznJsa2eBiTzYL6taVAu2K1mh9p,ipfs,a2p-v2,animation_url artist artwork_id attributes bitmark_id collection_name creator description edition_index edition_number external_url image medium metadata_version name prev_provenance timestamp
0xc3ecd59ba5ec8dd2865dffce7bc7c2b60adb62bf,a2p-v2,829202122429944175288087454012508118505969833452820897450396080708998298371,False,True,la gioia stremata del vivere e del morire quotidiano #5,,none,ipfs://QmVLD3mXLLLhLKfVfUWsZauJNWgQ8p3vSTpNGLaTWGJ3Fd,ipfs,ipfs://QmSvpwom1h95ZFEKdtP5PV9HYSefShdi6imGv4b7drphGZ,ipfs,a2p-v2,animation_url artist artwork_id attributes bitmark_id collection_name creator description edition_index edition_number external_url image medium metadata_version name prev_provenance timestamp
0xc3ecd59ba5ec8dd2865dffce7bc7c2b60adb62bf,a2p-v2,829202122429944175288087454012508118505969833452820897450396080708998298373,False,True,la gioia stremata del vivere e del morire quotidiano #7,,none,ipfs://QmVLD3mXLLLhLKfVfUWsZauJNWgQ8p3vSTpNGLaTWGJ3Fd,ipfs,ipfs://QmSvpwom1h95ZFEKdtP5PV9HYSefShdi6imGv4b7drphGZ,ipfs,a2p-v2,animation_url artist artwork_id attributes bitmark_id collection_name creator description edition_index edition_number external_url image medium metadata_version name prev_provenance timestamp
0xc3ecd59ba5ec8dd2865dffce7bc7c2b60adb62bf,a2p-v2,829202122429944175288087454012508118505969833452820897450396080708998298367,False,True,la gioia stremata del vivere e del morire quotidiano #1,,none,ipfs://QmVLD3mXLLLhLKfVfUWsZauJNWgQ8p3vSTpNGLaTWGJ3Fd,ipfs,ipfs://QmSvpwom1h95ZFEKdtP5PV9HYSefShdi6imGv4b7drphGZ,ipfs,a2p-v2,animation_url artist artwork_id attributes bitmark_id collection_name creator description edition_index edition_number external_url image medium metadata_version name prev_provenance timestamp
0xc3ecd59ba5ec8dd2865dffce7bc7c2b60adb62bf,a2p-v2,11970233042696966620676928400267876135982685558159058025917487382483049818277,False,True,Forced Entertainment: Looking for The Good Person of Wuhan #5,,none,ipfs://QmP8RvEpmXBpAdo7wBwa57WKiyp9hAWXkphaGo1TWM81iF,ipfs,ipfs://QmQvEothGaWJDUuwL23FznJsa2eBiTzYL6taVAu2K1mh9p,ipfs,a2p-v2,animation_url artist artwork_id attributes bitmark_id collection_name creator description edition_index edition_number external_url image medium metadata_version name prev_provenance timestamp
0xc3ecd59ba5ec8dd2865dffce7bc7c2b60adb62bf,a2p-v2,829202122429944175288087454012508118505969833452820897450396080708998298376,False,True,la gioia stremata del vivere e del morire quotidiano #10,,none,ipfs://QmVLD3mXLLLhLKfVfUWsZauJNWgQ8p3vSTpNGLaTWGJ3Fd,ipfs,ipfs://QmSvpwom1h95ZFEKdtP5PV9HYSefShdi6imGv4b7drphGZ,ipfs,a2p-v2,animation_url artist artwork_id attributes bitmark_id collection_name creator description edition_index edition_number external_url image medium metadata_version name prev_provenance timestamp
0xc3ecd59ba5ec8dd2865dffce7bc7c2b60adb62bf,a2p-v2,829202122429944175288087454012508118505969833452820897450396080708998298369,False,True,la gioia stremata del vivere e del morire quotidiano #3,,none,ipfs://QmVLD3mXLLLhLKfVfUWsZauJNWgQ8p3vSTpNGLaTWGJ3Fd,ipfs,ipfs://QmSvpwom1h95ZFEKdtP5PV9HYSefShdi6imGv4b7drphGZ,ipfs,a2p-v2,animation_url artist artwork_id attributes bitmark_id collection_name creator description edition_index edition_number external_url image medium metadata_version name prev_provenance timestamp
0xc3ecd59ba5ec8dd2865dffce7bc7c2b60adb62bf,a2p-v2,829202122429944175288087454012508118505969833452820897450396080708998298375,False,True,la gioia stremata del vivere e del morire quotidiano #9,,none,ipfs://QmVLD3mXLLLhLKfVfUWsZauJNWgQ8p3vSTpNGLaTWGJ3Fd,ipfs,ipfs://QmSvpwom1h95ZFEKdtP5PV9HYSefShdi6imGv4b7drphGZ,ipfs,a2p-v2,animation_url artist artwork_id attributes bitmark_id collection_name creator description edition_index edition_number external_url image medium metadata_version name prev_provenance timestamp
0xc3ecd59ba5ec8dd2865dffce7bc7c2b60adb62bf,a2p-v2,11970233042696966620676928400267876135982685558159058025917487382483049818275,False,True,Forced Entertainment: Looking for The Good Person of Wuhan #3,,none,ipfs://QmP8RvEpmXBpAdo7wBwa57WKiyp9hAWXkphaGo1TWM81iF,ipfs,ipfs://QmQvEothGaWJDUuwL23FznJsa2eBiTzYL6taVAu2K1mh9p,ipfs,a2p-v2,animation_url artist artwork_id attributes bitmark_id collection_name creator description edition_index edition_number external_url image medium metadata_version name prev_provenance timestamp
0xc3ecd59ba5ec8dd2865dffce7bc7c2b60adb62bf,a2p-v2,11970233042696966620676928400267876135982685558159058025917487382483049818272,False,True,Forced Entertainment: Looking for The Good Person of Wuhan AP,,none,ipfs://QmP8RvEpmXBpAdo7wBwa57WKiyp9hAWXkphaGo1TWM81iF,ipfs,ipfs://QmQvEothGaWJDUuwL23FznJsa2eBiTzYL6taVAu2K1mh9p,ipfs,a2p-v2,animation_url artist artwork_id attributes bitmark_id collection_name creator description edition_index edition_number external_url image medium metadata_version name prev_provenance timestamp
0xc3ecd59ba5ec8dd2865dffce7bc7c2b60adb62bf,a2p-v2,829202122429944175288087454012508118505969833452820897450396080708998298374,False,True,la gioia stremata del vivere e del morire quotidiano #8,,none,ipfs://QmVLD3mXLLLhLKfVfUWsZauJNWgQ8p3vSTpNGLaTWGJ3Fd,ipfs,ipfs://QmSvpwom1h95ZFEKdtP5PV9HYSefShdi6imGv4b7drphGZ,ipfs,a2p-v2,animation_url artist artwork_id attributes bitmark_id collection_name creator description edition_index edition_number external_url image medium metadata_version name prev_provenance timestamp
0xc3ecd59ba5ec8dd2865dffce7bc7c2b60adb62bf,a2p-v2,11970233042696966620676928400267876135982685558159058025917487382483049818282,False,True,Forced Entertainment: Looking for The Good Person of Wuhan #10,,none,ipfs://QmP8RvEpmXBpAdo7wBwa57WKiyp9hAWXkphaGo1TWM81iF,ipfs,ipfs://QmQvEothGaWJDUuwL23FznJsa2eBiTzYL6taVAu2K1mh9p,ipfs,a2p-v2,animation_url artist artwork_id attributes bitmark_id collection_name creator description edition_index edition_number external_url image medium metadata_version name prev_provenance timestamp
0xc3ecd59ba5ec8dd2865dffce7bc7c2b60adb62bf,a2p-v2,11970233042696966620676928400267876135982685558159058025917487382483049818281,False,True,Forced Entertainment: Looking for The Good Person of Wuhan #9,,none,ipfs://QmP8RvEpmXBpAdo7wBwa57WKiyp9hAWXkphaGo1TWM81iF,ipfs,ipfs://QmQvEothGaWJDUuwL23FznJsa2eBiTzYL6taVAu2K1mh9p,ipfs,a2p-v2,animation_url artist artwork_id attributes bitmark_id collection_name creator description edition_index edition_number external_url image medium metadata_version name prev_provenance timestamp
0xc3ecd59ba5ec8dd2865dffce7bc7c2b60adb62bf,a2p-v2,11970233042696966620676928400267876135982685558159058025917487382483049818280,False,True,Forced Entertainment: Looking for The Good Person of Wuhan #8,,none,ipfs://QmP8RvEpmXBpAdo7wBwa57WKiyp9hAWXkphaGo1TWM81iF,ipfs,ipfs://QmQvEothGaWJDUuwL23FznJsa2eBiTzYL6taVAu2K1mh9p,ipfs,a2p-v2,animation_url artist artwork_id attributes bitmark_id collection_name creator description edition_index edition_number external_url image medium metadata_version name prev_provenance timestamp
0xc3ecd59ba5ec8dd2865dffce7bc7c2b60adb62bf,a2p-v2,12366873439173743380009616356040102430777713169792054230016905749014356275360,False,True,Social Distancing Practice  AP,,none,ipfs://QmVt44wrTaLAknYxGegkYSzbmmhFwcGxJMuH7kaiYUbfa3,ipfs,ipfs://QmdC8vUCPtxP4bFLtkuDqhjhF6inx773Xt2ngA4nijUgW3,ipfs,a2p-v2,animation_url artist artwork_id attributes bitmark_id collection_name creator description edition_index edition_number external_url image medium metadata_version name prev_provenance timestamp
0xc3ecd59ba5ec8dd2865dffce7bc7c2b60adb62bf,a2p-v2,12366873439173743380009616356040102430777713169792054230016905749014356275362,False,True,Social Distancing Practice  #2,,none,ipfs://QmVt44wrTaLAknYxGegkYSzbmmhFwcGxJMuH7kaiYUbfa3,ipfs,ipfs://QmdC8vUCPtxP4bFLtkuDqhjhF6inx773Xt2ngA4nijUgW3,ipfs,a2p-v2,animation_url artist artwork_id attributes bitmark_id collection_name creator description edition_index edition_number external_url image medium metadata_version name prev_provenance timestamp
0xc3ecd59ba5ec8dd2865dffce7bc7c2b60adb62bf,a2p-v2,12366873439173743380009616356040102430777713169792054230016905749014356275366,False,True,Social Distancing Practice  #6,,none,ipfs://QmVt44wrTaLAknYxGegkYSzbmmhFwcGxJMuH7kaiYUbfa3,ipfs,ipfs://QmdC8vUCPtxP4bFLtkuDqhjhF6inx773Xt2ngA4nijUgW3,ipfs,a2p-v2,animation_url artist artwork_id attributes bitmark_id collection_name creator description edition_index edition_number external_url image medium metadata_version name prev_provenance timestamp
0xc3ecd59ba5ec8dd2865dffce7bc7c2b60adb62bf,a2p-v2,12366873439173743380009616356040102430777713169792054230016905749014356275370,False,True,Social Distancing Practice  #10,,none,ipfs://QmVt44wrTaLAknYxGegkYSzbmmhFwcGxJMuH7kaiYUbfa3,ipfs,ipfs://QmdC8vUCPtxP4bFLtkuDqhjhF6inx773Xt2ngA4nijUgW3,ipfs,a2p-v2,animation_url artist artwork_id attributes bitmark_id collection_name creator description edition_index edition_number external_url image medium metadata_version name prev_provenance timestamp
0xc3ecd59ba5ec8dd2865dffce7bc7c2b60adb62bf,a2p-v2,12366873439173743380009616356040102430777713169792054230016905749014356275368,False,True,Social Distancing Practice  #8,,none,ipfs://QmVt44wrTaLAknYxGegkYSzbmmhFwcGxJMuH7kaiYUbfa3,ipfs,ipfs://QmdC8vUCPtxP4bFLtkuDqhjhF6inx773Xt2ngA4nijUgW3,ipfs,a2p-v2,animation_url artist artwork_id attributes bitmark_id collection_name creator description edition_index edition_number external_url image medium metadata_version name prev_provenance timestamp
0xc3ecd59ba5ec8dd2865dffce7bc7c2b60adb62bf,a2p-v2,12366873439173743380009616356040102430777713169792054230016905749014356275364,False,True,Social Distancing Practice  #4,,none,ipfs://QmVt44wrTaLAknYxGegkYSzbmmhFwcGxJMuH7kaiYUbfa3,ipfs,ipfs://QmdC8vUCPtxP4bFLtkuDqhjhF6inx773Xt2ngA4nijUgW3,ipfs,a2p-v2,animation_url artist artwork_id attributes bitmark_id collection_name creator description edition_index edition_number external_url image medium metadata_version name prev_provenance timestamp
0xc3ecd59ba5ec8dd2865dffce7bc7c2b60adb62bf,a2p-v2,12366873439173743380009616356040102430777713169792054230016905749014356275367,False,True,Social Distancing Practice  #7,,none,ipfs://QmVt44wrTaLAknYxGegkYSzbmmhFwcGxJMuH7kaiYUbfa3,ipfs,ipfs://QmdC8vUCPtxP4bFLtkuDqhjhF6inx773Xt2ngA4nijUgW3,ipfs,a2p-v2,animation_url artist artwork_id attributes bitmark_id collection_name creator description edition_index edition_number external_url image medium metadata_version name prev_provenance timestamp
0xc3ecd59ba5ec8dd2865dffce7bc7c2b60adb62bf,a2p-v2,12366873439173743380009616356040102430777713169792054230016905749014356275361,False,True,Social Distancing Practice  #1,,none,ipfs://QmVt44wrTaLAknYxGegkYSzbmmhFwcGxJMuH7kaiYUbfa3,ipfs,ipfs://QmdC8vUCPtxP4bFLtkuDqhjhF6inx773Xt2ngA4nijUgW3,ipfs,a2p-v2,animation_url artist artwork_id attributes bitmark_id collection_name creator description edition_index edition_number external_url image medium metadata_version name prev_provenance timestamp
0xc3ecd59ba5ec8dd2865dffce7bc7c2b60adb62bf,a2p-v2,15179800142553936164092493162504657410760508810493056543502133501311501362328,False,True,argyria or full-color spread #8,,none,ipfs://QmZ1qmhr1NLM3aXharC9gF82NwvrnAqQdUm8GHuoLahKvQ,ipfs,,none,a2p-v2,artist artwork_id attributes bitmark_id collection_name creator description edition_index edition_number external_url image medium metadata_version name prev_provenance timestamp
0xc3ecd59ba5ec8dd2865dffce7bc7c2b60adb62bf,a2p-v2,15179800142553936164092493162504657410760508810493056543502133501311501362322,False,True,argyria or full-color spread #2,,none,ipfs://QmZ1qmhr1NLM3aXharC9gF82NwvrnAqQdUm8GHuoLahKvQ,ipfs,,none,a2p-v2,artist artwork_id attributes bitmark_id collection_name creator description edition_index edition_number external_url image medium metadata_version name prev_provenance timestamp
0xc3ecd59ba5ec8dd2865dffce7bc7c2b60adb62bf,a2p-v2,15179800142553936164092493162504657410760508810493056543502133501311501362323,False,True,argyria or full-color spread #3,,none,ipfs://QmZ1qmhr1NLM3aXharC9gF82NwvrnAqQdUm8GHuoLahKvQ,ipfs,,none,a2p-v2,artist artwork_id attributes bitmark_id collection_name creator description edition_index edition_number external_url image medium metadata_version name prev_provenance timestamp
0xc3ecd59ba5ec8dd2865dffce7bc7c2b60adb62bf,a2p-v2,15179800142553936164092493162504657410760508810493056543502133501311501362326,False,True,argyria or full-color spread #6,,none,ipfs://QmZ1qmhr1NLM3aXharC9gF82NwvrnAqQdUm8GHuoLahKvQ,ipfs,,none,a2p-v2,artist artwork_id attributes bitmark_id collection_name creator description edition_index edition_number external_url image medium metadata_version name prev_provenance timestamp
0xc3ecd59ba5ec8dd2865dffce7bc7c2b60adb62bf,a2p-v2,15179800142553936164092493162504657410760508810493056543502133501311501362325,False,True,argyria or full-color spread #5,,none,ipfs://QmZ1qmhr1NLM3aXharC9gF82NwvrnAqQdUm8GHuoLahKvQ,ipfs,,none,a2p-v2,artist artwork_id attributes bitmark_id collection_name creator description edition_index edition_number external_url image medium metadata_version name prev_provenance timestamp
0xc3ecd59ba5ec8dd2865dffce7bc7c2b60adb62bf,a2p-v2,15179800142553936164092493162504657410760508810493056543502133501311501362324,False,True,argyria or full-color spread #4,,none,ipfs://QmZ1qmhr1NLM3aXharC9gF82NwvrnAqQdUm8GHuoLahKvQ,ipfs,,none,a2p-v2,artist artwork_id attributes bitmark_id collection_name creator description edition_index edition_number external_url image medium metadata_version name prev_provenance timestamp
0xc3ecd59ba5ec8dd2865dffce7bc7c2b60adb62bf,a2p-v2,4335076791792335313445995138186373018611279222677636898591304214816267459288,False,True,Neural Endoscopy: Teratoma  #8,,none,ipfs://QmX2ucPKZHa6FSBCKfsVQ7FApJSnjUc45wWnY2rdG3u483,ipfs,ipfs://QmfD3fvw6jo2M47LwgGtj9YvekjDQaesikRyEbibk8uxUN,ipfs,a2p-v2,animation_url artist artwork_id attributes bitmark_id collection_name creator description edition_index edition_number external_url image medium metadata_version name prev_provenance timestamp
0xc3ecd59ba5ec8dd2865dffce7bc7c2b60adb62bf,a2p-v2,4335076791792335313445995138186373018611279222677636898591304214816267459289,False,True,Neural Endoscopy: Teratoma  #9,,none,ipfs://QmX2ucPKZHa6FSBCKfsVQ7FApJSnjUc45wWnY2rdG3u483,ipfs,ipfs://QmfD3fvw6jo2M47LwgGtj9YvekjDQaesikRyEbibk8uxUN,ipfs,a2p-v2,animation_url artist artwork_id attributes bitmark_id collection_name creator description edition_index edition_number external_url image medium metadata_version name prev_provenance timestamp
0xc3ecd59ba5ec8dd2865dffce7bc7c2b60adb62bf,a2p-v2,4335076791792335313445995138186373018611279222677636898591304214816267459283,False,True,Neural Endoscopy: Teratoma  #3,,none,ipfs://QmX2ucPKZHa6FSBCKfsVQ7FApJSnjUc45wWnY2rdG3u483,ipfs,ipfs://QmfD3fvw6jo2M47LwgGtj9YvekjDQaesikRyEbibk8uxUN,ipfs,a2p-v2,animation_url artist artwork_id attributes bitmark_id collection_name creator description edition_index edition_number external_url image medium metadata_version name prev_provenance timestamp
0xc3ecd59ba5ec8dd2865dffce7bc7c2b60adb62bf,a2p-v2,4335076791792335313445995138186373018611279222677636898591304214816267459281,False,True,Neural Endoscopy: Teratoma  #1,,none,ipfs://QmX2ucPKZHa6FSBCKfsVQ7FApJSnjUc45wWnY2rdG3u483,ipfs,ipfs://QmfD3fvw6jo2M47LwgGtj9YvekjDQaesikRyEbibk8uxUN,ipfs,a2p-v2,animation_url artist artwork_id attributes bitmark_id collection_name creator description edition_index edition_number external_url image medium metadata_version name prev_provenance timestamp
0xc3ecd59ba5ec8dd2865dffce7bc7c2b60adb62bf,a2p-v2,4335076791792335313445995138186373018611279222677636898591304214816267459290,False,True,Neural Endoscopy: Teratoma  #10,,none,ipfs://QmX2ucPKZHa6FSBCKfsVQ7FApJSnjUc45wWnY2rdG3u483,ipfs,ipfs://QmfD3fvw6jo2M47LwgGtj9YvekjDQaesikRyEbibk8uxUN,ipfs,a2p-v2,animation_url artist artwork_id attributes bitmark_id collection_name creator description edition_index edition_number external_url image medium metadata_version name prev_provenance timestamp
0xc3ecd59ba5ec8dd2865dffce7bc7c2b60adb62bf,a2p-v2,3480163917613192130605499962765414672816162348711549386461937076040425828370,False,True,ETERNITY AND A DAY 永恒的一日 #4,,none,ipfs://QmbonQGAf7zaaMLyJ8rVSd6AvLrjv1rys3rnNEpwg3qqFp,ipfs,ipfs://QmdFWhX7JsFvpBMGrnAvcyRifFS9WzQdErAVQQ1vKAGTCN,ipfs,a2p-v2,animation_url artist artwork_id attributes bitmark_id collection_name creator description edition_index edition_number external_url image medium metadata_version name prev_provenance timestamp
0xc3ecd59ba5ec8dd2865dffce7bc7c2b60adb62bf,a2p-v2,3480163917613192130605499962765414672816162348711549386461937076040425828372,False,True,ETERNITY AND A DAY 永恒的一日 #6,,none,ipfs://QmbonQGAf7zaaMLyJ8rVSd6AvLrjv1rys3rnNEpwg3qqFp,ipfs,ipfs://QmdFWhX7JsFvpBMGrnAvcyRifFS9WzQdErAVQQ1vKAGTCN,ipfs,a2p-v2,animation_url artist artwork_id attributes bitmark_id collection_name creator description edition_index edition_number external_url image medium metadata_version name prev_provenance timestamp
0xc3ecd59ba5ec8dd2865dffce7bc7c2b60adb62bf,a2p-v2,3480163917613192130605499962765414672816162348711549386461937076040425828373,False,True,ETERNITY AND A DAY 永恒的一日 #7,,none,ipfs://QmbonQGAf7zaaMLyJ8rVSd6AvLrjv1rys3rnNEpwg3qqFp,ipfs,ipfs://QmdFWhX7JsFvpBMGrnAvcyRifFS9WzQdErAVQQ1vKAGTCN,ipfs,a2p-v2,animation_url artist artwork_id attributes bitmark_id collection_name creator description edition_index edition_number external_url image medium metadata_version name prev_provenance timestamp
0xc3ecd59ba5ec8dd2865dffce7bc7c2b60adb62bf,a2p-v2,3480163917613192130605499962765414672816162348711549386461937076040425828376,False,True,ETERNITY AND A DAY 永恒的一日 #10,,none,ipfs://QmbonQGAf7zaaMLyJ8rVSd6AvLrjv1rys3rnNEpwg3qqFp,ipfs,ipfs://QmdFWhX7JsFvpBMGrnAvcyRifFS9WzQdErAVQQ1vKAGTCN,ipfs,a2p-v2,animation_url artist artwork_id attributes bitmark_id collection_name creator description edition_index edition_number external_url image medium metadata_version name prev_provenance timestamp
0xc3ecd59ba5ec8dd2865dffce7bc7c2b60adb62bf,a2p-v2,3480163917613192130605499962765414672816162348711549386461937076040425828367,False,True,ETERNITY AND A DAY 永恒的一日 #1,,none,ipfs://QmbonQGAf7zaaMLyJ8rVSd6AvLrjv1rys3rnNEpwg3qqFp,ipfs,ipfs://QmdFWhX7JsFvpBMGrnAvcyRifFS9WzQdErAVQQ1vKAGTCN,ipfs,a2p-v2,animation_url artist artwork_id attributes bitmark_id collection_name creator description edition_index edition_number external_url image medium metadata_version name prev_provenance timestamp
0xc3ecd59ba5ec8dd2865dffce7bc7c2b60adb62bf,a2p-v2,3480163917613192130605499962765414672816162348711549386461937076040425828375,False,True,ETERNITY AND A DAY 永恒的一日 #9,,none,ipfs://QmbonQGAf7zaaMLyJ8rVSd6AvLrjv1rys3rnNEpwg3qqFp,ipfs,ipfs://QmdFWhX7JsFvpBMGrnAvcyRifFS9WzQdErAVQQ1vKAGTCN,ipfs,a2p-v2,animation_url artist artwork_id attributes bitmark_id collection_name creator description edition_index edition_number external_url image medium metadata_version name prev_provenance timestamp
0xc3ecd59ba5ec8dd2865dffce7bc7c2b60adb62bf,a2p-v2,11069185470036306155957366173873629436690647584917994116144740550737534405061,False,True,Deep Meditations: We are all connected. Study #09 #4,,none,ipfs://QmTLZVj7tV22S1geeGhVbEMcJFm2d78XSTqWGYb9pcq1jR,ipfs,ipfs://QmQjMkRdAYJhkaETXfZk1c4GfseDEnmx6cKgcbhPFSemr1,ipfs,a2p-v2,animation_url artist artwork_id attributes bitmark_id collection_name creator description edition_index edition_number external_url image medium metadata_version name prev_provenance timestamp
0xc3ecd59ba5ec8dd2865dffce7bc7c2b60adb62bf,a2p-v2,11069185470036306155957366173873629436690647584917994116144740550737534405062,False,True,Deep Meditations: We are all connected. Study #09 #5,,none,ipfs://QmTLZVj7tV22S1geeGhVbEMcJFm2d78XSTqWGYb9pcq1jR,ipfs,ipfs://QmQjMkRdAYJhkaETXfZk1c4GfseDEnmx6cKgcbhPFSemr1,ipfs,a2p-v2,animation_url artist artwork_id attributes bitmark_id collection_name creator description edition_index edition_number external_url image medium metadata_version name prev_provenance timestamp
0xc3ecd59ba5ec8dd2865dffce7bc7c2b60adb62bf,a2p-v2,11069185470036306155957366173873629436690647584917994116144740550737534405060,False,True,Deep Meditations: We are all connected. Study #09 #3,,none,ipfs://QmTLZVj7tV22S1geeGhVbEMcJFm2d78XSTqWGYb9pcq1jR,ipfs,ipfs://QmQjMkRdAYJhkaETXfZk1c4GfseDEnmx6cKgcbhPFSemr1,ipfs,a2p-v2,animation_url artist artwork_id attributes bitmark_id collection_name creator description edition_index edition_number external_url image medium metadata_version name prev_provenance timestamp
0xc3ecd59ba5ec8dd2865dffce7bc7c2b60adb62bf,a2p-v2,16864814516302162243045720240846734759954232849732588336583879770671458745121,False,True,Machine Hallucinations - Mars - Study I #1,,none,ipfs://QmZkgxJAG8rgWDALagnyxXUt4H1EXwfQEH2QmNyFXoXxgn,ipfs,,none,a2p-v2,artist artwork_id attributes bitmark_id collection_name creator description edition_index edition_number external_url image medium metadata_version name prev_provenance timestamp
0xc3ecd59ba5ec8dd2865dffce7bc7c2b60adb62bf,a2p-v2,11069185470036306155957366173873629436690647584917994116144740550737534405064,False,True,Deep Meditations: We are all connected. Study #09 #7,,none,ipfs://QmTLZVj7tV22S1geeGhVbEMcJFm2d78XSTqWGYb9pcq1jR,ipfs,ipfs://QmQjMkRdAYJhkaETXfZk1c4GfseDEnmx6cKgcbhPFSemr1,ipfs,a2p-v2,animation_url artist artwork_id attributes bitmark_id collection_name creator description edition_index edition_number external_url image medium metadata_version name prev_provenance timestamp
0xc3ecd59ba5ec8dd2865dffce7bc7c2b60adb62bf,a2p-v2,11069185470036306155957366173873629436690647584917994116144740550737534405058,False,True,Deep Meditations: We are all connected. Study #09 #1,,none,ipfs://QmTLZVj7tV22S1geeGhVbEMcJFm2d78XSTqWGYb9pcq1jR,ipfs,ipfs://QmQjMkRdAYJhkaETXfZk1c4GfseDEnmx6cKgcbhPFSemr1,ipfs,a2p-v2,animation_url artist artwork_id attributes bitmark_id collection_name creator description edition_index edition_number external_url image medium metadata_version name prev_provenance timestamp
0xc3ecd59ba5ec8dd2865dffce7bc7c2b60adb62bf,a2p-v2,3064822435542146903838616912394696583622388727922702212261622271788971460533,False,True,Really Great #6,,none,ipfs://QmYvjFgoBFqdECvWHmgCTVUZUyYgSHnQsbH6cWYo2GZHhf,ipfs,ipfs://QmdCWp5EXCFjTryHQTGfoRWQhQb8BcRhcwtfB1qFcgyzKg,ipfs,a2p-v2,animation_url artist artwork_id attributes bitmark_id collection_name creator description edition_index edition_number external_url image medium metadata_version name prev_provenance timestamp
0xc3ecd59ba5ec8dd2865dffce7bc7c2b60adb62bf,a2p-v2,3064822435542146903838616912394696583622388727922702212261622271788971460532,False,True,Really Great #5,,none,ipfs://QmYvjFgoBFqdECvWHmgCTVUZUyYgSHnQsbH6cWYo2GZHhf,ipfs,ipfs://QmdCWp5EXCFjTryHQTGfoRWQhQb8BcRhcwtfB1qFcgyzKg,ipfs,a2p-v2,animation_url artist artwork_id attributes bitmark_id collection_name creator description edition_index edition_number external_url image medium metadata_version name prev_provenance timestamp
0xc3ecd59ba5ec8dd2865dffce7bc7c2b60adb62bf,a2p-v2,3064822435542146903838616912394696583622388727922702212261622271788971460530,False,True,Really Great #3,,none,ipfs://QmYvjFgoBFqdECvWHmgCTVUZUyYgSHnQsbH6cWYo2GZHhf,ipfs,ipfs://QmdCWp5EXCFjTryHQTGfoRWQhQb8BcRhcwtfB1qFcgyzKg,ipfs,a2p-v2,animation_url artist artwork_id attributes bitmark_id collection_name creator description edition_index edition_number external_url image medium metadata_version name prev_provenance timestamp
0xc3ecd59ba5ec8dd2865dffce7bc7c2b60adb62bf,a2p-v2,3064822435542146903838616912394696583622388727922702212261622271788971460534,False,True,Really Great #7,,none,ipfs://QmYvjFgoBFqdECvWHmgCTVUZUyYgSHnQsbH6cWYo2GZHhf,ipfs,ipfs://QmdCWp5EXCFjTryHQTGfoRWQhQb8BcRhcwtfB1qFcgyzKg,ipfs,a2p-v2,animation_url artist artwork_id attributes bitmark_id collection_name creator description edition_index edition_number external_url image medium metadata_version name prev_provenance timestamp
0xc3ecd59ba5ec8dd2865dffce7bc7c2b60adb62bf,a2p-v2,3064822435542146903838616912394696583622388727922702212261622271788971460528,False,True,Really Great #1,,none,ipfs://QmYvjFgoBFqdECvWHmgCTVUZUyYgSHnQsbH6cWYo2GZHhf,ipfs,ipfs://QmdCWp5EXCFjTryHQTGfoRWQhQb8BcRhcwtfB1qFcgyzKg,ipfs,a2p-v2,animation_url artist artwork_id attributes bitmark_id collection_name creator description edition_index edition_number external_url image medium metadata_version name prev_provenance timestamp
0xc3ecd59ba5ec8dd2865dffce7bc7c2b60adb62bf,a2p-v2,3064822435542146903838616912394696583622388727922702212261622271788971460531,False,True,Really Great #4,,none,ipfs://QmYvjFgoBFqdECvWHmgCTVUZUyYgSHnQsbH6cWYo2GZHhf,ipfs,ipfs://QmdCWp5EXCFjTryHQTGfoRWQhQb8BcRhcwtfB1qFcgyzKg,ipfs,a2p-v2,animation_url artist artwork_id attributes bitmark_id collection_name creator description edition_index edition_number external_url image medium metadata_version name prev_provenance timestamp
0xc3ecd59ba5ec8dd2865dffce7bc7c2b60adb62bf,a2p-v2,3064822435542146903838616912394696583622388727922702212261622271788971460527,False,True,Really Great AP,,none,ipfs://QmYvjFgoBFqdECvWHmgCTVUZUyYgSHnQsbH6cWYo2GZHhf,ipfs,ipfs://QmdCWp5EXCFjTryHQTGfoRWQhQb8BcRhcwtfB1qFcgyzKg,ipfs,a2p-v2,animation_url artist artwork_id attributes bitmark_id collection_name creator description edition_index edition_number external_url image medium metadata_version name prev_provenance timestamp
0xc3ecd59ba5ec8dd2865dffce7bc7c2b60adb62bf,a2p-v2,73186562991033452279615156772342934244841460622896083955773930581557463384163,False,True,"seedless watermelon, rent-free creampie & care for aging society #1",,none,ipfs://QmWxzATW8Gi586FVdcDyKnvmFop1SYsihRdnVfziYZbsaS,ipfs,,none,a2p-v2,artist artwork_id attributes bitmark_id collection_name creator description edition_index edition_number external_url image medium metadata_version name prev_provenance timestamp
0xc3ecd59ba5ec8dd2865dffce7bc7c2b60adb62bf,a2p-v2,50765370501404569902302928792923192424059406585104019359596315950949529803479,False,True,L.0.S (Line of Sight) #4,,none,ipfs://QmUKygPjPss8WXN88jrMjyJ5zmeAjnyi8JnnkK3vyrshN8,ipfs,,none,a2p-v2,artist artwork_id attributes bitmark_id collection_name creator description edition_index edition_number external_url image medium metadata_version name prev_provenance timestamp
0xc3ecd59ba5ec8dd2865dffce7bc7c2b60adb62bf,a2p-v2,50765370501404569902302928792923192424059406585104019359596315950949529803480,False,True,L.0.S (Line of Sight) #5,,none,ipfs://QmUKygPjPss8WXN88jrMjyJ5zmeAjnyi8JnnkK3vyrshN8,ipfs,,none,a2p-v2,artist artwork_id attributes bitmark_id collection_name creator description edition_index edition_number external_url image medium metadata_version name prev_provenance timestamp
0xc3ecd59ba5ec8dd2865dffce7bc7c2b60adb62bf,a2p-v2,50765370501404569902302928792923192424059406585104019359596315950949529803483,False,True,L.0.S (Line of Sight) #8,,none,ipfs://QmUKygPjPss8WXN88jrMjyJ5zmeAjnyi8JnnkK3vyrshN8,ipfs,,none,a2p-v2,artist artwork_id attributes bitmark_id collection_name creator description edition_index edition_number external_url image medium metadata_version name prev_provenance timestamp
0xc3ecd59ba5ec8dd2865dffce7bc7c2b60adb62bf,a2p-v2,44110891236531933252086048190429312600989185531755719633175016917330921238575,False,True,citymoon04-dl15-dt8-layerAll.gif #3,,none,ipfs://QmQUhKfS9CCUYWKb6S5T6QsvmfzvrycLnXBsmCxyYza47U,ipfs,ipfs://QmX7v3e7Wsm8L3rzKD1qaoFQRpfNVuVYWAgV6XntHP73SJ,ipfs,a2p-v2,animation_url artist artwork_id attributes bitmark_id collection_name creator description edition_index edition_number external_url image medium metadata_version name prev_provenance timestamp
0xc3ecd59ba5ec8dd2865dffce7bc7c2b60adb62bf,a2p-v2,98430263088793343939691905611483644929647999243015801163302444589063482857049,False,True,New York Apartment (print) #7,,none,ipfs://Qmc42y4BHRWJy1rHVM7hHY7dw3gBndtX1mhdVZeKjULFK1,ipfs,,none,a2p-v2,artist artwork_id attributes bitmark_id collection_name creator description edition_index edition_number external_url image medium metadata_version name prev_provenance timestamp
0xc3ecd59ba5ec8dd2865dffce7bc7c2b60adb62bf,a2p-v2,20037223796567411119174650871052115731384133719618548188910580245195414385245,False,True,OOzy (study for Oceans Like Us: Wet Logic) #6,,none,ipfs://QmfPvTYGgqaFqsYKPVoejuoZCtyoDGr8Vt4e99Y5GAJowx,ipfs,ipfs://QmfVpCfATXoy6ginpoPntEgnffirBjKiB8x3cDycCNwaUP,ipfs,a2p-v2,animation_url artist artwork_id attributes bitmark_id collection_name creator description edition_index edition_number external_url image medium metadata_version name prev_provenance timestamp
0xc3ecd59ba5ec8dd2865dffce7bc7c2b60adb62bf,a2p-v2,15179800142553936164092493162504657410760508810493056543502133501311501362327,False,True,argyria or full-color spread #7,,none,ipfs://QmZ1qmhr1NLM3aXharC9gF82NwvrnAqQdUm8GHuoLahKvQ,ipfs,,none,a2p-v2,artist artwork_id attributes bitmark_id collection_name creator description edition_index edition_number external_url image medium metadata_version name prev_provenance timestamp
0xc3ecd59ba5ec8dd2865dffce7bc7c2b60adb62bf,a2p-v2,37358665802094832513591718705132692918079312815297456044640253785049577062728,False,True,Fallibility Of Memory #2,,none,ipfs://QmYdNv41MPgfQDeCgjr5ZsVjWBBFXZnFGcPvAM4m5rHMw6,ipfs,ipfs://QmVLxBpttC9uV9JVndSGRmTD5jpGXdRRGDvwosXGHsGWcv,ipfs,a2p-v2,animation_url artist artwork_id attributes bitmark_id collection_name creator description edition_index edition_number external_url image medium metadata_version name prev_provenance timestamp
0xc3ecd59ba5ec8dd2865dffce7bc7c2b60adb62bf,a2p-v2,40747211157607358858893425535289799023542617919454689341630073947761720391547,False,True,When Harrison Meets Rick Instead of Roy. #6,,none,ipfs://QmcCkyjZ6mPnGdLPBBVGrnHnV1WkyYRZwZra9ebWf9rdfY,ipfs,ipfs://QmXP9wXQHAHXQa2wE9LFpz2HAsfetdpsRQWpBwzYXbEAXC,ipfs,a2p-v2,animation_url artist artwork_id attributes bitmark_id collection_name creator description edition_index edition_number external_url image medium metadata_version name prev_provenance timestamp
0xc3ecd59ba5ec8dd2865dffce7bc7c2b60adb62bf,a2p-v2,11069185470036306155957366173873629436690647584917994116144740550737534405066,False,True,Deep Meditations: We are all connected. Study #09 #9,,none,ipfs://QmTLZVj7tV22S1geeGhVbEMcJFm2d78XSTqWGYb9pcq1jR,ipfs,ipfs://QmQjMkRdAYJhkaETXfZk1c4GfseDEnmx6cKgcbhPFSemr1,ipfs,a2p-v2,animation_url artist artwork_id attributes bitmark_id collection_name creator description edition_index edition_number external_url image medium metadata_version name prev_provenance timestamp
0xc3ecd59ba5ec8dd2865dffce7bc7c2b60adb62bf,a2p-v2,74631251376314902799131745187369633144858068170268945716356955097572149799597,False,True,FIFTY #1,,none,ipfs://QmerFHLSgeuB8CLvuTki5k7uR952C57F237XPHSESzkPfd,ipfs,ipfs://QmWefetMHdXiVTYJfSx6ZMotcrKJvf5cgncvsmxKZ5BRx6,ipfs,a2p-v2,animation_url artist artwork_id attributes bitmark_id collection_name creator description edition_index edition_number external_url image medium metadata_version name prev_provenance timestamp
0xc3ecd59ba5ec8dd2865dffce7bc7c2b60adb62bf,a2p-v2,46987752057252772932902565386666326716996923868512679304135026673148099116731,False,True,ENCUMBRADO #6,,none,ipfs://QmeY3UzevuhJDMj2Rs4ywJFyQbX3xt3yJHsuCzAhzazSee,ipfs,,none,a2p-v2,artist artwork_id attributes bitmark_id collection_name creator description edition_index edition_number external_url image medium metadata_version name prev_provenance timestamp
0xc3ecd59ba5ec8dd2865dffce7bc7c2b60adb62bf,a2p-v2,102036039863686602004109630486830357499165397911650648538409074119114230774679,False,True,Free Will Mode (Digifeminists Burning Down The House) #9,,none,ipfs://QmYisu5fXixZrLbmWdtSo2y7Wcyy7WEz2tAoBwiUXjExgn,ipfs,ipfs://QmYAZSAEXEYmAPJNzggiTyF4MSDEJat8Nh51yQYY41VV9p,ipfs,a2p-v2,animation_url artist artwork_id attributes bitmark_id collection_name creator description edition_index edition_number external_url image medium metadata_version name prev_provenance timestamp
0xc3ecd59ba5ec8dd2865dffce7bc7c2b60adb62bf,a2p-v2,4335076791792335313445995138186373018611279222677636898591304214816267459285,False,True,Neural Endoscopy: Teratoma  #5,,none,ipfs://QmX2ucPKZHa6FSBCKfsVQ7FApJSnjUc45wWnY2rdG3u483,ipfs,ipfs://QmfD3fvw6jo2M47LwgGtj9YvekjDQaesikRyEbibk8uxUN,ipfs,a2p-v2,animation_url artist artwork_id attributes bitmark_id collection_name creator description edition_index edition_number external_url image medium metadata_version name prev_provenance timestamp
0xc3ecd59ba5ec8dd2865dffce7bc7c2b60adb62bf,a2p-v2,36380250268417191405883921515312117539588744906269805724091459049311302118669,False,True,Ambigrammatic Figure #0073 #7,,none,ipfs://QmZrGRjbFMQxSDdEwQWpeYWVBY5AAkfMgM7nGtytUVKvYZ,ipfs,,none,a2p-v2,artist artwork_id attributes bitmark_id collection_name creator description edition_index edition_number external_url image medium metadata_version name prev_provenance timestamp
0xc3ecd59ba5ec8dd2865dffce7bc7c2b60adb62bf,a2p-v2,53526093293903977739995183885692722019327666117450106474176174506169458506905,False,True,偷走作品的小偷/The Thief Who Stole the Artwork #6,,none,ipfs://QmRHryZC1A3fqFKV6aTj4dbXHtVsJrhXW1QdoKUSVFU4bA,ipfs,ipfs://QmUrCC7rND4KrbNohjVPCEX5iPxJUMBk2xXRkc25Mhzdmm,ipfs,a2p-v2,animation_url artist artwork_id attributes bitmark_id collection_name creator description edition_index edition_number external_url image medium metadata_version name prev_provenance timestamp
0xc3ecd59ba5ec8dd2865dffce7bc7c2b60adb62bf,a2p-v2,80365434118430087932877653282748354308776609652292446954765159269202326696063,False,True,A technique of evading face detection(without props) #8,,none,ipfs://QmZw8XN23skknSK9CcPXE4LGKg5YWNnXbcC3Tx1g8cdWZJ,ipfs,ipfs://QmYMeMNQZHUKpvZiPqvRoupzJkeyNLjvSd6UKEefyHjqua,ipfs,a2p-v2,animation_url artist artwork_id attributes bitmark_id collection_name creator description edition_index edition_number external_url image medium metadata_version name prev_provenance timestamp
0xc3ecd59ba5ec8dd2865dffce7bc7c2b60adb62bf,a2p-v2,53526093293903977739995183885692722019327666117450106474176174506169458506899,False,True,偷走作品的小偷/The Thief Who Stole the Artwork AP,,none,ipfs://QmRHryZC1A3fqFKV6aTj4dbXHtVsJrhXW1QdoKUSVFU4bA,ipfs,ipfs://QmUrCC7rND4KrbNohjVPCEX5iPxJUMBk2xXRkc25Mhzdmm,ipfs,a2p-v2,animation_url artist artwork_id attributes bitmark_id collection_name creator description edition_index edition_number external_url image medium metadata_version name prev_provenance timestamp
0xc3ecd59ba5ec8dd2865dffce7bc7c2b60adb62bf,a2p-v2,53526093293903977739995183885692722019327666117450106474176174506169458506907,False,True,偷走作品的小偷/The Thief Who Stole the Artwork #8,,none,ipfs://QmRHryZC1A3fqFKV6aTj4dbXHtVsJrhXW1QdoKUSVFU4bA,ipfs,ipfs://QmUrCC7rND4KrbNohjVPCEX5iPxJUMBk2xXRkc25Mhzdmm,ipfs,a2p-v2,animation_url artist artwork_id attributes bitmark_id collection_name creator description edition_index edition_number external_url image medium metadata_version name prev_provenance timestamp
0xc3ecd59ba5ec8dd2865dffce7bc7c2b60adb62bf,a2p-v2,61856685718111648461926505083310379404899883066252072677717818280662962604831,False,True,protester/eyes #1,,none,ipfs://QmYAhbQqXTWVHnPrEYmyqjL5ykfsTfAZsSWA6LdRmKb6n7,ipfs,ipfs://Qmee3VzgA2FZp28Xpe5w5EAWpoet8oyoU9DbG7qQabNFDz,ipfs,a2p-v2,animation_url artist artwork_id attributes bitmark_id collection_name creator description edition_index edition_number external_url image medium metadata_version name prev_provenance timestamp
0xc3ecd59ba5ec8dd2865dffce7bc7c2b60adb62bf,a2p-v2,105489961766676874635304958399109039727602855627408122871389589037821654914380,False,True,Share My Sky With You #1,,none,ipfs://QmNbCDY51azKognjLWmzGnfWBrhNUyZiyQ5q2zkdwah7u5,ipfs,ipfs://QmNUaQd4HkcNEeYuuyP4iXhmmQh7b7hEoEk2ojzyRjW3Jv,ipfs,a2p-v2,animation_url artist artwork_id attributes bitmark_id collection_name creator description edition_index edition_number external_url image medium metadata_version name prev_provenance timestamp
0xc3ecd59ba5ec8dd2865dffce7bc7c2b60adb62bf,a2p-v2,61856685718111648461926505083310379404899883066252072677717818280662962604833,False,True,protester/eyes #3,,none,ipfs://QmYAhbQqXTWVHnPrEYmyqjL5ykfsTfAZsSWA6LdRmKb6n7,ipfs,ipfs://Qmee3VzgA2FZp28Xpe5w5EAWpoet8oyoU9DbG7qQabNFDz,ipfs,a2p-v2,animation_url artist artwork_id attributes bitmark_id collection_name creator description edition_index edition_number external_url image medium metadata_version name prev_provenance timestamp
0xc3ecd59ba5ec8dd2865dffce7bc7c2b60adb62bf,a2p-v2,37084836611081952385868414939265226782211922627690762191431414273954364931242,False,True,I Am A Stone Without Color #6,,none,ipfs://QmSCk6Ucvqc17rX2zHGvoSZUjoXtyRQGjZ5ciBoWL1fNqL,ipfs,ipfs://QmbH694c6NUwb1qxCxbDQpH39Q4z2dkugrXka5NhRT1gAx,ipfs,a2p-v2,animation_url artist artwork_id attributes bitmark_id collection_name creator description edition_index edition_number external_url image medium metadata_version name prev_provenance timestamp
0xc3ecd59ba5ec8dd2865dffce7bc7c2b60adb62bf,a2p-v2,93971431911885440916877783486978957678715203477821085260482467974474754862893,False,True,Dwelling with the Negative 在否定之处停留 #7,,none,ipfs://QmakHwNPqmN5ANQAhemQ6GJgUceLRAV2rwUXPxSgBU5kWs,ipfs,ipfs://QmPZ1BAKwU3mGDp35mykQEtNAp4KkUBvUjzbLwGPnpNDnx,ipfs,a2p-v2,animation_url artist artwork_id attributes bitmark_id collection_name creator description edition_index edition_number external_url image medium metadata_version name prev_provenance timestamp
0xc3ecd59ba5ec8dd2865dffce7bc7c2b60adb62bf,a2p-v2,61856685718111648461926505083310379404899883066252072677717818280662962604832,False,True,protester/eyes #2,,none,ipfs://QmYAhbQqXTWVHnPrEYmyqjL5ykfsTfAZsSWA6LdRmKb6n7,ipfs,ipfs://Qmee3VzgA2FZp28Xpe5w5EAWpoet8oyoU9DbG7qQabNFDz,ipfs,a2p-v2,animation_url artist artwork_id attributes bitmark_id collection_name creator description edition_index edition_number external_url image medium metadata_version name prev_provenance timestamp
0xc3ecd59ba5ec8dd2865dffce7bc7c2b60adb62bf,a2p-v2,46370210225379663967014637081488280912663244745261935046392934055390647555953,False,True,"no people, no money #10",,none,ipfs://QmZjhS8rXkpN6fn2DCk45rVvTYhWFbqnbSFFFQdgPxD9PJ,ipfs,ipfs://QmYA816ttbJc4A7wCtSwkDzkXp7s4oPMCiNYyF18rXDbpK,ipfs,a2p-v2,animation_url artist artwork_id attributes bitmark_id collection_name creator description edition_index edition_number external_url image medium metadata_version name prev_provenance timestamp
0xc3ecd59ba5ec8dd2865dffce7bc7c2b60adb62bf,a2p-v2,46370210225379663967014637081488280912663244745261935046392934055390647555948,False,True,"no people, no money #5",,none,ipfs://QmZjhS8rXkpN6fn2DCk45rVvTYhWFbqnbSFFFQdgPxD9PJ,ipfs,ipfs://QmYA816ttbJc4A7wCtSwkDzkXp7s4oPMCiNYyF18rXDbpK,ipfs,a2p-v2,animation_url artist artwork_id attributes bitmark_id collection_name creator description edition_index edition_number external_url image medium metadata_version name prev_provenance timestamp
0xc3ecd59ba5ec8dd2865dffce7bc7c2b60adb62bf,a2p-v2,61856685718111648461926505083310379404899883066252072677717818280662962604837,False,True,protester/eyes #7,,none,ipfs://QmYAhbQqXTWVHnPrEYmyqjL5ykfsTfAZsSWA6LdRmKb6n7,ipfs,ipfs://Qmee3VzgA2FZp28Xpe5w5EAWpoet8oyoU9DbG7qQabNFDz,ipfs,a2p-v2,animation_url artist artwork_id attributes bitmark_id collection_name creator description edition_index edition_number external_url image medium metadata_version name prev_provenance timestamp
0xc3ecd59ba5ec8dd2865dffce7bc7c2b60adb62bf,a2p-v2,37084836611081952385868414939265226782211922627690762191431414273954364931239,False,True,I Am A Stone Without Color #3,,none,ipfs://QmSCk6Ucvqc17rX2zHGvoSZUjoXtyRQGjZ5ciBoWL1fNqL,ipfs,ipfs://QmbH694c6NUwb1qxCxbDQpH39Q4z2dkugrXka5NhRT1gAx,ipfs,a2p-v2,animation_url artist artwork_id attributes bitmark_id collection_name creator description edition_index edition_number external_url image medium metadata_version name prev_provenance timestamp
0xc3ecd59ba5ec8dd2865dffce7bc7c2b60adb62bf,a2p-v2,98264980923967358017843757895195576202508743779465403143150915361542785039222,False,True,Fuzz Dungeon: An Introduction #4,,none,ipfs://QmNoJA7BofVTHrrg3wu7QLEKy3HKmSJJ3eX6LYRKLv87Ra,ipfs,ipfs://QmSHmDYEyiPbujfYXrbu6ZjeV9yUgsBoQUHNZ6eXCCiMcq,ipfs,a2p-v2,animation_url artist artwork_id attributes bitmark_id collection_name creator description edition_index edition_number external_url image medium metadata_version name prev_provenance timestamp
0xc3ecd59ba5ec8dd2865dffce7bc7c2b60adb62bf,a2p-v2,77065359786757989501357731966603769311058751241536841748903592272580579515019,False,True,20200323 #4,,none,ipfs://QmVhJPhCYh9RZoqqhCBEoMaTWuafVJcVvbaijLYhbg6HA7,ipfs,,none,a2p-v2,artist artwork_id attributes bitmark_id collection_name creator description edition_index edition_number external_url image medium metadata_version name prev_provenance timestamp
0xc3ecd59ba5ec8dd2865dffce7bc7c2b60adb62bf,a2p-v2,65274004678679009513393163792264817351861191052890845648646561715221234336466,False,True,With the Great Chain of the Wall #7,,none,ipfs://Qmdu5USf2X3d3v95DFZWPVqotmhFfzBWWCLVGovSdsJeau,ipfs,ipfs://QmYeA7zW7fqTzia7uznfeQwxpEtK9oYbNp8wmXtYMPUhnM,ipfs,a2p-v2,animation_url artist artwork_id attributes bitmark_id collection_name creator description edition_index edition_number external_url image medium metadata_version name prev_provenance timestamp
0xc3ecd59ba5ec8dd2865dffce7bc7c2b60adb62bf,a2p-v2,65274004678679009513393163792264817351861191052890845648646561715221234336462,False,True,With the Great Chain of the Wall #3,,none,ipfs://Qmdu5USf2X3d3v95DFZWPVqotmhFfzBWWCLVGovSdsJeau,ipfs,ipfs://QmYeA7zW7fqTzia7uznfeQwxpEtK9oYbNp8wmXtYMPUhnM,ipfs,a2p-v2,animation_url artist artwork_id attributes bitmark_id collection_name creator description edition_index edition_number external_url image medium metadata_version name prev_provenance timestamp
0xc3ecd59ba5ec8dd2865dffce7bc7c2b60adb62bf,a2p-v2,58777252788450439175571535945774744295332586425584891290621285778016216131314,False,True,Talking Walls #8,,none,ipfs://QmXruH8jx2NagkRjeZiEqPUP4fvdpjrd2PbsuD4VQhYP3e,ipfs,ipfs://QmdpvUKwRTrazvgvkkQU19GeboQiGyFLMBnkv4pN57Nfug,ipfs,a2p-v2,animation_url artist artwork_id attributes bitmark_id collection_name creator description edition_index edition_number external_url image medium metadata_version name prev_provenance timestamp
0xc3ecd59ba5ec8dd2865dffce7bc7c2b60adb62bf,a2p-v2,112152573782687223857517796469041363951747220482648329955192833687557042511271,False,True,The End #4,,none,ipfs://QmbbtF8rZxf5aZwoLcmuyY8HhLvg7GDUT8fq73DJQ48g6j,ipfs,ipfs://QmNypdKYo4otsrYyH35J8de7DpQ8EeeN1vqNwhA3EQ56UK,ipfs,a2p-v2,animation_url artist artwork_id attributes bitmark_id collection_name creator description edition_index edition_number external_url image medium metadata_version name prev_provenance timestamp
0xc3ecd59ba5ec8dd2865dffce7bc7c2b60adb62bf,a2p-v2,85341661276925889095165487281836110093790413991075404215045800075734863118094,False,True,Girls in the water #8,,none,ipfs://QmQp2V9rnteNBeGeof4Qx4aPFNC1geBh7T72KQDCJwmbdh,ipfs,,none,a2p-v2,artist artwork_id attributes bitmark_id collection_name creator description edition_index edition_number external_url image medium metadata_version name prev_provenance timestamp
0xc3ecd59ba5ec8dd2865dffce7bc7c2b60adb62bf,a2p-v2,94401727012838060521527140839508302898074639742145136431913302013423051609718,False,True,One Sketch #10,,none,ipfs://QmNzDFXTTzbMUuMbZiWrpDGQKFUzhLUZEKkFVj6fHbETsS,ipfs,,none,a2p-v2,artist artwork_id attributes bitmark_id collection_name creator description edition_index edition_number external_url image medium metadata_version name prev_provenance timestamp
0xc3ecd59ba5ec8dd2865dffce7bc7c2b60adb62bf,a2p-v2,94401727012838060521527140839508302898074639742145136431913302013423051609715,False,True,One Sketch #7,,none,ipfs://QmNzDFXTTzbMUuMbZiWrpDGQKFUzhLUZEKkFVj6fHbETsS,ipfs,,none,a2p-v2,artist artwork_id attributes bitmark_id collection_name creator description edition_index edition_number external_url image medium metadata_version name prev_provenance timestamp
0xc3ecd59ba5ec8dd2865dffce7bc7c2b60adb62bf,a2p-v2,85341661276925889095165487281836110093790413991075404215045800075734863118092,False,True,Girls in the water #6,,none,ipfs://QmQp2V9rnteNBeGeof4Qx4aPFNC1geBh7T72KQDCJwmbdh,ipfs,,none,a2p-v2,artist artwork_id attributes bitmark_id collection_name creator description edition_index edition_number external_url image medium metadata_version name prev_provenance timestamp
0xc3ecd59ba5ec8dd2865dffce7bc7c2b60adb62bf,a2p-v2,94401727012838060521527140839508302898074639742145136431913302013423051609711,False,True,One Sketch #3,,none,ipfs://QmNzDFXTTzbMUuMbZiWrpDGQKFUzhLUZEKkFVj6fHbETsS,ipfs,,none,a2p-v2,artist artwork_id attributes bitmark_id collection_name creator description edition_index edition_number external_url image medium metadata_version name prev_provenance timestamp
0xc3ecd59ba5ec8dd2865dffce7bc7c2b60adb62bf,a2p-v2,89543572071008138736610929329752940405626090748641834542515427842201637195349,False,True,WIFI puff #2,,none,ipfs://QmS55K3Vyas9i91mpQER8ZHUifjGLBaoCZFYSZfXRK77SD,ipfs,ipfs://Qmdf9dQE4acoUGvujD87ntqA8MqUSrBjce3jt8nB2nPg5F,ipfs,a2p-v2,animation_url artist artwork_id attributes bitmark_id collection_name creator description edition_index edition_number external_url image medium metadata_version name prev_provenance timestamp
0xc3ecd59ba5ec8dd2865dffce7bc7c2b60adb62bf,a2p-v2,44478964597147590083478501450611941764752997631949911605498653665844639528534,False,True,"I'm good, Don't worry. #4",,none,ipfs://QmbAY6vVAKhRqNv2XWsa269yi85ssBvvkaPXVMKw967xaV,ipfs,,none,a2p-v2,artist artwork_id attributes bitmark_id collection_name creator description edition_index edition_number external_url image medium metadata_version name prev_provenance timestamp
0xc3ecd59ba5ec8dd2865dffce7bc7c2b60adb62bf,a2p-v2,44478964597147590083478501450611941764752997631949911605498653665844639528531,False,True,"I'm good, Don't worry. #1",,none,ipfs://QmbAY6vVAKhRqNv2XWsa269yi85ssBvvkaPXVMKw967xaV,ipfs,,none,a2p-v2,artist artwork_id attributes bitmark_id collection_name creator description edition_index edition_number external_url image medium metadata_version name prev_provenance timestamp
0xc3ecd59ba5ec8dd2865dffce7bc7c2b60adb62bf,a2p-v2,94401727012838060521527140839508302898074639742145136431913302013423051609708,False,True,One Sketch AP,,none,ipfs://QmNzDFXTTzbMUuMbZiWrpDGQKFUzhLUZEKkFVj6fHbETsS,ipfs,,none,a2p-v2,artist artwork_id attributes bitmark_id collection_name creator description edition_index edition_number external_url image medium metadata_version name prev_provenance timestamp
0xc3ecd59ba5ec8dd2865dffce7bc7c2b60adb62bf,a2p-v2,89543572071008138736610929329752940405626090748641834542515427842201637195352,False,True,WIFI puff #5,,none,ipfs://QmS55K3Vyas9i91mpQER8ZHUifjGLBaoCZFYSZfXRK77SD,ipfs,ipfs://Qmdf9dQE4acoUGvujD87ntqA8MqUSrBjce3jt8nB2nPg5F,ipfs,a2p-v2,animation_url artist artwork_id attributes bitmark_id collection_name creator description edition_index edition_number external_url image medium metadata_version name prev_provenance timestamp
0xc3ecd59ba5ec8dd2865dffce7bc7c2b60adb62bf,a2p-v2,44478964597147590083478501450611941764752997631949911605498653665844639528532,False,True,"I'm good, Don't worry. #2",,none,ipfs://QmbAY6vVAKhRqNv2XWsa269yi85ssBvvkaPXVMKw967xaV,ipfs,,none,a2p-v2,artist artwork_id attributes bitmark_id collection_name creator description edition_index edition_number external_url image medium metadata_version name prev_provenance timestamp
0xc3ecd59ba5ec8dd2865dffce7bc7c2b60adb62bf,a2p-v2,44478964597147590083478501450611941764752997631949911605498653665844639528539,False,True,"I'm good, Don't worry. #9",,none,ipfs://QmbAY6vVAKhRqNv2XWsa269yi85ssBvvkaPXVMKw967xaV,ipfs,,none,a2p-v2,artist artwork_id attributes bitmark_id collection_name creator description edition_index edition_number external_url image medium metadata_version name prev_provenance timestamp
0xc3ecd59ba5ec8dd2865dffce7bc7c2b60adb62bf,a2p-v2,3480163917613192130605499962765414672816162348711549386461937076040425828368,False,True,ETERNITY AND A DAY 永恒的一日 #2,,none,ipfs://QmbonQGAf7zaaMLyJ8rVSd6AvLrjv1rys3rnNEpwg3qqFp,ipfs,ipfs://QmdFWhX7JsFvpBMGrnAvcyRifFS9WzQdErAVQQ1vKAGTCN,ipfs,a2p-v2,animation_url artist artwork_id attributes bitmark_id collection_name creator description edition_index edition_number external_url image medium metadata_version name prev_provenance timestamp
0xc3ecd59ba5ec8dd2865dffce7bc7c2b60adb62bf,a2p-v2,3480163917613192130605499962765414672816162348711549386461937076040425828366,False,True,ETERNITY AND A DAY 永恒的一日 AP,,none,ipfs://QmbonQGAf7zaaMLyJ8rVSd6AvLrjv1rys3rnNEpwg3qqFp,ipfs,ipfs://QmdFWhX7JsFvpBMGrnAvcyRifFS9WzQdErAVQQ1vKAGTCN,ipfs,a2p-v2,animation_url artist artwork_id attributes bitmark_id collection_name creator description edition_index edition_number external_url image medium metadata_version name prev_provenance timestamp
0xc3ecd59ba5ec8dd2865dffce7bc7c2b60adb62bf,a2p-v2,15179800142553936164092493162504657410760508810493056543502133501311501362321,False,True,argyria or full-color spread #1,,none,ipfs://QmZ1qmhr1NLM3aXharC9gF82NwvrnAqQdUm8GHuoLahKvQ,ipfs,,none,a2p-v2,artist artwork_id attributes bitmark_id collection_name creator description edition_index edition_number external_url image medium metadata_version name prev_provenance timestamp
0xc3ecd59ba5ec8dd2865dffce7bc7c2b60adb62bf,a2p-v2,36362561848951798446269860957053040500517015065626030790981818062577627166879,False,True,ANIMA #3,,none,ipfs://QmU48TLDZ1YsfLBQLiBJd6DPWcmcuwVy17AuBkDS89N5h2,ipfs,ipfs://QmdowoUR2ajGorFynBhvnYMaocviNrkLRCHnAG5ychyeXN,ipfs,a2p-v2,animation_url artist artwork_id attributes bitmark_id collection_name creator description edition_index edition_number external_url image medium metadata_version name prev_provenance timestamp
0xc3ecd59ba5ec8dd2865dffce7bc7c2b60adb62bf,a2p-v2,81836079822895454694893375939278015052072936906582419017472055680557761785545,False,True,Punctum #2,,none,ipfs://QmSVNP7wVUZDQtiTBy4UhRA3YU33KxLSDgcaE72kGiqs7K,ipfs,,none,a2p-v2,artist artwork_id attributes bitmark_id collection_name creator description edition_index edition_number external_url image medium metadata_version name prev_provenance timestamp
0xc3ecd59ba5ec8dd2865dffce7bc7c2b60adb62bf,a2p-v2,36362561848951798446269860957053040500517015065626030790981818062577627166876,False,True,ANIMA AP,,none,ipfs://QmU48TLDZ1YsfLBQLiBJd6DPWcmcuwVy17AuBkDS89N5h2,ipfs,ipfs://QmdowoUR2ajGorFynBhvnYMaocviNrkLRCHnAG5ychyeXN,ipfs,a2p-v2,animation_url artist artwork_id attributes bitmark_id collection_name creator description edition_index edition_number external_url image medium metadata_version name prev_provenance timestamp
0xc3ecd59ba5ec8dd2865dffce7bc7c2b60adb62bf,a2p-v2,54055938189177390788730812860119223656540490084362731693517577959898115946290,False,True,Twenty (Oscilloscope Study) #8,,none,ipfs://QmQefCU7a22goHEJB5YsgFx84bCBYW83u3gpW4sp1vCncT,ipfs,,none,a2p-v2,artist artwork_id attributes bitmark_id collection_name creator description edition_index edition_number external_url image medium metadata_version name prev_provenance timestamp
0xc3ecd59ba5ec8dd2865dffce7bc7c2b60adb62bf,a2p-v2,54055938189177390788730812860119223656540490084362731693517577959898115946289,False,True,Twenty (Oscilloscope Study) #7,,none,ipfs://QmQefCU7a22goHEJB5YsgFx84bCBYW83u3gpW4sp1vCncT,ipfs,,none,a2p-v2,artist artwork_id attributes bitmark_id collection_name creator description edition_index edition_number external_url image medium metadata_version name prev_provenance timestamp
0xc3ecd59ba5ec8dd2865dffce7bc7c2b60adb62bf,a2p-v2,20037223796567411119174650871052115731384133719618548188910580245195414385246,False,True,OOzy (study for Oceans Like Us: Wet Logic) #7,,none,ipfs://QmfPvTYGgqaFqsYKPVoejuoZCtyoDGr8Vt4e99Y5GAJowx,ipfs,ipfs://QmfVpCfATXoy6ginpoPntEgnffirBjKiB8x3cDycCNwaUP,ipfs,a2p-v2,animation_url artist artwork_id attributes bitmark_id collection_name creator description edition_index edition_number external_url image medium metadata_version name prev_provenance timestamp
0xc3ecd59ba5ec8dd2865dffce7bc7c2b60adb62bf,a2p-v2,105466589595170397634581222286383482718581629344127134608691057008431572123590,False,True,Metaphysical sequence #4,,none,ipfs://QmVwcfDmXV1zmR4RvMGiGYc5vmTvMSvHrZFSbCTf9TVFRw,ipfs,ipfs://QmTFarB3qzb7LvjX4QVBqYCuL3htZ5piECUErqG9JyWjLZ,ipfs,a2p-v2,animation_url artist artwork_id attributes bitmark_id collection_name creator description edition_index edition_number external_url image medium metadata_version name prev_provenance timestamp
0xc3ecd59ba5ec8dd2865dffce7bc7c2b60adb62bf,a2p-v2,76904456331418733479306588928785024251599643331941114943545488018580363128795,False,True,Frosty Morning [Dataset] #10,,none,ipfs://QmZu2b41zjnrn9iwG73cCWbpc4cfK7iz2xKr4uAQFEPMDD,ipfs,ipfs://QmaexKPEm31tmwoUQ8mqZzQchMXDVPhnhqUhSuNMgMhEHg,ipfs,a2p-v2,animation_url artist artwork_id attributes bitmark_id collection_name creator description edition_index edition_number external_url image medium metadata_version name prev_provenance timestamp
0xc3ecd59ba5ec8dd2865dffce7bc7c2b60adb62bf,a2p-v2,76904456331418733479306588928785024251599643331941114943545488018580363128794,False,True,Frosty Morning [Dataset] #9,,none,ipfs://QmZu2b41zjnrn9iwG73cCWbpc4cfK7iz2xKr4uAQFEPMDD,ipfs,ipfs://QmaexKPEm31tmwoUQ8mqZzQchMXDVPhnhqUhSuNMgMhEHg,ipfs,a2p-v2,animation_url artist artwork_id attributes bitmark_id collection_name creator description edition_index edition_number external_url image medium metadata_version name prev_provenance timestamp
0xc3ecd59ba5ec8dd2865dffce7bc7c2b60adb62bf,a2p-v2,76904456331418733479306588928785024251599643331941114943545488018580363128785,False,True,Frosty Morning [Dataset] AP,,none,ipfs://QmZu2b41zjnrn9iwG73cCWbpc4cfK7iz2xKr4uAQFEPMDD,ipfs,ipfs://QmaexKPEm31tmwoUQ8mqZzQchMXDVPhnhqUhSuNMgMhEHg,ipfs,a2p-v2,animation_url artist artwork_id attributes bitmark_id collection_name creator description edition_index edition_number external_url image medium metadata_version name prev_provenance timestamp
0xc3ecd59ba5ec8dd2865dffce7bc7c2b60adb62bf,a2p-v2,76904456331418733479306588928785024251599643331941114943545488018580363128789,False,True,Frosty Morning [Dataset] #4,,none,ipfs://QmZu2b41zjnrn9iwG73cCWbpc4cfK7iz2xKr4uAQFEPMDD,ipfs,ipfs://QmaexKPEm31tmwoUQ8mqZzQchMXDVPhnhqUhSuNMgMhEHg,ipfs,a2p-v2,animation_url artist artwork_id attributes bitmark_id collection_name creator description edition_index edition_number external_url image medium metadata_version name prev_provenance timestamp
0xc3ecd59ba5ec8dd2865dffce7bc7c2b60adb62bf,a2p-v2,85362302066065027189193448944628390068926147937593291709737512751067328917420,False,True,CRIERS #8,,none,ipfs://QmSnQJB7is6pPXXfVsYnLwq63k4NshSeqQ6CaHtcQmxDn7,ipfs,ipfs://QmYMTKDpx7ABkaSJzFHRzUrQCZaaVeCbrMvQj4vZq7UeNN,ipfs,a2p-v2,animation_url artist artwork_id attributes bitmark_id collection_name creator description edition_index edition_number external_url image medium metadata_version name prev_provenance timestamp
0xc3ecd59ba5ec8dd2865dffce7bc7c2b60adb62bf,a2p-v2,50765370501404569902302928792923192424059406585104019359596315950949529803477,False,True,L.0.S (Line of Sight) #2,,none,ipfs://QmUKygPjPss8WXN88jrMjyJ5zmeAjnyi8JnnkK3vyrshN8,ipfs,,none,a2p-v2,artist artwork_id attributes bitmark_id collection_name creator description edition_index edition_number external_url image medium metadata_version name prev_provenance timestamp
0xc3ecd59ba5ec8dd2865dffce7bc7c2b60adb62bf,a2p-v2,73186562991033452279615156772342934244841460622896083955773930581557463384171,False,True,"seedless watermelon, rent-free creampie & care for aging society #9",,none,ipfs://QmWxzATW8Gi586FVdcDyKnvmFop1SYsihRdnVfziYZbsaS,ipfs,,none,a2p-v2,artist artwork_id attributes bitmark_id collection_name creator description edition_index edition_number external_url image medium metadata_version name prev_provenance timestamp
0xc3ecd59ba5ec8dd2865dffce7bc7c2b60adb62bf,a2p-v2,36380250268417191405883921515312117539588744906269805724091459049311302118664,False,True,Ambigrammatic Figure #0073 #2,,none,ipfs://QmZrGRjbFMQxSDdEwQWpeYWVBY5AAkfMgM7nGtytUVKvYZ,ipfs,,none,a2p-v2,artist artwork_id attributes bitmark_id collection_name creator description edition_index edition_number external_url image medium metadata_version name prev_provenance timestamp
0xc3ecd59ba5ec8dd2865dffce7bc7c2b60adb62bf,a2p-v2,64663701960735139439933346559061550892387319376597585844212124342668669001836,False,True,bedroom_1 #7,,none,ipfs://QmR435y4j7Vdi8t6pEtTpSH6bMYnEKfYyy6wVTtyfnrt69,ipfs,,none,a2p-v2,artist artwork_id attributes bitmark_id collection_name creator description edition_index edition_number external_url image medium metadata_version name prev_provenance timestamp
0xc3ecd59ba5ec8dd2865dffce7bc7c2b60adb62bf,a2p-v2,64663701960735139439933346559061550892387319376597585844212124342668669001833,False,True,bedroom_1 #4,,none,ipfs://QmR435y4j7Vdi8t6pEtTpSH6bMYnEKfYyy6wVTtyfnrt69,ipfs,,none,a2p-v2,artist artwork_id attributes bitmark_id collection_name creator description edition_index edition_number external_url image medium metadata_version name prev_provenance timestamp
0xc3ecd59ba5ec8dd2865dffce7bc7c2b60adb62bf,a2p-v2,36752101124639320167082510856752388494194600232423889387770667509494513568942,False,True,sex-in-itself #2,,none,ipfs://QmVvoFrGYsELato8TqsHVEs6ebu2AnWXbdpkRRDhXEGLFi,ipfs,,none,a2p-v2,artist artwork_id attributes bitmark_id collection_name creator description edition_index edition_number external_url image medium metadata_version name prev_provenance timestamp
0xc3ecd59ba5ec8dd2865dffce7bc7c2b60adb62bf,a2p-v2,88881582711253229578061332357763592148753533132507251373070335805610527048976,False,True,a2p in the Flow. #7,,none,ipfs://QmTqKFsUE4zCGySkgAf2PDc6xh7ZTGPtMk1tDYAm4mux3v,ipfs,ipfs://Qme9t8j98s7fYmxwBTtKkHW588EQRyV6b2Yz4r27EMdWDf,ipfs,a2p-v2,animation_url artist artwork_id attributes bitmark_id collection_name creator description edition_index edition_number external_url image medium metadata_version name prev_provenance timestamp
0xc3ecd59ba5ec8dd2865dffce7bc7c2b60adb62bf,a2p-v2,32591673285275619746773086728306986897072430171202470250203746551365187756145,False,True,Mephis Milano #5,,none,ipfs://QmRwSqTgT77Dw8g5iy2SyAGTcqDhmLjA6ktdFGhNw59aoo,ipfs,ipfs://QmUdcymYbnYAP6J5MHXyv7hPXQwhQeogA9BTT2SX1BmKtn,ipfs,a2p-v2,animation_url artist artwork_id attributes bitmark_id collection_name creator description edition_index edition_number external_url image medium metadata_version name prev_provenance timestamp
0xc3ecd59ba5ec8dd2865dffce7bc7c2b60adb62bf,a2p-v2,37358665802094832513591718705132692918079312815297456044640253785049577062735,False,True,Fallibility Of Memory #9,,none,ipfs://QmYdNv41MPgfQDeCgjr5ZsVjWBBFXZnFGcPvAM4m5rHMw6,ipfs,ipfs://QmVLxBpttC9uV9JVndSGRmTD5jpGXdRRGDvwosXGHsGWcv,ipfs,a2p-v2,animation_url artist artwork_id attributes bitmark_id collection_name creator description edition_index edition_number external_url image medium metadata_version name prev_provenance timestamp
0xc3ecd59ba5ec8dd2865dffce7bc7c2b60adb62bf,a2p-v2,40747211157607358858893425535289799023542617919454689341630073947761720391543,False,True,When Harrison Meets Rick Instead of Roy. #2,,none,ipfs://QmcCkyjZ6mPnGdLPBBVGrnHnV1WkyYRZwZra9ebWf9rdfY,ipfs,ipfs://QmXP9wXQHAHXQa2wE9LFpz2HAsfetdpsRQWpBwzYXbEAXC,ipfs,a2p-v2,animation_url artist artwork_id attributes bitmark_id collection_name creator description edition_index edition_number external_url image medium metadata_version name prev_provenance timestamp
0xc3ecd59ba5ec8dd2865dffce7bc7c2b60adb62bf,a2p-v2,39370909427656913486795804445708003617180838253091077418995312408234203842305,False,True,Face Mask #8,,none,ipfs://Qma9xjiQDkAscuQ982aWEoBYiYPZzQjVDAovKxpkcDtrgw,ipfs,,none,a2p-v2,artist artwork_id attributes bitmark_id collection_name creator description edition_index edition_number external_url image medium metadata_version name prev_provenance timestamp
0xc3ecd59ba5ec8dd2865dffce7bc7c2b60adb62bf,a2p-v2,39370909427656913486795804445708003617180838253091077418995312408234203842297,False,True,Face Mask AP,,none,ipfs://Qma9xjiQDkAscuQ982aWEoBYiYPZzQjVDAovKxpkcDtrgw,ipfs,,none,a2p-v2,artist artwork_id attributes bitmark_id collection_name creator description edition_index edition_number external_url image medium metadata_version name prev_provenance timestamp
0xc3ecd59ba5ec8dd2865dffce7bc7c2b60adb62bf,a2p-v2,39370909427656913486795804445708003617180838253091077418995312408234203842307,False,True,Face Mask #10,,none,ipfs://Qma9xjiQDkAscuQ982aWEoBYiYPZzQjVDAovKxpkcDtrgw,ipfs,,none,a2p-v2,artist artwork_id attributes bitmark_id collection_name creator description edition_index edition_number external_url image medium metadata_version name prev_provenance timestamp
0xc3ecd59ba5ec8dd2865dffce7bc7c2b60adb62bf,a2p-v2,72359915284942243441047043581721500681514045528459027922396089429931202457996,False,True,That's Life  #2,,none,ipfs://QmZygSnqh6Q8qWRbo6aVbezEd519JFtWaV5621s4sC1chW,ipfs,ipfs://QmZx5dTkJvwJz9xK97wKx1HVYrZKBaoSSTsCMavevT4MTN,ipfs,a2p-v2,animation_url artist artwork_id attributes bitmark_id collection_name creator description edition_index edition_number external_url image medium metadata_version name prev_provenance timestamp
0xc3ecd59ba5ec8dd2865dffce7bc7c2b60adb62bf,a2p-v2,72359915284942243441047043581721500681514045528459027922396089429931202458003,False,True,That's Life  #9,,none,ipfs://QmZygSnqh6Q8qWRbo6aVbezEd519JFtWaV5621s4sC1chW,ipfs,ipfs://QmZx5dTkJvwJz9xK97wKx1HVYrZKBaoSSTsCMavevT4MTN,ipfs,a2p-v2,animation_url artist artwork_id attributes bitmark_id collection_name creator description edition_index edition_number external_url image medium metadata_version name prev_provenance timestamp
0xc3ecd59ba5ec8dd2865dffce7bc7c2b60adb62bf,a2p-v2,101287797761539844178780320458290755819133386846584060063826966477732301546173,False,True,PlacesIveBeen-render02 #4,,none,ipfs://QmQ2aevhWsD9DxyUwqERWRwyXcaVfQwviC1QaDk1suNppJ,ipfs,ipfs://QmVHyEykFWNufEECiZ4DCLDXXY4NFuL4WnnzaV9WSxxcJ4,ipfs,a2p-v2,animation_url artist artwork_id attributes bitmark_id collection_name creator description edition_index edition_number external_url image medium metadata_version name prev_provenance timestamp
0xc3ecd59ba5ec8dd2865dffce7bc7c2b60adb62bf,a2p-v2,44110891236531933252086048190429312600989185531755719633175016917330921238576,False,True,citymoon04-dl15-dt8-layerAll.gif #4,,none,ipfs://QmQUhKfS9CCUYWKb6S5T6QsvmfzvrycLnXBsmCxyYza47U,ipfs,ipfs://QmX7v3e7Wsm8L3rzKD1qaoFQRpfNVuVYWAgV6XntHP73SJ,ipfs,a2p-v2,animation_url artist artwork_id attributes bitmark_id collection_name creator description edition_index edition_number external_url image medium metadata_version name prev_provenance timestamp
0xc3ecd59ba5ec8dd2865dffce7bc7c2b60adb62bf,a2p-v2,101287797761539844178780320458290755819133386846584060063826966477732301546179,False,True,PlacesIveBeen-render02 #10,,none,ipfs://QmQ2aevhWsD9DxyUwqERWRwyXcaVfQwviC1QaDk1suNppJ,ipfs,ipfs://QmVHyEykFWNufEECiZ4DCLDXXY4NFuL4WnnzaV9WSxxcJ4,ipfs,a2p-v2,animation_url artist artwork_id attributes bitmark_id collection_name creator description edition_index edition_number external_url image medium metadata_version name prev_provenance timestamp
0x7acc33c09beec2c2636ec7d161e59b0582d78854,machine-hallucinations-coral-artificial-reef-by-re,75000342,False,True,Machine Hallucinations - Coral - Artificial Reef  #342,,none,ipfs://QmZ4eoZHXpnmuE5XH9oJZCYUuWZSrEao8GJT49gBAQdFys,ipfs,ipfs://QmPnBFt6BLciPKmEyHshiZ69ABhTqK3Y9cwBjv2tQpeiuL,ipfs,Machine Hallucinations - Coral - Artificial Reef by Refik Anadol,animation_url artist artwork_index artwork_name attributes collection_name creator description exhibition_info external_url id image medium metadata_version name provenance royalties timestamp
0x7acc33c09beec2c2636ec7d161e59b0582d78854,machine-hallucinations-coral-artificial-reef-by-re,75000073,False,True,Machine Hallucinations - Coral - Artificial Reef  #73,,none,ipfs://QmZ4eoZHXpnmuE5XH9oJZCYUuWZSrEao8GJT49gBAQdFys,ipfs,ipfs://QmPnBFt6BLciPKmEyHshiZ69ABhTqK3Y9cwBjv2tQpeiuL,ipfs,Machine Hallucinations - Coral - Artificial Reef by Refik Anadol,animation_url artist artwork_index artwork_name attributes collection_name creator description exhibition_info external_url id image medium metadata_version name provenance royalties timestamp
0x7acc33c09beec2c2636ec7d161e59b0582d78854,machine-hallucinations-coral-artificial-reef-by-re,75000362,False,True,Machine Hallucinations - Coral - Artificial Reef  #362,,none,ipfs://QmZ4eoZHXpnmuE5XH9oJZCYUuWZSrEao8GJT49gBAQdFys,ipfs,ipfs://QmPnBFt6BLciPKmEyHshiZ69ABhTqK3Y9cwBjv2tQpeiuL,ipfs,Machine Hallucinations - Coral - Artificial Reef by Refik Anadol,animation_url artist artwork_index artwork_name attributes collection_name creator description exhibition_info external_url id image medium metadata_version name provenance royalties timestamp
0x7acc33c09beec2c2636ec7d161e59b0582d78854,machine-hallucinations-coral-artificial-reef-by-re,75000437,False,True,Machine Hallucinations - Coral - Artificial Reef  #437,,none,ipfs://QmZ4eoZHXpnmuE5XH9oJZCYUuWZSrEao8GJT49gBAQdFys,ipfs,ipfs://QmPnBFt6BLciPKmEyHshiZ69ABhTqK3Y9cwBjv2tQpeiuL,ipfs,Machine Hallucinations - Coral - Artificial Reef by Refik Anadol,animation_url artist artwork_index artwork_name attributes collection_name creator description exhibition_info external_url id image medium metadata_version name provenance royalties timestamp
0x7acc33c09beec2c2636ec7d161e59b0582d78854,machine-hallucinations-coral-artificial-reef-by-re,75000441,False,True,Machine Hallucinations - Coral - Artificial Reef  #441,,none,ipfs://QmZ4eoZHXpnmuE5XH9oJZCYUuWZSrEao8GJT49gBAQdFys,ipfs,ipfs://QmPnBFt6BLciPKmEyHshiZ69ABhTqK3Y9cwBjv2tQpeiuL,ipfs,Machine Hallucinations - Coral - Artificial Reef by Refik Anadol,animation_url artist artwork_index artwork_name attributes collection_name creator description exhibition_info external_url id image medium metadata_version name provenance royalties timestamp
0x7acc33c09beec2c2636ec7d161e59b0582d78854,machine-hallucinations-coral-artificial-reef-by-re,75000165,False,True,Machine Hallucinations - Coral - Artificial Reef  #165,,none,ipfs://QmZ4eoZHXpnmuE5XH9oJZCYUuWZSrEao8GJT49gBAQdFys,ipfs,ipfs://QmPnBFt6BLciPKmEyHshiZ69ABhTqK3Y9cwBjv2tQpeiuL,ipfs,Machine Hallucinations - Coral - Artificial Reef by Refik Anadol,animation_url artist artwork_index artwork_name attributes collection_name creator description exhibition_info external_url id image medium metadata_version name provenance royalties timestamp
0x7acc33c09beec2c2636ec7d161e59b0582d78854,machine-hallucinations-coral-artificial-reef-by-re,75000044,False,True,Machine Hallucinations - Coral - Artificial Reef  #44,,none,ipfs://QmZ4eoZHXpnmuE5XH9oJZCYUuWZSrEao8GJT49gBAQdFys,ipfs,ipfs://QmPnBFt6BLciPKmEyHshiZ69ABhTqK3Y9cwBjv2tQpeiuL,ipfs,Machine Hallucinations - Coral - Artificial Reef by Refik Anadol,animation_url artist artwork_index artwork_name attributes collection_name creator description exhibition_info external_url id image medium metadata_version name provenance royalties timestamp
0x7acc33c09beec2c2636ec7d161e59b0582d78854,machine-hallucinations-coral-artificial-reef-by-re,75000161,False,True,Machine Hallucinations - Coral - Artificial Reef  #161,,none,ipfs://QmZ4eoZHXpnmuE5XH9oJZCYUuWZSrEao8GJT49gBAQdFys,ipfs,ipfs://QmPnBFt6BLciPKmEyHshiZ69ABhTqK3Y9cwBjv2tQpeiuL,ipfs,Machine Hallucinations - Coral - Artificial Reef by Refik Anadol,animation_url artist artwork_index artwork_name attributes collection_name creator description exhibition_info external_url id image medium metadata_version name provenance royalties timestamp
0x7acc33c09beec2c2636ec7d161e59b0582d78854,machine-hallucinations-coral-artificial-reef-by-re,75000457,False,True,Machine Hallucinations - Coral - Artificial Reef  #457,,none,ipfs://QmZ4eoZHXpnmuE5XH9oJZCYUuWZSrEao8GJT49gBAQdFys,ipfs,ipfs://QmPnBFt6BLciPKmEyHshiZ69ABhTqK3Y9cwBjv2tQpeiuL,ipfs,Machine Hallucinations - Coral - Artificial Reef by Refik Anadol,animation_url artist artwork_index artwork_name attributes collection_name creator description exhibition_info external_url id image medium metadata_version name provenance royalties timestamp
0x7acc33c09beec2c2636ec7d161e59b0582d78854,machine-hallucinations-coral-artificial-reef-by-re,75000472,False,True,Machine Hallucinations - Coral - Artificial Reef  #472,,none,ipfs://QmZ4eoZHXpnmuE5XH9oJZCYUuWZSrEao8GJT49gBAQdFys,ipfs,ipfs://QmPnBFt6BLciPKmEyHshiZ69ABhTqK3Y9cwBjv2tQpeiuL,ipfs,Machine Hallucinations - Coral - Artificial Reef by Refik Anadol,animation_url artist artwork_index artwork_name attributes collection_name creator description exhibition_info external_url id image medium metadata_version name provenance royalties timestamp
0x7acc33c09beec2c2636ec7d161e59b0582d78854,machine-hallucinations-coral-artificial-reef-by-re,75000467,False,True,Machine Hallucinations - Coral - Artificial Reef  #467,,none,ipfs://QmZ4eoZHXpnmuE5XH9oJZCYUuWZSrEao8GJT49gBAQdFys,ipfs,ipfs://QmPnBFt6BLciPKmEyHshiZ69ABhTqK3Y9cwBjv2tQpeiuL,ipfs,Machine Hallucinations - Coral - Artificial Reef by Refik Anadol,animation_url artist artwork_index artwork_name attributes collection_name creator description exhibition_info external_url id image medium metadata_version name provenance royalties timestamp
0x7acc33c09beec2c2636ec7d161e59b0582d78854,machine-hallucinations-coral-artificial-reef-by-re,75000464,False,True,Machine Hallucinations - Coral - Artificial Reef  #464,,none,ipfs://QmZ4eoZHXpnmuE5XH9oJZCYUuWZSrEao8GJT49gBAQdFys,ipfs,ipfs://QmPnBFt6BLciPKmEyHshiZ69ABhTqK3Y9cwBjv2tQpeiuL,ipfs,Machine Hallucinations - Coral - Artificial Reef by Refik Anadol,animation_url artist artwork_index artwork_name attributes collection_name creator description exhibition_info external_url id image medium metadata_version name provenance royalties timestamp
0x7acc33c09beec2c2636ec7d161e59b0582d78854,machine-hallucinations-coral-artificial-reef-by-re,75000463,False,True,Machine Hallucinations - Coral - Artificial Reef  #463,,none,ipfs://QmZ4eoZHXpnmuE5XH9oJZCYUuWZSrEao8GJT49gBAQdFys,ipfs,ipfs://QmPnBFt6BLciPKmEyHshiZ69ABhTqK3Y9cwBjv2tQpeiuL,ipfs,Machine Hallucinations - Coral - Artificial Reef by Refik Anadol,animation_url artist artwork_index artwork_name attributes collection_name creator description exhibition_info external_url id image medium metadata_version name provenance royalties timestamp
0x7acc33c09beec2c2636ec7d161e59b0582d78854,machine-hallucinations-coral-artificial-reef-by-re,75000008,False,True,Machine Hallucinations - Coral - Artificial Reef  #8,,none,ipfs://QmZ4eoZHXpnmuE5XH9oJZCYUuWZSrEao8GJT49gBAQdFys,ipfs,ipfs://QmPnBFt6BLciPKmEyHshiZ69ABhTqK3Y9cwBjv2tQpeiuL,ipfs,Machine Hallucinations - Coral - Artificial Reef by Refik Anadol,animation_url artist artwork_index artwork_name attributes collection_name creator description exhibition_info external_url id image medium metadata_version name provenance royalties timestamp
0x7acc33c09beec2c2636ec7d161e59b0582d78854,machine-hallucinations-coral-artificial-reef-by-re,75000331,False,True,Machine Hallucinations - Coral - Artificial Reef  #331,,none,ipfs://QmZ4eoZHXpnmuE5XH9oJZCYUuWZSrEao8GJT49gBAQdFys,ipfs,ipfs://QmPnBFt6BLciPKmEyHshiZ69ABhTqK3Y9cwBjv2tQpeiuL,ipfs,Machine Hallucinations - Coral - Artificial Reef by Refik Anadol,animation_url artist artwork_index artwork_name attributes collection_name creator description exhibition_info external_url id image medium metadata_version name provenance royalties timestamp
0x7acc33c09beec2c2636ec7d161e59b0582d78854,machine-hallucinations-coral-artificial-reef-by-re,75000344,False,True,Machine Hallucinations - Coral - Artificial Reef  #344,,none,ipfs://QmZ4eoZHXpnmuE5XH9oJZCYUuWZSrEao8GJT49gBAQdFys,ipfs,ipfs://QmPnBFt6BLciPKmEyHshiZ69ABhTqK3Y9cwBjv2tQpeiuL,ipfs,Machine Hallucinations - Coral - Artificial Reef by Refik Anadol,animation_url artist artwork_index artwork_name attributes collection_name creator description exhibition_info external_url id image medium metadata_version name provenance royalties timestamp
0x7acc33c09beec2c2636ec7d161e59b0582d78854,machine-hallucinations-coral-artificial-reef-by-re,75000289,False,True,Machine Hallucinations - Coral - Artificial Reef  #289,,none,ipfs://QmZ4eoZHXpnmuE5XH9oJZCYUuWZSrEao8GJT49gBAQdFys,ipfs,ipfs://QmPnBFt6BLciPKmEyHshiZ69ABhTqK3Y9cwBjv2tQpeiuL,ipfs,Machine Hallucinations - Coral - Artificial Reef by Refik Anadol,animation_url artist artwork_index artwork_name attributes collection_name creator description exhibition_info external_url id image medium metadata_version name provenance royalties timestamp
0x7acc33c09beec2c2636ec7d161e59b0582d78854,machine-hallucinations-coral-artificial-reef-by-re,75000087,False,True,Machine Hallucinations - Coral - Artificial Reef  #87,,none,ipfs://QmZ4eoZHXpnmuE5XH9oJZCYUuWZSrEao8GJT49gBAQdFys,ipfs,ipfs://QmPnBFt6BLciPKmEyHshiZ69ABhTqK3Y9cwBjv2tQpeiuL,ipfs,Machine Hallucinations - Coral - Artificial Reef by Refik Anadol,animation_url artist artwork_index artwork_name attributes collection_name creator description exhibition_info external_url id image medium metadata_version name provenance royalties timestamp
0x7acc33c09beec2c2636ec7d161e59b0582d78854,machine-hallucinations-coral-artificial-reef-by-re,75000162,False,True,Machine Hallucinations - Coral - Artificial Reef  #162,,none,ipfs://QmZ4eoZHXpnmuE5XH9oJZCYUuWZSrEao8GJT49gBAQdFys,ipfs,ipfs://QmPnBFt6BLciPKmEyHshiZ69ABhTqK3Y9cwBjv2tQpeiuL,ipfs,Machine Hallucinations - Coral - Artificial Reef by Refik Anadol,animation_url artist artwork_index artwork_name attributes collection_name creator description exhibition_info external_url id image medium metadata_version name provenance royalties timestamp
0x7acc33c09beec2c2636ec7d161e59b0582d78854,machine-hallucinations-coral-artificial-reef-by-re,75000389,False,True,Machine Hallucinations - Coral - Artificial Reef  #389,,none,ipfs://QmZ4eoZHXpnmuE5XH9oJZCYUuWZSrEao8GJT49gBAQdFys,ipfs,ipfs://QmPnBFt6BLciPKmEyHshiZ69ABhTqK3Y9cwBjv2tQpeiuL,ipfs,Machine Hallucinations - Coral - Artificial Reef by Refik Anadol,animation_url artist artwork_index artwork_name attributes collection_name creator description exhibition_info external_url id image medium metadata_version name provenance royalties timestamp
0x7acc33c09beec2c2636ec7d161e59b0582d78854,machine-hallucinations-coral-artificial-reef-by-re,75000404,False,True,Machine Hallucinations - Coral - Artificial Reef  #404,,none,ipfs://QmZ4eoZHXpnmuE5XH9oJZCYUuWZSrEao8GJT49gBAQdFys,ipfs,ipfs://QmPnBFt6BLciPKmEyHshiZ69ABhTqK3Y9cwBjv2tQpeiuL,ipfs,Machine Hallucinations - Coral - Artificial Reef by Refik Anadol,animation_url artist artwork_index artwork_name attributes collection_name creator description exhibition_info external_url id image medium metadata_version name provenance royalties timestamp
0x7acc33c09beec2c2636ec7d161e59b0582d78854,machine-hallucinations-coral-artificial-reef-by-re,75000339,False,True,Machine Hallucinations - Coral - Artificial Reef  #339,,none,ipfs://QmZ4eoZHXpnmuE5XH9oJZCYUuWZSrEao8GJT49gBAQdFys,ipfs,ipfs://QmPnBFt6BLciPKmEyHshiZ69ABhTqK3Y9cwBjv2tQpeiuL,ipfs,Machine Hallucinations - Coral - Artificial Reef by Refik Anadol,animation_url artist artwork_index artwork_name attributes collection_name creator description exhibition_info external_url id image medium metadata_version name provenance royalties timestamp
0x7acc33c09beec2c2636ec7d161e59b0582d78854,machine-hallucinations-coral-artificial-reef-by-re,75000372,False,True,Machine Hallucinations - Coral - Artificial Reef  #372,,none,ipfs://QmZ4eoZHXpnmuE5XH9oJZCYUuWZSrEao8GJT49gBAQdFys,ipfs,ipfs://QmPnBFt6BLciPKmEyHshiZ69ABhTqK3Y9cwBjv2tQpeiuL,ipfs,Machine Hallucinations - Coral - Artificial Reef by Refik Anadol,animation_url artist artwork_index artwork_name attributes collection_name creator description exhibition_info external_url id image medium metadata_version name provenance royalties timestamp
0x7acc33c09beec2c2636ec7d161e59b0582d78854,machine-hallucinations-coral-artificial-reef-by-re,75000358,False,True,Machine Hallucinations - Coral - Artificial Reef  #358,,none,ipfs://QmZ4eoZHXpnmuE5XH9oJZCYUuWZSrEao8GJT49gBAQdFys,ipfs,ipfs://QmPnBFt6BLciPKmEyHshiZ69ABhTqK3Y9cwBjv2tQpeiuL,ipfs,Machine Hallucinations - Coral - Artificial Reef by Refik Anadol,animation_url artist artwork_index artwork_name attributes collection_name creator description exhibition_info external_url id image medium metadata_version name provenance royalties timestamp
0x7acc33c09beec2c2636ec7d161e59b0582d78854,machine-hallucinations-coral-artificial-reef-by-re,75000065,False,True,Machine Hallucinations - Coral - Artificial Reef  #65,,none,ipfs://QmZ4eoZHXpnmuE5XH9oJZCYUuWZSrEao8GJT49gBAQdFys,ipfs,ipfs://QmPnBFt6BLciPKmEyHshiZ69ABhTqK3Y9cwBjv2tQpeiuL,ipfs,Machine Hallucinations - Coral - Artificial Reef by Refik Anadol,animation_url artist artwork_index artwork_name attributes collection_name creator description exhibition_info external_url id image medium metadata_version name provenance royalties timestamp
0x7acc33c09beec2c2636ec7d161e59b0582d78854,machine-hallucinations-coral-artificial-reef-by-re,75000116,False,True,Machine Hallucinations - Coral - Artificial Reef  #116,,none,ipfs://QmZ4eoZHXpnmuE5XH9oJZCYUuWZSrEao8GJT49gBAQdFys,ipfs,ipfs://QmPnBFt6BLciPKmEyHshiZ69ABhTqK3Y9cwBjv2tQpeiuL,ipfs,Machine Hallucinations - Coral - Artificial Reef by Refik Anadol,animation_url artist artwork_index artwork_name attributes collection_name creator description exhibition_info external_url id image medium metadata_version name provenance royalties timestamp
0x7acc33c09beec2c2636ec7d161e59b0582d78854,machine-hallucinations-coral-artificial-reef-by-re,75000284,False,True,Machine Hallucinations - Coral - Artificial Reef  #284,,none,ipfs://QmZ4eoZHXpnmuE5XH9oJZCYUuWZSrEao8GJT49gBAQdFys,ipfs,ipfs://QmPnBFt6BLciPKmEyHshiZ69ABhTqK3Y9cwBjv2tQpeiuL,ipfs,Machine Hallucinations - Coral - Artificial Reef by Refik Anadol,animation_url artist artwork_index artwork_name attributes collection_name creator description exhibition_info external_url id image medium metadata_version name provenance royalties timestamp
0x7acc33c09beec2c2636ec7d161e59b0582d78854,machine-hallucinations-coral-artificial-reef-by-re,75000134,False,True,Machine Hallucinations - Coral - Artificial Reef  #134,,none,ipfs://QmZ4eoZHXpnmuE5XH9oJZCYUuWZSrEao8GJT49gBAQdFys,ipfs,ipfs://QmPnBFt6BLciPKmEyHshiZ69ABhTqK3Y9cwBjv2tQpeiuL,ipfs,Machine Hallucinations - Coral - Artificial Reef by Refik Anadol,animation_url artist artwork_index artwork_name attributes collection_name creator description exhibition_info external_url id image medium metadata_version name provenance royalties timestamp
0x7acc33c09beec2c2636ec7d161e59b0582d78854,machine-hallucinations-coral-artificial-reef-by-re,75000356,False,True,Machine Hallucinations - Coral - Artificial Reef  #356,,none,ipfs://QmZ4eoZHXpnmuE5XH9oJZCYUuWZSrEao8GJT49gBAQdFys,ipfs,ipfs://QmPnBFt6BLciPKmEyHshiZ69ABhTqK3Y9cwBjv2tQpeiuL,ipfs,Machine Hallucinations - Coral - Artificial Reef by Refik Anadol,animation_url artist artwork_index artwork_name attributes collection_name creator description exhibition_info external_url id image medium metadata_version name provenance royalties timestamp
0x7acc33c09beec2c2636ec7d161e59b0582d78854,machine-hallucinations-coral-artificial-reef-by-re,75000198,False,True,Machine Hallucinations - Coral - Artificial Reef  #198,,none,ipfs://QmZ4eoZHXpnmuE5XH9oJZCYUuWZSrEao8GJT49gBAQdFys,ipfs,ipfs://QmPnBFt6BLciPKmEyHshiZ69ABhTqK3Y9cwBjv2tQpeiuL,ipfs,Machine Hallucinations - Coral - Artificial Reef by Refik Anadol,animation_url artist artwork_index artwork_name attributes collection_name creator description exhibition_info external_url id image medium metadata_version name provenance royalties timestamp
0x7acc33c09beec2c2636ec7d161e59b0582d78854,machine-hallucinations-coral-artificial-reef-by-re,75000236,False,True,Machine Hallucinations - Coral - Artificial Reef  #236,,none,ipfs://QmZ4eoZHXpnmuE5XH9oJZCYUuWZSrEao8GJT49gBAQdFys,ipfs,ipfs://QmPnBFt6BLciPKmEyHshiZ69ABhTqK3Y9cwBjv2tQpeiuL,ipfs,Machine Hallucinations - Coral - Artificial Reef by Refik Anadol,animation_url artist artwork_index artwork_name attributes collection_name creator description exhibition_info external_url id image medium metadata_version name provenance royalties timestamp
0x7acc33c09beec2c2636ec7d161e59b0582d78854,machine-hallucinations-coral-artificial-reef-by-re,75000244,False,True,Machine Hallucinations - Coral - Artificial Reef  #244,,none,ipfs://QmZ4eoZHXpnmuE5XH9oJZCYUuWZSrEao8GJT49gBAQdFys,ipfs,ipfs://QmPnBFt6BLciPKmEyHshiZ69ABhTqK3Y9cwBjv2tQpeiuL,ipfs,Machine Hallucinations - Coral - Artificial Reef by Refik Anadol,animation_url artist artwork_index artwork_name attributes collection_name creator description exhibition_info external_url id image medium metadata_version name provenance royalties timestamp
0x7acc33c09beec2c2636ec7d161e59b0582d78854,machine-hallucinations-coral-artificial-reef-by-re,75000086,False,True,Machine Hallucinations - Coral - Artificial Reef  #86,,none,ipfs://QmZ4eoZHXpnmuE5XH9oJZCYUuWZSrEao8GJT49gBAQdFys,ipfs,ipfs://QmPnBFt6BLciPKmEyHshiZ69ABhTqK3Y9cwBjv2tQpeiuL,ipfs,Machine Hallucinations - Coral - Artificial Reef by Refik Anadol,animation_url artist artwork_index artwork_name attributes collection_name creator description exhibition_info external_url id image medium metadata_version name provenance royalties timestamp
0x7acc33c09beec2c2636ec7d161e59b0582d78854,machine-hallucinations-coral-artificial-reef-by-re,75000370,False,True,Machine Hallucinations - Coral - Artificial Reef  #370,,none,ipfs://QmZ4eoZHXpnmuE5XH9oJZCYUuWZSrEao8GJT49gBAQdFys,ipfs,ipfs://QmPnBFt6BLciPKmEyHshiZ69ABhTqK3Y9cwBjv2tQpeiuL,ipfs,Machine Hallucinations - Coral - Artificial Reef by Refik Anadol,animation_url artist artwork_index artwork_name attributes collection_name creator description exhibition_info external_url id image medium metadata_version name provenance royalties timestamp
0x7acc33c09beec2c2636ec7d161e59b0582d78854,machine-hallucinations-coral-artificial-reef-by-re,75000115,False,True,Machine Hallucinations - Coral - Artificial Reef  #115,,none,ipfs://QmZ4eoZHXpnmuE5XH9oJZCYUuWZSrEao8GJT49gBAQdFys,ipfs,ipfs://QmPnBFt6BLciPKmEyHshiZ69ABhTqK3Y9cwBjv2tQpeiuL,ipfs,Machine Hallucinations - Coral - Artificial Reef by Refik Anadol,animation_url artist artwork_index artwork_name attributes collection_name creator description exhibition_info external_url id image medium metadata_version name provenance royalties timestamp
0x7acc33c09beec2c2636ec7d161e59b0582d78854,machine-hallucinations-coral-artificial-reef-by-re,75000005,False,True,Machine Hallucinations - Coral - Artificial Reef  #5,,none,ipfs://QmZ4eoZHXpnmuE5XH9oJZCYUuWZSrEao8GJT49gBAQdFys,ipfs,ipfs://QmPnBFt6BLciPKmEyHshiZ69ABhTqK3Y9cwBjv2tQpeiuL,ipfs,Machine Hallucinations - Coral - Artificial Reef by Refik Anadol,animation_url artist artwork_index artwork_name attributes collection_name creator description exhibition_info external_url id image medium metadata_version name provenance royalties timestamp
0x7acc33c09beec2c2636ec7d161e59b0582d78854,machine-hallucinations-coral-artificial-reef-by-re,75000031,False,True,Machine Hallucinations - Coral - Artificial Reef  #31,,none,ipfs://QmZ4eoZHXpnmuE5XH9oJZCYUuWZSrEao8GJT49gBAQdFys,ipfs,ipfs://QmPnBFt6BLciPKmEyHshiZ69ABhTqK3Y9cwBjv2tQpeiuL,ipfs,Machine Hallucinations - Coral - Artificial Reef by Refik Anadol,animation_url artist artwork_index artwork_name attributes collection_name creator description exhibition_info external_url id image medium metadata_version name provenance royalties timestamp
0x7acc33c09beec2c2636ec7d161e59b0582d78854,machine-hallucinations-coral-artificial-reef-by-re,75000034,False,True,Machine Hallucinations - Coral - Artificial Reef  #34,,none,ipfs://QmZ4eoZHXpnmuE5XH9oJZCYUuWZSrEao8GJT49gBAQdFys,ipfs,ipfs://QmPnBFt6BLciPKmEyHshiZ69ABhTqK3Y9cwBjv2tQpeiuL,ipfs,Machine Hallucinations - Coral - Artificial Reef by Refik Anadol,animation_url artist artwork_index artwork_name attributes collection_name creator description exhibition_info external_url id image medium metadata_version name provenance royalties timestamp
0x7acc33c09beec2c2636ec7d161e59b0582d78854,machine-hallucinations-coral-artificial-reef-by-re,75000178,False,True,Machine Hallucinations - Coral - Artificial Reef  #178,,none,ipfs://QmZ4eoZHXpnmuE5XH9oJZCYUuWZSrEao8GJT49gBAQdFys,ipfs,ipfs://QmPnBFt6BLciPKmEyHshiZ69ABhTqK3Y9cwBjv2tQpeiuL,ipfs,Machine Hallucinations - Coral - Artificial Reef by Refik Anadol,animation_url artist artwork_index artwork_name attributes collection_name creator description exhibition_info external_url id image medium metadata_version name provenance royalties timestamp
0x7acc33c09beec2c2636ec7d161e59b0582d78854,machine-hallucinations-coral-artificial-reef-by-re,75000300,False,True,Machine Hallucinations - Coral - Artificial Reef  #300,,none,ipfs://QmZ4eoZHXpnmuE5XH9oJZCYUuWZSrEao8GJT49gBAQdFys,ipfs,ipfs://QmPnBFt6BLciPKmEyHshiZ69ABhTqK3Y9cwBjv2tQpeiuL,ipfs,Machine Hallucinations - Coral - Artificial Reef by Refik Anadol,animation_url artist artwork_index artwork_name attributes collection_name creator description exhibition_info external_url id image medium metadata_version name provenance royalties timestamp
0x7acc33c09beec2c2636ec7d161e59b0582d78854,machine-hallucinations-coral-artificial-reef-by-re,75000367,False,True,Machine Hallucinations - Coral - Artificial Reef  #367,,none,ipfs://QmZ4eoZHXpnmuE5XH9oJZCYUuWZSrEao8GJT49gBAQdFys,ipfs,ipfs://QmPnBFt6BLciPKmEyHshiZ69ABhTqK3Y9cwBjv2tQpeiuL,ipfs,Machine Hallucinations - Coral - Artificial Reef by Refik Anadol,animation_url artist artwork_index artwork_name attributes collection_name creator description exhibition_info external_url id image medium metadata_version name provenance royalties timestamp
0x7acc33c09beec2c2636ec7d161e59b0582d78854,machine-hallucinations-coral-artificial-reef-by-re,75000446,False,True,Machine Hallucinations - Coral - Artificial Reef  #446,,none,ipfs://QmZ4eoZHXpnmuE5XH9oJZCYUuWZSrEao8GJT49gBAQdFys,ipfs,ipfs://QmPnBFt6BLciPKmEyHshiZ69ABhTqK3Y9cwBjv2tQpeiuL,ipfs,Machine Hallucinations - Coral - Artificial Reef by Refik Anadol,animation_url artist artwork_index artwork_name attributes collection_name creator description exhibition_info external_url id image medium metadata_version name provenance royalties timestamp
0x7acc33c09beec2c2636ec7d161e59b0582d78854,machine-hallucinations-coral-artificial-reef-by-re,75000450,False,True,Machine Hallucinations - Coral - Artificial Reef  #450,,none,ipfs://QmZ4eoZHXpnmuE5XH9oJZCYUuWZSrEao8GJT49gBAQdFys,ipfs,ipfs://QmPnBFt6BLciPKmEyHshiZ69ABhTqK3Y9cwBjv2tQpeiuL,ipfs,Machine Hallucinations - Coral - Artificial Reef by Refik Anadol,animation_url artist artwork_index artwork_name attributes collection_name creator description exhibition_info external_url id image medium metadata_version name provenance royalties timestamp
0x7acc33c09beec2c2636ec7d161e59b0582d78854,machine-hallucinations-coral-artificial-reef-by-re,75000444,False,True,Machine Hallucinations - Coral - Artificial Reef  #444,,none,ipfs://QmZ4eoZHXpnmuE5XH9oJZCYUuWZSrEao8GJT49gBAQdFys,ipfs,ipfs://QmPnBFt6BLciPKmEyHshiZ69ABhTqK3Y9cwBjv2tQpeiuL,ipfs,Machine Hallucinations - Coral - Artificial Reef by Refik Anadol,animation_url artist artwork_index artwork_name attributes collection_name creator description exhibition_info external_url id image medium metadata_version name provenance royalties timestamp
0x7acc33c09beec2c2636ec7d161e59b0582d78854,machine-hallucinations-coral-artificial-reef-by-re,75000360,False,True,Machine Hallucinations - Coral - Artificial Reef  #360,,none,ipfs://QmZ4eoZHXpnmuE5XH9oJZCYUuWZSrEao8GJT49gBAQdFys,ipfs,ipfs://QmPnBFt6BLciPKmEyHshiZ69ABhTqK3Y9cwBjv2tQpeiuL,ipfs,Machine Hallucinations - Coral - Artificial Reef by Refik Anadol,animation_url artist artwork_index artwork_name attributes collection_name creator description exhibition_info external_url id image medium metadata_version name provenance royalties timestamp
0x7acc33c09beec2c2636ec7d161e59b0582d78854,machine-hallucinations-coral-artificial-reef-by-re,75000222,False,True,Machine Hallucinations - Coral - Artificial Reef  #222,,none,ipfs://QmZ4eoZHXpnmuE5XH9oJZCYUuWZSrEao8GJT49gBAQdFys,ipfs,ipfs://QmPnBFt6BLciPKmEyHshiZ69ABhTqK3Y9cwBjv2tQpeiuL,ipfs,Machine Hallucinations - Coral - Artificial Reef by Refik Anadol,animation_url artist artwork_index artwork_name attributes collection_name creator description exhibition_info external_url id image medium metadata_version name provenance royalties timestamp
0x7acc33c09beec2c2636ec7d161e59b0582d78854,machine-hallucinations-coral-artificial-reef-by-re,75000017,False,True,Machine Hallucinations - Coral - Artificial Reef  #17,,none,ipfs://QmZ4eoZHXpnmuE5XH9oJZCYUuWZSrEao8GJT49gBAQdFys,ipfs,ipfs://QmPnBFt6BLciPKmEyHshiZ69ABhTqK3Y9cwBjv2tQpeiuL,ipfs,Machine Hallucinations - Coral - Artificial Reef by Refik Anadol,animation_url artist artwork_index artwork_name attributes collection_name creator description exhibition_info external_url id image medium metadata_version name provenance royalties timestamp
0x7acc33c09beec2c2636ec7d161e59b0582d78854,machine-hallucinations-coral-artificial-reef-by-re,75000090,False,True,Machine Hallucinations - Coral - Artificial Reef  #90,,none,ipfs://QmZ4eoZHXpnmuE5XH9oJZCYUuWZSrEao8GJT49gBAQdFys,ipfs,ipfs://QmPnBFt6BLciPKmEyHshiZ69ABhTqK3Y9cwBjv2tQpeiuL,ipfs,Machine Hallucinations - Coral - Artificial Reef by Refik Anadol,animation_url artist artwork_index artwork_name attributes collection_name creator description exhibition_info external_url id image medium metadata_version name provenance royalties timestamp
0x7acc33c09beec2c2636ec7d161e59b0582d78854,machine-hallucinations-coral-artificial-reef-by-re,75000347,False,True,Machine Hallucinations - Coral - Artificial Reef  #347,,none,ipfs://QmZ4eoZHXpnmuE5XH9oJZCYUuWZSrEao8GJT49gBAQdFys,ipfs,ipfs://QmPnBFt6BLciPKmEyHshiZ69ABhTqK3Y9cwBjv2tQpeiuL,ipfs,Machine Hallucinations - Coral - Artificial Reef by Refik Anadol,animation_url artist artwork_index artwork_name attributes collection_name creator description exhibition_info external_url id image medium metadata_version name provenance royalties timestamp
0x7acc33c09beec2c2636ec7d161e59b0582d78854,machine-hallucinations-coral-artificial-reef-by-re,75000330,False,True,Machine Hallucinations - Coral - Artificial Reef  #330,,none,ipfs://QmZ4eoZHXpnmuE5XH9oJZCYUuWZSrEao8GJT49gBAQdFys,ipfs,ipfs://QmPnBFt6BLciPKmEyHshiZ69ABhTqK3Y9cwBjv2tQpeiuL,ipfs,Machine Hallucinations - Coral - Artificial Reef by Refik Anadol,animation_url artist artwork_index artwork_name attributes collection_name creator description exhibition_info external_url id image medium metadata_version name provenance royalties timestamp
0x7acc33c09beec2c2636ec7d161e59b0582d78854,machine-hallucinations-coral-artificial-reef-by-re,75000183,False,True,Machine Hallucinations - Coral - Artificial Reef  #183,,none,ipfs://QmZ4eoZHXpnmuE5XH9oJZCYUuWZSrEao8GJT49gBAQdFys,ipfs,ipfs://QmPnBFt6BLciPKmEyHshiZ69ABhTqK3Y9cwBjv2tQpeiuL,ipfs,Machine Hallucinations - Coral - Artificial Reef by Refik Anadol,animation_url artist artwork_index artwork_name attributes collection_name creator description exhibition_info external_url id image medium metadata_version name provenance royalties timestamp
0x7acc33c09beec2c2636ec7d161e59b0582d78854,machine-hallucinations-coral-artificial-reef-by-re,75000074,False,True,Machine Hallucinations - Coral - Artificial Reef  #74,,none,ipfs://QmZ4eoZHXpnmuE5XH9oJZCYUuWZSrEao8GJT49gBAQdFys,ipfs,ipfs://QmPnBFt6BLciPKmEyHshiZ69ABhTqK3Y9cwBjv2tQpeiuL,ipfs,Machine Hallucinations - Coral - Artificial Reef by Refik Anadol,animation_url artist artwork_index artwork_name attributes collection_name creator description exhibition_info external_url id image medium metadata_version name provenance royalties timestamp
0x7acc33c09beec2c2636ec7d161e59b0582d78854,machine-hallucinations-coral-artificial-reef-by-re,75000205,False,True,Machine Hallucinations - Coral - Artificial Reef  #205,,none,ipfs://QmZ4eoZHXpnmuE5XH9oJZCYUuWZSrEao8GJT49gBAQdFys,ipfs,ipfs://QmPnBFt6BLciPKmEyHshiZ69ABhTqK3Y9cwBjv2tQpeiuL,ipfs,Machine Hallucinations - Coral - Artificial Reef by Refik Anadol,animation_url artist artwork_index artwork_name attributes collection_name creator description exhibition_info external_url id image medium metadata_version name provenance royalties timestamp
0x7acc33c09beec2c2636ec7d161e59b0582d78854,machine-hallucinations-coral-artificial-reef-by-re,75000124,False,True,Machine Hallucinations - Coral - Artificial Reef  #124,,none,ipfs://QmZ4eoZHXpnmuE5XH9oJZCYUuWZSrEao8GJT49gBAQdFys,ipfs,ipfs://QmPnBFt6BLciPKmEyHshiZ69ABhTqK3Y9cwBjv2tQpeiuL,ipfs,Machine Hallucinations - Coral - Artificial Reef by Refik Anadol,animation_url artist artwork_index artwork_name attributes collection_name creator description exhibition_info external_url id image medium metadata_version name provenance royalties timestamp
0x7acc33c09beec2c2636ec7d161e59b0582d78854,machine-hallucinations-coral-artificial-reef-by-re,75000434,False,True,Machine Hallucinations - Coral - Artificial Reef  #434,,none,ipfs://QmZ4eoZHXpnmuE5XH9oJZCYUuWZSrEao8GJT49gBAQdFys,ipfs,ipfs://QmPnBFt6BLciPKmEyHshiZ69ABhTqK3Y9cwBjv2tQpeiuL,ipfs,Machine Hallucinations - Coral - Artificial Reef by Refik Anadol,animation_url artist artwork_index artwork_name attributes collection_name creator description exhibition_info external_url id image medium metadata_version name provenance royalties timestamp
0x7acc33c09beec2c2636ec7d161e59b0582d78854,machine-hallucinations-coral-artificial-reef-by-re,75000201,False,True,Machine Hallucinations - Coral - Artificial Reef  #201,,none,ipfs://QmZ4eoZHXpnmuE5XH9oJZCYUuWZSrEao8GJT49gBAQdFys,ipfs,ipfs://QmPnBFt6BLciPKmEyHshiZ69ABhTqK3Y9cwBjv2tQpeiuL,ipfs,Machine Hallucinations - Coral - Artificial Reef by Refik Anadol,animation_url artist artwork_index artwork_name attributes collection_name creator description exhibition_info external_url id image medium metadata_version name provenance royalties timestamp
0x7acc33c09beec2c2636ec7d161e59b0582d78854,machine-hallucinations-coral-artificial-reef-by-re,75000315,False,True,Machine Hallucinations - Coral - Artificial Reef  #315,,none,ipfs://QmZ4eoZHXpnmuE5XH9oJZCYUuWZSrEao8GJT49gBAQdFys,ipfs,ipfs://QmPnBFt6BLciPKmEyHshiZ69ABhTqK3Y9cwBjv2tQpeiuL,ipfs,Machine Hallucinations - Coral - Artificial Reef by Refik Anadol,animation_url artist artwork_index artwork_name attributes collection_name creator description exhibition_info external_url id image medium metadata_version name provenance royalties timestamp
0x7acc33c09beec2c2636ec7d161e59b0582d78854,machine-hallucinations-coral-artificial-reef-by-re,75000127,False,True,Machine Hallucinations - Coral - Artificial Reef  #127,,none,ipfs://QmZ4eoZHXpnmuE5XH9oJZCYUuWZSrEao8GJT49gBAQdFys,ipfs,ipfs://QmPnBFt6BLciPKmEyHshiZ69ABhTqK3Y9cwBjv2tQpeiuL,ipfs,Machine Hallucinations - Coral - Artificial Reef by Refik Anadol,animation_url artist artwork_index artwork_name attributes collection_name creator description exhibition_info external_url id image medium metadata_version name provenance royalties timestamp
0x7acc33c09beec2c2636ec7d161e59b0582d78854,machine-hallucinations-coral-artificial-reef-by-re,75000125,False,True,Machine Hallucinations - Coral - Artificial Reef  #125,,none,ipfs://QmZ4eoZHXpnmuE5XH9oJZCYUuWZSrEao8GJT49gBAQdFys,ipfs,ipfs://QmPnBFt6BLciPKmEyHshiZ69ABhTqK3Y9cwBjv2tQpeiuL,ipfs,Machine Hallucinations - Coral - Artificial Reef by Refik Anadol,animation_url artist artwork_index artwork_name attributes collection_name creator description exhibition_info external_url id image medium metadata_version name provenance royalties timestamp
0x7acc33c09beec2c2636ec7d161e59b0582d78854,machine-hallucinations-coral-artificial-reef-by-re,75000215,False,True,Machine Hallucinations - Coral - Artificial Reef  #215,,none,ipfs://QmZ4eoZHXpnmuE5XH9oJZCYUuWZSrEao8GJT49gBAQdFys,ipfs,ipfs://QmPnBFt6BLciPKmEyHshiZ69ABhTqK3Y9cwBjv2tQpeiuL,ipfs,Machine Hallucinations - Coral - Artificial Reef by Refik Anadol,animation_url artist artwork_index artwork_name attributes collection_name creator description exhibition_info external_url id image medium metadata_version name provenance royalties timestamp
0x7acc33c09beec2c2636ec7d161e59b0582d78854,machine-hallucinations-coral-artificial-reef-by-re,75000453,False,True,Machine Hallucinations - Coral - Artificial Reef  #453,,none,ipfs://QmZ4eoZHXpnmuE5XH9oJZCYUuWZSrEao8GJT49gBAQdFys,ipfs,ipfs://QmPnBFt6BLciPKmEyHshiZ69ABhTqK3Y9cwBjv2tQpeiuL,ipfs,Machine Hallucinations - Coral - Artificial Reef by Refik Anadol,animation_url artist artwork_index artwork_name attributes collection_name creator description exhibition_info external_url id image medium metadata_version name provenance royalties timestamp
0x7acc33c09beec2c2636ec7d161e59b0582d78854,machine-hallucinations-coral-artificial-reef-by-re,75000418,False,True,Machine Hallucinations - Coral - Artificial Reef  #418,,none,ipfs://QmZ4eoZHXpnmuE5XH9oJZCYUuWZSrEao8GJT49gBAQdFys,ipfs,ipfs://QmPnBFt6BLciPKmEyHshiZ69ABhTqK3Y9cwBjv2tQpeiuL,ipfs,Machine Hallucinations - Coral - Artificial Reef by Refik Anadol,animation_url artist artwork_index artwork_name attributes collection_name creator description exhibition_info external_url id image medium metadata_version name provenance royalties timestamp
0x7acc33c09beec2c2636ec7d161e59b0582d78854,machine-hallucinations-coral-artificial-reef-by-re,75000374,False,True,Machine Hallucinations - Coral - Artificial Reef  #374,,none,ipfs://QmZ4eoZHXpnmuE5XH9oJZCYUuWZSrEao8GJT49gBAQdFys,ipfs,ipfs://QmPnBFt6BLciPKmEyHshiZ69ABhTqK3Y9cwBjv2tQpeiuL,ipfs,Machine Hallucinations - Coral - Artificial Reef by Refik Anadol,animation_url artist artwork_index artwork_name attributes collection_name creator description exhibition_info external_url id image medium metadata_version name provenance royalties timestamp
0x7acc33c09beec2c2636ec7d161e59b0582d78854,machine-hallucinations-coral-artificial-reef-by-re,75000187,False,True,Machine Hallucinations - Coral - Artificial Reef  #187,,none,ipfs://QmZ4eoZHXpnmuE5XH9oJZCYUuWZSrEao8GJT49gBAQdFys,ipfs,ipfs://QmPnBFt6BLciPKmEyHshiZ69ABhTqK3Y9cwBjv2tQpeiuL,ipfs,Machine Hallucinations - Coral - Artificial Reef by Refik Anadol,animation_url artist artwork_index artwork_name attributes collection_name creator description exhibition_info external_url id image medium metadata_version name provenance royalties timestamp
0x7acc33c09beec2c2636ec7d161e59b0582d78854,machine-hallucinations-coral-artificial-reef-by-re,75000438,False,True,Machine Hallucinations - Coral - Artificial Reef  #438,,none,ipfs://QmZ4eoZHXpnmuE5XH9oJZCYUuWZSrEao8GJT49gBAQdFys,ipfs,ipfs://QmPnBFt6BLciPKmEyHshiZ69ABhTqK3Y9cwBjv2tQpeiuL,ipfs,Machine Hallucinations - Coral - Artificial Reef by Refik Anadol,animation_url artist artwork_index artwork_name attributes collection_name creator description exhibition_info external_url id image medium metadata_version name provenance royalties timestamp
0x7acc33c09beec2c2636ec7d161e59b0582d78854,machine-hallucinations-coral-artificial-reef-by-re,75000111,False,True,Machine Hallucinations - Coral - Artificial Reef  #111,,none,ipfs://QmZ4eoZHXpnmuE5XH9oJZCYUuWZSrEao8GJT49gBAQdFys,ipfs,ipfs://QmPnBFt6BLciPKmEyHshiZ69ABhTqK3Y9cwBjv2tQpeiuL,ipfs,Machine Hallucinations - Coral - Artificial Reef by Refik Anadol,animation_url artist artwork_index artwork_name attributes collection_name creator description exhibition_info external_url id image medium metadata_version name provenance royalties timestamp
0x4ce2b581d96d264294d79d7c25f86b18d3a24d4a,machine-hallucinations-coral-generative-ai-data-pa,70000095,False,True,Machine Hallucinations - Coral -  Generative AI Data Painting A #95,,none,ipfs://QmVDAkNEMkv2mQckbZQRGvRyGQMzUeMjnDPyHSh82ZzPQA,ipfs,ipfs://QmRtEW1oVLbopVtDGPD1fGArFfyP89nq2wjsqa5SgvM2Mm,ipfs,Machine Hallucinations - Coral - Generative AI Data Painting by Refik Anadol,animation_url artist artwork_index artwork_name attributes collection_name creator description exhibition_info external_url id image medium metadata_version name provenance royalties timestamp
0x4ce2b581d96d264294d79d7c25f86b18d3a24d4a,machine-hallucinations-coral-generative-ai-data-pa,70000098,False,True,Machine Hallucinations - Coral -  Generative AI Data Painting A #98,,none,ipfs://QmVDAkNEMkv2mQckbZQRGvRyGQMzUeMjnDPyHSh82ZzPQA,ipfs,ipfs://QmRtEW1oVLbopVtDGPD1fGArFfyP89nq2wjsqa5SgvM2Mm,ipfs,Machine Hallucinations - Coral - Generative AI Data Painting by Refik Anadol,animation_url artist artwork_index artwork_name attributes collection_name creator description exhibition_info external_url id image medium metadata_version name provenance royalties timestamp
0x4ce2b581d96d264294d79d7c25f86b18d3a24d4a,machine-hallucinations-coral-generative-ai-data-pa,70000096,False,True,Machine Hallucinations - Coral -  Generative AI Data Painting A #96,,none,ipfs://QmVDAkNEMkv2mQckbZQRGvRyGQMzUeMjnDPyHSh82ZzPQA,ipfs,ipfs://QmRtEW1oVLbopVtDGPD1fGArFfyP89nq2wjsqa5SgvM2Mm,ipfs,Machine Hallucinations - Coral - Generative AI Data Painting by Refik Anadol,animation_url artist artwork_index artwork_name attributes collection_name creator description exhibition_info external_url id image medium metadata_version name provenance royalties timestamp
0x4ce2b581d96d264294d79d7c25f86b18d3a24d4a,machine-hallucinations-coral-generative-ai-data-pa,70000097,False,True,Machine Hallucinations - Coral -  Generative AI Data Painting A #97,,none,ipfs://QmVDAkNEMkv2mQckbZQRGvRyGQMzUeMjnDPyHSh82ZzPQA,ipfs,ipfs://QmRtEW1oVLbopVtDGPD1fGArFfyP89nq2wjsqa5SgvM2Mm,ipfs,Machine Hallucinations - Coral - Generative AI Data Painting by Refik Anadol,animation_url artist artwork_index artwork_name attributes collection_name creator description exhibition_info external_url id image medium metadata_version name provenance royalties timestamp
0x4ce2b581d96d264294d79d7c25f86b18d3a24d4a,machine-hallucinations-coral-generative-ai-data-pa,70000094,False,True,Machine Hallucinations - Coral -  Generative AI Data Painting A #94,,none,ipfs://QmVDAkNEMkv2mQckbZQRGvRyGQMzUeMjnDPyHSh82ZzPQA,ipfs,ipfs://QmRtEW1oVLbopVtDGPD1fGArFfyP89nq2wjsqa5SgvM2Mm,ipfs,Machine Hallucinations - Coral - Generative AI Data Painting by Refik Anadol,animation_url artist artwork_index artwork_name attributes collection_name creator description exhibition_info external_url id image medium metadata_version name provenance royalties timestamp
0x4ce2b581d96d264294d79d7c25f86b18d3a24d4a,machine-hallucinations-coral-generative-ai-data-pa,72000092,False,True,Machine Hallucinations - Coral - Generative AI Data Painting C #92,,none,ipfs://QmNaRLfuD9b4mrVtN1TVEeioNGCodeD4fVV81MHBnCJShN,ipfs,ipfs://QmXbNcwC83X1HWy9rth9XDGefXMpAefFsG9EkhKEUWhEXs,ipfs,Machine Hallucinations - Coral - Generative AI Data Painting by Refik Anadol,animation_url artist artwork_index artwork_name attributes collection_name creator description exhibition_info external_url id image medium metadata_version name provenance royalties timestamp
0x4ce2b581d96d264294d79d7c25f86b18d3a24d4a,machine-hallucinations-coral-generative-ai-data-pa,71000098,False,True,Machine Hallucinations - Coral - Generative AI Data Painting B #98,,none,ipfs://QmeDqPaspKuwuF7HFFx4p1Z33N5FzjshZ9ZJJTYm3zRzTt,ipfs,ipfs://QmbnkKwFLepusEioKCbnFXtvC2EZr4gqzb76GZpjZQM8Sv,ipfs,Machine Hallucinations - Coral - Generative AI Data Painting by Refik Anadol,animation_url artist artwork_index artwork_name attributes collection_name creator description exhibition_info external_url id image medium metadata_version name provenance royalties timestamp
0x4ce2b581d96d264294d79d7c25f86b18d3a24d4a,machine-hallucinations-coral-generative-ai-data-pa,71000069,False,True,Machine Hallucinations - Coral - Generative AI Data Painting B #69,,none,ipfs://QmeDqPaspKuwuF7HFFx4p1Z33N5FzjshZ9ZJJTYm3zRzTt,ipfs,ipfs://QmbnkKwFLepusEioKCbnFXtvC2EZr4gqzb76GZpjZQM8Sv,ipfs,Machine Hallucinations - Coral - Generative AI Data Painting by Refik Anadol,animation_url artist artwork_index artwork_name attributes collection_name creator description exhibition_info external_url id image medium metadata_version name provenance royalties timestamp
0x4ce2b581d96d264294d79d7c25f86b18d3a24d4a,machine-hallucinations-coral-generative-ai-data-pa,71000097,False,True,Machine Hallucinations - Coral - Generative AI Data Painting B #97,,none,ipfs://QmeDqPaspKuwuF7HFFx4p1Z33N5FzjshZ9ZJJTYm3zRzTt,ipfs,ipfs://QmbnkKwFLepusEioKCbnFXtvC2EZr4gqzb76GZpjZQM8Sv,ipfs,Machine Hallucinations - Coral - Generative AI Data Painting by Refik Anadol,animation_url artist artwork_index artwork_name attributes collection_name creator description exhibition_info external_url id image medium metadata_version name provenance royalties timestamp
0x4ce2b581d96d264294d79d7c25f86b18d3a24d4a,machine-hallucinations-coral-generative-ai-data-pa,72000091,False,True,Machine Hallucinations - Coral - Generative AI Data Painting C #91,,none,ipfs://QmNaRLfuD9b4mrVtN1TVEeioNGCodeD4fVV81MHBnCJShN,ipfs,ipfs://QmXbNcwC83X1HWy9rth9XDGefXMpAefFsG9EkhKEUWhEXs,ipfs,Machine Hallucinations - Coral - Generative AI Data Painting by Refik Anadol,animation_url artist artwork_index artwork_name attributes collection_name creator description exhibition_info external_url id image medium metadata_version name provenance royalties timestamp
0x4ce2b581d96d264294d79d7c25f86b18d3a24d4a,machine-hallucinations-coral-generative-ai-data-pa,72000093,False,True,Machine Hallucinations - Coral - Generative AI Data Painting C #93,,none,ipfs://QmNaRLfuD9b4mrVtN1TVEeioNGCodeD4fVV81MHBnCJShN,ipfs,ipfs://QmXbNcwC83X1HWy9rth9XDGefXMpAefFsG9EkhKEUWhEXs,ipfs,Machine Hallucinations - Coral - Generative AI Data Painting by Refik Anadol,animation_url artist artwork_index artwork_name attributes collection_name creator description exhibition_info external_url id image medium metadata_version name provenance royalties timestamp
0x4ce2b581d96d264294d79d7c25f86b18d3a24d4a,machine-hallucinations-coral-generative-ai-data-pa,72000094,False,True,Machine Hallucinations - Coral - Generative AI Data Painting C #94,,none,ipfs://QmNaRLfuD9b4mrVtN1TVEeioNGCodeD4fVV81MHBnCJShN,ipfs,ipfs://QmXbNcwC83X1HWy9rth9XDGefXMpAefFsG9EkhKEUWhEXs,ipfs,Machine Hallucinations - Coral - Generative AI Data Painting by Refik Anadol,animation_url artist artwork_index artwork_name attributes collection_name creator description exhibition_info external_url id image medium metadata_version name provenance royalties timestamp
0x4ce2b581d96d264294d79d7c25f86b18d3a24d4a,machine-hallucinations-coral-generative-ai-data-pa,71000075,False,True,Machine Hallucinations - Coral - Generative AI Data Painting B #75,,none,ipfs://QmeDqPaspKuwuF7HFFx4p1Z33N5FzjshZ9ZJJTYm3zRzTt,ipfs,ipfs://QmbnkKwFLepusEioKCbnFXtvC2EZr4gqzb76GZpjZQM8Sv,ipfs,Machine Hallucinations - Coral - Generative AI Data Painting by Refik Anadol,animation_url artist artwork_index artwork_name attributes collection_name creator description exhibition_info external_url id image medium metadata_version name provenance royalties timestamp
0x4ce2b581d96d264294d79d7c25f86b18d3a24d4a,machine-hallucinations-coral-generative-ai-data-pa,72000089,False,True,Machine Hallucinations - Coral - Generative AI Data Painting C #89,,none,ipfs://QmNaRLfuD9b4mrVtN1TVEeioNGCodeD4fVV81MHBnCJShN,ipfs,ipfs://QmXbNcwC83X1HWy9rth9XDGefXMpAefFsG9EkhKEUWhEXs,ipfs,Machine Hallucinations - Coral - Generative AI Data Painting by Refik Anadol,animation_url artist artwork_index artwork_name attributes collection_name creator description exhibition_info external_url id image medium metadata_version name provenance royalties timestamp
0x4ce2b581d96d264294d79d7c25f86b18d3a24d4a,machine-hallucinations-coral-generative-ai-data-pa,73000091,False,True,Machine Hallucinations - Coral - Generative AI Data Painting D #91,,none,ipfs://QmPiYf5tM2izo5r65hgozRQkWtjV6rPVWr3RkoMj9Gadsv,ipfs,ipfs://QmWYTnAnivU4mjj1hkSyRpj2SH43SSi9ZqiyuV8VD4FpJH,ipfs,Machine Hallucinations - Coral - Generative AI Data Painting by Refik Anadol,animation_url artist artwork_index artwork_name attributes collection_name creator description exhibition_info external_url id image medium metadata_version name provenance royalties timestamp
0x4ce2b581d96d264294d79d7c25f86b18d3a24d4a,machine-hallucinations-coral-generative-ai-data-pa,73000090,False,True,Machine Hallucinations - Coral - Generative AI Data Painting D #90,,none,ipfs://QmPiYf5tM2izo5r65hgozRQkWtjV6rPVWr3RkoMj9Gadsv,ipfs,ipfs://QmWYTnAnivU4mjj1hkSyRpj2SH43SSi9ZqiyuV8VD4FpJH,ipfs,Machine Hallucinations - Coral - Generative AI Data Painting by Refik Anadol,animation_url artist artwork_index artwork_name attributes collection_name creator description exhibition_info external_url id image medium metadata_version name provenance royalties timestamp
0x4ce2b581d96d264294d79d7c25f86b18d3a24d4a,machine-hallucinations-coral-generative-ai-data-pa,73000088,False,True,Machine Hallucinations - Coral - Generative AI Data Painting D #88,,none,ipfs://QmPiYf5tM2izo5r65hgozRQkWtjV6rPVWr3RkoMj9Gadsv,ipfs,ipfs://QmWYTnAnivU4mjj1hkSyRpj2SH43SSi9ZqiyuV8VD4FpJH,ipfs,Machine Hallucinations - Coral - Generative AI Data Painting by Refik Anadol,animation_url artist artwork_index artwork_name attributes collection_name creator description exhibition_info external_url id image medium metadata_version name provenance royalties timestamp
0x4ce2b581d96d264294d79d7c25f86b18d3a24d4a,machine-hallucinations-coral-generative-ai-data-pa,73000089,False,True,Machine Hallucinations - Coral - Generative AI Data Painting D #89,,none,ipfs://QmPiYf5tM2izo5r65hgozRQkWtjV6rPVWr3RkoMj9Gadsv,ipfs,ipfs://QmWYTnAnivU4mjj1hkSyRpj2SH43SSi9ZqiyuV8VD4FpJH,ipfs,Machine Hallucinations - Coral - Generative AI Data Painting by Refik Anadol,animation_url artist artwork_index artwork_name attributes collection_name creator description exhibition_info external_url id image medium metadata_version name provenance royalties timestamp
0x4ce2b581d96d264294d79d7c25f86b18d3a24d4a,machine-hallucinations-coral-generative-ai-data-pa,74000086,False,True,Machine Hallucinations - Coral - Generative AI Data Painting E #86,,none,ipfs://QmVwc4cV9NiXL9DjXv9AftxLv8sEDK8JoefHkRWyLnMRJb,ipfs,ipfs://QmYQGSKeTtE1K9NRanuVwZ5KV4UzUCUfBPFhv4UV1aaTQ2,ipfs,Machine Hallucinations - Coral - Generative AI Data Painting by Refik Anadol,animation_url artist artwork_index artwork_name attributes collection_name creator description exhibition_info external_url id image medium metadata_version name provenance royalties timestamp
0x4ce2b581d96d264294d79d7c25f86b18d3a24d4a,machine-hallucinations-coral-generative-ai-data-pa,74000089,False,True,Machine Hallucinations - Coral - Generative AI Data Painting E #89,,none,ipfs://QmVwc4cV9NiXL9DjXv9AftxLv8sEDK8JoefHkRWyLnMRJb,ipfs,ipfs://QmYQGSKeTtE1K9NRanuVwZ5KV4UzUCUfBPFhv4UV1aaTQ2,ipfs,Machine Hallucinations - Coral - Generative AI Data Painting by Refik Anadol,animation_url artist artwork_index artwork_name attributes collection_name creator description exhibition_info external_url id image medium metadata_version name provenance royalties timestamp
0x4ce2b581d96d264294d79d7c25f86b18d3a24d4a,machine-hallucinations-coral-generative-ai-data-pa,73000093,False,True,Machine Hallucinations - Coral - Generative AI Data Painting D #93,,none,ipfs://QmPiYf5tM2izo5r65hgozRQkWtjV6rPVWr3RkoMj9Gadsv,ipfs,ipfs://QmWYTnAnivU4mjj1hkSyRpj2SH43SSi9ZqiyuV8VD4FpJH,ipfs,Machine Hallucinations - Coral - Generative AI Data Painting by Refik Anadol,animation_url artist artwork_index artwork_name attributes collection_name creator description exhibition_info external_url id image medium metadata_version name provenance royalties timestamp
0x4ce2b581d96d264294d79d7c25f86b18d3a24d4a,machine-hallucinations-coral-generative-ai-data-pa,74000087,False,True,Machine Hallucinations - Coral - Generative AI Data Painting E #87,,none,ipfs://QmVwc4cV9NiXL9DjXv9AftxLv8sEDK8JoefHkRWyLnMRJb,ipfs,ipfs://QmYQGSKeTtE1K9NRanuVwZ5KV4UzUCUfBPFhv4UV1aaTQ2,ipfs,Machine Hallucinations - Coral - Generative AI Data Painting by Refik Anadol,animation_url artist artwork_index artwork_name attributes collection_name creator description exhibition_info external_url id image medium metadata_version name provenance royalties timestamp
0x4ce2b581d96d264294d79d7c25f86b18d3a24d4a,machine-hallucinations-coral-generative-ai-data-pa,74000088,False,True,Machine Hallucinations - Coral - Generative AI Data Painting E #88,,none,ipfs://QmVwc4cV9NiXL9DjXv9AftxLv8sEDK8JoefHkRWyLnMRJb,ipfs,ipfs://QmYQGSKeTtE1K9NRanuVwZ5KV4UzUCUfBPFhv4UV1aaTQ2,ipfs,Machine Hallucinations - Coral - Generative AI Data Painting by Refik Anadol,animation_url artist artwork_index artwork_name attributes collection_name creator description exhibition_info external_url id image medium metadata_version name provenance royalties timestamp
0x4ce2b581d96d264294d79d7c25f86b18d3a24d4a,machine-hallucinations-coral-generative-ai-data-pa,74000090,False,True,Machine Hallucinations - Coral - Generative AI Data Painting E #90,,none,ipfs://QmVwc4cV9NiXL9DjXv9AftxLv8sEDK8JoefHkRWyLnMRJb,ipfs,ipfs://QmYQGSKeTtE1K9NRanuVwZ5KV4UzUCUfBPFhv4UV1aaTQ2,ipfs,Machine Hallucinations - Coral - Generative AI Data Painting by Refik Anadol,animation_url artist artwork_index artwork_name attributes collection_name creator description exhibition_info external_url id image medium metadata_version name provenance royalties timestamp
0x4ce2b581d96d264294d79d7c25f86b18d3a24d4a,machine-hallucinations-coral-generative-ai-data-pa,71000096,False,True,Machine Hallucinations - Coral - Generative AI Data Painting B #96,,none,ipfs://QmeDqPaspKuwuF7HFFx4p1Z33N5FzjshZ9ZJJTYm3zRzTt,ipfs,ipfs://QmbnkKwFLepusEioKCbnFXtvC2EZr4gqzb76GZpjZQM8Sv,ipfs,Machine Hallucinations - Coral - Generative AI Data Painting by Refik Anadol,animation_url artist artwork_index artwork_name attributes collection_name creator description exhibition_info external_url id image medium metadata_version name provenance royalties timestamp
0x4ce2b581d96d264294d79d7c25f86b18d3a24d4a,machine-hallucinations-coral-generative-ai-data-pa,73000067,False,True,Machine Hallucinations - Coral - Generative AI Data Painting D #67,,none,ipfs://QmPiYf5tM2izo5r65hgozRQkWtjV6rPVWr3RkoMj9Gadsv,ipfs,ipfs://QmWYTnAnivU4mjj1hkSyRpj2SH43SSi9ZqiyuV8VD4FpJH,ipfs,Machine Hallucinations - Coral - Generative AI Data Painting by Refik Anadol,animation_url artist artwork_index artwork_name attributes collection_name creator description exhibition_info external_url id image medium metadata_version name provenance royalties timestamp
0x4ce2b581d96d264294d79d7c25f86b18d3a24d4a,machine-hallucinations-coral-generative-ai-data-pa,73000081,False,True,Machine Hallucinations - Coral - Generative AI Data Painting D #81,,none,ipfs://QmPiYf5tM2izo5r65hgozRQkWtjV6rPVWr3RkoMj9Gadsv,ipfs,ipfs://QmWYTnAnivU4mjj1hkSyRpj2SH43SSi9ZqiyuV8VD4FpJH,ipfs,Machine Hallucinations - Coral - Generative AI Data Painting by Refik Anadol,animation_url artist artwork_index artwork_name attributes collection_name creator description exhibition_info external_url id image medium metadata_version name provenance royalties timestamp
0x4ce2b581d96d264294d79d7c25f86b18d3a24d4a,machine-hallucinations-coral-generative-ai-data-pa,73000055,False,True,Machine Hallucinations - Coral - Generative AI Data Painting D #55,,none,ipfs://QmPiYf5tM2izo5r65hgozRQkWtjV6rPVWr3RkoMj9Gadsv,ipfs,ipfs://QmWYTnAnivU4mjj1hkSyRpj2SH43SSi9ZqiyuV8VD4FpJH,ipfs,Machine Hallucinations - Coral - Generative AI Data Painting by Refik Anadol,animation_url artist artwork_index artwork_name attributes collection_name creator description exhibition_info external_url id image medium metadata_version name provenance royalties timestamp
0x4ce2b581d96d264294d79d7c25f86b18d3a24d4a,machine-hallucinations-coral-generative-ai-data-pa,72000047,False,True,Machine Hallucinations - Coral - Generative AI Data Painting C #47,,none,ipfs://QmNaRLfuD9b4mrVtN1TVEeioNGCodeD4fVV81MHBnCJShN,ipfs,ipfs://QmXbNcwC83X1HWy9rth9XDGefXMpAefFsG9EkhKEUWhEXs,ipfs,Machine Hallucinations - Coral - Generative AI Data Painting by Refik Anadol,animation_url artist artwork_index artwork_name attributes collection_name creator description exhibition_info external_url id image medium metadata_version name provenance royalties timestamp
0x4ce2b581d96d264294d79d7c25f86b18d3a24d4a,machine-hallucinations-coral-generative-ai-data-pa,70000044,False,True,Machine Hallucinations - Coral -  Generative AI Data Painting A #44,,none,ipfs://QmVDAkNEMkv2mQckbZQRGvRyGQMzUeMjnDPyHSh82ZzPQA,ipfs,ipfs://QmRtEW1oVLbopVtDGPD1fGArFfyP89nq2wjsqa5SgvM2Mm,ipfs,Machine Hallucinations - Coral - Generative AI Data Painting by Refik Anadol,animation_url artist artwork_index artwork_name attributes collection_name creator description exhibition_info external_url id image medium metadata_version name provenance royalties timestamp
0x4ce2b581d96d264294d79d7c25f86b18d3a24d4a,machine-hallucinations-coral-generative-ai-data-pa,71000055,False,True,Machine Hallucinations - Coral - Generative AI Data Painting B #55,,none,ipfs://QmeDqPaspKuwuF7HFFx4p1Z33N5FzjshZ9ZJJTYm3zRzTt,ipfs,ipfs://QmbnkKwFLepusEioKCbnFXtvC2EZr4gqzb76GZpjZQM8Sv,ipfs,Machine Hallucinations - Coral - Generative AI Data Painting by Refik Anadol,animation_url artist artwork_index artwork_name attributes collection_name creator description exhibition_info external_url id image medium metadata_version name provenance royalties timestamp
0x4ce2b581d96d264294d79d7c25f86b18d3a24d4a,machine-hallucinations-coral-generative-ai-data-pa,73000024,False,True,Machine Hallucinations - Coral - Generative AI Data Painting D #24,,none,ipfs://QmPiYf5tM2izo5r65hgozRQkWtjV6rPVWr3RkoMj9Gadsv,ipfs,ipfs://QmWYTnAnivU4mjj1hkSyRpj2SH43SSi9ZqiyuV8VD4FpJH,ipfs,Machine Hallucinations - Coral - Generative AI Data Painting by Refik Anadol,animation_url artist artwork_index artwork_name attributes collection_name creator description exhibition_info external_url id image medium metadata_version name provenance royalties timestamp
0x4ce2b581d96d264294d79d7c25f86b18d3a24d4a,machine-hallucinations-coral-generative-ai-data-pa,74000062,False,True,Machine Hallucinations - Coral - Generative AI Data Painting E #62,,none,ipfs://QmVwc4cV9NiXL9DjXv9AftxLv8sEDK8JoefHkRWyLnMRJb,ipfs,ipfs://QmYQGSKeTtE1K9NRanuVwZ5KV4UzUCUfBPFhv4UV1aaTQ2,ipfs,Machine Hallucinations - Coral - Generative AI Data Painting by Refik Anadol,animation_url artist artwork_index artwork_name attributes collection_name creator description exhibition_info external_url id image medium metadata_version name provenance royalties timestamp
0x4ce2b581d96d264294d79d7c25f86b18d3a24d4a,machine-hallucinations-coral-generative-ai-data-pa,72000078,False,True,Machine Hallucinations - Coral - Generative AI Data Painting C #78,,none,ipfs://QmNaRLfuD9b4mrVtN1TVEeioNGCodeD4fVV81MHBnCJShN,ipfs,ipfs://QmXbNcwC83X1HWy9rth9XDGefXMpAefFsG9EkhKEUWhEXs,ipfs,Machine Hallucinations - Coral - Generative AI Data Painting by Refik Anadol,animation_url artist artwork_index artwork_name attributes collection_name creator description exhibition_info external_url id image medium metadata_version name provenance royalties timestamp
0x4ce2b581d96d264294d79d7c25f86b18d3a24d4a,machine-hallucinations-coral-generative-ai-data-pa,73000080,False,True,Machine Hallucinations - Coral - Generative AI Data Painting D #80,,none,ipfs://QmPiYf5tM2izo5r65hgozRQkWtjV6rPVWr3RkoMj9Gadsv,ipfs,ipfs://QmWYTnAnivU4mjj1hkSyRpj2SH43SSi9ZqiyuV8VD4FpJH,ipfs,Machine Hallucinations - Coral - Generative AI Data Painting by Refik Anadol,animation_url artist artwork_index artwork_name attributes collection_name creator description exhibition_info external_url id image medium metadata_version name provenance royalties timestamp
0x4ce2b581d96d264294d79d7c25f86b18d3a24d4a,machine-hallucinations-coral-generative-ai-data-pa,74000057,False,True,Machine Hallucinations - Coral - Generative AI Data Painting E #57,,none,ipfs://QmVwc4cV9NiXL9DjXv9AftxLv8sEDK8JoefHkRWyLnMRJb,ipfs,ipfs://QmYQGSKeTtE1K9NRanuVwZ5KV4UzUCUfBPFhv4UV1aaTQ2,ipfs,Machine Hallucinations - Coral - Generative AI Data Painting by Refik Anadol,animation_url artist artwork_index artwork_name attributes collection_name creator description exhibition_info external_url id image medium metadata_version name provenance royalties timestamp
0x4ce2b581d96d264294d79d7c25f86b18d3a24d4a,machine-hallucinations-coral-generative-ai-data-pa,70000076,False,True,Machine Hallucinations - Coral -  Generative AI Data Painting A #76,,none,ipfs://QmVDAkNEMkv2mQckbZQRGvRyGQMzUeMjnDPyHSh82ZzPQA,ipfs,ipfs://QmRtEW1oVLbopVtDGPD1fGArFfyP89nq2wjsqa5SgvM2Mm,ipfs,Machine Hallucinations - Coral - Generative AI Data Painting by Refik Anadol,animation_url artist artwork_index artwork_name attributes collection_name creator description exhibition_info external_url id image medium metadata_version name provenance royalties timestamp
0x4ce2b581d96d264294d79d7c25f86b18d3a24d4a,machine-hallucinations-coral-generative-ai-data-pa,70000051,False,True,Machine Hallucinations - Coral -  Generative AI Data Painting A #51,,none,ipfs://QmVDAkNEMkv2mQckbZQRGvRyGQMzUeMjnDPyHSh82ZzPQA,ipfs,ipfs://QmRtEW1oVLbopVtDGPD1fGArFfyP89nq2wjsqa5SgvM2Mm,ipfs,Machine Hallucinations - Coral - Generative AI Data Painting by Refik Anadol,animation_url artist artwork_index artwork_name attributes collection_name creator description exhibition_info external_url id image medium metadata_version name provenance royalties timestamp
0x4ce2b581d96d264294d79d7c25f86b18d3a24d4a,machine-hallucinations-coral-generative-ai-data-pa,74000064,False,True,Machine Hallucinations - Coral - Generative AI Data Painting E #64,,none,ipfs://QmVwc4cV9NiXL9DjXv9AftxLv8sEDK8JoefHkRWyLnMRJb,ipfs,ipfs://QmYQGSKeTtE1K9NRanuVwZ5KV4UzUCUfBPFhv4UV1aaTQ2,ipfs,Machine Hallucinations - Coral - Generative AI Data Painting by Refik Anadol,animation_url artist artwork_index artwork_name attributes collection_name creator description exhibition_info external_url id image medium metadata_version name provenance royalties timestamp
0x4ce2b581d96d264294d79d7c25f86b18d3a24d4a,machine-hallucinations-coral-generative-ai-data-pa,72000052,False,True,Machine Hallucinations - Coral - Generative AI Data Painting C #52,,none,ipfs://QmNaRLfuD9b4mrVtN1TVEeioNGCodeD4fVV81MHBnCJShN,ipfs,ipfs://QmXbNcwC83X1HWy9rth9XDGefXMpAefFsG9EkhKEUWhEXs,ipfs,Machine Hallucinations - Coral - Generative AI Data Painting by Refik Anadol,animation_url artist artwork_index artwork_name attributes collection_name creator description exhibition_info external_url id image medium metadata_version name provenance royalties timestamp
0x4ce2b581d96d264294d79d7c25f86b18d3a24d4a,machine-hallucinations-coral-generative-ai-data-pa,73000023,False,True,Machine Hallucinations - Coral - Generative AI Data Painting D #23,,none,ipfs://QmPiYf5tM2izo5r65hgozRQkWtjV6rPVWr3RkoMj9Gadsv,ipfs,ipfs://QmWYTnAnivU4mjj1hkSyRpj2SH43SSi9ZqiyuV8VD4FpJH,ipfs,Machine Hallucinations - Coral - Generative AI Data Painting by Refik Anadol,animation_url artist artwork_index artwork_name attributes collection_name creator description exhibition_info external_url id image medium metadata_version name provenance royalties timestamp
0x4ce2b581d96d264294d79d7c25f86b18d3a24d4a,machine-hallucinations-coral-generative-ai-data-pa,74000027,False,True,Machine Hallucinations - Coral - Generative AI Data Painting E #27,,none,ipfs://QmVwc4cV9NiXL9DjXv9AftxLv8sEDK8JoefHkRWyLnMRJb,ipfs,ipfs://QmYQGSKeTtE1K9NRanuVwZ5KV4UzUCUfBPFhv4UV1aaTQ2,ipfs,Machine Hallucinations - Coral - Generative AI Data Painting by Refik Anadol,animation_url artist artwork_index artwork_name attributes collection_name creator description exhibition_info external_url id image medium metadata_version name provenance royalties timestamp
0x4ce2b581d96d264294d79d7c25f86b18d3a24d4a,machine-hallucinations-coral-generative-ai-data-pa,73000034,False,True,Machine Hallucinations - Coral - Generative AI Data Painting D #34,,none,ipfs://QmPiYf5tM2izo5r65hgozRQkWtjV6rPVWr3RkoMj9Gadsv,ipfs,ipfs://QmWYTnAnivU4mjj1hkSyRpj2SH43SSi9ZqiyuV8VD4FpJH,ipfs,Machine Hallucinations - Coral - Generative AI Data Painting by Refik Anadol,animation_url artist artwork_index artwork_name attributes collection_name creator description exhibition_info external_url id image medium metadata_version name provenance royalties timestamp
0x4ce2b581d96d264294d79d7c25f86b18d3a24d4a,machine-hallucinations-coral-generative-ai-data-pa,70000053,False,True,Machine Hallucinations - Coral -  Generative AI Data Painting A #53,,none,ipfs://QmVDAkNEMkv2mQckbZQRGvRyGQMzUeMjnDPyHSh82ZzPQA,ipfs,ipfs://QmRtEW1oVLbopVtDGPD1fGArFfyP89nq2wjsqa5SgvM2Mm,ipfs,Machine Hallucinations - Coral - Generative AI Data Painting by Refik Anadol,animation_url artist artwork_index artwork_name attributes collection_name creator description exhibition_info external_url id image medium metadata_version name provenance royalties timestamp
0x4ce2b581d96d264294d79d7c25f86b18d3a24d4a,machine-hallucinations-coral-generative-ai-data-pa,71000056,False,True,Machine Hallucinations - Coral - Generative AI Data Painting B #56,,none,ipfs://QmeDqPaspKuwuF7HFFx4p1Z33N5FzjshZ9ZJJTYm3zRzTt,ipfs,ipfs://QmbnkKwFLepusEioKCbnFXtvC2EZr4gqzb76GZpjZQM8Sv,ipfs,Machine Hallucinations - Coral - Generative AI Data Painting by Refik Anadol,animation_url artist artwork_index artwork_name attributes collection_name creator description exhibition_info external_url id image medium metadata_version name provenance royalties timestamp
0x4ce2b581d96d264294d79d7c25f86b18d3a24d4a,machine-hallucinations-coral-generative-ai-data-pa,72000090,False,True,Machine Hallucinations - Coral - Generative AI Data Painting C #90,,none,ipfs://QmNaRLfuD9b4mrVtN1TVEeioNGCodeD4fVV81MHBnCJShN,ipfs,ipfs://QmXbNcwC83X1HWy9rth9XDGefXMpAefFsG9EkhKEUWhEXs,ipfs,Machine Hallucinations - Coral - Generative AI Data Painting by Refik Anadol,animation_url artist artwork_index artwork_name attributes collection_name creator description exhibition_info external_url id image medium metadata_version name provenance royalties timestamp
0x4ce2b581d96d264294d79d7c25f86b18d3a24d4a,machine-hallucinations-coral-generative-ai-data-pa,72000032,False,True,Machine Hallucinations - Coral - Generative AI Data Painting C #32,,none,ipfs://QmNaRLfuD9b4mrVtN1TVEeioNGCodeD4fVV81MHBnCJShN,ipfs,ipfs://QmXbNcwC83X1HWy9rth9XDGefXMpAefFsG9EkhKEUWhEXs,ipfs,Machine Hallucinations - Coral - Generative AI Data Painting by Refik Anadol,animation_url artist artwork_index artwork_name attributes collection_name creator description exhibition_info external_url id image medium metadata_version name provenance royalties timestamp
0x4ce2b581d96d264294d79d7c25f86b18d3a24d4a,machine-hallucinations-coral-generative-ai-data-pa,70000068,False,True,Machine Hallucinations - Coral -  Generative AI Data Painting A #68,,none,ipfs://QmVDAkNEMkv2mQckbZQRGvRyGQMzUeMjnDPyHSh82ZzPQA,ipfs,ipfs://QmRtEW1oVLbopVtDGPD1fGArFfyP89nq2wjsqa5SgvM2Mm,ipfs,Machine Hallucinations - Coral - Generative AI Data Painting by Refik Anadol,animation_url artist artwork_index artwork_name attributes collection_name creator description exhibition_info external_url id image medium metadata_version name provenance royalties timestamp
0x4ce2b581d96d264294d79d7c25f86b18d3a24d4a,machine-hallucinations-coral-generative-ai-data-pa,70000093,False,True,Machine Hallucinations - Coral -  Generative AI Data Painting A #93,,none,ipfs://QmVDAkNEMkv2mQckbZQRGvRyGQMzUeMjnDPyHSh82ZzPQA,ipfs,ipfs://QmRtEW1oVLbopVtDGPD1fGArFfyP89nq2wjsqa5SgvM2Mm,ipfs,Machine Hallucinations - Coral - Generative AI Data Painting by Refik Anadol,animation_url artist artwork_index artwork_name attributes collection_name creator description exhibition_info external_url id image medium metadata_version name provenance royalties timestamp
0x4ce2b581d96d264294d79d7c25f86b18d3a24d4a,machine-hallucinations-coral-generative-ai-data-pa,73000082,False,True,Machine Hallucinations - Coral - Generative AI Data Painting D #82,,none,ipfs://QmPiYf5tM2izo5r65hgozRQkWtjV6rPVWr3RkoMj9Gadsv,ipfs,ipfs://QmWYTnAnivU4mjj1hkSyRpj2SH43SSi9ZqiyuV8VD4FpJH,ipfs,Machine Hallucinations - Coral - Generative AI Data Painting by Refik Anadol,animation_url artist artwork_index artwork_name attributes collection_name creator description exhibition_info external_url id image medium metadata_version name provenance royalties timestamp
0x4ce2b581d96d264294d79d7c25f86b18d3a24d4a,machine-hallucinations-coral-generative-ai-data-pa,71000032,False,True,Machine Hallucinations - Coral - Generative AI Data Painting B #32,,none,ipfs://QmeDqPaspKuwuF7HFFx4p1Z33N5FzjshZ9ZJJTYm3zRzTt,ipfs,ipfs://QmbnkKwFLepusEioKCbnFXtvC2EZr4gqzb76GZpjZQM8Sv,ipfs,Machine Hallucinations - Coral - Generative AI Data Painting by Refik Anadol,animation_url artist artwork_index artwork_name attributes collection_name creator description exhibition_info external_url id image medium metadata_version name provenance royalties timestamp
0x4ce2b581d96d264294d79d7c25f86b18d3a24d4a,machine-hallucinations-coral-generative-ai-data-pa,74000031,False,True,Machine Hallucinations - Coral - Generative AI Data Painting E #31,,none,ipfs://QmVwc4cV9NiXL9DjXv9AftxLv8sEDK8JoefHkRWyLnMRJb,ipfs,ipfs://QmYQGSKeTtE1K9NRanuVwZ5KV4UzUCUfBPFhv4UV1aaTQ2,ipfs,Machine Hallucinations - Coral - Generative AI Data Painting by Refik Anadol,animation_url artist artwork_index artwork_name attributes collection_name creator description exhibition_info external_url id image medium metadata_version name provenance royalties timestamp
0x4ce2b581d96d264294d79d7c25f86b18d3a24d4a,machine-hallucinations-coral-generative-ai-data-pa,72000003,False,True,Machine Hallucinations - Coral - Generative AI Data Painting C #3,,none,ipfs://QmNaRLfuD9b4mrVtN1TVEeioNGCodeD4fVV81MHBnCJShN,ipfs,ipfs://QmXbNcwC83X1HWy9rth9XDGefXMpAefFsG9EkhKEUWhEXs,ipfs,Machine Hallucinations - Coral - Generative AI Data Painting by Refik Anadol,animation_url artist artwork_index artwork_name attributes collection_name creator description exhibition_info external_url id image medium metadata_version name provenance royalties timestamp
0x6b7f2e36f2c4044d8a87b66beac7aff59460030c,self-contained,4,False,True,self-contained 009.5,,none,ipfs://Qmd1DNNkeFdxxEFG3hbaKuzA9hr1P4fPgLvLDv2JXSfAXE,ipfs,ipfs://QmSGjCYAY1GGY6yEAsRAwKUXQDvcPjuWJ3TQUEbXSXUs8q,ipfs,self-contained by Entangled Others,access_artwork_files animation_url artist artwork_index artwork_name collection_name creator description external_url id image medium metadata_version name royalties symbols timestamp
0xb1676ce832c0d47a39f79db7ad8698fcbd38cbb4,social-sacrifice-by-drift,104000008,False,True,Social Sacrifice #8,,none,ipfs://QmNqd94b7cCLqzDmruP5rREvaJBm4kUrk1jcJiqKKQFPYv,ipfs,ipfs://QmSX9Aa6H8yYHSTARPVHGm7o6qRzkm2jHid3iwaUrR9FPL,ipfs,Social Sacrifice by DRIFT,animation_url artist artwork_index artwork_name attributes collection_name creator description exhibition_info external_url id image medium metadata_version name provenance royalties timestamp
0xbcb540b58e4e2b0e41e68b26b9dceab4e3b4c993,take-over-miami,22,False,True,Take Over Miami #23,,none,ipfs://QmZC5UQs8ixf2qv4UpSTjpD8RWNkGC1yHHjjUVtvof6JSM/22.png,ipfs,ipfs://QmUzAtuuR8iKm3GdHnFTSn6tVww8Hgd9YtUuLCe52VGThT/22.png,ipfs,Take Over Miami by Andrés Reisinger,access_artwork_files animation_url artist artwork_index artwork_name collection_name creator description external_url id image medium metadata_version name royalties symbols timestamp
0xbcb540b58e4e2b0e41e68b26b9dceab4e3b4c993,take-over-miami,24,False,True,Take Over Miami #25,,none,ipfs://QmZC5UQs8ixf2qv4UpSTjpD8RWNkGC1yHHjjUVtvof6JSM/24.png,ipfs,ipfs://QmUzAtuuR8iKm3GdHnFTSn6tVww8Hgd9YtUuLCe52VGThT/24.png,ipfs,Take Over Miami by Andrés Reisinger,access_artwork_files animation_url artist artwork_index artwork_name collection_name creator description external_url id image medium metadata_version name royalties symbols timestamp
0xdb8acab6e01a9a217f9cbb377510231045a24d5c,the-adventures-of-minoriea-by-auriea-harvey,33000001,False,True,Minoriea is Dancing,,none,ipfs://QmfMTGefepiVE4iFzyeaS8q8SED7DzkaYJJvPJSGQLYwgn,ipfs,ipfs://QmcJWqbsKqg2d2JUwUgssYssfui1ctLFEwS9TcD53XktaC/MinorieaIsDancing.html,ipfs,The Adventures of Minoriea by Auriea Harvey,animation_url artist artwork_index artwork_name attributes collection_name creator description exhibition_info external_url id image medium metadata_version name provenance royalties timestamp
0xdb8acab6e01a9a217f9cbb377510231045a24d5c,the-adventures-of-minoriea-by-auriea-harvey,35000001,False,True,Minoriea is Drunk #1,,none,ipfs://QmPXWR4diJ6nHWH52YzsGTNRHqaW4YmfLSzF1QXZPJRmnk,ipfs,ipfs://QmVeiriwDwFFwZzUXuVzupiNaEzW6RAAYxWiNeEKtx6V3j/MinorieaIsDrunk.html,ipfs,The Adventures of Minoriea by Auriea Harvey,animation_url artist artwork_index artwork_name attributes collection_name creator description exhibition_info external_url id image medium metadata_version name provenance royalties timestamp
0xdb8acab6e01a9a217f9cbb377510231045a24d5c,the-adventures-of-minoriea-by-auriea-harvey,36000001,False,True,Minoriea is Waiting #1,,none,ipfs://QmQ2dukFSQSU1xY7dKNr4QXrzAMo8LuA1BztPeEC8NUdFh,ipfs,ipfs://QmaNUZrPrCs7zfkeiNgsFdfUTzBhwxjZYDXVHvSzJhVbJa/MinorieaIsWaiting.html,ipfs,The Adventures of Minoriea by Auriea Harvey,animation_url artist artwork_index artwork_name attributes collection_name creator description exhibition_info external_url id image medium metadata_version name provenance royalties timestamp
0xdb8acab6e01a9a217f9cbb377510231045a24d5c,the-adventures-of-minoriea-by-auriea-harvey,34000001,False,True,Minoriea is Bored #1,,none,ipfs://QmP3HKBiVDQ4qsjQVFq3bYrqyhDDirbxoMus7PCngM9Kxz,ipfs,ipfs://QmYtU8xGfTwifBkzkNKKwC2DHFCWjdJ1MNZcinPmhpGESs/MinorieaIsBored.html,ipfs,The Adventures of Minoriea by Auriea Harvey,animation_url artist artwork_index artwork_name attributes collection_name creator description exhibition_info external_url id image medium metadata_version name provenance royalties timestamp
