verdict,exhibition,collection_name_expected,collection_uuid_expected,series_id,contract,token_id,http,latency_s,problem,collection_name,collection_uuid,name,image,animation_url
Decentralized,+GRAPH,Fine Particles by Joanie Lemercier,22356067-3858-46c7-ba80-02f0dafa04b6,22356067-3858-46c7-ba80-02f0dafa04b6,0xacd3392e9Ec2C4D876D09DC38cb52F842Ea58096,1895471415479101141617488280575446737836854080,200,0.46,,Fine Particles by Joanie Lemercier,22356067-3858-46c7-ba80-02f0dafa04b6,Fine Particles #1,https://ipfs.feralfile.com/ipfs/QmdMKLWt53kmKwFyYWi7F3yPtRU42dm5EDVnWE2me3iuGC?,
Decentralized,+GRAPH,Fine Particles by Joanie Lemercier,22356067-3858-46c7-ba80-02f0dafa04b6,22356067-3858-46c7-ba80-02f0dafa04b6,0xacd3392e9Ec2C4D876D09DC38cb52F842Ea58096,1895471415479101141617488280575446737836854083,200,0.45,,Fine Particles by Joanie Lemercier,22356067-3858-46c7-ba80-02f0dafa04b6,Fine Particles #4,https://ipfs.feralfile.com/ipfs/QmeKPtM24PYMiJskVHJnxwSYFYyxXPTwcGwyEHNcdCNv9C?,
Decentralized,+GRAPH,Fine Particles by Joanie Lemercier,22356067-3858-46c7-ba80-02f0dafa04b6,22356067-3858-46c7-ba80-02f0dafa04b6,0xacd3392e9Ec2C4D876D09DC38cb52F842Ea58096,1895471415479101141617488280575446737836854086,200,0.45,,Fine Particles by Joanie Lemercier,22356067-3858-46c7-ba80-02f0dafa04b6,Fine Particles #7,https://ipfs.feralfile.com/ipfs/QmbzCqU7jFVQRnrza4WPXVvPHwVeR3ogDR5AdcTzqRZXTu?,
Decentralized,+GRAPH,Fine Particles by Joanie Lemercier,22356067-3858-46c7-ba80-02f0dafa04b6,22356067-3858-46c7-ba80-02f0dafa04b6,0xacd3392e9Ec2C4D876D09DC38cb52F842Ea58096,1895471415479101141617488280575446737836854089,200,0.45,,Fine Particles by Joanie Lemercier,22356067-3858-46c7-ba80-02f0dafa04b6,Fine Particles #10,https://ipfs.feralfile.com/ipfs/QmUijJvUmFeSv5BKbSzKbKREyiwRwxvep17e7MoccLiM3R?,
Decentralized,+GRAPH,Fine Particles by Joanie Lemercier,22356067-3858-46c7-ba80-02f0dafa04b6,22356067-3858-46c7-ba80-02f0dafa04b6,0xacd3392e9Ec2C4D876D09DC38cb52F842Ea58096,1895471415479101141617488280575446737836854092,200,0.45,,Fine Particles by Joanie Lemercier,22356067-3858-46c7-ba80-02f0dafa04b6,Fine Particles #13,https://ipfs.feralfile.com/ipfs/QmToWTWBTEpxAcgiDGTLM5YCMLeCc2CZ25f42WxBmfvTYT?,
Decentralized,+GRAPH,Fine Particles by Joanie Lemercier,22356067-3858-46c7-ba80-02f0dafa04b6,22356067-3858-46c7-ba80-02f0dafa04b6,0xacd3392e9Ec2C4D876D09DC38cb52F842Ea58096,1895471415479101141617488280575446737836854095,200,0.46,,Fine Particles by Joanie Lemercier,22356067-3858-46c7-ba80-02f0dafa04b6,Fine Particles #16,https://ipfs.feralfile.com/ipfs/QmSi72JuCnRFedZciLcmL87DWdRbNorcT4HxZeMjKiN6hT?,
Decentralized,+GRAPH,Fine Particles by Joanie Lemercier,22356067-3858-46c7-ba80-02f0dafa04b6,22356067-3858-46c7-ba80-02f0dafa04b6,0xacd3392e9Ec2C4D876D09DC38cb52F842Ea58096,1895471415479101141617488280575446737836854098,200,0.46,,Fine Particles by Joanie Lemercier,22356067-3858-46c7-ba80-02f0dafa04b6,Fine Particles #19,https://ipfs.feralfile.com/ipfs/QmRwYzpRyDtxaXbRq5rL9jKnxG68PFoMbm2qSaufie2yoV?,
Decentralized,+GRAPH,Fine Particles by Joanie Lemercier,22356067-3858-46c7-ba80-02f0dafa04b6,22356067-3858-46c7-ba80-02f0dafa04b6,0xacd3392e9Ec2C4D876D09DC38cb52F842Ea58096,1895471415479101141617488280575446737836854101,200,0.47,,Fine Particles by Joanie Lemercier,22356067-3858-46c7-ba80-02f0dafa04b6,Fine Particles #22,https://ipfs.feralfile.com/ipfs/QmUwUs7jvhQRYGB5ohybCMyfem8tnv4Qwe3TyDUAovan7E?,
Decentralized,+GRAPH,Fine Particles by Joanie Lemercier,22356067-3858-46c7-ba80-02f0dafa04b6,22356067-3858-46c7-ba80-02f0dafa04b6,0xacd3392e9Ec2C4D876D09DC38cb52F842Ea58096,1895471415479101141617488280575446737836854104,200,0.46,,Fine Particles by Joanie Lemercier,22356067-3858-46c7-ba80-02f0dafa04b6,Fine Particles #25,https://ipfs.feralfile.com/ipfs/Qmd4daypDy8UKj5kBSmZZ5AVyAdq19qKUKaqd2AwCZSV5P?,
Decentralized,+GRAPH,Fine Particles by Joanie Lemercier,22356067-3858-46c7-ba80-02f0dafa04b6,22356067-3858-46c7-ba80-02f0dafa04b6,0xacd3392e9Ec2C4D876D09DC38cb52F842Ea58096,1895471415479101141617488280575446737836854107,200,0.46,,Fine Particles by Joanie Lemercier,22356067-3858-46c7-ba80-02f0dafa04b6,Fine Particles #28,https://ipfs.feralfile.com/ipfs/QmTmW4GhZUYrdrqHNEpU3LijyuLN7Fd3UqJbQ76JnYsjWu?,
Decentralized,+GRAPH,Fictional Lullaby by Licia He,490e2542-daac-48c4-8407-bbd15eb9ab74,490e2542-daac-48c4-8407-bbd15eb9ab74,0xacd3392e9Ec2C4D876D09DC38cb52F842Ea58096,1895471415479101141617488280575446737834854080,200,0.58,,Fictional Lullaby by Licia He,490e2542-daac-48c4-8407-bbd15eb9ab74,Fictional Lullaby #1,https://ipfs.feralfile.com/ipfs/QmTp2vnhoj4oqMMwiHxz7p2yUqysr8ziK2sjaZBncp1hm3?,https://ipfs.feralfile.com/ipfs/QmZf9wRd5ErDxqioycPUPMo8fjEJLK64CdGKy31H4eVyo2?edition_number=0&artwork_number=1&blockchain=ethereum&contract=0xacd3392e9Ec2C4D876D09DC38cb52F842Ea58096&token_id=1895471415479101141617488280575446737834854080&token_id_hash=0x623958b54470d8bcf8087bfed095c1426224898ab03da4ededdf1d02815a26d7
Decentralized,+GRAPH,Fictional Lullaby by Licia He,490e2542-daac-48c4-8407-bbd15eb9ab74,490e2542-daac-48c4-8407-bbd15eb9ab74,0xacd3392e9Ec2C4D876D09DC38cb52F842Ea58096,1895471415479101141617488280575446737834854083,200,0.59,,Fictional Lullaby by Licia He,490e2542-daac-48c4-8407-bbd15eb9ab74,Fictional Lullaby #4,https://ipfs.feralfile.com/ipfs/Qmazbas5hCmrN56xqjjhbwfv9xCDccNCgGGNhPMMuYYEnw?,https://ipfs.feralfile.com/ipfs/QmZf9wRd5ErDxqioycPUPMo8fjEJLK64CdGKy31H4eVyo2?edition_number=3&artwork_number=4&blockchain=ethereum&contract=0xacd3392e9Ec2C4D876D09DC38cb52F842Ea58096&token_id=1895471415479101141617488280575446737834854083&token_id_hash=0x926bc3e723ca8c569f8252e971e314be52ae1f3cd6778fb8c39fa80e5820d612
Decentralized,+GRAPH,Fictional Lullaby by Licia He,490e2542-daac-48c4-8407-bbd15eb9ab74,490e2542-daac-48c4-8407-bbd15eb9ab74,0xacd3392e9Ec2C4D876D09DC38cb52F842Ea58096,1895471415479101141617488280575446737834854086,200,0.59,,Fictional Lullaby by Licia He,490e2542-daac-48c4-8407-bbd15eb9ab74,Fictional Lullaby #7,https://ipfs.feralfile.com/ipfs/QmQSq9Gbi1otZhVUBp6vzz9TbJr5NpDhhAiFMAFMFqSDtB?,https://ipfs.feralfile.com/ipfs/QmZf9wRd5ErDxqioycPUPMo8fjEJLK64CdGKy31H4eVyo2?edition_number=6&artwork_number=7&blockchain=ethereum&contract=0xacd3392e9Ec2C4D876D09DC38cb52F842Ea58096&token_id=1895471415479101141617488280575446737834854086&token_id_hash=0xd1b64d6d1285796180100b477cb77f2cfeeb69e15537806658eaf8bd33d472e6
Decentralized,+GRAPH,Fictional Lullaby by Licia He,490e2542-daac-48c4-8407-bbd15eb9ab74,490e2542-daac-48c4-8407-bbd15eb9ab74,0xacd3392e9Ec2C4D876D09DC38cb52F842Ea58096,1895471415479101141617488280575446737834854089,200,0.59,,Fictional Lullaby by Licia He,490e2542-daac-48c4-8407-bbd15eb9ab74,Fictional Lullaby #10,https://ipfs.feralfile.com/ipfs/QmPvG6Pg2uwo2fCoawjMnwN9uysieFrwPwYFHoGpfWavs5?,https://ipfs.feralfile.com/ipfs/QmZf9wRd5ErDxqioycPUPMo8fjEJLK64CdGKy31H4eVyo2?edition_number=9&artwork_number=10&blockchain=ethereum&contract=0xacd3392e9Ec2C4D876D09DC38cb52F842Ea58096&token_id=1895471415479101141617488280575446737834854089&token_id_hash=0x439dc78ee150adcd4f7357285a2cc6ffa3d5dfeff6832268d11d0428bcadf72f
Decentralized,+GRAPH,Fictional Lullaby by Licia He,490e2542-daac-48c4-8407-bbd15eb9ab74,490e2542-daac-48c4-8407-bbd15eb9ab74,0xacd3392e9Ec2C4D876D09DC38cb52F842Ea58096,1895471415479101141617488280575446737834854092,200,0.59,,Fictional Lullaby by Licia He,490e2542-daac-48c4-8407-bbd15eb9ab74,Fictional Lullaby #13,https://ipfs.feralfile.com/ipfs/QmaWxtBo6UQy4BJ4mX9ptMc3osYQfDhyw5XL3GERGoDC7z?,https://ipfs.feralfile.com/ipfs/QmZf9wRd5ErDxqioycPUPMo8fjEJLK64CdGKy31H4eVyo2?edition_number=12&artwork_number=13&blockchain=ethereum&contract=0xacd3392e9Ec2C4D876D09DC38cb52F842Ea58096&token_id=1895471415479101141617488280575446737834854092&token_id_hash=0x89ecd767541d9f802f82df531b8682913af078a4f9e1dfcfc986ebf8890652b2
Decentralized,+GRAPH,Fictional Lullaby by Licia He,490e2542-daac-48c4-8407-bbd15eb9ab74,490e2542-daac-48c4-8407-bbd15eb9ab74,0xacd3392e9Ec2C4D876D09DC38cb52F842Ea58096,1895471415479101141617488280575446737834854095,200,0.58,,Fictional Lullaby by Licia He,490e2542-daac-48c4-8407-bbd15eb9ab74,Fictional Lullaby #16,https://ipfs.feralfile.com/ipfs/QmYfVHJM2vhvFmVTGFJUB7uf3gW8qB4LR8VmW5Wctm6y3x?,https://ipfs.feralfile.com/ipfs/QmZf9wRd5ErDxqioycPUPMo8fjEJLK64CdGKy31H4eVyo2?edition_number=15&artwork_number=16&blockchain=ethereum&contract=0xacd3392e9Ec2C4D876D09DC38cb52F842Ea58096&token_id=1895471415479101141617488280575446737834854095&token_id_hash=0x0083942c0960d1891892ddb3a446ab5a3d93f5be91c444037f3563e4b8678888
Decentralized,+GRAPH,Fictional Lullaby by Licia He,490e2542-daac-48c4-8407-bbd15eb9ab74,490e2542-daac-48c4-8407-bbd15eb9ab74,0xacd3392e9Ec2C4D876D09DC38cb52F842Ea58096,1895471415479101141617488280575446737834854098,200,0.59,,Fictional Lullaby by Licia He,490e2542-daac-48c4-8407-bbd15eb9ab74,Fictional Lullaby #19,https://ipfs.feralfile.com/ipfs/Qme4dZEXQvYjbp1Afg67V9xaWoUbpkHMgqmi5Kapa7m3AK?,https://ipfs.feralfile.com/ipfs/QmZf9wRd5ErDxqioycPUPMo8fjEJLK64CdGKy31H4eVyo2?edition_number=18&artwork_number=19&blockchain=ethereum&contract=0xacd3392e9Ec2C4D876D09DC38cb52F842Ea58096&token_id=1895471415479101141617488280575446737834854098&token_id_hash=0x90a678f553b563c9dc7c4f1f2cba01f5511410e5ac969b94260b46c735e6f151
Decentralized,+GRAPH,Fictional Lullaby by Licia He,490e2542-daac-48c4-8407-bbd15eb9ab74,490e2542-daac-48c4-8407-bbd15eb9ab74,0xacd3392e9Ec2C4D876D09DC38cb52F842Ea58096,1895471415479101141617488280575446737834854101,200,0.59,,Fictional Lullaby by Licia He,490e2542-daac-48c4-8407-bbd15eb9ab74,Fictional Lullaby #22,https://ipfs.feralfile.com/ipfs/QmVqiqYwBu11kfLhxCqDdWto5hvv9gfUZjp7GXBTcVX1Cx?,https://ipfs.feralfile.com/ipfs/QmZf9wRd5ErDxqioycPUPMo8fjEJLK64CdGKy31H4eVyo2?edition_number=21&artwork_number=22&blockchain=ethereum&contract=0xacd3392e9Ec2C4D876D09DC38cb52F842Ea58096&token_id=1895471415479101141617488280575446737834854101&token_id_hash=0x528782bc07462deb649cae434ac2d5b815a4add8d46c11521deefc7132b7414c
Decentralized,+GRAPH,Fictional Lullaby by Licia He,490e2542-daac-48c4-8407-bbd15eb9ab74,490e2542-daac-48c4-8407-bbd15eb9ab74,0xacd3392e9Ec2C4D876D09DC38cb52F842Ea58096,1895471415479101141617488280575446737834854104,200,0.6,,Fictional Lullaby by Licia He,490e2542-daac-48c4-8407-bbd15eb9ab74,Fictional Lullaby #25,https://ipfs.feralfile.com/ipfs/QmfPaBaddHAydV8L9ckjqUYNsZ24ju8dCdzVwWdjc2HbtS?,https://ipfs.feralfile.com/ipfs/QmZf9wRd5ErDxqioycPUPMo8fjEJLK64CdGKy31H4eVyo2?edition_number=24&artwork_number=25&blockchain=ethereum&contract=0xacd3392e9Ec2C4D876D09DC38cb52F842Ea58096&token_id=1895471415479101141617488280575446737834854104&token_id_hash=0xaa32d8290c61281ebdf57483ea2e8b680e524db81c15db05ee2cdc0960d28bff
Decentralized,+GRAPH,Fictional Lullaby by Licia He,490e2542-daac-48c4-8407-bbd15eb9ab74,490e2542-daac-48c4-8407-bbd15eb9ab74,0xacd3392e9Ec2C4D876D09DC38cb52F842Ea58096,1895471415479101141617488280575446737834854107,200,0.59,,Fictional Lullaby by Licia He,490e2542-daac-48c4-8407-bbd15eb9ab74,Fictional Lullaby #28,https://ipfs.feralfile.com/ipfs/QmWn5c2bGxaRvHn7bP82kswNL1UPy5FsBkH8utB9wgv6bh?,https://ipfs.feralfile.com/ipfs/QmZf9wRd5ErDxqioycPUPMo8fjEJLK64CdGKy31H4eVyo2?edition_number=27&artwork_number=28&blockchain=ethereum&contract=0xacd3392e9Ec2C4D876D09DC38cb52F842Ea58096&token_id=1895471415479101141617488280575446737834854107&token_id_hash=0x6c61fa96f0c95951e4b6354a0c1d498a2f04a45866292d27a5fc4f0a6c3cf702
Decentralized,+GRAPH,Mineral by Julien Gachadoat,55e9a993-a644-405f-b489-d4dc7e03ac5c,55e9a993-a644-405f-b489-d4dc7e03ac5c,0xacd3392e9Ec2C4D876D09DC38cb52F842Ea58096,1895471415479101141617488280575446737835854080,200,0.59,,Mineral by Julien Gachadoat,55e9a993-a644-405f-b489-d4dc7e03ac5c,Mineral #1,https://ipfs.feralfile.com/ipfs/QmQ4Hi7zuvuDsGUeFYLpegQbRrChjNUWCjy556ps5wJzwA?,https://ipfs.feralfile.com/ipfs/QmUUCsxhRaYR1W2PPqbVqerKuYru4HRduwX7VUz79gZVL7?edition_number=0&artwork_number=1&blockchain=ethereum&contract=0xacd3392e9Ec2C4D876D09DC38cb52F842Ea58096&token_id=1895471415479101141617488280575446737835854080&token_id_hash=0x7a695451912480bd18c462864b9c4ab10698b191eb5abb48523ef860d9277458
Decentralized,+GRAPH,Mineral by Julien Gachadoat,55e9a993-a644-405f-b489-d4dc7e03ac5c,55e9a993-a644-405f-b489-d4dc7e03ac5c,0xacd3392e9Ec2C4D876D09DC38cb52F842Ea58096,1895471415479101141617488280575446737835854083,200,0.59,,Mineral by Julien Gachadoat,55e9a993-a644-405f-b489-d4dc7e03ac5c,Mineral #4,https://ipfs.feralfile.com/ipfs/QmUNKdPJs58tmiJDTa5zJLeEUJ8QcCzmyzZ9NqiV9eRrCG?,https://ipfs.feralfile.com/ipfs/QmUUCsxhRaYR1W2PPqbVqerKuYru4HRduwX7VUz79gZVL7?edition_number=3&artwork_number=4&blockchain=ethereum&contract=0xacd3392e9Ec2C4D876D09DC38cb52F842Ea58096&token_id=1895471415479101141617488280575446737835854083&token_id_hash=0x4b26aa449ae98bfc2e9279b2e71dff8a5f4d62c035221caba868dc6fb397113a
Decentralized,+GRAPH,Mineral by Julien Gachadoat,55e9a993-a644-405f-b489-d4dc7e03ac5c,55e9a993-a644-405f-b489-d4dc7e03ac5c,0xacd3392e9Ec2C4D876D09DC38cb52F842Ea58096,1895471415479101141617488280575446737835854086,200,0.6,,Mineral by Julien Gachadoat,55e9a993-a644-405f-b489-d4dc7e03ac5c,Mineral #7,https://ipfs.feralfile.com/ipfs/QmVcxSw6V6JkWTS7eRLCjuF6xUbMFtTNegzjTbTQpmMaju?,https://ipfs.feralfile.com/ipfs/QmUUCsxhRaYR1W2PPqbVqerKuYru4HRduwX7VUz79gZVL7?edition_number=6&artwork_number=7&blockchain=ethereum&contract=0xacd3392e9Ec2C4D876D09DC38cb52F842Ea58096&token_id=1895471415479101141617488280575446737835854086&token_id_hash=0xcedaa866ee73f3ef7c2389d63c5274468497defdf349e0dabc964e7b5f5cc953
Decentralized,+GRAPH,Mineral by Julien Gachadoat,55e9a993-a644-405f-b489-d4dc7e03ac5c,55e9a993-a644-405f-b489-d4dc7e03ac5c,0xacd3392e9Ec2C4D876D09DC38cb52F842Ea58096,1895471415479101141617488280575446737835854089,200,0.59,,Mineral by Julien Gachadoat,55e9a993-a644-405f-b489-d4dc7e03ac5c,Mineral #10,https://ipfs.feralfile.com/ipfs/QmPpeSGy2tLJebSMhqmdMZqDUG8MH7AGN1RBnV875G37Lh?,https://ipfs.feralfile.com/ipfs/QmUUCsxhRaYR1W2PPqbVqerKuYru4HRduwX7VUz79gZVL7?edition_number=9&artwork_number=10&blockchain=ethereum&contract=0xacd3392e9Ec2C4D876D09DC38cb52F842Ea58096&token_id=1895471415479101141617488280575446737835854089&token_id_hash=0x0d88de3e8ac3409a57e274d781be1bc05e74c4f1503d20d76a98cb38d90883fa
Decentralized,+GRAPH,Mineral by Julien Gachadoat,55e9a993-a644-405f-b489-d4dc7e03ac5c,55e9a993-a644-405f-b489-d4dc7e03ac5c,0xacd3392e9Ec2C4D876D09DC38cb52F842Ea58096,1895471415479101141617488280575446737835854092,200,0.59,,Mineral by Julien Gachadoat,55e9a993-a644-405f-b489-d4dc7e03ac5c,Mineral #13,https://ipfs.feralfile.com/ipfs/QmRsWTocMhTL3MQAJXUVCK1aAF4bdzqLCxiaskUYmhWMh4?,https://ipfs.feralfile.com/ipfs/QmUUCsxhRaYR1W2PPqbVqerKuYru4HRduwX7VUz79gZVL7?edition_number=12&artwork_number=13&blockchain=ethereum&contract=0xacd3392e9Ec2C4D876D09DC38cb52F842Ea58096&token_id=1895471415479101141617488280575446737835854092&token_id_hash=0x8810b18f8aa2f84ceead00fde692302e99d1649f4e9922840865b8a617ffcb34
Decentralized,+GRAPH,Mineral by Julien Gachadoat,55e9a993-a644-405f-b489-d4dc7e03ac5c,55e9a993-a644-405f-b489-d4dc7e03ac5c,0xacd3392e9Ec2C4D876D09DC38cb52F842Ea58096,1895471415479101141617488280575446737835854095,200,0.6,,Mineral by Julien Gachadoat,55e9a993-a644-405f-b489-d4dc7e03ac5c,Mineral #16,https://ipfs.feralfile.com/ipfs/Qme56rJSw359s2LrS1tHC3h412qYdiBpd5DfNJkH9G4Hpc?,https://ipfs.feralfile.com/ipfs/QmUUCsxhRaYR1W2PPqbVqerKuYru4HRduwX7VUz79gZVL7?edition_number=15&artwork_number=16&blockchain=ethereum&contract=0xacd3392e9Ec2C4D876D09DC38cb52F842Ea58096&token_id=1895471415479101141617488280575446737835854095&token_id_hash=0x3d8314287f903d4ac7fe99ad5f92d917f10f10eea1701281272a605d8dc462f8
Decentralized,+GRAPH,Mineral by Julien Gachadoat,55e9a993-a644-405f-b489-d4dc7e03ac5c,55e9a993-a644-405f-b489-d4dc7e03ac5c,0xacd3392e9Ec2C4D876D09DC38cb52F842Ea58096,1895471415479101141617488280575446737835854098,200,0.6,,Mineral by Julien Gachadoat,55e9a993-a644-405f-b489-d4dc7e03ac5c,Mineral #19,https://ipfs.feralfile.com/ipfs/QmP98wsa7z3c4qcmvatDfvErxUzfaQwy3ycP8692zb6dai?,https://ipfs.feralfile.com/ipfs/QmUUCsxhRaYR1W2PPqbVqerKuYru4HRduwX7VUz79gZVL7?edition_number=18&artwork_number=19&blockchain=ethereum&contract=0xacd3392e9Ec2C4D876D09DC38cb52F842Ea58096&token_id=1895471415479101141617488280575446737835854098&token_id_hash=0xff65e5d77432923a2c18fbac8abc8e767f76df8984bdee1ff8e61b2f1c453b46
Decentralized,+GRAPH,Mineral by Julien Gachadoat,55e9a993-a644-405f-b489-d4dc7e03ac5c,55e9a993-a644-405f-b489-d4dc7e03ac5c,0xacd3392e9Ec2C4D876D09DC38cb52F842Ea58096,1895471415479101141617488280575446737835854101,200,0.59,,Mineral by Julien Gachadoat,55e9a993-a644-405f-b489-d4dc7e03ac5c,Mineral #22,https://ipfs.feralfile.com/ipfs/QmR76MS4F4svzD2mVCSe23eS3Uqa3zwXmwDKU7YAjYb5Ap?,https://ipfs.feralfile.com/ipfs/QmUUCsxhRaYR1W2PPqbVqerKuYru4HRduwX7VUz79gZVL7?edition_number=21&artwork_number=22&blockchain=ethereum&contract=0xacd3392e9Ec2C4D876D09DC38cb52F842Ea58096&token_id=1895471415479101141617488280575446737835854101&token_id_hash=0x41b6eac00899401fc2994d292d9956dad812d2b26a90716712270cafd8d755a9
Decentralized,+GRAPH,Mineral by Julien Gachadoat,55e9a993-a644-405f-b489-d4dc7e03ac5c,55e9a993-a644-405f-b489-d4dc7e03ac5c,0xacd3392e9Ec2C4D876D09DC38cb52F842Ea58096,1895471415479101141617488280575446737835854104,200,0.58,,Mineral by Julien Gachadoat,55e9a993-a644-405f-b489-d4dc7e03ac5c,Mineral #25,https://ipfs.feralfile.com/ipfs/QmboSsa4idUQpXYHgm6UUpYbgdy1Se8GLTbShpnKY5KJyN?,https://ipfs.feralfile.com/ipfs/QmUUCsxhRaYR1W2PPqbVqerKuYru4HRduwX7VUz79gZVL7?edition_number=24&artwork_number=25&blockchain=ethereum&contract=0xacd3392e9Ec2C4D876D09DC38cb52F842Ea58096&token_id=1895471415479101141617488280575446737835854104&token_id_hash=0xf8ce5d51bfe987337302237794f45a6992b223bd55882e436e877d9f6396e386
Decentralized,+GRAPH,Mineral by Julien Gachadoat,55e9a993-a644-405f-b489-d4dc7e03ac5c,55e9a993-a644-405f-b489-d4dc7e03ac5c,0xacd3392e9Ec2C4D876D09DC38cb52F842Ea58096,1895471415479101141617488280575446737835854107,200,0.59,,Mineral by Julien Gachadoat,55e9a993-a644-405f-b489-d4dc7e03ac5c,Mineral #28,https://ipfs.feralfile.com/ipfs/QmWfidg5dpArij4pgpQTURDsgYN7Xq4ujPYwSLfu51Fm2d?,https://ipfs.feralfile.com/ipfs/QmUUCsxhRaYR1W2PPqbVqerKuYru4HRduwX7VUz79gZVL7?edition_number=27&artwork_number=28&blockchain=ethereum&contract=0xacd3392e9Ec2C4D876D09DC38cb52F842Ea58096&token_id=1895471415479101141617488280575446737835854107&token_id_hash=0x198c6ddf92f7a790ca7a084aaa2c7c729cfbd09e05df4590cce696777b295855
Decentralized,+GRAPH,The Space in Between by Aleksandra Jovanić,688c1976-748d-4b54-8aac-61b5561924e6,688c1976-748d-4b54-8aac-61b5561924e6,0xacd3392e9Ec2C4D876D09DC38cb52F842Ea58096,1895471415479101141617488280575446737837854080,200,0.59,,The Space in Between by Aleksandra Jovanić,688c1976-748d-4b54-8aac-61b5561924e6,The Space in Between #1,https://ipfs.feralfile.com/ipfs/QmP1SijoebLZtWjTwPFvZHkPMNfmCXAyBs86Bac7srz6ux?,https://ipfs.feralfile.com/ipfs/QmaMSr4ksSPYaRkX1tLXruPAauPS8iTHK2zGBjYtNMLGkf?edition_number=0&artwork_number=1&blockchain=ethereum&contract=0xacd3392e9Ec2C4D876D09DC38cb52F842Ea58096&token_id=1895471415479101141617488280575446737837854080&token_id_hash=0x8aa618bba26a20bd9dc653b8091970ff780b6eca462f4df844d30536124b7dbd
Decentralized,+GRAPH,The Space in Between by Aleksandra Jovanić,688c1976-748d-4b54-8aac-61b5561924e6,688c1976-748d-4b54-8aac-61b5561924e6,0xacd3392e9Ec2C4D876D09DC38cb52F842Ea58096,1895471415479101141617488280575446737837854083,200,0.59,,The Space in Between by Aleksandra Jovanić,688c1976-748d-4b54-8aac-61b5561924e6,The Space in Between #4,https://ipfs.feralfile.com/ipfs/QmWUB4nZi7rf6xYo1HGdCoe2QTW6Xd1TEv6FrMgLtEjAaP?,https://ipfs.feralfile.com/ipfs/QmaMSr4ksSPYaRkX1tLXruPAauPS8iTHK2zGBjYtNMLGkf?edition_number=3&artwork_number=4&blockchain=ethereum&contract=0xacd3392e9Ec2C4D876D09DC38cb52F842Ea58096&token_id=1895471415479101141617488280575446737837854083&token_id_hash=0x6d8620e4377b539a30992d3761e99203dd02555f61e70b965fa62e22a9adc32c
Decentralized,+GRAPH,The Space in Between by Aleksandra Jovanić,688c1976-748d-4b54-8aac-61b5561924e6,688c1976-748d-4b54-8aac-61b5561924e6,0xacd3392e9Ec2C4D876D09DC38cb52F842Ea58096,1895471415479101141617488280575446737837854086,200,0.59,,The Space in Between by Aleksandra Jovanić,688c1976-748d-4b54-8aac-61b5561924e6,The Space in Between #7,https://ipfs.feralfile.com/ipfs/QmT5KssjQeLeY3NK4LytzKZQDjuTGmUNbYbFqGnCytZWok?,https://ipfs.feralfile.com/ipfs/QmaMSr4ksSPYaRkX1tLXruPAauPS8iTHK2zGBjYtNMLGkf?edition_number=6&artwork_number=7&blockchain=ethereum&contract=0xacd3392e9Ec2C4D876D09DC38cb52F842Ea58096&token_id=1895471415479101141617488280575446737837854086&token_id_hash=0x66702388ac9bebfd480e1385b6f3f09d1992ea4d580f9bd7aaded399883203de
Decentralized,+GRAPH,The Space in Between by Aleksandra Jovanić,688c1976-748d-4b54-8aac-61b5561924e6,688c1976-748d-4b54-8aac-61b5561924e6,0xacd3392e9Ec2C4D876D09DC38cb52F842Ea58096,1895471415479101141617488280575446737837854089,200,0.58,,The Space in Between by Aleksandra Jovanić,688c1976-748d-4b54-8aac-61b5561924e6,The Space in Between #10,https://ipfs.feralfile.com/ipfs/QmbCPPYkkyUubqP7HwAGS3DTRcSiYm9FGJTb6QvmcYvPft?,https://ipfs.feralfile.com/ipfs/QmaMSr4ksSPYaRkX1tLXruPAauPS8iTHK2zGBjYtNMLGkf?edition_number=9&artwork_number=10&blockchain=ethereum&contract=0xacd3392e9Ec2C4D876D09DC38cb52F842Ea58096&token_id=1895471415479101141617488280575446737837854089&token_id_hash=0x7f4fd9d6ca8f16599ec4f7f351273f47f58a93bda4078c04c4fc2c38306bf3cf
Decentralized,+GRAPH,The Space in Between by Aleksandra Jovanić,688c1976-748d-4b54-8aac-61b5561924e6,688c1976-748d-4b54-8aac-61b5561924e6,0xacd3392e9Ec2C4D876D09DC38cb52F842Ea58096,1895471415479101141617488280575446737837854092,200,0.58,,The Space in Between by Aleksandra Jovanić,688c1976-748d-4b54-8aac-61b5561924e6,The Space in Between #13,https://ipfs.feralfile.com/ipfs/QmTDuwembBQppDZewyuGimRqjUJ4VwTr3bR7y6zFHLsKkg?,https://ipfs.feralfile.com/ipfs/QmaMSr4ksSPYaRkX1tLXruPAauPS8iTHK2zGBjYtNMLGkf?edition_number=12&artwork_number=13&blockchain=ethereum&contract=0xacd3392e9Ec2C4D876D09DC38cb52F842Ea58096&token_id=1895471415479101141617488280575446737837854092&token_id_hash=0xb5c77eb2be02b95b7ca9ece0cb1e39e3590c4d351f146dd55826adfca2e594a1
Decentralized,+GRAPH,The Space in Between by Aleksandra Jovanić,688c1976-748d-4b54-8aac-61b5561924e6,688c1976-748d-4b54-8aac-61b5561924e6,0xacd3392e9Ec2C4D876D09DC38cb52F842Ea58096,1895471415479101141617488280575446737837854095,200,0.58,,The Space in Between by Aleksandra Jovanić,688c1976-748d-4b54-8aac-61b5561924e6,The Space in Between #16,https://ipfs.feralfile.com/ipfs/QmXXPsyNo91BRZvLnb8v3ijbkfteJb1CnDhEFhgndtC3fB?,https://ipfs.feralfile.com/ipfs/QmaMSr4ksSPYaRkX1tLXruPAauPS8iTHK2zGBjYtNMLGkf?edition_number=15&artwork_number=16&blockchain=ethereum&contract=0xacd3392e9Ec2C4D876D09DC38cb52F842Ea58096&token_id=1895471415479101141617488280575446737837854095&token_id_hash=0xe057eb393e026bf72717393ffc2eb0d8491bf8b85701ddab5dbb3f10cbe0fb8e
Decentralized,+GRAPH,The Space in Between by Aleksandra Jovanić,688c1976-748d-4b54-8aac-61b5561924e6,688c1976-748d-4b54-8aac-61b5561924e6,0xacd3392e9Ec2C4D876D09DC38cb52F842Ea58096,1895471415479101141617488280575446737837854098,200,0.58,,The Space in Between by Aleksandra Jovanić,688c1976-748d-4b54-8aac-61b5561924e6,The Space in Between #19,https://ipfs.feralfile.com/ipfs/QmaE6cJmPmCHrmdR5re7P3WdEqbGG9DURTcnRogzLd2PU5?,https://ipfs.feralfile.com/ipfs/QmaMSr4ksSPYaRkX1tLXruPAauPS8iTHK2zGBjYtNMLGkf?edition_number=18&artwork_number=19&blockchain=ethereum&contract=0xacd3392e9Ec2C4D876D09DC38cb52F842Ea58096&token_id=1895471415479101141617488280575446737837854098&token_id_hash=0x935c9d6e88c3e4a8d666cb60a3b2c8e042bf3738803253578e287d484cdba9ee
Decentralized,+GRAPH,The Space in Between by Aleksandra Jovanić,688c1976-748d-4b54-8aac-61b5561924e6,688c1976-748d-4b54-8aac-61b5561924e6,0xacd3392e9Ec2C4D876D09DC38cb52F842Ea58096,1895471415479101141617488280575446737837854101,200,0.62,,The Space in Between by Aleksandra Jovanić,688c1976-748d-4b54-8aac-61b5561924e6,The Space in Between #22,https://ipfs.feralfile.com/ipfs/Qmc6gZ2cTxXFATmXUAvsy87oRQ7YEaN6sBTwBnBzKCXLBX?,https://ipfs.feralfile.com/ipfs/QmaMSr4ksSPYaRkX1tLXruPAauPS8iTHK2zGBjYtNMLGkf?edition_number=21&artwork_number=22&blockchain=ethereum&contract=0xacd3392e9Ec2C4D876D09DC38cb52F842Ea58096&token_id=1895471415479101141617488280575446737837854101&token_id_hash=0xe5c7e26439e11fc22aeb105e8a8c1e2b568e26222c2a8e746be2d753559427bd
Decentralized,+GRAPH,The Space in Between by Aleksandra Jovanić,688c1976-748d-4b54-8aac-61b5561924e6,688c1976-748d-4b54-8aac-61b5561924e6,0xacd3392e9Ec2C4D876D09DC38cb52F842Ea58096,1895471415479101141617488280575446737837854104,200,0.58,,The Space in Between by Aleksandra Jovanić,688c1976-748d-4b54-8aac-61b5561924e6,The Space in Between #25,https://ipfs.feralfile.com/ipfs/QmdELhHHyNecYSaFLMwoEghHyby1Vsw18V2r2TQTjd2XgH?,https://ipfs.feralfile.com/ipfs/QmaMSr4ksSPYaRkX1tLXruPAauPS8iTHK2zGBjYtNMLGkf?edition_number=24&artwork_number=25&blockchain=ethereum&contract=0xacd3392e9Ec2C4D876D09DC38cb52F842Ea58096&token_id=1895471415479101141617488280575446737837854104&token_id_hash=0x56ca7ee95cb4114a280eeffc5a9b2dd5b66d0bdf5883aeaa61a02737419baf1d
Decentralized,+GRAPH,The Space in Between by Aleksandra Jovanić,688c1976-748d-4b54-8aac-61b5561924e6,688c1976-748d-4b54-8aac-61b5561924e6,0xacd3392e9Ec2C4D876D09DC38cb52F842Ea58096,1895471415479101141617488280575446737837854107,200,0.58,,The Space in Between by Aleksandra Jovanić,688c1976-748d-4b54-8aac-61b5561924e6,The Space in Between #28,https://ipfs.feralfile.com/ipfs/QmTpiPm2UEvf1UQT8fjk33wqgZYL3mTBCGYF3FEqopDKuM?,https://ipfs.feralfile.com/ipfs/QmaMSr4ksSPYaRkX1tLXruPAauPS8iTHK2zGBjYtNMLGkf?edition_number=27&artwork_number=28&blockchain=ethereum&contract=0xacd3392e9Ec2C4D876D09DC38cb52F842Ea58096&token_id=1895471415479101141617488280575446737837854107&token_id_hash=0x324de47a9627881c215b639e9125ada94874e3e2ae7a9ead1248fe07188e9f01
Decentralized,+GRAPH,Breakpoint. by James Merrill,abc9532c-3b95-4502-b0ac-fa5a64510ccd,abc9532c-3b95-4502-b0ac-fa5a64510ccd,0xacd3392e9Ec2C4D876D09DC38cb52F842Ea58096,118466963467443821351093017535965421115490880,200,0.47,,Breakpoint. by James Merrill,abc9532c-3b95-4502-b0ac-fa5a64510ccd,Breakpoint. #1,https://ipfs.feralfile.com/ipfs/QmYTMqfcTdfUP2ssJtYg8eQkVnP2o53nBAPg9WnNgcS539?,https://ipfs.feralfile.com/ipfs/QmTWWzttfxwKwnnUktw9SJ7SHKCEoDHgAscnaMW9FDojQG?edition_number=0&artwork_number=1&blockchain=ethereum&contract=0xacd3392e9Ec2C4D876D09DC38cb52F842Ea58096&token_id=118466963467443821351093017535965421115490880&token_id_hash=0xde30dc7774dae099db68b4f1b07b48ace90ad45c08f1e643c0d7f1d68ce62d9b
Decentralized,+GRAPH,Breakpoint. by James Merrill,abc9532c-3b95-4502-b0ac-fa5a64510ccd,abc9532c-3b95-4502-b0ac-fa5a64510ccd,0xacd3392e9Ec2C4D876D09DC38cb52F842Ea58096,118466963467443821351093017535965421115490883,200,0.45,,Breakpoint. by James Merrill,abc9532c-3b95-4502-b0ac-fa5a64510ccd,Breakpoint. #4,https://ipfs.feralfile.com/ipfs/QmRmACXZqY2aJnbDxSajNApVYyGTqr2F5TRsKpm4rPFyZZ?,https://ipfs.feralfile.com/ipfs/QmTWWzttfxwKwnnUktw9SJ7SHKCEoDHgAscnaMW9FDojQG?edition_number=3&artwork_number=4&blockchain=ethereum&contract=0xacd3392e9Ec2C4D876D09DC38cb52F842Ea58096&token_id=118466963467443821351093017535965421115490883&token_id_hash=0x731619992119a77e70838f5094d339e0729ca9ce17a23b560929469fd031a360
Decentralized,+GRAPH,Breakpoint. by James Merrill,abc9532c-3b95-4502-b0ac-fa5a64510ccd,abc9532c-3b95-4502-b0ac-fa5a64510ccd,0xacd3392e9Ec2C4D876D09DC38cb52F842Ea58096,118466963467443821351093017535965421115490886,200,0.52,,Breakpoint. by James Merrill,abc9532c-3b95-4502-b0ac-fa5a64510ccd,Breakpoint. #7,https://ipfs.feralfile.com/ipfs/Qmf6i2ddY7FKVutVsbTsRyfMpJux3H3vwqwgeKWaHhNXao?,https://ipfs.feralfile.com/ipfs/QmTWWzttfxwKwnnUktw9SJ7SHKCEoDHgAscnaMW9FDojQG?edition_number=6&artwork_number=7&blockchain=ethereum&contract=0xacd3392e9Ec2C4D876D09DC38cb52F842Ea58096&token_id=118466963467443821351093017535965421115490886&token_id_hash=0x2e46bb0d195acbeba83a1d7e060ce03753bf70781299058ce5afd248bedb2c86
Decentralized,+GRAPH,Breakpoint. by James Merrill,abc9532c-3b95-4502-b0ac-fa5a64510ccd,abc9532c-3b95-4502-b0ac-fa5a64510ccd,0xacd3392e9Ec2C4D876D09DC38cb52F842Ea58096,118466963467443821351093017535965421115490889,200,0.51,,Breakpoint. by James Merrill,abc9532c-3b95-4502-b0ac-fa5a64510ccd,Breakpoint. #10,https://ipfs.feralfile.com/ipfs/QmV1y5gjKAYrhSrcUZNyXF7P5F9Thp8Mw9wQBRHJbRiStk?,https://ipfs.feralfile.com/ipfs/QmTWWzttfxwKwnnUktw9SJ7SHKCEoDHgAscnaMW9FDojQG?edition_number=9&artwork_number=10&blockchain=ethereum&contract=0xacd3392e9Ec2C4D876D09DC38cb52F842Ea58096&token_id=118466963467443821351093017535965421115490889&token_id_hash=0x1d4ae9548fb2bbb5c7e21ec15d4b80f3494562a2ce1ccb3b7f020ffea2e297fd
Decentralized,+GRAPH,Breakpoint. by James Merrill,abc9532c-3b95-4502-b0ac-fa5a64510ccd,abc9532c-3b95-4502-b0ac-fa5a64510ccd,0xacd3392e9Ec2C4D876D09DC38cb52F842Ea58096,118466963467443821351093017535965421115490892,200,0.48,,Breakpoint. by James Merrill,abc9532c-3b95-4502-b0ac-fa5a64510ccd,Breakpoint. #13,https://ipfs.feralfile.com/ipfs/QmWUasFdgMbdZpWFSD792oRB9FtEpJbxVzDDyk4mkASvVj?,https://ipfs.feralfile.com/ipfs/QmTWWzttfxwKwnnUktw9SJ7SHKCEoDHgAscnaMW9FDojQG?edition_number=12&artwork_number=13&blockchain=ethereum&contract=0xacd3392e9Ec2C4D876D09DC38cb52F842Ea58096&token_id=118466963467443821351093017535965421115490892&token_id_hash=0x2a89815ae610f048594f07079148a2f63f214911d441063bc0621ef6e856e263
Decentralized,+GRAPH,Breakpoint. by James Merrill,abc9532c-3b95-4502-b0ac-fa5a64510ccd,abc9532c-3b95-4502-b0ac-fa5a64510ccd,0xacd3392e9Ec2C4D876D09DC38cb52F842Ea58096,118466963467443821351093017535965421115490895,200,0.5,,Breakpoint. by James Merrill,abc9532c-3b95-4502-b0ac-fa5a64510ccd,Breakpoint. #16,https://ipfs.feralfile.com/ipfs/QmNc1TZLFrnmccoYQbrnnz7uELF4FmtL3HwnMsVHE1bGY8?,https://ipfs.feralfile.com/ipfs/QmTWWzttfxwKwnnUktw9SJ7SHKCEoDHgAscnaMW9FDojQG?edition_number=15&artwork_number=16&blockchain=ethereum&contract=0xacd3392e9Ec2C4D876D09DC38cb52F842Ea58096&token_id=118466963467443821351093017535965421115490895&token_id_hash=0xf8c2bf98619bb070a0badf5618c7bcbe2d79fc1ca60a9be72ab1138cc812c078
Decentralized,+GRAPH,Breakpoint. by James Merrill,abc9532c-3b95-4502-b0ac-fa5a64510ccd,abc9532c-3b95-4502-b0ac-fa5a64510ccd,0xacd3392e9Ec2C4D876D09DC38cb52F842Ea58096,118466963467443821351093017535965421115490898,200,0.67,,Breakpoint. by James Merrill,abc9532c-3b95-4502-b0ac-fa5a64510ccd,Breakpoint. #19,https://ipfs.feralfile.com/ipfs/QmXGsNqMNyBtyW6aUAhWmjtq99ULQ1SdK7F3TQjp6sZyfd?,https://ipfs.feralfile.com/ipfs/QmTWWzttfxwKwnnUktw9SJ7SHKCEoDHgAscnaMW9FDojQG?edition_number=18&artwork_number=19&blockchain=ethereum&contract=0xacd3392e9Ec2C4D876D09DC38cb52F842Ea58096&token_id=118466963467443821351093017535965421115490898&token_id_hash=0x56e0b3537def6bd0727ae6f8a2e103b0c25b71b62696ad0a89e9612e2b997fec
Decentralized,+GRAPH,Breakpoint. by James Merrill,abc9532c-3b95-4502-b0ac-fa5a64510ccd,abc9532c-3b95-4502-b0ac-fa5a64510ccd,0xacd3392e9Ec2C4D876D09DC38cb52F842Ea58096,118466963467443821351093017535965421115490901,200,0.53,,Breakpoint. by James Merrill,abc9532c-3b95-4502-b0ac-fa5a64510ccd,Breakpoint. #22,https://ipfs.feralfile.com/ipfs/QmZXm7agJqDAW1FnBtjQFEGgnSzBzXe9naJuezP4Hx7UBP?,https://ipfs.feralfile.com/ipfs/QmTWWzttfxwKwnnUktw9SJ7SHKCEoDHgAscnaMW9FDojQG?edition_number=21&artwork_number=22&blockchain=ethereum&contract=0xacd3392e9Ec2C4D876D09DC38cb52F842Ea58096&token_id=118466963467443821351093017535965421115490901&token_id_hash=0xb5b56b1228a2c3428e9888c2b18e4fd1a195f749f25e92ec17e2ce3a3f0a2287
Decentralized,+GRAPH,Breakpoint. by James Merrill,abc9532c-3b95-4502-b0ac-fa5a64510ccd,abc9532c-3b95-4502-b0ac-fa5a64510ccd,0xacd3392e9Ec2C4D876D09DC38cb52F842Ea58096,118466963467443821351093017535965421115490904,200,0.46,,Breakpoint. by James Merrill,abc9532c-3b95-4502-b0ac-fa5a64510ccd,Breakpoint. #25,https://ipfs.feralfile.com/ipfs/QmfKM8nguVnrML1FexoXEQTFzX5yhmeEvP9eS4huVC8vds?,https://ipfs.feralfile.com/ipfs/QmTWWzttfxwKwnnUktw9SJ7SHKCEoDHgAscnaMW9FDojQG?edition_number=24&artwork_number=25&blockchain=ethereum&contract=0xacd3392e9Ec2C4D876D09DC38cb52F842Ea58096&token_id=118466963467443821351093017535965421115490904&token_id_hash=0x821d3e2ad6a5e631e0821a986ca83b1331cc96e8d6822933f3397144630156f8
Decentralized,+GRAPH,Breakpoint. by James Merrill,abc9532c-3b95-4502-b0ac-fa5a64510ccd,abc9532c-3b95-4502-b0ac-fa5a64510ccd,0xacd3392e9Ec2C4D876D09DC38cb52F842Ea58096,118466963467443821351093017535965421115490907,200,0.46,,Breakpoint. by James Merrill,abc9532c-3b95-4502-b0ac-fa5a64510ccd,Breakpoint. #28,https://ipfs.feralfile.com/ipfs/QmP8nehXyNebSfmBpHYpCJHCTNC6dQfZGyFqDxD9kJwMbK?,https://ipfs.feralfile.com/ipfs/QmTWWzttfxwKwnnUktw9SJ7SHKCEoDHgAscnaMW9FDojQG?edition_number=27&artwork_number=28&blockchain=ethereum&contract=0xacd3392e9Ec2C4D876D09DC38cb52F842Ea58096&token_id=118466963467443821351093017535965421115490907&token_id_hash=0x4b1865ad8e3ff04ae2fd0d17921ddd02463e5c4e2a2151b1c397eca8f6d315fc
Decentralized,+GRAPH,ANATOMY of a rabbit but bird by Iskra Velitchkova,fe2f3149-d59c-44dc-ba15-f9bc21798388,fe2f3149-d59c-44dc-ba15-f9bc21798388,0xacd3392e9Ec2C4D876D09DC38cb52F842Ea58096,1895471415479101141617488280575446737833854080,200,0.59,,ANATOMY of a rabbit but bird by Iskra Velitchkova,fe2f3149-d59c-44dc-ba15-f9bc21798388,ANATOMY of a rabbit but bird #1,https://ipfs.feralfile.com/ipfs/QmUY1gGgYuMqnfBZfCpc7cC1CdwK1NPHuovsV6mWof7yLn?,https://ipfs.feralfile.com/ipfs/QmV8L3jxdGNDZSZVhDRyDGa9Nr96demsbZMSQiRdpP3vku?edition_number=0&artwork_number=1&blockchain=ethereum&contract=0xacd3392e9Ec2C4D876D09DC38cb52F842Ea58096&token_id=1895471415479101141617488280575446737833854080&token_id_hash=0xf82eb1d0dec2c15401723de9b0ab21bd4e24b27a6202004f2789a6e90b0eb2ab
Decentralized,+GRAPH,ANATOMY of a rabbit but bird by Iskra Velitchkova,fe2f3149-d59c-44dc-ba15-f9bc21798388,fe2f3149-d59c-44dc-ba15-f9bc21798388,0xacd3392e9Ec2C4D876D09DC38cb52F842Ea58096,1895471415479101141617488280575446737833854083,200,0.6,,ANATOMY of a rabbit but bird by Iskra Velitchkova,fe2f3149-d59c-44dc-ba15-f9bc21798388,ANATOMY of a rabbit but bird #4,https://ipfs.feralfile.com/ipfs/QmYC3F8fzonx2PvzL7sdo1hv7sJRxg7oxQnVdtFH12xGrA?,https://ipfs.feralfile.com/ipfs/QmV8L3jxdGNDZSZVhDRyDGa9Nr96demsbZMSQiRdpP3vku?edition_number=3&artwork_number=4&blockchain=ethereum&contract=0xacd3392e9Ec2C4D876D09DC38cb52F842Ea58096&token_id=1895471415479101141617488280575446737833854083&token_id_hash=0x44615b0d215b3aa2199f1ff32e5c0831b2550332fc5d5344fb5034fff3bde931
Decentralized,+GRAPH,ANATOMY of a rabbit but bird by Iskra Velitchkova,fe2f3149-d59c-44dc-ba15-f9bc21798388,fe2f3149-d59c-44dc-ba15-f9bc21798388,0xacd3392e9Ec2C4D876D09DC38cb52F842Ea58096,1895471415479101141617488280575446737833854086,200,0.58,,ANATOMY of a rabbit but bird by Iskra Velitchkova,fe2f3149-d59c-44dc-ba15-f9bc21798388,ANATOMY of a rabbit but bird #7,https://ipfs.feralfile.com/ipfs/QmcJbLvfjRLeva6YBXYgxFH7rDokNVnh2TnSRJ5yTug7iQ?,https://ipfs.feralfile.com/ipfs/QmV8L3jxdGNDZSZVhDRyDGa9Nr96demsbZMSQiRdpP3vku?edition_number=6&artwork_number=7&blockchain=ethereum&contract=0xacd3392e9Ec2C4D876D09DC38cb52F842Ea58096&token_id=1895471415479101141617488280575446737833854086&token_id_hash=0xd705087e792a8122338f187ccc0c2e1649ad147cab236837b687a0bc2f55bbc9
Decentralized,+GRAPH,ANATOMY of a rabbit but bird by Iskra Velitchkova,fe2f3149-d59c-44dc-ba15-f9bc21798388,fe2f3149-d59c-44dc-ba15-f9bc21798388,0xacd3392e9Ec2C4D876D09DC38cb52F842Ea58096,1895471415479101141617488280575446737833854089,200,0.59,,ANATOMY of a rabbit but bird by Iskra Velitchkova,fe2f3149-d59c-44dc-ba15-f9bc21798388,ANATOMY of a rabbit but bird #10,https://ipfs.feralfile.com/ipfs/QmRv9Rj7eyNP1SwmL8Tmjyp3pggMZJgkSJ3pWawGVtA5SR?,https://ipfs.feralfile.com/ipfs/QmV8L3jxdGNDZSZVhDRyDGa9Nr96demsbZMSQiRdpP3vku?edition_number=9&artwork_number=10&blockchain=ethereum&contract=0xacd3392e9Ec2C4D876D09DC38cb52F842Ea58096&token_id=1895471415479101141617488280575446737833854089&token_id_hash=0x4b675ae20908a09fdddee469c82677a1ae364d7c5360b8f113c79cdeb7facf71
Decentralized,+GRAPH,ANATOMY of a rabbit but bird by Iskra Velitchkova,fe2f3149-d59c-44dc-ba15-f9bc21798388,fe2f3149-d59c-44dc-ba15-f9bc21798388,0xacd3392e9Ec2C4D876D09DC38cb52F842Ea58096,1895471415479101141617488280575446737833854092,200,0.6,,ANATOMY of a rabbit but bird by Iskra Velitchkova,fe2f3149-d59c-44dc-ba15-f9bc21798388,ANATOMY of a rabbit but bird #13,https://ipfs.feralfile.com/ipfs/QmbvzHhpAj99ECKXAuwRmy6BWadeqMivCRsCGFFhAmvMoy?,https://ipfs.feralfile.com/ipfs/QmV8L3jxdGNDZSZVhDRyDGa9Nr96demsbZMSQiRdpP3vku?edition_number=12&artwork_number=13&blockchain=ethereum&contract=0xacd3392e9Ec2C4D876D09DC38cb52F842Ea58096&token_id=1895471415479101141617488280575446737833854092&token_id_hash=0xf553c8ae908ca4df7f24ca0fb6c9e965f4549e16773d699f2274b49b997a1479
Decentralized,+GRAPH,ANATOMY of a rabbit but bird by Iskra Velitchkova,fe2f3149-d59c-44dc-ba15-f9bc21798388,fe2f3149-d59c-44dc-ba15-f9bc21798388,0xacd3392e9Ec2C4D876D09DC38cb52F842Ea58096,1895471415479101141617488280575446737833854095,200,0.59,,ANATOMY of a rabbit but bird by Iskra Velitchkova,fe2f3149-d59c-44dc-ba15-f9bc21798388,ANATOMY of a rabbit but bird #16,https://ipfs.feralfile.com/ipfs/QmdiXxZXRWtx99KJugnWJJNem3qWgzdFxZaBBXdJHaeP3H?,https://ipfs.feralfile.com/ipfs/QmV8L3jxdGNDZSZVhDRyDGa9Nr96demsbZMSQiRdpP3vku?edition_number=15&artwork_number=16&blockchain=ethereum&contract=0xacd3392e9Ec2C4D876D09DC38cb52F842Ea58096&token_id=1895471415479101141617488280575446737833854095&token_id_hash=0xfaf56c05dac8e70effad6518023ef80a53f4d8c4f934853aaae6a1684f3507a7
Decentralized,+GRAPH,ANATOMY of a rabbit but bird by Iskra Velitchkova,fe2f3149-d59c-44dc-ba15-f9bc21798388,fe2f3149-d59c-44dc-ba15-f9bc21798388,0xacd3392e9Ec2C4D876D09DC38cb52F842Ea58096,1895471415479101141617488280575446737833854098,200,0.59,,ANATOMY of a rabbit but bird by Iskra Velitchkova,fe2f3149-d59c-44dc-ba15-f9bc21798388,ANATOMY of a rabbit but bird #19,https://ipfs.feralfile.com/ipfs/QmZEKDpXgSg8V7wdeMU7856Sgzvnan3dmtAr6LX1eX3D8D?,https://ipfs.feralfile.com/ipfs/QmV8L3jxdGNDZSZVhDRyDGa9Nr96demsbZMSQiRdpP3vku?edition_number=18&artwork_number=19&blockchain=ethereum&contract=0xacd3392e9Ec2C4D876D09DC38cb52F842Ea58096&token_id=1895471415479101141617488280575446737833854098&token_id_hash=0x657115517ba59ccec13b3846a19bc93a31232dca3c0fc6b004e8f9f728798aa6
Decentralized,+GRAPH,ANATOMY of a rabbit but bird by Iskra Velitchkova,fe2f3149-d59c-44dc-ba15-f9bc21798388,fe2f3149-d59c-44dc-ba15-f9bc21798388,0xacd3392e9Ec2C4D876D09DC38cb52F842Ea58096,1895471415479101141617488280575446737833854101,200,0.6,,ANATOMY of a rabbit but bird by Iskra Velitchkova,fe2f3149-d59c-44dc-ba15-f9bc21798388,ANATOMY of a rabbit but bird #22,https://ipfs.feralfile.com/ipfs/QmaNLbXkRHVkQaHJgsrvghjQS4gpMEeSotepZPmDNTdsm7?,https://ipfs.feralfile.com/ipfs/QmV8L3jxdGNDZSZVhDRyDGa9Nr96demsbZMSQiRdpP3vku?edition_number=21&artwork_number=22&blockchain=ethereum&contract=0xacd3392e9Ec2C4D876D09DC38cb52F842Ea58096&token_id=1895471415479101141617488280575446737833854101&token_id_hash=0xaa0a2bcf7b689d22c5251f57d7dcb5a11085caffc1062ce73a42b884af030977
Decentralized,+GRAPH,ANATOMY of a rabbit but bird by Iskra Velitchkova,fe2f3149-d59c-44dc-ba15-f9bc21798388,fe2f3149-d59c-44dc-ba15-f9bc21798388,0xacd3392e9Ec2C4D876D09DC38cb52F842Ea58096,1895471415479101141617488280575446737833854104,200,0.58,,ANATOMY of a rabbit but bird by Iskra Velitchkova,fe2f3149-d59c-44dc-ba15-f9bc21798388,ANATOMY of a rabbit but bird #25,https://ipfs.feralfile.com/ipfs/QmQ145bso8mvWhGBCPa6v1PMnhVgkPP9vREQidepDa7NEB?,https://ipfs.feralfile.com/ipfs/QmV8L3jxdGNDZSZVhDRyDGa9Nr96demsbZMSQiRdpP3vku?edition_number=24&artwork_number=25&blockchain=ethereum&contract=0xacd3392e9Ec2C4D876D09DC38cb52F842Ea58096&token_id=1895471415479101141617488280575446737833854104&token_id_hash=0xdfdaad3434f1d49a2ddb952757af9291f13e7ccbdc869a93ec1daf0fc04a49e6
Decentralized,+GRAPH,ANATOMY of a rabbit but bird by Iskra Velitchkova,fe2f3149-d59c-44dc-ba15-f9bc21798388,fe2f3149-d59c-44dc-ba15-f9bc21798388,0xacd3392e9Ec2C4D876D09DC38cb52F842Ea58096,1895471415479101141617488280575446737833854107,200,0.59,,ANATOMY of a rabbit but bird by Iskra Velitchkova,fe2f3149-d59c-44dc-ba15-f9bc21798388,ANATOMY of a rabbit but bird #28,https://ipfs.feralfile.com/ipfs/QmZGRAPHRYGqzdrUs8xTEN4t21WCbRDYiyCqjr12BTndgv?,https://ipfs.feralfile.com/ipfs/QmV8L3jxdGNDZSZVhDRyDGa9Nr96demsbZMSQiRdpP3vku?edition_number=27&artwork_number=28&blockchain=ethereum&contract=0xacd3392e9Ec2C4D876D09DC38cb52F842Ea58096&token_id=1895471415479101141617488280575446737833854107&token_id_hash=0x0198714da20bb9152cbe98adf9eef91d2ac3dd0151ac9ac66b3a78b62b8b6ca8
Decentralized,BLOOMCORE,BLOOMCORE by Rick Silva,a00f828f-f402-42e6-b382-0d99e7881da7,a00f828f-f402-42e6-b382-0d99e7881da7,0xe59B7D60d7d7183E09d8ABb6DF8B20EB4CF66632,8520038953287439433536834341059117372268365319568716555346026339118809853397,200,0.59,,BLOOMCORE by Rick Silva,a00f828f-f402-42e6-b382-0d99e7881da7,BLOOMCORE #51,https://ipfs.feralfile.com/ipfs/Qmdc3yMcjxBS6EKcYDZcwzaNksJmtwRmBBrobhUnRDm12T?,https://ipfs.feralfile.com/ipfs/QmNyG4RFk3RZfTmXPmRXr2YJk4FTcBwdg4XwhXSoDPfxqT?
Decentralized,BLOOMCORE,BLOOMCORE by Rick Silva,a00f828f-f402-42e6-b382-0d99e7881da7,a00f828f-f402-42e6-b382-0d99e7881da7,0xe59B7D60d7d7183E09d8ABb6DF8B20EB4CF66632,8520038953287439433536834341059117372268365319568716555346026339118809853401,200,0.59,,BLOOMCORE by Rick Silva,a00f828f-f402-42e6-b382-0d99e7881da7,BLOOMCORE #55,https://ipfs.feralfile.com/ipfs/QmQjbJ3CjGWMdNCyb3cEECXKfLzmN8uye2mna2GHj4WYam?,https://ipfs.feralfile.com/ipfs/QmNYebCUxoVUWuzML2RJwMhK6N3QbhxvksnuAmsn6nVuKt?
Decentralized,BLOOMCORE,BLOOMCORE by Rick Silva,a00f828f-f402-42e6-b382-0d99e7881da7,a00f828f-f402-42e6-b382-0d99e7881da7,0xe59B7D60d7d7183E09d8ABb6DF8B20EB4CF66632,8520038953287439433536834341059117372268365319568716555346026339118809853350,200,0.59,,BLOOMCORE by Rick Silva,a00f828f-f402-42e6-b382-0d99e7881da7,BLOOMCORE #4,https://ipfs.feralfile.com/ipfs/Qmagx9ttRNytK68mgdQNdHvE4KcKX4D4Mehj4WhDMCVA3L?,https://ipfs.feralfile.com/ipfs/QmUzsJ3Xm78PeTDE2kYjJCV1o47gmt5eoAN3u5hZfJmCMA?
Decentralized,BLOOMCORE,BLOOMCORE by Rick Silva,a00f828f-f402-42e6-b382-0d99e7881da7,a00f828f-f402-42e6-b382-0d99e7881da7,0xe59B7D60d7d7183E09d8ABb6DF8B20EB4CF66632,8520038953287439433536834341059117372268365319568716555346026339118809853354,200,0.58,,BLOOMCORE by Rick Silva,a00f828f-f402-42e6-b382-0d99e7881da7,BLOOMCORE #8,https://ipfs.feralfile.com/ipfs/QmXZataLFjwkgoxZMuQpAfENgMvN7meJ9EEKnkGvPCTE18?,https://ipfs.feralfile.com/ipfs/QmWNMUegFSov3iLUwLUS3q1toFgnsW35rzrzfhZ4ZZzu3o?
Decentralized,BLOOMCORE,BLOOMCORE by Rick Silva,a00f828f-f402-42e6-b382-0d99e7881da7,a00f828f-f402-42e6-b382-0d99e7881da7,0xe59B7D60d7d7183E09d8ABb6DF8B20EB4CF66632,8520038953287439433536834341059117372268365319568716555346026339118809853358,200,0.6,,BLOOMCORE by Rick Silva,a00f828f-f402-42e6-b382-0d99e7881da7,BLOOMCORE #12,https://ipfs.feralfile.com/ipfs/QmZdv32p93agYy3LhxiB4nbwzDWZk8N3GYGhXfAHuZuhTJ?,https://ipfs.feralfile.com/ipfs/QmaoHPG2YphtbVsvLCzeVS5B8yhp3ZXgjaLZyofJWfnvbE?
Decentralized,BLOOMCORE,BLOOMCORE by Rick Silva,a00f828f-f402-42e6-b382-0d99e7881da7,a00f828f-f402-42e6-b382-0d99e7881da7,0xe59B7D60d7d7183E09d8ABb6DF8B20EB4CF66632,8520038953287439433536834341059117372268365319568716555346026339118809853362,200,0.59,,BLOOMCORE by Rick Silva,a00f828f-f402-42e6-b382-0d99e7881da7,BLOOMCORE #16,https://ipfs.feralfile.com/ipfs/QmY2kczg4gLsgRytt4aTFbnDxFrP1jqBnfuHDF2zDuSowH?,https://ipfs.feralfile.com/ipfs/QmdsPcRYzdU5KPkmEsYYAhxReGjEDG2V9P5JkaRAWp5ftC?
Decentralized,BLOOMCORE,BLOOMCORE by Rick Silva,a00f828f-f402-42e6-b382-0d99e7881da7,a00f828f-f402-42e6-b382-0d99e7881da7,0xe59B7D60d7d7183E09d8ABb6DF8B20EB4CF66632,8520038953287439433536834341059117372268365319568716555346026339118809853366,200,0.59,,BLOOMCORE by Rick Silva,a00f828f-f402-42e6-b382-0d99e7881da7,BLOOMCORE #20,https://ipfs.feralfile.com/ipfs/QmeW2mroSF7M9v2e2VQSWCbhqKVREFjSDPEDVUwYTuiz1a?,https://ipfs.feralfile.com/ipfs/QmbcJt1LxhceQSYHs7iwGqW1S7mvqdzEJ8pJ9WNcn3ucYz?
Decentralized,BLOOMCORE,BLOOMCORE by Rick Silva,a00f828f-f402-42e6-b382-0d99e7881da7,a00f828f-f402-42e6-b382-0d99e7881da7,0xe59B7D60d7d7183E09d8ABb6DF8B20EB4CF66632,8520038953287439433536834341059117372268365319568716555346026339118809853370,200,0.59,,BLOOMCORE by Rick Silva,a00f828f-f402-42e6-b382-0d99e7881da7,BLOOMCORE #24,https://ipfs.feralfile.com/ipfs/QmWZfHATAYiAPdaDi3Xe7qJ6kUWhY422EozRut44MPqKjt?,https://ipfs.feralfile.com/ipfs/Qmf5PsJsR1L8SMpaL7VEFq8RSg6GGY7BhKfoKggLv3rVDH?
Decentralized,BLOOMCORE,BLOOMCORE by Rick Silva,a00f828f-f402-42e6-b382-0d99e7881da7,a00f828f-f402-42e6-b382-0d99e7881da7,0xe59B7D60d7d7183E09d8ABb6DF8B20EB4CF66632,8520038953287439433536834341059117372268365319568716555346026339118809853374,200,0.58,,BLOOMCORE by Rick Silva,a00f828f-f402-42e6-b382-0d99e7881da7,BLOOMCORE #28,https://ipfs.feralfile.com/ipfs/QmdvDyANr2JnDArFyfewwrGqB3DaAFN5N3ya2HXGfYUxom?,https://ipfs.feralfile.com/ipfs/QmfT4WTMr9K9KwThGRpysyHeaZihyHeNVW5UAmhQv7AN4S?
Decentralized,BLOOMCORE,BLOOMCORE by Rick Silva,a00f828f-f402-42e6-b382-0d99e7881da7,a00f828f-f402-42e6-b382-0d99e7881da7,0xe59B7D60d7d7183E09d8ABb6DF8B20EB4CF66632,8520038953287439433536834341059117372268365319568716555346026339118809853378,200,0.58,,BLOOMCORE by Rick Silva,a00f828f-f402-42e6-b382-0d99e7881da7,BLOOMCORE #32,https://ipfs.feralfile.com/ipfs/Qmf9A6CwS1qopohtTKMjPvCngSyA7dLJ1yoZdddCk3X9wL?,https://ipfs.feralfile.com/ipfs/QmZffLvAGwVwB2pEf1qcvLaYqzn6t7AJphbS2TJ5inD7We?
Decentralized,BOOM TOWN,BOOM TOWN by Peter Burr,24e7d8fd-01b9-4673-9f46-6f69118feda1,4c2da678-ac66-4b85-8fd5-75fc26ba0a5b,0x6003994adECA13407E8dbEE808280CC3EF2ab820,31407201287127526542816856047451791715680458487654720084356565537967265406231,200,0.58,,BOOM TOWN by Peter Burr,24e7d8fd-01b9-4673-9f46-6f69118feda1,LUXURY HOME ,https://cdn.feralfileassets.com/thumbnails/4c2da678-ac66-4b85-8fd5-75fc26ba0a5b/1670290538,https://cdn.feralfileassets.com/previews/4c2da678-ac66-4b85-8fd5-75fc26ba0a5b/1670988429/?edition_number=0&blockchain=ethereum&contract=0x6003994adeca13407e8dbee808280cc3ef2ab820&token_id=31407201287127526542816856047451791715680458487654720084356565537967265406231&token_id_hash=0xb80728bb82a1f8145807cf2432c7b60ffb9776e9952c3495d24ab17cec1ee6d8
Decentralized,BOOM TOWN,MONOPOLY SET by Peter Burr,7b70df63-d20f-44bb-9026-be9e824f0cf8,7b70df63-d20f-44bb-9026-be9e824f0cf8,0x14a62abFEC0e09159fBE9c050F3B03044fC7ea52,23036679589663440554974536202901764979138118108482058082262678602930902118311,200,0.45,,MONOPOLY SET by Peter Burr,7b70df63-d20f-44bb-9026-be9e824f0cf8,MONOPOLY SET ,https://cdn.feralfileassets.com/previews/7b70df63-d20f-44bb-9026-be9e824f0cf8/1670991556/preview.png,
Decentralized,BOOM TOWN,BOOM TOWN by Peter Burr,24e7d8fd-01b9-4673-9f46-6f69118feda1,d247736f-14d8-4e9a-8408-3f2328ae4459,0x6003994adECA13407E8dbEE808280CC3EF2ab820,19926596094255126125166421402975005060328841433878809074115704782911025446719,200,0.59,,BOOM TOWN by Peter Burr,24e7d8fd-01b9-4673-9f46-6f69118feda1,POWER PLANT ,https://cdn.feralfileassets.com/thumbnails/d247736f-14d8-4e9a-8408-3f2328ae4459/1670290096,https://cdn.feralfileassets.com/previews/d247736f-14d8-4e9a-8408-3f2328ae4459/1670988316/?edition_number=0&blockchain=ethereum&contract=0x6003994adeca13407e8dbee808280cc3ef2ab820&token_id=19926596094255126125166421402975005060328841433878809074115704782911025446719&token_id_hash=0xf1b1692581af839311065e972fb488ef67649e972131d7a8c8be3d990bd67104
Decentralized,BOOM TOWN,BOOM TOWN by Peter Burr,24e7d8fd-01b9-4673-9f46-6f69118feda1,fa38844a-ecc1-45be-b260-ceab60504697,0x6003994adECA13407E8dbEE808280CC3EF2ab820,57129125216325247059066131395135709425197979245094347477997960213448800830594,200,0.59,,BOOM TOWN by Peter Burr,24e7d8fd-01b9-4673-9f46-6f69118feda1,EMPTY LOT #133,https://cdn.feralfileassets.com/thumbnails/fa38844a-ecc1-45be-b260-ceab60504697/1670301091,https://cdn.feralfileassets.com/previews/fa38844a-ecc1-45be-b260-ceab60504697/1670992452/?edition_number=135&blockchain=ethereum&contract=0x6003994adECA13407E8dbEE808280CC3EF2ab820&token_id=57129125216325247059066131395135709425197979245094347477997960213448800830594&token_id_hash=0x8825d5408f029e1ce551eb85c96dd4d7c1ffd43678666ac54505d17b0f7a8f2d
Decentralized,BOOM TOWN,BOOM TOWN by Peter Burr,24e7d8fd-01b9-4673-9f46-6f69118feda1,fa38844a-ecc1-45be-b260-ceab60504697,0x6003994adECA13407E8dbEE808280CC3EF2ab820,57129125216325247059066131395135709425197979245094347477997960213448800830598,200,0.59,,BOOM TOWN by Peter Burr,24e7d8fd-01b9-4673-9f46-6f69118feda1,EMPTY LOT #137,https://cdn.feralfileassets.com/thumbnails/fa38844a-ecc1-45be-b260-ceab60504697/1670301091,https://cdn.feralfileassets.com/previews/fa38844a-ecc1-45be-b260-ceab60504697/1670992452/?edition_number=139&blockchain=ethereum&contract=0x6003994adECA13407E8dbEE808280CC3EF2ab820&token_id=57129125216325247059066131395135709425197979245094347477997960213448800830598&token_id_hash=0xfd770d65761e0343cc799129311d2a395ee94673e4d32aca216beb48280f6d59
Decentralized,BOOM TOWN,BOOM TOWN by Peter Burr,24e7d8fd-01b9-4673-9f46-6f69118feda1,fa38844a-ecc1-45be-b260-ceab60504697,0x6003994adECA13407E8dbEE808280CC3EF2ab820,57129125216325247059066131395135709425197979245094347477997960213448800830602,200,0.6,,BOOM TOWN by Peter Burr,24e7d8fd-01b9-4673-9f46-6f69118feda1,EMPTY LOT #141,https://cdn.feralfileassets.com/thumbnails/fa38844a-ecc1-45be-b260-ceab60504697/1670301091,https://cdn.feralfileassets.com/previews/fa38844a-ecc1-45be-b260-ceab60504697/1670992452/?edition_number=143&blockchain=ethereum&contract=0x6003994adECA13407E8dbEE808280CC3EF2ab820&token_id=57129125216325247059066131395135709425197979245094347477997960213448800830602&token_id_hash=0xeee4a7730a3e26a3dbc37dfa9280b4d3b4c3fd0d4cec5ff9fa0727543a05166e
Decentralized,BOOM TOWN,BOOM TOWN by Peter Burr,24e7d8fd-01b9-4673-9f46-6f69118feda1,fa38844a-ecc1-45be-b260-ceab60504697,0x6003994adECA13407E8dbEE808280CC3EF2ab820,57129125216325247059066131395135709425197979245094347477997960213448800830606,200,0.59,,BOOM TOWN by Peter Burr,24e7d8fd-01b9-4673-9f46-6f69118feda1,EMPTY LOT #145,https://cdn.feralfileassets.com/thumbnails/fa38844a-ecc1-45be-b260-ceab60504697/1670301091,https://cdn.feralfileassets.com/previews/fa38844a-ecc1-45be-b260-ceab60504697/1670992452/?edition_number=147&blockchain=ethereum&contract=0x6003994adECA13407E8dbEE808280CC3EF2ab820&token_id=57129125216325247059066131395135709425197979245094347477997960213448800830606&token_id_hash=0xd962e96498724bab00061b33eb4623ea6979175dc26aaf18f45c3247d22f87d8
Decentralized,BOOM TOWN,BOOM TOWN by Peter Burr,24e7d8fd-01b9-4673-9f46-6f69118feda1,fa38844a-ecc1-45be-b260-ceab60504697,0x6003994adECA13407E8dbEE808280CC3EF2ab820,57129125216325247059066131395135709425197979245094347477997960213448800830610,200,0.58,,BOOM TOWN by Peter Burr,24e7d8fd-01b9-4673-9f46-6f69118feda1,EMPTY LOT #149,https://cdn.feralfileassets.com/thumbnails/fa38844a-ecc1-45be-b260-ceab60504697/1670301091,https://cdn.feralfileassets.com/previews/fa38844a-ecc1-45be-b260-ceab60504697/1670992452/?edition_number=151&blockchain=ethereum&contract=0x6003994adECA13407E8dbEE808280CC3EF2ab820&token_id=57129125216325247059066131395135709425197979245094347477997960213448800830610&token_id_hash=0x505bfba1dce34a6b7754ae8d56eef10f2cd6d8580abd872d94431252e1b7416e
Decentralized,BOOM TOWN,BOOM TOWN by Peter Burr,24e7d8fd-01b9-4673-9f46-6f69118feda1,fa38844a-ecc1-45be-b260-ceab60504697,0x6003994adECA13407E8dbEE808280CC3EF2ab820,57129125216325247059066131395135709425197979245094347477997960213448800830614,200,0.59,,BOOM TOWN by Peter Burr,24e7d8fd-01b9-4673-9f46-6f69118feda1,EMPTY LOT #153,https://cdn.feralfileassets.com/thumbnails/fa38844a-ecc1-45be-b260-ceab60504697/1670301091,https://cdn.feralfileassets.com/previews/fa38844a-ecc1-45be-b260-ceab60504697/1670992452/?edition_number=155&blockchain=ethereum&contract=0x6003994adECA13407E8dbEE808280CC3EF2ab820&token_id=57129125216325247059066131395135709425197979245094347477997960213448800830614&token_id_hash=0xf1c9a79a5decdc0e67993e674b78f812fef938b7dbb0a0679a277fcaedb27385
Decentralized,BOOM TOWN,BOOM TOWN by Peter Burr,24e7d8fd-01b9-4673-9f46-6f69118feda1,fa38844a-ecc1-45be-b260-ceab60504697,0x6003994adECA13407E8dbEE808280CC3EF2ab820,57129125216325247059066131395135709425197979245094347477997960213448800830571,200,0.59,,BOOM TOWN by Peter Burr,24e7d8fd-01b9-4673-9f46-6f69118feda1,EMPTY LOT #110,https://cdn.feralfileassets.com/thumbnails/fa38844a-ecc1-45be-b260-ceab60504697/1670301091,https://cdn.feralfileassets.com/previews/fa38844a-ecc1-45be-b260-ceab60504697/1670992452/?edition_number=112&blockchain=ethereum&contract=0x6003994adECA13407E8dbEE808280CC3EF2ab820&token_id=57129125216325247059066131395135709425197979245094347477997960213448800830571&token_id_hash=0x5eb79bc95581b95aa2164e34be4de35951cd1b9722424558642cc35a0ce8760b
Decentralized,BOOM TOWN,BOOM TOWN by Peter Burr,24e7d8fd-01b9-4673-9f46-6f69118feda1,fa38844a-ecc1-45be-b260-ceab60504697,0x6003994adECA13407E8dbEE808280CC3EF2ab820,57129125216325247059066131395135709425197979245094347477997960213448800830575,200,0.59,,BOOM TOWN by Peter Burr,24e7d8fd-01b9-4673-9f46-6f69118feda1,EMPTY LOT #114,https://cdn.feralfileassets.com/thumbnails/fa38844a-ecc1-45be-b260-ceab60504697/1670301091,https://cdn.feralfileassets.com/previews/fa38844a-ecc1-45be-b260-ceab60504697/1670992452/?edition_number=116&blockchain=ethereum&contract=0x6003994adECA13407E8dbEE808280CC3EF2ab820&token_id=57129125216325247059066131395135709425197979245094347477997960213448800830575&token_id_hash=0x715b5e37d21d5347a8a733bd3e4be25cbfafc2e3ed7b4c0c767dafa3c3571cb7
Decentralized,BOOM TOWN,BOOM TOWN by Peter Burr,24e7d8fd-01b9-4673-9f46-6f69118feda1,fa38844a-ecc1-45be-b260-ceab60504697,0x6003994adECA13407E8dbEE808280CC3EF2ab820,57129125216325247059066131395135709425197979245094347477997960213448800830579,200,0.6,,BOOM TOWN by Peter Burr,24e7d8fd-01b9-4673-9f46-6f69118feda1,EMPTY LOT #118,https://cdn.feralfileassets.com/thumbnails/fa38844a-ecc1-45be-b260-ceab60504697/1670301091,https://cdn.feralfileassets.com/previews/fa38844a-ecc1-45be-b260-ceab60504697/1670992452/?edition_number=120&blockchain=ethereum&contract=0x6003994adECA13407E8dbEE808280CC3EF2ab820&token_id=57129125216325247059066131395135709425197979245094347477997960213448800830579&token_id_hash=0xbf74482cbb44f81f914c30e7638f944e1201461ef14cd6481a7f973e2f8ced74
Decentralized,BOOM TOWN,BOOM TOWN by Peter Burr,24e7d8fd-01b9-4673-9f46-6f69118feda1,fa38844a-ecc1-45be-b260-ceab60504697,0x6003994adECA13407E8dbEE808280CC3EF2ab820,57129125216325247059066131395135709425197979245094347477997960213448800830583,200,0.59,,BOOM TOWN by Peter Burr,24e7d8fd-01b9-4673-9f46-6f69118feda1,EMPTY LOT #122,https://cdn.feralfileassets.com/thumbnails/fa38844a-ecc1-45be-b260-ceab60504697/1670301091,https://cdn.feralfileassets.com/previews/fa38844a-ecc1-45be-b260-ceab60504697/1670992452/?edition_number=124&blockchain=ethereum&contract=0x6003994adECA13407E8dbEE808280CC3EF2ab820&token_id=57129125216325247059066131395135709425197979245094347477997960213448800830583&token_id_hash=0x0b88503048b37e5c37838975c6df1016e08f051510b67814bbf059dd858138b4
Decentralized,COLORS OF NOISE,COLORS OF NOISE by Kim Asendorf,87d406ed-010f-4b76-91a2-41bcec98f51a,87d406ed-010f-4b76-91a2-41bcec98f51a,0xD156b0297f33Ddd706Ddeb018371FFDf02868e79,37847030808823349563907102097979397284732682243657619279198386116874638698893,200,0.44,,COLORS OF NOISE by Kim Asendorf,87d406ed-010f-4b76-91a2-41bcec98f51a,COLORS OF NOISE #1,https://ipfs.feralfile.com/ipfs/QmcDGb5chK17WiH38iuYcpraQGyEoKdhh8WSVrhzs5Ch3k?,https://ipfs.feralfile.com/ipfs/QmQ7sDiRA1pdkYjjPNTaMhQyLxSP3zaAs5uziyikB1j8bf?edition_number=0&blockchain=ethereum&contract=0xD156b0297f33Ddd706Ddeb018371FFDf02868e79&token_id=37847030808823349563907102097979397284732682243657619279198386116874638698893&token_id_hash=0x54860535dbd52fbfa7275d472c77d743c342d2210e684febe1d65f3dac6e0702
Decentralized,COLORS OF NOISE,COLORS OF NOISE by Kim Asendorf,87d406ed-010f-4b76-91a2-41bcec98f51a,87d406ed-010f-4b76-91a2-41bcec98f51a,0xD156b0297f33Ddd706Ddeb018371FFDf02868e79,37847030808823349563907102097979397284732682243657619279198386116874638698897,200,0.45,,COLORS OF NOISE by Kim Asendorf,87d406ed-010f-4b76-91a2-41bcec98f51a,COLORS OF NOISE #5,https://ipfs.feralfile.com/ipfs/QmNrCfCVsZXjBwbn2k6qkDt7XrJB5RS7WDvfpTn9omWKk6?,https://ipfs.feralfile.com/ipfs/QmQ7sDiRA1pdkYjjPNTaMhQyLxSP3zaAs5uziyikB1j8bf?edition_number=4&blockchain=ethereum&contract=0xD156b0297f33Ddd706Ddeb018371FFDf02868e79&token_id=37847030808823349563907102097979397284732682243657619279198386116874638698897&token_id_hash=0x95663b9aeea55c7364f07aca2efc91739f648dcdecb100afd9848b84cbfaf6c5
Decentralized,COLORS OF NOISE,COLORS OF NOISE by Kim Asendorf,87d406ed-010f-4b76-91a2-41bcec98f51a,87d406ed-010f-4b76-91a2-41bcec98f51a,0xD156b0297f33Ddd706Ddeb018371FFDf02868e79,37847030808823349563907102097979397284732682243657619279198386116874638698901,200,0.45,,COLORS OF NOISE by Kim Asendorf,87d406ed-010f-4b76-91a2-41bcec98f51a,COLORS OF NOISE #9,https://ipfs.feralfile.com/ipfs/QmVuRSeyvauLsTAbB7JWmFyuj1FgswCNprZPHErdpJ2Z2o?,https://ipfs.feralfile.com/ipfs/QmQ7sDiRA1pdkYjjPNTaMhQyLxSP3zaAs5uziyikB1j8bf?edition_number=8&blockchain=ethereum&contract=0xD156b0297f33Ddd706Ddeb018371FFDf02868e79&token_id=37847030808823349563907102097979397284732682243657619279198386116874638698901&token_id_hash=0xb4bf944c3aa7019660ecfbacf1318e92faf665e75c532fe32ebf6a19c68617cc
Decentralized,COLORS OF NOISE,COLORS OF NOISE by Kim Asendorf,87d406ed-010f-4b76-91a2-41bcec98f51a,87d406ed-010f-4b76-91a2-41bcec98f51a,0xD156b0297f33Ddd706Ddeb018371FFDf02868e79,37847030808823349563907102097979397284732682243657619279198386116874638698905,200,0.45,,COLORS OF NOISE by Kim Asendorf,87d406ed-010f-4b76-91a2-41bcec98f51a,COLORS OF NOISE #13,https://ipfs.feralfile.com/ipfs/QmXv3mdtqE1dYkGzHGAC5ZFsTn4D2GrjxQ392ZHJ5W4Anr?,https://ipfs.feralfile.com/ipfs/QmQ7sDiRA1pdkYjjPNTaMhQyLxSP3zaAs5uziyikB1j8bf?edition_number=12&blockchain=ethereum&contract=0xD156b0297f33Ddd706Ddeb018371FFDf02868e79&token_id=37847030808823349563907102097979397284732682243657619279198386116874638698905&token_id_hash=0xc01dda0b36cdcd93c21dc386b92ea33747815074fa6335be03983154db27f8b8
Decentralized,COLORS OF NOISE,COLORS OF NOISE by Kim Asendorf,87d406ed-010f-4b76-91a2-41bcec98f51a,87d406ed-010f-4b76-91a2-41bcec98f51a,0xD156b0297f33Ddd706Ddeb018371FFDf02868e79,37847030808823349563907102097979397284732682243657619279198386116874638698909,200,0.46,,COLORS OF NOISE by Kim Asendorf,87d406ed-010f-4b76-91a2-41bcec98f51a,COLORS OF NOISE #17,https://ipfs.feralfile.com/ipfs/QmVjhT5Dt7hpJeSUa3dN7siLeA8v8hjuhajiUqa45cE2HN?,https://ipfs.feralfile.com/ipfs/QmQ7sDiRA1pdkYjjPNTaMhQyLxSP3zaAs5uziyikB1j8bf?edition_number=16&blockchain=ethereum&contract=0xD156b0297f33Ddd706Ddeb018371FFDf02868e79&token_id=37847030808823349563907102097979397284732682243657619279198386116874638698909&token_id_hash=0xe4f98267dfd02b074533491420a04b60206325fda433bb20b383e1adb339ca5e
Decentralized,COLORS OF NOISE,COLORS OF NOISE by Kim Asendorf,87d406ed-010f-4b76-91a2-41bcec98f51a,87d406ed-010f-4b76-91a2-41bcec98f51a,0xD156b0297f33Ddd706Ddeb018371FFDf02868e79,37847030808823349563907102097979397284732682243657619279198386116874638698913,200,0.46,,COLORS OF NOISE by Kim Asendorf,87d406ed-010f-4b76-91a2-41bcec98f51a,COLORS OF NOISE #21,https://ipfs.feralfile.com/ipfs/QmWdVFdGzjeiYTokVPpHxAfLAbCYHmyQdJec8CjFxuaTZW?,https://ipfs.feralfile.com/ipfs/QmQ7sDiRA1pdkYjjPNTaMhQyLxSP3zaAs5uziyikB1j8bf?edition_number=20&blockchain=ethereum&contract=0xD156b0297f33Ddd706Ddeb018371FFDf02868e79&token_id=37847030808823349563907102097979397284732682243657619279198386116874638698913&token_id_hash=0x169593bd57bebe3a4bbb83890d6973eafd39b6ce20257470ee5e216b0e670fe5
Decentralized,COLORS OF NOISE,COLORS OF NOISE by Kim Asendorf,87d406ed-010f-4b76-91a2-41bcec98f51a,87d406ed-010f-4b76-91a2-41bcec98f51a,0xD156b0297f33Ddd706Ddeb018371FFDf02868e79,37847030808823349563907102097979397284732682243657619279198386116874638698917,200,0.46,,COLORS OF NOISE by Kim Asendorf,87d406ed-010f-4b76-91a2-41bcec98f51a,COLORS OF NOISE #25,https://ipfs.feralfile.com/ipfs/QmbFMgcUAvMQmcGuyk9ze88QuWsNy6Kvmyf3XSje3Unwaa?,https://ipfs.feralfile.com/ipfs/QmQ7sDiRA1pdkYjjPNTaMhQyLxSP3zaAs5uziyikB1j8bf?edition_number=24&blockchain=ethereum&contract=0xD156b0297f33Ddd706Ddeb018371FFDf02868e79&token_id=37847030808823349563907102097979397284732682243657619279198386116874638698917&token_id_hash=0xd07b3c483f831be31dc944bde06b4fa6cd8a0222d3c3ae23b01eb2726b5cbc0e
Decentralized,COLORS OF NOISE,COLORS OF NOISE by Kim Asendorf,87d406ed-010f-4b76-91a2-41bcec98f51a,87d406ed-010f-4b76-91a2-41bcec98f51a,0xD156b0297f33Ddd706Ddeb018371FFDf02868e79,37847030808823349563907102097979397284732682243657619279198386116874638698921,200,0.45,,COLORS OF NOISE by Kim Asendorf,87d406ed-010f-4b76-91a2-41bcec98f51a,COLORS OF NOISE #29,https://ipfs.feralfile.com/ipfs/QmXNrsryeAug2CS2n6koJard21a4gGgP3Zbu5EHVktsZao?,https://ipfs.feralfile.com/ipfs/QmQ7sDiRA1pdkYjjPNTaMhQyLxSP3zaAs5uziyikB1j8bf?edition_number=28&blockchain=ethereum&contract=0xD156b0297f33Ddd706Ddeb018371FFDf02868e79&token_id=37847030808823349563907102097979397284732682243657619279198386116874638698921&token_id_hash=0x35a0ff30d049fc699ca614cd4d963b3da82dc68d778cb35abdefe7ec10e0692f
Decentralized,COLORS OF NOISE,COLORS OF NOISE by Kim Asendorf,87d406ed-010f-4b76-91a2-41bcec98f51a,87d406ed-010f-4b76-91a2-41bcec98f51a,0xD156b0297f33Ddd706Ddeb018371FFDf02868e79,37847030808823349563907102097979397284732682243657619279198386116874638698925,200,0.45,,COLORS OF NOISE by Kim Asendorf,87d406ed-010f-4b76-91a2-41bcec98f51a,COLORS OF NOISE #33,https://ipfs.feralfile.com/ipfs/QmPx15dztxyGhWVGjLKYJM9ggeCLhudv8gSmUDLHfiPYG2?,https://ipfs.feralfile.com/ipfs/QmQ7sDiRA1pdkYjjPNTaMhQyLxSP3zaAs5uziyikB1j8bf?edition_number=32&blockchain=ethereum&contract=0xD156b0297f33Ddd706Ddeb018371FFDf02868e79&token_id=37847030808823349563907102097979397284732682243657619279198386116874638698925&token_id_hash=0x540199aa7f5b70c75b7f88d3c11407d2bbd4ba987000470133b5b55d644fe93c
Decentralized,COLORS OF NOISE,COLORS OF NOISE by Kim Asendorf,87d406ed-010f-4b76-91a2-41bcec98f51a,87d406ed-010f-4b76-91a2-41bcec98f51a,0xD156b0297f33Ddd706Ddeb018371FFDf02868e79,37847030808823349563907102097979397284732682243657619279198386116874638698929,200,0.46,,COLORS OF NOISE by Kim Asendorf,87d406ed-010f-4b76-91a2-41bcec98f51a,COLORS OF NOISE #37,https://ipfs.feralfile.com/ipfs/QmeVMPa66VKWYLSrE3FU5F3cDMYkNU5KsvHtBupCD2Wfk8?,https://ipfs.feralfile.com/ipfs/QmQ7sDiRA1pdkYjjPNTaMhQyLxSP3zaAs5uziyikB1j8bf?edition_number=36&blockchain=ethereum&contract=0xD156b0297f33Ddd706Ddeb018371FFDf02868e79&token_id=37847030808823349563907102097979397284732682243657619279198386116874638698929&token_id_hash=0xba104097f8b12305f7635dd1bbc7da5e9f747c939951bf7e85a1255926e1f6b6
Decentralized,CRAWL,CRAWL WOODBLOCK SCREENSHOTS by Travess Smalley,3c4b0a8b-6d3e-4c32-aaae-c701bb9deca9,1143e5a1-dca3-443e-bee6-944a697aedad,0x81c882c59799eA442317D020c39174AaAa8d7FC7,27271357221255084324537793443996264744604553267670416617055471525879037383744,200,0.46,,CRAWL WOODBLOCK SCREENSHOTS by Travess Smalley,3c4b0a8b-6d3e-4c32-aaae-c701bb9deca9,SITEDCHLO ,https://ipfs.feralfile.com/ipfs/QmRAC9CeCTZDLCnEomMHStBb818HY58RPhX9amuQ1TqNZT?,
Decentralized,CRAWL,CRAWL WOODBLOCK SCREENSHOTS by Travess Smalley,3c4b0a8b-6d3e-4c32-aaae-c701bb9deca9,3d4fe94b-a952-40f3-a939-2a1b23e4cd10,0x81c882c59799eA442317D020c39174AaAa8d7FC7,27271357221255084324537793443996264744604553267670416617055471525879033383744,200,0.47,,CRAWL WOODBLOCK SCREENSHOTS by Travess Smalley,3c4b0a8b-6d3e-4c32-aaae-c701bb9deca9,RAYATRONTOA ,https://ipfs.feralfile.com/ipfs/QmWywyEQnGSe2cxYM5kkr5cc5UPJpcK14Vfpry6sDqBmSB?,
Decentralized,CRAWL,CRAWL WOODBLOCK SCREENSHOTS by Travess Smalley,3c4b0a8b-6d3e-4c32-aaae-c701bb9deca9,49fc6bfe-fae5-4c41-9318-0c0791c610b2,0x81c882c59799eA442317D020c39174AaAa8d7FC7,27271357221255084324537793443996264744604553267670416617055471525879036383744,200,0.45,,CRAWL WOODBLOCK SCREENSHOTS by Travess Smalley,3c4b0a8b-6d3e-4c32-aaae-c701bb9deca9,HYPHADEV ,https://ipfs.feralfile.com/ipfs/QmfYJCbsDHNrAWzDe2b9QfHow1o4isReYnjhvfcUbJqxas?,
Decentralized,CRAWL,CRAWL WOODBLOCK SCREENSHOTS by Travess Smalley,3c4b0a8b-6d3e-4c32-aaae-c701bb9deca9,6168b2a7-8700-4b76-87f3-70c7edbe2a85,0x81c882c59799eA442317D020c39174AaAa8d7FC7,27271357221255084324537793443996264744604553267670416617055471525879034383744,200,0.45,,CRAWL WOODBLOCK SCREENSHOTS by Travess Smalley,3c4b0a8b-6d3e-4c32-aaae-c701bb9deca9,SONGKNOTLIRA ,https://ipfs.feralfile.com/ipfs/QmUzGKWj7hFzsKB2dScuUkSEH89rcY5fRpxzQ2C9Bt2YMn?,
Decentralized,CRAWL,CRAWL WOODBLOCK SCREENSHOTS by Travess Smalley,3c4b0a8b-6d3e-4c32-aaae-c701bb9deca9,7dc28901-7e2e-40ac-bc03-fb82718a223c,0x81c882c59799eA442317D020c39174AaAa8d7FC7,27271357221255084324537793443996264744604553267670416617055471525879039383744,200,0.46,,CRAWL WOODBLOCK SCREENSHOTS by Travess Smalley,3c4b0a8b-6d3e-4c32-aaae-c701bb9deca9,COJARETTE ,https://ipfs.feralfile.com/ipfs/QmdSPUsZ8pMr2Qzrk9D3KHUd51gzWxW9Y8PvEXNTYc2tLW?,
Decentralized,CRAWL,CRAWL WOODBLOCK SCREENSHOTS by Travess Smalley,3c4b0a8b-6d3e-4c32-aaae-c701bb9deca9,81a059ef-0268-416e-9ec4-86857cc48a38,0x81c882c59799eA442317D020c39174AaAa8d7FC7,27271357221255084324537793443996264744604553267670416617055471525879035383744,200,0.45,,CRAWL WOODBLOCK SCREENSHOTS by Travess Smalley,3c4b0a8b-6d3e-4c32-aaae-c701bb9deca9,KICK-NELINE ,https://ipfs.feralfile.com/ipfs/Qmf7CddUquc2hx7Q2fw7gk2QwmBxm182UfJy6w6xJvtmtN?,
Decentralized,CRAWL,CRAWL by Travess Smalley,82dcf3d9-56ba-40bf-b57d-3a631bbdb7d5,82dcf3d9-56ba-40bf-b57d-3a631bbdb7d5,0x81c882c59799eA442317D020c39174AaAa8d7FC7,27271357221255084324537793443996264744604553267670416617055471525879029383749,200,0.45,,CRAWL by Travess Smalley,82dcf3d9-56ba-40bf-b57d-3a631bbdb7d5,CRAWL 006_WAILINGEPIPROCTELYTRON_CRAWL_MAP_BY_TRAVESS_SMALLEY_SEED_1719414349693_PYTHON_V_3_12_3_SCRIPT_V_1_0_DATE_2024-06-26_11-05-49-693494.png,https://ipfs.feralfile.com/ipfs/QmcVdHcqvC8fF2jt39LyA9g8EMqYa68PaYqtZVkmj9MQgZ?,https://ipfs.feralfile.com/ipfs/QmNrk34a5s1wm33ZPQD6j7iP48yQXFwTQ3wooUoTxGnPRP?
Decentralized,CRAWL,CRAWL by Travess Smalley,82dcf3d9-56ba-40bf-b57d-3a631bbdb7d5,82dcf3d9-56ba-40bf-b57d-3a631bbdb7d5,0x81c882c59799eA442317D020c39174AaAa8d7FC7,27271357221255084324537793443996264744604553267670416617055471525879029383773,200,0.47,,CRAWL by Travess Smalley,82dcf3d9-56ba-40bf-b57d-3a631bbdb7d5,CRAWL 030_HILLADDERSPITASTHENOSPHERE_CRAWL_MAP_BY_TRAVESS_SMALLEY_SEED_1719415086530_PYTHON_V_3_12_3_SCRIPT_V_1_0_DATE_2024-06-26_11-18-06-531285.png,https://ipfs.feralfile.com/ipfs/QmQfndJ4vZLLRETis28wQnXq47KeTV3Xcj38MP9zx6j8Xw?,https://ipfs.feralfile.com/ipfs/QmSqZRzNLBD6MCBhWGaRvfktt8nF6ZDPo3n6azBmAi6jGX?
Decentralized,CRAWL,CRAWL by Travess Smalley,82dcf3d9-56ba-40bf-b57d-3a631bbdb7d5,82dcf3d9-56ba-40bf-b57d-3a631bbdb7d5,0x81c882c59799eA442317D020c39174AaAa8d7FC7,27271357221255084324537793443996264744604553267670416617055471525879029383810,200,0.45,,CRAWL by Travess Smalley,82dcf3d9-56ba-40bf-b57d-3a631bbdb7d5,CRAWL 067_SORCERERERODEDGEMSTONE_CRAWL_MAP_BY_TRAVESS_SMALLEY_SEED_1719416223536_PYTHON_V_3_12_3_SCRIPT_V_1_0_DATE_2024-06-26_11-37-03-536342.png,https://ipfs.feralfile.com/ipfs/QmUmkyZoJiTHJJsgDEXLUBmMD19ybh2KGBbY5wbE8yjPZy?,https://ipfs.feralfile.com/ipfs/QmaCRMSodoQ17MdTpFSNengCsnu9jVdLJbEUo8Ymv18WaZ?
Decentralized,CRAWL,CRAWL by Travess Smalley,82dcf3d9-56ba-40bf-b57d-3a631bbdb7d5,82dcf3d9-56ba-40bf-b57d-3a631bbdb7d5,0x81c882c59799eA442317D020c39174AaAa8d7FC7,27271357221255084324537793443996264744604553267670416617055471525879029383861,200,0.44,,CRAWL by Travess Smalley,82dcf3d9-56ba-40bf-b57d-3a631bbdb7d5,CRAWL 118_HOWLINGARCHEARTHMOSS_CRAWL_MAP_BY_TRAVESS_SMALLEY_SEED_1719417879318_PYTHON_V_3_12_3_SCRIPT_V_1_0_DATE_2024-06-26_12-04-39-318276.png,https://ipfs.feralfile.com/ipfs/QmTZU2SrbRrzqgRRUo1mTXLP7uBnbRwzTNVCdQZwpLLfrq?,https://ipfs.feralfile.com/ipfs/Qmd4wFtv4UKGAQsJ4mQiGYHmhKzPpivxcuD5hNNTGhB2qG?
Decentralized,CRAWL,CRAWL by Travess Smalley,82dcf3d9-56ba-40bf-b57d-3a631bbdb7d5,82dcf3d9-56ba-40bf-b57d-3a631bbdb7d5,0x81c882c59799eA442317D020c39174AaAa8d7FC7,27271357221255084324537793443996264744604553267670416617055471525879029383893,200,0.45,,CRAWL by Travess Smalley,82dcf3d9-56ba-40bf-b57d-3a631bbdb7d5,CRAWL 150_VOLCANISMANCIENTAGATE_CRAWL_MAP_BY_TRAVESS_SMALLEY_SEED_1719418907823_PYTHON_V_3_12_3_SCRIPT_V_1_0_DATE_2024-06-26_12-21-47-823568.png,https://ipfs.feralfile.com/ipfs/QmQatT95JcrfdcdE4J1ycsfiuCNC7xvcUuoWom6MzBKD6B?,https://ipfs.feralfile.com/ipfs/QmSj3fQ9RqWsnf92z6Ue5hrc169Mz7PSn5bBVSrLFbwurK?
Decentralized,CRAWL,CRAWL by Travess Smalley,82dcf3d9-56ba-40bf-b57d-3a631bbdb7d5,82dcf3d9-56ba-40bf-b57d-3a631bbdb7d5,0x81c882c59799eA442317D020c39174AaAa8d7FC7,27271357221255084324537793443996264744604553267670416617055471525879029383918,200,0.44,,CRAWL by Travess Smalley,82dcf3d9-56ba-40bf-b57d-3a631bbdb7d5,CRAWL 175_TUFASHAMPILLIONALVEOLUS_CRAWL_MAP_BY_TRAVESS_SMALLEY_SEED_1719419696642_PYTHON_V_3_12_3_SCRIPT_V_1_0_DATE_2024-06-26_12-34-56-642984.png,https://ipfs.feralfile.com/ipfs/QmbCSybQGTHwaZSvsWvz96392Gb7eAWNhkGTqmSEcFdafL?,https://ipfs.feralfile.com/ipfs/Qmakt9JhD9xwLZyVQmtH1sM7KviyXXaktjJeaCVBuLX94J?
Decentralized,CRAWL,CRAWL by Travess Smalley,82dcf3d9-56ba-40bf-b57d-3a631bbdb7d5,82dcf3d9-56ba-40bf-b57d-3a631bbdb7d5,0x81c882c59799eA442317D020c39174AaAa8d7FC7,27271357221255084324537793443996264744604553267670416617055471525879029383940,200,0.46,,CRAWL by Travess Smalley,82dcf3d9-56ba-40bf-b57d-3a631bbdb7d5,CRAWL 197_WILDERNESSINTEGUMENTCASTLE_CRAWL_MAP_BY_TRAVESS_SMALLEY_SEED_1719420421519_PYTHON_V_3_12_3_SCRIPT_V_1_0_DATE_2024-06-26_12-47-01-519925.png,https://ipfs.feralfile.com/ipfs/QmU4yLLCdAXAqMb9XDxpwbGsWwv8xxt3FFsa4X3mQGzDJn?,https://ipfs.feralfile.com/ipfs/QmZhPtxsrBFu8vU1dZp2qkyA1S9BRVHfSV6cwhSSBCqvba?
Decentralized,CRAWL,CRAWL by Travess Smalley,82dcf3d9-56ba-40bf-b57d-3a631bbdb7d5,82dcf3d9-56ba-40bf-b57d-3a631bbdb7d5,0x81c882c59799eA442317D020c39174AaAa8d7FC7,27271357221255084324537793443996264744604553267670416617055471525879029383950,200,0.45,,CRAWL by Travess Smalley,82dcf3d9-56ba-40bf-b57d-3a631bbdb7d5,CRAWL 207_THISTLESIBILANTENTABLATURE_CRAWL_MAP_BY_TRAVESS_SMALLEY_SEED_1719420761141_PYTHON_V_3_12_3_SCRIPT_V_1_0_DATE_2024-06-26_12-52-41-141580.png,https://ipfs.feralfile.com/ipfs/QmWqozpA78w1VayN8hwBeFqGFKss7ofYp5epdCgvzC9vpR?,https://ipfs.feralfile.com/ipfs/QmYYwkQih7aDfBhogQmiWt9EuAcNLYKUzs1XGHhvoJQQQD?
Decentralized,CRAWL,CRAWL by Travess Smalley,82dcf3d9-56ba-40bf-b57d-3a631bbdb7d5,82dcf3d9-56ba-40bf-b57d-3a631bbdb7d5,0x81c882c59799eA442317D020c39174AaAa8d7FC7,27271357221255084324537793443996264744604553267670416617055471525879029383988,200,0.45,,CRAWL by Travess Smalley,82dcf3d9-56ba-40bf-b57d-3a631bbdb7d5,CRAWL 245_SANDERODEDUNFATHOMABLE_CRAWL_MAP_BY_TRAVESS_SMALLEY_SEED_1719421955969_PYTHON_V_3_12_3_SCRIPT_V_1_0_DATE_2024-06-26_13-12-35-970154.png,https://ipfs.feralfile.com/ipfs/QmciXoVvtsSCdyGAeh1WtZuoSX4M69vny43jr45NurvQLk?,https://ipfs.feralfile.com/ipfs/QmWWFkfzQNqd26AqfDyNT7rsWXcWE18xYx1yxChr9RuBw2?
Decentralized,CRAWL,CRAWL by Travess Smalley,82dcf3d9-56ba-40bf-b57d-3a631bbdb7d5,82dcf3d9-56ba-40bf-b57d-3a631bbdb7d5,0x81c882c59799eA442317D020c39174AaAa8d7FC7,27271357221255084324537793443996264744604553267670416617055471525879029384029,200,0.44,,CRAWL by Travess Smalley,82dcf3d9-56ba-40bf-b57d-3a631bbdb7d5,CRAWL 286_BLOSSOMEQUINOXANCIENT_CRAWL_MAP_BY_TRAVESS_SMALLEY_SEED_1719423321250_PYTHON_V_3_12_3_SCRIPT_V_1_0_DATE_2024-06-26_13-35-21-251174.png,https://ipfs.feralfile.com/ipfs/QmQ8sNqd47hH5gniBBrygMqzh1FbLq2RBQLUXz7GuvjvE2?,https://ipfs.feralfile.com/ipfs/QmaCts3dwsEnxP5SdzyLeYy6nTERkb5TVCRAAGX7xbAgTh?
Decentralized,CRAWL,CRAWL WOODBLOCK SCREENSHOTS by Travess Smalley,3c4b0a8b-6d3e-4c32-aaae-c701bb9deca9,9b7bc96c-4805-4018-a51e-de46577ba695,0x81c882c59799eA442317D020c39174AaAa8d7FC7,27271357221255084324537793443996264744604553267670416617055471525879038383744,200,0.46,,CRAWL WOODBLOCK SCREENSHOTS by Travess Smalley,3c4b0a8b-6d3e-4c32-aaae-c701bb9deca9,DAGAREMOTO ,https://ipfs.feralfile.com/ipfs/QmbnE5hTSgRxEGZVi7yu7U7netFcq7g7XBvUVGTHXZ99eG?,
Decentralized,CRAWL,CRAWL WOODBLOCK SCREENSHOTS by Travess Smalley,3c4b0a8b-6d3e-4c32-aaae-c701bb9deca9,ad7c970e-e07e-4f2c-90a2-195165928bcc,0x81c882c59799eA442317D020c39174AaAa8d7FC7,27271357221255084324537793443996264744604553267670416617055471525879040383744,200,0.46,,CRAWL WOODBLOCK SCREENSHOTS by Travess Smalley,3c4b0a8b-6d3e-4c32-aaae-c701bb9deca9,MINAREA ,https://ipfs.feralfile.com/ipfs/QmQVKVEphw2uKbft5ZKxzdTzjLTwbM9yHKysigE6MTVENi?,
Decentralized,CRAWL,CRAWL WOODBLOCK SCREENSHOTS by Travess Smalley,3c4b0a8b-6d3e-4c32-aaae-c701bb9deca9,d37dca13-3966-4801-8779-04cbac4a0ca1,0x81c882c59799eA442317D020c39174AaAa8d7FC7,27271357221255084324537793443996264744604553267670416617055471525879032383744,200,0.55,,CRAWL WOODBLOCK SCREENSHOTS by Travess Smalley,3c4b0a8b-6d3e-4c32-aaae-c701bb9deca9,LAMOSEA ,https://ipfs.feralfile.com/ipfs/QmbtAn8oTRMf4z27YDqu7q21FCQRV7qiU3mhWyN9S1tbpg?,
Decentralized,CRAWL,CRAWL WOODBLOCK SCREENSHOTS by Travess Smalley,3c4b0a8b-6d3e-4c32-aaae-c701bb9deca9,e6b8db26-3ca5-4a24-896f-6fe9a76a12a2,0x81c882c59799eA442317D020c39174AaAa8d7FC7,27271357221255084324537793443996264744604553267670416617055471525879031383744,200,0.45,,CRAWL WOODBLOCK SCREENSHOTS by Travess Smalley,3c4b0a8b-6d3e-4c32-aaae-c701bb9deca9,NOTOPORE ,https://ipfs.feralfile.com/ipfs/QmSEQUvU3pz5JRCe9JdmM2NbegCg9RTNRJ2UnFc4B2x7cJ?,
Decentralized,Chain Reaction,Public View / Private View by Jennifer and Kevin McCoy,3a69abd1-7a86-4538-96ed-972252fc2ca0,3a69abd1-7a86-4538-96ed-972252fc2ca0,0xc4f0ee96676D3de800b9725eb628DE1C5a0CBea1,31221468210609484860409183864532577577041700613675444716595920226587732227163,200,0.46,,Public View / Private View by Jennifer and Kevin McCoy,3a69abd1-7a86-4538-96ed-972252fc2ca0,Public View / Private View #44,https://cdn.feralfileassets.com/thumbnails/3a69abd1-7a86-4538-96ed-972252fc2ca0/1676248747,https://cdn.feralfileassets.com/previews/3a69abd1-7a86-4538-96ed-972252fc2ca0/1676256304/preview.mp4
Decentralized,Chain Reaction,Public View / Private View by Jennifer and Kevin McCoy,3a69abd1-7a86-4538-96ed-972252fc2ca0,3a69abd1-7a86-4538-96ed-972252fc2ca0,0xc4f0ee96676D3de800b9725eb628DE1C5a0CBea1,31221468210609484860409183864532577577041700613675444716595920226587732227167,200,0.46,,Public View / Private View by Jennifer and Kevin McCoy,3a69abd1-7a86-4538-96ed-972252fc2ca0,Public View / Private View #48,https://cdn.feralfileassets.com/thumbnails/3a69abd1-7a86-4538-96ed-972252fc2ca0/1676248747,https://cdn.feralfileassets.com/previews/3a69abd1-7a86-4538-96ed-972252fc2ca0/1676256304/preview.mp4
Decentralized,Chain Reaction,Public View / Private View by Jennifer and Kevin McCoy,3a69abd1-7a86-4538-96ed-972252fc2ca0,3a69abd1-7a86-4538-96ed-972252fc2ca0,0xc4f0ee96676D3de800b9725eb628DE1C5a0CBea1,31221468210609484860409183864532577577041700613675444716595920226587732227171,200,0.45,,Public View / Private View by Jennifer and Kevin McCoy,3a69abd1-7a86-4538-96ed-972252fc2ca0,Public View / Private View #52,https://cdn.feralfileassets.com/thumbnails/3a69abd1-7a86-4538-96ed-972252fc2ca0/1676248747,https://cdn.feralfileassets.com/previews/3a69abd1-7a86-4538-96ed-972252fc2ca0/1676256304/preview.mp4
Decentralized,Chain Reaction,Public View / Private View by Jennifer and Kevin McCoy,3a69abd1-7a86-4538-96ed-972252fc2ca0,3a69abd1-7a86-4538-96ed-972252fc2ca0,0xc4f0ee96676D3de800b9725eb628DE1C5a0CBea1,31221468210609484860409183864532577577041700613675444716595920226587732227175,200,0.45,,Public View / Private View by Jennifer and Kevin McCoy,3a69abd1-7a86-4538-96ed-972252fc2ca0,Public View / Private View #56,https://cdn.feralfileassets.com/thumbnails/3a69abd1-7a86-4538-96ed-972252fc2ca0/1676248747,https://cdn.feralfileassets.com/previews/3a69abd1-7a86-4538-96ed-972252fc2ca0/1676256304/preview.mp4
Decentralized,Chain Reaction,Public View / Private View by Jennifer and Kevin McCoy,3a69abd1-7a86-4538-96ed-972252fc2ca0,3a69abd1-7a86-4538-96ed-972252fc2ca0,0xc4f0ee96676D3de800b9725eb628DE1C5a0CBea1,31221468210609484860409183864532577577041700613675444716595920226587732227179,200,0.45,,Public View / Private View by Jennifer and Kevin McCoy,3a69abd1-7a86-4538-96ed-972252fc2ca0,Public View / Private View #60,https://cdn.feralfileassets.com/thumbnails/3a69abd1-7a86-4538-96ed-972252fc2ca0/1676248747,https://cdn.feralfileassets.com/previews/3a69abd1-7a86-4538-96ed-972252fc2ca0/1676256304/preview.mp4
Decentralized,Chain Reaction,Public View / Private View by Jennifer and Kevin McCoy,3a69abd1-7a86-4538-96ed-972252fc2ca0,3a69abd1-7a86-4538-96ed-972252fc2ca0,0xc4f0ee96676D3de800b9725eb628DE1C5a0CBea1,31221468210609484860409183864532577577041700613675444716595920226587732227183,200,0.45,,Public View / Private View by Jennifer and Kevin McCoy,3a69abd1-7a86-4538-96ed-972252fc2ca0,Public View / Private View #64,https://cdn.feralfileassets.com/thumbnails/3a69abd1-7a86-4538-96ed-972252fc2ca0/1676248747,https://cdn.feralfileassets.com/previews/3a69abd1-7a86-4538-96ed-972252fc2ca0/1676256304/preview.mp4
Decentralized,Chain Reaction,Public View / Private View by Jennifer and Kevin McCoy,3a69abd1-7a86-4538-96ed-972252fc2ca0,3a69abd1-7a86-4538-96ed-972252fc2ca0,0xc4f0ee96676D3de800b9725eb628DE1C5a0CBea1,31221468210609484860409183864532577577041700613675444716595920226587732227187,200,0.47,,Public View / Private View by Jennifer and Kevin McCoy,3a69abd1-7a86-4538-96ed-972252fc2ca0,Public View / Private View #68,https://cdn.feralfileassets.com/thumbnails/3a69abd1-7a86-4538-96ed-972252fc2ca0/1676248747,https://cdn.feralfileassets.com/previews/3a69abd1-7a86-4538-96ed-972252fc2ca0/1676256304/preview.mp4
Decentralized,Chain Reaction,Public View / Private View by Jennifer and Kevin McCoy,3a69abd1-7a86-4538-96ed-972252fc2ca0,3a69abd1-7a86-4538-96ed-972252fc2ca0,0xc4f0ee96676D3de800b9725eb628DE1C5a0CBea1,31221468210609484860409183864532577577041700613675444716595920226587732227191,200,0.46,,Public View / Private View by Jennifer and Kevin McCoy,3a69abd1-7a86-4538-96ed-972252fc2ca0,Public View / Private View #72,https://cdn.feralfileassets.com/thumbnails/3a69abd1-7a86-4538-96ed-972252fc2ca0/1676248747,https://cdn.feralfileassets.com/previews/3a69abd1-7a86-4538-96ed-972252fc2ca0/1676256304/preview.mp4
Decentralized,Chain Reaction,Public View / Private View by Jennifer and Kevin McCoy,3a69abd1-7a86-4538-96ed-972252fc2ca0,3a69abd1-7a86-4538-96ed-972252fc2ca0,0xc4f0ee96676D3de800b9725eb628DE1C5a0CBea1,31221468210609484860409183864532577577041700613675444716595920226587732227195,200,0.46,,Public View / Private View by Jennifer and Kevin McCoy,3a69abd1-7a86-4538-96ed-972252fc2ca0,Public View / Private View #76,https://cdn.feralfileassets.com/thumbnails/3a69abd1-7a86-4538-96ed-972252fc2ca0/1676248747,https://cdn.feralfileassets.com/previews/3a69abd1-7a86-4538-96ed-972252fc2ca0/1676256304/preview.mp4
Decentralized,Chain Reaction,Public View / Private View by Jennifer and Kevin McCoy,3a69abd1-7a86-4538-96ed-972252fc2ca0,3a69abd1-7a86-4538-96ed-972252fc2ca0,0xc4f0ee96676D3de800b9725eb628DE1C5a0CBea1,31221468210609484860409183864532577577041700613675444716595920226587732227199,200,0.46,,Public View / Private View by Jennifer and Kevin McCoy,3a69abd1-7a86-4538-96ed-972252fc2ca0,Public View / Private View #80,https://cdn.feralfileassets.com/thumbnails/3a69abd1-7a86-4538-96ed-972252fc2ca0/1676248747,https://cdn.feralfileassets.com/previews/3a69abd1-7a86-4538-96ed-972252fc2ca0/1676256304/preview.mp4
Decentralized,Chain Reaction,Silva Ex Machina by Alfredo Salazar-Caro,4a747b91-c7a5-41ea-a4a3-4b958d95ab00,4a747b91-c7a5-41ea-a4a3-4b958d95ab00,0xc4f0ee96676D3de800b9725eb628DE1C5a0CBea1,30154321245016221480147636494972145704944840675743022290291572601234813269383,200,0.46,,Silva Ex Machina by Alfredo Salazar-Caro,4a747b91-c7a5-41ea-a4a3-4b958d95ab00,Silva Ex Machina #44,https://cdn.feralfileassets.com/thumbnails/4a747b91-c7a5-41ea-a4a3-4b958d95ab00/1675980119,https://cdn.feralfileassets.com/previews/4a747b91-c7a5-41ea-a4a3-4b958d95ab00/1676005874/preview.mp4
Decentralized,Chain Reaction,Silva Ex Machina by Alfredo Salazar-Caro,4a747b91-c7a5-41ea-a4a3-4b958d95ab00,4a747b91-c7a5-41ea-a4a3-4b958d95ab00,0xc4f0ee96676D3de800b9725eb628DE1C5a0CBea1,30154321245016221480147636494972145704944840675743022290291572601234813269387,200,0.45,,Silva Ex Machina by Alfredo Salazar-Caro,4a747b91-c7a5-41ea-a4a3-4b958d95ab00,Silva Ex Machina #48,https://cdn.feralfileassets.com/thumbnails/4a747b91-c7a5-41ea-a4a3-4b958d95ab00/1675980119,https://cdn.feralfileassets.com/previews/4a747b91-c7a5-41ea-a4a3-4b958d95ab00/1676005874/preview.mp4
Decentralized,Chain Reaction,Silva Ex Machina by Alfredo Salazar-Caro,4a747b91-c7a5-41ea-a4a3-4b958d95ab00,4a747b91-c7a5-41ea-a4a3-4b958d95ab00,0xc4f0ee96676D3de800b9725eb628DE1C5a0CBea1,30154321245016221480147636494972145704944840675743022290291572601234813269391,200,0.45,,Silva Ex Machina by Alfredo Salazar-Caro,4a747b91-c7a5-41ea-a4a3-4b958d95ab00,Silva Ex Machina #52,https://cdn.feralfileassets.com/thumbnails/4a747b91-c7a5-41ea-a4a3-4b958d95ab00/1675980119,https://cdn.feralfileassets.com/previews/4a747b91-c7a5-41ea-a4a3-4b958d95ab00/1676005874/preview.mp4
Decentralized,Chain Reaction,Silva Ex Machina by Alfredo Salazar-Caro,4a747b91-c7a5-41ea-a4a3-4b958d95ab00,4a747b91-c7a5-41ea-a4a3-4b958d95ab00,0xc4f0ee96676D3de800b9725eb628DE1C5a0CBea1,30154321245016221480147636494972145704944840675743022290291572601234813269395,200,0.45,,Silva Ex Machina by Alfredo Salazar-Caro,4a747b91-c7a5-41ea-a4a3-4b958d95ab00,Silva Ex Machina #56,https://cdn.feralfileassets.com/thumbnails/4a747b91-c7a5-41ea-a4a3-4b958d95ab00/1675980119,https://cdn.feralfileassets.com/previews/4a747b91-c7a5-41ea-a4a3-4b958d95ab00/1676005874/preview.mp4
Decentralized,Chain Reaction,Silva Ex Machina by Alfredo Salazar-Caro,4a747b91-c7a5-41ea-a4a3-4b958d95ab00,4a747b91-c7a5-41ea-a4a3-4b958d95ab00,0xc4f0ee96676D3de800b9725eb628DE1C5a0CBea1,30154321245016221480147636494972145704944840675743022290291572601234813269399,200,0.45,,Silva Ex Machina by Alfredo Salazar-Caro,4a747b91-c7a5-41ea-a4a3-4b958d95ab00,Silva Ex Machina #60,https://cdn.feralfileassets.com/thumbnails/4a747b91-c7a5-41ea-a4a3-4b958d95ab00/1675980119,https://cdn.feralfileassets.com/previews/4a747b91-c7a5-41ea-a4a3-4b958d95ab00/1676005874/preview.mp4
Decentralized,Chain Reaction,Silva Ex Machina by Alfredo Salazar-Caro,4a747b91-c7a5-41ea-a4a3-4b958d95ab00,4a747b91-c7a5-41ea-a4a3-4b958d95ab00,0xc4f0ee96676D3de800b9725eb628DE1C5a0CBea1,30154321245016221480147636494972145704944840675743022290291572601234813269403,200,0.45,,Silva Ex Machina by Alfredo Salazar-Caro,4a747b91-c7a5-41ea-a4a3-4b958d95ab00,Silva Ex Machina #64,https://cdn.feralfileassets.com/thumbnails/4a747b91-c7a5-41ea-a4a3-4b958d95ab00/1675980119,https://cdn.feralfileassets.com/previews/4a747b91-c7a5-41ea-a4a3-4b958d95ab00/1676005874/preview.mp4
Decentralized,Chain Reaction,Silva Ex Machina by Alfredo Salazar-Caro,4a747b91-c7a5-41ea-a4a3-4b958d95ab00,4a747b91-c7a5-41ea-a4a3-4b958d95ab00,0xc4f0ee96676D3de800b9725eb628DE1C5a0CBea1,30154321245016221480147636494972145704944840675743022290291572601234813269407,200,0.45,,Silva Ex Machina by Alfredo Salazar-Caro,4a747b91-c7a5-41ea-a4a3-4b958d95ab00,Silva Ex Machina #68,https://cdn.feralfileassets.com/thumbnails/4a747b91-c7a5-41ea-a4a3-4b958d95ab00/1675980119,https://cdn.feralfileassets.com/previews/4a747b91-c7a5-41ea-a4a3-4b958d95ab00/1676005874/preview.mp4
Decentralized,Chain Reaction,Silva Ex Machina by Alfredo Salazar-Caro,4a747b91-c7a5-41ea-a4a3-4b958d95ab00,4a747b91-c7a5-41ea-a4a3-4b958d95ab00,0xc4f0ee96676D3de800b9725eb628DE1C5a0CBea1,30154321245016221480147636494972145704944840675743022290291572601234813269411,200,0.45,,Silva Ex Machina by Alfredo Salazar-Caro,4a747b91-c7a5-41ea-a4a3-4b958d95ab00,Silva Ex Machina #72,https://cdn.feralfileassets.com/thumbnails/4a747b91-c7a5-41ea-a4a3-4b958d95ab00/1675980119,https://cdn.feralfileassets.com/previews/4a747b91-c7a5-41ea-a4a3-4b958d95ab00/1676005874/preview.mp4
Decentralized,Chain Reaction,Silva Ex Machina by Alfredo Salazar-Caro,4a747b91-c7a5-41ea-a4a3-4b958d95ab00,4a747b91-c7a5-41ea-a4a3-4b958d95ab00,0xc4f0ee96676D3de800b9725eb628DE1C5a0CBea1,30154321245016221480147636494972145704944840675743022290291572601234813269415,200,0.44,,Silva Ex Machina by Alfredo Salazar-Caro,4a747b91-c7a5-41ea-a4a3-4b958d95ab00,Silva Ex Machina #76,https://cdn.feralfileassets.com/thumbnails/4a747b91-c7a5-41ea-a4a3-4b958d95ab00/1675980119,https://cdn.feralfileassets.com/previews/4a747b91-c7a5-41ea-a4a3-4b958d95ab00/1676005874/preview.mp4
Decentralized,Chain Reaction,Silva Ex Machina by Alfredo Salazar-Caro,4a747b91-c7a5-41ea-a4a3-4b958d95ab00,4a747b91-c7a5-41ea-a4a3-4b958d95ab00,0xc4f0ee96676D3de800b9725eb628DE1C5a0CBea1,30154321245016221480147636494972145704944840675743022290291572601234813269419,200,0.47,,Silva Ex Machina by Alfredo Salazar-Caro,4a747b91-c7a5-41ea-a4a3-4b958d95ab00,Silva Ex Machina #80,https://cdn.feralfileassets.com/thumbnails/4a747b91-c7a5-41ea-a4a3-4b958d95ab00/1675980119,https://cdn.feralfileassets.com/previews/4a747b91-c7a5-41ea-a4a3-4b958d95ab00/1676005874/preview.mp4
Decentralized,DATALAND: Rainforest – WEF 2024 Memento,DATALAND: Rainforest – WEF 2024 Memento by Refik Anadol,f0f2f42e-d24f-44a2-85a1-4d85aa84c9ee,f0f2f42e-d24f-44a2-85a1-4d85aa84c9ee,0x051E50D8465417e58899FD48C3b0Fc0CA3Dd4B6a,999,200,0.45,,DATALAND: Rainforest – WEF 2024 Memento by Refik Anadol,f0f2f42e-d24f-44a2-85a1-4d85aa84c9ee,DATALAND: Rainforest – WEF 2024 Memento ,https://ipfs.feralfile.com/ipfs/QmWe4tG9NwqPuJUwTaHe67nSuXSTj6ac2g1ugMffJPGy7i?,https://ipfs.feralfile.com/ipfs/Qmf8ccyU8wKKW1x3XYK3x2bsGBZAM29ETHxxnDNVzNP9mC?
Decentralized,Da Nang Review,Da Nang Lanscape by KNDN,a8a5d95b-f68d-4802-9f5f-2767c365474c,a8a5d95b-f68d-4802-9f5f-2767c365474c,0x60d0e7d2Ce6558d0a993693c4612fF9a642C5433,2158334934514411811959766311263815786674685056,200,0.45,,Da Nang Lanscape by KNDN,a8a5d95b-f68d-4802-9f5f-2767c365474c,Da Nang Lanscape #1,https://ipfs.feralfile.com/ipfs/QmYV6qHULDYLsX2oq1vDL6bwRxMvCLudMpKHpuZr8Kmhxp?,
Decentralized,Da Nang Review,Da Nang Lanscape by KNDN,a8a5d95b-f68d-4802-9f5f-2767c365474c,a8a5d95b-f68d-4802-9f5f-2767c365474c,0x60d0e7d2Ce6558d0a993693c4612fF9a642C5433,2158334934514411811959766311263815786674685057,200,0.45,,Da Nang Lanscape by KNDN,a8a5d95b-f68d-4802-9f5f-2767c365474c,Da Nang Lanscape #2,https://ipfs.feralfile.com/ipfs/QmejPrqHLLsEeHcEk2uhgsm6Yi6jBCJzEwKLaiDWBkFE44?,
Decentralized,Da Nang Review,Da Nang Lanscape by KNDN,a8a5d95b-f68d-4802-9f5f-2767c365474c,a8a5d95b-f68d-4802-9f5f-2767c365474c,0x60d0e7d2Ce6558d0a993693c4612fF9a642C5433,2158334934514411811959766311263815786674685058,200,0.45,,Da Nang Lanscape by KNDN,a8a5d95b-f68d-4802-9f5f-2767c365474c,Da Nang Lanscape #3,https://ipfs.feralfile.com/ipfs/QmNkALhboKYftt4pBBBZT3w6mLgrhQ4cEgSfQ5ot3uhphN?,
Decentralized,Da Nang Review,Da Nang Lanscape by KNDN,a8a5d95b-f68d-4802-9f5f-2767c365474c,a8a5d95b-f68d-4802-9f5f-2767c365474c,0x60d0e7d2Ce6558d0a993693c4612fF9a642C5433,2158334934514411811959766311263815786674685059,200,0.45,,Da Nang Lanscape by KNDN,a8a5d95b-f68d-4802-9f5f-2767c365474c,Da Nang Lanscape #4,https://ipfs.feralfile.com/ipfs/QmbarPZ6s4ZfwMj8XAFFjpoJbBhmBMw745CAuDVyMeY8Xs?,
Decentralized,Da Nang Review,Da Nang Lanscape by KNDN,a8a5d95b-f68d-4802-9f5f-2767c365474c,a8a5d95b-f68d-4802-9f5f-2767c365474c,0x60d0e7d2Ce6558d0a993693c4612fF9a642C5433,2158334934514411811959766311263815786674685060,200,0.46,,Da Nang Lanscape by KNDN,a8a5d95b-f68d-4802-9f5f-2767c365474c,Da Nang Lanscape #5,https://ipfs.feralfile.com/ipfs/QmYpaqJqk4MLmAfEj8BRZgHR35WXiEb5hCxvmJRKSWybof?,
Decentralized,Da Nang Review,Da Nang Lanscape by KNDN,a8a5d95b-f68d-4802-9f5f-2767c365474c,a8a5d95b-f68d-4802-9f5f-2767c365474c,0x60d0e7d2Ce6558d0a993693c4612fF9a642C5433,2158334934514411811959766311263815786674685061,200,0.45,,Da Nang Lanscape by KNDN,a8a5d95b-f68d-4802-9f5f-2767c365474c,Da Nang Lanscape #6,https://ipfs.feralfile.com/ipfs/QmaH4Xw98L7QZspHiadndY8RdtYQiUZA8x4icFXWcWbVHG?,
Decentralized,Da Nang Review,Da Nang Lanscape by KNDN,a8a5d95b-f68d-4802-9f5f-2767c365474c,a8a5d95b-f68d-4802-9f5f-2767c365474c,0x60d0e7d2Ce6558d0a993693c4612fF9a642C5433,2158334934514411811959766311263815786674685062,200,0.45,,Da Nang Lanscape by KNDN,a8a5d95b-f68d-4802-9f5f-2767c365474c,Da Nang Lanscape #7,https://ipfs.feralfile.com/ipfs/QmQE4PgV9S4aY3qhoEg2eTDnEZcqWjZprKhcayAM3Br78U?,
Decentralized,Da Nang Review,Da Nang Lanscape by KNDN,a8a5d95b-f68d-4802-9f5f-2767c365474c,a8a5d95b-f68d-4802-9f5f-2767c365474c,0x60d0e7d2Ce6558d0a993693c4612fF9a642C5433,2158334934514411811959766311263815786674685063,200,0.45,,Da Nang Lanscape by KNDN,a8a5d95b-f68d-4802-9f5f-2767c365474c,Da Nang Lanscape #8,https://ipfs.feralfile.com/ipfs/QmYPiWcw2CpH971c3XXJESAW5don3Vo8SHJUAbvZowLgUC?,
Decentralized,Da Nang Review,Da Nang Lanscape by KNDN,a8a5d95b-f68d-4802-9f5f-2767c365474c,a8a5d95b-f68d-4802-9f5f-2767c365474c,0x60d0e7d2Ce6558d0a993693c4612fF9a642C5433,2158334934514411811959766311263815786674685064,200,0.45,,Da Nang Lanscape by KNDN,a8a5d95b-f68d-4802-9f5f-2767c365474c,Da Nang Lanscape #9,https://ipfs.feralfile.com/ipfs/QmaniDCunQ8aFPabxN1m6emmrX8bPLRTg1iqoFsVt5msV5?,
Decentralized,Da Nang Review,Da Nang Lanscape by KNDN,a8a5d95b-f68d-4802-9f5f-2767c365474c,a8a5d95b-f68d-4802-9f5f-2767c365474c,0x60d0e7d2Ce6558d0a993693c4612fF9a642C5433,2158334934514411811959766311263815786674685065,200,0.45,,Da Nang Lanscape by KNDN,a8a5d95b-f68d-4802-9f5f-2767c365474c,Da Nang Lanscape #10,https://ipfs.feralfile.com/ipfs/QmeLPzJgT3G5hU6N1x77Po6tuA8ywbmT61v345GYbMd1G1?,
Decentralized,Da Nang Review,Da Nang Landscape by An.H,db6e39b0-4500-48d7-ac83-398a877006de,db6e39b0-4500-48d7-ac83-398a877006de,0x60d0e7d2Ce6558d0a993693c4612fF9a642C5433,134895933407150738247485394453988486668042816,200,0.46,,Da Nang Landscape by An.H,db6e39b0-4500-48d7-ac83-398a877006de,Da Nang Landscape #1,https://ipfs.feralfile.com/ipfs/QmSqJu9gzt4aHvu5HDeEwgy3h7uXCFifak7h2ayXUVYHe3?,
Decentralized,Da Nang Review,Da Nang Landscape by An.H,db6e39b0-4500-48d7-ac83-398a877006de,db6e39b0-4500-48d7-ac83-398a877006de,0x60d0e7d2Ce6558d0a993693c4612fF9a642C5433,134895933407150738247485394453988486668042817,200,0.45,,Da Nang Landscape by An.H,db6e39b0-4500-48d7-ac83-398a877006de,Da Nang Landscape #2,https://ipfs.feralfile.com/ipfs/QmaPEZQhpM9w13kwuY9X5a155Q45Qdn7zx12hDmn1eDahs?,
Decentralized,Da Nang Review,Da Nang Landscape by An.H,db6e39b0-4500-48d7-ac83-398a877006de,db6e39b0-4500-48d7-ac83-398a877006de,0x60d0e7d2Ce6558d0a993693c4612fF9a642C5433,134895933407150738247485394453988486668042818,200,0.44,,Da Nang Landscape by An.H,db6e39b0-4500-48d7-ac83-398a877006de,Da Nang Landscape #3,https://ipfs.feralfile.com/ipfs/QmdDYd3VoVD1psU3y9hscQcFPe8HAs4tXzMHFAoKSsqXo5?,
Decentralized,Da Nang Review,Da Nang Landscape by An.H,db6e39b0-4500-48d7-ac83-398a877006de,db6e39b0-4500-48d7-ac83-398a877006de,0x60d0e7d2Ce6558d0a993693c4612fF9a642C5433,134895933407150738247485394453988486668042819,200,0.45,,Da Nang Landscape by An.H,db6e39b0-4500-48d7-ac83-398a877006de,Da Nang Landscape #4,https://ipfs.feralfile.com/ipfs/QmdaZHUoLD8LSwU3SaYKtKEGs2LR7FjZQ6txX9XDBvqnQb?,
Decentralized,Da Nang Review,Da Nang Landscape by An.H,db6e39b0-4500-48d7-ac83-398a877006de,db6e39b0-4500-48d7-ac83-398a877006de,0x60d0e7d2Ce6558d0a993693c4612fF9a642C5433,134895933407150738247485394453988486668042820,200,0.45,,Da Nang Landscape by An.H,db6e39b0-4500-48d7-ac83-398a877006de,Da Nang Landscape #5,https://ipfs.feralfile.com/ipfs/QmUcWKbdJVXAqvo6nbjpf9tgHbdAvHpEcH1CXibiPgMZjF?,
Decentralized,Da Nang Review,Da Nang Landscape by An.H,db6e39b0-4500-48d7-ac83-398a877006de,db6e39b0-4500-48d7-ac83-398a877006de,0x60d0e7d2Ce6558d0a993693c4612fF9a642C5433,134895933407150738247485394453988486668042821,200,0.44,,Da Nang Landscape by An.H,db6e39b0-4500-48d7-ac83-398a877006de,Da Nang Landscape #6,https://ipfs.feralfile.com/ipfs/QmaTbPDMqz1zq4nNYWAXeaMebhbjm4ngsrdaPxUM47Aatg?,
Decentralized,Da Nang Review,Da Nang Landscape by An.H,db6e39b0-4500-48d7-ac83-398a877006de,db6e39b0-4500-48d7-ac83-398a877006de,0x60d0e7d2Ce6558d0a993693c4612fF9a642C5433,134895933407150738247485394453988486668042822,200,0.45,,Da Nang Landscape by An.H,db6e39b0-4500-48d7-ac83-398a877006de,Da Nang Landscape #7,https://ipfs.feralfile.com/ipfs/QmbyjWJoejJHk3xRUxjEXhdkKbbWi3YNRvG4hwZcRoVHAe?,
Decentralized,Da Nang Review,Da Nang Landscape by An.H,db6e39b0-4500-48d7-ac83-398a877006de,db6e39b0-4500-48d7-ac83-398a877006de,0x60d0e7d2Ce6558d0a993693c4612fF9a642C5433,134895933407150738247485394453988486668042823,200,0.45,,Da Nang Landscape by An.H,db6e39b0-4500-48d7-ac83-398a877006de,Da Nang Landscape #8,https://ipfs.feralfile.com/ipfs/Qmea1jfy5gwyJYwJUVeFiYWKuBxrtuMxubmr8gfpEaJ1a5?,
Decentralized,Da Nang Review,Da Nang Landscape by An.H,db6e39b0-4500-48d7-ac83-398a877006de,db6e39b0-4500-48d7-ac83-398a877006de,0x60d0e7d2Ce6558d0a993693c4612fF9a642C5433,134895933407150738247485394453988486668042824,200,0.45,,Da Nang Landscape by An.H,db6e39b0-4500-48d7-ac83-398a877006de,Da Nang Landscape #9,https://ipfs.feralfile.com/ipfs/QmYDqptTuvYC2QBLGAB9TD4yxtDyg1jF1VWiVugJYZexge?,
Decentralized,Da Nang Review,Da Nang Landscape by An.H,db6e39b0-4500-48d7-ac83-398a877006de,db6e39b0-4500-48d7-ac83-398a877006de,0x60d0e7d2Ce6558d0a993693c4612fF9a642C5433,134895933407150738247485394453988486668042825,200,0.45,,Da Nang Landscape by An.H,db6e39b0-4500-48d7-ac83-398a877006de,Da Nang Landscape #10,https://ipfs.feralfile.com/ipfs/QmUwmQwporFVm5wgRanXbkninZEXAgwTqw5F7KUg3eAJ4g?,
Delisted,Feral File Internal - English Auction,Feral File Internal - English Auction Nu.N by Nu.N,130b0ae9-2c45-44c4-a2e2-62677fb8dff7,130b0ae9-2c45-44c4-a2e2-62677fb8dff7,0x87355Eb83C0772e1d96C1BbfD03c5e05A872197e,2977385427245791466166975902994805052757935232,200,0.44,,Feral File Internal - English Auction Nu.N by Nu.N,130b0ae9-2c45-44c4-a2e2-62677fb8dff7,Feral File Internal - English Auction Nu.N #1,https://ipfs.feralfile.com/ipfs/QmXgVFXkCu1FuoSu8XNxgtiXhv1PeaypDKKhvtgkDZBhGA?,
Delisted,Feral File Internal - English Auction,Feral File Internal - English Auction Nu.N by Nu.N,130b0ae9-2c45-44c4-a2e2-62677fb8dff7,130b0ae9-2c45-44c4-a2e2-62677fb8dff7,0x87355Eb83C0772e1d96C1BbfD03c5e05A872197e,2977385427245791466166975902994805052757935233,200,0.46,,Feral File Internal - English Auction Nu.N by Nu.N,130b0ae9-2c45-44c4-a2e2-62677fb8dff7,Feral File Internal - English Auction Nu.N #2,https://ipfs.feralfile.com/ipfs/QmX4B4YfWXXAVk6TcfGW4UT8bZAxb4quXuMpTxQJjtvTDu?,
Delisted,Feral File Internal - English Auction,Feral File Internal - English Auction Nu.N by Nu.N,130b0ae9-2c45-44c4-a2e2-62677fb8dff7,130b0ae9-2c45-44c4-a2e2-62677fb8dff7,0x87355Eb83C0772e1d96C1BbfD03c5e05A872197e,2977385427245791466166975902994805052757935234,200,0.44,,Feral File Internal - English Auction Nu.N by Nu.N,130b0ae9-2c45-44c4-a2e2-62677fb8dff7,Feral File Internal - English Auction Nu.N #3,https://ipfs.feralfile.com/ipfs/QmSBaZGqT5GJrxEKwjDeEeRW1pXTqxUW6L3Ts8Q6vmiTZW?,
Delisted,Feral File Internal - English Auction,Feral File Internal - English Auction Nu.N by Nu.N,130b0ae9-2c45-44c4-a2e2-62677fb8dff7,130b0ae9-2c45-44c4-a2e2-62677fb8dff7,0x87355Eb83C0772e1d96C1BbfD03c5e05A872197e,2977385427245791466166975902994805052757935235,200,0.45,,Feral File Internal - English Auction Nu.N by Nu.N,130b0ae9-2c45-44c4-a2e2-62677fb8dff7,Feral File Internal - English Auction Nu.N #4,https://ipfs.feralfile.com/ipfs/QmQjZXbUg7LstLP6eW5DXmg4kUjYV441ZUs5RGqP2AGut7?,
Delisted,Feral File Internal - English Auction,Feral File Internal - English Auction Nu.N by Nu.N,130b0ae9-2c45-44c4-a2e2-62677fb8dff7,130b0ae9-2c45-44c4-a2e2-62677fb8dff7,0x87355Eb83C0772e1d96C1BbfD03c5e05A872197e,2977385427245791466166975902994805052757935236,200,0.45,,Feral File Internal - English Auction Nu.N by Nu.N,130b0ae9-2c45-44c4-a2e2-62677fb8dff7,Feral File Internal - English Auction Nu.N #5,https://ipfs.feralfile.com/ipfs/QmZaV45Tez9X1XL2B4dohEs4RkuagRnkpLUcmdjXyAn3q1?,
Delisted,Feral File Internal - English Auction,Feral File Internal - English Auction Nu.N by Nu.N,130b0ae9-2c45-44c4-a2e2-62677fb8dff7,130b0ae9-2c45-44c4-a2e2-62677fb8dff7,0x87355Eb83C0772e1d96C1BbfD03c5e05A872197e,2977385427245791466166975902994805052757935237,200,0.45,,Feral File Internal - English Auction Nu.N by Nu.N,130b0ae9-2c45-44c4-a2e2-62677fb8dff7,Feral File Internal - English Auction Nu.N #6,https://ipfs.feralfile.com/ipfs/QmQqkuaUj6ZB1ZosPJ8k49VMfTmzLdLEdzNN4GbuUhRP8M?,
Delisted,Feral File Internal - English Auction,Feral File Internal - English Auction Nu.N by Nu.N,130b0ae9-2c45-44c4-a2e2-62677fb8dff7,130b0ae9-2c45-44c4-a2e2-62677fb8dff7,0x87355Eb83C0772e1d96C1BbfD03c5e05A872197e,2977385427245791466166975902994805052757935238,200,0.44,,Feral File Internal - English Auction Nu.N by Nu.N,130b0ae9-2c45-44c4-a2e2-62677fb8dff7,Feral File Internal - English Auction Nu.N #7,https://ipfs.feralfile.com/ipfs/Qmb1xQG6dXQ6ibcmYt727C4oLGYhCeEaqW5QnNa9Zj8riE?,
Delisted,Feral File Internal - English Auction,Feral File Internal - English Auction Nu.N by Nu.N,130b0ae9-2c45-44c4-a2e2-62677fb8dff7,130b0ae9-2c45-44c4-a2e2-62677fb8dff7,0x87355Eb83C0772e1d96C1BbfD03c5e05A872197e,2977385427245791466166975902994805052757935239,200,0.45,,Feral File Internal - English Auction Nu.N by Nu.N,130b0ae9-2c45-44c4-a2e2-62677fb8dff7,Feral File Internal - English Auction Nu.N #8,https://ipfs.feralfile.com/ipfs/QmSjwUW5vY4xSDg759jjFnL2Gmz3dn6uoPEKEW1nfMEc9Z?,
Delisted,Feral File Internal - English Auction,Feral File Internal - English Auction Nu.N by Nu.N,130b0ae9-2c45-44c4-a2e2-62677fb8dff7,130b0ae9-2c45-44c4-a2e2-62677fb8dff7,0x87355Eb83C0772e1d96C1BbfD03c5e05A872197e,2977385427245791466166975902994805052757935240,200,0.44,,Feral File Internal - English Auction Nu.N by Nu.N,130b0ae9-2c45-44c4-a2e2-62677fb8dff7,Feral File Internal - English Auction Nu.N #9,https://ipfs.feralfile.com/ipfs/QmTEmMcoFeSKTexRy333gMQeuniuC881H3e3aLm68grDz4?,
Delisted,Feral File Internal - English Auction,Feral File Internal - English Auction Nu.N by Nu.N,130b0ae9-2c45-44c4-a2e2-62677fb8dff7,130b0ae9-2c45-44c4-a2e2-62677fb8dff7,0x87355Eb83C0772e1d96C1BbfD03c5e05A872197e,2977385427245791466166975902994805052757935241,200,0.45,,Feral File Internal - English Auction Nu.N by Nu.N,130b0ae9-2c45-44c4-a2e2-62677fb8dff7,Feral File Internal - English Auction Nu.N #10,https://ipfs.feralfile.com/ipfs/Qmed39yiaB8oa46xot4ng7xnVtnG9txpUvdVFzQGB1mssM?,
Delisted,Feral File Internal - English Auction,Feral File Internal - English Auction An Ha Ngoc by An.H,7a65fe84-ee2a-48f2-aed0-3ab98940ffc8,7a65fe84-ee2a-48f2-aed0-3ab98940ffc8,0x87355Eb83C0772e1d96C1BbfD03c5e05A872197e,186086589202861966635435993937175315798245952,200,0.45,,Feral File Internal - English Auction An Ha Ngoc by An.H,7a65fe84-ee2a-48f2-aed0-3ab98940ffc8,Feral File Internal - English Auction An Ha Ngoc #1,https://ipfs.feralfile.com/ipfs/QmYLZPQ2vvQEmohedDDCggv55EperjR1nmrPs2KaJmVbhJ?,
Delisted,Feral File Internal - English Auction,Feral File Internal - English Auction An Ha Ngoc by An.H,7a65fe84-ee2a-48f2-aed0-3ab98940ffc8,7a65fe84-ee2a-48f2-aed0-3ab98940ffc8,0x87355Eb83C0772e1d96C1BbfD03c5e05A872197e,186086589202861966635435993937175315798245953,200,0.45,,Feral File Internal - English Auction An Ha Ngoc by An.H,7a65fe84-ee2a-48f2-aed0-3ab98940ffc8,Feral File Internal - English Auction An Ha Ngoc #2,https://ipfs.feralfile.com/ipfs/QmZUtYHrh36MUbzjVVNvtPt6uh251G3PdTooaFywLeUsRS?,
Delisted,Feral File Internal - English Auction,Feral File Internal - English Auction An Ha Ngoc by An.H,7a65fe84-ee2a-48f2-aed0-3ab98940ffc8,7a65fe84-ee2a-48f2-aed0-3ab98940ffc8,0x87355Eb83C0772e1d96C1BbfD03c5e05A872197e,186086589202861966635435993937175315798245954,200,0.46,,Feral File Internal - English Auction An Ha Ngoc by An.H,7a65fe84-ee2a-48f2-aed0-3ab98940ffc8,Feral File Internal - English Auction An Ha Ngoc #3,https://ipfs.feralfile.com/ipfs/QmR1VvMxJLPFYWsDGT737EZqEx7fFFt2ApKbt8ZTeZwbYh?,
Delisted,Feral File Internal - English Auction,Feral File Internal - English Auction An Ha Ngoc by An.H,7a65fe84-ee2a-48f2-aed0-3ab98940ffc8,7a65fe84-ee2a-48f2-aed0-3ab98940ffc8,0x87355Eb83C0772e1d96C1BbfD03c5e05A872197e,186086589202861966635435993937175315798245955,200,0.46,,Feral File Internal - English Auction An Ha Ngoc by An.H,7a65fe84-ee2a-48f2-aed0-3ab98940ffc8,Feral File Internal - English Auction An Ha Ngoc #4,https://ipfs.feralfile.com/ipfs/Qmbdo6kPq2EmKjjeKEknQsb3r2rUbvriAxrY9PpChBGRDT?,
Delisted,Feral File Internal - English Auction,Feral File Internal - English Auction An Ha Ngoc by An.H,7a65fe84-ee2a-48f2-aed0-3ab98940ffc8,7a65fe84-ee2a-48f2-aed0-3ab98940ffc8,0x87355Eb83C0772e1d96C1BbfD03c5e05A872197e,186086589202861966635435993937175315798245956,200,0.45,,Feral File Internal - English Auction An Ha Ngoc by An.H,7a65fe84-ee2a-48f2-aed0-3ab98940ffc8,Feral File Internal - English Auction An Ha Ngoc #5,https://ipfs.feralfile.com/ipfs/QmbvssTqPsGa2cQpdmbY68TBw2Vh7rVfkARboi7EaQbAQL?,
Delisted,Feral File Internal - English Auction,Feral File Internal - English Auction An Ha Ngoc by An.H,7a65fe84-ee2a-48f2-aed0-3ab98940ffc8,7a65fe84-ee2a-48f2-aed0-3ab98940ffc8,0x87355Eb83C0772e1d96C1BbfD03c5e05A872197e,186086589202861966635435993937175315798245957,200,0.45,,Feral File Internal - English Auction An Ha Ngoc by An.H,7a65fe84-ee2a-48f2-aed0-3ab98940ffc8,Feral File Internal - English Auction An Ha Ngoc #6,https://ipfs.feralfile.com/ipfs/QmdV8eLK4ptKZrqbYMCx7eeCsQqEZNtxTjta2C7UVDdY4b?,
Delisted,Feral File Internal - English Auction,Feral File Internal - English Auction An Ha Ngoc by An.H,7a65fe84-ee2a-48f2-aed0-3ab98940ffc8,7a65fe84-ee2a-48f2-aed0-3ab98940ffc8,0x87355Eb83C0772e1d96C1BbfD03c5e05A872197e,186086589202861966635435993937175315798245958,200,0.44,,Feral File Internal - English Auction An Ha Ngoc by An.H,7a65fe84-ee2a-48f2-aed0-3ab98940ffc8,Feral File Internal - English Auction An Ha Ngoc #7,https://ipfs.feralfile.com/ipfs/QmR4dhtVapjwPmS1WYJMwwYut3B6ksE47yvM14kiWdp5Ch?,
Delisted,Feral File Internal - English Auction,Feral File Internal - English Auction An Ha Ngoc by An.H,7a65fe84-ee2a-48f2-aed0-3ab98940ffc8,7a65fe84-ee2a-48f2-aed0-3ab98940ffc8,0x87355Eb83C0772e1d96C1BbfD03c5e05A872197e,186086589202861966635435993937175315798245959,200,0.44,,Feral File Internal - English Auction An Ha Ngoc by An.H,7a65fe84-ee2a-48f2-aed0-3ab98940ffc8,Feral File Internal - English Auction An Ha Ngoc #8,https://ipfs.feralfile.com/ipfs/QmTMEme5riJKBFuEdxc1GPXWkhrnQWVi5zrbGa3bpux23o?,
Delisted,Feral File Internal - English Auction,Feral File Internal - English Auction An Ha Ngoc by An.H,7a65fe84-ee2a-48f2-aed0-3ab98940ffc8,7a65fe84-ee2a-48f2-aed0-3ab98940ffc8,0x87355Eb83C0772e1d96C1BbfD03c5e05A872197e,186086589202861966635435993937175315798245960,200,0.45,,Feral File Internal - English Auction An Ha Ngoc by An.H,7a65fe84-ee2a-48f2-aed0-3ab98940ffc8,Feral File Internal - English Auction An Ha Ngoc #9,https://ipfs.feralfile.com/ipfs/QmcYf2DPtzfGP44akvRat592kR71iorGGrrXnLMRVztx8G?,
Delisted,Feral File Internal - English Auction,Feral File Internal - English Auction An Ha Ngoc by An.H,7a65fe84-ee2a-48f2-aed0-3ab98940ffc8,7a65fe84-ee2a-48f2-aed0-3ab98940ffc8,0x87355Eb83C0772e1d96C1BbfD03c5e05A872197e,186086589202861966635435993937175315798245961,200,0.44,,Feral File Internal - English Auction An Ha Ngoc by An.H,7a65fe84-ee2a-48f2-aed0-3ab98940ffc8,Feral File Internal - English Auction An Ha Ngoc #10,https://ipfs.feralfile.com/ipfs/QmZP8YoXivfnkjRoRgn2RtQ5kGbiUtG9vTkmMFvrJ2RnrP?,
Decentralized,For Your Eyes Only,Daemon (chaos) by Petros Moris,8711ddf0-0474-4a8d-a5ec-30c7f42977df,8711ddf0-0474-4a8d-a5ec-30c7f42977df,0x6DBa130221A1C39f6623908A136976686050059a,24487133724888882042422336242935619015674683503675788069020098776232053890143,200,0.46,,Daemon (chaos) by Petros Moris,8711ddf0-0474-4a8d-a5ec-30c7f42977df,Daemon (chaos) #9,https://ipfs.feralfile.com/ipfs/Qmd3g6nFeAGWa14oaxKfdaqqNrpXPYLG6tGagsD18XyxqL?,https://ipfs.feralfile.com/ipfs/QmPudczciBhhi1nmomQgir9J2hormihLg1KeAqfCif79yP?
Decentralized,For Your Eyes Only,Daemon (chaos) by Petros Moris,8711ddf0-0474-4a8d-a5ec-30c7f42977df,8711ddf0-0474-4a8d-a5ec-30c7f42977df,0x6DBa130221A1C39f6623908A136976686050059a,24487133724888882042422336242935619015674683503675788069020098776232053890145,200,0.49,,Daemon (chaos) by Petros Moris,8711ddf0-0474-4a8d-a5ec-30c7f42977df,Daemon (chaos) #11,https://ipfs.feralfile.com/ipfs/Qmd3g6nFeAGWa14oaxKfdaqqNrpXPYLG6tGagsD18XyxqL?,https://ipfs.feralfile.com/ipfs/QmPudczciBhhi1nmomQgir9J2hormihLg1KeAqfCif79yP?
Decentralized,For Your Eyes Only,Daemon (chaos) by Petros Moris,8711ddf0-0474-4a8d-a5ec-30c7f42977df,8711ddf0-0474-4a8d-a5ec-30c7f42977df,0x6DBa130221A1C39f6623908A136976686050059a,24487133724888882042422336242935619015674683503675788069020098776232053890146,200,0.46,,Daemon (chaos) by Petros Moris,8711ddf0-0474-4a8d-a5ec-30c7f42977df,Daemon (chaos) #12,https://ipfs.feralfile.com/ipfs/Qmd3g6nFeAGWa14oaxKfdaqqNrpXPYLG6tGagsD18XyxqL?,https://ipfs.feralfile.com/ipfs/QmPudczciBhhi1nmomQgir9J2hormihLg1KeAqfCif79yP?
Decentralized,For Your Eyes Only,Daemon (chaos) by Petros Moris,8711ddf0-0474-4a8d-a5ec-30c7f42977df,8711ddf0-0474-4a8d-a5ec-30c7f42977df,0x6DBa130221A1C39f6623908A136976686050059a,24487133724888882042422336242935619015674683503675788069020098776232053890139,200,0.49,,Daemon (chaos) by Petros Moris,8711ddf0-0474-4a8d-a5ec-30c7f42977df,Daemon (chaos) #5,https://ipfs.feralfile.com/ipfs/Qmd3g6nFeAGWa14oaxKfdaqqNrpXPYLG6tGagsD18XyxqL?,https://ipfs.feralfile.com/ipfs/QmPudczciBhhi1nmomQgir9J2hormihLg1KeAqfCif79yP?
Decentralized,For Your Eyes Only,Daemon (chaos) by Petros Moris,8711ddf0-0474-4a8d-a5ec-30c7f42977df,8711ddf0-0474-4a8d-a5ec-30c7f42977df,0x6DBa130221A1C39f6623908A136976686050059a,24487133724888882042422336242935619015674683503675788069020098776232053890135,200,0.48,,Daemon (chaos) by Petros Moris,8711ddf0-0474-4a8d-a5ec-30c7f42977df,Daemon (chaos) #1,https://ipfs.feralfile.com/ipfs/Qmd3g6nFeAGWa14oaxKfdaqqNrpXPYLG6tGagsD18XyxqL?,https://ipfs.feralfile.com/ipfs/QmPudczciBhhi1nmomQgir9J2hormihLg1KeAqfCif79yP?
Decentralized,For Your Eyes Only,Daemon (chaos) by Petros Moris,8711ddf0-0474-4a8d-a5ec-30c7f42977df,8711ddf0-0474-4a8d-a5ec-30c7f42977df,0x6DBa130221A1C39f6623908A136976686050059a,24487133724888882042422336242935619015674683503675788069020098776232053890138,200,0.48,,Daemon (chaos) by Petros Moris,8711ddf0-0474-4a8d-a5ec-30c7f42977df,Daemon (chaos) #4,https://ipfs.feralfile.com/ipfs/Qmd3g6nFeAGWa14oaxKfdaqqNrpXPYLG6tGagsD18XyxqL?,https://ipfs.feralfile.com/ipfs/QmPudczciBhhi1nmomQgir9J2hormihLg1KeAqfCif79yP?
Decentralized,For Your Eyes Only,Daemon (chaos) by Petros Moris,8711ddf0-0474-4a8d-a5ec-30c7f42977df,8711ddf0-0474-4a8d-a5ec-30c7f42977df,0x6DBa130221A1C39f6623908A136976686050059a,24487133724888882042422336242935619015674683503675788069020098776232053890141,200,0.49,,Daemon (chaos) by Petros Moris,8711ddf0-0474-4a8d-a5ec-30c7f42977df,Daemon (chaos) #7,https://ipfs.feralfile.com/ipfs/Qmd3g6nFeAGWa14oaxKfdaqqNrpXPYLG6tGagsD18XyxqL?,https://ipfs.feralfile.com/ipfs/QmPudczciBhhi1nmomQgir9J2hormihLg1KeAqfCif79yP?
Decentralized,For Your Eyes Only,Daemon (chaos) by Petros Moris,8711ddf0-0474-4a8d-a5ec-30c7f42977df,8711ddf0-0474-4a8d-a5ec-30c7f42977df,0x6DBa130221A1C39f6623908A136976686050059a,24487133724888882042422336242935619015674683503675788069020098776232053890144,200,0.47,,Daemon (chaos) by Petros Moris,8711ddf0-0474-4a8d-a5ec-30c7f42977df,Daemon (chaos) #10,https://ipfs.feralfile.com/ipfs/Qmd3g6nFeAGWa14oaxKfdaqqNrpXPYLG6tGagsD18XyxqL?,https://ipfs.feralfile.com/ipfs/QmPudczciBhhi1nmomQgir9J2hormihLg1KeAqfCif79yP?
Decentralized,For Your Eyes Only,Daemon (chaos) by Petros Moris,8711ddf0-0474-4a8d-a5ec-30c7f42977df,8711ddf0-0474-4a8d-a5ec-30c7f42977df,0x6DBa130221A1C39f6623908A136976686050059a,24487133724888882042422336242935619015674683503675788069020098776232053890149,200,0.48,,Daemon (chaos) by Petros Moris,8711ddf0-0474-4a8d-a5ec-30c7f42977df,Daemon (chaos) #15,https://ipfs.feralfile.com/ipfs/Qmd3g6nFeAGWa14oaxKfdaqqNrpXPYLG6tGagsD18XyxqL?,https://ipfs.feralfile.com/ipfs/QmPudczciBhhi1nmomQgir9J2hormihLg1KeAqfCif79yP?
Decentralized,For Your Eyes Only,Daemon (chaos) by Petros Moris,8711ddf0-0474-4a8d-a5ec-30c7f42977df,8711ddf0-0474-4a8d-a5ec-30c7f42977df,0x6DBa130221A1C39f6623908A136976686050059a,24487133724888882042422336242935619015674683503675788069020098776232053890136,200,0.48,,Daemon (chaos) by Petros Moris,8711ddf0-0474-4a8d-a5ec-30c7f42977df,Daemon (chaos) #2,https://ipfs.feralfile.com/ipfs/Qmd3g6nFeAGWa14oaxKfdaqqNrpXPYLG6tGagsD18XyxqL?,https://ipfs.feralfile.com/ipfs/QmPudczciBhhi1nmomQgir9J2hormihLg1KeAqfCif79yP?
Decentralized,For Your Eyes Only,Patterns of Activation (gardens of the galaxy) by Katja Novitskova,f3170ca8-2a0d-49ac-b307-d20fbfb15b0d,f3170ca8-2a0d-49ac-b307-d20fbfb15b0d,0x6DBa130221A1C39f6623908A136976686050059a,4237351900362484979393738734188218512814611599551146591211431512871878215161,200,0.46,,Patterns of Activation (gardens of the galaxy) by Katja Novitskova,f3170ca8-2a0d-49ac-b307-d20fbfb15b0d,Patterns of Activation (gardens of the galaxy) #10,https://ipfs.feralfile.com/ipfs/QmTUusvtS1xFfSgVwxpffesMspSFsb8uHkyPm7ATrrzmCF?,https://ipfs.feralfile.com/ipfs/Qmc47A5CdQqwZp39J9DDh8x4wnuTpSR5QFJ8CM3jfeLrsc?
Decentralized,For Your Eyes Only,Patterns of Activation (gardens of the galaxy) by Katja Novitskova,f3170ca8-2a0d-49ac-b307-d20fbfb15b0d,f3170ca8-2a0d-49ac-b307-d20fbfb15b0d,0x6DBa130221A1C39f6623908A136976686050059a,4237351900362484979393738734188218512814611599551146591211431512871878215155,200,0.47,,Patterns of Activation (gardens of the galaxy) by Katja Novitskova,f3170ca8-2a0d-49ac-b307-d20fbfb15b0d,Patterns of Activation (gardens of the galaxy) #4,https://ipfs.feralfile.com/ipfs/QmTUusvtS1xFfSgVwxpffesMspSFsb8uHkyPm7ATrrzmCF?,https://ipfs.feralfile.com/ipfs/Qmc47A5CdQqwZp39J9DDh8x4wnuTpSR5QFJ8CM3jfeLrsc?
Decentralized,For Your Eyes Only,Patterns of Activation (gardens of the galaxy) by Katja Novitskova,f3170ca8-2a0d-49ac-b307-d20fbfb15b0d,f3170ca8-2a0d-49ac-b307-d20fbfb15b0d,0x6DBa130221A1C39f6623908A136976686050059a,4237351900362484979393738734188218512814611599551146591211431512871878215156,200,0.46,,Patterns of Activation (gardens of the galaxy) by Katja Novitskova,f3170ca8-2a0d-49ac-b307-d20fbfb15b0d,Patterns of Activation (gardens of the galaxy) #5,https://ipfs.feralfile.com/ipfs/QmTUusvtS1xFfSgVwxpffesMspSFsb8uHkyPm7ATrrzmCF?,https://ipfs.feralfile.com/ipfs/Qmc47A5CdQqwZp39J9DDh8x4wnuTpSR5QFJ8CM3jfeLrsc?
Decentralized,For Your Eyes Only,Patterns of Activation (gardens of the galaxy) by Katja Novitskova,f3170ca8-2a0d-49ac-b307-d20fbfb15b0d,f3170ca8-2a0d-49ac-b307-d20fbfb15b0d,0x6DBa130221A1C39f6623908A136976686050059a,4237351900362484979393738734188218512814611599551146591211431512871878215152,200,0.45,,Patterns of Activation (gardens of the galaxy) by Katja Novitskova,f3170ca8-2a0d-49ac-b307-d20fbfb15b0d,Patterns of Activation (gardens of the galaxy) #1,https://ipfs.feralfile.com/ipfs/QmTUusvtS1xFfSgVwxpffesMspSFsb8uHkyPm7ATrrzmCF?,https://ipfs.feralfile.com/ipfs/Qmc47A5CdQqwZp39J9DDh8x4wnuTpSR5QFJ8CM3jfeLrsc?
Decentralized,For Your Eyes Only,Patterns of Activation (gardens of the galaxy) by Katja Novitskova,f3170ca8-2a0d-49ac-b307-d20fbfb15b0d,f3170ca8-2a0d-49ac-b307-d20fbfb15b0d,0x6DBa130221A1C39f6623908A136976686050059a,4237351900362484979393738734188218512814611599551146591211431512871878215166,200,0.48,,Patterns of Activation (gardens of the galaxy) by Katja Novitskova,f3170ca8-2a0d-49ac-b307-d20fbfb15b0d,Patterns of Activation (gardens of the galaxy) #15,https://ipfs.feralfile.com/ipfs/QmTUusvtS1xFfSgVwxpffesMspSFsb8uHkyPm7ATrrzmCF?,https://ipfs.feralfile.com/ipfs/Qmc47A5CdQqwZp39J9DDh8x4wnuTpSR5QFJ8CM3jfeLrsc?
Decentralized,For Your Eyes Only,Patterns of Activation (gardens of the galaxy) by Katja Novitskova,f3170ca8-2a0d-49ac-b307-d20fbfb15b0d,f3170ca8-2a0d-49ac-b307-d20fbfb15b0d,0x6DBa130221A1C39f6623908A136976686050059a,4237351900362484979393738734188218512814611599551146591211431512871878215164,200,0.47,,Patterns of Activation (gardens of the galaxy) by Katja Novitskova,f3170ca8-2a0d-49ac-b307-d20fbfb15b0d,Patterns of Activation (gardens of the galaxy) #13,https://ipfs.feralfile.com/ipfs/QmTUusvtS1xFfSgVwxpffesMspSFsb8uHkyPm7ATrrzmCF?,https://ipfs.feralfile.com/ipfs/Qmc47A5CdQqwZp39J9DDh8x4wnuTpSR5QFJ8CM3jfeLrsc?
Decentralized,For Your Eyes Only,Patterns of Activation (gardens of the galaxy) by Katja Novitskova,f3170ca8-2a0d-49ac-b307-d20fbfb15b0d,f3170ca8-2a0d-49ac-b307-d20fbfb15b0d,0x6DBa130221A1C39f6623908A136976686050059a,4237351900362484979393738734188218512814611599551146591211431512871878215163,200,0.47,,Patterns of Activation (gardens of the galaxy) by Katja Novitskova,f3170ca8-2a0d-49ac-b307-d20fbfb15b0d,Patterns of Activation (gardens of the galaxy) #12,https://ipfs.feralfile.com/ipfs/QmTUusvtS1xFfSgVwxpffesMspSFsb8uHkyPm7ATrrzmCF?,https://ipfs.feralfile.com/ipfs/Qmc47A5CdQqwZp39J9DDh8x4wnuTpSR5QFJ8CM3jfeLrsc?
Decentralized,For Your Eyes Only,Patterns of Activation (gardens of the galaxy) by Katja Novitskova,f3170ca8-2a0d-49ac-b307-d20fbfb15b0d,f3170ca8-2a0d-49ac-b307-d20fbfb15b0d,0x6DBa130221A1C39f6623908A136976686050059a,4237351900362484979393738734188218512814611599551146591211431512871878215157,200,0.47,,Patterns of Activation (gardens of the galaxy) by Katja Novitskova,f3170ca8-2a0d-49ac-b307-d20fbfb15b0d,Patterns of Activation (gardens of the galaxy) #6,https://ipfs.feralfile.com/ipfs/QmTUusvtS1xFfSgVwxpffesMspSFsb8uHkyPm7ATrrzmCF?,https://ipfs.feralfile.com/ipfs/Qmc47A5CdQqwZp39J9DDh8x4wnuTpSR5QFJ8CM3jfeLrsc?
Decentralized,For Your Eyes Only,Patterns of Activation (gardens of the galaxy) by Katja Novitskova,f3170ca8-2a0d-49ac-b307-d20fbfb15b0d,f3170ca8-2a0d-49ac-b307-d20fbfb15b0d,0x6DBa130221A1C39f6623908A136976686050059a,4237351900362484979393738734188218512814611599551146591211431512871878215162,200,0.47,,Patterns of Activation (gardens of the galaxy) by Katja Novitskova,f3170ca8-2a0d-49ac-b307-d20fbfb15b0d,Patterns of Activation (gardens of the galaxy) #11,https://ipfs.feralfile.com/ipfs/QmTUusvtS1xFfSgVwxpffesMspSFsb8uHkyPm7ATrrzmCF?,https://ipfs.feralfile.com/ipfs/Qmc47A5CdQqwZp39J9DDh8x4wnuTpSR5QFJ8CM3jfeLrsc?
Decentralized,For Your Eyes Only,Patterns of Activation (gardens of the galaxy) by Katja Novitskova,f3170ca8-2a0d-49ac-b307-d20fbfb15b0d,f3170ca8-2a0d-49ac-b307-d20fbfb15b0d,0x6DBa130221A1C39f6623908A136976686050059a,4237351900362484979393738734188218512814611599551146591211431512871878215160,200,0.46,,Patterns of Activation (gardens of the galaxy) by Katja Novitskova,f3170ca8-2a0d-49ac-b307-d20fbfb15b0d,Patterns of Activation (gardens of the galaxy) #9,https://ipfs.feralfile.com/ipfs/QmTUusvtS1xFfSgVwxpffesMspSFsb8uHkyPm7ATrrzmCF?,https://ipfs.feralfile.com/ipfs/Qmc47A5CdQqwZp39J9DDh8x4wnuTpSR5QFJ8CM3jfeLrsc?
Decentralized,Gray Matter,AlleluiaAlleluia by Auriea Harvey,32f1b099-448d-4e6d-8358-70a64e005903,32f1b099-448d-4e6d-8358-70a64e005903,0x6e82e4B398Ca4137007ba69ddD6FF699334d13b5,31658398539211567249775841645446054699032188246536879923555153674548343085940,200,0.46,,AlleluiaAlleluia by Auriea Harvey,32f1b099-448d-4e6d-8358-70a64e005903,AlleluiaAlleluia ,https://cdn.feralfileassets.com/thumbnails/32f1b099-448d-4e6d-8358-70a64e005903/1666619126,https://cdn.feralfileassets.com/previews/32f1b099-448d-4e6d-8358-70a64e005903/1667585109/?edition_number=0&blockchain=ethereum&contract=0x6e82e4B398Ca4137007ba69ddD6FF699334d13b5&token_id=31658398539211567249775841645446054699032188246536879923555153674548343085940
Decentralized,Gray Matter,AlleluiaAlleluia by Auriea Harvey,32f1b099-448d-4e6d-8358-70a64e005903,32f1b099-448d-4e6d-8358-70a64e005903,0x6e82e4B398Ca4137007ba69ddD6FF699334d13b5,31658398539211567249775841645446054699032188246536879923555153674548343085941,200,0.45,,AlleluiaAlleluia by Auriea Harvey,32f1b099-448d-4e6d-8358-70a64e005903,AlleluiaAlleluia ,https://cdn.feralfileassets.com/thumbnails/32f1b099-448d-4e6d-8358-70a64e005903/1666619126,https://cdn.feralfileassets.com/previews/32f1b099-448d-4e6d-8358-70a64e005903/1667585109/?edition_number=1&blockchain=ethereum&contract=0x6e82e4B398Ca4137007ba69ddD6FF699334d13b5&token_id=31658398539211567249775841645446054699032188246536879923555153674548343085941
Decentralized,Gray Matter,AlleluiaAlleluia by Auriea Harvey,32f1b099-448d-4e6d-8358-70a64e005903,32f1b099-448d-4e6d-8358-70a64e005903,0x6e82e4B398Ca4137007ba69ddD6FF699334d13b5,31658398539211567249775841645446054699032188246536879923555153674548343085942,200,0.46,,AlleluiaAlleluia by Auriea Harvey,32f1b099-448d-4e6d-8358-70a64e005903,AlleluiaAlleluia ,https://cdn.feralfileassets.com/thumbnails/32f1b099-448d-4e6d-8358-70a64e005903/1666619126,https://cdn.feralfileassets.com/previews/32f1b099-448d-4e6d-8358-70a64e005903/1667585109/?edition_number=2&blockchain=ethereum&contract=0x6e82e4B398Ca4137007ba69ddD6FF699334d13b5&token_id=31658398539211567249775841645446054699032188246536879923555153674548343085942
Decentralized,Gray Matter,AlleluiaAlleluia by Auriea Harvey,32f1b099-448d-4e6d-8358-70a64e005903,32f1b099-448d-4e6d-8358-70a64e005903,0x6e82e4B398Ca4137007ba69ddD6FF699334d13b5,31658398539211567249775841645446054699032188246536879923555153674548343085943,200,0.46,,AlleluiaAlleluia by Auriea Harvey,32f1b099-448d-4e6d-8358-70a64e005903,AlleluiaAlleluia ,https://cdn.feralfileassets.com/thumbnails/32f1b099-448d-4e6d-8358-70a64e005903/1666619126,https://cdn.feralfileassets.com/previews/32f1b099-448d-4e6d-8358-70a64e005903/1667585109/?edition_number=3&blockchain=ethereum&contract=0x6e82e4B398Ca4137007ba69ddD6FF699334d13b5&token_id=31658398539211567249775841645446054699032188246536879923555153674548343085943
Decentralized,Gray Matter,Faunette by Auriea Harvey,527a291d-49f5-4ddc-81f6-0331f9e08be9,527a291d-49f5-4ddc-81f6-0331f9e08be9,0x6e82e4B398Ca4137007ba69ddD6FF699334d13b5,103670424291181108903021494306982394267978572499721974093211453159646661892321,200,0.44,,Faunette by Auriea Harvey,527a291d-49f5-4ddc-81f6-0331f9e08be9,Faunette AE,https://cdn.feralfileassets.com/thumbnails/527a291d-49f5-4ddc-81f6-0331f9e08be9/1666731421,https://cdn.feralfileassets.com/previews/527a291d-49f5-4ddc-81f6-0331f9e08be9/1667600061/?edition_number=0&blockchain=ethereum&contract=0x6e82e4B398Ca4137007ba69ddD6FF699334d13b5&token_id=103670424291181108903021494306982394267978572499721974093211453159646661892321
Decentralized,Gray Matter,Faunette by Auriea Harvey,527a291d-49f5-4ddc-81f6-0331f9e08be9,527a291d-49f5-4ddc-81f6-0331f9e08be9,0x6e82e4B398Ca4137007ba69ddD6FF699334d13b5,103670424291181108903021494306982394267978572499721974093211453159646661892322,200,0.45,,Faunette by Auriea Harvey,527a291d-49f5-4ddc-81f6-0331f9e08be9,Faunette AE,https://cdn.feralfileassets.com/thumbnails/527a291d-49f5-4ddc-81f6-0331f9e08be9/1666731421,https://cdn.feralfileassets.com/previews/527a291d-49f5-4ddc-81f6-0331f9e08be9/1667600061/?edition_number=1&blockchain=ethereum&contract=0x6e82e4B398Ca4137007ba69ddD6FF699334d13b5&token_id=103670424291181108903021494306982394267978572499721974093211453159646661892322
Decentralized,Gray Matter,Faunette by Auriea Harvey,527a291d-49f5-4ddc-81f6-0331f9e08be9,527a291d-49f5-4ddc-81f6-0331f9e08be9,0x6e82e4B398Ca4137007ba69ddD6FF699334d13b5,103670424291181108903021494306982394267978572499721974093211453159646661892323,200,0.44,,Faunette by Auriea Harvey,527a291d-49f5-4ddc-81f6-0331f9e08be9,Faunette PP,https://cdn.feralfileassets.com/thumbnails/527a291d-49f5-4ddc-81f6-0331f9e08be9/1666731421,https://cdn.feralfileassets.com/previews/527a291d-49f5-4ddc-81f6-0331f9e08be9/1667600061/?edition_number=2&blockchain=ethereum&contract=0x6e82e4B398Ca4137007ba69ddD6FF699334d13b5&token_id=103670424291181108903021494306982394267978572499721974093211453159646661892323
Decentralized,Gray Matter,Faunette by Auriea Harvey,527a291d-49f5-4ddc-81f6-0331f9e08be9,527a291d-49f5-4ddc-81f6-0331f9e08be9,0x6e82e4B398Ca4137007ba69ddD6FF699334d13b5,103670424291181108903021494306982394267978572499721974093211453159646661892324,200,0.45,,Faunette by Auriea Harvey,527a291d-49f5-4ddc-81f6-0331f9e08be9,Faunette #1,https://cdn.feralfileassets.com/thumbnails/527a291d-49f5-4ddc-81f6-0331f9e08be9/1666731421,https://cdn.feralfileassets.com/previews/527a291d-49f5-4ddc-81f6-0331f9e08be9/1667600061/?edition_number=3&blockchain=ethereum&contract=0x6e82e4B398Ca4137007ba69ddD6FF699334d13b5&token_id=103670424291181108903021494306982394267978572499721974093211453159646661892324
Decentralized,Gray Matter,Faunette by Auriea Harvey,527a291d-49f5-4ddc-81f6-0331f9e08be9,527a291d-49f5-4ddc-81f6-0331f9e08be9,0x6e82e4B398Ca4137007ba69ddD6FF699334d13b5,103670424291181108903021494306982394267978572499721974093211453159646661892325,200,0.46,,Faunette by Auriea Harvey,527a291d-49f5-4ddc-81f6-0331f9e08be9,Faunette #2,https://cdn.feralfileassets.com/thumbnails/527a291d-49f5-4ddc-81f6-0331f9e08be9/1666731421,https://cdn.feralfileassets.com/previews/527a291d-49f5-4ddc-81f6-0331f9e08be9/1667600061/?edition_number=4&blockchain=ethereum&contract=0x6e82e4B398Ca4137007ba69ddD6FF699334d13b5&token_id=103670424291181108903021494306982394267978572499721974093211453159646661892325
Decentralized,Gray Matter,Faunette by Auriea Harvey,527a291d-49f5-4ddc-81f6-0331f9e08be9,527a291d-49f5-4ddc-81f6-0331f9e08be9,0x6e82e4B398Ca4137007ba69ddD6FF699334d13b5,103670424291181108903021494306982394267978572499721974093211453159646661892326,200,0.47,,Faunette by Auriea Harvey,527a291d-49f5-4ddc-81f6-0331f9e08be9,Faunette #3,https://cdn.feralfileassets.com/thumbnails/527a291d-49f5-4ddc-81f6-0331f9e08be9/1666731421,https://cdn.feralfileassets.com/previews/527a291d-49f5-4ddc-81f6-0331f9e08be9/1667600061/?edition_number=5&blockchain=ethereum&contract=0x6e82e4B398Ca4137007ba69ddD6FF699334d13b5&token_id=103670424291181108903021494306982394267978572499721974093211453159646661892326
Decentralized,Gray Matter,Faunette by Auriea Harvey,527a291d-49f5-4ddc-81f6-0331f9e08be9,527a291d-49f5-4ddc-81f6-0331f9e08be9,0x6e82e4B398Ca4137007ba69ddD6FF699334d13b5,103670424291181108903021494306982394267978572499721974093211453159646661892327,200,0.45,,Faunette by Auriea Harvey,527a291d-49f5-4ddc-81f6-0331f9e08be9,Faunette #4,https://cdn.feralfileassets.com/thumbnails/527a291d-49f5-4ddc-81f6-0331f9e08be9/1666731421,https://cdn.feralfileassets.com/previews/527a291d-49f5-4ddc-81f6-0331f9e08be9/1667600061/?edition_number=6&blockchain=ethereum&contract=0x6e82e4B398Ca4137007ba69ddD6FF699334d13b5&token_id=103670424291181108903021494306982394267978572499721974093211453159646661892327
Decentralized,Gray Matter,Faunette by Auriea Harvey,527a291d-49f5-4ddc-81f6-0331f9e08be9,527a291d-49f5-4ddc-81f6-0331f9e08be9,0x6e82e4B398Ca4137007ba69ddD6FF699334d13b5,103670424291181108903021494306982394267978572499721974093211453159646661892328,200,0.44,,Faunette by Auriea Harvey,527a291d-49f5-4ddc-81f6-0331f9e08be9,Faunette #5,https://cdn.feralfileassets.com/thumbnails/527a291d-49f5-4ddc-81f6-0331f9e08be9/1666731421,https://cdn.feralfileassets.com/previews/527a291d-49f5-4ddc-81f6-0331f9e08be9/1667600061/?edition_number=7&blockchain=ethereum&contract=0x6e82e4B398Ca4137007ba69ddD6FF699334d13b5&token_id=103670424291181108903021494306982394267978572499721974093211453159646661892328
Decentralized,Gray Matter,Faunette by Auriea Harvey,527a291d-49f5-4ddc-81f6-0331f9e08be9,527a291d-49f5-4ddc-81f6-0331f9e08be9,0x6e82e4B398Ca4137007ba69ddD6FF699334d13b5,103670424291181108903021494306982394267978572499721974093211453159646661892329,200,0.45,,Faunette by Auriea Harvey,527a291d-49f5-4ddc-81f6-0331f9e08be9,Faunette #6,https://cdn.feralfileassets.com/thumbnails/527a291d-49f5-4ddc-81f6-0331f9e08be9/1666731421,https://cdn.feralfileassets.com/previews/527a291d-49f5-4ddc-81f6-0331f9e08be9/1667600061/?edition_number=8&blockchain=ethereum&contract=0x6e82e4B398Ca4137007ba69ddD6FF699334d13b5&token_id=103670424291181108903021494306982394267978572499721974093211453159646661892329
Decentralized,Gray Matter,Faunette by Auriea Harvey,527a291d-49f5-4ddc-81f6-0331f9e08be9,527a291d-49f5-4ddc-81f6-0331f9e08be9,0x6e82e4B398Ca4137007ba69ddD6FF699334d13b5,103670424291181108903021494306982394267978572499721974093211453159646661892330,200,0.45,,Faunette by Auriea Harvey,527a291d-49f5-4ddc-81f6-0331f9e08be9,Faunette #7,https://cdn.feralfileassets.com/thumbnails/527a291d-49f5-4ddc-81f6-0331f9e08be9/1666731421,https://cdn.feralfileassets.com/previews/527a291d-49f5-4ddc-81f6-0331f9e08be9/1667600061/?edition_number=9&blockchain=ethereum&contract=0x6e82e4B398Ca4137007ba69ddD6FF699334d13b5&token_id=103670424291181108903021494306982394267978572499721974093211453159646661892330
Decentralized,Gray Matter,Mumble by Auriea Harvey,5d67190d-28d7-493c-85c8-563c32de44ff,5d67190d-28d7-493c-85c8-563c32de44ff,0x6e82e4B398Ca4137007ba69ddD6FF699334d13b5,26784186576786734221113338868184730699905253695798607540572045023095617009768,200,0.45,,Mumble by Auriea Harvey,5d67190d-28d7-493c-85c8-563c32de44ff,Mumble AE,https://cdn.feralfileassets.com/thumbnails/5d67190d-28d7-493c-85c8-563c32de44ff/1666625198,https://cdn.feralfileassets.com/previews/5d67190d-28d7-493c-85c8-563c32de44ff/1667592434/?edition_number=0&blockchain=ethereum&contract=0x6e82e4B398Ca4137007ba69ddD6FF699334d13b5&token_id=26784186576786734221113338868184730699905253695798607540572045023095617009768
Decentralized,Gray Matter,Mumble by Auriea Harvey,5d67190d-28d7-493c-85c8-563c32de44ff,5d67190d-28d7-493c-85c8-563c32de44ff,0x6e82e4B398Ca4137007ba69ddD6FF699334d13b5,26784186576786734221113338868184730699905253695798607540572045023095617009769,200,0.46,,Mumble by Auriea Harvey,5d67190d-28d7-493c-85c8-563c32de44ff,Mumble AE,https://cdn.feralfileassets.com/thumbnails/5d67190d-28d7-493c-85c8-563c32de44ff/1666625198,https://cdn.feralfileassets.com/previews/5d67190d-28d7-493c-85c8-563c32de44ff/1667592434/?edition_number=1&blockchain=ethereum&contract=0x6e82e4B398Ca4137007ba69ddD6FF699334d13b5&token_id=26784186576786734221113338868184730699905253695798607540572045023095617009769
Decentralized,Gray Matter,Mumble by Auriea Harvey,5d67190d-28d7-493c-85c8-563c32de44ff,5d67190d-28d7-493c-85c8-563c32de44ff,0x6e82e4B398Ca4137007ba69ddD6FF699334d13b5,26784186576786734221113338868184730699905253695798607540572045023095617009770,200,0.46,,Mumble by Auriea Harvey,5d67190d-28d7-493c-85c8-563c32de44ff,Mumble PP,https://cdn.feralfileassets.com/thumbnails/5d67190d-28d7-493c-85c8-563c32de44ff/1666625198,https://cdn.feralfileassets.com/previews/5d67190d-28d7-493c-85c8-563c32de44ff/1667592434/?edition_number=2&blockchain=ethereum&contract=0x6e82e4B398Ca4137007ba69ddD6FF699334d13b5&token_id=26784186576786734221113338868184730699905253695798607540572045023095617009770
Decentralized,Gray Matter,Mumble by Auriea Harvey,5d67190d-28d7-493c-85c8-563c32de44ff,5d67190d-28d7-493c-85c8-563c32de44ff,0x6e82e4B398Ca4137007ba69ddD6FF699334d13b5,26784186576786734221113338868184730699905253695798607540572045023095617009771,200,0.45,,Mumble by Auriea Harvey,5d67190d-28d7-493c-85c8-563c32de44ff,Mumble #1,https://cdn.feralfileassets.com/thumbnails/5d67190d-28d7-493c-85c8-563c32de44ff/1666625198,https://cdn.feralfileassets.com/previews/5d67190d-28d7-493c-85c8-563c32de44ff/1667592434/?edition_number=3&blockchain=ethereum&contract=0x6e82e4B398Ca4137007ba69ddD6FF699334d13b5&token_id=26784186576786734221113338868184730699905253695798607540572045023095617009771
Decentralized,Gray Matter,Mumble by Auriea Harvey,5d67190d-28d7-493c-85c8-563c32de44ff,5d67190d-28d7-493c-85c8-563c32de44ff,0x6e82e4B398Ca4137007ba69ddD6FF699334d13b5,26784186576786734221113338868184730699905253695798607540572045023095617009772,200,0.46,,Mumble by Auriea Harvey,5d67190d-28d7-493c-85c8-563c32de44ff,Mumble #2,https://cdn.feralfileassets.com/thumbnails/5d67190d-28d7-493c-85c8-563c32de44ff/1666625198,https://cdn.feralfileassets.com/previews/5d67190d-28d7-493c-85c8-563c32de44ff/1667592434/?edition_number=4&blockchain=ethereum&contract=0x6e82e4B398Ca4137007ba69ddD6FF699334d13b5&token_id=26784186576786734221113338868184730699905253695798607540572045023095617009772
Decentralized,Gray Matter,Mumble by Auriea Harvey,5d67190d-28d7-493c-85c8-563c32de44ff,5d67190d-28d7-493c-85c8-563c32de44ff,0x6e82e4B398Ca4137007ba69ddD6FF699334d13b5,26784186576786734221113338868184730699905253695798607540572045023095617009773,200,0.45,,Mumble by Auriea Harvey,5d67190d-28d7-493c-85c8-563c32de44ff,Mumble #3,https://cdn.feralfileassets.com/thumbnails/5d67190d-28d7-493c-85c8-563c32de44ff/1666625198,https://cdn.feralfileassets.com/previews/5d67190d-28d7-493c-85c8-563c32de44ff/1667592434/?edition_number=5&blockchain=ethereum&contract=0x6e82e4B398Ca4137007ba69ddD6FF699334d13b5&token_id=26784186576786734221113338868184730699905253695798607540572045023095617009773
Decentralized,Gray Matter,Mumble by Auriea Harvey,5d67190d-28d7-493c-85c8-563c32de44ff,5d67190d-28d7-493c-85c8-563c32de44ff,0x6e82e4B398Ca4137007ba69ddD6FF699334d13b5,26784186576786734221113338868184730699905253695798607540572045023095617009774,200,0.45,,Mumble by Auriea Harvey,5d67190d-28d7-493c-85c8-563c32de44ff,Mumble #4,https://cdn.feralfileassets.com/thumbnails/5d67190d-28d7-493c-85c8-563c32de44ff/1666625198,https://cdn.feralfileassets.com/previews/5d67190d-28d7-493c-85c8-563c32de44ff/1667592434/?edition_number=6&blockchain=ethereum&contract=0x6e82e4B398Ca4137007ba69ddD6FF699334d13b5&token_id=26784186576786734221113338868184730699905253695798607540572045023095617009774
Decentralized,Gray Matter,Mumble by Auriea Harvey,5d67190d-28d7-493c-85c8-563c32de44ff,5d67190d-28d7-493c-85c8-563c32de44ff,0x6e82e4B398Ca4137007ba69ddD6FF699334d13b5,26784186576786734221113338868184730699905253695798607540572045023095617009775,200,0.46,,Mumble by Auriea Harvey,5d67190d-28d7-493c-85c8-563c32de44ff,Mumble #5,https://cdn.feralfileassets.com/thumbnails/5d67190d-28d7-493c-85c8-563c32de44ff/1666625198,https://cdn.feralfileassets.com/previews/5d67190d-28d7-493c-85c8-563c32de44ff/1667592434/?edition_number=7&blockchain=ethereum&contract=0x6e82e4B398Ca4137007ba69ddD6FF699334d13b5&token_id=26784186576786734221113338868184730699905253695798607540572045023095617009775
Decentralized,Gray Matter,Mumble by Auriea Harvey,5d67190d-28d7-493c-85c8-563c32de44ff,5d67190d-28d7-493c-85c8-563c32de44ff,0x6e82e4B398Ca4137007ba69ddD6FF699334d13b5,26784186576786734221113338868184730699905253695798607540572045023095617009776,200,0.46,,Mumble by Auriea Harvey,5d67190d-28d7-493c-85c8-563c32de44ff,Mumble #6,https://cdn.feralfileassets.com/thumbnails/5d67190d-28d7-493c-85c8-563c32de44ff/1666625198,https://cdn.feralfileassets.com/previews/5d67190d-28d7-493c-85c8-563c32de44ff/1667592434/?edition_number=8&blockchain=ethereum&contract=0x6e82e4B398Ca4137007ba69ddD6FF699334d13b5&token_id=26784186576786734221113338868184730699905253695798607540572045023095617009776
Decentralized,Gray Matter,Mumble by Auriea Harvey,5d67190d-28d7-493c-85c8-563c32de44ff,5d67190d-28d7-493c-85c8-563c32de44ff,0x6e82e4B398Ca4137007ba69ddD6FF699334d13b5,26784186576786734221113338868184730699905253695798607540572045023095617009777,200,0.46,,Mumble by Auriea Harvey,5d67190d-28d7-493c-85c8-563c32de44ff,Mumble #7,https://cdn.feralfileassets.com/thumbnails/5d67190d-28d7-493c-85c8-563c32de44ff/1666625198,https://cdn.feralfileassets.com/previews/5d67190d-28d7-493c-85c8-563c32de44ff/1667592434/?edition_number=9&blockchain=ethereum&contract=0x6e82e4B398Ca4137007ba69ddD6FF699334d13b5&token_id=26784186576786734221113338868184730699905253695798607540572045023095617009777
Decentralized,Gray Matter,Gray Matter: Material/Immaterial by Auriea Harvey,7ad7ee07-883a-4989-a087-e3b03fd4a69d,7ad7ee07-883a-4989-a087-e3b03fd4a69d,0x6e82e4B398Ca4137007ba69ddD6FF699334d13b5,57926226797054930816703082712960451066245365004697088168355518074723893138587,200,0.45,,Gray Matter: Material/Immaterial by Auriea Harvey,7ad7ee07-883a-4989-a087-e3b03fd4a69d,Gray Matter: Material/Immaterial #50,https://cdn.feralfileassets.com/previews/7ad7ee07-883a-4989-a087-e3b03fd4a69d/1666536695/preview.jpg,
Decentralized,Gray Matter,Gray Matter: Material/Immaterial by Auriea Harvey,7ad7ee07-883a-4989-a087-e3b03fd4a69d,7ad7ee07-883a-4989-a087-e3b03fd4a69d,0x6e82e4B398Ca4137007ba69ddD6FF699334d13b5,57926226797054930816703082712960451066245365004697088168355518074723893138591,200,0.46,,Gray Matter: Material/Immaterial by Auriea Harvey,7ad7ee07-883a-4989-a087-e3b03fd4a69d,Gray Matter: Material/Immaterial #54,https://cdn.feralfileassets.com/previews/7ad7ee07-883a-4989-a087-e3b03fd4a69d/1666536695/preview.jpg,
Decentralized,Gray Matter,Gray Matter: Material/Immaterial by Auriea Harvey,7ad7ee07-883a-4989-a087-e3b03fd4a69d,7ad7ee07-883a-4989-a087-e3b03fd4a69d,0x6e82e4B398Ca4137007ba69ddD6FF699334d13b5,57926226797054930816703082712960451066245365004697088168355518074723893138595,200,0.45,,Gray Matter: Material/Immaterial by Auriea Harvey,7ad7ee07-883a-4989-a087-e3b03fd4a69d,Gray Matter: Material/Immaterial #58,https://cdn.feralfileassets.com/previews/7ad7ee07-883a-4989-a087-e3b03fd4a69d/1666536695/preview.jpg,
Decentralized,Gray Matter,Gray Matter: Material/Immaterial by Auriea Harvey,7ad7ee07-883a-4989-a087-e3b03fd4a69d,7ad7ee07-883a-4989-a087-e3b03fd4a69d,0x6e82e4B398Ca4137007ba69ddD6FF699334d13b5,57926226797054930816703082712960451066245365004697088168355518074723893138599,200,0.46,,Gray Matter: Material/Immaterial by Auriea Harvey,7ad7ee07-883a-4989-a087-e3b03fd4a69d,Gray Matter: Material/Immaterial #62,https://cdn.feralfileassets.com/previews/7ad7ee07-883a-4989-a087-e3b03fd4a69d/1666536695/preview.jpg,
Decentralized,Gray Matter,Gray Matter: Material/Immaterial by Auriea Harvey,7ad7ee07-883a-4989-a087-e3b03fd4a69d,7ad7ee07-883a-4989-a087-e3b03fd4a69d,0x6e82e4B398Ca4137007ba69ddD6FF699334d13b5,57926226797054930816703082712960451066245365004697088168355518074723893138603,200,0.46,,Gray Matter: Material/Immaterial by Auriea Harvey,7ad7ee07-883a-4989-a087-e3b03fd4a69d,Gray Matter: Material/Immaterial #66,https://cdn.feralfileassets.com/previews/7ad7ee07-883a-4989-a087-e3b03fd4a69d/1666536695/preview.jpg,
Decentralized,Gray Matter,Gray Matter: Material/Immaterial by Auriea Harvey,7ad7ee07-883a-4989-a087-e3b03fd4a69d,7ad7ee07-883a-4989-a087-e3b03fd4a69d,0x6e82e4B398Ca4137007ba69ddD6FF699334d13b5,57926226797054930816703082712960451066245365004697088168355518074723893138607,200,0.46,,Gray Matter: Material/Immaterial by Auriea Harvey,7ad7ee07-883a-4989-a087-e3b03fd4a69d,Gray Matter: Material/Immaterial #70,https://cdn.feralfileassets.com/previews/7ad7ee07-883a-4989-a087-e3b03fd4a69d/1666536695/preview.jpg,
Decentralized,Gray Matter,Gray Matter: Material/Immaterial by Auriea Harvey,7ad7ee07-883a-4989-a087-e3b03fd4a69d,7ad7ee07-883a-4989-a087-e3b03fd4a69d,0x6e82e4B398Ca4137007ba69ddD6FF699334d13b5,57926226797054930816703082712960451066245365004697088168355518074723893138540,200,0.46,,Gray Matter: Material/Immaterial by Auriea Harvey,7ad7ee07-883a-4989-a087-e3b03fd4a69d,Gray Matter: Material/Immaterial #3,https://cdn.feralfileassets.com/previews/7ad7ee07-883a-4989-a087-e3b03fd4a69d/1666536695/preview.jpg,
Decentralized,Gray Matter,Gray Matter: Material/Immaterial by Auriea Harvey,7ad7ee07-883a-4989-a087-e3b03fd4a69d,7ad7ee07-883a-4989-a087-e3b03fd4a69d,0x6e82e4B398Ca4137007ba69ddD6FF699334d13b5,57926226797054930816703082712960451066245365004697088168355518074723893138544,200,0.45,,Gray Matter: Material/Immaterial by Auriea Harvey,7ad7ee07-883a-4989-a087-e3b03fd4a69d,Gray Matter: Material/Immaterial #7,https://cdn.feralfileassets.com/previews/7ad7ee07-883a-4989-a087-e3b03fd4a69d/1666536695/preview.jpg,
Decentralized,Gray Matter,Gray Matter: Material/Immaterial by Auriea Harvey,7ad7ee07-883a-4989-a087-e3b03fd4a69d,7ad7ee07-883a-4989-a087-e3b03fd4a69d,0x6e82e4B398Ca4137007ba69ddD6FF699334d13b5,57926226797054930816703082712960451066245365004697088168355518074723893138548,200,0.46,,Gray Matter: Material/Immaterial by Auriea Harvey,7ad7ee07-883a-4989-a087-e3b03fd4a69d,Gray Matter: Material/Immaterial #11,https://cdn.feralfileassets.com/previews/7ad7ee07-883a-4989-a087-e3b03fd4a69d/1666536695/preview.jpg,
Decentralized,Gray Matter,Gray Matter: Material/Immaterial by Auriea Harvey,7ad7ee07-883a-4989-a087-e3b03fd4a69d,7ad7ee07-883a-4989-a087-e3b03fd4a69d,0x6e82e4B398Ca4137007ba69ddD6FF699334d13b5,57926226797054930816703082712960451066245365004697088168355518074723893138552,200,0.45,,Gray Matter: Material/Immaterial by Auriea Harvey,7ad7ee07-883a-4989-a087-e3b03fd4a69d,Gray Matter: Material/Immaterial #15,https://cdn.feralfileassets.com/previews/7ad7ee07-883a-4989-a087-e3b03fd4a69d/1666536695/preview.jpg,
Decentralized,Gray Matter,White Rest by Auriea Harvey,7f70faea-dc2a-4613-b758-b53b9bd6d00d,7f70faea-dc2a-4613-b758-b53b9bd6d00d,0x6e82e4B398Ca4137007ba69ddD6FF699334d13b5,101018397861100865329114328924892815187623142272647927988588693624037353186253,200,0.45,,White Rest by Auriea Harvey,7f70faea-dc2a-4613-b758-b53b9bd6d00d,White Rest AE,https://cdn.feralfileassets.com/thumbnails/7f70faea-dc2a-4613-b758-b53b9bd6d00d/1666620445,https://cdn.feralfileassets.com/previews/7f70faea-dc2a-4613-b758-b53b9bd6d00d/1667638386/?edition_number=0&blockchain=ethereum&contract=0x6e82e4B398Ca4137007ba69ddD6FF699334d13b5&token_id=101018397861100865329114328924892815187623142272647927988588693624037353186253
Decentralized,Gray Matter,White Rest by Auriea Harvey,7f70faea-dc2a-4613-b758-b53b9bd6d00d,7f70faea-dc2a-4613-b758-b53b9bd6d00d,0x6e82e4B398Ca4137007ba69ddD6FF699334d13b5,101018397861100865329114328924892815187623142272647927988588693624037353186254,200,0.44,,White Rest by Auriea Harvey,7f70faea-dc2a-4613-b758-b53b9bd6d00d,White Rest AE,https://cdn.feralfileassets.com/thumbnails/7f70faea-dc2a-4613-b758-b53b9bd6d00d/1666620445,https://cdn.feralfileassets.com/previews/7f70faea-dc2a-4613-b758-b53b9bd6d00d/1667638386/?edition_number=1&blockchain=ethereum&contract=0x6e82e4B398Ca4137007ba69ddD6FF699334d13b5&token_id=101018397861100865329114328924892815187623142272647927988588693624037353186254
Decentralized,Gray Matter,White Rest by Auriea Harvey,7f70faea-dc2a-4613-b758-b53b9bd6d00d,7f70faea-dc2a-4613-b758-b53b9bd6d00d,0x6e82e4B398Ca4137007ba69ddD6FF699334d13b5,101018397861100865329114328924892815187623142272647927988588693624037353186255,200,0.45,,White Rest by Auriea Harvey,7f70faea-dc2a-4613-b758-b53b9bd6d00d,White Rest PP,https://cdn.feralfileassets.com/thumbnails/7f70faea-dc2a-4613-b758-b53b9bd6d00d/1666620445,https://cdn.feralfileassets.com/previews/7f70faea-dc2a-4613-b758-b53b9bd6d00d/1667638386/?edition_number=2&blockchain=ethereum&contract=0x6e82e4B398Ca4137007ba69ddD6FF699334d13b5&token_id=101018397861100865329114328924892815187623142272647927988588693624037353186255
Decentralized,Gray Matter,White Rest by Auriea Harvey,7f70faea-dc2a-4613-b758-b53b9bd6d00d,7f70faea-dc2a-4613-b758-b53b9bd6d00d,0x6e82e4B398Ca4137007ba69ddD6FF699334d13b5,101018397861100865329114328924892815187623142272647927988588693624037353186256,200,0.46,,White Rest by Auriea Harvey,7f70faea-dc2a-4613-b758-b53b9bd6d00d,White Rest #1,https://cdn.feralfileassets.com/thumbnails/7f70faea-dc2a-4613-b758-b53b9bd6d00d/1666620445,https://cdn.feralfileassets.com/previews/7f70faea-dc2a-4613-b758-b53b9bd6d00d/1667638386/?edition_number=3&blockchain=ethereum&contract=0x6e82e4B398Ca4137007ba69ddD6FF699334d13b5&token_id=101018397861100865329114328924892815187623142272647927988588693624037353186256
Decentralized,Gray Matter,White Rest by Auriea Harvey,7f70faea-dc2a-4613-b758-b53b9bd6d00d,7f70faea-dc2a-4613-b758-b53b9bd6d00d,0x6e82e4B398Ca4137007ba69ddD6FF699334d13b5,101018397861100865329114328924892815187623142272647927988588693624037353186257,200,0.46,,White Rest by Auriea Harvey,7f70faea-dc2a-4613-b758-b53b9bd6d00d,White Rest #2,https://cdn.feralfileassets.com/thumbnails/7f70faea-dc2a-4613-b758-b53b9bd6d00d/1666620445,https://cdn.feralfileassets.com/previews/7f70faea-dc2a-4613-b758-b53b9bd6d00d/1667638386/?edition_number=4&blockchain=ethereum&contract=0x6e82e4B398Ca4137007ba69ddD6FF699334d13b5&token_id=101018397861100865329114328924892815187623142272647927988588693624037353186257
Decentralized,Gray Matter,White Rest by Auriea Harvey,7f70faea-dc2a-4613-b758-b53b9bd6d00d,7f70faea-dc2a-4613-b758-b53b9bd6d00d,0x6e82e4B398Ca4137007ba69ddD6FF699334d13b5,101018397861100865329114328924892815187623142272647927988588693624037353186258,200,0.46,,White Rest by Auriea Harvey,7f70faea-dc2a-4613-b758-b53b9bd6d00d,White Rest #3,https://cdn.feralfileassets.com/thumbnails/7f70faea-dc2a-4613-b758-b53b9bd6d00d/1666620445,https://cdn.feralfileassets.com/previews/7f70faea-dc2a-4613-b758-b53b9bd6d00d/1667638386/?edition_number=5&blockchain=ethereum&contract=0x6e82e4B398Ca4137007ba69ddD6FF699334d13b5&token_id=101018397861100865329114328924892815187623142272647927988588693624037353186258
Decentralized,Gray Matter,White Rest by Auriea Harvey,7f70faea-dc2a-4613-b758-b53b9bd6d00d,7f70faea-dc2a-4613-b758-b53b9bd6d00d,0x6e82e4B398Ca4137007ba69ddD6FF699334d13b5,101018397861100865329114328924892815187623142272647927988588693624037353186259,200,0.45,,White Rest by Auriea Harvey,7f70faea-dc2a-4613-b758-b53b9bd6d00d,White Rest #4,https://cdn.feralfileassets.com/thumbnails/7f70faea-dc2a-4613-b758-b53b9bd6d00d/1666620445,https://cdn.feralfileassets.com/previews/7f70faea-dc2a-4613-b758-b53b9bd6d00d/1667638386/?edition_number=6&blockchain=ethereum&contract=0x6e82e4B398Ca4137007ba69ddD6FF699334d13b5&token_id=101018397861100865329114328924892815187623142272647927988588693624037353186259
Decentralized,Gray Matter,White Rest by Auriea Harvey,7f70faea-dc2a-4613-b758-b53b9bd6d00d,7f70faea-dc2a-4613-b758-b53b9bd6d00d,0x6e82e4B398Ca4137007ba69ddD6FF699334d13b5,101018397861100865329114328924892815187623142272647927988588693624037353186260,200,0.46,,White Rest by Auriea Harvey,7f70faea-dc2a-4613-b758-b53b9bd6d00d,White Rest #5,https://cdn.feralfileassets.com/thumbnails/7f70faea-dc2a-4613-b758-b53b9bd6d00d/1666620445,https://cdn.feralfileassets.com/previews/7f70faea-dc2a-4613-b758-b53b9bd6d00d/1667638386/?edition_number=7&blockchain=ethereum&contract=0x6e82e4B398Ca4137007ba69ddD6FF699334d13b5&token_id=101018397861100865329114328924892815187623142272647927988588693624037353186260
Decentralized,Gray Matter,White Rest by Auriea Harvey,7f70faea-dc2a-4613-b758-b53b9bd6d00d,7f70faea-dc2a-4613-b758-b53b9bd6d00d,0x6e82e4B398Ca4137007ba69ddD6FF699334d13b5,101018397861100865329114328924892815187623142272647927988588693624037353186261,200,0.46,,White Rest by Auriea Harvey,7f70faea-dc2a-4613-b758-b53b9bd6d00d,White Rest #6,https://cdn.feralfileassets.com/thumbnails/7f70faea-dc2a-4613-b758-b53b9bd6d00d/1666620445,https://cdn.feralfileassets.com/previews/7f70faea-dc2a-4613-b758-b53b9bd6d00d/1667638386/?edition_number=8&blockchain=ethereum&contract=0x6e82e4B398Ca4137007ba69ddD6FF699334d13b5&token_id=101018397861100865329114328924892815187623142272647927988588693624037353186261
Decentralized,Gray Matter,White Rest by Auriea Harvey,7f70faea-dc2a-4613-b758-b53b9bd6d00d,7f70faea-dc2a-4613-b758-b53b9bd6d00d,0x6e82e4B398Ca4137007ba69ddD6FF699334d13b5,101018397861100865329114328924892815187623142272647927988588693624037353186262,200,0.45,,White Rest by Auriea Harvey,7f70faea-dc2a-4613-b758-b53b9bd6d00d,White Rest #7,https://cdn.feralfileassets.com/thumbnails/7f70faea-dc2a-4613-b758-b53b9bd6d00d/1666620445,https://cdn.feralfileassets.com/previews/7f70faea-dc2a-4613-b758-b53b9bd6d00d/1667638386/?edition_number=9&blockchain=ethereum&contract=0x6e82e4B398Ca4137007ba69ddD6FF699334d13b5&token_id=101018397861100865329114328924892815187623142272647927988588693624037353186262
Decentralized,Gray Matter,Gray Matter by Auriea Harvey,8323eb9a-b406-4fbc-8550-fcd12213440a,8323eb9a-b406-4fbc-8550-fcd12213440a,0x6e82e4B398Ca4137007ba69ddD6FF699334d13b5,83546164136789563436808252890115554093142535498547881756265405968490982747232,200,0.45,,Gray Matter by Auriea Harvey,8323eb9a-b406-4fbc-8550-fcd12213440a,Gray Matter ,https://cdn.feralfileassets.com/thumbnails/8323eb9a-b406-4fbc-8550-fcd12213440a/1666618556,https://cdn.feralfileassets.com/previews/8323eb9a-b406-4fbc-8550-fcd12213440a/1667584931/?edition_number=0&blockchain=ethereum&contract=0x6e82e4B398Ca4137007ba69ddD6FF699334d13b5&token_id=83546164136789563436808252890115554093142535498547881756265405968490982747232
Decentralized,Gray Matter,Gray Matter by Auriea Harvey,8323eb9a-b406-4fbc-8550-fcd12213440a,8323eb9a-b406-4fbc-8550-fcd12213440a,0x6e82e4B398Ca4137007ba69ddD6FF699334d13b5,83546164136789563436808252890115554093142535498547881756265405968490982747233,200,0.46,,Gray Matter by Auriea Harvey,8323eb9a-b406-4fbc-8550-fcd12213440a,Gray Matter ,https://cdn.feralfileassets.com/thumbnails/8323eb9a-b406-4fbc-8550-fcd12213440a/1666618556,https://cdn.feralfileassets.com/previews/8323eb9a-b406-4fbc-8550-fcd12213440a/1667584931/?edition_number=1&blockchain=ethereum&contract=0x6e82e4B398Ca4137007ba69ddD6FF699334d13b5&token_id=83546164136789563436808252890115554093142535498547881756265405968490982747233
Decentralized,Gray Matter,Gray Matter by Auriea Harvey,8323eb9a-b406-4fbc-8550-fcd12213440a,8323eb9a-b406-4fbc-8550-fcd12213440a,0x6e82e4B398Ca4137007ba69ddD6FF699334d13b5,83546164136789563436808252890115554093142535498547881756265405968490982747234,200,0.45,,Gray Matter by Auriea Harvey,8323eb9a-b406-4fbc-8550-fcd12213440a,Gray Matter ,https://cdn.feralfileassets.com/thumbnails/8323eb9a-b406-4fbc-8550-fcd12213440a/1666618556,https://cdn.feralfileassets.com/previews/8323eb9a-b406-4fbc-8550-fcd12213440a/1667584931/?edition_number=2&blockchain=ethereum&contract=0x6e82e4B398Ca4137007ba69ddD6FF699334d13b5&token_id=83546164136789563436808252890115554093142535498547881756265405968490982747234
Decentralized,Gray Matter,Gray Matter by Auriea Harvey,8323eb9a-b406-4fbc-8550-fcd12213440a,8323eb9a-b406-4fbc-8550-fcd12213440a,0x6e82e4B398Ca4137007ba69ddD6FF699334d13b5,83546164136789563436808252890115554093142535498547881756265405968490982747235,200,0.45,,Gray Matter by Auriea Harvey,8323eb9a-b406-4fbc-8550-fcd12213440a,Gray Matter ,https://cdn.feralfileassets.com/thumbnails/8323eb9a-b406-4fbc-8550-fcd12213440a/1666618556,https://cdn.feralfileassets.com/previews/8323eb9a-b406-4fbc-8550-fcd12213440a/1667584931/?edition_number=3&blockchain=ethereum&contract=0x6e82e4B398Ca4137007ba69ddD6FF699334d13b5&token_id=83546164136789563436808252890115554093142535498547881756265405968490982747235
Decentralized,Gray Matter,ba-eye by Auriea Harvey,9c797f06-41e2-4aa4-abfe-489485bea17e,9c797f06-41e2-4aa4-abfe-489485bea17e,0x6e82e4B398Ca4137007ba69ddD6FF699334d13b5,104398116994341825170426578498298630082738464392540213104738174707054719211556,200,0.45,,ba-eye by Auriea Harvey,9c797f06-41e2-4aa4-abfe-489485bea17e,ba-eye AE,https://cdn.feralfileassets.com/thumbnails/9c797f06-41e2-4aa4-abfe-489485bea17e/1666627857,https://cdn.feralfileassets.com/previews/9c797f06-41e2-4aa4-abfe-489485bea17e/1667593413/?edition_number=0&blockchain=ethereum&contract=0x6e82e4B398Ca4137007ba69ddD6FF699334d13b5&token_id=104398116994341825170426578498298630082738464392540213104738174707054719211556
Decentralized,Gray Matter,ba-eye by Auriea Harvey,9c797f06-41e2-4aa4-abfe-489485bea17e,9c797f06-41e2-4aa4-abfe-489485bea17e,0x6e82e4B398Ca4137007ba69ddD6FF699334d13b5,104398116994341825170426578498298630082738464392540213104738174707054719211557,200,0.47,,ba-eye by Auriea Harvey,9c797f06-41e2-4aa4-abfe-489485bea17e,ba-eye AE,https://cdn.feralfileassets.com/thumbnails/9c797f06-41e2-4aa4-abfe-489485bea17e/1666627857,https://cdn.feralfileassets.com/previews/9c797f06-41e2-4aa4-abfe-489485bea17e/1667593413/?edition_number=1&blockchain=ethereum&contract=0x6e82e4B398Ca4137007ba69ddD6FF699334d13b5&token_id=104398116994341825170426578498298630082738464392540213104738174707054719211557
Decentralized,Gray Matter,ba-eye by Auriea Harvey,9c797f06-41e2-4aa4-abfe-489485bea17e,9c797f06-41e2-4aa4-abfe-489485bea17e,0x6e82e4B398Ca4137007ba69ddD6FF699334d13b5,104398116994341825170426578498298630082738464392540213104738174707054719211558,200,0.46,,ba-eye by Auriea Harvey,9c797f06-41e2-4aa4-abfe-489485bea17e,ba-eye PP,https://cdn.feralfileassets.com/thumbnails/9c797f06-41e2-4aa4-abfe-489485bea17e/1666627857,https://cdn.feralfileassets.com/previews/9c797f06-41e2-4aa4-abfe-489485bea17e/1667593413/?edition_number=2&blockchain=ethereum&contract=0x6e82e4B398Ca4137007ba69ddD6FF699334d13b5&token_id=104398116994341825170426578498298630082738464392540213104738174707054719211558
Decentralized,Gray Matter,ba-eye by Auriea Harvey,9c797f06-41e2-4aa4-abfe-489485bea17e,9c797f06-41e2-4aa4-abfe-489485bea17e,0x6e82e4B398Ca4137007ba69ddD6FF699334d13b5,104398116994341825170426578498298630082738464392540213104738174707054719211559,200,0.46,,ba-eye by Auriea Harvey,9c797f06-41e2-4aa4-abfe-489485bea17e,ba-eye #1,https://cdn.feralfileassets.com/thumbnails/9c797f06-41e2-4aa4-abfe-489485bea17e/1666627857,https://cdn.feralfileassets.com/previews/9c797f06-41e2-4aa4-abfe-489485bea17e/1667593413/?edition_number=3&blockchain=ethereum&contract=0x6e82e4B398Ca4137007ba69ddD6FF699334d13b5&token_id=104398116994341825170426578498298630082738464392540213104738174707054719211559
Decentralized,Gray Matter,ba-eye by Auriea Harvey,9c797f06-41e2-4aa4-abfe-489485bea17e,9c797f06-41e2-4aa4-abfe-489485bea17e,0x6e82e4B398Ca4137007ba69ddD6FF699334d13b5,104398116994341825170426578498298630082738464392540213104738174707054719211560,200,0.46,,ba-eye by Auriea Harvey,9c797f06-41e2-4aa4-abfe-489485bea17e,ba-eye #2,https://cdn.feralfileassets.com/thumbnails/9c797f06-41e2-4aa4-abfe-489485bea17e/1666627857,https://cdn.feralfileassets.com/previews/9c797f06-41e2-4aa4-abfe-489485bea17e/1667593413/?edition_number=4&blockchain=ethereum&contract=0x6e82e4B398Ca4137007ba69ddD6FF699334d13b5&token_id=104398116994341825170426578498298630082738464392540213104738174707054719211560
Decentralized,Gray Matter,ba-eye by Auriea Harvey,9c797f06-41e2-4aa4-abfe-489485bea17e,9c797f06-41e2-4aa4-abfe-489485bea17e,0x6e82e4B398Ca4137007ba69ddD6FF699334d13b5,104398116994341825170426578498298630082738464392540213104738174707054719211561,200,0.45,,ba-eye by Auriea Harvey,9c797f06-41e2-4aa4-abfe-489485bea17e,ba-eye #3,https://cdn.feralfileassets.com/thumbnails/9c797f06-41e2-4aa4-abfe-489485bea17e/1666627857,https://cdn.feralfileassets.com/previews/9c797f06-41e2-4aa4-abfe-489485bea17e/1667593413/?edition_number=5&blockchain=ethereum&contract=0x6e82e4B398Ca4137007ba69ddD6FF699334d13b5&token_id=104398116994341825170426578498298630082738464392540213104738174707054719211561
Decentralized,Gray Matter,ba-eye by Auriea Harvey,9c797f06-41e2-4aa4-abfe-489485bea17e,9c797f06-41e2-4aa4-abfe-489485bea17e,0x6e82e4B398Ca4137007ba69ddD6FF699334d13b5,104398116994341825170426578498298630082738464392540213104738174707054719211562,200,0.46,,ba-eye by Auriea Harvey,9c797f06-41e2-4aa4-abfe-489485bea17e,ba-eye #4,https://cdn.feralfileassets.com/thumbnails/9c797f06-41e2-4aa4-abfe-489485bea17e/1666627857,https://cdn.feralfileassets.com/previews/9c797f06-41e2-4aa4-abfe-489485bea17e/1667593413/?edition_number=6&blockchain=ethereum&contract=0x6e82e4B398Ca4137007ba69ddD6FF699334d13b5&token_id=104398116994341825170426578498298630082738464392540213104738174707054719211562
Decentralized,Gray Matter,ba-eye by Auriea Harvey,9c797f06-41e2-4aa4-abfe-489485bea17e,9c797f06-41e2-4aa4-abfe-489485bea17e,0x6e82e4B398Ca4137007ba69ddD6FF699334d13b5,104398116994341825170426578498298630082738464392540213104738174707054719211563,200,0.45,,ba-eye by Auriea Harvey,9c797f06-41e2-4aa4-abfe-489485bea17e,ba-eye #5,https://cdn.feralfileassets.com/thumbnails/9c797f06-41e2-4aa4-abfe-489485bea17e/1666627857,https://cdn.feralfileassets.com/previews/9c797f06-41e2-4aa4-abfe-489485bea17e/1667593413/?edition_number=7&blockchain=ethereum&contract=0x6e82e4B398Ca4137007ba69ddD6FF699334d13b5&token_id=104398116994341825170426578498298630082738464392540213104738174707054719211563
Decentralized,Gray Matter,ba-eye by Auriea Harvey,9c797f06-41e2-4aa4-abfe-489485bea17e,9c797f06-41e2-4aa4-abfe-489485bea17e,0x6e82e4B398Ca4137007ba69ddD6FF699334d13b5,104398116994341825170426578498298630082738464392540213104738174707054719211564,200,0.47,,ba-eye by Auriea Harvey,9c797f06-41e2-4aa4-abfe-489485bea17e,ba-eye #6,https://cdn.feralfileassets.com/thumbnails/9c797f06-41e2-4aa4-abfe-489485bea17e/1666627857,https://cdn.feralfileassets.com/previews/9c797f06-41e2-4aa4-abfe-489485bea17e/1667593413/?edition_number=8&blockchain=ethereum&contract=0x6e82e4B398Ca4137007ba69ddD6FF699334d13b5&token_id=104398116994341825170426578498298630082738464392540213104738174707054719211564
Decentralized,Gray Matter,ba-eye by Auriea Harvey,9c797f06-41e2-4aa4-abfe-489485bea17e,9c797f06-41e2-4aa4-abfe-489485bea17e,0x6e82e4B398Ca4137007ba69ddD6FF699334d13b5,104398116994341825170426578498298630082738464392540213104738174707054719211565,200,0.46,,ba-eye by Auriea Harvey,9c797f06-41e2-4aa4-abfe-489485bea17e,ba-eye #7,https://cdn.feralfileassets.com/thumbnails/9c797f06-41e2-4aa4-abfe-489485bea17e/1666627857,https://cdn.feralfileassets.com/previews/9c797f06-41e2-4aa4-abfe-489485bea17e/1667593413/?edition_number=9&blockchain=ethereum&contract=0x6e82e4B398Ca4137007ba69ddD6FF699334d13b5&token_id=104398116994341825170426578498298630082738464392540213104738174707054719211565
Decentralized,Gray Matter,Curse Tablet by Auriea Harvey,a6463015-af79-43cf-ab25-84074828ac4b,a6463015-af79-43cf-ab25-84074828ac4b,0x6e82e4B398Ca4137007ba69ddD6FF699334d13b5,18508392712335859217281546756689095982136889956180325835747044186697182425048,200,0.45,,Curse Tablet by Auriea Harvey,a6463015-af79-43cf-ab25-84074828ac4b,Curse Tablet AE,https://cdn.feralfileassets.com/thumbnails/a6463015-af79-43cf-ab25-84074828ac4b/1666709498,https://cdn.feralfileassets.com/previews/a6463015-af79-43cf-ab25-84074828ac4b/1667592704/?edition_number=0&blockchain=ethereum&contract=0x6e82e4B398Ca4137007ba69ddD6FF699334d13b5&token_id=18508392712335859217281546756689095982136889956180325835747044186697182425048
Decentralized,Gray Matter,Curse Tablet by Auriea Harvey,a6463015-af79-43cf-ab25-84074828ac4b,a6463015-af79-43cf-ab25-84074828ac4b,0x6e82e4B398Ca4137007ba69ddD6FF699334d13b5,18508392712335859217281546756689095982136889956180325835747044186697182425049,200,0.45,,Curse Tablet by Auriea Harvey,a6463015-af79-43cf-ab25-84074828ac4b,Curse Tablet AE,https://cdn.feralfileassets.com/thumbnails/a6463015-af79-43cf-ab25-84074828ac4b/1666709498,https://cdn.feralfileassets.com/previews/a6463015-af79-43cf-ab25-84074828ac4b/1667592704/?edition_number=1&blockchain=ethereum&contract=0x6e82e4B398Ca4137007ba69ddD6FF699334d13b5&token_id=18508392712335859217281546756689095982136889956180325835747044186697182425049
Decentralized,Gray Matter,Curse Tablet by Auriea Harvey,a6463015-af79-43cf-ab25-84074828ac4b,a6463015-af79-43cf-ab25-84074828ac4b,0x6e82e4B398Ca4137007ba69ddD6FF699334d13b5,18508392712335859217281546756689095982136889956180325835747044186697182425050,200,0.46,,Curse Tablet by Auriea Harvey,a6463015-af79-43cf-ab25-84074828ac4b,Curse Tablet PP,https://cdn.feralfileassets.com/thumbnails/a6463015-af79-43cf-ab25-84074828ac4b/1666709498,https://cdn.feralfileassets.com/previews/a6463015-af79-43cf-ab25-84074828ac4b/1667592704/?edition_number=2&blockchain=ethereum&contract=0x6e82e4B398Ca4137007ba69ddD6FF699334d13b5&token_id=18508392712335859217281546756689095982136889956180325835747044186697182425050
Decentralized,Gray Matter,Curse Tablet by Auriea Harvey,a6463015-af79-43cf-ab25-84074828ac4b,a6463015-af79-43cf-ab25-84074828ac4b,0x6e82e4B398Ca4137007ba69ddD6FF699334d13b5,18508392712335859217281546756689095982136889956180325835747044186697182425051,200,0.46,,Curse Tablet by Auriea Harvey,a6463015-af79-43cf-ab25-84074828ac4b,Curse Tablet #1,https://cdn.feralfileassets.com/thumbnails/a6463015-af79-43cf-ab25-84074828ac4b/1666709498,https://cdn.feralfileassets.com/previews/a6463015-af79-43cf-ab25-84074828ac4b/1667592704/?edition_number=3&blockchain=ethereum&contract=0x6e82e4B398Ca4137007ba69ddD6FF699334d13b5&token_id=18508392712335859217281546756689095982136889956180325835747044186697182425051
Decentralized,Gray Matter,Curse Tablet by Auriea Harvey,a6463015-af79-43cf-ab25-84074828ac4b,a6463015-af79-43cf-ab25-84074828ac4b,0x6e82e4B398Ca4137007ba69ddD6FF699334d13b5,18508392712335859217281546756689095982136889956180325835747044186697182425052,200,0.46,,Curse Tablet by Auriea Harvey,a6463015-af79-43cf-ab25-84074828ac4b,Curse Tablet #2,https://cdn.feralfileassets.com/thumbnails/a6463015-af79-43cf-ab25-84074828ac4b/1666709498,https://cdn.feralfileassets.com/previews/a6463015-af79-43cf-ab25-84074828ac4b/1667592704/?edition_number=4&blockchain=ethereum&contract=0x6e82e4B398Ca4137007ba69ddD6FF699334d13b5&token_id=18508392712335859217281546756689095982136889956180325835747044186697182425052
Decentralized,Gray Matter,Curse Tablet by Auriea Harvey,a6463015-af79-43cf-ab25-84074828ac4b,a6463015-af79-43cf-ab25-84074828ac4b,0x6e82e4B398Ca4137007ba69ddD6FF699334d13b5,18508392712335859217281546756689095982136889956180325835747044186697182425053,200,0.45,,Curse Tablet by Auriea Harvey,a6463015-af79-43cf-ab25-84074828ac4b,Curse Tablet #3,https://cdn.feralfileassets.com/thumbnails/a6463015-af79-43cf-ab25-84074828ac4b/1666709498,https://cdn.feralfileassets.com/previews/a6463015-af79-43cf-ab25-84074828ac4b/1667592704/?edition_number=5&blockchain=ethereum&contract=0x6e82e4B398Ca4137007ba69ddD6FF699334d13b5&token_id=18508392712335859217281546756689095982136889956180325835747044186697182425053
Decentralized,Gray Matter,Curse Tablet by Auriea Harvey,a6463015-af79-43cf-ab25-84074828ac4b,a6463015-af79-43cf-ab25-84074828ac4b,0x6e82e4B398Ca4137007ba69ddD6FF699334d13b5,18508392712335859217281546756689095982136889956180325835747044186697182425054,200,0.46,,Curse Tablet by Auriea Harvey,a6463015-af79-43cf-ab25-84074828ac4b,Curse Tablet #4,https://cdn.feralfileassets.com/thumbnails/a6463015-af79-43cf-ab25-84074828ac4b/1666709498,https://cdn.feralfileassets.com/previews/a6463015-af79-43cf-ab25-84074828ac4b/1667592704/?edition_number=6&blockchain=ethereum&contract=0x6e82e4B398Ca4137007ba69ddD6FF699334d13b5&token_id=18508392712335859217281546756689095982136889956180325835747044186697182425054
Decentralized,Gray Matter,Curse Tablet by Auriea Harvey,a6463015-af79-43cf-ab25-84074828ac4b,a6463015-af79-43cf-ab25-84074828ac4b,0x6e82e4B398Ca4137007ba69ddD6FF699334d13b5,18508392712335859217281546756689095982136889956180325835747044186697182425055,200,0.46,,Curse Tablet by Auriea Harvey,a6463015-af79-43cf-ab25-84074828ac4b,Curse Tablet #5,https://cdn.feralfileassets.com/thumbnails/a6463015-af79-43cf-ab25-84074828ac4b/1666709498,https://cdn.feralfileassets.com/previews/a6463015-af79-43cf-ab25-84074828ac4b/1667592704/?edition_number=7&blockchain=ethereum&contract=0x6e82e4B398Ca4137007ba69ddD6FF699334d13b5&token_id=18508392712335859217281546756689095982136889956180325835747044186697182425055
Decentralized,Gray Matter,Curse Tablet by Auriea Harvey,a6463015-af79-43cf-ab25-84074828ac4b,a6463015-af79-43cf-ab25-84074828ac4b,0x6e82e4B398Ca4137007ba69ddD6FF699334d13b5,18508392712335859217281546756689095982136889956180325835747044186697182425056,200,0.46,,Curse Tablet by Auriea Harvey,a6463015-af79-43cf-ab25-84074828ac4b,Curse Tablet #6,https://cdn.feralfileassets.com/thumbnails/a6463015-af79-43cf-ab25-84074828ac4b/1666709498,https://cdn.feralfileassets.com/previews/a6463015-af79-43cf-ab25-84074828ac4b/1667592704/?edition_number=8&blockchain=ethereum&contract=0x6e82e4B398Ca4137007ba69ddD6FF699334d13b5&token_id=18508392712335859217281546756689095982136889956180325835747044186697182425056
Decentralized,Gray Matter,Curse Tablet by Auriea Harvey,a6463015-af79-43cf-ab25-84074828ac4b,a6463015-af79-43cf-ab25-84074828ac4b,0x6e82e4B398Ca4137007ba69ddD6FF699334d13b5,18508392712335859217281546756689095982136889956180325835747044186697182425057,200,0.46,,Curse Tablet by Auriea Harvey,a6463015-af79-43cf-ab25-84074828ac4b,Curse Tablet #7,https://cdn.feralfileassets.com/thumbnails/a6463015-af79-43cf-ab25-84074828ac4b/1666709498,https://cdn.feralfileassets.com/previews/a6463015-af79-43cf-ab25-84074828ac4b/1667592704/?edition_number=9&blockchain=ethereum&contract=0x6e82e4B398Ca4137007ba69ddD6FF699334d13b5&token_id=18508392712335859217281546756689095982136889956180325835747044186697182425057
Decentralized,Gray Matter,Dagger by Auriea Harvey,bd0c4207-f8e7-49db-919e-e2913f39d59c,bd0c4207-f8e7-49db-919e-e2913f39d59c,0x6e82e4B398Ca4137007ba69ddD6FF699334d13b5,92208933710796125770590251699325730336243064425460091178260788340701093768779,200,0.45,,Dagger by Auriea Harvey,bd0c4207-f8e7-49db-919e-e2913f39d59c,Dagger AE,https://cdn.feralfileassets.com/thumbnails/bd0c4207-f8e7-49db-919e-e2913f39d59c/1667601386,https://cdn.feralfileassets.com/previews/bd0c4207-f8e7-49db-919e-e2913f39d59c/1667599797/?edition_number=0&blockchain=ethereum&contract=0x6e82e4B398Ca4137007ba69ddD6FF699334d13b5&token_id=92208933710796125770590251699325730336243064425460091178260788340701093768779
Decentralized,Gray Matter,Dagger by Auriea Harvey,bd0c4207-f8e7-49db-919e-e2913f39d59c,bd0c4207-f8e7-49db-919e-e2913f39d59c,0x6e82e4B398Ca4137007ba69ddD6FF699334d13b5,92208933710796125770590251699325730336243064425460091178260788340701093768780,200,0.46,,Dagger by Auriea Harvey,bd0c4207-f8e7-49db-919e-e2913f39d59c,Dagger AE,https://cdn.feralfileassets.com/thumbnails/bd0c4207-f8e7-49db-919e-e2913f39d59c/1667601386,https://cdn.feralfileassets.com/previews/bd0c4207-f8e7-49db-919e-e2913f39d59c/1667599797/?edition_number=1&blockchain=ethereum&contract=0x6e82e4B398Ca4137007ba69ddD6FF699334d13b5&token_id=92208933710796125770590251699325730336243064425460091178260788340701093768780
Decentralized,Gray Matter,Dagger by Auriea Harvey,bd0c4207-f8e7-49db-919e-e2913f39d59c,bd0c4207-f8e7-49db-919e-e2913f39d59c,0x6e82e4B398Ca4137007ba69ddD6FF699334d13b5,92208933710796125770590251699325730336243064425460091178260788340701093768781,200,0.46,,Dagger by Auriea Harvey,bd0c4207-f8e7-49db-919e-e2913f39d59c,Dagger PP,https://cdn.feralfileassets.com/thumbnails/bd0c4207-f8e7-49db-919e-e2913f39d59c/1667601386,https://cdn.feralfileassets.com/previews/bd0c4207-f8e7-49db-919e-e2913f39d59c/1667599797/?edition_number=2&blockchain=ethereum&contract=0x6e82e4B398Ca4137007ba69ddD6FF699334d13b5&token_id=92208933710796125770590251699325730336243064425460091178260788340701093768781
Decentralized,Gray Matter,Dagger by Auriea Harvey,bd0c4207-f8e7-49db-919e-e2913f39d59c,bd0c4207-f8e7-49db-919e-e2913f39d59c,0x6e82e4B398Ca4137007ba69ddD6FF699334d13b5,92208933710796125770590251699325730336243064425460091178260788340701093768782,200,0.46,,Dagger by Auriea Harvey,bd0c4207-f8e7-49db-919e-e2913f39d59c,Dagger #1,https://cdn.feralfileassets.com/thumbnails/bd0c4207-f8e7-49db-919e-e2913f39d59c/1667601386,https://cdn.feralfileassets.com/previews/bd0c4207-f8e7-49db-919e-e2913f39d59c/1667599797/?edition_number=3&blockchain=ethereum&contract=0x6e82e4B398Ca4137007ba69ddD6FF699334d13b5&token_id=92208933710796125770590251699325730336243064425460091178260788340701093768782
Decentralized,Gray Matter,Dagger by Auriea Harvey,bd0c4207-f8e7-49db-919e-e2913f39d59c,bd0c4207-f8e7-49db-919e-e2913f39d59c,0x6e82e4B398Ca4137007ba69ddD6FF699334d13b5,92208933710796125770590251699325730336243064425460091178260788340701093768783,200,0.46,,Dagger by Auriea Harvey,bd0c4207-f8e7-49db-919e-e2913f39d59c,Dagger #2,https://cdn.feralfileassets.com/thumbnails/bd0c4207-f8e7-49db-919e-e2913f39d59c/1667601386,https://cdn.feralfileassets.com/previews/bd0c4207-f8e7-49db-919e-e2913f39d59c/1667599797/?edition_number=4&blockchain=ethereum&contract=0x6e82e4B398Ca4137007ba69ddD6FF699334d13b5&token_id=92208933710796125770590251699325730336243064425460091178260788340701093768783
Decentralized,Gray Matter,Dagger by Auriea Harvey,bd0c4207-f8e7-49db-919e-e2913f39d59c,bd0c4207-f8e7-49db-919e-e2913f39d59c,0x6e82e4B398Ca4137007ba69ddD6FF699334d13b5,92208933710796125770590251699325730336243064425460091178260788340701093768784,200,0.44,,Dagger by Auriea Harvey,bd0c4207-f8e7-49db-919e-e2913f39d59c,Dagger #3,https://cdn.feralfileassets.com/thumbnails/bd0c4207-f8e7-49db-919e-e2913f39d59c/1667601386,https://cdn.feralfileassets.com/previews/bd0c4207-f8e7-49db-919e-e2913f39d59c/1667599797/?edition_number=5&blockchain=ethereum&contract=0x6e82e4B398Ca4137007ba69ddD6FF699334d13b5&token_id=92208933710796125770590251699325730336243064425460091178260788340701093768784
Decentralized,Gray Matter,Dagger by Auriea Harvey,bd0c4207-f8e7-49db-919e-e2913f39d59c,bd0c4207-f8e7-49db-919e-e2913f39d59c,0x6e82e4B398Ca4137007ba69ddD6FF699334d13b5,92208933710796125770590251699325730336243064425460091178260788340701093768785,200,0.46,,Dagger by Auriea Harvey,bd0c4207-f8e7-49db-919e-e2913f39d59c,Dagger #4,https://cdn.feralfileassets.com/thumbnails/bd0c4207-f8e7-49db-919e-e2913f39d59c/1667601386,https://cdn.feralfileassets.com/previews/bd0c4207-f8e7-49db-919e-e2913f39d59c/1667599797/?edition_number=6&blockchain=ethereum&contract=0x6e82e4B398Ca4137007ba69ddD6FF699334d13b5&token_id=92208933710796125770590251699325730336243064425460091178260788340701093768785
Decentralized,Gray Matter,Dagger by Auriea Harvey,bd0c4207-f8e7-49db-919e-e2913f39d59c,bd0c4207-f8e7-49db-919e-e2913f39d59c,0x6e82e4B398Ca4137007ba69ddD6FF699334d13b5,92208933710796125770590251699325730336243064425460091178260788340701093768786,200,0.45,,Dagger by Auriea Harvey,bd0c4207-f8e7-49db-919e-e2913f39d59c,Dagger #5,https://cdn.feralfileassets.com/thumbnails/bd0c4207-f8e7-49db-919e-e2913f39d59c/1667601386,https://cdn.feralfileassets.com/previews/bd0c4207-f8e7-49db-919e-e2913f39d59c/1667599797/?edition_number=7&blockchain=ethereum&contract=0x6e82e4B398Ca4137007ba69ddD6FF699334d13b5&token_id=92208933710796125770590251699325730336243064425460091178260788340701093768786
Decentralized,Gray Matter,Dagger by Auriea Harvey,bd0c4207-f8e7-49db-919e-e2913f39d59c,bd0c4207-f8e7-49db-919e-e2913f39d59c,0x6e82e4B398Ca4137007ba69ddD6FF699334d13b5,92208933710796125770590251699325730336243064425460091178260788340701093768787,200,0.45,,Dagger by Auriea Harvey,bd0c4207-f8e7-49db-919e-e2913f39d59c,Dagger #6,https://cdn.feralfileassets.com/thumbnails/bd0c4207-f8e7-49db-919e-e2913f39d59c/1667601386,https://cdn.feralfileassets.com/previews/bd0c4207-f8e7-49db-919e-e2913f39d59c/1667599797/?edition_number=8&blockchain=ethereum&contract=0x6e82e4B398Ca4137007ba69ddD6FF699334d13b5&token_id=92208933710796125770590251699325730336243064425460091178260788340701093768787
Decentralized,Gray Matter,Dagger by Auriea Harvey,bd0c4207-f8e7-49db-919e-e2913f39d59c,bd0c4207-f8e7-49db-919e-e2913f39d59c,0x6e82e4B398Ca4137007ba69ddD6FF699334d13b5,92208933710796125770590251699325730336243064425460091178260788340701093768788,200,0.45,,Dagger by Auriea Harvey,bd0c4207-f8e7-49db-919e-e2913f39d59c,Dagger #7,https://cdn.feralfileassets.com/thumbnails/bd0c4207-f8e7-49db-919e-e2913f39d59c/1667601386,https://cdn.feralfileassets.com/previews/bd0c4207-f8e7-49db-919e-e2913f39d59c/1667599797/?edition_number=9&blockchain=ethereum&contract=0x6e82e4B398Ca4137007ba69ddD6FF699334d13b5&token_id=92208933710796125770590251699325730336243064425460091178260788340701093768788
Decentralized,Gray Matter,Haristory by Auriea Harvey,cc86cf63-6b79-4bba-9613-e362851cbbdc,cc86cf63-6b79-4bba-9613-e362851cbbdc,0x6e82e4B398Ca4137007ba69ddD6FF699334d13b5,67884599743201988766725462649025530234665379733525547672892980733959710599814,200,0.45,,Haristory by Auriea Harvey,cc86cf63-6b79-4bba-9613-e362851cbbdc,Haristory AE,https://cdn.feralfileassets.com/thumbnails/cc86cf63-6b79-4bba-9613-e362851cbbdc/1666623515,https://cdn.feralfileassets.com/previews/cc86cf63-6b79-4bba-9613-e362851cbbdc/1667587386/?edition_number=0&blockchain=ethereum&contract=0x6e82e4B398Ca4137007ba69ddD6FF699334d13b5&token_id=67884599743201988766725462649025530234665379733525547672892980733959710599814
Decentralized,Gray Matter,Haristory by Auriea Harvey,cc86cf63-6b79-4bba-9613-e362851cbbdc,cc86cf63-6b79-4bba-9613-e362851cbbdc,0x6e82e4B398Ca4137007ba69ddD6FF699334d13b5,67884599743201988766725462649025530234665379733525547672892980733959710599815,200,0.45,,Haristory by Auriea Harvey,cc86cf63-6b79-4bba-9613-e362851cbbdc,Haristory AE,https://cdn.feralfileassets.com/thumbnails/cc86cf63-6b79-4bba-9613-e362851cbbdc/1666623515,https://cdn.feralfileassets.com/previews/cc86cf63-6b79-4bba-9613-e362851cbbdc/1667587386/?edition_number=1&blockchain=ethereum&contract=0x6e82e4B398Ca4137007ba69ddD6FF699334d13b5&token_id=67884599743201988766725462649025530234665379733525547672892980733959710599815
Decentralized,Gray Matter,Haristory by Auriea Harvey,cc86cf63-6b79-4bba-9613-e362851cbbdc,cc86cf63-6b79-4bba-9613-e362851cbbdc,0x6e82e4B398Ca4137007ba69ddD6FF699334d13b5,67884599743201988766725462649025530234665379733525547672892980733959710599816,200,0.46,,Haristory by Auriea Harvey,cc86cf63-6b79-4bba-9613-e362851cbbdc,Haristory PP,https://cdn.feralfileassets.com/thumbnails/cc86cf63-6b79-4bba-9613-e362851cbbdc/1666623515,https://cdn.feralfileassets.com/previews/cc86cf63-6b79-4bba-9613-e362851cbbdc/1667587386/?edition_number=2&blockchain=ethereum&contract=0x6e82e4B398Ca4137007ba69ddD6FF699334d13b5&token_id=67884599743201988766725462649025530234665379733525547672892980733959710599816
Decentralized,Gray Matter,Haristory by Auriea Harvey,cc86cf63-6b79-4bba-9613-e362851cbbdc,cc86cf63-6b79-4bba-9613-e362851cbbdc,0x6e82e4B398Ca4137007ba69ddD6FF699334d13b5,67884599743201988766725462649025530234665379733525547672892980733959710599817,200,0.46,,Haristory by Auriea Harvey,cc86cf63-6b79-4bba-9613-e362851cbbdc,Haristory #1,https://cdn.feralfileassets.com/thumbnails/cc86cf63-6b79-4bba-9613-e362851cbbdc/1666623515,https://cdn.feralfileassets.com/previews/cc86cf63-6b79-4bba-9613-e362851cbbdc/1667587386/?edition_number=3&blockchain=ethereum&contract=0x6e82e4B398Ca4137007ba69ddD6FF699334d13b5&token_id=67884599743201988766725462649025530234665379733525547672892980733959710599817
Decentralized,Gray Matter,Haristory by Auriea Harvey,cc86cf63-6b79-4bba-9613-e362851cbbdc,cc86cf63-6b79-4bba-9613-e362851cbbdc,0x6e82e4B398Ca4137007ba69ddD6FF699334d13b5,67884599743201988766725462649025530234665379733525547672892980733959710599818,200,0.45,,Haristory by Auriea Harvey,cc86cf63-6b79-4bba-9613-e362851cbbdc,Haristory #2,https://cdn.feralfileassets.com/thumbnails/cc86cf63-6b79-4bba-9613-e362851cbbdc/1666623515,https://cdn.feralfileassets.com/previews/cc86cf63-6b79-4bba-9613-e362851cbbdc/1667587386/?edition_number=4&blockchain=ethereum&contract=0x6e82e4B398Ca4137007ba69ddD6FF699334d13b5&token_id=67884599743201988766725462649025530234665379733525547672892980733959710599818
Decentralized,Gray Matter,Haristory by Auriea Harvey,cc86cf63-6b79-4bba-9613-e362851cbbdc,cc86cf63-6b79-4bba-9613-e362851cbbdc,0x6e82e4B398Ca4137007ba69ddD6FF699334d13b5,67884599743201988766725462649025530234665379733525547672892980733959710599819,200,0.46,,Haristory by Auriea Harvey,cc86cf63-6b79-4bba-9613-e362851cbbdc,Haristory #3,https://cdn.feralfileassets.com/thumbnails/cc86cf63-6b79-4bba-9613-e362851cbbdc/1666623515,https://cdn.feralfileassets.com/previews/cc86cf63-6b79-4bba-9613-e362851cbbdc/1667587386/?edition_number=5&blockchain=ethereum&contract=0x6e82e4B398Ca4137007ba69ddD6FF699334d13b5&token_id=67884599743201988766725462649025530234665379733525547672892980733959710599819
Decentralized,Gray Matter,Haristory by Auriea Harvey,cc86cf63-6b79-4bba-9613-e362851cbbdc,cc86cf63-6b79-4bba-9613-e362851cbbdc,0x6e82e4B398Ca4137007ba69ddD6FF699334d13b5,67884599743201988766725462649025530234665379733525547672892980733959710599820,200,0.45,,Haristory by Auriea Harvey,cc86cf63-6b79-4bba-9613-e362851cbbdc,Haristory #4,https://cdn.feralfileassets.com/thumbnails/cc86cf63-6b79-4bba-9613-e362851cbbdc/1666623515,https://cdn.feralfileassets.com/previews/cc86cf63-6b79-4bba-9613-e362851cbbdc/1667587386/?edition_number=6&blockchain=ethereum&contract=0x6e82e4B398Ca4137007ba69ddD6FF699334d13b5&token_id=67884599743201988766725462649025530234665379733525547672892980733959710599820
Decentralized,Gray Matter,Haristory by Auriea Harvey,cc86cf63-6b79-4bba-9613-e362851cbbdc,cc86cf63-6b79-4bba-9613-e362851cbbdc,0x6e82e4B398Ca4137007ba69ddD6FF699334d13b5,67884599743201988766725462649025530234665379733525547672892980733959710599821,200,0.45,,Haristory by Auriea Harvey,cc86cf63-6b79-4bba-9613-e362851cbbdc,Haristory #5,https://cdn.feralfileassets.com/thumbnails/cc86cf63-6b79-4bba-9613-e362851cbbdc/1666623515,https://cdn.feralfileassets.com/previews/cc86cf63-6b79-4bba-9613-e362851cbbdc/1667587386/?edition_number=7&blockchain=ethereum&contract=0x6e82e4B398Ca4137007ba69ddD6FF699334d13b5&token_id=67884599743201988766725462649025530234665379733525547672892980733959710599821
Decentralized,Gray Matter,Haristory by Auriea Harvey,cc86cf63-6b79-4bba-9613-e362851cbbdc,cc86cf63-6b79-4bba-9613-e362851cbbdc,0x6e82e4B398Ca4137007ba69ddD6FF699334d13b5,67884599743201988766725462649025530234665379733525547672892980733959710599822,200,0.45,,Haristory by Auriea Harvey,cc86cf63-6b79-4bba-9613-e362851cbbdc,Haristory #6,https://cdn.feralfileassets.com/thumbnails/cc86cf63-6b79-4bba-9613-e362851cbbdc/1666623515,https://cdn.feralfileassets.com/previews/cc86cf63-6b79-4bba-9613-e362851cbbdc/1667587386/?edition_number=8&blockchain=ethereum&contract=0x6e82e4B398Ca4137007ba69ddD6FF699334d13b5&token_id=67884599743201988766725462649025530234665379733525547672892980733959710599822
Decentralized,Gray Matter,Haristory by Auriea Harvey,cc86cf63-6b79-4bba-9613-e362851cbbdc,cc86cf63-6b79-4bba-9613-e362851cbbdc,0x6e82e4B398Ca4137007ba69ddD6FF699334d13b5,67884599743201988766725462649025530234665379733525547672892980733959710599823,200,0.46,,Haristory by Auriea Harvey,cc86cf63-6b79-4bba-9613-e362851cbbdc,Haristory #7,https://cdn.feralfileassets.com/thumbnails/cc86cf63-6b79-4bba-9613-e362851cbbdc/1666623515,https://cdn.feralfileassets.com/previews/cc86cf63-6b79-4bba-9613-e362851cbbdc/1667587386/?edition_number=9&blockchain=ethereum&contract=0x6e82e4B398Ca4137007ba69ddD6FF699334d13b5&token_id=67884599743201988766725462649025530234665379733525547672892980733959710599823
Decentralized,Gray Matter,Messenger (fragment) by Auriea Harvey,d90151ff-0159-4973-a7a6-724b04c01547,d90151ff-0159-4973-a7a6-724b04c01547,0x6e82e4B398Ca4137007ba69ddD6FF699334d13b5,38691948804591133143284137495105900800364423599931822770633671069054284343615,200,0.45,,Messenger (fragment) by Auriea Harvey,d90151ff-0159-4973-a7a6-724b04c01547,Messenger (fragment) ,https://cdn.feralfileassets.com/thumbnails/d90151ff-0159-4973-a7a6-724b04c01547/1666620306,https://cdn.feralfileassets.com/previews/d90151ff-0159-4973-a7a6-724b04c01547/1667585771/?edition_number=0&blockchain=ethereum&contract=0x6e82e4B398Ca4137007ba69ddD6FF699334d13b5&token_id=38691948804591133143284137495105900800364423599931822770633671069054284343615
Decentralized,Gray Matter,Messenger (fragment) by Auriea Harvey,d90151ff-0159-4973-a7a6-724b04c01547,d90151ff-0159-4973-a7a6-724b04c01547,0x6e82e4B398Ca4137007ba69ddD6FF699334d13b5,38691948804591133143284137495105900800364423599931822770633671069054284343616,200,0.46,,Messenger (fragment) by Auriea Harvey,d90151ff-0159-4973-a7a6-724b04c01547,Messenger (fragment) ,https://cdn.feralfileassets.com/thumbnails/d90151ff-0159-4973-a7a6-724b04c01547/1666620306,https://cdn.feralfileassets.com/previews/d90151ff-0159-4973-a7a6-724b04c01547/1667585771/?edition_number=1&blockchain=ethereum&contract=0x6e82e4B398Ca4137007ba69ddD6FF699334d13b5&token_id=38691948804591133143284137495105900800364423599931822770633671069054284343616
Decentralized,Gray Matter,Messenger (fragment) by Auriea Harvey,d90151ff-0159-4973-a7a6-724b04c01547,d90151ff-0159-4973-a7a6-724b04c01547,0x6e82e4B398Ca4137007ba69ddD6FF699334d13b5,38691948804591133143284137495105900800364423599931822770633671069054284343617,200,0.45,,Messenger (fragment) by Auriea Harvey,d90151ff-0159-4973-a7a6-724b04c01547,Messenger (fragment) ,https://cdn.feralfileassets.com/thumbnails/d90151ff-0159-4973-a7a6-724b04c01547/1666620306,https://cdn.feralfileassets.com/previews/d90151ff-0159-4973-a7a6-724b04c01547/1667585771/?edition_number=2&blockchain=ethereum&contract=0x6e82e4B398Ca4137007ba69ddD6FF699334d13b5&token_id=38691948804591133143284137495105900800364423599931822770633671069054284343617
Decentralized,Gray Matter,Messenger (fragment) by Auriea Harvey,d90151ff-0159-4973-a7a6-724b04c01547,d90151ff-0159-4973-a7a6-724b04c01547,0x6e82e4B398Ca4137007ba69ddD6FF699334d13b5,38691948804591133143284137495105900800364423599931822770633671069054284343618,200,0.45,,Messenger (fragment) by Auriea Harvey,d90151ff-0159-4973-a7a6-724b04c01547,Messenger (fragment) ,https://cdn.feralfileassets.com/thumbnails/d90151ff-0159-4973-a7a6-724b04c01547/1666620306,https://cdn.feralfileassets.com/previews/d90151ff-0159-4973-a7a6-724b04c01547/1667585771/?edition_number=3&blockchain=ethereum&contract=0x6e82e4B398Ca4137007ba69ddD6FF699334d13b5&token_id=38691948804591133143284137495105900800364423599931822770633671069054284343618
Decentralized,Gray Matter,The Hand-Heart Problem by Auriea Harvey,f15bce66-da54-4f05-bc29-7ef15202b0c3,f15bce66-da54-4f05-bc29-7ef15202b0c3,0x6e82e4B398Ca4137007ba69ddD6FF699334d13b5,34718018818869922919370887279228907780982832976222422378720431113664518558578,200,0.45,,The Hand-Heart Problem by Auriea Harvey,f15bce66-da54-4f05-bc29-7ef15202b0c3,The Hand-Heart Problem AE,https://cdn.feralfileassets.com/thumbnails/f15bce66-da54-4f05-bc29-7ef15202b0c3/1666625606,https://cdn.feralfileassets.com/previews/f15bce66-da54-4f05-bc29-7ef15202b0c3/1667592496/?edition_number=0&blockchain=ethereum&contract=0x6e82e4B398Ca4137007ba69ddD6FF699334d13b5&token_id=34718018818869922919370887279228907780982832976222422378720431113664518558578
Decentralized,Gray Matter,The Hand-Heart Problem by Auriea Harvey,f15bce66-da54-4f05-bc29-7ef15202b0c3,f15bce66-da54-4f05-bc29-7ef15202b0c3,0x6e82e4B398Ca4137007ba69ddD6FF699334d13b5,34718018818869922919370887279228907780982832976222422378720431113664518558579,200,0.46,,The Hand-Heart Problem by Auriea Harvey,f15bce66-da54-4f05-bc29-7ef15202b0c3,The Hand-Heart Problem AE,https://cdn.feralfileassets.com/thumbnails/f15bce66-da54-4f05-bc29-7ef15202b0c3/1666625606,https://cdn.feralfileassets.com/previews/f15bce66-da54-4f05-bc29-7ef15202b0c3/1667592496/?edition_number=1&blockchain=ethereum&contract=0x6e82e4B398Ca4137007ba69ddD6FF699334d13b5&token_id=34718018818869922919370887279228907780982832976222422378720431113664518558579
Decentralized,Gray Matter,The Hand-Heart Problem by Auriea Harvey,f15bce66-da54-4f05-bc29-7ef15202b0c3,f15bce66-da54-4f05-bc29-7ef15202b0c3,0x6e82e4B398Ca4137007ba69ddD6FF699334d13b5,34718018818869922919370887279228907780982832976222422378720431113664518558580,200,0.45,,The Hand-Heart Problem by Auriea Harvey,f15bce66-da54-4f05-bc29-7ef15202b0c3,The Hand-Heart Problem PP,https://cdn.feralfileassets.com/thumbnails/f15bce66-da54-4f05-bc29-7ef15202b0c3/1666625606,https://cdn.feralfileassets.com/previews/f15bce66-da54-4f05-bc29-7ef15202b0c3/1667592496/?edition_number=2&blockchain=ethereum&contract=0x6e82e4B398Ca4137007ba69ddD6FF699334d13b5&token_id=34718018818869922919370887279228907780982832976222422378720431113664518558580
Decentralized,Gray Matter,The Hand-Heart Problem by Auriea Harvey,f15bce66-da54-4f05-bc29-7ef15202b0c3,f15bce66-da54-4f05-bc29-7ef15202b0c3,0x6e82e4B398Ca4137007ba69ddD6FF699334d13b5,34718018818869922919370887279228907780982832976222422378720431113664518558581,200,0.46,,The Hand-Heart Problem by Auriea Harvey,f15bce66-da54-4f05-bc29-7ef15202b0c3,The Hand-Heart Problem #1,https://cdn.feralfileassets.com/thumbnails/f15bce66-da54-4f05-bc29-7ef15202b0c3/1666625606,https://cdn.feralfileassets.com/previews/f15bce66-da54-4f05-bc29-7ef15202b0c3/1667592496/?edition_number=3&blockchain=ethereum&contract=0x6e82e4B398Ca4137007ba69ddD6FF699334d13b5&token_id=34718018818869922919370887279228907780982832976222422378720431113664518558581
Decentralized,Gray Matter,The Hand-Heart Problem by Auriea Harvey,f15bce66-da54-4f05-bc29-7ef15202b0c3,f15bce66-da54-4f05-bc29-7ef15202b0c3,0x6e82e4B398Ca4137007ba69ddD6FF699334d13b5,34718018818869922919370887279228907780982832976222422378720431113664518558582,200,0.46,,The Hand-Heart Problem by Auriea Harvey,f15bce66-da54-4f05-bc29-7ef15202b0c3,The Hand-Heart Problem #2,https://cdn.feralfileassets.com/thumbnails/f15bce66-da54-4f05-bc29-7ef15202b0c3/1666625606,https://cdn.feralfileassets.com/previews/f15bce66-da54-4f05-bc29-7ef15202b0c3/1667592496/?edition_number=4&blockchain=ethereum&contract=0x6e82e4B398Ca4137007ba69ddD6FF699334d13b5&token_id=34718018818869922919370887279228907780982832976222422378720431113664518558582
Decentralized,Gray Matter,The Hand-Heart Problem by Auriea Harvey,f15bce66-da54-4f05-bc29-7ef15202b0c3,f15bce66-da54-4f05-bc29-7ef15202b0c3,0x6e82e4B398Ca4137007ba69ddD6FF699334d13b5,34718018818869922919370887279228907780982832976222422378720431113664518558583,200,0.45,,The Hand-Heart Problem by Auriea Harvey,f15bce66-da54-4f05-bc29-7ef15202b0c3,The Hand-Heart Problem #3,https://cdn.feralfileassets.com/thumbnails/f15bce66-da54-4f05-bc29-7ef15202b0c3/1666625606,https://cdn.feralfileassets.com/previews/f15bce66-da54-4f05-bc29-7ef15202b0c3/1667592496/?edition_number=5&blockchain=ethereum&contract=0x6e82e4B398Ca4137007ba69ddD6FF699334d13b5&token_id=34718018818869922919370887279228907780982832976222422378720431113664518558583
Decentralized,Gray Matter,The Hand-Heart Problem by Auriea Harvey,f15bce66-da54-4f05-bc29-7ef15202b0c3,f15bce66-da54-4f05-bc29-7ef15202b0c3,0x6e82e4B398Ca4137007ba69ddD6FF699334d13b5,34718018818869922919370887279228907780982832976222422378720431113664518558584,200,0.46,,The Hand-Heart Problem by Auriea Harvey,f15bce66-da54-4f05-bc29-7ef15202b0c3,The Hand-Heart Problem #4,https://cdn.feralfileassets.com/thumbnails/f15bce66-da54-4f05-bc29-7ef15202b0c3/1666625606,https://cdn.feralfileassets.com/previews/f15bce66-da54-4f05-bc29-7ef15202b0c3/1667592496/?edition_number=6&blockchain=ethereum&contract=0x6e82e4B398Ca4137007ba69ddD6FF699334d13b5&token_id=34718018818869922919370887279228907780982832976222422378720431113664518558584
Decentralized,Gray Matter,The Hand-Heart Problem by Auriea Harvey,f15bce66-da54-4f05-bc29-7ef15202b0c3,f15bce66-da54-4f05-bc29-7ef15202b0c3,0x6e82e4B398Ca4137007ba69ddD6FF699334d13b5,34718018818869922919370887279228907780982832976222422378720431113664518558585,200,0.47,,The Hand-Heart Problem by Auriea Harvey,f15bce66-da54-4f05-bc29-7ef15202b0c3,The Hand-Heart Problem #5,https://cdn.feralfileassets.com/thumbnails/f15bce66-da54-4f05-bc29-7ef15202b0c3/1666625606,https://cdn.feralfileassets.com/previews/f15bce66-da54-4f05-bc29-7ef15202b0c3/1667592496/?edition_number=7&blockchain=ethereum&contract=0x6e82e4B398Ca4137007ba69ddD6FF699334d13b5&token_id=34718018818869922919370887279228907780982832976222422378720431113664518558585
Decentralized,Gray Matter,The Hand-Heart Problem by Auriea Harvey,f15bce66-da54-4f05-bc29-7ef15202b0c3,f15bce66-da54-4f05-bc29-7ef15202b0c3,0x6e82e4B398Ca4137007ba69ddD6FF699334d13b5,34718018818869922919370887279228907780982832976222422378720431113664518558586,200,0.45,,The Hand-Heart Problem by Auriea Harvey,f15bce66-da54-4f05-bc29-7ef15202b0c3,The Hand-Heart Problem #6,https://cdn.feralfileassets.com/thumbnails/f15bce66-da54-4f05-bc29-7ef15202b0c3/1666625606,https://cdn.feralfileassets.com/previews/f15bce66-da54-4f05-bc29-7ef15202b0c3/1667592496/?edition_number=8&blockchain=ethereum&contract=0x6e82e4B398Ca4137007ba69ddD6FF699334d13b5&token_id=34718018818869922919370887279228907780982832976222422378720431113664518558586
Decentralized,Gray Matter,The Hand-Heart Problem by Auriea Harvey,f15bce66-da54-4f05-bc29-7ef15202b0c3,f15bce66-da54-4f05-bc29-7ef15202b0c3,0x6e82e4B398Ca4137007ba69ddD6FF699334d13b5,34718018818869922919370887279228907780982832976222422378720431113664518558587,200,0.46,,The Hand-Heart Problem by Auriea Harvey,f15bce66-da54-4f05-bc29-7ef15202b0c3,The Hand-Heart Problem #7,https://cdn.feralfileassets.com/thumbnails/f15bce66-da54-4f05-bc29-7ef15202b0c3/1666625606,https://cdn.feralfileassets.com/previews/f15bce66-da54-4f05-bc29-7ef15202b0c3/1667592496/?edition_number=9&blockchain=ethereum&contract=0x6e82e4B398Ca4137007ba69ddD6FF699334d13b5&token_id=34718018818869922919370887279228907780982832976222422378720431113664518558587
Decentralized,I KNOW – On the aesthetic of truth,Perfectionism is a weakness by Claudia Hart,3715c273-d19e-445f-ae02-61876334f1a7,3715c273-d19e-445f-ae02-61876334f1a7,0xE46A41b840176b62983FC71162dc9faEAC4D9bcB,55660547781039109394205850530512155734259629331182394149210777298302840103678,200,0.45,,Perfectionism is a weakness by Claudia Hart,3715c273-d19e-445f-ae02-61876334f1a7,Perfectionism is a weakness #45,https://cdn.feralfileassets.com/thumbnails/3715c273-d19e-445f-ae02-61876334f1a7/1673656502,https://cdn.feralfileassets.com/previews/3715c273-d19e-445f-ae02-61876334f1a7/1673656685/preview.mp4
Decentralized,I KNOW – On the aesthetic of truth,Perfectionism is a weakness by Claudia Hart,3715c273-d19e-445f-ae02-61876334f1a7,3715c273-d19e-445f-ae02-61876334f1a7,0xE46A41b840176b62983FC71162dc9faEAC4D9bcB,55660547781039109394205850530512155734259629331182394149210777298302840103682,200,0.45,,Perfectionism is a weakness by Claudia Hart,3715c273-d19e-445f-ae02-61876334f1a7,Perfectionism is a weakness #49,https://cdn.feralfileassets.com/thumbnails/3715c273-d19e-445f-ae02-61876334f1a7/1673656502,https://cdn.feralfileassets.com/previews/3715c273-d19e-445f-ae02-61876334f1a7/1673656685/preview.mp4
Decentralized,I KNOW – On the aesthetic of truth,Perfectionism is a weakness by Claudia Hart,3715c273-d19e-445f-ae02-61876334f1a7,3715c273-d19e-445f-ae02-61876334f1a7,0xE46A41b840176b62983FC71162dc9faEAC4D9bcB,55660547781039109394205850530512155734259629331182394149210777298302840103686,200,0.46,,Perfectionism is a weakness by Claudia Hart,3715c273-d19e-445f-ae02-61876334f1a7,Perfectionism is a weakness #53,https://cdn.feralfileassets.com/thumbnails/3715c273-d19e-445f-ae02-61876334f1a7/1673656502,https://cdn.feralfileassets.com/previews/3715c273-d19e-445f-ae02-61876334f1a7/1673656685/preview.mp4
Decentralized,I KNOW – On the aesthetic of truth,Perfectionism is a weakness by Claudia Hart,3715c273-d19e-445f-ae02-61876334f1a7,3715c273-d19e-445f-ae02-61876334f1a7,0xE46A41b840176b62983FC71162dc9faEAC4D9bcB,55660547781039109394205850530512155734259629331182394149210777298302840103690,200,0.46,,Perfectionism is a weakness by Claudia Hart,3715c273-d19e-445f-ae02-61876334f1a7,Perfectionism is a weakness #57,https://cdn.feralfileassets.com/thumbnails/3715c273-d19e-445f-ae02-61876334f1a7/1673656502,https://cdn.feralfileassets.com/previews/3715c273-d19e-445f-ae02-61876334f1a7/1673656685/preview.mp4
Decentralized,I KNOW – On the aesthetic of truth,Perfectionism is a weakness by Claudia Hart,3715c273-d19e-445f-ae02-61876334f1a7,3715c273-d19e-445f-ae02-61876334f1a7,0xE46A41b840176b62983FC71162dc9faEAC4D9bcB,55660547781039109394205850530512155734259629331182394149210777298302840103694,200,0.45,,Perfectionism is a weakness by Claudia Hart,3715c273-d19e-445f-ae02-61876334f1a7,Perfectionism is a weakness #61,https://cdn.feralfileassets.com/thumbnails/3715c273-d19e-445f-ae02-61876334f1a7/1673656502,https://cdn.feralfileassets.com/previews/3715c273-d19e-445f-ae02-61876334f1a7/1673656685/preview.mp4
Decentralized,I KNOW – On the aesthetic of truth,Perfectionism is a weakness by Claudia Hart,3715c273-d19e-445f-ae02-61876334f1a7,3715c273-d19e-445f-ae02-61876334f1a7,0xE46A41b840176b62983FC71162dc9faEAC4D9bcB,55660547781039109394205850530512155734259629331182394149210777298302840103698,200,0.45,,Perfectionism is a weakness by Claudia Hart,3715c273-d19e-445f-ae02-61876334f1a7,Perfectionism is a weakness #65,https://cdn.feralfileassets.com/thumbnails/3715c273-d19e-445f-ae02-61876334f1a7/1673656502,https://cdn.feralfileassets.com/previews/3715c273-d19e-445f-ae02-61876334f1a7/1673656685/preview.mp4
Decentralized,I KNOW – On the aesthetic of truth,Perfectionism is a weakness by Claudia Hart,3715c273-d19e-445f-ae02-61876334f1a7,3715c273-d19e-445f-ae02-61876334f1a7,0xE46A41b840176b62983FC71162dc9faEAC4D9bcB,55660547781039109394205850530512155734259629331182394149210777298302840103702,200,0.45,,Perfectionism is a weakness by Claudia Hart,3715c273-d19e-445f-ae02-61876334f1a7,Perfectionism is a weakness #69,https://cdn.feralfileassets.com/thumbnails/3715c273-d19e-445f-ae02-61876334f1a7/1673656502,https://cdn.feralfileassets.com/previews/3715c273-d19e-445f-ae02-61876334f1a7/1673656685/preview.mp4
Decentralized,I KNOW – On the aesthetic of truth,Perfectionism is a weakness by Claudia Hart,3715c273-d19e-445f-ae02-61876334f1a7,3715c273-d19e-445f-ae02-61876334f1a7,0xE46A41b840176b62983FC71162dc9faEAC4D9bcB,55660547781039109394205850530512155734259629331182394149210777298302840103706,200,0.45,,Perfectionism is a weakness by Claudia Hart,3715c273-d19e-445f-ae02-61876334f1a7,Perfectionism is a weakness #73,https://cdn.feralfileassets.com/thumbnails/3715c273-d19e-445f-ae02-61876334f1a7/1673656502,https://cdn.feralfileassets.com/previews/3715c273-d19e-445f-ae02-61876334f1a7/1673656685/preview.mp4
Decentralized,I KNOW – On the aesthetic of truth,Perfectionism is a weakness by Claudia Hart,3715c273-d19e-445f-ae02-61876334f1a7,3715c273-d19e-445f-ae02-61876334f1a7,0xE46A41b840176b62983FC71162dc9faEAC4D9bcB,55660547781039109394205850530512155734259629331182394149210777298302840103710,200,0.45,,Perfectionism is a weakness by Claudia Hart,3715c273-d19e-445f-ae02-61876334f1a7,Perfectionism is a weakness #77,https://cdn.feralfileassets.com/thumbnails/3715c273-d19e-445f-ae02-61876334f1a7/1673656502,https://cdn.feralfileassets.com/previews/3715c273-d19e-445f-ae02-61876334f1a7/1673656685/preview.mp4
Decentralized,I KNOW – On the aesthetic of truth,Perfectionism is a weakness by Claudia Hart,3715c273-d19e-445f-ae02-61876334f1a7,3715c273-d19e-445f-ae02-61876334f1a7,0xE46A41b840176b62983FC71162dc9faEAC4D9bcB,55660547781039109394205850530512155734259629331182394149210777298302840103714,200,0.46,,Perfectionism is a weakness by Claudia Hart,3715c273-d19e-445f-ae02-61876334f1a7,Perfectionism is a weakness #81,https://cdn.feralfileassets.com/thumbnails/3715c273-d19e-445f-ae02-61876334f1a7/1673656502,https://cdn.feralfileassets.com/previews/3715c273-d19e-445f-ae02-61876334f1a7/1673656685/preview.mp4
Decentralized,I KNOW – On the aesthetic of truth,A Picture Can’t Take Me by Cibelle Cavalli Bastos,47f31603-9721-403b-94b5-d24ab9fb8256,47f31603-9721-403b-94b5-d24ab9fb8256,0xE46A41b840176b62983FC71162dc9faEAC4D9bcB,64266352369867287468072324394878417699389728539781080180641140451133269799530,200,0.46,,A Picture Can’t Take Me by Cibelle Cavalli Bastos,47f31603-9721-403b-94b5-d24ab9fb8256,A Picture Can’t Take Me ,https://cdn.feralfileassets.com/thumbnails/47f31603-9721-403b-94b5-d24ab9fb8256/1672939099,https://cdn.feralfileassets.com/previews/47f31603-9721-403b-94b5-d24ab9fb8256/1672939106/preview.mp4
Decentralized,I KNOW – On the aesthetic of truth,A Picture Can’t Take Me by Cibelle Cavalli Bastos,47f31603-9721-403b-94b5-d24ab9fb8256,47f31603-9721-403b-94b5-d24ab9fb8256,0xE46A41b840176b62983FC71162dc9faEAC4D9bcB,64266352369867287468072324394878417699389728539781080180641140451133269799531,200,0.46,,A Picture Can’t Take Me by Cibelle Cavalli Bastos,47f31603-9721-403b-94b5-d24ab9fb8256,A Picture Can’t Take Me ,https://cdn.feralfileassets.com/thumbnails/47f31603-9721-403b-94b5-d24ab9fb8256/1672939099,https://cdn.feralfileassets.com/previews/47f31603-9721-403b-94b5-d24ab9fb8256/1672939106/preview.mp4
Decentralized,I KNOW – On the aesthetic of truth,A Picture Can’t Take Me by Cibelle Cavalli Bastos,47f31603-9721-403b-94b5-d24ab9fb8256,47f31603-9721-403b-94b5-d24ab9fb8256,0xE46A41b840176b62983FC71162dc9faEAC4D9bcB,64266352369867287468072324394878417699389728539781080180641140451133269799532,200,0.45,,A Picture Can’t Take Me by Cibelle Cavalli Bastos,47f31603-9721-403b-94b5-d24ab9fb8256,A Picture Can’t Take Me ,https://cdn.feralfileassets.com/thumbnails/47f31603-9721-403b-94b5-d24ab9fb8256/1672939099,https://cdn.feralfileassets.com/previews/47f31603-9721-403b-94b5-d24ab9fb8256/1672939106/preview.mp4
Decentralized,I KNOW – On the aesthetic of truth,Yehwan Song Artwork 2 by Yehwan Song,5d391c2a-8e9e-47ea-ac7d-79ff203e3095,5d391c2a-8e9e-47ea-ac7d-79ff203e3095,0xE46A41b840176b62983FC71162dc9faEAC4D9bcB,61029430091907876109464895555898745746405742165657134445147979806674543220539,200,0.46,,Yehwan Song Artwork 2 by Yehwan Song,5d391c2a-8e9e-47ea-ac7d-79ff203e3095,Yehwan Song Artwork 2 #45,https://cdn.feralfileassets.com/thumbnails/5d391c2a-8e9e-47ea-ac7d-79ff203e3095/1672891321,https://cdn.feralfileassets.com/previews/5d391c2a-8e9e-47ea-ac7d-79ff203e3095/1675049635/?edition_number=50&blockchain=ethereum&contract=0xE46A41b840176b62983FC71162dc9faEAC4D9bcB&token_id=61029430091907876109464895555898745746405742165657134445147979806674543220539&token_id_hash=0x918e0443ba08dac5928eb89337ee1320645aff51a1d0a5429636812be4d85b38
Decentralized,I KNOW – On the aesthetic of truth,Yehwan Song Artwork 2 by Yehwan Song,5d391c2a-8e9e-47ea-ac7d-79ff203e3095,5d391c2a-8e9e-47ea-ac7d-79ff203e3095,0xE46A41b840176b62983FC71162dc9faEAC4D9bcB,61029430091907876109464895555898745746405742165657134445147979806674543220543,200,0.45,,Yehwan Song Artwork 2 by Yehwan Song,5d391c2a-8e9e-47ea-ac7d-79ff203e3095,Yehwan Song Artwork 2 #49,https://cdn.feralfileassets.com/thumbnails/5d391c2a-8e9e-47ea-ac7d-79ff203e3095/1672891321,https://cdn.feralfileassets.com/previews/5d391c2a-8e9e-47ea-ac7d-79ff203e3095/1675049635/?edition_number=54&blockchain=ethereum&contract=0xE46A41b840176b62983FC71162dc9faEAC4D9bcB&token_id=61029430091907876109464895555898745746405742165657134445147979806674543220543&token_id_hash=0x70411e03eea2cc42e4d396706648053287b49c2c60f8108cde3fb639a9a2dc61
Decentralized,I KNOW – On the aesthetic of truth,Yehwan Song Artwork 2 by Yehwan Song,5d391c2a-8e9e-47ea-ac7d-79ff203e3095,5d391c2a-8e9e-47ea-ac7d-79ff203e3095,0xE46A41b840176b62983FC71162dc9faEAC4D9bcB,61029430091907876109464895555898745746405742165657134445147979806674543220547,200,0.46,,Yehwan Song Artwork 2 by Yehwan Song,5d391c2a-8e9e-47ea-ac7d-79ff203e3095,Yehwan Song Artwork 2 #53,https://cdn.feralfileassets.com/thumbnails/5d391c2a-8e9e-47ea-ac7d-79ff203e3095/1672891321,https://cdn.feralfileassets.com/previews/5d391c2a-8e9e-47ea-ac7d-79ff203e3095/1675049635/?edition_number=58&blockchain=ethereum&contract=0xE46A41b840176b62983FC71162dc9faEAC4D9bcB&token_id=61029430091907876109464895555898745746405742165657134445147979806674543220547&token_id_hash=0x9d21c25556f398bb8ef24e454d495a649e9264ac182ae939f2bf069bace8f3cb
Decentralized,I KNOW – On the aesthetic of truth,Yehwan Song Artwork 2 by Yehwan Song,5d391c2a-8e9e-47ea-ac7d-79ff203e3095,5d391c2a-8e9e-47ea-ac7d-79ff203e3095,0xE46A41b840176b62983FC71162dc9faEAC4D9bcB,61029430091907876109464895555898745746405742165657134445147979806674543220551,200,0.45,,Yehwan Song Artwork 2 by Yehwan Song,5d391c2a-8e9e-47ea-ac7d-79ff203e3095,Yehwan Song Artwork 2 #57,https://cdn.feralfileassets.com/thumbnails/5d391c2a-8e9e-47ea-ac7d-79ff203e3095/1672891321,https://cdn.feralfileassets.com/previews/5d391c2a-8e9e-47ea-ac7d-79ff203e3095/1675049635/?edition_number=62&blockchain=ethereum&contract=0xE46A41b840176b62983FC71162dc9faEAC4D9bcB&token_id=61029430091907876109464895555898745746405742165657134445147979806674543220551&token_id_hash=0x66286e1848ae0d0186e30ef7a8ebba7099d095e7ef012e741dd7a174adff2778
Decentralized,I KNOW – On the aesthetic of truth,Yehwan Song Artwork 2 by Yehwan Song,5d391c2a-8e9e-47ea-ac7d-79ff203e3095,5d391c2a-8e9e-47ea-ac7d-79ff203e3095,0xE46A41b840176b62983FC71162dc9faEAC4D9bcB,61029430091907876109464895555898745746405742165657134445147979806674543220555,200,0.46,,Yehwan Song Artwork 2 by Yehwan Song,5d391c2a-8e9e-47ea-ac7d-79ff203e3095,Yehwan Song Artwork 2 #61,https://cdn.feralfileassets.com/thumbnails/5d391c2a-8e9e-47ea-ac7d-79ff203e3095/1672891321,https://cdn.feralfileassets.com/previews/5d391c2a-8e9e-47ea-ac7d-79ff203e3095/1675049635/?edition_number=66&blockchain=ethereum&contract=0xE46A41b840176b62983FC71162dc9faEAC4D9bcB&token_id=61029430091907876109464895555898745746405742165657134445147979806674543220555&token_id_hash=0x787ebd951e26f5e3f48005719f5a45fc376b49d7c337b688b1dc0b7ccaae8be1
Decentralized,I KNOW – On the aesthetic of truth,Yehwan Song Artwork 2 by Yehwan Song,5d391c2a-8e9e-47ea-ac7d-79ff203e3095,5d391c2a-8e9e-47ea-ac7d-79ff203e3095,0xE46A41b840176b62983FC71162dc9faEAC4D9bcB,61029430091907876109464895555898745746405742165657134445147979806674543220559,200,0.45,,Yehwan Song Artwork 2 by Yehwan Song,5d391c2a-8e9e-47ea-ac7d-79ff203e3095,Yehwan Song Artwork 2 #65,https://cdn.feralfileassets.com/thumbnails/5d391c2a-8e9e-47ea-ac7d-79ff203e3095/1672891321,https://cdn.feralfileassets.com/previews/5d391c2a-8e9e-47ea-ac7d-79ff203e3095/1675049635/?edition_number=70&blockchain=ethereum&contract=0xE46A41b840176b62983FC71162dc9faEAC4D9bcB&token_id=61029430091907876109464895555898745746405742165657134445147979806674543220559&token_id_hash=0x80cb8587d63f403c437c09f1a85d2ce16dca12ae44c7c8c37100ca9e10ff2a2e
Decentralized,I KNOW – On the aesthetic of truth,Yehwan Song Artwork 2 by Yehwan Song,5d391c2a-8e9e-47ea-ac7d-79ff203e3095,5d391c2a-8e9e-47ea-ac7d-79ff203e3095,0xE46A41b840176b62983FC71162dc9faEAC4D9bcB,61029430091907876109464895555898745746405742165657134445147979806674543220563,200,0.45,,Yehwan Song Artwork 2 by Yehwan Song,5d391c2a-8e9e-47ea-ac7d-79ff203e3095,Yehwan Song Artwork 2 #69,https://cdn.feralfileassets.com/thumbnails/5d391c2a-8e9e-47ea-ac7d-79ff203e3095/1672891321,https://cdn.feralfileassets.com/previews/5d391c2a-8e9e-47ea-ac7d-79ff203e3095/1675049635/?edition_number=74&blockchain=ethereum&contract=0xE46A41b840176b62983FC71162dc9faEAC4D9bcB&token_id=61029430091907876109464895555898745746405742165657134445147979806674543220563&token_id_hash=0x7484545f0b2f1dcd226bc0a4ab38e2f47d2f4e67f88789cd9e59e994957f091a
Decentralized,I KNOW – On the aesthetic of truth,Yehwan Song Artwork 2 by Yehwan Song,5d391c2a-8e9e-47ea-ac7d-79ff203e3095,5d391c2a-8e9e-47ea-ac7d-79ff203e3095,0xE46A41b840176b62983FC71162dc9faEAC4D9bcB,61029430091907876109464895555898745746405742165657134445147979806674543220567,200,0.45,,Yehwan Song Artwork 2 by Yehwan Song,5d391c2a-8e9e-47ea-ac7d-79ff203e3095,Yehwan Song Artwork 2 #73,https://cdn.feralfileassets.com/thumbnails/5d391c2a-8e9e-47ea-ac7d-79ff203e3095/1672891321,https://cdn.feralfileassets.com/previews/5d391c2a-8e9e-47ea-ac7d-79ff203e3095/1675049635/?edition_number=78&blockchain=ethereum&contract=0xE46A41b840176b62983FC71162dc9faEAC4D9bcB&token_id=61029430091907876109464895555898745746405742165657134445147979806674543220567&token_id_hash=0xbcfb1e9e762d7c87ef84cffb10bdf47723d7b3bed14c8fffc64f571958e2e603
Decentralized,I KNOW – On the aesthetic of truth,Yehwan Song Artwork 2 by Yehwan Song,5d391c2a-8e9e-47ea-ac7d-79ff203e3095,5d391c2a-8e9e-47ea-ac7d-79ff203e3095,0xE46A41b840176b62983FC71162dc9faEAC4D9bcB,61029430091907876109464895555898745746405742165657134445147979806674543220571,200,0.45,,Yehwan Song Artwork 2 by Yehwan Song,5d391c2a-8e9e-47ea-ac7d-79ff203e3095,Yehwan Song Artwork 2 #77,https://cdn.feralfileassets.com/thumbnails/5d391c2a-8e9e-47ea-ac7d-79ff203e3095/1672891321,https://cdn.feralfileassets.com/previews/5d391c2a-8e9e-47ea-ac7d-79ff203e3095/1675049635/?edition_number=82&blockchain=ethereum&contract=0xE46A41b840176b62983FC71162dc9faEAC4D9bcB&token_id=61029430091907876109464895555898745746405742165657134445147979806674543220571&token_id_hash=0xa9e3fefd46f8c993ef8030be22522982b17e3ac5e3792b62ffbbf04d733635bd
Decentralized,I KNOW – On the aesthetic of truth,Yehwan Song Artwork 2 by Yehwan Song,5d391c2a-8e9e-47ea-ac7d-79ff203e3095,5d391c2a-8e9e-47ea-ac7d-79ff203e3095,0xE46A41b840176b62983FC71162dc9faEAC4D9bcB,61029430091907876109464895555898745746405742165657134445147979806674543220575,200,0.45,,Yehwan Song Artwork 2 by Yehwan Song,5d391c2a-8e9e-47ea-ac7d-79ff203e3095,Yehwan Song Artwork 2 #81,https://cdn.feralfileassets.com/thumbnails/5d391c2a-8e9e-47ea-ac7d-79ff203e3095/1672891321,https://cdn.feralfileassets.com/previews/5d391c2a-8e9e-47ea-ac7d-79ff203e3095/1675049635/?edition_number=86&blockchain=ethereum&contract=0xE46A41b840176b62983FC71162dc9faEAC4D9bcB&token_id=61029430091907876109464895555898745746405742165657134445147979806674543220575&token_id_hash=0xdd3a445454bda7b6955e22521672900c6d14798ff2ec9050216e701dbd6e8f36
Decentralized,I KNOW – On the aesthetic of truth,"Turandot 2070, Lovers I  by AES+F",9798c1fd-ccf2-4e2e-be26-fe146a398c85,9798c1fd-ccf2-4e2e-be26-fe146a398c85,0xE46A41b840176b62983FC71162dc9faEAC4D9bcB,13813618189176598346629425236645922063897053897097139878520767662417600093156,200,0.46,,"Turandot 2070, Lovers I  by AES+F",9798c1fd-ccf2-4e2e-be26-fe146a398c85,"Turandot 2070, Lovers I  #45",https://cdn.feralfileassets.com/thumbnails/9798c1fd-ccf2-4e2e-be26-fe146a398c85/1672841333,https://cdn.feralfileassets.com/previews/9798c1fd-ccf2-4e2e-be26-fe146a398c85/1672841404/preview.mp4
Decentralized,I KNOW – On the aesthetic of truth,"Turandot 2070, Lovers I  by AES+F",9798c1fd-ccf2-4e2e-be26-fe146a398c85,9798c1fd-ccf2-4e2e-be26-fe146a398c85,0xE46A41b840176b62983FC71162dc9faEAC4D9bcB,13813618189176598346629425236645922063897053897097139878520767662417600093160,200,0.46,,"Turandot 2070, Lovers I  by AES+F",9798c1fd-ccf2-4e2e-be26-fe146a398c85,"Turandot 2070, Lovers I  #49",https://cdn.feralfileassets.com/thumbnails/9798c1fd-ccf2-4e2e-be26-fe146a398c85/1672841333,https://cdn.feralfileassets.com/previews/9798c1fd-ccf2-4e2e-be26-fe146a398c85/1672841404/preview.mp4
Decentralized,I KNOW – On the aesthetic of truth,"Turandot 2070, Lovers I  by AES+F",9798c1fd-ccf2-4e2e-be26-fe146a398c85,9798c1fd-ccf2-4e2e-be26-fe146a398c85,0xE46A41b840176b62983FC71162dc9faEAC4D9bcB,13813618189176598346629425236645922063897053897097139878520767662417600093164,200,0.46,,"Turandot 2070, Lovers I  by AES+F",9798c1fd-ccf2-4e2e-be26-fe146a398c85,"Turandot 2070, Lovers I  #53",https://cdn.feralfileassets.com/thumbnails/9798c1fd-ccf2-4e2e-be26-fe146a398c85/1672841333,https://cdn.feralfileassets.com/previews/9798c1fd-ccf2-4e2e-be26-fe146a398c85/1672841404/preview.mp4
Decentralized,I KNOW – On the aesthetic of truth,"Turandot 2070, Lovers I  by AES+F",9798c1fd-ccf2-4e2e-be26-fe146a398c85,9798c1fd-ccf2-4e2e-be26-fe146a398c85,0xE46A41b840176b62983FC71162dc9faEAC4D9bcB,13813618189176598346629425236645922063897053897097139878520767662417600093168,200,0.46,,"Turandot 2070, Lovers I  by AES+F",9798c1fd-ccf2-4e2e-be26-fe146a398c85,"Turandot 2070, Lovers I  #57",https://cdn.feralfileassets.com/thumbnails/9798c1fd-ccf2-4e2e-be26-fe146a398c85/1672841333,https://cdn.feralfileassets.com/previews/9798c1fd-ccf2-4e2e-be26-fe146a398c85/1672841404/preview.mp4
Decentralized,I KNOW – On the aesthetic of truth,"Turandot 2070, Lovers I  by AES+F",9798c1fd-ccf2-4e2e-be26-fe146a398c85,9798c1fd-ccf2-4e2e-be26-fe146a398c85,0xE46A41b840176b62983FC71162dc9faEAC4D9bcB,13813618189176598346629425236645922063897053897097139878520767662417600093172,200,0.46,,"Turandot 2070, Lovers I  by AES+F",9798c1fd-ccf2-4e2e-be26-fe146a398c85,"Turandot 2070, Lovers I  #61",https://cdn.feralfileassets.com/thumbnails/9798c1fd-ccf2-4e2e-be26-fe146a398c85/1672841333,https://cdn.feralfileassets.com/previews/9798c1fd-ccf2-4e2e-be26-fe146a398c85/1672841404/preview.mp4
Decentralized,I KNOW – On the aesthetic of truth,"Turandot 2070, Lovers I  by AES+F",9798c1fd-ccf2-4e2e-be26-fe146a398c85,9798c1fd-ccf2-4e2e-be26-fe146a398c85,0xE46A41b840176b62983FC71162dc9faEAC4D9bcB,13813618189176598346629425236645922063897053897097139878520767662417600093176,200,0.46,,"Turandot 2070, Lovers I  by AES+F",9798c1fd-ccf2-4e2e-be26-fe146a398c85,"Turandot 2070, Lovers I  #65",https://cdn.feralfileassets.com/thumbnails/9798c1fd-ccf2-4e2e-be26-fe146a398c85/1672841333,https://cdn.feralfileassets.com/previews/9798c1fd-ccf2-4e2e-be26-fe146a398c85/1672841404/preview.mp4
Decentralized,I KNOW – On the aesthetic of truth,"Turandot 2070, Lovers I  by AES+F",9798c1fd-ccf2-4e2e-be26-fe146a398c85,9798c1fd-ccf2-4e2e-be26-fe146a398c85,0xE46A41b840176b62983FC71162dc9faEAC4D9bcB,13813618189176598346629425236645922063897053897097139878520767662417600093180,200,0.46,,"Turandot 2070, Lovers I  by AES+F",9798c1fd-ccf2-4e2e-be26-fe146a398c85,"Turandot 2070, Lovers I  #69",https://cdn.feralfileassets.com/thumbnails/9798c1fd-ccf2-4e2e-be26-fe146a398c85/1672841333,https://cdn.feralfileassets.com/previews/9798c1fd-ccf2-4e2e-be26-fe146a398c85/1672841404/preview.mp4
Decentralized,I KNOW – On the aesthetic of truth,"Turandot 2070, Lovers I  by AES+F",9798c1fd-ccf2-4e2e-be26-fe146a398c85,9798c1fd-ccf2-4e2e-be26-fe146a398c85,0xE46A41b840176b62983FC71162dc9faEAC4D9bcB,13813618189176598346629425236645922063897053897097139878520767662417600093184,200,0.46,,"Turandot 2070, Lovers I  by AES+F",9798c1fd-ccf2-4e2e-be26-fe146a398c85,"Turandot 2070, Lovers I  #73",https://cdn.feralfileassets.com/thumbnails/9798c1fd-ccf2-4e2e-be26-fe146a398c85/1672841333,https://cdn.feralfileassets.com/previews/9798c1fd-ccf2-4e2e-be26-fe146a398c85/1672841404/preview.mp4
Decentralized,I KNOW – On the aesthetic of truth,"Turandot 2070, Lovers I  by AES+F",9798c1fd-ccf2-4e2e-be26-fe146a398c85,9798c1fd-ccf2-4e2e-be26-fe146a398c85,0xE46A41b840176b62983FC71162dc9faEAC4D9bcB,13813618189176598346629425236645922063897053897097139878520767662417600093188,200,0.46,,"Turandot 2070, Lovers I  by AES+F",9798c1fd-ccf2-4e2e-be26-fe146a398c85,"Turandot 2070, Lovers I  #77",https://cdn.feralfileassets.com/thumbnails/9798c1fd-ccf2-4e2e-be26-fe146a398c85/1672841333,https://cdn.feralfileassets.com/previews/9798c1fd-ccf2-4e2e-be26-fe146a398c85/1672841404/preview.mp4
Decentralized,I KNOW – On the aesthetic of truth,"Turandot 2070, Lovers I  by AES+F",9798c1fd-ccf2-4e2e-be26-fe146a398c85,9798c1fd-ccf2-4e2e-be26-fe146a398c85,0xE46A41b840176b62983FC71162dc9faEAC4D9bcB,13813618189176598346629425236645922063897053897097139878520767662417600093192,200,0.45,,"Turandot 2070, Lovers I  by AES+F",9798c1fd-ccf2-4e2e-be26-fe146a398c85,"Turandot 2070, Lovers I  #81",https://cdn.feralfileassets.com/thumbnails/9798c1fd-ccf2-4e2e-be26-fe146a398c85/1672841333,https://cdn.feralfileassets.com/previews/9798c1fd-ccf2-4e2e-be26-fe146a398c85/1672841404/preview.mp4
Decentralized,I KNOW – On the aesthetic of truth,Yehwan Song Artwork 1 by Yehwan Song,b5621c75-70f9-430f-852e-9d8fd9318917,b5621c75-70f9-430f-852e-9d8fd9318917,0xE46A41b840176b62983FC71162dc9faEAC4D9bcB,58987192466841004628201111767945836073083865759174394385352028392528079468137,200,0.46,,Yehwan Song Artwork 1 by Yehwan Song,b5621c75-70f9-430f-852e-9d8fd9318917,Yehwan Song Artwork 1 #49,https://cdn.feralfileassets.com/thumbnails/b5621c75-70f9-430f-852e-9d8fd9318917/1672890296,https://cdn.feralfileassets.com/previews/b5621c75-70f9-430f-852e-9d8fd9318917/1675049149/?edition_number=50&blockchain=ethereum&contract=0xE46A41b840176b62983FC71162dc9faEAC4D9bcB&token_id=58987192466841004628201111767945836073083865759174394385352028392528079468137&token_id_hash=0xe8ebc4b964b7494a8793be22ba0650f3585fc63ba9095fb702e422366d0f6210
Decentralized,I KNOW – On the aesthetic of truth,Yehwan Song Artwork 1 by Yehwan Song,b5621c75-70f9-430f-852e-9d8fd9318917,b5621c75-70f9-430f-852e-9d8fd9318917,0xE46A41b840176b62983FC71162dc9faEAC4D9bcB,58987192466841004628201111767945836073083865759174394385352028392528079468141,200,0.46,,Yehwan Song Artwork 1 by Yehwan Song,b5621c75-70f9-430f-852e-9d8fd9318917,Yehwan Song Artwork 1 #53,https://cdn.feralfileassets.com/thumbnails/b5621c75-70f9-430f-852e-9d8fd9318917/1672890296,https://cdn.feralfileassets.com/previews/b5621c75-70f9-430f-852e-9d8fd9318917/1675049149/?edition_number=54&blockchain=ethereum&contract=0xE46A41b840176b62983FC71162dc9faEAC4D9bcB&token_id=58987192466841004628201111767945836073083865759174394385352028392528079468141&token_id_hash=0xcc7cb19871ea646e15e75d0ed335a4d9ee81f43d3443108ad4537cf9e4cf55ab
Decentralized,I KNOW – On the aesthetic of truth,Yehwan Song Artwork 1 by Yehwan Song,b5621c75-70f9-430f-852e-9d8fd9318917,b5621c75-70f9-430f-852e-9d8fd9318917,0xE46A41b840176b62983FC71162dc9faEAC4D9bcB,58987192466841004628201111767945836073083865759174394385352028392528079468145,200,0.46,,Yehwan Song Artwork 1 by Yehwan Song,b5621c75-70f9-430f-852e-9d8fd9318917,Yehwan Song Artwork 1 #57,https://cdn.feralfileassets.com/thumbnails/b5621c75-70f9-430f-852e-9d8fd9318917/1672890296,https://cdn.feralfileassets.com/previews/b5621c75-70f9-430f-852e-9d8fd9318917/1675049149/?edition_number=58&blockchain=ethereum&contract=0xE46A41b840176b62983FC71162dc9faEAC4D9bcB&token_id=58987192466841004628201111767945836073083865759174394385352028392528079468145&token_id_hash=0x3d091525aed6da708858d1033d3a812a859f8f983ad5235931d6f31f14c342ce
Decentralized,I KNOW – On the aesthetic of truth,Yehwan Song Artwork 1 by Yehwan Song,b5621c75-70f9-430f-852e-9d8fd9318917,b5621c75-70f9-430f-852e-9d8fd9318917,0xE46A41b840176b62983FC71162dc9faEAC4D9bcB,58987192466841004628201111767945836073083865759174394385352028392528079468149,200,0.46,,Yehwan Song Artwork 1 by Yehwan Song,b5621c75-70f9-430f-852e-9d8fd9318917,Yehwan Song Artwork 1 #61,https://cdn.feralfileassets.com/thumbnails/b5621c75-70f9-430f-852e-9d8fd9318917/1672890296,https://cdn.feralfileassets.com/previews/b5621c75-70f9-430f-852e-9d8fd9318917/1675049149/?edition_number=62&blockchain=ethereum&contract=0xE46A41b840176b62983FC71162dc9faEAC4D9bcB&token_id=58987192466841004628201111767945836073083865759174394385352028392528079468149&token_id_hash=0xd454d39cfc53d69f5ac2f02dc71a87ed29587505d6b114b04c56249472c5d6ff
Decentralized,I KNOW – On the aesthetic of truth,Yehwan Song Artwork 1 by Yehwan Song,b5621c75-70f9-430f-852e-9d8fd9318917,b5621c75-70f9-430f-852e-9d8fd9318917,0xE46A41b840176b62983FC71162dc9faEAC4D9bcB,58987192466841004628201111767945836073083865759174394385352028392528079468153,200,0.45,,Yehwan Song Artwork 1 by Yehwan Song,b5621c75-70f9-430f-852e-9d8fd9318917,Yehwan Song Artwork 1 #65,https://cdn.feralfileassets.com/thumbnails/b5621c75-70f9-430f-852e-9d8fd9318917/1672890296,https://cdn.feralfileassets.com/previews/b5621c75-70f9-430f-852e-9d8fd9318917/1675049149/?edition_number=66&blockchain=ethereum&contract=0xE46A41b840176b62983FC71162dc9faEAC4D9bcB&token_id=58987192466841004628201111767945836073083865759174394385352028392528079468153&token_id_hash=0x7ba7b29f0ff6d7924607c378c8994d016e4200ea4fa5a3fa41371c84d36e58b9
Decentralized,I KNOW – On the aesthetic of truth,Yehwan Song Artwork 1 by Yehwan Song,b5621c75-70f9-430f-852e-9d8fd9318917,b5621c75-70f9-430f-852e-9d8fd9318917,0xE46A41b840176b62983FC71162dc9faEAC4D9bcB,58987192466841004628201111767945836073083865759174394385352028392528079468157,200,0.46,,Yehwan Song Artwork 1 by Yehwan Song,b5621c75-70f9-430f-852e-9d8fd9318917,Yehwan Song Artwork 1 #69,https://cdn.feralfileassets.com/thumbnails/b5621c75-70f9-430f-852e-9d8fd9318917/1672890296,https://cdn.feralfileassets.com/previews/b5621c75-70f9-430f-852e-9d8fd9318917/1675049149/?edition_number=70&blockchain=ethereum&contract=0xE46A41b840176b62983FC71162dc9faEAC4D9bcB&token_id=58987192466841004628201111767945836073083865759174394385352028392528079468157&token_id_hash=0x6c8f179a0b53b931e2dd871f40e674011eebcbfb8e94e677e875f7c26675cd0a
Decentralized,I KNOW – On the aesthetic of truth,Yehwan Song Artwork 1 by Yehwan Song,b5621c75-70f9-430f-852e-9d8fd9318917,b5621c75-70f9-430f-852e-9d8fd9318917,0xE46A41b840176b62983FC71162dc9faEAC4D9bcB,58987192466841004628201111767945836073083865759174394385352028392528079468161,200,0.46,,Yehwan Song Artwork 1 by Yehwan Song,b5621c75-70f9-430f-852e-9d8fd9318917,Yehwan Song Artwork 1 #73,https://cdn.feralfileassets.com/thumbnails/b5621c75-70f9-430f-852e-9d8fd9318917/1672890296,https://cdn.feralfileassets.com/previews/b5621c75-70f9-430f-852e-9d8fd9318917/1675049149/?edition_number=74&blockchain=ethereum&contract=0xE46A41b840176b62983FC71162dc9faEAC4D9bcB&token_id=58987192466841004628201111767945836073083865759174394385352028392528079468161&token_id_hash=0xc7d4519b75bcb77663c88ba9a79c4369c92bb35810bb163aebeaedab7668b581
Decentralized,I KNOW – On the aesthetic of truth,Yehwan Song Artwork 1 by Yehwan Song,b5621c75-70f9-430f-852e-9d8fd9318917,b5621c75-70f9-430f-852e-9d8fd9318917,0xE46A41b840176b62983FC71162dc9faEAC4D9bcB,58987192466841004628201111767945836073083865759174394385352028392528079468165,200,0.46,,Yehwan Song Artwork 1 by Yehwan Song,b5621c75-70f9-430f-852e-9d8fd9318917,Yehwan Song Artwork 1 #77,https://cdn.feralfileassets.com/thumbnails/b5621c75-70f9-430f-852e-9d8fd9318917/1672890296,https://cdn.feralfileassets.com/previews/b5621c75-70f9-430f-852e-9d8fd9318917/1675049149/?edition_number=78&blockchain=ethereum&contract=0xE46A41b840176b62983FC71162dc9faEAC4D9bcB&token_id=58987192466841004628201111767945836073083865759174394385352028392528079468165&token_id_hash=0x7bb95666f19eafcf9af1a510004d58e1911c1bb6ff9e1d8cf8823be380386252
Decentralized,I KNOW – On the aesthetic of truth,Yehwan Song Artwork 1 by Yehwan Song,b5621c75-70f9-430f-852e-9d8fd9318917,b5621c75-70f9-430f-852e-9d8fd9318917,0xE46A41b840176b62983FC71162dc9faEAC4D9bcB,58987192466841004628201111767945836073083865759174394385352028392528079468169,200,0.46,,Yehwan Song Artwork 1 by Yehwan Song,b5621c75-70f9-430f-852e-9d8fd9318917,Yehwan Song Artwork 1 #81,https://cdn.feralfileassets.com/thumbnails/b5621c75-70f9-430f-852e-9d8fd9318917/1672890296,https://cdn.feralfileassets.com/previews/b5621c75-70f9-430f-852e-9d8fd9318917/1675049149/?edition_number=82&blockchain=ethereum&contract=0xE46A41b840176b62983FC71162dc9faEAC4D9bcB&token_id=58987192466841004628201111767945836073083865759174394385352028392528079468169&token_id_hash=0x6ada02c219191cc30329f06eb61646438e76fe43616070dc6c6fcf6eb2e9f18d
Decentralized,I KNOW – On the aesthetic of truth,Yehwan Song Artwork 1 by Yehwan Song,b5621c75-70f9-430f-852e-9d8fd9318917,b5621c75-70f9-430f-852e-9d8fd9318917,0xE46A41b840176b62983FC71162dc9faEAC4D9bcB,58987192466841004628201111767945836073083865759174394385352028392528079468173,200,0.46,,Yehwan Song Artwork 1 by Yehwan Song,b5621c75-70f9-430f-852e-9d8fd9318917,Yehwan Song Artwork 1 #85,https://cdn.feralfileassets.com/thumbnails/b5621c75-70f9-430f-852e-9d8fd9318917/1672890296,https://cdn.feralfileassets.com/previews/b5621c75-70f9-430f-852e-9d8fd9318917/1675049149/?edition_number=86&blockchain=ethereum&contract=0xE46A41b840176b62983FC71162dc9faEAC4D9bcB&token_id=58987192466841004628201111767945836073083865759174394385352028392528079468173&token_id_hash=0xb22bf9be660a4633f9a3928ef19c94f9f4935f50995dff25d691e8ef8cb42c30
Decentralized,I KNOW – On the aesthetic of truth,"Prophecy, nullification algorithm, shaman, conspiracy by aaajiao",bc82d0fb-eede-4947-aa97-fe085f46f0b4,bc82d0fb-eede-4947-aa97-fe085f46f0b4,0xE46A41b840176b62983FC71162dc9faEAC4D9bcB,78437930858508382358350445319245577989271984900771702036328894579070742980994,200,0.44,,"Prophecy, nullification algorithm, shaman, conspiracy by aaajiao",bc82d0fb-eede-4947-aa97-fe085f46f0b4,"Prophecy, nullification algorithm, shaman, conspiracy #45",https://cdn.feralfileassets.com/thumbnails/bc82d0fb-eede-4947-aa97-fe085f46f0b4/1672665961,https://cdn.feralfileassets.com/previews/bc82d0fb-eede-4947-aa97-fe085f46f0b4/1672665977/preview.gif
Decentralized,I KNOW – On the aesthetic of truth,"Prophecy, nullification algorithm, shaman, conspiracy by aaajiao",bc82d0fb-eede-4947-aa97-fe085f46f0b4,bc82d0fb-eede-4947-aa97-fe085f46f0b4,0xE46A41b840176b62983FC71162dc9faEAC4D9bcB,78437930858508382358350445319245577989271984900771702036328894579070742980998,200,0.46,,"Prophecy, nullification algorithm, shaman, conspiracy by aaajiao",bc82d0fb-eede-4947-aa97-fe085f46f0b4,"Prophecy, nullification algorithm, shaman, conspiracy #49",https://cdn.feralfileassets.com/thumbnails/bc82d0fb-eede-4947-aa97-fe085f46f0b4/1672665961,https://cdn.feralfileassets.com/previews/bc82d0fb-eede-4947-aa97-fe085f46f0b4/1672665977/preview.gif
Decentralized,I KNOW – On the aesthetic of truth,"Prophecy, nullification algorithm, shaman, conspiracy by aaajiao",bc82d0fb-eede-4947-aa97-fe085f46f0b4,bc82d0fb-eede-4947-aa97-fe085f46f0b4,0xE46A41b840176b62983FC71162dc9faEAC4D9bcB,78437930858508382358350445319245577989271984900771702036328894579070742981002,200,0.46,,"Prophecy, nullification algorithm, shaman, conspiracy by aaajiao",bc82d0fb-eede-4947-aa97-fe085f46f0b4,"Prophecy, nullification algorithm, shaman, conspiracy #53",https://cdn.feralfileassets.com/thumbnails/bc82d0fb-eede-4947-aa97-fe085f46f0b4/1672665961,https://cdn.feralfileassets.com/previews/bc82d0fb-eede-4947-aa97-fe085f46f0b4/1672665977/preview.gif
Decentralized,I KNOW – On the aesthetic of truth,"Prophecy, nullification algorithm, shaman, conspiracy by aaajiao",bc82d0fb-eede-4947-aa97-fe085f46f0b4,bc82d0fb-eede-4947-aa97-fe085f46f0b4,0xE46A41b840176b62983FC71162dc9faEAC4D9bcB,78437930858508382358350445319245577989271984900771702036328894579070742981006,200,0.46,,"Prophecy, nullification algorithm, shaman, conspiracy by aaajiao",bc82d0fb-eede-4947-aa97-fe085f46f0b4,"Prophecy, nullification algorithm, shaman, conspiracy #57",https://cdn.feralfileassets.com/thumbnails/bc82d0fb-eede-4947-aa97-fe085f46f0b4/1672665961,https://cdn.feralfileassets.com/previews/bc82d0fb-eede-4947-aa97-fe085f46f0b4/1672665977/preview.gif
Decentralized,I KNOW – On the aesthetic of truth,"Prophecy, nullification algorithm, shaman, conspiracy by aaajiao",bc82d0fb-eede-4947-aa97-fe085f46f0b4,bc82d0fb-eede-4947-aa97-fe085f46f0b4,0xE46A41b840176b62983FC71162dc9faEAC4D9bcB,78437930858508382358350445319245577989271984900771702036328894579070742981010,200,0.46,,"Prophecy, nullification algorithm, shaman, conspiracy by aaajiao",bc82d0fb-eede-4947-aa97-fe085f46f0b4,"Prophecy, nullification algorithm, shaman, conspiracy #61",https://cdn.feralfileassets.com/thumbnails/bc82d0fb-eede-4947-aa97-fe085f46f0b4/1672665961,https://cdn.feralfileassets.com/previews/bc82d0fb-eede-4947-aa97-fe085f46f0b4/1672665977/preview.gif
Decentralized,I KNOW – On the aesthetic of truth,"Prophecy, nullification algorithm, shaman, conspiracy by aaajiao",bc82d0fb-eede-4947-aa97-fe085f46f0b4,bc82d0fb-eede-4947-aa97-fe085f46f0b4,0xE46A41b840176b62983FC71162dc9faEAC4D9bcB,78437930858508382358350445319245577989271984900771702036328894579070742981014,200,0.46,,"Prophecy, nullification algorithm, shaman, conspiracy by aaajiao",bc82d0fb-eede-4947-aa97-fe085f46f0b4,"Prophecy, nullification algorithm, shaman, conspiracy #65",https://cdn.feralfileassets.com/thumbnails/bc82d0fb-eede-4947-aa97-fe085f46f0b4/1672665961,https://cdn.feralfileassets.com/previews/bc82d0fb-eede-4947-aa97-fe085f46f0b4/1672665977/preview.gif
Decentralized,I KNOW – On the aesthetic of truth,"Prophecy, nullification algorithm, shaman, conspiracy by aaajiao",bc82d0fb-eede-4947-aa97-fe085f46f0b4,bc82d0fb-eede-4947-aa97-fe085f46f0b4,0xE46A41b840176b62983FC71162dc9faEAC4D9bcB,78437930858508382358350445319245577989271984900771702036328894579070742981018,200,0.46,,"Prophecy, nullification algorithm, shaman, conspiracy by aaajiao",bc82d0fb-eede-4947-aa97-fe085f46f0b4,"Prophecy, nullification algorithm, shaman, conspiracy #69",https://cdn.feralfileassets.com/thumbnails/bc82d0fb-eede-4947-aa97-fe085f46f0b4/1672665961,https://cdn.feralfileassets.com/previews/bc82d0fb-eede-4947-aa97-fe085f46f0b4/1672665977/preview.gif
Decentralized,I KNOW – On the aesthetic of truth,"Prophecy, nullification algorithm, shaman, conspiracy by aaajiao",bc82d0fb-eede-4947-aa97-fe085f46f0b4,bc82d0fb-eede-4947-aa97-fe085f46f0b4,0xE46A41b840176b62983FC71162dc9faEAC4D9bcB,78437930858508382358350445319245577989271984900771702036328894579070742981022,200,0.46,,"Prophecy, nullification algorithm, shaman, conspiracy by aaajiao",bc82d0fb-eede-4947-aa97-fe085f46f0b4,"Prophecy, nullification algorithm, shaman, conspiracy #73",https://cdn.feralfileassets.com/thumbnails/bc82d0fb-eede-4947-aa97-fe085f46f0b4/1672665961,https://cdn.feralfileassets.com/previews/bc82d0fb-eede-4947-aa97-fe085f46f0b4/1672665977/preview.gif
Decentralized,I KNOW – On the aesthetic of truth,"Prophecy, nullification algorithm, shaman, conspiracy by aaajiao",bc82d0fb-eede-4947-aa97-fe085f46f0b4,bc82d0fb-eede-4947-aa97-fe085f46f0b4,0xE46A41b840176b62983FC71162dc9faEAC4D9bcB,78437930858508382358350445319245577989271984900771702036328894579070742981026,200,0.46,,"Prophecy, nullification algorithm, shaman, conspiracy by aaajiao",bc82d0fb-eede-4947-aa97-fe085f46f0b4,"Prophecy, nullification algorithm, shaman, conspiracy #77",https://cdn.feralfileassets.com/thumbnails/bc82d0fb-eede-4947-aa97-fe085f46f0b4/1672665961,https://cdn.feralfileassets.com/previews/bc82d0fb-eede-4947-aa97-fe085f46f0b4/1672665977/preview.gif
Decentralized,I KNOW – On the aesthetic of truth,"Prophecy, nullification algorithm, shaman, conspiracy by aaajiao",bc82d0fb-eede-4947-aa97-fe085f46f0b4,bc82d0fb-eede-4947-aa97-fe085f46f0b4,0xE46A41b840176b62983FC71162dc9faEAC4D9bcB,78437930858508382358350445319245577989271984900771702036328894579070742981030,200,0.46,,"Prophecy, nullification algorithm, shaman, conspiracy by aaajiao",bc82d0fb-eede-4947-aa97-fe085f46f0b4,"Prophecy, nullification algorithm, shaman, conspiracy #81",https://cdn.feralfileassets.com/thumbnails/bc82d0fb-eede-4947-aa97-fe085f46f0b4/1672665961,https://cdn.feralfileassets.com/previews/bc82d0fb-eede-4947-aa97-fe085f46f0b4/1672665977/preview.gif
Decentralized,I KNOW – On the aesthetic of truth,A Picture Can’t Take My Elan Vital by Cibelle Cavalli Bastos,c6befe2e-1934-40ce-958c-2011e425c511,c6befe2e-1934-40ce-958c-2011e425c511,0xE46A41b840176b62983FC71162dc9faEAC4D9bcB,4747622386996134347530103051137512757478489873315040866696710228902591236949,200,0.46,,A Picture Can’t Take My Elan Vital by Cibelle Cavalli Bastos,c6befe2e-1934-40ce-958c-2011e425c511,A Picture Can’t Take My Elan Vital #45,https://cdn.feralfileassets.com/previews/c6befe2e-1934-40ce-958c-2011e425c511/1672939318/preview.png,
Decentralized,I KNOW – On the aesthetic of truth,A Picture Can’t Take My Elan Vital by Cibelle Cavalli Bastos,c6befe2e-1934-40ce-958c-2011e425c511,c6befe2e-1934-40ce-958c-2011e425c511,0xE46A41b840176b62983FC71162dc9faEAC4D9bcB,4747622386996134347530103051137512757478489873315040866696710228902591236953,200,0.46,,A Picture Can’t Take My Elan Vital by Cibelle Cavalli Bastos,c6befe2e-1934-40ce-958c-2011e425c511,A Picture Can’t Take My Elan Vital #49,https://cdn.feralfileassets.com/previews/c6befe2e-1934-40ce-958c-2011e425c511/1672939318/preview.png,
Decentralized,I KNOW – On the aesthetic of truth,A Picture Can’t Take My Elan Vital by Cibelle Cavalli Bastos,c6befe2e-1934-40ce-958c-2011e425c511,c6befe2e-1934-40ce-958c-2011e425c511,0xE46A41b840176b62983FC71162dc9faEAC4D9bcB,4747622386996134347530103051137512757478489873315040866696710228902591236957,200,0.46,,A Picture Can’t Take My Elan Vital by Cibelle Cavalli Bastos,c6befe2e-1934-40ce-958c-2011e425c511,A Picture Can’t Take My Elan Vital #53,https://cdn.feralfileassets.com/previews/c6befe2e-1934-40ce-958c-2011e425c511/1672939318/preview.png,
Decentralized,I KNOW – On the aesthetic of truth,A Picture Can’t Take My Elan Vital by Cibelle Cavalli Bastos,c6befe2e-1934-40ce-958c-2011e425c511,c6befe2e-1934-40ce-958c-2011e425c511,0xE46A41b840176b62983FC71162dc9faEAC4D9bcB,4747622386996134347530103051137512757478489873315040866696710228902591236961,200,0.45,,A Picture Can’t Take My Elan Vital by Cibelle Cavalli Bastos,c6befe2e-1934-40ce-958c-2011e425c511,A Picture Can’t Take My Elan Vital #57,https://cdn.feralfileassets.com/previews/c6befe2e-1934-40ce-958c-2011e425c511/1672939318/preview.png,
Decentralized,I KNOW – On the aesthetic of truth,A Picture Can’t Take My Elan Vital by Cibelle Cavalli Bastos,c6befe2e-1934-40ce-958c-2011e425c511,c6befe2e-1934-40ce-958c-2011e425c511,0xE46A41b840176b62983FC71162dc9faEAC4D9bcB,4747622386996134347530103051137512757478489873315040866696710228902591236965,200,0.46,,A Picture Can’t Take My Elan Vital by Cibelle Cavalli Bastos,c6befe2e-1934-40ce-958c-2011e425c511,A Picture Can’t Take My Elan Vital #61,https://cdn.feralfileassets.com/previews/c6befe2e-1934-40ce-958c-2011e425c511/1672939318/preview.png,
Decentralized,I KNOW – On the aesthetic of truth,A Picture Can’t Take My Elan Vital by Cibelle Cavalli Bastos,c6befe2e-1934-40ce-958c-2011e425c511,c6befe2e-1934-40ce-958c-2011e425c511,0xE46A41b840176b62983FC71162dc9faEAC4D9bcB,4747622386996134347530103051137512757478489873315040866696710228902591236969,200,0.46,,A Picture Can’t Take My Elan Vital by Cibelle Cavalli Bastos,c6befe2e-1934-40ce-958c-2011e425c511,A Picture Can’t Take My Elan Vital #65,https://cdn.feralfileassets.com/previews/c6befe2e-1934-40ce-958c-2011e425c511/1672939318/preview.png,
Decentralized,I KNOW – On the aesthetic of truth,A Picture Can’t Take My Elan Vital by Cibelle Cavalli Bastos,c6befe2e-1934-40ce-958c-2011e425c511,c6befe2e-1934-40ce-958c-2011e425c511,0xE46A41b840176b62983FC71162dc9faEAC4D9bcB,4747622386996134347530103051137512757478489873315040866696710228902591236973,200,0.46,,A Picture Can’t Take My Elan Vital by Cibelle Cavalli Bastos,c6befe2e-1934-40ce-958c-2011e425c511,A Picture Can’t Take My Elan Vital #69,https://cdn.feralfileassets.com/previews/c6befe2e-1934-40ce-958c-2011e425c511/1672939318/preview.png,
Decentralized,I KNOW – On the aesthetic of truth,A Picture Can’t Take My Elan Vital by Cibelle Cavalli Bastos,c6befe2e-1934-40ce-958c-2011e425c511,c6befe2e-1934-40ce-958c-2011e425c511,0xE46A41b840176b62983FC71162dc9faEAC4D9bcB,4747622386996134347530103051137512757478489873315040866696710228902591236977,200,0.45,,A Picture Can’t Take My Elan Vital by Cibelle Cavalli Bastos,c6befe2e-1934-40ce-958c-2011e425c511,A Picture Can’t Take My Elan Vital #73,https://cdn.feralfileassets.com/previews/c6befe2e-1934-40ce-958c-2011e425c511/1672939318/preview.png,
Decentralized,I KNOW – On the aesthetic of truth,A Picture Can’t Take My Elan Vital by Cibelle Cavalli Bastos,c6befe2e-1934-40ce-958c-2011e425c511,c6befe2e-1934-40ce-958c-2011e425c511,0xE46A41b840176b62983FC71162dc9faEAC4D9bcB,4747622386996134347530103051137512757478489873315040866696710228902591236981,200,0.46,,A Picture Can’t Take My Elan Vital by Cibelle Cavalli Bastos,c6befe2e-1934-40ce-958c-2011e425c511,A Picture Can’t Take My Elan Vital #77,https://cdn.feralfileassets.com/previews/c6befe2e-1934-40ce-958c-2011e425c511/1672939318/preview.png,
Decentralized,I KNOW – On the aesthetic of truth,A Picture Can’t Take My Elan Vital by Cibelle Cavalli Bastos,c6befe2e-1934-40ce-958c-2011e425c511,c6befe2e-1934-40ce-958c-2011e425c511,0xE46A41b840176b62983FC71162dc9faEAC4D9bcB,4747622386996134347530103051137512757478489873315040866696710228902591236985,200,0.46,,A Picture Can’t Take My Elan Vital by Cibelle Cavalli Bastos,c6befe2e-1934-40ce-958c-2011e425c511,A Picture Can’t Take My Elan Vital #81,https://cdn.feralfileassets.com/previews/c6befe2e-1934-40ce-958c-2011e425c511/1672939318/preview.png,
Decentralized,I KNOW – On the aesthetic of truth,"Turandot 2070, Lynx Avatar by AES+F",d78f0375-3173-4a51-a52e-a211b79acf88,d78f0375-3173-4a51-a52e-a211b79acf88,0xE46A41b840176b62983FC71162dc9faEAC4D9bcB,80776473799518410764992022966159669685505126635997815336491014110275297962831,200,0.45,,"Turandot 2070, Lynx Avatar by AES+F",d78f0375-3173-4a51-a52e-a211b79acf88,"Turandot 2070, Lynx Avatar ",https://cdn.feralfileassets.com/thumbnails/d78f0375-3173-4a51-a52e-a211b79acf88/1672841623,https://cdn.feralfileassets.com/previews/d78f0375-3173-4a51-a52e-a211b79acf88/1672841629/preview.mp4
Decentralized,In Medias Res,Waabanishimo: Miigaazh (She Dances Till Daylight: Fight) by Eve-Lauryn LaFountain,1ce507c4-7007-4dbb-a32c-46dfa9c8e70a,1ce507c4-7007-4dbb-a32c-46dfa9c8e70a,0x835dF7CC88D8BC51FCbb6a7FDED0BBE1ec020273,2517582246254990625947327841552489136603713472,200,0.59,,Waabanishimo: Miigaazh (She Dances Till Daylight: Fight) by Eve-Lauryn LaFountain,1ce507c4-7007-4dbb-a32c-46dfa9c8e70a,Waabanishimo: Miigaazh (She Dances Till Daylight: Fight) #1,https://ipfs.feralfile.com/ipfs/QmNVhwH9bThC2VwNDHzT8HdwQC684r6Hxr8TTvpBFyHU6o?,https://ipfs.feralfile.com/ipfs/QmUhzbAKvkArgcvhgsfW8SFvPrvWnJyxb5t9fR3d5uxJTk?
Decentralized,In Medias Res,Waabanishimo: Miigaazh (She Dances Till Daylight: Fight) by Eve-Lauryn LaFountain,1ce507c4-7007-4dbb-a32c-46dfa9c8e70a,1ce507c4-7007-4dbb-a32c-46dfa9c8e70a,0x835dF7CC88D8BC51FCbb6a7FDED0BBE1ec020273,2517582246254990625947327841552489136603713475,200,0.59,,Waabanishimo: Miigaazh (She Dances Till Daylight: Fight) by Eve-Lauryn LaFountain,1ce507c4-7007-4dbb-a32c-46dfa9c8e70a,Waabanishimo: Miigaazh (She Dances Till Daylight: Fight) #4,https://ipfs.feralfile.com/ipfs/QmUszHXYMZZcXT2vU5F7bbjPsiejt2jndxwsmkvRLh9LoD?,https://ipfs.feralfile.com/ipfs/Qmc9s6w1AU8tjnRdpeDNKbLRByNeqb5FwFxwvAGchBhfGj?
Decentralized,In Medias Res,Waabanishimo: Miigaazh (She Dances Till Daylight: Fight) by Eve-Lauryn LaFountain,1ce507c4-7007-4dbb-a32c-46dfa9c8e70a,1ce507c4-7007-4dbb-a32c-46dfa9c8e70a,0x835dF7CC88D8BC51FCbb6a7FDED0BBE1ec020273,2517582246254990625947327841552489136603713478,200,0.58,,Waabanishimo: Miigaazh (She Dances Till Daylight: Fight) by Eve-Lauryn LaFountain,1ce507c4-7007-4dbb-a32c-46dfa9c8e70a,Waabanishimo: Miigaazh (She Dances Till Daylight: Fight) #7,https://ipfs.feralfile.com/ipfs/QmcD5qKWH8HGBeoizSRacuL8YuFFrfkoDxK89zWBuZCxvu?,https://ipfs.feralfile.com/ipfs/Qmb6fouiy93NPKj6vMLUk4bh4EEgrkswhAcVhTtyprKXfP?
Decentralized,In Medias Res,Waabanishimo: Miigaazh (She Dances Till Daylight: Fight) by Eve-Lauryn LaFountain,1ce507c4-7007-4dbb-a32c-46dfa9c8e70a,1ce507c4-7007-4dbb-a32c-46dfa9c8e70a,0x835dF7CC88D8BC51FCbb6a7FDED0BBE1ec020273,2517582246254990625947327841552489136603713481,200,0.58,,Waabanishimo: Miigaazh (She Dances Till Daylight: Fight) by Eve-Lauryn LaFountain,1ce507c4-7007-4dbb-a32c-46dfa9c8e70a,Waabanishimo: Miigaazh (She Dances Till Daylight: Fight) #10,https://ipfs.feralfile.com/ipfs/QmTDpQaHyLmTreDV5JZBHG3mKi86DauUffCB4e71EpZjwN?,https://ipfs.feralfile.com/ipfs/QmaDvrH4joohgKLeetuPXEsVaVAv8mq68ijKwchJEPCehV?
Decentralized,In Medias Res,Waabanishimo: Miigaazh (She Dances Till Daylight: Fight) by Eve-Lauryn LaFountain,1ce507c4-7007-4dbb-a32c-46dfa9c8e70a,1ce507c4-7007-4dbb-a32c-46dfa9c8e70a,0x835dF7CC88D8BC51FCbb6a7FDED0BBE1ec020273,2517582246254990625947327841552489136603713484,200,0.58,,Waabanishimo: Miigaazh (She Dances Till Daylight: Fight) by Eve-Lauryn LaFountain,1ce507c4-7007-4dbb-a32c-46dfa9c8e70a,Waabanishimo: Miigaazh (She Dances Till Daylight: Fight) #13,https://ipfs.feralfile.com/ipfs/Qme2TgsbdNiXfW5bZCBRk8seoLzrwggGfpCvtL9qGc8hQo?,https://ipfs.feralfile.com/ipfs/QmcRDiZy2xUxgUjR8o9UFSteq3i69b33RbSQvRFd4JdWE5?
Decentralized,In Medias Res,Waabanishimo: Miigaazh (She Dances Till Daylight: Fight) by Eve-Lauryn LaFountain,1ce507c4-7007-4dbb-a32c-46dfa9c8e70a,1ce507c4-7007-4dbb-a32c-46dfa9c8e70a,0x835dF7CC88D8BC51FCbb6a7FDED0BBE1ec020273,2517582246254990625947327841552489136603713487,200,0.58,,Waabanishimo: Miigaazh (She Dances Till Daylight: Fight) by Eve-Lauryn LaFountain,1ce507c4-7007-4dbb-a32c-46dfa9c8e70a,Waabanishimo: Miigaazh (She Dances Till Daylight: Fight) #16,https://ipfs.feralfile.com/ipfs/QmepgiFZykpSqdxkazA33y6XHPBYudHbqEu9yVr7rN47qr?,https://ipfs.feralfile.com/ipfs/QmeQPyNX9d1Z28mBBesvh6PZWWggL7cxnDo27FcdEUr3nb?
Decentralized,In Medias Res,Waabanishimo: Miigaazh (She Dances Till Daylight: Fight) by Eve-Lauryn LaFountain,1ce507c4-7007-4dbb-a32c-46dfa9c8e70a,1ce507c4-7007-4dbb-a32c-46dfa9c8e70a,0x835dF7CC88D8BC51FCbb6a7FDED0BBE1ec020273,2517582246254990625947327841552489136603713490,200,0.59,,Waabanishimo: Miigaazh (She Dances Till Daylight: Fight) by Eve-Lauryn LaFountain,1ce507c4-7007-4dbb-a32c-46dfa9c8e70a,Waabanishimo: Miigaazh (She Dances Till Daylight: Fight) #19,https://ipfs.feralfile.com/ipfs/QmQS2YJB1YLwksQMoF1F3uZxoLJU1geAxWAFaVUNtcdKnC?,https://ipfs.feralfile.com/ipfs/QmevUpUj8v6R8vyDdpSQSoxUmtb7ZJC7vLMpexZUN6bLFi?
Decentralized,In Medias Res,Waabanishimo: Miigaazh (She Dances Till Daylight: Fight) by Eve-Lauryn LaFountain,1ce507c4-7007-4dbb-a32c-46dfa9c8e70a,1ce507c4-7007-4dbb-a32c-46dfa9c8e70a,0x835dF7CC88D8BC51FCbb6a7FDED0BBE1ec020273,2517582246254990625947327841552489136603713493,200,0.58,,Waabanishimo: Miigaazh (She Dances Till Daylight: Fight) by Eve-Lauryn LaFountain,1ce507c4-7007-4dbb-a32c-46dfa9c8e70a,Waabanishimo: Miigaazh (She Dances Till Daylight: Fight) #22,https://ipfs.feralfile.com/ipfs/QmPNw1qj1PboeMjTJ5CbfeSF8aa5MAZdqtovAnaH3PKXgh?,https://ipfs.feralfile.com/ipfs/QmUGymJM7u77xQqgUj6gNF3syjWwFHkzcokmLG1wiuce7m?
Decentralized,In Medias Res,Waabanishimo: Miigaazh (She Dances Till Daylight: Fight) by Eve-Lauryn LaFountain,1ce507c4-7007-4dbb-a32c-46dfa9c8e70a,1ce507c4-7007-4dbb-a32c-46dfa9c8e70a,0x835dF7CC88D8BC51FCbb6a7FDED0BBE1ec020273,2517582246254990625947327841552489136603713496,200,0.58,,Waabanishimo: Miigaazh (She Dances Till Daylight: Fight) by Eve-Lauryn LaFountain,1ce507c4-7007-4dbb-a32c-46dfa9c8e70a,Waabanishimo: Miigaazh (She Dances Till Daylight: Fight) #25,https://ipfs.feralfile.com/ipfs/QmZMbn77sjUpAaw2448uERxZETvPWMEtUp9384PujBD2rd?,https://ipfs.feralfile.com/ipfs/QmUyM3becU59zTZdvCuwehVYkSnNT6xFrXQV1FtnNEcVRs?
Decentralized,In Medias Res,Waabanishimo: Miigaazh (She Dances Till Daylight: Fight) by Eve-Lauryn LaFountain,1ce507c4-7007-4dbb-a32c-46dfa9c8e70a,1ce507c4-7007-4dbb-a32c-46dfa9c8e70a,0x835dF7CC88D8BC51FCbb6a7FDED0BBE1ec020273,2517582246254990625947327841552489136603713499,200,0.58,,Waabanishimo: Miigaazh (She Dances Till Daylight: Fight) by Eve-Lauryn LaFountain,1ce507c4-7007-4dbb-a32c-46dfa9c8e70a,Waabanishimo: Miigaazh (She Dances Till Daylight: Fight) #28,https://ipfs.feralfile.com/ipfs/QmZWRZsknq4v3pKAPuJrcHp5bkSZnmxwRTAcStQehGffYo?,https://ipfs.feralfile.com/ipfs/QmdWPjxDCzVshStsnwrUrNL7RNbpMsPDwkDjHEtHHKRp2H?
Decentralized,In/Visible,UNTITLED by Arclight,0b221b59-2dfd-415e-9db7-0d580cb0c0da,0b221b59-2dfd-415e-9db7-0d580cb0c0da,0xfD9FdFAC71Bbc7DD5C7176644De7Fbfd1A6825ee,87549561048717905035922099205616963976986697172555076855607354064780017479014,200,0.45,,UNTITLED by Arclight,0b221b59-2dfd-415e-9db7-0d580cb0c0da,UNTITLED #40,https://ipfs.feralfile.com/ipfs/QmaoQNA1iz1BHF5Qd9WE4CSpg5QrRTRevfZ64ChZGonmHg?,
Decentralized,In/Visible,UNTITLED by Arclight,0b221b59-2dfd-415e-9db7-0d580cb0c0da,0b221b59-2dfd-415e-9db7-0d580cb0c0da,0xfD9FdFAC71Bbc7DD5C7176644De7Fbfd1A6825ee,87549561048717905035922099205616963976986697172555076855607354064780017479018,200,0.45,,UNTITLED by Arclight,0b221b59-2dfd-415e-9db7-0d580cb0c0da,UNTITLED #44,https://ipfs.feralfile.com/ipfs/QmaoQNA1iz1BHF5Qd9WE4CSpg5QrRTRevfZ64ChZGonmHg?,
Decentralized,In/Visible,UNTITLED by Arclight,0b221b59-2dfd-415e-9db7-0d580cb0c0da,0b221b59-2dfd-415e-9db7-0d580cb0c0da,0xfD9FdFAC71Bbc7DD5C7176644De7Fbfd1A6825ee,87549561048717905035922099205616963976986697172555076855607354064780017479022,200,0.44,,UNTITLED by Arclight,0b221b59-2dfd-415e-9db7-0d580cb0c0da,UNTITLED #48,https://ipfs.feralfile.com/ipfs/QmaoQNA1iz1BHF5Qd9WE4CSpg5QrRTRevfZ64ChZGonmHg?,
Decentralized,In/Visible,UNTITLED by Arclight,0b221b59-2dfd-415e-9db7-0d580cb0c0da,0b221b59-2dfd-415e-9db7-0d580cb0c0da,0xfD9FdFAC71Bbc7DD5C7176644De7Fbfd1A6825ee,87549561048717905035922099205616963976986697172555076855607354064780017478965,200,0.45,,UNTITLED by Arclight,0b221b59-2dfd-415e-9db7-0d580cb0c0da,UNTITLED AE,https://ipfs.feralfile.com/ipfs/QmaoQNA1iz1BHF5Qd9WE4CSpg5QrRTRevfZ64ChZGonmHg?,
Decentralized,In/Visible,UNTITLED by Arclight,0b221b59-2dfd-415e-9db7-0d580cb0c0da,0b221b59-2dfd-415e-9db7-0d580cb0c0da,0xfD9FdFAC71Bbc7DD5C7176644De7Fbfd1A6825ee,87549561048717905035922099205616963976986697172555076855607354064780017478969,200,0.45,,UNTITLED by Arclight,0b221b59-2dfd-415e-9db7-0d580cb0c0da,UNTITLED AE,https://ipfs.feralfile.com/ipfs/QmaoQNA1iz1BHF5Qd9WE4CSpg5QrRTRevfZ64ChZGonmHg?,
Decentralized,In/Visible,UNTITLED by Arclight,0b221b59-2dfd-415e-9db7-0d580cb0c0da,0b221b59-2dfd-415e-9db7-0d580cb0c0da,0xfD9FdFAC71Bbc7DD5C7176644De7Fbfd1A6825ee,87549561048717905035922099205616963976986697172555076855607354064780017478973,200,0.46,,UNTITLED by Arclight,0b221b59-2dfd-415e-9db7-0d580cb0c0da,UNTITLED AE,https://ipfs.feralfile.com/ipfs/QmaoQNA1iz1BHF5Qd9WE4CSpg5QrRTRevfZ64ChZGonmHg?,
Decentralized,In/Visible,UNTITLED by Arclight,0b221b59-2dfd-415e-9db7-0d580cb0c0da,0b221b59-2dfd-415e-9db7-0d580cb0c0da,0xfD9FdFAC71Bbc7DD5C7176644De7Fbfd1A6825ee,87549561048717905035922099205616963976986697172555076855607354064780017478977,200,0.45,,UNTITLED by Arclight,0b221b59-2dfd-415e-9db7-0d580cb0c0da,UNTITLED #3,https://ipfs.feralfile.com/ipfs/QmaoQNA1iz1BHF5Qd9WE4CSpg5QrRTRevfZ64ChZGonmHg?,
Decentralized,In/Visible,UNTITLED by Arclight,0b221b59-2dfd-415e-9db7-0d580cb0c0da,0b221b59-2dfd-415e-9db7-0d580cb0c0da,0xfD9FdFAC71Bbc7DD5C7176644De7Fbfd1A6825ee,87549561048717905035922099205616963976986697172555076855607354064780017478981,200,0.45,,UNTITLED by Arclight,0b221b59-2dfd-415e-9db7-0d580cb0c0da,UNTITLED #7,https://ipfs.feralfile.com/ipfs/QmaoQNA1iz1BHF5Qd9WE4CSpg5QrRTRevfZ64ChZGonmHg?,
Decentralized,In/Visible,UNTITLED by Arclight,0b221b59-2dfd-415e-9db7-0d580cb0c0da,0b221b59-2dfd-415e-9db7-0d580cb0c0da,0xfD9FdFAC71Bbc7DD5C7176644De7Fbfd1A6825ee,87549561048717905035922099205616963976986697172555076855607354064780017478985,200,0.45,,UNTITLED by Arclight,0b221b59-2dfd-415e-9db7-0d580cb0c0da,UNTITLED #11,https://ipfs.feralfile.com/ipfs/QmaoQNA1iz1BHF5Qd9WE4CSpg5QrRTRevfZ64ChZGonmHg?,
Decentralized,In/Visible,UNTITLED by Arclight,0b221b59-2dfd-415e-9db7-0d580cb0c0da,0b221b59-2dfd-415e-9db7-0d580cb0c0da,0xfD9FdFAC71Bbc7DD5C7176644De7Fbfd1A6825ee,87549561048717905035922099205616963976986697172555076855607354064780017478989,200,0.44,,UNTITLED by Arclight,0b221b59-2dfd-415e-9db7-0d580cb0c0da,UNTITLED #15,https://ipfs.feralfile.com/ipfs/QmaoQNA1iz1BHF5Qd9WE4CSpg5QrRTRevfZ64ChZGonmHg?,
Decentralized,In/Visible,Chez Jo by Linda Dounia,0fc999f8-144b-48c9-99e1-b1b6968cc29f,0fc999f8-144b-48c9-99e1-b1b6968cc29f,0xfD9FdFAC71Bbc7DD5C7176644De7Fbfd1A6825ee,59971026109497267027609616096128511975038723997719105847508979105447529198746,200,0.45,,Chez Jo by Linda Dounia,0fc999f8-144b-48c9-99e1-b1b6968cc29f,Chez Jo #40,https://ipfs.feralfile.com/ipfs/QmSkKmWWeGWpA2LA5jD7xy5MnJjFu6Vy198jsdYsokYnSx?,
Decentralized,In/Visible,Chez Jo by Linda Dounia,0fc999f8-144b-48c9-99e1-b1b6968cc29f,0fc999f8-144b-48c9-99e1-b1b6968cc29f,0xfD9FdFAC71Bbc7DD5C7176644De7Fbfd1A6825ee,59971026109497267027609616096128511975038723997719105847508979105447529198750,200,0.44,,Chez Jo by Linda Dounia,0fc999f8-144b-48c9-99e1-b1b6968cc29f,Chez Jo #44,https://ipfs.feralfile.com/ipfs/Qmezx46ENPtpCUfdV61zHFQuXcMDJaxtphWNyPgebHmtdc?,
Decentralized,In/Visible,Chez Jo by Linda Dounia,0fc999f8-144b-48c9-99e1-b1b6968cc29f,0fc999f8-144b-48c9-99e1-b1b6968cc29f,0xfD9FdFAC71Bbc7DD5C7176644De7Fbfd1A6825ee,59971026109497267027609616096128511975038723997719105847508979105447529198754,200,0.46,,Chez Jo by Linda Dounia,0fc999f8-144b-48c9-99e1-b1b6968cc29f,Chez Jo #48,https://ipfs.feralfile.com/ipfs/QmP7A1YpSd4k3729bMnnq9NnZLHUF634zUktiPg5Cx6hjb?,
Decentralized,In/Visible,Chez Jo by Linda Dounia,0fc999f8-144b-48c9-99e1-b1b6968cc29f,0fc999f8-144b-48c9-99e1-b1b6968cc29f,0xfD9FdFAC71Bbc7DD5C7176644De7Fbfd1A6825ee,59971026109497267027609616096128511975038723997719105847508979105447529198697,200,0.45,,Chez Jo by Linda Dounia,0fc999f8-144b-48c9-99e1-b1b6968cc29f,Chez Jo AE,https://ipfs.feralfile.com/ipfs/QmeA6GT25BqMqaUNtmwsx7pbVQQYMM1Zug84TPmaqsNdLV?,
Decentralized,In/Visible,Chez Jo by Linda Dounia,0fc999f8-144b-48c9-99e1-b1b6968cc29f,0fc999f8-144b-48c9-99e1-b1b6968cc29f,0xfD9FdFAC71Bbc7DD5C7176644De7Fbfd1A6825ee,59971026109497267027609616096128511975038723997719105847508979105447529198701,200,0.46,,Chez Jo by Linda Dounia,0fc999f8-144b-48c9-99e1-b1b6968cc29f,Chez Jo AE,https://ipfs.feralfile.com/ipfs/Qmd37EnoxwwmbVka1mKsNi3fgPS7d7v9iqs5u8N6aViQSy?,
Decentralized,In/Visible,Chez Jo by Linda Dounia,0fc999f8-144b-48c9-99e1-b1b6968cc29f,0fc999f8-144b-48c9-99e1-b1b6968cc29f,0xfD9FdFAC71Bbc7DD5C7176644De7Fbfd1A6825ee,59971026109497267027609616096128511975038723997719105847508979105447529198705,200,0.48,,Chez Jo by Linda Dounia,0fc999f8-144b-48c9-99e1-b1b6968cc29f,Chez Jo AE,https://ipfs.feralfile.com/ipfs/Qmb2vMVJj2uBhRbQ2rmAiXfzh8vD4PHnUByraZL6gkPB7X?,
Decentralized,In/Visible,Chez Jo by Linda Dounia,0fc999f8-144b-48c9-99e1-b1b6968cc29f,0fc999f8-144b-48c9-99e1-b1b6968cc29f,0xfD9FdFAC71Bbc7DD5C7176644De7Fbfd1A6825ee,59971026109497267027609616096128511975038723997719105847508979105447529198709,200,0.44,,Chez Jo by Linda Dounia,0fc999f8-144b-48c9-99e1-b1b6968cc29f,Chez Jo #3,https://ipfs.feralfile.com/ipfs/QmST5emfLE9HGwj8Sm9hLhHZaQZRqiZ3ZMpQDFDUnbcSXp?,
Decentralized,In/Visible,Chez Jo by Linda Dounia,0fc999f8-144b-48c9-99e1-b1b6968cc29f,0fc999f8-144b-48c9-99e1-b1b6968cc29f,0xfD9FdFAC71Bbc7DD5C7176644De7Fbfd1A6825ee,59971026109497267027609616096128511975038723997719105847508979105447529198713,200,0.45,,Chez Jo by Linda Dounia,0fc999f8-144b-48c9-99e1-b1b6968cc29f,Chez Jo #7,https://ipfs.feralfile.com/ipfs/Qmb3dVpdQxPLYHD6nbYYXUGRWUDZ5VsQvePMbnXrH9Pekk?,
Decentralized,In/Visible,Chez Jo by Linda Dounia,0fc999f8-144b-48c9-99e1-b1b6968cc29f,0fc999f8-144b-48c9-99e1-b1b6968cc29f,0xfD9FdFAC71Bbc7DD5C7176644De7Fbfd1A6825ee,59971026109497267027609616096128511975038723997719105847508979105447529198717,200,0.45,,Chez Jo by Linda Dounia,0fc999f8-144b-48c9-99e1-b1b6968cc29f,Chez Jo #11,https://ipfs.feralfile.com/ipfs/QmZMxdz6EZERRdyS5qqNtFzomMtvcEHRQ4Fc1VuVZxnis4?,
Decentralized,In/Visible,Chez Jo by Linda Dounia,0fc999f8-144b-48c9-99e1-b1b6968cc29f,0fc999f8-144b-48c9-99e1-b1b6968cc29f,0xfD9FdFAC71Bbc7DD5C7176644De7Fbfd1A6825ee,59971026109497267027609616096128511975038723997719105847508979105447529198721,200,0.45,,Chez Jo by Linda Dounia,0fc999f8-144b-48c9-99e1-b1b6968cc29f,Chez Jo #15,https://ipfs.feralfile.com/ipfs/QmVmvDBiaXDeU7zQm4ghXzq2B3sZUn39SsSUGD9gvehmz6?,
Decentralized,In/Visible,Proof of Spirit — Act II by AFROSCOPE,29c87f89-fd35-4294-8e26-3cdc022d00c6,29c87f89-fd35-4294-8e26-3cdc022d00c6,0xfD9FdFAC71Bbc7DD5C7176644De7Fbfd1A6825ee,46956077935019752956995614263019979076385931973876624253548542884421448021615,200,0.45,,Proof of Spirit — Act II by AFROSCOPE,29c87f89-fd35-4294-8e26-3cdc022d00c6,Proof of Spirit — Act II #40,https://ipfs.feralfile.com/ipfs/QmUPxK7wqJmrd11mH6sRVGB9YFwSfpNHyH97NNS3Dc12Kp?,
Decentralized,In/Visible,Proof of Spirit — Act II by AFROSCOPE,29c87f89-fd35-4294-8e26-3cdc022d00c6,29c87f89-fd35-4294-8e26-3cdc022d00c6,0xfD9FdFAC71Bbc7DD5C7176644De7Fbfd1A6825ee,46956077935019752956995614263019979076385931973876624253548542884421448021619,200,0.45,,Proof of Spirit — Act II by AFROSCOPE,29c87f89-fd35-4294-8e26-3cdc022d00c6,Proof of Spirit — Act II #44,https://ipfs.feralfile.com/ipfs/Qmbnm6R6e1xx3E1v4zxFtTZRC32QfmXsQkCvTmgJdaUgHy?,
Decentralized,In/Visible,Proof of Spirit — Act II by AFROSCOPE,29c87f89-fd35-4294-8e26-3cdc022d00c6,29c87f89-fd35-4294-8e26-3cdc022d00c6,0xfD9FdFAC71Bbc7DD5C7176644De7Fbfd1A6825ee,46956077935019752956995614263019979076385931973876624253548542884421448021623,200,0.45,,Proof of Spirit — Act II by AFROSCOPE,29c87f89-fd35-4294-8e26-3cdc022d00c6,Proof of Spirit — Act II #48,https://ipfs.feralfile.com/ipfs/QmQcPiky5YS75hwXW69spg4MXCKyrzqRDzrN1t3ev5GhdG?,
Decentralized,In/Visible,Proof of Spirit — Act II by AFROSCOPE,29c87f89-fd35-4294-8e26-3cdc022d00c6,29c87f89-fd35-4294-8e26-3cdc022d00c6,0xfD9FdFAC71Bbc7DD5C7176644De7Fbfd1A6825ee,46956077935019752956995614263019979076385931973876624253548542884421448021566,200,0.46,,Proof of Spirit — Act II by AFROSCOPE,29c87f89-fd35-4294-8e26-3cdc022d00c6,Proof of Spirit — Act II AE,https://ipfs.feralfile.com/ipfs/Qmf3wC1JPn63KWfdEm42kTXUgv8kyxSLuSykAitYNABVRd?,
Decentralized,In/Visible,Proof of Spirit — Act II by AFROSCOPE,29c87f89-fd35-4294-8e26-3cdc022d00c6,29c87f89-fd35-4294-8e26-3cdc022d00c6,0xfD9FdFAC71Bbc7DD5C7176644De7Fbfd1A6825ee,46956077935019752956995614263019979076385931973876624253548542884421448021570,200,0.45,,Proof of Spirit — Act II by AFROSCOPE,29c87f89-fd35-4294-8e26-3cdc022d00c6,Proof of Spirit — Act II AE,https://ipfs.feralfile.com/ipfs/QmVKgHTP9P6QuV3vEdVLSYJ4sqGqfcXtLnsrVpP222PyTN?,
Decentralized,In/Visible,Proof of Spirit — Act II by AFROSCOPE,29c87f89-fd35-4294-8e26-3cdc022d00c6,29c87f89-fd35-4294-8e26-3cdc022d00c6,0xfD9FdFAC71Bbc7DD5C7176644De7Fbfd1A6825ee,46956077935019752956995614263019979076385931973876624253548542884421448021574,200,0.46,,Proof of Spirit — Act II by AFROSCOPE,29c87f89-fd35-4294-8e26-3cdc022d00c6,Proof of Spirit — Act II AE,https://ipfs.feralfile.com/ipfs/QmU9DdhcKxeSXXdKhgwzEEvGECJae4hmaWbJZnDjuc6Aq2?,
Decentralized,In/Visible,Proof of Spirit — Act II by AFROSCOPE,29c87f89-fd35-4294-8e26-3cdc022d00c6,29c87f89-fd35-4294-8e26-3cdc022d00c6,0xfD9FdFAC71Bbc7DD5C7176644De7Fbfd1A6825ee,46956077935019752956995614263019979076385931973876624253548542884421448021578,200,0.46,,Proof of Spirit — Act II by AFROSCOPE,29c87f89-fd35-4294-8e26-3cdc022d00c6,Proof of Spirit — Act II #3,https://ipfs.feralfile.com/ipfs/QmdMv3FdEnEwV4SK7We4AXCRfFFRqpcHALB8DmqfrkrQbD?,
Decentralized,In/Visible,Proof of Spirit — Act II by AFROSCOPE,29c87f89-fd35-4294-8e26-3cdc022d00c6,29c87f89-fd35-4294-8e26-3cdc022d00c6,0xfD9FdFAC71Bbc7DD5C7176644De7Fbfd1A6825ee,46956077935019752956995614263019979076385931973876624253548542884421448021582,200,0.46,,Proof of Spirit — Act II by AFROSCOPE,29c87f89-fd35-4294-8e26-3cdc022d00c6,Proof of Spirit — Act II #7,https://ipfs.feralfile.com/ipfs/QmPwZipcw8e7er9Xan3TSGbVMRsGfXAogoy7PjcwAbFtBu?,
Decentralized,In/Visible,Proof of Spirit — Act II by AFROSCOPE,29c87f89-fd35-4294-8e26-3cdc022d00c6,29c87f89-fd35-4294-8e26-3cdc022d00c6,0xfD9FdFAC71Bbc7DD5C7176644De7Fbfd1A6825ee,46956077935019752956995614263019979076385931973876624253548542884421448021586,200,0.45,,Proof of Spirit — Act II by AFROSCOPE,29c87f89-fd35-4294-8e26-3cdc022d00c6,Proof of Spirit — Act II #11,https://ipfs.feralfile.com/ipfs/QmRiEH6PgRNLyGnkHNFpHkhunZqTrFu6nkHe9Ci4NqnrbU?,
Decentralized,In/Visible,Proof of Spirit — Act II by AFROSCOPE,29c87f89-fd35-4294-8e26-3cdc022d00c6,29c87f89-fd35-4294-8e26-3cdc022d00c6,0xfD9FdFAC71Bbc7DD5C7176644De7Fbfd1A6825ee,46956077935019752956995614263019979076385931973876624253548542884421448021590,200,0.45,,Proof of Spirit — Act II by AFROSCOPE,29c87f89-fd35-4294-8e26-3cdc022d00c6,Proof of Spirit — Act II #15,https://ipfs.feralfile.com/ipfs/QmXBC7qcFQ9nukBTaeWeSwFpCQpSTk5af7nJj7mASMnPUB?,
Decentralized,In/Visible,Confetti by Nygilia,3984aa55-0f95-4d0c-a612-bec090616795,3984aa55-0f95-4d0c-a612-bec090616795,0xfD9FdFAC71Bbc7DD5C7176644De7Fbfd1A6825ee,40505119897120289649982421004897350543529922520962892390724549961287068683614,200,0.45,,Confetti by Nygilia,3984aa55-0f95-4d0c-a612-bec090616795,Confetti #40,https://ipfs.feralfile.com/ipfs/QmZifHqTWBewHMmDzTaaB2CC5x2dbw2jBHX55joWWLD8w7?,https://ipfs.feralfile.com/ipfs/QmeioAmPH27DtiErXLjJ2yCGxcspCjiiToMvrrGKxG3U71?
Decentralized,In/Visible,Confetti by Nygilia,3984aa55-0f95-4d0c-a612-bec090616795,3984aa55-0f95-4d0c-a612-bec090616795,0xfD9FdFAC71Bbc7DD5C7176644De7Fbfd1A6825ee,40505119897120289649982421004897350543529922520962892390724549961287068683618,200,0.45,,Confetti by Nygilia,3984aa55-0f95-4d0c-a612-bec090616795,Confetti #44,https://ipfs.feralfile.com/ipfs/QmUpiZkz3KaKXxqous9PXSSt7vCkQRktfoWZ4mmFmV3ffM?,https://ipfs.feralfile.com/ipfs/QmWgSpesFQu9G7kMEDZBE9omXk22RuQMxjspX6qmeXcHqH?
Decentralized,In/Visible,Confetti by Nygilia,3984aa55-0f95-4d0c-a612-bec090616795,3984aa55-0f95-4d0c-a612-bec090616795,0xfD9FdFAC71Bbc7DD5C7176644De7Fbfd1A6825ee,40505119897120289649982421004897350543529922520962892390724549961287068683622,200,0.46,,Confetti by Nygilia,3984aa55-0f95-4d0c-a612-bec090616795,Confetti #48,https://ipfs.feralfile.com/ipfs/QmaBieSwzD4muZfDXs15K3brULoYEjG7XPcqCU1cBbg6o4?,https://ipfs.feralfile.com/ipfs/Qmcts3je7iYMztEumcWjXhG7Xw8iLr3BMc8Gf5Zrs83if8?
Decentralized,In/Visible,Confetti by Nygilia,3984aa55-0f95-4d0c-a612-bec090616795,3984aa55-0f95-4d0c-a612-bec090616795,0xfD9FdFAC71Bbc7DD5C7176644De7Fbfd1A6825ee,40505119897120289649982421004897350543529922520962892390724549961287068683565,200,0.46,,Confetti by Nygilia,3984aa55-0f95-4d0c-a612-bec090616795,Confetti AE,https://ipfs.feralfile.com/ipfs/QmPGtCa6o9kQzszWakz3wu2ARSj2A2tRkZ4eAmwNFzao59?,https://ipfs.feralfile.com/ipfs/Qmcs6h7KAa3f4CAsHYph3HeckgzLrQKoeveFEw3yXLxqPq?
Decentralized,In/Visible,Confetti by Nygilia,3984aa55-0f95-4d0c-a612-bec090616795,3984aa55-0f95-4d0c-a612-bec090616795,0xfD9FdFAC71Bbc7DD5C7176644De7Fbfd1A6825ee,40505119897120289649982421004897350543529922520962892390724549961287068683569,200,0.45,,Confetti by Nygilia,3984aa55-0f95-4d0c-a612-bec090616795,Confetti AE,https://ipfs.feralfile.com/ipfs/QmXUG81H1sbRfzFi2EADuQ1mvVxMzUU3hBmS2yeFrxLcrJ?,https://ipfs.feralfile.com/ipfs/QmS2BywuZ7Vf8DdNEB1hrw8oQChMFxUq3UFKBxNUvzLJy2?
Decentralized,In/Visible,Confetti by Nygilia,3984aa55-0f95-4d0c-a612-bec090616795,3984aa55-0f95-4d0c-a612-bec090616795,0xfD9FdFAC71Bbc7DD5C7176644De7Fbfd1A6825ee,40505119897120289649982421004897350543529922520962892390724549961287068683573,200,0.46,,Confetti by Nygilia,3984aa55-0f95-4d0c-a612-bec090616795,Confetti AE,https://ipfs.feralfile.com/ipfs/QmU3qyEHCUv4DDurqsB8h3RLujb416bJohFjSBMvHJgV5D?,https://ipfs.feralfile.com/ipfs/QmTnWo6xdDyanuxuWgGcatscWix8Fvr7y4KvHZ1o11YKsR?
Decentralized,In/Visible,Confetti by Nygilia,3984aa55-0f95-4d0c-a612-bec090616795,3984aa55-0f95-4d0c-a612-bec090616795,0xfD9FdFAC71Bbc7DD5C7176644De7Fbfd1A6825ee,40505119897120289649982421004897350543529922520962892390724549961287068683577,200,0.45,,Confetti by Nygilia,3984aa55-0f95-4d0c-a612-bec090616795,Confetti #3,https://ipfs.feralfile.com/ipfs/QmRjbw6gVKn99GjZkw2yaj9ncvjrFoZcNhQgxTnNNtHrYW?,https://ipfs.feralfile.com/ipfs/QmX1XG1ap3CVnekXvczQ8qtaAoCqhwyydMqNxuzbc3XkW9?
Decentralized,In/Visible,Confetti by Nygilia,3984aa55-0f95-4d0c-a612-bec090616795,3984aa55-0f95-4d0c-a612-bec090616795,0xfD9FdFAC71Bbc7DD5C7176644De7Fbfd1A6825ee,40505119897120289649982421004897350543529922520962892390724549961287068683581,200,0.47,,Confetti by Nygilia,3984aa55-0f95-4d0c-a612-bec090616795,Confetti #7,https://ipfs.feralfile.com/ipfs/QmR6zF4DvfWe11pyPQSHYEgwcH7MMbeXmvxQG9ZpUeUq8v?,https://ipfs.feralfile.com/ipfs/QmYCDvdww8SwXqZDC5Bpqty3dZXQpVD5FTi4mvoSjM7AP6?
Decentralized,In/Visible,Confetti by Nygilia,3984aa55-0f95-4d0c-a612-bec090616795,3984aa55-0f95-4d0c-a612-bec090616795,0xfD9FdFAC71Bbc7DD5C7176644De7Fbfd1A6825ee,40505119897120289649982421004897350543529922520962892390724549961287068683585,200,0.45,,Confetti by Nygilia,3984aa55-0f95-4d0c-a612-bec090616795,Confetti #11,https://ipfs.feralfile.com/ipfs/QmW5ndZYJk9HpeBaUvssXyRrANAABsDjMXtXeLxLvQTkbM?,https://ipfs.feralfile.com/ipfs/QmPLnQJ132pjGbuVjeUFYu9VeNJkoTJj9VitjY8bEf3PRa?
Decentralized,In/Visible,Confetti by Nygilia,3984aa55-0f95-4d0c-a612-bec090616795,3984aa55-0f95-4d0c-a612-bec090616795,0xfD9FdFAC71Bbc7DD5C7176644De7Fbfd1A6825ee,40505119897120289649982421004897350543529922520962892390724549961287068683589,200,0.45,,Confetti by Nygilia,3984aa55-0f95-4d0c-a612-bec090616795,Confetti #15,https://ipfs.feralfile.com/ipfs/QmQmA57U2e8ktAowjoC9TWnx3ka1KFDGnXCUGNFW43sqrZ?,https://ipfs.feralfile.com/ipfs/QmTcDuXTQD7NmjSREC5yx7yoEAU2gLTcWGm4drpkBbiVPu?
Decentralized,In/Visible,PERCEIVED by Serwah Attafuah,49766925-db57-4be6-956d-af5aaa26cda5,49766925-db57-4be6-956d-af5aaa26cda5,0xfD9FdFAC71Bbc7DD5C7176644De7Fbfd1A6825ee,20922346685702097407814670893132207920345695821965431989108645703704720435964,200,0.45,,PERCEIVED by Serwah Attafuah,49766925-db57-4be6-956d-af5aaa26cda5,PERCEIVED #40,https://ipfs.feralfile.com/ipfs/QmXzzoyeTpC1wPSFuCNQsLTUsr8Cn1nHBTUX8aDoLCGqyn?,
Decentralized,In/Visible,PERCEIVED by Serwah Attafuah,49766925-db57-4be6-956d-af5aaa26cda5,49766925-db57-4be6-956d-af5aaa26cda5,0xfD9FdFAC71Bbc7DD5C7176644De7Fbfd1A6825ee,20922346685702097407814670893132207920345695821965431989108645703704720435968,200,0.44,,PERCEIVED by Serwah Attafuah,49766925-db57-4be6-956d-af5aaa26cda5,PERCEIVED #44,https://ipfs.feralfile.com/ipfs/QmXzzoyeTpC1wPSFuCNQsLTUsr8Cn1nHBTUX8aDoLCGqyn?,
Decentralized,In/Visible,PERCEIVED by Serwah Attafuah,49766925-db57-4be6-956d-af5aaa26cda5,49766925-db57-4be6-956d-af5aaa26cda5,0xfD9FdFAC71Bbc7DD5C7176644De7Fbfd1A6825ee,20922346685702097407814670893132207920345695821965431989108645703704720435972,200,0.46,,PERCEIVED by Serwah Attafuah,49766925-db57-4be6-956d-af5aaa26cda5,PERCEIVED #48,https://ipfs.feralfile.com/ipfs/QmXzzoyeTpC1wPSFuCNQsLTUsr8Cn1nHBTUX8aDoLCGqyn?,
Decentralized,In/Visible,PERCEIVED by Serwah Attafuah,49766925-db57-4be6-956d-af5aaa26cda5,49766925-db57-4be6-956d-af5aaa26cda5,0xfD9FdFAC71Bbc7DD5C7176644De7Fbfd1A6825ee,20922346685702097407814670893132207920345695821965431989108645703704720435915,200,0.45,,PERCEIVED by Serwah Attafuah,49766925-db57-4be6-956d-af5aaa26cda5,PERCEIVED AE,https://ipfs.feralfile.com/ipfs/QmXzzoyeTpC1wPSFuCNQsLTUsr8Cn1nHBTUX8aDoLCGqyn?,
Decentralized,In/Visible,PERCEIVED by Serwah Attafuah,49766925-db57-4be6-956d-af5aaa26cda5,49766925-db57-4be6-956d-af5aaa26cda5,0xfD9FdFAC71Bbc7DD5C7176644De7Fbfd1A6825ee,20922346685702097407814670893132207920345695821965431989108645703704720435919,200,0.44,,PERCEIVED by Serwah Attafuah,49766925-db57-4be6-956d-af5aaa26cda5,PERCEIVED AE,https://ipfs.feralfile.com/ipfs/QmXzzoyeTpC1wPSFuCNQsLTUsr8Cn1nHBTUX8aDoLCGqyn?,
Decentralized,In/Visible,PERCEIVED by Serwah Attafuah,49766925-db57-4be6-956d-af5aaa26cda5,49766925-db57-4be6-956d-af5aaa26cda5,0xfD9FdFAC71Bbc7DD5C7176644De7Fbfd1A6825ee,20922346685702097407814670893132207920345695821965431989108645703704720435923,200,0.46,,PERCEIVED by Serwah Attafuah,49766925-db57-4be6-956d-af5aaa26cda5,PERCEIVED AE,https://ipfs.feralfile.com/ipfs/QmXzzoyeTpC1wPSFuCNQsLTUsr8Cn1nHBTUX8aDoLCGqyn?,
Decentralized,In/Visible,PERCEIVED by Serwah Attafuah,49766925-db57-4be6-956d-af5aaa26cda5,49766925-db57-4be6-956d-af5aaa26cda5,0xfD9FdFAC71Bbc7DD5C7176644De7Fbfd1A6825ee,20922346685702097407814670893132207920345695821965431989108645703704720435927,200,0.45,,PERCEIVED by Serwah Attafuah,49766925-db57-4be6-956d-af5aaa26cda5,PERCEIVED #3,https://ipfs.feralfile.com/ipfs/QmXzzoyeTpC1wPSFuCNQsLTUsr8Cn1nHBTUX8aDoLCGqyn?,
Decentralized,In/Visible,PERCEIVED by Serwah Attafuah,49766925-db57-4be6-956d-af5aaa26cda5,49766925-db57-4be6-956d-af5aaa26cda5,0xfD9FdFAC71Bbc7DD5C7176644De7Fbfd1A6825ee,20922346685702097407814670893132207920345695821965431989108645703704720435931,200,0.44,,PERCEIVED by Serwah Attafuah,49766925-db57-4be6-956d-af5aaa26cda5,PERCEIVED #7,https://ipfs.feralfile.com/ipfs/QmXzzoyeTpC1wPSFuCNQsLTUsr8Cn1nHBTUX8aDoLCGqyn?,
Decentralized,In/Visible,PERCEIVED by Serwah Attafuah,49766925-db57-4be6-956d-af5aaa26cda5,49766925-db57-4be6-956d-af5aaa26cda5,0xfD9FdFAC71Bbc7DD5C7176644De7Fbfd1A6825ee,20922346685702097407814670893132207920345695821965431989108645703704720435935,200,0.46,,PERCEIVED by Serwah Attafuah,49766925-db57-4be6-956d-af5aaa26cda5,PERCEIVED #11,https://ipfs.feralfile.com/ipfs/QmXzzoyeTpC1wPSFuCNQsLTUsr8Cn1nHBTUX8aDoLCGqyn?,
Decentralized,In/Visible,PERCEIVED by Serwah Attafuah,49766925-db57-4be6-956d-af5aaa26cda5,49766925-db57-4be6-956d-af5aaa26cda5,0xfD9FdFAC71Bbc7DD5C7176644De7Fbfd1A6825ee,20922346685702097407814670893132207920345695821965431989108645703704720435939,200,0.45,,PERCEIVED by Serwah Attafuah,49766925-db57-4be6-956d-af5aaa26cda5,PERCEIVED #15,https://ipfs.feralfile.com/ipfs/QmXzzoyeTpC1wPSFuCNQsLTUsr8Cn1nHBTUX8aDoLCGqyn?,
Decentralized,In/Visible,The Idunnos by Jah.,54adc6ea-44e7-4ba2-b9d0-a5f834f40d50,54adc6ea-44e7-4ba2-b9d0-a5f834f40d50,0xfD9FdFAC71Bbc7DD5C7176644De7Fbfd1A6825ee,77625808836052132697527391303384960596079586883302903876353296255556009151288,200,0.45,,The Idunnos by Jah.,54adc6ea-44e7-4ba2-b9d0-a5f834f40d50,The Idunnos #40,https://ipfs.feralfile.com/ipfs/QmPgAuvBwVfDmvw2Vceq2cXnoa1s4ePZ59E3Z2Mf658dtv?,
Decentralized,In/Visible,The Idunnos by Jah.,54adc6ea-44e7-4ba2-b9d0-a5f834f40d50,54adc6ea-44e7-4ba2-b9d0-a5f834f40d50,0xfD9FdFAC71Bbc7DD5C7176644De7Fbfd1A6825ee,77625808836052132697527391303384960596079586883302903876353296255556009151292,200,0.45,,The Idunnos by Jah.,54adc6ea-44e7-4ba2-b9d0-a5f834f40d50,The Idunnos #44,https://ipfs.feralfile.com/ipfs/QmQw7jekwzJmTuFJ5wNddcnoudaH9VxFxGttxDpebFCSvV?,
Decentralized,In/Visible,The Idunnos by Jah.,54adc6ea-44e7-4ba2-b9d0-a5f834f40d50,54adc6ea-44e7-4ba2-b9d0-a5f834f40d50,0xfD9FdFAC71Bbc7DD5C7176644De7Fbfd1A6825ee,77625808836052132697527391303384960596079586883302903876353296255556009151296,200,0.45,,The Idunnos by Jah.,54adc6ea-44e7-4ba2-b9d0-a5f834f40d50,The Idunnos #48,https://ipfs.feralfile.com/ipfs/QmTdURCw6AEQ1vnp3xbb6xFqFMXPcEG8cpUSttND3AtX5T?,
Decentralized,In/Visible,The Idunnos by Jah.,54adc6ea-44e7-4ba2-b9d0-a5f834f40d50,54adc6ea-44e7-4ba2-b9d0-a5f834f40d50,0xfD9FdFAC71Bbc7DD5C7176644De7Fbfd1A6825ee,77625808836052132697527391303384960596079586883302903876353296255556009151239,200,0.45,,The Idunnos by Jah.,54adc6ea-44e7-4ba2-b9d0-a5f834f40d50,The Idunnos AE,https://ipfs.feralfile.com/ipfs/QmeGBURF4wgWPLEY298NTqK667ZfqPRDpN5nPRS537Wg8J?,
Decentralized,In/Visible,The Idunnos by Jah.,54adc6ea-44e7-4ba2-b9d0-a5f834f40d50,54adc6ea-44e7-4ba2-b9d0-a5f834f40d50,0xfD9FdFAC71Bbc7DD5C7176644De7Fbfd1A6825ee,77625808836052132697527391303384960596079586883302903876353296255556009151243,200,0.46,,The Idunnos by Jah.,54adc6ea-44e7-4ba2-b9d0-a5f834f40d50,The Idunnos AE,https://ipfs.feralfile.com/ipfs/QmcM8FNLm7RvmRaRik7pDFJTDmZj3T9AsAx1R75w6mGP3H?,
Decentralized,In/Visible,The Idunnos by Jah.,54adc6ea-44e7-4ba2-b9d0-a5f834f40d50,54adc6ea-44e7-4ba2-b9d0-a5f834f40d50,0xfD9FdFAC71Bbc7DD5C7176644De7Fbfd1A6825ee,77625808836052132697527391303384960596079586883302903876353296255556009151247,200,0.45,,The Idunnos by Jah.,54adc6ea-44e7-4ba2-b9d0-a5f834f40d50,The Idunnos AE,https://ipfs.feralfile.com/ipfs/QmfKnBoXyidWfgH7hZGtau5Lkocnyvcu4PdizGcyr1WqXV?,
Decentralized,In/Visible,The Idunnos by Jah.,54adc6ea-44e7-4ba2-b9d0-a5f834f40d50,54adc6ea-44e7-4ba2-b9d0-a5f834f40d50,0xfD9FdFAC71Bbc7DD5C7176644De7Fbfd1A6825ee,77625808836052132697527391303384960596079586883302903876353296255556009151251,200,0.45,,The Idunnos by Jah.,54adc6ea-44e7-4ba2-b9d0-a5f834f40d50,The Idunnos #3,https://ipfs.feralfile.com/ipfs/QmQAUwdu9sYkhGaFY2L3KRPVzasdP5dcqk6YBQHaryoWyM?,
Decentralized,In/Visible,The Idunnos by Jah.,54adc6ea-44e7-4ba2-b9d0-a5f834f40d50,54adc6ea-44e7-4ba2-b9d0-a5f834f40d50,0xfD9FdFAC71Bbc7DD5C7176644De7Fbfd1A6825ee,77625808836052132697527391303384960596079586883302903876353296255556009151255,200,0.46,,The Idunnos by Jah.,54adc6ea-44e7-4ba2-b9d0-a5f834f40d50,The Idunnos #7,https://ipfs.feralfile.com/ipfs/QmeBacb8AwrW5Bdog3Vh9vYQiWgoUFdk36ucz4mNjmgomA?,
Decentralized,In/Visible,The Idunnos by Jah.,54adc6ea-44e7-4ba2-b9d0-a5f834f40d50,54adc6ea-44e7-4ba2-b9d0-a5f834f40d50,0xfD9FdFAC71Bbc7DD5C7176644De7Fbfd1A6825ee,77625808836052132697527391303384960596079586883302903876353296255556009151259,200,0.44,,The Idunnos by Jah.,54adc6ea-44e7-4ba2-b9d0-a5f834f40d50,The Idunnos #11,https://ipfs.feralfile.com/ipfs/QmNifmwWSTshHrysojVuGJSC6t88aWxBBtKLsA1M8uSj6j?,
Decentralized,In/Visible,The Idunnos by Jah.,54adc6ea-44e7-4ba2-b9d0-a5f834f40d50,54adc6ea-44e7-4ba2-b9d0-a5f834f40d50,0xfD9FdFAC71Bbc7DD5C7176644De7Fbfd1A6825ee,77625808836052132697527391303384960596079586883302903876353296255556009151263,200,0.46,,The Idunnos by Jah.,54adc6ea-44e7-4ba2-b9d0-a5f834f40d50,The Idunnos #15,https://ipfs.feralfile.com/ipfs/QmfDPnThJdFTNUt1CN4mLwRbsfZ5c7pRWiHsAcNdhCrUTN?,
Decentralized,In/Visible,Cities and spaceships by Rayan Elnayal,5810d154-74d0-4933-9073-554beaae1baf,5810d154-74d0-4933-9073-554beaae1baf,0xfD9FdFAC71Bbc7DD5C7176644De7Fbfd1A6825ee,57384734679901811201602120957931683334753168221948391540287630564586523555039,200,0.44,,Cities and spaceships by Rayan Elnayal,5810d154-74d0-4933-9073-554beaae1baf,Cities and spaceships #40,https://ipfs.feralfile.com/ipfs/QmVzBWJe2dey6pg3ZBdCK6GkneW9A6wi4hK6FjPJPgUWrt?,
Decentralized,In/Visible,Cities and spaceships by Rayan Elnayal,5810d154-74d0-4933-9073-554beaae1baf,5810d154-74d0-4933-9073-554beaae1baf,0xfD9FdFAC71Bbc7DD5C7176644De7Fbfd1A6825ee,57384734679901811201602120957931683334753168221948391540287630564586523555043,200,0.47,,Cities and spaceships by Rayan Elnayal,5810d154-74d0-4933-9073-554beaae1baf,Cities and spaceships #44,https://ipfs.feralfile.com/ipfs/QmVzBWJe2dey6pg3ZBdCK6GkneW9A6wi4hK6FjPJPgUWrt?,
Decentralized,In/Visible,Cities and spaceships by Rayan Elnayal,5810d154-74d0-4933-9073-554beaae1baf,5810d154-74d0-4933-9073-554beaae1baf,0xfD9FdFAC71Bbc7DD5C7176644De7Fbfd1A6825ee,57384734679901811201602120957931683334753168221948391540287630564586523555047,200,0.45,,Cities and spaceships by Rayan Elnayal,5810d154-74d0-4933-9073-554beaae1baf,Cities and spaceships #48,https://ipfs.feralfile.com/ipfs/QmVzBWJe2dey6pg3ZBdCK6GkneW9A6wi4hK6FjPJPgUWrt?,
Decentralized,In/Visible,Cities and spaceships by Rayan Elnayal,5810d154-74d0-4933-9073-554beaae1baf,5810d154-74d0-4933-9073-554beaae1baf,0xfD9FdFAC71Bbc7DD5C7176644De7Fbfd1A6825ee,57384734679901811201602120957931683334753168221948391540287630564586523554990,200,0.45,,Cities and spaceships by Rayan Elnayal,5810d154-74d0-4933-9073-554beaae1baf,Cities and spaceships AE,https://ipfs.feralfile.com/ipfs/QmVzBWJe2dey6pg3ZBdCK6GkneW9A6wi4hK6FjPJPgUWrt?,
Decentralized,In/Visible,Cities and spaceships by Rayan Elnayal,5810d154-74d0-4933-9073-554beaae1baf,5810d154-74d0-4933-9073-554beaae1baf,0xfD9FdFAC71Bbc7DD5C7176644De7Fbfd1A6825ee,57384734679901811201602120957931683334753168221948391540287630564586523554994,200,0.46,,Cities and spaceships by Rayan Elnayal,5810d154-74d0-4933-9073-554beaae1baf,Cities and spaceships AE,https://ipfs.feralfile.com/ipfs/QmVzBWJe2dey6pg3ZBdCK6GkneW9A6wi4hK6FjPJPgUWrt?,
Decentralized,In/Visible,Cities and spaceships by Rayan Elnayal,5810d154-74d0-4933-9073-554beaae1baf,5810d154-74d0-4933-9073-554beaae1baf,0xfD9FdFAC71Bbc7DD5C7176644De7Fbfd1A6825ee,57384734679901811201602120957931683334753168221948391540287630564586523554998,200,0.45,,Cities and spaceships by Rayan Elnayal,5810d154-74d0-4933-9073-554beaae1baf,Cities and spaceships AE,https://ipfs.feralfile.com/ipfs/QmVzBWJe2dey6pg3ZBdCK6GkneW9A6wi4hK6FjPJPgUWrt?,
Decentralized,In/Visible,Cities and spaceships by Rayan Elnayal,5810d154-74d0-4933-9073-554beaae1baf,5810d154-74d0-4933-9073-554beaae1baf,0xfD9FdFAC71Bbc7DD5C7176644De7Fbfd1A6825ee,57384734679901811201602120957931683334753168221948391540287630564586523555002,200,0.44,,Cities and spaceships by Rayan Elnayal,5810d154-74d0-4933-9073-554beaae1baf,Cities and spaceships #3,https://ipfs.feralfile.com/ipfs/QmVzBWJe2dey6pg3ZBdCK6GkneW9A6wi4hK6FjPJPgUWrt?,
Decentralized,In/Visible,Cities and spaceships by Rayan Elnayal,5810d154-74d0-4933-9073-554beaae1baf,5810d154-74d0-4933-9073-554beaae1baf,0xfD9FdFAC71Bbc7DD5C7176644De7Fbfd1A6825ee,57384734679901811201602120957931683334753168221948391540287630564586523555006,200,0.44,,Cities and spaceships by Rayan Elnayal,5810d154-74d0-4933-9073-554beaae1baf,Cities and spaceships #7,https://ipfs.feralfile.com/ipfs/QmVzBWJe2dey6pg3ZBdCK6GkneW9A6wi4hK6FjPJPgUWrt?,
Decentralized,In/Visible,Cities and spaceships by Rayan Elnayal,5810d154-74d0-4933-9073-554beaae1baf,5810d154-74d0-4933-9073-554beaae1baf,0xfD9FdFAC71Bbc7DD5C7176644De7Fbfd1A6825ee,57384734679901811201602120957931683334753168221948391540287630564586523555010,200,0.46,,Cities and spaceships by Rayan Elnayal,5810d154-74d0-4933-9073-554beaae1baf,Cities and spaceships #11,https://ipfs.feralfile.com/ipfs/QmVzBWJe2dey6pg3ZBdCK6GkneW9A6wi4hK6FjPJPgUWrt?,
Decentralized,In/Visible,Cities and spaceships by Rayan Elnayal,5810d154-74d0-4933-9073-554beaae1baf,5810d154-74d0-4933-9073-554beaae1baf,0xfD9FdFAC71Bbc7DD5C7176644De7Fbfd1A6825ee,57384734679901811201602120957931683334753168221948391540287630564586523555014,200,0.45,,Cities and spaceships by Rayan Elnayal,5810d154-74d0-4933-9073-554beaae1baf,Cities and spaceships #15,https://ipfs.feralfile.com/ipfs/QmVzBWJe2dey6pg3ZBdCK6GkneW9A6wi4hK6FjPJPgUWrt?,
Decentralized,In/Visible,Blonde Braids Study II by Minne Atairu,94f4a7aa-833f-44fd-8047-101faee9cb4d,94f4a7aa-833f-44fd-8047-101faee9cb4d,0xfD9FdFAC71Bbc7DD5C7176644De7Fbfd1A6825ee,109698176792784266872728233504908651038149947468500265031716790231580826261464,200,0.45,,Blonde Braids Study II by Minne Atairu,94f4a7aa-833f-44fd-8047-101faee9cb4d,Blonde Braids Study II #40,https://ipfs.feralfile.com/ipfs/QmaVr6T9LEamDQkHdLS6Hgen8kyCWAHXK7QpkKbToUVa1U?,
Decentralized,In/Visible,Blonde Braids Study II by Minne Atairu,94f4a7aa-833f-44fd-8047-101faee9cb4d,94f4a7aa-833f-44fd-8047-101faee9cb4d,0xfD9FdFAC71Bbc7DD5C7176644De7Fbfd1A6825ee,109698176792784266872728233504908651038149947468500265031716790231580826261468,200,0.46,,Blonde Braids Study II by Minne Atairu,94f4a7aa-833f-44fd-8047-101faee9cb4d,Blonde Braids Study II #44,https://ipfs.feralfile.com/ipfs/QmaVr6T9LEamDQkHdLS6Hgen8kyCWAHXK7QpkKbToUVa1U?,
Decentralized,In/Visible,Blonde Braids Study II by Minne Atairu,94f4a7aa-833f-44fd-8047-101faee9cb4d,94f4a7aa-833f-44fd-8047-101faee9cb4d,0xfD9FdFAC71Bbc7DD5C7176644De7Fbfd1A6825ee,109698176792784266872728233504908651038149947468500265031716790231580826261472,200,0.45,,Blonde Braids Study II by Minne Atairu,94f4a7aa-833f-44fd-8047-101faee9cb4d,Blonde Braids Study II #48,https://ipfs.feralfile.com/ipfs/QmaVr6T9LEamDQkHdLS6Hgen8kyCWAHXK7QpkKbToUVa1U?,
Decentralized,In/Visible,Blonde Braids Study II by Minne Atairu,94f4a7aa-833f-44fd-8047-101faee9cb4d,94f4a7aa-833f-44fd-8047-101faee9cb4d,0xfD9FdFAC71Bbc7DD5C7176644De7Fbfd1A6825ee,109698176792784266872728233504908651038149947468500265031716790231580826261415,200,0.45,,Blonde Braids Study II by Minne Atairu,94f4a7aa-833f-44fd-8047-101faee9cb4d,Blonde Braids Study II AE,https://ipfs.feralfile.com/ipfs/QmaVr6T9LEamDQkHdLS6Hgen8kyCWAHXK7QpkKbToUVa1U?,
Decentralized,In/Visible,Blonde Braids Study II by Minne Atairu,94f4a7aa-833f-44fd-8047-101faee9cb4d,94f4a7aa-833f-44fd-8047-101faee9cb4d,0xfD9FdFAC71Bbc7DD5C7176644De7Fbfd1A6825ee,109698176792784266872728233504908651038149947468500265031716790231580826261419,200,0.44,,Blonde Braids Study II by Minne Atairu,94f4a7aa-833f-44fd-8047-101faee9cb4d,Blonde Braids Study II AE,https://ipfs.feralfile.com/ipfs/QmaVr6T9LEamDQkHdLS6Hgen8kyCWAHXK7QpkKbToUVa1U?,
Decentralized,In/Visible,Blonde Braids Study II by Minne Atairu,94f4a7aa-833f-44fd-8047-101faee9cb4d,94f4a7aa-833f-44fd-8047-101faee9cb4d,0xfD9FdFAC71Bbc7DD5C7176644De7Fbfd1A6825ee,109698176792784266872728233504908651038149947468500265031716790231580826261423,200,0.45,,Blonde Braids Study II by Minne Atairu,94f4a7aa-833f-44fd-8047-101faee9cb4d,Blonde Braids Study II AE,https://ipfs.feralfile.com/ipfs/QmaVr6T9LEamDQkHdLS6Hgen8kyCWAHXK7QpkKbToUVa1U?,
Decentralized,In/Visible,Blonde Braids Study II by Minne Atairu,94f4a7aa-833f-44fd-8047-101faee9cb4d,94f4a7aa-833f-44fd-8047-101faee9cb4d,0xfD9FdFAC71Bbc7DD5C7176644De7Fbfd1A6825ee,109698176792784266872728233504908651038149947468500265031716790231580826261427,200,0.44,,Blonde Braids Study II by Minne Atairu,94f4a7aa-833f-44fd-8047-101faee9cb4d,Blonde Braids Study II #3,https://ipfs.feralfile.com/ipfs/QmaVr6T9LEamDQkHdLS6Hgen8kyCWAHXK7QpkKbToUVa1U?,
Decentralized,In/Visible,Blonde Braids Study II by Minne Atairu,94f4a7aa-833f-44fd-8047-101faee9cb4d,94f4a7aa-833f-44fd-8047-101faee9cb4d,0xfD9FdFAC71Bbc7DD5C7176644De7Fbfd1A6825ee,109698176792784266872728233504908651038149947468500265031716790231580826261431,200,0.45,,Blonde Braids Study II by Minne Atairu,94f4a7aa-833f-44fd-8047-101faee9cb4d,Blonde Braids Study II #7,https://ipfs.feralfile.com/ipfs/QmaVr6T9LEamDQkHdLS6Hgen8kyCWAHXK7QpkKbToUVa1U?,
Decentralized,In/Visible,Blonde Braids Study II by Minne Atairu,94f4a7aa-833f-44fd-8047-101faee9cb4d,94f4a7aa-833f-44fd-8047-101faee9cb4d,0xfD9FdFAC71Bbc7DD5C7176644De7Fbfd1A6825ee,109698176792784266872728233504908651038149947468500265031716790231580826261435,200,0.45,,Blonde Braids Study II by Minne Atairu,94f4a7aa-833f-44fd-8047-101faee9cb4d,Blonde Braids Study II #11,https://ipfs.feralfile.com/ipfs/QmaVr6T9LEamDQkHdLS6Hgen8kyCWAHXK7QpkKbToUVa1U?,
Decentralized,In/Visible,Blonde Braids Study II by Minne Atairu,94f4a7aa-833f-44fd-8047-101faee9cb4d,94f4a7aa-833f-44fd-8047-101faee9cb4d,0xfD9FdFAC71Bbc7DD5C7176644De7Fbfd1A6825ee,109698176792784266872728233504908651038149947468500265031716790231580826261439,200,0.46,,Blonde Braids Study II by Minne Atairu,94f4a7aa-833f-44fd-8047-101faee9cb4d,Blonde Braids Study II #15,https://ipfs.feralfile.com/ipfs/QmaVr6T9LEamDQkHdLS6Hgen8kyCWAHXK7QpkKbToUVa1U?,
Decentralized,In/Visible,Summer Edition by Zoe Osborne,ddb59010-2a33-4f5c-9559-58e30b281704,ddb59010-2a33-4f5c-9559-58e30b281704,0xfD9FdFAC71Bbc7DD5C7176644De7Fbfd1A6825ee,42036605891075329977057977423028706327114396180315500528601247846752621319224,200,0.45,,Summer Edition by Zoe Osborne,ddb59010-2a33-4f5c-9559-58e30b281704,Summer Edition #40,https://ipfs.feralfile.com/ipfs/QmYw98g46DmpcSfiDJ2ybXUBJxYLDmesi6t2Hygi3rfscp?,
Decentralized,In/Visible,Summer Edition by Zoe Osborne,ddb59010-2a33-4f5c-9559-58e30b281704,ddb59010-2a33-4f5c-9559-58e30b281704,0xfD9FdFAC71Bbc7DD5C7176644De7Fbfd1A6825ee,42036605891075329977057977423028706327114396180315500528601247846752621319228,200,0.45,,Summer Edition by Zoe Osborne,ddb59010-2a33-4f5c-9559-58e30b281704,Summer Edition #44,https://ipfs.feralfile.com/ipfs/QmNzEUxPGAeKhAx164gHCwJdAH7LpsgfQv9ZX1QUvFDqs2?,
Decentralized,In/Visible,Summer Edition by Zoe Osborne,ddb59010-2a33-4f5c-9559-58e30b281704,ddb59010-2a33-4f5c-9559-58e30b281704,0xfD9FdFAC71Bbc7DD5C7176644De7Fbfd1A6825ee,42036605891075329977057977423028706327114396180315500528601247846752621319232,200,0.45,,Summer Edition by Zoe Osborne,ddb59010-2a33-4f5c-9559-58e30b281704,Summer Edition #48,https://ipfs.feralfile.com/ipfs/Qmbhoh55GUuToBaBjCEVrz5HoCCH1gUHNGasCvyPWt4nrt?,
Decentralized,In/Visible,Summer Edition by Zoe Osborne,ddb59010-2a33-4f5c-9559-58e30b281704,ddb59010-2a33-4f5c-9559-58e30b281704,0xfD9FdFAC71Bbc7DD5C7176644De7Fbfd1A6825ee,42036605891075329977057977423028706327114396180315500528601247846752621319175,200,0.45,,Summer Edition by Zoe Osborne,ddb59010-2a33-4f5c-9559-58e30b281704,Summer Edition AE,https://ipfs.feralfile.com/ipfs/Qmet1mBRUeR2qF2LDWFwtLmCM8puQtYLapPcUAMVBaVXxx?,
Decentralized,In/Visible,Summer Edition by Zoe Osborne,ddb59010-2a33-4f5c-9559-58e30b281704,ddb59010-2a33-4f5c-9559-58e30b281704,0xfD9FdFAC71Bbc7DD5C7176644De7Fbfd1A6825ee,42036605891075329977057977423028706327114396180315500528601247846752621319179,200,0.47,,Summer Edition by Zoe Osborne,ddb59010-2a33-4f5c-9559-58e30b281704,Summer Edition AE,https://ipfs.feralfile.com/ipfs/QmcSiHCewFjmJeG3LNpkLZzBw1eSPoqzaQ1qTz2DZgQtPL?,
Decentralized,In/Visible,Summer Edition by Zoe Osborne,ddb59010-2a33-4f5c-9559-58e30b281704,ddb59010-2a33-4f5c-9559-58e30b281704,0xfD9FdFAC71Bbc7DD5C7176644De7Fbfd1A6825ee,42036605891075329977057977423028706327114396180315500528601247846752621319183,200,0.45,,Summer Edition by Zoe Osborne,ddb59010-2a33-4f5c-9559-58e30b281704,Summer Edition AE,https://ipfs.feralfile.com/ipfs/QmaD5NHckGhE5jApojKgMxWPtm8tNCXXtiaodiXAqkjAKP?,
Decentralized,In/Visible,Summer Edition by Zoe Osborne,ddb59010-2a33-4f5c-9559-58e30b281704,ddb59010-2a33-4f5c-9559-58e30b281704,0xfD9FdFAC71Bbc7DD5C7176644De7Fbfd1A6825ee,42036605891075329977057977423028706327114396180315500528601247846752621319187,200,0.45,,Summer Edition by Zoe Osborne,ddb59010-2a33-4f5c-9559-58e30b281704,Summer Edition #3,https://ipfs.feralfile.com/ipfs/QmTJqSdJPmWLkJcjXqJPSHcvJyKt3kpUc8J551Z7sDw9nB?,
Decentralized,In/Visible,Summer Edition by Zoe Osborne,ddb59010-2a33-4f5c-9559-58e30b281704,ddb59010-2a33-4f5c-9559-58e30b281704,0xfD9FdFAC71Bbc7DD5C7176644De7Fbfd1A6825ee,42036605891075329977057977423028706327114396180315500528601247846752621319191,200,0.45,,Summer Edition by Zoe Osborne,ddb59010-2a33-4f5c-9559-58e30b281704,Summer Edition #7,https://ipfs.feralfile.com/ipfs/QmUmLrkVshifcdcpir5Zq1AAtgUh8GTwH21KieVnzcXLfY?,
Decentralized,In/Visible,Summer Edition by Zoe Osborne,ddb59010-2a33-4f5c-9559-58e30b281704,ddb59010-2a33-4f5c-9559-58e30b281704,0xfD9FdFAC71Bbc7DD5C7176644De7Fbfd1A6825ee,42036605891075329977057977423028706327114396180315500528601247846752621319195,200,0.47,,Summer Edition by Zoe Osborne,ddb59010-2a33-4f5c-9559-58e30b281704,Summer Edition #11,https://ipfs.feralfile.com/ipfs/Qmbc8xVW4vudtshhDujQRtBSiTz1paGbT3cTQ9J4Umpuqu?,
Decentralized,In/Visible,Summer Edition by Zoe Osborne,ddb59010-2a33-4f5c-9559-58e30b281704,ddb59010-2a33-4f5c-9559-58e30b281704,0xfD9FdFAC71Bbc7DD5C7176644De7Fbfd1A6825ee,42036605891075329977057977423028706327114396180315500528601247846752621319199,200,0.45,,Summer Edition by Zoe Osborne,ddb59010-2a33-4f5c-9559-58e30b281704,Summer Edition #15,https://ipfs.feralfile.com/ipfs/QmXxPokEjw4HmK2KVzuPxVGnHTFyz5g3cDLWrXDP69ShTF?,
Decentralized,In/Visible,Planet Hibiscus by Adaeze Okaro,de8b2c0b-e057-46b9-9650-a6455066bd5a,de8b2c0b-e057-46b9-9650-a6455066bd5a,0xfD9FdFAC71Bbc7DD5C7176644De7Fbfd1A6825ee,16029506436312029507526350811102137877956690988659806644464081639703449528567,200,0.45,,Planet Hibiscus by Adaeze Okaro,de8b2c0b-e057-46b9-9650-a6455066bd5a,Planet Hibiscus #40,https://ipfs.feralfile.com/ipfs/QmaJy46Nm2vT2jw1XvVLVzHsCBsm9LXtiyFvDiynVPUMjL?,
Decentralized,In/Visible,Planet Hibiscus by Adaeze Okaro,de8b2c0b-e057-46b9-9650-a6455066bd5a,de8b2c0b-e057-46b9-9650-a6455066bd5a,0xfD9FdFAC71Bbc7DD5C7176644De7Fbfd1A6825ee,16029506436312029507526350811102137877956690988659806644464081639703449528571,200,0.44,,Planet Hibiscus by Adaeze Okaro,de8b2c0b-e057-46b9-9650-a6455066bd5a,Planet Hibiscus #44,https://ipfs.feralfile.com/ipfs/QmWZsPpBgADRtjxkq1M54tUJMexdLxibSr3Sc8nj8T6sNQ?,
Decentralized,In/Visible,Planet Hibiscus by Adaeze Okaro,de8b2c0b-e057-46b9-9650-a6455066bd5a,de8b2c0b-e057-46b9-9650-a6455066bd5a,0xfD9FdFAC71Bbc7DD5C7176644De7Fbfd1A6825ee,16029506436312029507526350811102137877956690988659806644464081639703449528575,200,0.45,,Planet Hibiscus by Adaeze Okaro,de8b2c0b-e057-46b9-9650-a6455066bd5a,Planet Hibiscus #48,https://ipfs.feralfile.com/ipfs/QmQuF1jpCa1oQqmxoZNNUhxxyS8LhZ4wPQTzadjJJHzcap?,
Decentralized,In/Visible,Planet Hibiscus by Adaeze Okaro,de8b2c0b-e057-46b9-9650-a6455066bd5a,de8b2c0b-e057-46b9-9650-a6455066bd5a,0xfD9FdFAC71Bbc7DD5C7176644De7Fbfd1A6825ee,16029506436312029507526350811102137877956690988659806644464081639703449528518,200,0.46,,Planet Hibiscus by Adaeze Okaro,de8b2c0b-e057-46b9-9650-a6455066bd5a,Planet Hibiscus AE,https://ipfs.feralfile.com/ipfs/QmTF1m6U7KdNLFEddWK3uQxGHMw6cXcU5S56e9DXoQFQcu?,
Decentralized,In/Visible,Planet Hibiscus by Adaeze Okaro,de8b2c0b-e057-46b9-9650-a6455066bd5a,de8b2c0b-e057-46b9-9650-a6455066bd5a,0xfD9FdFAC71Bbc7DD5C7176644De7Fbfd1A6825ee,16029506436312029507526350811102137877956690988659806644464081639703449528522,200,0.44,,Planet Hibiscus by Adaeze Okaro,de8b2c0b-e057-46b9-9650-a6455066bd5a,Planet Hibiscus AE,https://ipfs.feralfile.com/ipfs/QmSs622RDywdd96MXfgy4L365Jb2LdVjA7qSF6QtjrGEfh?,
Decentralized,In/Visible,Planet Hibiscus by Adaeze Okaro,de8b2c0b-e057-46b9-9650-a6455066bd5a,de8b2c0b-e057-46b9-9650-a6455066bd5a,0xfD9FdFAC71Bbc7DD5C7176644De7Fbfd1A6825ee,16029506436312029507526350811102137877956690988659806644464081639703449528526,200,0.45,,Planet Hibiscus by Adaeze Okaro,de8b2c0b-e057-46b9-9650-a6455066bd5a,Planet Hibiscus AE,https://ipfs.feralfile.com/ipfs/QmS44T3zji2ekUWP4avaW3qszTG6zVK7r4Z3K763zMzgYv?,
Decentralized,In/Visible,Planet Hibiscus by Adaeze Okaro,de8b2c0b-e057-46b9-9650-a6455066bd5a,de8b2c0b-e057-46b9-9650-a6455066bd5a,0xfD9FdFAC71Bbc7DD5C7176644De7Fbfd1A6825ee,16029506436312029507526350811102137877956690988659806644464081639703449528530,200,0.49,,Planet Hibiscus by Adaeze Okaro,de8b2c0b-e057-46b9-9650-a6455066bd5a,Planet Hibiscus #3,https://ipfs.feralfile.com/ipfs/QmeCqraWsqqBHZFWxHqVhTa8P6r11sLYNsWnCTeNX9x39L?,
Decentralized,In/Visible,Planet Hibiscus by Adaeze Okaro,de8b2c0b-e057-46b9-9650-a6455066bd5a,de8b2c0b-e057-46b9-9650-a6455066bd5a,0xfD9FdFAC71Bbc7DD5C7176644De7Fbfd1A6825ee,16029506436312029507526350811102137877956690988659806644464081639703449528534,200,0.46,,Planet Hibiscus by Adaeze Okaro,de8b2c0b-e057-46b9-9650-a6455066bd5a,Planet Hibiscus #7,https://ipfs.feralfile.com/ipfs/QmPVryXKmGXZsMAUU5BAddwtcwXmiarockLqYWosuq3pqA?,
Decentralized,In/Visible,Planet Hibiscus by Adaeze Okaro,de8b2c0b-e057-46b9-9650-a6455066bd5a,de8b2c0b-e057-46b9-9650-a6455066bd5a,0xfD9FdFAC71Bbc7DD5C7176644De7Fbfd1A6825ee,16029506436312029507526350811102137877956690988659806644464081639703449528538,200,0.46,,Planet Hibiscus by Adaeze Okaro,de8b2c0b-e057-46b9-9650-a6455066bd5a,Planet Hibiscus #11,https://ipfs.feralfile.com/ipfs/QmV2iboVivN1HVDuoyJyqETFEVMthS3VtedYLsfKCLKPKU?,
Decentralized,In/Visible,Planet Hibiscus by Adaeze Okaro,de8b2c0b-e057-46b9-9650-a6455066bd5a,de8b2c0b-e057-46b9-9650-a6455066bd5a,0xfD9FdFAC71Bbc7DD5C7176644De7Fbfd1A6825ee,16029506436312029507526350811102137877956690988659806644464081639703449528542,200,0.45,,Planet Hibiscus by Adaeze Okaro,de8b2c0b-e057-46b9-9650-a6455066bd5a,Planet Hibiscus #15,https://ipfs.feralfile.com/ipfs/QmZNVLrzCimd77H5FMduvHU7KYeH51p1eYJ7QZzBuowWus?,
Delisted,Infinite Entropy,Infinite Entropy by Rafaël Rozendaal,71513905-f7b2-4ac1-b617-0d41123b3639,11b4449b-e435-4737-bd14-81cd3366ac89,0x0A5c44da5F71B884c16A195CeC304F47ac0233CF,11853453751090959671312000797032361782895431600033878255608787696727826569744,200,0.6,,Infinite Entropy by Rafaël Rozendaal,71513905-f7b2-4ac1-b617-0d41123b3639,Infinite Entropy 10 ,https://ipfs.feralfile.com/ipfs/QmbXr6etpZgLdLnVLxFUEB8fKRXNQrtTmpmE6NcyrVNXsK?,https://ipfs.feralfile.com/ipfs/Qmeg2NRTk9R2fTUmWnxqmjS4zXjYdYYrL4DaGbdrTxL8VF?edition_number=1&blockchain=bitmark
Delisted,Infinite Entropy,Infinite Entropy by Rafaël Rozendaal,71513905-f7b2-4ac1-b617-0d41123b3639,17b11372-d1b1-405a-8b54-13b3e1a0738e,0x0A5c44da5F71B884c16A195CeC304F47ac0233CF,3600379894897785441890175511807893754450730869030016812905817072879542671856,200,0.6,,Infinite Entropy by Rafaël Rozendaal,71513905-f7b2-4ac1-b617-0d41123b3639,Infinite Entropy 25 ,https://ipfs.feralfile.com/ipfs/QmXFHk8XA4JBmTEwPoZtApcFtLvRDnPfxjhgzZoU8acjzf?,https://ipfs.feralfile.com/ipfs/QmXUdWRVnShSvAixXPE5c5Vf81FKGonMDGdBUv2Fvcs3sZ?edition_number=1&blockchain=bitmark
Decentralized,Infinite Entropy,Infinite Entropy by Rafaël Rozendaal,71513905-f7b2-4ac1-b617-0d41123b3639,1b6bd73c-b612-4c24-a837-e5afe08616f7,0x0A5c44da5F71B884c16A195CeC304F47ac0233CF,21067873574976294185535690840982352517173866994219361188766956749967822402154,200,0.59,,Infinite Entropy by Rafaël Rozendaal,71513905-f7b2-4ac1-b617-0d41123b3639,Infinite Entropy 8 ,https://ipfs.feralfile.com/ipfs/QmWieoadrqqo5SGCWKQGe6G4mhNve6QHkJ3Ee9RqgkKjuu?,https://ipfs.feralfile.com/ipfs/QmQAjsz7q3TDBodp6hQkM84UaqwM82L9yodw5csxEWXzNV?edition_number=1&blockchain=bitmark
Decentralized,Infinite Entropy,Infinite Entropy by Rafaël Rozendaal,71513905-f7b2-4ac1-b617-0d41123b3639,1fdd923d-91f0-4b28-a51a-8d01da7cc562,0x0A5c44da5F71B884c16A195CeC304F47ac0233CF,82833902095837532502743339324974578109576942960407542010178306350547470299302,200,0.6,,Infinite Entropy by Rafaël Rozendaal,71513905-f7b2-4ac1-b617-0d41123b3639,Infinite Entropy 14 ,https://ipfs.feralfile.com/ipfs/QmaarA3kcDoaEtnUjYWFGfBEAjGUg5cCfqeqEc8s52QMVf?,https://ipfs.feralfile.com/ipfs/QmSabPi61EWM3uNkDZyQj84yJwqVv6yGDxMoJun6cSQ6FQ?edition_number=1&blockchain=bitmark
Delisted,Infinite Entropy,Infinite Entropy by Rafaël Rozendaal,71513905-f7b2-4ac1-b617-0d41123b3639,23d93636-48be-42be-8b9c-59083b481079,0x0A5c44da5F71B884c16A195CeC304F47ac0233CF,35734477414191267536182241740263814124031024446329880450548076200218345681267,200,0.6,,Infinite Entropy by Rafaël Rozendaal,71513905-f7b2-4ac1-b617-0d41123b3639,Infinite Entropy 4 ,https://ipfs.feralfile.com/ipfs/QmcwB4HfH5UMpHh7VYnuZisrDZ6zn2CVYQDLUJ8KQX2YLC?,https://ipfs.feralfile.com/ipfs/QmSFZ42ehcixLFMQRCRwRvFXFLqCUGs9BXiShhZMjtGPzw?edition_number=1&blockchain=bitmark
Delisted,Infinite Entropy,Infinite Entropy by Rafaël Rozendaal,71513905-f7b2-4ac1-b617-0d41123b3639,2e68b1a3-6370-4ad5-af12-153de80637eb,0x0A5c44da5F71B884c16A195CeC304F47ac0233CF,100259033651638840688415246311962179533043394327511689573082289244072844454040,200,0.6,,Infinite Entropy by Rafaël Rozendaal,71513905-f7b2-4ac1-b617-0d41123b3639,Infinite Entropy 13 ,https://ipfs.feralfile.com/ipfs/QmWjiLihiWMdQuYyGFcJqnkV86LE8qYYfjACuCe3y5jKPE?,https://ipfs.feralfile.com/ipfs/Qmbxm1m5f6sHS1F1Mq6JPXvXGssYfvsjXmH4gYRTkHbGPe?edition_number=1&blockchain=bitmark
Decentralized,Infinite Entropy,Infinite Entropy by Rafaël Rozendaal,71513905-f7b2-4ac1-b617-0d41123b3639,30780351-fa82-47f1-9a2d-7d331f460995,0x0A5c44da5F71B884c16A195CeC304F47ac0233CF,27804310658862194628130446355476079614363841963043044947411206069758096659326,200,0.6,,Infinite Entropy by Rafaël Rozendaal,71513905-f7b2-4ac1-b617-0d41123b3639,Infinite Entropy 20 ,https://ipfs.feralfile.com/ipfs/QmQth3XA5Zs1UsZMSFwDryDA2eXj3MnMhQcPtgfgE2sHWP?,https://ipfs.feralfile.com/ipfs/QmfRgPbeMwETWpE7jxfkeKNqo69KmWjaiztc6DnGzkzBPe?edition_number=1&blockchain=bitmark
Delisted,Infinite Entropy,Infinite Entropy by Rafaël Rozendaal,71513905-f7b2-4ac1-b617-0d41123b3639,34f52c05-cde0-4dee-880b-df96eebf37be,0x0A5c44da5F71B884c16A195CeC304F47ac0233CF,17873001452543386695883496786953153816036152459857767890440812893061390884781,200,0.6,,Infinite Entropy by Rafaël Rozendaal,71513905-f7b2-4ac1-b617-0d41123b3639,Infinite Entropy 23 ,https://ipfs.feralfile.com/ipfs/QmSebLxAEA27Di1Y46HyyPcaPpqfZw6mVMWie3NptQzHFH?,https://ipfs.feralfile.com/ipfs/QmcnW827n5nrtHtJkfqjCguayYZjmMCuW2DFNwHgYjUZcf?edition_number=1&blockchain=bitmark
Delisted,Infinite Entropy,Infinite Entropy by Rafaël Rozendaal,71513905-f7b2-4ac1-b617-0d41123b3639,37e6066c-9997-4939-ac9a-e92685e71cf6,0x0A5c44da5F71B884c16A195CeC304F47ac0233CF,22771107291080455747174181672465688559893222727372222944131169711608991463754,200,0.6,,Infinite Entropy by Rafaël Rozendaal,71513905-f7b2-4ac1-b617-0d41123b3639,Infinite Entropy 19 ,https://ipfs.feralfile.com/ipfs/QmQtdWnRuCfcjzfviMXpzxgYU1ZYWiRnqXeMdj5zQEUKRh?,https://ipfs.feralfile.com/ipfs/QmaetsCAmd5ekqXH7vtcwLfCApjar3E2MtS2fBSc7q92Gu?edition_number=1&blockchain=bitmark
Delisted,Infinite Entropy,Infinite Entropy by Rafaël Rozendaal,71513905-f7b2-4ac1-b617-0d41123b3639,3aca483a-59b7-4839-b66e-74d5e75c4735,0x0A5c44da5F71B884c16A195CeC304F47ac0233CF,26777294115911794943872678479575265637406102913803209848320883791959191358224,200,0.6,,Infinite Entropy by Rafaël Rozendaal,71513905-f7b2-4ac1-b617-0d41123b3639,Infinite Entropy 11 ,https://ipfs.feralfile.com/ipfs/QmPUkUBy9ut7avfrh3Mtipi3Nt4HZfCVaDSLzTsWmCPX3x?,https://ipfs.feralfile.com/ipfs/QmYeJeS2EXg8Zv18Qfdh4xss71nWHxR8K5DEH84WPErKPc?edition_number=1&blockchain=bitmark
Delisted,Infinite Entropy,Infinite Entropy by Rafaël Rozendaal,71513905-f7b2-4ac1-b617-0d41123b3639,43f6164c-d901-4e87-815a-c6689d05b48f,0x0A5c44da5F71B884c16A195CeC304F47ac0233CF,1763616891931023837042453769144482006254932093168986980699649370227086293946,200,0.6,,Infinite Entropy by Rafaël Rozendaal,71513905-f7b2-4ac1-b617-0d41123b3639,Infinite Entropy 5 ,https://ipfs.feralfile.com/ipfs/QmRnEK8XG9i4eN4Kz6weGvkjqe2zfXfe9kPGyViGa2v7qF?,https://ipfs.feralfile.com/ipfs/QmPoWQDCJLSnpUwy27vE1fJgNk9GXtpteXox1HSNsxXCbA?edition_number=1&blockchain=bitmark
Delisted,Infinite Entropy,Infinite Entropy by Rafaël Rozendaal,71513905-f7b2-4ac1-b617-0d41123b3639,47ab1047-708d-4f36-b5de-68e5995e175f,0x0A5c44da5F71B884c16A195CeC304F47ac0233CF,21827525339015493852879098446115618810266725129353170517195385021115583630648,200,0.6,,Infinite Entropy by Rafaël Rozendaal,71513905-f7b2-4ac1-b617-0d41123b3639,Infinite Entropy 15 ,https://ipfs.feralfile.com/ipfs/QmRRyWiSsac3dzW74gFi1m58TzGim4ovyvdGpLU8H2oNgj?,https://ipfs.feralfile.com/ipfs/QmXVWfoqSmkXpx2hmtL1DSAQQzPKNAiZ9fV6mFCXZrZULN?edition_number=1&blockchain=bitmark
Decentralized,Infinite Entropy,Infinite Entropy by Rafaël Rozendaal,71513905-f7b2-4ac1-b617-0d41123b3639,4ac90d22-2b94-4dad-8685-3df950746010,0x0A5c44da5F71B884c16A195CeC304F47ac0233CF,55861989739187960215136136703619702158229932998201582286228944845009418350282,200,0.61,,Infinite Entropy by Rafaël Rozendaal,71513905-f7b2-4ac1-b617-0d41123b3639,Infinite Entropy 7 ,https://ipfs.feralfile.com/ipfs/Qmf6HGEozhBiLFepC5rAKN5cLZBRMCT4XbfKGv26qtHEn6?,https://ipfs.feralfile.com/ipfs/QmcVyid7mStyaZMnYBow6WwEAb3hbZSDGgzLifZmCUvGr6?edition_number=1&blockchain=bitmark
Delisted,Infinite Entropy,Infinite Entropy by Rafaël Rozendaal,71513905-f7b2-4ac1-b617-0d41123b3639,6dde453e-259f-49b7-b5db-02c7a41d049b,0x0A5c44da5F71B884c16A195CeC304F47ac0233CF,103477453257555427386413623329468338494139360419570205787103098657772417578369,200,0.61,,Infinite Entropy by Rafaël Rozendaal,71513905-f7b2-4ac1-b617-0d41123b3639,Infinite Entropy 21 ,https://ipfs.feralfile.com/ipfs/QmbQ5fn6LMdGcPxtnVNWRmyvuWmtPmjc1auKcLsLEaapWJ?,https://ipfs.feralfile.com/ipfs/QmYjnBZ3YQbhtL9iuWu4DMzoFU8CQ4CMNQXeUbLsumrR9T?edition_number=1&blockchain=bitmark
Delisted,Infinite Entropy,Infinite Entropy by Rafaël Rozendaal,71513905-f7b2-4ac1-b617-0d41123b3639,87eafff7-a8c6-4d3f-bc51-3e23bc745125,0x0A5c44da5F71B884c16A195CeC304F47ac0233CF,86169228976179627066030249859924298435682583862228694534446344658158027085387,200,0.61,,Infinite Entropy by Rafaël Rozendaal,71513905-f7b2-4ac1-b617-0d41123b3639,Infinite Entropy 1 ,https://ipfs.feralfile.com/ipfs/QmYvuw6kmEFVyAAkT7azhKYmQUWbAfnddwR1sEHmBGurJY?,https://ipfs.feralfile.com/ipfs/QmYFg4kbH5DMveYtcPAsZ7qxfM4h7WjcRsCBqnAqKfff87?edition_number=1&blockchain=bitmark
Delisted,Infinite Entropy,Infinite Entropy by Rafaël Rozendaal,71513905-f7b2-4ac1-b617-0d41123b3639,8fc2a19f-4393-4fa4-aee0-91c365232cef,0x0A5c44da5F71B884c16A195CeC304F47ac0233CF,826926332651362942322512888064699544900818606713106726950616943073530830193,200,0.6,,Infinite Entropy by Rafaël Rozendaal,71513905-f7b2-4ac1-b617-0d41123b3639,Infinite Entropy 12 ,https://ipfs.feralfile.com/ipfs/QmXKiXQUkx8TTeecyK5kiEagvZFCkDBx5yKCG9yBSCQpwX?,https://ipfs.feralfile.com/ipfs/QmbAS9t8gXtdeiVGGrbmPvfH7MMg7eEjngsK2Y22boria1?edition_number=1&blockchain=bitmark
Decentralized,Infinite Entropy,Infinite Entropy by Rafaël Rozendaal,71513905-f7b2-4ac1-b617-0d41123b3639,b4a46d9c-fa16-4a2c-a11d-03b49d5b1e63,0x0A5c44da5F71B884c16A195CeC304F47ac0233CF,77837256269103713722031479764155817512429123826666795182240064561368205491680,200,0.59,,Infinite Entropy by Rafaël Rozendaal,71513905-f7b2-4ac1-b617-0d41123b3639,Infinite Entropy 17 ,https://ipfs.feralfile.com/ipfs/QmaHqmUP7xbJDN2YNC8SSoSLBzYz2BVTJDadtzpqA3hXch?,https://ipfs.feralfile.com/ipfs/QmWjPtFNtmJg5EspcfveQT8fbzR8MV2gz9yCjVnHyo7TNn?edition_number=1&blockchain=bitmark
Delisted,Infinite Entropy,Infinite Entropy by Rafaël Rozendaal,71513905-f7b2-4ac1-b617-0d41123b3639,cf44b110-3b40-471a-8415-c805c80baae9,0x0A5c44da5F71B884c16A195CeC304F47ac0233CF,51405502197975593020006428012979698169421745577070862472572939978086684899049,200,0.6,,Infinite Entropy by Rafaël Rozendaal,71513905-f7b2-4ac1-b617-0d41123b3639,Infinite Entropy 9 ,https://ipfs.feralfile.com/ipfs/QmQ9WbbxHiFQzEvEh59nKoX6vgXB6NAdedntcu9mLqYL6q?,https://ipfs.feralfile.com/ipfs/QmR7abVzUwSN3gnzuStxdPRxpigHopAJ1wGGofF2r2mph9?edition_number=1&blockchain=bitmark
Delisted,Infinite Entropy,Infinite Entropy by Rafaël Rozendaal,71513905-f7b2-4ac1-b617-0d41123b3639,df6a7f8d-effe-4b0f-99e0-62a5924e5ee6,0x0A5c44da5F71B884c16A195CeC304F47ac0233CF,61626451917981075964144752202971575062412728116712793624101268021305155848410,200,0.61,,Infinite Entropy by Rafaël Rozendaal,71513905-f7b2-4ac1-b617-0d41123b3639,Infinite Entropy 24 ,https://ipfs.feralfile.com/ipfs/QmNW9ZFRbLsQXTSo14WyN3UxPqwmeSXc5arQpyGPsWUE3u?,https://ipfs.feralfile.com/ipfs/QmRcaegk73Jg1J4LhKeXW8K5ATjLTW5WsFajnAW5jLpYSZ?edition_number=1&blockchain=bitmark
Delisted,Infinite Entropy,Infinite Entropy by Rafaël Rozendaal,71513905-f7b2-4ac1-b617-0d41123b3639,ed25109e-3e36-429d-aafd-a9cd12f854fb,0x0A5c44da5F71B884c16A195CeC304F47ac0233CF,42548676928814898295310508924935752434654792129753083415050785322793230237933,200,0.6,,Infinite Entropy by Rafaël Rozendaal,71513905-f7b2-4ac1-b617-0d41123b3639,Infinite Entropy 3 ,https://ipfs.feralfile.com/ipfs/QmRM64L9bdj2F3YRjP1vMNhnfd9Jvki37jFCs98Pcn34Uh?,https://ipfs.feralfile.com/ipfs/Qmbj2uzNbaMiEYTtKCm2LenVjTRrxQ1cpFUBzEcUyQ7Qtm?edition_number=1&blockchain=bitmark
Delisted,Infinite Entropy,Infinite Entropy by Rafaël Rozendaal,71513905-f7b2-4ac1-b617-0d41123b3639,ee826cf5-9273-4b58-850c-0615668d9e2d,0x0A5c44da5F71B884c16A195CeC304F47ac0233CF,51517200951363190976476841985696264911236621803303093126297032304284847774058,200,0.59,,Infinite Entropy by Rafaël Rozendaal,71513905-f7b2-4ac1-b617-0d41123b3639,Infinite Entropy 22 ,https://ipfs.feralfile.com/ipfs/QmUgpCGt3LvSS7chiQMzuSz9Je5eJUwwLzbPqBSnHH8qrc?,https://ipfs.feralfile.com/ipfs/QmYRBDfEDt7ENG3q584pagQnSV3A1S4yBxW9wxXZ6p3xiL?edition_number=1&blockchain=bitmark
Decentralized,Infinite Entropy,Infinite Entropy by Rafaël Rozendaal,71513905-f7b2-4ac1-b617-0d41123b3639,f0750b82-282e-4eed-bdba-c4fb023fb684,0x0A5c44da5F71B884c16A195CeC304F47ac0233CF,80873606583012552094828631365804039101764623163508961614117094688229438116765,200,0.6,,Infinite Entropy by Rafaël Rozendaal,71513905-f7b2-4ac1-b617-0d41123b3639,Infinite Entropy 16 ,https://ipfs.feralfile.com/ipfs/QmY5wUqsFs6Fj8LPckfd2u7PzaLnCoirt6gFQV4PfdqnD1?,https://ipfs.feralfile.com/ipfs/QmZdbgEpb8XyTJYvVajUb36zSvnGNZAiV9pYpQm1yuq9S9?edition_number=1&blockchain=bitmark
Decentralized,Infinite Entropy,Infinite Entropy by Rafaël Rozendaal,71513905-f7b2-4ac1-b617-0d41123b3639,f97bf0da-0630-4847-952a-902060b8081c,0x0A5c44da5F71B884c16A195CeC304F47ac0233CF,26659148232774163787642208418883770997794245462506354088137640072544072163828,200,0.59,,Infinite Entropy by Rafaël Rozendaal,71513905-f7b2-4ac1-b617-0d41123b3639,Infinite Entropy 6 ,https://ipfs.feralfile.com/ipfs/QmWhMmpv34BJAPxB1VvXKBi8Js5BF5oaCBm7vzCAzzv6fs?,https://ipfs.feralfile.com/ipfs/QmVX4yDL9QN8sFAK5o2x38xLavZisy3Y6ErvdRry3vhanE?edition_number=1&blockchain=bitmark
Decentralized,Infinite Entropy,Infinite Entropy by Rafaël Rozendaal,71513905-f7b2-4ac1-b617-0d41123b3639,fe324a25-a5b3-4b17-bae4-8d4109f01fe7,0x0A5c44da5F71B884c16A195CeC304F47ac0233CF,78802201715239772403650903435731202702932143727737886986039066792154804561256,200,0.6,,Infinite Entropy by Rafaël Rozendaal,71513905-f7b2-4ac1-b617-0d41123b3639,Infinite Entropy 18 ,https://ipfs.feralfile.com/ipfs/QmRF7NPLjgpE3mw89rqjWpAJveHwve9XYY1FNKyf7Nh6Kb?,https://ipfs.feralfile.com/ipfs/QmZBc5JFo62SbSxZKxig3GQ3hsbkaqGfYFphq6p8CTSXLn?edition_number=1&blockchain=bitmark
Decentralized,Material Wonderland,Material World Knight by Lu Yang,8bf192b1-5fc9-4bca-8156-a2e4c087df06,07f145a0-1131-4366-a422-a6e18999d054,0x8f30722dd16BD63cF2665C383c1aEf5e307B0046,30557345746184669595663040401756320711447993718270973898970391747135121472976,200,0.46,,Material World Knight by Lu Yang,8bf192b1-5fc9-4bca-8156-a2e4c087df06,Material World Knight: Bardo Tunnel ,https://cdn.feralfileassets.com/thumbnails/07f145a0-1131-4366-a422-a6e18999d054/1675930104,https://cdn.feralfileassets.com/previews/07f145a0-1131-4366-a422-a6e18999d054/1675930114/preview.mp4
Decentralized,Material Wonderland,Material World Knight by Lu Yang,8bf192b1-5fc9-4bca-8156-a2e4c087df06,07f145a0-1131-4366-a422-a6e18999d054,0x8f30722dd16BD63cF2665C383c1aEf5e307B0046,30557345746184669595663040401756320711447993718270973898970391747135121472977,200,0.45,,Material World Knight by Lu Yang,8bf192b1-5fc9-4bca-8156-a2e4c087df06,Material World Knight: Bardo Tunnel ,https://cdn.feralfileassets.com/thumbnails/07f145a0-1131-4366-a422-a6e18999d054/1675930104,https://cdn.feralfileassets.com/previews/07f145a0-1131-4366-a422-a6e18999d054/1675930114/preview.mp4
Decentralized,Material Wonderland,Material World Knight by Lu Yang,8bf192b1-5fc9-4bca-8156-a2e4c087df06,412568f3-8e46-4058-baa8-b2d907578f0c,0x8f30722dd16BD63cF2665C383c1aEf5e307B0046,86092054222848149411274226430384902086016540654465058178380214564830543514781,200,0.44,,Material World Knight by Lu Yang,8bf192b1-5fc9-4bca-8156-a2e4c087df06,Material World Knight: Vajra Power ,https://cdn.feralfileassets.com/thumbnails/412568f3-8e46-4058-baa8-b2d907578f0c/1675929742,https://cdn.feralfileassets.com/previews/412568f3-8e46-4058-baa8-b2d907578f0c/1675929748/preview.mp4
Decentralized,Material Wonderland,Material World Knight by Lu Yang,8bf192b1-5fc9-4bca-8156-a2e4c087df06,412568f3-8e46-4058-baa8-b2d907578f0c,0x8f30722dd16BD63cF2665C383c1aEf5e307B0046,86092054222848149411274226430384902086016540654465058178380214564830543514782,200,0.46,,Material World Knight by Lu Yang,8bf192b1-5fc9-4bca-8156-a2e4c087df06,Material World Knight: Vajra Power ,https://cdn.feralfileassets.com/thumbnails/412568f3-8e46-4058-baa8-b2d907578f0c/1675929742,https://cdn.feralfileassets.com/previews/412568f3-8e46-4058-baa8-b2d907578f0c/1675929748/preview.mp4
Decentralized,Material Wonderland,Material World Knight by Lu Yang,8bf192b1-5fc9-4bca-8156-a2e4c087df06,866f3fab-e74a-46fe-ba92-651b95e356e9,0x8f30722dd16BD63cF2665C383c1aEf5e307B0046,31830990513774020773856075078173769724056013930901601507946534590488789174621,200,0.45,,Material World Knight by Lu Yang,8bf192b1-5fc9-4bca-8156-a2e4c087df06,Material World Knight: Full Armed Fighting Mode ,https://cdn.feralfileassets.com/thumbnails/866f3fab-e74a-46fe-ba92-651b95e356e9/1675928531,https://cdn.feralfileassets.com/previews/866f3fab-e74a-46fe-ba92-651b95e356e9/1675928540/preview.mp4
Decentralized,Material Wonderland,Material World Knight by Lu Yang,8bf192b1-5fc9-4bca-8156-a2e4c087df06,866f3fab-e74a-46fe-ba92-651b95e356e9,0x8f30722dd16BD63cF2665C383c1aEf5e307B0046,31830990513774020773856075078173769724056013930901601507946534590488789174622,200,0.45,,Material World Knight by Lu Yang,8bf192b1-5fc9-4bca-8156-a2e4c087df06,Material World Knight: Full Armed Fighting Mode ,https://cdn.feralfileassets.com/thumbnails/866f3fab-e74a-46fe-ba92-651b95e356e9/1675928531,https://cdn.feralfileassets.com/previews/866f3fab-e74a-46fe-ba92-651b95e356e9/1675928540/preview.mp4
Decentralized,Material Wonderland,Material World Knight by Lu Yang,8bf192b1-5fc9-4bca-8156-a2e4c087df06,af10361f-ee39-4e5b-88d0-6c43e8d9bab5,0x8f30722dd16BD63cF2665C383c1aEf5e307B0046,65218211541065683149590553991882510753504416247622639219453290930292260922908,200,0.46,,Material World Knight by Lu Yang,8bf192b1-5fc9-4bca-8156-a2e4c087df06,Material World Knight: Head Forest ,https://cdn.feralfileassets.com/thumbnails/af10361f-ee39-4e5b-88d0-6c43e8d9bab5/1675929051,https://cdn.feralfileassets.com/previews/af10361f-ee39-4e5b-88d0-6c43e8d9bab5/1675929058/preview.mp4
Decentralized,Material Wonderland,Material World Knight by Lu Yang,8bf192b1-5fc9-4bca-8156-a2e4c087df06,af10361f-ee39-4e5b-88d0-6c43e8d9bab5,0x8f30722dd16BD63cF2665C383c1aEf5e307B0046,65218211541065683149590553991882510753504416247622639219453290930292260922909,200,0.46,,Material World Knight by Lu Yang,8bf192b1-5fc9-4bca-8156-a2e4c087df06,Material World Knight: Head Forest ,https://cdn.feralfileassets.com/thumbnails/af10361f-ee39-4e5b-88d0-6c43e8d9bab5/1675929051,https://cdn.feralfileassets.com/previews/af10361f-ee39-4e5b-88d0-6c43e8d9bab5/1675929058/preview.mp4
Decentralized,Material Wonderland,Material World Knight by Lu Yang,8bf192b1-5fc9-4bca-8156-a2e4c087df06,b45f236a-f29f-4e0a-94b4-e894cb7566e7,0x8f30722dd16BD63cF2665C383c1aEf5e307B0046,37405486248744233930716135614171504735129073536868819020061938488135423751467,200,0.46,,Material World Knight by Lu Yang,8bf192b1-5fc9-4bca-8156-a2e4c087df06,Material World Knight: Fighting Mode ,https://cdn.feralfileassets.com/thumbnails/b45f236a-f29f-4e0a-94b4-e894cb7566e7/1675926380,https://cdn.feralfileassets.com/previews/b45f236a-f29f-4e0a-94b4-e894cb7566e7/1675926395/preview.mp4
Decentralized,Material Wonderland,Material World Knight by Lu Yang,8bf192b1-5fc9-4bca-8156-a2e4c087df06,b45f236a-f29f-4e0a-94b4-e894cb7566e7,0x8f30722dd16BD63cF2665C383c1aEf5e307B0046,37405486248744233930716135614171504735129073536868819020061938488135423751468,200,0.46,,Material World Knight by Lu Yang,8bf192b1-5fc9-4bca-8156-a2e4c087df06,Material World Knight: Fighting Mode ,https://cdn.feralfileassets.com/thumbnails/b45f236a-f29f-4e0a-94b4-e894cb7566e7/1675926380,https://cdn.feralfileassets.com/previews/b45f236a-f29f-4e0a-94b4-e894cb7566e7/1675926395/preview.mp4
Decentralized,Material Wonderland,Material World Knight by Lu Yang,8bf192b1-5fc9-4bca-8156-a2e4c087df06,c281ce58-3507-4f6f-bb15-540a88ee553f,0x8f30722dd16BD63cF2665C383c1aEf5e307B0046,49331212307299913695431248663336053857151499231527615863517194291341458754529,200,0.46,,Material World Knight by Lu Yang,8bf192b1-5fc9-4bca-8156-a2e4c087df06,Material World Knight: Giant Heart ,https://cdn.feralfileassets.com/thumbnails/c281ce58-3507-4f6f-bb15-540a88ee553f/1675927583,https://cdn.feralfileassets.com/previews/c281ce58-3507-4f6f-bb15-540a88ee553f/1675927590/preview.mp4
Decentralized,Material Wonderland,Material World Knight by Lu Yang,8bf192b1-5fc9-4bca-8156-a2e4c087df06,c281ce58-3507-4f6f-bb15-540a88ee553f,0x8f30722dd16BD63cF2665C383c1aEf5e307B0046,49331212307299913695431248663336053857151499231527615863517194291341458754530,200,0.45,,Material World Knight by Lu Yang,8bf192b1-5fc9-4bca-8156-a2e4c087df06,Material World Knight: Giant Heart ,https://cdn.feralfileassets.com/thumbnails/c281ce58-3507-4f6f-bb15-540a88ee553f/1675927583,https://cdn.feralfileassets.com/previews/c281ce58-3507-4f6f-bb15-540a88ee553f/1675927590/preview.mp4
Decentralized,Material Wonderland,Material World Knight by Lu Yang,8bf192b1-5fc9-4bca-8156-a2e4c087df06,c570b9bd-d434-4e95-8295-801cc9458b03,0x8f30722dd16BD63cF2665C383c1aEf5e307B0046,71410372871747443489515838479889316636126954869602511437783803458556682723748,200,0.46,,Material World Knight by Lu Yang,8bf192b1-5fc9-4bca-8156-a2e4c087df06,Material World Knight: Flying Mode ,https://cdn.feralfileassets.com/thumbnails/c570b9bd-d434-4e95-8295-801cc9458b03/1675925652,https://cdn.feralfileassets.com/previews/c570b9bd-d434-4e95-8295-801cc9458b03/1675925666/preview.mp4
Decentralized,Material Wonderland,Material World Knight by Lu Yang,8bf192b1-5fc9-4bca-8156-a2e4c087df06,c570b9bd-d434-4e95-8295-801cc9458b03,0x8f30722dd16BD63cF2665C383c1aEf5e307B0046,71410372871747443489515838479889316636126954869602511437783803458556682723749,200,0.46,,Material World Knight by Lu Yang,8bf192b1-5fc9-4bca-8156-a2e4c087df06,Material World Knight: Flying Mode ,https://cdn.feralfileassets.com/thumbnails/c570b9bd-d434-4e95-8295-801cc9458b03/1675925652,https://cdn.feralfileassets.com/previews/c570b9bd-d434-4e95-8295-801cc9458b03/1675925666/preview.mp4
Decentralized,Material Wonderland,Material World Knight by Lu Yang,8bf192b1-5fc9-4bca-8156-a2e4c087df06,ce6dc4ca-13d5-4cda-ba15-9d3201873384,0x8f30722dd16BD63cF2665C383c1aEf5e307B0046,2492964552115222111455723893464644415786209733158740338236313478633292903956,200,0.45,,Material World Knight by Lu Yang,8bf192b1-5fc9-4bca-8156-a2e4c087df06,Material World Knight: Fight the Universe ,https://cdn.feralfileassets.com/thumbnails/ce6dc4ca-13d5-4cda-ba15-9d3201873384/1675927158,https://cdn.feralfileassets.com/previews/ce6dc4ca-13d5-4cda-ba15-9d3201873384/1675927167/preview.mp4
Decentralized,Material Wonderland,Material World Knight by Lu Yang,8bf192b1-5fc9-4bca-8156-a2e4c087df06,ce6dc4ca-13d5-4cda-ba15-9d3201873384,0x8f30722dd16BD63cF2665C383c1aEf5e307B0046,2492964552115222111455723893464644415786209733158740338236313478633292903957,200,0.47,,Material World Knight by Lu Yang,8bf192b1-5fc9-4bca-8156-a2e4c087df06,Material World Knight: Fight the Universe ,https://cdn.feralfileassets.com/thumbnails/ce6dc4ca-13d5-4cda-ba15-9d3201873384/1675927158,https://cdn.feralfileassets.com/previews/ce6dc4ca-13d5-4cda-ba15-9d3201873384/1675927167/preview.mp4
Decentralized,Material Wonderland,Material World Knight Poster by Lu Yang,f2cabb51-5eae-48a7-ba16-fc847c23e0fe,f2cabb51-5eae-48a7-ba16-fc847c23e0fe,0x8f30722dd16BD63cF2665C383c1aEf5e307B0046,64083282194581793942215293811836391478974900789963845024963281200227193839117,200,0.45,,Material World Knight Poster by Lu Yang,f2cabb51-5eae-48a7-ba16-fc847c23e0fe,Material World Knight: Poster #47,https://cdn.feralfileassets.com/previews/f2cabb51-5eae-48a7-ba16-fc847c23e0fe/1675931007/preview.jpg,
Decentralized,Material Wonderland,Material World Knight Poster by Lu Yang,f2cabb51-5eae-48a7-ba16-fc847c23e0fe,f2cabb51-5eae-48a7-ba16-fc847c23e0fe,0x8f30722dd16BD63cF2665C383c1aEf5e307B0046,64083282194581793942215293811836391478974900789963845024963281200227193839121,200,0.45,,Material World Knight Poster by Lu Yang,f2cabb51-5eae-48a7-ba16-fc847c23e0fe,Material World Knight: Poster #51,https://cdn.feralfileassets.com/previews/f2cabb51-5eae-48a7-ba16-fc847c23e0fe/1675931007/preview.jpg,
Decentralized,Material Wonderland,Material World Knight Poster by Lu Yang,f2cabb51-5eae-48a7-ba16-fc847c23e0fe,f2cabb51-5eae-48a7-ba16-fc847c23e0fe,0x8f30722dd16BD63cF2665C383c1aEf5e307B0046,64083282194581793942215293811836391478974900789963845024963281200227193839125,200,0.45,,Material World Knight Poster by Lu Yang,f2cabb51-5eae-48a7-ba16-fc847c23e0fe,Material World Knight: Poster #55,https://cdn.feralfileassets.com/previews/f2cabb51-5eae-48a7-ba16-fc847c23e0fe/1675931007/preview.jpg,
Decentralized,Material Wonderland,Material World Knight Poster by Lu Yang,f2cabb51-5eae-48a7-ba16-fc847c23e0fe,f2cabb51-5eae-48a7-ba16-fc847c23e0fe,0x8f30722dd16BD63cF2665C383c1aEf5e307B0046,64083282194581793942215293811836391478974900789963845024963281200227193839129,200,0.46,,Material World Knight Poster by Lu Yang,f2cabb51-5eae-48a7-ba16-fc847c23e0fe,Material World Knight: Poster #59,https://cdn.feralfileassets.com/previews/f2cabb51-5eae-48a7-ba16-fc847c23e0fe/1675931007/preview.jpg,
Decentralized,Material Wonderland,Material World Knight Poster by Lu Yang,f2cabb51-5eae-48a7-ba16-fc847c23e0fe,f2cabb51-5eae-48a7-ba16-fc847c23e0fe,0x8f30722dd16BD63cF2665C383c1aEf5e307B0046,64083282194581793942215293811836391478974900789963845024963281200227193839133,200,0.46,,Material World Knight Poster by Lu Yang,f2cabb51-5eae-48a7-ba16-fc847c23e0fe,Material World Knight: Poster #63,https://cdn.feralfileassets.com/previews/f2cabb51-5eae-48a7-ba16-fc847c23e0fe/1675931007/preview.jpg,
Decentralized,Material Wonderland,Material World Knight Poster by Lu Yang,f2cabb51-5eae-48a7-ba16-fc847c23e0fe,f2cabb51-5eae-48a7-ba16-fc847c23e0fe,0x8f30722dd16BD63cF2665C383c1aEf5e307B0046,64083282194581793942215293811836391478974900789963845024963281200227193839137,200,0.46,,Material World Knight Poster by Lu Yang,f2cabb51-5eae-48a7-ba16-fc847c23e0fe,Material World Knight: Poster #67,https://cdn.feralfileassets.com/previews/f2cabb51-5eae-48a7-ba16-fc847c23e0fe/1675931007/preview.jpg,
Decentralized,Material Wonderland,Material World Knight Poster by Lu Yang,f2cabb51-5eae-48a7-ba16-fc847c23e0fe,f2cabb51-5eae-48a7-ba16-fc847c23e0fe,0x8f30722dd16BD63cF2665C383c1aEf5e307B0046,64083282194581793942215293811836391478974900789963845024963281200227193839141,200,0.46,,Material World Knight Poster by Lu Yang,f2cabb51-5eae-48a7-ba16-fc847c23e0fe,Material World Knight: Poster #71,https://cdn.feralfileassets.com/previews/f2cabb51-5eae-48a7-ba16-fc847c23e0fe/1675931007/preview.jpg,
Decentralized,Material Wonderland,Material World Knight Poster by Lu Yang,f2cabb51-5eae-48a7-ba16-fc847c23e0fe,f2cabb51-5eae-48a7-ba16-fc847c23e0fe,0x8f30722dd16BD63cF2665C383c1aEf5e307B0046,64083282194581793942215293811836391478974900789963845024963281200227193839145,200,0.44,,Material World Knight Poster by Lu Yang,f2cabb51-5eae-48a7-ba16-fc847c23e0fe,Material World Knight: Poster #75,https://cdn.feralfileassets.com/previews/f2cabb51-5eae-48a7-ba16-fc847c23e0fe/1675931007/preview.jpg,
Decentralized,Material Wonderland,Material World Knight Poster by Lu Yang,f2cabb51-5eae-48a7-ba16-fc847c23e0fe,f2cabb51-5eae-48a7-ba16-fc847c23e0fe,0x8f30722dd16BD63cF2665C383c1aEf5e307B0046,64083282194581793942215293811836391478974900789963845024963281200227193839149,200,0.46,,Material World Knight Poster by Lu Yang,f2cabb51-5eae-48a7-ba16-fc847c23e0fe,Material World Knight: Poster #79,https://cdn.feralfileassets.com/previews/f2cabb51-5eae-48a7-ba16-fc847c23e0fe/1675931007/preview.jpg,
Decentralized,Material Wonderland,Material World Knight Poster by Lu Yang,f2cabb51-5eae-48a7-ba16-fc847c23e0fe,f2cabb51-5eae-48a7-ba16-fc847c23e0fe,0x8f30722dd16BD63cF2665C383c1aEf5e307B0046,64083282194581793942215293811836391478974900789963845024963281200227193839153,200,0.45,,Material World Knight Poster by Lu Yang,f2cabb51-5eae-48a7-ba16-fc847c23e0fe,Material World Knight: Poster #83,https://cdn.feralfileassets.com/previews/f2cabb51-5eae-48a7-ba16-fc847c23e0fe/1675931007/preview.jpg,
Decentralized,One to Zero,reCAPTCHA.otf by Mira Dayal,0bd7bb41-118d-4392-8559-43082957c05d,0bd7bb41-118d-4392-8559-43082957c05d,0x8a20fB6eb7e1D662b157Fc6eA0694972584C09BB,222049695517921061650019218267691199225610816,200,0.45,,reCAPTCHA.otf by Mira Dayal,0bd7bb41-118d-4392-8559-43082957c05d,reCAPTCHA.otf #1,https://ipfs.feralfile.com/ipfs/QmVn4ZdNKqsrZG7eqCL3dZUCEwzpVpBLzKtvb3ohAqFEBp?,
Decentralized,One to Zero,reCAPTCHA.otf by Mira Dayal,0bd7bb41-118d-4392-8559-43082957c05d,0bd7bb41-118d-4392-8559-43082957c05d,0x8a20fB6eb7e1D662b157Fc6eA0694972584C09BB,222049695517921061650019218267691199225610818,200,0.44,,reCAPTCHA.otf by Mira Dayal,0bd7bb41-118d-4392-8559-43082957c05d,reCAPTCHA.otf #3,https://ipfs.feralfile.com/ipfs/QmNXvW869dXhCXkkNhMX71HNtZcxKQ7HMRbfcd9wJJzqDu?,
Decentralized,One to Zero,reCAPTCHA.otf by Mira Dayal,0bd7bb41-118d-4392-8559-43082957c05d,0bd7bb41-118d-4392-8559-43082957c05d,0x8a20fB6eb7e1D662b157Fc6eA0694972584C09BB,222049695517921061650019218267691199225610820,200,0.46,,reCAPTCHA.otf by Mira Dayal,0bd7bb41-118d-4392-8559-43082957c05d,reCAPTCHA.otf #5,https://ipfs.feralfile.com/ipfs/Qmdf6KKCMwhRPfS1zoCvVgZDtTVAtgNrq1nYRUeYYPXZMa?,
Decentralized,One to Zero,reCAPTCHA.otf by Mira Dayal,0bd7bb41-118d-4392-8559-43082957c05d,0bd7bb41-118d-4392-8559-43082957c05d,0x8a20fB6eb7e1D662b157Fc6eA0694972584C09BB,222049695517921061650019218267691199225610822,200,0.47,,reCAPTCHA.otf by Mira Dayal,0bd7bb41-118d-4392-8559-43082957c05d,reCAPTCHA.otf #7,https://ipfs.feralfile.com/ipfs/QmdBwvDMAJ8nbJivpjbip7RaPBtwP1WEnTXhSJEK8zF2Ei?,
Decentralized,One to Zero,reCAPTCHA.otf by Mira Dayal,0bd7bb41-118d-4392-8559-43082957c05d,0bd7bb41-118d-4392-8559-43082957c05d,0x8a20fB6eb7e1D662b157Fc6eA0694972584C09BB,222049695517921061650019218267691199225610824,200,0.45,,reCAPTCHA.otf by Mira Dayal,0bd7bb41-118d-4392-8559-43082957c05d,reCAPTCHA.otf #9,https://ipfs.feralfile.com/ipfs/QmdbRUy1gdBCBo6y9BeBTeVWiuMVeW1SRY1UmhhDBsyoBo?,
Decentralized,One to Zero,reCAPTCHA.otf by Mira Dayal,0bd7bb41-118d-4392-8559-43082957c05d,0bd7bb41-118d-4392-8559-43082957c05d,0x8a20fB6eb7e1D662b157Fc6eA0694972584C09BB,222049695517921061650019218267691199225610826,200,0.45,,reCAPTCHA.otf by Mira Dayal,0bd7bb41-118d-4392-8559-43082957c05d,reCAPTCHA.otf #11,https://ipfs.feralfile.com/ipfs/QmSKosiySbkXSL3AdT1tsezjDtRrMDUVxy9cdGdq5jhGDR?,
Decentralized,One to Zero,reCAPTCHA.otf by Mira Dayal,0bd7bb41-118d-4392-8559-43082957c05d,0bd7bb41-118d-4392-8559-43082957c05d,0x8a20fB6eb7e1D662b157Fc6eA0694972584C09BB,222049695517921061650019218267691199225610828,200,0.46,,reCAPTCHA.otf by Mira Dayal,0bd7bb41-118d-4392-8559-43082957c05d,reCAPTCHA.otf #13,https://ipfs.feralfile.com/ipfs/Qmap39EGAgqMHAim1nLuxcdq3h3FejBvmAHjcyxAoGmFLa?,
Decentralized,One to Zero,reCAPTCHA.otf by Mira Dayal,0bd7bb41-118d-4392-8559-43082957c05d,0bd7bb41-118d-4392-8559-43082957c05d,0x8a20fB6eb7e1D662b157Fc6eA0694972584C09BB,222049695517921061650019218267691199225610830,200,0.45,,reCAPTCHA.otf by Mira Dayal,0bd7bb41-118d-4392-8559-43082957c05d,reCAPTCHA.otf #15,https://ipfs.feralfile.com/ipfs/QmR4w7A3VAFz1Cbysg88mr9KqA8FgDAf3fVvhivBe6Av4L?,
Decentralized,One to Zero,reCAPTCHA.otf by Mira Dayal,0bd7bb41-118d-4392-8559-43082957c05d,0bd7bb41-118d-4392-8559-43082957c05d,0x8a20fB6eb7e1D662b157Fc6eA0694972584C09BB,222049695517921061650019218267691199225610832,200,0.47,,reCAPTCHA.otf by Mira Dayal,0bd7bb41-118d-4392-8559-43082957c05d,reCAPTCHA.otf #17,https://ipfs.feralfile.com/ipfs/QmcbgBrRT8DYZbjnevcT8nduf7nViFdRhc7HW27geAT8FE?,
Decentralized,One to Zero,reCAPTCHA.otf by Mira Dayal,0bd7bb41-118d-4392-8559-43082957c05d,0bd7bb41-118d-4392-8559-43082957c05d,0x8a20fB6eb7e1D662b157Fc6eA0694972584C09BB,222049695517921061650019218267691199225610834,200,0.44,,reCAPTCHA.otf by Mira Dayal,0bd7bb41-118d-4392-8559-43082957c05d,reCAPTCHA.otf #19,https://ipfs.feralfile.com/ipfs/QmRER9smBa6LjnMVvgnzxCVUzRMhVe43cAcba76TjcP5gV?,
Decentralized,One to Zero,Memory Intensified by Hand of Manual World by Adriana Ramić,3515cd8c-dabf-4a9c-896c-4d1a8cac69e4,3515cd8c-dabf-4a9c-896c-4d1a8cac69e4,0x8a20fB6eb7e1D662b157Fc6eA0694972584C09BB,3552795128286736986400307492283059187601773056,200,0.45,,Memory Intensified by Hand of Manual World by Adriana Ramić,3515cd8c-dabf-4a9c-896c-4d1a8cac69e4,Memory Intensified by Hand of Manual World #1,https://ipfs.feralfile.com/ipfs/QmX2fJajatq8c8jrNM7e8ZnWF3kQg2G3sqvmrKxd7YKGwU?,
Decentralized,One to Zero,Memory Intensified by Hand of Manual World by Adriana Ramić,3515cd8c-dabf-4a9c-896c-4d1a8cac69e4,3515cd8c-dabf-4a9c-896c-4d1a8cac69e4,0x8a20fB6eb7e1D662b157Fc6eA0694972584C09BB,3552795128286736986400307492283059187601773058,200,0.45,,Memory Intensified by Hand of Manual World by Adriana Ramić,3515cd8c-dabf-4a9c-896c-4d1a8cac69e4,Memory Intensified by Hand of Manual World #3,https://ipfs.feralfile.com/ipfs/Qmd54qqDPnFggPdq7L4K9LmkKDG9tUYpNUmQv52JeEbqTe?,
Decentralized,One to Zero,Memory Intensified by Hand of Manual World by Adriana Ramić,3515cd8c-dabf-4a9c-896c-4d1a8cac69e4,3515cd8c-dabf-4a9c-896c-4d1a8cac69e4,0x8a20fB6eb7e1D662b157Fc6eA0694972584C09BB,3552795128286736986400307492283059187601773060,200,0.46,,Memory Intensified by Hand of Manual World by Adriana Ramić,3515cd8c-dabf-4a9c-896c-4d1a8cac69e4,Memory Intensified by Hand of Manual World #5,https://ipfs.feralfile.com/ipfs/QmPvrHJ7YfnyNJFF7tsMRETUPvo2aropxfyEteFL8ynRQ9?,
Decentralized,One to Zero,Memory Intensified by Hand of Manual World by Adriana Ramić,3515cd8c-dabf-4a9c-896c-4d1a8cac69e4,3515cd8c-dabf-4a9c-896c-4d1a8cac69e4,0x8a20fB6eb7e1D662b157Fc6eA0694972584C09BB,3552795128286736986400307492283059187601773062,200,0.45,,Memory Intensified by Hand of Manual World by Adriana Ramić,3515cd8c-dabf-4a9c-896c-4d1a8cac69e4,Memory Intensified by Hand of Manual World #7,https://ipfs.feralfile.com/ipfs/QmQSitYTVyUyL3xzTJEJACBeNpJmjCUKSC1QZ4VxMrUZvH?,
Decentralized,One to Zero,Memory Intensified by Hand of Manual World by Adriana Ramić,3515cd8c-dabf-4a9c-896c-4d1a8cac69e4,3515cd8c-dabf-4a9c-896c-4d1a8cac69e4,0x8a20fB6eb7e1D662b157Fc6eA0694972584C09BB,3552795128286736986400307492283059187601773064,200,0.45,,Memory Intensified by Hand of Manual World by Adriana Ramić,3515cd8c-dabf-4a9c-896c-4d1a8cac69e4,Memory Intensified by Hand of Manual World #9,https://ipfs.feralfile.com/ipfs/QmeDPFebmd5RkuB55QGsqTHxreo6Ude41WinRGqdiUh1AT?,
Decentralized,One to Zero,Memory Intensified by Hand of Manual World by Adriana Ramić,3515cd8c-dabf-4a9c-896c-4d1a8cac69e4,3515cd8c-dabf-4a9c-896c-4d1a8cac69e4,0x8a20fB6eb7e1D662b157Fc6eA0694972584C09BB,3552795128286736986400307492283059187601773066,200,0.44,,Memory Intensified by Hand of Manual World by Adriana Ramić,3515cd8c-dabf-4a9c-896c-4d1a8cac69e4,Memory Intensified by Hand of Manual World #11,https://ipfs.feralfile.com/ipfs/QmbuytuzrmJzKgb9bPEuz2tjeBNHsfANyLny5YCoeHKuQ1?,
Decentralized,One to Zero,Memory Intensified by Hand of Manual World by Adriana Ramić,3515cd8c-dabf-4a9c-896c-4d1a8cac69e4,3515cd8c-dabf-4a9c-896c-4d1a8cac69e4,0x8a20fB6eb7e1D662b157Fc6eA0694972584C09BB,3552795128286736986400307492283059187601773068,200,0.44,,Memory Intensified by Hand of Manual World by Adriana Ramić,3515cd8c-dabf-4a9c-896c-4d1a8cac69e4,Memory Intensified by Hand of Manual World #13,https://ipfs.feralfile.com/ipfs/QmeFx4w9uhmUyLpKki6Yb4W2UUWPZRWtZHLdPEM4vVZpnd?,
Decentralized,One to Zero,Memory Intensified by Hand of Manual World by Adriana Ramić,3515cd8c-dabf-4a9c-896c-4d1a8cac69e4,3515cd8c-dabf-4a9c-896c-4d1a8cac69e4,0x8a20fB6eb7e1D662b157Fc6eA0694972584C09BB,3552795128286736986400307492283059187601773070,200,0.45,,Memory Intensified by Hand of Manual World by Adriana Ramić,3515cd8c-dabf-4a9c-896c-4d1a8cac69e4,Memory Intensified by Hand of Manual World #15,https://ipfs.feralfile.com/ipfs/QmYPaHHK9w8XhKHh18MYP6wh97jxHXSf7cdc1oFN91iKF4?,
Decentralized,One to Zero,Memory Intensified by Hand of Manual World by Adriana Ramić,3515cd8c-dabf-4a9c-896c-4d1a8cac69e4,3515cd8c-dabf-4a9c-896c-4d1a8cac69e4,0x8a20fB6eb7e1D662b157Fc6eA0694972584C09BB,3552795128286736986400307492283059187601773072,200,0.45,,Memory Intensified by Hand of Manual World by Adriana Ramić,3515cd8c-dabf-4a9c-896c-4d1a8cac69e4,Memory Intensified by Hand of Manual World #17,https://ipfs.feralfile.com/ipfs/QmdpCyqxtd3HL1oVJC7bvxZGBVfZiD1qbjkY2PDBz8cJow?,
Decentralized,One to Zero,Memory Intensified by Hand of Manual World by Adriana Ramić,3515cd8c-dabf-4a9c-896c-4d1a8cac69e4,3515cd8c-dabf-4a9c-896c-4d1a8cac69e4,0x8a20fB6eb7e1D662b157Fc6eA0694972584C09BB,3552795128286736986400307492283059187601773074,200,0.45,,Memory Intensified by Hand of Manual World by Adriana Ramić,3515cd8c-dabf-4a9c-896c-4d1a8cac69e4,Memory Intensified by Hand of Manual World #19,https://ipfs.feralfile.com/ipfs/QmXXmWU7VYFdTShSBUohXDumR2RgrQvwehz6iSApDcV4Ji?,
Decentralized,One to Zero,Downtime by Ryan Kuo,45700bea-403a-45ed-8f40-cd21f799142a,45700bea-403a-45ed-8f40-cd21f799142a,0x8a20fB6eb7e1D662b157Fc6eA0694972584C09BB,3552795128286736986400307492283059187596773056,200,0.46,,Downtime by Ryan Kuo,45700bea-403a-45ed-8f40-cd21f799142a,Downtime #1,https://ipfs.feralfile.com/ipfs/QmdmwpxLyT2Fk1bmuxTsb5aKrCXZQEoN5UosU5sV86iQ1x?,https://ipfs.feralfile.com/ipfs/QmU7CyjGsxMpRPBSLBXA4xB9qYgezEp4m6L7dMXm4fKi5v?
Decentralized,One to Zero,Downtime by Ryan Kuo,45700bea-403a-45ed-8f40-cd21f799142a,45700bea-403a-45ed-8f40-cd21f799142a,0x8a20fB6eb7e1D662b157Fc6eA0694972584C09BB,3552795128286736986400307492283059187596773058,200,0.51,,Downtime by Ryan Kuo,45700bea-403a-45ed-8f40-cd21f799142a,Downtime #3,https://ipfs.feralfile.com/ipfs/QmQHe91PPwLut952hCx6nxybcauWNpewUT5fFVMcg2XgtY?,https://ipfs.feralfile.com/ipfs/QmRMUuwZU2Hxkbh5aQSAwrmxdFPFZCqfb9p8wn9McrYkeW?
Decentralized,One to Zero,Downtime by Ryan Kuo,45700bea-403a-45ed-8f40-cd21f799142a,45700bea-403a-45ed-8f40-cd21f799142a,0x8a20fB6eb7e1D662b157Fc6eA0694972584C09BB,3552795128286736986400307492283059187596773060,200,0.45,,Downtime by Ryan Kuo,45700bea-403a-45ed-8f40-cd21f799142a,Downtime #5,https://ipfs.feralfile.com/ipfs/QmSLqLqREwX9awEsDJS3S5iY53iPLEJjwtKAzCFBSrVfcG?,https://ipfs.feralfile.com/ipfs/Qmf6aDMK4m2BXhqNi8pZX35sgPvSDZrvTr1ZbwY3edrsv7?
Decentralized,One to Zero,Downtime by Ryan Kuo,45700bea-403a-45ed-8f40-cd21f799142a,45700bea-403a-45ed-8f40-cd21f799142a,0x8a20fB6eb7e1D662b157Fc6eA0694972584C09BB,3552795128286736986400307492283059187596773062,200,0.45,,Downtime by Ryan Kuo,45700bea-403a-45ed-8f40-cd21f799142a,Downtime #7,https://ipfs.feralfile.com/ipfs/Qma1Ubto48WWGzgjyGvzeA4qaSh4psYewyXxtRBxzCmjSs?,https://ipfs.feralfile.com/ipfs/QmXcdsYUDJF7fu8f4rwFDXzY6RxuuyUwk4sH8MW3hysenu?
Decentralized,One to Zero,Downtime by Ryan Kuo,45700bea-403a-45ed-8f40-cd21f799142a,45700bea-403a-45ed-8f40-cd21f799142a,0x8a20fB6eb7e1D662b157Fc6eA0694972584C09BB,3552795128286736986400307492283059187596773064,200,0.45,,Downtime by Ryan Kuo,45700bea-403a-45ed-8f40-cd21f799142a,Downtime #9,https://ipfs.feralfile.com/ipfs/Qmf9uJ9hff2xB8fmGEUJosZ7feyQBBHJfd4D7uF1L5FZFg?,https://ipfs.feralfile.com/ipfs/QmWQFC75gSSp8TSfAAddWKQ3EUKN8dDpMnDW55qRvjk1S9?
Decentralized,One to Zero,Downtime by Ryan Kuo,45700bea-403a-45ed-8f40-cd21f799142a,45700bea-403a-45ed-8f40-cd21f799142a,0x8a20fB6eb7e1D662b157Fc6eA0694972584C09BB,3552795128286736986400307492283059187596773066,200,0.45,,Downtime by Ryan Kuo,45700bea-403a-45ed-8f40-cd21f799142a,Downtime #11,https://ipfs.feralfile.com/ipfs/QmVnFMSF1sBp7wifi9utmX9GYeUopVM29X3nGb2Ebp5yoJ?,https://ipfs.feralfile.com/ipfs/QmNRscE1sQETbJfhDNaHxzXHzPJdxtULrCE6dGa4aevZXa?
Decentralized,One to Zero,Downtime by Ryan Kuo,45700bea-403a-45ed-8f40-cd21f799142a,45700bea-403a-45ed-8f40-cd21f799142a,0x8a20fB6eb7e1D662b157Fc6eA0694972584C09BB,3552795128286736986400307492283059187596773068,200,0.46,,Downtime by Ryan Kuo,45700bea-403a-45ed-8f40-cd21f799142a,Downtime #13,https://ipfs.feralfile.com/ipfs/QmTLjLkmgEprWhZx55THq5eRjfo3RQUEYNVknsBYKQwxpA?,https://ipfs.feralfile.com/ipfs/QmRreTQuoTgvD5Xy9CWoSFx8b5gqMkbGv1rETKQTus7L6J?
Decentralized,One to Zero,Downtime by Ryan Kuo,45700bea-403a-45ed-8f40-cd21f799142a,45700bea-403a-45ed-8f40-cd21f799142a,0x8a20fB6eb7e1D662b157Fc6eA0694972584C09BB,3552795128286736986400307492283059187596773070,200,0.45,,Downtime by Ryan Kuo,45700bea-403a-45ed-8f40-cd21f799142a,Downtime #15,https://ipfs.feralfile.com/ipfs/QmaETA7JE1SfPneoSFjf632tg6YPtdPR9c7qomxv29teN4?,https://ipfs.feralfile.com/ipfs/QmUZqcNbcfu5VAdeDG9WCG4PMT2JtqY6yAbXCNikFgoCZ6?
Decentralized,One to Zero,Downtime by Ryan Kuo,45700bea-403a-45ed-8f40-cd21f799142a,45700bea-403a-45ed-8f40-cd21f799142a,0x8a20fB6eb7e1D662b157Fc6eA0694972584C09BB,3552795128286736986400307492283059187596773072,200,0.46,,Downtime by Ryan Kuo,45700bea-403a-45ed-8f40-cd21f799142a,Downtime #17,https://ipfs.feralfile.com/ipfs/QmYZz99pPnTPrunZWUx8RReFeBT54fRTgCtUeKNecJnBv3?,https://ipfs.feralfile.com/ipfs/QmS5bf74iAHjNNWQUbcXdMQJcG7aVVmBEYkZaCwAnFUETq?
Decentralized,One to Zero,Downtime by Ryan Kuo,45700bea-403a-45ed-8f40-cd21f799142a,45700bea-403a-45ed-8f40-cd21f799142a,0x8a20fB6eb7e1D662b157Fc6eA0694972584C09BB,3552795128286736986400307492283059187596773074,200,0.45,,Downtime by Ryan Kuo,45700bea-403a-45ed-8f40-cd21f799142a,Downtime #19,https://ipfs.feralfile.com/ipfs/QmcXZdDKhHXWicpvFK8DJfGmxLwEZdh5323t6ovqZpRF8p?,https://ipfs.feralfile.com/ipfs/QmbATkqd9CWtQKgzHiGY9NZv3RME3fm9r8VHaxVck2Zg4n?
Decentralized,One to Zero,In Tongues by Damon Zucconi,4cf5f23e-b506-44be-97bb-a943d8dee84b,4cf5f23e-b506-44be-97bb-a943d8dee84b,0x8a20fB6eb7e1D662b157Fc6eA0694972584C09BB,3552795128286736986400307492283059187595773057,200,0.46,,In Tongues by Damon Zucconi,4cf5f23e-b506-44be-97bb-a943d8dee84b,In Tongues #2,https://ipfs.feralfile.com/ipfs/QmVLRufw5NduepH34qtexzsgGHakrVV2om7nCvXjeMBFsX?,https://ipfs.feralfile.com/ipfs/QmQpqS9bnU3TUnSSbPnYUUb8jxAC6sYBju2pm9tDciqzK1?edition_number=1&artwork_number=2&blockchain=ethereum&contract=0x8a20fB6eb7e1D662b157Fc6eA0694972584C09BB&token_id=3552795128286736986400307492283059187595773057&token_id_hash=0xbda7b6b37b35d2132cbbc8b2107c4def19083586845ec23765d11fa241ff5c3f
Decentralized,One to Zero,In Tongues by Damon Zucconi,4cf5f23e-b506-44be-97bb-a943d8dee84b,4cf5f23e-b506-44be-97bb-a943d8dee84b,0x8a20fB6eb7e1D662b157Fc6eA0694972584C09BB,3552795128286736986400307492283059187595773064,200,0.45,,In Tongues by Damon Zucconi,4cf5f23e-b506-44be-97bb-a943d8dee84b,In Tongues #9,https://ipfs.feralfile.com/ipfs/QmZ1f6DP6TJtYZmVEhW4xtJZHc2vMyZisCnL9qzLweFew8?,https://ipfs.feralfile.com/ipfs/QmQpqS9bnU3TUnSSbPnYUUb8jxAC6sYBju2pm9tDciqzK1?edition_number=8&artwork_number=9&blockchain=ethereum&contract=0x8a20fB6eb7e1D662b157Fc6eA0694972584C09BB&token_id=3552795128286736986400307492283059187595773064&token_id_hash=0x91b99f891d564d3dd04baf44cdc12895b6bbb1fd9c46db789d18ec1064037d65
Decentralized,One to Zero,In Tongues by Damon Zucconi,4cf5f23e-b506-44be-97bb-a943d8dee84b,4cf5f23e-b506-44be-97bb-a943d8dee84b,0x8a20fB6eb7e1D662b157Fc6eA0694972584C09BB,3552795128286736986400307492283059187595773076,200,0.46,,In Tongues by Damon Zucconi,4cf5f23e-b506-44be-97bb-a943d8dee84b,In Tongues #21,https://ipfs.feralfile.com/ipfs/QmamTzEVqQxoXrpZCDg4F4H1MKfRYnzzz5ThCQpNVsF5ze?,https://ipfs.feralfile.com/ipfs/QmQpqS9bnU3TUnSSbPnYUUb8jxAC6sYBju2pm9tDciqzK1?edition_number=20&artwork_number=21&blockchain=ethereum&contract=0x8a20fB6eb7e1D662b157Fc6eA0694972584C09BB&token_id=3552795128286736986400307492283059187595773076&token_id_hash=0x9d86b5aef76f18883a8bb08cd599a94b60c18bcfd182cfffaf1aa53e516a9b94
Decentralized,One to Zero,In Tongues by Damon Zucconi,4cf5f23e-b506-44be-97bb-a943d8dee84b,4cf5f23e-b506-44be-97bb-a943d8dee84b,0x8a20fB6eb7e1D662b157Fc6eA0694972584C09BB,3552795128286736986400307492283059187595773056,200,0.45,,In Tongues by Damon Zucconi,4cf5f23e-b506-44be-97bb-a943d8dee84b,In Tongues #1,https://ipfs.feralfile.com/ipfs/QmP2cJR7R22tNRcTBVk7rgQpFaC6CFmb6kzxmvr2LVpsGs?,https://ipfs.feralfile.com/ipfs/QmQpqS9bnU3TUnSSbPnYUUb8jxAC6sYBju2pm9tDciqzK1?edition_number=0&artwork_number=1&blockchain=ethereum&contract=0x8a20fB6eb7e1D662b157Fc6eA0694972584C09BB&token_id=3552795128286736986400307492283059187595773056&token_id_hash=0x91e60660c3a75fee0f154049c421a37e78524ad47bf8a34b1403de36cdd7dcae
Decentralized,One to Zero,In Tongues by Damon Zucconi,4cf5f23e-b506-44be-97bb-a943d8dee84b,4cf5f23e-b506-44be-97bb-a943d8dee84b,0x8a20fB6eb7e1D662b157Fc6eA0694972584C09BB,3552795128286736986400307492283059187595773060,200,0.46,,In Tongues by Damon Zucconi,4cf5f23e-b506-44be-97bb-a943d8dee84b,In Tongues #5,https://ipfs.feralfile.com/ipfs/QmcvVPsAy2VHZKcHxAZbZKyg8fZMb1hdtkXYMsQ5bQ66xp?,https://ipfs.feralfile.com/ipfs/QmQpqS9bnU3TUnSSbPnYUUb8jxAC6sYBju2pm9tDciqzK1?edition_number=4&artwork_number=5&blockchain=ethereum&contract=0x8a20fB6eb7e1D662b157Fc6eA0694972584C09BB&token_id=3552795128286736986400307492283059187595773060&token_id_hash=0x942a6186441329735c460b607d7c4f27423b285b1e3694bdd1b3714f5d0525bf
Decentralized,One to Zero,In Tongues by Damon Zucconi,4cf5f23e-b506-44be-97bb-a943d8dee84b,4cf5f23e-b506-44be-97bb-a943d8dee84b,0x8a20fB6eb7e1D662b157Fc6eA0694972584C09BB,3552795128286736986400307492283059187595773062,200,0.43,,In Tongues by Damon Zucconi,4cf5f23e-b506-44be-97bb-a943d8dee84b,In Tongues #7,https://ipfs.feralfile.com/ipfs/QmUNKYFbuXffczxDmQrKvLW9QT3qbEhPPfV4HGu8KragYh?,https://ipfs.feralfile.com/ipfs/QmQpqS9bnU3TUnSSbPnYUUb8jxAC6sYBju2pm9tDciqzK1?edition_number=6&artwork_number=7&blockchain=ethereum&contract=0x8a20fB6eb7e1D662b157Fc6eA0694972584C09BB&token_id=3552795128286736986400307492283059187595773062&token_id_hash=0x5f6a921b29ae32ab9b2ea833c35d943d5e2e149834390b9626f5b9e6b1e41d01
Decentralized,One to Zero,In Tongues by Damon Zucconi,4cf5f23e-b506-44be-97bb-a943d8dee84b,4cf5f23e-b506-44be-97bb-a943d8dee84b,0x8a20fB6eb7e1D662b157Fc6eA0694972584C09BB,3552795128286736986400307492283059187595773065,200,0.46,,In Tongues by Damon Zucconi,4cf5f23e-b506-44be-97bb-a943d8dee84b,In Tongues #10,https://ipfs.feralfile.com/ipfs/QmVG8EQAzhDP565ZkrBVzA1N95q3jufCrTEvtvXXeGN4YA?,https://ipfs.feralfile.com/ipfs/QmQpqS9bnU3TUnSSbPnYUUb8jxAC6sYBju2pm9tDciqzK1?edition_number=9&artwork_number=10&blockchain=ethereum&contract=0x8a20fB6eb7e1D662b157Fc6eA0694972584C09BB&token_id=3552795128286736986400307492283059187595773065&token_id_hash=0x8b44aac1f295b423f91681de672b3370eee0a5c9eabd9caa8f8e29079cfdfd49
Decentralized,One to Zero,In Tongues by Damon Zucconi,4cf5f23e-b506-44be-97bb-a943d8dee84b,4cf5f23e-b506-44be-97bb-a943d8dee84b,0x8a20fB6eb7e1D662b157Fc6eA0694972584C09BB,3552795128286736986400307492283059187595773067,200,0.44,,In Tongues by Damon Zucconi,4cf5f23e-b506-44be-97bb-a943d8dee84b,In Tongues #12,https://ipfs.feralfile.com/ipfs/QmbrHXipXm3x88Tkv7FfdXnAGK47fMVCen59NjkPKzTd7a?,https://ipfs.feralfile.com/ipfs/QmQpqS9bnU3TUnSSbPnYUUb8jxAC6sYBju2pm9tDciqzK1?edition_number=11&artwork_number=12&blockchain=ethereum&contract=0x8a20fB6eb7e1D662b157Fc6eA0694972584C09BB&token_id=3552795128286736986400307492283059187595773067&token_id_hash=0x22b0a9393c28aa29162351c90ed5ebb5f49373e9cc717a55ac774389aa324427
Decentralized,One to Zero,In Tongues by Damon Zucconi,4cf5f23e-b506-44be-97bb-a943d8dee84b,4cf5f23e-b506-44be-97bb-a943d8dee84b,0x8a20fB6eb7e1D662b157Fc6eA0694972584C09BB,3552795128286736986400307492283059187595773069,200,0.45,,In Tongues by Damon Zucconi,4cf5f23e-b506-44be-97bb-a943d8dee84b,In Tongues #14,https://ipfs.feralfile.com/ipfs/QmNPA3zRCvu8RvVf1jq6BYXC9utVUZ3HAcVNBEyL9cD6Je?,https://ipfs.feralfile.com/ipfs/QmQpqS9bnU3TUnSSbPnYUUb8jxAC6sYBju2pm9tDciqzK1?edition_number=13&artwork_number=14&blockchain=ethereum&contract=0x8a20fB6eb7e1D662b157Fc6eA0694972584C09BB&token_id=3552795128286736986400307492283059187595773069&token_id_hash=0x60ff19d227ba0b96c9e326c6fb3e2d8c9221b8ee3fa02e0e951d3ea1bcb3550b
Decentralized,One to Zero,In Tongues by Damon Zucconi,4cf5f23e-b506-44be-97bb-a943d8dee84b,4cf5f23e-b506-44be-97bb-a943d8dee84b,0x8a20fB6eb7e1D662b157Fc6eA0694972584C09BB,3552795128286736986400307492283059187595773072,200,0.46,,In Tongues by Damon Zucconi,4cf5f23e-b506-44be-97bb-a943d8dee84b,In Tongues #17,https://ipfs.feralfile.com/ipfs/QmbnfKMXCrsivwZLatp9mhCs2CwuZMbruGuJzZJQayKmFU?,https://ipfs.feralfile.com/ipfs/QmQpqS9bnU3TUnSSbPnYUUb8jxAC6sYBju2pm9tDciqzK1?edition_number=16&artwork_number=17&blockchain=ethereum&contract=0x8a20fB6eb7e1D662b157Fc6eA0694972584C09BB&token_id=3552795128286736986400307492283059187595773072&token_id_hash=0x84e23b73e9e0d935d6de9aeba1366af667e4b8cd206ef5e715aae7200bd1f73c
Decentralized,One to Zero,Perfume Area: The Alphabet by Laurel Schwulst and Sydney Shen,6378ad0a-3aea-44dc-9369-c4f855bd35b6,6378ad0a-3aea-44dc-9369-c4f855bd35b6,0x8a20fB6eb7e1D662b157Fc6eA0694972584C09BB,3552795128286736986400307492283059187597773056,200,0.45,,Perfume Area: The Alphabet by Laurel Schwulst and Sydney Shen,6378ad0a-3aea-44dc-9369-c4f855bd35b6,Perfume Area: The Alphabet #1,https://ipfs.feralfile.com/ipfs/QmXYQVzM3rA1buvyENnXTSdtAqrzdruuLfBKzJReeMHECK?,
Decentralized,One to Zero,Perfume Area: The Alphabet by Laurel Schwulst and Sydney Shen,6378ad0a-3aea-44dc-9369-c4f855bd35b6,6378ad0a-3aea-44dc-9369-c4f855bd35b6,0x8a20fB6eb7e1D662b157Fc6eA0694972584C09BB,3552795128286736986400307492283059187597773058,200,0.44,,Perfume Area: The Alphabet by Laurel Schwulst and Sydney Shen,6378ad0a-3aea-44dc-9369-c4f855bd35b6,Perfume Area: The Alphabet #3,https://ipfs.feralfile.com/ipfs/QmUMNDu2VDsNxMQu5nVuHKeVkksNS2f7VR6YRMK65VLTQz?,
Decentralized,One to Zero,Perfume Area: The Alphabet by Laurel Schwulst and Sydney Shen,6378ad0a-3aea-44dc-9369-c4f855bd35b6,6378ad0a-3aea-44dc-9369-c4f855bd35b6,0x8a20fB6eb7e1D662b157Fc6eA0694972584C09BB,3552795128286736986400307492283059187597773060,200,0.46,,Perfume Area: The Alphabet by Laurel Schwulst and Sydney Shen,6378ad0a-3aea-44dc-9369-c4f855bd35b6,Perfume Area: The Alphabet #5,https://ipfs.feralfile.com/ipfs/QmXNZ7v9YfvoUMiKrxa9uXBqhdwgu69F4KwQnN8idqBZyn?,
Decentralized,One to Zero,Perfume Area: The Alphabet by Laurel Schwulst and Sydney Shen,6378ad0a-3aea-44dc-9369-c4f855bd35b6,6378ad0a-3aea-44dc-9369-c4f855bd35b6,0x8a20fB6eb7e1D662b157Fc6eA0694972584C09BB,3552795128286736986400307492283059187597773062,200,0.46,,Perfume Area: The Alphabet by Laurel Schwulst and Sydney Shen,6378ad0a-3aea-44dc-9369-c4f855bd35b6,Perfume Area: The Alphabet #7,https://ipfs.feralfile.com/ipfs/QmU9mrsipYdPQ8EPPsv3KYAu7zfuqjQxUVH3ebh2syyTFf?,
Decentralized,One to Zero,Perfume Area: The Alphabet by Laurel Schwulst and Sydney Shen,6378ad0a-3aea-44dc-9369-c4f855bd35b6,6378ad0a-3aea-44dc-9369-c4f855bd35b6,0x8a20fB6eb7e1D662b157Fc6eA0694972584C09BB,3552795128286736986400307492283059187597773064,200,0.46,,Perfume Area: The Alphabet by Laurel Schwulst and Sydney Shen,6378ad0a-3aea-44dc-9369-c4f855bd35b6,Perfume Area: The Alphabet #9,https://ipfs.feralfile.com/ipfs/QmNvMpqJXC2jxbMA2m2kHY9A4n192C7Jkzf1MoZCrZWbpB?,
Decentralized,One to Zero,Perfume Area: The Alphabet by Laurel Schwulst and Sydney Shen,6378ad0a-3aea-44dc-9369-c4f855bd35b6,6378ad0a-3aea-44dc-9369-c4f855bd35b6,0x8a20fB6eb7e1D662b157Fc6eA0694972584C09BB,3552795128286736986400307492283059187597773066,200,0.45,,Perfume Area: The Alphabet by Laurel Schwulst and Sydney Shen,6378ad0a-3aea-44dc-9369-c4f855bd35b6,Perfume Area: The Alphabet #11,https://ipfs.feralfile.com/ipfs/Qmf97hwGpstyPgPyKe7qjup1S3ZKq884tCCWHq9LMrFjCa?,
Decentralized,One to Zero,Perfume Area: The Alphabet by Laurel Schwulst and Sydney Shen,6378ad0a-3aea-44dc-9369-c4f855bd35b6,6378ad0a-3aea-44dc-9369-c4f855bd35b6,0x8a20fB6eb7e1D662b157Fc6eA0694972584C09BB,3552795128286736986400307492283059187597773068,200,0.44,,Perfume Area: The Alphabet by Laurel Schwulst and Sydney Shen,6378ad0a-3aea-44dc-9369-c4f855bd35b6,Perfume Area: The Alphabet #13,https://ipfs.feralfile.com/ipfs/QmNfSLmx1TyPxnACmsCoCV4frqDSwekwMpKTT2YWMY7wtB?,
Decentralized,One to Zero,Perfume Area: The Alphabet by Laurel Schwulst and Sydney Shen,6378ad0a-3aea-44dc-9369-c4f855bd35b6,6378ad0a-3aea-44dc-9369-c4f855bd35b6,0x8a20fB6eb7e1D662b157Fc6eA0694972584C09BB,3552795128286736986400307492283059187597773070,200,0.45,,Perfume Area: The Alphabet by Laurel Schwulst and Sydney Shen,6378ad0a-3aea-44dc-9369-c4f855bd35b6,Perfume Area: The Alphabet #15,https://ipfs.feralfile.com/ipfs/QmZdaLh4h2nipyVMZjted2jxFT451ZAjbfsSYNWpJsgLoj?,
Decentralized,One to Zero,Perfume Area: The Alphabet by Laurel Schwulst and Sydney Shen,6378ad0a-3aea-44dc-9369-c4f855bd35b6,6378ad0a-3aea-44dc-9369-c4f855bd35b6,0x8a20fB6eb7e1D662b157Fc6eA0694972584C09BB,3552795128286736986400307492283059187597773072,200,0.44,,Perfume Area: The Alphabet by Laurel Schwulst and Sydney Shen,6378ad0a-3aea-44dc-9369-c4f855bd35b6,Perfume Area: The Alphabet #17,https://ipfs.feralfile.com/ipfs/QmQvVNxmBxwgF3wVBELy17RV2NPFcKsZ5UhieVDRmbfnpU?,
Decentralized,One to Zero,Perfume Area: The Alphabet by Laurel Schwulst and Sydney Shen,6378ad0a-3aea-44dc-9369-c4f855bd35b6,6378ad0a-3aea-44dc-9369-c4f855bd35b6,0x8a20fB6eb7e1D662b157Fc6eA0694972584C09BB,3552795128286736986400307492283059187597773074,200,0.45,,Perfume Area: The Alphabet by Laurel Schwulst and Sydney Shen,6378ad0a-3aea-44dc-9369-c4f855bd35b6,Perfume Area: The Alphabet #19,https://ipfs.feralfile.com/ipfs/QmPfMf2cvhjzrJoXDYnwr8P3y9ngpN7fVEU1RgNBeuGd3h?,
Decentralized,One to Zero,PURCHASE CANCELLED by Dirk Paesmans,6d1f1dce-5933-4385-af71-5a994e919d4b,6d1f1dce-5933-4385-af71-5a994e919d4b,0x8a20fB6eb7e1D662b157Fc6eA0694972584C09BB,3552795128286736986400307492283059187600773056,200,0.44,,PURCHASE CANCELLED by Dirk Paesmans,6d1f1dce-5933-4385-af71-5a994e919d4b,PURCHASE CANCELLED #1,https://ipfs.feralfile.com/ipfs/QmQPGFyFzEpaupWH2ZF9pt6WJqUTm1merQpbHzGeJfJuf2?,https://ipfs.feralfile.com/ipfs/QmQPGFyFzEpaupWH2ZF9pt6WJqUTm1merQpbHzGeJfJuf2?
Decentralized,One to Zero,PURCHASE CANCELLED by Dirk Paesmans,6d1f1dce-5933-4385-af71-5a994e919d4b,6d1f1dce-5933-4385-af71-5a994e919d4b,0x8a20fB6eb7e1D662b157Fc6eA0694972584C09BB,3552795128286736986400307492283059187600773058,200,0.46,,PURCHASE CANCELLED by Dirk Paesmans,6d1f1dce-5933-4385-af71-5a994e919d4b,PURCHASE CANCELLED #3,https://ipfs.feralfile.com/ipfs/Qmb58cv6SiY77EDWBUUvDwbb6xcXtL8v5U5Hyx8wgJJY9Q?,https://ipfs.feralfile.com/ipfs/Qmb58cv6SiY77EDWBUUvDwbb6xcXtL8v5U5Hyx8wgJJY9Q?
Decentralized,One to Zero,PURCHASE CANCELLED by Dirk Paesmans,6d1f1dce-5933-4385-af71-5a994e919d4b,6d1f1dce-5933-4385-af71-5a994e919d4b,0x8a20fB6eb7e1D662b157Fc6eA0694972584C09BB,3552795128286736986400307492283059187600773060,200,0.46,,PURCHASE CANCELLED by Dirk Paesmans,6d1f1dce-5933-4385-af71-5a994e919d4b,PURCHASE CANCELLED #5,https://ipfs.feralfile.com/ipfs/QmaWpxDbiEqXpTRCFSXv1NxZsF5MdBpXTqNsZUuKWAYLCg?,https://ipfs.feralfile.com/ipfs/QmaWpxDbiEqXpTRCFSXv1NxZsF5MdBpXTqNsZUuKWAYLCg?
Decentralized,One to Zero,PURCHASE CANCELLED by Dirk Paesmans,6d1f1dce-5933-4385-af71-5a994e919d4b,6d1f1dce-5933-4385-af71-5a994e919d4b,0x8a20fB6eb7e1D662b157Fc6eA0694972584C09BB,3552795128286736986400307492283059187600773062,200,0.45,,PURCHASE CANCELLED by Dirk Paesmans,6d1f1dce-5933-4385-af71-5a994e919d4b,PURCHASE CANCELLED #7,https://ipfs.feralfile.com/ipfs/QmapBBFxUbi8Lkc5AkvHWpPzfJCmth8xHrJu9EYQXDjH9r?,https://ipfs.feralfile.com/ipfs/QmapBBFxUbi8Lkc5AkvHWpPzfJCmth8xHrJu9EYQXDjH9r?
Decentralized,One to Zero,PURCHASE CANCELLED by Dirk Paesmans,6d1f1dce-5933-4385-af71-5a994e919d4b,6d1f1dce-5933-4385-af71-5a994e919d4b,0x8a20fB6eb7e1D662b157Fc6eA0694972584C09BB,3552795128286736986400307492283059187600773064,200,0.45,,PURCHASE CANCELLED by Dirk Paesmans,6d1f1dce-5933-4385-af71-5a994e919d4b,PURCHASE CANCELLED #9,https://ipfs.feralfile.com/ipfs/QmUEDkCqdZivSq6EH288j1iS9WPqWYbJ8yTLFRD2Gpd9kV?,https://ipfs.feralfile.com/ipfs/QmUEDkCqdZivSq6EH288j1iS9WPqWYbJ8yTLFRD2Gpd9kV?
Decentralized,One to Zero,PURCHASE CANCELLED by Dirk Paesmans,6d1f1dce-5933-4385-af71-5a994e919d4b,6d1f1dce-5933-4385-af71-5a994e919d4b,0x8a20fB6eb7e1D662b157Fc6eA0694972584C09BB,3552795128286736986400307492283059187600773066,200,0.45,,PURCHASE CANCELLED by Dirk Paesmans,6d1f1dce-5933-4385-af71-5a994e919d4b,PURCHASE CANCELLED #11,https://ipfs.feralfile.com/ipfs/QmWYTTVkEXuJW5KcJq8S4PYvZvWDrjyDA72BEwmmWyM86C?,https://ipfs.feralfile.com/ipfs/QmWYTTVkEXuJW5KcJq8S4PYvZvWDrjyDA72BEwmmWyM86C?
Decentralized,One to Zero,PURCHASE CANCELLED by Dirk Paesmans,6d1f1dce-5933-4385-af71-5a994e919d4b,6d1f1dce-5933-4385-af71-5a994e919d4b,0x8a20fB6eb7e1D662b157Fc6eA0694972584C09BB,3552795128286736986400307492283059187600773068,200,0.46,,PURCHASE CANCELLED by Dirk Paesmans,6d1f1dce-5933-4385-af71-5a994e919d4b,PURCHASE CANCELLED #13,https://ipfs.feralfile.com/ipfs/QmWCw2iR99ooXkYRDSujr3EPPAh6Yh4MjGm4XWwt3TyFab?,https://ipfs.feralfile.com/ipfs/QmWCw2iR99ooXkYRDSujr3EPPAh6Yh4MjGm4XWwt3TyFab?
Decentralized,One to Zero,PURCHASE CANCELLED by Dirk Paesmans,6d1f1dce-5933-4385-af71-5a994e919d4b,6d1f1dce-5933-4385-af71-5a994e919d4b,0x8a20fB6eb7e1D662b157Fc6eA0694972584C09BB,3552795128286736986400307492283059187600773070,200,0.45,,PURCHASE CANCELLED by Dirk Paesmans,6d1f1dce-5933-4385-af71-5a994e919d4b,PURCHASE CANCELLED #15,https://ipfs.feralfile.com/ipfs/Qmf4KZCc7FaJLbEsuHswgEHRwgSQ8ymrCpDRKAHZsDDvwV?,https://ipfs.feralfile.com/ipfs/Qmf4KZCc7FaJLbEsuHswgEHRwgSQ8ymrCpDRKAHZsDDvwV?
Decentralized,One to Zero,PURCHASE CANCELLED by Dirk Paesmans,6d1f1dce-5933-4385-af71-5a994e919d4b,6d1f1dce-5933-4385-af71-5a994e919d4b,0x8a20fB6eb7e1D662b157Fc6eA0694972584C09BB,3552795128286736986400307492283059187600773072,200,0.45,,PURCHASE CANCELLED by Dirk Paesmans,6d1f1dce-5933-4385-af71-5a994e919d4b,PURCHASE CANCELLED #17,https://ipfs.feralfile.com/ipfs/QmPhQRCVn66TceRUoXvJCZgkCbtuaideR6JLNGijQHuKPd?,https://ipfs.feralfile.com/ipfs/QmPhQRCVn66TceRUoXvJCZgkCbtuaideR6JLNGijQHuKPd?
Decentralized,One to Zero,PURCHASE CANCELLED by Dirk Paesmans,6d1f1dce-5933-4385-af71-5a994e919d4b,6d1f1dce-5933-4385-af71-5a994e919d4b,0x8a20fB6eb7e1D662b157Fc6eA0694972584C09BB,3552795128286736986400307492283059187600773074,200,0.45,,PURCHASE CANCELLED by Dirk Paesmans,6d1f1dce-5933-4385-af71-5a994e919d4b,PURCHASE CANCELLED #19,https://ipfs.feralfile.com/ipfs/QmUhq7m5ntnwaMmru7H5CUwxMhLSHTWiEJMHmow5EYxbcw?,https://ipfs.feralfile.com/ipfs/QmUhq7m5ntnwaMmru7H5CUwxMhLSHTWiEJMHmow5EYxbcw?
Decentralized,One to Zero,Mon Alphabet en Signes by Laura Brown,c3753955-b019-44ee-9190-d06ebb1ccd37,c3753955-b019-44ee-9190-d06ebb1ccd37,0x8a20fB6eb7e1D662b157Fc6eA0694972584C09BB,3552795128286736986400307492283059187599773056,200,0.46,,Mon Alphabet en Signes by Laura Brown,c3753955-b019-44ee-9190-d06ebb1ccd37,Mon Alphabet en Signes #1,https://ipfs.feralfile.com/ipfs/QmZAoyb15fHp5bJNQc5Smbv1spC56LRTLeV9hkjhw2nE3F?,https://ipfs.feralfile.com/ipfs/QmZiAoiH8kbNebZTpTYzW3FRrkjryfbQR6xKRx49acLk4a?
Decentralized,One to Zero,Mon Alphabet en Signes by Laura Brown,c3753955-b019-44ee-9190-d06ebb1ccd37,c3753955-b019-44ee-9190-d06ebb1ccd37,0x8a20fB6eb7e1D662b157Fc6eA0694972584C09BB,3552795128286736986400307492283059187599773058,200,0.45,,Mon Alphabet en Signes by Laura Brown,c3753955-b019-44ee-9190-d06ebb1ccd37,Mon Alphabet en Signes #3,https://ipfs.feralfile.com/ipfs/QmbohWogs4iLX72jvyecRFzUnYyFRLrStQ3uTxpK3Usyoo?,https://ipfs.feralfile.com/ipfs/QmT6RDcyF1DK3R4rCeZZAUZtBGwymNCZrKwtypow3F7u7n?
Decentralized,One to Zero,Mon Alphabet en Signes by Laura Brown,c3753955-b019-44ee-9190-d06ebb1ccd37,c3753955-b019-44ee-9190-d06ebb1ccd37,0x8a20fB6eb7e1D662b157Fc6eA0694972584C09BB,3552795128286736986400307492283059187599773060,200,0.44,,Mon Alphabet en Signes by Laura Brown,c3753955-b019-44ee-9190-d06ebb1ccd37,Mon Alphabet en Signes #5,https://ipfs.feralfile.com/ipfs/Qmdfo4acQfvHPNVMd9oqHQHphttaA2nnNEmWFNNf8Be9vk?,https://ipfs.feralfile.com/ipfs/Qmbjh11utgvKwf8XuYfEErkpb1H7zEkJHL8Ufch3Jpqhy9?
Decentralized,One to Zero,Mon Alphabet en Signes by Laura Brown,c3753955-b019-44ee-9190-d06ebb1ccd37,c3753955-b019-44ee-9190-d06ebb1ccd37,0x8a20fB6eb7e1D662b157Fc6eA0694972584C09BB,3552795128286736986400307492283059187599773062,200,0.45,,Mon Alphabet en Signes by Laura Brown,c3753955-b019-44ee-9190-d06ebb1ccd37,Mon Alphabet en Signes #7,https://ipfs.feralfile.com/ipfs/QmP14PFT6grzzRHii1ZhMHNhqgMz37ZgRFXrxHgupTKmFs?,https://ipfs.feralfile.com/ipfs/Qmd3W2tTJVfUQkVW3NieNQFd1ss5UP9qhE9mziHx6zS2ed?
Decentralized,One to Zero,Mon Alphabet en Signes by Laura Brown,c3753955-b019-44ee-9190-d06ebb1ccd37,c3753955-b019-44ee-9190-d06ebb1ccd37,0x8a20fB6eb7e1D662b157Fc6eA0694972584C09BB,3552795128286736986400307492283059187599773064,200,0.46,,Mon Alphabet en Signes by Laura Brown,c3753955-b019-44ee-9190-d06ebb1ccd37,Mon Alphabet en Signes #9,https://ipfs.feralfile.com/ipfs/QmdypBseBQWpc8bumtPDoJxkJV8mGcS9vEcQMaLBycvRGN?,https://ipfs.feralfile.com/ipfs/QmUKWXBkeVxn4j8AazebyzFmUvG79ZccPB7qu1qffP2DiS?
Decentralized,One to Zero,Mon Alphabet en Signes by Laura Brown,c3753955-b019-44ee-9190-d06ebb1ccd37,c3753955-b019-44ee-9190-d06ebb1ccd37,0x8a20fB6eb7e1D662b157Fc6eA0694972584C09BB,3552795128286736986400307492283059187599773066,200,0.44,,Mon Alphabet en Signes by Laura Brown,c3753955-b019-44ee-9190-d06ebb1ccd37,Mon Alphabet en Signes #11,https://ipfs.feralfile.com/ipfs/QmTBQwt8MQU876fi765y6QuCF4AXieF1DgtAGXQGT2Vg2G?,https://ipfs.feralfile.com/ipfs/QmeibUiekQQgveveqHvk6nJ9BVSgy9eGkCWkwGcuQVzy4r?
Decentralized,One to Zero,Mon Alphabet en Signes by Laura Brown,c3753955-b019-44ee-9190-d06ebb1ccd37,c3753955-b019-44ee-9190-d06ebb1ccd37,0x8a20fB6eb7e1D662b157Fc6eA0694972584C09BB,3552795128286736986400307492283059187599773068,200,0.46,,Mon Alphabet en Signes by Laura Brown,c3753955-b019-44ee-9190-d06ebb1ccd37,Mon Alphabet en Signes #13,https://ipfs.feralfile.com/ipfs/Qme5iL3Jqg6n1Z6AjW9k5fh4REVJAXuKfEcqqFkQMBKf66?,https://ipfs.feralfile.com/ipfs/Qmebs15vxK8otvdEdvHk8yGQth2W9QmJeF9zbkKZNkRz5E?
Decentralized,One to Zero,Mon Alphabet en Signes by Laura Brown,c3753955-b019-44ee-9190-d06ebb1ccd37,c3753955-b019-44ee-9190-d06ebb1ccd37,0x8a20fB6eb7e1D662b157Fc6eA0694972584C09BB,3552795128286736986400307492283059187599773070,200,0.46,,Mon Alphabet en Signes by Laura Brown,c3753955-b019-44ee-9190-d06ebb1ccd37,Mon Alphabet en Signes #15,https://ipfs.feralfile.com/ipfs/QmPnoS1NMu1SxkKjawbfB3sBWNeY4vghd54AfmMR6jVX6v?,https://ipfs.feralfile.com/ipfs/QmdBainDNxVFsr5zR2QqPGLcH3ocC45nBdDn9pcf5iz7VR?
Decentralized,One to Zero,Mon Alphabet en Signes by Laura Brown,c3753955-b019-44ee-9190-d06ebb1ccd37,c3753955-b019-44ee-9190-d06ebb1ccd37,0x8a20fB6eb7e1D662b157Fc6eA0694972584C09BB,3552795128286736986400307492283059187599773072,200,0.46,,Mon Alphabet en Signes by Laura Brown,c3753955-b019-44ee-9190-d06ebb1ccd37,Mon Alphabet en Signes #17,https://ipfs.feralfile.com/ipfs/QmPeRF9aXkLeAiBSqsiVxucXCbk9nZtxiC4nGNmDE967tS?,https://ipfs.feralfile.com/ipfs/QmZrJWmd3g1fqk7AtYAjHAvRjUq7XLSoKUWaNbd1NkFEBp?
Decentralized,One to Zero,Mon Alphabet en Signes by Laura Brown,c3753955-b019-44ee-9190-d06ebb1ccd37,c3753955-b019-44ee-9190-d06ebb1ccd37,0x8a20fB6eb7e1D662b157Fc6eA0694972584C09BB,3552795128286736986400307492283059187599773074,200,0.45,,Mon Alphabet en Signes by Laura Brown,c3753955-b019-44ee-9190-d06ebb1ccd37,Mon Alphabet en Signes #19,https://ipfs.feralfile.com/ipfs/QmZpwNK88zQpBDmrK3WrfCUVBmi1x5dm1rQi1knPUQtb9D?,https://ipfs.feralfile.com/ipfs/QmXbGbMQVedmvGKoVEYVBSMUzGp94pzVkyeiKMk8DfE8pE?
Decentralized,One to Zero,Human Abecedary: Inter-Letters by Viktor Timofeev,d08770b9-536b-4129-b122-b47269fb0b64,d08770b9-536b-4129-b122-b47269fb0b64,0x8a20fB6eb7e1D662b157Fc6eA0694972584C09BB,3552795128286736986400307492283059187598773056,200,0.46,,Human Abecedary: Inter-Letters by Viktor Timofeev,d08770b9-536b-4129-b122-b47269fb0b64,Human Abecedary: Inter-Letters #1,https://ipfs.feralfile.com/ipfs/QmXGZZRP7bz9NrnpKThdggYoP6nk8FnnGensJDTVKe2w1F?,https://ipfs.feralfile.com/ipfs/Qme6ohefhqjDU6RrUpCwo7AECsADh64a2xkqNMAXoyEo9D?
Decentralized,One to Zero,Human Abecedary: Inter-Letters by Viktor Timofeev,d08770b9-536b-4129-b122-b47269fb0b64,d08770b9-536b-4129-b122-b47269fb0b64,0x8a20fB6eb7e1D662b157Fc6eA0694972584C09BB,3552795128286736986400307492283059187598773058,200,0.46,,Human Abecedary: Inter-Letters by Viktor Timofeev,d08770b9-536b-4129-b122-b47269fb0b64,Human Abecedary: Inter-Letters #3,https://ipfs.feralfile.com/ipfs/QmS4mDTKVZQfKfsUi4qHmRGZ3tGCWhNHWs3tJdAjKm1bHj?,https://ipfs.feralfile.com/ipfs/QmbYZfRWL1CqfuEKKuR3PWMEmG48HWZ9X9R76oPQcgxi9W?
Decentralized,One to Zero,Human Abecedary: Inter-Letters by Viktor Timofeev,d08770b9-536b-4129-b122-b47269fb0b64,d08770b9-536b-4129-b122-b47269fb0b64,0x8a20fB6eb7e1D662b157Fc6eA0694972584C09BB,3552795128286736986400307492283059187598773060,200,0.45,,Human Abecedary: Inter-Letters by Viktor Timofeev,d08770b9-536b-4129-b122-b47269fb0b64,Human Abecedary: Inter-Letters #5,https://ipfs.feralfile.com/ipfs/QmTgeZnkfFA9wYkMjF6S5uuXj4TLhWTLRddxYXQnNKGTDf?,https://ipfs.feralfile.com/ipfs/QmZdZuKNibVAfN9EwMECicHqpNrTdMC64JwLjNZJNBn3Re?
Decentralized,One to Zero,Human Abecedary: Inter-Letters by Viktor Timofeev,d08770b9-536b-4129-b122-b47269fb0b64,d08770b9-536b-4129-b122-b47269fb0b64,0x8a20fB6eb7e1D662b157Fc6eA0694972584C09BB,3552795128286736986400307492283059187598773062,200,0.45,,Human Abecedary: Inter-Letters by Viktor Timofeev,d08770b9-536b-4129-b122-b47269fb0b64,Human Abecedary: Inter-Letters #7,https://ipfs.feralfile.com/ipfs/QmbqaQ9GgUWxkUi9zKwgH7PSMDrZ2JjuN8xJNWz5haST6s?,https://ipfs.feralfile.com/ipfs/QmPCWJYbUjz9STcQokizMShPQiJN1ftVsL5XEmYVk72HPT?
Decentralized,One to Zero,Human Abecedary: Inter-Letters by Viktor Timofeev,d08770b9-536b-4129-b122-b47269fb0b64,d08770b9-536b-4129-b122-b47269fb0b64,0x8a20fB6eb7e1D662b157Fc6eA0694972584C09BB,3552795128286736986400307492283059187598773064,200,0.48,,Human Abecedary: Inter-Letters by Viktor Timofeev,d08770b9-536b-4129-b122-b47269fb0b64,Human Abecedary: Inter-Letters #9,https://ipfs.feralfile.com/ipfs/QmbacbsdFPrnECsyHJ21t7Py1S4ZGVGWU9FVqJCyrzNBwi?,https://ipfs.feralfile.com/ipfs/QmQJvWeVzmfhimcAw4wgiGHwArk5iMCsd3XsxkLScTngRr?
Decentralized,One to Zero,Human Abecedary: Inter-Letters by Viktor Timofeev,d08770b9-536b-4129-b122-b47269fb0b64,d08770b9-536b-4129-b122-b47269fb0b64,0x8a20fB6eb7e1D662b157Fc6eA0694972584C09BB,3552795128286736986400307492283059187598773066,200,0.45,,Human Abecedary: Inter-Letters by Viktor Timofeev,d08770b9-536b-4129-b122-b47269fb0b64,Human Abecedary: Inter-Letters #11,https://ipfs.feralfile.com/ipfs/QmY9mwCd8MwC3kDLaPCZouoDMDAtuZrjUHNpyxTw9wFJPm?,https://ipfs.feralfile.com/ipfs/Qma9NWyagqc51TxrAdU8kjQWHzG3QV4z1pmwMAfvRn7zo3?
Decentralized,One to Zero,Human Abecedary: Inter-Letters by Viktor Timofeev,d08770b9-536b-4129-b122-b47269fb0b64,d08770b9-536b-4129-b122-b47269fb0b64,0x8a20fB6eb7e1D662b157Fc6eA0694972584C09BB,3552795128286736986400307492283059187598773068,200,0.46,,Human Abecedary: Inter-Letters by Viktor Timofeev,d08770b9-536b-4129-b122-b47269fb0b64,Human Abecedary: Inter-Letters #13,https://ipfs.feralfile.com/ipfs/QmdkcoZ2JpZA1ggn4tHZukv7Zvv4rZjhUWb127ePAAGtDD?,https://ipfs.feralfile.com/ipfs/QmUX4apQhhYxRMxTfyREdLYrRqcCKUQTWNsbPJXMJrYCqB?
Decentralized,One to Zero,Human Abecedary: Inter-Letters by Viktor Timofeev,d08770b9-536b-4129-b122-b47269fb0b64,d08770b9-536b-4129-b122-b47269fb0b64,0x8a20fB6eb7e1D662b157Fc6eA0694972584C09BB,3552795128286736986400307492283059187598773070,200,0.45,,Human Abecedary: Inter-Letters by Viktor Timofeev,d08770b9-536b-4129-b122-b47269fb0b64,Human Abecedary: Inter-Letters #15,https://ipfs.feralfile.com/ipfs/QmVZbU7rB4sSkLPBirH1LYu8Y56ZaA9EXiqd6GFNARfQdj?,https://ipfs.feralfile.com/ipfs/QmYo4pTnMgD5aCPoCSiXqvpdDASK4TemUxi1xMFeQ7SRLW?
Decentralized,One to Zero,Human Abecedary: Inter-Letters by Viktor Timofeev,d08770b9-536b-4129-b122-b47269fb0b64,d08770b9-536b-4129-b122-b47269fb0b64,0x8a20fB6eb7e1D662b157Fc6eA0694972584C09BB,3552795128286736986400307492283059187598773072,200,0.46,,Human Abecedary: Inter-Letters by Viktor Timofeev,d08770b9-536b-4129-b122-b47269fb0b64,Human Abecedary: Inter-Letters #17,https://ipfs.feralfile.com/ipfs/QmbvE6essoVf1KUB1FqWEBQWkW75KoPKUruHXuXaoXLkvf?,https://ipfs.feralfile.com/ipfs/QmXsVAe346Ri8BizYQdW3FLhfAG39V5jvNij5m8YCAXJz5?
Decentralized,One to Zero,Human Abecedary: Inter-Letters by Viktor Timofeev,d08770b9-536b-4129-b122-b47269fb0b64,d08770b9-536b-4129-b122-b47269fb0b64,0x8a20fB6eb7e1D662b157Fc6eA0694972584C09BB,3552795128286736986400307492283059187598773074,200,0.45,,Human Abecedary: Inter-Letters by Viktor Timofeev,d08770b9-536b-4129-b122-b47269fb0b64,Human Abecedary: Inter-Letters #19,https://ipfs.feralfile.com/ipfs/QmWkTa2byF5ffxWNAF6NqVXQHBxBRCs249NK5hy1PiCLha?,https://ipfs.feralfile.com/ipfs/QmZsDdsvkfRztzPwWLeHtC9f6oAgFR2qCPs2SHf4EFJECS?
Decentralized,Opening Celebration — Refik Anadol: Unsupervised,Study for Unsupervised by Refik Anadol,88397634-9974-40fa-ab9b-b9632410229e,88397634-9974-40fa-ab9b-b9632410229e,0x7E6c132B8cb00899d17750E0fD982EA122C6b0f2,67769679953894571193796202344826209057109739616313774406661493655584228253299,200,0.46,,Study for Unsupervised by Refik Anadol,88397634-9974-40fa-ab9b-b9632410229e,Study for Unsupervised #951,https://cdn.feralfileassets.com/thumbnails/88397634-9974-40fa-ab9b-b9632410229e/1668650059,https://cdn.feralfileassets.com/previews/88397634-9974-40fa-ab9b-b9632410229e/1668572603/preview.mp4
Decentralized,Opening Celebration — Refik Anadol: Unsupervised,Study for Unsupervised by Refik Anadol,88397634-9974-40fa-ab9b-b9632410229e,88397634-9974-40fa-ab9b-b9632410229e,0x7E6c132B8cb00899d17750E0fD982EA122C6b0f2,67769679953894571193796202344826209057109739616313774406661493655584228253303,200,0.45,,Study for Unsupervised by Refik Anadol,88397634-9974-40fa-ab9b-b9632410229e,Study for Unsupervised #955,https://cdn.feralfileassets.com/thumbnails/88397634-9974-40fa-ab9b-b9632410229e/1668650059,https://cdn.feralfileassets.com/previews/88397634-9974-40fa-ab9b-b9632410229e/1668572603/preview.mp4
Decentralized,Opening Celebration — Refik Anadol: Unsupervised,Study for Unsupervised by Refik Anadol,88397634-9974-40fa-ab9b-b9632410229e,88397634-9974-40fa-ab9b-b9632410229e,0x7E6c132B8cb00899d17750E0fD982EA122C6b0f2,67769679953894571193796202344826209057109739616313774406661493655584228253307,200,0.45,,Study for Unsupervised by Refik Anadol,88397634-9974-40fa-ab9b-b9632410229e,Study for Unsupervised #959,https://cdn.feralfileassets.com/thumbnails/88397634-9974-40fa-ab9b-b9632410229e/1668650059,https://cdn.feralfileassets.com/previews/88397634-9974-40fa-ab9b-b9632410229e/1668572603/preview.mp4
Decentralized,Opening Celebration — Refik Anadol: Unsupervised,Study for Unsupervised by Refik Anadol,88397634-9974-40fa-ab9b-b9632410229e,88397634-9974-40fa-ab9b-b9632410229e,0x7E6c132B8cb00899d17750E0fD982EA122C6b0f2,67769679953894571193796202344826209057109739616313774406661493655584228253311,200,0.46,,Study for Unsupervised by Refik Anadol,88397634-9974-40fa-ab9b-b9632410229e,Study for Unsupervised #963,https://cdn.feralfileassets.com/thumbnails/88397634-9974-40fa-ab9b-b9632410229e/1668650059,https://cdn.feralfileassets.com/previews/88397634-9974-40fa-ab9b-b9632410229e/1668572603/preview.mp4
Decentralized,Opening Celebration — Refik Anadol: Unsupervised,Study for Unsupervised by Refik Anadol,88397634-9974-40fa-ab9b-b9632410229e,88397634-9974-40fa-ab9b-b9632410229e,0x7E6c132B8cb00899d17750E0fD982EA122C6b0f2,67769679953894571193796202344826209057109739616313774406661493655584228253315,200,0.46,,Study for Unsupervised by Refik Anadol,88397634-9974-40fa-ab9b-b9632410229e,Study for Unsupervised #967,https://cdn.feralfileassets.com/thumbnails/88397634-9974-40fa-ab9b-b9632410229e/1668650059,https://cdn.feralfileassets.com/previews/88397634-9974-40fa-ab9b-b9632410229e/1668572603/preview.mp4
Decentralized,Opening Celebration — Refik Anadol: Unsupervised,Study for Unsupervised by Refik Anadol,88397634-9974-40fa-ab9b-b9632410229e,88397634-9974-40fa-ab9b-b9632410229e,0x7E6c132B8cb00899d17750E0fD982EA122C6b0f2,67769679953894571193796202344826209057109739616313774406661493655584228253319,200,0.47,,Study for Unsupervised by Refik Anadol,88397634-9974-40fa-ab9b-b9632410229e,Study for Unsupervised #971,https://cdn.feralfileassets.com/thumbnails/88397634-9974-40fa-ab9b-b9632410229e/1668650059,https://cdn.feralfileassets.com/previews/88397634-9974-40fa-ab9b-b9632410229e/1668572603/preview.mp4
Decentralized,Opening Celebration — Refik Anadol: Unsupervised,Study for Unsupervised by Refik Anadol,88397634-9974-40fa-ab9b-b9632410229e,88397634-9974-40fa-ab9b-b9632410229e,0x7E6c132B8cb00899d17750E0fD982EA122C6b0f2,67769679953894571193796202344826209057109739616313774406661493655584228253323,200,0.45,,Study for Unsupervised by Refik Anadol,88397634-9974-40fa-ab9b-b9632410229e,Study for Unsupervised #975,https://cdn.feralfileassets.com/thumbnails/88397634-9974-40fa-ab9b-b9632410229e/1668650059,https://cdn.feralfileassets.com/previews/88397634-9974-40fa-ab9b-b9632410229e/1668572603/preview.mp4
Decentralized,Opening Celebration — Refik Anadol: Unsupervised,Study for Unsupervised by Refik Anadol,88397634-9974-40fa-ab9b-b9632410229e,88397634-9974-40fa-ab9b-b9632410229e,0x7E6c132B8cb00899d17750E0fD982EA122C6b0f2,67769679953894571193796202344826209057109739616313774406661493655584228253327,200,0.46,,Study for Unsupervised by Refik Anadol,88397634-9974-40fa-ab9b-b9632410229e,Study for Unsupervised #979,https://cdn.feralfileassets.com/thumbnails/88397634-9974-40fa-ab9b-b9632410229e/1668650059,https://cdn.feralfileassets.com/previews/88397634-9974-40fa-ab9b-b9632410229e/1668572603/preview.mp4
Decentralized,Opening Celebration — Refik Anadol: Unsupervised,Study for Unsupervised by Refik Anadol,88397634-9974-40fa-ab9b-b9632410229e,88397634-9974-40fa-ab9b-b9632410229e,0x7E6c132B8cb00899d17750E0fD982EA122C6b0f2,67769679953894571193796202344826209057109739616313774406661493655584228253331,200,0.45,,Study for Unsupervised by Refik Anadol,88397634-9974-40fa-ab9b-b9632410229e,Study for Unsupervised #983,https://cdn.feralfileassets.com/thumbnails/88397634-9974-40fa-ab9b-b9632410229e/1668650059,https://cdn.feralfileassets.com/previews/88397634-9974-40fa-ab9b-b9632410229e/1668572603/preview.mp4
Decentralized,Opening Celebration — Refik Anadol: Unsupervised,Study for Unsupervised by Refik Anadol,88397634-9974-40fa-ab9b-b9632410229e,88397634-9974-40fa-ab9b-b9632410229e,0x7E6c132B8cb00899d17750E0fD982EA122C6b0f2,67769679953894571193796202344826209057109739616313774406661493655584228253335,200,0.46,,Study for Unsupervised by Refik Anadol,88397634-9974-40fa-ab9b-b9632410229e,Study for Unsupervised #987,https://cdn.feralfileassets.com/thumbnails/88397634-9974-40fa-ab9b-b9632410229e/1668650059,https://cdn.feralfileassets.com/previews/88397634-9974-40fa-ab9b-b9632410229e/1668572603/preview.mp4
Decentralized,Peer to Peer,The Bell Machine by Anne Spalter,4d3d60e8-0f7b-4578-b5a7-efae617c3ce2,4d3d60e8-0f7b-4578-b5a7-efae617c3ce2,0x2A86C5466f088caEbf94e071a77669BAe371CD87,102483456495595525347856182687662158730242810709523643804999349043957638016883,200,0.58,,The Bell Machine by Anne Spalter,4d3d60e8-0f7b-4578-b5a7-efae617c3ce2,The Bell Machine ,https://cdn.feralfileassets.com/thumbnails/4d3d60e8-0f7b-4578-b5a7-efae617c3ce2/1664939721,https://cdn.feralfileassets.com/previews/4d3d60e8-0f7b-4578-b5a7-efae617c3ce2/1667251143/preview.mp4
Decentralized,Peer to Peer,The Bell Machine by Anne Spalter,4d3d60e8-0f7b-4578-b5a7-efae617c3ce2,4d3d60e8-0f7b-4578-b5a7-efae617c3ce2,0x2A86C5466f088caEbf94e071a77669BAe371CD87,102483456495595525347856182687662158730242810709523643804999349043957638016884,200,0.58,,The Bell Machine by Anne Spalter,4d3d60e8-0f7b-4578-b5a7-efae617c3ce2,The Bell Machine ,https://cdn.feralfileassets.com/thumbnails/4d3d60e8-0f7b-4578-b5a7-efae617c3ce2/1664939721,https://cdn.feralfileassets.com/previews/4d3d60e8-0f7b-4578-b5a7-efae617c3ce2/1667251143/preview.mp4
Decentralized,Peer to Peer,The Bell Machine by Anne Spalter,4d3d60e8-0f7b-4578-b5a7-efae617c3ce2,4d3d60e8-0f7b-4578-b5a7-efae617c3ce2,0x2A86C5466f088caEbf94e071a77669BAe371CD87,102483456495595525347856182687662158730242810709523643804999349043957638016885,200,0.58,,The Bell Machine by Anne Spalter,4d3d60e8-0f7b-4578-b5a7-efae617c3ce2,The Bell Machine ,https://cdn.feralfileassets.com/thumbnails/4d3d60e8-0f7b-4578-b5a7-efae617c3ce2/1664939721,https://cdn.feralfileassets.com/previews/4d3d60e8-0f7b-4578-b5a7-efae617c3ce2/1667251143/preview.mp4
Decentralized,Peer to Peer,The Bell Machine by Anne Spalter,4d3d60e8-0f7b-4578-b5a7-efae617c3ce2,4d3d60e8-0f7b-4578-b5a7-efae617c3ce2,0x2A86C5466f088caEbf94e071a77669BAe371CD87,102483456495595525347856182687662158730242810709523643804999349043957638016886,200,0.59,,The Bell Machine by Anne Spalter,4d3d60e8-0f7b-4578-b5a7-efae617c3ce2,The Bell Machine ,https://cdn.feralfileassets.com/thumbnails/4d3d60e8-0f7b-4578-b5a7-efae617c3ce2/1664939721,https://cdn.feralfileassets.com/previews/4d3d60e8-0f7b-4578-b5a7-efae617c3ce2/1667251143/preview.mp4
Decentralized,Peer to Peer,Caryatid: Thought by Sarah Zucker,51de9ede-43ee-43a8-8af5-3771d73eacc7,51de9ede-43ee-43a8-8af5-3771d73eacc7,0x2A86C5466f088caEbf94e071a77669BAe371CD87,44336782902772445271281414922165901279839521989210301461051430933994537843287,200,0.6,,Caryatid: Thought by Sarah Zucker,51de9ede-43ee-43a8-8af5-3771d73eacc7,Caryatid: Thought ,https://cdn.feralfileassets.com/thumbnails/51de9ede-43ee-43a8-8af5-3771d73eacc7/1668903858,https://cdn.feralfileassets.com/previews/51de9ede-43ee-43a8-8af5-3771d73eacc7/1668713628/preview.mp4
Decentralized,Peer to Peer,Caryatid: Thought by Sarah Zucker,51de9ede-43ee-43a8-8af5-3771d73eacc7,51de9ede-43ee-43a8-8af5-3771d73eacc7,0x2A86C5466f088caEbf94e071a77669BAe371CD87,44336782902772445271281414922165901279839521989210301461051430933994537843288,200,0.59,,Caryatid: Thought by Sarah Zucker,51de9ede-43ee-43a8-8af5-3771d73eacc7,Caryatid: Thought ,https://cdn.feralfileassets.com/thumbnails/51de9ede-43ee-43a8-8af5-3771d73eacc7/1668903858,https://cdn.feralfileassets.com/previews/51de9ede-43ee-43a8-8af5-3771d73eacc7/1668713628/preview.mp4
Decentralized,Peer to Peer,Caryatid: Thought by Sarah Zucker,51de9ede-43ee-43a8-8af5-3771d73eacc7,51de9ede-43ee-43a8-8af5-3771d73eacc7,0x2A86C5466f088caEbf94e071a77669BAe371CD87,44336782902772445271281414922165901279839521989210301461051430933994537843289,200,0.58,,Caryatid: Thought by Sarah Zucker,51de9ede-43ee-43a8-8af5-3771d73eacc7,Caryatid: Thought ,https://cdn.feralfileassets.com/thumbnails/51de9ede-43ee-43a8-8af5-3771d73eacc7/1668903858,https://cdn.feralfileassets.com/previews/51de9ede-43ee-43a8-8af5-3771d73eacc7/1668713628/preview.mp4
Decentralized,Peer to Peer,Caryatid: Thought by Sarah Zucker,51de9ede-43ee-43a8-8af5-3771d73eacc7,51de9ede-43ee-43a8-8af5-3771d73eacc7,0x2A86C5466f088caEbf94e071a77669BAe371CD87,44336782902772445271281414922165901279839521989210301461051430933994537843290,200,0.58,,Caryatid: Thought by Sarah Zucker,51de9ede-43ee-43a8-8af5-3771d73eacc7,Caryatid: Thought ,https://cdn.feralfileassets.com/thumbnails/51de9ede-43ee-43a8-8af5-3771d73eacc7/1668903858,https://cdn.feralfileassets.com/previews/51de9ede-43ee-43a8-8af5-3771d73eacc7/1668713628/preview.mp4
Decentralized,Peer to Peer,Swim by Entangled Others,5c46d607-e11d-477d-b38d-a9f5f2b7f6d9,5c46d607-e11d-477d-b38d-a9f5f2b7f6d9,0x2A86C5466f088caEbf94e071a77669BAe371CD87,69037219782415170039743351977361926117918379142220489214116017537486336548224,200,0.6,,Swim by Entangled Others,5c46d607-e11d-477d-b38d-a9f5f2b7f6d9,Swim ,https://cdn.feralfileassets.com/thumbnails/5c46d607-e11d-477d-b38d-a9f5f2b7f6d9/1663400795,https://cdn.feralfileassets.com/previews/5c46d607-e11d-477d-b38d-a9f5f2b7f6d9/1663401360/?edition_number=0&blockchain=ethereum&contract=0x2A86C5466f088caEbf94e071a77669BAe371CD87&token_id=69037219782415170039743351977361926117918379142220489214116017537486336548224&token_id_hash=0x2bd150ae012a1c9d5925c1edeb86c23040a44bce78e69a8d7d94339308292619
Decentralized,Peer to Peer,Swim by Entangled Others,5c46d607-e11d-477d-b38d-a9f5f2b7f6d9,5c46d607-e11d-477d-b38d-a9f5f2b7f6d9,0x2A86C5466f088caEbf94e071a77669BAe371CD87,69037219782415170039743351977361926117918379142220489214116017537486336548225,200,0.58,,Swim by Entangled Others,5c46d607-e11d-477d-b38d-a9f5f2b7f6d9,Swim ,https://cdn.feralfileassets.com/thumbnails/5c46d607-e11d-477d-b38d-a9f5f2b7f6d9/1663400795,https://cdn.feralfileassets.com/previews/5c46d607-e11d-477d-b38d-a9f5f2b7f6d9/1663401360/?edition_number=1&blockchain=ethereum&contract=0x2A86C5466f088caEbf94e071a77669BAe371CD87&token_id=69037219782415170039743351977361926117918379142220489214116017537486336548225&token_id_hash=0xdca5818ba602eae878e4ee1295b7e95de369a5c0f0a9484d72647b390d0dbb45
Decentralized,Peer to Peer,Swim by Entangled Others,5c46d607-e11d-477d-b38d-a9f5f2b7f6d9,5c46d607-e11d-477d-b38d-a9f5f2b7f6d9,0x2A86C5466f088caEbf94e071a77669BAe371CD87,69037219782415170039743351977361926117918379142220489214116017537486336548226,200,0.6,,Swim by Entangled Others,5c46d607-e11d-477d-b38d-a9f5f2b7f6d9,Swim ,https://cdn.feralfileassets.com/thumbnails/5c46d607-e11d-477d-b38d-a9f5f2b7f6d9/1663400795,https://cdn.feralfileassets.com/previews/5c46d607-e11d-477d-b38d-a9f5f2b7f6d9/1663401360/?edition_number=2&blockchain=ethereum&contract=0x2A86C5466f088caEbf94e071a77669BAe371CD87&token_id=69037219782415170039743351977361926117918379142220489214116017537486336548226&token_id_hash=0x2517999e72bb174a6a0fc2ad02d5451e42eeb051259a5bc64aa8f763c406398f
Decentralized,Peer to Peer,Swim by Entangled Others,5c46d607-e11d-477d-b38d-a9f5f2b7f6d9,5c46d607-e11d-477d-b38d-a9f5f2b7f6d9,0x2A86C5466f088caEbf94e071a77669BAe371CD87,69037219782415170039743351977361926117918379142220489214116017537486336548227,200,0.59,,Swim by Entangled Others,5c46d607-e11d-477d-b38d-a9f5f2b7f6d9,Swim ,https://cdn.feralfileassets.com/thumbnails/5c46d607-e11d-477d-b38d-a9f5f2b7f6d9/1663400795,https://cdn.feralfileassets.com/previews/5c46d607-e11d-477d-b38d-a9f5f2b7f6d9/1663401360/?edition_number=3&blockchain=ethereum&contract=0x2A86C5466f088caEbf94e071a77669BAe371CD87&token_id=69037219782415170039743351977361926117918379142220489214116017537486336548227&token_id_hash=0xc56dc741a7c19ba1f8c8e7909f16633fbcae8468e58db7940286a4c265792288
Decentralized,Peer to Peer,Wheel of Life by Amir H. Fallah,82115197-d516-4bd8-8498-227aaf30eb12,82115197-d516-4bd8-8498-227aaf30eb12,0x2A86C5466f088caEbf94e071a77669BAe371CD87,114509197042641126982266828896949519237122822493274123627313583916128762606677,200,0.59,,Wheel of Life by Amir H. Fallah,82115197-d516-4bd8-8498-227aaf30eb12,Wheel of Life AE,https://cdn.feralfileassets.com/previews/82115197-d516-4bd8-8498-227aaf30eb12/1663731416/preview.png,
Decentralized,Peer to Peer,Wheel of Life by Amir H. Fallah,82115197-d516-4bd8-8498-227aaf30eb12,82115197-d516-4bd8-8498-227aaf30eb12,0x2A86C5466f088caEbf94e071a77669BAe371CD87,114509197042641126982266828896949519237122822493274123627313583916128762606678,200,0.6,,Wheel of Life by Amir H. Fallah,82115197-d516-4bd8-8498-227aaf30eb12,Wheel of Life AE,https://cdn.feralfileassets.com/previews/82115197-d516-4bd8-8498-227aaf30eb12/1663731416/preview.png,
Decentralized,Peer to Peer,Wheel of Life by Amir H. Fallah,82115197-d516-4bd8-8498-227aaf30eb12,82115197-d516-4bd8-8498-227aaf30eb12,0x2A86C5466f088caEbf94e071a77669BAe371CD87,114509197042641126982266828896949519237122822493274123627313583916128762606679,200,0.59,,Wheel of Life by Amir H. Fallah,82115197-d516-4bd8-8498-227aaf30eb12,Wheel of Life PP,https://cdn.feralfileassets.com/previews/82115197-d516-4bd8-8498-227aaf30eb12/1663731416/preview.png,
Decentralized,Peer to Peer,Wheel of Life by Amir H. Fallah,82115197-d516-4bd8-8498-227aaf30eb12,82115197-d516-4bd8-8498-227aaf30eb12,0x2A86C5466f088caEbf94e071a77669BAe371CD87,114509197042641126982266828896949519237122822493274123627313583916128762606680,200,0.6,,Wheel of Life by Amir H. Fallah,82115197-d516-4bd8-8498-227aaf30eb12,Wheel of Life #1,https://cdn.feralfileassets.com/previews/82115197-d516-4bd8-8498-227aaf30eb12/1663731416/preview.png,
Decentralized,Peer to Peer,Wheel of Life by Amir H. Fallah,82115197-d516-4bd8-8498-227aaf30eb12,82115197-d516-4bd8-8498-227aaf30eb12,0x2A86C5466f088caEbf94e071a77669BAe371CD87,114509197042641126982266828896949519237122822493274123627313583916128762606681,200,0.6,,Wheel of Life by Amir H. Fallah,82115197-d516-4bd8-8498-227aaf30eb12,Wheel of Life #2,https://cdn.feralfileassets.com/previews/82115197-d516-4bd8-8498-227aaf30eb12/1663731416/preview.png,
Decentralized,Peer to Peer,Wheel of Life by Amir H. Fallah,82115197-d516-4bd8-8498-227aaf30eb12,82115197-d516-4bd8-8498-227aaf30eb12,0x2A86C5466f088caEbf94e071a77669BAe371CD87,114509197042641126982266828896949519237122822493274123627313583916128762606682,200,0.59,,Wheel of Life by Amir H. Fallah,82115197-d516-4bd8-8498-227aaf30eb12,Wheel of Life #3,https://cdn.feralfileassets.com/previews/82115197-d516-4bd8-8498-227aaf30eb12/1663731416/preview.png,
Decentralized,Peer to Peer,Wheel of Life by Amir H. Fallah,82115197-d516-4bd8-8498-227aaf30eb12,82115197-d516-4bd8-8498-227aaf30eb12,0x2A86C5466f088caEbf94e071a77669BAe371CD87,114509197042641126982266828896949519237122822493274123627313583916128762606683,200,0.6,,Wheel of Life by Amir H. Fallah,82115197-d516-4bd8-8498-227aaf30eb12,Wheel of Life #4,https://cdn.feralfileassets.com/previews/82115197-d516-4bd8-8498-227aaf30eb12/1663731416/preview.png,
Decentralized,Peer to Peer,Wheel of Life by Amir H. Fallah,82115197-d516-4bd8-8498-227aaf30eb12,82115197-d516-4bd8-8498-227aaf30eb12,0x2A86C5466f088caEbf94e071a77669BAe371CD87,114509197042641126982266828896949519237122822493274123627313583916128762606684,200,0.58,,Wheel of Life by Amir H. Fallah,82115197-d516-4bd8-8498-227aaf30eb12,Wheel of Life #5,https://cdn.feralfileassets.com/previews/82115197-d516-4bd8-8498-227aaf30eb12/1663731416/preview.png,
Decentralized,Peer to Peer,Wheel of Life by Amir H. Fallah,82115197-d516-4bd8-8498-227aaf30eb12,82115197-d516-4bd8-8498-227aaf30eb12,0x2A86C5466f088caEbf94e071a77669BAe371CD87,114509197042641126982266828896949519237122822493274123627313583916128762606685,200,0.61,,Wheel of Life by Amir H. Fallah,82115197-d516-4bd8-8498-227aaf30eb12,Wheel of Life #6,https://cdn.feralfileassets.com/previews/82115197-d516-4bd8-8498-227aaf30eb12/1663731416/preview.png,
Decentralized,Peer to Peer,Wheel of Life by Amir H. Fallah,82115197-d516-4bd8-8498-227aaf30eb12,82115197-d516-4bd8-8498-227aaf30eb12,0x2A86C5466f088caEbf94e071a77669BAe371CD87,114509197042641126982266828896949519237122822493274123627313583916128762606686,200,0.59,,Wheel of Life by Amir H. Fallah,82115197-d516-4bd8-8498-227aaf30eb12,Wheel of Life #7,https://cdn.feralfileassets.com/previews/82115197-d516-4bd8-8498-227aaf30eb12/1663731416/preview.png,
Decentralized,Peer to Peer,CLUB ROTHKO - ORANGE AND YELLOW STARTER PACK by LaTurbo Avedon,867218d3-8421-4e45-b6b9-eca2fef44f5d,867218d3-8421-4e45-b6b9-eca2fef44f5d,0x2A86C5466f088caEbf94e071a77669BAe371CD87,81822415981171894284716765232211393989809838876971274183632474922438819548892,200,0.57,,CLUB ROTHKO - ORANGE AND YELLOW STARTER PACK by LaTurbo Avedon,867218d3-8421-4e45-b6b9-eca2fef44f5d,CLUB ROTHKO - ORANGE AND YELLOW STARTER PACK AE,https://cdn.feralfileassets.com/thumbnails/867218d3-8421-4e45-b6b9-eca2fef44f5d/1668730526,https://cdn.feralfileassets.com/previews/867218d3-8421-4e45-b6b9-eca2fef44f5d/1665618979/preview.mp4
Decentralized,Peer to Peer,CLUB ROTHKO - ORANGE AND YELLOW STARTER PACK by LaTurbo Avedon,867218d3-8421-4e45-b6b9-eca2fef44f5d,867218d3-8421-4e45-b6b9-eca2fef44f5d,0x2A86C5466f088caEbf94e071a77669BAe371CD87,81822415981171894284716765232211393989809838876971274183632474922438819548893,200,0.59,,CLUB ROTHKO - ORANGE AND YELLOW STARTER PACK by LaTurbo Avedon,867218d3-8421-4e45-b6b9-eca2fef44f5d,CLUB ROTHKO - ORANGE AND YELLOW STARTER PACK AE,https://cdn.feralfileassets.com/thumbnails/867218d3-8421-4e45-b6b9-eca2fef44f5d/1668730526,https://cdn.feralfileassets.com/previews/867218d3-8421-4e45-b6b9-eca2fef44f5d/1665618979/preview.mp4
Decentralized,Peer to Peer,CLUB ROTHKO - ORANGE AND YELLOW STARTER PACK by LaTurbo Avedon,867218d3-8421-4e45-b6b9-eca2fef44f5d,867218d3-8421-4e45-b6b9-eca2fef44f5d,0x2A86C5466f088caEbf94e071a77669BAe371CD87,81822415981171894284716765232211393989809838876971274183632474922438819548894,200,0.59,,CLUB ROTHKO - ORANGE AND YELLOW STARTER PACK by LaTurbo Avedon,867218d3-8421-4e45-b6b9-eca2fef44f5d,CLUB ROTHKO - ORANGE AND YELLOW STARTER PACK PP,https://cdn.feralfileassets.com/thumbnails/867218d3-8421-4e45-b6b9-eca2fef44f5d/1668730526,https://cdn.feralfileassets.com/previews/867218d3-8421-4e45-b6b9-eca2fef44f5d/1665618979/preview.mp4
Decentralized,Peer to Peer,CLUB ROTHKO - ORANGE AND YELLOW STARTER PACK by LaTurbo Avedon,867218d3-8421-4e45-b6b9-eca2fef44f5d,867218d3-8421-4e45-b6b9-eca2fef44f5d,0x2A86C5466f088caEbf94e071a77669BAe371CD87,81822415981171894284716765232211393989809838876971274183632474922438819548895,200,0.59,,CLUB ROTHKO - ORANGE AND YELLOW STARTER PACK by LaTurbo Avedon,867218d3-8421-4e45-b6b9-eca2fef44f5d,CLUB ROTHKO - ORANGE AND YELLOW STARTER PACK #1,https://cdn.feralfileassets.com/thumbnails/867218d3-8421-4e45-b6b9-eca2fef44f5d/1668730526,https://cdn.feralfileassets.com/previews/867218d3-8421-4e45-b6b9-eca2fef44f5d/1665618979/preview.mp4
Decentralized,Peer to Peer,CLUB ROTHKO - ORANGE AND YELLOW STARTER PACK by LaTurbo Avedon,867218d3-8421-4e45-b6b9-eca2fef44f5d,867218d3-8421-4e45-b6b9-eca2fef44f5d,0x2A86C5466f088caEbf94e071a77669BAe371CD87,81822415981171894284716765232211393989809838876971274183632474922438819548896,200,0.6,,CLUB ROTHKO - ORANGE AND YELLOW STARTER PACK by LaTurbo Avedon,867218d3-8421-4e45-b6b9-eca2fef44f5d,CLUB ROTHKO - ORANGE AND YELLOW STARTER PACK #2,https://cdn.feralfileassets.com/thumbnails/867218d3-8421-4e45-b6b9-eca2fef44f5d/1668730526,https://cdn.feralfileassets.com/previews/867218d3-8421-4e45-b6b9-eca2fef44f5d/1665618979/preview.mp4
Decentralized,Peer to Peer,CLUB ROTHKO - ORANGE AND YELLOW STARTER PACK by LaTurbo Avedon,867218d3-8421-4e45-b6b9-eca2fef44f5d,867218d3-8421-4e45-b6b9-eca2fef44f5d,0x2A86C5466f088caEbf94e071a77669BAe371CD87,81822415981171894284716765232211393989809838876971274183632474922438819548897,200,0.6,,CLUB ROTHKO - ORANGE AND YELLOW STARTER PACK by LaTurbo Avedon,867218d3-8421-4e45-b6b9-eca2fef44f5d,CLUB ROTHKO - ORANGE AND YELLOW STARTER PACK #3,https://cdn.feralfileassets.com/thumbnails/867218d3-8421-4e45-b6b9-eca2fef44f5d/1668730526,https://cdn.feralfileassets.com/previews/867218d3-8421-4e45-b6b9-eca2fef44f5d/1665618979/preview.mp4
Decentralized,Peer to Peer,CLUB ROTHKO - ORANGE AND YELLOW STARTER PACK by LaTurbo Avedon,867218d3-8421-4e45-b6b9-eca2fef44f5d,867218d3-8421-4e45-b6b9-eca2fef44f5d,0x2A86C5466f088caEbf94e071a77669BAe371CD87,81822415981171894284716765232211393989809838876971274183632474922438819548898,200,0.59,,CLUB ROTHKO - ORANGE AND YELLOW STARTER PACK by LaTurbo Avedon,867218d3-8421-4e45-b6b9-eca2fef44f5d,CLUB ROTHKO - ORANGE AND YELLOW STARTER PACK #4,https://cdn.feralfileassets.com/thumbnails/867218d3-8421-4e45-b6b9-eca2fef44f5d/1668730526,https://cdn.feralfileassets.com/previews/867218d3-8421-4e45-b6b9-eca2fef44f5d/1665618979/preview.mp4
Decentralized,Peer to Peer,CLUB ROTHKO - ORANGE AND YELLOW STARTER PACK by LaTurbo Avedon,867218d3-8421-4e45-b6b9-eca2fef44f5d,867218d3-8421-4e45-b6b9-eca2fef44f5d,0x2A86C5466f088caEbf94e071a77669BAe371CD87,81822415981171894284716765232211393989809838876971274183632474922438819548899,200,0.59,,CLUB ROTHKO - ORANGE AND YELLOW STARTER PACK by LaTurbo Avedon,867218d3-8421-4e45-b6b9-eca2fef44f5d,CLUB ROTHKO - ORANGE AND YELLOW STARTER PACK #5,https://cdn.feralfileassets.com/thumbnails/867218d3-8421-4e45-b6b9-eca2fef44f5d/1668730526,https://cdn.feralfileassets.com/previews/867218d3-8421-4e45-b6b9-eca2fef44f5d/1665618979/preview.mp4
Decentralized,Peer to Peer,Titled (Information as Property as Art) [Ethereum Null Address] by Rhea Myers,8dfe5559-b967-42f7-9f4a-f7cb1dae9008,8dfe5559-b967-42f7-9f4a-f7cb1dae9008,0x2A86C5466f088caEbf94e071a77669BAe371CD87,45127790317892297463290330756789683137919514630173258349099212122291675493582,200,0.6,,Titled (Information as Property as Art) [Ethereum Null Address] by Rhea Myers,8dfe5559-b967-42f7-9f4a-f7cb1dae9008,Titled (Information as Property as Art) [Ethereum Null Address] AE,https://cdn.feralfileassets.com/thumbnails/8dfe5559-b967-42f7-9f4a-f7cb1dae9008/1668959516,
Decentralized,Peer to Peer,Titled (Information as Property as Art) [Ethereum Null Address] by Rhea Myers,8dfe5559-b967-42f7-9f4a-f7cb1dae9008,8dfe5559-b967-42f7-9f4a-f7cb1dae9008,0x2A86C5466f088caEbf94e071a77669BAe371CD87,45127790317892297463290330756789683137919514630173258349099212122291675493583,200,0.59,,Titled (Information as Property as Art) [Ethereum Null Address] by Rhea Myers,8dfe5559-b967-42f7-9f4a-f7cb1dae9008,Titled (Information as Property as Art) [Ethereum Null Address] AE,https://cdn.feralfileassets.com/thumbnails/8dfe5559-b967-42f7-9f4a-f7cb1dae9008/1668959516,
Decentralized,Peer to Peer,Titled (Information as Property as Art) [Ethereum Null Address] by Rhea Myers,8dfe5559-b967-42f7-9f4a-f7cb1dae9008,8dfe5559-b967-42f7-9f4a-f7cb1dae9008,0x2A86C5466f088caEbf94e071a77669BAe371CD87,45127790317892297463290330756789683137919514630173258349099212122291675493584,200,0.59,,Titled (Information as Property as Art) [Ethereum Null Address] by Rhea Myers,8dfe5559-b967-42f7-9f4a-f7cb1dae9008,Titled (Information as Property as Art) [Ethereum Null Address] PP,https://cdn.feralfileassets.com/thumbnails/8dfe5559-b967-42f7-9f4a-f7cb1dae9008/1668959516,
Decentralized,Peer to Peer,Titled (Information as Property as Art) [Ethereum Null Address] by Rhea Myers,8dfe5559-b967-42f7-9f4a-f7cb1dae9008,8dfe5559-b967-42f7-9f4a-f7cb1dae9008,0x2A86C5466f088caEbf94e071a77669BAe371CD87,45127790317892297463290330756789683137919514630173258349099212122291675493585,200,0.58,,Titled (Information as Property as Art) [Ethereum Null Address] by Rhea Myers,8dfe5559-b967-42f7-9f4a-f7cb1dae9008,Titled (Information as Property as Art) [Ethereum Null Address] #1,https://cdn.feralfileassets.com/thumbnails/8dfe5559-b967-42f7-9f4a-f7cb1dae9008/1668959516,
Decentralized,Peer to Peer,Titled (Information as Property as Art) [Ethereum Null Address] by Rhea Myers,8dfe5559-b967-42f7-9f4a-f7cb1dae9008,8dfe5559-b967-42f7-9f4a-f7cb1dae9008,0x2A86C5466f088caEbf94e071a77669BAe371CD87,45127790317892297463290330756789683137919514630173258349099212122291675493586,200,0.59,,Titled (Information as Property as Art) [Ethereum Null Address] by Rhea Myers,8dfe5559-b967-42f7-9f4a-f7cb1dae9008,Titled (Information as Property as Art) [Ethereum Null Address] #2,https://cdn.feralfileassets.com/thumbnails/8dfe5559-b967-42f7-9f4a-f7cb1dae9008/1668959516,
Decentralized,Peer to Peer,Titled (Information as Property as Art) [Ethereum Null Address] by Rhea Myers,8dfe5559-b967-42f7-9f4a-f7cb1dae9008,8dfe5559-b967-42f7-9f4a-f7cb1dae9008,0x2A86C5466f088caEbf94e071a77669BAe371CD87,45127790317892297463290330756789683137919514630173258349099212122291675493587,200,0.58,,Titled (Information as Property as Art) [Ethereum Null Address] by Rhea Myers,8dfe5559-b967-42f7-9f4a-f7cb1dae9008,Titled (Information as Property as Art) [Ethereum Null Address] #3,https://cdn.feralfileassets.com/thumbnails/8dfe5559-b967-42f7-9f4a-f7cb1dae9008/1668959516,
Decentralized,Peer to Peer,Titled (Information as Property as Art) [Ethereum Null Address] by Rhea Myers,8dfe5559-b967-42f7-9f4a-f7cb1dae9008,8dfe5559-b967-42f7-9f4a-f7cb1dae9008,0x2A86C5466f088caEbf94e071a77669BAe371CD87,45127790317892297463290330756789683137919514630173258349099212122291675493588,200,0.6,,Titled (Information as Property as Art) [Ethereum Null Address] by Rhea Myers,8dfe5559-b967-42f7-9f4a-f7cb1dae9008,Titled (Information as Property as Art) [Ethereum Null Address] #4,https://cdn.feralfileassets.com/thumbnails/8dfe5559-b967-42f7-9f4a-f7cb1dae9008/1668959516,
Decentralized,Peer to Peer,Titled (Information as Property as Art) [Ethereum Null Address] by Rhea Myers,8dfe5559-b967-42f7-9f4a-f7cb1dae9008,8dfe5559-b967-42f7-9f4a-f7cb1dae9008,0x2A86C5466f088caEbf94e071a77669BAe371CD87,45127790317892297463290330756789683137919514630173258349099212122291675493589,200,0.6,,Titled (Information as Property as Art) [Ethereum Null Address] by Rhea Myers,8dfe5559-b967-42f7-9f4a-f7cb1dae9008,Titled (Information as Property as Art) [Ethereum Null Address] #5,https://cdn.feralfileassets.com/thumbnails/8dfe5559-b967-42f7-9f4a-f7cb1dae9008/1668959516,
Decentralized,Peer to Peer,Titled (Information as Property as Art) [Ethereum Null Address] by Rhea Myers,8dfe5559-b967-42f7-9f4a-f7cb1dae9008,8dfe5559-b967-42f7-9f4a-f7cb1dae9008,0x2A86C5466f088caEbf94e071a77669BAe371CD87,45127790317892297463290330756789683137919514630173258349099212122291675493590,200,0.59,,Titled (Information as Property as Art) [Ethereum Null Address] by Rhea Myers,8dfe5559-b967-42f7-9f4a-f7cb1dae9008,Titled (Information as Property as Art) [Ethereum Null Address] #6,https://cdn.feralfileassets.com/thumbnails/8dfe5559-b967-42f7-9f4a-f7cb1dae9008/1668959516,
Decentralized,Peer to Peer,Titled (Information as Property as Art) [Ethereum Null Address] by Rhea Myers,8dfe5559-b967-42f7-9f4a-f7cb1dae9008,8dfe5559-b967-42f7-9f4a-f7cb1dae9008,0x2A86C5466f088caEbf94e071a77669BAe371CD87,45127790317892297463290330756789683137919514630173258349099212122291675493591,200,0.59,,Titled (Information as Property as Art) [Ethereum Null Address] by Rhea Myers,8dfe5559-b967-42f7-9f4a-f7cb1dae9008,Titled (Information as Property as Art) [Ethereum Null Address] #7,https://cdn.feralfileassets.com/thumbnails/8dfe5559-b967-42f7-9f4a-f7cb1dae9008/1668959516,
Decentralized,Peer to Peer,Winslow Homer’s Croquet Challenge by Mitchell F. Chan,91765bc5-8815-4620-8268-80516d531dc0,91765bc5-8815-4620-8268-80516d531dc0,0x2A86C5466f088caEbf94e071a77669BAe371CD87,25811853076941608055270457512038717433705462539422789705262203111341130501195,200,0.6,,Winslow Homer’s Croquet Challenge by Mitchell F. Chan,91765bc5-8815-4620-8268-80516d531dc0,Winslow Homer’s Croquet Challenge #433,https://cdn.feralfileassets.com/thumbnails/91765bc5-8815-4620-8268-80516d531dc0/1667336455,https://cdn.feralfileassets.com/previews/91765bc5-8815-4620-8268-80516d531dc0/1668956899/?edition_number=435&blockchain=ethereum&contract=0x2A86C5466f088caEbf94e071a77669BAe371CD87&token_id=25811853076941608055270457512038717433705462539422789705262203111341130501195&token_id_hash=0x28d40d071a0cf6a7c4718bf82a06d71f3fa93cc61703e49d1947d09df9fe03e1
Decentralized,Peer to Peer,Winslow Homer’s Croquet Challenge by Mitchell F. Chan,91765bc5-8815-4620-8268-80516d531dc0,91765bc5-8815-4620-8268-80516d531dc0,0x2A86C5466f088caEbf94e071a77669BAe371CD87,25811853076941608055270457512038717433705462539422789705262203111341130501199,200,0.58,,Winslow Homer’s Croquet Challenge by Mitchell F. Chan,91765bc5-8815-4620-8268-80516d531dc0,Winslow Homer’s Croquet Challenge #437,https://cdn.feralfileassets.com/thumbnails/91765bc5-8815-4620-8268-80516d531dc0/1667336455,https://cdn.feralfileassets.com/previews/91765bc5-8815-4620-8268-80516d531dc0/1668956899/?edition_number=439&blockchain=ethereum&contract=0x2A86C5466f088caEbf94e071a77669BAe371CD87&token_id=25811853076941608055270457512038717433705462539422789705262203111341130501199&token_id_hash=0x827f5ad803e6c0b291f526625410562606103c8026b53db36403d7339aba4c12
Decentralized,Peer to Peer,Winslow Homer’s Croquet Challenge by Mitchell F. Chan,91765bc5-8815-4620-8268-80516d531dc0,91765bc5-8815-4620-8268-80516d531dc0,0x2A86C5466f088caEbf94e071a77669BAe371CD87,25811853076941608055270457512038717433705462539422789705262203111341130501203,200,0.59,,Winslow Homer’s Croquet Challenge by Mitchell F. Chan,91765bc5-8815-4620-8268-80516d531dc0,Winslow Homer’s Croquet Challenge #441,https://cdn.feralfileassets.com/thumbnails/91765bc5-8815-4620-8268-80516d531dc0/1667336455,https://cdn.feralfileassets.com/previews/91765bc5-8815-4620-8268-80516d531dc0/1668956899/?edition_number=443&blockchain=ethereum&contract=0x2A86C5466f088caEbf94e071a77669BAe371CD87&token_id=25811853076941608055270457512038717433705462539422789705262203111341130501203&token_id_hash=0x2eb140cc5fd627bd9fbd3e8cab02de9a2719255ce597934704fea56e4f92e8a3
Decentralized,Peer to Peer,Winslow Homer’s Croquet Challenge by Mitchell F. Chan,91765bc5-8815-4620-8268-80516d531dc0,91765bc5-8815-4620-8268-80516d531dc0,0x2A86C5466f088caEbf94e071a77669BAe371CD87,25811853076941608055270457512038717433705462539422789705262203111341130501207,200,0.58,,Winslow Homer’s Croquet Challenge by Mitchell F. Chan,91765bc5-8815-4620-8268-80516d531dc0,Winslow Homer’s Croquet Challenge #445,https://cdn.feralfileassets.com/thumbnails/91765bc5-8815-4620-8268-80516d531dc0/1667336455,https://cdn.feralfileassets.com/previews/91765bc5-8815-4620-8268-80516d531dc0/1668956899/?edition_number=447&blockchain=ethereum&contract=0x2A86C5466f088caEbf94e071a77669BAe371CD87&token_id=25811853076941608055270457512038717433705462539422789705262203111341130501207&token_id_hash=0xb3dea90d983c5e51e647212a4e0a72d9e08a23de6aa3b54d472286a49855e005
Decentralized,Peer to Peer,Winslow Homer’s Croquet Challenge by Mitchell F. Chan,91765bc5-8815-4620-8268-80516d531dc0,91765bc5-8815-4620-8268-80516d531dc0,0x2A86C5466f088caEbf94e071a77669BAe371CD87,25811853076941608055270457512038717433705462539422789705262203111341130501211,200,0.58,,Winslow Homer’s Croquet Challenge by Mitchell F. Chan,91765bc5-8815-4620-8268-80516d531dc0,Winslow Homer’s Croquet Challenge #449,https://cdn.feralfileassets.com/thumbnails/91765bc5-8815-4620-8268-80516d531dc0/1667336455,https://cdn.feralfileassets.com/previews/91765bc5-8815-4620-8268-80516d531dc0/1668956899/?edition_number=451&blockchain=ethereum&contract=0x2A86C5466f088caEbf94e071a77669BAe371CD87&token_id=25811853076941608055270457512038717433705462539422789705262203111341130501211&token_id_hash=0x437081810b942a8a1131f044e55a9da819d29fc9da97effe6c56d9e71d66ff07
Decentralized,Peer to Peer,Winslow Homer’s Croquet Challenge by Mitchell F. Chan,91765bc5-8815-4620-8268-80516d531dc0,91765bc5-8815-4620-8268-80516d531dc0,0x2A86C5466f088caEbf94e071a77669BAe371CD87,25811853076941608055270457512038717433705462539422789705262203111341130501215,200,0.59,,Winslow Homer’s Croquet Challenge by Mitchell F. Chan,91765bc5-8815-4620-8268-80516d531dc0,Winslow Homer’s Croquet Challenge #453,https://cdn.feralfileassets.com/thumbnails/91765bc5-8815-4620-8268-80516d531dc0/1667336455,https://cdn.feralfileassets.com/previews/91765bc5-8815-4620-8268-80516d531dc0/1668956899/?edition_number=455&blockchain=ethereum&contract=0x2A86C5466f088caEbf94e071a77669BAe371CD87&token_id=25811853076941608055270457512038717433705462539422789705262203111341130501215&token_id_hash=0x3bab1d9c158b0bd26c20eed8578b2145d39f1c5aed0ba369c4baac4d050350dd
Decentralized,Peer to Peer,Winslow Homer’s Croquet Challenge by Mitchell F. Chan,91765bc5-8815-4620-8268-80516d531dc0,91765bc5-8815-4620-8268-80516d531dc0,0x2A86C5466f088caEbf94e071a77669BAe371CD87,25811853076941608055270457512038717433705462539422789705262203111341130501219,200,0.58,,Winslow Homer’s Croquet Challenge by Mitchell F. Chan,91765bc5-8815-4620-8268-80516d531dc0,Winslow Homer’s Croquet Challenge #457,https://cdn.feralfileassets.com/thumbnails/91765bc5-8815-4620-8268-80516d531dc0/1667336455,https://cdn.feralfileassets.com/previews/91765bc5-8815-4620-8268-80516d531dc0/1668956899/?edition_number=459&blockchain=ethereum&contract=0x2A86C5466f088caEbf94e071a77669BAe371CD87&token_id=25811853076941608055270457512038717433705462539422789705262203111341130501219&token_id_hash=0xce481303bc5855171c1d26a14676fc462e7887be0e653376e3896261066b3955
Decentralized,Peer to Peer,Winslow Homer’s Croquet Challenge by Mitchell F. Chan,91765bc5-8815-4620-8268-80516d531dc0,91765bc5-8815-4620-8268-80516d531dc0,0x2A86C5466f088caEbf94e071a77669BAe371CD87,25811853076941608055270457512038717433705462539422789705262203111341130501223,200,0.59,,Winslow Homer’s Croquet Challenge by Mitchell F. Chan,91765bc5-8815-4620-8268-80516d531dc0,Winslow Homer’s Croquet Challenge #461,https://cdn.feralfileassets.com/thumbnails/91765bc5-8815-4620-8268-80516d531dc0/1667336455,https://cdn.feralfileassets.com/previews/91765bc5-8815-4620-8268-80516d531dc0/1668956899/?edition_number=463&blockchain=ethereum&contract=0x2A86C5466f088caEbf94e071a77669BAe371CD87&token_id=25811853076941608055270457512038717433705462539422789705262203111341130501223&token_id_hash=0xa38dfbd4c5ea09a3a6f601bb19b20f52c077e71d36567ec4d3f2e851f919165a
Decentralized,Peer to Peer,Winslow Homer’s Croquet Challenge by Mitchell F. Chan,91765bc5-8815-4620-8268-80516d531dc0,91765bc5-8815-4620-8268-80516d531dc0,0x2A86C5466f088caEbf94e071a77669BAe371CD87,25811853076941608055270457512038717433705462539422789705262203111341130501165,200,0.58,,Winslow Homer’s Croquet Challenge by Mitchell F. Chan,91765bc5-8815-4620-8268-80516d531dc0,Winslow Homer’s Croquet Challenge #403,https://cdn.feralfileassets.com/thumbnails/91765bc5-8815-4620-8268-80516d531dc0/1667336455,https://cdn.feralfileassets.com/previews/91765bc5-8815-4620-8268-80516d531dc0/1668956899/?edition_number=405&blockchain=ethereum&contract=0x2A86C5466f088caEbf94e071a77669BAe371CD87&token_id=25811853076941608055270457512038717433705462539422789705262203111341130501165&token_id_hash=0x624b902401fbb00cd0d48f94e424cad6ea444714e440b5e2cf80811dfd5dccf0
Decentralized,Peer to Peer,Winslow Homer’s Croquet Challenge by Mitchell F. Chan,91765bc5-8815-4620-8268-80516d531dc0,91765bc5-8815-4620-8268-80516d531dc0,0x2A86C5466f088caEbf94e071a77669BAe371CD87,25811853076941608055270457512038717433705462539422789705262203111341130501169,200,0.6,,Winslow Homer’s Croquet Challenge by Mitchell F. Chan,91765bc5-8815-4620-8268-80516d531dc0,Winslow Homer’s Croquet Challenge #407,https://cdn.feralfileassets.com/thumbnails/91765bc5-8815-4620-8268-80516d531dc0/1667336455,https://cdn.feralfileassets.com/previews/91765bc5-8815-4620-8268-80516d531dc0/1668956899/?edition_number=409&blockchain=ethereum&contract=0x2A86C5466f088caEbf94e071a77669BAe371CD87&token_id=25811853076941608055270457512038717433705462539422789705262203111341130501169&token_id_hash=0x9583db46afa9873337b5524db8a097d6db6a27ad4b3be4b5d6b098940dd1a28e
Decentralized,Peer to Peer,Caryatid: Vision by Sarah Zucker,b8e62a5d-cbe8-46c6-8d5c-fd66e06a0984,b8e62a5d-cbe8-46c6-8d5c-fd66e06a0984,0x2A86C5466f088caEbf94e071a77669BAe371CD87,84192194988336887268297181860741868331806134895311371625270671533240495509719,200,0.58,,Caryatid: Vision by Sarah Zucker,b8e62a5d-cbe8-46c6-8d5c-fd66e06a0984,Caryatid: Vision ,https://cdn.feralfileassets.com/thumbnails/b8e62a5d-cbe8-46c6-8d5c-fd66e06a0984/1668903788,https://cdn.feralfileassets.com/previews/b8e62a5d-cbe8-46c6-8d5c-fd66e06a0984/1668713694/preview.mp4
Decentralized,Peer to Peer,Caryatid: Vision by Sarah Zucker,b8e62a5d-cbe8-46c6-8d5c-fd66e06a0984,b8e62a5d-cbe8-46c6-8d5c-fd66e06a0984,0x2A86C5466f088caEbf94e071a77669BAe371CD87,84192194988336887268297181860741868331806134895311371625270671533240495509720,200,0.58,,Caryatid: Vision by Sarah Zucker,b8e62a5d-cbe8-46c6-8d5c-fd66e06a0984,Caryatid: Vision ,https://cdn.feralfileassets.com/thumbnails/b8e62a5d-cbe8-46c6-8d5c-fd66e06a0984/1668903788,https://cdn.feralfileassets.com/previews/b8e62a5d-cbe8-46c6-8d5c-fd66e06a0984/1668713694/preview.mp4
Decentralized,Peer to Peer,Caryatid: Vision by Sarah Zucker,b8e62a5d-cbe8-46c6-8d5c-fd66e06a0984,b8e62a5d-cbe8-46c6-8d5c-fd66e06a0984,0x2A86C5466f088caEbf94e071a77669BAe371CD87,84192194988336887268297181860741868331806134895311371625270671533240495509721,200,0.59,,Caryatid: Vision by Sarah Zucker,b8e62a5d-cbe8-46c6-8d5c-fd66e06a0984,Caryatid: Vision ,https://cdn.feralfileassets.com/thumbnails/b8e62a5d-cbe8-46c6-8d5c-fd66e06a0984/1668903788,https://cdn.feralfileassets.com/previews/b8e62a5d-cbe8-46c6-8d5c-fd66e06a0984/1668713694/preview.mp4
Decentralized,Peer to Peer,Caryatid: Vision by Sarah Zucker,b8e62a5d-cbe8-46c6-8d5c-fd66e06a0984,b8e62a5d-cbe8-46c6-8d5c-fd66e06a0984,0x2A86C5466f088caEbf94e071a77669BAe371CD87,84192194988336887268297181860741868331806134895311371625270671533240495509722,200,0.61,,Caryatid: Vision by Sarah Zucker,b8e62a5d-cbe8-46c6-8d5c-fd66e06a0984,Caryatid: Vision ,https://cdn.feralfileassets.com/thumbnails/b8e62a5d-cbe8-46c6-8d5c-fd66e06a0984/1668903788,https://cdn.feralfileassets.com/previews/b8e62a5d-cbe8-46c6-8d5c-fd66e06a0984/1668713694/preview.mp4
Decentralized,Peer to Peer,Caryatid: Wink by Sarah Zucker,c601cac7-6a3b-410f-baa2-a86f4a6be10d,c601cac7-6a3b-410f-baa2-a86f4a6be10d,0x2A86C5466f088caEbf94e071a77669BAe371CD87,115153310228114666588851347772754489107974000689653741321876665973855418043401,200,0.59,,Caryatid: Wink by Sarah Zucker,c601cac7-6a3b-410f-baa2-a86f4a6be10d,Caryatid: Wink ,https://cdn.feralfileassets.com/thumbnails/c601cac7-6a3b-410f-baa2-a86f4a6be10d/1668903870,https://cdn.feralfileassets.com/previews/c601cac7-6a3b-410f-baa2-a86f4a6be10d/1668713764/preview.mp4
Decentralized,Peer to Peer,Caryatid: Wink by Sarah Zucker,c601cac7-6a3b-410f-baa2-a86f4a6be10d,c601cac7-6a3b-410f-baa2-a86f4a6be10d,0x2A86C5466f088caEbf94e071a77669BAe371CD87,115153310228114666588851347772754489107974000689653741321876665973855418043402,200,0.6,,Caryatid: Wink by Sarah Zucker,c601cac7-6a3b-410f-baa2-a86f4a6be10d,Caryatid: Wink ,https://cdn.feralfileassets.com/thumbnails/c601cac7-6a3b-410f-baa2-a86f4a6be10d/1668903870,https://cdn.feralfileassets.com/previews/c601cac7-6a3b-410f-baa2-a86f4a6be10d/1668713764/preview.mp4
Decentralized,Peer to Peer,Caryatid: Wink by Sarah Zucker,c601cac7-6a3b-410f-baa2-a86f4a6be10d,c601cac7-6a3b-410f-baa2-a86f4a6be10d,0x2A86C5466f088caEbf94e071a77669BAe371CD87,115153310228114666588851347772754489107974000689653741321876665973855418043403,200,0.58,,Caryatid: Wink by Sarah Zucker,c601cac7-6a3b-410f-baa2-a86f4a6be10d,Caryatid: Wink ,https://cdn.feralfileassets.com/thumbnails/c601cac7-6a3b-410f-baa2-a86f4a6be10d/1668903870,https://cdn.feralfileassets.com/previews/c601cac7-6a3b-410f-baa2-a86f4a6be10d/1668713764/preview.mp4
Decentralized,Peer to Peer,Caryatid: Wink by Sarah Zucker,c601cac7-6a3b-410f-baa2-a86f4a6be10d,c601cac7-6a3b-410f-baa2-a86f4a6be10d,0x2A86C5466f088caEbf94e071a77669BAe371CD87,115153310228114666588851347772754489107974000689653741321876665973855418043404,200,0.59,,Caryatid: Wink by Sarah Zucker,c601cac7-6a3b-410f-baa2-a86f4a6be10d,Caryatid: Wink ,https://cdn.feralfileassets.com/thumbnails/c601cac7-6a3b-410f-baa2-a86f4a6be10d/1668903870,https://cdn.feralfileassets.com/previews/c601cac7-6a3b-410f-baa2-a86f4a6be10d/1668713764/preview.mp4
Decentralized,Peer to Peer,Bend by Ix Shells,d2bc4191-7730-45d8-9d1f-685d494f3e9e,d2bc4191-7730-45d8-9d1f-685d494f3e9e,0x2A86C5466f088caEbf94e071a77669BAe371CD87,91641052224213995292130106305607107853658918792519691461793480796244015798257,200,0.59,,Bend by Ix Shells,d2bc4191-7730-45d8-9d1f-685d494f3e9e,Bend AE,https://cdn.feralfileassets.com/thumbnails/d2bc4191-7730-45d8-9d1f-685d494f3e9e/1666842966,https://cdn.feralfileassets.com/previews/d2bc4191-7730-45d8-9d1f-685d494f3e9e/1666842992/preview.mp4
Decentralized,Peer to Peer,Bend by Ix Shells,d2bc4191-7730-45d8-9d1f-685d494f3e9e,d2bc4191-7730-45d8-9d1f-685d494f3e9e,0x2A86C5466f088caEbf94e071a77669BAe371CD87,91641052224213995292130106305607107853658918792519691461793480796244015798258,200,0.59,,Bend by Ix Shells,d2bc4191-7730-45d8-9d1f-685d494f3e9e,Bend AE,https://cdn.feralfileassets.com/thumbnails/d2bc4191-7730-45d8-9d1f-685d494f3e9e/1666842966,https://cdn.feralfileassets.com/previews/d2bc4191-7730-45d8-9d1f-685d494f3e9e/1666842992/preview.mp4
Decentralized,Peer to Peer,Bend by Ix Shells,d2bc4191-7730-45d8-9d1f-685d494f3e9e,d2bc4191-7730-45d8-9d1f-685d494f3e9e,0x2A86C5466f088caEbf94e071a77669BAe371CD87,91641052224213995292130106305607107853658918792519691461793480796244015798259,200,0.59,,Bend by Ix Shells,d2bc4191-7730-45d8-9d1f-685d494f3e9e,Bend PP,https://cdn.feralfileassets.com/thumbnails/d2bc4191-7730-45d8-9d1f-685d494f3e9e/1666842966,https://cdn.feralfileassets.com/previews/d2bc4191-7730-45d8-9d1f-685d494f3e9e/1666842992/preview.mp4
Decentralized,Peer to Peer,Bend by Ix Shells,d2bc4191-7730-45d8-9d1f-685d494f3e9e,d2bc4191-7730-45d8-9d1f-685d494f3e9e,0x2A86C5466f088caEbf94e071a77669BAe371CD87,91641052224213995292130106305607107853658918792519691461793480796244015798260,200,0.62,,Bend by Ix Shells,d2bc4191-7730-45d8-9d1f-685d494f3e9e,Bend #1,https://cdn.feralfileassets.com/thumbnails/d2bc4191-7730-45d8-9d1f-685d494f3e9e/1666842966,https://cdn.feralfileassets.com/previews/d2bc4191-7730-45d8-9d1f-685d494f3e9e/1666842992/preview.mp4
Decentralized,Peer to Peer,Bend by Ix Shells,d2bc4191-7730-45d8-9d1f-685d494f3e9e,d2bc4191-7730-45d8-9d1f-685d494f3e9e,0x2A86C5466f088caEbf94e071a77669BAe371CD87,91641052224213995292130106305607107853658918792519691461793480796244015798261,200,0.6,,Bend by Ix Shells,d2bc4191-7730-45d8-9d1f-685d494f3e9e,Bend #2,https://cdn.feralfileassets.com/thumbnails/d2bc4191-7730-45d8-9d1f-685d494f3e9e/1666842966,https://cdn.feralfileassets.com/previews/d2bc4191-7730-45d8-9d1f-685d494f3e9e/1666842992/preview.mp4
Decentralized,Peer to Peer,Bend by Ix Shells,d2bc4191-7730-45d8-9d1f-685d494f3e9e,d2bc4191-7730-45d8-9d1f-685d494f3e9e,0x2A86C5466f088caEbf94e071a77669BAe371CD87,91641052224213995292130106305607107853658918792519691461793480796244015798262,200,0.59,,Bend by Ix Shells,d2bc4191-7730-45d8-9d1f-685d494f3e9e,Bend #3,https://cdn.feralfileassets.com/thumbnails/d2bc4191-7730-45d8-9d1f-685d494f3e9e/1666842966,https://cdn.feralfileassets.com/previews/d2bc4191-7730-45d8-9d1f-685d494f3e9e/1666842992/preview.mp4
Decentralized,Peer to Peer,Bend by Ix Shells,d2bc4191-7730-45d8-9d1f-685d494f3e9e,d2bc4191-7730-45d8-9d1f-685d494f3e9e,0x2A86C5466f088caEbf94e071a77669BAe371CD87,91641052224213995292130106305607107853658918792519691461793480796244015798263,200,0.61,,Bend by Ix Shells,d2bc4191-7730-45d8-9d1f-685d494f3e9e,Bend #4,https://cdn.feralfileassets.com/thumbnails/d2bc4191-7730-45d8-9d1f-685d494f3e9e/1666842966,https://cdn.feralfileassets.com/previews/d2bc4191-7730-45d8-9d1f-685d494f3e9e/1666842992/preview.mp4
Decentralized,Peer to Peer,Bend by Ix Shells,d2bc4191-7730-45d8-9d1f-685d494f3e9e,d2bc4191-7730-45d8-9d1f-685d494f3e9e,0x2A86C5466f088caEbf94e071a77669BAe371CD87,91641052224213995292130106305607107853658918792519691461793480796244015798264,200,0.6,,Bend by Ix Shells,d2bc4191-7730-45d8-9d1f-685d494f3e9e,Bend #5,https://cdn.feralfileassets.com/thumbnails/d2bc4191-7730-45d8-9d1f-685d494f3e9e/1666842966,https://cdn.feralfileassets.com/previews/d2bc4191-7730-45d8-9d1f-685d494f3e9e/1666842992/preview.mp4
Decentralized,Peer to Peer,Bend by Ix Shells,d2bc4191-7730-45d8-9d1f-685d494f3e9e,d2bc4191-7730-45d8-9d1f-685d494f3e9e,0x2A86C5466f088caEbf94e071a77669BAe371CD87,91641052224213995292130106305607107853658918792519691461793480796244015798265,200,0.58,,Bend by Ix Shells,d2bc4191-7730-45d8-9d1f-685d494f3e9e,Bend #6,https://cdn.feralfileassets.com/thumbnails/d2bc4191-7730-45d8-9d1f-685d494f3e9e/1666842966,https://cdn.feralfileassets.com/previews/d2bc4191-7730-45d8-9d1f-685d494f3e9e/1666842992/preview.mp4
Decentralized,Peer to Peer,Bend by Ix Shells,d2bc4191-7730-45d8-9d1f-685d494f3e9e,d2bc4191-7730-45d8-9d1f-685d494f3e9e,0x2A86C5466f088caEbf94e071a77669BAe371CD87,91641052224213995292130106305607107853658918792519691461793480796244015798266,200,0.58,,Bend by Ix Shells,d2bc4191-7730-45d8-9d1f-685d494f3e9e,Bend #7,https://cdn.feralfileassets.com/thumbnails/d2bc4191-7730-45d8-9d1f-685d494f3e9e/1666842966,https://cdn.feralfileassets.com/previews/d2bc4191-7730-45d8-9d1f-685d494f3e9e/1666842992/preview.mp4
Decentralized,Peer to Peer,+rave-sing (traversing) by Osinachi,e03b37b6-2d2d-41d1-ac24-673e08600ac8,e03b37b6-2d2d-41d1-ac24-673e08600ac8,0x2A86C5466f088caEbf94e071a77669BAe371CD87,34585829179764704558776471721101382364497188835544837351424684262481243220355,200,0.69,,+rave-sing (traversing) by Osinachi,e03b37b6-2d2d-41d1-ac24-673e08600ac8,+rave-sing (traversing) ,https://cdn.feralfileassets.com/thumbnails/e03b37b6-2d2d-41d1-ac24-673e08600ac8/1667836183,https://cdn.feralfileassets.com/previews/e03b37b6-2d2d-41d1-ac24-673e08600ac8/1667836783/preview.gif
Decentralized,Peer to Peer,+rave-sing (traversing) by Osinachi,e03b37b6-2d2d-41d1-ac24-673e08600ac8,e03b37b6-2d2d-41d1-ac24-673e08600ac8,0x2A86C5466f088caEbf94e071a77669BAe371CD87,34585829179764704558776471721101382364497188835544837351424684262481243220356,200,0.59,,+rave-sing (traversing) by Osinachi,e03b37b6-2d2d-41d1-ac24-673e08600ac8,+rave-sing (traversing) ,https://cdn.feralfileassets.com/thumbnails/e03b37b6-2d2d-41d1-ac24-673e08600ac8/1667836183,https://cdn.feralfileassets.com/previews/e03b37b6-2d2d-41d1-ac24-673e08600ac8/1667836783/preview.gif
Decentralized,Peer to Peer,+rave-sing (traversing) by Osinachi,e03b37b6-2d2d-41d1-ac24-673e08600ac8,e03b37b6-2d2d-41d1-ac24-673e08600ac8,0x2A86C5466f088caEbf94e071a77669BAe371CD87,34585829179764704558776471721101382364497188835544837351424684262481243220357,200,0.59,,+rave-sing (traversing) by Osinachi,e03b37b6-2d2d-41d1-ac24-673e08600ac8,+rave-sing (traversing) ,https://cdn.feralfileassets.com/thumbnails/e03b37b6-2d2d-41d1-ac24-673e08600ac8/1667836183,https://cdn.feralfileassets.com/previews/e03b37b6-2d2d-41d1-ac24-673e08600ac8/1667836783/preview.gif
Decentralized,Peer to Peer,+rave-sing (traversing) by Osinachi,e03b37b6-2d2d-41d1-ac24-673e08600ac8,e03b37b6-2d2d-41d1-ac24-673e08600ac8,0x2A86C5466f088caEbf94e071a77669BAe371CD87,34585829179764704558776471721101382364497188835544837351424684262481243220358,200,0.6,,+rave-sing (traversing) by Osinachi,e03b37b6-2d2d-41d1-ac24-673e08600ac8,+rave-sing (traversing) ,https://cdn.feralfileassets.com/thumbnails/e03b37b6-2d2d-41d1-ac24-673e08600ac8/1667836183,https://cdn.feralfileassets.com/previews/e03b37b6-2d2d-41d1-ac24-673e08600ac8/1667836783/preview.gif
Decentralized,Peer to Peer,"Evolutionary Games and Spatial Chaos, Letters to Nature, 1992 by Sarah Friend",f5d3ffb6-99fb-4c50-ac82-d9db3cfd3963,f5d3ffb6-99fb-4c50-ac82-d9db3cfd3963,0x2A86C5466f088caEbf94e071a77669BAe371CD87,58808081037102973047914285344327235059767077645065607051796863932382238600160,200,0.58,,"Evolutionary Games and Spatial Chaos, Letters to Nature, 1992 by Sarah Friend",f5d3ffb6-99fb-4c50-ac82-d9db3cfd3963,"Evolutionary Games and Spatial Chaos, Letters to Nature, 1992 ",https://cdn.feralfileassets.com/thumbnails/f5d3ffb6-99fb-4c50-ac82-d9db3cfd3963/1666639443,https://cdn.feralfileassets.com/previews/f5d3ffb6-99fb-4c50-ac82-d9db3cfd3963/1666639970/?edition_number=0&blockchain=ethereum&contract=0x2A86C5466f088caEbf94e071a77669BAe371CD87&token_id=58808081037102973047914285344327235059767077645065607051796863932382238600160&token_id_hash=0xcee09949088f815585702a80384ba4a157a9f1fcc407eae1266764039c73346e
Decentralized,Peer to Peer,"Evolutionary Games and Spatial Chaos, Letters to Nature, 1992 by Sarah Friend",f5d3ffb6-99fb-4c50-ac82-d9db3cfd3963,f5d3ffb6-99fb-4c50-ac82-d9db3cfd3963,0x2A86C5466f088caEbf94e071a77669BAe371CD87,58808081037102973047914285344327235059767077645065607051796863932382238600161,200,0.59,,"Evolutionary Games and Spatial Chaos, Letters to Nature, 1992 by Sarah Friend",f5d3ffb6-99fb-4c50-ac82-d9db3cfd3963,"Evolutionary Games and Spatial Chaos, Letters to Nature, 1992 ",https://cdn.feralfileassets.com/thumbnails/f5d3ffb6-99fb-4c50-ac82-d9db3cfd3963/1666639443,https://cdn.feralfileassets.com/previews/f5d3ffb6-99fb-4c50-ac82-d9db3cfd3963/1666639970/?edition_number=1&blockchain=ethereum&contract=0x2A86C5466f088caEbf94e071a77669BAe371CD87&token_id=58808081037102973047914285344327235059767077645065607051796863932382238600161&token_id_hash=0xbca63330bf06640a25b02295dc9c863102cf979c21dc6e8a207c3de67672e4a3
Decentralized,Peer to Peer,"Evolutionary Games and Spatial Chaos, Letters to Nature, 1992 by Sarah Friend",f5d3ffb6-99fb-4c50-ac82-d9db3cfd3963,f5d3ffb6-99fb-4c50-ac82-d9db3cfd3963,0x2A86C5466f088caEbf94e071a77669BAe371CD87,58808081037102973047914285344327235059767077645065607051796863932382238600162,200,0.59,,"Evolutionary Games and Spatial Chaos, Letters to Nature, 1992 by Sarah Friend",f5d3ffb6-99fb-4c50-ac82-d9db3cfd3963,"Evolutionary Games and Spatial Chaos, Letters to Nature, 1992 ",https://cdn.feralfileassets.com/thumbnails/f5d3ffb6-99fb-4c50-ac82-d9db3cfd3963/1666639443,https://cdn.feralfileassets.com/previews/f5d3ffb6-99fb-4c50-ac82-d9db3cfd3963/1666639970/?edition_number=2&blockchain=ethereum&contract=0x2A86C5466f088caEbf94e071a77669BAe371CD87&token_id=58808081037102973047914285344327235059767077645065607051796863932382238600162&token_id_hash=0xd67861725349fdabdb076fde20ab2a45ae6022e9e3673efe130064c6114557c4
Decentralized,Peer to Peer,"Evolutionary Games and Spatial Chaos, Letters to Nature, 1992 by Sarah Friend",f5d3ffb6-99fb-4c50-ac82-d9db3cfd3963,f5d3ffb6-99fb-4c50-ac82-d9db3cfd3963,0x2A86C5466f088caEbf94e071a77669BAe371CD87,58808081037102973047914285344327235059767077645065607051796863932382238600163,200,0.6,,"Evolutionary Games and Spatial Chaos, Letters to Nature, 1992 by Sarah Friend",f5d3ffb6-99fb-4c50-ac82-d9db3cfd3963,"Evolutionary Games and Spatial Chaos, Letters to Nature, 1992 ",https://cdn.feralfileassets.com/thumbnails/f5d3ffb6-99fb-4c50-ac82-d9db3cfd3963/1666639443,https://cdn.feralfileassets.com/previews/f5d3ffb6-99fb-4c50-ac82-d9db3cfd3963/1666639970/?edition_number=3&blockchain=ethereum&contract=0x2A86C5466f088caEbf94e071a77669BAe371CD87&token_id=58808081037102973047914285344327235059767077645065607051796863932382238600163&token_id_hash=0x7243988e9343106088a7390dfdba95a65a053fd8c0f96b9ede48c566a2f7af45
Decentralized,Peer to Peer Launch Party Exclusive,Peer to Peer Launch Party Exclusive by Feral File Publisher,053acd9a-2871-409b-a6e0-75a5c7ee2d06,053acd9a-2871-409b-a6e0-75a5c7ee2d06,0xB14b42814895FC1B0A528a475f8A5b070eB4c671,78699651928734682435405714059803743525679482604631175298021532748554302218579,200,0.46,,Peer to Peer Launch Party Exclusive by Feral File Publisher,053acd9a-2871-409b-a6e0-75a5c7ee2d06,Peer to Peer Launch Party Exclusive #299,https://cdn.feralfileassets.com/thumbnails/053acd9a-2871-409b-a6e0-75a5c7ee2d06/1669698771,https://cdn.feralfileassets.com/previews/053acd9a-2871-409b-a6e0-75a5c7ee2d06/1669722462/?edition_number=300&blockchain=ethereum&contract=0xb14b42814895fc1b0a528a475f8a5b070eb4c671&token_id=78699651928734682435405714059803743525679482604631175298021532748554302218579&token_id_hash=0x6681673590e89634922fde346aca8f977e4d02f9f4429ac4fb7732e5e49111b3
Decentralized,Peer to Peer Launch Party Exclusive,Peer to Peer Launch Party Exclusive by Feral File Publisher,053acd9a-2871-409b-a6e0-75a5c7ee2d06,053acd9a-2871-409b-a6e0-75a5c7ee2d06,0xB14b42814895FC1B0A528a475f8A5b070eB4c671,78699651928734682435405714059803743525679482604631175298021532748554302218531,200,0.45,,Peer to Peer Launch Party Exclusive by Feral File Publisher,053acd9a-2871-409b-a6e0-75a5c7ee2d06,Peer to Peer Launch Party Exclusive #251,https://cdn.feralfileassets.com/thumbnails/053acd9a-2871-409b-a6e0-75a5c7ee2d06/1669698771,https://cdn.feralfileassets.com/previews/053acd9a-2871-409b-a6e0-75a5c7ee2d06/1669722462/?edition_number=252&blockchain=ethereum&contract=0xb14b42814895fc1b0a528a475f8a5b070eb4c671&token_id=78699651928734682435405714059803743525679482604631175298021532748554302218531&token_id_hash=0xd55e1ccf0cfaa84a254f7f75fec84b52a20aa63a7704f10f081921a3ce331a41
Decentralized,Peer to Peer Launch Party Exclusive,Peer to Peer Launch Party Exclusive by Feral File Publisher,053acd9a-2871-409b-a6e0-75a5c7ee2d06,053acd9a-2871-409b-a6e0-75a5c7ee2d06,0xB14b42814895FC1B0A528a475f8A5b070eB4c671,78699651928734682435405714059803743525679482604631175298021532748554302218535,200,0.46,,Peer to Peer Launch Party Exclusive by Feral File Publisher,053acd9a-2871-409b-a6e0-75a5c7ee2d06,Peer to Peer Launch Party Exclusive #255,https://cdn.feralfileassets.com/thumbnails/053acd9a-2871-409b-a6e0-75a5c7ee2d06/1669698771,https://cdn.feralfileassets.com/previews/053acd9a-2871-409b-a6e0-75a5c7ee2d06/1669722462/?edition_number=256&blockchain=ethereum&contract=0xb14b42814895fc1b0a528a475f8a5b070eb4c671&token_id=78699651928734682435405714059803743525679482604631175298021532748554302218535&token_id_hash=0x5a1e3e88baa6bf8a9c867b91dedc4611428713b6263f3eb6954391fb532ef134
Decentralized,Peer to Peer Launch Party Exclusive,Peer to Peer Launch Party Exclusive by Feral File Publisher,053acd9a-2871-409b-a6e0-75a5c7ee2d06,053acd9a-2871-409b-a6e0-75a5c7ee2d06,0xB14b42814895FC1B0A528a475f8A5b070eB4c671,78699651928734682435405714059803743525679482604631175298021532748554302218539,200,0.46,,Peer to Peer Launch Party Exclusive by Feral File Publisher,053acd9a-2871-409b-a6e0-75a5c7ee2d06,Peer to Peer Launch Party Exclusive #259,https://cdn.feralfileassets.com/thumbnails/053acd9a-2871-409b-a6e0-75a5c7ee2d06/1669698771,https://cdn.feralfileassets.com/previews/053acd9a-2871-409b-a6e0-75a5c7ee2d06/1669722462/?edition_number=260&blockchain=ethereum&contract=0xb14b42814895fc1b0a528a475f8a5b070eb4c671&token_id=78699651928734682435405714059803743525679482604631175298021532748554302218539&token_id_hash=0x78bc9aa1336da92d8383dd18e68e829b1ae5f5d6d9a4b41b64a7095a3d532f10
Decentralized,Peer to Peer Launch Party Exclusive,Peer to Peer Launch Party Exclusive by Feral File Publisher,053acd9a-2871-409b-a6e0-75a5c7ee2d06,053acd9a-2871-409b-a6e0-75a5c7ee2d06,0xB14b42814895FC1B0A528a475f8A5b070eB4c671,78699651928734682435405714059803743525679482604631175298021532748554302218543,200,0.46,,Peer to Peer Launch Party Exclusive by Feral File Publisher,053acd9a-2871-409b-a6e0-75a5c7ee2d06,Peer to Peer Launch Party Exclusive #263,https://cdn.feralfileassets.com/thumbnails/053acd9a-2871-409b-a6e0-75a5c7ee2d06/1669698771,https://cdn.feralfileassets.com/previews/053acd9a-2871-409b-a6e0-75a5c7ee2d06/1669722462/?edition_number=264&blockchain=ethereum&contract=0xb14b42814895fc1b0a528a475f8a5b070eb4c671&token_id=78699651928734682435405714059803743525679482604631175298021532748554302218543&token_id_hash=0x1bb822fef180a9e1c2070309618d9ba1ec09c617c105ef812dbad0829a3eed87
Decentralized,Peer to Peer Launch Party Exclusive,Peer to Peer Launch Party Exclusive by Feral File Publisher,053acd9a-2871-409b-a6e0-75a5c7ee2d06,053acd9a-2871-409b-a6e0-75a5c7ee2d06,0xB14b42814895FC1B0A528a475f8A5b070eB4c671,78699651928734682435405714059803743525679482604631175298021532748554302218547,200,0.45,,Peer to Peer Launch Party Exclusive by Feral File Publisher,053acd9a-2871-409b-a6e0-75a5c7ee2d06,Peer to Peer Launch Party Exclusive #267,https://cdn.feralfileassets.com/thumbnails/053acd9a-2871-409b-a6e0-75a5c7ee2d06/1669698771,https://cdn.feralfileassets.com/previews/053acd9a-2871-409b-a6e0-75a5c7ee2d06/1669722462/?edition_number=268&blockchain=ethereum&contract=0xb14b42814895fc1b0a528a475f8a5b070eb4c671&token_id=78699651928734682435405714059803743525679482604631175298021532748554302218547&token_id_hash=0x0edd29e53eb40a048854797f906c14e0b3e3aaf187518dd1bf6d5213fdc388af
Decentralized,Peer to Peer Launch Party Exclusive,Peer to Peer Launch Party Exclusive by Feral File Publisher,053acd9a-2871-409b-a6e0-75a5c7ee2d06,053acd9a-2871-409b-a6e0-75a5c7ee2d06,0xB14b42814895FC1B0A528a475f8A5b070eB4c671,78699651928734682435405714059803743525679482604631175298021532748554302218551,200,0.52,,Peer to Peer Launch Party Exclusive by Feral File Publisher,053acd9a-2871-409b-a6e0-75a5c7ee2d06,Peer to Peer Launch Party Exclusive #271,https://cdn.feralfileassets.com/thumbnails/053acd9a-2871-409b-a6e0-75a5c7ee2d06/1669698771,https://cdn.feralfileassets.com/previews/053acd9a-2871-409b-a6e0-75a5c7ee2d06/1669722462/?edition_number=272&blockchain=ethereum&contract=0xb14b42814895fc1b0a528a475f8a5b070eb4c671&token_id=78699651928734682435405714059803743525679482604631175298021532748554302218551&token_id_hash=0x52dff3fb8965d66bf23c6422e9a10ba6600c4acebd4d3278a6efd33f7af9eec1
Decentralized,Peer to Peer Launch Party Exclusive,Peer to Peer Launch Party Exclusive by Feral File Publisher,053acd9a-2871-409b-a6e0-75a5c7ee2d06,053acd9a-2871-409b-a6e0-75a5c7ee2d06,0xB14b42814895FC1B0A528a475f8A5b070eB4c671,78699651928734682435405714059803743525679482604631175298021532748554302218555,200,0.47,,Peer to Peer Launch Party Exclusive by Feral File Publisher,053acd9a-2871-409b-a6e0-75a5c7ee2d06,Peer to Peer Launch Party Exclusive #275,https://cdn.feralfileassets.com/thumbnails/053acd9a-2871-409b-a6e0-75a5c7ee2d06/1669698771,https://cdn.feralfileassets.com/previews/053acd9a-2871-409b-a6e0-75a5c7ee2d06/1669722462/?edition_number=276&blockchain=ethereum&contract=0xb14b42814895fc1b0a528a475f8a5b070eb4c671&token_id=78699651928734682435405714059803743525679482604631175298021532748554302218555&token_id_hash=0xa9525fdaf2b21486bddee8aeb8a22a14d5489b676b87691264865fc37457a805
Decentralized,Peer to Peer Launch Party Exclusive,Peer to Peer Launch Party Exclusive by Feral File Publisher,053acd9a-2871-409b-a6e0-75a5c7ee2d06,053acd9a-2871-409b-a6e0-75a5c7ee2d06,0xB14b42814895FC1B0A528a475f8A5b070eB4c671,78699651928734682435405714059803743525679482604631175298021532748554302218559,200,0.46,,Peer to Peer Launch Party Exclusive by Feral File Publisher,053acd9a-2871-409b-a6e0-75a5c7ee2d06,Peer to Peer Launch Party Exclusive #279,https://cdn.feralfileassets.com/thumbnails/053acd9a-2871-409b-a6e0-75a5c7ee2d06/1669698771,https://cdn.feralfileassets.com/previews/053acd9a-2871-409b-a6e0-75a5c7ee2d06/1669722462/?edition_number=280&blockchain=ethereum&contract=0xb14b42814895fc1b0a528a475f8a5b070eb4c671&token_id=78699651928734682435405714059803743525679482604631175298021532748554302218559&token_id_hash=0xc7b33292b42476eb8280c8d3a6beb37abaa6b6fdd69a3a6bffe60c32a4c584df
Decentralized,Peer to Peer Launch Party Exclusive,Peer to Peer Launch Party Exclusive by Feral File Publisher,053acd9a-2871-409b-a6e0-75a5c7ee2d06,053acd9a-2871-409b-a6e0-75a5c7ee2d06,0xB14b42814895FC1B0A528a475f8A5b070eB4c671,78699651928734682435405714059803743525679482604631175298021532748554302218563,200,0.51,,Peer to Peer Launch Party Exclusive by Feral File Publisher,053acd9a-2871-409b-a6e0-75a5c7ee2d06,Peer to Peer Launch Party Exclusive #283,https://cdn.feralfileassets.com/thumbnails/053acd9a-2871-409b-a6e0-75a5c7ee2d06/1669698771,https://cdn.feralfileassets.com/previews/053acd9a-2871-409b-a6e0-75a5c7ee2d06/1669722462/?edition_number=284&blockchain=ethereum&contract=0xb14b42814895fc1b0a528a475f8a5b070eb4c671&token_id=78699651928734682435405714059803743525679482604631175298021532748554302218563&token_id_hash=0x3d78e2dfb8778960e7843eb63f6b2773fcade2a15583837c9ec11e56a747e48f
Delisted,Primordium,36 Points by Sage Jenson,6fc37daa-bb2b-4cb4-993e-5414e6bd672d,7e2aceea-c9f0-4afc-a4c6-8d37dda61d02,0x513AC47320798fB6D74543242a9c0F686682998D,35521017362997486661227184386262019050944532469219603439542027056911404432989,200,0.46,,36 Points by Sage Jenson,6fc37daa-bb2b-4cb4-993e-5414e6bd672d,36 Points #22 ,https://ipfs.feralfile.com/ipfs/QmahGQ4LZtM8X9mYGnhoBMh7KZ9jUMzd3KgUT3J2KmsTCg?,https://ipfs.feralfile.com/ipfs/QmNUSLzHMbdZgahujMmrjvMSwVdvnwzRiaiwFSaonej2JT?
Decentralized,Primordium,Tapestry by Sage Jenson,a3d23452-f377-4d0e-9a67-ecce7a182927,a3d23452-f377-4d0e-9a67-ecce7a182927,0x513AC47320798fB6D74543242a9c0F686682998D,101362471285429083780124202340658617171206831615691583616293320663748173329692,200,0.46,,Tapestry by Sage Jenson,a3d23452-f377-4d0e-9a67-ecce7a182927,Tapestry ,https://ipfs.feralfile.com/ipfs/QmU21fo2UprSVEiwmqegwSiwGi3wZKUsG5isRHeCCuN3e7?,
Delisted,Primordium,36 Points by Sage Jenson,6fc37daa-bb2b-4cb4-993e-5414e6bd672d,b0cd5f03-3a5b-4be3-9c58-b05d2b388c5a,0x513AC47320798fB6D74543242a9c0F686682998D,78185066854195316843381508527357809817094314029485180988986462325720436744133,200,0.46,,36 Points by Sage Jenson,6fc37daa-bb2b-4cb4-993e-5414e6bd672d,36 Points #30 ,https://ipfs.feralfile.com/ipfs/QmURRd4zNfKyfEfHvKx8aoHnQXcAm49LWQDveXCqbzkwfL?,https://ipfs.feralfile.com/ipfs/QmbVQP5VJWamENeo8UXTBCxxj34hR37UteJ8Eo8iy21afc?
Delisted,Primordium,36 Points by Sage Jenson,6fc37daa-bb2b-4cb4-993e-5414e6bd672d,e496c840-27ce-4988-80a3-e99cd123d107,0x513AC47320798fB6D74543242a9c0F686682998D,43593768040483625743468770500373785749685714786564201072059172213178285065644,200,0.45,,36 Points by Sage Jenson,6fc37daa-bb2b-4cb4-993e-5414e6bd672d,36 Points #14 ,https://ipfs.feralfile.com/ipfs/Qmf6V6nd9voCroUkz1Z7HGo6J75REVyEpDLwe4TTZSj22Q?,https://ipfs.feralfile.com/ipfs/QmTAz2gwTQEBHuUDPwe5HSX25yQczSqcEQDL1nhf3AVimY?
Delisted,Reflections in the Water,Venuses (quantum bodies watched by Open Pose algorithm) by Libby Heaney,4a58d6e4-d014-4ea3-9837-f7892fd48157,4a58d6e4-d014-4ea3-9837-f7892fd48157,0x29C9E04E05c5d261836e458BC5B779a7dE3C58D6,75747731665689965407902221511726863463013349916962479906701106709260396584971,200,0.46,,Venuses (quantum bodies watched by Open Pose algorithm) by Libby Heaney,4a58d6e4-d014-4ea3-9837-f7892fd48157,Venuses (quantum bodies watched by Open Pose algorithm) #88,https://ipfs.feralfile.com/ipfs/QmaJ8GgRbz9JcFHwpGSG7q91gBbfzFUkp2deDt9puMo23v?,https://ipfs.feralfile.com/ipfs/QmXiMu9fcg89CYZ6FawmDmhCyb7CvumNBVPChwSxSJAZKR?
Delisted,Reflections in the Water,Venuses (quantum bodies watched by Open Pose algorithm) by Libby Heaney,4a58d6e4-d014-4ea3-9837-f7892fd48157,4a58d6e4-d014-4ea3-9837-f7892fd48157,0x29C9E04E05c5d261836e458BC5B779a7dE3C58D6,75747731665689965407902221511726863463013349916962479906701106709260396584940,200,0.46,,Venuses (quantum bodies watched by Open Pose algorithm) by Libby Heaney,4a58d6e4-d014-4ea3-9837-f7892fd48157,Venuses (quantum bodies watched by Open Pose algorithm) #57,https://ipfs.feralfile.com/ipfs/QmaJ8GgRbz9JcFHwpGSG7q91gBbfzFUkp2deDt9puMo23v?,https://ipfs.feralfile.com/ipfs/QmXiMu9fcg89CYZ6FawmDmhCyb7CvumNBVPChwSxSJAZKR?
Delisted,Reflections in the Water,Venuses (quantum bodies watched by Open Pose algorithm) by Libby Heaney,4a58d6e4-d014-4ea3-9837-f7892fd48157,4a58d6e4-d014-4ea3-9837-f7892fd48157,0x29C9E04E05c5d261836e458BC5B779a7dE3C58D6,75747731665689965407902221511726863463013349916962479906701106709260396584941,200,0.45,,Venuses (quantum bodies watched by Open Pose algorithm) by Libby Heaney,4a58d6e4-d014-4ea3-9837-f7892fd48157,Venuses (quantum bodies watched by Open Pose algorithm) #58,https://ipfs.feralfile.com/ipfs/QmaJ8GgRbz9JcFHwpGSG7q91gBbfzFUkp2deDt9puMo23v?,https://ipfs.feralfile.com/ipfs/QmXiMu9fcg89CYZ6FawmDmhCyb7CvumNBVPChwSxSJAZKR?
Decentralized,SOUND MACHINES,Integrity Protocol / Lower Limb Lecture by American Artist and Tommy Martinez,471b892b-9373-4245-9b80-c6e5c706ae43,471b892b-9373-4245-9b80-c6e5c706ae43,0x1D9787369B1DCf709f92Da1d8743c2A4b6028a83,5429577522081131997036023001590580143444575936,200,0.45,,Integrity Protocol / Lower Limb Lecture by American Artist and Tommy Martinez,471b892b-9373-4245-9b80-c6e5c706ae43,Integrity Protocol / Lower Limb Lecture #1,https://ipfs.feralfile.com/ipfs/QmSctk2natfroD1t81ySDZRjhdnK19C91XWXuRUjZcE9mF?,https://ipfs.feralfile.com/ipfs/QmS69vCbtorL3fuF2rWSyjo8gQjTr6r3UzKgwy3g2wVfHB?edition_number=0&artwork_number=1&blockchain=ethereum&contract=0x1D9787369B1DCf709f92Da1d8743c2A4b6028a83&token_id=5429577522081131997036023001590580143444575936&token_id_hash=0x63762c81eae44a126d5b819b400a799db0d6171588a0bcd51e0871e87ecb5563
Decentralized,SOUND MACHINES,Integrity Protocol / Lower Limb Lecture by American Artist and Tommy Martinez,471b892b-9373-4245-9b80-c6e5c706ae43,471b892b-9373-4245-9b80-c6e5c706ae43,0x1D9787369B1DCf709f92Da1d8743c2A4b6028a83,5429577522081131997036023001590580143444575939,200,0.45,,Integrity Protocol / Lower Limb Lecture by American Artist and Tommy Martinez,471b892b-9373-4245-9b80-c6e5c706ae43,Integrity Protocol / Lower Limb Lecture #4,https://ipfs.feralfile.com/ipfs/Qme8VETpDXPkhiXspZHqGR3kcFhmvDeNiJ8NKEt184gCpb?,https://ipfs.feralfile.com/ipfs/QmS69vCbtorL3fuF2rWSyjo8gQjTr6r3UzKgwy3g2wVfHB?edition_number=3&artwork_number=4&blockchain=ethereum&contract=0x1D9787369B1DCf709f92Da1d8743c2A4b6028a83&token_id=5429577522081131997036023001590580143444575939&token_id_hash=0x04f631be25fc0099ea9099c8064cd62a0b4b06524f7123a2cc96e3f8d754905c
Decentralized,SOUND MACHINES,Integrity Protocol / Lower Limb Lecture by American Artist and Tommy Martinez,471b892b-9373-4245-9b80-c6e5c706ae43,471b892b-9373-4245-9b80-c6e5c706ae43,0x1D9787369B1DCf709f92Da1d8743c2A4b6028a83,5429577522081131997036023001590580143444575942,200,0.45,,Integrity Protocol / Lower Limb Lecture by American Artist and Tommy Martinez,471b892b-9373-4245-9b80-c6e5c706ae43,Integrity Protocol / Lower Limb Lecture #7,https://ipfs.feralfile.com/ipfs/QmSmbf81xTMzHvZ7vfmfX1sHw5TdZgD6CksG8FrCf5iSda?,https://ipfs.feralfile.com/ipfs/QmS69vCbtorL3fuF2rWSyjo8gQjTr6r3UzKgwy3g2wVfHB?edition_number=6&artwork_number=7&blockchain=ethereum&contract=0x1D9787369B1DCf709f92Da1d8743c2A4b6028a83&token_id=5429577522081131997036023001590580143444575942&token_id_hash=0xf4cf5607c5895c2a4cdeaab216f73d0ea71c2c62df11d465fa1375f14f907b62
Decentralized,SOUND MACHINES,Integrity Protocol / Lower Limb Lecture by American Artist and Tommy Martinez,471b892b-9373-4245-9b80-c6e5c706ae43,471b892b-9373-4245-9b80-c6e5c706ae43,0x1D9787369B1DCf709f92Da1d8743c2A4b6028a83,5429577522081131997036023001590580143444575945,200,0.46,,Integrity Protocol / Lower Limb Lecture by American Artist and Tommy Martinez,471b892b-9373-4245-9b80-c6e5c706ae43,Integrity Protocol / Lower Limb Lecture #10,https://ipfs.feralfile.com/ipfs/QmcQyfYuFYBwnV848KzrciCbSLiZAnvCMzgcqereo5o39V?,https://ipfs.feralfile.com/ipfs/QmS69vCbtorL3fuF2rWSyjo8gQjTr6r3UzKgwy3g2wVfHB?edition_number=9&artwork_number=10&blockchain=ethereum&contract=0x1D9787369B1DCf709f92Da1d8743c2A4b6028a83&token_id=5429577522081131997036023001590580143444575945&token_id_hash=0x97fbceb1bcb5a9d6947cf558f46e72e3ec9fc27f016fff77e4635ee41d2efeb7
Decentralized,SOUND MACHINES,Integrity Protocol / Lower Limb Lecture by American Artist and Tommy Martinez,471b892b-9373-4245-9b80-c6e5c706ae43,471b892b-9373-4245-9b80-c6e5c706ae43,0x1D9787369B1DCf709f92Da1d8743c2A4b6028a83,5429577522081131997036023001590580143444575948,200,0.45,,Integrity Protocol / Lower Limb Lecture by American Artist and Tommy Martinez,471b892b-9373-4245-9b80-c6e5c706ae43,Integrity Protocol / Lower Limb Lecture #13,https://ipfs.feralfile.com/ipfs/Qme4bBbHP5UFnCo564zPiHB7RRFufPEpRgR5AhtuDPZX8V?,https://ipfs.feralfile.com/ipfs/QmS69vCbtorL3fuF2rWSyjo8gQjTr6r3UzKgwy3g2wVfHB?edition_number=12&artwork_number=13&blockchain=ethereum&contract=0x1D9787369B1DCf709f92Da1d8743c2A4b6028a83&token_id=5429577522081131997036023001590580143444575948&token_id_hash=0xc95d371ef438a2431c1ebedca22adb4342a6ef467d1e1e7a39c54e829c1dffeb
Decentralized,SOUND MACHINES,Integrity Protocol / Lower Limb Lecture by American Artist and Tommy Martinez,471b892b-9373-4245-9b80-c6e5c706ae43,471b892b-9373-4245-9b80-c6e5c706ae43,0x1D9787369B1DCf709f92Da1d8743c2A4b6028a83,5429577522081131997036023001590580143444575951,200,0.45,,Integrity Protocol / Lower Limb Lecture by American Artist and Tommy Martinez,471b892b-9373-4245-9b80-c6e5c706ae43,Integrity Protocol / Lower Limb Lecture #16,https://ipfs.feralfile.com/ipfs/QmaTQNXweeRCExVJ2oWoHuSeCuVqoYQAV9kqgzD2jqezi9?,https://ipfs.feralfile.com/ipfs/QmS69vCbtorL3fuF2rWSyjo8gQjTr6r3UzKgwy3g2wVfHB?edition_number=15&artwork_number=16&blockchain=ethereum&contract=0x1D9787369B1DCf709f92Da1d8743c2A4b6028a83&token_id=5429577522081131997036023001590580143444575951&token_id_hash=0xf70fa61330223ceca7970efc4885fbac05ced90daabdd28ef14996c0eca86e97
Decentralized,SOUND MACHINES,Integrity Protocol / Lower Limb Lecture by American Artist and Tommy Martinez,471b892b-9373-4245-9b80-c6e5c706ae43,471b892b-9373-4245-9b80-c6e5c706ae43,0x1D9787369B1DCf709f92Da1d8743c2A4b6028a83,5429577522081131997036023001590580143444575954,200,0.46,,Integrity Protocol / Lower Limb Lecture by American Artist and Tommy Martinez,471b892b-9373-4245-9b80-c6e5c706ae43,Integrity Protocol / Lower Limb Lecture #19,https://ipfs.feralfile.com/ipfs/QmQ6UuMHURkQogiArVCmM23kgHhdFMP91VBahK6MeVMAxV?,https://ipfs.feralfile.com/ipfs/QmS69vCbtorL3fuF2rWSyjo8gQjTr6r3UzKgwy3g2wVfHB?edition_number=18&artwork_number=19&blockchain=ethereum&contract=0x1D9787369B1DCf709f92Da1d8743c2A4b6028a83&token_id=5429577522081131997036023001590580143444575954&token_id_hash=0xd936ac08e41d8c9803c5ab53e6f6e6dd12b5c3a0e53d261f12e0d34b1387daa0
Decentralized,SOUND MACHINES,Integrity Protocol / Lower Limb Lecture by American Artist and Tommy Martinez,471b892b-9373-4245-9b80-c6e5c706ae43,471b892b-9373-4245-9b80-c6e5c706ae43,0x1D9787369B1DCf709f92Da1d8743c2A4b6028a83,5429577522081131997036023001590580143444575957,200,0.44,,Integrity Protocol / Lower Limb Lecture by American Artist and Tommy Martinez,471b892b-9373-4245-9b80-c6e5c706ae43,Integrity Protocol / Lower Limb Lecture #22,https://ipfs.feralfile.com/ipfs/QmPAmhBJdxaT71bAMSkMHDUaQQ3wZSdKjWST7Qoyf67zdZ?,https://ipfs.feralfile.com/ipfs/QmS69vCbtorL3fuF2rWSyjo8gQjTr6r3UzKgwy3g2wVfHB?edition_number=21&artwork_number=22&blockchain=ethereum&contract=0x1D9787369B1DCf709f92Da1d8743c2A4b6028a83&token_id=5429577522081131997036023001590580143444575957&token_id_hash=0x3cd763e65e8c3e2c9ff77fbcd0d9e59fb885fc26d39fe4d6bd10a45a3116ffd4
Decentralized,SOUND MACHINES,Integrity Protocol / Lower Limb Lecture by American Artist and Tommy Martinez,471b892b-9373-4245-9b80-c6e5c706ae43,471b892b-9373-4245-9b80-c6e5c706ae43,0x1D9787369B1DCf709f92Da1d8743c2A4b6028a83,5429577522081131997036023001590580143444575960,200,0.46,,Integrity Protocol / Lower Limb Lecture by American Artist and Tommy Martinez,471b892b-9373-4245-9b80-c6e5c706ae43,Integrity Protocol / Lower Limb Lecture #25,https://ipfs.feralfile.com/ipfs/QmcjQXQ27VSX6tmDXmxURFhjFEbHw3zKhhwmsvgQR4eav3?,https://ipfs.feralfile.com/ipfs/QmS69vCbtorL3fuF2rWSyjo8gQjTr6r3UzKgwy3g2wVfHB?edition_number=24&artwork_number=25&blockchain=ethereum&contract=0x1D9787369B1DCf709f92Da1d8743c2A4b6028a83&token_id=5429577522081131997036023001590580143444575960&token_id_hash=0x1e2603ced16c8dfc959399df5ab5147e9f76b6d24bdfb6b17c2525c61745c890
Decentralized,SOUND MACHINES,Integrity Protocol / Lower Limb Lecture by American Artist and Tommy Martinez,471b892b-9373-4245-9b80-c6e5c706ae43,471b892b-9373-4245-9b80-c6e5c706ae43,0x1D9787369B1DCf709f92Da1d8743c2A4b6028a83,5429577522081131997036023001590580143444575963,200,0.45,,Integrity Protocol / Lower Limb Lecture by American Artist and Tommy Martinez,471b892b-9373-4245-9b80-c6e5c706ae43,Integrity Protocol / Lower Limb Lecture #28,https://ipfs.feralfile.com/ipfs/QmSPayLUDQMy76H7A79SZj3BQiAHLpRv4JNGZV611ys2oL?,https://ipfs.feralfile.com/ipfs/QmS69vCbtorL3fuF2rWSyjo8gQjTr6r3UzKgwy3g2wVfHB?edition_number=27&artwork_number=28&blockchain=ethereum&contract=0x1D9787369B1DCf709f92Da1d8743c2A4b6028a83&token_id=5429577522081131997036023001590580143444575963&token_id_hash=0xb7583fe62c15bfe7b1664165347ff0ddd23e4c312fc0f915a54d79715082599a
Decentralized,SOUND MACHINES,Vox Anima by 0xDEAFBEEF,67ab07f9-3dc5-4758-a560-c3d2347523b8,67ab07f9-3dc5-4758-a560-c3d2347523b8,0x1D9787369B1DCf709f92Da1d8743c2A4b6028a83,5429577522081131997036023001590580143449575936,200,0.45,,Vox Anima by 0xDEAFBEEF,67ab07f9-3dc5-4758-a560-c3d2347523b8,Vox Anima #1,https://ipfs.feralfile.com/ipfs/QmQgheJxyWp9yPygQSShuZa2ep92xSqeWH2Yh5tEL1CKnb?,https://ipfs.feralfile.com/ipfs/QmNsFaBGWVV68iTJQ7K98msFajqvEcuV3aG9tiaxpZzcVz?
Decentralized,SOUND MACHINES,Vox Anima by 0xDEAFBEEF,67ab07f9-3dc5-4758-a560-c3d2347523b8,67ab07f9-3dc5-4758-a560-c3d2347523b8,0x1D9787369B1DCf709f92Da1d8743c2A4b6028a83,5429577522081131997036023001590580143449575940,200,0.45,,Vox Anima by 0xDEAFBEEF,67ab07f9-3dc5-4758-a560-c3d2347523b8,Vox Anima #5,https://ipfs.feralfile.com/ipfs/QmQgheJxyWp9yPygQSShuZa2ep92xSqeWH2Yh5tEL1CKnb?,https://ipfs.feralfile.com/ipfs/QmNsFaBGWVV68iTJQ7K98msFajqvEcuV3aG9tiaxpZzcVz?
Decentralized,SOUND MACHINES,Vox Anima by 0xDEAFBEEF,67ab07f9-3dc5-4758-a560-c3d2347523b8,67ab07f9-3dc5-4758-a560-c3d2347523b8,0x1D9787369B1DCf709f92Da1d8743c2A4b6028a83,5429577522081131997036023001590580143449575944,200,0.46,,Vox Anima by 0xDEAFBEEF,67ab07f9-3dc5-4758-a560-c3d2347523b8,Vox Anima #9,https://ipfs.feralfile.com/ipfs/QmQgheJxyWp9yPygQSShuZa2ep92xSqeWH2Yh5tEL1CKnb?,https://ipfs.feralfile.com/ipfs/QmNsFaBGWVV68iTJQ7K98msFajqvEcuV3aG9tiaxpZzcVz?
Decentralized,SOUND MACHINES,Vox Anima by 0xDEAFBEEF,67ab07f9-3dc5-4758-a560-c3d2347523b8,67ab07f9-3dc5-4758-a560-c3d2347523b8,0x1D9787369B1DCf709f92Da1d8743c2A4b6028a83,5429577522081131997036023001590580143449575948,200,0.45,,Vox Anima by 0xDEAFBEEF,67ab07f9-3dc5-4758-a560-c3d2347523b8,Vox Anima #13,https://ipfs.feralfile.com/ipfs/QmQgheJxyWp9yPygQSShuZa2ep92xSqeWH2Yh5tEL1CKnb?,https://ipfs.feralfile.com/ipfs/QmNsFaBGWVV68iTJQ7K98msFajqvEcuV3aG9tiaxpZzcVz?
Decentralized,SOUND MACHINES,Vox Anima by 0xDEAFBEEF,67ab07f9-3dc5-4758-a560-c3d2347523b8,67ab07f9-3dc5-4758-a560-c3d2347523b8,0x1D9787369B1DCf709f92Da1d8743c2A4b6028a83,5429577522081131997036023001590580143449575952,200,0.46,,Vox Anima by 0xDEAFBEEF,67ab07f9-3dc5-4758-a560-c3d2347523b8,Vox Anima #17,https://ipfs.feralfile.com/ipfs/QmQgheJxyWp9yPygQSShuZa2ep92xSqeWH2Yh5tEL1CKnb?,https://ipfs.feralfile.com/ipfs/QmNsFaBGWVV68iTJQ7K98msFajqvEcuV3aG9tiaxpZzcVz?
Decentralized,SOUND MACHINES,Vox Anima by 0xDEAFBEEF,67ab07f9-3dc5-4758-a560-c3d2347523b8,67ab07f9-3dc5-4758-a560-c3d2347523b8,0x1D9787369B1DCf709f92Da1d8743c2A4b6028a83,5429577522081131997036023001590580143449575956,200,0.46,,Vox Anima by 0xDEAFBEEF,67ab07f9-3dc5-4758-a560-c3d2347523b8,Vox Anima #21,https://ipfs.feralfile.com/ipfs/QmQgheJxyWp9yPygQSShuZa2ep92xSqeWH2Yh5tEL1CKnb?,https://ipfs.feralfile.com/ipfs/QmNsFaBGWVV68iTJQ7K98msFajqvEcuV3aG9tiaxpZzcVz?
Decentralized,SOUND MACHINES,Vox Anima by 0xDEAFBEEF,67ab07f9-3dc5-4758-a560-c3d2347523b8,67ab07f9-3dc5-4758-a560-c3d2347523b8,0x1D9787369B1DCf709f92Da1d8743c2A4b6028a83,5429577522081131997036023001590580143449575960,200,0.46,,Vox Anima by 0xDEAFBEEF,67ab07f9-3dc5-4758-a560-c3d2347523b8,Vox Anima #25,https://ipfs.feralfile.com/ipfs/QmQgheJxyWp9yPygQSShuZa2ep92xSqeWH2Yh5tEL1CKnb?,https://ipfs.feralfile.com/ipfs/QmNsFaBGWVV68iTJQ7K98msFajqvEcuV3aG9tiaxpZzcVz?
Decentralized,SOUND MACHINES,Vox Anima by 0xDEAFBEEF,67ab07f9-3dc5-4758-a560-c3d2347523b8,67ab07f9-3dc5-4758-a560-c3d2347523b8,0x1D9787369B1DCf709f92Da1d8743c2A4b6028a83,5429577522081131997036023001590580143449575964,200,0.45,,Vox Anima by 0xDEAFBEEF,67ab07f9-3dc5-4758-a560-c3d2347523b8,Vox Anima #29,https://ipfs.feralfile.com/ipfs/QmQgheJxyWp9yPygQSShuZa2ep92xSqeWH2Yh5tEL1CKnb?,https://ipfs.feralfile.com/ipfs/QmNsFaBGWVV68iTJQ7K98msFajqvEcuV3aG9tiaxpZzcVz?
Decentralized,SOUND MACHINES,Vox Anima by 0xDEAFBEEF,67ab07f9-3dc5-4758-a560-c3d2347523b8,67ab07f9-3dc5-4758-a560-c3d2347523b8,0x1D9787369B1DCf709f92Da1d8743c2A4b6028a83,5429577522081131997036023001590580143449575968,200,0.45,,Vox Anima by 0xDEAFBEEF,67ab07f9-3dc5-4758-a560-c3d2347523b8,Vox Anima #33,https://ipfs.feralfile.com/ipfs/QmQgheJxyWp9yPygQSShuZa2ep92xSqeWH2Yh5tEL1CKnb?,https://ipfs.feralfile.com/ipfs/QmNsFaBGWVV68iTJQ7K98msFajqvEcuV3aG9tiaxpZzcVz?
Decentralized,SOUND MACHINES,Vox Anima by 0xDEAFBEEF,67ab07f9-3dc5-4758-a560-c3d2347523b8,67ab07f9-3dc5-4758-a560-c3d2347523b8,0x1D9787369B1DCf709f92Da1d8743c2A4b6028a83,5429577522081131997036023001590580143449575972,200,0.46,,Vox Anima by 0xDEAFBEEF,67ab07f9-3dc5-4758-a560-c3d2347523b8,Vox Anima #37,https://ipfs.feralfile.com/ipfs/QmQgheJxyWp9yPygQSShuZa2ep92xSqeWH2Yh5tEL1CKnb?,https://ipfs.feralfile.com/ipfs/QmNsFaBGWVV68iTJQ7K98msFajqvEcuV3aG9tiaxpZzcVz?
Decentralized,SOUND MACHINES,Play from Memory by Holly Herndon and Mat Dryhurst,8d8e8feb-da80-4dc4-b2f0-b7c7a3472f29,8d8e8feb-da80-4dc4-b2f0-b7c7a3472f29,0x1D9787369B1DCf709f92Da1d8743c2A4b6028a83,5429577522081131997036023001590580143445575940,200,0.45,,Play from Memory by Holly Herndon and Mat Dryhurst,8d8e8feb-da80-4dc4-b2f0-b7c7a3472f29,Play from Memory #5,https://ipfs.feralfile.com/ipfs/Qmeabng1rSFDDRL86aozgxH1DMmjRBHkR2jXv7F6zHtyVu?,https://ipfs.feralfile.com/ipfs/QmYQQbVpEqzhn5wW3Hq4ogZVFLh5jmCZ1QhwVHYHL7jSZA?
Decentralized,SOUND MACHINES,Play from Memory by Holly Herndon and Mat Dryhurst,8d8e8feb-da80-4dc4-b2f0-b7c7a3472f29,8d8e8feb-da80-4dc4-b2f0-b7c7a3472f29,0x1D9787369B1DCf709f92Da1d8743c2A4b6028a83,5429577522081131997036023001590580143445575938,200,0.44,,Play from Memory by Holly Herndon and Mat Dryhurst,8d8e8feb-da80-4dc4-b2f0-b7c7a3472f29,Play from Memory #3,https://ipfs.feralfile.com/ipfs/QmaexUtQ2HX8oKV5DY55XEckhAhbv94veY56cjMjZNqhbH?,https://ipfs.feralfile.com/ipfs/Qme9xJPm1HBRcLxhdPwFwoFhaXDB4UdotVwFQEtVoNjDhH?
Decentralized,SOUND MACHINES,Play from Memory by Holly Herndon and Mat Dryhurst,8d8e8feb-da80-4dc4-b2f0-b7c7a3472f29,8d8e8feb-da80-4dc4-b2f0-b7c7a3472f29,0x1D9787369B1DCf709f92Da1d8743c2A4b6028a83,5429577522081131997036023001590580143445575942,200,0.45,,Play from Memory by Holly Herndon and Mat Dryhurst,8d8e8feb-da80-4dc4-b2f0-b7c7a3472f29,Play from Memory #7,https://ipfs.feralfile.com/ipfs/QmZgpG5muk74LmVctLKZ39SYAq41nFX6accCDUoityHBeH?,https://ipfs.feralfile.com/ipfs/QmP8r42bmCxS3oKMmdNpUw2FA8ZbhiFDLuFczRHakVJztT?
Decentralized,SOUND MACHINES,Play from Memory by Holly Herndon and Mat Dryhurst,8d8e8feb-da80-4dc4-b2f0-b7c7a3472f29,8d8e8feb-da80-4dc4-b2f0-b7c7a3472f29,0x1D9787369B1DCf709f92Da1d8743c2A4b6028a83,5429577522081131997036023001590580143445575945,200,0.44,,Play from Memory by Holly Herndon and Mat Dryhurst,8d8e8feb-da80-4dc4-b2f0-b7c7a3472f29,Play from Memory #10,https://ipfs.feralfile.com/ipfs/QmcmYoycqpDRTsJEVQEVts5y1gSX1ARzNZrYAv7MQ2tZnD?,https://ipfs.feralfile.com/ipfs/QmcYP4sM7QA7GCzeuuDFMyFdSEZnkxSb6SVnAgqqwWY9rw?
Decentralized,SOUND MACHINES,Play from Memory by Holly Herndon and Mat Dryhurst,8d8e8feb-da80-4dc4-b2f0-b7c7a3472f29,8d8e8feb-da80-4dc4-b2f0-b7c7a3472f29,0x1D9787369B1DCf709f92Da1d8743c2A4b6028a83,5429577522081131997036023001590580143445575948,200,0.45,,Play from Memory by Holly Herndon and Mat Dryhurst,8d8e8feb-da80-4dc4-b2f0-b7c7a3472f29,Play from Memory #13,https://ipfs.feralfile.com/ipfs/Qmb42S97ZxWyw2kHE3CewpJdMc9ckBVc8Tz2GzuvwRBe2q?,https://ipfs.feralfile.com/ipfs/QmY1vpccKb4PHbcgZMHanXykt4G6NC9a8YSpjfjSyTBMHj?
Decentralized,SOUND MACHINES,Play from Memory by Holly Herndon and Mat Dryhurst,8d8e8feb-da80-4dc4-b2f0-b7c7a3472f29,8d8e8feb-da80-4dc4-b2f0-b7c7a3472f29,0x1D9787369B1DCf709f92Da1d8743c2A4b6028a83,5429577522081131997036023001590580143445575951,200,0.45,,Play from Memory by Holly Herndon and Mat Dryhurst,8d8e8feb-da80-4dc4-b2f0-b7c7a3472f29,Play from Memory #16,https://ipfs.feralfile.com/ipfs/QmNqdvAmkfhAUTF2Vzun8LTEcTm4phYj8T5yTxrvrLpYoj?,https://ipfs.feralfile.com/ipfs/QmV29QvtoWLVPwzaEQsP6PwFSUXonM7F9hS7UJB73Msd6J?
Decentralized,SOUND MACHINES,Play from Memory by Holly Herndon and Mat Dryhurst,8d8e8feb-da80-4dc4-b2f0-b7c7a3472f29,8d8e8feb-da80-4dc4-b2f0-b7c7a3472f29,0x1D9787369B1DCf709f92Da1d8743c2A4b6028a83,5429577522081131997036023001590580143445575954,200,0.43,,Play from Memory by Holly Herndon and Mat Dryhurst,8d8e8feb-da80-4dc4-b2f0-b7c7a3472f29,Play from Memory #19,https://ipfs.feralfile.com/ipfs/QmUPTDVoBiioUJhSg8QWynsqChr4HGpHtvERqKKrv5HtTN?,https://ipfs.feralfile.com/ipfs/QmcpsAVWWN2KeDq5JYndYVELGdLXGEqJWcKvLdr76HUmVL?
Decentralized,SOUND MACHINES,Play from Memory by Holly Herndon and Mat Dryhurst,8d8e8feb-da80-4dc4-b2f0-b7c7a3472f29,8d8e8feb-da80-4dc4-b2f0-b7c7a3472f29,0x1D9787369B1DCf709f92Da1d8743c2A4b6028a83,5429577522081131997036023001590580143445575957,200,0.45,,Play from Memory by Holly Herndon and Mat Dryhurst,8d8e8feb-da80-4dc4-b2f0-b7c7a3472f29,Play from Memory #22,https://ipfs.feralfile.com/ipfs/QmaWqWz5Surrtn5JnFo3B4jP99pR61adDtg9onVUws3i1T?,https://ipfs.feralfile.com/ipfs/QmQPLHYvP8zTmnUifoSyqN9wQmpQrYbiGTJaXtKhSVhMDJ?
Decentralized,SOUND MACHINES,Play from Memory by Holly Herndon and Mat Dryhurst,8d8e8feb-da80-4dc4-b2f0-b7c7a3472f29,8d8e8feb-da80-4dc4-b2f0-b7c7a3472f29,0x1D9787369B1DCf709f92Da1d8743c2A4b6028a83,5429577522081131997036023001590580143445575960,200,0.46,,Play from Memory by Holly Herndon and Mat Dryhurst,8d8e8feb-da80-4dc4-b2f0-b7c7a3472f29,Play from Memory #25,https://ipfs.feralfile.com/ipfs/QmZG4uVNhXYu9BFBG9S5KQiuKx3cFYpf3d4AudWqJKk5PA?,https://ipfs.feralfile.com/ipfs/QmUGspCkDZ9Qch3kGBoNo2hsEyJmdbfYkfHhDgR5spVXbx?
Decentralized,SOUND MACHINES,Play from Memory by Holly Herndon and Mat Dryhurst,8d8e8feb-da80-4dc4-b2f0-b7c7a3472f29,8d8e8feb-da80-4dc4-b2f0-b7c7a3472f29,0x1D9787369B1DCf709f92Da1d8743c2A4b6028a83,5429577522081131997036023001590580143445575963,200,0.45,,Play from Memory by Holly Herndon and Mat Dryhurst,8d8e8feb-da80-4dc4-b2f0-b7c7a3472f29,Play from Memory #28,https://ipfs.feralfile.com/ipfs/QmYnBwn4FC53UB5qUzbNykCbR1mPCfKSH8tDWkYKdTtaty?,https://ipfs.feralfile.com/ipfs/QmQcAk2BeJHeLoTjhjbSaWTN1e23hEGbLem66wHt3fG65P?
Decentralized,SOUND MACHINES,Integrity Protocol Lyrics Video by American Artist and Tommy Martinez,a15bd8e4-2e6e-4839-9c2b-c2fd98bd7b47,a15bd8e4-2e6e-4839-9c2b-c2fd98bd7b47,0x1D9787369B1DCf709f92Da1d8743c2A4b6028a83,5429577522081131997036023001590580143447575936,200,0.44,,Integrity Protocol Lyrics Video by American Artist and Tommy Martinez,a15bd8e4-2e6e-4839-9c2b-c2fd98bd7b47,Integrity Protocol Lyrics Video #1,https://ipfs.feralfile.com/ipfs/QmQXaZuVWmBj8rteWste9zRW6Aa5E3jvsu3iRc9PLp8yZg?,https://ipfs.feralfile.com/ipfs/QmTDkgARPj7PEc52Te6PjYgHAZcH1Vjo1VjSXg2QYXyxid?
Decentralized,SOUND MACHINES,Integrity Protocol Lyrics Video by American Artist and Tommy Martinez,a15bd8e4-2e6e-4839-9c2b-c2fd98bd7b47,a15bd8e4-2e6e-4839-9c2b-c2fd98bd7b47,0x1D9787369B1DCf709f92Da1d8743c2A4b6028a83,5429577522081131997036023001590580143447575940,200,0.46,,Integrity Protocol Lyrics Video by American Artist and Tommy Martinez,a15bd8e4-2e6e-4839-9c2b-c2fd98bd7b47,Integrity Protocol Lyrics Video #5,https://ipfs.feralfile.com/ipfs/QmQXaZuVWmBj8rteWste9zRW6Aa5E3jvsu3iRc9PLp8yZg?,https://ipfs.feralfile.com/ipfs/QmTDkgARPj7PEc52Te6PjYgHAZcH1Vjo1VjSXg2QYXyxid?
Decentralized,SOUND MACHINES,Integrity Protocol Lyrics Video by American Artist and Tommy Martinez,a15bd8e4-2e6e-4839-9c2b-c2fd98bd7b47,a15bd8e4-2e6e-4839-9c2b-c2fd98bd7b47,0x1D9787369B1DCf709f92Da1d8743c2A4b6028a83,5429577522081131997036023001590580143447575944,200,0.45,,Integrity Protocol Lyrics Video by American Artist and Tommy Martinez,a15bd8e4-2e6e-4839-9c2b-c2fd98bd7b47,Integrity Protocol Lyrics Video #9,https://ipfs.feralfile.com/ipfs/QmQXaZuVWmBj8rteWste9zRW6Aa5E3jvsu3iRc9PLp8yZg?,https://ipfs.feralfile.com/ipfs/QmTDkgARPj7PEc52Te6PjYgHAZcH1Vjo1VjSXg2QYXyxid?
Decentralized,SOUND MACHINES,Integrity Protocol Lyrics Video by American Artist and Tommy Martinez,a15bd8e4-2e6e-4839-9c2b-c2fd98bd7b47,a15bd8e4-2e6e-4839-9c2b-c2fd98bd7b47,0x1D9787369B1DCf709f92Da1d8743c2A4b6028a83,5429577522081131997036023001590580143447575948,200,0.45,,Integrity Protocol Lyrics Video by American Artist and Tommy Martinez,a15bd8e4-2e6e-4839-9c2b-c2fd98bd7b47,Integrity Protocol Lyrics Video #13,https://ipfs.feralfile.com/ipfs/QmQXaZuVWmBj8rteWste9zRW6Aa5E3jvsu3iRc9PLp8yZg?,https://ipfs.feralfile.com/ipfs/QmTDkgARPj7PEc52Te6PjYgHAZcH1Vjo1VjSXg2QYXyxid?
Decentralized,SOUND MACHINES,Integrity Protocol Lyrics Video by American Artist and Tommy Martinez,a15bd8e4-2e6e-4839-9c2b-c2fd98bd7b47,a15bd8e4-2e6e-4839-9c2b-c2fd98bd7b47,0x1D9787369B1DCf709f92Da1d8743c2A4b6028a83,5429577522081131997036023001590580143447575952,200,0.46,,Integrity Protocol Lyrics Video by American Artist and Tommy Martinez,a15bd8e4-2e6e-4839-9c2b-c2fd98bd7b47,Integrity Protocol Lyrics Video #17,https://ipfs.feralfile.com/ipfs/QmQXaZuVWmBj8rteWste9zRW6Aa5E3jvsu3iRc9PLp8yZg?,https://ipfs.feralfile.com/ipfs/QmTDkgARPj7PEc52Te6PjYgHAZcH1Vjo1VjSXg2QYXyxid?
Decentralized,SOUND MACHINES,Integrity Protocol Lyrics Video by American Artist and Tommy Martinez,a15bd8e4-2e6e-4839-9c2b-c2fd98bd7b47,a15bd8e4-2e6e-4839-9c2b-c2fd98bd7b47,0x1D9787369B1DCf709f92Da1d8743c2A4b6028a83,5429577522081131997036023001590580143447575956,200,0.45,,Integrity Protocol Lyrics Video by American Artist and Tommy Martinez,a15bd8e4-2e6e-4839-9c2b-c2fd98bd7b47,Integrity Protocol Lyrics Video #21,https://ipfs.feralfile.com/ipfs/QmQXaZuVWmBj8rteWste9zRW6Aa5E3jvsu3iRc9PLp8yZg?,https://ipfs.feralfile.com/ipfs/QmTDkgARPj7PEc52Te6PjYgHAZcH1Vjo1VjSXg2QYXyxid?
Decentralized,SOUND MACHINES,Integrity Protocol Lyrics Video by American Artist and Tommy Martinez,a15bd8e4-2e6e-4839-9c2b-c2fd98bd7b47,a15bd8e4-2e6e-4839-9c2b-c2fd98bd7b47,0x1D9787369B1DCf709f92Da1d8743c2A4b6028a83,5429577522081131997036023001590580143447575960,200,0.43,,Integrity Protocol Lyrics Video by American Artist and Tommy Martinez,a15bd8e4-2e6e-4839-9c2b-c2fd98bd7b47,Integrity Protocol Lyrics Video #25,https://ipfs.feralfile.com/ipfs/QmQXaZuVWmBj8rteWste9zRW6Aa5E3jvsu3iRc9PLp8yZg?,https://ipfs.feralfile.com/ipfs/QmTDkgARPj7PEc52Te6PjYgHAZcH1Vjo1VjSXg2QYXyxid?
Decentralized,SOUND MACHINES,Integrity Protocol Lyrics Video by American Artist and Tommy Martinez,a15bd8e4-2e6e-4839-9c2b-c2fd98bd7b47,a15bd8e4-2e6e-4839-9c2b-c2fd98bd7b47,0x1D9787369B1DCf709f92Da1d8743c2A4b6028a83,5429577522081131997036023001590580143447575964,200,0.45,,Integrity Protocol Lyrics Video by American Artist and Tommy Martinez,a15bd8e4-2e6e-4839-9c2b-c2fd98bd7b47,Integrity Protocol Lyrics Video #29,https://ipfs.feralfile.com/ipfs/QmQXaZuVWmBj8rteWste9zRW6Aa5E3jvsu3iRc9PLp8yZg?,https://ipfs.feralfile.com/ipfs/QmTDkgARPj7PEc52Te6PjYgHAZcH1Vjo1VjSXg2QYXyxid?
Decentralized,SOUND MACHINES,Integrity Protocol Lyrics Video by American Artist and Tommy Martinez,a15bd8e4-2e6e-4839-9c2b-c2fd98bd7b47,a15bd8e4-2e6e-4839-9c2b-c2fd98bd7b47,0x1D9787369B1DCf709f92Da1d8743c2A4b6028a83,5429577522081131997036023001590580143447575968,200,0.44,,Integrity Protocol Lyrics Video by American Artist and Tommy Martinez,a15bd8e4-2e6e-4839-9c2b-c2fd98bd7b47,Integrity Protocol Lyrics Video #33,https://ipfs.feralfile.com/ipfs/QmQXaZuVWmBj8rteWste9zRW6Aa5E3jvsu3iRc9PLp8yZg?,https://ipfs.feralfile.com/ipfs/QmTDkgARPj7PEc52Te6PjYgHAZcH1Vjo1VjSXg2QYXyxid?
Decentralized,SOUND MACHINES,Integrity Protocol Lyrics Video by American Artist and Tommy Martinez,a15bd8e4-2e6e-4839-9c2b-c2fd98bd7b47,a15bd8e4-2e6e-4839-9c2b-c2fd98bd7b47,0x1D9787369B1DCf709f92Da1d8743c2A4b6028a83,5429577522081131997036023001590580143447575972,200,0.46,,Integrity Protocol Lyrics Video by American Artist and Tommy Martinez,a15bd8e4-2e6e-4839-9c2b-c2fd98bd7b47,Integrity Protocol Lyrics Video #37,https://ipfs.feralfile.com/ipfs/QmQXaZuVWmBj8rteWste9zRW6Aa5E3jvsu3iRc9PLp8yZg?,https://ipfs.feralfile.com/ipfs/QmTDkgARPj7PEc52Te6PjYgHAZcH1Vjo1VjSXg2QYXyxid?
Decentralized,SOUND MACHINES,SOUND PIECE V by Yoko Ono,a8cefd59-fd74-4ac1-9cdc-c91d1ef56e7e,a8cefd59-fd74-4ac1-9cdc-c91d1ef56e7e,0x1D9787369B1DCf709f92Da1d8743c2A4b6028a83,5429577522081131997036023001590580143446575936,200,0.45,,SOUND PIECE V by Yoko Ono,a8cefd59-fd74-4ac1-9cdc-c91d1ef56e7e,SOUND PIECE V #1,https://ipfs.feralfile.com/ipfs/Qmeppzyg9PeQduMjEhYccJsELtLjkWcmpKEvqJFa4t8pf3?,https://ipfs.feralfile.com/ipfs/QmPoBeKSUPW4rZDLvycxTM6iPQyPJvxDjZirHS8r2YX8Me?edition_number=0&artwork_number=1&blockchain=ethereum&contract=0x1D9787369B1DCf709f92Da1d8743c2A4b6028a83&token_id=5429577522081131997036023001590580143446575936&token_id_hash=0x837502b404debe5e31d845af52132aaf7d8d0cc4b2d53da50891fc3de8893213
Decentralized,SOUND MACHINES,SOUND PIECE V by Yoko Ono,a8cefd59-fd74-4ac1-9cdc-c91d1ef56e7e,a8cefd59-fd74-4ac1-9cdc-c91d1ef56e7e,0x1D9787369B1DCf709f92Da1d8743c2A4b6028a83,5429577522081131997036023001590580143446575939,200,0.46,,SOUND PIECE V by Yoko Ono,a8cefd59-fd74-4ac1-9cdc-c91d1ef56e7e,SOUND PIECE V #4,https://ipfs.feralfile.com/ipfs/Qmeppzyg9PeQduMjEhYccJsELtLjkWcmpKEvqJFa4t8pf3?,https://ipfs.feralfile.com/ipfs/QmPoBeKSUPW4rZDLvycxTM6iPQyPJvxDjZirHS8r2YX8Me?edition_number=3&artwork_number=4&blockchain=ethereum&contract=0x1D9787369B1DCf709f92Da1d8743c2A4b6028a83&token_id=5429577522081131997036023001590580143446575939&token_id_hash=0xf3e761988e76993f4597f6dabb70fd5b9c54f57089e8ef15670b908caf2ded06
Decentralized,SOUND MACHINES,SOUND PIECE V by Yoko Ono,a8cefd59-fd74-4ac1-9cdc-c91d1ef56e7e,a8cefd59-fd74-4ac1-9cdc-c91d1ef56e7e,0x1D9787369B1DCf709f92Da1d8743c2A4b6028a83,5429577522081131997036023001590580143446575942,200,0.45,,SOUND PIECE V by Yoko Ono,a8cefd59-fd74-4ac1-9cdc-c91d1ef56e7e,SOUND PIECE V #7,https://ipfs.feralfile.com/ipfs/Qmeppzyg9PeQduMjEhYccJsELtLjkWcmpKEvqJFa4t8pf3?,https://ipfs.feralfile.com/ipfs/QmPoBeKSUPW4rZDLvycxTM6iPQyPJvxDjZirHS8r2YX8Me?edition_number=6&artwork_number=7&blockchain=ethereum&contract=0x1D9787369B1DCf709f92Da1d8743c2A4b6028a83&token_id=5429577522081131997036023001590580143446575942&token_id_hash=0x74ce8f99643dd10024e486efde2992aa1da0cc967645b1dc74b3f058ac96c65a
Decentralized,SOUND MACHINES,SOUND PIECE V by Yoko Ono,a8cefd59-fd74-4ac1-9cdc-c91d1ef56e7e,a8cefd59-fd74-4ac1-9cdc-c91d1ef56e7e,0x1D9787369B1DCf709f92Da1d8743c2A4b6028a83,5429577522081131997036023001590580143446575945,200,0.45,,SOUND PIECE V by Yoko Ono,a8cefd59-fd74-4ac1-9cdc-c91d1ef56e7e,SOUND PIECE V #10,https://ipfs.feralfile.com/ipfs/Qmeppzyg9PeQduMjEhYccJsELtLjkWcmpKEvqJFa4t8pf3?,https://ipfs.feralfile.com/ipfs/QmPoBeKSUPW4rZDLvycxTM6iPQyPJvxDjZirHS8r2YX8Me?edition_number=9&artwork_number=10&blockchain=ethereum&contract=0x1D9787369B1DCf709f92Da1d8743c2A4b6028a83&token_id=5429577522081131997036023001590580143446575945&token_id_hash=0x7537a3761db1def5ccd3a66950e666f42bc473953db863f347bda619d7573f60
Decentralized,SOUND MACHINES,SOUND PIECE V by Yoko Ono,a8cefd59-fd74-4ac1-9cdc-c91d1ef56e7e,a8cefd59-fd74-4ac1-9cdc-c91d1ef56e7e,0x1D9787369B1DCf709f92Da1d8743c2A4b6028a83,5429577522081131997036023001590580143446575948,200,0.45,,SOUND PIECE V by Yoko Ono,a8cefd59-fd74-4ac1-9cdc-c91d1ef56e7e,SOUND PIECE V #13,https://ipfs.feralfile.com/ipfs/Qmeppzyg9PeQduMjEhYccJsELtLjkWcmpKEvqJFa4t8pf3?,https://ipfs.feralfile.com/ipfs/QmPoBeKSUPW4rZDLvycxTM6iPQyPJvxDjZirHS8r2YX8Me?edition_number=12&artwork_number=13&blockchain=ethereum&contract=0x1D9787369B1DCf709f92Da1d8743c2A4b6028a83&token_id=5429577522081131997036023001590580143446575948&token_id_hash=0x9694ae3603d10df566060434b19fbb1ce6142f9b14b53547fc7f4317bae8fd69
Decentralized,SOUND MACHINES,SOUND PIECE V by Yoko Ono,a8cefd59-fd74-4ac1-9cdc-c91d1ef56e7e,a8cefd59-fd74-4ac1-9cdc-c91d1ef56e7e,0x1D9787369B1DCf709f92Da1d8743c2A4b6028a83,5429577522081131997036023001590580143446575951,200,0.47,,SOUND PIECE V by Yoko Ono,a8cefd59-fd74-4ac1-9cdc-c91d1ef56e7e,SOUND PIECE V #16,https://ipfs.feralfile.com/ipfs/Qmeppzyg9PeQduMjEhYccJsELtLjkWcmpKEvqJFa4t8pf3?,https://ipfs.feralfile.com/ipfs/QmPoBeKSUPW4rZDLvycxTM6iPQyPJvxDjZirHS8r2YX8Me?edition_number=15&artwork_number=16&blockchain=ethereum&contract=0x1D9787369B1DCf709f92Da1d8743c2A4b6028a83&token_id=5429577522081131997036023001590580143446575951&token_id_hash=0xc745c327b87c98ca95f80a5cd545209bb3bfd0567b5e325c2a06bf7f9c70eb46
Decentralized,SOUND MACHINES,SOUND PIECE V by Yoko Ono,a8cefd59-fd74-4ac1-9cdc-c91d1ef56e7e,a8cefd59-fd74-4ac1-9cdc-c91d1ef56e7e,0x1D9787369B1DCf709f92Da1d8743c2A4b6028a83,5429577522081131997036023001590580143446575954,200,0.44,,SOUND PIECE V by Yoko Ono,a8cefd59-fd74-4ac1-9cdc-c91d1ef56e7e,SOUND PIECE V #19,https://ipfs.feralfile.com/ipfs/Qmeppzyg9PeQduMjEhYccJsELtLjkWcmpKEvqJFa4t8pf3?,https://ipfs.feralfile.com/ipfs/QmPoBeKSUPW4rZDLvycxTM6iPQyPJvxDjZirHS8r2YX8Me?edition_number=18&artwork_number=19&blockchain=ethereum&contract=0x1D9787369B1DCf709f92Da1d8743c2A4b6028a83&token_id=5429577522081131997036023001590580143446575954&token_id_hash=0x3ec1e55d9bd305028f1290c262649d88560435940abe98806673b8489c6aeb4d
Decentralized,SOUND MACHINES,SOUND PIECE V by Yoko Ono,a8cefd59-fd74-4ac1-9cdc-c91d1ef56e7e,a8cefd59-fd74-4ac1-9cdc-c91d1ef56e7e,0x1D9787369B1DCf709f92Da1d8743c2A4b6028a83,5429577522081131997036023001590580143446575957,200,0.46,,SOUND PIECE V by Yoko Ono,a8cefd59-fd74-4ac1-9cdc-c91d1ef56e7e,SOUND PIECE V #22,https://ipfs.feralfile.com/ipfs/Qmeppzyg9PeQduMjEhYccJsELtLjkWcmpKEvqJFa4t8pf3?,https://ipfs.feralfile.com/ipfs/QmPoBeKSUPW4rZDLvycxTM6iPQyPJvxDjZirHS8r2YX8Me?edition_number=21&artwork_number=22&blockchain=ethereum&contract=0x1D9787369B1DCf709f92Da1d8743c2A4b6028a83&token_id=5429577522081131997036023001590580143446575957&token_id_hash=0x426a1e0d51f1c76c8ea191ac685390a2d080355cba95901129e2a7368b092012
Decentralized,SOUND MACHINES,SOUND PIECE V by Yoko Ono,a8cefd59-fd74-4ac1-9cdc-c91d1ef56e7e,a8cefd59-fd74-4ac1-9cdc-c91d1ef56e7e,0x1D9787369B1DCf709f92Da1d8743c2A4b6028a83,5429577522081131997036023001590580143446575960,200,0.45,,SOUND PIECE V by Yoko Ono,a8cefd59-fd74-4ac1-9cdc-c91d1ef56e7e,SOUND PIECE V #25,https://ipfs.feralfile.com/ipfs/Qmeppzyg9PeQduMjEhYccJsELtLjkWcmpKEvqJFa4t8pf3?,https://ipfs.feralfile.com/ipfs/QmPoBeKSUPW4rZDLvycxTM6iPQyPJvxDjZirHS8r2YX8Me?edition_number=24&artwork_number=25&blockchain=ethereum&contract=0x1D9787369B1DCf709f92Da1d8743c2A4b6028a83&token_id=5429577522081131997036023001590580143446575960&token_id_hash=0x50114ad5708ada3c908c628db1c5c9c05ae1a2fa9aaa2aa683fb9e6261d88de2
Decentralized,SOUND MACHINES,SOUND PIECE V by Yoko Ono,a8cefd59-fd74-4ac1-9cdc-c91d1ef56e7e,a8cefd59-fd74-4ac1-9cdc-c91d1ef56e7e,0x1D9787369B1DCf709f92Da1d8743c2A4b6028a83,5429577522081131997036023001590580143446575963,200,0.46,,SOUND PIECE V by Yoko Ono,a8cefd59-fd74-4ac1-9cdc-c91d1ef56e7e,SOUND PIECE V #28,https://ipfs.feralfile.com/ipfs/Qmeppzyg9PeQduMjEhYccJsELtLjkWcmpKEvqJFa4t8pf3?,https://ipfs.feralfile.com/ipfs/QmPoBeKSUPW4rZDLvycxTM6iPQyPJvxDjZirHS8r2YX8Me?edition_number=27&artwork_number=28&blockchain=ethereum&contract=0x1D9787369B1DCf709f92Da1d8743c2A4b6028a83&token_id=5429577522081131997036023001590580143446575963&token_id_hash=0x72a0e5081566434c270860e82d9be8efcba4342fbed9aa184b1bdc6db546a217
Decentralized,SOUND MACHINES,CANCEL YOURSELF by Danielle Brathwaite-Shirley,ccb212b8-76cd-4c54-824a-266f33fe057d,ccb212b8-76cd-4c54-824a-266f33fe057d,0x1D9787369B1DCf709f92Da1d8743c2A4b6028a83,5429577522081131997036023001590580143443575936,200,0.45,,CANCEL YOURSELF by Danielle Brathwaite-Shirley,ccb212b8-76cd-4c54-824a-266f33fe057d,CANCEL YOURSELF #1,https://ipfs.feralfile.com/ipfs/QmPPv7QVUmN8B2DsKBPXYitGdN6SuK7F5hrWB2M5mRX2Bm?,https://ipfs.feralfile.com/ipfs/QmT14NZqQCavtDxfrJyh4d3BxutSj2VH6shWjXCm5xFyVB?edition_number=0&artwork_number=1&blockchain=ethereum&contract=0x1D9787369B1DCf709f92Da1d8743c2A4b6028a83&token_id=5429577522081131997036023001590580143443575936&token_id_hash=0x24d32aff46f596b25e0d91111e30448cbde69b986d5e474d4d6784c1aac6c6e3
Decentralized,SOUND MACHINES,CANCEL YOURSELF by Danielle Brathwaite-Shirley,ccb212b8-76cd-4c54-824a-266f33fe057d,ccb212b8-76cd-4c54-824a-266f33fe057d,0x1D9787369B1DCf709f92Da1d8743c2A4b6028a83,5429577522081131997036023001590580143443575939,200,0.46,,CANCEL YOURSELF by Danielle Brathwaite-Shirley,ccb212b8-76cd-4c54-824a-266f33fe057d,CANCEL YOURSELF #4,https://ipfs.feralfile.com/ipfs/QmXdpW3aN9eYQdtM71WF6HtwMe5cYkPk4gnGcZWNCYeRYc?,https://ipfs.feralfile.com/ipfs/QmT14NZqQCavtDxfrJyh4d3BxutSj2VH6shWjXCm5xFyVB?edition_number=3&artwork_number=4&blockchain=ethereum&contract=0x1D9787369B1DCf709f92Da1d8743c2A4b6028a83&token_id=5429577522081131997036023001590580143443575939&token_id_hash=0x71513f60f325937dcc3d3538b30383fb155f85833ca49d878cb7711d412fd7ec
Decentralized,SOUND MACHINES,CANCEL YOURSELF by Danielle Brathwaite-Shirley,ccb212b8-76cd-4c54-824a-266f33fe057d,ccb212b8-76cd-4c54-824a-266f33fe057d,0x1D9787369B1DCf709f92Da1d8743c2A4b6028a83,5429577522081131997036023001590580143443575942,200,0.46,,CANCEL YOURSELF by Danielle Brathwaite-Shirley,ccb212b8-76cd-4c54-824a-266f33fe057d,CANCEL YOURSELF #7,https://ipfs.feralfile.com/ipfs/QmfHoLZcKjWNjwMF9o8zuFCMpJP4KT3XnBsegGfKnYtRTV?,https://ipfs.feralfile.com/ipfs/QmT14NZqQCavtDxfrJyh4d3BxutSj2VH6shWjXCm5xFyVB?edition_number=6&artwork_number=7&blockchain=ethereum&contract=0x1D9787369B1DCf709f92Da1d8743c2A4b6028a83&token_id=5429577522081131997036023001590580143443575942&token_id_hash=0x330febc3b9590b10ae55796ddc9ebc7300a6ca4d9d69cac1593ebc4a6afa416e
Decentralized,SOUND MACHINES,CANCEL YOURSELF by Danielle Brathwaite-Shirley,ccb212b8-76cd-4c54-824a-266f33fe057d,ccb212b8-76cd-4c54-824a-266f33fe057d,0x1D9787369B1DCf709f92Da1d8743c2A4b6028a83,5429577522081131997036023001590580143443575945,200,0.45,,CANCEL YOURSELF by Danielle Brathwaite-Shirley,ccb212b8-76cd-4c54-824a-266f33fe057d,CANCEL YOURSELF #10,https://ipfs.feralfile.com/ipfs/QmbqFzmXUzeqGGfoEZP69d6zmPLn7Fikut7Zb9wGnFdiy5?,https://ipfs.feralfile.com/ipfs/QmT14NZqQCavtDxfrJyh4d3BxutSj2VH6shWjXCm5xFyVB?edition_number=9&artwork_number=10&blockchain=ethereum&contract=0x1D9787369B1DCf709f92Da1d8743c2A4b6028a83&token_id=5429577522081131997036023001590580143443575945&token_id_hash=0x9c19bf93050963da09e013e5947b3bd8b9f4b99cb8c701f1c5ba8b5ae70d153e
Decentralized,SOUND MACHINES,CANCEL YOURSELF by Danielle Brathwaite-Shirley,ccb212b8-76cd-4c54-824a-266f33fe057d,ccb212b8-76cd-4c54-824a-266f33fe057d,0x1D9787369B1DCf709f92Da1d8743c2A4b6028a83,5429577522081131997036023001590580143443575948,200,0.46,,CANCEL YOURSELF by Danielle Brathwaite-Shirley,ccb212b8-76cd-4c54-824a-266f33fe057d,CANCEL YOURSELF #13,https://ipfs.feralfile.com/ipfs/QmTffqLu2yC3nQLRHaVV1TRpD4VkSNpeHrBptK9euu14AP?,https://ipfs.feralfile.com/ipfs/QmT14NZqQCavtDxfrJyh4d3BxutSj2VH6shWjXCm5xFyVB?edition_number=12&artwork_number=13&blockchain=ethereum&contract=0x1D9787369B1DCf709f92Da1d8743c2A4b6028a83&token_id=5429577522081131997036023001590580143443575948&token_id_hash=0x23e8a8f5f1a61ec4d613b65f27b263972cfe8e56178a1d496955d32664f83f69
Decentralized,SOUND MACHINES,CANCEL YOURSELF by Danielle Brathwaite-Shirley,ccb212b8-76cd-4c54-824a-266f33fe057d,ccb212b8-76cd-4c54-824a-266f33fe057d,0x1D9787369B1DCf709f92Da1d8743c2A4b6028a83,5429577522081131997036023001590580143443575951,200,0.44,,CANCEL YOURSELF by Danielle Brathwaite-Shirley,ccb212b8-76cd-4c54-824a-266f33fe057d,CANCEL YOURSELF #16,https://ipfs.feralfile.com/ipfs/QmRTKcmbt4rd8hjQTZh59mJ7vXFWwVfRQvCBaxU8scsuyo?,https://ipfs.feralfile.com/ipfs/QmT14NZqQCavtDxfrJyh4d3BxutSj2VH6shWjXCm5xFyVB?edition_number=15&artwork_number=16&blockchain=ethereum&contract=0x1D9787369B1DCf709f92Da1d8743c2A4b6028a83&token_id=5429577522081131997036023001590580143443575951&token_id_hash=0xca5d92e123e66c802088ebc14f0b599085bd39ae14504c21ff11b201c28b65e5
Decentralized,SOUND MACHINES,CANCEL YOURSELF by Danielle Brathwaite-Shirley,ccb212b8-76cd-4c54-824a-266f33fe057d,ccb212b8-76cd-4c54-824a-266f33fe057d,0x1D9787369B1DCf709f92Da1d8743c2A4b6028a83,5429577522081131997036023001590580143443575954,200,0.45,,CANCEL YOURSELF by Danielle Brathwaite-Shirley,ccb212b8-76cd-4c54-824a-266f33fe057d,CANCEL YOURSELF #19,https://ipfs.feralfile.com/ipfs/QmanxgvbGmgRq769nV3TRSYLJxgxDBC3JP5kgFUpy2V4Jn?,https://ipfs.feralfile.com/ipfs/QmT14NZqQCavtDxfrJyh4d3BxutSj2VH6shWjXCm5xFyVB?edition_number=18&artwork_number=19&blockchain=ethereum&contract=0x1D9787369B1DCf709f92Da1d8743c2A4b6028a83&token_id=5429577522081131997036023001590580143443575954&token_id_hash=0x077e2a03e56b26596628b651767d3a243ec58c1b7c7850fdaa08b884e58e94cc
Decentralized,SOUND MACHINES,CANCEL YOURSELF by Danielle Brathwaite-Shirley,ccb212b8-76cd-4c54-824a-266f33fe057d,ccb212b8-76cd-4c54-824a-266f33fe057d,0x1D9787369B1DCf709f92Da1d8743c2A4b6028a83,5429577522081131997036023001590580143443575957,200,0.45,,CANCEL YOURSELF by Danielle Brathwaite-Shirley,ccb212b8-76cd-4c54-824a-266f33fe057d,CANCEL YOURSELF #22,https://ipfs.feralfile.com/ipfs/Qme4oMygZRLHayr2suN1gDnR4iDx8zpoRskYP29G7mBs3T?,https://ipfs.feralfile.com/ipfs/QmT14NZqQCavtDxfrJyh4d3BxutSj2VH6shWjXCm5xFyVB?edition_number=21&artwork_number=22&blockchain=ethereum&contract=0x1D9787369B1DCf709f92Da1d8743c2A4b6028a83&token_id=5429577522081131997036023001590580143443575957&token_id_hash=0xa471a45240fd750d60e5dc7d1bf34d57447a7c38ac0dd2780ce5de8c2a281279
Decentralized,SOUND MACHINES,CANCEL YOURSELF by Danielle Brathwaite-Shirley,ccb212b8-76cd-4c54-824a-266f33fe057d,ccb212b8-76cd-4c54-824a-266f33fe057d,0x1D9787369B1DCf709f92Da1d8743c2A4b6028a83,5429577522081131997036023001590580143443575960,200,0.45,,CANCEL YOURSELF by Danielle Brathwaite-Shirley,ccb212b8-76cd-4c54-824a-266f33fe057d,CANCEL YOURSELF #25,https://ipfs.feralfile.com/ipfs/QmRYtCvo8TkpJJo12MUtX63GtWagMjfYANjHW3WNK385Pi?,https://ipfs.feralfile.com/ipfs/QmT14NZqQCavtDxfrJyh4d3BxutSj2VH6shWjXCm5xFyVB?edition_number=24&artwork_number=25&blockchain=ethereum&contract=0x1D9787369B1DCf709f92Da1d8743c2A4b6028a83&token_id=5429577522081131997036023001590580143443575960&token_id_hash=0x0a4d5955badd7a06d1abb3a22953edcf77e2671fe2f6c03ad02a165125d315d0
Decentralized,SOUND MACHINES,CANCEL YOURSELF by Danielle Brathwaite-Shirley,ccb212b8-76cd-4c54-824a-266f33fe057d,ccb212b8-76cd-4c54-824a-266f33fe057d,0x1D9787369B1DCf709f92Da1d8743c2A4b6028a83,5429577522081131997036023001590580143443575963,200,0.45,,CANCEL YOURSELF by Danielle Brathwaite-Shirley,ccb212b8-76cd-4c54-824a-266f33fe057d,CANCEL YOURSELF #28,https://ipfs.feralfile.com/ipfs/QmQSYtx79QvZ12vMRoFPW863qTWwoyiuiQJHiQ7F8kz5nU?,https://ipfs.feralfile.com/ipfs/QmT14NZqQCavtDxfrJyh4d3BxutSj2VH6shWjXCm5xFyVB?edition_number=27&artwork_number=28&blockchain=ethereum&contract=0x1D9787369B1DCf709f92Da1d8743c2A4b6028a83&token_id=5429577522081131997036023001590580143443575963&token_id_hash=0xe9d8eb02f02eca34310033f1f53a61c0ca789b92188c128ae0f7074b4c15c3f4
Decentralized,SOUND MACHINES,PAYPHONE by 0xDEAFBEEF,cccecf88-6d8f-485f-9358-0def21bc4ad7,cccecf88-6d8f-485f-9358-0def21bc4ad7,0x1D9787369B1DCf709f92Da1d8743c2A4b6028a83,339348595130070749814751437599411258966098496,200,0.45,,PAYPHONE by 0xDEAFBEEF,cccecf88-6d8f-485f-9358-0def21bc4ad7,PAYPHONE #1,https://ipfs.feralfile.com/ipfs/QmcqENqGHQ8hgvnm8jNUgPAA5DgXZ35a2tGHXZiodExiuD?,
Decentralized,SOUND MACHINES,PAYPHONE by 0xDEAFBEEF,cccecf88-6d8f-485f-9358-0def21bc4ad7,cccecf88-6d8f-485f-9358-0def21bc4ad7,0x1D9787369B1DCf709f92Da1d8743c2A4b6028a83,339348595130070749814751437599411258966098500,200,0.46,,PAYPHONE by 0xDEAFBEEF,cccecf88-6d8f-485f-9358-0def21bc4ad7,PAYPHONE #5,https://ipfs.feralfile.com/ipfs/QmQX2J5eFCpxo2caykoyToxAyaBW9ptMBZTwyfaR5qdDyF?,
Decentralized,SOUND MACHINES,PAYPHONE by 0xDEAFBEEF,cccecf88-6d8f-485f-9358-0def21bc4ad7,cccecf88-6d8f-485f-9358-0def21bc4ad7,0x1D9787369B1DCf709f92Da1d8743c2A4b6028a83,339348595130070749814751437599411258966098505,200,0.45,,PAYPHONE by 0xDEAFBEEF,cccecf88-6d8f-485f-9358-0def21bc4ad7,PAYPHONE #10,https://ipfs.feralfile.com/ipfs/QmeXDnG6DyotgVP1EKjXKyMjr8WM7jnHfiJpJK35kjTkW1?,
Decentralized,SOUND MACHINES,PAYPHONE by 0xDEAFBEEF,cccecf88-6d8f-485f-9358-0def21bc4ad7,cccecf88-6d8f-485f-9358-0def21bc4ad7,0x1D9787369B1DCf709f92Da1d8743c2A4b6028a83,339348595130070749814751437599411258966098509,200,0.47,,PAYPHONE by 0xDEAFBEEF,cccecf88-6d8f-485f-9358-0def21bc4ad7,PAYPHONE #14,https://ipfs.feralfile.com/ipfs/QmRPkMJwYAmMP3CpJXvzbZSH8Nh9pYnKK4nTHDGm9m14BM?,
Decentralized,SOUND MACHINES,PAYPHONE by 0xDEAFBEEF,cccecf88-6d8f-485f-9358-0def21bc4ad7,cccecf88-6d8f-485f-9358-0def21bc4ad7,0x1D9787369B1DCf709f92Da1d8743c2A4b6028a83,339348595130070749814751437599411258966098515,200,0.45,,PAYPHONE by 0xDEAFBEEF,cccecf88-6d8f-485f-9358-0def21bc4ad7,PAYPHONE #20,https://ipfs.feralfile.com/ipfs/QmQN9WbiYZXtPMvR1qgnFbwoXctF39mLLLDjnKdGoioAyZ?,
Decentralized,SOUND MACHINES,PAYPHONE by 0xDEAFBEEF,cccecf88-6d8f-485f-9358-0def21bc4ad7,cccecf88-6d8f-485f-9358-0def21bc4ad7,0x1D9787369B1DCf709f92Da1d8743c2A4b6028a83,339348595130070749814751437599411258966098519,200,0.45,,PAYPHONE by 0xDEAFBEEF,cccecf88-6d8f-485f-9358-0def21bc4ad7,PAYPHONE #24,https://ipfs.feralfile.com/ipfs/QmXParMJr5mJa6oiQQ52HwMFaRhSU61DMTewiH7yeo1as9?,
Decentralized,SOUND MACHINES,PAYPHONE by 0xDEAFBEEF,cccecf88-6d8f-485f-9358-0def21bc4ad7,cccecf88-6d8f-485f-9358-0def21bc4ad7,0x1D9787369B1DCf709f92Da1d8743c2A4b6028a83,339348595130070749814751437599411258966098523,200,0.45,,PAYPHONE by 0xDEAFBEEF,cccecf88-6d8f-485f-9358-0def21bc4ad7,PAYPHONE #28,https://ipfs.feralfile.com/ipfs/QmaKcNfafDmjj3JJzfzQLHGaMvFici9PY89Qzc9t4tb2Xn?,
Decentralized,SOUND MACHINES,PAYPHONE by 0xDEAFBEEF,cccecf88-6d8f-485f-9358-0def21bc4ad7,cccecf88-6d8f-485f-9358-0def21bc4ad7,0x1D9787369B1DCf709f92Da1d8743c2A4b6028a83,339348595130070749814751437599411258966098499,200,0.44,,PAYPHONE by 0xDEAFBEEF,cccecf88-6d8f-485f-9358-0def21bc4ad7,PAYPHONE #4,https://ipfs.feralfile.com/ipfs/QmY1j39nKTo48oMgZeraX1k7gncBTxxktGzoVxfeR5aU8z?,
Decentralized,SOUND MACHINES,PAYPHONE by 0xDEAFBEEF,cccecf88-6d8f-485f-9358-0def21bc4ad7,cccecf88-6d8f-485f-9358-0def21bc4ad7,0x1D9787369B1DCf709f92Da1d8743c2A4b6028a83,339348595130070749814751437599411258966098508,200,0.46,,PAYPHONE by 0xDEAFBEEF,cccecf88-6d8f-485f-9358-0def21bc4ad7,PAYPHONE #13,https://ipfs.feralfile.com/ipfs/Qmais5xJCEinyudaJb4iryXQVungi8RhWELKNGx5Zqmc65?,
Decentralized,SOUND MACHINES,PAYPHONE by 0xDEAFBEEF,cccecf88-6d8f-485f-9358-0def21bc4ad7,cccecf88-6d8f-485f-9358-0def21bc4ad7,0x1D9787369B1DCf709f92Da1d8743c2A4b6028a83,339348595130070749814751437599411258966098514,200,0.45,,PAYPHONE by 0xDEAFBEEF,cccecf88-6d8f-485f-9358-0def21bc4ad7,PAYPHONE #19,https://ipfs.feralfile.com/ipfs/QmcexPYofR2XM6qQbhJRc8rXo3q56Zz8n2Ghj5G4EaWFve?,
Decentralized,SOUND MACHINES,SOUND PIECE V by Yoko Ono,a8cefd59-fd74-4ac1-9cdc-c91d1ef56e7e,faa810f7-7b75-4c02-bf8a-b7447a89c921,0x1D9787369B1DCf709f92Da1d8743c2A4b6028a83,5429577522081131997036023001590580143450575936,200,0.45,,SOUND PIECE V by Yoko Ono,a8cefd59-fd74-4ac1-9cdc-c91d1ef56e7e,SOUND PIECE V ,https://ipfs.feralfile.com/ipfs/Qmeppzyg9PeQduMjEhYccJsELtLjkWcmpKEvqJFa4t8pf3?,https://ipfs.feralfile.com/ipfs/QmRz8Fdb9j6j7BFdN8YorW9XN6LUV4Mk8xixRTmgC1UaRk?
Decentralized,Smooth,Bridges by HP,97846526-0283-4d34-8316-a8dd84c4dabf,97846526-0283-4d34-8316-a8dd84c4dabf,0xA29a5824E2A52d15836f1780277d7218b0Ca244b,48254053535232695465975491631193342993463969128096835740202304168414666332474,200,0.45,,Bridges by HP,97846526-0283-4d34-8316-a8dd84c4dabf,Bridges #9,https://cdn.feralfileassets.com/previews/97846526-0283-4d34-8316-a8dd84c4dabf/1667817027/preview.jpg,
Decentralized,Smooth,Bridges by HP,97846526-0283-4d34-8316-a8dd84c4dabf,97846526-0283-4d34-8316-a8dd84c4dabf,0xA29a5824E2A52d15836f1780277d7218b0Ca244b,48254053535232695465975491631193342993463969128096835740202304168414666332477,200,0.45,,Bridges by HP,97846526-0283-4d34-8316-a8dd84c4dabf,Bridges #12,https://cdn.feralfileassets.com/previews/97846526-0283-4d34-8316-a8dd84c4dabf/1667817027/preview.jpg,
Decentralized,Smooth,Bridges by HP,97846526-0283-4d34-8316-a8dd84c4dabf,97846526-0283-4d34-8316-a8dd84c4dabf,0xA29a5824E2A52d15836f1780277d7218b0Ca244b,48254053535232695465975491631193342993463969128096835740202304168414666332480,200,0.46,,Bridges by HP,97846526-0283-4d34-8316-a8dd84c4dabf,Bridges #15,https://cdn.feralfileassets.com/previews/97846526-0283-4d34-8316-a8dd84c4dabf/1667817027/preview.jpg,
Decentralized,Smooth,Bridges by HP,97846526-0283-4d34-8316-a8dd84c4dabf,97846526-0283-4d34-8316-a8dd84c4dabf,0xA29a5824E2A52d15836f1780277d7218b0Ca244b,48254053535232695465975491631193342993463969128096835740202304168414666332483,200,0.46,,Bridges by HP,97846526-0283-4d34-8316-a8dd84c4dabf,Bridges #18,https://cdn.feralfileassets.com/previews/97846526-0283-4d34-8316-a8dd84c4dabf/1667817027/preview.jpg,
Decentralized,Smooth,Bridges by HP,97846526-0283-4d34-8316-a8dd84c4dabf,97846526-0283-4d34-8316-a8dd84c4dabf,0xA29a5824E2A52d15836f1780277d7218b0Ca244b,48254053535232695465975491631193342993463969128096835740202304168414666332486,200,0.47,,Bridges by HP,97846526-0283-4d34-8316-a8dd84c4dabf,Bridges #21,https://cdn.feralfileassets.com/previews/97846526-0283-4d34-8316-a8dd84c4dabf/1667817027/preview.jpg,
Decentralized,Smooth,Bridges by HP,97846526-0283-4d34-8316-a8dd84c4dabf,97846526-0283-4d34-8316-a8dd84c4dabf,0xA29a5824E2A52d15836f1780277d7218b0Ca244b,48254053535232695465975491631193342993463969128096835740202304168414666332489,200,0.45,,Bridges by HP,97846526-0283-4d34-8316-a8dd84c4dabf,Bridges #24,https://cdn.feralfileassets.com/previews/97846526-0283-4d34-8316-a8dd84c4dabf/1667817027/preview.jpg,
Decentralized,Smooth,Bridges by HP,97846526-0283-4d34-8316-a8dd84c4dabf,97846526-0283-4d34-8316-a8dd84c4dabf,0xA29a5824E2A52d15836f1780277d7218b0Ca244b,48254053535232695465975491631193342993463969128096835740202304168414666332492,200,0.46,,Bridges by HP,97846526-0283-4d34-8316-a8dd84c4dabf,Bridges #27,https://cdn.feralfileassets.com/previews/97846526-0283-4d34-8316-a8dd84c4dabf/1667817027/preview.jpg,
Decentralized,Smooth,Bridges by HP,97846526-0283-4d34-8316-a8dd84c4dabf,97846526-0283-4d34-8316-a8dd84c4dabf,0xA29a5824E2A52d15836f1780277d7218b0Ca244b,48254053535232695465975491631193342993463969128096835740202304168414666332464,200,0.46,,Bridges by HP,97846526-0283-4d34-8316-a8dd84c4dabf,Bridges AE,https://cdn.feralfileassets.com/previews/97846526-0283-4d34-8316-a8dd84c4dabf/1667817027/preview.jpg,
Decentralized,Smooth,Bridges by HP,97846526-0283-4d34-8316-a8dd84c4dabf,97846526-0283-4d34-8316-a8dd84c4dabf,0xA29a5824E2A52d15836f1780277d7218b0Ca244b,48254053535232695465975491631193342993463969128096835740202304168414666332467,200,0.45,,Bridges by HP,97846526-0283-4d34-8316-a8dd84c4dabf,Bridges #2,https://cdn.feralfileassets.com/previews/97846526-0283-4d34-8316-a8dd84c4dabf/1667817027/preview.jpg,
Decentralized,Smooth,Bridges by HP,97846526-0283-4d34-8316-a8dd84c4dabf,97846526-0283-4d34-8316-a8dd84c4dabf,0xA29a5824E2A52d15836f1780277d7218b0Ca244b,48254053535232695465975491631193342993463969128096835740202304168414666332470,200,0.46,,Bridges by HP,97846526-0283-4d34-8316-a8dd84c4dabf,Bridges #5,https://cdn.feralfileassets.com/previews/97846526-0283-4d34-8316-a8dd84c4dabf/1667817027/preview.jpg,
Decentralized,SuperBridge Summit Dubai,Inaugural SuperBridge Summit by Superbridge Council,d80846db-92be-4351-b66d-b8956c67e76b,d80846db-92be-4351-b66d-b8956c67e76b,0x772A3C476461C041FeAC146A86113d7b14712653,97803709783000359978775308090368854543289226140119048904522141974966693434614,200,0.44,,Inaugural SuperBridge Summit by Superbridge Council,d80846db-92be-4351-b66d-b8956c67e76b,Inaugural SuperBridge Summit #183,https://ipfs.feralfile.com/ipfs/QmRXT3ZtQ2jrSgUMtv7fgeHLM7sMdtx8etD8Tw3m8qHQc1?,
Decentralized,SuperBridge Summit Dubai,Inaugural SuperBridge Summit by Superbridge Council,d80846db-92be-4351-b66d-b8956c67e76b,d80846db-92be-4351-b66d-b8956c67e76b,0x772A3C476461C041FeAC146A86113d7b14712653,97803709783000359978775308090368854543289226140119048904522141974966693434618,200,0.46,,Inaugural SuperBridge Summit by Superbridge Council,d80846db-92be-4351-b66d-b8956c67e76b,Inaugural SuperBridge Summit #187,https://ipfs.feralfile.com/ipfs/QmRXT3ZtQ2jrSgUMtv7fgeHLM7sMdtx8etD8Tw3m8qHQc1?,
Decentralized,SuperBridge Summit Dubai,Inaugural SuperBridge Summit by Superbridge Council,d80846db-92be-4351-b66d-b8956c67e76b,d80846db-92be-4351-b66d-b8956c67e76b,0x772A3C476461C041FeAC146A86113d7b14712653,97803709783000359978775308090368854543289226140119048904522141974966693434622,200,0.46,,Inaugural SuperBridge Summit by Superbridge Council,d80846db-92be-4351-b66d-b8956c67e76b,Inaugural SuperBridge Summit #191,https://ipfs.feralfile.com/ipfs/QmRXT3ZtQ2jrSgUMtv7fgeHLM7sMdtx8etD8Tw3m8qHQc1?,
Decentralized,SuperBridge Summit Dubai,Inaugural SuperBridge Summit by Superbridge Council,d80846db-92be-4351-b66d-b8956c67e76b,d80846db-92be-4351-b66d-b8956c67e76b,0x772A3C476461C041FeAC146A86113d7b14712653,97803709783000359978775308090368854543289226140119048904522141974966693434626,200,0.45,,Inaugural SuperBridge Summit by Superbridge Council,d80846db-92be-4351-b66d-b8956c67e76b,Inaugural SuperBridge Summit #195,https://ipfs.feralfile.com/ipfs/QmRXT3ZtQ2jrSgUMtv7fgeHLM7sMdtx8etD8Tw3m8qHQc1?,
Decentralized,SuperBridge Summit Dubai,Inaugural SuperBridge Summit by Superbridge Council,d80846db-92be-4351-b66d-b8956c67e76b,d80846db-92be-4351-b66d-b8956c67e76b,0x772A3C476461C041FeAC146A86113d7b14712653,97803709783000359978775308090368854543289226140119048904522141974966693434630,200,0.45,,Inaugural SuperBridge Summit by Superbridge Council,d80846db-92be-4351-b66d-b8956c67e76b,Inaugural SuperBridge Summit #199,https://ipfs.feralfile.com/ipfs/QmRXT3ZtQ2jrSgUMtv7fgeHLM7sMdtx8etD8Tw3m8qHQc1?,
Decentralized,SuperBridge Summit Dubai,Inaugural SuperBridge Summit by Superbridge Council,d80846db-92be-4351-b66d-b8956c67e76b,d80846db-92be-4351-b66d-b8956c67e76b,0x772A3C476461C041FeAC146A86113d7b14712653,97803709783000359978775308090368854543289226140119048904522141974966693434556,200,0.46,,Inaugural SuperBridge Summit by Superbridge Council,d80846db-92be-4351-b66d-b8956c67e76b,Inaugural SuperBridge Summit #125,https://ipfs.feralfile.com/ipfs/QmRXT3ZtQ2jrSgUMtv7fgeHLM7sMdtx8etD8Tw3m8qHQc1?,
Decentralized,SuperBridge Summit Dubai,Inaugural SuperBridge Summit by Superbridge Council,d80846db-92be-4351-b66d-b8956c67e76b,d80846db-92be-4351-b66d-b8956c67e76b,0x772A3C476461C041FeAC146A86113d7b14712653,97803709783000359978775308090368854543289226140119048904522141974966693434560,200,0.46,,Inaugural SuperBridge Summit by Superbridge Council,d80846db-92be-4351-b66d-b8956c67e76b,Inaugural SuperBridge Summit #129,https://ipfs.feralfile.com/ipfs/QmRXT3ZtQ2jrSgUMtv7fgeHLM7sMdtx8etD8Tw3m8qHQc1?,
Decentralized,SuperBridge Summit Dubai,Inaugural SuperBridge Summit by Superbridge Council,d80846db-92be-4351-b66d-b8956c67e76b,d80846db-92be-4351-b66d-b8956c67e76b,0x772A3C476461C041FeAC146A86113d7b14712653,97803709783000359978775308090368854543289226140119048904522141974966693434564,200,0.45,,Inaugural SuperBridge Summit by Superbridge Council,d80846db-92be-4351-b66d-b8956c67e76b,Inaugural SuperBridge Summit #133,https://ipfs.feralfile.com/ipfs/QmRXT3ZtQ2jrSgUMtv7fgeHLM7sMdtx8etD8Tw3m8qHQc1?,
Decentralized,SuperBridge Summit Dubai,Inaugural SuperBridge Summit by Superbridge Council,d80846db-92be-4351-b66d-b8956c67e76b,d80846db-92be-4351-b66d-b8956c67e76b,0x772A3C476461C041FeAC146A86113d7b14712653,97803709783000359978775308090368854543289226140119048904522141974966693434568,200,0.45,,Inaugural SuperBridge Summit by Superbridge Council,d80846db-92be-4351-b66d-b8956c67e76b,Inaugural SuperBridge Summit #137,https://ipfs.feralfile.com/ipfs/QmRXT3ZtQ2jrSgUMtv7fgeHLM7sMdtx8etD8Tw3m8qHQc1?,
Decentralized,SuperBridge Summit Dubai,Inaugural SuperBridge Summit by Superbridge Council,d80846db-92be-4351-b66d-b8956c67e76b,d80846db-92be-4351-b66d-b8956c67e76b,0x772A3C476461C041FeAC146A86113d7b14712653,97803709783000359978775308090368854543289226140119048904522141974966693434572,200,0.45,,Inaugural SuperBridge Summit by Superbridge Council,d80846db-92be-4351-b66d-b8956c67e76b,Inaugural SuperBridge Summit #141,https://ipfs.feralfile.com/ipfs/QmRXT3ZtQ2jrSgUMtv7fgeHLM7sMdtx8etD8Tw3m8qHQc1?,
Decentralized,Truth,inter/sections by Lisa Orth,1d39c523-9da9-406d-8feb-31e1d2704310,1d39c523-9da9-406d-8feb-31e1d2704310,0xBb12686c360e9057be3CD031140035A705e19ceC,2439046679443273982118864381573244666654869184,200,0.47,,inter/sections by Lisa Orth,1d39c523-9da9-406d-8feb-31e1d2704310,inter/sections #1,https://ipfs.feralfile.com/ipfs/QmbKtXKhYjkKFQXk3QDybY4GSxa1VHLob4Sheambkm1ikv?,
Decentralized,Truth,inter/sections by Lisa Orth,1d39c523-9da9-406d-8feb-31e1d2704310,1d39c523-9da9-406d-8feb-31e1d2704310,0xBb12686c360e9057be3CD031140035A705e19ceC,2439046679443273982118864381573244666654869188,200,0.45,,inter/sections by Lisa Orth,1d39c523-9da9-406d-8feb-31e1d2704310,inter/sections #5,https://ipfs.feralfile.com/ipfs/QmfHDSRyMMHxowMoHqxyux8gfmHCDsKJ2rwuKVubfU6fL4?,
Decentralized,Truth,inter/sections by Lisa Orth,1d39c523-9da9-406d-8feb-31e1d2704310,1d39c523-9da9-406d-8feb-31e1d2704310,0xBb12686c360e9057be3CD031140035A705e19ceC,2439046679443273982118864381573244666654869192,200,0.45,,inter/sections by Lisa Orth,1d39c523-9da9-406d-8feb-31e1d2704310,inter/sections #9,https://ipfs.feralfile.com/ipfs/QmRLXiJmX6PTaVCWCigUfzx1PssE8ahyDU3XVPT3Rzsq18?,
Decentralized,Truth,inter/sections by Lisa Orth,1d39c523-9da9-406d-8feb-31e1d2704310,1d39c523-9da9-406d-8feb-31e1d2704310,0xBb12686c360e9057be3CD031140035A705e19ceC,2439046679443273982118864381573244666654869196,200,0.46,,inter/sections by Lisa Orth,1d39c523-9da9-406d-8feb-31e1d2704310,inter/sections #13,https://ipfs.feralfile.com/ipfs/QmeEiY6ztJhnanyUFJgLayz1Rb61AFH83rzWkWTqqeHvbn?,
Decentralized,Truth,inter/sections by Lisa Orth,1d39c523-9da9-406d-8feb-31e1d2704310,1d39c523-9da9-406d-8feb-31e1d2704310,0xBb12686c360e9057be3CD031140035A705e19ceC,2439046679443273982118864381573244666654869200,200,0.46,,inter/sections by Lisa Orth,1d39c523-9da9-406d-8feb-31e1d2704310,inter/sections #17,https://ipfs.feralfile.com/ipfs/QmeWcFr7YbdTu3EFs9rkXPFF49fJGWxcE819f9Rz5y4f64?,
Decentralized,Truth,inter/sections by Lisa Orth,1d39c523-9da9-406d-8feb-31e1d2704310,1d39c523-9da9-406d-8feb-31e1d2704310,0xBb12686c360e9057be3CD031140035A705e19ceC,2439046679443273982118864381573244666654869204,200,0.46,,inter/sections by Lisa Orth,1d39c523-9da9-406d-8feb-31e1d2704310,inter/sections #21,https://ipfs.feralfile.com/ipfs/QmTLavxqXe6z8RZqWPvCBEwtjW6ER48bU6HtLvH81BTxyw?,
Decentralized,Truth,inter/sections by Lisa Orth,1d39c523-9da9-406d-8feb-31e1d2704310,1d39c523-9da9-406d-8feb-31e1d2704310,0xBb12686c360e9057be3CD031140035A705e19ceC,2439046679443273982118864381573244666654869208,200,0.46,,inter/sections by Lisa Orth,1d39c523-9da9-406d-8feb-31e1d2704310,inter/sections #25,https://ipfs.feralfile.com/ipfs/QmVnfR3noVyK3UXd62MxPt2y9QZbmVZhsJCwp8W7kjYQcK?,
Decentralized,Truth,inter/sections by Lisa Orth,1d39c523-9da9-406d-8feb-31e1d2704310,1d39c523-9da9-406d-8feb-31e1d2704310,0xBb12686c360e9057be3CD031140035A705e19ceC,2439046679443273982118864381573244666654869212,200,0.44,,inter/sections by Lisa Orth,1d39c523-9da9-406d-8feb-31e1d2704310,inter/sections #29,https://ipfs.feralfile.com/ipfs/QmSipSWmARNgYUVySAENG1ZnsEGtUZTt8XtQJinfKCzvz7?,
Decentralized,Truth,inter/sections by Lisa Orth,1d39c523-9da9-406d-8feb-31e1d2704310,1d39c523-9da9-406d-8feb-31e1d2704310,0xBb12686c360e9057be3CD031140035A705e19ceC,2439046679443273982118864381573244666654869216,200,0.45,,inter/sections by Lisa Orth,1d39c523-9da9-406d-8feb-31e1d2704310,inter/sections #33,https://ipfs.feralfile.com/ipfs/QmQRQJZe5QopzanptsCaCPY1G7JAHnCw2Jniz3vgQHNQHV?,
Decentralized,Truth,inter/sections by Lisa Orth,1d39c523-9da9-406d-8feb-31e1d2704310,1d39c523-9da9-406d-8feb-31e1d2704310,0xBb12686c360e9057be3CD031140035A705e19ceC,2439046679443273982118864381573244666654869220,200,0.46,,inter/sections by Lisa Orth,1d39c523-9da9-406d-8feb-31e1d2704310,inter/sections #37,https://ipfs.feralfile.com/ipfs/QmSPf5wHkUNZzgVrrfXj7gWisPj4M67cJjyVSqozC7HsGB?,
Decentralized,Truth,A broken symmetry — the cat's parabola by HAL09999,e97db658-5ee9-4ddb-91ac-cdaa1e5b1363,e97db658-5ee9-4ddb-91ac-cdaa1e5b1363,0xBb12686c360e9057be3CD031140035A705e19ceC,2439046679443273982118864381573244666659869184,200,0.45,,A broken symmetry — the cat's parabola by HAL09999,e97db658-5ee9-4ddb-91ac-cdaa1e5b1363,A broken symmetry — the cat's parabola #1,https://ipfs.feralfile.com/ipfs/QmdxGDxJRijzTeXThxbybMx75NxWvQ5hZR4iE5XVipRpj8?,
Decentralized,Truth,A broken symmetry — the cat's parabola by HAL09999,e97db658-5ee9-4ddb-91ac-cdaa1e5b1363,e97db658-5ee9-4ddb-91ac-cdaa1e5b1363,0xBb12686c360e9057be3CD031140035A705e19ceC,2439046679443273982118864381573244666659869189,200,0.45,,A broken symmetry — the cat's parabola by HAL09999,e97db658-5ee9-4ddb-91ac-cdaa1e5b1363,A broken symmetry — the cat's parabola #6,https://ipfs.feralfile.com/ipfs/QmemrNKih2Si7Kq4EYNzNXg9EbEP6721oFF9eQKEp7kneL?,
Decentralized,Truth,A broken symmetry — the cat's parabola by HAL09999,e97db658-5ee9-4ddb-91ac-cdaa1e5b1363,e97db658-5ee9-4ddb-91ac-cdaa1e5b1363,0xBb12686c360e9057be3CD031140035A705e19ceC,2439046679443273982118864381573244666659869194,200,0.44,,A broken symmetry — the cat's parabola by HAL09999,e97db658-5ee9-4ddb-91ac-cdaa1e5b1363,A broken symmetry — the cat's parabola #11,https://ipfs.feralfile.com/ipfs/QmUoxpqoV9Ex7MmshzhnBwL3W9HnucMj4gvBJdoGKLAkRV?,
Decentralized,Truth,A broken symmetry — the cat's parabola by HAL09999,e97db658-5ee9-4ddb-91ac-cdaa1e5b1363,e97db658-5ee9-4ddb-91ac-cdaa1e5b1363,0xBb12686c360e9057be3CD031140035A705e19ceC,2439046679443273982118864381573244666659869199,200,0.45,,A broken symmetry — the cat's parabola by HAL09999,e97db658-5ee9-4ddb-91ac-cdaa1e5b1363,A broken symmetry — the cat's parabola #16,https://ipfs.feralfile.com/ipfs/QmWVN3JD98RAxiRywztnWgFj2mWCvFu85CppQamiykXMRN?,
Decentralized,Truth,A broken symmetry — the cat's parabola by HAL09999,e97db658-5ee9-4ddb-91ac-cdaa1e5b1363,e97db658-5ee9-4ddb-91ac-cdaa1e5b1363,0xBb12686c360e9057be3CD031140035A705e19ceC,2439046679443273982118864381573244666659869203,200,0.46,,A broken symmetry — the cat's parabola by HAL09999,e97db658-5ee9-4ddb-91ac-cdaa1e5b1363,A broken symmetry — the cat's parabola #20,https://ipfs.feralfile.com/ipfs/QmUL7HFeGYJ6a1R8bWj9LoeC9q39VWXXd2o2U8Ni7VQmrv?,
Decentralized,Truth,A broken symmetry — the cat's parabola by HAL09999,e97db658-5ee9-4ddb-91ac-cdaa1e5b1363,e97db658-5ee9-4ddb-91ac-cdaa1e5b1363,0xBb12686c360e9057be3CD031140035A705e19ceC,2439046679443273982118864381573244666659869208,200,0.45,,A broken symmetry — the cat's parabola by HAL09999,e97db658-5ee9-4ddb-91ac-cdaa1e5b1363,A broken symmetry — the cat's parabola #25,https://ipfs.feralfile.com/ipfs/QmfRrYBo4vtmCVUQD8bmXfrpajTK9HF7ioj52xJBrP6vRT?,
Decentralized,Truth,A broken symmetry — the cat's parabola by HAL09999,e97db658-5ee9-4ddb-91ac-cdaa1e5b1363,e97db658-5ee9-4ddb-91ac-cdaa1e5b1363,0xBb12686c360e9057be3CD031140035A705e19ceC,2439046679443273982118864381573244666659869213,200,0.46,,A broken symmetry — the cat's parabola by HAL09999,e97db658-5ee9-4ddb-91ac-cdaa1e5b1363,A broken symmetry — the cat's parabola #30,https://ipfs.feralfile.com/ipfs/QmTNsSiDYFecq8Fw8dEMmCRgpCqF6bU5mDNDNKT4LtdBkR?,
Decentralized,Truth,A broken symmetry — the cat's parabola by HAL09999,e97db658-5ee9-4ddb-91ac-cdaa1e5b1363,e97db658-5ee9-4ddb-91ac-cdaa1e5b1363,0xBb12686c360e9057be3CD031140035A705e19ceC,2439046679443273982118864381573244666659869217,200,0.45,,A broken symmetry — the cat's parabola by HAL09999,e97db658-5ee9-4ddb-91ac-cdaa1e5b1363,A broken symmetry — the cat's parabola #34,https://ipfs.feralfile.com/ipfs/QmWaWp7rbwg8FrKyh6qLgJ2RXEvhvn2engWwigMisTjzrt?,
Decentralized,Truth,A broken symmetry — the cat's parabola by HAL09999,e97db658-5ee9-4ddb-91ac-cdaa1e5b1363,e97db658-5ee9-4ddb-91ac-cdaa1e5b1363,0xBb12686c360e9057be3CD031140035A705e19ceC,2439046679443273982118864381573244666659869221,200,0.46,,A broken symmetry — the cat's parabola by HAL09999,e97db658-5ee9-4ddb-91ac-cdaa1e5b1363,A broken symmetry — the cat's parabola #38,https://ipfs.feralfile.com/ipfs/QmSckb9NUtH4PTbyisWFZCmMEPdM14Lf3A2zft69AFxQGJ?,
Decentralized,Truth,A broken symmetry — the cat's parabola by HAL09999,e97db658-5ee9-4ddb-91ac-cdaa1e5b1363,e97db658-5ee9-4ddb-91ac-cdaa1e5b1363,0xBb12686c360e9057be3CD031140035A705e19ceC,2439046679443273982118864381573244666659869225,200,0.46,,A broken symmetry — the cat's parabola by HAL09999,e97db658-5ee9-4ddb-91ac-cdaa1e5b1363,A broken symmetry — the cat's parabola #42,https://ipfs.feralfile.com/ipfs/QmcYxvLvujgsS3gMedwnxRNrUuxxQWjqi7LwDV2t1CFe4P?,
Decentralized,WETWARE,MAJLIS AL-JINN: Huma + The Archive by Morehshin Allahyari,2ee448fc-b02a-4f74-a8c0-0e4da84f7ab1,2ee448fc-b02a-4f74-a8c0-0e4da84f7ab1,0x7A9Ea7C036F6aaB113E2563096ef1e0E56375A39,55101717102472383165900431158850540805090957492666401575443795825019132509413,200,0.47,,MAJLIS AL-JINN: Huma + The Archive by Morehshin Allahyari,2ee448fc-b02a-4f74-a8c0-0e4da84f7ab1,MAJLIS AL-JINN: Huma + The Archive #8,https://ipfs.feralfile.com/ipfs/QmXK2KNwYgPQx9F93CyraJumFfUWwKyGRkkGWzAxDRTkB9?,https://ipfs.feralfile.com/ipfs/QmV4WR8MwtHYpRR3NbWmzSQLUv8v2uMEGFip2gaBpdpJWa?
Decentralized,WETWARE,MAJLIS AL-JINN: Huma + The Archive by Morehshin Allahyari,2ee448fc-b02a-4f74-a8c0-0e4da84f7ab1,2ee448fc-b02a-4f74-a8c0-0e4da84f7ab1,0x7A9Ea7C036F6aaB113E2563096ef1e0E56375A39,55101717102472383165900431158850540805090957492666401575443795825019132509482,200,0.47,,MAJLIS AL-JINN: Huma + The Archive by Morehshin Allahyari,2ee448fc-b02a-4f74-a8c0-0e4da84f7ab1,MAJLIS AL-JINN: Huma + The Archive #77,https://ipfs.feralfile.com/ipfs/QmXK2KNwYgPQx9F93CyraJumFfUWwKyGRkkGWzAxDRTkB9?,https://ipfs.feralfile.com/ipfs/QmV4WR8MwtHYpRR3NbWmzSQLUv8v2uMEGFip2gaBpdpJWa?
Decentralized,WETWARE,MAJLIS AL-JINN: Huma + The Archive by Morehshin Allahyari,2ee448fc-b02a-4f74-a8c0-0e4da84f7ab1,2ee448fc-b02a-4f74-a8c0-0e4da84f7ab1,0x7A9Ea7C036F6aaB113E2563096ef1e0E56375A39,55101717102472383165900431158850540805090957492666401575443795825019132509480,200,0.47,,MAJLIS AL-JINN: Huma + The Archive by Morehshin Allahyari,2ee448fc-b02a-4f74-a8c0-0e4da84f7ab1,MAJLIS AL-JINN: Huma + The Archive #75,https://ipfs.feralfile.com/ipfs/QmXK2KNwYgPQx9F93CyraJumFfUWwKyGRkkGWzAxDRTkB9?,https://ipfs.feralfile.com/ipfs/QmV4WR8MwtHYpRR3NbWmzSQLUv8v2uMEGFip2gaBpdpJWa?
Decentralized,WETWARE,MAJLIS AL-JINN: Huma + The Archive by Morehshin Allahyari,2ee448fc-b02a-4f74-a8c0-0e4da84f7ab1,2ee448fc-b02a-4f74-a8c0-0e4da84f7ab1,0x7A9Ea7C036F6aaB113E2563096ef1e0E56375A39,55101717102472383165900431158850540805090957492666401575443795825019132509433,200,0.46,,MAJLIS AL-JINN: Huma + The Archive by Morehshin Allahyari,2ee448fc-b02a-4f74-a8c0-0e4da84f7ab1,MAJLIS AL-JINN: Huma + The Archive #28,https://ipfs.feralfile.com/ipfs/QmXK2KNwYgPQx9F93CyraJumFfUWwKyGRkkGWzAxDRTkB9?,https://ipfs.feralfile.com/ipfs/QmV4WR8MwtHYpRR3NbWmzSQLUv8v2uMEGFip2gaBpdpJWa?
Decentralized,WETWARE,MAJLIS AL-JINN: Huma + The Archive by Morehshin Allahyari,2ee448fc-b02a-4f74-a8c0-0e4da84f7ab1,2ee448fc-b02a-4f74-a8c0-0e4da84f7ab1,0x7A9Ea7C036F6aaB113E2563096ef1e0E56375A39,55101717102472383165900431158850540805090957492666401575443795825019132509477,200,0.46,,MAJLIS AL-JINN: Huma + The Archive by Morehshin Allahyari,2ee448fc-b02a-4f74-a8c0-0e4da84f7ab1,MAJLIS AL-JINN: Huma + The Archive #72,https://ipfs.feralfile.com/ipfs/QmXK2KNwYgPQx9F93CyraJumFfUWwKyGRkkGWzAxDRTkB9?,https://ipfs.feralfile.com/ipfs/QmV4WR8MwtHYpRR3NbWmzSQLUv8v2uMEGFip2gaBpdpJWa?
Decentralized,WETWARE,MAJLIS AL-JINN: Huma + The Archive by Morehshin Allahyari,2ee448fc-b02a-4f74-a8c0-0e4da84f7ab1,2ee448fc-b02a-4f74-a8c0-0e4da84f7ab1,0x7A9Ea7C036F6aaB113E2563096ef1e0E56375A39,55101717102472383165900431158850540805090957492666401575443795825019132509476,200,0.46,,MAJLIS AL-JINN: Huma + The Archive by Morehshin Allahyari,2ee448fc-b02a-4f74-a8c0-0e4da84f7ab1,MAJLIS AL-JINN: Huma + The Archive #71,https://ipfs.feralfile.com/ipfs/QmXK2KNwYgPQx9F93CyraJumFfUWwKyGRkkGWzAxDRTkB9?,https://ipfs.feralfile.com/ipfs/QmV4WR8MwtHYpRR3NbWmzSQLUv8v2uMEGFip2gaBpdpJWa?
Decentralized,WETWARE,MAJLIS AL-JINN: Huma + The Archive by Morehshin Allahyari,2ee448fc-b02a-4f74-a8c0-0e4da84f7ab1,2ee448fc-b02a-4f74-a8c0-0e4da84f7ab1,0x7A9Ea7C036F6aaB113E2563096ef1e0E56375A39,55101717102472383165900431158850540805090957492666401575443795825019132509407,200,0.46,,MAJLIS AL-JINN: Huma + The Archive by Morehshin Allahyari,2ee448fc-b02a-4f74-a8c0-0e4da84f7ab1,MAJLIS AL-JINN: Huma + The Archive #2,https://ipfs.feralfile.com/ipfs/QmXK2KNwYgPQx9F93CyraJumFfUWwKyGRkkGWzAxDRTkB9?,https://ipfs.feralfile.com/ipfs/QmV4WR8MwtHYpRR3NbWmzSQLUv8v2uMEGFip2gaBpdpJWa?
Decentralized,WETWARE,MAJLIS AL-JINN: Huma + The Archive by Morehshin Allahyari,2ee448fc-b02a-4f74-a8c0-0e4da84f7ab1,2ee448fc-b02a-4f74-a8c0-0e4da84f7ab1,0x7A9Ea7C036F6aaB113E2563096ef1e0E56375A39,55101717102472383165900431158850540805090957492666401575443795825019132509483,200,0.47,,MAJLIS AL-JINN: Huma + The Archive by Morehshin Allahyari,2ee448fc-b02a-4f74-a8c0-0e4da84f7ab1,MAJLIS AL-JINN: Huma + The Archive #78,https://ipfs.feralfile.com/ipfs/QmXK2KNwYgPQx9F93CyraJumFfUWwKyGRkkGWzAxDRTkB9?,https://ipfs.feralfile.com/ipfs/QmV4WR8MwtHYpRR3NbWmzSQLUv8v2uMEGFip2gaBpdpJWa?
Decentralized,WETWARE,MAJLIS AL-JINN: Huma + The Archive by Morehshin Allahyari,2ee448fc-b02a-4f74-a8c0-0e4da84f7ab1,2ee448fc-b02a-4f74-a8c0-0e4da84f7ab1,0x7A9Ea7C036F6aaB113E2563096ef1e0E56375A39,55101717102472383165900431158850540805090957492666401575443795825019132509415,200,0.47,,MAJLIS AL-JINN: Huma + The Archive by Morehshin Allahyari,2ee448fc-b02a-4f74-a8c0-0e4da84f7ab1,MAJLIS AL-JINN: Huma + The Archive #10,https://ipfs.feralfile.com/ipfs/QmXK2KNwYgPQx9F93CyraJumFfUWwKyGRkkGWzAxDRTkB9?,https://ipfs.feralfile.com/ipfs/QmV4WR8MwtHYpRR3NbWmzSQLUv8v2uMEGFip2gaBpdpJWa?
Decentralized,WETWARE,MAJLIS AL-JINN: Huma + The Archive by Morehshin Allahyari,2ee448fc-b02a-4f74-a8c0-0e4da84f7ab1,2ee448fc-b02a-4f74-a8c0-0e4da84f7ab1,0x7A9Ea7C036F6aaB113E2563096ef1e0E56375A39,55101717102472383165900431158850540805090957492666401575443795825019132509419,200,0.46,,MAJLIS AL-JINN: Huma + The Archive by Morehshin Allahyari,2ee448fc-b02a-4f74-a8c0-0e4da84f7ab1,MAJLIS AL-JINN: Huma + The Archive #14,https://ipfs.feralfile.com/ipfs/QmXK2KNwYgPQx9F93CyraJumFfUWwKyGRkkGWzAxDRTkB9?,https://ipfs.feralfile.com/ipfs/QmV4WR8MwtHYpRR3NbWmzSQLUv8v2uMEGFip2gaBpdpJWa?
Decentralized,WETWARE,Contested Zone by VNS Matrix,434b4eab-f8ed-4e75-b80f-5377e08ca430,434b4eab-f8ed-4e75-b80f-5377e08ca430,0x7A9Ea7C036F6aaB113E2563096ef1e0E56375A39,106716394448289501808231250623241250638766369976839271699615970638945408404521,200,0.46,,Contested Zone by VNS Matrix,434b4eab-f8ed-4e75-b80f-5377e08ca430,Contested Zone #16,https://ipfs.feralfile.com/ipfs/QmZ6xgTBMhnXrbFtoVn6hNnh2XAUZYCfjqeZhJo3eXta7N?,
Decentralized,WETWARE,Contested Zone by VNS Matrix,434b4eab-f8ed-4e75-b80f-5377e08ca430,434b4eab-f8ed-4e75-b80f-5377e08ca430,0x7A9Ea7C036F6aaB113E2563096ef1e0E56375A39,106716394448289501808231250623241250638766369976839271699615970638945408404584,200,0.46,,Contested Zone by VNS Matrix,434b4eab-f8ed-4e75-b80f-5377e08ca430,Contested Zone #79,https://ipfs.feralfile.com/ipfs/QmZ6xgTBMhnXrbFtoVn6hNnh2XAUZYCfjqeZhJo3eXta7N?,
Decentralized,WETWARE,A la recherche de l'information perdue by Cornelia Sollfrank,f8d24d67-7cd9-4465-9665-2c063ae4e073,f8d24d67-7cd9-4465-9665-2c063ae4e073,0x7A9Ea7C036F6aaB113E2563096ef1e0E56375A39,47742042159972615919654913254321143108232836533637468880835011843821926494516,200,0.46,,A la recherche de l'information perdue by Cornelia Sollfrank,f8d24d67-7cd9-4465-9665-2c063ae4e073,A la recherche de l'information perdue #80,https://ipfs.feralfile.com/ipfs/QmQrao6WME7XGFmtTwgUFXNy5vurWyWDyv8ydEzeqfi2vX?,
Decentralized,WETWARE,A la recherche de l'information perdue by Cornelia Sollfrank,f8d24d67-7cd9-4465-9665-2c063ae4e073,f8d24d67-7cd9-4465-9665-2c063ae4e073,0x7A9Ea7C036F6aaB113E2563096ef1e0E56375A39,47742042159972615919654913254321143108232836533637468880835011843821926494448,200,0.46,,A la recherche de l'information perdue by Cornelia Sollfrank,f8d24d67-7cd9-4465-9665-2c063ae4e073,A la recherche de l'information perdue #12,https://ipfs.feralfile.com/ipfs/QmQrao6WME7XGFmtTwgUFXNy5vurWyWDyv8ydEzeqfi2vX?,
Decentralized,crystalline work,crystalline work (arctic) by john gerrard,4e7c1eba-7c17-4c38-9454-36c72ae98249,4e7c1eba-7c17-4c38-9454-36c72ae98249,0xBE0A4E26a156B2a60cF515E86b3Df9756DEE1952,31946296525744824328753280828797417080692251952513183340713878305007073183110,200,0.45,,crystalline work (arctic) by john gerrard,4e7c1eba-7c17-4c38-9454-36c72ae98249,crystalline work (arctic) 23.2.23.1,https://cdn.feralfileassets.com/previews/4e7c1eba-7c17-4c38-9454-36c72ae98249/1717761156/generated_images/crystal_1006_img.jpg?variant=small,https://cdn.feralfileassets.com/previews/4e7c1eba-7c17-4c38-9454-36c72ae98249/1717761156/nft.html?hourIdx=1006
Decentralized,crystalline work,crystalline work (arctic) by john gerrard,4e7c1eba-7c17-4c38-9454-36c72ae98249,4e7c1eba-7c17-4c38-9454-36c72ae98249,0xBE0A4E26a156B2a60cF515E86b3Df9756DEE1952,31946296525744824328753280828797417080692251952513183340713878305007073184562,200,0.46,,crystalline work (arctic) by john gerrard,4e7c1eba-7c17-4c38-9454-36c72ae98249,crystalline work (arctic) 11.6.84.1,https://cdn.feralfileassets.com/previews/4e7c1eba-7c17-4c38-9454-36c72ae98249/1717761156/generated_images/crystal_2458_img.jpg?variant=small,https://cdn.feralfileassets.com/previews/4e7c1eba-7c17-4c38-9454-36c72ae98249/1717761156/nft.html?hourIdx=2458
Decentralized,crystalline work,crystalline work (arctic) by john gerrard,4e7c1eba-7c17-4c38-9454-36c72ae98249,4e7c1eba-7c17-4c38-9454-36c72ae98249,0xBE0A4E26a156B2a60cF515E86b3Df9756DEE1952,31946296525744824328753280828797417080692251952513183340713878305007073185993,200,0.45,,crystalline work (arctic) by john gerrard,4e7c1eba-7c17-4c38-9454-36c72ae98249,crystalline work (arctic) 2.10.144.1,https://cdn.feralfileassets.com/previews/4e7c1eba-7c17-4c38-9454-36c72ae98249/1717761156/generated_images/crystal_3889_img.jpg?variant=small,https://cdn.feralfileassets.com/previews/4e7c1eba-7c17-4c38-9454-36c72ae98249/1717761156/nft.html?hourIdx=3889
Decentralized,crystalline work,crystalline work (arctic) by john gerrard,4e7c1eba-7c17-4c38-9454-36c72ae98249,4e7c1eba-7c17-4c38-9454-36c72ae98249,0xBE0A4E26a156B2a60cF515E86b3Df9756DEE1952,31946296525744824328753280828797417080692251952513183340713878305007073187478,200,0.45,,crystalline work (arctic) by john gerrard,4e7c1eba-7c17-4c38-9454-36c72ae98249,crystalline work (arctic) 23.11.205.1,https://cdn.feralfileassets.com/previews/4e7c1eba-7c17-4c38-9454-36c72ae98249/1717761156/generated_images/crystal_5374_img.jpg?variant=small,https://cdn.feralfileassets.com/previews/4e7c1eba-7c17-4c38-9454-36c72ae98249/1717761156/nft.html?hourIdx=5374
Decentralized,crystalline work,crystalline work (arctic) by john gerrard,4e7c1eba-7c17-4c38-9454-36c72ae98249,4e7c1eba-7c17-4c38-9454-36c72ae98249,0xBE0A4E26a156B2a60cF515E86b3Df9756DEE1952,31946296525744824328753280828797417080692251952513183340713878305007073189271,200,0.46,,crystalline work (arctic) by john gerrard,4e7c1eba-7c17-4c38-9454-36c72ae98249,crystalline work (arctic) 16.7.280.1,https://cdn.feralfileassets.com/previews/4e7c1eba-7c17-4c38-9454-36c72ae98249/1717761156/generated_images/crystal_7167_img.jpg?variant=small,https://cdn.feralfileassets.com/previews/4e7c1eba-7c17-4c38-9454-36c72ae98249/1717761156/nft.html?hourIdx=7167
Decentralized,crystalline work,crystalline work (arctic) by john gerrard,4e7c1eba-7c17-4c38-9454-36c72ae98249,4e7c1eba-7c17-4c38-9454-36c72ae98249,0xBE0A4E26a156B2a60cF515E86b3Df9756DEE1952,31946296525744824328753280828797417080692251952513183340713878305007073190523,200,0.45,,crystalline work (arctic) by john gerrard,4e7c1eba-7c17-4c38-9454-36c72ae98249,crystalline work (arctic) 20.3.332.1,https://cdn.feralfileassets.com/previews/4e7c1eba-7c17-4c38-9454-36c72ae98249/1717761156/generated_images/crystal_8419_img.jpg?variant=small,https://cdn.feralfileassets.com/previews/4e7c1eba-7c17-4c38-9454-36c72ae98249/1717761156/nft.html?hourIdx=8419
Decentralized,crystalline work,crystalline work (arctic) by john gerrard,4e7c1eba-7c17-4c38-9454-36c72ae98249,4e7c1eba-7c17-4c38-9454-36c72ae98249,0xBE0A4E26a156B2a60cF515E86b3Df9756DEE1952,31946296525744824328753280828797417080692251952513183340713878305007073182687,200,0.45,,crystalline work (arctic) by john gerrard,4e7c1eba-7c17-4c38-9454-36c72ae98249,crystalline work (arctic) 8.1.6.1,https://cdn.feralfileassets.com/previews/4e7c1eba-7c17-4c38-9454-36c72ae98249/1717761156/generated_images/crystal_583_img.jpg?variant=small,https://cdn.feralfileassets.com/previews/4e7c1eba-7c17-4c38-9454-36c72ae98249/1717761156/nft.html?hourIdx=583
Decentralized,crystalline work,crystalline work (arctic) by john gerrard,4e7c1eba-7c17-4c38-9454-36c72ae98249,4e7c1eba-7c17-4c38-9454-36c72ae98249,0xBE0A4E26a156B2a60cF515E86b3Df9756DEE1952,31946296525744824328753280828797417080692251952513183340713878305007073183869,200,0.46,,crystalline work (arctic) by john gerrard,4e7c1eba-7c17-4c38-9454-36c72ae98249,crystalline work (arctic) 14.4.55.1,https://cdn.feralfileassets.com/previews/4e7c1eba-7c17-4c38-9454-36c72ae98249/1717761156/generated_images/crystal_1765_img.jpg?variant=small,https://cdn.feralfileassets.com/previews/4e7c1eba-7c17-4c38-9454-36c72ae98249/1717761156/nft.html?hourIdx=1765
Decentralized,crystalline work,crystalline work (arctic) by john gerrard,4e7c1eba-7c17-4c38-9454-36c72ae98249,4e7c1eba-7c17-4c38-9454-36c72ae98249,0xBE0A4E26a156B2a60cF515E86b3Df9756DEE1952,31946296525744824328753280828797417080692251952513183340713878305007073184610,200,0.46,,crystalline work (arctic) by john gerrard,4e7c1eba-7c17-4c38-9454-36c72ae98249,crystalline work (arctic) 11.6.86.1,https://cdn.feralfileassets.com/previews/4e7c1eba-7c17-4c38-9454-36c72ae98249/1717761156/generated_images/crystal_2506_img.jpg?variant=small,https://cdn.feralfileassets.com/previews/4e7c1eba-7c17-4c38-9454-36c72ae98249/1717761156/nft.html?hourIdx=2506
Decentralized,crystalline work,crystalline work (arctic) by john gerrard,4e7c1eba-7c17-4c38-9454-36c72ae98249,4e7c1eba-7c17-4c38-9454-36c72ae98249,0xBE0A4E26a156B2a60cF515E86b3Df9756DEE1952,31946296525744824328753280828797417080692251952513183340713878305007073184871,200,0.48,,crystalline work (arctic) by john gerrard,4e7c1eba-7c17-4c38-9454-36c72ae98249,crystalline work (arctic) 8.6.97.1,https://cdn.feralfileassets.com/previews/4e7c1eba-7c17-4c38-9454-36c72ae98249/1717761156/generated_images/crystal_2767_img.jpg?variant=small,https://cdn.feralfileassets.com/previews/4e7c1eba-7c17-4c38-9454-36c72ae98249/1717761156/nft.html?hourIdx=2767
Decentralized,流れのパターン / Patterns of Flow,響く残響 / Resonant Echo by Okazz,a62734e6-bce4-49a6-ab10-1b9698085efa,a62734e6-bce4-49a6-ab10-1b9698085efa,0x5D303A17883C442603B8afb54921d1b7DCc0C831,27351590983062365677486503722577408930064250723080863920865112148460961306240,200,0.58,,響く残響 / Resonant Echo by Okazz,a62734e6-bce4-49a6-ab10-1b9698085efa,響く残響 / Resonant Echo #1,https://ipfs.feralfile.com/ipfs/QmY9Tu8rCxosPukn5C1ajXrwiGEqSduaspVNJaxA7eJ5yp?,https://ipfs.feralfile.com/ipfs/QmQ1TLz9CQsnb6XN4cb5WDtp6iKakSG1N83JAyF32mPPDE?edition_number=0&artwork_number=1&blockchain=ethereum&contract=0x5D303A17883C442603B8afb54921d1b7DCc0C831&token_id_hash=0x83012ee9576e78df7c8a3b5db81d78bdd1d40b5a7d486178945e9420e6466d49
Decentralized,流れのパターン / Patterns of Flow,響く残響 / Resonant Echo by Okazz,a62734e6-bce4-49a6-ab10-1b9698085efa,a62734e6-bce4-49a6-ab10-1b9698085efa,0x5D303A17883C442603B8afb54921d1b7DCc0C831,27351590983062365677486503722577408930064250723080863920865112148460961306244,200,0.58,,響く残響 / Resonant Echo by Okazz,a62734e6-bce4-49a6-ab10-1b9698085efa,響く残響 / Resonant Echo #5,https://ipfs.feralfile.com/ipfs/QmNabSCciaXv2FtyumB9WrSCsDZWrcrpnS3fWgEevCbdPw?,https://ipfs.feralfile.com/ipfs/QmQ1TLz9CQsnb6XN4cb5WDtp6iKakSG1N83JAyF32mPPDE?edition_number=4&artwork_number=5&blockchain=ethereum&contract=0x5D303A17883C442603B8afb54921d1b7DCc0C831&token_id_hash=0x9bd2e3ae9aa1efcf1939be978a650a635cde0aff37a4f2984d41036198fb4a08
Decentralized,流れのパターン / Patterns of Flow,響く残響 / Resonant Echo by Okazz,a62734e6-bce4-49a6-ab10-1b9698085efa,a62734e6-bce4-49a6-ab10-1b9698085efa,0x5D303A17883C442603B8afb54921d1b7DCc0C831,27351590983062365677486503722577408930064250723080863920865112148460961306248,200,0.59,,響く残響 / Resonant Echo by Okazz,a62734e6-bce4-49a6-ab10-1b9698085efa,響く残響 / Resonant Echo #9,https://ipfs.feralfile.com/ipfs/QmfKjqAyKNJWFYnzbz3fZ1zDUtoWF1MQZ34dcbyeggJcTL?,https://ipfs.feralfile.com/ipfs/QmQ1TLz9CQsnb6XN4cb5WDtp6iKakSG1N83JAyF32mPPDE?edition_number=8&artwork_number=9&blockchain=ethereum&contract=0x5D303A17883C442603B8afb54921d1b7DCc0C831&token_id_hash=0x45e26f677225b3fe16be38a47dffbac2b6596eafc6ba3818e85a439fdc56654f
Decentralized,流れのパターン / Patterns of Flow,響く残響 / Resonant Echo by Okazz,a62734e6-bce4-49a6-ab10-1b9698085efa,a62734e6-bce4-49a6-ab10-1b9698085efa,0x5D303A17883C442603B8afb54921d1b7DCc0C831,27351590983062365677486503722577408930064250723080863920865112148460961306252,200,0.59,,響く残響 / Resonant Echo by Okazz,a62734e6-bce4-49a6-ab10-1b9698085efa,響く残響 / Resonant Echo #13,https://ipfs.feralfile.com/ipfs/QmSwa9mTPvBFGJQdRjosfXuZMupyP1LaMDGXdN6pTBhq5q?,https://ipfs.feralfile.com/ipfs/QmQ1TLz9CQsnb6XN4cb5WDtp6iKakSG1N83JAyF32mPPDE?edition_number=12&artwork_number=13&blockchain=ethereum&contract=0x5D303A17883C442603B8afb54921d1b7DCc0C831&token_id_hash=0xad78e64402674f5ec298d769718975ebb554cf4ba6c0c45968ea2ebc27b80d3b
Decentralized,流れのパターン / Patterns of Flow,響く残響 / Resonant Echo by Okazz,a62734e6-bce4-49a6-ab10-1b9698085efa,a62734e6-bce4-49a6-ab10-1b9698085efa,0x5D303A17883C442603B8afb54921d1b7DCc0C831,27351590983062365677486503722577408930064250723080863920865112148460961306256,200,0.61,,響く残響 / Resonant Echo by Okazz,a62734e6-bce4-49a6-ab10-1b9698085efa,響く残響 / Resonant Echo #17,https://ipfs.feralfile.com/ipfs/QmcrBxrirDeMpu22rcU5rxEtncJTDi1qZDiUekEEvsyjpf?,https://ipfs.feralfile.com/ipfs/QmQ1TLz9CQsnb6XN4cb5WDtp6iKakSG1N83JAyF32mPPDE?edition_number=16&artwork_number=17&blockchain=ethereum&contract=0x5D303A17883C442603B8afb54921d1b7DCc0C831&token_id_hash=0x2b3518c30a97a113e80b9f642a633a6401bc7ce12d5a391b9a9a288f357fc373
Decentralized,流れのパターン / Patterns of Flow,響く残響 / Resonant Echo by Okazz,a62734e6-bce4-49a6-ab10-1b9698085efa,a62734e6-bce4-49a6-ab10-1b9698085efa,0x5D303A17883C442603B8afb54921d1b7DCc0C831,27351590983062365677486503722577408930064250723080863920865112148460961306260,200,0.59,,響く残響 / Resonant Echo by Okazz,a62734e6-bce4-49a6-ab10-1b9698085efa,響く残響 / Resonant Echo #21,https://ipfs.feralfile.com/ipfs/QmPkFpk62BzihRs3EYmj9pyRy5MXpvy6FeVCMWpBHx75GQ?,https://ipfs.feralfile.com/ipfs/QmQ1TLz9CQsnb6XN4cb5WDtp6iKakSG1N83JAyF32mPPDE?edition_number=20&artwork_number=21&blockchain=ethereum&contract=0x5D303A17883C442603B8afb54921d1b7DCc0C831&token_id_hash=0xe87795c19ace4a37f948c72432d20575b9c2d87643e6a1448239bbd392711567
Decentralized,流れのパターン / Patterns of Flow,響く残響 / Resonant Echo by Okazz,a62734e6-bce4-49a6-ab10-1b9698085efa,a62734e6-bce4-49a6-ab10-1b9698085efa,0x5D303A17883C442603B8afb54921d1b7DCc0C831,27351590983062365677486503722577408930064250723080863920865112148460961306264,200,0.61,,響く残響 / Resonant Echo by Okazz,a62734e6-bce4-49a6-ab10-1b9698085efa,響く残響 / Resonant Echo #25,https://ipfs.feralfile.com/ipfs/QmZSUDaLcEgZEN59sYRsmGZD33gAZoADdWj3pCuggLsCCv?,https://ipfs.feralfile.com/ipfs/QmQ1TLz9CQsnb6XN4cb5WDtp6iKakSG1N83JAyF32mPPDE?edition_number=24&artwork_number=25&blockchain=ethereum&contract=0x5D303A17883C442603B8afb54921d1b7DCc0C831&token_id_hash=0x315be38584c31efeb17cbbec445b7bfc48ba95c778ee9cc804fff784221b71d7
Decentralized,流れのパターン / Patterns of Flow,響く残響 / Resonant Echo by Okazz,a62734e6-bce4-49a6-ab10-1b9698085efa,a62734e6-bce4-49a6-ab10-1b9698085efa,0x5D303A17883C442603B8afb54921d1b7DCc0C831,27351590983062365677486503722577408930064250723080863920865112148460961306268,200,0.59,,響く残響 / Resonant Echo by Okazz,a62734e6-bce4-49a6-ab10-1b9698085efa,響く残響 / Resonant Echo #29,https://ipfs.feralfile.com/ipfs/QmfDndYE1VRooEHij8NPCK2EKfzgCKqix1sVY3AR2Zk5Se?,https://ipfs.feralfile.com/ipfs/QmQ1TLz9CQsnb6XN4cb5WDtp6iKakSG1N83JAyF32mPPDE?edition_number=28&artwork_number=29&blockchain=ethereum&contract=0x5D303A17883C442603B8afb54921d1b7DCc0C831&token_id_hash=0xc70df2e02aadb10b831bcf32cf1c9a6ace206bfe963b75dc754b563269a8a035
Decentralized,流れのパターン / Patterns of Flow,響く残響 / Resonant Echo by Okazz,a62734e6-bce4-49a6-ab10-1b9698085efa,a62734e6-bce4-49a6-ab10-1b9698085efa,0x5D303A17883C442603B8afb54921d1b7DCc0C831,27351590983062365677486503722577408930064250723080863920865112148460961306272,200,0.59,,響く残響 / Resonant Echo by Okazz,a62734e6-bce4-49a6-ab10-1b9698085efa,響く残響 / Resonant Echo #33,https://ipfs.feralfile.com/ipfs/QmNQ7SamsTHtpoNQGgyeg9fKPA2EwjjQS3QgcqRWUYkVk7?,https://ipfs.feralfile.com/ipfs/QmQ1TLz9CQsnb6XN4cb5WDtp6iKakSG1N83JAyF32mPPDE?edition_number=32&artwork_number=33&blockchain=ethereum&contract=0x5D303A17883C442603B8afb54921d1b7DCc0C831&token_id_hash=0x763524bc82924f226e1735ec5bebe285b721ea65f1c9d64acaabf92d9aa019b9
Decentralized,流れのパターン / Patterns of Flow,響く残響 / Resonant Echo by Okazz,a62734e6-bce4-49a6-ab10-1b9698085efa,a62734e6-bce4-49a6-ab10-1b9698085efa,0x5D303A17883C442603B8afb54921d1b7DCc0C831,27351590983062365677486503722577408930064250723080863920865112148460961306276,200,0.59,,響く残響 / Resonant Echo by Okazz,a62734e6-bce4-49a6-ab10-1b9698085efa,響く残響 / Resonant Echo #37,https://ipfs.feralfile.com/ipfs/QmRwBKXg7aA8B759yjneuMtFa6xRymiVsMPaSvaZPwBeeA?,https://ipfs.feralfile.com/ipfs/QmQ1TLz9CQsnb6XN4cb5WDtp6iKakSG1N83JAyF32mPPDE?edition_number=36&artwork_number=37&blockchain=ethereum&contract=0x5D303A17883C442603B8afb54921d1b7DCc0C831&token_id_hash=0x1de719e5ec1ad22d5f90492c3b86474cbd26e1b564c4f30ba51adc813721ecf3
Decentralized,Unsupervised — Burned — Data Universe — MoMA — 2D,Unsupervised - Burned - Data Universe - MoMA - 2D by Refik Anadol,f8d29291-cac7-480b-aacd-05de41d1a1ae,f8d29291-cac7-480b-aacd-05de41d1a1ae,0x559fE9Fe5E2DAE7A7ae5766457096E6d7C647A46,89970703136813096194386978740263577426008641841447607440390967327466404095975,200,0.45,,Unsupervised - Burned - Data Universe - MoMA - 2D by Refik Anadol,f8d29291-cac7-480b-aacd-05de41d1a1ae,Unsupervised — Burned — Data Universe — MoMA — 2D #110,https://ipfs.feralfile.com/ipfs/QmNVka7HoW5CKQ2KLEf2gzFHRG8c2jFyeWmAdgyEGGp6dH?,https://ipfs.feralfile.com/ipfs/QmeieKCpVxLdQAGp9uVFvxHydb3GpWkqWqzrpqinUGVQxq?
Decentralized,Unsupervised — Burned — Data Universe — MoMA — 2D,Unsupervised - Burned - Data Universe - MoMA - 2D by Refik Anadol,f8d29291-cac7-480b-aacd-05de41d1a1ae,f8d29291-cac7-480b-aacd-05de41d1a1ae,0x559fE9Fe5E2DAE7A7ae5766457096E6d7C647A46,89970703136813096194386978740263577426008641841447607440390967327466404095971,200,0.45,,Unsupervised - Burned - Data Universe - MoMA - 2D by Refik Anadol,f8d29291-cac7-480b-aacd-05de41d1a1ae,Unsupervised — Burned — Data Universe — MoMA — 2D #106,https://ipfs.feralfile.com/ipfs/QmNVka7HoW5CKQ2KLEf2gzFHRG8c2jFyeWmAdgyEGGp6dH?,https://ipfs.feralfile.com/ipfs/QmeieKCpVxLdQAGp9uVFvxHydb3GpWkqWqzrpqinUGVQxq?
Decentralized,Unsupervised — Burned — Data Universe — MoMA — 2D,Unsupervised - Burned - Data Universe - MoMA - 2D by Refik Anadol,f8d29291-cac7-480b-aacd-05de41d1a1ae,f8d29291-cac7-480b-aacd-05de41d1a1ae,0x559fE9Fe5E2DAE7A7ae5766457096E6d7C647A46,89970703136813096194386978740263577426008641841447607440390967327466404095966,200,0.44,,Unsupervised - Burned - Data Universe - MoMA - 2D by Refik Anadol,f8d29291-cac7-480b-aacd-05de41d1a1ae,Unsupervised — Burned — Data Universe — MoMA — 2D #101,https://ipfs.feralfile.com/ipfs/QmNVka7HoW5CKQ2KLEf2gzFHRG8c2jFyeWmAdgyEGGp6dH?,https://ipfs.feralfile.com/ipfs/QmeieKCpVxLdQAGp9uVFvxHydb3GpWkqWqzrpqinUGVQxq?
Decentralized,Unsupervised — Burned — Data Universe — MoMA — 2D,Unsupervised - Burned - Data Universe - MoMA - 2D by Refik Anadol,f8d29291-cac7-480b-aacd-05de41d1a1ae,f8d29291-cac7-480b-aacd-05de41d1a1ae,0x559fE9Fe5E2DAE7A7ae5766457096E6d7C647A46,89970703136813096194386978740263577426008641841447607440390967327466404095964,200,0.45,,Unsupervised - Burned - Data Universe - MoMA - 2D by Refik Anadol,f8d29291-cac7-480b-aacd-05de41d1a1ae,Unsupervised — Burned — Data Universe — MoMA — 2D #99,https://ipfs.feralfile.com/ipfs/QmNVka7HoW5CKQ2KLEf2gzFHRG8c2jFyeWmAdgyEGGp6dH?,https://ipfs.feralfile.com/ipfs/QmeieKCpVxLdQAGp9uVFvxHydb3GpWkqWqzrpqinUGVQxq?
Decentralized,Unsupervised — Burned — Data Universe — MoMA — 2D,Unsupervised - Burned - Data Universe - MoMA - 2D by Refik Anadol,f8d29291-cac7-480b-aacd-05de41d1a1ae,f8d29291-cac7-480b-aacd-05de41d1a1ae,0x559fE9Fe5E2DAE7A7ae5766457096E6d7C647A46,89970703136813096194386978740263577426008641841447607440390967327466404095960,200,0.44,,Unsupervised - Burned - Data Universe - MoMA - 2D by Refik Anadol,f8d29291-cac7-480b-aacd-05de41d1a1ae,Unsupervised — Burned — Data Universe — MoMA — 2D #95,https://ipfs.feralfile.com/ipfs/QmNVka7HoW5CKQ2KLEf2gzFHRG8c2jFyeWmAdgyEGGp6dH?,https://ipfs.feralfile.com/ipfs/QmeieKCpVxLdQAGp9uVFvxHydb3GpWkqWqzrpqinUGVQxq?
Decentralized,Unsupervised — Burned — Data Universe — MoMA — 2D,Unsupervised - Burned - Data Universe - MoMA - 2D by Refik Anadol,f8d29291-cac7-480b-aacd-05de41d1a1ae,f8d29291-cac7-480b-aacd-05de41d1a1ae,0x559fE9Fe5E2DAE7A7ae5766457096E6d7C647A46,89970703136813096194386978740263577426008641841447607440390967327466404095955,200,0.44,,Unsupervised - Burned - Data Universe - MoMA - 2D by Refik Anadol,f8d29291-cac7-480b-aacd-05de41d1a1ae,Unsupervised — Burned — Data Universe — MoMA — 2D #90,https://ipfs.feralfile.com/ipfs/QmNVka7HoW5CKQ2KLEf2gzFHRG8c2jFyeWmAdgyEGGp6dH?,https://ipfs.feralfile.com/ipfs/QmeieKCpVxLdQAGp9uVFvxHydb3GpWkqWqzrpqinUGVQxq?
Decentralized,Unsupervised — Burned — Data Universe — MoMA — 2D,Unsupervised - Burned - Data Universe - MoMA - 2D by Refik Anadol,f8d29291-cac7-480b-aacd-05de41d1a1ae,f8d29291-cac7-480b-aacd-05de41d1a1ae,0x559fE9Fe5E2DAE7A7ae5766457096E6d7C647A46,89970703136813096194386978740263577426008641841447607440390967327466404095950,200,0.46,,Unsupervised - Burned - Data Universe - MoMA - 2D by Refik Anadol,f8d29291-cac7-480b-aacd-05de41d1a1ae,Unsupervised — Burned — Data Universe — MoMA — 2D #85,https://ipfs.feralfile.com/ipfs/QmNVka7HoW5CKQ2KLEf2gzFHRG8c2jFyeWmAdgyEGGp6dH?,https://ipfs.feralfile.com/ipfs/QmeieKCpVxLdQAGp9uVFvxHydb3GpWkqWqzrpqinUGVQxq?
Decentralized,Unsupervised — Burned — Data Universe — MoMA — 2D,Unsupervised - Burned - Data Universe - MoMA - 2D by Refik Anadol,f8d29291-cac7-480b-aacd-05de41d1a1ae,f8d29291-cac7-480b-aacd-05de41d1a1ae,0x559fE9Fe5E2DAE7A7ae5766457096E6d7C647A46,89970703136813096194386978740263577426008641841447607440390967327466404095947,200,0.45,,Unsupervised - Burned - Data Universe - MoMA - 2D by Refik Anadol,f8d29291-cac7-480b-aacd-05de41d1a1ae,Unsupervised — Burned — Data Universe — MoMA — 2D #82,https://ipfs.feralfile.com/ipfs/QmNVka7HoW5CKQ2KLEf2gzFHRG8c2jFyeWmAdgyEGGp6dH?,https://ipfs.feralfile.com/ipfs/QmeieKCpVxLdQAGp9uVFvxHydb3GpWkqWqzrpqinUGVQxq?
Decentralized,Unsupervised — Burned — Data Universe — MoMA — 2D,Unsupervised - Burned - Data Universe - MoMA - 2D by Refik Anadol,f8d29291-cac7-480b-aacd-05de41d1a1ae,f8d29291-cac7-480b-aacd-05de41d1a1ae,0x559fE9Fe5E2DAE7A7ae5766457096E6d7C647A46,89970703136813096194386978740263577426008641841447607440390967327466404095943,200,0.46,,Unsupervised - Burned - Data Universe - MoMA - 2D by Refik Anadol,f8d29291-cac7-480b-aacd-05de41d1a1ae,Unsupervised — Burned — Data Universe — MoMA — 2D #78,https://ipfs.feralfile.com/ipfs/QmNVka7HoW5CKQ2KLEf2gzFHRG8c2jFyeWmAdgyEGGp6dH?,https://ipfs.feralfile.com/ipfs/QmeieKCpVxLdQAGp9uVFvxHydb3GpWkqWqzrpqinUGVQxq?
Decentralized,Unsupervised — Burned — Data Universe — MoMA — 2D,Unsupervised - Burned - Data Universe - MoMA - 2D by Refik Anadol,f8d29291-cac7-480b-aacd-05de41d1a1ae,f8d29291-cac7-480b-aacd-05de41d1a1ae,0x559fE9Fe5E2DAE7A7ae5766457096E6d7C647A46,89970703136813096194386978740263577426008641841447607440390967327466404095939,200,0.45,,Unsupervised - Burned - Data Universe - MoMA - 2D by Refik Anadol,f8d29291-cac7-480b-aacd-05de41d1a1ae,Unsupervised — Burned — Data Universe — MoMA — 2D #74,https://ipfs.feralfile.com/ipfs/QmNVka7HoW5CKQ2KLEf2gzFHRG8c2jFyeWmAdgyEGGp6dH?,https://ipfs.feralfile.com/ipfs/QmeieKCpVxLdQAGp9uVFvxHydb3GpWkqWqzrpqinUGVQxq?
Decentralized,Unsupervised — Burned — Data Universe — MoMA — 3D,Unsupervised - Burned - Data Universe - MoMA - 3D by Refik Anadol,aac17bb5-3377-4e4d-92bd-3767881bfba7,aac17bb5-3377-4e4d-92bd-3767881bfba7,0xc490888997d65df70FE69f33BA3bf7C8D12989CF,44698415037170023611077639980855462881371582800501602828429077410131151838137,200,0.45,,Unsupervised - Burned - Data Universe - MoMA - 3D by Refik Anadol,aac17bb5-3377-4e4d-92bd-3767881bfba7,Unsupervised — Burned — Data Universe — MoMA — 3D #65,https://ipfs.feralfile.com/ipfs/QmeHngCYCPKAqBvMCLdhVfGux7hdtmUL5oMaB7pomrGjPm?,https://ipfs.feralfile.com/ipfs/QmYMmf3R1tjAYv8Bq23zkvL1VZ8fiCnckXDoY5vBTjB9ZY?
Decentralized,Unsupervised — Burned — Data Universe — MoMA — 3D,Unsupervised - Burned - Data Universe - MoMA - 3D by Refik Anadol,aac17bb5-3377-4e4d-92bd-3767881bfba7,aac17bb5-3377-4e4d-92bd-3767881bfba7,0xc490888997d65df70FE69f33BA3bf7C8D12989CF,44698415037170023611077639980855462881371582800501602828429077410131151838133,200,0.44,,Unsupervised - Burned - Data Universe - MoMA - 3D by Refik Anadol,aac17bb5-3377-4e4d-92bd-3767881bfba7,Unsupervised — Burned — Data Universe — MoMA — 3D #61,https://ipfs.feralfile.com/ipfs/QmeHngCYCPKAqBvMCLdhVfGux7hdtmUL5oMaB7pomrGjPm?,https://ipfs.feralfile.com/ipfs/QmYMmf3R1tjAYv8Bq23zkvL1VZ8fiCnckXDoY5vBTjB9ZY?
Decentralized,Unsupervised — Burned — Data Universe — MoMA — 3D,Unsupervised - Burned - Data Universe - MoMA - 3D by Refik Anadol,aac17bb5-3377-4e4d-92bd-3767881bfba7,aac17bb5-3377-4e4d-92bd-3767881bfba7,0xc490888997d65df70FE69f33BA3bf7C8D12989CF,44698415037170023611077639980855462881371582800501602828429077410131151838129,200,0.44,,Unsupervised - Burned - Data Universe - MoMA - 3D by Refik Anadol,aac17bb5-3377-4e4d-92bd-3767881bfba7,Unsupervised — Burned — Data Universe — MoMA — 3D #57,https://ipfs.feralfile.com/ipfs/QmeHngCYCPKAqBvMCLdhVfGux7hdtmUL5oMaB7pomrGjPm?,https://ipfs.feralfile.com/ipfs/QmYMmf3R1tjAYv8Bq23zkvL1VZ8fiCnckXDoY5vBTjB9ZY?
Decentralized,Unsupervised — Burned — Data Universe — MoMA — 3D,Unsupervised - Burned - Data Universe - MoMA - 3D by Refik Anadol,aac17bb5-3377-4e4d-92bd-3767881bfba7,aac17bb5-3377-4e4d-92bd-3767881bfba7,0xc490888997d65df70FE69f33BA3bf7C8D12989CF,44698415037170023611077639980855462881371582800501602828429077410131151838125,200,0.44,,Unsupervised - Burned - Data Universe - MoMA - 3D by Refik Anadol,aac17bb5-3377-4e4d-92bd-3767881bfba7,Unsupervised — Burned — Data Universe — MoMA — 3D #53,https://ipfs.feralfile.com/ipfs/QmeHngCYCPKAqBvMCLdhVfGux7hdtmUL5oMaB7pomrGjPm?,https://ipfs.feralfile.com/ipfs/QmYMmf3R1tjAYv8Bq23zkvL1VZ8fiCnckXDoY5vBTjB9ZY?
Decentralized,Unsupervised — Burned — Data Universe — MoMA — 3D,Unsupervised - Burned - Data Universe - MoMA - 3D by Refik Anadol,aac17bb5-3377-4e4d-92bd-3767881bfba7,aac17bb5-3377-4e4d-92bd-3767881bfba7,0xc490888997d65df70FE69f33BA3bf7C8D12989CF,44698415037170023611077639980855462881371582800501602828429077410131151838121,200,0.45,,Unsupervised - Burned - Data Universe - MoMA - 3D by Refik Anadol,aac17bb5-3377-4e4d-92bd-3767881bfba7,Unsupervised — Burned — Data Universe — MoMA — 3D #49,https://ipfs.feralfile.com/ipfs/QmeHngCYCPKAqBvMCLdhVfGux7hdtmUL5oMaB7pomrGjPm?,https://ipfs.feralfile.com/ipfs/QmYMmf3R1tjAYv8Bq23zkvL1VZ8fiCnckXDoY5vBTjB9ZY?
Decentralized,Unsupervised — Burned — Data Universe — MoMA — 3D,Unsupervised - Burned - Data Universe - MoMA - 3D by Refik Anadol,aac17bb5-3377-4e4d-92bd-3767881bfba7,aac17bb5-3377-4e4d-92bd-3767881bfba7,0xc490888997d65df70FE69f33BA3bf7C8D12989CF,44698415037170023611077639980855462881371582800501602828429077410131151838117,200,0.44,,Unsupervised - Burned - Data Universe - MoMA - 3D by Refik Anadol,aac17bb5-3377-4e4d-92bd-3767881bfba7,Unsupervised — Burned — Data Universe — MoMA — 3D #45,https://ipfs.feralfile.com/ipfs/QmeHngCYCPKAqBvMCLdhVfGux7hdtmUL5oMaB7pomrGjPm?,https://ipfs.feralfile.com/ipfs/QmYMmf3R1tjAYv8Bq23zkvL1VZ8fiCnckXDoY5vBTjB9ZY?
Decentralized,Unsupervised — Burned — Data Universe — MoMA — 3D,Unsupervised - Burned - Data Universe - MoMA - 3D by Refik Anadol,aac17bb5-3377-4e4d-92bd-3767881bfba7,aac17bb5-3377-4e4d-92bd-3767881bfba7,0xc490888997d65df70FE69f33BA3bf7C8D12989CF,44698415037170023611077639980855462881371582800501602828429077410131151838113,200,0.44,,Unsupervised - Burned - Data Universe - MoMA - 3D by Refik Anadol,aac17bb5-3377-4e4d-92bd-3767881bfba7,Unsupervised — Burned — Data Universe — MoMA — 3D #41,https://ipfs.feralfile.com/ipfs/QmeHngCYCPKAqBvMCLdhVfGux7hdtmUL5oMaB7pomrGjPm?,https://ipfs.feralfile.com/ipfs/QmYMmf3R1tjAYv8Bq23zkvL1VZ8fiCnckXDoY5vBTjB9ZY?
Decentralized,Unsupervised — Burned — Data Universe — MoMA — 3D,Unsupervised - Burned - Data Universe - MoMA - 3D by Refik Anadol,aac17bb5-3377-4e4d-92bd-3767881bfba7,aac17bb5-3377-4e4d-92bd-3767881bfba7,0xc490888997d65df70FE69f33BA3bf7C8D12989CF,44698415037170023611077639980855462881371582800501602828429077410131151838109,200,0.44,,Unsupervised - Burned - Data Universe - MoMA - 3D by Refik Anadol,aac17bb5-3377-4e4d-92bd-3767881bfba7,Unsupervised — Burned — Data Universe — MoMA — 3D #37,https://ipfs.feralfile.com/ipfs/QmeHngCYCPKAqBvMCLdhVfGux7hdtmUL5oMaB7pomrGjPm?,https://ipfs.feralfile.com/ipfs/QmYMmf3R1tjAYv8Bq23zkvL1VZ8fiCnckXDoY5vBTjB9ZY?
Decentralized,Unsupervised — Burned — Data Universe — MoMA — 3D,Unsupervised - Burned - Data Universe - MoMA - 3D by Refik Anadol,aac17bb5-3377-4e4d-92bd-3767881bfba7,aac17bb5-3377-4e4d-92bd-3767881bfba7,0xc490888997d65df70FE69f33BA3bf7C8D12989CF,44698415037170023611077639980855462881371582800501602828429077410131151838105,200,0.45,,Unsupervised - Burned - Data Universe - MoMA - 3D by Refik Anadol,aac17bb5-3377-4e4d-92bd-3767881bfba7,Unsupervised — Burned — Data Universe — MoMA — 3D #33,https://ipfs.feralfile.com/ipfs/QmeHngCYCPKAqBvMCLdhVfGux7hdtmUL5oMaB7pomrGjPm?,https://ipfs.feralfile.com/ipfs/QmYMmf3R1tjAYv8Bq23zkvL1VZ8fiCnckXDoY5vBTjB9ZY?
Decentralized,Unsupervised — Burned — Data Universe — MoMA — 3D,Unsupervised - Burned - Data Universe - MoMA - 3D by Refik Anadol,aac17bb5-3377-4e4d-92bd-3767881bfba7,aac17bb5-3377-4e4d-92bd-3767881bfba7,0xc490888997d65df70FE69f33BA3bf7C8D12989CF,44698415037170023611077639980855462881371582800501602828429077410131151838101,200,0.45,,Unsupervised - Burned - Data Universe - MoMA - 3D by Refik Anadol,aac17bb5-3377-4e4d-92bd-3767881bfba7,Unsupervised — Burned — Data Universe — MoMA — 3D #29,https://ipfs.feralfile.com/ipfs/QmeHngCYCPKAqBvMCLdhVfGux7hdtmUL5oMaB7pomrGjPm?,https://ipfs.feralfile.com/ipfs/QmYMmf3R1tjAYv8Bq23zkvL1VZ8fiCnckXDoY5vBTjB9ZY?
Decentralized,Unsupervised — Burned — Machine Hallucinations — MoMA Dreams,Unsupervised - Burned - Machine Hallucinations - MoMA Dreams By Refik Anadol,72b1a11a-16da-4550-aa2c-7f197a219ae8,72b1a11a-16da-4550-aa2c-7f197a219ae8,0x9D6c8e4B348999A69eE24285cd81226f4628e8F8,72683907607289245948376378937398657013536021870223758380494556672121413187268,200,0.46,,Unsupervised - Burned - Machine Hallucinations - MoMA Dreams By Refik Anadol,72b1a11a-16da-4550-aa2c-7f197a219ae8,Unsupervised — Burned — Machine Hallucinations — MoMA Dreams #100,https://ipfs.feralfile.com/ipfs/QmQbYxduPbnEatzXNuXKwH1hmXhJPCGPRktDozp1xDgL7Z?,
Decentralized,Unsupervised — Burned — Machine Hallucinations — MoMA Dreams,Unsupervised - Burned - Machine Hallucinations - MoMA Dreams By Refik Anadol,72b1a11a-16da-4550-aa2c-7f197a219ae8,72b1a11a-16da-4550-aa2c-7f197a219ae8,0x9D6c8e4B348999A69eE24285cd81226f4628e8F8,72683907607289245948376378937398657013536021870223758380494556672121413187264,200,0.48,,Unsupervised - Burned - Machine Hallucinations - MoMA Dreams By Refik Anadol,72b1a11a-16da-4550-aa2c-7f197a219ae8,Unsupervised — Burned — Machine Hallucinations — MoMA Dreams #96,https://ipfs.feralfile.com/ipfs/Qmd1b1mo7iCxCqDidJTVazHasnm14wRzHFWT43icMLJrfA?,
Decentralized,Unsupervised — Burned — Machine Hallucinations — MoMA Dreams,Unsupervised - Burned - Machine Hallucinations - MoMA Dreams By Refik Anadol,72b1a11a-16da-4550-aa2c-7f197a219ae8,72b1a11a-16da-4550-aa2c-7f197a219ae8,0x9D6c8e4B348999A69eE24285cd81226f4628e8F8,72683907607289245948376378937398657013536021870223758380494556672121413187260,200,0.52,,Unsupervised - Burned - Machine Hallucinations - MoMA Dreams By Refik Anadol,72b1a11a-16da-4550-aa2c-7f197a219ae8,Unsupervised — Burned — Machine Hallucinations — MoMA Dreams #92,https://ipfs.feralfile.com/ipfs/QmPDWBo2GDGPdVtT7yeeqrWyt5wnBX6vPy616ixgWXyTgW?,
Decentralized,Unsupervised — Burned — Machine Hallucinations — MoMA Dreams,Unsupervised - Burned - Machine Hallucinations - MoMA Dreams By Refik Anadol,72b1a11a-16da-4550-aa2c-7f197a219ae8,72b1a11a-16da-4550-aa2c-7f197a219ae8,0x9D6c8e4B348999A69eE24285cd81226f4628e8F8,72683907607289245948376378937398657013536021870223758380494556672121413187256,200,0.46,,Unsupervised - Burned - Machine Hallucinations - MoMA Dreams By Refik Anadol,72b1a11a-16da-4550-aa2c-7f197a219ae8,Unsupervised — Burned — Machine Hallucinations — MoMA Dreams #88,https://ipfs.feralfile.com/ipfs/QmPPDAwxJbrtvpQxY2BjTXu6PkhQQF9EdhWDuCdUenQgDU?,
Decentralized,Unsupervised — Burned — Machine Hallucinations — MoMA Dreams,Unsupervised - Burned - Machine Hallucinations - MoMA Dreams By Refik Anadol,72b1a11a-16da-4550-aa2c-7f197a219ae8,72b1a11a-16da-4550-aa2c-7f197a219ae8,0x9D6c8e4B348999A69eE24285cd81226f4628e8F8,72683907607289245948376378937398657013536021870223758380494556672121413187252,200,0.44,,Unsupervised - Burned - Machine Hallucinations - MoMA Dreams By Refik Anadol,72b1a11a-16da-4550-aa2c-7f197a219ae8,Unsupervised — Burned — Machine Hallucinations — MoMA Dreams #84,https://ipfs.feralfile.com/ipfs/QmV6etMG9QomV1WqtXXEnequ1GePGtHTRetU8hUaWphK1t?,
Decentralized,Unsupervised — Burned — Machine Hallucinations — MoMA Dreams,Unsupervised - Burned - Machine Hallucinations - MoMA Dreams By Refik Anadol,72b1a11a-16da-4550-aa2c-7f197a219ae8,72b1a11a-16da-4550-aa2c-7f197a219ae8,0x9D6c8e4B348999A69eE24285cd81226f4628e8F8,72683907607289245948376378937398657013536021870223758380494556672121413187248,200,0.45,,Unsupervised - Burned - Machine Hallucinations - MoMA Dreams By Refik Anadol,72b1a11a-16da-4550-aa2c-7f197a219ae8,Unsupervised — Burned — Machine Hallucinations — MoMA Dreams #80,https://ipfs.feralfile.com/ipfs/QmYGm8Pv9gSK9pBaTZ5cPDUQKG82ygtTdHKni6YwxFtTdW?,
Decentralized,Unsupervised — Burned — Machine Hallucinations — MoMA Dreams,Unsupervised - Burned - Machine Hallucinations - MoMA Dreams By Refik Anadol,72b1a11a-16da-4550-aa2c-7f197a219ae8,72b1a11a-16da-4550-aa2c-7f197a219ae8,0x9D6c8e4B348999A69eE24285cd81226f4628e8F8,72683907607289245948376378937398657013536021870223758380494556672121413187244,200,0.47,,Unsupervised - Burned - Machine Hallucinations - MoMA Dreams By Refik Anadol,72b1a11a-16da-4550-aa2c-7f197a219ae8,Unsupervised — Burned — Machine Hallucinations — MoMA Dreams #76,https://ipfs.feralfile.com/ipfs/Qmc5zv2mAKPY2RwRktEZY9mSGyGCZsMQvqtCU7aqneMYrj?,
Decentralized,Unsupervised — Burned — Machine Hallucinations — MoMA Dreams,Unsupervised - Burned - Machine Hallucinations - MoMA Dreams By Refik Anadol,72b1a11a-16da-4550-aa2c-7f197a219ae8,72b1a11a-16da-4550-aa2c-7f197a219ae8,0x9D6c8e4B348999A69eE24285cd81226f4628e8F8,72683907607289245948376378937398657013536021870223758380494556672121413187240,200,0.45,,Unsupervised - Burned - Machine Hallucinations - MoMA Dreams By Refik Anadol,72b1a11a-16da-4550-aa2c-7f197a219ae8,Unsupervised — Burned — Machine Hallucinations — MoMA Dreams #72,https://ipfs.feralfile.com/ipfs/QmT9ACnXSkLfaZhT7xtyd4TLebV9Uq7cy9PjtCV4ifK76c?,
Decentralized,Unsupervised — Burned — Machine Hallucinations — MoMA Dreams,Unsupervised - Burned - Machine Hallucinations - MoMA Dreams By Refik Anadol,72b1a11a-16da-4550-aa2c-7f197a219ae8,72b1a11a-16da-4550-aa2c-7f197a219ae8,0x9D6c8e4B348999A69eE24285cd81226f4628e8F8,72683907607289245948376378937398657013536021870223758380494556672121413187236,200,0.45,,Unsupervised - Burned - Machine Hallucinations - MoMA Dreams By Refik Anadol,72b1a11a-16da-4550-aa2c-7f197a219ae8,Unsupervised — Burned — Machine Hallucinations — MoMA Dreams #68,https://ipfs.feralfile.com/ipfs/QmZaNqt6tEBAd3KpLVMd17UL3bSytcRSqtTfKtkA3JtJwc?,
Decentralized,Unsupervised — Burned — Machine Hallucinations — MoMA Dreams,Unsupervised - Burned - Machine Hallucinations - MoMA Dreams By Refik Anadol,72b1a11a-16da-4550-aa2c-7f197a219ae8,72b1a11a-16da-4550-aa2c-7f197a219ae8,0x9D6c8e4B348999A69eE24285cd81226f4628e8F8,72683907607289245948376378937398657013536021870223758380494556672121413187232,200,0.44,,Unsupervised - Burned - Machine Hallucinations - MoMA Dreams By Refik Anadol,72b1a11a-16da-4550-aa2c-7f197a219ae8,Unsupervised — Burned — Machine Hallucinations — MoMA Dreams #64,https://ipfs.feralfile.com/ipfs/QmfEaLeaTNsGszYP5oRgYXjLmusjs7YQVRxqkF2mRa7Ymy?,
