edition,token_id,old_metadata_cid,new_metadata_cid
0,15042014439770355205730296321097090521853295916950766059900103364979980239529,Qmeb3hrS8YfCJp3XAuP3Xxhf2C3tPEYKmSFCVh6UasXsRL,QmR5dQ8thyjU3REARfq1LzkmsCqh9mWsSAGPNMyn8NsXo2
1,15042014439770355205730296321097090521853295916950766059900103364979980239530,QmdKsnjRLHdGrmLsAToWgGiQ8FjZcefTXFCMQh5UKGutQY,QmZBdwuZKAJMbkpJjt2tYhPp2KDEaAX6PK3j9fXtWtg5GU
2,15042014439770355205730296321097090521853295916950766059900103364979980239531,QmQbxSehx3rkNCcutA1BEbMfnZFZsez8ivemD8VNZAojMD,QmV4hgYaa5MivvozZreF6JEnsYUknzEweUAXz7ZZT28PDn
3,15042014439770355205730296321097090521853295916950766059900103364979980239532,Qmanz6EJkZ64sg9J9VN2iTEi2N48NtyRRYJwaKMnYcxGwJ,QmYu6Sb1ac1i8AvUcg71tSKmSvQ6Q8d1YYtnwjGsCzieqX
4,15042014439770355205730296321097090521853295916950766059900103364979980239533,QmPAHAqoSLT1qu9NNRXC2NeCiSsLfLvGwPR1qFZJMJmeKo,QmPEujFeV9mJs63XRn2mZZsVuhXeGmvq5g6zGxXTkuSKob
5,15042014439770355205730296321097090521853295916950766059900103364979980239534,QmcRoJ7R28zNbiMjHPuycMfrF2Um1jfuVUh2T3gGVBh6T1,QmUDRRdaFoyy64fBbCPpUNhAUudvk7VADExHbhWpLnBt7L
6,15042014439770355205730296321097090521853295916950766059900103364979980239535,Qmbu6F3yxccnh8FiNzXJ7PXbEbvnTiH7n5SpgUH8pyezZm,QmPD3xHawASqKC1iLaDZH1h7o76R43eKJFaybuFPDnoMHV
7,15042014439770355205730296321097090521853295916950766059900103364979980239536,QmPCdDeyxHBdo8bdbBv1qDhcYz3AhNNgEM1LX181nti5VT,QmewhUhsxGNXi22KHZQSzZtz8LJyXd4ax361PebdTrFJHD
8,15042014439770355205730296321097090521853295916950766059900103364979980239537,QmV6BMKuF3qKf7UuxMzKdTeJh5Wg9Tn3zcq95fFc3zXfQf,QmbEueYNWmeQab5AJ1KuWAKWimWSXmVE1bCSoDn66trk2n
9,15042014439770355205730296321097090521853295916950766059900103364979980239538,QmQAzqiFA1okStFuN1cQXZcGRpSy7Xvsj9vLmuSN2FdY36,QmerycwtMF74V5m9Mp8YMtqzh96nzNgy8ASCrHXPbnhFCd
10,15042014439770355205730296321097090521853295916950766059900103364979980239539,QmVU2CH3Cn9ZRZKAHPLufrpUa4yhVGgXK5fKNN67zFPqsd,QmbzWtRngr5TaHjjoJv8f8YNw5awJuKxb51duR7cvvzyNm
11,15042014439770355205730296321097090521853295916950766059900103364979980239540,QmSbrQfqKiLm6PHhRhwZRLTmDLaRWJNY4LaQD9SarwHf3U,QmNQUdSWEHFb2Go4cscsiJRXmVwquMP2XKQcEXgb7ivUSA
12,15042014439770355205730296321097090521853295916950766059900103364979980239541,QmQenmcrvaz8NwHkbkFaATxF5SV1mH3vvRTnNLbK3ppfhV,QmWGZtt2XavrwdvG8XmcuDb2mAtZVdXYzQpMD9Bv5qy6tu
13,15042014439770355205730296321097090521853295916950766059900103364979980239542,QmeeZqu25cCmseLU5Yjq3YdEZFDsEGSASvyUDRKnbB2XN4,QmXURj2XRFi7ZBHpvqQqcr51V9sA62PCDqjUmVXN17Jfbx
14,15042014439770355205730296321097090521853295916950766059900103364979980239543,QmPHK98LNpHiBgizKje6CP2sQ1onDnDaSLiTzJBT1s2Wmd,QmUzKxD2Ld26GKm34aUshMJwTmZwP6TbMTLkjH3jsbB8qH
15,15042014439770355205730296321097090521853295916950766059900103364979980239544,Qmf8AsvFtAAuwRoAiVdfSHYdb7KfVLnsFRaDrQbHv9ryr6,QmNTxkNz4BnaPACkLbbkzZ7TuovfLqpwscDJGJbR7YQAAL
16,15042014439770355205730296321097090521853295916950766059900103364979980239545,QmP6RWfuFCEuw68C1BsWMybPV3AWtEWJvbYneGTeCHhvSs,QmPMU4FZ9NYdab9KrtrCouGAJmt789MwWiVCgWAektjFau
17,15042014439770355205730296321097090521853295916950766059900103364979980239546,QmeGDF4GMoReMrxHAnErarpJMZQXhRXC3U8DPfQugsSmNL,QmebTe2BP1rxtD7ganh54ztgeMuyRieF6VtoATRFuo3jaU
18,15042014439770355205730296321097090521853295916950766059900103364979980239547,QmNjziiYY1J8pza7DdViYbnnV7hQptQToWu2EVahvxgP4h,Qmc6abDMwQCzGPNwBLLiUrLR5h7ac2DoAvwCAmq8BsX6pM
19,15042014439770355205730296321097090521853295916950766059900103364979980239548,QmYQ2gC4Ury4KBD4sQmPecAEmthdFcwkCdyRmKsXatoMDn,QmPbvTbXXDd5PC321yTdyr2X89WuVRxtMxu6Tazq3Tedz5
20,15042014439770355205730296321097090521853295916950766059900103364979980239549,QmRzRfdYq9N12aknmvNvpZB5EvTwxmzYnXXyLDEk25gxQ8,QmdMAVn8xK1Z8NYV4mhTqoiAKDgk63HXgtKfSdGQv2MQU5
21,15042014439770355205730296321097090521853295916950766059900103364979980239550,QmaugoWxRCapDxUbnDZACBHZqEwwKHaLNjbgnhHENNB5DG,QmUfNNLEuZoq9bAncmqv2RiiCffcRbZ96EXR3sFqqCu3o9
22,15042014439770355205730296321097090521853295916950766059900103364979980239551,Qma5sqR7fkc1keMDMg7iaXM7CnLeZHTZ5gjjo1NyRPj7Py,QmSgxxBmtZCUbuSb9TkDym8kMXNXJJJo2JCwh7eSp78LUs
23,15042014439770355205730296321097090521853295916950766059900103364979980239552,QmQgZErjN33NN8xtc2KFcJ4CeS5z3Q24sD2ka8q1nBR8Xn,QmU3dbuLSUm99xcppitcpdJUPPjRYxgrJgsQ2EMHym1u3i
24,15042014439770355205730296321097090521853295916950766059900103364979980239553,QmTJ7LeMz4bYhd1m4MYjoKij2rAbQFboPwnSrkRi6Mjh2C,QmZL3uLWPYB6Jxw9hZ7SZo76864RsjUPDMvSzGnHmqxoMZ
25,15042014439770355205730296321097090521853295916950766059900103364979980239554,QmSZWv9tgpd95U88d7ZAus94cf3Ur4WgMVpCihmfdoHYbn,QmSdbE9aARinA98d2K5obtDAdGuWLiKochEvLpHPBCiB3K
26,15042014439770355205730296321097090521853295916950766059900103364979980239555,QmetzrHDwF2FXDQWt7yTyTmKXWYL5pR2VkYmukW4iaP9Lv,QmbLKm9vNQdUxCp3Gbw1VEvnZDb3BZon8c6GzRzaQaf9DL
27,15042014439770355205730296321097090521853295916950766059900103364979980239556,QmSxigLgWU3DVW64QhCJLZ4DCHnDqTH4zcEZvugptipCf8,QmdcDcK8BPrgNe7hZGfTRQGXh3Hcyyny5GgoQJTi7ftmbv
28,15042014439770355205730296321097090521853295916950766059900103364979980239557,QmQj4jWDUwNNpWUAD9U7HheqVb6uwzQwiuJvipUwko8rfE,QmRHLkPy4SJEGiKtyDssEdYnuy1fv1dqXjqTQT6fEs6axj
29,15042014439770355205730296321097090521853295916950766059900103364979980239558,Qmb9YCVHordd9Yr5mKUPg7yvjKPutrx2R8vbnVjXKhzaHt,QmVo5oqDQwtGjtcKmf6gibociZgUnLNezU9qknoQQSbZWQ
30,15042014439770355205730296321097090521853295916950766059900103364979980239559,QmXWvD3KMUAdho2ZCyxHG16vZhDHSXtibEDqCeSzh3Rt5R,QmcjNZtsKL1qUW2XbkP2ZMFDJLR3adMCGj4wSfF29njxBi
31,15042014439770355205730296321097090521853295916950766059900103364979980239560,QmeyLRbtM4DByDtS3tRK8BopQN2FkKhBjKyUM573AHBRPs,QmXFStoBGzW9xXjGUWaDRkgVxr1UNhmaxX4mJb7j7QyY4c
32,15042014439770355205730296321097090521853295916950766059900103364979980239561,QmQdnutan5RhmpVGQEpgUYfrdaPCTemk5u8rjnocu4xiSt,QmPgt9wGGhSufTjCeuJFaCCyA9GVYkHQsMZFnvesALF5Gy
33,15042014439770355205730296321097090521853295916950766059900103364979980239562,QmWbF8GEQoiWSbXoDsDbwNATNfMN4MgCxskzECJMgz9MPU,QmZZaGBzYBt6ZWA5oUcoEmKkHEETWCMYHddAVtEKpMAeVJ
34,15042014439770355205730296321097090521853295916950766059900103364979980239563,QmSWwfRfKH94M9GtVVibaSEfENaguC1DzrS5211rPhY9Ye,QmS9P8wk4YAxKp2G2mi46KEdWd2Fhh7n9munbygYgq74Bq
35,15042014439770355205730296321097090521853295916950766059900103364979980239564,QmbPnZFvPwjdegzwgPEMqvTXmJtpLWD3WVV6nzXSP3Hpgt,QmXgGTA2oRn1NQSduccVX6iKhk8C5tDvEW3m1zuLCncKxC
36,15042014439770355205730296321097090521853295916950766059900103364979980239565,Qmd6Nw7G18EbR3jtU9UzWun3fapEB25jFk2mFD9v4cGF6T,QmY7s1Mzhx1KE8QerkBTCRQDYKZ7RzpGbvkZG4iAr1Cak1
37,15042014439770355205730296321097090521853295916950766059900103364979980239566,QmSaJib4ACBgzJTQArMXv8H15YYqKp4j81eW9yC9qhJCXL,QmRMGo8s4aHGKBQTKL8dj1DGALRDpCyAqq7ePuEUsdeENv
38,15042014439770355205730296321097090521853295916950766059900103364979980239567,QmWbBE61TZq9d8CCTfuyvkDkfA1GSa3ZAmnQeNkZq9ANzU,QmUhqFFBm667mxDsdnybRD7E9kqqj3pftg14XpyYokJkDP
39,15042014439770355205730296321097090521853295916950766059900103364979980239568,QmTc9JTKynpEMoF31xEbJVXN8sp7EnUjZvAkbya8DPdAHU,Qmabg25GAczWqTc6dJNWNFpXFjeQMWJHYiakm9geoCBDEV
40,15042014439770355205730296321097090521853295916950766059900103364979980239569,QmXqeDHFcQPb3SJW6s5vCpkf7tkzZ1uxAiUUkZBzZGQykG,QmRbTsvspXkoRDkTEDQq9gGZwARTAikp4xAUBdu5PsdPXi
41,15042014439770355205730296321097090521853295916950766059900103364979980239570,QmUxsaqNXuYMcfrPc8AvZ11rPtspNsn2qBSMs13PkUXwiz,QmSAGAt6U7FSJrAtgMUhsWLdiXerFzhsHeZJz9aaC1wtqX
42,15042014439770355205730296321097090521853295916950766059900103364979980239571,QmVZQZEqCXKE6Emq3t5af4ZpucyLzMuu2ACPUbY2tagTH1,QmWg5nqBmZRvqSQrUM2QYcJeY3vF2eVJmTrR7ie2KXk8ts
43,15042014439770355205730296321097090521853295916950766059900103364979980239572,QmU7cEmrXFmuxgzjhgiBNQ996roUBdSoCMvJ6xWRAhqzpQ,QmTVKpZRUX2V2B4Kzai91D1m2kYi7oUDYUmoXQ6ifYykTe
44,15042014439770355205730296321097090521853295916950766059900103364979980239573,QmdjZK31uX58ofKoa9Hs1TxH7YYcbuRJsdduRFMMNKiQja,QmW1CEi34Xef9MqzmgQDeHnrKfRDbPK9QhbrU6pwTLSaHN
45,15042014439770355205730296321097090521853295916950766059900103364979980239574,QmVTmRMjLMpo17eUSc5z7W6AJR8TLcAQvja3xWVKdHvLMN,QmSzeMgYeeuoohQRwtbjEAMLZ7LtC5kNWgEYKAXoSoi5Tz
46,15042014439770355205730296321097090521853295916950766059900103364979980239575,QmdttzDBwTPdmL9dr1BiQjgWHXzJQ5d3QYRsiws45tRypj,QmXno6ymecwkh8GBwWs4MsfSbvfxjBHBg6GoYzUuE7kvuy
47,15042014439770355205730296321097090521853295916950766059900103364979980239576,QmYZKTuNzNbFWnYX6jXCNAXtzGagEYnofPhZk5Zu9DMzoj,QmWKtmcWdYq8Y9N6aJ4PhbrrKkWd7s8q6GsNkZtTMmz6cw
48,15042014439770355205730296321097090521853295916950766059900103364979980239577,QmQVwrkwnmkdVZhP1XRYXBsQxMVdXnyGVUXwU5V9SVuij3,QmTk3jS9TJkWkWMGu78e5BESdVvHQiHjaDDKDTCRgUpRRu
49,15042014439770355205730296321097090521853295916950766059900103364979980239578,QmYkbkkuhVnhuG1NERDnwmmK3gRVTGoTegwxtZrf18CDmM,QmYZNFqGGHygb8eHiL6v8utiY9kggqGyoWwSvr6VH8Zzhd
50,15042014439770355205730296321097090521853295916950766059900103364979980239579,QmYDs2gMxhJcgmyo37qC46PdYuvbMisfQwHyAGYoE39w7Y,QmcxAwTfpaMUDPuj2D5nhnQRhPEhykS8FV2yofzxzMC58k
51,15042014439770355205730296321097090521853295916950766059900103364979980239580,Qmc69zjHHrEmsTy5Etu3pEtYAWnLgCvBe3dhrABLFvFGXM,QmerNJ9zq6px6oxLC6arAgLrYwhhmrRtmLD7cJKSpa4HJr
52,15042014439770355205730296321097090521853295916950766059900103364979980239581,QmPksCsxwZHfjdQkEzSRDgRfQ3WzeN2Zf4HiNEobMNoxjD,QmWxVJa6mkQFyj3CV9ifv8F6Z1Bq1LXAnGaocdL7W42TUr
53,15042014439770355205730296321097090521853295916950766059900103364979980239582,QmdV9GHFpBudANfs1v3eJUjdcishYwUdgfUQkK6Vr9vcVd,QmXCv4t3uXxkUtbsHVyC8Z3Yw6dwHoXyT3vbjDAgt8wdLW
54,15042014439770355205730296321097090521853295916950766059900103364979980239583,QmeMp6Nzg9BP27ijPWnMYxPAoACbCNWkA9iZ6bk7AUSQEY,QmXyCMuuJ3tGaanoNMgaEMmd9pAd6eyXirK3B4VtHtTf7d
55,15042014439770355205730296321097090521853295916950766059900103364979980239584,QmVE3gfNow1VqGESHgNdP2h5SE5tZBv6cwGVk9JuKpJi94,QmcY5Qtz836ZAqo6hPNZbBDc1mqBXJwgmHtTuwp56sWz1W
56,15042014439770355205730296321097090521853295916950766059900103364979980239585,Qmd1VZvVfDpYRH3WWLzhqYdS1PV6jmXV2yUxxPeFz8hNWR,QmfTVf581ZkxE1cCZPP7u6E7qRPJPNpuCcTH8QE3VgZgHP
57,15042014439770355205730296321097090521853295916950766059900103364979980239586,QmTkbb5es7T7faiv3HyvJ5AzFaJcr7EfasHkwdHcDTxKnC,QmTMDieZ261yNqHFMCQKWVMzfyXKRG3WayUDJAFVozKVCv
58,15042014439770355205730296321097090521853295916950766059900103364979980239587,QmSRw1BHhakqvdbWvtNvQNqoesKuuj6q8cy5x7FUGaWGdF,QmQKZYo5JmFkgHqZvLVoWgvYZ1TRJMahe1LVFqGLhjxxbw
59,15042014439770355205730296321097090521853295916950766059900103364979980239588,QmSuf4gqH2w6a6fbxbyaS3fRe1XYJ5AvgnZgvaFC1cmaZS,QmSBXGe3KrLoP3bYHdeecyYLURtpG4AWJw1FPWFGUCVCiP
60,15042014439770355205730296321097090521853295916950766059900103364979980239589,QmSdhTAW75pXunFhtwZJeYWqzYBTcC8F8m5d8bQP3k5PUQ,QmRgCg5pKdDbWsoXrKEr9VmfeSYwT4H5aMFyifZ5yC127W
61,15042014439770355205730296321097090521853295916950766059900103364979980239590,QmRmzCSdHbcrQryM9mebeZVaRvy8ufUgCwtsU7jHa1xKLP,QmbPwEqD31x48zAnznQJ1AvACx8ReqVw2YsK9qrAjWMAQj
62,15042014439770355205730296321097090521853295916950766059900103364979980239591,Qmc9FGmYfPjpn3odTFC1xyfYX73M67VPY8KSjfPcbRjjT5,QmZ383yBywH7KMHBJXy9jgWsnT7K3xdpa9AiKbWA4SMsXR
63,15042014439770355205730296321097090521853295916950766059900103364979980239592,QmX5j43bnWg21JGrAAft4WYFnDgjjWjfDj6o3K7wMhj3Sq,QmdkpUH38J2UhTJiT9dVz59WoZF2EZQYwUqrFJgQEKbQjq
64,15042014439770355205730296321097090521853295916950766059900103364979980239593,QmRHgSE8V3qEcjCHKM7tnZ1JMoJHBkJqrNL2Uh4pU5Jjdo,QmZtNkcwds7DQepVaZMWBj7HWZ1SDCiCUoG13yp9Db34A1
65,15042014439770355205730296321097090521853295916950766059900103364979980239594,QmcPqyFHykRhtjY8moDTt76R2BfAxJJgWpmYpqRgAZD4TG,QmfR1S6W8nKXVjKXHaxZ8wxHxekPZrtVfYErrV7TfFKU2V
66,15042014439770355205730296321097090521853295916950766059900103364979980239595,Qmb5TZAoAEPCr5gubdomQsps8p8buwrZcX5xK3N9dy66Fu,QmeSRNCujSnxsLyU9QAfntwr5AdXTKarHNYW8bNxN43u2z
0,23054627654022293378557484339859314570662620440316285194737095994444934294386,QmQ9qDw2tUGK4EqBj45Ufc5zqE6QzehvPmvpUGWjgRUZha,QmNyva7NM9zvf2JiGxapGZy6hPwVsq4qWeCo19ozH1YE7j
1,23054627654022293378557484339859314570662620440316285194737095994444934294387,QmPpFfqdLDre3vuTk4RG3BSj22ai68ZN14UvKKYLNvntTq,QmV4nevKPpuBZdXKCc1btT85TfHCbY41MdBKQDLfNhEEXW
2,23054627654022293378557484339859314570662620440316285194737095994444934294388,QmfHhnDCf1EdAqfh7UMk2rH1tq2RikPcBbBDXrj8duMMPa,QmbAyUHETajcMsjiiCx51EDAgHuiSGqHhBC28rm1JDZb3M
3,23054627654022293378557484339859314570662620440316285194737095994444934294389,QmPTSTVzATb882tBy5MHR3DwEHNyJnAosVUJ6sVLy3ND89,QmZ777cCdYRur6wH88qza16bUtK1z4j5KCBxBxb1XS7qvZ
4,23054627654022293378557484339859314570662620440316285194737095994444934294390,Qmc15M2NBBP5DZfABaCwq3f79b1jbwNX7MCRXazDmBZDJy,QmSAoxx6wr6yqudXw1GiAtj63Ruu9fFEnCje5pDK7YHmaN
5,23054627654022293378557484339859314570662620440316285194737095994444934294391,QmPY54j5KGmN5pBcuGtWdiVCkZPYthzsrZQMZ7WUvbpTch,QmQJcVVRWm2f5SxLTScWubB4BbPwQuzVmgfHp7EKhX7cGo
0,25811853076941608055270457512038717433705462539422789705262203111341130500760,QmRTUCojH6JHVGFPwc4aFARYeP4z1dUSyH17kn1snT39vZ,QmUJokKyaPpgHSiMmmMABtWfFB6QT4sUFSzWoQycHhdama
1,25811853076941608055270457512038717433705462539422789705262203111341130500761,QmcsfdpExevcCrDSNpdo2j4vqYwsetRTt16dEUVueJobAu,Qmbs41FozcNJiTppmsnaTfdNAfXBBBP2iSreFwUguDtuDS
2,25811853076941608055270457512038717433705462539422789705262203111341130500762,QmcHhfLL7H95QMo2akv71f2aoEX4MnBZU33FPcJjajLde5,QmTJbvkhEojouBqXxw31JUSNAVzg2kBdaQPy6QKCUYF6cZ
3,25811853076941608055270457512038717433705462539422789705262203111341130500763,QmbG2jGie94FgFaY2SYkRG9ExBF6oNzuAdFAZ1iwFjRnea,QmNmVGxbbSrCAbz4jM6RH91cEdUq9hDdzRHvUuVNaiMoWz
4,25811853076941608055270457512038717433705462539422789705262203111341130500764,QmbwXWjHQeiacx6E7ZewJDiAUShii7aBiFzWYPKbkXa26f,Qmaibu2Som6ETeoaSMYLkq46nNRd64TB5pSnvGHVibGxnR
5,25811853076941608055270457512038717433705462539422789705262203111341130500765,QmXXxwTasg6T3f17icnDPrHQaGiGFziGW9hs6TynqaFqxC,QmQ1nfZzsJRrsJwDLpGykxb5gJXTEgQbgpoDRshyM636hV
6,25811853076941608055270457512038717433705462539422789705262203111341130500766,QmUKPcxRK5kpBWwLjr12639f2d4EJED6ELffeB5a6Xp1hR,QmecP1Wn4daBZVTmZFNDK3eHkMjVxUZaEzp5qHLJQB2EzQ
7,25811853076941608055270457512038717433705462539422789705262203111341130500767,QmVpCmLzphKQzAbsqp4N1nKJ8TfAmzDf3v3jhZd293CitV,QmWpHpmiJGKg4A6WN7nRAYfvHHaJh8DxagYR6CFdNKkw4Y
8,25811853076941608055270457512038717433705462539422789705262203111341130500768,QmXZVuyCyaTsGhnHqnjuKBNYeSFqKmEZZm3szKVpNGU1s3,QmafQKBECLA215pT7XDSH74xpju8ttpAzPtBg2eQuT2QNt
9,25811853076941608055270457512038717433705462539422789705262203111341130500769,QmaeS8QfaxvuvNn8JeAXTiRgiTiVjq5DDWrYfKyrPekXc1,QmNfyhxetdf3GPDhXUMNEhduKTo2LZz68Yy1mTMRJqBmE4
10,25811853076941608055270457512038717433705462539422789705262203111341130500770,QmRMMVfu94sC8D8GNanP8KcLjYjiUQR75KHCaTjFLfeJ12,QmPvkMcTBYnmpu3e1eNSFqkxfzSS1Kn6CjcEKqYj4Z6bfH
11,25811853076941608055270457512038717433705462539422789705262203111341130500771,QmWaA7uZkp2uXp4AfYdkq51ExSruWu1jpcyBNNUe76SrJB,QmSDv5cmFnFaPz8DHsoJMreYzQZVGaJHGt2W34znXGiQKo
12,25811853076941608055270457512038717433705462539422789705262203111341130500772,QmejmEQMR8kY8qmUprjBcsycZqJWRs5V2A9nF7bxhx98BX,QmSRcmE7bWNVGLvjNNvZ17gBmWosavXGNGwMmv455vEXDz
13,25811853076941608055270457512038717433705462539422789705262203111341130500773,QmeEe4xeFcaoQNWgmMGmWknKhj3jWgWMR3f5WaviGctyLx,QmcniYnCeqoRi5d28z8e5FqWzcH3yqumCkZXVYaUi8CGNu
14,25811853076941608055270457512038717433705462539422789705262203111341130500774,QmPxcD2csVrPujSYqXxTrNSsuKstfhPmBv7tUmc56Fv4Rw,QmezusvH71aekpLJ2tPkz2zV4aWHPK8qhkAsmwAznGAFun
15,25811853076941608055270457512038717433705462539422789705262203111341130500775,QmXtJnuP7rxHVcHu7wLec8thfPh9pyKevG3qdKqgakcJr3,QmNZX9tiWB5H8ipZ6VfGJryh2CkLEQ3aZdRpEv2gFBy4EH
16,25811853076941608055270457512038717433705462539422789705262203111341130500776,QmRG4Usr2d4hrLnZrFDyqs5YDA8iLVJ8pTQQFVuXp87a7U,QmVbwsarcNy8ut2kyie1WYDg2bTSxPCBuRHg4VqDVqcit2
17,25811853076941608055270457512038717433705462539422789705262203111341130500777,QmQ6vDVbhZSEzM5ur2WrXcmtBEQW51PGjnMWhHwThxAsJx,QmZpa8EShTj6wsvhGZnSmFbQo6SmLjj79Qs1evnivdFCeg
18,25811853076941608055270457512038717433705462539422789705262203111341130500778,QmfH9uYpTnnhbRV5ZtwsjDNt1AjEtsn7D4AbS9qBEybbgo,QmcTMLZaBojGvA9ayEmXFBCGCjxSK3edhzZJjCYFZjSMp7
19,25811853076941608055270457512038717433705462539422789705262203111341130500779,QmXrSXHQvFfufUGXeEZDHCZAwCs9iKHwzqbME6rdZfX48D,QmPcuJVbVAzdybfVjfMgsq687XGULe1DyNku14EQ7D6Lag
20,25811853076941608055270457512038717433705462539422789705262203111341130500780,QmcqXyBpNfLMuTBCnsyhYzq7bwpBMJo68HerDXXpgHi99K,QmQUgxNdHwYgJBSsp2CRYRgrenqhwKiFWiNFv2Xxm28NK4
21,25811853076941608055270457512038717433705462539422789705262203111341130500781,Qmd9cSL7eBX1p4tXuP16LxcG5LPVZEfDxbM4BmXK4zPiaP,QmPiUAsWjbvTJzgv92UYyZ6x3TwKCHmpGiNWdmvmAXjRJs
22,25811853076941608055270457512038717433705462539422789705262203111341130500782,QmQM8ofsd1tGCT7TDnZqojPLhLZGjqBip4BmpGXgL5Xynj,QmNUWyyHyYUZfQWb7p98PocmeTEG1SfNX2CKuQwepTw9o6
23,25811853076941608055270457512038717433705462539422789705262203111341130500783,QmaLmHzWMPaXWLekicwMjW3EfA279fAiLZSrUDNifE24Kw,QmU8ECmmyqKwwMn4xjTi7mHFFFwQfAhP1T6hZWy1g9cTWA
24,25811853076941608055270457512038717433705462539422789705262203111341130500784,QmPjPNBee8oMT1hRAbwrVQZyDD1AuiYE5mFMfmYc5QcTB4,QmX7ja9WGVazs72jorkBsJmGLYVfgeSGjxhvQTeKrUZ9DB
25,25811853076941608055270457512038717433705462539422789705262203111341130500785,QmeeMyBRkBJkojLy315sZi952wgp6KgiDRepZqj9Lnh3Q9,QmVuvdGFCwxP5SKbCgHTBFDhheq5PUyTTbXLEB1APszucr
26,25811853076941608055270457512038717433705462539422789705262203111341130500786,QmYbHMVyZkGt6kMLKTLZfvA388H14rkxyxuUgWWZi6Yx1R,QmcNFinQjYwGgdAd7xQH2MU589KZJmGxB9XpKLbYYMhdCG
27,25811853076941608055270457512038717433705462539422789705262203111341130500787,QmVsGMDqsGLkiexyiiPmJLTNmTxjgy3bt1VXmFam2d3Rzo,QmQ4N6J7GYN2RbLmBxFgdDX3U9xyexQk9wKTgf9RtkQDSm
28,25811853076941608055270457512038717433705462539422789705262203111341130500788,QmWFLtutyVguHNE534fYNDyBAk2J6XpZs8RJfNjhq6Q11a,Qmav5HR6QB1SmSvmEwp1sxoccfew7auGsT5ksbN4pKZ1rs
29,25811853076941608055270457512038717433705462539422789705262203111341130500789,Qma9FsdnJgUkdYzDLHC9DbdcWa6Eq3vBVafx6wLFu1KtBh,QmSf7FkvqDieciC8pQMBKEe7LS89sj6GTyATJhHqcgYP5n
30,25811853076941608055270457512038717433705462539422789705262203111341130500790,QmTadaHfmkXfARB2TY8kBwUZAB57MYzGr8ihrwBhnrmv1m,QmYZjnUmgRbcaRnBuq2CiYFdTYirhTexPxJe92qtWTanNH
31,25811853076941608055270457512038717433705462539422789705262203111341130500791,QmWi7nNgB5XNYooemFcNbnXf6NZftsMBqNDFcFJpRNAdvK,QmQsDw8Jws5g2p9SxnYYmAtXG675ugfE7e1BVzbBNdKWxW
32,25811853076941608055270457512038717433705462539422789705262203111341130500792,QmS6gh6QiX3KvggPUntSmeNmF36wdwtqztQUx4WtcivPug,QmQqmSn5Ai4xBsX1AXAtnhe8AfL4xcjBKCbiywrKC8TLVE
33,25811853076941608055270457512038717433705462539422789705262203111341130500793,QmZCJxDYGhkefjBLjh9EBzFEjctSgVE2FEDrVzXM7GPbTk,QmTLiSgecbd5h8HDH6iz2LM1BBLbBrM8xP9abAJxb2N2vP
34,25811853076941608055270457512038717433705462539422789705262203111341130500794,QmdSH3sw5HZ6nXkutF9RgeZRDuRmufVLLfRKEQk1NEZE45,QmcSoEPheF5SzKJxx17ugtwGRTXPmHkcjLbVnFu6fyYczS
35,25811853076941608055270457512038717433705462539422789705262203111341130500795,QmY7g42rUH6NhsBFxdg1g8YRY6EKX4rBfC4rw3KJxSstj2,QmTrHT8scD6xJzU8yJvCTzP1fxxh6z41EJeLzn5Kw1Lmxz
36,25811853076941608055270457512038717433705462539422789705262203111341130500796,QmWLbVGVC9UMLkZoDFJJttdZuMAdLBBL2wUr4jwxpHP314,QmNR51hLktSWjYcR8b1zBQoNnn6WX4k3euQS1M8VtdTN1B
37,25811853076941608055270457512038717433705462539422789705262203111341130500797,QmaSdsxTQzAQjSgNuDEiJGuMB5zFaVU3Vws2ZDNHLeRBhP,QmYNLcDVmaJDvbCRnCQeaXzYqdkWCJ73tn4E32PvM7znhy
38,25811853076941608055270457512038717433705462539422789705262203111341130500798,QmWXJfzNwa79h8tiAuDijBDvKLGM4SDPhG1v28ysjk4d6n,QmYw1oCNswhXqpoqHLW1YdPKKQb3dS3pLNpSYrCaFy4AYo
39,25811853076941608055270457512038717433705462539422789705262203111341130500799,QmPPHwEvGdjAGC26agQowKjHqUKceRum8yn38jJejoi4Xw,QmZvVhLy6ncPgM8zky4cMve8PbAKk8KD8JtNvEW1TGSqr8
40,25811853076941608055270457512038717433705462539422789705262203111341130500800,QmejSUPSKkPqt6TsSa96gQY67Y9S1oBbNhQfgKoMaRLrFG,Qmae9hRZi9ifaeaKUg4Mcj8kViyowEH7bzn2ireg6WuLGL
41,25811853076941608055270457512038717433705462539422789705262203111341130500801,QmZUMoqFK8qUQM9qw7JRWLziDTZJpooNAYRf4iFDLaXZLf,QmSBVMgpvQwmAoz8ZJiCttnBxybfgsbiABSMao5DeAC14B
42,25811853076941608055270457512038717433705462539422789705262203111341130500802,QmVQkyjBvKPLYYaWKcG12K95Yw1QtfvLJdHc5GD2cxLFAW,Qma6RD8n1GpUy29HfcCjTjTMeKiNYxNygcnugrznxvuena
43,25811853076941608055270457512038717433705462539422789705262203111341130500803,QmSaVEbGmdM7paWLLfroz6CkVFWNBV2HWgAiFK3Hf6ERby,QmNvc7zFwfyUpeUbUSAioQK84YW6SLr8n3uud9iKJQgEKh
44,25811853076941608055270457512038717433705462539422789705262203111341130500804,QmUv3ebvSxfCztNFaJqdqXcvMc54Gm6NkwFKKT7AR8jfcb,Qmc5EV87FcQfVUBbC7Fp9WZuoFwMaGpz6VKwHa2YHvxu6h
45,25811853076941608055270457512038717433705462539422789705262203111341130500805,QmeaM9MwFEn8sRf289JaymEvuWGtp7wyLD66FuUwUUwTgf,QmS1DQg24Tqjyc3sWWEWFDwLVzsYirHKhFtzsfwTZkxiKA
46,25811853076941608055270457512038717433705462539422789705262203111341130500806,QmYKTpNjuus4jMD4jz6USoGJdybzAav377ND62qPpWPqgA,QmdV6ZEVJPBzo3dcuj4MQu1xnvg7WZtMbXiANP26H8mx4Z
47,25811853076941608055270457512038717433705462539422789705262203111341130500807,QmVxnRkQNY51UNyJoQyWkm8TY1CiQmyCjQtcAWVRMQmftA,Qmcv1VpLUwNCvx3xyVnzrbxVt3agQmZzhf3W34zfgigSVm
48,25811853076941608055270457512038717433705462539422789705262203111341130500808,QmXWVK5BV3vFni2JARe2ZZ6Az4DAimeTA4zZnVSz8iEfHu,QmY2eSwjZjf7ZYyTb4Ajz3TYpuRHTHwZYp4AAMb4QfE5wB
49,25811853076941608055270457512038717433705462539422789705262203111341130500809,QmTiUa8ZPtqwSdNBa5LwofYVHuezYx33WDqVfU84sGCpw2,Qmem2XFRnVwzCTduccyQg5wFPSsERS43a1jDmAgADKLFVz
50,25811853076941608055270457512038717433705462539422789705262203111341130500810,QmV7s7aXvC37RfmdWWprE5MTtfcKJkLsHa3XE3payQ7uNu,QmbnweSATLM31SpLi22S5jFxHSiqjpATUhFoLxZ86QHZJH
51,25811853076941608055270457512038717433705462539422789705262203111341130500811,QmQz3R8KkXzXbshDNXLFdcoosPJJ9YsjDB6vA4eMZCVfsP,QmSbpngvfFvtH614aA6S9cJg7ygVV7QxcrLBnfaL6XTZX9
52,25811853076941608055270457512038717433705462539422789705262203111341130500812,QmNngiCZaCujjzyKWTD3L8CtFVmwhZbrNiZN8hTcTJVmU3,QmNZDWU1zNZ7J6MWsC2mnr9UZVRqVy6NshUb4ivvfPKcvp
53,25811853076941608055270457512038717433705462539422789705262203111341130500813,QmReZezeDdeqhuvoezjeo21MNNzzJ3geEdYx7fWJ5A2vvn,QmfRvMD2wCQoJXka7GN5g1M2PdwrUbg9E57HjKEGCjyT68
54,25811853076941608055270457512038717433705462539422789705262203111341130500814,QmZxAzxBL6Nm7ZJ64mhNCGajUSn8WJxc6WftLtKcQ8dtnY,QmRahbSwhHxMCNJ8CsKpCjP614pbmRcZsf5pNVqn2VT1gX
55,25811853076941608055270457512038717433705462539422789705262203111341130500815,QmS3JGkPdAMtskqqLFxrq9kZKjA1aLZZT6XZH3a2p74mEY,QmXMGq4Xn8vE2jitByCgozZFJiGSzdGQNoV7MqLw1R5BiZ
56,25811853076941608055270457512038717433705462539422789705262203111341130500816,QmRqZaTjaUkg68c3yXPJ6q2HZi5nqf5WwnYYu3NKgU2zob,QmRRoaGur3nJgMkwWsFaGjRrGrSKN8axLu81Eej35ZQYQh
57,25811853076941608055270457512038717433705462539422789705262203111341130500817,QmcfCBjh2YTFK5D7S1wvALW8PcqaboJFyzL8ymg5nJkTyk,QmTEMrvY72mLEV98EDWg15D9wUYhBiRevv83GqtMLdu5U5
58,25811853076941608055270457512038717433705462539422789705262203111341130500818,QmWVytbBwk9BnrGowpBUd5LFCDwaKo4QcqdyXCbuNkDTbt,QmTfHKWdyL73JEDrwa2LVr5YZbrmapAXtMozE8X1T6vr3E
59,25811853076941608055270457512038717433705462539422789705262203111341130500819,Qmb4z8U3uYTfYdauUkwxsfS9uAvWAUvE2a5mLjaydZhbCJ,QmediApMwieC1Fv3188ruRBSbpzrEt756yK32hMCSTMWQn
60,25811853076941608055270457512038717433705462539422789705262203111341130500820,QmXuvMVVoE2XXtazjk2uJHGNhV8R41ar8TT9r5JPWpYGhY,QmUXkDqkhwwL9XAkh6yHkbFUQ13u7KEDNAh3BKQsAhWKXs
61,25811853076941608055270457512038717433705462539422789705262203111341130500821,QmNyff9EgQtxmU34SNGYchtfBt8uHcX58PGtbXoYuuWiv8,QmR4j7wCRYvzMaHgD2CcsKZwrNcVfD2sT2ZxE1jX5Vecjr
62,25811853076941608055270457512038717433705462539422789705262203111341130500822,QmbAQqVmqrDVTJ4eWFUMAbUMwavjBUgWcEQs5GtksQrFNd,QmYUHfWFb8a24orKcRfLiKxxivbVU26Ex747952vbJ7XwU
63,25811853076941608055270457512038717433705462539422789705262203111341130500823,QmXpqTmHAfSHNBheH5DbmDR884KofE3ZZFLwVXWENyMiqm,QmQUAwkyzt3spz7YXQbGbGdw4f9WWfxV5HiPur7jZL52FL
64,25811853076941608055270457512038717433705462539422789705262203111341130500824,QmVaT4RPDhjkJWLW9pCDQHmAW3XqKV6RGUo2SRYRTwDcKr,QmY9ZkTyeXpokPLnGJquFuhWdmMMEJ3jmNt9wCZz63ar2N
65,25811853076941608055270457512038717433705462539422789705262203111341130500825,QmSPSGfsdQ2RfUEVqXkzvJL3A4jMGwwi4xVw8LWC62iSGx,QmSHihwxcPerUqdBVjPLB1YSkGTfAYAKBFwwhFK1ShsHWt
66,25811853076941608055270457512038717433705462539422789705262203111341130500826,QmdfDtwhLySmPCq45PjP19acorzZvuFdea179yNk8mWBdK,QmSGCciywyM9JYrCksb553fES2QygHHTjWqfacmBYr8Epw
67,25811853076941608055270457512038717433705462539422789705262203111341130500827,Qmf9sb3dbXUaDLERwgEzMfzsNfgdMgBrRsjLDHnJgRLkh5,Qmei8St5aeahwqHtexiSSNkfWRrk2uSpsSoQtrjzLr4QL6
68,25811853076941608055270457512038717433705462539422789705262203111341130500828,QmPRdFUXcsofYdAcAsm7r8Ux1DeAHynWsSS7LZSiatmC6n,QmXvzeMQE5H6PManKknXTLMqLJAhJ8TncCaz8MJuroDVmF
69,25811853076941608055270457512038717433705462539422789705262203111341130500829,QmR95CXg11gHfaswZo2Gir8SiwfL9amGZTzD7qoB9Nypnv,QmUxpoJGbkdfBCStuqKzNykXxznkqQi1WiFk9SYupKKkTc
70,25811853076941608055270457512038717433705462539422789705262203111341130500830,QmY7WcPKaFT3rDWim3SKjsDKezjA3ujG3wS73jtUmBznvD,QmNgzpLTFgELYMPrfqjEoxHY8KKXVPKcquqxtCyRvTPq7a
71,25811853076941608055270457512038717433705462539422789705262203111341130500831,QmVCBUuPwxtNzz8rKTCgQbXmshuM2b4wCUPtvw7ynJNYQC,QmcbzewwmeaG3anofYNkY3xMS9epKSr4nc8dXHNZ3NxBJV
72,25811853076941608055270457512038717433705462539422789705262203111341130500832,QmQ9geuRGyHWovVAkTURi25MsxGdW8ZL6P5pATpwWykFEW,QmXd1zBHGPWokB5bFcCzEP9W8V2zaAywBEUN4JzSH3XkCx
73,25811853076941608055270457512038717433705462539422789705262203111341130500833,QmS2n7WUnCS1WNA6YMvbyhv5nqoB8R2UFP6UQ6fYUhoHV1,Qmc1AKhpvm7mQQdYavgRjgJhiDaZG9U3djc3cF7oMbn82y
74,25811853076941608055270457512038717433705462539422789705262203111341130500834,QmTBggSTZZLT2BfKYLemmTh1kuGTrowGhmXGTcGjQFG2ph,QmQ9T3Hwgrt3jE1veGpKS4b1e3zzq9RM2zQcJ5sDkek8aH
75,25811853076941608055270457512038717433705462539422789705262203111341130500835,QmZHa6w7KPHp8R4iCmiCfuw9wgmUUzN7os73SN583Me4gA,QmXrm1QGqoCt48UZ6qbFVCkg4Vnt4RFoL4zaRCfmgSqtFM
76,25811853076941608055270457512038717433705462539422789705262203111341130500836,QmP7kWS17f2FmRZWREQ8vVrCgLSdJmrDxWhYHqXSiReWzt,QmQwp8Tih1gLgFe129mqstx6a4bBojosof9Js5EGjyURMZ
77,25811853076941608055270457512038717433705462539422789705262203111341130500837,QmaRLjaJRTALWdeBVQxLa6HKqof3Cjpsv75NtngL9VfDZW,QmYjaGv1kL1YVUD9SmB9SpPkqAqJKuf1AuYHKtGiazqWg4
78,25811853076941608055270457512038717433705462539422789705262203111341130500838,QmcDBqh8WNyTxXmySAUSDKVty4wt8rLQt4tCrZQEc65T2i,QmVdb5TeNqptA5BRg3h8CsaJ72SKVV6HfDvp8AF4TZ3RtD
79,25811853076941608055270457512038717433705462539422789705262203111341130500839,QmUU4TSuqTSxJVLLdzY6aZ83Xd88uG2dDuzpUEUvGMQ31P,Qma8b7QjPfbDi4gEd7ieUBfEyFXEVfu4g9Tu5xcAX2pxLE
80,25811853076941608055270457512038717433705462539422789705262203111341130500840,Qmc5x3Mm3YuZWBxRsv7Wa4sQpNv9gaXr31EEiZKRMZx993,QmSZ8rPiK8jyAYci8c49ZkMwVhY5dVKqbTGyBXK1XSPhhM
81,25811853076941608055270457512038717433705462539422789705262203111341130500841,QmVQN1YsnFgaZusnDhtdmcgPZfUekzPA9n91VoyEjZpjs9,QmW4v5fQhQMzDVUMjQnHMFLCtxPGEAwLh7JobCczeNDR6D
82,25811853076941608055270457512038717433705462539422789705262203111341130500842,Qmd4RyF55a52dQq53rRe2jWmgUsATqLYCg6Xy3AT8FQ8wJ,QmSy1DVCaSB2uqJeHYy19HtQbUwa7wVygjgFDCxJfMcHjU
83,25811853076941608055270457512038717433705462539422789705262203111341130500843,QmaApTP4ghKmEhoLQi8bcXeLaWVE9TpfEL2Z7Qn2HwMcXm,QmXoodgCcrQk117AtFsT63NPif3MQVMt36LBqiJUJ3itoa
84,25811853076941608055270457512038717433705462539422789705262203111341130500844,QmZHoeVzkntjK8fYUL2F3BUbLRGTXx3vBACuCHwqQbG9UY,QmPuVWvJMB1VeErQNZAfBBXpng7e3VyNwjVNmCKT4Ppjav
85,25811853076941608055270457512038717433705462539422789705262203111341130500845,QmYNHh4dfax44Tap2kAFKZ8JnTgfNUQ1zxwsYdG7YQPj3z,Qmcfq5DVEQCwzvFsGrYTB9jFpCQ41AcZDq6DagvjHnRsWX
86,25811853076941608055270457512038717433705462539422789705262203111341130500846,QmVmxS6NbnJhoZZmsyvX7SVDgGJevTH3Yb7GUxuCJWMWoJ,QmXemEkYCvfYq8eFdMCUFioynVrCVypdh8ufRm5i7vSkft
87,25811853076941608055270457512038717433705462539422789705262203111341130500847,QmSoTzLSZVkXRWZPBDo7eHboWhvFmhr1dgtjWuEWXXpVkt,QmdqqAqo87PcRLxseVGk4FJuwXoo3wjvUmCpASTniJEPH4
88,25811853076941608055270457512038717433705462539422789705262203111341130500848,QmXLjK75e7JMjvDaamAfkJ1j5Fi8v52jSe1xgVmcdoeHJL,Qme2juQbb2xRFXqaSkEZSjswztYy1EomY16FgeRoKSpACr
89,25811853076941608055270457512038717433705462539422789705262203111341130500849,QmeLpDQscexjqz9oMo7SoNREr592jfhMw868SWM4k3qGwJ,QmdCuCPk4U7Um8wUUgDHVjZdJSKdJkFCJ2yg4UPt6RDhd7
90,25811853076941608055270457512038717433705462539422789705262203111341130500850,QmWCdbfrSCV3xfs6Z55S7gCnDho5nDtj5aUwCMyWbDQqS7,QmcnrkjFjJFFopQnqHqJRqzYLXskD7UqD95AtMzkRa5G9w
91,25811853076941608055270457512038717433705462539422789705262203111341130500851,QmRRjQcaqTJshpiAvBAEtmqCRJ9wtysKDREXs1afbRvFgd,QmdXumsjB2skw4tms2kDRARk9pztqPTw3i1XEEidEAJYWj
92,25811853076941608055270457512038717433705462539422789705262203111341130500852,QmUCZJm74Dyf4u8xiH6AYXc3zLWiRc6aSzzhArbkeRRAVd,QmTTRu7StmUFsGTnr5SFbPmuTBp6cW36uMePb1LTFFYGSx
93,25811853076941608055270457512038717433705462539422789705262203111341130500853,QmauGiY9sgbK5W8XpDHkNhSzXmpe2Bgd1cNEhu82Jd9yFU,Qmdh6nRgspRPRQkZFFRVDMWV5sGKJFAVvHqduvKcoXkJTd
94,25811853076941608055270457512038717433705462539422789705262203111341130500854,QmNScCyPrTEEE6HWXBmei9VeySGYznNcjCAtnAcSq4Aa2S,QmS8KcczFufPpdJk4yw2bHLPU8wk1hJDu4gKx4VDGPjCPi
95,25811853076941608055270457512038717433705462539422789705262203111341130500855,QmU9gCB48UGc1RnwrJRpJfHneLKwomJuvD6P2bjddPsQ7z,QmXnUsFJ7v5jSjJvyv9G4X4wvcuayEVLKMALzQ6ZBcVY5N
96,25811853076941608055270457512038717433705462539422789705262203111341130500856,Qmc67ZVpDk1JZQxVJRvFbLhZLsuMpKLBfSNjAc6mErNods,QmTGJDDhJRRcKQimo4SWtGLPMyfa6LAUX59qgdgHkJM8v6
97,25811853076941608055270457512038717433705462539422789705262203111341130500857,QmVXQ1ap1d39qpeozHhS385tePM96uRrVsgPQfmqJkooku,QmXNrd3WxD6KcZvFpKEz6eSdkKk4JcKEKR1p3evDR9GqR5
98,25811853076941608055270457512038717433705462539422789705262203111341130500858,QmZNyuMHTNjJe9ZYNyM6ZpPG9tL4ZKeTRQuaVVK3gnbAA2,QmVL2QoNXabUgvMjAg6k9gXGWG6EE1EPAgG2WuhMPcwvfd
99,25811853076941608055270457512038717433705462539422789705262203111341130500859,QmaUbL92NUyr9XvBUBADubvtdXUgRExiyYEagzYndbMa3J,QmepRmL4DewNkmBK1ktw3iSkvzENpLrj3vjWqDQp5FoYeX
100,25811853076941608055270457512038717433705462539422789705262203111341130500860,QmVku2Y14cTMvFpxTu5gSXGMg8QVHciTdv1TBoKvs6uJ5A,QmZ9G4ZhQNzJ8YY4sfKCBRYJsyt335fKrn2sD4H76h7uCX
101,25811853076941608055270457512038717433705462539422789705262203111341130500861,QmWCDQF9h52ZJBHQABgq2GKGBDyfPMaYCUfSFmz2nkoWRs,QmXKwWSzvst8jztDsfKsj1PYhnKZcMPjr5WkNFGGjrNqyf
102,25811853076941608055270457512038717433705462539422789705262203111341130500862,Qma3XF1Rnr5P2xNCG4yE8qCeGP2KrpkxP8hvL2uVBqW5kr,QmXVqCxyq5eyx1omceCAGrTPeRstR8NcWVoGgXZXDvVKup
103,25811853076941608055270457512038717433705462539422789705262203111341130500863,QmdY7eBhMMJ9gLzjZuFF8z8AFLgQBeHuJUGxtkWQd5qRuR,QmQDBpyM6t8yyEuRsFqx9ahtZ3ndh3jUoH6JU82wVkx1rT
104,25811853076941608055270457512038717433705462539422789705262203111341130500864,QmVYwQMawi2Wmt8faLqgabLePcoHYgohj4MKQRKFYSvifM,QmWuEt8EB7x8apAwvQHdrp6Yv2ZF5ydLuFRenDi4dkKKhf
105,25811853076941608055270457512038717433705462539422789705262203111341130500865,QmYrFRh9RK4DbPMqY91d3FQeEWWcm2G27RU2h8HwNQhh7T,QmTFDfqt9c6Dcmmf5pUNEh8wwP7BxyqBYsxfYX38muKPKN
106,25811853076941608055270457512038717433705462539422789705262203111341130500866,QmVRTsCFhvoMmerTEHsX7SsjcxAhByaZdYNQcmByBbQ4n7,QmPnxV9yUFRQ21DFqMQ1eYL3PVX4hazzKZbHHryeaVdM76
107,25811853076941608055270457512038717433705462539422789705262203111341130500867,QmYEEfRbuNWehLmbR8j244wyynvHFHZ9twFzZDbgCrUpT8,Qmcv6seLX39FHk3dN8wYKPSwK4b1ZHNkvBxYwXrSsY7AmG
108,25811853076941608055270457512038717433705462539422789705262203111341130500868,QmYPSuQo6ncXL5SpjEfQnW9WvRsud4fMnwN2NxWNBMGLQX,QmNTd8zhtTR9U1bAfFnpkPoUnr8jD1WAq8XDFTaNNFD2hP
109,25811853076941608055270457512038717433705462539422789705262203111341130500869,QmcdBiehW2WaKCBR6SZT8hFRWQD9gjd99v4SrpB5prDZXR,Qmdg6bU9yQjzaLe7yvbs8eHPmaJk2mDWqDBNkceVbjjZxs
110,25811853076941608055270457512038717433705462539422789705262203111341130500870,QmaWe7pKXqe8pX2Yg1bCP2NmNFvBLgbzMXWmYWM7sPbpFQ,QmPj2LmXwGBQayfn3vdtSBDXBkWcwYyEmBHNXcaNJLGPwg
111,25811853076941608055270457512038717433705462539422789705262203111341130500871,QmRePutqQ1J9FiS7EeKn8F5F6sQwHR4NfT9zqs4nSBMVDt,Qmev8jtZ3Cs6qRvuMyJwVcRszGdAE8UXYyCqLCFAhpznXK
112,25811853076941608055270457512038717433705462539422789705262203111341130500872,QmeiqfgaTbSJQumD2hkDaRR2JAUfYrhV32dXvS7cAu9FGh,QmXY7tf8HWM91FxXbxdx5VS3vMeFgFvL3TZP9CDLLExW4f
113,25811853076941608055270457512038717433705462539422789705262203111341130500873,QmPWyy6hkPbvWybtmSfYpdrUEYq4VfnFtatoif7z3pKkYT,QmUcMLqUAnvbyL3TMtTNcTZdjRcDHnuLfnb65pia6UvFbB
114,25811853076941608055270457512038717433705462539422789705262203111341130500874,QmULxdHfpWQJKHQNXSAdMctXYZY83c8x1nwsLzj7TkzF97,QmdKS7b77zzMMaRmeENzrc26NrNtvCPARDxW4cVPcnm5eL
115,25811853076941608055270457512038717433705462539422789705262203111341130500875,Qmdorhebs8XQobDCzxEJnv9SWFSeuU4i9XpoBsy2jVu8q7,QmQBT4NHbrzt7sBDRdcnahw7RSSvCBd9hsn3F1icawVMCu
116,25811853076941608055270457512038717433705462539422789705262203111341130500876,QmQuuSTPScsGjdkW5tDj7fKUhrXg5ANgNeAPA1iMmGbmFH,QmcGdQeyJoKk6Jr5ev6txvVc4Bewzn8csYaX6jtE3JZMqc
117,25811853076941608055270457512038717433705462539422789705262203111341130500877,QmSnCnYtrBW9zMnxRZKDc15QFUjQgpEtPpqrGArS63WZ3n,QmQGLQSvaXVHXBHEe5Vz97aUXSjqBbfBhBujNXMJNa4sN2
118,25811853076941608055270457512038717433705462539422789705262203111341130500878,QmTEH7d1K1uaUAFGYxZbfUhYdEa4VH554RB5ZAgANXs3U3,QmRC4R7qGdwB9uptaRxHTY5MKcWeQxjihqQqdiMbQ5ekBZ
119,25811853076941608055270457512038717433705462539422789705262203111341130500879,QmbkFnr7TjtpvbATKncmjVcVh5bfq84JgVx2S98qWhMGNC,QmZ6LJMN81j5q38aQghxdjgdAjiSNwp7qRVvV24Nq6pfLD
120,25811853076941608055270457512038717433705462539422789705262203111341130500880,QmfUTkSw2KSnH3VUxArH7ctWvq89wjrXbFcHz7EganUo8H,QmXgoviXC61czgAdDDkrwdnFwfz8FQyLMgxbrbJ8YTaKak
121,25811853076941608055270457512038717433705462539422789705262203111341130500881,QmSgwZJsXS4DWZXFTVAwSdz17hk3T2s9gqrk4e9jKFTqHA,QmPtBYxioBNo4NNpTrLb8mtwZstAe5TppqXMuyUaQPe9D1
122,25811853076941608055270457512038717433705462539422789705262203111341130500882,QmbhLc9UisqfJD6WxoyjhMtowMSqEMMoxSgE4AigcYdebF,QmeLzwcJR5eta5BRxTfeBG1BCLXvy8548w253m4kW3C32E
123,25811853076941608055270457512038717433705462539422789705262203111341130500883,QmP5jFBwwXsnz8RJbRgHo7FACLzu2VmafuXYTVLFnCpFuX,QmbKpDWiNqbe9JHiLmWWTCjhuhJaAjrzZsetHDisD5UP6V
124,25811853076941608055270457512038717433705462539422789705262203111341130500884,QmczGsYeRBsrKfk5YkR2ZQ4bVzF1ztPugQNgkMxcbrfXfE,QmersLGKkEKX3ddN3vFcsQBNZ6vyLfni2irbtsVzGAtkeP
125,25811853076941608055270457512038717433705462539422789705262203111341130500885,QmS1qrkauGrLgXmgzYKQ9Qk7VH7GzFt1zdnPX6XpGwAqAY,QmawhGAztuZ5Rf5NTyuUeU7rTryzQFAbTBT8jGNESDCJGh
126,25811853076941608055270457512038717433705462539422789705262203111341130500886,QmYL2iTW82gogsgbhNhyB8RSdrLCFW5pAaYfBPJLi4vJN9,Qma7RXqmuhYjbfXTDGeXchvFX1kWAs2B1ZZrzrUL2Kvuao
127,25811853076941608055270457512038717433705462539422789705262203111341130500887,QmRFHGuPk56yhB1iRMx8tYFxsatfvh856ceS6xmWoVARGB,QmReNhhiDhbqjcJujqWQ9VkV2ADZZN5MzUwwvWXyqfWb5f
128,25811853076941608055270457512038717433705462539422789705262203111341130500888,Qmdd42SktyPaaS3X2ufRw34nz8a5qXH8gkWFzpNrZeVur7,QmeXhm5S7S6gbsPVRijAbVsv2vMMXiNyRckZxsePxf51gm
129,25811853076941608055270457512038717433705462539422789705262203111341130500889,QmR8nDjtLLKnJdV2nxNUcrHGYD3rysarfn17Fi2H2T2BDt,QmRXk3u1MPmpdLWzSYgBsd8kd4dZb2j4rzPsK8azFYpVE7
130,25811853076941608055270457512038717433705462539422789705262203111341130500890,QmQmdYFqa27WRAzt9m84hDUscDXqH5WLWy2eqiYkVd4FbH,QmZqK8LswXe6n577qzQufjfvyEkjN4mpZoUWgYX1QiWzGe
131,25811853076941608055270457512038717433705462539422789705262203111341130500891,QmRBCLwx5zCS1g95ARa32fnEsZ8eeDJtYaR96qzmJT3Bi5,QmZFM5nkqVMjAVtvyNBhMbSjjJwozk18XGoZ6TrC3cBCiJ
132,25811853076941608055270457512038717433705462539422789705262203111341130500892,QmZb2ySEaMdFWiJUvhr6kZANip3L7MGkCgn7jGq78eFcQt,QmcPQuc9YTNBwmanD84RpDcjG1MpHVCpBPM3bfQhQqygyK
133,25811853076941608055270457512038717433705462539422789705262203111341130500893,QmYTQ2ZjcX8SJhoGtTrQBg9ncypmkAhnzo4aQgzPnELgTQ,QmUC8vFhtfdzGTMnEPv9rUbN4KseK1VDko9Qck7mAGGkaS
134,25811853076941608055270457512038717433705462539422789705262203111341130500894,QmRxosoHDmtnQgsi2RnExVMo1xEx1S2D4iGeqUzMoCajUc,QmXi2YMbXaMEq9U5U6gurmTyKjBXadCJNkyCrHBXLoaFYB
135,25811853076941608055270457512038717433705462539422789705262203111341130500895,QmQqjhqTgmvLds1Ap2Q9K2F8RDAbiDVn8YoZWRvYJB5cq4,QmVabKgXKPeUMecgL4rUuqZDMvNnStQD6sqZKDpmCgFyju
136,25811853076941608055270457512038717433705462539422789705262203111341130500896,QmaPPn1cwa447roeNd9vKj1PKMMbiCivWsrD6jKTQcrT5R,QmSfQdWPMw6CQiUqGontxYLoSczcXRCuBiDY2zvESYXfzH
137,25811853076941608055270457512038717433705462539422789705262203111341130500897,Qmb99NcXXf6wdgc9s3n8dgJqbp4Dt9pyJKitjUnGA9nNJT,QmZiuZ5BvwoQDWSRNLU9irTv3ni9wxuQChaHpZnpewCt1L
138,25811853076941608055270457512038717433705462539422789705262203111341130500898,QmeL2AAQcqPMVtRzdj7hpbGL2GzxkmnDTRntpatHGNeqfs,QmV6BrU6UAFHoyjKdDNHTLbcERKJPEZDkeKgt5vNphi7Tp
139,25811853076941608055270457512038717433705462539422789705262203111341130500899,Qmc9cDSS6PESKfWFDhA6PqJNvWckaC1mDWBcxhTsPKWM4a,QmdgEeVbKADMtXgJAx7gZGQiFUnxHTR2g1F2WyVrp6GvaS
140,25811853076941608055270457512038717433705462539422789705262203111341130500900,QmZLsHLuT7MNze4yZZYQm3E9ijuXJXUsruARqMWEpkDfXE,QmT2tHhA1dkPu25HPQ3gF9ec4gggm7GX1LuC7n3AsqWTpJ
141,25811853076941608055270457512038717433705462539422789705262203111341130500901,Qmd4cGzuMcdgB5mRJ9XarhQ8d3Zanuvy5onKKBh83nFM7B,QmSTufUAiqi8f4cyEcmTd8tMMGtuQBSGFYcVNTvHqAjuK9
142,25811853076941608055270457512038717433705462539422789705262203111341130500902,QmbD3fSn7W3xbK9uSgHhavRKsQuDZcC6tYm9m1PJCRjWz9,QmWEnDehZSJwjcPbvofNJvHUPvWDor5Ktvb1tnQAnmdoZs
143,25811853076941608055270457512038717433705462539422789705262203111341130500903,QmWk3hVvKvbYZ1hh6GJbBMnKmQxDcrVdRwdLMkL9cuDnF5,QmWEzTLm6T46G5A8VDWV1Thg42B4Jz8pPJmnK2w9qeLgjj
144,25811853076941608055270457512038717433705462539422789705262203111341130500904,QmfK6ALTGcTXipjdBBHVjs5iT7PwVciyxqCaS6aC5i4b3q,QmTkniUcPv4qVWTwkET223Sfravv1m9GEcwWhcvDYaQNuo
145,25811853076941608055270457512038717433705462539422789705262203111341130500905,QmYbm95e3A1pQs1EebmtYGdxXjTCbEMPUX6nQL2ZZaMUVw,QmcaqX33jnidkpGK74uPNcnsVr8tG6FzaRjtCx2mU6fdVM
146,25811853076941608055270457512038717433705462539422789705262203111341130500906,QmcbWqd1tp3DmuQkhuG4qfs84oZv6atX3hqvrhfWJsZ5Vi,QmQmMBVxh5svP72C6h5hYoh9JXtVc5EhNRpGHEFMPrupLo
147,25811853076941608055270457512038717433705462539422789705262203111341130500907,QmZsHSztAmmkkxtyJXZ8hKTNLNDVqqDc8jMjQmGoK1WucW,QmdpJnoocV3xigyTJTpcmCEN3yCVgsYWqgzkL9QNtWWd8J
148,25811853076941608055270457512038717433705462539422789705262203111341130500908,QmQahTSSt7dEBgrUQSxmHybU3RD6Xa4zUiqynxeTp49gDL,QmXNjf2oDdqBeRkyRj8Emx1nkrB8A99KKvCzWoqUeBWQkr
149,25811853076941608055270457512038717433705462539422789705262203111341130500909,QmcDGMrmdem7NmwBMvVW1MFcg36cgk45uj4A2qBE1Es77Y,Qma36RHFPBYiWVcoBRdK8xKhffvZGk2Br1upJLEgtT8SrQ
150,25811853076941608055270457512038717433705462539422789705262203111341130500910,QmRDV46NQs74eUBG1cPStNo7pcD1UPUeEjZcbZNRmcsE9M,Qme8cPnkwaJLi3VUjikmW2QYnCJPkMuWRyHuzYQ3fHe94j
151,25811853076941608055270457512038717433705462539422789705262203111341130500911,QmQXaPapCFcNhTaCtv9ndaZ76eP8SFbWmGhHR2gKcgXLYZ,QmWMxFi34UDvefp3gqbR1amZKMSyxSXtpK2qia89936B34
152,25811853076941608055270457512038717433705462539422789705262203111341130500912,QmRKR7Sa8FUPk2YimkyybR8yDUJ73YTcay5Y1a3Eko3uPu,QmbabzmdNrkTgvFytesjB2C76T29sPYaZayKfELKuq6mYf
153,25811853076941608055270457512038717433705462539422789705262203111341130500913,Qmc6JQW7q1gTPxL7r5keBSZsnQKdJsWA5MJE5GxJdCL1cF,QmcqU6qr2ZJBzQ3EnWu4pkhzhjJ7SzuNyzskGsZWxuo5tG
154,25811853076941608055270457512038717433705462539422789705262203111341130500914,QmQxpYw6a8pzRaNjKhGVLzmRJLYZVGHyipqpuzGxYxMxK6,QmQmBACvQ1jEXLfCAXfyjP4StRC8Vgv3FHoxzyWsMYVGzk
155,25811853076941608055270457512038717433705462539422789705262203111341130500915,QmdNVuw5VNqVpXzwnM78Wf1YkrZZNv757wMo3ZLQXn4BhH,QmPjkcvhTaSo7Xbo64GQ1Qmqn97mcCXMW6L8wutPzbDyXG
156,25811853076941608055270457512038717433705462539422789705262203111341130500916,QmSUYaAAwCD8yt4tViLkdkjtoYeMvSkKgVmQSR2XFCKKPt,QmVUa3dquBwQkEHwCbjVVPJTJ4u6qbn8NJG8PXkEnhskz1
157,25811853076941608055270457512038717433705462539422789705262203111341130500917,QmbNfSRgNDwfGyS9MaTQ1TqmRTQPUKxyPToLzF4VCv2FVy,QmNP7QcYxNn4ERqx55vwa1fBAmYWQxTLR7hjgLCTdo2pqU
158,25811853076941608055270457512038717433705462539422789705262203111341130500918,QmRKvyuoZ28eXLPhM137FPhMMQzofd7Q2LLAkKWj26CJJV,QmW22CXFrUARxcpVZtePEUXiy2WsdrqBqmnMzJKbFBaces
159,25811853076941608055270457512038717433705462539422789705262203111341130500919,QmZ2f3ubHoqmPMc1ZtjajyFzPVQwGrvVnXssRv2Kfo1rep,QmV4yKubbaBpYCkfL3uFMXUYzUmPB6B7bjgso5rFNP7YWC
160,25811853076941608055270457512038717433705462539422789705262203111341130500920,QmSHqKu1yX6K1RtEpxwV5ygRQx2YmDNb4ZmBmKPEkSfCfF,Qmc8zHu1gJjYc2gB2EzcoRbVQrUZ1pPmVQfLysdS8VpfAZ
161,25811853076941608055270457512038717433705462539422789705262203111341130500921,QmXpkq1i46rqBHwcuH3akmckC9U9eFEp9ZvBhCZCKEWVXp,Qme7pF1Fb55wfSJMLPAx5CbwFb5vjHkDBNaiQXPweNcinJ
162,25811853076941608055270457512038717433705462539422789705262203111341130500922,QmcmFoYd3Axkwfddth4kbtWzTywhpkMchG5CNhZMHKqFrq,QmQJJtUqShcWfZ6k2y4y8B9aPNsH1KDGruAW4kLR6vdyeX
163,25811853076941608055270457512038717433705462539422789705262203111341130500923,QmWHgRMKjTQ5Z3NJAJhKmuvZRR24euXRwtMVt4kata1SVs,QmesRaVucMo4hnUCQssLGQDfkm2htrUyndM8AKaVhhSjKT
164,25811853076941608055270457512038717433705462539422789705262203111341130500924,QmbeusCz5W94BWvwFZ8mtRaCNGP76hQXz2xg87y9VKbfjq,QmV7EB6zit43UgWK1L9FMxoRw6VMn2adzATfezWw1oeSxi
165,25811853076941608055270457512038717433705462539422789705262203111341130500925,QmVWoNa91aPopHE2tivdu31AHsYRaCzhNsK5f1tYd2XDK9,QmYzagfixC5LdwxvNEJb27HsG92tbgxkcqtZc1sCuKJUWB
166,25811853076941608055270457512038717433705462539422789705262203111341130500926,QmYe5rG8YnLfmEb4nMuboLqpx7NGqEHDSKNmHfnUw8At6G,QmVGsk54PXkLBVTsZBc7i8wsaKTvu6Mu8UsrsxR5n5jVFu
167,25811853076941608055270457512038717433705462539422789705262203111341130500927,QmcPSTRevY8P8pEHxsnau7o9YcZDbHbGkQMjhQcYx3utp4,QmdAtUHuZubfVxzKL9RTv5w9b5SRW7eYmBaL6yTP3Q6pXn
168,25811853076941608055270457512038717433705462539422789705262203111341130500928,QmTD7K2HASK34ckj233Hw2Eyp7qrquRr5j6dr3nHZVYmyo,QmRvt9WpDkoHhdQLTVMDAvso9xgRP1m38q7TCwxJh4SXLP
169,25811853076941608055270457512038717433705462539422789705262203111341130500929,QmYEDBnwpCpA3mRxVJdA1iELKdJnSgR3LKV5W5nQEu93VA,QmTb31np9X2ja21HaSPehGT9nX1swJUKwJ3PoSJaiRCruy
170,25811853076941608055270457512038717433705462539422789705262203111341130500930,QmQ9MfezX9BVyonp7Y5drA2eMuivmkGc9c3vesoUCJVmcs,QmUyHDTWWki4GhwDGUUxc3iRgzZUqsz2tVTieGmjpp9rr4
171,25811853076941608055270457512038717433705462539422789705262203111341130500931,QmbxkYePUnhLDLjjgCVgRpPU8a4XAkut1cfz4uxsJzwKiX,QmSQDv7MzP8KBzSPznaCfKQYged5NxsfsZir7K3MG9kPju
172,25811853076941608055270457512038717433705462539422789705262203111341130500932,QmQQmF8JQfUAPRB3YpGTyY9bksHXEbwJEuuiyepmzH8f4z,QmTCESoK8oL7xH4BKAzG3ShhQCGQcyipJCc83H5o12443v
173,25811853076941608055270457512038717433705462539422789705262203111341130500933,QmczUMTEDKXYS7izNLb8Ta9CJgpk7WTPs8K7hQaaeATMZ8,QmTNUCefviPcJgKo5z4dTsAatxsnbfHEtNSug3WrBftLDa
174,25811853076941608055270457512038717433705462539422789705262203111341130500934,QmdjzmVLn4PdrpcSBn8ZSiqrkJsGwXgY3wizaeSxLUTisb,QmQRDRwvh5Tzd1GzjjiuAFXcnPd2L8g6ZZVKzg15AmgiVx
175,25811853076941608055270457512038717433705462539422789705262203111341130500935,QmTVp6AKBiAAmnQ2cYnk7kzbCyfTsRDNyxBN6A5gT9zuoF,QmUkWAxLj32wRxQKFxHaj5hNESAPxVEG7qraDb9NKaZypn
176,25811853076941608055270457512038717433705462539422789705262203111341130500936,QmWPYvbAdAGsoQG2NNqBBBrTnjtLyZuwFrxVwaPGwvce9c,QmWoxzujmjem9e52AG1kpnYxZLFHYrCart25gRA1vPvSvG
177,25811853076941608055270457512038717433705462539422789705262203111341130500937,QmdtkmPCBAYwhsUSVUa73pA8gjJsS8jVA5QnQDehJDGe2F,QmaLNWPBDJbfaAfFf7hVL1R7ecQvAKFu7hwcFDodMyp325
178,25811853076941608055270457512038717433705462539422789705262203111341130500938,QmbPCanFrsjA9BAgLX6487UcqWU6QoL5p2vvZKoxvmqXyL,QmWMd9NgFjHq4dK3wnCAWYS1hpNdhDaeqsoC1fd3QixYMP
179,25811853076941608055270457512038717433705462539422789705262203111341130500939,QmPcZB15Bre4EEsL7fgnC3HDYuFtdgV77KWeE4hZHm8uAm,QmNhqbLKqMqKyhGongf5iWDaNLHnHj97UXFk1PwptEAX54
180,25811853076941608055270457512038717433705462539422789705262203111341130500940,QmeBX5wYMNPcyYsgSPw5oiEVeTppqYFk4UwHyC77zPpA4p,QmXHfUjuKS4nvMr5vu6pTBni85f9dSgptzaDQPE2UC5RCM
181,25811853076941608055270457512038717433705462539422789705262203111341130500941,QmWBK82WGt7vasfpX5akqhFZe35FLBVbutN5pj3QEPSUZW,QmT3zu2gLT5XQvcH3n8AT1PF21kuJY5rRsN7BT3p6r4Ddw
182,25811853076941608055270457512038717433705462539422789705262203111341130500942,QmcQTtPSegFLk7Fw8ZWZvvmYJBahzZowNRVBma2HqbS9i2,QmZsqXSNdBioDekHhwPTnEFRjwt7juHQR18AAfxwiJPvUt
183,25811853076941608055270457512038717433705462539422789705262203111341130500943,QmXVDMQhoL5ZNiCFbbFkQRnxqufkz1UKd3ZNwczUzwzkqq,QmQGZmfV9heYZ4gAK1UPbCbk844JEhRqiPQS9QoFemXaQv
184,25811853076941608055270457512038717433705462539422789705262203111341130500944,QmX44CagzVByg7S4kXmVAahetVesnFM4Hi63jqt84p26NX,QmXp5qJN47TBfa5YuadGuQCShbu3nL4h9YhnV9UdNcdffX
185,25811853076941608055270457512038717433705462539422789705262203111341130500945,QmcGi19eacmyCH9Z5jXkLfG1KaKAXW8L97xQJr1GPQD2jr,QmaPBjmZmw46W5PHdBFqvnQmXT2qEgYq1t4LKWpSbVhU2K
186,25811853076941608055270457512038717433705462539422789705262203111341130500946,QmVSN2AEvJbEt1gwegNkwuUWCWdvdCtLRppeDDq4JHXnc8,QmdxzhsTsCY7Hkxpemwfz1tUQbLs8aNS78De3Jf61QNsmh
187,25811853076941608055270457512038717433705462539422789705262203111341130500947,QmQXkjdbiBjU26BJT1HtsckN3TMLonYQaaajDRJcuaeSKQ,QmUtn32tEd3qNBBFTNm28NkS8Mq9AZ9runskQ1gJ7MHx9F
188,25811853076941608055270457512038717433705462539422789705262203111341130500948,QmQmhWpHLLfQfnK97NZFtx5VAPFmfxJV2vTzVn5UNEA4PF,QmYMbdDfijQafgk3GGw1KqaugKaP48BhWH56x5upMEzvAC
189,25811853076941608055270457512038717433705462539422789705262203111341130500949,QmZvrNyR4byAQbiuVWv5rcM2WWSVC4L94oYh21aaLpqoN3,QmPo7fx19MnQhxysZLYbLejLKFqtdKPxabmwSipb8FRjFR
190,25811853076941608055270457512038717433705462539422789705262203111341130500950,QmbJtATKPCg2FTkeEJfcBEVU75NZmJgT1Hgf77o6UsqcAF,QmdLnJ1cftLLAtsCEyUYWCoHb9pj65MEzEHxn8Y4EGdUqt
191,25811853076941608055270457512038717433705462539422789705262203111341130500951,QmRhzRY5fVX1SFdj73QKu4wtsaaDY7bZfHRXkCDboze5bW,QmZD5DDqY2n83o1GcZYvPoQXPGE4TtzinHzYSupTgPYQrV
192,25811853076941608055270457512038717433705462539422789705262203111341130500952,QmaMHuKrAYD5NbXkmoVUbksR1w3har6P1s5g5MR95vZGAh,QmVTXA6WH74NWRisx3yDiLjFm81s6V3AjtAtwxq8ygKuY2
193,25811853076941608055270457512038717433705462539422789705262203111341130500953,QmQzHyUJAHCKJRm7q7nTf9JXZV76stCn58wKLKwGhUZV8S,QmPxsXdaPKii7YWvHh7e1hb4BRL96b9vX8BrFokm9tGFjT
194,25811853076941608055270457512038717433705462539422789705262203111341130500954,QmNLhFvCDJEnXyLrhPeKRHfRsgFy6sg552ReAieGFp3N87,QmfPqVWNskAAnrJR6FsrqRXv2TRwobzd6qNqD4KewtoVQM
195,25811853076941608055270457512038717433705462539422789705262203111341130500955,QmXn6teJjJbeRkKDLoPowanDzzKHWWXyUbud6g1oiFw6wc,QmSWmgc8F49pcdoRA1a851LCoaSc5TeBnCindru21rhLrh
196,25811853076941608055270457512038717433705462539422789705262203111341130500956,QmdJBz47HF3pFd6cfjqfKjdjNSvRmAgQVvV96aL1fyADTh,QmXRoD9YEL5vojTVoGY3dmX1XQJ1sXsdP1a31BHugjn6Pj
197,25811853076941608055270457512038717433705462539422789705262203111341130500957,QmfELJs9Jy9JDQ6Uh1ji5sCSWN8MuC2vy91bBzMD9pPAGJ,QmZpVjKBk8eZu2qabwDe2FZwYho1eZr11NJiQk8673uMJc
198,25811853076941608055270457512038717433705462539422789705262203111341130500958,QmXKxoR5Qp8tf4CosYFowiPii5QTKt5wJPW9onzZjFsWWP,QmQFkenmeY9x6jgsKwDTNQeL44RniRbigApUazLDuQRtKN
199,25811853076941608055270457512038717433705462539422789705262203111341130500959,QmbT5RrChpULu8QiUbFtVUwDNQAvfJv6dBDfT9PtofYDXf,QmaAGiwYXWsu4prhzptHHbUWqVQs4pVqHjgKjbY9xoovS1
200,25811853076941608055270457512038717433705462539422789705262203111341130500960,QmVQ1Vmk25atqYWdsqZfk71g5gqDz6YxXdnkD2mHJtGtWT,QmVSwCjit2Ymqge7AHbzSMwzRFkgthKkvXj8PkaRY6tbSv
201,25811853076941608055270457512038717433705462539422789705262203111341130500961,QmaHBVf6TbWWdgmMEWoMUje9sQFffsHaSKj13XyXoDoQSB,QmYtXVG6xECTx4zVCtYLUuSipqtDaaSgnKNaAZavX1jNcU
202,25811853076941608055270457512038717433705462539422789705262203111341130500962,Qmcs5mDMqn9SbgzxbwyPsbzenCNAY8friGpF1nMWokQvUv,QmYA6hVuPyHRZcMUytuUm39WFmr3e7eFYAp6ozrV2pk3vw
203,25811853076941608055270457512038717433705462539422789705262203111341130500963,QmZHAU2oSDjELHL9rw7H3dLrVKJgaf2wRBUrHt3jsGbRdJ,QmcsS8foKWGDkYx27d4sCrG6WJtt9T7MKMfjEtsyCtczKw
204,25811853076941608055270457512038717433705462539422789705262203111341130500964,Qmasw8s29JsKBmrn5hawYZNNWRqVErsLQ6zdrED2Z52ZHg,Qmd56cXcHjYELexAAP3zLXHbjrEZSpJPB5RMYXdX36t5Gp
205,25811853076941608055270457512038717433705462539422789705262203111341130500965,QmZNSsnUGKPziqULjsKnPX2uZkwkdJWtnvYxiGZjZojqTT,QmcNwMp96x7KMyqEVkXH1kKDGy21VYo1GuygmXwCBDiYvx
206,25811853076941608055270457512038717433705462539422789705262203111341130500966,QmXia39c4bgNfwS9wcmfmWxwM8txPCqqdmhvDyccFnf7cZ,QmWoe7kJ5uqbwyY1qHyH7pMKXmk2W78sVimeLLoY8vMR4q
207,25811853076941608055270457512038717433705462539422789705262203111341130500967,QmcUqUYo6HzWSrqmBfXWAAefbvo1VcLMeSJwS1rYY61dh1,QmWWf2LgQ2pXpxEeMYTPWJsbhi4UbupPz2JPvLT3iMaXeX
208,25811853076941608055270457512038717433705462539422789705262203111341130500968,QmX71zJyjVSfWgVaezdd13SjbC5XK31c15QWHQokywAWua,QmNgnkQyrU8Hda87B5rUUJQbnQ7KzZv7m9ukQUJzfdR5mb
209,25811853076941608055270457512038717433705462539422789705262203111341130500969,QmWiL7UA9LRTjo1cLMPHsNe7VqDUZ4jdqmrmnhqFNL58BU,QmaidL8wEgm5C4s74uuuyHw8dFFnUec2btUGns4YKu3EEV
210,25811853076941608055270457512038717433705462539422789705262203111341130500970,QmWACsPB1RDqWxqid4e1v3rZKSz6UUgavA2sY14wo375AM,QmdHREhGmkRGCjrKpfH3xTAxJYNYYwNJqeK8NoW9U9mY3f
211,25811853076941608055270457512038717433705462539422789705262203111341130500971,QmS55mNDhWHA31JHGaNwE6dWsCuv9vy9eCQ9doqyjgDAeM,QmZCucRGQ6i83PZFc5BdN426PC3nRVB5qPVb3WHbQYHw4v
212,25811853076941608055270457512038717433705462539422789705262203111341130500972,QmXm5U79QpHLJ1v6o4uThdhv8zskwmxK4tJhyoXTzqv3Er,QmXpLtBcCx7vFTpHBT6DZG1brFk3ANu1paBaNdtL2FVL5b
213,25811853076941608055270457512038717433705462539422789705262203111341130500973,QmeZ2872Rnu8gtnZfwUUSfsRgHid1sAL71ZmmUeoawGCCJ,QmVHJSVzT9zRoecXzYX6z8exoJZ4rwiT9QNR11DZ67TFRv
214,25811853076941608055270457512038717433705462539422789705262203111341130500974,QmexAefwsCx8dKeztfeL2qnpTx97PT316b1fK8ZU1UT8yM,QmT88jmFKCpufifr7aGaFvn16sZZn82XAWiaCpj8RLeRRD
215,25811853076941608055270457512038717433705462539422789705262203111341130500975,QmZVLFovjhiN7F67ADUek8vyheo4RFQKxVm4scsqTYguyE,QmX13grpuMMh3N8wYhXx1JA6PywNwfv8r7SQVPYZd7cJmJ
216,25811853076941608055270457512038717433705462539422789705262203111341130500976,QmazB1nRJRDrxkLZkbikXKaJ9yhWZefA3cddpJe9Y2K4uR,QmNpxchmpxdWcN9fNm3NX9hfxnBZVayCD5VYejnJcH3bne
217,25811853076941608055270457512038717433705462539422789705262203111341130500977,Qmc41fu3xiQ9FLJ7DaSRDQL7JSjUCbEADzcNjiWcW6L66L,Qma3QMesJXFZDrn5vw1o1BwjM2uZQy57shNUEdZEwaY7tK
218,25811853076941608055270457512038717433705462539422789705262203111341130500978,Qmd2jAH1sPUasn6mK7CH4ftmASCfjhyEynj2QRpG2qniPJ,QmVFJoyMimjXRBo5Nno29EEAsFPRbcTAPG3b2MPQXGhDbM
219,25811853076941608055270457512038717433705462539422789705262203111341130500979,QmVKvZLmFhCwqeFvJuZTTAf3tLzvavvvwZj49iUfBEMErC,QmNQnjkRRFdQDQx6XgR41sPSszqn3BRSM6pF3JY4YcSh3B
220,25811853076941608055270457512038717433705462539422789705262203111341130500980,QmZJpW6p5b3JNt1AUkbHY8ujgJMBQ6RrUvQxr6YXdXBcTA,QmfKNKhLWGdSN4NKspa8vQjZ4Eu8CFZRiWubeWyXu1dqLv
221,25811853076941608055270457512038717433705462539422789705262203111341130500981,QmaNnKSgYvFxJftqhnU3KL6Jj3HAEc3kxCbTrpFXnfWTvJ,QmNUdFhWeDE4se4aaoCM21DCZZpZQzBDVLkFhkv81R8CQg
222,25811853076941608055270457512038717433705462539422789705262203111341130500982,QmYGdf3jz2FaK7NenHEHjji2cehj3ETqodoTw214eXdbor,QmPinmCB1BDEYXLhC51c3jxDRajcWRjdkpVtW5uy2Lxh2u
223,25811853076941608055270457512038717433705462539422789705262203111341130500983,QmWPuJT93uKr5r7cLPrpdbxw31yNNYqYnd7LkTDPv1oXqv,Qmcvyh13FXohYsxdWcMDynZA1CyE6ff8huymRnqebvSZY3
224,25811853076941608055270457512038717433705462539422789705262203111341130500984,QmfBd26TtkWS4FSpj3SdUJoTkbixWaNgWwrGycUXnArnon,QmcDB4XmHRbj5iwaVvDnzL9xBGvDQAQ9Nocpeq3hqh31qS
225,25811853076941608055270457512038717433705462539422789705262203111341130500985,QmbU5vMjX59qkew2zygYy6zWpznWLxDQByfeWFK8pSbxc2,QmTwpC8nibf7thGm1EUccwpcPyekuHwLwcAXnqgRxqwBy2
226,25811853076941608055270457512038717433705462539422789705262203111341130500986,QmaLoTR653cyCyr4uPeDiN5uGKq8h4YA2r13nQn84c17TP,Qmb8yNPr2b6ym1HsHLk1eWpYy4d2soseFAHEy8TGxqPTZX
227,25811853076941608055270457512038717433705462539422789705262203111341130500987,Qmbyszc2aVM8NbZPGPN2ntsX2T9KovWgkRwkxRo9UczBHf,QmY4Kpf8jLLxyBBaXceRbpQ9uoSrUZaCQWU9my3VU8eKRD
228,25811853076941608055270457512038717433705462539422789705262203111341130500988,QmYX7GVB3TpKDWbqyKPEmipdWgwkpicVZCe2nqPnNEqB1U,QmcPz4Ca6bCt3934dpAbcnaaRM9HbizUwo4EmTRb6b8Aop
229,25811853076941608055270457512038717433705462539422789705262203111341130500989,QmZTnynmKEgtEKYnVPcrDJ9jHmqbs2NF1Hix87dhavKnCs,QmWQUPHBPzbUgBzbymbj8tgmzrhwkXDA4DaaX7tLbo8V8b
230,25811853076941608055270457512038717433705462539422789705262203111341130500990,QmbabKSGtsiErRmeQSUMXBmvxW1XN8NQfF6hM92YAHeKrQ,QmY69KPV4DeFkZZCPn4e7bV55qQd7pqfhMim6E1PxNBjsN
231,25811853076941608055270457512038717433705462539422789705262203111341130500991,QmQkxKqGkyY5YBm4zJUpwrr2gwZKrLfKz85DL7B97CKsEM,QmXv73aZHj8fBrJB6SagenhqZU1yz3h3sSNGNMt5ZJf5c5
232,25811853076941608055270457512038717433705462539422789705262203111341130500992,QmXzMUHPfTW2y2qyZz5j5vpQfxn8Jm9gPDVLbTNYo9fhmJ,QmdNcGjwT98mKG7F6eNxdSCkhPjiYbPF1npvnCW8fi9dNs
233,25811853076941608055270457512038717433705462539422789705262203111341130500993,QmSGsSHBBnn7CNA4o5XC1SJgX8pFAhHje9ERvJ3oMoriQH,QmdhAuPnkLswT2tzqcnw1dMm6V7HndWVs3ZgH1t7sgiQmE
234,25811853076941608055270457512038717433705462539422789705262203111341130500994,QmVgJsoGGXcLk6ZwkdsP2EqdHruDHAKejUCeWpi7kE4Ec5,QmeUr3Uf8pbTUvb33UQCY6SRohTfNohyJFpaQMjiZWk7AB
235,25811853076941608055270457512038717433705462539422789705262203111341130500995,QmNriPY6qLeiAkLzPajuF93eNJYfxsBDVTmidwJWPeYjuL,QmeFkKeCR11EWd2i9kKZ7qLWo5EmeDALGC8jqGL8QDaYzb
236,25811853076941608055270457512038717433705462539422789705262203111341130500996,QmS6RJ6dffxu51jqZAMKbaiv9MEHLvADHUXF6NccgjL4Kt,QmWuFMYw8CgZmS1DyZMAsdS1zZ5AJXe2sxHZ5mfS8LY34L
237,25811853076941608055270457512038717433705462539422789705262203111341130500997,Qmb4XkqRHNEEX4DKzWnv4amXYHYn87NuPSSZazDM3QYtLv,QmTkhCQ6eL77nHButdmNUeyJjpBtX9JahoNjx6nUdjNTAU
238,25811853076941608055270457512038717433705462539422789705262203111341130500998,QmReXa2mo7gdKWoceP73jw7EgbqDHybBzgaUSkFi7H7mdt,QmbBy8bNiec2Hr9dp2diuQUGsVPc3ieaBz6Xy9q1HDfFvi
239,25811853076941608055270457512038717433705462539422789705262203111341130500999,QmYjDHxQYwJixBx3hPmXE6ANrHVfzebdFCexPwDLKmcUNC,QmUUtqpFBkM8J73NXPtsrvAymr4LJFVRQuLQ4bNPaV61e9
240,25811853076941608055270457512038717433705462539422789705262203111341130501000,QmQsnXNfMoqwHUysDrruqhUzkUMiEHkKognDFVwHhwdMEm,QmegJr2W25GethgrvjcXrdCkhmuCyaftPgwAJkiWcdKRLz
241,25811853076941608055270457512038717433705462539422789705262203111341130501001,QmV8fTR7fkn2QthpDf5iQrV7oQ2xd8qj8TcKoRcKkMrEQ9,QmWaVkWXTfbpMxUzK7DorehuL5VNFB6MqQVerosGj358gg
242,25811853076941608055270457512038717433705462539422789705262203111341130501002,QmUVDY4Egzg4c2L35GcavGuG7UktmKS6nenURUM8D7iPxY,QmSPbkguzvqgeDR9eTrKpjkGDzC8err1wT6FafYyMWqTo6
243,25811853076941608055270457512038717433705462539422789705262203111341130501003,QmayUrnx2Ji6nNDWCmLM4Rg1Jf65eYcaT664tzC72PtD7b,QmczG7F9dYu4nuza1JWyrMaX6cCJzu98iu43ZSNXJQkDXh
244,25811853076941608055270457512038717433705462539422789705262203111341130501004,QmRF8tUiFssgm8xh5zABHU3swKYLpaCET86xWVBkAxvxR9,QmcHM7Z5u8E7aWqmH3XsFxutB2avHVek1LEqWLDQHu9gNw
245,25811853076941608055270457512038717433705462539422789705262203111341130501005,QmT7F8oHuVR5ZRjAAF1wifPRnLTgEpt4P7UJQE5uoP4Mnq,Qmd4pgycGAy8iLi1wLGc2WfV82NoGtJrPoVg7XYoCmSBnx
246,25811853076941608055270457512038717433705462539422789705262203111341130501006,QmVxEEak3TuGKheZZ8qyvCRAmw7LGF9YPmGUGW9JDvP6YZ,QmbLv2hiyCoB7AYXJFFES9ZAntRDm3xps2ZPbYvJP1D83U
247,25811853076941608055270457512038717433705462539422789705262203111341130501007,QmZjqwtQYe5TSypRxCnGUNWjRC6qtzYAJvMNC3HsjQyYzG,QmXhYqUSmJGit9RTycpjkLUUiQQ6hGA1qVW3bDmx6hDXBg
248,25811853076941608055270457512038717433705462539422789705262203111341130501008,QmYR3iNzJXWkh7kxagoYsAnErCWHCJtKPAjDbTZazHg4R8,QmSjFMqvyRzDp5YtAaq7ixjvtKXTzSEcKMTDYhCyYT8wVN
249,25811853076941608055270457512038717433705462539422789705262203111341130501009,Qmapva3M8s8hwinTW14mBrZjyGC3xaLBKvjShNARHMW9WM,QmVqMyXvFSanQnyh2CBKGNdXbFxaTqzPzXW7WNkDpCmgwf
250,25811853076941608055270457512038717433705462539422789705262203111341130501010,QmczgF446HuTd7hxFjcAqAQAN4HHXhkNPXYsP1aVvrwAQd,QmasUojLuHeEPVwVWAr6XDBZbGBjoLpVWgZM2VC32XRwGH
251,25811853076941608055270457512038717433705462539422789705262203111341130501011,QmZaAZNXpN8eiMWmsaTP2ksPbLpPoCMgnQ4CB23bobJGZr,QmTyqwqTWdHpYPEstmwoj4ky8RjveFiNj3upFmssfd49hw
252,25811853076941608055270457512038717433705462539422789705262203111341130501012,QmZxUqpCV7vzvR9sJ45yY6E6d76hXf97oTu9vdjXxmDciB,QmRUG7JWX3c9evCNjzog4tLrqqGmqjWj7KBYBP3CuvK9tt
253,25811853076941608055270457512038717433705462539422789705262203111341130501013,QmP8hAFnF5XWv5SGmupkS6sQVg8c5eAjfH7C6QFYM5JEzm,QmUfdYiCyYVJ3TqA5iJfS7yZqxi3KEaEPPwE15YQ14fXP5
254,25811853076941608055270457512038717433705462539422789705262203111341130501014,QmNQESSXtU6JD3ZrJ4SkE7tquQx9W6d2Q2g4SXpHYX9k15,QmYNVaBrzsJymFND1VyvoEqo9sCG224k4TanmfPVxsRy5W
255,25811853076941608055270457512038717433705462539422789705262203111341130501015,QmdezPV3gpN3wtVJiJdkrSe8bcSN4rK1HyGhMjJAaGzuD1,QmYSpyqhzWUWhKWSLHqcoUE86rTzyvATmWx8TKHAFgg9hM
256,25811853076941608055270457512038717433705462539422789705262203111341130501016,QmZgo2tj9qNJjtNAgVvt5mxAVSdHo67VWpz5eaHbijowyP,QmbeYkr4EjzcFRCMwSwRBLgBEGU9RvoT6YYh4N39G2C8hM
257,25811853076941608055270457512038717433705462539422789705262203111341130501017,QmVefTrpvMbLxPj7yiqqo46eyx3be65HZDnBk4fQdWPjDW,QmUSk5BcHtTELjAJ1fYBkc9vXwzKKHb1bdg6FpFAiaB9v9
258,25811853076941608055270457512038717433705462539422789705262203111341130501018,QmSweetXNnNh8Lw33E1K2ds6cCW5uXZyYZ9duzcp1xjiVZ,QmPZcWxeAjUTnoPpum3bMNfHmnNu4Ut8dLDqJGZ3ncEtgV
259,25811853076941608055270457512038717433705462539422789705262203111341130501019,QmNmEKzLiWsVzp4qyMmxCXybBbvRaSaW3FBUaQC5zYW2B8,QmZdUpYdSgskREX1kSABJJUGwCU7o4EhwS6Bh2NSxeoRjv
260,25811853076941608055270457512038717433705462539422789705262203111341130501020,QmY4NaiBXCCVozRVgEbmWf5j4ERrgr83kPU7ddp2u2mcAK,QmWf3Qbf61tk4TQAdGZjhxWUVQFrGusibUMX2qWVSDE6by
261,25811853076941608055270457512038717433705462539422789705262203111341130501021,QmSb6KP7A7Eedz3Zhjeax4BUktYDET6fBxXkbyBrWX1H3F,Qma8Hp5cDvVpRh92vZmJKuykRFfWhGvyeWD6RMT2m1MVuR
262,25811853076941608055270457512038717433705462539422789705262203111341130501022,QmVa8AnZaD9rLxN55QMhkNft8mjU8NGPn32zJPTcmXcodq,QmQLQ4bjRq7SRtAdHC2VAUtH28vnxBtg33tifHJ1V4PGME
263,25811853076941608055270457512038717433705462539422789705262203111341130501023,QmaUzaHgM8GtAv7UaL7as9sWsBPCRCwnPFzMmyVQL4RZNN,QmVD5yUtLX4yaMuduRQQNsHzJAoyAtsh6kMyc28KB7xJnN
264,25811853076941608055270457512038717433705462539422789705262203111341130501024,Qmeh7QBYd4eV6tf5wuNnZhMiZTwGNPTEUiM6NoWyy5e2Ti,QmR7UV1oYmBCQqQFPHQhfeiZ8v7LADgxCnJg9Q2WfiAkMH
265,25811853076941608055270457512038717433705462539422789705262203111341130501025,QmVpQogywTZnrYw5EefVsRZ5KYxrmtgjvjwxpfV4TyibBK,QmcXA7AvGoXuv1oEzjdf98Aoo1j2xkARibZpit74fYXWi2
266,25811853076941608055270457512038717433705462539422789705262203111341130501026,QmUHHd5UVMkyrd1PPeFix5uTjLRSSCwJbUNGqmQcwgBLgq,QmWVop4LSXLAMm879AxxUcaQUH8nVS44rZAzqJqyvqKxUF
267,25811853076941608055270457512038717433705462539422789705262203111341130501027,QmP2qw9TqiTqAn37N1kPLeUpeL6CLkWCZXpbYiER4mb7wc,QmW9wnnTj698fp7KyxpmXAbc97f7B4f4eL8V12Dodxq8G2
268,25811853076941608055270457512038717433705462539422789705262203111341130501028,QmXMeKLPBY4YUyh2WHjyopSESYZTnZUU2egqjLUPBirQA1,QmRM777t9AfAcXNEz42K5uQ4D3eN7BhcZDDiLSdb4QX6Qv
269,25811853076941608055270457512038717433705462539422789705262203111341130501029,QmQz9j7ia4b2GCUKuRgeJmXXRygmoKhkQGQAriZu13kKBk,Qme58ojj8yXVPAgTBefDpMo2M9NUcWFrwC4eeenSSb7kj9
270,25811853076941608055270457512038717433705462539422789705262203111341130501030,QmYrguyiiJySQzvTMt5uF9Ztsv5Mn2ijaUF7vbbKNoRXUh,QmPUH5osNk6vEhMfsXmXAHbGQNPEv9izs5V7zjZF7688ce
271,25811853076941608055270457512038717433705462539422789705262203111341130501031,QmRf1RWyhP7KSitzaJwo8BvpxF2zezayPji4D7vWkwvsey,QmUXfqTUTDvj8QLHJFrGmWWRPUfSkNextnixNs4ZoZAHby
272,25811853076941608055270457512038717433705462539422789705262203111341130501032,QmRRj1666jo3zWEbtEBJuQgJqvbR4ZidKooHrCANCNaCCN,QmPNK2fHnJn9dXhYA2yhCSAsnTzX7j4hWuLNSNyqxRpX1s
273,25811853076941608055270457512038717433705462539422789705262203111341130501033,QmPqZe4PhWGsFu5aDUgTm7yubSLeBPR6hUWbTgmi16u6kL,QmUsqjqsxscG6JQuMgecRr9tw3sTzMzFW2NDyFM2LgwDUF
274,25811853076941608055270457512038717433705462539422789705262203111341130501034,QmXiZVzg7rvJSb2Y8kvZXYrysfVnzzGNHDMgUEyKeYBs1n,QmSukSQzbWarqHPyXyWNofXWrBuwiJ9uffkiKEJR3bnQSM
275,25811853076941608055270457512038717433705462539422789705262203111341130501035,QmXx6o9ffXbD5oqCG81wWXpfYvrT2DFhe7QFFeVbKBMGgs,QmSM7XvZSkyPnNk1Ucznp9jCVtpM58siKkaGsQvoMRi2uK
276,25811853076941608055270457512038717433705462539422789705262203111341130501036,QmR877k8pRrq1aVbx869FC2Nrt8JPT96LupjPXLMRTRfGJ,QmUcbVW8vNFdkXsZACUKfg6AwsPFBXzchjjJQVfkFkeSpN
277,25811853076941608055270457512038717433705462539422789705262203111341130501037,QmP4SYJc8YsRWKie9RwHXtDYY82znwXWuawhtrfzePeaQm,QmXKGwzSfUpvhawrDzsHEJa4unpsk4z8vYr1KotsQ57Rms
278,25811853076941608055270457512038717433705462539422789705262203111341130501038,QmaSydkquZuD8pyQ3KLxJ38jZQLHj3skNGFSa8SqdjNdHz,QmbcCpeJNaHe659DW5yMTjSf5Tirmunb3mxwb19YVFBUxS
279,25811853076941608055270457512038717433705462539422789705262203111341130501039,QmRQRnGDNM1eF3D9QrAYLzKCPcYYWnxoNRqq54n7vr4NcL,QmdpC38AxXgzdX6V9Wk9ykNwcQFKKpFjhbEsUWNozttTKn
280,25811853076941608055270457512038717433705462539422789705262203111341130501040,QmT7q4YKeip7umj2jKTKVt4d6QiZozV1DMCBxhpy42hmDt,QmSjsm8cLCbBH3GeeMx9E36EttLVYQ595H7X8MNgw2kyBf
281,25811853076941608055270457512038717433705462539422789705262203111341130501041,QmPqbYtPStEpSPx26g1tNCUD9aFqhR4fGPNGGyAoE4RXr1,QmQ2wVewEqFeZGba2Pd524wb865J1Z3WDN34eBSaVmvDmx
282,25811853076941608055270457512038717433705462539422789705262203111341130501042,QmUoVS8QWjHRoQF3HkQSxmCXrRpqDvZK4KGa786L4JPzng,QmNrGHFAFK7Lnk7sktKeyGm5wRzgpzYqQZzNrGb3pn3yWd
283,25811853076941608055270457512038717433705462539422789705262203111341130501043,QmQjdXdqFSEyxwx8NehVAhWZTZ6egE7Wiv3Y3vPASjrpTb,QmNdxZ2MSLf5vhBgjKCMxRotxsS2T21HM6tfinjzMmX6hC
284,25811853076941608055270457512038717433705462539422789705262203111341130501044,QmWuUttC4mkNGMnwTYJFEvWQRnfyuiXkBCwphknXUJ9gYM,QmZJKzM9y3dDYDDkEdZnEBqQJfVjLatQraieq86H6pSAdN
285,25811853076941608055270457512038717433705462539422789705262203111341130501045,QmZGHb2BCWd1dyCNi1prjLz4jXJPMtVSPStuduW4be92rE,QmP7CxSj8oqJbXcs5w537HFoUZs2qSuMPqFdvtcDG9gUJR
286,25811853076941608055270457512038717433705462539422789705262203111341130501046,QmUpnXrwwbY2nUwzMSFRNP62XUxMdJFbPEffu2KfVDAS4f,QmQmY5mrjnzA9UsKNeB5pQaxJVHvSdQguaudVxafc8aYow
287,25811853076941608055270457512038717433705462539422789705262203111341130501047,QmbRZZ6QwJyot2nV8yJw9JJbs7YzPM9eRV6KQDyexEWH7Q,QmaSzM75vvhP1tRZJQMz15CGJN7nwaYqaLnnPzSsx3HspH
288,25811853076941608055270457512038717433705462539422789705262203111341130501048,QmV1MwN8Ek1FJc5h4TXQ4kyT3PYpxCRksHNfMEnzv8NXGS,QmNsvm2hwRFLayixUq2PoqCTJ4HmzbEAjheXyp97LdTiUD
289,25811853076941608055270457512038717433705462539422789705262203111341130501049,QmURUEc1ijHhk8Yv6HvzByf8WjVDJtttDzWoWhKE38JcE5,QmTrC8ZDYuAncHcJKnEh8Th9FkwcPRn7Z9nwvurnCcqRyk
290,25811853076941608055270457512038717433705462539422789705262203111341130501050,QmWf6k8gBcgQ4ixiTdueLQVVipHMkzvSppdWuTr7TdZDBw,QmdYc3QfdjAh8fGKRqmyf8HjpjzZo4dhDoEMjiN9fUuMJR
291,25811853076941608055270457512038717433705462539422789705262203111341130501051,QmP3a9kjdko9Vy8bNVTo1V6ekpPLvpu8GzuhVXi2seGHgc,QmeV84KNqXdb3HXz4yE7VZ4AdZo4g5z4heNu292VKEmnBx
292,25811853076941608055270457512038717433705462539422789705262203111341130501052,QmUWGXP67WiUUy3LMoL6gWJnDv5LVu97M5y9geWrswnwxN,QmP471YLA325EG3mW34GTTnyt4KJLDDni8cpkxJ4ZziCHm
293,25811853076941608055270457512038717433705462539422789705262203111341130501053,Qmbr4E2RWrHFUVgYDgStPtV7Eagy1vpqQRaT88UUsnpzWv,QmctPwPvVadNypiW5VsifNit6BP9Ud2GNtwwMuHQmyAhyg
294,25811853076941608055270457512038717433705462539422789705262203111341130501054,QmRJzzUEiLWYkrXsBeeYvUjZKnww7ZFar824HzRGzhaYAf,QmbZ7D6ytcEQ4j1W2YLXmkhQd85MfZNZhmeSEjX8a8qRSP
295,25811853076941608055270457512038717433705462539422789705262203111341130501055,QmbZ3DQcXcMeE61AWF7T5G5MnduG4pxrua8FtZco2RJE5r,QmeEhiwKNWK93d9eq1suxw26N2CxUTtBo3SViEFrqwLWky
296,25811853076941608055270457512038717433705462539422789705262203111341130501056,QmTwX5uxvDTmPkvX6SKwvZeYvtqTR3YWwYQ43hhoaviQzW,Qmf9SGzUyxS2yxp4pCS6gQMrawTkQ8oWk9rFnL2bqTWy2E
297,25811853076941608055270457512038717433705462539422789705262203111341130501057,QmYkcS19bZVFB5gKfq18fbPMRjMetAtYfCoaM6v4BErrXN,QmQoeZUXaniHby8b6v16tWs7vAwyYjA5ke8aqsCCBAd8QW
298,25811853076941608055270457512038717433705462539422789705262203111341130501058,QmTyUmfPqrGmHFsbU6d6vbc5ixQRVvawGBuJ2ug6NbxN4x,QmbpBUARbn4YvMzSNGVDQUrAesS6qRZ9E9TQWTuPtwX18K
299,25811853076941608055270457512038717433705462539422789705262203111341130501059,QmX2JCwE5mTRNxrdN1XxfrWFDEe1Hbhj8kd3CP36virktZ,QmUoLEZUsjieofbZ1vdE3cxbV2zxfVNxnbPi5FrAhQYM3K
300,25811853076941608055270457512038717433705462539422789705262203111341130501060,QmW377NpYef9X4sSK6zbrqa25kbBLUcpmnG7DBfiDmUR3X,Qmav7mUDoYPuWNJT8bmRjj4dYWLhoXXFcbixbCpVCzeAta
301,25811853076941608055270457512038717433705462539422789705262203111341130501061,QmZcJmLQiiewZ9LUJfQY3FRPBFwQ5zhFWBtV4gWDdZAtP8,Qmed7cGrHFuvkcv1F8eTGdgx8TWqJNoWKcJpfg5P32vexb
302,25811853076941608055270457512038717433705462539422789705262203111341130501062,QmUTYvMSm3TvAgXHZVu6cVNweJoCnCxbbQJZDheWTuWQZ7,QmaPuVCWgU42NpTfTfxsbMg1vSC4fgGCQpFieQmcePHPU1
303,25811853076941608055270457512038717433705462539422789705262203111341130501063,QmUgC3ghrdrXofeEGskpaEyjAfCXEarhS4xoBfrX27VzNM,QmdsQBG1AM7mo4V9VEAeFpf3YdFz6ckqx9FtKkxu9NxZ82
304,25811853076941608055270457512038717433705462539422789705262203111341130501064,QmRS4FyEJT8iv5sWKpNKngkwSb5ZHp5jTwaVW9uwt39vHg,QmWeXGXXhwJyGYJ9FoBEnfV5t8q3Vfnz6zbzwqrvKRgb2w
305,25811853076941608055270457512038717433705462539422789705262203111341130501065,QmUkxjumRqv97y675JPVBTA9kmLbi2Q37qq1sdXHitN2bT,QmVBGzBfa7nUigPHMU5WJm66d5WNQiLnqKmxBhiAfYKJRw
306,25811853076941608055270457512038717433705462539422789705262203111341130501066,QmRJs33bywHzjm51uxAevJXv1doD51NWHtJuUX42Uhw4Df,QmPWu4B87kKHvD99mfTkGZVh1QWDxvHXNPzNJyRSLvhc2D
307,25811853076941608055270457512038717433705462539422789705262203111341130501067,QmdqvS3NLNoemmKMwBivUkAgyX7qYT6iAYBXMoqDt7Qv2A,QmeWCYgrQjehHUaqdgbrYwz3qjPPVS9839axr3tr4SknUR
308,25811853076941608055270457512038717433705462539422789705262203111341130501068,QmTkEjGDLsTyCnvuVPxfDwfJk5T8iepSQqYCxxEKm6KoKD,QmPaMScJg5GTiU46MBATvSUq4TGuvUrAuEnJp3XoagRQpa
309,25811853076941608055270457512038717433705462539422789705262203111341130501069,QmNZtEYMipKUgi2VrY68cjDx4WQqNEtjkJqVLyehpEVWdw,QmVSz9utpbrNcbgxxKqBjhvkD1NrsVLquaDQnvbHkTsTH3
310,25811853076941608055270457512038717433705462539422789705262203111341130501070,Qmf3ALNk9L9W2hTUxAdMxR7WDBT5HLGrdqCeFPkTt15fPw,QmYtwns5yvofzMWC3i62M6QUdGyVyacp71s1EJG6ok33PR
311,25811853076941608055270457512038717433705462539422789705262203111341130501071,QmXjwHGLRpXkFy1zx1HamNLPTHfESWQFasmaosw29FUHsM,QmcoSRTjjyYtzcfvzyoaytGPd2WZdgYCctDgGwREwUgK6M
312,25811853076941608055270457512038717433705462539422789705262203111341130501072,QmVE4qZiAWw83RYHW8P4m49RU95WpKWT4HNLrFBShZD9qi,QmfZNPxVxT2DewHzgrE8VLwyitQtAKr9FUAHMtsshu4jrZ
313,25811853076941608055270457512038717433705462539422789705262203111341130501073,QmNUq1y1uReZkvPEL17nixab8F6WBj2ctsNT456nQh13rf,QmQrKNgiVJnCSZFcnG343VxKxBA6nTQQBF5x39NkiYQQ3U
314,25811853076941608055270457512038717433705462539422789705262203111341130501074,QmQ9M7c7JN4BLHqSdJmbpvqy3QEZg8Y4zNYe9izSCE53e5,QmYQcwiwD4R1HGujsJ6u1KhsLQVz1iLyQVPFtXeEWu4FqE
315,25811853076941608055270457512038717433705462539422789705262203111341130501075,Qmc96LSc5zrimMQMMa5UfvXcCi1TAKsnNxZLSA6wVS9dMk,QmXkNUi6ZnvV4Kvcj1aGAfPKy28qMWyhqZNJmVNFPDmUf6
316,25811853076941608055270457512038717433705462539422789705262203111341130501076,QmY12K2qM4JrKGfMd6Vc8GPGLJXrrvtwPxamt1dQq5ryan,QmaqUWvnYJWZF3C8sPVF1Dm922w6jUKxSrXA29VY3e12mF
317,25811853076941608055270457512038717433705462539422789705262203111341130501077,QmZGCmXhJuFhkbAuPKEV78yg5kbqd5oJwtbhDbSGeEY9Go,QmXURLhVJExsdXenQRegsz8h3psRv8jxqV155zng1ZspX4
318,25811853076941608055270457512038717433705462539422789705262203111341130501078,QmPTxhn8Fdt3C3xeGUQGrEoCCsif7avjdBWunAZYXGjAUj,QmNwN2zj66QkkpMhb4ARKgoMPmoaBPKsTekpBubehARS18
319,25811853076941608055270457512038717433705462539422789705262203111341130501079,QmSHKw9coX5f2gZ1rDgxjaH6ixjjc99kREbboqqrB2MyXt,QmWf1FCxfEH1D9yyEwfJAGjUiqpbEdYDDfsBmuXtterjCB
320,25811853076941608055270457512038717433705462539422789705262203111341130501080,QmdEtsQVMSP2jEWHh82M8rmbFyMcgnYdSf4FppZauMM4JE,QmWSjbmyjrumihXYaTrQJkw8VkgqFzh6oua1JBgVe3fWP4
321,25811853076941608055270457512038717433705462539422789705262203111341130501081,QmWY1JkFPVE3pmrH8U15VWMrJqiQkDH11y8DJzfcpGYsFP,QmaN7FYowMPB3M1L2gWStgZ62WNCcYaF3VkmJWfFdjRowY
322,25811853076941608055270457512038717433705462539422789705262203111341130501082,QmTXwwG1PojGfMGBhPd8cD55jbMy2VBbpDZfTTv8CaC3nU,QmWE9LEgLAZFPQgeQzyYfdtT6ER56nnQgEgHPpmrH75iX8
323,25811853076941608055270457512038717433705462539422789705262203111341130501083,QmU96EC1V4fTJJPL3KU2TNggWzymzWuHT4mg92ZWHUTd1f,QmYspkZR9ByFbiygaGHA3qzQwN4pHdc8ftWDqXjCkoT9uH
324,25811853076941608055270457512038717433705462539422789705262203111341130501084,QmR1QBke8NGv26qpu2qysTMgCiLc2tBRgKdJUwfjhrzQWa,Qmcqetsqwyz9gkZ7RSNFtqUhoQBr59WxcMu8ht9LYNoz1S
325,25811853076941608055270457512038717433705462539422789705262203111341130501085,QmSc9gGhHiWTw5JPqPZyLpTbsdQqFzHvsQu3nPxim3zEcZ,QmYyDVVZbjxiTkkUzPw2kgfqBQcXFfZGBVBmNvyjqVgfuQ
326,25811853076941608055270457512038717433705462539422789705262203111341130501086,QmX5btSTgcZXjEdzA47nr6gaagPyMKgRGaEv2N1SezRq2U,QmPNs5humfo3qxxPaUGyrU6vH51rKfL6y66Ute3atjeEhA
327,25811853076941608055270457512038717433705462539422789705262203111341130501087,Qmdef3A7NAzeFFD6QKgs6XM6ffresUuLQYRaCPaaJgtMz1,QmQMqQz94t4ohBpaX3z3UnvukDjEriK6h4JHxkbURYhHoj
328,25811853076941608055270457512038717433705462539422789705262203111341130501088,Qme6unjvuTfHvbM1gtS6cRRE5gpyNzs4xShf8uUSCHLjPU,QmSkNSJVpNRnyt2fmPbUS5MhV2ddZwEco5KBur2qyNrbPT
329,25811853076941608055270457512038717433705462539422789705262203111341130501089,QmNyU2y3ivrw6FRg47giiS6bFAvHqntojkmdA2sQxs44JF,QmWF38GZPaqZMFyepPe6mLDLgp8WWcBpVzuezu29XemFFU
330,25811853076941608055270457512038717433705462539422789705262203111341130501090,QmToi7TNFeXFFZh6mRUzK34QkE58L3AqkHoQaaJM18ehUe,QmUZNRzutgiwx5DWqAStKH4Np2ZTxdajc28YxkVxDhe1vp
331,25811853076941608055270457512038717433705462539422789705262203111341130501091,QmafA7FECHctzVxrqyi61d89Czy532PoS3poS5MqTLnYSx,QmdoidUgMSo4xD46pRiDJVSLNbLjDEvpYZMNDhXVmptQip
332,25811853076941608055270457512038717433705462539422789705262203111341130501092,QmNeGZN1ikU3khnp6nT1ZBe4qNaNyD6C5zQHnaDtD59k4r,QmWVR3SP1Su9NfSZAyiUArZDkW2Jf3qg8Vg4AGtzzJeu1D
333,25811853076941608055270457512038717433705462539422789705262203111341130501093,QmP6FxuWb9z7vFJGyVtFHPLUP7nMnBK7Q6rebxqq2yiKep,QmWK7db3Ce4mPztvTc2gn2dJJP6d5wM7JCf9tZN89N6FqE
334,25811853076941608055270457512038717433705462539422789705262203111341130501094,QmSUABDJSAFpCFYR1KkcDPnG5Pg3fu3Zy9qSjxQTmXWZ8q,QmTu1VFyHWXzDiHxuiKo6P6qetFeB99ThdAjwyFzkGX18D
335,25811853076941608055270457512038717433705462539422789705262203111341130501095,QmY7rnFzJgLNAAXkmmL3yuqepAnSLjRk7hfHpqbALSGLLX,QmR8fjCW1RiJcvzGp1HS8c5JtBSyqvn3TsjxcUu2rdLg6X
336,25811853076941608055270457512038717433705462539422789705262203111341130501096,QmNfNba8vgS2VVbkdpXzmfh8qotGSbxEaFqXxyV5FDRjo3,QmRDv36ZyiVQddqSnNYCDpFJZCsChXcm8JJdoCZNmF71xL
337,25811853076941608055270457512038717433705462539422789705262203111341130501097,QmS7Yi873CLePuyXfu8kaWkh4B8dXwXNyJJhfVy7g8HEty,QmPVqk6UKQUdSkrHrNL2MQZ86UkhQMskUT6crkx4fHEfLP
338,25811853076941608055270457512038717433705462539422789705262203111341130501098,QmXuFyBzCckAuwweNW7pHfmADbttufscCt1zwfXtefFdUB,QmVw2yd9EkEMuH6xVUbX6aAu52Erj9myeY89pHMtaJXjPz
339,25811853076941608055270457512038717433705462539422789705262203111341130501099,QmWMNRrtfGXrpRwW4XUhmCFuWDcBKXsrXHYcc5NtQARdys,QmQUSH8nMgaRVCxEM55owAo3SBvjrDEpadLUvbHmCwxtZF
340,25811853076941608055270457512038717433705462539422789705262203111341130501100,QmRCL73ZXrDs6uv1sKgT2mCfWmGYYaYVbPwRpSVxX7CKyB,QmThfhRr22m7YUDDqLBWzFFdh7kTxu5ZMpBUMEV1FK6Nxc
341,25811853076941608055270457512038717433705462539422789705262203111341130501101,QmPxQ1iS695ZRBZpbEgbFKm3TiMqFzMSUZPXPBXRDZgKUo,QmQUxkVHzWeF31iayaubdvqWUKEgASnHM2DtCARtPwwqD7
342,25811853076941608055270457512038717433705462539422789705262203111341130501102,QmX9eFmkSSoCUPxuBruuPFtXCdrZKpZdEoztCezZQF1Yq2,QmUJ7PgEwyHp656F3fQc56tWTfrJydsV7aRRqr9tqMreAs
343,25811853076941608055270457512038717433705462539422789705262203111341130501103,QmXx2aucpFxFkbGnt2ZbD4fD7Mdi55rfZj8BdVnoxWs4c3,QmRMRVCf2ikQ77AVKFrcXdMa8vsTEw6qC9c3aYFKBUAw2f
344,25811853076941608055270457512038717433705462539422789705262203111341130501104,QmVgbuCeNi52jPfXo3xRDAgFyB5uzyykgkwDX7asGmHEUe,QmcMUnECZS4mHjJ4XMUdABfX4d9CbbZ7pdVZCwq4Uzae8Q
345,25811853076941608055270457512038717433705462539422789705262203111341130501105,QmYrRTySdgZVEHe96mdjvdGJg6HqtvpyuLUnFEhLSckEDz,QmbW3Z88exFj1BjUjemLjveZwuYS1yX2NPb5waKsLd3jvP
346,25811853076941608055270457512038717433705462539422789705262203111341130501106,QmRiS9N8s6dminx7fvGjGtmsbdk7JxscKGBzMHHMPUnuKy,QmQKtV1gioiuNFHean4BXj6VBhnK14vseXAdxtCFoQ1qRQ
347,25811853076941608055270457512038717433705462539422789705262203111341130501107,QmXy7RECjmH4t8bDd2RW43aBiP5MrdfoEBu1wbcnyeNWQE,QmPGuwhq6K5nxzcZswHwwKrsMcN6MyruzJicNeSCXSSHEZ
348,25811853076941608055270457512038717433705462539422789705262203111341130501108,QmRJXyJE2yEhDrxAfePMyY9TfqftLMp1kJ6fp5CRHXNuyh,QmQ7JL1QP8oSQsvtkc879AMqVXU9xBYu5FhFKCvcoPbM8j
349,25811853076941608055270457512038717433705462539422789705262203111341130501109,QmTdy6rGSvziwWMjDpnAdrKmb2MpDfHS9Jcb3V4eGa9rrS,QmcqLz1c6LKaq7asMRW2HzvWgWDRJ73tYMq8n6jXWpeKvm
350,25811853076941608055270457512038717433705462539422789705262203111341130501110,QmTngsFR7ajb3WfEe7pYg1dN5ubgzeECy8o3wGXQrmW8gy,QmcmkfmjfPqXrjFCGK5M6S9e9K7XToq6R3WQBeXFpfeiut
351,25811853076941608055270457512038717433705462539422789705262203111341130501111,QmWz1XB4uDbHhaajP4bPgm5agSHqPGHmvc7PQ3XFubUeD3,QmPbQ9FaLw2A9MmbhH4dbkzC7Ve2wMfNevs8dsNEmz2A3G
352,25811853076941608055270457512038717433705462539422789705262203111341130501112,QmXfhuf8LUrfsbFUHakqrQN5pXPg3qzAAkvsQK8KmhdL9T,QmRQAXwKGuxj6ydmYByBHxnftbHhZ7sH6UVFG7bM8HUH3j
353,25811853076941608055270457512038717433705462539422789705262203111341130501113,QmP71EuTWRM4FoiJC6EzThi2MZacN5Sy4JyYzxz6RUWYyw,QmNvz75p9JEsPGdxm4LPk5ccem73EumNFxoiM5DmfxerjQ
354,25811853076941608055270457512038717433705462539422789705262203111341130501114,QmYk9V9fG7Q6BWE4DeSNKTjc6Wq8NCnRnEATXYK9HMnyzF,QmaQRrxvHUFvtLjkA9SdghmSZpoZwjPvBbuhMTDKM1JXMX
355,25811853076941608055270457512038717433705462539422789705262203111341130501115,Qma4nRddWmHSr8nb9EuGMvCXGCLjx5bm44dKLWRDanznLR,QmeD1aeEmaYXNxKSCFGoXVigu5s73tseg3gMpkXMvKHXQC
356,25811853076941608055270457512038717433705462539422789705262203111341130501116,QmdiGwyNUzkbUQGg1CEjCwFtmfEEi3mrmWDgPsXLUUrS6n,Qmb5dkhkXrnsbWWv3PtR3xKhzer7HLa5S95D1k8H3XpGSU
357,25811853076941608055270457512038717433705462539422789705262203111341130501117,QmVwmVCnfwk5dLKTKPMAw2snPU9i2Ket87vaxYd3Qyu4he,QmeUzTd144nqTDtA9pAoCZbnXKawoDEyyYsecsHnkgC25X
358,25811853076941608055270457512038717433705462539422789705262203111341130501118,QmZ5E1LGf9peZY8TBnSnZAJpWCf7XrSdN25sEGx2ibkc7p,QmU7YKUy4jUFxz2caHZUqQGriWr8d98ZbwCJZE3nhbkULh
359,25811853076941608055270457512038717433705462539422789705262203111341130501119,QmSy9jmZaFsj1HbgDbUkxM94MPaXRPc8JTawDM2c6PXgDL,Qman7jmXtzBsWJetYUZTEYdjoh5DVSsPxUdwJeK6biAxZq
360,25811853076941608055270457512038717433705462539422789705262203111341130501120,QmPK6816vUxSUL5Ta9aodT9uP1jdtsSeXqryGbBcpw1VJ8,QmUPopmeHQqSwFvqMGJbHzVkk57PGUaaXnaD8TFLrbaS3X
361,25811853076941608055270457512038717433705462539422789705262203111341130501121,QmP8QTxJoJVwFQGqxoYznzATGHHNP6tuYmiN8TyqEo5RkT,QmUV6Mt2rtxTzrNtkvqbsU5LPRVNNEbhH8jh6iRTg2f5tW
362,25811853076941608055270457512038717433705462539422789705262203111341130501122,QmboWnEb8rgF75SR9ER51yTcMdwXXEQZcvdxcHr4uRBwWn,Qmbzinhn9Evf6p7wFik6Kjm7kvrioYkQ6aWo2ZfxK2LnnV
363,25811853076941608055270457512038717433705462539422789705262203111341130501123,QmdKCoMRLTPGTASQGEEV2yZSuGxabrb7B4ipgLTUkZbCuF,QmW3ZknXYhaLE2xqxEyd9UPTiYMY5cT1rcir4UXf5roUJh
364,25811853076941608055270457512038717433705462539422789705262203111341130501124,QmSowdMwRsGVvY3gYfMY27RuU3nB6PvM5Xf25tchjTZcAP,QmTh7yJacWSEVnSNSWHoDqwEywEMtVSym9hpX4GDNNZMxk
365,25811853076941608055270457512038717433705462539422789705262203111341130501125,QmWEyk9DfgqQ21rLY2Dq58XivUZuUV7StyQVngYKfWExeE,QmRfUvEC7grANcX6nqdrd8y4pgPixsZQ9QUuANKeLiteAK
366,25811853076941608055270457512038717433705462539422789705262203111341130501126,QmdELrb2kfveQchA7vm1HPRUUXGFiEbpXptfmbX2qwhy9S,QmRPNXzu75hk7BqzTsJScqFmrLQaFsBfKm6kQ8Rq2iPqB1
367,25811853076941608055270457512038717433705462539422789705262203111341130501127,QmcLSo9LMtjgZRwwWVnAKVJVHJhJ5nwWJQcdy8JGsSZhZk,QmSa27J9gi9vzxozPXEGcjtwiXReXewTHPBydk6zmAMEhU
368,25811853076941608055270457512038717433705462539422789705262203111341130501128,QmYztEjNjjhybeV2mQU5k4hTDTz4QF8MpiGXHcBqvRBEfC,QmSN75DjvyS6yeSheP57oXai2bgpLw7wVJ3eBawA82PXsp
369,25811853076941608055270457512038717433705462539422789705262203111341130501129,QmbpAD2Xr1CuarM79ikXbqBXQ1JjKAkB5tAb14sohjhVbL,QmT9D6DuSbspWJhtipahkzDU21GTtbP6BPgP9gZZckBnS6
370,25811853076941608055270457512038717433705462539422789705262203111341130501130,QmZjUXdbnsX1n9WxRmEQvawkGb5SyEnzdTKgLvEj9xoE15,QmahSUsWfUvXuhE5eHCWhGbQuY98j1AbzvKAZ5SPNE8MbR
371,25811853076941608055270457512038717433705462539422789705262203111341130501131,QmPk2xdaq8BS56n1EEBSkbm458cUDH41dWraKA4woNqimS,Qmc7j4R6CncNJX63VPXet3n2ERrrgNtqZZhzyqDSiD8b15
372,25811853076941608055270457512038717433705462539422789705262203111341130501132,QmfNbiyyFTDxVjMyKgDtuWerW8DZ11ajrNsuHDYLDnBZoE,QmSvcAejKL5QxBr9Nvjnxckj5oYxyxUS8DPUcC9SdghXDN
373,25811853076941608055270457512038717433705462539422789705262203111341130501133,QmacHDaf8xLFGEYEcVnE573JfmDiBNzJW8AQAKCBWMRQg4,QmRtxJhp6FvUUq4hMDgJUGLjqU14YBEFtpidCTzF3Xn9Jz
374,25811853076941608055270457512038717433705462539422789705262203111341130501134,QmXhK2MhxHzZ5XrhrfX2G9zZcc9Bui9fdKDXQZrotCBxS3,Qmc94muA3xuVjeZMyJaU4gZYLDfQBJ42dogGTZCJYY5Wdd
375,25811853076941608055270457512038717433705462539422789705262203111341130501135,QmWg7nTWC1wvufaLMC6G4mRtmYqAnnMyqpxVrG8ja3PwdQ,QmSXMBJivfwuiWVBkrBqQvzdSsYA8nakf61pn3Xpktwmc3
376,25811853076941608055270457512038717433705462539422789705262203111341130501136,QmcTgYrE9iZ1TTPEbEqaL8mJRtYcsW3E2tja5gm2oK1AX9,QmfRq4a2o5Ec2cT51BwfnuTTUB8yoq4KkRjA2DC4GrUAaa
377,25811853076941608055270457512038717433705462539422789705262203111341130501137,QmPiVqZin32LY3TGzhxk5bq7o1gpY3thMf5te45p3XzLTC,QmSHxwwKvYXbYGzMm9AWAZvox3n7ZLDVyoLub9X6f7e21A
378,25811853076941608055270457512038717433705462539422789705262203111341130501138,QmfR34cwhWmtS94aPGpr8gRTohQJ5WgHjS5DejpnXFrsQ5,Qmav8nwaASM7pWtU6zXLM1FFpJczQeCj2wheAmJttmRoqG
379,25811853076941608055270457512038717433705462539422789705262203111341130501139,QmPsVchMaW4aDDnkskbewjtRTnyssNXDyrhEMaD2rn9sam,Qmd1fbcUpAQwcRiGrZeMGzDHPGSK66XW4SGBeXARToPYie
380,25811853076941608055270457512038717433705462539422789705262203111341130501140,QmNghRVFwUtgjvSQK5haxE9ZKA8EFedX9dbG8YK1Yk6ksK,QmRPpmqBuyjLDtEoXMccBytii9xJ24aHUhpuNyVziMy1cm
381,25811853076941608055270457512038717433705462539422789705262203111341130501141,QmegCRwNYKikURBF892Fg6RphzaKhwWi91c8d5CMrLSZtE,QmdXxaUbXStpSaabvtS5ZTVvhRLk1oAdHjHK1DJNVZqMHe
382,25811853076941608055270457512038717433705462539422789705262203111341130501142,QmdnX443m5wqjqFvvbhF7mbB4k6F9vDeGCMY2GvBqwEJxU,QmbjBqjkzRHV4hL4ti5yfYsAkwKxnAvXyeq7FsejamCQNH
383,25811853076941608055270457512038717433705462539422789705262203111341130501143,QmWwT68tR8Va1iCXqzdy8xDfYWcKwS3iuJ4PqZRUzUiAak,QmWWSMBT58bXd6tS2FP25MXTWJj8f9nLkWjkT35NvnvH6x
384,25811853076941608055270457512038717433705462539422789705262203111341130501144,QmZpnEN2W7zTz7B8YuwJvt8ajK5bYpMqjugZUq641az34U,Qmf1QGFYcxwLNdx5ExJ2vtdMG9PLetBSwC2Yn7v3LVbiTQ
385,25811853076941608055270457512038717433705462539422789705262203111341130501145,QmZ5MK2QuPU6nDZe2Kg6WakVaXosxMNTYVrN1Egu6WiS58,QmSApceh1Hp9L9iPTuoCckNKvH5dfxgnuwtx9EJ41yN3CV
386,25811853076941608055270457512038717433705462539422789705262203111341130501146,QmdUy3UX9YsThmhaRYyzzMXJ4gAgvgnc1ZqBHVVLk9ePM6,QmZS7E9zojzqHpPFt8v7RiNCmPSY5Y2d8PJ8TNmA1mkdob
387,25811853076941608055270457512038717433705462539422789705262203111341130501147,QmNPhBWQPj9ofZ9EQzsyNcJjBzm3mt6xLonC8riFoBScj3,QmeuPhjHxRXDGXDVVikVebRJwo6zE19XbTD1Z8GbN3KExD
388,25811853076941608055270457512038717433705462539422789705262203111341130501148,QmX1TcokmQZ837PC9nt91v3wcQTLxyzADb6QjxW7Jb8dLm,QmTzTrwrcqybnxAFEuUt8AJZoq3maQ5cZe1D23NQhdZ16r
389,25811853076941608055270457512038717433705462539422789705262203111341130501149,QmYXn2XCV1KDgFU9HDRLNg5RG1TtmSp9aBbHDXNQMBnL6d,QmaoEoD9Y4V4tdQN4YUpqRUVKeeX968fvwMdz91DyNxbBo
390,25811853076941608055270457512038717433705462539422789705262203111341130501150,QmbEy4cFXE6b2mtWm2TK3L75S2sHf2ZXtQ64XNAGmJoUwG,QmWw4AhY2netHUXaoqdZ4nYr4gfGsB76uh922DcNco8uZQ
391,25811853076941608055270457512038717433705462539422789705262203111341130501151,Qmev3sEpuzVJvrh6CdV5TEquiut81bebzhFywMS2DMVtW1,QmT5sVaowGNaZGu8FG2nF1NRC4iG7qicivkjjxcvwL2z68
392,25811853076941608055270457512038717433705462539422789705262203111341130501152,QmS1NJ9R6ZCoW1WQiGn3hyzgQoampSqZpFdC5QVxCWAH5W,QmUsFofZEQvM1Zr6HK16n1b2xGVFTDHoYDmHfr9BpU4WTA
393,25811853076941608055270457512038717433705462539422789705262203111341130501153,QmRTDKPRzeRrZGKwAE3SevgaS9wn2XKY3U92r3L3Yksncy,QmTXgmj9bx6QW97W9Hg3oQv8Q83hRL3ntYQcvkTLviuALM
394,25811853076941608055270457512038717433705462539422789705262203111341130501154,QmW89zDPaNSwggYSr1ZPw2gWTCEc7UoEC338G95HzXYH4i,QmSB8XftwQ96NpdEhSJuvWn4RiGGje5cNqMqAiApHWi4p7
395,25811853076941608055270457512038717433705462539422789705262203111341130501155,QmQM28HHKh5cDgkG1nM5JHUSVTgHrDz5LakEwZfwTsnXak,QmZD8zYTt4YhxDVYXZVtKTTvsJNL6vpZAGdF4Cndupv3JP
396,25811853076941608055270457512038717433705462539422789705262203111341130501156,QmRwtscWZ6ywrpZfzQj8saVWUtjCVQuN6xKpnR1REsEQmB,QmeCxv3JGaRuVNk6kQs1dHgwwi7uiVyMpui3678HEF7cq7
397,25811853076941608055270457512038717433705462539422789705262203111341130501157,QmfPQuoge4ZnKLzotzbXow4dAjARStvCv89DFXXea3MJ5v,QmWkSji9gaqQGfEupS2KaHC4ZKbAjdP96jicszu24rjEmr
398,25811853076941608055270457512038717433705462539422789705262203111341130501158,QmXE7u7upeE72v4Qx3x9dSB83ZLqmCgt8dSHX8uStxqcEK,QmZEzEqeXBxiFCzAjkTKJvJXSRM9fwFXvyqCJmkdA2cyhE
399,25811853076941608055270457512038717433705462539422789705262203111341130501159,QmeEkeHzUziHWojnPDJacrmdLrhHdzytWhY5j6twt95KjL,QmQktHe2RRGuka8v4iAatQZ6QtTPdSPjuwq2C5yBEXQKLt
400,25811853076941608055270457512038717433705462539422789705262203111341130501160,QmUqjkY446MVFuMAmBNXRk2PtpXBr346WtpY3otFCsRKSF,QmaYBHyVLt5Pb45vYnQY5QTVeFj3DZQE8fRbZS8UrFsgyd
401,25811853076941608055270457512038717433705462539422789705262203111341130501161,QmdG8N2ZZ7xWgRBuP2Ds6e2hKkYWfQAN8cVrukHGQYjYzQ,QmadnsHgTvUG6aFWkkGs5W7cuwyyMCkPNHZHrLLqVuzVQ6
402,25811853076941608055270457512038717433705462539422789705262203111341130501162,QmVMm8cwp7cpUNnQ4VEcRQRyw7P2eSTKEGb3i3KKMEvDkb,QmPTMx3BQHFa1gYx16Zw3dAcnLFAgT6pLf1BtsPgwtShXQ
403,25811853076941608055270457512038717433705462539422789705262203111341130501163,QmfYSM26bWte7bHvPEbUNDSbGThuAwg536ZW8SqBM7Kt6c,QmcPBU8kPgW6wPBeZoMSoHNopQwZ5zoJbC3peCKV6ij36B
404,25811853076941608055270457512038717433705462539422789705262203111341130501164,QmNYTzqTyNX4g1abWsJXkGPwSjM4SQoheCHDwSqiE8GqZ6,QmPJiMBLshKT1cn3S1y429Lib6pTaFZVvdwEJfQ2qXuAij
405,25811853076941608055270457512038717433705462539422789705262203111341130501165,QmUpg88vwRVxxuxbPSa6nEGMAjHqGCR18vY6j11uvdramo,QmRwWtN9BYbPGEPc7cpq5NWV73gppphtmDA72VcM1kwdok
406,25811853076941608055270457512038717433705462539422789705262203111341130501166,QmcuQMMX2P5k2fCNReicVzszJTbZQVPsrm9Q7LDvfVD13i,QmbUvYXrkD9eKqRppwZoYyxRjadxwJ1kEhPPRDpGk6YAk7
407,25811853076941608055270457512038717433705462539422789705262203111341130501167,QmfWdUAPYqYuejEp92MBVdougnD6YBq1Zgh8bXs4Kj2HKv,QmZ3fhbz1TzfX7CFuBFjKzV2AupS6cDppjG1DfcdxvatHS
408,25811853076941608055270457512038717433705462539422789705262203111341130501168,QmTmzNNTtXjHzL8bHG5FPTQ8Y8uyDL76jCik7KyJvqhDuT,QmSwbZsWooz5BNH1GGvyF1HrjXtNEFKdMLrmFAbjxcw4iF
409,25811853076941608055270457512038717433705462539422789705262203111341130501169,Qma5sfi6X7SdTxCSSTYCX6NoF2dpF6fWsdTANcngnKN6BU,QmXetz6icHRBEaxeQEG7YDrd6MZeCCko474kyGJUYVnwnX
410,25811853076941608055270457512038717433705462539422789705262203111341130501170,QmYGg6rLksVt4QLd5EAQYukK4529JisCG2mf4D4vzjLR3X,QmbdPM5Yp2CX9hN3vy2iNGqC2G5dWBov2Y1E4EtCzQzNqr
411,25811853076941608055270457512038717433705462539422789705262203111341130501171,QmUepvmcjGuKMoVGgAyGdX38ibHQagiLNwpSbqMPYNMwVu,QmdHpaWvvMounPGNSaEvxVmMNmZB9C7769NuAmZeo9Liud
412,25811853076941608055270457512038717433705462539422789705262203111341130501172,QmRquDeDVT2WzaFno2pvhXU5m2w5v1jqJuQdPws6erYmw1,QmQyNAwTkEXrxc8zL8fDWS5zTDZmn2Y7NvnWDwmPSEBWww
413,25811853076941608055270457512038717433705462539422789705262203111341130501173,QmTUzNrMjBPw7EuW4yGUVF7drtYxoZ4YPzgNtg1ES8nTnT,QmVj3Xj5xNoD1EDDZS6AqTvrfg5aJ1NNc8zNLRa4GpZQHp
414,25811853076941608055270457512038717433705462539422789705262203111341130501174,QmWuoKDQ35Twn3cBCHTyyNpDLopY2CKzFhvAVuvS3ZSa2Y,QmT4gWJz5UYHZtUkw4DgnRYwbpYB2FhxU84LMBegNfR5FT
415,25811853076941608055270457512038717433705462539422789705262203111341130501175,QmYJn6SGoWhMschooDdctovLgi1v2RomobsnL7U2QhB6QN,QmUvgz8nXa5UVhuvYNUBdRybZdfx4YCp5w2oCAZYvMmQJD
416,25811853076941608055270457512038717433705462539422789705262203111341130501176,QmUsFjfjQZBRVGoDKJ2aEDwXhKASRMinjEMLkjJYsaLcSv,QmU3oYPEHdWmHYzmESLUYy21uCAM4B3z7KW4iZZt6Lu2jQ
417,25811853076941608055270457512038717433705462539422789705262203111341130501177,QmUuXRYUbsyL5ehs9S5LVHhKPUibCcpxV14yaxpaRRDEnP,QmZpuNDsn8b7AdRwJqHgbBxe83gUtMfsb5Bc4Yz3A6XgFi
418,25811853076941608055270457512038717433705462539422789705262203111341130501178,Qmeh7dCrVfBmaf6fbtc9hSnSMoKNuMUryvpdTtpa8bVs94,QmWa2KnLnPX8FHpaMNj9cBnBZBpwGBmsg1kDpDcnfmJtrd
419,25811853076941608055270457512038717433705462539422789705262203111341130501179,QmWAVnFCPyNkwrMyNV5N6cp76jyWu4b5CFUTgxCctHrdkG,QmNVhQett1N68w6asAq5WLzsbEfnsPMbochf4eGPJ2Z2NM
420,25811853076941608055270457512038717433705462539422789705262203111341130501180,QmaRjV6ukMJQkYqJQEFjf69D5pQWbWwwLtJKhtTUpSma4Q,QmV4PGGaP8QPYRatGihd3ojTQLaftReyjYYmMJ1mq1m1Ne
421,25811853076941608055270457512038717433705462539422789705262203111341130501181,QmckgjWn7FF1WY8wUBv1BZNvkQWipTMQUGSe7bq6PKgEf6,QmcT1pPja7bAjXDECQ2JUW18tMmdj3aaCu3bhAnzxEyFqQ
422,25811853076941608055270457512038717433705462539422789705262203111341130501182,QmbyrfmiyLBmeDhzsV6rKUw4GLuaQbBs3ptE3dxoFMFWMm,QmZq8Uw8EsLP6cSRe1odsAPCKxvEZqBrSDVUbQumb67Wb5
423,25811853076941608055270457512038717433705462539422789705262203111341130501183,QmYEc26McvJDM2PvvTE42jNifisUKAwKosfvJKwwUpSTyr,QmPhwEWB64HMeC97tbzEaMPMXb9qp24t84tMig6HYgz8Aa
424,25811853076941608055270457512038717433705462539422789705262203111341130501184,QmeisC8uVfLG8Ug5awmGpBy574qZFcQq7HECQydUGNN7zo,QmWpmFLyHPoK5QZgNroAP7KMGEbh3HTjPYM5KoyuzPPr43
425,25811853076941608055270457512038717433705462539422789705262203111341130501185,QmUypzwVNkxun5EHgCMfDoxjFPnyskUMA3J8HLAsVn51ZF,QmS3Jnz72DM6TuUweWetUwpjT9bX4UHKTMMA88VdVkip3y
426,25811853076941608055270457512038717433705462539422789705262203111341130501186,QmToghmZp66TfLZU424LzVkcZCzW1gc4JUqW5MmUiUuwyp,QmNRntm6cUCQBdLRi9jU6MpRHNZ8CzoRqzCBw4zxWWaepS
427,25811853076941608055270457512038717433705462539422789705262203111341130501187,QmesrPFX6EGKg4j6TPJSKQK8VoVw8j3EQAaD1ucrJ9LtNq,QmT2G8NVJK4NJaKMz6UkTf7qKYp8DbGnQ4bXDzMcG6AvWR
428,25811853076941608055270457512038717433705462539422789705262203111341130501188,QmYPFbpEJoC5ntZ1NuPATLc7HvA3kdW9ah4tvRoEWkkTwm,QmSLUHCthq5fCqhgo3PD2GUVf4a3AsdHDs9ahvrtTmQ6f2
429,25811853076941608055270457512038717433705462539422789705262203111341130501189,QmNUhiMhEm9CUn4NAVEufYjJcHnei1ST2Y4jHnjDvr2pmL,QmeVs1qzpwRJbyzSPxAgsrhBxZzEJZMhZnc2S7vaxbp8tM
430,25811853076941608055270457512038717433705462539422789705262203111341130501190,QmSVarhAvexkTU1yDKM7Hi7ta7ZvenRpb2VvC8968ZZRe9,QmdBzThNyHWt9ottcK7vMEEhWHDpGkhsde5MdmvvTof8UG
431,25811853076941608055270457512038717433705462539422789705262203111341130501191,QmdcwuqBprS4b2p22D64AXtnHXuvUWbugY8vwsdDa6AjFA,QmWaVA1CAH5C1w5UkvmxvHXooTHJjetRdYznnvHbDf3v3q
432,25811853076941608055270457512038717433705462539422789705262203111341130501192,QmXrmBRh2UdmyG6rUEkXuwSRuuwSxR5Gsm9kdoCXgwNphj,QmevdACDTBy9cNtRYPHcnDR4FXHEqqfri3RGwad54y5pKM
433,25811853076941608055270457512038717433705462539422789705262203111341130501193,QmTzAeAm2NRPL6Vjiy53QF8t5Pse5qFKx7w9ChMA11jHFv,QmZeLL27gmcfjsX5ADTu276p58zw2o5AuogrEwBYshw8zd
434,25811853076941608055270457512038717433705462539422789705262203111341130501194,QmPBEAitKtniG2TQad4MhZsoMAisXT6BMbVGwEjus5H1WD,QmRCaChrSdvX6y3Bahcse8qfJ4Tje7YBZLYVaPk2vuXY1x
435,25811853076941608055270457512038717433705462539422789705262203111341130501195,QmdJsH8rQY8TMAX4aiZj74m4cebnbE33HaQRDK1G9ZXNG9,QmWp6DN6eFCSWcq7NMfhVSq4W4UnQrwV6Z9djqSZnqsiyx
436,25811853076941608055270457512038717433705462539422789705262203111341130501196,QmdkxbHAqii98qEuqmZeYqs2rwoaZwMjts16fN6TGsCdZm,Qmb1zvhxhoYr4uhCqcapM1GkeXsFceNSoKavvMhQcUiNTQ
437,25811853076941608055270457512038717433705462539422789705262203111341130501197,QmWyBeVSaYk6ddEqiUaftfjB8PDe2BjgrA7Jk2uy14LeEd,QmWt5h26i2aqRU6NcUhB9fw3F6t1ySovzTSXoAyWzdZjet
438,25811853076941608055270457512038717433705462539422789705262203111341130501198,QmPStq1a7hk7vMoTARAomEs9yb7k4XHbpwFasohzv4Dvzj,QmZjuMwoWjNmJCv2iwd4nwJyjobM8ik4jmhxjMgKxPqWWJ
439,25811853076941608055270457512038717433705462539422789705262203111341130501199,QmYUDBSdhS6ozELxzDiZNgdipFwLbHYQ7DnTivATgsD5sy,QmbSS65h7Dyfcq59issbSaqJGo373LHP5RJBfC242SkPkp
440,25811853076941608055270457512038717433705462539422789705262203111341130501200,Qma7zDDSShNFcNi3GeTTSAciH8wjiBNk1AfNsUZq528yEJ,QmRHCtwC9HTsiUE1CAywAHSUdGtxUyaq1ThSzXKjQuHvvH
441,25811853076941608055270457512038717433705462539422789705262203111341130501201,QmbqsjMujEDF7oSStkU3kSPiH2MfKMT9cQJQdB8VzzMacV,QmVjBQWAeHGdWM39eA8fT3YERQCWaGxjXreEb4ePJC23cD
442,25811853076941608055270457512038717433705462539422789705262203111341130501202,QmeCZXdzxXCi1fq2uwXrdLNN71mDUFpsyqoP7G4N5x2VW3,QmTJWRPtFdYbsT5RRFoZnnknzLKed8wP9RsoSzQZytZWsM
443,25811853076941608055270457512038717433705462539422789705262203111341130501203,QmRruKPqnE2AfgVRCJKRTNm6C5Ln9wX3FybGvEMrkzACsf,QmX3tzM5QkmA6j1eJ5CfeRKjQzhLrJrncHULKTWtHX29EK
444,25811853076941608055270457512038717433705462539422789705262203111341130501204,QmSYLtbitGHTsRJooXBf1M9jDV4sdfPst1djUAUetkGzVD,QmbzyRwdt4q2WHdZJGubhaJHqyQ98DFUwrQDBmRa3rwn9s
445,25811853076941608055270457512038717433705462539422789705262203111341130501205,QmZU4PJ5QbZ9hHufzzwxMGVL8LGEZMeNfLL5zWdJXpHum3,QmVC58f8utseFm7qTe2z8EjALbeo8Fn8B6FTSjQZ51YAtM
446,25811853076941608055270457512038717433705462539422789705262203111341130501206,QmcPjjerJwd2Hsbh82BKgrAxwUQSqR1amsKbHzCVqaKkqF,QmUAc1hgD2zMcbPL2VsPeUY5moAptgGvSdXPgxv74PVoq2
447,25811853076941608055270457512038717433705462539422789705262203111341130501207,QmbuSp4yNnmcF2WQQFJPZVuUTQV2YjHyAjwBLNWfHKGo9w,QmToTMf7ZrmYsffa1zDu8p2Margb8sobxxT78HqTM87ywP
448,25811853076941608055270457512038717433705462539422789705262203111341130501208,QmVtBF1HSDGCn64m6VvYkXf1TVP4c6daTxpUt7ynj9BWfa,QmRysQ85p19pBEJdKvF6H93HUWLd2PvjxVFUtqUaW5gi28
449,25811853076941608055270457512038717433705462539422789705262203111341130501209,QmTBktK7gnFPJ7GDwd8pKoBHcoTQ11qPSwzJJxQx2KUBrN,QmXZQPvSY9EUBZKisXjAR3KWvo94W9Ho68ff7pfuC7xAyv
450,25811853076941608055270457512038717433705462539422789705262203111341130501210,QmfESsx6ZuCvcyyrR4U2KUPz2ET3U4tqQiKkChyRNdVS5u,Qmb4PXR65nANrprziZ7dWsaW1F2jZsiFzMXzEiUaJRBzPh
451,25811853076941608055270457512038717433705462539422789705262203111341130501211,QmRTkBpeiKVkiEW9SgDiq68AG3h4YbWU2DKPkkaJk6oL3t,QmTv4aUaEcPicdfPGG3TfoaZCCKQKFwEqjVk5w4fPstAxF
452,25811853076941608055270457512038717433705462539422789705262203111341130501212,QmZYkGgKsKYMnCrmQxhkSUhN2eEbSjhpoPpfBVZWG2z8vy,Qmchzu5ASMXJLf8EbFLuEvtjXK7Aywi2qd8JWMcfnWobaa
453,25811853076941608055270457512038717433705462539422789705262203111341130501213,Qme725ykfYRozcZRNnMHte4JMoS7V3encdmM1DLiXUqbZZ,QmRTNUZdkcrF1RsSq3iAQhwVngNt66RyTcx8ZWw2jU5XW3
454,25811853076941608055270457512038717433705462539422789705262203111341130501214,QmaAbJRV2MF9kiMxYYbEkUsZuSNSq2y9ttAJvgYkGL5qYE,QmaQPMjfHQnGPDF7YnakAxr4chqoRDBCo8i72AP5Lm7dHr
455,25811853076941608055270457512038717433705462539422789705262203111341130501215,QmS1LZGzSrLK1wTEAnqEHiVETwQoBkjfcvv572kqSsDCtZ,QmdRgmMfFCA3RVZkWmJ5bj3HdLCQaiuwYsBpVsaivQfPAG
456,25811853076941608055270457512038717433705462539422789705262203111341130501216,QmU1KyoAdjVXdCsryfp9Kyr7jUCZRcpp76ACXMzbvx8uQQ,QmPRCgRBDxFyti1NBFoaXUeFkdfTECrWC5DfykBTYDWSPN
457,25811853076941608055270457512038717433705462539422789705262203111341130501217,QmPxxaEAgNUKGki4qCgYCSQaZczy5nfLTZzAZFuvnBk5f1,QmYbNb1xyrTfpA4zWiLXuCUQTgyuR8nW6X298VgYDXUrqj
458,25811853076941608055270457512038717433705462539422789705262203111341130501218,QmNspAnRenrXr5DKWRjgJyTTb1PiZmnici9iD7pUwae7ux,QmfBRows9a8mBgfKGzgPwGUAJX7KuNNFi2KZnMt63dKUXB
459,25811853076941608055270457512038717433705462539422789705262203111341130501219,Qmf1BNKkbxiHpPyvwArcTwTXnocaN4FvtBK5A4ndtnxJMw,QmcBnSRGDU7oktxw6R3yA8hD22ZH19aRXvZP8M3LWdEzGe
460,25811853076941608055270457512038717433705462539422789705262203111341130501220,QmQFj9DtGz1i8LJreJo8QKXjJ1Vfpnzo6terbRmqAzVahG,QmY2CSr5h9JDvufp9PP4mhSuT6rdDBwvtKhfG5sSL422MA
461,25811853076941608055270457512038717433705462539422789705262203111341130501221,Qmd5SsvRetgXAgaptKKNuKGSfvRmYiMkCqEVx27dxqLtX5,QmXTJFbA3Awo3AAuX9mwY6Yvq9wkhYDQ7L1A3kSwkoFF2H
462,25811853076941608055270457512038717433705462539422789705262203111341130501222,QmWJWy8H3UP34wEnT3dX7Hd3XqLG9y7z9RRVnF8HwYDwd9,QmT4xFQihYwNM1aeki19o8bRh85UcFGCicAWSeNU3oDZqc
463,25811853076941608055270457512038717433705462539422789705262203111341130501223,QmQc9Ew3p4RDs59QTy1XSKunMEqpaqf8UcpCE4GA4QP2J4,QmeVszrtnxVtonwDis1K4yZht863EfhwJKccWZ1sUrrKSW
464,25811853076941608055270457512038717433705462539422789705262203111341130501224,QmSD4xC7LK6p4JqSBY9yLUmKyxFYLEEPwjMu3zf37GhEfj,QmPAV9PYRsvhr8YPECircGzQDuokSNeZBEWifskSW5qkEy
465,25811853076941608055270457512038717433705462539422789705262203111341130501225,QmPY1cqVcVArx7XZFXAy7Jk38mio1LSvfYMzuDh9gWsbS7,QmWiTVGsQsA8KLeGhcsxnEUZatbaBFt6NoMQFZL6g4iiRc
0,34585829179764704558776471721101382364497188835544837351424684262481243220355,QmdYDTiU5mU56ZAiohjUWnUsFEcJkKgsvjA3dF1MXsZAat,QmWru7f2pM95j3QJ2pRV6qaRcHgonF1urdjiYRR57TkdQi
1,34585829179764704558776471721101382364497188835544837351424684262481243220356,QmTcdqPB6h9Agfr45Y183hCXDj3ePRGnYvtr2u6HrYfYGP,QmRSEzWz77ZHsFkZFbBZd5rdNQyAUuFDzaNNmgSEkmfNb3
2,34585829179764704558776471721101382364497188835544837351424684262481243220357,QmVWiuYbuKB8puVA5ZosHuqzweE4nzQHD3rjd658k2rGBg,QmbewnVgF6ohtoNadpac63GKfetYWemzKafnyPFZBYGoAu
3,34585829179764704558776471721101382364497188835544837351424684262481243220358,QmYSSpi6kJikrNNN4kNoy4QSoMVp4ffABTgBizUuZpNSpt,QmPQBEQM5CxJxTz64HcePyrX6e9aE3DX3WPybzitVEk1FV
0,44336782902772445271281414922165901279839521989210301461051430933994537843287,QmNtMJFhsGFmR96Vp5YUBTzMNGevzKpd2gachexKubC12L,QmNPbesFSmTsuYXbDZNzyDXifMZFNXkaeQxbNNF8cVHYF1
1,44336782902772445271281414922165901279839521989210301461051430933994537843288,QmeZkLqgY3pEozdNFqiVVyvgrjhgJCUUvvro4wnVrYSjhf,QmVupEXDbcCbzg1xPdn6RGy6puigfePjdfMfmvX2W7z1bm
2,44336782902772445271281414922165901279839521989210301461051430933994537843289,QmQ3W3eJg2GZP8A2Rc8NEmqezQWiUoAF6TeV4YSf9uKKKa,QmbcYq9J6cP4Huc1mivEuBpzKaFs7DP7885KrWyDzncNRV
3,44336782902772445271281414922165901279839521989210301461051430933994537843290,QmSaTHZabuiZC2dPVfEFGtR5vB698AdwuqKWfPScXVe2tB,QmZzjqZk33BV25jMBm2Yk9ufh4cYnw6zNnUtsjKq24Fe58
0,45127790317892297463290330756789683137919514630173258349099212122291675493582,QmRZKLCfugtAgQTRzJbBVW6wNV6WQXkvzECcRsWFy8QxAJ,QmdfH8mTXVTU2jYmNSnRq2Nf2rJxH37tp5XTvPkQoT6Q7i
1,45127790317892297463290330756789683137919514630173258349099212122291675493583,QmVJGCNjWQtBZUVb8nSQw1VznXvet7UGz9V6M9PY9nyZUV,QmfSmTH5WR39HUF6MSJBVXpMx3S9J3hu7zp2Gpoj9wrwvg
2,45127790317892297463290330756789683137919514630173258349099212122291675493584,QmciSgMSurZ5N44ZKi2hG2hKJTWFvEqbNuymEDMEhNeyxb,QmTPFLVfr8p7dGZ7H7t2WmjVoY25DVRs1wHe3piNQCCGJk
3,45127790317892297463290330756789683137919514630173258349099212122291675493585,Qmd16eWoiuP94pGsnbcFabWPXUUt5ErhaUUky57ekvfhi4,QmWEQ6RmUR2KJGXPf2tGTddr4zAT8csF9bFY1pqKbCbn9k
4,45127790317892297463290330756789683137919514630173258349099212122291675493586,QmPoMooj62zhp3SfSyHcfP35rUsSjdHwwwRRx4mKiiqyB4,QmZaPHQAQQqkR4uSQLwSa5eoitKiTEKdiDPgjLRZwFtrRW
5,45127790317892297463290330756789683137919514630173258349099212122291675493587,QmbxFvLnVbmSea9YuK4rf8HdcUXdZVsLdw1dcGvdxw3yNS,QmcFrZXHzqwrfr3CaJgY2m5CPYYuMb83BvMzWGLQ8Levui
6,45127790317892297463290330756789683137919514630173258349099212122291675493588,QmeCXu1BDYUetpDHutjcQsZ4aXLEdxsUduPHfsCVt8ndzx,Qmavfuwu2GTNAVqrZHy6T41KxG1ia7ym5QyXK7CkXWeKnP
7,45127790317892297463290330756789683137919514630173258349099212122291675493589,QmbVSGnuWYNFKPshLNBY8nT6ZZnjM4DrEPyd9e4zamqzWw,QmNy99vT8N5hkEcRMdXqFBDHs5AEicJGMRZiWyQtxumfwi
8,45127790317892297463290330756789683137919514630173258349099212122291675493590,QmeYusXoPBn8a78Dd6268z9JuPENA54uxbEMrabsKcKUxE,QmeTp59nJZrHUC8iRpXwFmYMCxRSmzTuofndUdMY4zK11v
9,45127790317892297463290330756789683137919514630173258349099212122291675493591,QmdUohwnYdFmZNYDHaH8cdA3dM96cwXP6NxDXxnZ37Yhpv,QmYMBWC7NntVWf3WYpKxpHHoVuhz88gVmCSoSuPCAv5WrX
10,45127790317892297463290330756789683137919514630173258349099212122291675493592,QmXBBZCEQUCbkNJYLxBBdstWeTeaq88yRSN7kTwdSCKtFD,QmVs6j7RGLUrGJAVepSnq7J5wEUXVYVdEQp9T8vehPWqbg
0,58808081037102973047914285344327235059767077645065607051796863932382238600160,QmdbmsiXYu8xnQh213YYxfVGQcrKDisQ9ALS3A9YeUF73n,QmezBsaA3dV8MCCkh1b5TQBHgACm2xubFGKgpFyj6a6uP7
1,58808081037102973047914285344327235059767077645065607051796863932382238600161,QmSxz9LQcyhQZTDb6FQsS7ynvxCYp6qv49ZrDnZHNMAtYZ,QmUd2oygWjj12HLyWcmseGZHhtwUzfcWyfMgPzqnPKVfV4
2,58808081037102973047914285344327235059767077645065607051796863932382238600162,QmSGqzv4VMM2UxxSnBQLY5aBTY7WSDpSqW9BrW854hF2DW,QmbFYm5GhpmYHg4hLYt8YrbVx4Fk7GVoh3ZKD7GMd9Dy3W
3,58808081037102973047914285344327235059767077645065607051796863932382238600163,Qme1kJ4UjqSJTjVJzV91cHgwCPjSpzi5TQnWyKgPafAnXp,QmZYbdfbZYXj7ghKqnjUnUmcvKQiGAB7ktwacikRjabLzU
0,69037219782415170039743351977361926117918379142220489214116017537486336548224,QmbDyqZt6vbNBsZ3biVsBgonakqG4WE2yWnvu261YbANe8,QmR8NBAuKKoia3yxMm58pZf6vETHkQLxg1jp3sYTSE3T4e
1,69037219782415170039743351977361926117918379142220489214116017537486336548225,QmNMrvPwgHgHvBpRDLy5pCfXXChENdFS8zr12JcvRsv2Pm,QmVQkL28NFN8WSTdi7K7MMkBBXPSMQFLQwjkNFnjJPHG8o
2,69037219782415170039743351977361926117918379142220489214116017537486336548226,QmcEdXPyZmKxuvWuZWfDn1MmpeV3RGue3KiEZPWDH7KTzx,QmQSxhAQqnD4JtcURVZXQK19odBUeGk3Z5hF14wV6jU6Km
3,69037219782415170039743351977361926117918379142220489214116017537486336548227,QmUPp8yxY3jq6bgGmBhmZRwm2nbNHhYhJSMzHGzAZRx3Zu,QmYVp3Ljqf2Qd8cgj2EjQ2Zc8MwJKDvp4CUb7DGTa3iQbz
0,81822415981171894284716765232211393989809838876971274183632474922438819548892,QmVqwdRH34bHDVYXgopUWpLPiKQ5YMuJ4YvzYBfikQUy7c,QmecU8rfH4pR43xWdTsiaPHxNNT4yGKGFTJ45ErEYoTjtA
1,81822415981171894284716765232211393989809838876971274183632474922438819548893,QmURZy5P2A1yzGiiUsdnakGX8g6DKNkQdP9G1vn4uCbEg6,QmPod2YsgquMBrgBKFNb3S1ekgfjTJfiKpNvCjvgoFsZxU
2,81822415981171894284716765232211393989809838876971274183632474922438819548894,QmZxwdCC5rvwTMy3sq2if1Swx4T4ZbmTcqzy56r7Q4XX3F,QmazKUkjvCaiYpjYPmRRHMFVfrbRWGRSEgpCutqUVkP53i
3,81822415981171894284716765232211393989809838876971274183632474922438819548895,QmT5WihKi6oGoVqa9LGsDj5MF7vyxz295F6iq4ELpTb6U6,QmYPfRFa4iUuoFUTAxodt36BoHyrz5YvvZa86WAR1amvab
4,81822415981171894284716765232211393989809838876971274183632474922438819548896,QmPKgwhGar5AyZFYtzdMY8fGbNMkEf249tk49RH7CV6yoB,Qmah3ovVa6j8cHZ5EZFfrqi79ucSgGX1KfDTXxiLniWq2q
5,81822415981171894284716765232211393989809838876971274183632474922438819548897,QmUWEaB3hN73tjmxF7XZacT2vfStZQpzrQmQenTKCdFwWD,QmQtiGDzrxJSJCYNod2U4LpLfujRqpmUjHAzcZuQsNiJ3T
6,81822415981171894284716765232211393989809838876971274183632474922438819548898,QmWqckr3ynprgtmzkHZoo6Qw7EZoXQnzUbJxjnooTLQxTJ,QmQWbgGQHWQCPcPGTkePvRwhzMPbcwhisWySk63TfRCXud
7,81822415981171894284716765232211393989809838876971274183632474922438819548899,QmadiiFVFhpNBdJWdfKSx1Ag4qRNMKGUGyfZjFhvBAztTu,QmTQQFPBiMrHLqYen1GJgbzBUKYPS2sQH6URHynDRL38i1
0,84192194988336887268297181860741868331806134895311371625270671533240495509719,QmU43SQodNf6niPwCZZt45uHfeWkM7mhxokYZTx9svebTT,QmbYEDvVFb6WvDo1WP6CwLiTnLm4HcjFY5zfMJxVhxUqhN
1,84192194988336887268297181860741868331806134895311371625270671533240495509720,QmVZzRBEHrmh61K9BXAAQtaCmjyBQ1WB36uCXbKtVxaCVr,QmQNeKa16fCVedPwkQh4avncs3KbYbzhrm3aFxozYaFs18
2,84192194988336887268297181860741868331806134895311371625270671533240495509721,QmeGn7wtuxNXydWucncPU1aJzZxLsMUW7RUmTSeWf24jHg,QmP1detzN6HHTEcm5YCh3pKChrCCnyYCVn6PBWavKSFQHm
3,84192194988336887268297181860741868331806134895311371625270671533240495509722,QmXNkcRfHVxywgBwQMVTvFuhv3dWeRU1wevetFUm2E46Ke,QmZwYuWpBwQxFVWSBYR4J7P2YuWkmRgMkxe6cRnkhffSmi
0,91641052224213995292130106305607107853658918792519691461793480796244015798257,QmW6Uacdrbic8GsG3urtV68L8kmcP8Z7gvzZSTuz9FtvfM,QmRE2AekvQY8GJwbDdG8ZU5pYMw1qkEQhSUHWrnP3sEgNX
1,91641052224213995292130106305607107853658918792519691461793480796244015798258,QmNNmF2bwErvGGLofU4BBcfZKJeRBzpEM6EdFvKEYpbtTD,QmVpJoK4e9aVX66y58rDYokP7TzWdhUoukWU2V3FY5FYA5
2,91641052224213995292130106305607107853658918792519691461793480796244015798259,QmbDhPpFiofNxyAGAaJQqTJfMA4rhkQYwFwU9zkfSj3dM9,QmNWLJopFygEevKxuyJaKVsGr4PiibjGgVfgzdTqxbkhAu
3,91641052224213995292130106305607107853658918792519691461793480796244015798260,QmbFXsd6s9y5zzgfwHBEoD12UFxXafWFu4sDKiaFUU1dYh,QmZir8mn5N6e9SASmtgHCyEwFcXbEDMmar15sruRfrawjA
4,91641052224213995292130106305607107853658918792519691461793480796244015798261,QmeqBP291i1YsZZiNw2txUNXiCjxzd9ZUbhDum2BTyS9Ax,QmPsQZmnYyQZvd18ugYrrMQ8VS9oKvrATndiQGWL3ADoe2
5,91641052224213995292130106305607107853658918792519691461793480796244015798262,QmeXYrKHVz4bQHR7VRVe4FuiEWU5NvxSko5oQfVVi19rAo,QmQoTmAFYzDn31tZk9qqEHeuBzd722qYRN12wmvXRZUL8o
6,91641052224213995292130106305607107853658918792519691461793480796244015798263,QmRyxL9FEs1fapeS2wS2keKYPd7c87fwtnib4UKWgCB24G,QmUjtWEpwxjZFDWyGuSTiHCJ8uV9cC7JsRiYmNgXAoKvMg
7,91641052224213995292130106305607107853658918792519691461793480796244015798264,QmRoQKZ4FHsksbaSFF3KFdDfyc5WK3urXP9ws9ZHUCRGao,QmVL9Azofmj2GuRog3v1kj3XKvqD9XXpC4qMfd95GfNp9Y
8,91641052224213995292130106305607107853658918792519691461793480796244015798265,QmTKrxDEHqH3FG8waLgTsmBiHhQ6knFnHVE9audfQYTW37,QmYTQosZDcfeqnEMidxizGGLkKiJ8EqDjJ1MZzBRY92gTv
9,91641052224213995292130106305607107853658918792519691461793480796244015798266,QmWgEbrVmY5VoTXkFNHxPPc9hThC5DFEkgAjTo2p9ESyNQ,QmQNf8h9463JhphvtUwPS88dqbqtaFN3rATcvnaj8mvQ49
0,102483456495595525347856182687662158730242810709523643804999349043957638016883,QmZw7Gz6AJva6YC1bdKCy2rJUMWFjUJpKUMW9U3cXoRn8m,QmVsFeawCAPfzyzQg84mG623iTikiZ3TkmgGnt22P6rSRZ
1,102483456495595525347856182687662158730242810709523643804999349043957638016884,QmNthoe6NoWJNdbbQaFqGPfWT69xSdyxvGiwAeP8Kn8xcc,QmfAgCSd9irfZx634LowazPCytEi5B1d3bTSYw1zPdPe4Y
2,102483456495595525347856182687662158730242810709523643804999349043957638016885,QmR61kxHymNqswdbrXxytAgkdBT24afLsSah2NV7f8JF4T,QmaYGPrPj32fvCseEFft4JFCQUKrA1gFtb2BbpuYDDPE14
3,102483456495595525347856182687662158730242810709523643804999349043957638016886,QmZ8qh3juvvXA6F2UtrTrbwdN9piRJ6DBN9hcdSM6y9MUb,QmQHczvJvJ9RRvmfNuEtpZ8LYWHKqhubpfsbfkyDFRhmKk
0,111109302664824670737185277429938920398498513320697055470028732876817166971475,Qmbw8qfUmvmbWqWAcZ8dxefbAT9av4iHvzgYkCVabCh7rU,QmWhALgKitizgN2QMXpWJSTUNMCNRyyZwRne76WdEtuN5A
1,111109302664824670737185277429938920398498513320697055470028732876817166971476,QmWy3cuLEQxW2zmduUgb9A2pyQh15kcEJh9VPkyUxHXAYk,QmQ8mf7Eg2wcrZDNZsdHkxpFNdL5zXfPpjTiKLpC3mnHWe
2,111109302664824670737185277429938920398498513320697055470028732876817166971477,QmfZ9DYaWEKSadADASuHcbwhGG4GFcmE71vUGgvifx2ue1,QmTeKyxCidWKQ9xY2Bmu6Y78ijSgHx5aeyK53c4SJBe1cV
3,111109302664824670737185277429938920398498513320697055470028732876817166971478,QmTfCS3wTQLL9nQvJULcnXSLMg3PXWsmAZuJQyCswswNaF,Qmc6qKxT2F6TYRCEByymNr1DJhnHdjrXLtpqGeywPQerN6
0,114509197042641126982266828896949519237122822493274123627313583916128762606677,QmYeouoC8uHxSQkPxSMbdNhWhdKAPJNhRU5CfGaAyF2rse,QmXNxfdVFebhV6ZJaWsKBtdn6qXHyfoTciJ1Q4PugKGwwR
1,114509197042641126982266828896949519237122822493274123627313583916128762606678,QmVXikp5i5G9rPdJWh7vmtXWM5zbGC2hXXszWidiyVztqa,QmeFCTK1AzW2fV1M9XZGQ52kQZKRsQyLw32jQ9FfhEZVq7
2,114509197042641126982266828896949519237122822493274123627313583916128762606679,QmfKZQiRyv1wftfTraE1ctp62mVBqhDfX5CbgaJV7Pf2x6,Qmam6zeAPitVBQbR952QhuZ5a6agPPz8HTzNUoJfGSaQzb
3,114509197042641126982266828896949519237122822493274123627313583916128762606680,QmUk2aDpdzkJdU8vKwmCgCS4iATA53gwhiaRsnJok3erjF,QmfNLLbDqjCNkJfwtM4SqkH6AFrFVrqzHrL1S4dFetnw1q
4,114509197042641126982266828896949519237122822493274123627313583916128762606681,QmcwymhBSb9wi5DtjKcPEUowqGCqwA7q5JJzoRDxJ87aCT,QmYZUY9QeQwzV4e1zWcPUGfmoazcwjcwRio5ZATpNziAbR
5,114509197042641126982266828896949519237122822493274123627313583916128762606682,QmfNKVKr13spjdvUexmmxUWfcCkDXEBjAx7YGtuDP7oipe,QmeGbYgG5foksxbCX1VKnQ3KaVWX8xACd2rwAQhw5HLWrL
6,114509197042641126982266828896949519237122822493274123627313583916128762606683,QmYebQ7PdArhDTTeL5xs9gBBifrVN528CWmVkbaang7ox8,QmSuSrf4biTwvKUtt2k5mTBoFfBmDK5CfSkbrVS9nHY8w5
7,114509197042641126982266828896949519237122822493274123627313583916128762606684,QmRGEPaVNdianRFAiAzTNJpHiKf9cMdNHiiGVwEaHTC5oH,QmWkPLmy1Lp7ueDegJsU5pX1iqpau9owoYaZ9A5fFpQHWt
8,114509197042641126982266828896949519237122822493274123627313583916128762606685,QmaCm6Jqxfb9PomCQYyTbbF2m1YVXrdMo5PUT4X7ZH8shX,QmYxHkyPjr8jxRee5FM9YjSrkKrfr1AEhNPEPnrS1ZgLsK
9,114509197042641126982266828896949519237122822493274123627313583916128762606686,QmZb9wrxZJ4X6nrAFwFuN1fPym94CUuhpEBL2K1gLqKwS7,QmWAFJV9Y3t8uEyC9iXCJ8bFX1x7XAH8Qdgf2qn9pxY1mm
10,114509197042641126982266828896949519237122822493274123627313583916128762606687,QmaAM7fp6GJL5pfBLTthEe7toH7iG239oaUeq5YvrHzSzw,QmNWkundSKiVFMUu17xDuBRD44pB33yQWGMntJRC57xVYf
0,115153310228114666588851347772754489107974000689653741321876665973855418043401,QmQQpfZwaZbHXEy3ZVcxsoaRtNDvWKZvuBtuDnNRjpdxaq,QmSfUzXsUnA9LnfRBjqVNrMQyQPJHeySq48rVqm7ZvuzcT
1,115153310228114666588851347772754489107974000689653741321876665973855418043402,QmRoSQpxm2JGWGUD1aKxb75cC83DEtqMQBdrBod4TisuUm,QmWCdULaf9TYCzRUNp3mZDYj5LR2FUsDUmp28mGB1jimjb
2,115153310228114666588851347772754489107974000689653741321876665973855418043403,QmRzeGFXAYB6KaLbchYvtYw5DCHj9yKnnRdERBxMexitMc,QmeXtLhopDT5LUMBxkm7Swb2gPaWVB4Z71eBnV3isRa331
3,115153310228114666588851347772754489107974000689653741321876665973855418043404,QmcA5VUic1FGtZzaNztaMLqiqGY7fZ5ZdvN2EhQvHYyxQ4,Qme3Mmqe1jeUit954Kik979CrtcQpe9HBms1MKAf2JBzRP
