edition,token_id,old_metadata_cid,new_metadata_cid
0,21448038574106388099498729698156229932988054978307315072895959449711736813719,QmcxyoQKFyxFvS3phf1abt7pEtHx5tD713cg7DpDLUofTN,QmXVMbuPRExv5okdy5uRbauUQvxQYFpJumHYsywi3ctxbP
1,21448038574106388099498729698156229932988054978307315072895959449711736813720,QmNubkEMzYH8Q4o5zfunfVjGhUGhAHChz6pwMNaEGRVWRw,QmPfnLGz9tqAWb7LoeovVknDGY8Voa8fbnhxK2VCKRKNBe
2,21448038574106388099498729698156229932988054978307315072895959449711736813721,Qmb79AXFzEJ1w9dZv329fe6HWqto61URze9FEtvDRqAgGH,QmSZAuFkRESwQ4jBzPfKrtKM1N29Y9KZCsBST45amzgBrK
3,21448038574106388099498729698156229932988054978307315072895959449711736813722,QmU3X21YjqPm3oGPtAPyaK8GpDoG8x1zCE1TYJmQc2cXX8,QmZ7FKRGU2gdnGnhcp1zLzB8LN6DaQri4bhZfQPATST5tM
4,21448038574106388099498729698156229932988054978307315072895959449711736813723,QmVdMEcEYbCckxzQWjpDgqRwxZhLizTA65axEH9VC8Hzky,QmYEHwK2tapPTkQQa8W1gbFmD8jHJ8hBAUVszxpftTanqu
5,21448038574106388099498729698156229932988054978307315072895959449711736813724,QmeEpy2JRjpgmijYUtDPfhQLpo4nftuLF3vQjeDAED4P16,Qma7DA5H8KwudUgwBurjuYmXwx5irpbcu4R7nY2hWVBeZU
6,21448038574106388099498729698156229932988054978307315072895959449711736813725,QmW8cWhxGjxGM8UBGyEEw6HeyC81sq54mrmu71hLFoghCh,QmdfFAoc24kS2wwPZpkFZFrGNSNFuY9Ksb6UW3tmM5Ay3W
7,21448038574106388099498729698156229932988054978307315072895959449711736813726,QmPUXeXexW1TaGdtDp8b77YGrrHWkWFDMvNZrbMtg387SH,QmfQqD2aHKwArAj5zr8jCZWLCymuBk6UaAZBxFpXoYjZZw
8,21448038574106388099498729698156229932988054978307315072895959449711736813727,QmU8AK9GCyxQEGMnXX3D9hxDqcwwf9j3xi9QrZtwZtWtqi,QmXLHJBJHmnjau8PtCLUKwqpnkj15tzJavUfLZpTHtrgdg
9,21448038574106388099498729698156229932988054978307315072895959449711736813728,QmRDAVdoUc9eKC6KsXnmHCtAAZRPpqG2vvT43fC2SsTPWT,QmToYU8QP1jaAqc8n2zkkfv7CCAt55wxMWEbWYjBr4PSUs
10,21448038574106388099498729698156229932988054978307315072895959449711736813729,QmX8XmEFsemxqERvJmQnqhkUtHBQx1P2yZ4stT71cFU88D,QmfTeQ2om5U5LLG2sBqQjk2b5T25nbDBja8TZKoUnSjzxy
11,21448038574106388099498729698156229932988054978307315072895959449711736813730,QmY1WhdfwS3zuvYNRAG42zPiVnzxUD3pzzGfMyTqFpFB5x,Qme6RoQ7dzGiT4kAuJWdbsbXgEbsoz57aAjvh8CjBgEy3C
12,21448038574106388099498729698156229932988054978307315072895959449711736813731,QmeJt4MSdfz83VWVZvTemnGyMMeq42Gjz5XJFuGQKVAwFq,QmaPjFepE88uB6awsb7gJSaJZF1ZcLPY1LwxLV32CoXKAG
13,21448038574106388099498729698156229932988054978307315072895959449711736813732,QmcM59GsKnDJL4PyKpdrEhx5SgNRHMnidGR8vnVZ31Nc1o,QmVp9biAQv3QeTHSpyXbQk883pUX65RQk1ftWerK6c5ps7
14,21448038574106388099498729698156229932988054978307315072895959449711736813733,QmbRVSDbAYb4rrQXT458dJqZky8KPwpVwMRPNkAWr8ZhHk,QmV5CX4hGCpx3jxTwgk38tGCMgAxx1LRQkZsxuNuB2LC2a
15,21448038574106388099498729698156229932988054978307315072895959449711736813734,QmZBhMQ9JrHAJ6TXN3YyQzxhGTS6iWiQcQh1LD6jNc7xJA,QmdY4ZEgUWEEc1QvxXFGq15MYmjvxX9XW3tFSciCxczuK6
16,21448038574106388099498729698156229932988054978307315072895959449711736813735,Qma67cfSa4ZjHLFJQf43MLkexWtziXpbocyTVR9b2TVcvK,QmdvwncDTz5WFjY7Eu7szG97UcYjvhGgyJ1xW5rYGMM1as
17,21448038574106388099498729698156229932988054978307315072895959449711736813736,QmSijSsr5cb3rqxPu68FWRsm2t2SdM3uEke4DEzCzsYvQo,QmVfcRjd9FzTLLNhPurvKiDAf5PmqtzWHKyNLTjUWqiZu4
18,21448038574106388099498729698156229932988054978307315072895959449711736813737,QmUPtBpQiJ9ytjkpnGjtgPrrhVQPWt2sGcHBAq1YK3MBTC,QmXy2nsKZnaAxe8kGEvHoNHWampdrTyN61MHmrFeuMykUH
19,21448038574106388099498729698156229932988054978307315072895959449711736813738,Qmf9v4GPmsaDuooLcp34XF2JogYukQFyBxso9p13dHGJ74,QmdTZcrpUFmBeApk6mwkZkPhio6fLPr45u8d83UKf2gkgB
20,21448038574106388099498729698156229932988054978307315072895959449711736813739,QmYdvpEU9xa32MqBTRV29NgzLqihVGWX8emiGdYczFJtYo,QmexSpHAdQZAis97RMfdHoWum9X5oaKyPvRPXbvw44K39U
21,21448038574106388099498729698156229932988054978307315072895959449711736813740,QmcekM5itniYCm49yu9KcJEjwcgeugBtV5puwR9LEDQ2wp,QmeXaHVm1zVFSxnAEekTK1pwNf2oosqrfChawhHvkpanB5
22,21448038574106388099498729698156229932988054978307315072895959449711736813741,QmW6kswyfrJ96Scbbc5WcVJ8CVn1raYCw6TPR5aADGnwXt,QmYCx6ypfkApeqhzQbmPxEdKp7bQAEbmCRX5vzqqYAsKZo
23,21448038574106388099498729698156229932988054978307315072895959449711736813742,QmS17TwNciDx3WC6bFWpqoq7BR9RrAnusqF4ph4JMsCMu5,QmSFY8hSanDrV3jgxsohYCXKMz1QXk2AcQpA97tJhDnbHz
24,21448038574106388099498729698156229932988054978307315072895959449711736813743,QmbqRBwgqPPhhMMYP3TGkZM9UXUKh4t6EKu4aw2bfff7Sz,QmXWzgPFZLTW4RFpLY89Uw62aHxogfFtC33HAYQ7QyeTvP
25,21448038574106388099498729698156229932988054978307315072895959449711736813744,QmYCCo2KSkpea4GGdr9VgX8VxFK4P2VzGuWgoaUbQHL9Ch,QmRtWSmC22fU3NXBmWubxfKx7DViHwr3oGT9YYo3mJiHKd
26,21448038574106388099498729698156229932988054978307315072895959449711736813745,QmeL6p39j6MDjnYTPRFJxxCmKUA8jn3FxyonLpHkEPfiwb,QmSiqG6ecKk1173G5d9H8FBSjqbqfACAPpG9awS1fsM8GY
27,21448038574106388099498729698156229932988054978307315072895959449711736813746,QmNoZGHCLqvrTqoWdihfbonPCL2Az1E5tKTbmhx9oz1WVt,QmT9Uc4mcqtm6v9TSb2MGgW3JhXSkCanNrKatDH9gpbLjS
28,21448038574106388099498729698156229932988054978307315072895959449711736813747,QmbSJAegMSaaNRmfPCMXApNWd8FK2p1wxHyGRcEDgHR6Fp,QmVSRLtbBqrmioCUBvLXawu9msNimf2zU1TCyuW1tY98UB
29,21448038574106388099498729698156229932988054978307315072895959449711736813748,Qma3neuQJo5M5MnNjkZFpcjamotFDPoJh7qaRkBoJkms7f,QmUEdzB6NK2RYCB3g4FCkCmmMHfe4GUhy9gqBN1LCdsPQK
30,21448038574106388099498729698156229932988054978307315072895959449711736813749,QmNc2YQSUyZGhLcw1qhjNToe28Kxj549i5B5FAc4rG4wUt,QmeC8AkZj14c99GGjpsDhzNRKzpSSwsMKjJE6JCzmEawbf
31,21448038574106388099498729698156229932988054978307315072895959449711736813750,Qmbk4YozKjvNgtNZRVkN3fuMJiGUwTgjRz5zH6FDSR7cm6,QmZvtHQNp3DXtyXu1pt2uzQK85TWVnwf6wxSqPS1yf3nWH
32,21448038574106388099498729698156229932988054978307315072895959449711736813751,QmRbyEYw8y3QDgiNf3xko5oLwJdS2PVLDPxfjZD6HmazCC,QmegDPkSWhrRkZ6PpcbX2Z1x5GTfAz9Nra6M1fqAH4yFgF
33,21448038574106388099498729698156229932988054978307315072895959449711736813752,QmR4ct5D4XGvD95so4ZTvFRDMcSCMoY6xUGiGuJf9nBSBC,QmdYboU7cga67PRujoAkEtBB2fhbrHV5nMvc6Rih3eszy2
34,21448038574106388099498729698156229932988054978307315072895959449711736813753,QmXiHL9PdPGGHw1gpBDv6iVfcAqq7cnYK9XMv9SggSJjh4,QmWgLXvqqhMDz7t8jxncjtEzZSgtxaHCPAt6JXvVKFcGGh
35,21448038574106388099498729698156229932988054978307315072895959449711736813754,QmV2F2FbXnh3N6eWxVidRKRuhLDthGjroq8zAV1xxnJtca,QmUc9rtr5Ep8TYcr8zmnKJjLqUrz7RTJwdhA3152zw7h1k
36,21448038574106388099498729698156229932988054978307315072895959449711736813755,Qmb6tzryGM2PE5i7x8wxZzafS8ff8kR8PWka9tMJwSRBqb,QmcSGFQWuChoecozJeDwNXFqtxHpDMHxsEk1LaEatrT94T
37,21448038574106388099498729698156229932988054978307315072895959449711736813756,QmeXA71CxD1skZXCDyUpuH86z2JNfE2aSfigBZ288oKw13,QmWvKN7p4v6L2fAx2UbCCvZr7oaRgwDLDPseLCFYsVU1uR
38,21448038574106388099498729698156229932988054978307315072895959449711736813757,QmcehY4qs8MNmJKj2TuCBZhvbWngpGVoZRTSycPQR2WmYv,QmQEhtMzAyUeSKp2K7HLiU7aPxv3yf63ZaoNrFGitDM2sr
39,21448038574106388099498729698156229932988054978307315072895959449711736813758,QmewCDghh6aTnjoo2JrgLtuDyG7AEZkmavNrX65uhAdKc6,QmeTJgFW3B22VbhR1bH1WYh4ne18oVhJgu6Q7XKLW7Uzg4
40,21448038574106388099498729698156229932988054978307315072895959449711736813759,QmZ5VZExWKTgYPvL3USdo4XGTPnvx9pqahbS6QtHFuFGCc,QmQpmDGq5S9pinXbje1ReZYjkTjZWLnzWSZ3FWn5VQxVL5
41,21448038574106388099498729698156229932988054978307315072895959449711736813760,Qme5YPR78mHk3ecJ3vqv47JxNDumMQDVoK9RzCJTNa6rFG,QmUJuVPwWYpFrCXa7NSX87E1oSBjBEcpLWuWPXwB56Ax1V
42,21448038574106388099498729698156229932988054978307315072895959449711736813761,QmSWaT76Egb5ziYPgd76BUpXRrFU5kwxcb9JAbycd6nMRy,QmaESgsciFQRK2NepBP5CEb1VEauEDJYZrVTDW3Moiq9SB
43,21448038574106388099498729698156229932988054978307315072895959449711736813762,QmSBQH7H8xGibAb7fckUQYfNCvzrKAmJ3ZPy1DUFdLQb3J,Qmf3Tvctx72Q9jvPTY1XFRhMuXDXYCqseJSnn5v618Ltob
44,21448038574106388099498729698156229932988054978307315072895959449711736813763,QmNRz3WS1S6xHVFpqzmBQHXVQhUDKn36UmLH1VvT5nbJp6,QmSHW3hdBLCCyp2i6mrm499ns2RSWhTCgQFMVMuEcmoELb
45,21448038574106388099498729698156229932988054978307315072895959449711736813764,QmeVXFXKkexdH6u6718xDnquXkaistxsztJPvhvzyrHLmh,QmZfHoMpzHa8SKBzxHXqqLa1ohuQ7SpHcooAZPG48hnZrr
46,21448038574106388099498729698156229932988054978307315072895959449711736813765,QmWSBWWJbxLsBBYxTD49tyurjStu6E8guXNaJe6TYrAjEv,QmcRiAmzKWPJb6zRckynSKfkF94NR1U5jceNs9GFBGxnbz
47,21448038574106388099498729698156229932988054978307315072895959449711736813766,QmXFhVyLTGRP12BNb6BhdVTx8h9qGvBC7rAzJmAatFvaa6,QmS199sQMY5nvdX8mf35iWUJ5iCqMxWS9jNkXGG1CYY4B3
48,21448038574106388099498729698156229932988054978307315072895959449711736813767,Qmej9qkYhTRxv9HuVcMsZuo2wqvizdDiq4p1G8kmqF7ueb,QmeZ99gF8rLvMxs9mfDwcLSFTCpyDWUozXSZF2RgJDqn6e
49,21448038574106388099498729698156229932988054978307315072895959449711736813768,QmdKgSix5s1X1Y3qmyPg213LdqdJZrPNKaZGVmcXib68RQ,QmXNeLajb5LdGNE3qXagUhvQA7XsGLuTvWLUv8kRcy4AR7
50,21448038574106388099498729698156229932988054978307315072895959449711736813769,QmUUSfLUQnxKX9Z9ZxRFzW5ZTYLZxR2nbbd3YBrR9GQTXo,QmSTpALa2gQDEgfipeYc3Bwnbw2nHy8TE8oTqdhJvxJsR4
51,21448038574106388099498729698156229932988054978307315072895959449711736813770,QmY2FnsKmMBKMCZLqJDDaJgbg4xsMKRvTXrPFYCsDkwKgK,QmV3hS9ZSJ2vRg3sg2gc68SHAxMDqdYXW5t318hqRZg8AL
52,21448038574106388099498729698156229932988054978307315072895959449711736813771,QmSRD819Ew9HD27cibwjLDTWtSjQAvGHsqtRMJbDpTjGvu,QmXdhbtDt61bmzSnr1EM16EzUFAPPVwacXZR1XNXHwCkGr
53,21448038574106388099498729698156229932988054978307315072895959449711736813772,QmdmrZ8gB8FqrBZd3cz8ob4qprvq2VyAsbfRUh1qstVvoF,QmTxEF3Ap1eGFbFyTUh95Q5C5KAW16gLiNpZSCfzi55mMU
54,21448038574106388099498729698156229932988054978307315072895959449711736813773,QmTJEXLmoP6tK5CCitnnVVpAc8vRyG5mvzHiGetRrznsFq,QmV3hb2awSe9QAzyheirMA2hY4R2K5HntAf4QQ1QWsGqpb
55,21448038574106388099498729698156229932988054978307315072895959449711736813774,QmW4dzer35NuqjDtjStU8vd3HFFp6mmGeoX1XLzySHmmDx,QmVjU7Cde8bphHMmiXHjix9Dr8767rd3JVduGW2GPF3pfh
56,21448038574106388099498729698156229932988054978307315072895959449711736813775,QmV2ZnHFgstyxR8poWmxN93GLWZyH3YEwXndKhUGsowrjY,QmX7LJNZraL9tPt3eGhiYKuC5vJ4Day3eomkDVR7zaeSzx
57,21448038574106388099498729698156229932988054978307315072895959449711736813776,QmYZ1KptPfCrLQCHrYHX6m22CwMP5hTo192BWWyGs5Cnty,QmaTrHFswv4a6khGcZV7id5ijr85DTuBTRu4Fm9mNBhhgG
58,21448038574106388099498729698156229932988054978307315072895959449711736813777,QmPfiGBPwbgcaTD2Mxjqw79agjNAPxTwHPXzyxkmJPr4Uz,QmbSAJDoDhFZY3QLwnSXxJHRNPwo7SbU3QZK4rVaesrx8Y
59,21448038574106388099498729698156229932988054978307315072895959449711736813778,QmSrRQtTXD9FxH7pkFPXyhMqjMJhRBYcikZSgzkbqhr1QY,QmdK7MaWFDMpA1KmhKmVhMpyMK1X7i8ET6MiPQrFWjXg5N
60,21448038574106388099498729698156229932988054978307315072895959449711736813779,Qmeen1BBZC2vbiuySdZBgQFFt1L9u23fnQcMa46M3myYJy,QmbHABQCX1mkuNziZSbzAMTYg3zs9Cb6UQq5KGcTknxx1F
61,21448038574106388099498729698156229932988054978307315072895959449711736813780,QmPUhPvTS7yGdf3tzvhBEhgRQhXqfW7hzDixj1aMBnHBRm,QmdNfFRCpH3yFv8MprcjDU9454TVM9JaHoc33E6ebykQBe
62,21448038574106388099498729698156229932988054978307315072895959449711736813781,QmSg7DF7YFQbxj3uC9VNnBx5Mvyi5VU674V96dWtCXQior,QmeKLi37aDjisuyHV3nS6J8vi9rBfuecT55NWkVSyykt6j
63,21448038574106388099498729698156229932988054978307315072895959449711736813782,QmYpaSq3BYmKskaERodagWr9QgPTtpasLSjKyeLGLhcwMz,QmYCbWDFSZqNQ8CYQST5hGg89VQwHGSkRxXQ56Xq1JVnJy
64,21448038574106388099498729698156229932988054978307315072895959449711736813783,QmaLaD4rupU1zSvNvwwYZ2gSDwfqe2XXU92KtZWuMKo3mZ,QmQJpXgQcp25DqMtgRrFALu8ueFVZwjihGFQk4em8QSMJm
65,21448038574106388099498729698156229932988054978307315072895959449711736813784,QmeSSwD2CHrVXmiEFPsUyvo4AsNumKUFkaitMRVqVYcPbQ,QmP55uz2wWjF5E2pCfZZp4gEgEPeuqsYNpa6vhBwnyvL1y
66,21448038574106388099498729698156229932988054978307315072895959449711736813785,QmZyh6LXWZp5cHFAo4TgxRJVPpzaFgQTiS6Logz1i3qeun,QmVgaX6nx424tXQZshy8ZQEkz5XqTyj4heVsLuCVHJiTcu
67,21448038574106388099498729698156229932988054978307315072895959449711736813786,Qma24W8qtf5LsZCKbPzBkFJnRLXCpfqnN5aJTMbGop5LUQ,QmbA9F763zpxfBXThwZHW7Z95Ssc4fghnZ1pS11wjXjjjV
68,21448038574106388099498729698156229932988054978307315072895959449711736813787,QmY4QfvWVdw1QnDVEHxCsTokTqj1Y8C35kawjtJ9oCoy3v,Qmdfqi1RU9g5ziWBQawQufiX9r6brh2cJgBcoFCu12GzBm
69,21448038574106388099498729698156229932988054978307315072895959449711736813788,QmV9HHqn5CXYoiNXLB2zbjqzLK54bXBHxp6hJRZYjzxmNt,QmPk2s8vDCdhQjuR7f979AQcyjsussBXVPWSGZkKGK3djz
70,21448038574106388099498729698156229932988054978307315072895959449711736813789,QmeQ3wrg7jjmnfetRwHWWeG4UxwZ6ZH5yyWD1WSJNErw2R,QmPFDkxWVepxJYuyoGCxtZsxPKfMCC966rACLXLFiVA2SA
71,21448038574106388099498729698156229932988054978307315072895959449711736813790,QmdQdLFbq3H3Z2RKM3JKrJnHBTCeqGLEH2GJi4BsbDkq9T,QmcSvqTnB1nwVD9oSfVUMDowD9Gv87NHZZZ1pqx6o1j7U3
72,21448038574106388099498729698156229932988054978307315072895959449711736813791,Qmbtzg4nkew7XnSQ13tLzU3AfaHSUZPHcazTHBGZgeDvqm,QmemVMty2ufUZTc8gtTC6KnK6iFBTWv4A6uFRahvjxonyS
73,21448038574106388099498729698156229932988054978307315072895959449711736813792,QmRNGrVrH7dpvyBnqFiSYiifbDu5XvTaUXRpozikDoS3hm,QmTxYyusNjpYVRrweW761C33zRLuq4K6Q3ABHM1kPBh3eS
74,21448038574106388099498729698156229932988054978307315072895959449711736813793,QmV32Z7vwooZR8aZL7XkwYDj8ieXThAAgk7xrd6epnvcUV,QmZxs622HSaaVfXBoxtrTufX3TfcfhpSTGYJRiaQaQizE2
75,21448038574106388099498729698156229932988054978307315072895959449711736813794,QmR3T11ofQ92q7cBGbjRJkem9viTVYL98iwwvhbUZZ6B6p,QmZfrs3rskSQHzCkQLL21VVAsUc66Fv8A2jAqkw7jBW5Gj
76,21448038574106388099498729698156229932988054978307315072895959449711736813795,QmYEgWha8HCxfWuH5bmQJpT2QyBRQLdDA4ZHFwZk9dqVSR,QmeRfgxfuvdrwxhtMuA6YwDC7hCU4rrRojhbgRhosyRhzG
77,21448038574106388099498729698156229932988054978307315072895959449711736813796,QmexBYDxMApUQGDo4PCpRmgWQJVKrQXDWC9bGeXBYBiyAn,QmeXjWQxCfYNfMSd1wVVj29p8m4Pa5dyJYyEDTXfB9vD8K
78,21448038574106388099498729698156229932988054978307315072895959449711736813797,QmTz4TfGEQR4m29dytaA92qSg8WwEKGyLBqV3FuhhpGxqQ,QmTBUCFpqFmMaEMxGDss2jcRsstaMiiPTHsZXxnq3VGVbZ
79,21448038574106388099498729698156229932988054978307315072895959449711736813798,QmbtWVmJLwi8ikzmgmndtZqgEzbwi4euG4MDtDhXEZLY4t,QmQ5cybydRxf5drjWTwiUwMtGLq4NAdHMxC8Hhjp39DBzY
80,21448038574106388099498729698156229932988054978307315072895959449711736813799,QmcZyMYUyePCwFGGVt3bL9ucagF87Sqam3sxVkCZJ6tWiz,QmSh5TAJ5eArLfGkn8uzRyYYUMwbYhxT7hXzruATvhEU4p
81,21448038574106388099498729698156229932988054978307315072895959449711736813800,QmRv2K87gi7N6ZAPDjfaYA1mFKarb4ckJ15YT9iLLMzRP9,QmVTzL5t8fZdZVK2vCAoMQWGPEBfL5PgtNZ9fZWYbECmeh
82,21448038574106388099498729698156229932988054978307315072895959449711736813801,QmcT8eDgbLpvK3ThDcbq2a57aECa8cpWTufb6CBzKHMVCs,QmQCUP3dYmxx9fgxAsqXuVKQm7EygQFk3ievCjmUwbuADq
83,21448038574106388099498729698156229932988054978307315072895959449711736813802,QmWJ4Ru6ycwi8YTJbr5bSSerwkhG5DSeAdW4FavKd4pnc6,QmQ1jJfRmt3fpz2uzccCQQzCuNjnUZt64xBziQB8uD9MTY
84,21448038574106388099498729698156229932988054978307315072895959449711736813803,QmWkwaUDskMFkFs491BbSbHGG9FAEUDxMHycpH8MbMSHx5,QmSFg1tjMN5Xv9CBi5LFq23bPK5mDEzY1235V2uhF69sWk
85,21448038574106388099498729698156229932988054978307315072895959449711736813804,QmWta6fVnkaEY45J27ybVCoVqkcfrPxsAKS2d57gWnBjpS,QmdGFqWbqJUpE8DkVDqJNFy6XJ2hnWsPq7W4Z18FBGEQwb
86,21448038574106388099498729698156229932988054978307315072895959449711736813805,QmVr9CrFQD5ycYGMjbsenQ6zFsFcS6DVnY8pbVpSAU7Dwo,QmPmA5wrv8ieJNFYSLNpr7G8221JVxrcRnRnHi39293ood
87,21448038574106388099498729698156229932988054978307315072895959449711736813806,QmbA6HJk3hadiWgCRy4Uz66tfpynq5SxJfXo2GcJtr9SaH,QmUVftU19Gc1jUVQ1D4XfcVhhkWnf22fyvEeaduCuTgvXb
88,21448038574106388099498729698156229932988054978307315072895959449711736813807,QmTee13exvYkrvNtSSQ2jPd8FXuXSGW1977D5bG27JUccR,QmNMLCJFaJojTwv5Gim77kLatsAbEWZVHWkAsJfiucoAdf
89,21448038574106388099498729698156229932988054978307315072895959449711736813808,QmQfgitCkV3T8StjW9eiiQbEGWisFD4cnAe1LVjNNajoUd,QmcDLy7GtGPFJUGJHnvsf26ECaDRjNrLfhPtMJAgbkADXK
90,21448038574106388099498729698156229932988054978307315072895959449711736813809,QmXN4EwDWT2vCj441RPqccUeVyr33V2GWKG2PhGjKNMfSB,QmYxU5WnXKSJdftfYsqvpembS6ivFDtoqVVDTDqqt9heR2
91,21448038574106388099498729698156229932988054978307315072895959449711736813810,Qme9NfV9NYGy9FKpNRXjcRTEpKzyjRSLLk4C7QC52e2qCT,QmZvN6QF1Bnsi4NVNisg41YZuiosrqJQHqBWjgLQPxFNkW
92,21448038574106388099498729698156229932988054978307315072895959449711736813811,QmPayiTqnyR9jBCqQAGbH5rNSgY1NP4Fzu3nVSi1ocKC7X,QmWpScYE6uQZ6EB4YJf9j1dQjvoy5Fi2B7791yvcB6qLgH
93,21448038574106388099498729698156229932988054978307315072895959449711736813812,QmccVAiKck69GbxaNjBuqahphcrDs2R4qJLG3EfkNK66ek,Qmf4KYDaYViMBAUD9LrHdSxzoatNmjh3TwGEr1DYrETD3C
94,21448038574106388099498729698156229932988054978307315072895959449711736813813,QmQHzucir4TX2FGLjS9ay4kLD8C9PGF1DB6ZLbuUNQ4c6Q,Qma5JLAayeJWjDx7VNTpJjg3d5seZM3osiDfBU7eVZbtuf
95,21448038574106388099498729698156229932988054978307315072895959449711736813814,QmdghFGA5pTuY9C62ZkZcrCN766joSedEYTps9WtymigZs,QmNLrLRvmk6QrM78yvXmc7jmgcZsGi1syb1e4Rved9CmdE
96,21448038574106388099498729698156229932988054978307315072895959449711736813815,QmdmoKMyAhpzaDZFVskSfmNRVhrR2oEGiyW4JZPmbdErqw,QmRcvieaSXDMy7cFp1pYNz8qdQbP8ADA1KCB959TKwxDco
97,21448038574106388099498729698156229932988054978307315072895959449711736813816,QmNYnTeTVow11fp1zdYCiakZPjbqoRsonf9pxjoCkfEXPB,QmRsZB6W7Nv6gp86wBbLEE4aZwyXWQzjxhD6ujU82J2V9Q
98,21448038574106388099498729698156229932988054978307315072895959449711736813817,QmSHJ62Q92PL8UhJXrLfreRxTzSnXfJMP95iShxJwXwwT8,QmVypnbvsW2cXbCNxRGVRPV56VvCfvXXLDU7HZmVGtBKWd
99,21448038574106388099498729698156229932988054978307315072895959449711736813818,QmeYY74Fc72BGuNSPCV84xo5Yu31k8ZL1Hj3B2BTCvBgQV,QmNQwSeyqcAgWxxzXcWh7GB6gySjZb81wwJ75fh9Qcqiye
0,30154321245016221480147636494972145704944840675743022290291572601234813269333,QmSUtiWnGhfuogQsjZVQSih1Z7FG9jKQ3x86afsnjKTfSN,Qmd43EsehjA4QWoGYDqQGojuhtCNwSRRJBS3fh85opQcNp
1,30154321245016221480147636494972145704944840675743022290291572601234813269334,QmRsnnepquMkuyCsTku7nejiUoz4YaytGwudorsL4cgyW1,QmbyWvuya38ZxE2i775xWdYFJNB7pHcLJsJaJ7wVWZCFFR
2,30154321245016221480147636494972145704944840675743022290291572601234813269335,QmcCvAeEauFWrx7Ex979PvFUASHpK9ViGcjbsthzcLwhEZ,Qmaavg4A3q9rX2bBYY4TmhKupQJhvH8WtiACARAjShCcTD
3,30154321245016221480147636494972145704944840675743022290291572601234813269336,QmTNY9bbSKrifhYECBFWqghHTKZVr6nvd9R7DQqJ2qS9aQ,QmThB1Mn5D4Spq1dhDF2fq51ABHd6DXT2ec6fjmUWpo5mo
4,30154321245016221480147636494972145704944840675743022290291572601234813269337,QmNnFhRdYLdXdh5wuEDTLbXSa45SskvuCbMKgc77KK1iUQ,QmYY1rfX9eBzqXiPWd8u4UW9S25CGG9T5A7FaWpmBk4DyA
5,30154321245016221480147636494972145704944840675743022290291572601234813269338,QmNwHc2Q323y1LUUA8kFgLUWKAAQQ29q8ZgHDbUrgzaa2b,QmeLS16QzpQpFsjNb4vDUZ68CHuvCdsygmmZe4s1AF2Zqv
6,30154321245016221480147636494972145704944840675743022290291572601234813269339,QmSpTCs43PZbc37rYTuDtytLNZbhmjUMuFujiGrDTRQJj2,QmaUmorGFrxFGxhRBJu4o6tcqPMTeDS3BQyJi6JRQ7KVu9
7,30154321245016221480147636494972145704944840675743022290291572601234813269340,QmYDfW1tmYwFg4ZtkfByMHwxvs7bc6cNwyAjJzjaFXX2zV,QmTeQt3FokJhi98nadv1qVS8mmNCr73EeZMXj5JvNT7ciE
8,30154321245016221480147636494972145704944840675743022290291572601234813269341,Qmeuo5teCFmehX35vUD8GqZK7hLkaHS6tTDbGEuCnTfo5X,QmcN8qT5uvCqHGpG5WBrfXqB8GsnRpk1eZicACvLpyt1fW
9,30154321245016221480147636494972145704944840675743022290291572601234813269342,QmbjMyMrDCa1HaXN26i6SVQifzQcD8GH3mSvGJ3CEZW2ZM,QmNf8KqQZCSs91pWeWx7nKHiGzmHWwJ9h5XC8mLKrs45wX
10,30154321245016221480147636494972145704944840675743022290291572601234813269343,QmTwgP5z2rxcn58XA7xVGezGKhJMnPffU5YkT6nqiKBZNC,Qmd9uDwtmkrgQ3ewJ5NxSMfKi5fPEXXFFvUSoAQyucXYpu
11,30154321245016221480147636494972145704944840675743022290291572601234813269344,QmafNx1caKU3LRtMzDvSW6oYg4WFH9xtqBsm3RUBwSkqGt,QmSsqKXLpBTojYsa8hzb9dNaWEEpiJGpmx3PCJ1MHXtSZS
12,30154321245016221480147636494972145704944840675743022290291572601234813269345,QmS6EHR3ARUXMLp4g4W2E7WKuTtZAjpGo9tAaGUXu1EG4H,QmWHEiVTFmvfT3fXuNKVDswh3Fq9yq1fsQhUWjwzs9d21W
13,30154321245016221480147636494972145704944840675743022290291572601234813269346,QmUffLWWCKtdJrjq66CZMv5hWrLHbv82BKyuKF2EmXXFLk,QmS1BXbCj3nMKZVGAJ7ufWY8J58FBGPWL9t4jbLPMjYDbT
14,30154321245016221480147636494972145704944840675743022290291572601234813269347,QmPG5jZ12HBU56B5nM5RN45wi8K852ojRTa9jSmuhCFePn,QmeSmqCYruQidVsw6YQNuGz2kudA8nZ2SxVJXg2zBvDDiR
15,30154321245016221480147636494972145704944840675743022290291572601234813269348,QmbeXF6f38ZggGzZwXPL9wHjrb9cTC8wTJzZ4ZHeP4cLUh,QmajGSGRPtrY1ggGUwrQbmZiorzpD2o7CX1wuCY9Ro5TAp
16,30154321245016221480147636494972145704944840675743022290291572601234813269349,QmYg6Ne6zvgnvdRJeozgNmcKV1p7p7xpLpfbT4jEP8HPWQ,QmYsYwWLSaUAoeKEfhVXhXbCMVrGkALcavRvod5Gq3AGM4
17,30154321245016221480147636494972145704944840675743022290291572601234813269350,QmbXND639EDWTQsrBor3k7LgJgRzw1741y3KNnCtJino2a,QmWcXBdPH4DuTVh1PVX1h3WDxKxQoDNdornVCkpNavMM2m
18,30154321245016221480147636494972145704944840675743022290291572601234813269351,QmSkqb3UfhVmb4EMZF9qYtTnZRgZ22MHWTMdZQsovQZvCu,QmQXFK8Km5w2B5hh8byhtJ4kuRugevh76tEVriMK6t8ghH
19,30154321245016221480147636494972145704944840675743022290291572601234813269352,QmcUhBrg6EPzdFBbF1ACJsoHjykmMfeaYiSy1GFPgZD5FF,QmVhFSSmdinwbAiNhBdTr7L1ZGogGRiL4ySnvAwVGcHi8Y
20,30154321245016221480147636494972145704944840675743022290291572601234813269353,QmYa4cmR9deoh6A3Safj3enWVTwWkK1TqGS66Kb9DerpmR,Qmdg58MhAt3GKMFySfCKpnFyt7mYuMYmnLNPermQdqX2U4
21,30154321245016221480147636494972145704944840675743022290291572601234813269354,Qmdh47KKNiNRP8ymaaAABRoGiDnxcGMDb4VRyB3NyHNfv8,QmY4a8AKUsCJZLkmzMqrPS8UmfT1WVnd1rxvUT8HnjQdGH
22,30154321245016221480147636494972145704944840675743022290291572601234813269355,QmWdiX3qVUzUPGcHhV4p9ZMyYt55c2zf4Kvsk83MDN2DvC,QmXqT39YsJWGEfPY1mskhZVDVdxN9KWMLWQrjjKCEqoA4b
23,30154321245016221480147636494972145704944840675743022290291572601234813269356,QmUYGyskHW9eQBYdyPcaYKgq5V9byp3U1KmWrgQNKvg221,QmeMNfJ6RZo4xDcYdJnjBiwDE5zsJw2743HGmyU8Y5ZFDX
24,30154321245016221480147636494972145704944840675743022290291572601234813269357,QmdK1sqenYnmWi4X7nShrq5SjBX4cWyYmrQMLcWALAKGLP,QmRMoRDkS9YVZuADcboLEdKJnEwNU3e57u9aztUuDPPAyy
25,30154321245016221480147636494972145704944840675743022290291572601234813269358,QmRbfJUNqZSAdknPgt4uV4GHd3THXGa9TP7e9V2qJQ77xD,QmYS3V8SUEP3pQhVrLfxjgDRbqLcLVAHAXNYJd36pbdk5j
26,30154321245016221480147636494972145704944840675743022290291572601234813269359,QmeaEA4CpddL2ABWL5ZjjYJ18i2fmgwQfWjXioGrDax86m,Qmderm26XpWXRDHUMpew9hRdXMkTEfFBaYSJ9r1ey9zaoX
27,30154321245016221480147636494972145704944840675743022290291572601234813269360,QmbCT4oxP6D3MY73VDWk1UJTzx5k6qw59SbZLbyFpXRsse,QmdLogw8eUoWTVcDX25q1tHroWZB7hkuqPBSRhoXmACasm
28,30154321245016221480147636494972145704944840675743022290291572601234813269361,QmRr2Ns1kPiK7BXuQzbhrdUkNBzvexVf3QpoK4UYkbZU4h,QmTex1MoJfPzgTzJ8iY2GvZ9X8MMP6T8hNrsVopzcq7X53
29,30154321245016221480147636494972145704944840675743022290291572601234813269362,QmWmV97cB3yZ4xtGBwPCTMgXMVzspEPvWmqxMFaAFGNaKf,QmbjF7ggzYZc8AkxSZJdWW2LQ8iPaw7iWnXZZBQ6Mv7c9T
30,30154321245016221480147636494972145704944840675743022290291572601234813269363,Qmc3MGQyhB6SgthRvgpsUr7k3VTTkWjWPvKzizb1zKWZSJ,QmVdb8bQ5DDRJBJeLPAinbXqKkSPKMBT6W92MuGNGstGL6
31,30154321245016221480147636494972145704944840675743022290291572601234813269364,QmYe3NZ4c4oGvbL28VTHaXmW7H2Go4aNrgLpJjeEME1wSz,QmNkk89iFr33pceeu44Mo8687dtnmmzRJsexpYrEXz6UNC
32,30154321245016221480147636494972145704944840675743022290291572601234813269365,QmaCCsRgm6xrt31PQ7sYDuYpJ5RHxWewc2dwaAunUekttu,QmS2L2JtcYk4bNqZhLfZpvB5k4i3GPVwPHVa8qzawfF6Jf
33,30154321245016221480147636494972145704944840675743022290291572601234813269366,QmauxauuCTs1yEJujJJ4GoC1spr6bQozXXxBWghYroJk3T,Qmc5EMAPNUCkrAo1zFrYHvvBf8LacwWdKB77tVEZ86xsbZ
34,30154321245016221480147636494972145704944840675743022290291572601234813269367,QmcodjJv7EPnxgFfzmgzKSL3iHtZr6PqnhSQUw5usjHp5k,QmWBtT8gvKXFke5W5KAazdwFaZsV4giMYqQJbfqecbVWnH
35,30154321245016221480147636494972145704944840675743022290291572601234813269368,QmXiQ2zkBPHa8bLt9ZB8TGqCJVg2upw4WpYW3jJy4Rx5A6,QmVrYPMdRv8JT7y98T82keANE84mmvUrREmPhQcXv56ip5
36,30154321245016221480147636494972145704944840675743022290291572601234813269369,QmRRF6AFsmv9EWR7VVUPuntAc7qQS5WxRtdcRrCUzvnytS,QmZ6df4Aui1uWDyoMp8ozc83xBF2F7gPhDbiMYBBNmNMCG
37,30154321245016221480147636494972145704944840675743022290291572601234813269370,QmS1oMivMHJrC2vJVRks9wdJgAA21nfFVMWFsBR8Z5Nfqp,QmPffZkZ6cLvHsELNBabHUisNY4Z7c1Jjvy8gDjDzZYYhZ
38,30154321245016221480147636494972145704944840675743022290291572601234813269371,QmZ1wmg5Rh6vYScPXSPj14KT1k1XZRMHAy2BXvWpko2DYi,QmZEsftv8LZA84tu1SnfuR3b599aK5GoKp63J3e6ukWjNg
39,30154321245016221480147636494972145704944840675743022290291572601234813269372,QmbzGTAcGKHTZLP6LbXy2Qzm4cpnuA49Fer4zHQ5EHYiXa,QmVR2ukreYyXq72nzh1kqRkamEo9rgmsYzSTnpZ5ke42oF
40,30154321245016221480147636494972145704944840675743022290291572601234813269373,QmU25QbpibZYWF1yveN2CMbRx8Buv8qMzw4dcabSqdwZED,QmPi1U6K6vkVbvcKLvqxCHupkHq2wvewZ7bzH75c2kDW6P
41,30154321245016221480147636494972145704944840675743022290291572601234813269374,QmWTZRHYvVTkNY8jmDnV3ehjH6Y1a24bkmcGPsnViSzaGA,QmRPtz1zKzRrGVFF4p8W8aQtBb9VYbgNKhwPAMejgmxZHb
42,30154321245016221480147636494972145704944840675743022290291572601234813269375,QmZzryFqc6dFHG5smqHAAvz8o8P8YtD4h2xoHT7H56Zn8Y,QmWJA4httwpoxkDFka9AxsEvmr5egmBdTwDzViV7NmPRsa
43,30154321245016221480147636494972145704944840675743022290291572601234813269376,QmNtbFaTCHxyZt1XvX3Wyt12Puyfue2HEGQg5HHmUKBBwv,QmdXJnqGZ4YK1TtbsfNUE8rka9fa3RhUUPR3i7GR9WL2Ag
44,30154321245016221480147636494972145704944840675743022290291572601234813269377,QmTbFny4MRmJViVJHcWXTJ3JnNH7Ks5zwGc3kbr9cjgMw9,QmXMfiuYquqSr9LUVe5jWk2TEqhqp5M1a3xpFiUswCDKZ6
45,30154321245016221480147636494972145704944840675743022290291572601234813269378,QmYj32oj45kPY1TWx8xyTvGsKL3NmfxVjACmQbnLCJNgxU,QmNWfXQtB4KAC7hcf4XZqFzLCjG2B7cd6pe62HNsU4SuSq
46,30154321245016221480147636494972145704944840675743022290291572601234813269379,QmQgxSPyLsk1k4ZYrsYVEsRNx6nSeyu4Kp6984YiiX5Rqx,QmPQzRZkhrFa7XyxEyMyB42iSWifS1aRoiyA4QzXQQEjMj
47,30154321245016221480147636494972145704944840675743022290291572601234813269380,Qmaz6eycWJXmP9pYkNXBEran37JrT5mFMrXMwAQ9ZtXTE8,QmVd9w54sdzgzFLPS5yCEa5zB4Tyc1cy7E1x4zdQRBMzT1
48,30154321245016221480147636494972145704944840675743022290291572601234813269381,QmVNUecaZq4fVP1dcmfbZLAGtmHu677YGLh36epo1hDs3E,QmWxn1KmzJxbCkYSwBBstjf8SrWR3BcxhHufCkqRzxZrqD
49,30154321245016221480147636494972145704944840675743022290291572601234813269382,QmepMBgFufcApDZEfn3SFwyJPoh1VApAkMVBvFQ8xErmv2,QmeW4Ticc3vNSisx3xQnxNGfeTtftYzNre8BEx2MzMDAXt
50,30154321245016221480147636494972145704944840675743022290291572601234813269383,QmbhMBeQuN1snKGXfHjSTf7Hmc9GJEuu2uLzRUwkxSYvGZ,Qmd1Vve95Ad1d1mpGtCuss2sNgYKekNzQup4jQKS8Qwt6T
51,30154321245016221480147636494972145704944840675743022290291572601234813269384,QmajEDumRKU4J1vbiVdHwAfbgAx6xN8pJ5QnDJpE8w88zQ,QmZUAg1dppBm8SaeWGs8iEkvJbmJJ2JAvHUZL5MgVVm5rS
52,30154321245016221480147636494972145704944840675743022290291572601234813269385,QmPyfjz6R1DURubPkWwAiUb7LscPgdNcUYhp49mb5G2UmC,QmdVBjojyZY8rM73c4n1mHVgVnhehmsxKtWLEjbi7SRc1W
53,30154321245016221480147636494972145704944840675743022290291572601234813269386,QmQ6FKweD3ikUeucazT6WqTjTvXv1EVr7wTMxYptqaxijm,Qmcdr9Pv8UrqrssES8W6KRUeiKHigijExPvgtii8EZym3y
54,30154321245016221480147636494972145704944840675743022290291572601234813269387,QmRXZPZbDfmgLRP4i1SaA5ZPsc3YiLUBpEk5YiahmKRoju,QmW82J9H6Eb36RBCrJuZkkXbRbYqKcHjWquNCx92NyCcri
55,30154321245016221480147636494972145704944840675743022290291572601234813269388,QmRDPjqV8P4PwdwGoXRFbAPzHg7FmR7LUpoLX9WCNdAyRt,QmcEZnGTJy4f3QnN4yPgjWaakGcKUAjsm39QnEWGkG8Uz1
56,30154321245016221480147636494972145704944840675743022290291572601234813269389,QmUVRnLb2ckQsd2dvjnYNHyZsk1MURNjCTLGjhGZMVZidu,QmfADrYf8aPCg5FaEdCifU2Qfd5dqkJYSCxvFWkZ1uHkkq
57,30154321245016221480147636494972145704944840675743022290291572601234813269390,Qmc15zq9czhFswBobpPH8uxGLJoVS89GutNr97oNw2MWnu,QmXPoNqrbjRwTw8MLDvksWGCcEJqc2giwff2FZbh7bNga5
58,30154321245016221480147636494972145704944840675743022290291572601234813269391,QmNxFDTufpGDBYkZoKjns78eQpQTX9e3J2uQMW3ykJcdte,QmcGo9wU4V3vcD8zF7ARhfuaM7cAGw4X1PMLi3zmL2QKHW
59,30154321245016221480147636494972145704944840675743022290291572601234813269392,Qmar1U1BezNqdMQ34cpjNYa9bZxJNrdkvyeCy7ndVMmkaZ,QmanZUKQsazu1Mtke5e5TRSZTEZpMPwApwmFaTd7CPDPcQ
60,30154321245016221480147636494972145704944840675743022290291572601234813269393,QmQ15zRqgZotZGiaqNXiuzemrxwGmdng9AZ1sHPqxNuUve,QmT1xfXKzFpeKzE5m4NeaQEnaUudMFDq68ZsDmwjfXLVog
61,30154321245016221480147636494972145704944840675743022290291572601234813269394,QmUMZMpCrrAfQhhPnVMe1sYRnmsV1Pb41EQTp1AhGRQiZD,QmUH8LZAkPtgbHFwdE6hvwmH4k27WYdhqCFHFGG4arWuV4
62,30154321245016221480147636494972145704944840675743022290291572601234813269395,QmXAt6Xt1EA4yBkEuQVJE431bK873WNjjh6D3UCHcra9m3,QmRj79RvZFnGV2YKdSxFfA1PyXV6n9HeK4SR3yuNgZdJVW
63,30154321245016221480147636494972145704944840675743022290291572601234813269396,QmPzeBmJnyEF3yYKziU5JcKi18KU6qJ24UjUnMZTrWZkb8,QmZMnfR9Msz8JJYLs5tvSQNnMxpK8w9GjYCp5xdvDuLW8G
64,30154321245016221480147636494972145704944840675743022290291572601234813269397,QmWCd9YvqsFUzoMjdZNBa8agjWYm7r381C4qhFDHNx8Awh,QmNv7QEcTPvtx6ae15ZHB31JSHAPex5WqDDoMu5mv3t9D7
65,30154321245016221480147636494972145704944840675743022290291572601234813269398,QmbtortXwj9n2d6tpH687UkLreWQhsUpTzw7h6gqjg1nyy,QmcSdEC2bSGsasDM6r6JeiTHr4X18x8JhDLN1CFNL5B5Ly
66,30154321245016221480147636494972145704944840675743022290291572601234813269399,QmSzcyPSqe3FmUpnTGQtb67e5pQSn9DAJDstwaFQA4cyNV,QmNnJnEA9is82fcCj8GAn8orbpJopbhTxjnkndUtumJi3o
67,30154321245016221480147636494972145704944840675743022290291572601234813269400,QmeBEzpqarug5pRqAgshPouhyhxT9puP3rWB4hJHBJHRQd,QmYop4QXjTkACRHaZgBDi5q34Jxz9NQ2CwetEwkehZGGoR
68,30154321245016221480147636494972145704944840675743022290291572601234813269401,QmV6Kmkrbtf2FMLzcDvNS5tm7mDMYMtkbH3cwYDHSjWwgj,QmXpPBTEvFzN5JBTVEct9miNJvPPGmZe26zMBDwUhParLu
69,30154321245016221480147636494972145704944840675743022290291572601234813269402,QmbQvQmJfn2rPcVHgNX6rUH55UfoJSmeo3Kc8cRqpxAKYY,QmRVK2KLii3UiEgTeDne7tsefA1dyouM2pM1v38JqTBBEL
70,30154321245016221480147636494972145704944840675743022290291572601234813269403,QmWzoht4rgTfEXKLSck6VP5JQKGtRMr4Xy1CWhy2deUaxz,Qmc1x5mg18nyW8oAXvuPGjJrb9Bj1oHNq5tgUG9TyDTNWe
71,30154321245016221480147636494972145704944840675743022290291572601234813269404,QmSMAZUsWtgmgiwjW2TYCYZLgb3kFzeg1St77Mq4MgNqTb,QmTRL46B3fEqzkcS3xAJK7QHcKqfcJvmaGbFerKYWNMxgU
72,30154321245016221480147636494972145704944840675743022290291572601234813269405,QmZFiqYysKJbLWntTJCU6s8B8ctNaDpCgBjwnekmupWF5C,QmaNq7uVACqAhhUYYSWjaerJUxg1CupzkNwo4JmiFwQdSX
73,30154321245016221480147636494972145704944840675743022290291572601234813269406,QmReDDJQribJoQNJUFDwL7Y2somWixVnK4WwJkfjnqBf5N,QmTPoTAHAfLGim74zTpXkYAwR62Fip1ewGpzDbtJaW2M5h
74,30154321245016221480147636494972145704944840675743022290291572601234813269407,QmQZNa7GQSTt4t1CDjdQUnyYtiVTnnFruneeWEiAKkWWFq,Qmb5xaTn7m8DX3yyxTh9e6qGQCBpHNrNGaDYm8osMKHopJ
75,30154321245016221480147636494972145704944840675743022290291572601234813269408,QmWiPC4whQMTCxbP8Xfm9uTFWmQQjaJgLFcW7CebDexet3,QmNU8nVyirZ1aThnGSmdW9pXQ2UYot46b8aR9XuCpbxmtV
76,30154321245016221480147636494972145704944840675743022290291572601234813269409,QmV5ZB1XCHmpQp2ZKMRZH74YVH4w3h4QWwZZBWk1KoyevJ,QmP76GYJueh9asAVEnv6AqKK6dBrPNNb9bKr6x5m44Tizw
77,30154321245016221480147636494972145704944840675743022290291572601234813269410,QmSEsv1VrATVYaYt8oJ6D12vKr3gPE8RnthPmrDbicVr9k,QmTpczHBkYfJi5f4RNHkPJU1oXZD269WhekHT3LTKiWgsb
78,30154321245016221480147636494972145704944840675743022290291572601234813269411,QmXqAqqRhgW8zGDbd25VznGooEWRY5C28Cgy4KH8GnRh1E,QmdbtgKDpx3BYpFNScDRzssJEDtoCp9FU5bN4qiLsqbuCy
79,30154321245016221480147636494972145704944840675743022290291572601234813269412,QmThN83wBtoPziAmEw4WsnMkSHcjQpdDJT12Xasdv4cEt4,QmSFe2VjWpP5MEamMAp5rJRsP2H9sKWDur3LbZ6nVmim8d
80,30154321245016221480147636494972145704944840675743022290291572601234813269413,QmWqaRHCSbtNfQaNKmHaPExXG4PTraKvqNvVQP6rvP1ntu,QmRKJuT9QNd5V3s6vYUBoUsUevguUDqq4SPxHxdfaKFCQW
81,30154321245016221480147636494972145704944840675743022290291572601234813269414,Qmefmgtxif85aa7Hkic1eb1jdNUihumn1C1W1DyD7fULbP,QmY7ye3vMyMpBV2Kgob1Jp8N3d3zzNYWu4FWkDvELRukD1
82,30154321245016221480147636494972145704944840675743022290291572601234813269415,QmXdNAAMsP2Vto3reQrEVeVL8fzn5kwRuDe57NCTRZfu1M,QmcdMnSBai5jYuKznjN8egrq7GPt1WMu637J1B9UFmPVhB
83,30154321245016221480147636494972145704944840675743022290291572601234813269416,QmbTkZ9dJUVAypUNwaxa1eJkeMSGRcXiVgXr27pCLy2chH,QmNNc9qBRx4iA4QrmZG1DAwZAay8Q6HHgXt2UZB2e4czqw
84,30154321245016221480147636494972145704944840675743022290291572601234813269417,QmQw6ytiRDyjYUpfhhp5kaaZkWoKJ57eueRu8B2rgwDcnj,QmeWrZfz6aRq582TUgRJaupVJwmkyUoQZ9PafwjaAbFZwc
85,30154321245016221480147636494972145704944840675743022290291572601234813269418,QmQt9N1hkExw9DNBLyxWj5rHQeYd2NEs6q71TL1oMuo2kn,QmYMaNn5aZTEwcM13bQxnn2cMiffz4BuAeQSTB4nFnRRCw
86,30154321245016221480147636494972145704944840675743022290291572601234813269419,QmQLeohU97GboUcwBdRcT9tzNEz8gJkceen5HaATzQu12J,Qmf5YUQtrJ4oG6p3n3pqcjXW6RvcDdhv13xajJXpNbH71C
87,30154321245016221480147636494972145704944840675743022290291572601234813269420,QmRF354FRiDPo1srgMaAMZZbEeLa6tH6pWm9HvnzDYraPT,Qmcni4LxcCcjWZuiP7dAbKcijcRLo7xiabANWvgai9Tjxz
88,30154321245016221480147636494972145704944840675743022290291572601234813269421,QmRJGvph31D9Lwdf1g7Fnd6EGQceBZpVZQzk7qAmG1hy92,QmZrLzDFmMPAUKdnSTN5DdsdC2DUoQSLgxFpfetxe26LB9
89,30154321245016221480147636494972145704944840675743022290291572601234813269422,QmTDoJNU3GQCcMS6f4afeWVvH8RNGFqszG2SR8GSzt2F4s,QmPvRGeLsuVZbbLqXRHtkMfDehJapjZEEjjVqrxiSNGktb
90,30154321245016221480147636494972145704944840675743022290291572601234813269423,QmSQ6sXo4Aoq2m9hD7FMQSHbS4sSJ8gax3kFqjVWPtH3ru,QmXFfVZhm3Zy1DEdFD2XJYFanckHXootzHDVERSEBV75a1
91,30154321245016221480147636494972145704944840675743022290291572601234813269424,QmUDvWVP7qWW1uENsiLrpNiu5o3WuqmckYsqcrxXjbmUw9,QmV6KsGV1sjcm88QrD5ka8YyccR8QVvDsD8unorudFGqmV
92,30154321245016221480147636494972145704944840675743022290291572601234813269425,QmcHiGxxCAmk1Au6T4z4MvKYjsKqota4kEzRH2uoU3JVQP,QmcNTYYxBzB5XHq4hrjPKAGsCAaYVX4nc33ZgtnMzoFzDD
93,30154321245016221480147636494972145704944840675743022290291572601234813269426,QmXMxKUtR2vVBQSiSm3cizb5q7wd1GkNFJwwS5CBBNjPwG,QmTYtpK22BmCCt5W2mMt99uNf4t5WFFQRagwPuXMW4enye
94,30154321245016221480147636494972145704944840675743022290291572601234813269427,QmNsFv5kWjQX1rTAaYf5BpKFhjf4tKjg2bo2fuZgHhjJCa,QmSG9nBWRcT5QiHKnHYHNUhccuB92AqriZ9QkXvuyYxSgk
95,30154321245016221480147636494972145704944840675743022290291572601234813269428,QmcXYfJ7zcvmiYLuFM2jbPELSWKkkz67eXV8ZXmTMmwBrG,QmUyZJDaMHiYEe75DRWMEkBH4MoZM9oucCW2D7knjMtgwD
96,30154321245016221480147636494972145704944840675743022290291572601234813269429,QmU9PmUyrDbCVWEdE9Qca1WY48HVhuzrT2qVoY59r4cLuJ,QmWbN6ohHMwyFfnZYvw8SEntKNK1Tm9ZoNP3zv5eZarwdS
97,30154321245016221480147636494972145704944840675743022290291572601234813269430,Qmee4ge8purywHMdiUJcQm4BQ5f71Bcte66kYD2UL88jMV,QmTLUVxExTU914irUr2Yzcfh5HL7xBuGDirmRfdXZeUtRt
98,30154321245016221480147636494972145704944840675743022290291572601234813269431,QmWGnkiCwjw5qounGD6YQNMxxcPnByq5fCWXs5e7KFTRdU,QmY4VrZKACE9eNPqp1WsD3YsU4KNRuKom2KMf3WewqJhV8
99,30154321245016221480147636494972145704944840675743022290291572601234813269432,QmTZ85YCy1TscoZ31EJbiXchoP1vmCt4Xdu4prKKyjKT2F,QmQKDFhGQwzjTW2VgWuSUBdRcdHGjcYsTYCwpmEtYgoh6K
0,31221468210609484860409183864532577577041700613675444716595920226587732227113,QmcXcXibMvpRQgJCiWs53sE57YZTtbBJyu3N2DfqxDdFwp,QmTjvp8LmqHEaTtaziCsz9LV4SDdMNachuourX7bpCPJhR
1,31221468210609484860409183864532577577041700613675444716595920226587732227114,QmfScsTSMquL3HxH9C8x4GSFovui1ugwyfVm3v61GEJAKF,QmRbyDyfTWTwwLTv4EWNUQZitoLf3k3UxWpksEqYgNFY9u
2,31221468210609484860409183864532577577041700613675444716595920226587732227115,QmdqXHPAMDarCgR6vkfTpxvEP1fH7xN81j9P7mohjBB8oR,QmT51eaqRst1QSTDYFvyFwyfyTmpWbiKLMXf5wnH6UyJTH
3,31221468210609484860409183864532577577041700613675444716595920226587732227116,QmYPK4qtj64NHkpeJ21oHDzacEsoyYeLgE7yiMVCQKgm5a,Qmae6uuGY6jNuxE85pM8buSKbKzHgsVYWmfXLz6EsHrSuk
4,31221468210609484860409183864532577577041700613675444716595920226587732227117,QmbqjttLQ87Nr4kbTaJaR4DCfXKotwXsQ3mTQkq1zs7MHY,Qmec21kTk49S5jGqieQrjC44JULbrJDmJtNjzZdXmZwHHg
5,31221468210609484860409183864532577577041700613675444716595920226587732227118,QmNLqvWsyiAjz6jutXXLBHdS7eTehXEGrcGCMPPBVZPzT8,QmUYjtW8G2eVev2rFqPLjhAjnaopzKx8m7S24amMKnvTm3
6,31221468210609484860409183864532577577041700613675444716595920226587732227119,QmZUD71erThNLQJtZQDN1DH2xGbqJZMiW8AL1hxPtyG8R5,QmNy2fy3E1mtmiAbqTzBaryemSkKoo54t5qHJXYGnSUW8f
7,31221468210609484860409183864532577577041700613675444716595920226587732227120,QmdhmFqNPssDnjoV7cPBV6E5wEBBm1Vnvvs3SzZ2SCR9y3,QmZrfFg7VJL1pA8DVn8bHzdXDZ9Hs9RnezqNobyYjJvX5d
8,31221468210609484860409183864532577577041700613675444716595920226587732227121,QmPFojgS8biZFdUucWjNjRHvBMqGqtU3msmkqeZv34LL2m,QmUtVYm74uu1Co963jC2Yt9k6ePx2tHox55Dw8FNJcGJtS
9,31221468210609484860409183864532577577041700613675444716595920226587732227122,QmZJyDHLFNWoxSEGzmjDYk11bMVZK3mG5HCeXGfX9mM57k,QmP3gxyWAVzCtjP9FdQ8Wup5XbbipBToGLwZfJx13raisk
10,31221468210609484860409183864532577577041700613675444716595920226587732227123,QmSip71RskNoZEznvMfuuEnPMSJAYcZEZX81jq2REHgbuW,QmTG8CWUFMvjagHFNEamMj8nmVwZA8wTcwRdNavAjvftrm
11,31221468210609484860409183864532577577041700613675444716595920226587732227124,QmSGX4Sx7Sja9is67qBqeNQPmkCS7YssuGqMkuArJSnMr3,QmYjnCxM7GqZ48NsFwXvavtdBcViz5xjVcSkeQKFNEWBHj
12,31221468210609484860409183864532577577041700613675444716595920226587732227125,QmNSs1enekxsrsgYR5qVxSWrQKD4dv1Z9mfnUtHXZeZnvC,QmaEy3cawGkaaEYvZDqKVGcsDiwzb4FNfdGsAAc8GZoYfw
13,31221468210609484860409183864532577577041700613675444716595920226587732227126,QmTmn836JeaWQdvT6BqXcy3JgVWZ5nXiPomqXXERicxybG,QmTHsoBaqnv3EgnSMRoMULw7cEWgQac7FwqQtpXn7EBVji
14,31221468210609484860409183864532577577041700613675444716595920226587732227127,Qmf4V78RpGmbx8nMvuDXGp2P5NgK8upFxCwYMKUiSSMXX1,QmPGAdShtgNNYVtB4992hBybUfQ75uMJsbuUoNLCvrkhsh
15,31221468210609484860409183864532577577041700613675444716595920226587732227128,QmRmApjnzzcag3FjhteZR6GAHqzXMT67qinm7tJC8krTuQ,QmVasoocNmyem9eis3EuekpjnwJUPP9PfiEKvBd7wXUoQx
16,31221468210609484860409183864532577577041700613675444716595920226587732227129,QmYqmijHzW5n7PMaZrLYCTvWGWiQTqtwGupUxXoUeSmXrE,QmQk13huixS5hi1fzL2puRdkigJb4ca9NJhY85dxtebfXR
17,31221468210609484860409183864532577577041700613675444716595920226587732227130,QmNou8bpw7PWJB62AmX19xrepTcFAaVFtCzetsb1pwLsQA,QmUTkRehW81DZNYwSQzrftGmdSoYZ1n8Ggx5GCep2hEPv5
18,31221468210609484860409183864532577577041700613675444716595920226587732227131,QmbpkEro21Ykz5V2aNzx3NchhFCzgoec66wHTb1VayCDJK,QmZutncHvoKtphe9DfWxsJbGbezepbpcghjLtzTGnFAVdf
19,31221468210609484860409183864532577577041700613675444716595920226587732227132,QmdVf9u25EUNkDYr3nJxfeM45mmLCbQZVGRA5LEWMUEWbC,QmUAzUowsq6DY7Dz3HuNCqYtwRgR1tkVPJYkRy8WShVGPq
20,31221468210609484860409183864532577577041700613675444716595920226587732227133,QmS7CdUJ1RgXpXQUiwoPiNWCoLByea8GP6ZTUP9A7QZrMb,QmTMMMxHwRjRvUEqWmptu3YWJwsXb8fJT52y552xbatD6U
21,31221468210609484860409183864532577577041700613675444716595920226587732227134,Qmbam4FhQF9v9r9mTc74BZt6yQzN6idPiwRPDpm9jcVthP,QmeYjLYfz9XCjS5LYAQi1oLVxyKnYY98ZDQfSeKR1vv7Qi
22,31221468210609484860409183864532577577041700613675444716595920226587732227135,QmVH35b47Xq12WdFHscGdxfx2oHVMgxVhuynvCmE6S9FHv,QmaTWtCVARRSNo34qo3yARGnknRhEG5bZ6YQ6ihkfkUYS6
23,31221468210609484860409183864532577577041700613675444716595920226587732227136,QmPReH54nR7p6SQy9VvJEW6AYpzV2YkqUeaHBBngaf6qy3,QmS3DjyJhQSmvZX8HDq3Sp61GWhTz8QYJVDdkjqKPmyLh8
24,31221468210609484860409183864532577577041700613675444716595920226587732227137,Qmd2inqs7thAmWvq5S8vm1ycfiMYpiTs8UfE5ioPdiuoZb,QmeArQ7eahXcjNUhHys93ycYpcaziQGHHHZJqVewivFc2J
25,31221468210609484860409183864532577577041700613675444716595920226587732227138,QmdjnB28TNdZcbPD9yXTVfRVttKmMQLqjRLhMkdWU4LkCV,QmXNay2Vx3ZwXoqp8MBcbNmuTs8dM6VUAbAk1QYYX5GRvF
26,31221468210609484860409183864532577577041700613675444716595920226587732227139,QmdugZkG2mN65oXHbaLw937JVbubTiDCmSJCUUsEUwojK6,QmXDkWjASZTxPdSdYrFNK9Amb474bbyYw98hCpMHRPnQRj
27,31221468210609484860409183864532577577041700613675444716595920226587732227140,Qmefb9DSavhCviLnrriKjj7UeuUUqaxd6p5nmErgipSqjT,QmaqexLZbhPb3unXxcXqZC35KLWp6t5FthzMBhVK8qNZap
28,31221468210609484860409183864532577577041700613675444716595920226587732227141,QmfGMrHmx6GhiyLDseepJq4dUZCjqQrKkzEraDhSqmp45x,QmZnbLzUchxzjEXKe8MXPqNykH91YqnSo2ETZ4qaD915Zw
29,31221468210609484860409183864532577577041700613675444716595920226587732227142,QmdcDBmrVLvGPrhobXG8KW2wcgumUvGQCYidvj46eZsmNF,QmWEjaJCTnFGQvZq1zCZu8rYhjZvbE7ZbKy33AKJZtGC8A
30,31221468210609484860409183864532577577041700613675444716595920226587732227143,QmY5tx8zcR92yJpKae5WLWUd3d9GSt753BVZQ9KYLLHvAr,QmbqyYZ6LEMuaJbhPMuJxBnAzCWW1v8xjLicXd3FyBCaw4
31,31221468210609484860409183864532577577041700613675444716595920226587732227144,QmeJbqvUYsLeDhu3encGDY4HFsoLDWU5kjAJKsE4xsxsuk,QmW2DD78XeZxf3iW8kBNKgyjLvCb9r7XMPMhj6e2Gw7g3X
32,31221468210609484860409183864532577577041700613675444716595920226587732227145,QmT7DkAyWj8u3pYdsXgk9ruoiFM5DqFZWL7JPbLWBZ7q1Y,QmaYVrD9i32fMXfiKsRpbbGbVW7fe1gUK7DtiE25aFVcge
33,31221468210609484860409183864532577577041700613675444716595920226587732227146,QmUyZvRvK2Xrf4H2g9wnCzr2yWqoFgQgGNZmNR9oFNEAQE,QmeQ1jcTXBiAqxdn8jZKWA8yYwSEV35tfRPhVtbXTJUPHR
34,31221468210609484860409183864532577577041700613675444716595920226587732227147,Qmeci9Ev25JXTZEkDDJqGFvJiSofCNxbiC4ycwziPPZ6Nj,QmbLGk9aD8xMCoD3U4jKtjVP5cer4gLh6VLNP7n8Y86EW5
35,31221468210609484860409183864532577577041700613675444716595920226587732227148,Qmbt4wZMkRid8K4hjPqkuBXWQuhGPv7GQfd4yVMCpA8M9E,QmckdRPwr9RaiXvBwiPfGxpVdwaSDJDfixJCWN2FL9ip3g
36,31221468210609484860409183864532577577041700613675444716595920226587732227149,QmPmLjZUAnscifWun8FQ1WFAsJM2aizxhmwoJHSv3D3uJZ,QmbbTtWTHA8zbdEuPAANgTwNfKBuzXeyBA7xNWZZdRhynk
37,31221468210609484860409183864532577577041700613675444716595920226587732227150,QmNqR85rz8oofTTZrCrU1H69NkXm8t571GW5RYaEycwsuv,QmYFMAY79amEV3bf8JcAfhEfwM15fmsn9iq5rH9Eqcr74K
38,31221468210609484860409183864532577577041700613675444716595920226587732227151,QmTcLjFuodkAu9kEzquDqg8ZTmevXpwH1hpGoojLjB4kw4,QmY2CSDmATAMsveNRpB8w1b1g8iibkWpBSPcHXdH7dEt7a
39,31221468210609484860409183864532577577041700613675444716595920226587732227152,QmTmweHynoxXEcSqScoJBAAuKUFRmRTHhwUNwupz9uaKSj,QmWpQWdcwwCr7w44K1HdSiDbfaMJWe4QA2APdwToLRovsv
40,31221468210609484860409183864532577577041700613675444716595920226587732227153,QmPtwGGeEGYTR9MwAJ32S3oBsdtdLEgXnfVzhNJbTk6SLm,QmW3iSikHzzNS2Sy1Vt9fNczTEvJJnv1QBY8iRV72GEEyM
41,31221468210609484860409183864532577577041700613675444716595920226587732227154,QmU35W5C1qTaDojWfwwBidS97rszfqQ4mYNHwgDxPnkatp,QmbFBtchExGBr3uLHn2XR9JBbkfx5No7YRqVU32uqNzoK5
42,31221468210609484860409183864532577577041700613675444716595920226587732227155,QmaPF7CAcXUXGFRENs14MNkEGR5tvHkdXNpyV3UZxLPrDn,QmR6wsV79naCRoroNYKREhoY4RiEDReuNi3dyK8Zwf1Le7
43,31221468210609484860409183864532577577041700613675444716595920226587732227156,QmPoB793kAmojQBWWC8Ac6f4asruy7swhDQXuTg3HhKGrj,Qmc6d4viBfYLzy7jmPL3QdKeXfB7zJD896QRP4wYAhESs7
44,31221468210609484860409183864532577577041700613675444716595920226587732227157,QmcZx9ixvF2xsFYjcf4zfY2XVDiajQyeN6scUC3rEBvwMu,QmchHbrxtHyEeXxPHPfhk6NViBZHxBWCDf5d3VTekhSxdF
45,31221468210609484860409183864532577577041700613675444716595920226587732227158,QmWS81dwfuiVQWJeCMkGfoAQ5zsvcnhhBjCKrPLdwHZPQ2,Qmdk5o8XKV9fNoJh6hsVwNoPH95agKV26GaXL7GQTSAcKy
46,31221468210609484860409183864532577577041700613675444716595920226587732227159,QmP6QodEy3FybZGrvDMFNTAdqgFoniuripXmZ2F6NqLyWa,QmYkDArei8tHKMa6jhjjRcmwrEvnpFQknsaXpnpX8Rsv7F
47,31221468210609484860409183864532577577041700613675444716595920226587732227160,QmPiZGWbFq7iy3cLdt2fCpArUCBYgmQHrSs3NPD26g98CY,QmdK2mJxPhHYyTVDiGNY2DAj853HDTDKCLrSDVVdrrSkFb
48,31221468210609484860409183864532577577041700613675444716595920226587732227161,QmQARwrMwm4Sskv5CX5VxYbSbycnsccXp7XNBh9mSkLj4V,QmcRo9zzeQfBMeyn36L6QHrE8ZEDQAzMezjffrDb5JQDjM
49,31221468210609484860409183864532577577041700613675444716595920226587732227162,QmPM5QpEGtzvEw8AkEP7odhm1EdsV29BAKmY4r4HNfxe7f,QmeF1SFYZqAybsx4QKeHdP8WwRk3AMDCLJBwrqBi7jMRHQ
50,31221468210609484860409183864532577577041700613675444716595920226587732227163,QmQtNNVTPQMirsXjXFB6zEeQKnKMbutjbree7mQpf2X6c4,QmfNpwifnGU4AbV9fEGBcQARv1RGxEGtCVFzVYGWY3WWgb
51,31221468210609484860409183864532577577041700613675444716595920226587732227164,QmRPdF54DyZLox9mxJnmW9wBwYJc37XPiUbDgfbmGaqtty,QmW4vm9auKie78sG1hjT7SExSk4J6nTCyJMGaVUsdZqp1C
52,31221468210609484860409183864532577577041700613675444716595920226587732227165,QmZjVvjEDMci1o76zgGK3sfBc7yCn8TjsD2z72JQ2VdNhK,Qmf4kEQ7DcB9SubjARoiY82kmWoUZvidYL3WaKUmaRWTAV
53,31221468210609484860409183864532577577041700613675444716595920226587732227166,QmU3FHMs7DWHdniMi7kfPkdsYWYWRxBwVsiXh4mELPmrm1,QmcAQWxhUqRakKgZCLA5oKjX8noNj7ekVE7A2VS32efaPa
54,31221468210609484860409183864532577577041700613675444716595920226587732227167,QmNbxRZRWTTAdPPhp2jtbG4XjXNRDqvRPYncurmX42Tc7F,QmX5DG2G8vGVLjsEJSsaBkwSqDeif9mPweoKefN3qvmCiM
55,31221468210609484860409183864532577577041700613675444716595920226587732227168,QmZhMAUEXxhVb5KV2N9bY2r6JifMTYqSk5yaqtu8yoKF88,QmbThK9GTvWg3ATP8RDSdMin3dLvFJDKyDSh1TV54mPXfd
56,31221468210609484860409183864532577577041700613675444716595920226587732227169,QmXYK17Zrh8stC36ANmTRC7CyPe75cqbyd38oFLQiHtHvk,QmWEWQ4iyz6UJwBXhnKWN4W8grQydM436YKw3nMnDipmA7
57,31221468210609484860409183864532577577041700613675444716595920226587732227170,QmUF3uF3tDB2AS8nKp6N7VJFmRZd4oD5rYm7wzKCDWjqUE,QmPW4vduoUYZMqCXU2TXzx5eAAhZct4x1q1cJfrZh8N6gA
58,31221468210609484860409183864532577577041700613675444716595920226587732227171,QmVgWULr9AHcUQC4Hh1N6tQoSnGCJ4WNaPxK1u1aL8tU5C,QmQTYEBQ3vjdjJ1xHL1bi3LN4rfgz2csW5hddjxtWjEM9w
59,31221468210609484860409183864532577577041700613675444716595920226587732227172,QmRi1cN75VACfkG6HkqDz91BZ2BKcAwJ6NAS6qZ68yhtzf,QmWd1JaMQzceYFG9rpYvXPfjVkJNdcq1VAPxJqkWk7Fp2J
60,31221468210609484860409183864532577577041700613675444716595920226587732227173,Qme7nLgQmaBMdTcnAVTvvbR3a3gMzhRvXwrve8Pn39pm7x,QmQ3HHTRVdEVjkEK9pnWMXoMqquXDtBuNh7i5XrEvY7dmd
61,31221468210609484860409183864532577577041700613675444716595920226587732227174,QmRguoH5BXV3u3G5XF1bUkFCmHLWrw6saTmk67RJG96K1q,QmYRPDwZwgYHUcymWxytHxPeqqnLKoStafHkh5d7QaCubU
62,31221468210609484860409183864532577577041700613675444716595920226587732227175,QmctUD5QKgWtA9gzym2SXzvUkYEw2Z7NtsPKJfKKSxs3eW,QmdtRad8hv858WNabfUcHT7XQs6hYFHsAAeuoYJZUuYjaw
63,31221468210609484860409183864532577577041700613675444716595920226587732227176,QmZAL6XEcsbzsVrAhpXxCn2sv9DPPySFzjn7kFS41jpdFh,Qmdr7tiBqMPW4yiQAXBhaeXNVSxqWFH7wMdkA8iU8tSh6z
64,31221468210609484860409183864532577577041700613675444716595920226587732227177,QmajZJRBjugZgDyNu4f7ttGduYDe2T1YgfYEX7LhNLqZT1,QmV4nqDBGmqeUVuzB4uiGVjn3aeQ2BshZesKG7cQvQDv7y
65,31221468210609484860409183864532577577041700613675444716595920226587732227178,QmdZZKVe26G6GoRFvyHAErVHZtvBJWovNnSeeVjL2qxAeW,QmTjtGiLVrE9VJz9iN3up39ZmctpY5bpyei9nZL7eGgE5H
66,31221468210609484860409183864532577577041700613675444716595920226587732227179,QmZqa9imXMnezwoRNHhs5Jr5cz9spyyDnKu8zNf2kMhu1m,Qmea797PduADreugNmQDyR5wFkuZih1QzX7VZJHXayRUMK
67,31221468210609484860409183864532577577041700613675444716595920226587732227180,QmNqPzqJvzQcnqQM5shbDYHyiG22M3V6gT1zcUAqgQ9FW2,QmPmBmWTMeRqojbmMr8X1WfTGm4Va7t7MVzXkokcWtpFW8
68,31221468210609484860409183864532577577041700613675444716595920226587732227181,QmeU9uDTBvKRFnD273s7zkoewDtpMeBZwR1dtMB9YMDZPX,QmTAQzzLLx4JMsUqKXsRxhF3tKvgLHthzqCXcwpT7esNpb
69,31221468210609484860409183864532577577041700613675444716595920226587732227182,QmUa8LRfXfbna4U2uVsxTpoXcugbXJu9v6wXs1dQhGWh57,QmXoeAca27SNf9iDYti25ZYmRAYi3YijCuLN9HyZ312ivb
70,31221468210609484860409183864532577577041700613675444716595920226587732227183,QmQRdVFeRo68JJqdBMSx9eEpCsCmZZcFGQP1z1H6rezzG3,Qman2xoaoLJisJoogR2vqUhPQ3n86hfmWktFsWKb8gBMas
71,31221468210609484860409183864532577577041700613675444716595920226587732227184,Qmb1wz5TcYpa9h7Q7VjaNGgxW4sUeaCbJjqCjzqp48fx6c,QmRE7bQ7BEyQezoK3xpD28fyEw7qFGrdwB4u9pWjdufQFX
72,31221468210609484860409183864532577577041700613675444716595920226587732227185,QmPMhEf9YRV3NB3QnnF35GJKmMU3gQobncvBExkjCexYBz,Qmc4VghHNex4KGEY1nQSBwWfQ9YzYVWyrRyHngXCqGpGyW
73,31221468210609484860409183864532577577041700613675444716595920226587732227186,QmNQ55YHAvCNQUGjR5xhcvy7nKvtEq1zpoyZTMixYpWkpD,Qmat8HZsBEHaNqJknM8qBMYtTKfd9eh1MSijbHb3oToCbT
74,31221468210609484860409183864532577577041700613675444716595920226587732227187,QmRPvV5RpZc5Jnr59yhHeyPSxYSahuMCo4ty8E7EjdmPSv,QmebwNWRMSr17wyPB6W3rJSQ4dbfyx3WedTBnrFu9KXvKM
75,31221468210609484860409183864532577577041700613675444716595920226587732227188,QmaEwH5nzvMSCgEfc5hJnQgiHjsio4dcinCpj4TxmkPE94,QmPAneUAqfj5eHULQ8ENBuFxrGsiDtJLcyDQSwv25mrndT
76,31221468210609484860409183864532577577041700613675444716595920226587732227189,QmbdhoWTvLDRFT1EqGu9pDpF8rTdAJqNJD7LLUG6g6ALEg,QmdVGLEBKpu75sKF4WukRUyKLYfDyegBctbxLmQ6zcPuYH
77,31221468210609484860409183864532577577041700613675444716595920226587732227190,QmSXznmJaoCwEPFwFucVmraxdyhh83sPSJEX3iTz4xhC3Z,QmWskSqiKmDj5gLX6fzQzqJVmicNBRcvcQxScfFAfLhoYD
78,31221468210609484860409183864532577577041700613675444716595920226587732227191,QmcFz2BX3VkZmifak1aj9AwCEDgcLHU4sXMUpkAz6iT8HE,QmZvDGPXP7tix2kRNBpP6ro5QxZscVwxVw3MZtUGFNHJNF
79,31221468210609484860409183864532577577041700613675444716595920226587732227192,QmVUPi8p66w8P7DmtTqdkhogFmewCKmLVHfxoR5gGbGDPx,QmQpDr9YGE1zu8kFaUeVRCXSt5KU7uq1wyq8brVCHz8qku
80,31221468210609484860409183864532577577041700613675444716595920226587732227193,QmQNhDb9DohGX8wnViAEN2omv3esJrEB2iT3Zxkzavqrni,Qmdfy7GtMQEsvmYPBWZxPoGvb7axr7TQ85L8BxjKrHn2mo
81,31221468210609484860409183864532577577041700613675444716595920226587732227194,QmVvELa4SeXj9ehUKufrPrATsdQ3kQ25cDS8p6wQ4jBprV,QmSTpCBAWUxX6xYS9uyxNstCGx7fqgdtsFsstgFRte3Tai
82,31221468210609484860409183864532577577041700613675444716595920226587732227195,QmfYeYEQAXFwcNJHTyGtbtn3sA2orAQLWwjbQxYGfbwRjP,QmTHwW5fVi7Phg4MUv2y4srqKgwz6ZzfvaSJ1D5Z2DnPFR
83,31221468210609484860409183864532577577041700613675444716595920226587732227196,QmPutSbDjN36R7CrrFdxC9iqckpkq3LH2vRBVf9pHtscya,QmUG4feGGQgh41aXzTeMQwZnyqhvw3ZLn2dT8yhcZouWa2
84,31221468210609484860409183864532577577041700613675444716595920226587732227197,QmTeEVNa9uJqSFG5e7wwgzmiKXAzfLyi8N4VGX1scjjugq,Qmc3NcoDK21EBrgikh5bqzHk3Y8BSB4E3befdeo6Lfkfko
85,31221468210609484860409183864532577577041700613675444716595920226587732227198,QmWRRxkUpAW1G8YkKBfGkTcwpmoDzyjhpE4Y1ybETDkbGo,QmaEUaTKQNkgbFJe9GtxvKn78CvNsZ7F1SoCvwcep4ovLa
86,31221468210609484860409183864532577577041700613675444716595920226587732227199,Qma5Vc45iVnZZAtwwA5AqUUzup7RQh7Qx2sndzcgcXiUdQ,QmZY1nrw4788ajxmN18Rkt9WvPiNiE3ZF1d4EGkadaWVGf
87,31221468210609484860409183864532577577041700613675444716595920226587732227200,QmV1zbGYbKKP9J1tLZRGzh784ydDSXvEqJR6Sm8ePDSMia,Qmegeg478zs3ftErQRHi8Zxxwpqi7YiXkLrLjMzope3ihp
88,31221468210609484860409183864532577577041700613675444716595920226587732227201,QmQ91SM2izqMekCTpFARSGgNbVJqJDH5U241FAkQ9aJcpV,QmV6H1sY2phcUvv9QWLsuLSQst9w5m8QL6uUdpYysSeZ4z
89,31221468210609484860409183864532577577041700613675444716595920226587732227202,QmS36ppgjBibuRoXmdCzUFp1gvDETPAdt2JtfKk5Etrj4g,QmSNpEYQwMRbq4AxeLitYnRFVzVMtohMdHcmxRXJP34gGL
90,31221468210609484860409183864532577577041700613675444716595920226587732227203,QmVzRpP9sYk2sMwyV9oDdaxTizbjg99tsybHqUqKjDdPVZ,QmctfgQyV5GEWFBL6nnjgZBszHPpcLCwXAxyRHhKzZYQZB
91,31221468210609484860409183864532577577041700613675444716595920226587732227204,QmSTzrYrtHN4TMi379gm78WQLPdkEHg3AJaWZXs2HiFB2J,QmUKWNp2BbmYCzKUQjwYPN91bad8HkwdwKbQYXxTi2fhLn
92,31221468210609484860409183864532577577041700613675444716595920226587732227205,QmQWuDAoEzzZTNXXA1hdvYTzyRjE1FwJVT9pwtQbDUhitE,QmNkNrP8JYQDkxoBexh6njUopw8sXi8votHmoHB9CB4uBs
93,31221468210609484860409183864532577577041700613675444716595920226587732227206,QmXH1JN4zYe7UTN8BQo68Lq4tAfXDqVuRCWAJrCy4puLgF,QmeFX1XW9qF9fS5C6wAhAMZBQYFwgK5CeBbPPvSjrZ3A3Y
94,31221468210609484860409183864532577577041700613675444716595920226587732227207,QmWjfH6MYHJJ2BWDF5L1LqRxyfQeHiPH4LN1USYSCPgJHG,QmSrgi6RrnvqMVZm4PM4khFbYwNpuF87shsgc2Hts93Vb4
95,31221468210609484860409183864532577577041700613675444716595920226587732227208,QmSyeQ34MucavDs4HZwR8j4tdyiokPemMNYsDqp86b2xjk,QmfZGFSwAdcdLdoPGEumgPSb3GtNjCT4pvRnFkQHgbez8r
96,31221468210609484860409183864532577577041700613675444716595920226587732227209,QmVckA9z2RKRrvMrtvHtfUb5y8G4FdopH7fdB8CDF7QCsm,QmWStseUv5FNbFwqrqw3kfqoWvaScoPX77eoRhUgxn7u5T
97,31221468210609484860409183864532577577041700613675444716595920226587732227210,QmQvt3w82PkwYEg1Wg6Ab1CzA2hqU7vqAzi2bqUUipKmhv,QmNpeadbvnk64TcSKmGcRAxQX1Ui4YQvvh68XT4Jgc1Yq3
98,31221468210609484860409183864532577577041700613675444716595920226587732227211,QmbgBioZNrNKzzzjn6LWhFFRRoQUUSX6wrbhgEFN4ip3aR,QmaRA8cF8bPdTah5YryDYDLrmbMUKzq7D7SXy7qonfPHc2
99,31221468210609484860409183864532577577041700613675444716595920226587732227212,QmQWwJZKuaQuev7ypCYd3CbdVBgqhBmY7wyovuFue9h5ie,QmRwNvcNyH2UMoQcTQjdyywSohXGiwUF2C6ogDgxUkVnD5
0,65929679735845116927439867739438624115109737560452263431315871463539431070796,QmVw1oMDPm2C8odUfrmrQyPgaYQ7j5Eq7GiS4ppBUtMYBm,QmZXEXdYh83ULC9FfvntbtbMH7aPCkTSMZxxF5rbr6k7Ld
1,65929679735845116927439867739438624115109737560452263431315871463539431070797,QmRbW1k4nnA21DPPxJTWs2eecFde5MPV8uXeFHrn45mupx,QmdUqmsVDvrtyxdHTBo9s4jNXm1KVZn8m2TJwmR7HchM87
2,65929679735845116927439867739438624115109737560452263431315871463539431070798,QmVrsAa3dJtTR375Kfer4E16QxSrv3AEDjtdXUHJiKPR1P,QmQT86CvoT2dGCvqMcbjKGpE42n23JG2sCShgjrWGkgKCJ
3,65929679735845116927439867739438624115109737560452263431315871463539431070799,QmfRvQ6vjHYfVHSh8o2ofvQnHLDmN4qJJCkfuJbW8Jqppg,QmSf9yCXN5EGLRBD5tV2iUSjU4VpEgo9C6zFyVLoUHjkPS
4,65929679735845116927439867739438624115109737560452263431315871463539431070800,QmUDLaDSGK8VVzv511bYQWhM85juvGWujmbRWob1LYjrym,QmUznSaAp39J7xRt6JqGFs4SX97fKq7WzbsnhFXAc48XUL
5,65929679735845116927439867739438624115109737560452263431315871463539431070801,QmPtZKeaamapy1b3m753PDBpmZctzUVNVuetsgTLNjNvv1,QmWfyseTgxNtvoDX9ptrAoDbRBXPUrj7czQFd97ZGrEHnj
6,65929679735845116927439867739438624115109737560452263431315871463539431070802,QmQgG9ZQDDBEMNokaAnUbdQzksM9wqGSELvRNp8vFZbREu,QmVK84sZQUoKnktb9pbkA8WEB7LmtQQirbN9PAZmqChaeh
7,65929679735845116927439867739438624115109737560452263431315871463539431070803,QmUeATyLLR1Ti6BeRzboHWMZAdTVyGvFvZPverJf3JkgK1,QmZrsEX16ADwcqHL8kPe8aLEoF25PEkQSYFT5L2tqtMYkR
8,65929679735845116927439867739438624115109737560452263431315871463539431070804,QmYssryfbY22DPrNJ7qenvg2DMDoCvTHfnhmH3aLA3ScuM,QmNuG7Qmg4ELrEW34w3bFQqXEiJYFNygRXLCFftcwuRd5C
9,65929679735845116927439867739438624115109737560452263431315871463539431070805,QmXpmA8Yj8Pwm41wunpbKPWRktNADMFEynqCpRDLTyBhWW,QmPuKuBJBqCpyTCRedS1f5FXsCXRPfUZqfWimQW3xdgLvb
10,65929679735845116927439867739438624115109737560452263431315871463539431070806,QmQ4oZfu77o1rqhc63KNw3ExfcSTjFteSYkvA7GZqbAWGo,QmZ9gNWLWL4LEeArtyJ4sRWKCCw2XVCU7TRMefFhv2baTM
11,65929679735845116927439867739438624115109737560452263431315871463539431070807,QmQPWJtnQB2XEyuFgpvcn22BF7hAkNZQm9TwuGeapRsaei,QmSQdGHnaF9BfzBSLaCrNb9cWLuaH7ZydgM7DwnPzNm922
12,65929679735845116927439867739438624115109737560452263431315871463539431070808,QmUPuctfNLnzqGbDFvGPSon758H4YZ1ubpSiu87qcdhWB4,Qmax3ZDufNDyr6U99g5Ks2b366qvS7KjVXULSTDSFTLfCC
13,65929679735845116927439867739438624115109737560452263431315871463539431070809,QmUZryd2dND8zQBKpjTkXqGCErXn7NHmKxYgmDr3oYTVvk,QmUfqA8JdwfjgSHuyKYjVvN7Kbc7ayVpj1Pjrh76RsGWCx
14,65929679735845116927439867739438624115109737560452263431315871463539431070810,QmXXvGDm89KyWbG5E21pP1FGw878no2k8R5dU2VW2hrRRf,QmWxeLHXpL2ThmDmyspBXkr85xpkTaQp3XthUd9m9a587z
15,65929679735845116927439867739438624115109737560452263431315871463539431070811,QmToibe72AERVDLaNffb84RyqCXRA6QYwcF2sHSWjyr8zu,QmZEMwqP7VfkBxc73Ptqo2yaKNhA4BfJNpWrUA9EtGMwqv
16,65929679735845116927439867739438624115109737560452263431315871463539431070812,QmYNrmeZVoTXztgWyQ5uXH1mAdvTUkywTtXNpSKdSA2DF9,QmPaFM4t6oQ4fsv3Dqm21bPAq6Sy4fVUYJiodNMpww6sjD
17,65929679735845116927439867739438624115109737560452263431315871463539431070813,QmQjhALLKUu9PzT1R2P3U7oEKaUoCWiGRV2t16yTaa2rua,QmXpM5WZWWu45fJxC4xWeutUuvNeKVieozoigUBSu1gYB9
18,65929679735845116927439867739438624115109737560452263431315871463539431070814,Qmc1D2b6uT73FTsRimA3XR4UGMENbVeV9Uy1CjHMvqERHA,Qmf2diuWUne9EgP7ijwfbvHpAkkefdHehMKF7mM4o9Xqjf
19,65929679735845116927439867739438624115109737560452263431315871463539431070815,QmWQqnkm26t7nFquqzaPBfSWVYbUuxRVPUKs2qRuiWcrE6,QmZTUZLafH7n6uSisfwupiJniSNw9FcJFtLTm7jXY7X1UF
20,65929679735845116927439867739438624115109737560452263431315871463539431070816,QmNoRxuL1uYBEgEoVpp6pGQmbMtibaHseCY38fhJricFzp,QmdeJq5A2FSfm9tjqfeBKkKcbpvsnC5j2QEr2H7d4pdks2
21,65929679735845116927439867739438624115109737560452263431315871463539431070817,QmYBYN8G7froxpNmEmnhuWNXMmAyhas84AXwqREmoGDpbR,QmYYEJo8C9o8iG1xbT7LjNYcwBRXEFE2UvetGM2rF5eP8C
22,65929679735845116927439867739438624115109737560452263431315871463539431070818,QmXC9iWJmi2pUZHmyVtNcX8q6UoFgHoZXn5Mk42MhqXYaM,QmP5MKvZxS1h8xXLnSvb63GAQiW8GnHxzzDYE71LDCYpaf
23,65929679735845116927439867739438624115109737560452263431315871463539431070819,QmPKJfnmsRUr8C4DHZRmMGgHi99UkHoU9eZLH8k9wPrnbW,QmYkud4Pe5NzjbKzYXYswFnmDYYRQubee6ebsK5QF9Rsbo
24,65929679735845116927439867739438624115109737560452263431315871463539431070820,QmVH2kFu7E7HPyU3ZzjCq6nK15Q8XxwXZvKTTLk4hhu7Aw,QmfJ1NSxhjSYnqvAfrGabWESpk6SFrnUpXXhwrzuTnuZPV
25,65929679735845116927439867739438624115109737560452263431315871463539431070821,QmfRGAM8p5wHKFi2LXP3zgAJWo1AFFsPyG1j7hSvt9cCoH,QmdxYZ4ntQ4xZZVPTxxUo5fknJ6YKd1PgQ6EpZVzen5ySE
26,65929679735845116927439867739438624115109737560452263431315871463539431070822,QmWjQLgez12HVNr2nCna1HB3AKKAW988ZfJfWaYZGG7Vys,QmRyPbghRCnDsdsNpmMTZFWDBDUc1NDR4wiPFDvnPy6BbV
27,65929679735845116927439867739438624115109737560452263431315871463539431070823,QmQV3YfYTVq932s1RVc16JpukvqecSup9SirxcCTRvhEHz,QmZbd7EDTAntb2NwJhb6QZ2FXVtDH1W9qJtEduC19uBYLa
28,65929679735845116927439867739438624115109737560452263431315871463539431070824,QmQXFbSYHqb1SV8nxh4xRVs7DwJmA1XPfpZsZNzoiB8ntd,QmTVzoqB48qocfx5TAepuPDiKaaEo5a1E1aFtGWYKKJ7Nz
29,65929679735845116927439867739438624115109737560452263431315871463539431070825,QmNq7TPmGgQdYYKmAmL5v7SqC6oGEk3mX9S9Ereai37xhQ,QmTG9guWptqLh4ASuvcoUewkTnC796nE7JhjKwUgXPJDKJ
30,65929679735845116927439867739438624115109737560452263431315871463539431070826,QmavWW8QSTtnnQxvHYNhQytabVudMv4DKNhvwfna5xLpVJ,QmSjxbfEEu8u6cffkVkbGgy6Ek5C9PbipgTnTzRCyYgsYD
31,65929679735845116927439867739438624115109737560452263431315871463539431070827,QmTMi8Tr8uKPGZqX4TkUAnm12VMoFZyUijrovWfSWneL9k,QmUdGawze7e1eGbAT8hiX7728gaQC9azxLiDeG6D9fGQSL
32,65929679735845116927439867739438624115109737560452263431315871463539431070828,QmNdVh9JSqcs3rKLJHAajVYBbfnxgGMiao6oM3BnD2g7pm,QmdKiSjvKoKeiRKag2pLFugJfKo3V6GNsQUuk6AjNggPos
33,65929679735845116927439867739438624115109737560452263431315871463539431070829,QmW1cMLdzgn7cvJQ913FghjBKsL4WD9GuZaxUfU4pmw4Cb,QmTatgUiUWvP6Z9uGMiuWW8vQT5bLupNZhVds5hcuZJYQw
34,65929679735845116927439867739438624115109737560452263431315871463539431070830,QmVcco2Y4crSr4AQR8dM2ubCutMejaGcW9jSr52wnYcXEd,QmP7ygeEdLhorvXhuAf6KrpEinC5koNKVVRMpuW7Xufp59
35,65929679735845116927439867739438624115109737560452263431315871463539431070831,QmSBRiknwSWXjpE6ogjF5VsVkAJFj4SdtjeYNgrYQ7TahQ,QmNQZeyDBjgJvUyk9K24qPJvWddd1qsVq3KGPquQa5ypRN
36,65929679735845116927439867739438624115109737560452263431315871463539431070832,QmVn6s9U635Z7rTNQA4NFwYfZgJ4N4MY8AwBnRTqnUnCJg,QmZ7Q4fCGQCGEQKgdrSwoNt78HADgVkpeJvu6djvXriguJ
37,65929679735845116927439867739438624115109737560452263431315871463539431070833,QmbRpJv5gdJVVrQRcYNLRyTyYsZoKtg2HH441jWCj8kXBf,QmaFi9UqEqGJN8mj7XLrsYQtrF9Tcr6TEFGAgZzsQgcW3o
38,65929679735845116927439867739438624115109737560452263431315871463539431070834,QmY8yRPPoGAAJMBsfjDAEPaZtBBMEJpu5kbyRGJSJM3Qka,Qmbx27Npa2ZRygZSfymyyx17Cd9tiN2kZrbEbjM1U9umgf
39,65929679735845116927439867739438624115109737560452263431315871463539431070835,QmUBjLCCJu9ktHQ5vXL2hhEzTvazbpHosRBK8QD3sgFKSM,QmcmZy3hEAMGudBT969CvwxKi8mEwu2uL7EcivfdpefpjS
40,65929679735845116927439867739438624115109737560452263431315871463539431070836,Qmb9g9dF6GtTEMvqMxi2E23haVC7Y8Nwk9Sv44rAi3fZtC,QmZr8CNdF92yU4YgZnbYQGGPkqYcV4cc5aTWwkxn6FVLeb
41,65929679735845116927439867739438624115109737560452263431315871463539431070837,QmNoVEzSxC8nwxkWkMfucP7dvN65FAfosNchyad1tRyKnv,Qmeyoo24meRBhBVhQJoTPQhHa46Z587V2Vvq1nPu1k6jcx
42,65929679735845116927439867739438624115109737560452263431315871463539431070838,QmP1ojsw1SuYf7QWXudKaxeuEJzx6hmmeP8p4Mvv7smR9D,QmWUHnh2yvdNnsPUj7Eg7H3gRyskFKDhcaXbzr3SEYsYXy
43,65929679735845116927439867739438624115109737560452263431315871463539431070839,QmUDxeNSXyoHyzsEDjbkJuTa1M9Jo4qti7T31vKtaSoWkZ,QmerwvcyLhetja8t3hRWcdVYDqzamJx2G9jWV1JqRNrGzH
44,65929679735845116927439867739438624115109737560452263431315871463539431070840,QmNeP3UhHRtixqwRr7ViRn8H519YAccd92TggZytmqPYGP,QmQoy9SYJoZ7AzZ2Vv6HXHQf8GmCdQUiHkfo3XCV6z8JZg
45,65929679735845116927439867739438624115109737560452263431315871463539431070841,QmbSjxQUsMzj9A6DkXiK5puoSMhapfA6JHH7JbRpU9H5Da,Qme6saxrGvNBJHxzPsZ8jaYZictTBM71gaXrPt3xrYyuxC
46,65929679735845116927439867739438624115109737560452263431315871463539431070842,QmdBjb2sdCBJ4XTWogBQp7khaVVZDi5tL8zQxpQE3gmT2Z,QmZzCShBVQEffY1Gab2hQyU9u49iCSpotK3nS2fnYK9jzG
47,65929679735845116927439867739438624115109737560452263431315871463539431070843,QmeuQF7Pp1ScoE5hop5uvsywoA8jfMgPdTwASnNWnooxfb,QmQEY5ou2PgHWrHxoXFLPcwJFirt5Xu6XLmSrtRhazDZbH
48,65929679735845116927439867739438624115109737560452263431315871463539431070844,QmWzFqseZPyUEFwvZFVmSPapkhBhnXLmReTBQUcVEJghNG,QmTxpzzvNZ74mqcgGeY35fnfFQavvzPqaoeteepmHLJDUU
49,65929679735845116927439867739438624115109737560452263431315871463539431070845,QmXeuK7kqDyFHtNuiS3bF8wuBc4WvkySrSPa8sXKs24pYi,QmWFEefret5MHChdb8X5uf3EhQorvoAXFFCcVAiFTUZcJj
50,65929679735845116927439867739438624115109737560452263431315871463539431070846,QmaZNYrM2pwp4UafH8E1sDuhfWgrhn1BfMzvtNQ1ff1b7R,Qma6BCGoG43AWtLqoq8TT5Biu7ycp2zK5x2iDbweZ5cWDh
51,65929679735845116927439867739438624115109737560452263431315871463539431070847,Qmd8cAyvyoMqV19giLmVf3PrJtDKqvackVm8sy5ChspwRc,QmSgXJgqjAKzF4qJHhxEk5z9Bskjt7dD9SQLN5TuKL3xyE
52,65929679735845116927439867739438624115109737560452263431315871463539431070848,QmUsHbofewu77SBRrBzeHCMcCG9N98Svb2z9B6qsRd4JiC,QmQqbqbfjv6iLS5jkKs5Zk6cEZVRCqVdg7oEsaRzHrRyv3
53,65929679735845116927439867739438624115109737560452263431315871463539431070849,QmZSJZWt5EHqHExSXzTRqBQYopBgaMBbLqEMcrB5srsicm,QmdjCF4bGbrwJ5d8tJQTR5zcYpzx1gkEuSYiGPQkVj52Dz
54,65929679735845116927439867739438624115109737560452263431315871463539431070850,QmPM5CRdG6nPrF27TDfptc8fDDdBAiWnDSjupdMvxpjCbM,QmaFnnWJLaXdZa885keBEkZUQJRVCwoCvpkTdiLYxu3TS7
55,65929679735845116927439867739438624115109737560452263431315871463539431070851,QmVu3Uav5KyMaVRAYYsj6KCbTz43vDBSWKkHSJ1Whsrthm,QmV5pZCE7JR9bKPKcL8zaEpYnkuiWTGBLAKBAjC3rKu46M
56,65929679735845116927439867739438624115109737560452263431315871463539431070852,QmNZhswb2CZbHYgT1c2tNgRjGELrG9drAaHGsXdWB42KPa,QmYJnH3reo1EXomoFT7nM9vkrEHdaMT5efmmXHN4n7R8dp
57,65929679735845116927439867739438624115109737560452263431315871463539431070853,QmWR5j5QtUU3mbLFPNxQnYpZYmVKtwfh1Ls9mktXgzXkjG,QmTKkPLnyrUcUNw5Pw4FVxLu1cRPmnZnDhSC1tufH82M3o
58,65929679735845116927439867739438624115109737560452263431315871463539431070854,QmYxnia6zzpH4QDDf7sKiqSbEFh2G9NMYDzJGK32gZpZWm,QmXtA6rkiKZGmnpMjy9FjHjpFbQR3HxFi9sHxhpu5PvpK3
59,65929679735845116927439867739438624115109737560452263431315871463539431070855,QmcH41TyKM2p3Z4Dgq6amGNDX4XCViB3xDg9CS2KMTBPhW,QmQ6iX9VDRo7qpx9NsMXqJT1dZfZNg5SVRa1ufQ3aZ3HAU
60,65929679735845116927439867739438624115109737560452263431315871463539431070856,QmSKLXuP5Xm6tZQVF378avTCqWDeUQ7krR63DobdY7mzHB,QmPUU6YaUNyDDCnL9cpucz9sNxs1gduNxBy8EEs9G24G6X
61,65929679735845116927439867739438624115109737560452263431315871463539431070857,QmeDk14TY835LtnqvvJSbfsoqE4wUFqmaojM6UfsYmcCV8,Qmdmx37dtR66NaB7w5rmG1o1ozhbvVNESxZKCQed11x7gs
62,65929679735845116927439867739438624115109737560452263431315871463539431070858,QmT1d25GhjRgfoEhiAF4D5uNwEtFcoUtK6fVKUCnMsudeB,QmfS8nU481vHxru4bnKwE3CwTSjsjuZEkLzqVTdiDAgjYm
63,65929679735845116927439867739438624115109737560452263431315871463539431070859,QmQm1NFszmAA1DVzhWmx9kVtxn7v62JKy8MzctyM7k8rQW,QmRvA1iMnASjmgb13r4iwhYUDv2MvB3HuqtfTHyUFupkwW
64,65929679735845116927439867739438624115109737560452263431315871463539431070860,QmWPnnvVbqpGAE5xqmkjTJe8ZKe3x9fVk2FXKsprcsAo1T,QmNnb7wcXt1q9QaDqf1ZjSNzqcmyeFwUkr1hsjtsaErPwB
65,65929679735845116927439867739438624115109737560452263431315871463539431070861,Qmf3XY9LfyDmViJYE39HCe35cYVRGU96uXHwKVFT9jJwNN,QmcNAM7j9egzTDLpStL9JKUJAMRJfMPNnM6PDKBVA4cNPD
66,65929679735845116927439867739438624115109737560452263431315871463539431070862,QmcRS5Tdyckks2UNkotWWhYZQVGrGJgARMnuCrc4gAJMfW,Qmc5JFtNqo8uWDxDJQ9e2uRjMLxp9ME7z4PbUHHvLzjSWW
67,65929679735845116927439867739438624115109737560452263431315871463539431070863,QmV8KSSjSbk2BbkuW3aDPq3TjTFNbZ46wHuJtMZpbn6Gps,QmTZWwMnvQywWfX8kz1k1rwwzt89hrTu19TYhJXvw3nYPE
68,65929679735845116927439867739438624115109737560452263431315871463539431070864,QmTXfFKLDvAmE2hnf9mv9LjkJR5jgwE7q6h9PJ87AS7MUD,QmULy8YELscm6qFNc3g1okoeq3AyS1uMdJFWW9k6GEjC1R
69,65929679735845116927439867739438624115109737560452263431315871463539431070865,QmRVJgKdUEYZq8XBXvgxL7qJ2U6fesZhx5ESwaSUmSfCgw,QmRqAfdsacKTAx5jDVgF3vwh8R8tAX2jaqxY8bLWYxtA1M
70,65929679735845116927439867739438624115109737560452263431315871463539431070866,QmQXBmAUCKVJSuqUJPsK2oEoaXb4RAQZgo5AUne1KHWUEX,QmVw2adLpTGt6LbfQJqF6zs6mKwPLBEH6wwVtE6Cmzap2r
71,65929679735845116927439867739438624115109737560452263431315871463539431070867,QmWgN13Qc1bu9W3JgDJKnmkDYgHeifN1e7RPH3SmoLZox4,QmbV1jo6GQceAkikQcLTea5XCqQ7nfjLqAvEVeoBYqBdVU
72,65929679735845116927439867739438624115109737560452263431315871463539431070868,QmREDjDJfesdVJJ8uvau4TgjkNSa24mcBRkJgcZVULnXA2,QmbgY7RjNWG3r8tkSP3i7JaJJEAvkse1Yur3eRHWzmTeC2
73,65929679735845116927439867739438624115109737560452263431315871463539431070869,QmUBDYPfLXTLDoyTtRPKEtMbpRRfN4wSD6DosX1YaHZmXf,Qmb6HEd8jzB4VSp4mPZEXxrQmtMRF1Z6EskDDBrnGaSmMX
74,65929679735845116927439867739438624115109737560452263431315871463539431070870,Qme67qtjcrgaxTPL5MPTf9M6gfnAR64Pu9tzf14maWrKBv,QmaBGkoWxYpHj1pb2YTfNh95qqTkWn8NkEAZzE2584wBsM
75,65929679735845116927439867739438624115109737560452263431315871463539431070871,QmPMLzTZJh6nWz8GKr9L4prdwZ9i2kopu1agEBWyRtSk8E,Qma2nQJdbfmxsXD3MA7Qt2vmLk6KMekcCTpfjoZxJBddV7
76,65929679735845116927439867739438624115109737560452263431315871463539431070872,QmTBSbrfuYsSxM7biXULhQxVwzCpWtw7PJS5UcYJj3X7sB,QmXsU9E8F3vipPTYWZb1Ec72UPfRmhE7qid5gSaWSmHuCW
77,65929679735845116927439867739438624115109737560452263431315871463539431070873,QmbaD6axLzmMAqCz42SBXy3ypZ3CgwPLM5cQzm38e5Ge8t,QmdKnnU2rbQLbpg9pQdNP5wUVdTTcwazQ3dAHuK6XTumxi
78,65929679735845116927439867739438624115109737560452263431315871463539431070874,QmSnizMiCAk44LupW7FjjENdtjffgj7gW2T2wV8dtNX4Wr,QmZZeuyTDyBoxbTVNNT7jtw8CQzDmvzbpSKr6Zui3Tfhj1
79,65929679735845116927439867739438624115109737560452263431315871463539431070875,QmVyWYi5Jpo8tqAkqBQMmzi6zTVUrvY1GkC6H3vP8LXN98,QmaZKB37GLMysm2DRjYcNDv88U1prQmjQMPdu3BpXcMmU4
80,65929679735845116927439867739438624115109737560452263431315871463539431070876,QmWAkUiYbGRAa154CBvevroSGJBAJR7TM7fwKBhMrLaKx6,QmdDT7QAvj8Ze5NbvjHnoZy8AWw8mJqbuuCNVTT3V9C4XP
81,65929679735845116927439867739438624115109737560452263431315871463539431070877,Qmd1eBL9PFxLmGpPX3ZEFXUoRS3EjLA7PxwwrnwphBKfNG,QmSovsk9e3ajrcRpKQK3GsAdFDawwLwF27WxJuvahs9Nmz
82,65929679735845116927439867739438624115109737560452263431315871463539431070878,QmQqtoMK2nMFkpmAS1hyj7DiXxrXgu6ZSrLkNFsmxyx1im,QmNW7YUFyt7MPZrQWqxeRFYEUpaku8UBaq74ULytc78i7y
83,65929679735845116927439867739438624115109737560452263431315871463539431070879,QmfXN4ek1G9eRbpviZoxQLmEYzTxWiKN2sNwjxUyuWu6K9,QmZWw2TjWToGcQe3MawwDk2TmmUWAefPLnF5aj7Cu4bYUc
84,65929679735845116927439867739438624115109737560452263431315871463539431070880,QmUxyvSKnm5wbiQRNLY8qAPHReLaLr24ENH9dD973dRRcg,QmNuTkk4mKUGfgPk4FbZtyerYtUJg4eWQBxruynSBA1X2S
85,65929679735845116927439867739438624115109737560452263431315871463539431070881,Qmc7gzfgkfm2qLgQGYaHWKWmu4THVNaFrg1yjHWdBEjzgM,QmdxpaR5jkAPwy4ssaXe3zvuM6o89mgXVQoBt1hg9VXiE9
86,65929679735845116927439867739438624115109737560452263431315871463539431070882,QmWGsshf27JSUt7CGycuXXQrtVW4SEVXvaD6xe4ig8T5gm,QmQNUPJhnamQj9KgbGyw6kBkftraQZbhK4CRuMjdkHPUR5
87,65929679735845116927439867739438624115109737560452263431315871463539431070883,QmZTLJcPLf3zgnnzeFMZM6B1EWRFg4KoisNrEwYeAZ4kU2,QmdsfDcrZsxN5KMGE378CLLAPbGAZ9G2yiFP383TAVm4JM
88,65929679735845116927439867739438624115109737560452263431315871463539431070884,QmXiDwo5qyaYgxpWNyKDSVvU8XFeGZA75DDeLTH1rVmsaz,Qmefy5NVFtzNmEVPw5AwWF2fABEWShgDSPNPjBz1XN2e15
89,65929679735845116927439867739438624115109737560452263431315871463539431070885,QmdESARJNfQMMYgvQX2srqQRxQgrrhmVsFVWtnhWxtbFhv,QmbhGGCxMUg486Q4DfHYnHN2kGecgDTRtDmfPLUd6HYcsH
90,65929679735845116927439867739438624115109737560452263431315871463539431070886,QmWStLyxqSGaPFykuVTr9nGfQ25P33eovNKXUXqZbPQ1Gm,QmQvrh4s3ywNp8kvqNpyHXEStHKRkH4zN9pQH1RyXKWTC6
91,65929679735845116927439867739438624115109737560452263431315871463539431070887,Qmd5gKMR5QTvuc8Zx289t4GHbfKE7KEWXncaTPZfRUtHKP,QmXusceC17AwoYff9MvQK3ppF8dZTpy6z3QSvn9Z8gJeo6
92,65929679735845116927439867739438624115109737560452263431315871463539431070888,QmfUQxkP94DnvRgnmhcypfzszgrqsvkt4ZufVMQQmiqxES,QmSnvrq189rQw8VvWA8xsJ97tg8ZmnigwBb5jQexHsAxsT
93,65929679735845116927439867739438624115109737560452263431315871463539431070889,Qmbuk4SxtsnXS8B4FdER7hQSg9VCmDYWkHnRwuH2a7KZbS,QmQxuEWcDiR1sZzK8sJbdFQMeiMzdzCEqBaKZNEwVXUjbc
94,65929679735845116927439867739438624115109737560452263431315871463539431070890,QmUZZ5AeQuJ5F2ddchkAzjVvhhrDoVyLVoh29oMDX6KC3D,QmfAb6wXPC3MMxjWLQatJZbDDoygLhbhAbzEpmR1TyWXkp
95,65929679735845116927439867739438624115109737560452263431315871463539431070891,QmPYpr1FFqDCMfWwDgEPDpQ1Hd4mytimMseuNKbjsW7S5G,QmPtf5FeKuS3zVnnTx1UzhGqUnQLvZLV1ypKYqrKKyEy3S
96,65929679735845116927439867739438624115109737560452263431315871463539431070892,QmWopBzkF5WFXsr2Syow1kU5v8qK94eWziUAeDew7CP6sk,QmRKUQj8RqUtV91TZnu97J9DfaF52hbUuK2UoatZShPyvV
97,65929679735845116927439867739438624115109737560452263431315871463539431070893,QmY5CnvtVGZETQgFzy7xNqc3QGah8ancBaEg9WCxBu9BHD,QmR7bPzA4FhRttyxvGbTW8q7ZrayPJefsdLzaxP7M8uEuh
98,65929679735845116927439867739438624115109737560452263431315871463539431070894,QmRVvU4dvw4jKxSf15nZ3YUxSgvDSKhqYH3cxM2aAaE9UW,QmTJDChwbfhbmxJ7Q2P7DVWkUfNvX3E5HXjQHvnKQPoKEu
99,65929679735845116927439867739438624115109737560452263431315871463539431070895,Qmbp2tFsYcHWNCDL91km6YnX7uMh4vDHzqGjhdzNvNNEER,QmQZEaRMGQVsjc8auAwNpBUsvfXu8KJnCKFEPp2Wp2m1r8
0,71287885707144772904583885620176228016693055630019732369863905836193834145264,QmXscvv86sj9LVdEwUhC2DzEqmnAQqDx3TafP2o2TgdauL,QmVT9KeR6hhPnPWycvaEAAHJ7uP9UEJYnRZ2UmCQYWwXoq
1,71287885707144772904583885620176228016693055630019732369863905836193834145265,QmNkKFbPXsCbzGVVNKWEWzW1NLkHSYAJEqS5emRcnp1gxV,QmaTgef7BjxJ1muiSDmnmhsW4yaErSSiMVJ3kQxd3WdUWJ
2,71287885707144772904583885620176228016693055630019732369863905836193834145266,QmWJQaDn6jVrUoPThiVxPXYM8diKNFjgvtcqDNhaSBikyK,QmW6NyMQqYPFgqANYCbeU7JH2fTigfr3kfKTKzq1osWyqX
3,71287885707144772904583885620176228016693055630019732369863905836193834145267,QmQHqbzjhDV5RbgCHEj568yvFpDX1ssyKSKNoNDuFEcsFi,QmVKSiDAQbqxa6Bc1NXmBUUjBFwdehHMvkBRYBiq5kyBxj
4,71287885707144772904583885620176228016693055630019732369863905836193834145268,QmQCZpyaFgePAGa99rTrPHkUe4xRt9xxx7se9zMPHdw4LZ,QmNT8SeoMUfYDetgaWkbT1FBpecj4Qv4XKPhqXfBjMahQT
5,71287885707144772904583885620176228016693055630019732369863905836193834145269,QmR7EMLhgYPDUPKPj5HesZKkdZA7YtnfXLLrCtAJ3zToBe,QmQJwBJCpxqpPXLY8cQaFD1CmJiAK6rELzAuWC7MmhRKNc
6,71287885707144772904583885620176228016693055630019732369863905836193834145270,Qmc2JQuwD2rgyTWHF82SwES38fPukwX382E2BNi6t726Em,QmWdYtbbEZdkLVZbT9BxgQYHWL4kqpSDhqRok6PdifrSNf
7,71287885707144772904583885620176228016693055630019732369863905836193834145271,QmSJpbyFUfNJWc6gbKXPH4TD4MjHKye6H1chxTjfHSK2PZ,QmY1Gvk15EiP4f3xwweJayEbzDBrXNBt4HxSLfhF8j6tEL
8,71287885707144772904583885620176228016693055630019732369863905836193834145272,QmWxHTeUPz9oeL9DruWMAZ49j3jed1KAF8JsNBsW8Dp783,QmZDkX5nR3XitmLz7PX8T62cCCJ9yZgKy9Ccc6J2ubSoCc
9,71287885707144772904583885620176228016693055630019732369863905836193834145273,QmbikVKmVzowG4xEavtGVrWNCLMWjiLKozt7C9xSHKQm3S,QmdTaqcdFjymDi4UTwMmiZHPcKGk46ZPWoaNh7NaHVJNvd
10,71287885707144772904583885620176228016693055630019732369863905836193834145274,Qma9FSBPmHDiPoRdCCVWvw1b5jxfaFDBKJQGpAKqnhW1za,QmUkntwXwVXmt68tXA1HJTXrgEpjNrqj63btZEhamS7Zmn
11,71287885707144772904583885620176228016693055630019732369863905836193834145275,QmaY3aeydketVSEmaVFtHFvyFpR3bK4uhajL7Lvw1W5TP6,QmYmLGYhPyxR6xFYaF15YpCSGx9hw8YtVP9bEjgZBsYR3h
12,71287885707144772904583885620176228016693055630019732369863905836193834145276,QmVxJr4RAy8sW9UdYExsS4kyhMxbXvZGA9kGPZT2Qv7xLc,QmPkM2y5k1nswzm1feiT1i3fV9FtySyhhcV8thnUJGjrj8
13,71287885707144772904583885620176228016693055630019732369863905836193834145277,QmPGMTGxPbWLc2A4oenmizQUD226DKyBH8ByH6pZ3X3eaE,QmWAy6wA4SL4M23ST1XtHkryNDJJpGj3UHS26vzBvWsRyZ
14,71287885707144772904583885620176228016693055630019732369863905836193834145278,QmRoiN4ZRwQZsEHCvTCSq6VwL4NN1f5M5woQSiUzViLLnA,QmVdFzofBYU91PsdwqKKaqCRQ5Rg7pPTEaWyAed3Zq9gQd
15,71287885707144772904583885620176228016693055630019732369863905836193834145279,QmcXVJDw4mmramCQRpSLAc5eewuuPtXP3roKuSQFD2ykjs,Qmf1mvg6PJPoUueCmE54EFkDPXcxkDWNZVtzeLCXEHk8Bh
16,71287885707144772904583885620176228016693055630019732369863905836193834145280,QmfPzhD8pXJYPCHE5M5TT5H2vkGZUtPoJVDEtCFUeQcRbY,QmR37cLEFJtJVUGSh3taMr34G9HVQLTqqZHH9usgn1YcFW
17,71287885707144772904583885620176228016693055630019732369863905836193834145281,QmQxgsk74NG6qvDSU7dDYp2J9T4Boi8EiVNZwjgjPrdpxp,Qmbt9S3eiA32kpK6BgWrh2P5bKcaMpLLAUG52ZFvbD1Tc9
18,71287885707144772904583885620176228016693055630019732369863905836193834145282,QmabJ5cZcAN5GChTtTYDzQKMj6kcUwYgNu2eG5PsoMwCYm,QmdeadXkhfrM8gtnP6sKsn11CbNiN8gr1R4DiRixTEhtZh
19,71287885707144772904583885620176228016693055630019732369863905836193834145283,QmPECiikMGot67GVqUXDEMy7zxzmgM4ArQDubDhWJgPsgg,QmX1kpgJ23pMBYEs1UXZJ6vACpfa8J4uBsuiQfArBs2xSR
20,71287885707144772904583885620176228016693055630019732369863905836193834145284,QmdV33dzfXpsaK7ZjY3MwAXGcUbbGLawqVFEkKvkp5TQJ2,QmVfmnVkKSh55AabVmcfwabWA2b9J8ux7zmeEkjvVv7vRP
21,71287885707144772904583885620176228016693055630019732369863905836193834145285,QmS8TkJNF791ReXkcZ8ZPDd3YZah9KHPaEnExUayLJVeEH,QmPqGrZKYFWdpJF8uq721apBsHyLtsMouGKkftrwfNYWCd
22,71287885707144772904583885620176228016693055630019732369863905836193834145286,Qme2hAj5K7fYQvNsY4TgefGVdEatLJJJZZ9grbAEGTLHgw,QmX4bLwqAzKyCqUggJsGXNKZg2wXtr7ySnBJxC8seKYLC8
23,71287885707144772904583885620176228016693055630019732369863905836193834145287,QmPDWtZqkYodx95VxqP1tAeze19VNrafJHB9x3by9rDH4E,QmSgGNgUkDGpFeGgV6bSym7mUn2dhowF5EzNDEKPAvYmba
24,71287885707144772904583885620176228016693055630019732369863905836193834145288,QmXDyndiDRCrNaQZVAi9gQ8msq4FtS27z13UsrTro8i782,QmfDH5j8G26Lzu1jRzVPpDcqrUhMTsQ3q3d6TtHPgeUXiC
25,71287885707144772904583885620176228016693055630019732369863905836193834145289,QmSmdo4BefgMLaGisScJJLYtAQtFovP9K9JPHGWo8UpsAU,QmV7tmJAh4r8QFA9JS7Mqj6zpUMeFvytSPhDEKa5ByJpy9
26,71287885707144772904583885620176228016693055630019732369863905836193834145290,QmStPUqtJPVPtM9f5qFUpot6SuLgbk6VE37MKXWKLVZjwV,QmfAjpc5c3yEFWWVK8UAx19hTFTsWfNuRgENAULVzPEPA2
27,71287885707144772904583885620176228016693055630019732369863905836193834145291,QmUx8Et6igKuaivwwmTf8WCjEfkW1oHeaWDxKZgMi7SLL3,QmaHm1zZn6ymcvVbuRXdxnPzD5pbKnoFUytKsJeV5bwjdH
28,71287885707144772904583885620176228016693055630019732369863905836193834145292,QmYaYtqQRpVv1EVN3wDSYeTcAxcoCq7KBuoeNamRoUQ2kg,QmbNuQW8yr9RCUrgv7eR9Ls19oHAX9Su4jx3Zg2sgsWtDy
29,71287885707144772904583885620176228016693055630019732369863905836193834145293,QmXaFHymHmzHE1yRti9PeW7y96XSz6F9pqYDm2AZThsDbY,QmQ9zgKVUCU4MTh2EAQpp2vD1uByYSjZc2cjN8N9oSHF1R
30,71287885707144772904583885620176228016693055630019732369863905836193834145294,QmPitPDFRxPzjbsq4xaRFwhntGBogF6X8i2qRQkyBNA7An,Qmc4TkdQ5TVF39avUwh8xEt91f3R9jXGW2mWA7naLWdi3U
31,71287885707144772904583885620176228016693055630019732369863905836193834145295,QmdrJYtETVDSH7BdvrtDLR5zFWEqvUDjqVMT1eEYXXe7L3,QmRQGWteQULUVaG5UnWq2KJm6XaKWW84eA72vWHNHYjycs
32,71287885707144772904583885620176228016693055630019732369863905836193834145296,QmWVEbbhUzBgCzz3riHS3AEmcF67pf3RBfdvBbkTrgkQCP,QmTEDDRy9iamjfd2fL4uixunt1scShihf7f3VSEPP7264J
33,71287885707144772904583885620176228016693055630019732369863905836193834145297,Qmb4LoLinYihiMENEaVGWijHpXyJyouY3K7ZWoKqmYWmiF,QmRAtn9XTPRKWM8L5MToaoYS75r8uvCkJB8E6a4ZH4tAkU
34,71287885707144772904583885620176228016693055630019732369863905836193834145298,QmUTh5xz8nWCsAEVAAWhq7UVRBFoeTaLTwW7yFKTEPNmqT,QmYq7V7ZZmYoVFM5ca5ckb1D7XDxfBDtXFAZ5dTTfWiRdC
35,71287885707144772904583885620176228016693055630019732369863905836193834145299,QmRe1C6LSoVpU4QLZ9NNmuRozmz3Gwn1Az2zzyoigq6d3X,QmT6GrtRUCEkuoLbhEc2xY5ZUrx9mwF5UUt75ugf4UzX66
36,71287885707144772904583885620176228016693055630019732369863905836193834145300,QmPwpAGUfxNjnTMkY4uUzWP44YPj5XtWqzkqyBSycaEQSG,QmbwtiBAv6wgYwNoKezrQzsCXwUfupBDzDCZmwP1ApajQV
37,71287885707144772904583885620176228016693055630019732369863905836193834145301,QmaPmvuip3Cz2inGP7gnuVZedSihwi4mDgXucS3RjaT6ba,QmYzgbDtnUtBFVhewJsPAxbHnD4rN1cCCXEW7xtCKXaKN4
38,71287885707144772904583885620176228016693055630019732369863905836193834145302,QmXEGpYXaGEHXwphvVUDRWb3UeTrUQTyNjXjAYSwmJxNMJ,QmSPiVirXhxanemVjUVuR78LcftkBGTR26LbbHJZebPNLP
39,71287885707144772904583885620176228016693055630019732369863905836193834145303,QmPY38QLhLoE9KQebYQK2uDLN6r5EpzBU83qpowiSLTHZU,QmXnmsqRqHyCUj8asAz44yeLVoss2NtsjnJF2d7U1fk73T
40,71287885707144772904583885620176228016693055630019732369863905836193834145304,QmPUGQW7TEvynYwCwere5V3Wdwgc4we6DPf9WWcjnvTzf1,QmZuoii2M5tm1He2HrNayNe5SPZww7dQhDETy83mm2bamg
41,71287885707144772904583885620176228016693055630019732369863905836193834145305,QmR9zi6caaeNAW4ZfvQYJyrwg7QeWcKj3Dfb2U5JoiUkxT,QmXaDG8EontGM25F9cH8HH1KPCKinDMXdMYTxsXMEPmFu5
42,71287885707144772904583885620176228016693055630019732369863905836193834145306,QmP1GVACcXaNqSSm3vteXUXLXzqR7LJswMzek3CTH59wbt,Qmds7HySjHrUcMLvsn2ajRdsuBb6Ywff8jpvkVgpP1LqGh
43,71287885707144772904583885620176228016693055630019732369863905836193834145307,QmbpVGxevQv85UvbmXhS7bcbcMsgebjq5YTBhRwBp33SuF,QmbFQLbbvKcgnKWRXgc3CC6AuhYy6sJBZQWFbN7hiaD2AJ
44,71287885707144772904583885620176228016693055630019732369863905836193834145308,QmPntpUpgppbx2UJ1QSdcPUMJuCpBQZJTwrPff4fxnAjH1,Qme56r3u4veNRPKzcKVNQ8b6Jk7wSr6WwMZJEMLPbU2xwx
45,71287885707144772904583885620176228016693055630019732369863905836193834145309,QmPkUXC2DvnuQZDXTPQwtjE3m8eAnZawbULZYzcMMKS3Kz,QmU2a1MfiU5hFFJYqDFoj96e2swD2WGgmQZVbqcNGbdqT9
46,71287885707144772904583885620176228016693055630019732369863905836193834145310,QmaGiFZWwK7kztS2i8mi1L4X3U2nTxioUZmN8EqRDRGHho,QmYn4QJfLtJWnLpKoJXr89DbhRcBZL6Loe5uqZvHmvbXAK
47,71287885707144772904583885620176228016693055630019732369863905836193834145311,QmaVzLmX9c7gM1LjMNGVRS28b3CLaH5qfrJ9hH1aAMja2Z,QmVxbnyRPdJ8gDPhfYSDFR289fosScNd9agTnP6CY8zXZK
48,71287885707144772904583885620176228016693055630019732369863905836193834145312,QmZiuXXJq9aFGbxjb9r2rUwxfseaktxt5YcAgANxVFdtnf,QmfZDx6rF9yukDTHTGHim6uz4ZC1NfLbA43oR4zjzx1mwX
49,71287885707144772904583885620176228016693055630019732369863905836193834145313,QmcVDwXB7egArTPQXzv4fnDxtfj8HfDCG5988q3Ro7BsDp,QmaWX2oJBN65S1koc7azFNHkC8XwjZ89kuMsEwQPQ4PtBt
50,71287885707144772904583885620176228016693055630019732369863905836193834145314,QmduEMy5CTkDnDS2Aw72RohWk2HRYeCsNyGRnvswxwpoiW,Qme8PmHUUr7mwmXd2PUihvVq8xLAZDNJD2HZhu9QwVHwVo
51,71287885707144772904583885620176228016693055630019732369863905836193834145315,QmWrZEHWpkzEZcWB9kGrj5QoPCs8QjakkchmmApGTpnVEa,QmcWZvwVyCs19W2XqvRTE1xrS6HuNu5GXBy2YNaq2k586a
52,71287885707144772904583885620176228016693055630019732369863905836193834145316,QmZd2GEueMiR2NGL6kj9iyhJWmsKqeYzc3gUm5EX4vteNG,Qma4pn7VYbkQrGFRz5WUsrMxDibCfhJ4Q3E2TFED22shqG
53,71287885707144772904583885620176228016693055630019732369863905836193834145317,QmdXyTNcbRADp3xDSmxKdWR9Vr6UyH4ZWecxRqUmJnCvFs,QmbWPTTuJr222sc9fb2zhmvt8sCjgj57quWKZtVXfTbQeu
54,71287885707144772904583885620176228016693055630019732369863905836193834145318,QmcHixSh5ma8XHLTN827HuAuNqvZmRnYPunfgGSa2fG9G2,QmcqmECsuHKZhjJXr6qvC3eALbPTRpFASe3GQGXxmm5dn2
55,71287885707144772904583885620176228016693055630019732369863905836193834145319,QmbQeRSyPzALHMjW8G24yFCvTJMGzxpUHzFjt3PPodcJ5h,QmQMhsbb3sQ7LHFBujK4JeyvtVMErDPmA6qZX6NbGi7DxB
56,71287885707144772904583885620176228016693055630019732369863905836193834145320,QmZejWhCZV3mUcPsB5TbiN2X9wPsuwmzQeE9merzR2fQD3,QmUd1eKQoY1P7F41yJ7JTocrRWpCpnPtD9VsNHAwB2tq4P
57,71287885707144772904583885620176228016693055630019732369863905836193834145321,QmcvCjTbai6hLMSpUgWAGRJtuHCskG7W6epA1CBsjL1Yir,QmST1EVMvZFCCzXEhtJQHKzaJx9CvzdHEZAZoUGcnpWfGc
58,71287885707144772904583885620176228016693055630019732369863905836193834145322,QmSy1bt7HnyKEo5foUeWBYCRwwGs7V3GgY8UEGJHtfy8n8,QmRZBXBfGdhbtayFhbengcDBJakaGwnznbWBpQ3v66ChWG
59,71287885707144772904583885620176228016693055630019732369863905836193834145323,QmcyNg1Rjf4Sagp2vHkv6qcT6sRXUv3yv6r8bMvNRAxVHb,QmfVXAKUSf8TwBWU9r9LdYLVsDJbN5uNsaiyZcfg46Eu2i
60,71287885707144772904583885620176228016693055630019732369863905836193834145324,QmVH36uBun4iggpVGxBc2iWWSvjnMEX9J9dccZPmEXSZWj,Qmc9Sc4x9LE9ZzZ96aUcsMY4SSGmxuXqCeTZTe8Aj8mbMm
61,71287885707144772904583885620176228016693055630019732369863905836193834145325,Qmbk2RVvpKFGfxL68TbNGf1sjeHK4nQzJHTXqdPwPUNcF9,QmYECkzjjcBDhx7JfELxg1SB8sXWwpiUoVvH5fi3YsGd8d
62,71287885707144772904583885620176228016693055630019732369863905836193834145326,QmYF3M2uSwBsPwesSduDeQLeLGLFvtDPenz2CEXmbkLDsE,QmXzBvLZafTdMEcQ2xNvhMKXgHs6cCXEBvdmZjL9PJehLx
63,71287885707144772904583885620176228016693055630019732369863905836193834145327,QmRaYhXX3Fjv7uh6inCHqxton6To4zkgqeqs9dPJDjMBKq,QmNdT6kzCMjbA4RVdx6QT6GVmzwQ1yqdcLibRzcEqvWcbW
64,71287885707144772904583885620176228016693055630019732369863905836193834145328,QmX2ERE5hieWkVYCUN7ycAFEvSjaruALxVKS2Q7Rejrh6P,QmbjWjR5dLwp6GSqFcSYQ6zdCr1ErZLwLhuDMp7Pco97Ba
65,71287885707144772904583885620176228016693055630019732369863905836193834145329,QmYTb316gNoVDzfweivrmTZagCxx2mjJDJ8FdyfH1YEo1G,QmfP5fynPedbDCFC3FZ8QLEVAhsHooDAn3PB4RsHsNgRKY
66,71287885707144772904583885620176228016693055630019732369863905836193834145330,QmbjwMEYwoY6s16RXqK1skFnAvepJjpjGcMvNKocqw2YsE,QmfDVappBQ3SFzebktwHbVoWFtZxnTxQMfarMWtK6SSp2S
67,71287885707144772904583885620176228016693055630019732369863905836193834145331,QmTcTow9kZG3WQvuXiRkPxt4JgnXqHqHWTAZR1VWJ7Yo8M,QmNwFjQhKDPC3K9Y8jYpe9WvW4sAGGsyJwgR6VS6vvgJLL
68,71287885707144772904583885620176228016693055630019732369863905836193834145332,QmcUNcBZxoxv8SXUD96xqJ7h66bbYbK9aw3eM6F5FFiEiE,QmPZKpYQL5EdowtkBVkgUSLyoPBhjQJUJ9GBr28mnvKDLo
69,71287885707144772904583885620176228016693055630019732369863905836193834145333,QmeFq6LCxsir2PxKEmAnWBYzMaaCxovAzGfCeL1jEbzxnQ,QmWXvMHG7N6wThRY5XumV9GmTH3NTcm9BW8ZVipSsagrXn
70,71287885707144772904583885620176228016693055630019732369863905836193834145334,QmYZJ9qLPkuAQ6PwjL1jAJ3FpSTmZa1sic1tMZ3zrnGguV,QmP6aGWyzNz7YeU2WofqwEecNHtXbGUwnc4pFgfSGTsJci
71,71287885707144772904583885620176228016693055630019732369863905836193834145335,Qma3cdBP6HXLfwvVEB4n8ePSMtpcf6DhCdPrvFfnY2e3WW,QmeQnrDXHd27TpDwCxL3DmZAjVMhzW7Wj9GUQvQRodbpKv
72,71287885707144772904583885620176228016693055630019732369863905836193834145336,Qmco2neJqqAaoYuNBiEN8oFcKfyvxFjdtZKPXgx8YUYJiu,QmVUT72E8Cs4qyfWNhWVWgpgUdL9ox1KpFgGVb7TdxSvjB
73,71287885707144772904583885620176228016693055630019732369863905836193834145337,QmNMpLaGBXknJVXyAtRMf5Ck7epenCCqGyKNH4sVbaep4D,QmYnEV3odBu91Ew8t2bLB72LSmQcwS1LV3LBdmscnd8wkG
74,71287885707144772904583885620176228016693055630019732369863905836193834145338,QmQNeRRXPeJQRd7hMg3V8DPtsub9QE3Z2xgGgJhKzB5HxE,QmTgFE2qmNEVWNpK6ATM1F39bYurZyj44iDtDuDix8KfUo
75,71287885707144772904583885620176228016693055630019732369863905836193834145339,QmWej6muWFdTpyxhFrKdCcGKpREFt3iBvTQtec8N5KNghA,QmReqB7QJ9nJR3chDfrABNqE8kruE5jwZcGRdWJVZeU51A
76,71287885707144772904583885620176228016693055630019732369863905836193834145340,QmS4GbRjbEfWUSvwzBSHsPPJ6RqyrFLEvpdUaLYsyt6DmJ,QmbeSiNpxmpDqhoVSMyT2SAY4WsdrSdjmNSEERuZm9vWkx
77,71287885707144772904583885620176228016693055630019732369863905836193834145341,Qmcv4kfLqR4CEJGTg3xFxBE9NL3omFYbKrypkS3GRwXPBy,QmV4DECaseLErmFRH7tXLmDVvpDwtPeEszEwMAMVsrBRXy
78,71287885707144772904583885620176228016693055630019732369863905836193834145342,QmUcfvJtd3nKTwfJc7S7Y6cbaP8maYWwaM4DhUR3isBMEz,QmYiYQ4GQfJipFsNALWNgKeoAGGYmg1rkvT17Vz1iPQBbF
79,71287885707144772904583885620176228016693055630019732369863905836193834145343,QmbFPw7FEQdPBM77en5RkAvfnbmU5yKBbbXLdj3gECJuMF,QmNr6zehJnunCHsqdLBozJYRPwv3uRvy6NXgtrpmTgKg9j
80,71287885707144772904583885620176228016693055630019732369863905836193834145344,QmVQyxSPK5Krv77HenM5qkd2nhTg2ExEptPy2Z33BiXeQF,QmaXYXd98zAfa9KCNvz5Wd9oFGuQo1micBsJCNG2U6dXJ8
81,71287885707144772904583885620176228016693055630019732369863905836193834145345,QmUoThxpUWDATghy2Nspsxmcydfu9svL6Wrufxr1G841aD,QmX8fWrnj6nZqW3Mp1gYdSHiC1VireX9jw15TFKqXkVuFP
82,71287885707144772904583885620176228016693055630019732369863905836193834145346,Qmc44whBPzRrExPh4LuF4JFsuW2DJVPJ82TqVUrK8XbWoR,QmdeFW3T5vgTqWftX1B9Vx8vBnujEZnSYy4nadpXJTTwQy
83,71287885707144772904583885620176228016693055630019732369863905836193834145347,QmRcKGgFJRNdzoKrsHCdJ3EoLYDnGYuMoiu9NVtuAtHw1D,QmZ88tBchh1Gg74gnvEo9gh9ZRcccNKZqs2qVpuDjMSx5A
84,71287885707144772904583885620176228016693055630019732369863905836193834145348,QmXzFCuHfpVUkLX3kqQCV5zWjNcmBRisyHTXN7D9vacsmq,QmbKQjZw4NzC7Us8hKZ2KDVMJgmjHK27uLoLW6qkfKJKVL
85,71287885707144772904583885620176228016693055630019732369863905836193834145349,QmXd4VnBDoYFMCi698bV2wdhEunPhp9g6k6QuEvekakfCd,QmNLh8MESrxt8dcnnYjGsBUWQgfGoYyE6NdzwxRqZXURac
86,71287885707144772904583885620176228016693055630019732369863905836193834145350,QmWfJ47ekiy1h5vCwa4DUx8qiuhnFCAvSuapeTXtXYQZnt,QmbFaTU7Ec3bVHWbcegAfvUYGrKvmuexbpgj3Q2pVYbBad
87,71287885707144772904583885620176228016693055630019732369863905836193834145351,QmQb9oP9rwj9GMRU2Ku4A7Gt6h9u3vGjE7mz6wYCah2Nes,QmS7vWL4qm8c8sHXzHFFRW36waWCa2VFwrcTcKYskgop6f
88,71287885707144772904583885620176228016693055630019732369863905836193834145352,QmdeT7ZJqwgbjNbMoD6ScynxqCkdBxxrYreYV9o6hxj7y6,QmWUt1Ed8cZn9P6B4oK944nhDusGe9TukaUXuyKrk3woAW
89,71287885707144772904583885620176228016693055630019732369863905836193834145353,QmR5Cep878tBXdRZydirK1B3roMvmaiEBVSGf9m8LzSigp,QmYSyvmKecZ7zJmmGKwzydRRouirbEQ2BHMsECXTZ1aoDm
90,71287885707144772904583885620176228016693055630019732369863905836193834145354,QmbMfbfi5w7sMhGVvELpZY1xLEiQ6vtoiN737xj88Cejdj,QmPdbFSs5Avi2LqKXe1w5jojZMQtDwcHRMWdCx1R6WYmxJ
91,71287885707144772904583885620176228016693055630019732369863905836193834145355,QmYfkwF41gfWMoxibRkPev9ua3jzgUgVXGNrUZvEB5FxyK,QmSLB1KVrF8durLp6foFZA5CnroJ5Wgu4MFhdo4XXEgFNK
92,71287885707144772904583885620176228016693055630019732369863905836193834145356,QmWxYxiAuMWKNRoZtxGofnMLmA1zX1JxQbVkLuoJ8kNctv,QmUggH4AgnqoSp7SjakjarZvmHp5WwuRiyXCvKHqRYExNX
93,71287885707144772904583885620176228016693055630019732369863905836193834145357,QmPqnjZoUrDijK9ve4oMUPRBkMCUJCi8989Mfv1GtTBEFd,QmTVgpKFusGCgwwMjLSiGnNAo4ZJuyd8jMuAyGuCDZPCa6
94,71287885707144772904583885620176228016693055630019732369863905836193834145358,QmeG2UGsjgLABh5uZ2KakFVEs45ACcWgcqtdXmkwgcUayW,QmYXo1X2JKHRgEW9vi4tu9EsiVCzUg6vTkRyyxqg4nF6jn
95,71287885707144772904583885620176228016693055630019732369863905836193834145359,QmdbmN9SCw9yoNRNtjCbtrA5gkjVbXhy1JfdtxNeGvWbW4,QmVx6sPEbQo91oRxYwoGggcdUKFeVR1MKprbdFLWrTEso8
96,71287885707144772904583885620176228016693055630019732369863905836193834145360,Qmd7sHSFpaHxRhjt51qCKQyoZ7q1DUXK8H1JdTQn7zSorG,Qmad9p9Zd7GFcyfCCbqx9hdenoTqNhknBu77zmMgdteJGB
97,71287885707144772904583885620176228016693055630019732369863905836193834145361,QmSgSKtAKMqGbhxnz87uqoKfDUMS4HjbN5uektGed2dfFr,QmWDecRpjghxZhqNaJ4LCYtHocfM1aaJqBqxLED9gnFCFQ
98,71287885707144772904583885620176228016693055630019732369863905836193834145362,QmaF8frWsrBNqEtSaanaEjsJzGLqpYynajL55mcs7qSfPe,QmeJsu1baotyYpujjLQGDdgz7ZSd9Ts5ruBKqJ7Rw7rNe2
99,71287885707144772904583885620176228016693055630019732369863905836193834145363,QmePPoL9pc9YZkXjgaK89PTEkXVUv9CGWfL9ALXozAtUhY,QmTa6zXmmStC81J523Ba5bNCxguEZNzShxVpXndakPf8zm
0,87329314989335775336461258166202186746543912634975442811164605982738420999826,Qme6hFHvvLXZh9y5QCb1Fk3qatg5tAn37huCnkAFSc5bMQ,QmREGK7zjVLZkM7KUCavZZMdF2C8P7u13iC8Z2YcJYWH2U
1,87329314989335775336461258166202186746543912634975442811164605982738420999827,QmStA7GhRcTVr1hyfySjGhTwaiqH6hC9FEfucbMH2ML6ye,QmPVjs1yT45wGLT84XETG9661diZuuiz1fQmUBJXnb97NH
2,87329314989335775336461258166202186746543912634975442811164605982738420999828,QmcDBxZ3KaDSScP47z6FrmskNTkqxrEL1bVooH5KqT4kfG,QmY19KsaeJ1LgGQUKTmzUXZS66Fjred6nqr15Yz5kEKZ2J
3,87329314989335775336461258166202186746543912634975442811164605982738420999829,QmVpucQzeWyBrL6BuEhwJZTJZ2LR8Fcqd4pKmTJEf49vPa,QmaMgZhvngdb6qE7iejPXn3TfkX4uG26WBNHqNgSZD7wE8
4,87329314989335775336461258166202186746543912634975442811164605982738420999830,QmVZqkYiEZY4rVWSLk2wUsCnzz9DmVYd5oHdpKRfzSWdvo,QmQSfzHgaw2jY2sMjqifeBkSv9w2EPuqnfLCYPZicHLKrE
5,87329314989335775336461258166202186746543912634975442811164605982738420999831,QmY5XawnsceGh6PFPgdzHXg8733ndmmmC6FwWKfuy3fGVm,QmWXBCz8AM28GAwReiptWR2YUaCE9wPzv1UHgVpjoafqCk
6,87329314989335775336461258166202186746543912634975442811164605982738420999832,QmeJhbJF9cG7JVh6HQBkmCTzwfc8N9tSzpF82Fco3t9XPz,QmP83XMUxu74Ki2iZ7UsH4iCAf7s5p8Tz4BkJxvJwLotGm
7,87329314989335775336461258166202186746543912634975442811164605982738420999833,QmYRioZNh3WNtFJWtNajQoLoUDubaFbr5JgJNXfFjaNYtg,QmT69qMi4crYvK9rg1rN39puWTRBdDrLEsjWpKaiUKuRk2
8,87329314989335775336461258166202186746543912634975442811164605982738420999834,QmaxyknH18qgY6j3dP884kyDTmxQPoAhc6yMJPLjNX74Ae,QmZBqh4zbAhXfWLa5GESGbNckfFQuSG8eV29HZfcJVJSVh
9,87329314989335775336461258166202186746543912634975442811164605982738420999835,QmfSrsj9vHAMRbft1XSxcB5h7XD4jqoHjv2oJXysh5H1HG,QmPig1sV5d2nCHyWM4kJt7owUDLbM1gvVK6pNcFBGJfXwG
10,87329314989335775336461258166202186746543912634975442811164605982738420999836,Qme4RQsUQH8G3dHhTWSYM5wspwyJvmA1uqRfo2sZrUkrLx,QmbfoCM8Q3DWartEKhXeRbK3Vof4yosn1gqN4ufKxRkuuB
11,87329314989335775336461258166202186746543912634975442811164605982738420999837,Qmc4qFDXZ1wvcNtguQXp3Np8cd3oHKghm9SwM33h1QSjVj,QmdmPtVnAikpXTBoTDiGtWUQLh26Ekq7ETje1B6MeH1Akq
12,87329314989335775336461258166202186746543912634975442811164605982738420999838,QmSEQweikeEfTZa5SA8g3yJJwBncEzzb65G5WP1wdazwNi,QmNMGWed31tUFeL4N4XnaWxcsnt9ZGQZodDwiL4UuXBt2W
13,87329314989335775336461258166202186746543912634975442811164605982738420999839,QmWty7s8BxLRyyhiWfmq5pG1YaaY9MfXWMM3FMRZ82SqUP,QmQ91yjEJPaUPhREnQh6FVohNjop4eFKmnccAMfYqhy1kS
14,87329314989335775336461258166202186746543912634975442811164605982738420999840,QmYf4pgCRuy4AYZVhHhQrCnhmpBPJnsidXYesHPcXHuoE3,QmYW3dtw9BU96AsUDAW7o2HXJKUyxYDNAUGvCukHN9bNFb
15,87329314989335775336461258166202186746543912634975442811164605982738420999841,QmRFix9zgetH9KiuYt24KjuxKSP1V8nQJX8xEoWzGx1myt,QmehytiWScNFmtgLvNDfzY5qxpFhZL3gBG3rsaa2NSZZvj
16,87329314989335775336461258166202186746543912634975442811164605982738420999842,QmeMpwTKhXXCNtP1Tf9YRWn7dMFDiTLKEhYmhzq33eFD1F,QmPR4KrqRGjiLSpD6yKgXsyTU6vnDjmdYcfv2FRy7GXLbW
17,87329314989335775336461258166202186746543912634975442811164605982738420999843,QmPRBkP3ie9F6pBmCfiF3AHKNXTmU8C7QiUssZbo2qWz2r,QmQTGRGETUa3ikdt6ohXG5dvhAgexCHw95oLJeUUAA26LR
18,87329314989335775336461258166202186746543912634975442811164605982738420999844,QmexM18XHcFCYeC2xfLH6xW4dLTfDfEq46TjhyEPr3itv5,QmfRxTitA2hdphu4aNWxu6zY5Fg4s6EPTYxLSERAzic45J
19,87329314989335775336461258166202186746543912634975442811164605982738420999845,QmbKpqvydfuHgrdGF8jNNeabp9TfxTYnFiMWErpk2FBYFH,Qmb3Z7NaQ5p2Ads3xM4zJKW6VuX7kcwhJFaofThyqUMeEs
20,87329314989335775336461258166202186746543912634975442811164605982738420999846,QmZXzZikToWsh7cuj2e8ykvSb2roUFBoKp8knPryabUzFE,QmeYnQ5W5RMk7YCVtPx6bX1gkjkvssZa6bJnP5twCKAZN5
21,87329314989335775336461258166202186746543912634975442811164605982738420999847,QmPRGfbFndpz5Fh7u9bD6dkALvm4DtSSS72Sg6vCSPrZSv,QmbE1T1ou6X9L5i3hbRwBLXXjLjaPpSyW2Urm3aWePdhku
22,87329314989335775336461258166202186746543912634975442811164605982738420999848,QmcuP1u3Fpx85r72qrU57mz7UBAiVsa1XgGDvF2WLyuAFy,QmTWCHSwZzX6ZMsUN8VAjQqdeuEo4bmgEszQcEChVujxov
23,87329314989335775336461258166202186746543912634975442811164605982738420999849,QmU5CczU9MMTzxXMyGNUbb6TPB4TPnjFNvhRL7sMsKfBEm,QmeLq3WdeRaUs3zjmA6RRqxwahtQmh6tYGfzSAMdhVVum2
24,87329314989335775336461258166202186746543912634975442811164605982738420999850,QmSCjWTnXYwxEQ3zmAjtQDKgk3y5rQNTCkqfyBpkvKFhPB,QmSx4eKgv86MMKdGPFrjPume8W7acuJqWg4Ljywj3ZiPvD
25,87329314989335775336461258166202186746543912634975442811164605982738420999851,QmP1qv2GcHQaUpdgxuccB2SCmSwVpnmd1f7znRZh5LsVM9,QmcarsTGuBPMu2WnurENtuqW3sv81xZo1sg8G8mMKNeq6u
26,87329314989335775336461258166202186746543912634975442811164605982738420999852,QmdSg9ANfuTCLvTBg2JqdbTrMAayPZqC51PhVhwDmpK7HJ,QmPik1r6XhZ9ckku3jW7GujV9hNkT9EL3o6Xv9RET3DAZa
27,87329314989335775336461258166202186746543912634975442811164605982738420999853,QmZHcYA1sN5NrjGhL4FrFYaZ3Pdez8q5FopjAXQs9Xtd2D,QmVQTpozyWqYthd6efP7ujrVftshrmxk8zin4AGcmarLSJ
28,87329314989335775336461258166202186746543912634975442811164605982738420999854,QmXnhHqh7eE5hvxKBZpUAaGHNgYzCzZiZUu6MESeuKrDnL,QmZxrTnMcTem74s6bJHpYoDyhvSVxwJcdiMCANtiievYDX
29,87329314989335775336461258166202186746543912634975442811164605982738420999855,QmaSR3G7P5TUxjd3yWvp423oEypVgYBipMvffahykVJ7Ry,QmX3oQvVhGh9Yr1vctWuJPP6XznuFM9AXHdgtb164UfRFY
30,87329314989335775336461258166202186746543912634975442811164605982738420999856,QmUzXHCcYG5e5b1zNpucoFPpxsymg7mtxix77GviKypLXG,QmRynJpDts4umXyNyXgbZjJB3HFN6YY7rPU9mgKgZGvaMW
31,87329314989335775336461258166202186746543912634975442811164605982738420999857,QmWrNgGGrNsYaXxz9ERB29F6BgimicLkFYJuqv7jM4a42c,QmTfrgWdyxRHSAaCMbaPcsiWNioETiyAzJ1u5mhrZGQxCr
32,87329314989335775336461258166202186746543912634975442811164605982738420999858,QmcF3ymRL4fcP5yHCWvtRuWV1oi1cZcp8c2fTpZDbKRFaY,Qmcdb4TT9LJzbMMzG7UFdBLsvyDeJgP8LT3DXunefzcfyX
33,87329314989335775336461258166202186746543912634975442811164605982738420999859,QmdXzU5r8NwUTtkrcfQReWbxMPykvXNNcidvy32ZuNkUVY,QmSiSd6uSDJUwhkxrNS9gZVMg1groweJ9oWDQf9CjEHB3Y
34,87329314989335775336461258166202186746543912634975442811164605982738420999860,QmeFjLAR7yBZKGSMcBQw9XSapGY2hAPJcTqhRVy6eTj7VC,QmY2Ddr719M4tdpQRipM2AMgqJqQtEmoFD1i1epdRqNQ4x
35,87329314989335775336461258166202186746543912634975442811164605982738420999861,QmWjMZYDYPtCmTw34z6MQymcgA1445kMvgeVwRngjLU3Ln,QmfGPbjHK3tiHSL7CLRot9hzmyUUNCaBXHrXckufUjiabt
36,87329314989335775336461258166202186746543912634975442811164605982738420999862,QmUXMjBbrzwMP5n6D5re32fEdsMtGQFH8bTKrwLEjQ4VBg,QmVgnQuSvmDWpxHLfs1kTdhFEtYvcHkMVUYn2KCUtsnZZu
37,87329314989335775336461258166202186746543912634975442811164605982738420999863,QmPDZ6PdRuyAhH5RPR4gdLfdvo3d2ABbRAecNe6qM8czmw,QmXZMNKo3vJ4Bhpi6ynYKjQ2EFKQudfLA5Vp4pGEPp926k
38,87329314989335775336461258166202186746543912634975442811164605982738420999864,QmZykY34fXWSSwsxhhfA87wYQHQBwSnNG8YK1oUQ7CB4uT,QmUXPrW8VVmSZWThQm2ymui3vA7Q98gzBmXFtidPYD7cLF
39,87329314989335775336461258166202186746543912634975442811164605982738420999865,QmVSrxnc68gGiSiatKCzbqCLP6KNFbMjJd9KW1ac1XWQuv,QmeKDbZeY9iahw1NaqXe5Ho1bxBZTAyuGeX1RA3Rgwaq1h
40,87329314989335775336461258166202186746543912634975442811164605982738420999866,QmQdAFqntq9WutuC41dV6v4aytNbujv53qEh2bhxMmhg3Y,QmcT2kvFLi43Pwz7nV7VHzNGoZTtQJGKPgP75JXS9Ey1KU
41,87329314989335775336461258166202186746543912634975442811164605982738420999867,Qmb4odse37KawDLMS3xe9UmHnP1rwcS1dsd9uZBM6ktWo4,QmNTTT8o7EiMxQTzPS9x51nPAefwCFUi51MfuxxGYa1WBF
42,87329314989335775336461258166202186746543912634975442811164605982738420999868,QmdQebmA19CdjNSRf3cHZdaE65K3syJcnPFsiXJBo48MAr,QmaAyRUhULV3Be8Ngsq8fo3hDWNyd6EE5WxobH9bv51NED
43,87329314989335775336461258166202186746543912634975442811164605982738420999869,QmSXxKQo3JSSLTCv2cxL19F5hRhbfCpvMRoQoZE6BQoMQh,QmU5k6ay3YCX5UvytZpseag3KngRvHzt3siEwhMkbAcs9f
44,87329314989335775336461258166202186746543912634975442811164605982738420999870,QmV2R7RGYAHao8LeVQaGtoTxCqJiBvfi2hF1sRMxQwsPvH,QmNTijp4u9ktL8yc9zPbyM5AejwxWgsJHGp4MGmj1PfqpX
45,87329314989335775336461258166202186746543912634975442811164605982738420999871,QmUCQ2ChcMAUoHJHia4Epwpw1toi1yDNncDodv3gzsg1Ms,QmSCdTAkwzX84eFnmpnLb9UBBEdVa1oopRXrBuz6DSNpuP
46,87329314989335775336461258166202186746543912634975442811164605982738420999872,QmYKq9Xqm6Sftgz8TXH7qfZpCj9MYWpAY5xorb5UvJW9XW,QmY3FRNqTx12hi5QDQDKunDwaGdbCD3Az6BShb5L7yxED8
47,87329314989335775336461258166202186746543912634975442811164605982738420999873,QmWSTsVvbmtQu98GcXUNnKQHtPimjR5d8J7MCZAPhYRsuN,QmZgUgVTHhE4cxnRP2Jd5r1ivRuPMukkXf7j4UbUVguhMV
48,87329314989335775336461258166202186746543912634975442811164605982738420999874,QmWFBufQSDU3tgBhTqbwYu8bPfQNJm3uf61HptsSjVB3hS,QmSkxX5CpuYnkANNgDbFA6ZHMG3unuxwj9by7VXejxYkiB
49,87329314989335775336461258166202186746543912634975442811164605982738420999875,QmX6LjMEJEATvPcUNDfFWx5ZdTUGC69YupK6Voojx9fPRG,QmQP1jYrKh9yF2BGf4exXSWQ5K7kjmCrYkAoAz6vZKGWxg
50,87329314989335775336461258166202186746543912634975442811164605982738420999876,QmbmsjhSk6zNSwawrDx7YL28LB8JFVB4F5xtS9fjjeSU1h,QmRdEj16Lu4fkWwT6sZh3n23KnMtrFfBehuJ6QxAtNvDww
51,87329314989335775336461258166202186746543912634975442811164605982738420999877,QmQnqUcm3fhf3nrSkVsKQw366afjQhXeae7jsgqtaZUMuv,QmNMzDpj6Y4nz94NaTZ9jfNLp4PY7873BomR8ZAB7uDrjQ
52,87329314989335775336461258166202186746543912634975442811164605982738420999878,QmZ5jkdCEsVjrJCPB1QUKrNZHXbeAFjWj22x6b53mK3XVY,QmXE7JuqaufbvnVRntRPH5UqCLkjtd5H9K4TPq7zs3eu1M
53,87329314989335775336461258166202186746543912634975442811164605982738420999879,QmbPFBbAteZ3xYaKuNjtHBZfJRCKHd1kJTZNYDKRC31kKg,QmdGQwbWVY5JKajwwuseDmXYwnYkdPwikvGPHmnYrfaH2S
54,87329314989335775336461258166202186746543912634975442811164605982738420999880,QmSxvSEcG3nWGkScHBXdB4WR4rg4MEWyfbtPy9bD9bNXHH,QmV9gRaa8u1fr2BQDAvtzc5ayP679HgfjNqnTt5kxaV1rf
55,87329314989335775336461258166202186746543912634975442811164605982738420999881,QmVzMSiwFJ8AFyh52YSq1G9SND4fp32qJed3iKqCMZar95,QmfGH9mXy2HMSBrefC4N24CxgDNPT1NuYEpv27Bz57sjBG
56,87329314989335775336461258166202186746543912634975442811164605982738420999882,QmSffSsmGzBfwjjLbd9tMsSVDpdik35Lq3jxES7xsEeU7J,QmQQsraoTHzmCeeGXfYrt596qRLhEanoV81G8fyiBCBsv1
57,87329314989335775336461258166202186746543912634975442811164605982738420999883,Qmar9oUtrbBAENQJYWPrbvhsz5wirttoSdrUN5D7uJr6YR,QmQu5QYyYfyFj9NNWdBK9JzW6M5jywQcGNgyEYv9ApjViG
58,87329314989335775336461258166202186746543912634975442811164605982738420999884,QmRfd3EBwhg5Fb3R251r552BBAn4ta8gFraN3mactoDPWX,QmUTbNpvLEbstSd9uoC8TSbC2qFMZmdAkVxMyyq6wrThG7
59,87329314989335775336461258166202186746543912634975442811164605982738420999885,QmR3tpwjybJG4avh6TTgkPK3nHYGGTXiVEj4EGxSUh2EGS,QmdNaSbxVdH6RmXd4NaPyRZJzaieSoH8vWtv2qkABUqJoC
60,87329314989335775336461258166202186746543912634975442811164605982738420999886,QmSs1DDSV8Jx9Gt1DM8EuzoSfKr1K1oX1EQi3UE8CQ87xc,QmbAh6jpheY8KJpLsniUu1mQ7cytM6vFsXUKDFbvH86BRN
61,87329314989335775336461258166202186746543912634975442811164605982738420999887,QmS8nVPuLZjxnzai4eLcvZVpyg2nieZgXAvnyctuoVisFm,QmRtaYXfPDd6JCVbrKYcmdnknBDyqNAy7mghPWWrEZG3v3
62,87329314989335775336461258166202186746543912634975442811164605982738420999888,QmZPhf4AQeu1NLcEw9yzUnmm5WyW9dmvihEBqmppLetKVB,QmZQMsaZQWrnnLpA752VXXpcTcpDnztn9wzUqNzxxCYwUq
63,87329314989335775336461258166202186746543912634975442811164605982738420999889,QmZuHpcBjg79p81cVx8iBoTYdbqDhnBZiU5vuUZFS4DQ3g,QmNSFks3KGJaV1duCGNuE7CuTh3qMmtVjmiAfpaRPWncrm
64,87329314989335775336461258166202186746543912634975442811164605982738420999890,QmPGYgjuYiUyfDGrYgopYCjbTRcWv2P8GV1iYh1vAgq8Rw,QmQRbAsHa6QdyXDcyJc4QmAYpJ2JtYiE95NZcb5RyaYpqw
65,87329314989335775336461258166202186746543912634975442811164605982738420999891,QmZB6ZuZaSWnfRXLTaKd7wezMzPzsoUYrt8LSgq5QUXfbN,QmQMudT1WHKBqezCvzcixTLiz7aiGhpCK4fxWfRCuVn4Ew
66,87329314989335775336461258166202186746543912634975442811164605982738420999892,QmShL4hBBPwWGzEFBpfeCVyJbJs3ecRWZ4vJRF3Z39fkeb,QmTwobWjcutosDcEUDmhuiuytQ4u1YVbWbTpb74AqvtK4e
67,87329314989335775336461258166202186746543912634975442811164605982738420999893,Qmcg7Hve2ZqPHS3HyXE6Q2i2mGQcqK24hzCiv5pEgaUSK3,QmXLB9dPnDFcULnDJDNs3XFo1ghJo7CjnV62dKtS7gwWri
68,87329314989335775336461258166202186746543912634975442811164605982738420999894,QmSZhZGCoZVyapPqRY6eKzeFnFv1gsbqTeesUy4FGy7oTr,QmWSgnJEg2GcrnEVyHdcvNQfmZXRsm4GtQsP26VJMcXdyo
69,87329314989335775336461258166202186746543912634975442811164605982738420999895,QmQh4AWYaHjkvJqe3S77WmQoSwpU9WSack8vKnAGG4HZ6P,QmSRXd4bkLoa97BgVwi5zFQCFF4wJeMtKmRiuPzQH6eVUn
70,87329314989335775336461258166202186746543912634975442811164605982738420999896,QmZd6ahpVR5R9erDsmY8ueFYq7Ee6DM1fnNTLNMgX6Cx1D,QmdRoXoHaCMYA2xwwCao97jBo6cUvgYQeYkWN9e6aGEWPf
71,87329314989335775336461258166202186746543912634975442811164605982738420999897,QmPCiLwYWrWghhUNY4b8Wyp3hFUAb43JpUn7ybKAXgXSYG,QmPY4XaHcqy6qeKKULm4GYyP6vA46HoxqX3nFebpHMW99M
72,87329314989335775336461258166202186746543912634975442811164605982738420999898,QmZ8KNoS8LrSvGeSoa5hCvi1suGBV7FaS5bq4xCT18bx8h,QmTEadWGkm3w6PHSVQuoqXLk6zwMToNXBdVLK9CZiYGThq
73,87329314989335775336461258166202186746543912634975442811164605982738420999899,QmbzrrcsoHf1Buw8J1yF3q3nQpX1HeszMKG6DsNpVKJY1C,QmPH777CYn16eSmQbzN2Qwmm7rUsC7pe3rVHLNipzAi2NG
74,87329314989335775336461258166202186746543912634975442811164605982738420999900,QmThRZQWyeECpXLzYVzFN8xwkPVctQe5GogeNUxeeCkq9r,QmfEmWSQ78mz1mydtahJHr65ysW8ACRQabekea8G6aSWc4
75,87329314989335775336461258166202186746543912634975442811164605982738420999901,QmYpRdmJnMmNyJBVMdUMPP9mUbRWzNtYGMa6ooufsGpRTF,Qmanzev1m3yiHtSJaDbX7GaGmTaBszeDrBYsk4dxfdfukW
76,87329314989335775336461258166202186746543912634975442811164605982738420999902,Qme3bRYTJ6LtW2X4TVNExTMnrFvGCVXRAQAeV1MQetkQ9y,QmT4QfKNCHFMYintxUjbLgG4TwdE7EVa6gPsPkTsCJri5w
77,87329314989335775336461258166202186746543912634975442811164605982738420999903,Qmd6MAB6YodW9teVjrD9XniBFSzVfQgG17LV42ZV39sVuc,QmUA6st1h95DiZKcxMRZDaruiQQXWf9DpNN3vJQy9yar8U
78,87329314989335775336461258166202186746543912634975442811164605982738420999904,Qmb99QoYhhgcqfWk1kNUujrnctjXuPxP8oZhbBwuXWCZgx,QmWD9RsqHSoyGJrLk23qfUYyJWgRdWu1ABnP2Kt9JVpQyY
79,87329314989335775336461258166202186746543912634975442811164605982738420999905,QmWzfmt6HcPQEhxTdCincLtgyLGJ2rLX5GYNPcKJv1bzRn,QmcoKKG6VTJmZ8KZ1ByR4UTpbJ4G29kxwBhSJvgW8hK8KS
80,87329314989335775336461258166202186746543912634975442811164605982738420999906,QmUee3iMPwLoavw1d4W5kynzgprxTiniCGFuzhxF2w25J3,QmUFtDKnNcPgmibJmAdmUK186CDAN2w5BCPiLRdCc7y4xr
81,87329314989335775336461258166202186746543912634975442811164605982738420999907,QmQ8Xoqu6a519dKD4CtfBsCjoENga7B1oi4iaqbRV8Hp6H,QmRqMH7a4kkY7ZSPgeG121BRcJPeGNFPWpdC3KQ66Q1a59
82,87329314989335775336461258166202186746543912634975442811164605982738420999908,QmVVF2Hmx2LWJ6PXuk2ggrFrZpG8WtWFnrjekiqENk8QYE,QmTFoUSzCrw9SY1KG1fhaQYFFLRPPSFD2iN9uhUiH8aWXb
83,87329314989335775336461258166202186746543912634975442811164605982738420999909,QmazgWgLNjxdaUAJcLXTLASJw7WSEQF66gywx4AYjhuA5q,QmcHJvwRykt1tLV264tWEZuJgKsiMJSJiXcaD5DgtPSHCx
84,87329314989335775336461258166202186746543912634975442811164605982738420999910,QmT55yg21EjnCdg7BKFLRk4mpB9Ce33CMr5pfwav9AjkbH,QmWdnpix1KvtmTmrowntDs34gw4epZfmhxkg65NjxN86xn
85,87329314989335775336461258166202186746543912634975442811164605982738420999911,QmaCqGAoZZoiqs27ep7HQPpN4evf3YxW2NpWuNPMo6Svnu,QmNSgok5U1tbCq1BdaoZVHH1y5Kqz3wegfqpmDzQdiTVXy
86,87329314989335775336461258166202186746543912634975442811164605982738420999912,QmWeeL9hnnKvWp2gA5TxqwXq4bPPv66T8xVFnYY3guNzaP,QmT9JxDoybuYQzFVcfzDA9y9ozNthLJKSPsyXwb1pyY8JY
87,87329314989335775336461258166202186746543912634975442811164605982738420999913,QmeBaMd3nG71cV64VC3ELWoDHJ7H8eREoJ7997oCbU1G3s,QmQfyP8uiwipYNWfj46bGJXeq1hdeC9MG1FuU8Ae1xgjc3
88,87329314989335775336461258166202186746543912634975442811164605982738420999914,QmYiSZvZu4fMe3o3rUwtac5QSczKa1fc6vG4qgkn115Cx4,QmeVoQPzGUB6wighdKCMMzXc66Y8JxEZSS2CQdLdSq2jaS
89,87329314989335775336461258166202186746543912634975442811164605982738420999915,QmejXnhzcytdPxjGJaFLgVahVc96UtFZnLNgkUtnWtpZJS,QmUDjzGbbmXo2uTYGhsbv5gyJvRGYGsUFPxDTfsbhMdFBZ
90,87329314989335775336461258166202186746543912634975442811164605982738420999916,QmVmUJMNq4n8QTCjdnFAs8yfGjdRqnCW7BDZixVrQWLD8V,QmWaHuRzf4uX4BFZvwQz4Nwme4rDpABno4QjT8xT6r2Lrw
91,87329314989335775336461258166202186746543912634975442811164605982738420999917,QmbQ1ecFvJzmGcEpRQ7ZAPWtn7ZDKvA7R68UcefDSo4Dqg,QmUigyj8VizZef7wCQ4kKZQJQjkL5tRMfDoXoyW8zgLRTu
92,87329314989335775336461258166202186746543912634975442811164605982738420999918,QmZqFH4NC5wWG47XxyEi5P7ttTFvknoCiezK3JrQPQUdbv,QmVMzzVvV1xpmYWtQnEvmz9r75gAgpwSdeSg6wUUwwD2do
93,87329314989335775336461258166202186746543912634975442811164605982738420999919,QmWPGiFroWApM66pV3cEq93g4apgqreWpkUQXyDZQJi1Nb,QmeukL93VryGKpkTwvtCuwumg5KrdsTFFpGLcVvdcJ1PMB
94,87329314989335775336461258166202186746543912634975442811164605982738420999920,QmTqWZpz8Qpu2jAcSAg3952pyPwC8RL3eBXop5XEfKnZHY,Qmb6ia4Y1Grtxwo5RjmEWxsPGWvTzgredAHmPE9Zzk1Pqd
95,87329314989335775336461258166202186746543912634975442811164605982738420999921,QmbKp3XaQmTXo5rds9roXooLDrhKn6h8tnZYeqy2AFK47m,QmUYY556h7oq82MUn5nvXRsKnUPo3mP6JN6fNww1L3WzjP
96,87329314989335775336461258166202186746543912634975442811164605982738420999922,QmSAyRun7UTvaMKoj73qEPPBXwf32Xds6nQkmMrVboX39A,QmZYa84VxFELt57WYNNYyYQ7TNbFdiePPkcx87bVe2MhxR
97,87329314989335775336461258166202186746543912634975442811164605982738420999923,QmRfE4uNFby76zy6ANENCRT242QmKqfZ33fBQ2bRg2o9GG,QmZxP6vJR2tMj3Leuk7TpaVup6AVRcrod6zusr21sUnDx3
98,87329314989335775336461258166202186746543912634975442811164605982738420999924,QmXyPsQUoYC92eKjUQtjeesJBmN3nc6zssJRccCWbHHPSb,QmbkcxnDf81YNaGVWwkUhXbDXogCg3rFzrZdzKqSeKmtHp
99,87329314989335775336461258166202186746543912634975442811164605982738420999925,QmPpXuyJNquUXHaJFeZ6vzgEL8ncBszY7M3CkVV9YHh3NZ,QmYs5QYCeNRPYwcaXYHUDVnWdfMRtFvivq7hGfYpitcmjk
