contract,contract_version,exhibition,token_id,artwork_id,edition,series_id,series_title,medium,ipfs_cid,preview_uri,preview_ipfs_uri,thumbnail_uri,thumbnail_ipfs_uri
0xBb12686c360e9057be3CD031140035A705e19ceC,FeralfileExhibitionV4,Truth,2439046679443273982118864381573244666654869184,2439046679443273982118864381573244666654869184,0,1d39c523-9da9-406d-8feb-31e1d2704310,inter/sections,image,QmQjzvrvZjzNGiqQhTGsiHeTpb9FmEcjCVWxVySf5FANC1/2439046679443273982118864381573244666654869184,previews/1d39c523-9da9-406d-8feb-31e1d2704310/1692861045/_unique-previews/0,ipfs://QmbKtXKhYjkKFQXk3QDybY4GSxa1VHLob4Sheambkm1ikv,previews/1d39c523-9da9-406d-8feb-31e1d2704310/1692861045/_unique-thumbnails/0-large.jpg,ipfs://QmXheiW6RuA5fUQ1c76jbfUQKRmgfs5AmxYeQ7wh3FJdyz
0xBb12686c360e9057be3CD031140035A705e19ceC,FeralfileExhibitionV4,Truth,2439046679443273982118864381573244666654869185,2439046679443273982118864381573244666654869185,1,1d39c523-9da9-406d-8feb-31e1d2704310,inter/sections,image,QmQjzvrvZjzNGiqQhTGsiHeTpb9FmEcjCVWxVySf5FANC1/2439046679443273982118864381573244666654869185,previews/1d39c523-9da9-406d-8feb-31e1d2704310/1692861045/_unique-previews/1,ipfs://QmXiDtytojhn5w6dm11PiSbV4CbJ1v77JG6fWrsmopg5h6,previews/1d39c523-9da9-406d-8feb-31e1d2704310/1692861045/_unique-thumbnails/1-large.jpg,ipfs://Qmb1jj8wFtrEU44HMhPqFax4bRFwgeJLWKmL2qbvBS1qiy
0xBb12686c360e9057be3CD031140035A705e19ceC,FeralfileExhibitionV4,Truth,2439046679443273982118864381573244666654869186,2439046679443273982118864381573244666654869186,2,1d39c523-9da9-406d-8feb-31e1d2704310,inter/sections,image,QmQjzvrvZjzNGiqQhTGsiHeTpb9FmEcjCVWxVySf5FANC1/2439046679443273982118864381573244666654869186,previews/1d39c523-9da9-406d-8feb-31e1d2704310/1692861045/_unique-previews/2,ipfs://QmVXTENpJXbUMzuNBYzshgAv5LyeCz6UKNhm38ehGtCaTS,previews/1d39c523-9da9-406d-8feb-31e1d2704310/1692861045/_unique-thumbnails/2-large.jpg,ipfs://QmPN5AaMFUoXpuC4rxi8XWdR5V4gN4DEFGCwTysYv6nvhp
0xBb12686c360e9057be3CD031140035A705e19ceC,FeralfileExhibitionV4,Truth,2439046679443273982118864381573244666654869187,2439046679443273982118864381573244666654869187,3,1d39c523-9da9-406d-8feb-31e1d2704310,inter/sections,image,QmQjzvrvZjzNGiqQhTGsiHeTpb9FmEcjCVWxVySf5FANC1/2439046679443273982118864381573244666654869187,previews/1d39c523-9da9-406d-8feb-31e1d2704310/1692861045/_unique-previews/3,ipfs://QmNx3in7Ydcfvp8AT2GHqb8ejk4bdbMrJYaJJWQsppHC47,previews/1d39c523-9da9-406d-8feb-31e1d2704310/1692861045/_unique-thumbnails/3-large.jpg,ipfs://QmUVNQ3SooLtaGDaNhyqsis1qikYGiFKBkAtSwLTYSMEW5
0xBb12686c360e9057be3CD031140035A705e19ceC,FeralfileExhibitionV4,Truth,2439046679443273982118864381573244666654869188,2439046679443273982118864381573244666654869188,4,1d39c523-9da9-406d-8feb-31e1d2704310,inter/sections,image,QmQjzvrvZjzNGiqQhTGsiHeTpb9FmEcjCVWxVySf5FANC1/2439046679443273982118864381573244666654869188,previews/1d39c523-9da9-406d-8feb-31e1d2704310/1692861045/_unique-previews/4,ipfs://QmfHDSRyMMHxowMoHqxyux8gfmHCDsKJ2rwuKVubfU6fL4,previews/1d39c523-9da9-406d-8feb-31e1d2704310/1692861045/_unique-thumbnails/4-large.jpg,ipfs://QmchfR9VnaekMkeJMenRb69dFbWLoaj3FgPAMkk18S3WUq
0xBb12686c360e9057be3CD031140035A705e19ceC,FeralfileExhibitionV4,Truth,2439046679443273982118864381573244666654869189,2439046679443273982118864381573244666654869189,5,1d39c523-9da9-406d-8feb-31e1d2704310,inter/sections,image,QmQjzvrvZjzNGiqQhTGsiHeTpb9FmEcjCVWxVySf5FANC1/2439046679443273982118864381573244666654869189,previews/1d39c523-9da9-406d-8feb-31e1d2704310/1692861045/_unique-previews/5,ipfs://QmS3Tu1sSwuLiV7WE8LoPxozTgEoy2mKoHmMCtPAnEmPAK,previews/1d39c523-9da9-406d-8feb-31e1d2704310/1692861045/_unique-thumbnails/5-large.jpg,ipfs://QmWdniiMGTkpsXKGZxXdLbpHHD4duSvi1pZytAMewE48Ss
0xBb12686c360e9057be3CD031140035A705e19ceC,FeralfileExhibitionV4,Truth,2439046679443273982118864381573244666654869190,2439046679443273982118864381573244666654869190,6,1d39c523-9da9-406d-8feb-31e1d2704310,inter/sections,image,QmQjzvrvZjzNGiqQhTGsiHeTpb9FmEcjCVWxVySf5FANC1/2439046679443273982118864381573244666654869190,previews/1d39c523-9da9-406d-8feb-31e1d2704310/1692861045/_unique-previews/6,ipfs://QmSdkxi1N33KZ79JKZTpYrijLZ9ATMA25tJNSmZUTXtLMa,previews/1d39c523-9da9-406d-8feb-31e1d2704310/1692861045/_unique-thumbnails/6-large.jpg,ipfs://QmdN91xYaKFuDXaXGhSkGnpg8Mtr2mgzH8MqrNhu7RYUsZ
0xBb12686c360e9057be3CD031140035A705e19ceC,FeralfileExhibitionV4,Truth,2439046679443273982118864381573244666654869191,2439046679443273982118864381573244666654869191,7,1d39c523-9da9-406d-8feb-31e1d2704310,inter/sections,image,QmQjzvrvZjzNGiqQhTGsiHeTpb9FmEcjCVWxVySf5FANC1/2439046679443273982118864381573244666654869191,previews/1d39c523-9da9-406d-8feb-31e1d2704310/1692861045/_unique-previews/7,ipfs://QmT7mzBrA9vhjfep9CN9W1UKWj1U2LWxXFFag1SZUu7BWs,previews/1d39c523-9da9-406d-8feb-31e1d2704310/1692861045/_unique-thumbnails/7-large.jpg,ipfs://QmbBYJEETW412rKNiTTZMT2UBZPWAMcYih8o91ki5L7VR6
0xBb12686c360e9057be3CD031140035A705e19ceC,FeralfileExhibitionV4,Truth,2439046679443273982118864381573244666654869192,2439046679443273982118864381573244666654869192,8,1d39c523-9da9-406d-8feb-31e1d2704310,inter/sections,image,QmQjzvrvZjzNGiqQhTGsiHeTpb9FmEcjCVWxVySf5FANC1/2439046679443273982118864381573244666654869192,previews/1d39c523-9da9-406d-8feb-31e1d2704310/1692861045/_unique-previews/8,ipfs://QmRLXiJmX6PTaVCWCigUfzx1PssE8ahyDU3XVPT3Rzsq18,previews/1d39c523-9da9-406d-8feb-31e1d2704310/1692861045/_unique-thumbnails/8-large.jpg,ipfs://QmbzPa5Gc5y2JRusQrM5y58bKiD9TqzrLVzgm5zQnSmPcD
0xBb12686c360e9057be3CD031140035A705e19ceC,FeralfileExhibitionV4,Truth,2439046679443273982118864381573244666654869193,2439046679443273982118864381573244666654869193,9,1d39c523-9da9-406d-8feb-31e1d2704310,inter/sections,image,QmQjzvrvZjzNGiqQhTGsiHeTpb9FmEcjCVWxVySf5FANC1/2439046679443273982118864381573244666654869193,previews/1d39c523-9da9-406d-8feb-31e1d2704310/1692861045/_unique-previews/9,ipfs://QmewPjYUPguYjeuteWLPmMt2wvVDhF2WUMu4NmFhzdSPii,previews/1d39c523-9da9-406d-8feb-31e1d2704310/1692861045/_unique-thumbnails/9-large.jpg,ipfs://QmPEioEVX9EkDr18kfkhVS4vyGrqCZxiCTmv4urqJjZq2P
0xBb12686c360e9057be3CD031140035A705e19ceC,FeralfileExhibitionV4,Truth,2439046679443273982118864381573244666654869194,2439046679443273982118864381573244666654869194,10,1d39c523-9da9-406d-8feb-31e1d2704310,inter/sections,image,QmQjzvrvZjzNGiqQhTGsiHeTpb9FmEcjCVWxVySf5FANC1/2439046679443273982118864381573244666654869194,previews/1d39c523-9da9-406d-8feb-31e1d2704310/1692861045/_unique-previews/10,ipfs://QmTRsgZjy799Yfmsk4Jd8uTpjqyR7tmBgNufUYKixuu3sM,previews/1d39c523-9da9-406d-8feb-31e1d2704310/1692861045/_unique-thumbnails/10-large.jpg,ipfs://QmQB6aNywJoAt6NQAaJVJKGqCZw7XtHJKocPm9RLYLeoc5
0xBb12686c360e9057be3CD031140035A705e19ceC,FeralfileExhibitionV4,Truth,2439046679443273982118864381573244666654869195,2439046679443273982118864381573244666654869195,11,1d39c523-9da9-406d-8feb-31e1d2704310,inter/sections,image,QmQjzvrvZjzNGiqQhTGsiHeTpb9FmEcjCVWxVySf5FANC1/2439046679443273982118864381573244666654869195,previews/1d39c523-9da9-406d-8feb-31e1d2704310/1692861045/_unique-previews/11,ipfs://QmWpWsnUnu9dY6M65mWqzHKNBhi8NZdMWc2gDMdjGSSSTP,previews/1d39c523-9da9-406d-8feb-31e1d2704310/1692861045/_unique-thumbnails/11-large.jpg,ipfs://QmeRJfUZBaAZtHjHatJ5nqhJysUrgb46gKt6e8Zbh1mcy9
0xBb12686c360e9057be3CD031140035A705e19ceC,FeralfileExhibitionV4,Truth,2439046679443273982118864381573244666654869196,2439046679443273982118864381573244666654869196,12,1d39c523-9da9-406d-8feb-31e1d2704310,inter/sections,image,QmQjzvrvZjzNGiqQhTGsiHeTpb9FmEcjCVWxVySf5FANC1/2439046679443273982118864381573244666654869196,previews/1d39c523-9da9-406d-8feb-31e1d2704310/1692861045/_unique-previews/12,ipfs://QmeEiY6ztJhnanyUFJgLayz1Rb61AFH83rzWkWTqqeHvbn,previews/1d39c523-9da9-406d-8feb-31e1d2704310/1692861045/_unique-thumbnails/12-large.jpg,ipfs://QmTj96HEU6dsNW9iZGP1dHhtzXYZjEAq5JtAZdftJXEB2G
0xBb12686c360e9057be3CD031140035A705e19ceC,FeralfileExhibitionV4,Truth,2439046679443273982118864381573244666654869197,2439046679443273982118864381573244666654869197,13,1d39c523-9da9-406d-8feb-31e1d2704310,inter/sections,image,QmQjzvrvZjzNGiqQhTGsiHeTpb9FmEcjCVWxVySf5FANC1/2439046679443273982118864381573244666654869197,previews/1d39c523-9da9-406d-8feb-31e1d2704310/1692861045/_unique-previews/13,ipfs://QmQszMoPctvHjsyqtgsBcwFhJEBDDmQcirseJg74tbe5se,previews/1d39c523-9da9-406d-8feb-31e1d2704310/1692861045/_unique-thumbnails/13-large.jpg,ipfs://QmfUroVhGaJfTbfLVWbJei9cCCxjw5xnxHDQ5SqUJw8jfR
0xBb12686c360e9057be3CD031140035A705e19ceC,FeralfileExhibitionV4,Truth,2439046679443273982118864381573244666654869198,2439046679443273982118864381573244666654869198,14,1d39c523-9da9-406d-8feb-31e1d2704310,inter/sections,image,QmQjzvrvZjzNGiqQhTGsiHeTpb9FmEcjCVWxVySf5FANC1/2439046679443273982118864381573244666654869198,previews/1d39c523-9da9-406d-8feb-31e1d2704310/1692861045/_unique-previews/14,ipfs://QmXs48ek78ay9L2G7wQgNbJcKx4cTdjyQ5iX3YCQwZ6ehg,previews/1d39c523-9da9-406d-8feb-31e1d2704310/1692861045/_unique-thumbnails/14-large.jpg,ipfs://QmPY6gMttk3vQCoQrZC5Uwx4DYHKN5tW9NE3uSuxinjjcm
0xBb12686c360e9057be3CD031140035A705e19ceC,FeralfileExhibitionV4,Truth,2439046679443273982118864381573244666654869199,2439046679443273982118864381573244666654869199,15,1d39c523-9da9-406d-8feb-31e1d2704310,inter/sections,image,QmQjzvrvZjzNGiqQhTGsiHeTpb9FmEcjCVWxVySf5FANC1/2439046679443273982118864381573244666654869199,previews/1d39c523-9da9-406d-8feb-31e1d2704310/1692861045/_unique-previews/15,ipfs://QmUKoCjPvJah1VND7Wy9h84VWfnpCtTXz7yEYTGATWmHGm,previews/1d39c523-9da9-406d-8feb-31e1d2704310/1692861045/_unique-thumbnails/15-large.jpg,ipfs://QmNkKmAToz198ZkTLHFwFoz2s92UFBN53rDczyVUENWt27
0xBb12686c360e9057be3CD031140035A705e19ceC,FeralfileExhibitionV4,Truth,2439046679443273982118864381573244666654869200,2439046679443273982118864381573244666654869200,16,1d39c523-9da9-406d-8feb-31e1d2704310,inter/sections,image,QmQjzvrvZjzNGiqQhTGsiHeTpb9FmEcjCVWxVySf5FANC1/2439046679443273982118864381573244666654869200,previews/1d39c523-9da9-406d-8feb-31e1d2704310/1692861045/_unique-previews/16,ipfs://QmeWcFr7YbdTu3EFs9rkXPFF49fJGWxcE819f9Rz5y4f64,previews/1d39c523-9da9-406d-8feb-31e1d2704310/1692861045/_unique-thumbnails/16-large.jpg,ipfs://Qmaifr2PZiXiW8HRntH7p3FBg1PjZHribohHHyDtantftH
0xBb12686c360e9057be3CD031140035A705e19ceC,FeralfileExhibitionV4,Truth,2439046679443273982118864381573244666654869201,2439046679443273982118864381573244666654869201,17,1d39c523-9da9-406d-8feb-31e1d2704310,inter/sections,image,QmQjzvrvZjzNGiqQhTGsiHeTpb9FmEcjCVWxVySf5FANC1/2439046679443273982118864381573244666654869201,previews/1d39c523-9da9-406d-8feb-31e1d2704310/1692861045/_unique-previews/17,ipfs://QmVtPpUjY72y2RfekuPqMy1WBzyVEBFAL9uNtzCHt8fNGK,previews/1d39c523-9da9-406d-8feb-31e1d2704310/1692861045/_unique-thumbnails/17-large.jpg,ipfs://QmbgyUSDeUP64tRgVy6mNFDgXVM3V1BkEDit5q6WoatfSu
0xBb12686c360e9057be3CD031140035A705e19ceC,FeralfileExhibitionV4,Truth,2439046679443273982118864381573244666654869202,2439046679443273982118864381573244666654869202,18,1d39c523-9da9-406d-8feb-31e1d2704310,inter/sections,image,QmQjzvrvZjzNGiqQhTGsiHeTpb9FmEcjCVWxVySf5FANC1/2439046679443273982118864381573244666654869202,previews/1d39c523-9da9-406d-8feb-31e1d2704310/1692861045/_unique-previews/18,ipfs://QmSUquvX66M31KUFnRKwidd6AK1YVAyBoYRunfZGjJ9B99,previews/1d39c523-9da9-406d-8feb-31e1d2704310/1692861045/_unique-thumbnails/18-large.jpg,ipfs://QmNQJa5DmP3wRr7A97E7H9c8gAc4rrq5hwAMm27b7esWG1
0xBb12686c360e9057be3CD031140035A705e19ceC,FeralfileExhibitionV4,Truth,2439046679443273982118864381573244666654869203,2439046679443273982118864381573244666654869203,19,1d39c523-9da9-406d-8feb-31e1d2704310,inter/sections,image,QmQjzvrvZjzNGiqQhTGsiHeTpb9FmEcjCVWxVySf5FANC1/2439046679443273982118864381573244666654869203,previews/1d39c523-9da9-406d-8feb-31e1d2704310/1692861045/_unique-previews/19,ipfs://QmNZy5Bcv1S4SSpeCE9d7BhvTuLUjjCPfH2NbHBTxD5z2S,previews/1d39c523-9da9-406d-8feb-31e1d2704310/1692861045/_unique-thumbnails/19-large.jpg,ipfs://Qmd5Mkg7xDAyr3iJBDVNcChwYKcByja3ZQP9YnWhZqmQ92
0xBb12686c360e9057be3CD031140035A705e19ceC,FeralfileExhibitionV4,Truth,2439046679443273982118864381573244666654869204,2439046679443273982118864381573244666654869204,20,1d39c523-9da9-406d-8feb-31e1d2704310,inter/sections,image,QmQjzvrvZjzNGiqQhTGsiHeTpb9FmEcjCVWxVySf5FANC1/2439046679443273982118864381573244666654869204,previews/1d39c523-9da9-406d-8feb-31e1d2704310/1692861045/_unique-previews/20,ipfs://QmTLavxqXe6z8RZqWPvCBEwtjW6ER48bU6HtLvH81BTxyw,previews/1d39c523-9da9-406d-8feb-31e1d2704310/1692861045/_unique-thumbnails/20-large.jpg,ipfs://QmXWHhHUE4EcSxBvfTNbQEizAZzpcZ1dQedD6F3zeTfgtb
0xBb12686c360e9057be3CD031140035A705e19ceC,FeralfileExhibitionV4,Truth,2439046679443273982118864381573244666654869205,2439046679443273982118864381573244666654869205,21,1d39c523-9da9-406d-8feb-31e1d2704310,inter/sections,image,QmQjzvrvZjzNGiqQhTGsiHeTpb9FmEcjCVWxVySf5FANC1/2439046679443273982118864381573244666654869205,previews/1d39c523-9da9-406d-8feb-31e1d2704310/1692861045/_unique-previews/21,ipfs://QmdWUBMGG9VRFydj9bsYmW8wCrzbqZv62xVQmPXpyt4v3L,previews/1d39c523-9da9-406d-8feb-31e1d2704310/1692861045/_unique-thumbnails/21-large.jpg,ipfs://QmYiFewSHdSyPH82WuTsnYpgEMRJQHH5yJWavm9u5EGjKH
0xBb12686c360e9057be3CD031140035A705e19ceC,FeralfileExhibitionV4,Truth,2439046679443273982118864381573244666654869206,2439046679443273982118864381573244666654869206,22,1d39c523-9da9-406d-8feb-31e1d2704310,inter/sections,image,QmQjzvrvZjzNGiqQhTGsiHeTpb9FmEcjCVWxVySf5FANC1/2439046679443273982118864381573244666654869206,previews/1d39c523-9da9-406d-8feb-31e1d2704310/1692861045/_unique-previews/22,ipfs://QmNmFinSCyoXgkwLH9bbytkQLCXitiFfxVNf5NJoNbaAkE,previews/1d39c523-9da9-406d-8feb-31e1d2704310/1692861045/_unique-thumbnails/22-large.jpg,ipfs://Qmb9YzuhYbTdnyimpLd6v9nwMQwnaDSivLrLwNzb8rLmSY
0xBb12686c360e9057be3CD031140035A705e19ceC,FeralfileExhibitionV4,Truth,2439046679443273982118864381573244666654869207,2439046679443273982118864381573244666654869207,23,1d39c523-9da9-406d-8feb-31e1d2704310,inter/sections,image,QmQjzvrvZjzNGiqQhTGsiHeTpb9FmEcjCVWxVySf5FANC1/2439046679443273982118864381573244666654869207,previews/1d39c523-9da9-406d-8feb-31e1d2704310/1692861045/_unique-previews/23,ipfs://QmZ8rSRUiAH7uvqu9pFDsaPPBgbRAqf7EP3YY1iXnaeNKu,previews/1d39c523-9da9-406d-8feb-31e1d2704310/1692861045/_unique-thumbnails/23-large.jpg,ipfs://QmdRs4ttRXN7E2LjZspJ6eZiNg2NSpr8Kk8V3RbvqDYviH
0xBb12686c360e9057be3CD031140035A705e19ceC,FeralfileExhibitionV4,Truth,2439046679443273982118864381573244666654869208,2439046679443273982118864381573244666654869208,24,1d39c523-9da9-406d-8feb-31e1d2704310,inter/sections,image,QmQjzvrvZjzNGiqQhTGsiHeTpb9FmEcjCVWxVySf5FANC1/2439046679443273982118864381573244666654869208,previews/1d39c523-9da9-406d-8feb-31e1d2704310/1692861045/_unique-previews/24,ipfs://QmVnfR3noVyK3UXd62MxPt2y9QZbmVZhsJCwp8W7kjYQcK,previews/1d39c523-9da9-406d-8feb-31e1d2704310/1692861045/_unique-thumbnails/24-large.jpg,ipfs://QmX4s9kTTHA7obJtNMcVY92yNZQ4WC5oGaLXECpbUfdQJ5
0xBb12686c360e9057be3CD031140035A705e19ceC,FeralfileExhibitionV4,Truth,2439046679443273982118864381573244666654869209,2439046679443273982118864381573244666654869209,25,1d39c523-9da9-406d-8feb-31e1d2704310,inter/sections,image,QmQjzvrvZjzNGiqQhTGsiHeTpb9FmEcjCVWxVySf5FANC1/2439046679443273982118864381573244666654869209,previews/1d39c523-9da9-406d-8feb-31e1d2704310/1692861045/_unique-previews/25,ipfs://QmTRBEiRZ9y66Xs83R7F9L5JHXVvaDw6ri7CgJ376A3GVn,previews/1d39c523-9da9-406d-8feb-31e1d2704310/1692861045/_unique-thumbnails/25-large.jpg,ipfs://QmcYWyFvK6JimbqTKoESPgELXwEChVsjjbxrZAYmeRm7fG
0xBb12686c360e9057be3CD031140035A705e19ceC,FeralfileExhibitionV4,Truth,2439046679443273982118864381573244666654869210,2439046679443273982118864381573244666654869210,26,1d39c523-9da9-406d-8feb-31e1d2704310,inter/sections,image,QmQjzvrvZjzNGiqQhTGsiHeTpb9FmEcjCVWxVySf5FANC1/2439046679443273982118864381573244666654869210,previews/1d39c523-9da9-406d-8feb-31e1d2704310/1692861045/_unique-previews/26,ipfs://QmevPmETo5YEqkzGQGhZCvKVvGMnFhNjJNzf4VAMv9trk7,previews/1d39c523-9da9-406d-8feb-31e1d2704310/1692861045/_unique-thumbnails/26-large.jpg,ipfs://QmbKRtiJdinnLKgDDDXhQ1mEa8H39UrXq76XZSWSmpcXDv
0xBb12686c360e9057be3CD031140035A705e19ceC,FeralfileExhibitionV4,Truth,2439046679443273982118864381573244666654869211,2439046679443273982118864381573244666654869211,27,1d39c523-9da9-406d-8feb-31e1d2704310,inter/sections,image,QmQjzvrvZjzNGiqQhTGsiHeTpb9FmEcjCVWxVySf5FANC1/2439046679443273982118864381573244666654869211,previews/1d39c523-9da9-406d-8feb-31e1d2704310/1692861045/_unique-previews/27,ipfs://QmZvLUCwBS9vJnGDrrH7GjSruGpoUsCNdp1Ktgj8KD6yeN,previews/1d39c523-9da9-406d-8feb-31e1d2704310/1692861045/_unique-thumbnails/27-large.jpg,ipfs://QmR52MdrHuPxz2vUR7yYo51eeE8GbGGLbd79Gb644XuC7U
0xBb12686c360e9057be3CD031140035A705e19ceC,FeralfileExhibitionV4,Truth,2439046679443273982118864381573244666654869212,2439046679443273982118864381573244666654869212,28,1d39c523-9da9-406d-8feb-31e1d2704310,inter/sections,image,QmQjzvrvZjzNGiqQhTGsiHeTpb9FmEcjCVWxVySf5FANC1/2439046679443273982118864381573244666654869212,previews/1d39c523-9da9-406d-8feb-31e1d2704310/1692861045/_unique-previews/28,ipfs://QmSipSWmARNgYUVySAENG1ZnsEGtUZTt8XtQJinfKCzvz7,previews/1d39c523-9da9-406d-8feb-31e1d2704310/1692861045/_unique-thumbnails/28-large.jpg,ipfs://QmT2iS5eB9vYuU94Gj4mRwsLTW8XDbyfTxH1ba9Xr1bYWf
0xBb12686c360e9057be3CD031140035A705e19ceC,FeralfileExhibitionV4,Truth,2439046679443273982118864381573244666654869213,2439046679443273982118864381573244666654869213,29,1d39c523-9da9-406d-8feb-31e1d2704310,inter/sections,image,QmQjzvrvZjzNGiqQhTGsiHeTpb9FmEcjCVWxVySf5FANC1/2439046679443273982118864381573244666654869213,previews/1d39c523-9da9-406d-8feb-31e1d2704310/1692861045/_unique-previews/29,ipfs://QmaJsko7YcNw1xwyvJfWAa6uUYWeVjKrKhGocWyuxUyZdk,previews/1d39c523-9da9-406d-8feb-31e1d2704310/1692861045/_unique-thumbnails/29-large.jpg,ipfs://QmemtsHivGTTwQQgRzWUX2sFNj9hcz7JGZaxuvAMymqLCi
0xBb12686c360e9057be3CD031140035A705e19ceC,FeralfileExhibitionV4,Truth,2439046679443273982118864381573244666654869214,2439046679443273982118864381573244666654869214,30,1d39c523-9da9-406d-8feb-31e1d2704310,inter/sections,image,QmQjzvrvZjzNGiqQhTGsiHeTpb9FmEcjCVWxVySf5FANC1/2439046679443273982118864381573244666654869214,previews/1d39c523-9da9-406d-8feb-31e1d2704310/1692861045/_unique-previews/30,ipfs://Qmasmqj9VVFqpdxxWuDFazRFvmcsdWMN6cJ2phTndmUTNp,previews/1d39c523-9da9-406d-8feb-31e1d2704310/1692861045/_unique-thumbnails/30-large.jpg,ipfs://QmXZsUxdBCeVgiezGodkLq8wtpVchZUCcoAJsdjobSdmZg
0xBb12686c360e9057be3CD031140035A705e19ceC,FeralfileExhibitionV4,Truth,2439046679443273982118864381573244666654869215,2439046679443273982118864381573244666654869215,31,1d39c523-9da9-406d-8feb-31e1d2704310,inter/sections,image,QmQjzvrvZjzNGiqQhTGsiHeTpb9FmEcjCVWxVySf5FANC1/2439046679443273982118864381573244666654869215,previews/1d39c523-9da9-406d-8feb-31e1d2704310/1692861045/_unique-previews/31,ipfs://QmdEDygfN9uk9EM1XfkJfd9PTeW9ay3nyEPdBipcX3vWS8,previews/1d39c523-9da9-406d-8feb-31e1d2704310/1692861045/_unique-thumbnails/31-large.jpg,ipfs://QmUBKQaXtfcypGYREVrvszCow89j72XB12TfMhzNuCwA75
0xBb12686c360e9057be3CD031140035A705e19ceC,FeralfileExhibitionV4,Truth,2439046679443273982118864381573244666654869216,2439046679443273982118864381573244666654869216,32,1d39c523-9da9-406d-8feb-31e1d2704310,inter/sections,image,QmQjzvrvZjzNGiqQhTGsiHeTpb9FmEcjCVWxVySf5FANC1/2439046679443273982118864381573244666654869216,previews/1d39c523-9da9-406d-8feb-31e1d2704310/1692861045/_unique-previews/32,ipfs://QmQRQJZe5QopzanptsCaCPY1G7JAHnCw2Jniz3vgQHNQHV,previews/1d39c523-9da9-406d-8feb-31e1d2704310/1692861045/_unique-thumbnails/32-large.jpg,ipfs://QmYi5PxoeeRXPFnPqe94VcNpTRk9aVW7U8XfJSaRKUJjoy
0xBb12686c360e9057be3CD031140035A705e19ceC,FeralfileExhibitionV4,Truth,2439046679443273982118864381573244666654869217,2439046679443273982118864381573244666654869217,33,1d39c523-9da9-406d-8feb-31e1d2704310,inter/sections,image,QmQjzvrvZjzNGiqQhTGsiHeTpb9FmEcjCVWxVySf5FANC1/2439046679443273982118864381573244666654869217,previews/1d39c523-9da9-406d-8feb-31e1d2704310/1692861045/_unique-previews/33,ipfs://QmZc9pLoSMjbUofuB7KJdiN4nNt6tHrsUi9vvdqkffPvHt,previews/1d39c523-9da9-406d-8feb-31e1d2704310/1692861045/_unique-thumbnails/33-large.jpg,ipfs://QmcBTVKjhwh2LFpnLqCd52HUSj7tB8Ca1q8hgoFZ6377h7
0xBb12686c360e9057be3CD031140035A705e19ceC,FeralfileExhibitionV4,Truth,2439046679443273982118864381573244666654869218,2439046679443273982118864381573244666654869218,34,1d39c523-9da9-406d-8feb-31e1d2704310,inter/sections,image,QmQjzvrvZjzNGiqQhTGsiHeTpb9FmEcjCVWxVySf5FANC1/2439046679443273982118864381573244666654869218,previews/1d39c523-9da9-406d-8feb-31e1d2704310/1692861045/_unique-previews/34,ipfs://QmS7Qz8HV78HJJnDPbAzZinjBcnqCefLcbPSBJx7EVeaSK,previews/1d39c523-9da9-406d-8feb-31e1d2704310/1692861045/_unique-thumbnails/34-large.jpg,ipfs://QmXjUZhVxEmKjQdKsu2LGAncUB4QnyZGHt8TntFK1kE4VR
0xBb12686c360e9057be3CD031140035A705e19ceC,FeralfileExhibitionV4,Truth,2439046679443273982118864381573244666654869219,2439046679443273982118864381573244666654869219,35,1d39c523-9da9-406d-8feb-31e1d2704310,inter/sections,image,QmQjzvrvZjzNGiqQhTGsiHeTpb9FmEcjCVWxVySf5FANC1/2439046679443273982118864381573244666654869219,previews/1d39c523-9da9-406d-8feb-31e1d2704310/1692861045/_unique-previews/35,ipfs://QmXMqHMNdv7GUQoSnpaSnqvxRvsBrPfuQr995T8FAjbtT3,previews/1d39c523-9da9-406d-8feb-31e1d2704310/1692861045/_unique-thumbnails/35-large.jpg,ipfs://QmbUvtSGuqGtuXPvGkAoM7Zo1Q2nfaVRhgpRgcEKuPP8uQ
0xBb12686c360e9057be3CD031140035A705e19ceC,FeralfileExhibitionV4,Truth,2439046679443273982118864381573244666654869220,2439046679443273982118864381573244666654869220,36,1d39c523-9da9-406d-8feb-31e1d2704310,inter/sections,image,QmQjzvrvZjzNGiqQhTGsiHeTpb9FmEcjCVWxVySf5FANC1/2439046679443273982118864381573244666654869220,previews/1d39c523-9da9-406d-8feb-31e1d2704310/1692861045/_unique-previews/36,ipfs://QmSPf5wHkUNZzgVrrfXj7gWisPj4M67cJjyVSqozC7HsGB,previews/1d39c523-9da9-406d-8feb-31e1d2704310/1692861045/_unique-thumbnails/36-large.jpg,ipfs://QmZra24LVqd9e2EohP6FthmXc2LxiN1dMLSMLKF5srHFwE
0xBb12686c360e9057be3CD031140035A705e19ceC,FeralfileExhibitionV4,Truth,2439046679443273982118864381573244666654869221,2439046679443273982118864381573244666654869221,37,1d39c523-9da9-406d-8feb-31e1d2704310,inter/sections,image,QmQjzvrvZjzNGiqQhTGsiHeTpb9FmEcjCVWxVySf5FANC1/2439046679443273982118864381573244666654869221,previews/1d39c523-9da9-406d-8feb-31e1d2704310/1692861045/_unique-previews/37,ipfs://QmYW6Z387ZaPR7eTR35KGynBzMav41otEV1NrNiJBFHvAN,previews/1d39c523-9da9-406d-8feb-31e1d2704310/1692861045/_unique-thumbnails/37-large.jpg,ipfs://QmTLEA5C6f1oeq2uECiDfgHnjqwTeJBm3YmZJSftT7rEJ2
0xBb12686c360e9057be3CD031140035A705e19ceC,FeralfileExhibitionV4,Truth,2439046679443273982118864381573244666654869222,2439046679443273982118864381573244666654869222,38,1d39c523-9da9-406d-8feb-31e1d2704310,inter/sections,image,QmQjzvrvZjzNGiqQhTGsiHeTpb9FmEcjCVWxVySf5FANC1/2439046679443273982118864381573244666654869222,previews/1d39c523-9da9-406d-8feb-31e1d2704310/1692861045/_unique-previews/38,ipfs://QmT7q8wUWTcV2BMF77GAWD35UasbvWn5dem8jbGqi3cvmc,previews/1d39c523-9da9-406d-8feb-31e1d2704310/1692861045/_unique-thumbnails/38-large.jpg,ipfs://QmYAPawMS9cMgixrSZKV6mo5fBcW5Xxh8Sz46b2AXk7G5w
0xBb12686c360e9057be3CD031140035A705e19ceC,FeralfileExhibitionV4,Truth,2439046679443273982118864381573244666654869223,2439046679443273982118864381573244666654869223,39,1d39c523-9da9-406d-8feb-31e1d2704310,inter/sections,image,QmQjzvrvZjzNGiqQhTGsiHeTpb9FmEcjCVWxVySf5FANC1/2439046679443273982118864381573244666654869223,previews/1d39c523-9da9-406d-8feb-31e1d2704310/1692861045/_unique-previews/39,ipfs://Qmd6sZg12C4b5nwp3TScf2G8Q3eJF6aw9cLhXnyqQBtcWc,previews/1d39c523-9da9-406d-8feb-31e1d2704310/1692861045/_unique-thumbnails/39-large.jpg,ipfs://QmYcnxaeqQsQkX7m7YPJkfwjQSXTc35SmauZ4SF9BoGwkK
0xBb12686c360e9057be3CD031140035A705e19ceC,FeralfileExhibitionV4,Truth,2439046679443273982118864381573244666654869224,2439046679443273982118864381573244666654869224,40,1d39c523-9da9-406d-8feb-31e1d2704310,inter/sections,image,QmQjzvrvZjzNGiqQhTGsiHeTpb9FmEcjCVWxVySf5FANC1/2439046679443273982118864381573244666654869224,previews/1d39c523-9da9-406d-8feb-31e1d2704310/1692861045/_unique-previews/40,ipfs://QmbYJoLi1Ah7e47Vj1HXCUjbs3pMbfn5cmMSS1jqJh263k,previews/1d39c523-9da9-406d-8feb-31e1d2704310/1692861045/_unique-thumbnails/40-large.jpg,ipfs://QmYbyWZr3ovA892G72N3dweZQ5xAEa8XaRanYNwgGxpCfy
0xBb12686c360e9057be3CD031140035A705e19ceC,FeralfileExhibitionV4,Truth,2439046679443273982118864381573244666654869225,2439046679443273982118864381573244666654869225,41,1d39c523-9da9-406d-8feb-31e1d2704310,inter/sections,image,QmQjzvrvZjzNGiqQhTGsiHeTpb9FmEcjCVWxVySf5FANC1/2439046679443273982118864381573244666654869225,previews/1d39c523-9da9-406d-8feb-31e1d2704310/1692861045/_unique-previews/41,ipfs://QmUoeUtcKSahq4UqrkSEyv3XA6ErZXkMFftQP776dPrwqi,previews/1d39c523-9da9-406d-8feb-31e1d2704310/1692861045/_unique-thumbnails/41-large.jpg,ipfs://QmNmx1hzWx7cUv9VwViV8duxTaycBPQV3BCZfAu9YHsYzk
0xBb12686c360e9057be3CD031140035A705e19ceC,FeralfileExhibitionV4,Truth,2439046679443273982118864381573244666654869226,2439046679443273982118864381573244666654869226,42,1d39c523-9da9-406d-8feb-31e1d2704310,inter/sections,image,QmQjzvrvZjzNGiqQhTGsiHeTpb9FmEcjCVWxVySf5FANC1/2439046679443273982118864381573244666654869226,previews/1d39c523-9da9-406d-8feb-31e1d2704310/1692861045/_unique-previews/42,ipfs://QmRJ2kXijkFPGDUE9suSkWU3DdmPESJfcfwHDrjS1jwg3x,previews/1d39c523-9da9-406d-8feb-31e1d2704310/1692861045/_unique-thumbnails/42-large.jpg,ipfs://QmXmAHDLB1VsN7vqxW7HKWz5vFCYrneNPH7GiPnbSc442P
0xBb12686c360e9057be3CD031140035A705e19ceC,FeralfileExhibitionV4,Truth,2439046679443273982118864381573244666654869227,2439046679443273982118864381573244666654869227,43,1d39c523-9da9-406d-8feb-31e1d2704310,inter/sections,image,QmQjzvrvZjzNGiqQhTGsiHeTpb9FmEcjCVWxVySf5FANC1/2439046679443273982118864381573244666654869227,previews/1d39c523-9da9-406d-8feb-31e1d2704310/1692861045/_unique-previews/43,ipfs://QmT5e7Ka3txY5pf2dnYXoMsgMTgsoEsBh9qbGTp7CVuTC2,previews/1d39c523-9da9-406d-8feb-31e1d2704310/1692861045/_unique-thumbnails/43-large.jpg,ipfs://QmZ1K9n9g2GV9rbMw7yg6r8HRtHkHfVtMkk2qhczk8ZYbh
0xBb12686c360e9057be3CD031140035A705e19ceC,FeralfileExhibitionV4,Truth,2439046679443273982118864381573244666654869228,2439046679443273982118864381573244666654869228,44,1d39c523-9da9-406d-8feb-31e1d2704310,inter/sections,image,QmQjzvrvZjzNGiqQhTGsiHeTpb9FmEcjCVWxVySf5FANC1/2439046679443273982118864381573244666654869228,previews/1d39c523-9da9-406d-8feb-31e1d2704310/1692861045/_unique-previews/44,ipfs://QmfJJ3MHtpstFQoFnevuvu1yAo3ZP3z1WmU3GtHLqCt7VJ,previews/1d39c523-9da9-406d-8feb-31e1d2704310/1692861045/_unique-thumbnails/44-large.jpg,ipfs://QmNXzThEGZkpzfLXX59VzebkEgYLGZEmLFMGBP3KYAGNw6
0xBb12686c360e9057be3CD031140035A705e19ceC,FeralfileExhibitionV4,Truth,2439046679443273982118864381573244666654869229,2439046679443273982118864381573244666654869229,45,1d39c523-9da9-406d-8feb-31e1d2704310,inter/sections,image,QmQjzvrvZjzNGiqQhTGsiHeTpb9FmEcjCVWxVySf5FANC1/2439046679443273982118864381573244666654869229,previews/1d39c523-9da9-406d-8feb-31e1d2704310/1692861045/_unique-previews/45,ipfs://QmSJxTXEV1Eia5bitrns5DpqwJWQdAVt9iLax5MriZseqS,previews/1d39c523-9da9-406d-8feb-31e1d2704310/1692861045/_unique-thumbnails/45-large.jpg,ipfs://QmaNp3FpFqGEJZFphGcnBJdF1e14oUf4ToiyrdTKpfwQbb
0xBb12686c360e9057be3CD031140035A705e19ceC,FeralfileExhibitionV4,Truth,2439046679443273982118864381573244666654869230,2439046679443273982118864381573244666654869230,46,1d39c523-9da9-406d-8feb-31e1d2704310,inter/sections,image,QmQjzvrvZjzNGiqQhTGsiHeTpb9FmEcjCVWxVySf5FANC1/2439046679443273982118864381573244666654869230,previews/1d39c523-9da9-406d-8feb-31e1d2704310/1692861045/_unique-previews/46,ipfs://QmPq3ZjfmqR2zHYm6f1v5YC69bVPDhQNZx5sAFx5vrZM6X,previews/1d39c523-9da9-406d-8feb-31e1d2704310/1692861045/_unique-thumbnails/46-large.jpg,ipfs://QmRWHy6Uzjt6yejJt1U2PgctWT2vosJMybgKSqbdkxkovZ
0xBb12686c360e9057be3CD031140035A705e19ceC,FeralfileExhibitionV4,Truth,2439046679443273982118864381573244666654869231,2439046679443273982118864381573244666654869231,47,1d39c523-9da9-406d-8feb-31e1d2704310,inter/sections,image,QmQjzvrvZjzNGiqQhTGsiHeTpb9FmEcjCVWxVySf5FANC1/2439046679443273982118864381573244666654869231,previews/1d39c523-9da9-406d-8feb-31e1d2704310/1692861045/_unique-previews/47,ipfs://QmXB8EeZJj3zTyB6Mz8UyAuHKZSg1JuCg9MtR7kR2R4aRA,previews/1d39c523-9da9-406d-8feb-31e1d2704310/1692861045/_unique-thumbnails/47-large.jpg,ipfs://Qmat1An3REv7eetNeTVQ935mPRQNLM9NNbGTf1Cn9ZN8e9
0xBb12686c360e9057be3CD031140035A705e19ceC,FeralfileExhibitionV4,Truth,2439046679443273982118864381573244666654869232,2439046679443273982118864381573244666654869232,48,1d39c523-9da9-406d-8feb-31e1d2704310,inter/sections,image,QmQjzvrvZjzNGiqQhTGsiHeTpb9FmEcjCVWxVySf5FANC1/2439046679443273982118864381573244666654869232,previews/1d39c523-9da9-406d-8feb-31e1d2704310/1692861045/_unique-previews/48,ipfs://QmRbo11F5v41GuzTd3keQG9ESGoG5cFjqoSdMnnxTE7TgW,previews/1d39c523-9da9-406d-8feb-31e1d2704310/1692861045/_unique-thumbnails/48-large.jpg,ipfs://QmcjvxtZ6dSGRfvD73hcjBhasU5QgWFSDYm6d7AwUoTqfF
0xBb12686c360e9057be3CD031140035A705e19ceC,FeralfileExhibitionV4,Truth,2439046679443273982118864381573244666654869233,2439046679443273982118864381573244666654869233,49,1d39c523-9da9-406d-8feb-31e1d2704310,inter/sections,image,QmQjzvrvZjzNGiqQhTGsiHeTpb9FmEcjCVWxVySf5FANC1/2439046679443273982118864381573244666654869233,previews/1d39c523-9da9-406d-8feb-31e1d2704310/1692861045/_unique-previews/49,ipfs://QmVRQw11FUp8t4YZRz5z1Nx1atzRMgqCzbSKkPHx5z8ZbX,previews/1d39c523-9da9-406d-8feb-31e1d2704310/1692861045/_unique-thumbnails/49-large.jpg,ipfs://QmY1FJHua6eUppV2Ge27k5nLSD3YXTyQvr6umXcUSNbHri
0xBb12686c360e9057be3CD031140035A705e19ceC,FeralfileExhibitionV4,Truth,2439046679443273982118864381573244666654869234,2439046679443273982118864381573244666654869234,50,1d39c523-9da9-406d-8feb-31e1d2704310,inter/sections,image,QmQjzvrvZjzNGiqQhTGsiHeTpb9FmEcjCVWxVySf5FANC1/2439046679443273982118864381573244666654869234,previews/1d39c523-9da9-406d-8feb-31e1d2704310/1692861045/_unique-previews/50,ipfs://QmYQeGgxhbWDFhyajtiW3WyUgA4kBoSxZ9RzV9nQjrsKvF,previews/1d39c523-9da9-406d-8feb-31e1d2704310/1692861045/_unique-thumbnails/50-large.jpg,ipfs://Qmb8CtUiwZHVYEqF5UL2S8fCwawfciPATWQZnr2miXAoQe
0xBb12686c360e9057be3CD031140035A705e19ceC,FeralfileExhibitionV4,Truth,2439046679443273982118864381573244666654869235,2439046679443273982118864381573244666654869235,51,1d39c523-9da9-406d-8feb-31e1d2704310,inter/sections,image,QmQjzvrvZjzNGiqQhTGsiHeTpb9FmEcjCVWxVySf5FANC1/2439046679443273982118864381573244666654869235,previews/1d39c523-9da9-406d-8feb-31e1d2704310/1692861045/_unique-previews/51,ipfs://Qmf5bNF8YDCqa3SmkfzahjUbziPPLp9hXJYb2PB9Tu2gUP,previews/1d39c523-9da9-406d-8feb-31e1d2704310/1692861045/_unique-thumbnails/51-large.jpg,ipfs://QmeqVCNpPfgWLLnDtBGPtAwjsoTdPUaMeQRky7FB7gRxcV
0xBb12686c360e9057be3CD031140035A705e19ceC,FeralfileExhibitionV4,Truth,2439046679443273982118864381573244666654869236,2439046679443273982118864381573244666654869236,52,1d39c523-9da9-406d-8feb-31e1d2704310,inter/sections,image,QmQjzvrvZjzNGiqQhTGsiHeTpb9FmEcjCVWxVySf5FANC1/2439046679443273982118864381573244666654869236,previews/1d39c523-9da9-406d-8feb-31e1d2704310/1692861045/_unique-previews/52,ipfs://QmbwDbgsDcsW71rWUtUu2EqyhpDKe2iV6C5d8sfjwnfvyA,previews/1d39c523-9da9-406d-8feb-31e1d2704310/1692861045/_unique-thumbnails/52-large.jpg,ipfs://QmbSf2pK6YbF3fjEZK7mZWcMj7fA5wswk5sfeo83LaHbSc
0xBb12686c360e9057be3CD031140035A705e19ceC,FeralfileExhibitionV4,Truth,2439046679443273982118864381573244666654869237,2439046679443273982118864381573244666654869237,53,1d39c523-9da9-406d-8feb-31e1d2704310,inter/sections,image,QmQjzvrvZjzNGiqQhTGsiHeTpb9FmEcjCVWxVySf5FANC1/2439046679443273982118864381573244666654869237,previews/1d39c523-9da9-406d-8feb-31e1d2704310/1692861045/_unique-previews/53,ipfs://QmPqAsE2h1WNNbUGeWiNcY1detTruQdNTeXKbfWNwyZ7Sp,previews/1d39c523-9da9-406d-8feb-31e1d2704310/1692861045/_unique-thumbnails/53-large.jpg,ipfs://QmYwk3qTvFKLQnMrw7fEPVXVzAMska8SYsDzhRuoyFVZQL
0xBb12686c360e9057be3CD031140035A705e19ceC,FeralfileExhibitionV4,Truth,2439046679443273982118864381573244666654869238,2439046679443273982118864381573244666654869238,54,1d39c523-9da9-406d-8feb-31e1d2704310,inter/sections,image,QmQjzvrvZjzNGiqQhTGsiHeTpb9FmEcjCVWxVySf5FANC1/2439046679443273982118864381573244666654869238,previews/1d39c523-9da9-406d-8feb-31e1d2704310/1692861045/_unique-previews/54,ipfs://QmRxnziXXj9M4nR3qEApQQzDM9KQu3GmvcPaxQbF9HSEFc,previews/1d39c523-9da9-406d-8feb-31e1d2704310/1692861045/_unique-thumbnails/54-large.jpg,ipfs://QmZpet2eR7veQ3AvA8yUGFF45UC1qQgvNpaU1VhLQQRiEf
0xBb12686c360e9057be3CD031140035A705e19ceC,FeralfileExhibitionV4,Truth,2439046679443273982118864381573244666654869239,2439046679443273982118864381573244666654869239,55,1d39c523-9da9-406d-8feb-31e1d2704310,inter/sections,image,QmQjzvrvZjzNGiqQhTGsiHeTpb9FmEcjCVWxVySf5FANC1/2439046679443273982118864381573244666654869239,previews/1d39c523-9da9-406d-8feb-31e1d2704310/1692861045/_unique-previews/55,ipfs://QmR9XMN3U1myGLwYgouSFxTVYkt232xNXP1Q2M66dJDY3x,previews/1d39c523-9da9-406d-8feb-31e1d2704310/1692861045/_unique-thumbnails/55-large.jpg,ipfs://QmeWGMWtQVySSpTNiU4nYaCYVkJHFXQNayLALyYCsfVBQH
0xBb12686c360e9057be3CD031140035A705e19ceC,FeralfileExhibitionV4,Truth,2439046679443273982118864381573244666654869240,2439046679443273982118864381573244666654869240,56,1d39c523-9da9-406d-8feb-31e1d2704310,inter/sections,image,QmQjzvrvZjzNGiqQhTGsiHeTpb9FmEcjCVWxVySf5FANC1/2439046679443273982118864381573244666654869240,previews/1d39c523-9da9-406d-8feb-31e1d2704310/1692861045/_unique-previews/56,ipfs://QmU4GhL6b2adqmiuYenqNAemTxRX7AErM89HcUzaQBSpSZ,previews/1d39c523-9da9-406d-8feb-31e1d2704310/1692861045/_unique-thumbnails/56-large.jpg,ipfs://QmPGL8EBFZntR4DWFEjXbumuoaEGZ3gzxWYC6vdHtZkD3i
0xBb12686c360e9057be3CD031140035A705e19ceC,FeralfileExhibitionV4,Truth,2439046679443273982118864381573244666654869241,2439046679443273982118864381573244666654869241,57,1d39c523-9da9-406d-8feb-31e1d2704310,inter/sections,image,QmQjzvrvZjzNGiqQhTGsiHeTpb9FmEcjCVWxVySf5FANC1/2439046679443273982118864381573244666654869241,previews/1d39c523-9da9-406d-8feb-31e1d2704310/1692861045/_unique-previews/57,ipfs://QmPWUSu6rZSindvieiPFEn1dLANVqpBkFiHH22kFK1NwRF,previews/1d39c523-9da9-406d-8feb-31e1d2704310/1692861045/_unique-thumbnails/57-large.jpg,ipfs://QmSTEX36toEkhDwiQcDKxzTwyVHBzwDPoFe95mko9fCBfL
0xBb12686c360e9057be3CD031140035A705e19ceC,FeralfileExhibitionV4,Truth,2439046679443273982118864381573244666654869242,2439046679443273982118864381573244666654869242,58,1d39c523-9da9-406d-8feb-31e1d2704310,inter/sections,image,QmQjzvrvZjzNGiqQhTGsiHeTpb9FmEcjCVWxVySf5FANC1/2439046679443273982118864381573244666654869242,previews/1d39c523-9da9-406d-8feb-31e1d2704310/1692861045/_unique-previews/58,ipfs://QmT6ZRRXYjXvmwydtVzv3S7HuSaZoHFy7mGGJHHRxHfrCt,previews/1d39c523-9da9-406d-8feb-31e1d2704310/1692861045/_unique-thumbnails/58-large.jpg,ipfs://QmTEY1JAwJQPbVbhKQis7kduqdmWNgbQtK9wrs9HukwBtX
0xBb12686c360e9057be3CD031140035A705e19ceC,FeralfileExhibitionV4,Truth,2439046679443273982118864381573244666654869243,2439046679443273982118864381573244666654869243,59,1d39c523-9da9-406d-8feb-31e1d2704310,inter/sections,image,QmQjzvrvZjzNGiqQhTGsiHeTpb9FmEcjCVWxVySf5FANC1/2439046679443273982118864381573244666654869243,previews/1d39c523-9da9-406d-8feb-31e1d2704310/1692861045/_unique-previews/59,ipfs://QmTW95xhYfWrkAmtCiSW6DbsuKcLMxXUFbNH9sbMx4nnmX,previews/1d39c523-9da9-406d-8feb-31e1d2704310/1692861045/_unique-thumbnails/59-large.jpg,ipfs://QmWgWA441GqfiNvyC9Fi1PTNcpusgFwz1ZTj3SVAPvXSkN
0xBb12686c360e9057be3CD031140035A705e19ceC,FeralfileExhibitionV4,Truth,2439046679443273982118864381573244666654869244,2439046679443273982118864381573244666654869244,60,1d39c523-9da9-406d-8feb-31e1d2704310,inter/sections,image,QmQjzvrvZjzNGiqQhTGsiHeTpb9FmEcjCVWxVySf5FANC1/2439046679443273982118864381573244666654869244,previews/1d39c523-9da9-406d-8feb-31e1d2704310/1692861045/_unique-previews/60,ipfs://QmYKgpG74G9eiNRfwGdSR8aUpHaq4eZo67cRNnq67TnaJi,previews/1d39c523-9da9-406d-8feb-31e1d2704310/1692861045/_unique-thumbnails/60-large.jpg,ipfs://QmTTQJCvbTisSgSKaDCPZykiZB3X9QtNUfzzYbQKNQdijV
0xBb12686c360e9057be3CD031140035A705e19ceC,FeralfileExhibitionV4,Truth,2439046679443273982118864381573244666654869245,2439046679443273982118864381573244666654869245,61,1d39c523-9da9-406d-8feb-31e1d2704310,inter/sections,image,QmQjzvrvZjzNGiqQhTGsiHeTpb9FmEcjCVWxVySf5FANC1/2439046679443273982118864381573244666654869245,previews/1d39c523-9da9-406d-8feb-31e1d2704310/1692861045/_unique-previews/61,ipfs://QmW6xPSaFtUMndPYmsNyjWXshUpzawW5vtqF8EPHV5jtKh,previews/1d39c523-9da9-406d-8feb-31e1d2704310/1692861045/_unique-thumbnails/61-large.jpg,ipfs://QmYjmcaLPTQP49GtX87qKn5QJpBbKk1CHxt6Udrw6Kf5qx
0xBb12686c360e9057be3CD031140035A705e19ceC,FeralfileExhibitionV4,Truth,2439046679443273982118864381573244666654869246,2439046679443273982118864381573244666654869246,62,1d39c523-9da9-406d-8feb-31e1d2704310,inter/sections,image,QmQjzvrvZjzNGiqQhTGsiHeTpb9FmEcjCVWxVySf5FANC1/2439046679443273982118864381573244666654869246,previews/1d39c523-9da9-406d-8feb-31e1d2704310/1692861045/_unique-previews/62,ipfs://QmXMcjPSru1MFEUiYE1JJaGTuXGnAFzE4fLR3HtNgpfpJd,previews/1d39c523-9da9-406d-8feb-31e1d2704310/1692861045/_unique-thumbnails/62-large.jpg,ipfs://QmcmnB5MrymkBBx43cMwmwGs79Z2EPrewcV9wnVMmscCQu
0xBb12686c360e9057be3CD031140035A705e19ceC,FeralfileExhibitionV4,Truth,2439046679443273982118864381573244666654869247,2439046679443273982118864381573244666654869247,63,1d39c523-9da9-406d-8feb-31e1d2704310,inter/sections,image,QmQjzvrvZjzNGiqQhTGsiHeTpb9FmEcjCVWxVySf5FANC1/2439046679443273982118864381573244666654869247,previews/1d39c523-9da9-406d-8feb-31e1d2704310/1692861045/_unique-previews/63,ipfs://QmRZBn5usf5PUcpP6Wj8TGKdjYgFkZNu9vnnzaYTG62J6W,previews/1d39c523-9da9-406d-8feb-31e1d2704310/1692861045/_unique-thumbnails/63-large.jpg,ipfs://QmYU3wDbR55yZbaYzr8yDSDpprthm26iT63fonWG1N2jFx
0xBb12686c360e9057be3CD031140035A705e19ceC,FeralfileExhibitionV4,Truth,2439046679443273982118864381573244666654869248,2439046679443273982118864381573244666654869248,64,1d39c523-9da9-406d-8feb-31e1d2704310,inter/sections,image,QmQjzvrvZjzNGiqQhTGsiHeTpb9FmEcjCVWxVySf5FANC1/2439046679443273982118864381573244666654869248,previews/1d39c523-9da9-406d-8feb-31e1d2704310/1692861045/_unique-previews/64,ipfs://QmXPSvfL1YvLGarkmQsF1QXFvPQ2ypFdCSmSv5dh5xrmzR,previews/1d39c523-9da9-406d-8feb-31e1d2704310/1692861045/_unique-thumbnails/64-large.jpg,ipfs://QmNQx72Q5ned9b3f4NmS32Pfqiykp4yCD21wQ9AMZ3GV3F
0xBb12686c360e9057be3CD031140035A705e19ceC,FeralfileExhibitionV4,Truth,2439046679443273982118864381573244666654869249,2439046679443273982118864381573244666654869249,65,1d39c523-9da9-406d-8feb-31e1d2704310,inter/sections,image,QmQjzvrvZjzNGiqQhTGsiHeTpb9FmEcjCVWxVySf5FANC1/2439046679443273982118864381573244666654869249,previews/1d39c523-9da9-406d-8feb-31e1d2704310/1692861045/_unique-previews/65,ipfs://QmRdmHpQtcZySJxEw3w7k3DyvDKvcGwMygfgT29mtqHQNb,previews/1d39c523-9da9-406d-8feb-31e1d2704310/1692861045/_unique-thumbnails/65-large.jpg,ipfs://QmZ7u1PbYACgVs81T3YnLqGKTCBDYoPTz66N6Lpmnu3Pgf
0xBb12686c360e9057be3CD031140035A705e19ceC,FeralfileExhibitionV4,Truth,2439046679443273982118864381573244666654869250,2439046679443273982118864381573244666654869250,66,1d39c523-9da9-406d-8feb-31e1d2704310,inter/sections,image,QmQjzvrvZjzNGiqQhTGsiHeTpb9FmEcjCVWxVySf5FANC1/2439046679443273982118864381573244666654869250,previews/1d39c523-9da9-406d-8feb-31e1d2704310/1692861045/_unique-previews/66,ipfs://QmRjAsUvfT2ZHm5r7rbmTsKtv6ndF2QzXVqcdcMqwMycw5,previews/1d39c523-9da9-406d-8feb-31e1d2704310/1692861045/_unique-thumbnails/66-large.jpg,ipfs://QmNzv3WmYMm6ARqnhMjmkfX97et9DfvptFoksHsnGwxNVQ
0xBb12686c360e9057be3CD031140035A705e19ceC,FeralfileExhibitionV4,Truth,2439046679443273982118864381573244666654869251,2439046679443273982118864381573244666654869251,67,1d39c523-9da9-406d-8feb-31e1d2704310,inter/sections,image,QmQjzvrvZjzNGiqQhTGsiHeTpb9FmEcjCVWxVySf5FANC1/2439046679443273982118864381573244666654869251,previews/1d39c523-9da9-406d-8feb-31e1d2704310/1692861045/_unique-previews/67,ipfs://QmRc92A59X2XNGUiQ8Nftmn97VHaZpT7ub1Gw8WtiArFGD,previews/1d39c523-9da9-406d-8feb-31e1d2704310/1692861045/_unique-thumbnails/67-large.jpg,ipfs://Qmf45gdiuwp7boikVYkuGiG7tZgSZsNKC794FjA16WMfQT
0xBb12686c360e9057be3CD031140035A705e19ceC,FeralfileExhibitionV4,Truth,2439046679443273982118864381573244666654869252,2439046679443273982118864381573244666654869252,68,1d39c523-9da9-406d-8feb-31e1d2704310,inter/sections,image,QmQjzvrvZjzNGiqQhTGsiHeTpb9FmEcjCVWxVySf5FANC1/2439046679443273982118864381573244666654869252,previews/1d39c523-9da9-406d-8feb-31e1d2704310/1692861045/_unique-previews/68,ipfs://QmYWrqVvmK3qYy4yHS2nLo86otnbMt8rGzqEZFcmpDPQt6,previews/1d39c523-9da9-406d-8feb-31e1d2704310/1692861045/_unique-thumbnails/68-large.jpg,ipfs://QmdKHTYeyLppWwBKTnmhVL1bgP5isYJ7naNh3wRd4T6ywz
0xBb12686c360e9057be3CD031140035A705e19ceC,FeralfileExhibitionV4,Truth,2439046679443273982118864381573244666654869253,2439046679443273982118864381573244666654869253,69,1d39c523-9da9-406d-8feb-31e1d2704310,inter/sections,image,QmQjzvrvZjzNGiqQhTGsiHeTpb9FmEcjCVWxVySf5FANC1/2439046679443273982118864381573244666654869253,previews/1d39c523-9da9-406d-8feb-31e1d2704310/1692861045/_unique-previews/69,ipfs://QmYyH9uRrKFwdEv2gqS2QdAA19KuGSzDgmkMkwTuWxcXQx,previews/1d39c523-9da9-406d-8feb-31e1d2704310/1692861045/_unique-thumbnails/69-large.jpg,ipfs://QmWzKRHNf9zCrNkAMADAqNQKcLJ8DmSEgtPBXzXXbhUSWa
0xBb12686c360e9057be3CD031140035A705e19ceC,FeralfileExhibitionV4,Truth,2439046679443273982118864381573244666654869254,2439046679443273982118864381573244666654869254,70,1d39c523-9da9-406d-8feb-31e1d2704310,inter/sections,image,QmQjzvrvZjzNGiqQhTGsiHeTpb9FmEcjCVWxVySf5FANC1/2439046679443273982118864381573244666654869254,previews/1d39c523-9da9-406d-8feb-31e1d2704310/1692861045/_unique-previews/70,ipfs://QmSJWsJjgbjSXKTaZamZcPpueag9EFKoqobZVDvsRB99u8,previews/1d39c523-9da9-406d-8feb-31e1d2704310/1692861045/_unique-thumbnails/70-large.jpg,ipfs://QmVAKDjWnN1Vcqw7cJ1S7J9asSo46NdJFkZgbJNhCFmgVA
0xBb12686c360e9057be3CD031140035A705e19ceC,FeralfileExhibitionV4,Truth,2439046679443273982118864381573244666654869255,2439046679443273982118864381573244666654869255,71,1d39c523-9da9-406d-8feb-31e1d2704310,inter/sections,image,QmQjzvrvZjzNGiqQhTGsiHeTpb9FmEcjCVWxVySf5FANC1/2439046679443273982118864381573244666654869255,previews/1d39c523-9da9-406d-8feb-31e1d2704310/1692861045/_unique-previews/71,ipfs://QmbwDusPbo9GprJRuNBH5BbENn83And5XiPPtfruYgzaZr,previews/1d39c523-9da9-406d-8feb-31e1d2704310/1692861045/_unique-thumbnails/71-large.jpg,ipfs://QmPpaXx69NZZthAmz8Nbo3jEdfM49wsGirD26LTgP6cUA9
0xBb12686c360e9057be3CD031140035A705e19ceC,FeralfileExhibitionV4,Truth,2439046679443273982118864381573244666654869256,2439046679443273982118864381573244666654869256,72,1d39c523-9da9-406d-8feb-31e1d2704310,inter/sections,image,QmQjzvrvZjzNGiqQhTGsiHeTpb9FmEcjCVWxVySf5FANC1/2439046679443273982118864381573244666654869256,previews/1d39c523-9da9-406d-8feb-31e1d2704310/1692861045/_unique-previews/72,ipfs://QmWhsi1hE25vif9PbTVArgGcVKQArXJjfn9hgsT971gqFm,previews/1d39c523-9da9-406d-8feb-31e1d2704310/1692861045/_unique-thumbnails/72-large.jpg,ipfs://QmX3gNRYDGHfH9UXsXohu41A3yfmpUJbBSJCbqAVjt35iJ
0xBb12686c360e9057be3CD031140035A705e19ceC,FeralfileExhibitionV4,Truth,2439046679443273982118864381573244666654869257,2439046679443273982118864381573244666654869257,73,1d39c523-9da9-406d-8feb-31e1d2704310,inter/sections,image,QmQjzvrvZjzNGiqQhTGsiHeTpb9FmEcjCVWxVySf5FANC1/2439046679443273982118864381573244666654869257,previews/1d39c523-9da9-406d-8feb-31e1d2704310/1692861045/_unique-previews/73,ipfs://QmdLzeDcLmo5k2eBPWkduCcNY6hvwyDexQ3ZZMEheEckMj,previews/1d39c523-9da9-406d-8feb-31e1d2704310/1692861045/_unique-thumbnails/73-large.jpg,ipfs://QmSGqUWwGqLNzpEP1Xy6w8aqKUA8MJ77WmvDPYNkgfwqdn
0xBb12686c360e9057be3CD031140035A705e19ceC,FeralfileExhibitionV4,Truth,2439046679443273982118864381573244666654869258,2439046679443273982118864381573244666654869258,74,1d39c523-9da9-406d-8feb-31e1d2704310,inter/sections,image,QmQjzvrvZjzNGiqQhTGsiHeTpb9FmEcjCVWxVySf5FANC1/2439046679443273982118864381573244666654869258,previews/1d39c523-9da9-406d-8feb-31e1d2704310/1692861045/_unique-previews/74,ipfs://QmV9A1XdRh4SMduucjMyVabGYaz1L5BobudGzh4oP596RH,previews/1d39c523-9da9-406d-8feb-31e1d2704310/1692861045/_unique-thumbnails/74-large.jpg,ipfs://QmZoPcz2CSPDo9kZp8KRaZ5e4p5kYfnmURYFekibShWZLf
0xBb12686c360e9057be3CD031140035A705e19ceC,FeralfileExhibitionV4,Truth,2439046679443273982118864381573244666654869259,2439046679443273982118864381573244666654869259,75,1d39c523-9da9-406d-8feb-31e1d2704310,inter/sections,image,QmQjzvrvZjzNGiqQhTGsiHeTpb9FmEcjCVWxVySf5FANC1/2439046679443273982118864381573244666654869259,previews/1d39c523-9da9-406d-8feb-31e1d2704310/1692861045/_unique-previews/75,ipfs://QmWAUUnoaZiL78L3C9grzLhQAfUHUERwMPQBYXcZXsFvTb,previews/1d39c523-9da9-406d-8feb-31e1d2704310/1692861045/_unique-thumbnails/75-large.jpg,ipfs://QmVBhRXXkJVKvJJPuRTNLNZAKmKH5s9phHawcz7pMLzVdg
0xBb12686c360e9057be3CD031140035A705e19ceC,FeralfileExhibitionV4,Truth,2439046679443273982118864381573244666654869260,2439046679443273982118864381573244666654869260,76,1d39c523-9da9-406d-8feb-31e1d2704310,inter/sections,image,QmQjzvrvZjzNGiqQhTGsiHeTpb9FmEcjCVWxVySf5FANC1/2439046679443273982118864381573244666654869260,previews/1d39c523-9da9-406d-8feb-31e1d2704310/1692861045/_unique-previews/76,ipfs://QmQgCS6hefyTWs2nfufMwLkUmauhTL9ZnFPGvvusBgY3qm,previews/1d39c523-9da9-406d-8feb-31e1d2704310/1692861045/_unique-thumbnails/76-large.jpg,ipfs://QmYPJF61N5cHLbhVGtTAAtnCN3PmqKfNL2t52sYCgznzNx
0xBb12686c360e9057be3CD031140035A705e19ceC,FeralfileExhibitionV4,Truth,2439046679443273982118864381573244666654869261,2439046679443273982118864381573244666654869261,77,1d39c523-9da9-406d-8feb-31e1d2704310,inter/sections,image,QmQjzvrvZjzNGiqQhTGsiHeTpb9FmEcjCVWxVySf5FANC1/2439046679443273982118864381573244666654869261,previews/1d39c523-9da9-406d-8feb-31e1d2704310/1692861045/_unique-previews/77,ipfs://QmWxiaywBJPSTxmCSSGdWoi4syLEzcU6QfYiokfDdgAARd,previews/1d39c523-9da9-406d-8feb-31e1d2704310/1692861045/_unique-thumbnails/77-large.jpg,ipfs://QmaEApckTtXQeguY1RcL3Z5gVJLeWgoHN1ZQzdcuNYn42o
0xBb12686c360e9057be3CD031140035A705e19ceC,FeralfileExhibitionV4,Truth,2439046679443273982118864381573244666654869262,2439046679443273982118864381573244666654869262,78,1d39c523-9da9-406d-8feb-31e1d2704310,inter/sections,image,QmQjzvrvZjzNGiqQhTGsiHeTpb9FmEcjCVWxVySf5FANC1/2439046679443273982118864381573244666654869262,previews/1d39c523-9da9-406d-8feb-31e1d2704310/1692861045/_unique-previews/78,ipfs://QmYnhDe3U6E7DWm2ugc1wmfwmserzWU74sVojnDWVhGThj,previews/1d39c523-9da9-406d-8feb-31e1d2704310/1692861045/_unique-thumbnails/78-large.jpg,ipfs://QmXZLScLmdhZsy7gNfzZTZ4rPdSfsrQsUeMJyRVepRdubR
0xBb12686c360e9057be3CD031140035A705e19ceC,FeralfileExhibitionV4,Truth,2439046679443273982118864381573244666654869263,2439046679443273982118864381573244666654869263,79,1d39c523-9da9-406d-8feb-31e1d2704310,inter/sections,image,QmQjzvrvZjzNGiqQhTGsiHeTpb9FmEcjCVWxVySf5FANC1/2439046679443273982118864381573244666654869263,previews/1d39c523-9da9-406d-8feb-31e1d2704310/1692861045/_unique-previews/79,ipfs://QmWm5qaNTiNnNEoUmTyWnmdzvJ1a1hrQi382YkELmaDvkT,previews/1d39c523-9da9-406d-8feb-31e1d2704310/1692861045/_unique-thumbnails/79-large.jpg,ipfs://QmRHHvWF1m75UUycdNLQdSJ82xfib19pE7wY9rPpoB8ihC
0xBb12686c360e9057be3CD031140035A705e19ceC,FeralfileExhibitionV4,Truth,2439046679443273982118864381573244666654869264,2439046679443273982118864381573244666654869264,80,1d39c523-9da9-406d-8feb-31e1d2704310,inter/sections,image,QmQjzvrvZjzNGiqQhTGsiHeTpb9FmEcjCVWxVySf5FANC1/2439046679443273982118864381573244666654869264,previews/1d39c523-9da9-406d-8feb-31e1d2704310/1692861045/_unique-previews/80,ipfs://QmS7vvTz64BhdcSxYYNMPYMwnekshBoaqV8LEfUHhfyUoa,previews/1d39c523-9da9-406d-8feb-31e1d2704310/1692861045/_unique-thumbnails/80-large.jpg,ipfs://QmXBEFutBm8EUGArqYzDNWDzkJsRmmTxPAE8QDi82QJfkY
0xBb12686c360e9057be3CD031140035A705e19ceC,FeralfileExhibitionV4,Truth,2439046679443273982118864381573244666654869265,2439046679443273982118864381573244666654869265,81,1d39c523-9da9-406d-8feb-31e1d2704310,inter/sections,image,QmQjzvrvZjzNGiqQhTGsiHeTpb9FmEcjCVWxVySf5FANC1/2439046679443273982118864381573244666654869265,previews/1d39c523-9da9-406d-8feb-31e1d2704310/1692861045/_unique-previews/81,ipfs://QmfDe7EWb3Bd1g1JPDWpuEKSSrnk9SQLVZTo6TUL5LwidH,previews/1d39c523-9da9-406d-8feb-31e1d2704310/1692861045/_unique-thumbnails/81-large.jpg,ipfs://QmNwfqFkxVjGPVXrADitqhiDuUmnWZj1fgshtMqiJj5QYF
0xBb12686c360e9057be3CD031140035A705e19ceC,FeralfileExhibitionV4,Truth,2439046679443273982118864381573244666654869266,2439046679443273982118864381573244666654869266,82,1d39c523-9da9-406d-8feb-31e1d2704310,inter/sections,image,QmQjzvrvZjzNGiqQhTGsiHeTpb9FmEcjCVWxVySf5FANC1/2439046679443273982118864381573244666654869266,previews/1d39c523-9da9-406d-8feb-31e1d2704310/1692861045/_unique-previews/82,ipfs://QmXJgJGcBz45tSBPrJtJuBh7StFv7NSSxreV2hE9MZG1UL,previews/1d39c523-9da9-406d-8feb-31e1d2704310/1692861045/_unique-thumbnails/82-large.jpg,ipfs://QmRXqVCUY2W5qhBQHRALoCrocakNnTeTMBHuannqGqScYQ
0xBb12686c360e9057be3CD031140035A705e19ceC,FeralfileExhibitionV4,Truth,2439046679443273982118864381573244666654869267,2439046679443273982118864381573244666654869267,83,1d39c523-9da9-406d-8feb-31e1d2704310,inter/sections,image,QmQjzvrvZjzNGiqQhTGsiHeTpb9FmEcjCVWxVySf5FANC1/2439046679443273982118864381573244666654869267,previews/1d39c523-9da9-406d-8feb-31e1d2704310/1692861045/_unique-previews/83,ipfs://QmXDFP2pcYxB596v3i1VvVcznxx44WVnmGmFTovLvKNc3v,previews/1d39c523-9da9-406d-8feb-31e1d2704310/1692861045/_unique-thumbnails/83-large.jpg,ipfs://QmY3nPEvYtMXW72ZhQZSkLoRzFPrrZAfx5qhNSshZx9qkR
0xBb12686c360e9057be3CD031140035A705e19ceC,FeralfileExhibitionV4,Truth,2439046679443273982118864381573244666654869268,2439046679443273982118864381573244666654869268,84,1d39c523-9da9-406d-8feb-31e1d2704310,inter/sections,image,QmQjzvrvZjzNGiqQhTGsiHeTpb9FmEcjCVWxVySf5FANC1/2439046679443273982118864381573244666654869268,previews/1d39c523-9da9-406d-8feb-31e1d2704310/1692861045/_unique-previews/84,ipfs://QmYjETnDG5XRP8L9LtepknJNgo1XCDUX6zeFB2erF8GKKi,previews/1d39c523-9da9-406d-8feb-31e1d2704310/1692861045/_unique-thumbnails/84-large.jpg,ipfs://Qmcq8yGQw7u6TPvebvuvjWyd1w6FgGVaNnZ3gR3LN8tJhZ
0xBb12686c360e9057be3CD031140035A705e19ceC,FeralfileExhibitionV4,Truth,2439046679443273982118864381573244666654869269,2439046679443273982118864381573244666654869269,85,1d39c523-9da9-406d-8feb-31e1d2704310,inter/sections,image,QmQjzvrvZjzNGiqQhTGsiHeTpb9FmEcjCVWxVySf5FANC1/2439046679443273982118864381573244666654869269,previews/1d39c523-9da9-406d-8feb-31e1d2704310/1692861045/_unique-previews/85,ipfs://Qmc19Ttki3Kr1BZHQ8X3CzuN7knHNq4pF98ti9F4HWPvZf,previews/1d39c523-9da9-406d-8feb-31e1d2704310/1692861045/_unique-thumbnails/85-large.jpg,ipfs://QmXqHVFG6SEDrms5gH8x1Ee2DGrXDVxw3vBZw24CSgm4xZ
0xBb12686c360e9057be3CD031140035A705e19ceC,FeralfileExhibitionV4,Truth,2439046679443273982118864381573244666654869270,2439046679443273982118864381573244666654869270,86,1d39c523-9da9-406d-8feb-31e1d2704310,inter/sections,image,QmQjzvrvZjzNGiqQhTGsiHeTpb9FmEcjCVWxVySf5FANC1/2439046679443273982118864381573244666654869270,previews/1d39c523-9da9-406d-8feb-31e1d2704310/1692861045/_unique-previews/86,ipfs://QmQv5nLxh3hg8pXbF9utGfaKuzvJmbQdiKc2F2boPhyygB,previews/1d39c523-9da9-406d-8feb-31e1d2704310/1692861045/_unique-thumbnails/86-large.jpg,ipfs://QmbxgW5LY7KHzsLnJP5vn9Pu52yuJBGoNe77PVCpNAL2gW
0xBb12686c360e9057be3CD031140035A705e19ceC,FeralfileExhibitionV4,Truth,2439046679443273982118864381573244666654869271,2439046679443273982118864381573244666654869271,87,1d39c523-9da9-406d-8feb-31e1d2704310,inter/sections,image,QmQjzvrvZjzNGiqQhTGsiHeTpb9FmEcjCVWxVySf5FANC1/2439046679443273982118864381573244666654869271,previews/1d39c523-9da9-406d-8feb-31e1d2704310/1692861045/_unique-previews/87,ipfs://QmYNFyKeL45BeU1apwMCJAc85hVmLAUbyoR5hqbYEhAT11,previews/1d39c523-9da9-406d-8feb-31e1d2704310/1692861045/_unique-thumbnails/87-large.jpg,ipfs://QmaVGARwNCwK3h74me47q73gKUoXvmKnW7pCVoYjh7RSYD
0xBb12686c360e9057be3CD031140035A705e19ceC,FeralfileExhibitionV4,Truth,2439046679443273982118864381573244666654869272,2439046679443273982118864381573244666654869272,88,1d39c523-9da9-406d-8feb-31e1d2704310,inter/sections,image,QmQjzvrvZjzNGiqQhTGsiHeTpb9FmEcjCVWxVySf5FANC1/2439046679443273982118864381573244666654869272,previews/1d39c523-9da9-406d-8feb-31e1d2704310/1692861045/_unique-previews/88,ipfs://QmSYMzf7xUGP8uu2Y5xYo66x4x11YjxXav1v9cSc31a8yH,previews/1d39c523-9da9-406d-8feb-31e1d2704310/1692861045/_unique-thumbnails/88-large.jpg,ipfs://QmVtLxcsBFhFhovyPdneMMfKhMBJorvFy2RQ6mv2JQkRAm
0xBb12686c360e9057be3CD031140035A705e19ceC,FeralfileExhibitionV4,Truth,2439046679443273982118864381573244666654869273,2439046679443273982118864381573244666654869273,89,1d39c523-9da9-406d-8feb-31e1d2704310,inter/sections,image,QmQjzvrvZjzNGiqQhTGsiHeTpb9FmEcjCVWxVySf5FANC1/2439046679443273982118864381573244666654869273,previews/1d39c523-9da9-406d-8feb-31e1d2704310/1692861045/_unique-previews/89,ipfs://QmUbcGn1dEjyj7wvVihvhm3UjHhYS3UkSLk9S6pu3LprjK,previews/1d39c523-9da9-406d-8feb-31e1d2704310/1692861045/_unique-thumbnails/89-large.jpg,ipfs://QmYenoUz1P8S9Hhn2owqLc2ZbUmDiwVwBoXjrTidWrbAWa
0xBb12686c360e9057be3CD031140035A705e19ceC,FeralfileExhibitionV4,Truth,2439046679443273982118864381573244666654869274,2439046679443273982118864381573244666654869274,90,1d39c523-9da9-406d-8feb-31e1d2704310,inter/sections,image,QmQjzvrvZjzNGiqQhTGsiHeTpb9FmEcjCVWxVySf5FANC1/2439046679443273982118864381573244666654869274,previews/1d39c523-9da9-406d-8feb-31e1d2704310/1692861045/_unique-previews/90,ipfs://QmWtvqyYNB846Zo81Xa7PjGoUPPWLVeihYSe8FDCWmcLP2,previews/1d39c523-9da9-406d-8feb-31e1d2704310/1692861045/_unique-thumbnails/90-large.jpg,ipfs://QmcW7iowXSpDvUbCQtRi7FHJjtteXB4scQpFhoUyReZc8W
0xBb12686c360e9057be3CD031140035A705e19ceC,FeralfileExhibitionV4,Truth,2439046679443273982118864381573244666654869275,2439046679443273982118864381573244666654869275,91,1d39c523-9da9-406d-8feb-31e1d2704310,inter/sections,image,QmQjzvrvZjzNGiqQhTGsiHeTpb9FmEcjCVWxVySf5FANC1/2439046679443273982118864381573244666654869275,previews/1d39c523-9da9-406d-8feb-31e1d2704310/1692861045/_unique-previews/91,ipfs://QmYH8UHZYn4G9eWdfaXsmTZsD82EsHon3qYqL6fy7ccnFx,previews/1d39c523-9da9-406d-8feb-31e1d2704310/1692861045/_unique-thumbnails/91-large.jpg,ipfs://QmQaeunMkCRdSQ31z5stADdbsEhw44m5bAHTekoVaw2eKp
0xBb12686c360e9057be3CD031140035A705e19ceC,FeralfileExhibitionV4,Truth,2439046679443273982118864381573244666654869276,2439046679443273982118864381573244666654869276,92,1d39c523-9da9-406d-8feb-31e1d2704310,inter/sections,image,QmQjzvrvZjzNGiqQhTGsiHeTpb9FmEcjCVWxVySf5FANC1/2439046679443273982118864381573244666654869276,previews/1d39c523-9da9-406d-8feb-31e1d2704310/1692861045/_unique-previews/92,ipfs://QmP2sXD3zKetyF34b7f29wzaPiNaQBeQuJXyEESabhCf6i,previews/1d39c523-9da9-406d-8feb-31e1d2704310/1692861045/_unique-thumbnails/92-large.jpg,ipfs://QmaJSywG5bbvubt7YAun7bjuLmxhVwSMBZEcmNYMLXANxB
0xBb12686c360e9057be3CD031140035A705e19ceC,FeralfileExhibitionV4,Truth,2439046679443273982118864381573244666654869277,2439046679443273982118864381573244666654869277,93,1d39c523-9da9-406d-8feb-31e1d2704310,inter/sections,image,QmQjzvrvZjzNGiqQhTGsiHeTpb9FmEcjCVWxVySf5FANC1/2439046679443273982118864381573244666654869277,previews/1d39c523-9da9-406d-8feb-31e1d2704310/1692861045/_unique-previews/93,ipfs://QmesBdxTKsRrAcEgnDDZQRzEmbF6Dn2RhHMA3iF5bnykWR,previews/1d39c523-9da9-406d-8feb-31e1d2704310/1692861045/_unique-thumbnails/93-large.jpg,ipfs://QmQgWqPTRVhHp13CEB5YJT1gCwCAnyeXBBGRnfthCDxxT2
0xBb12686c360e9057be3CD031140035A705e19ceC,FeralfileExhibitionV4,Truth,2439046679443273982118864381573244666654869278,2439046679443273982118864381573244666654869278,94,1d39c523-9da9-406d-8feb-31e1d2704310,inter/sections,image,QmQjzvrvZjzNGiqQhTGsiHeTpb9FmEcjCVWxVySf5FANC1/2439046679443273982118864381573244666654869278,previews/1d39c523-9da9-406d-8feb-31e1d2704310/1692861045/_unique-previews/94,ipfs://QmVsCmxDbhPAJjUjBSdYn4RjoWQmJLi4diarhSuAmknNVs,previews/1d39c523-9da9-406d-8feb-31e1d2704310/1692861045/_unique-thumbnails/94-large.jpg,ipfs://QmWKNNncjfki8upPiKtuoJ6UukDGbc1Hu14ubsqydoWwSn
0xBb12686c360e9057be3CD031140035A705e19ceC,FeralfileExhibitionV4,Truth,2439046679443273982118864381573244666654869279,2439046679443273982118864381573244666654869279,95,1d39c523-9da9-406d-8feb-31e1d2704310,inter/sections,image,QmQjzvrvZjzNGiqQhTGsiHeTpb9FmEcjCVWxVySf5FANC1/2439046679443273982118864381573244666654869279,previews/1d39c523-9da9-406d-8feb-31e1d2704310/1692861045/_unique-previews/95,ipfs://QmcHGcsZf3iQsUA4fJwrtkbDWGr8hLMT3eVzkaWiaNw95e,previews/1d39c523-9da9-406d-8feb-31e1d2704310/1692861045/_unique-thumbnails/95-large.jpg,ipfs://QmW44ZgLzMfnLHYZie467kyngYbLoKRxdVk6ECLEBtSmUv
0xBb12686c360e9057be3CD031140035A705e19ceC,FeralfileExhibitionV4,Truth,2439046679443273982118864381573244666654869280,2439046679443273982118864381573244666654869280,96,1d39c523-9da9-406d-8feb-31e1d2704310,inter/sections,image,QmQjzvrvZjzNGiqQhTGsiHeTpb9FmEcjCVWxVySf5FANC1/2439046679443273982118864381573244666654869280,previews/1d39c523-9da9-406d-8feb-31e1d2704310/1692861045/_unique-previews/96,ipfs://QmVDGtgevrN2faYiMYM8VW3fKjNPMKV5MRridFVKHgWocf,previews/1d39c523-9da9-406d-8feb-31e1d2704310/1692861045/_unique-thumbnails/96-large.jpg,ipfs://QmcbvRniBMbsaTsDemKfzn5Jg5ayTGGFQKDvThvGpuBz9q
0xBb12686c360e9057be3CD031140035A705e19ceC,FeralfileExhibitionV4,Truth,2439046679443273982118864381573244666654869281,2439046679443273982118864381573244666654869281,97,1d39c523-9da9-406d-8feb-31e1d2704310,inter/sections,image,QmQjzvrvZjzNGiqQhTGsiHeTpb9FmEcjCVWxVySf5FANC1/2439046679443273982118864381573244666654869281,previews/1d39c523-9da9-406d-8feb-31e1d2704310/1692861045/_unique-previews/97,ipfs://QmVLEUEZ5KmyHgGVb5eBu7rCkLeP2SC4ZXpwkZYGXyFiFE,previews/1d39c523-9da9-406d-8feb-31e1d2704310/1692861045/_unique-thumbnails/97-large.jpg,ipfs://QmfP84ANZBzRnuqGga3rTfwXbqUL2KFoaPS5J1JsMR9hEs
0xBb12686c360e9057be3CD031140035A705e19ceC,FeralfileExhibitionV4,Truth,2439046679443273982118864381573244666654869282,2439046679443273982118864381573244666654869282,98,1d39c523-9da9-406d-8feb-31e1d2704310,inter/sections,image,QmQjzvrvZjzNGiqQhTGsiHeTpb9FmEcjCVWxVySf5FANC1/2439046679443273982118864381573244666654869282,previews/1d39c523-9da9-406d-8feb-31e1d2704310/1692861045/_unique-previews/98,ipfs://QmeVpFCzvpPkBz4aSiqReoB3RTpLJzgcaxuC1KfFRCx7LT,previews/1d39c523-9da9-406d-8feb-31e1d2704310/1692861045/_unique-thumbnails/98-large.jpg,ipfs://QmfVzFRrzKak8zWHjCUAKPEs76bbMYJFLn94CT4df1hEL3
0xBb12686c360e9057be3CD031140035A705e19ceC,FeralfileExhibitionV4,Truth,2439046679443273982118864381573244666654869283,2439046679443273982118864381573244666654869283,99,1d39c523-9da9-406d-8feb-31e1d2704310,inter/sections,image,QmQjzvrvZjzNGiqQhTGsiHeTpb9FmEcjCVWxVySf5FANC1/2439046679443273982118864381573244666654869283,previews/1d39c523-9da9-406d-8feb-31e1d2704310/1692861045/_unique-previews/99,ipfs://Qmf99YX8gwyPQZMYWTu6MuzXMo2SHRueVK5Hkf23yMQ4NF,previews/1d39c523-9da9-406d-8feb-31e1d2704310/1692861045/_unique-thumbnails/99-large.jpg,ipfs://QmXTuCJL825ohZwddaSJJnMpJRTHJRyvPKZy4NmPufrLS2
0xBb12686c360e9057be3CD031140035A705e19ceC,FeralfileExhibitionV4,Truth,2439046679443273982118864381573244666654869284,2439046679443273982118864381573244666654869284,100,1d39c523-9da9-406d-8feb-31e1d2704310,inter/sections,image,QmQjzvrvZjzNGiqQhTGsiHeTpb9FmEcjCVWxVySf5FANC1/2439046679443273982118864381573244666654869284,previews/1d39c523-9da9-406d-8feb-31e1d2704310/1692861045/_unique-previews/100,ipfs://QmVwFFkkytRYLUNGqMTj4piMSfk6vZpFpg1arSWVQbctws,previews/1d39c523-9da9-406d-8feb-31e1d2704310/1692861045/_unique-thumbnails/100-large.jpg,ipfs://QmSpTyBALLPiwzzuiHbSyjYYJDA2yUP8okLJnoKqVpouPA
0xBb12686c360e9057be3CD031140035A705e19ceC,FeralfileExhibitionV4,Truth,2439046679443273982118864381573244666654869285,2439046679443273982118864381573244666654869285,101,1d39c523-9da9-406d-8feb-31e1d2704310,inter/sections,image,QmQjzvrvZjzNGiqQhTGsiHeTpb9FmEcjCVWxVySf5FANC1/2439046679443273982118864381573244666654869285,previews/1d39c523-9da9-406d-8feb-31e1d2704310/1692861045/_unique-previews/101,ipfs://QmRmeE8c1RhvVwpJSdkZfKjC8ocuRpXwh8iozQBNRGUEPw,previews/1d39c523-9da9-406d-8feb-31e1d2704310/1692861045/_unique-thumbnails/101-large.jpg,ipfs://QmPRenoACEhT4AdgahwEsd9f9w5HvdvmcGdzggJHH5hAfA
0xBb12686c360e9057be3CD031140035A705e19ceC,FeralfileExhibitionV4,Truth,2439046679443273982118864381573244666654869286,2439046679443273982118864381573244666654869286,102,1d39c523-9da9-406d-8feb-31e1d2704310,inter/sections,image,QmQjzvrvZjzNGiqQhTGsiHeTpb9FmEcjCVWxVySf5FANC1/2439046679443273982118864381573244666654869286,previews/1d39c523-9da9-406d-8feb-31e1d2704310/1692861045/_unique-previews/102,ipfs://QmetMTUkcRZizcGgu4vWbp9JTfMgMAjMEFqQEtFr1gMJx5,previews/1d39c523-9da9-406d-8feb-31e1d2704310/1692861045/_unique-thumbnails/102-large.jpg,ipfs://QmR6XisHTHhRxxhBwMTGpzh8VCXKz8Z87PZVhQVRWozh1r
0xBb12686c360e9057be3CD031140035A705e19ceC,FeralfileExhibitionV4,Truth,2439046679443273982118864381573244666654869287,2439046679443273982118864381573244666654869287,103,1d39c523-9da9-406d-8feb-31e1d2704310,inter/sections,image,QmQjzvrvZjzNGiqQhTGsiHeTpb9FmEcjCVWxVySf5FANC1/2439046679443273982118864381573244666654869287,previews/1d39c523-9da9-406d-8feb-31e1d2704310/1692861045/_unique-previews/103,ipfs://QmeeXYqre69x2EpgfrnfnenjEy6dQoP384U5RP9dXbzWDj,previews/1d39c523-9da9-406d-8feb-31e1d2704310/1692861045/_unique-thumbnails/103-large.jpg,ipfs://QmSSmHhKrNiDBLbEhvTCtPP6mE51M4Bmm764ZWUUJF48di
0xBb12686c360e9057be3CD031140035A705e19ceC,FeralfileExhibitionV4,Truth,2439046679443273982118864381573244666654869288,2439046679443273982118864381573244666654869288,104,1d39c523-9da9-406d-8feb-31e1d2704310,inter/sections,image,QmQjzvrvZjzNGiqQhTGsiHeTpb9FmEcjCVWxVySf5FANC1/2439046679443273982118864381573244666654869288,previews/1d39c523-9da9-406d-8feb-31e1d2704310/1692861045/_unique-previews/104,ipfs://QmaqZeHw3ooiGyGrAPqMs9BUP2KWt5GEnMtiLYtFBaRxRK,previews/1d39c523-9da9-406d-8feb-31e1d2704310/1692861045/_unique-thumbnails/104-large.jpg,ipfs://Qmbg5FprjZAcWBmFjZQvMG2gAaptDoaTdw8nf4iF6mYhw1
0xBb12686c360e9057be3CD031140035A705e19ceC,FeralfileExhibitionV4,Truth,2439046679443273982118864381573244666654869289,2439046679443273982118864381573244666654869289,105,1d39c523-9da9-406d-8feb-31e1d2704310,inter/sections,image,QmQjzvrvZjzNGiqQhTGsiHeTpb9FmEcjCVWxVySf5FANC1/2439046679443273982118864381573244666654869289,previews/1d39c523-9da9-406d-8feb-31e1d2704310/1692861045/_unique-previews/105,ipfs://QmQenS9eqDK52R35SZdsBvi6PWCnwxMEptoyDr7YFMa2Cn,previews/1d39c523-9da9-406d-8feb-31e1d2704310/1692861045/_unique-thumbnails/105-large.jpg,ipfs://QmZNY5FW8ccFTfSyx5RxnyxAmfeFh6WWrdR4FHw7cJnEPV
0xBb12686c360e9057be3CD031140035A705e19ceC,FeralfileExhibitionV4,Truth,2439046679443273982118864381573244666654869290,2439046679443273982118864381573244666654869290,106,1d39c523-9da9-406d-8feb-31e1d2704310,inter/sections,image,QmQjzvrvZjzNGiqQhTGsiHeTpb9FmEcjCVWxVySf5FANC1/2439046679443273982118864381573244666654869290,previews/1d39c523-9da9-406d-8feb-31e1d2704310/1692861045/_unique-previews/106,ipfs://QmdPkit58rc9FzzMM71hiGAteBFHLujD8uoq7WniPF6r7v,previews/1d39c523-9da9-406d-8feb-31e1d2704310/1692861045/_unique-thumbnails/106-large.jpg,ipfs://QmfZF62zRthUAwtEc8VbCAXUP4vK765zzdpNLFUpW16UQG
0xBb12686c360e9057be3CD031140035A705e19ceC,FeralfileExhibitionV4,Truth,2439046679443273982118864381573244666654869291,2439046679443273982118864381573244666654869291,107,1d39c523-9da9-406d-8feb-31e1d2704310,inter/sections,image,QmQjzvrvZjzNGiqQhTGsiHeTpb9FmEcjCVWxVySf5FANC1/2439046679443273982118864381573244666654869291,previews/1d39c523-9da9-406d-8feb-31e1d2704310/1692861045/_unique-previews/107,ipfs://QmcYLwtG5Khw9oQW2zPtuNEqTwvhRnck1rHhxEkQwFi5jD,previews/1d39c523-9da9-406d-8feb-31e1d2704310/1692861045/_unique-thumbnails/107-large.jpg,ipfs://QmYze4qKHQyB4APcPBrs5kGKqn5Zpj7wFmD68CcnVvG1T8
0xBb12686c360e9057be3CD031140035A705e19ceC,FeralfileExhibitionV4,Truth,2439046679443273982118864381573244666654869292,2439046679443273982118864381573244666654869292,108,1d39c523-9da9-406d-8feb-31e1d2704310,inter/sections,image,QmQjzvrvZjzNGiqQhTGsiHeTpb9FmEcjCVWxVySf5FANC1/2439046679443273982118864381573244666654869292,previews/1d39c523-9da9-406d-8feb-31e1d2704310/1692861045/_unique-previews/108,ipfs://QmVi4mhNm2jXQMURE5BNbpwyQ8hVf31PUYypBDrgczQTnw,previews/1d39c523-9da9-406d-8feb-31e1d2704310/1692861045/_unique-thumbnails/108-large.jpg,ipfs://QmY9ygHvsfy6ULcaaALraB2DUKRyBH9MZ2LjK8bbvoi9k3
0xBb12686c360e9057be3CD031140035A705e19ceC,FeralfileExhibitionV4,Truth,2439046679443273982118864381573244666654869293,2439046679443273982118864381573244666654869293,109,1d39c523-9da9-406d-8feb-31e1d2704310,inter/sections,image,QmQjzvrvZjzNGiqQhTGsiHeTpb9FmEcjCVWxVySf5FANC1/2439046679443273982118864381573244666654869293,previews/1d39c523-9da9-406d-8feb-31e1d2704310/1692861045/_unique-previews/109,ipfs://QmWAcHpzeemyjQMCRnS7cGLvTDqvBAiKvEGm7KWThowWLp,previews/1d39c523-9da9-406d-8feb-31e1d2704310/1692861045/_unique-thumbnails/109-large.jpg,ipfs://QmRMKbMw6EtZ5da9Ukh2UWG7D6N2z2M3N8KTzjvaSjiudq
0xBb12686c360e9057be3CD031140035A705e19ceC,FeralfileExhibitionV4,Truth,2439046679443273982118864381573244666654869294,2439046679443273982118864381573244666654869294,110,1d39c523-9da9-406d-8feb-31e1d2704310,inter/sections,image,QmQjzvrvZjzNGiqQhTGsiHeTpb9FmEcjCVWxVySf5FANC1/2439046679443273982118864381573244666654869294,previews/1d39c523-9da9-406d-8feb-31e1d2704310/1692861045/_unique-previews/110,ipfs://Qmed9G7uqYGPBzJV7nkBrgCCFBw5SYRDU5ERVGzjDdL7wy,previews/1d39c523-9da9-406d-8feb-31e1d2704310/1692861045/_unique-thumbnails/110-large.jpg,ipfs://QmSHoSM9vzVTBc5FVk1Rqau9yaBMhMLQ3hLvfpZEH7qpvb
0xBb12686c360e9057be3CD031140035A705e19ceC,FeralfileExhibitionV4,Truth,2439046679443273982118864381573244666654869295,2439046679443273982118864381573244666654869295,111,1d39c523-9da9-406d-8feb-31e1d2704310,inter/sections,image,QmQjzvrvZjzNGiqQhTGsiHeTpb9FmEcjCVWxVySf5FANC1/2439046679443273982118864381573244666654869295,previews/1d39c523-9da9-406d-8feb-31e1d2704310/1692861045/_unique-previews/111,ipfs://QmawRrzgHtzpYWCDrGa87KTDVnircAvfDm9Hs96h43J4qH,previews/1d39c523-9da9-406d-8feb-31e1d2704310/1692861045/_unique-thumbnails/111-large.jpg,ipfs://QmQYW6gNZsfkcfAxogyoZwVZUwR2WcABVzwey7iHnns319
0xBb12686c360e9057be3CD031140035A705e19ceC,FeralfileExhibitionV4,Truth,2439046679443273982118864381573244666654869296,2439046679443273982118864381573244666654869296,112,1d39c523-9da9-406d-8feb-31e1d2704310,inter/sections,image,QmQjzvrvZjzNGiqQhTGsiHeTpb9FmEcjCVWxVySf5FANC1/2439046679443273982118864381573244666654869296,previews/1d39c523-9da9-406d-8feb-31e1d2704310/1692861045/_unique-previews/112,ipfs://QmTrsxEMKsv9snwGBgVLDvegikD9iZAXDZ93V7ALMsWRtn,previews/1d39c523-9da9-406d-8feb-31e1d2704310/1692861045/_unique-thumbnails/112-large.jpg,ipfs://QmQQRBe5NoVw4YjPmVXWNYpRGnqa6hbMZeN2UdLJfj7KSa
0xBb12686c360e9057be3CD031140035A705e19ceC,FeralfileExhibitionV4,Truth,2439046679443273982118864381573244666654869297,2439046679443273982118864381573244666654869297,113,1d39c523-9da9-406d-8feb-31e1d2704310,inter/sections,image,QmQjzvrvZjzNGiqQhTGsiHeTpb9FmEcjCVWxVySf5FANC1/2439046679443273982118864381573244666654869297,previews/1d39c523-9da9-406d-8feb-31e1d2704310/1692861045/_unique-previews/113,ipfs://QmTnUXnREUAKZoYRB4PEWvh6ociUvEc66jLY49fjsGeJxY,previews/1d39c523-9da9-406d-8feb-31e1d2704310/1692861045/_unique-thumbnails/113-large.jpg,ipfs://QmcnH3edH1omhCLBg7dqRFbXuE6xdaHdWHPjY76S5QMHCi
0xBb12686c360e9057be3CD031140035A705e19ceC,FeralfileExhibitionV4,Truth,2439046679443273982118864381573244666654869298,2439046679443273982118864381573244666654869298,114,1d39c523-9da9-406d-8feb-31e1d2704310,inter/sections,image,QmQjzvrvZjzNGiqQhTGsiHeTpb9FmEcjCVWxVySf5FANC1/2439046679443273982118864381573244666654869298,previews/1d39c523-9da9-406d-8feb-31e1d2704310/1692861045/_unique-previews/114,ipfs://QmZ9wqaMLabsPbh7U9NgnvwymK8r5WvcnprPFGK7aQFQ6x,previews/1d39c523-9da9-406d-8feb-31e1d2704310/1692861045/_unique-thumbnails/114-large.jpg,ipfs://QmdPkMZHNAS88jprmNPtUSEMTDgqbRtNWKE4Fbio6sxY64
0xBb12686c360e9057be3CD031140035A705e19ceC,FeralfileExhibitionV4,Truth,2439046679443273982118864381573244666654869299,2439046679443273982118864381573244666654869299,115,1d39c523-9da9-406d-8feb-31e1d2704310,inter/sections,image,QmQjzvrvZjzNGiqQhTGsiHeTpb9FmEcjCVWxVySf5FANC1/2439046679443273982118864381573244666654869299,previews/1d39c523-9da9-406d-8feb-31e1d2704310/1692861045/_unique-previews/115,ipfs://QmWu5scvQdFXHTXy4dcQSczXQ3VwqwmxzuDZdypNL96cEi,previews/1d39c523-9da9-406d-8feb-31e1d2704310/1692861045/_unique-thumbnails/115-large.jpg,ipfs://QmfM5U7kZ5nDVSjV3oTxP78VJXcjiX3npohVVnzii6ZRxZ
0xBb12686c360e9057be3CD031140035A705e19ceC,FeralfileExhibitionV4,Truth,2439046679443273982118864381573244666654869300,2439046679443273982118864381573244666654869300,116,1d39c523-9da9-406d-8feb-31e1d2704310,inter/sections,image,QmQjzvrvZjzNGiqQhTGsiHeTpb9FmEcjCVWxVySf5FANC1/2439046679443273982118864381573244666654869300,previews/1d39c523-9da9-406d-8feb-31e1d2704310/1692861045/_unique-previews/116,ipfs://QmPnc7KT4mSheA3RwTSh261VNHWGHd9CssMaji7j2hTK4R,previews/1d39c523-9da9-406d-8feb-31e1d2704310/1692861045/_unique-thumbnails/116-large.jpg,ipfs://QmbGQdt6413KXVm3oBjhJFT76qBq5gQ2yhC6JxvmUyZY6r
0xBb12686c360e9057be3CD031140035A705e19ceC,FeralfileExhibitionV4,Truth,2439046679443273982118864381573244666654869301,2439046679443273982118864381573244666654869301,117,1d39c523-9da9-406d-8feb-31e1d2704310,inter/sections,image,QmQjzvrvZjzNGiqQhTGsiHeTpb9FmEcjCVWxVySf5FANC1/2439046679443273982118864381573244666654869301,previews/1d39c523-9da9-406d-8feb-31e1d2704310/1692861045/_unique-previews/117,ipfs://QmVgzV8eozf2oXmMaGg3P6MLfWCSWedfojGpNXQMAGUFz6,previews/1d39c523-9da9-406d-8feb-31e1d2704310/1692861045/_unique-thumbnails/117-large.jpg,ipfs://QmR6LnSfEayXaW1gX7WdUGqk8xqWEnbsqDLY28rHyo4HQf
0xBb12686c360e9057be3CD031140035A705e19ceC,FeralfileExhibitionV4,Truth,2439046679443273982118864381573244666654869302,2439046679443273982118864381573244666654869302,118,1d39c523-9da9-406d-8feb-31e1d2704310,inter/sections,image,QmQjzvrvZjzNGiqQhTGsiHeTpb9FmEcjCVWxVySf5FANC1/2439046679443273982118864381573244666654869302,previews/1d39c523-9da9-406d-8feb-31e1d2704310/1692861045/_unique-previews/118,ipfs://QmbFynb39eevgbVGbMyp2SGCL4VWMixZjmXrqfUeb7gKpU,previews/1d39c523-9da9-406d-8feb-31e1d2704310/1692861045/_unique-thumbnails/118-large.jpg,ipfs://QmWRmuksR7krj6Q1Jjd8RWsnPt32zdngTnZHby6FjUFVHM
0xBb12686c360e9057be3CD031140035A705e19ceC,FeralfileExhibitionV4,Truth,2439046679443273982118864381573244666654869303,2439046679443273982118864381573244666654869303,119,1d39c523-9da9-406d-8feb-31e1d2704310,inter/sections,image,QmQjzvrvZjzNGiqQhTGsiHeTpb9FmEcjCVWxVySf5FANC1/2439046679443273982118864381573244666654869303,previews/1d39c523-9da9-406d-8feb-31e1d2704310/1692861045/_unique-previews/119,ipfs://QmVKWmUqk6fmFbmyxkcQ4NbG9XP3zdqpBFF2N1Ejk2LVXd,previews/1d39c523-9da9-406d-8feb-31e1d2704310/1692861045/_unique-thumbnails/119-large.jpg,ipfs://QmPSTdQuucyuWBpMtHd2YoCF7HxFudHWgvChLs2YXa7vpB
0xBb12686c360e9057be3CD031140035A705e19ceC,FeralfileExhibitionV4,Truth,2439046679443273982118864381573244666654869304,2439046679443273982118864381573244666654869304,120,1d39c523-9da9-406d-8feb-31e1d2704310,inter/sections,image,QmQjzvrvZjzNGiqQhTGsiHeTpb9FmEcjCVWxVySf5FANC1/2439046679443273982118864381573244666654869304,previews/1d39c523-9da9-406d-8feb-31e1d2704310/1692861045/_unique-previews/120,ipfs://QmRxVx8A8sPkL5qYjZ2P7AVbmV8pumYfdiUkZGqw243LVW,previews/1d39c523-9da9-406d-8feb-31e1d2704310/1692861045/_unique-thumbnails/120-large.jpg,ipfs://QmT8fkKzfec58r6QNKXZ1c6Ea9dnJ32qoJmWx25XgfEzwQ
0xBb12686c360e9057be3CD031140035A705e19ceC,FeralfileExhibitionV4,Truth,2439046679443273982118864381573244666654869305,2439046679443273982118864381573244666654869305,121,1d39c523-9da9-406d-8feb-31e1d2704310,inter/sections,image,QmQjzvrvZjzNGiqQhTGsiHeTpb9FmEcjCVWxVySf5FANC1/2439046679443273982118864381573244666654869305,previews/1d39c523-9da9-406d-8feb-31e1d2704310/1692861045/_unique-previews/121,ipfs://QmY2gzNTWxZRwvPYpCVHE7my35iuZCJC2GyefNET8pXFsS,previews/1d39c523-9da9-406d-8feb-31e1d2704310/1692861045/_unique-thumbnails/121-large.jpg,ipfs://QmYERsD2kLd8LEX85YGRvZwbCs5CZ89Uj4UKEzDGooHFzY
0xBb12686c360e9057be3CD031140035A705e19ceC,FeralfileExhibitionV4,Truth,2439046679443273982118864381573244666654869306,2439046679443273982118864381573244666654869306,122,1d39c523-9da9-406d-8feb-31e1d2704310,inter/sections,image,QmQjzvrvZjzNGiqQhTGsiHeTpb9FmEcjCVWxVySf5FANC1/2439046679443273982118864381573244666654869306,previews/1d39c523-9da9-406d-8feb-31e1d2704310/1692861045/_unique-previews/122,ipfs://QmekeQoSDPmFxNMPWeEmza2FCV2jrLrWfMqnKD9Cej8E3N,previews/1d39c523-9da9-406d-8feb-31e1d2704310/1692861045/_unique-thumbnails/122-large.jpg,ipfs://QmPg9Ki1q9HdiNjmV555absCJbFghA51YZGDYEd2ER3jPR
0xBb12686c360e9057be3CD031140035A705e19ceC,FeralfileExhibitionV4,Truth,2439046679443273982118864381573244666654869307,2439046679443273982118864381573244666654869307,123,1d39c523-9da9-406d-8feb-31e1d2704310,inter/sections,image,QmQjzvrvZjzNGiqQhTGsiHeTpb9FmEcjCVWxVySf5FANC1/2439046679443273982118864381573244666654869307,previews/1d39c523-9da9-406d-8feb-31e1d2704310/1692861045/_unique-previews/123,ipfs://QmPPNqDdcftWD8XrxhdSL5EZs9yaK9hJtAjycVucGVv6Wh,previews/1d39c523-9da9-406d-8feb-31e1d2704310/1692861045/_unique-thumbnails/123-large.jpg,ipfs://QmWnEQxwxEaj5kk9icLqEPE4BuCuRWeTdvoij6gxE45NSB
0xBb12686c360e9057be3CD031140035A705e19ceC,FeralfileExhibitionV4,Truth,2439046679443273982118864381573244666654869308,2439046679443273982118864381573244666654869308,124,1d39c523-9da9-406d-8feb-31e1d2704310,inter/sections,image,QmQjzvrvZjzNGiqQhTGsiHeTpb9FmEcjCVWxVySf5FANC1/2439046679443273982118864381573244666654869308,previews/1d39c523-9da9-406d-8feb-31e1d2704310/1692861045/_unique-previews/124,ipfs://QmRiVwyh3CjAZ9cEBzRivxDnAUTWP6d91mN6wnEgErNAfN,previews/1d39c523-9da9-406d-8feb-31e1d2704310/1692861045/_unique-thumbnails/124-large.jpg,ipfs://QmVFzh2eWZkoUEhQs3mdmmUcbkzDRrpUtuzXr2XhakdGsm
0xBb12686c360e9057be3CD031140035A705e19ceC,FeralfileExhibitionV4,Truth,2439046679443273982118864381573244666654869309,2439046679443273982118864381573244666654869309,125,1d39c523-9da9-406d-8feb-31e1d2704310,inter/sections,image,QmQjzvrvZjzNGiqQhTGsiHeTpb9FmEcjCVWxVySf5FANC1/2439046679443273982118864381573244666654869309,previews/1d39c523-9da9-406d-8feb-31e1d2704310/1692861045/_unique-previews/125,ipfs://QmP4ENxppYv3Zg6EaTyW5vDctyBGkoQv1A8uNVyD3UYwwm,previews/1d39c523-9da9-406d-8feb-31e1d2704310/1692861045/_unique-thumbnails/125-large.jpg,ipfs://QmRsDtLJ9nRzXYF7ricRuKhtLcyXRq8os2nJe7FPcLZYpD
0xBb12686c360e9057be3CD031140035A705e19ceC,FeralfileExhibitionV4,Truth,2439046679443273982118864381573244666654869310,2439046679443273982118864381573244666654869310,126,1d39c523-9da9-406d-8feb-31e1d2704310,inter/sections,image,QmQjzvrvZjzNGiqQhTGsiHeTpb9FmEcjCVWxVySf5FANC1/2439046679443273982118864381573244666654869310,previews/1d39c523-9da9-406d-8feb-31e1d2704310/1692861045/_unique-previews/126,ipfs://QmTEuEwgN1JoqdWBpDgau2oeGZmK5fHEoq1BZhy8NLyCAF,previews/1d39c523-9da9-406d-8feb-31e1d2704310/1692861045/_unique-thumbnails/126-large.jpg,ipfs://QmbwxRrojHqdVjCL42Sw7EztxZHecQYk73ieYbFzqbKCyy
0xBb12686c360e9057be3CD031140035A705e19ceC,FeralfileExhibitionV4,Truth,2439046679443273982118864381573244666654869311,2439046679443273982118864381573244666654869311,127,1d39c523-9da9-406d-8feb-31e1d2704310,inter/sections,image,QmQjzvrvZjzNGiqQhTGsiHeTpb9FmEcjCVWxVySf5FANC1/2439046679443273982118864381573244666654869311,previews/1d39c523-9da9-406d-8feb-31e1d2704310/1692861045/_unique-previews/127,ipfs://QmSHPKMgskTu8oUQ45GAJhDCp443j1XwdJDFZkLK7a22dk,previews/1d39c523-9da9-406d-8feb-31e1d2704310/1692861045/_unique-thumbnails/127-large.jpg,ipfs://QmZ8GcLwUPRX7dRbjdEk4KrzjEYPxTS3ovMhf3hmyR8dr3
0xBb12686c360e9057be3CD031140035A705e19ceC,FeralfileExhibitionV4,Truth,2439046679443273982118864381573244666656869184,2439046679443273982118864381573244666656869184,0,2788daa0-6065-4eb1-84c2-6d46828c4453,Metamosaic,image,QmQjzvrvZjzNGiqQhTGsiHeTpb9FmEcjCVWxVySf5FANC1/2439046679443273982118864381573244666656869184,previews/2788daa0-6065-4eb1-84c2-6d46828c4453/1692861090/_unique-previews/0,ipfs://QmXQXM2hMNor6Y7tCWzrdDN55eqa3s3dige2MUAxspa9Eq,previews/2788daa0-6065-4eb1-84c2-6d46828c4453/1692861090/_unique-thumbnails/0-large.jpg,ipfs://QmV6uRsn7A5KZX9d3i9eqURR1q8NbMAmb7nsFBZyqF8MhU
0xBb12686c360e9057be3CD031140035A705e19ceC,FeralfileExhibitionV4,Truth,2439046679443273982118864381573244666656869185,2439046679443273982118864381573244666656869185,1,2788daa0-6065-4eb1-84c2-6d46828c4453,Metamosaic,image,QmQjzvrvZjzNGiqQhTGsiHeTpb9FmEcjCVWxVySf5FANC1/2439046679443273982118864381573244666656869185,previews/2788daa0-6065-4eb1-84c2-6d46828c4453/1692861090/_unique-previews/1,ipfs://QmS4bbDj7NRyG5ANFZjEjmppoWcCVG3QRXAUA4Arhuy8zm,previews/2788daa0-6065-4eb1-84c2-6d46828c4453/1692861090/_unique-thumbnails/1-large.jpg,ipfs://QmPhm6gbzxa9ggFNx3FoYSHcuaUwRWrbG6ARqHpAg7VKG6
0xBb12686c360e9057be3CD031140035A705e19ceC,FeralfileExhibitionV4,Truth,2439046679443273982118864381573244666656869186,2439046679443273982118864381573244666656869186,2,2788daa0-6065-4eb1-84c2-6d46828c4453,Metamosaic,image,QmQjzvrvZjzNGiqQhTGsiHeTpb9FmEcjCVWxVySf5FANC1/2439046679443273982118864381573244666656869186,previews/2788daa0-6065-4eb1-84c2-6d46828c4453/1692861090/_unique-previews/2,ipfs://QmZUHLBytmxP25kcBAtngRcEBxT2K9ZBCa8VpdvV5upmSn,previews/2788daa0-6065-4eb1-84c2-6d46828c4453/1692861090/_unique-thumbnails/2-large.jpg,ipfs://QmcNXsNYZCVrvtiU7t6WZU2H44TsHw1hXcNmfCdrMxMkib
0xBb12686c360e9057be3CD031140035A705e19ceC,FeralfileExhibitionV4,Truth,2439046679443273982118864381573244666656869187,2439046679443273982118864381573244666656869187,3,2788daa0-6065-4eb1-84c2-6d46828c4453,Metamosaic,image,QmQjzvrvZjzNGiqQhTGsiHeTpb9FmEcjCVWxVySf5FANC1/2439046679443273982118864381573244666656869187,previews/2788daa0-6065-4eb1-84c2-6d46828c4453/1692861090/_unique-previews/3,ipfs://QmafMeeyAeRzf9eMSHN1in9ZLBzyhCMTkYK6EUNKpgGMkx,previews/2788daa0-6065-4eb1-84c2-6d46828c4453/1692861090/_unique-thumbnails/3-large.jpg,ipfs://QmS6y1N5NkHPfa5PnD6ej1kA3JeB6yGRVThyqmXDLcb9sr
0xBb12686c360e9057be3CD031140035A705e19ceC,FeralfileExhibitionV4,Truth,2439046679443273982118864381573244666656869188,2439046679443273982118864381573244666656869188,4,2788daa0-6065-4eb1-84c2-6d46828c4453,Metamosaic,image,QmQjzvrvZjzNGiqQhTGsiHeTpb9FmEcjCVWxVySf5FANC1/2439046679443273982118864381573244666656869188,previews/2788daa0-6065-4eb1-84c2-6d46828c4453/1692861090/_unique-previews/4,ipfs://QmeM64Y4529GtffALXdE64AioBqMPMKV9ecufoXoRmPhWz,previews/2788daa0-6065-4eb1-84c2-6d46828c4453/1692861090/_unique-thumbnails/4-large.jpg,ipfs://Qmcj9pBhz3j37fNc1KKWaqfbB7KbTB5pXokE7rSfFYtKuP
0xBb12686c360e9057be3CD031140035A705e19ceC,FeralfileExhibitionV4,Truth,2439046679443273982118864381573244666656869189,2439046679443273982118864381573244666656869189,5,2788daa0-6065-4eb1-84c2-6d46828c4453,Metamosaic,image,QmQjzvrvZjzNGiqQhTGsiHeTpb9FmEcjCVWxVySf5FANC1/2439046679443273982118864381573244666656869189,previews/2788daa0-6065-4eb1-84c2-6d46828c4453/1692861090/_unique-previews/5,ipfs://QmTHEC5bFTfot2okuUkCR2QVtj2rhz1xANUcbycBgSTnNE,previews/2788daa0-6065-4eb1-84c2-6d46828c4453/1692861090/_unique-thumbnails/5-large.jpg,ipfs://QmWr4MpMqu5KvW4Tkxh7fvQatVaQYxGZMFCLGK158WGqkk
0xBb12686c360e9057be3CD031140035A705e19ceC,FeralfileExhibitionV4,Truth,2439046679443273982118864381573244666656869190,2439046679443273982118864381573244666656869190,6,2788daa0-6065-4eb1-84c2-6d46828c4453,Metamosaic,image,QmQjzvrvZjzNGiqQhTGsiHeTpb9FmEcjCVWxVySf5FANC1/2439046679443273982118864381573244666656869190,previews/2788daa0-6065-4eb1-84c2-6d46828c4453/1692861090/_unique-previews/6,ipfs://QmXSJQ6FJKEo5XV9Q94AWgYnbgn8d7Lb5GfUVsPZtzRu7N,previews/2788daa0-6065-4eb1-84c2-6d46828c4453/1692861090/_unique-thumbnails/6-large.jpg,ipfs://QmbhyRyqvQttgVgRx5w5ERXLsAbAzPHiPpzHTmjs2uMxdk
0xBb12686c360e9057be3CD031140035A705e19ceC,FeralfileExhibitionV4,Truth,2439046679443273982118864381573244666656869191,2439046679443273982118864381573244666656869191,7,2788daa0-6065-4eb1-84c2-6d46828c4453,Metamosaic,image,QmQjzvrvZjzNGiqQhTGsiHeTpb9FmEcjCVWxVySf5FANC1/2439046679443273982118864381573244666656869191,previews/2788daa0-6065-4eb1-84c2-6d46828c4453/1692861090/_unique-previews/7,ipfs://QmW2o5MBgRcqeQYkf5Q4RnAmKpsuC2XRpx4jMQDopTpvuK,previews/2788daa0-6065-4eb1-84c2-6d46828c4453/1692861090/_unique-thumbnails/7-large.jpg,ipfs://Qmb2xVLm4ac4tTAWLXwXQckxZP3Y7ipRwqRuj1UPoQqe9a
0xBb12686c360e9057be3CD031140035A705e19ceC,FeralfileExhibitionV4,Truth,2439046679443273982118864381573244666656869192,2439046679443273982118864381573244666656869192,8,2788daa0-6065-4eb1-84c2-6d46828c4453,Metamosaic,image,QmQjzvrvZjzNGiqQhTGsiHeTpb9FmEcjCVWxVySf5FANC1/2439046679443273982118864381573244666656869192,previews/2788daa0-6065-4eb1-84c2-6d46828c4453/1692861090/_unique-previews/8,ipfs://QmRJ61JgjEHuNJPptJyBL4p7XDXYzwyJqnsrhmANLHTed2,previews/2788daa0-6065-4eb1-84c2-6d46828c4453/1692861090/_unique-thumbnails/8-large.jpg,ipfs://QmPhsKHQshMbjaSKRSCNywvQt8eAmWTo8tFWQ1SkykDEAm
0xBb12686c360e9057be3CD031140035A705e19ceC,FeralfileExhibitionV4,Truth,2439046679443273982118864381573244666656869193,2439046679443273982118864381573244666656869193,9,2788daa0-6065-4eb1-84c2-6d46828c4453,Metamosaic,image,QmQjzvrvZjzNGiqQhTGsiHeTpb9FmEcjCVWxVySf5FANC1/2439046679443273982118864381573244666656869193,previews/2788daa0-6065-4eb1-84c2-6d46828c4453/1692861090/_unique-previews/9,ipfs://QmYZWuwjjR8LFkFVHHVKnBzafVx2huuyqmoWtfRmocDX1g,previews/2788daa0-6065-4eb1-84c2-6d46828c4453/1692861090/_unique-thumbnails/9-large.jpg,ipfs://QmUxYNqrvu6na3pj2UwZMSG7zQBRNaMWnXPSrzAMmcnvSA
0xBb12686c360e9057be3CD031140035A705e19ceC,FeralfileExhibitionV4,Truth,2439046679443273982118864381573244666656869194,2439046679443273982118864381573244666656869194,10,2788daa0-6065-4eb1-84c2-6d46828c4453,Metamosaic,image,QmQjzvrvZjzNGiqQhTGsiHeTpb9FmEcjCVWxVySf5FANC1/2439046679443273982118864381573244666656869194,previews/2788daa0-6065-4eb1-84c2-6d46828c4453/1692861090/_unique-previews/10,ipfs://QmV3F8LiNuEii5WhtiW1QsYg4XMFvmKhtkdioxSGo3QdXH,previews/2788daa0-6065-4eb1-84c2-6d46828c4453/1692861090/_unique-thumbnails/10-large.jpg,ipfs://QmSm3HjsPpRpJDfxy5R7d93PSFKThd99ZsMozDTj4G6hxb
0xBb12686c360e9057be3CD031140035A705e19ceC,FeralfileExhibitionV4,Truth,2439046679443273982118864381573244666656869195,2439046679443273982118864381573244666656869195,11,2788daa0-6065-4eb1-84c2-6d46828c4453,Metamosaic,image,QmQjzvrvZjzNGiqQhTGsiHeTpb9FmEcjCVWxVySf5FANC1/2439046679443273982118864381573244666656869195,previews/2788daa0-6065-4eb1-84c2-6d46828c4453/1692861090/_unique-previews/11,ipfs://QmV4YfiHVhgddNEmstXikyZbJeK4icotWcojn4DDaZv1et,previews/2788daa0-6065-4eb1-84c2-6d46828c4453/1692861090/_unique-thumbnails/11-large.jpg,ipfs://QmT4RSKHBRVDiMHRq62qQ7b5Cfv1VSa2n3h3Y4byoTvT7b
0xBb12686c360e9057be3CD031140035A705e19ceC,FeralfileExhibitionV4,Truth,2439046679443273982118864381573244666656869196,2439046679443273982118864381573244666656869196,12,2788daa0-6065-4eb1-84c2-6d46828c4453,Metamosaic,image,QmQjzvrvZjzNGiqQhTGsiHeTpb9FmEcjCVWxVySf5FANC1/2439046679443273982118864381573244666656869196,previews/2788daa0-6065-4eb1-84c2-6d46828c4453/1692861090/_unique-previews/12,ipfs://QmdauPZPsyLTtEu53gREhsAV28F14LHWVUgdtGgogFbWdt,previews/2788daa0-6065-4eb1-84c2-6d46828c4453/1692861090/_unique-thumbnails/12-large.jpg,ipfs://QmZ8JgJYCpoXpi6T3okz8gyp8LyKbfvcb31XXb8EnP31Zi
0xBb12686c360e9057be3CD031140035A705e19ceC,FeralfileExhibitionV4,Truth,2439046679443273982118864381573244666656869197,2439046679443273982118864381573244666656869197,13,2788daa0-6065-4eb1-84c2-6d46828c4453,Metamosaic,image,QmQjzvrvZjzNGiqQhTGsiHeTpb9FmEcjCVWxVySf5FANC1/2439046679443273982118864381573244666656869197,previews/2788daa0-6065-4eb1-84c2-6d46828c4453/1692861090/_unique-previews/13,ipfs://QmehN3DpPttmrk2yUa34e4kiLjd8FtekRcZu3J3MF63D8H,previews/2788daa0-6065-4eb1-84c2-6d46828c4453/1692861090/_unique-thumbnails/13-large.jpg,ipfs://QmZeVssatJKZbpuSr1qQBSViypokkRkFfc7wANjw3i7e5V
0xBb12686c360e9057be3CD031140035A705e19ceC,FeralfileExhibitionV4,Truth,2439046679443273982118864381573244666656869198,2439046679443273982118864381573244666656869198,14,2788daa0-6065-4eb1-84c2-6d46828c4453,Metamosaic,image,QmQjzvrvZjzNGiqQhTGsiHeTpb9FmEcjCVWxVySf5FANC1/2439046679443273982118864381573244666656869198,previews/2788daa0-6065-4eb1-84c2-6d46828c4453/1692861090/_unique-previews/14,ipfs://QmRR31TqHirWdjpwMUxGcufwMtb8XjzwFvTzABjwSXh9jo,previews/2788daa0-6065-4eb1-84c2-6d46828c4453/1692861090/_unique-thumbnails/14-large.jpg,ipfs://QmbZF4cM3VFED2cgzQmK831vQBVYdSnAyUudUcq6wavvbM
0xBb12686c360e9057be3CD031140035A705e19ceC,FeralfileExhibitionV4,Truth,2439046679443273982118864381573244666656869199,2439046679443273982118864381573244666656869199,15,2788daa0-6065-4eb1-84c2-6d46828c4453,Metamosaic,image,QmQjzvrvZjzNGiqQhTGsiHeTpb9FmEcjCVWxVySf5FANC1/2439046679443273982118864381573244666656869199,previews/2788daa0-6065-4eb1-84c2-6d46828c4453/1692861090/_unique-previews/15,ipfs://QmaH6GK7VdrWD132k9eSDYDk5UkPv81Ww4HiRGJWjN8Nhk,previews/2788daa0-6065-4eb1-84c2-6d46828c4453/1692861090/_unique-thumbnails/15-large.jpg,ipfs://QmRzswVTG9Cmz5f6JmHxD87XNyjR1QiRzjqwuZTThH6L4Y
0xBb12686c360e9057be3CD031140035A705e19ceC,FeralfileExhibitionV4,Truth,2439046679443273982118864381573244666656869200,2439046679443273982118864381573244666656869200,16,2788daa0-6065-4eb1-84c2-6d46828c4453,Metamosaic,image,QmQjzvrvZjzNGiqQhTGsiHeTpb9FmEcjCVWxVySf5FANC1/2439046679443273982118864381573244666656869200,previews/2788daa0-6065-4eb1-84c2-6d46828c4453/1692861090/_unique-previews/16,ipfs://Qmcd9XsSteBgjd55A9xJrn5bDNPs7dY7bkdWSDQtQfsEqp,previews/2788daa0-6065-4eb1-84c2-6d46828c4453/1692861090/_unique-thumbnails/16-large.jpg,ipfs://QmXYwSix9yZMgf46aFzCoMgTg7pEbcE8ZdBUfidMqfRf7A
0xBb12686c360e9057be3CD031140035A705e19ceC,FeralfileExhibitionV4,Truth,2439046679443273982118864381573244666656869201,2439046679443273982118864381573244666656869201,17,2788daa0-6065-4eb1-84c2-6d46828c4453,Metamosaic,image,QmQjzvrvZjzNGiqQhTGsiHeTpb9FmEcjCVWxVySf5FANC1/2439046679443273982118864381573244666656869201,previews/2788daa0-6065-4eb1-84c2-6d46828c4453/1692861090/_unique-previews/17,ipfs://QmU3mnLi97BepEQiknrPEQFepsq6DvEDjpyU3UTF9dCbdS,previews/2788daa0-6065-4eb1-84c2-6d46828c4453/1692861090/_unique-thumbnails/17-large.jpg,ipfs://QmP7fcoUadaRUKwTUe4fMjw8qwy1GQtyAJBBa3ogb1JQUa
0xBb12686c360e9057be3CD031140035A705e19ceC,FeralfileExhibitionV4,Truth,2439046679443273982118864381573244666656869202,2439046679443273982118864381573244666656869202,18,2788daa0-6065-4eb1-84c2-6d46828c4453,Metamosaic,image,QmQjzvrvZjzNGiqQhTGsiHeTpb9FmEcjCVWxVySf5FANC1/2439046679443273982118864381573244666656869202,previews/2788daa0-6065-4eb1-84c2-6d46828c4453/1692861090/_unique-previews/18,ipfs://Qme1aXNHpacx86Hn9wwapYNF6b8MKbcigGiYYBExWBXuX9,previews/2788daa0-6065-4eb1-84c2-6d46828c4453/1692861090/_unique-thumbnails/18-large.jpg,ipfs://QmNhvabY2z4PGqGbNxQsi5Z2pGpVCC1wuVawvcpxYH91zn
0xBb12686c360e9057be3CD031140035A705e19ceC,FeralfileExhibitionV4,Truth,2439046679443273982118864381573244666656869203,2439046679443273982118864381573244666656869203,19,2788daa0-6065-4eb1-84c2-6d46828c4453,Metamosaic,image,QmQjzvrvZjzNGiqQhTGsiHeTpb9FmEcjCVWxVySf5FANC1/2439046679443273982118864381573244666656869203,previews/2788daa0-6065-4eb1-84c2-6d46828c4453/1692861090/_unique-previews/19,ipfs://QmXUCBtWYiQ1eN6gLUYBxTau7zoToyosNGD3X96gJnnq51,previews/2788daa0-6065-4eb1-84c2-6d46828c4453/1692861090/_unique-thumbnails/19-large.jpg,ipfs://QmT4byE7WA4oJDCV9css8Xc83h79Ks4ovzyfS4WvjQvdAT
0xBb12686c360e9057be3CD031140035A705e19ceC,FeralfileExhibitionV4,Truth,2439046679443273982118864381573244666656869204,2439046679443273982118864381573244666656869204,20,2788daa0-6065-4eb1-84c2-6d46828c4453,Metamosaic,image,QmQjzvrvZjzNGiqQhTGsiHeTpb9FmEcjCVWxVySf5FANC1/2439046679443273982118864381573244666656869204,previews/2788daa0-6065-4eb1-84c2-6d46828c4453/1692861090/_unique-previews/20,ipfs://QmVLFDcF4gQSvE6wZBncSyBVLWmhmMGUNd6HQusPM9goe6,previews/2788daa0-6065-4eb1-84c2-6d46828c4453/1692861090/_unique-thumbnails/20-large.jpg,ipfs://QmUsA89BHS722QWgL7USE9zaG8nKygiC9RYbMwBUJ1BXFq
0xBb12686c360e9057be3CD031140035A705e19ceC,FeralfileExhibitionV4,Truth,2439046679443273982118864381573244666656869205,2439046679443273982118864381573244666656869205,21,2788daa0-6065-4eb1-84c2-6d46828c4453,Metamosaic,image,QmQjzvrvZjzNGiqQhTGsiHeTpb9FmEcjCVWxVySf5FANC1/2439046679443273982118864381573244666656869205,previews/2788daa0-6065-4eb1-84c2-6d46828c4453/1692861090/_unique-previews/21,ipfs://QmX1bBV8YZB3qLqKFehDxbXXYkkuDJgTaL5chybwrEx9LV,previews/2788daa0-6065-4eb1-84c2-6d46828c4453/1692861090/_unique-thumbnails/21-large.jpg,ipfs://QmYQYSEFEjoW6MamD7vZeSUbFYY3zwnbUvrMtwd2mn5oST
0xBb12686c360e9057be3CD031140035A705e19ceC,FeralfileExhibitionV4,Truth,2439046679443273982118864381573244666656869206,2439046679443273982118864381573244666656869206,22,2788daa0-6065-4eb1-84c2-6d46828c4453,Metamosaic,image,QmQjzvrvZjzNGiqQhTGsiHeTpb9FmEcjCVWxVySf5FANC1/2439046679443273982118864381573244666656869206,previews/2788daa0-6065-4eb1-84c2-6d46828c4453/1692861090/_unique-previews/22,ipfs://QmQstrvoTPegmYhoVnehTjjWMHR5DCvxGfG2oiNS6B6yop,previews/2788daa0-6065-4eb1-84c2-6d46828c4453/1692861090/_unique-thumbnails/22-large.jpg,ipfs://QmaUEMjkt8MGui8gpzruyGySvYbHh8E23yrhqbAisj3D1H
0xBb12686c360e9057be3CD031140035A705e19ceC,FeralfileExhibitionV4,Truth,2439046679443273982118864381573244666656869207,2439046679443273982118864381573244666656869207,23,2788daa0-6065-4eb1-84c2-6d46828c4453,Metamosaic,image,QmQjzvrvZjzNGiqQhTGsiHeTpb9FmEcjCVWxVySf5FANC1/2439046679443273982118864381573244666656869207,previews/2788daa0-6065-4eb1-84c2-6d46828c4453/1692861090/_unique-previews/23,ipfs://QmTjpVEpGvJAq4pwFFxCihBvhTQySqmQtsEXRywWkrgzpG,previews/2788daa0-6065-4eb1-84c2-6d46828c4453/1692861090/_unique-thumbnails/23-large.jpg,ipfs://QmUAKaoY672jUjzWxhLno1Kgm3PuGzZj78Za8bGtYZuJbV
0xBb12686c360e9057be3CD031140035A705e19ceC,FeralfileExhibitionV4,Truth,2439046679443273982118864381573244666656869208,2439046679443273982118864381573244666656869208,24,2788daa0-6065-4eb1-84c2-6d46828c4453,Metamosaic,image,QmQjzvrvZjzNGiqQhTGsiHeTpb9FmEcjCVWxVySf5FANC1/2439046679443273982118864381573244666656869208,previews/2788daa0-6065-4eb1-84c2-6d46828c4453/1692861090/_unique-previews/24,ipfs://QmXJ7buVc16vHdYRQkSbxGfbUd1wTyhKFGKNDytRxj25kK,previews/2788daa0-6065-4eb1-84c2-6d46828c4453/1692861090/_unique-thumbnails/24-large.jpg,ipfs://Qmaj9K7tugEZWZ9tbWEat27SvVdbUQHMxDCbHcGpvyuwrc
0xBb12686c360e9057be3CD031140035A705e19ceC,FeralfileExhibitionV4,Truth,2439046679443273982118864381573244666656869209,2439046679443273982118864381573244666656869209,25,2788daa0-6065-4eb1-84c2-6d46828c4453,Metamosaic,image,QmQjzvrvZjzNGiqQhTGsiHeTpb9FmEcjCVWxVySf5FANC1/2439046679443273982118864381573244666656869209,previews/2788daa0-6065-4eb1-84c2-6d46828c4453/1692861090/_unique-previews/25,ipfs://QmV6JjbdFB3f2X5HX4g3k5ECtTkRQkR5uYVKDMGhPr2n5F,previews/2788daa0-6065-4eb1-84c2-6d46828c4453/1692861090/_unique-thumbnails/25-large.jpg,ipfs://QmQUKnPTauAHYoLnm8X9Uf4L1eijT3Wvt4XxamuksLfYg6
0xBb12686c360e9057be3CD031140035A705e19ceC,FeralfileExhibitionV4,Truth,2439046679443273982118864381573244666656869210,2439046679443273982118864381573244666656869210,26,2788daa0-6065-4eb1-84c2-6d46828c4453,Metamosaic,image,QmQjzvrvZjzNGiqQhTGsiHeTpb9FmEcjCVWxVySf5FANC1/2439046679443273982118864381573244666656869210,previews/2788daa0-6065-4eb1-84c2-6d46828c4453/1692861090/_unique-previews/26,ipfs://QmQF64eYqrzSeWMRWK9FDvKKzsgK25NQNFvXmxoQp13t8Q,previews/2788daa0-6065-4eb1-84c2-6d46828c4453/1692861090/_unique-thumbnails/26-large.jpg,ipfs://QmRmPytB2XnQVHJ8xozQUJh67w9WrcWUS93SAQf7sxsKta
0xBb12686c360e9057be3CD031140035A705e19ceC,FeralfileExhibitionV4,Truth,2439046679443273982118864381573244666656869211,2439046679443273982118864381573244666656869211,27,2788daa0-6065-4eb1-84c2-6d46828c4453,Metamosaic,image,QmQjzvrvZjzNGiqQhTGsiHeTpb9FmEcjCVWxVySf5FANC1/2439046679443273982118864381573244666656869211,previews/2788daa0-6065-4eb1-84c2-6d46828c4453/1692861090/_unique-previews/27,ipfs://QmZkhFEDD9hF5zMBaGvvhojPafo1wLr6ER9xUK9WicoVPt,previews/2788daa0-6065-4eb1-84c2-6d46828c4453/1692861090/_unique-thumbnails/27-large.jpg,ipfs://QmTiUzYgJt55uk69gP4ujF3snLh46nCsVdoFCBafpBGRwC
0xBb12686c360e9057be3CD031140035A705e19ceC,FeralfileExhibitionV4,Truth,2439046679443273982118864381573244666656869212,2439046679443273982118864381573244666656869212,28,2788daa0-6065-4eb1-84c2-6d46828c4453,Metamosaic,image,QmQjzvrvZjzNGiqQhTGsiHeTpb9FmEcjCVWxVySf5FANC1/2439046679443273982118864381573244666656869212,previews/2788daa0-6065-4eb1-84c2-6d46828c4453/1692861090/_unique-previews/28,ipfs://QmbANuFFE6PZDmGKQJXFn9m1jwb6fFbPhqukBRigeLK3RU,previews/2788daa0-6065-4eb1-84c2-6d46828c4453/1692861090/_unique-thumbnails/28-large.jpg,ipfs://QmNnLLmKFpft6rvZZNzvJoVE6BJaD8nnrR2y57LehZMKZW
0xBb12686c360e9057be3CD031140035A705e19ceC,FeralfileExhibitionV4,Truth,2439046679443273982118864381573244666656869213,2439046679443273982118864381573244666656869213,29,2788daa0-6065-4eb1-84c2-6d46828c4453,Metamosaic,image,QmQjzvrvZjzNGiqQhTGsiHeTpb9FmEcjCVWxVySf5FANC1/2439046679443273982118864381573244666656869213,previews/2788daa0-6065-4eb1-84c2-6d46828c4453/1692861090/_unique-previews/29,ipfs://QmWa4nqPhBQaztXCic6p2mAmtFmjf6u4BVrtQcDQuVtAhx,previews/2788daa0-6065-4eb1-84c2-6d46828c4453/1692861090/_unique-thumbnails/29-large.jpg,ipfs://QmeES4Hs2mr111ABohxLCsypanRdMZ97q7upuf7vr4wvew
0xBb12686c360e9057be3CD031140035A705e19ceC,FeralfileExhibitionV4,Truth,2439046679443273982118864381573244666656869214,2439046679443273982118864381573244666656869214,30,2788daa0-6065-4eb1-84c2-6d46828c4453,Metamosaic,image,QmQjzvrvZjzNGiqQhTGsiHeTpb9FmEcjCVWxVySf5FANC1/2439046679443273982118864381573244666656869214,previews/2788daa0-6065-4eb1-84c2-6d46828c4453/1692861090/_unique-previews/30,ipfs://QmYkiDr77SG9yVtoVXQWZCD13RVscDaS9eHXyNwUDUWeAT,previews/2788daa0-6065-4eb1-84c2-6d46828c4453/1692861090/_unique-thumbnails/30-large.jpg,ipfs://QmXDR9N5N9zNQNHC1iA5W9dMPHvBrVX7JASRGSTMLZcV2H
0xBb12686c360e9057be3CD031140035A705e19ceC,FeralfileExhibitionV4,Truth,2439046679443273982118864381573244666656869215,2439046679443273982118864381573244666656869215,31,2788daa0-6065-4eb1-84c2-6d46828c4453,Metamosaic,image,QmQjzvrvZjzNGiqQhTGsiHeTpb9FmEcjCVWxVySf5FANC1/2439046679443273982118864381573244666656869215,previews/2788daa0-6065-4eb1-84c2-6d46828c4453/1692861090/_unique-previews/31,ipfs://QmWW3Fx6qjUSSgHajZU3rXEgD6aKbhAPyxPAPjhAW1Qn3c,previews/2788daa0-6065-4eb1-84c2-6d46828c4453/1692861090/_unique-thumbnails/31-large.jpg,ipfs://QmeurmPV6orfv8zRSCgykLxSTmsPSX58jddDGwwv9PSW9z
0xBb12686c360e9057be3CD031140035A705e19ceC,FeralfileExhibitionV4,Truth,2439046679443273982118864381573244666656869216,2439046679443273982118864381573244666656869216,32,2788daa0-6065-4eb1-84c2-6d46828c4453,Metamosaic,image,QmQjzvrvZjzNGiqQhTGsiHeTpb9FmEcjCVWxVySf5FANC1/2439046679443273982118864381573244666656869216,previews/2788daa0-6065-4eb1-84c2-6d46828c4453/1692861090/_unique-previews/32,ipfs://QmeR7DCMX8AyefoSyPoCBPducST7tNqKSzwXrfL2brZ7gR,previews/2788daa0-6065-4eb1-84c2-6d46828c4453/1692861090/_unique-thumbnails/32-large.jpg,ipfs://QmX88mJ9EZZDgAA3zrCNpn7wvPnfiKuCj5axezeWv76UdX
0xBb12686c360e9057be3CD031140035A705e19ceC,FeralfileExhibitionV4,Truth,2439046679443273982118864381573244666656869217,2439046679443273982118864381573244666656869217,33,2788daa0-6065-4eb1-84c2-6d46828c4453,Metamosaic,image,QmQjzvrvZjzNGiqQhTGsiHeTpb9FmEcjCVWxVySf5FANC1/2439046679443273982118864381573244666656869217,previews/2788daa0-6065-4eb1-84c2-6d46828c4453/1692861090/_unique-previews/33,ipfs://QmNkpEsiF81SiPnDMueDUknw8wEB8DvXGCEQM8pXbHJ1s3,previews/2788daa0-6065-4eb1-84c2-6d46828c4453/1692861090/_unique-thumbnails/33-large.jpg,ipfs://QmWcFAASkodHKSg91nshCUvFEHneqj9cD8texmA1FKxG56
0xBb12686c360e9057be3CD031140035A705e19ceC,FeralfileExhibitionV4,Truth,2439046679443273982118864381573244666656869218,2439046679443273982118864381573244666656869218,34,2788daa0-6065-4eb1-84c2-6d46828c4453,Metamosaic,image,QmQjzvrvZjzNGiqQhTGsiHeTpb9FmEcjCVWxVySf5FANC1/2439046679443273982118864381573244666656869218,previews/2788daa0-6065-4eb1-84c2-6d46828c4453/1692861090/_unique-previews/34,ipfs://QmXaEjPVop8cDuqJntbsLTTkpFmRR5Pwoio6bgXs2a3vrg,previews/2788daa0-6065-4eb1-84c2-6d46828c4453/1692861090/_unique-thumbnails/34-large.jpg,ipfs://QmQLjNcFLJVDr97PjV8wwWUR4QhCug7idbwTNFbQDwuZfU
0xBb12686c360e9057be3CD031140035A705e19ceC,FeralfileExhibitionV4,Truth,2439046679443273982118864381573244666656869219,2439046679443273982118864381573244666656869219,35,2788daa0-6065-4eb1-84c2-6d46828c4453,Metamosaic,image,QmQjzvrvZjzNGiqQhTGsiHeTpb9FmEcjCVWxVySf5FANC1/2439046679443273982118864381573244666656869219,previews/2788daa0-6065-4eb1-84c2-6d46828c4453/1692861090/_unique-previews/35,ipfs://QmdufML9a86qSSUXpgirGrafuLpvfTWNFsWktCWXWHi6pr,previews/2788daa0-6065-4eb1-84c2-6d46828c4453/1692861090/_unique-thumbnails/35-large.jpg,ipfs://QmNo9feoLipjJNUJyXHJQ4GADNXW2CEhRtMzEJsqxLf9JN
0xBb12686c360e9057be3CD031140035A705e19ceC,FeralfileExhibitionV4,Truth,2439046679443273982118864381573244666656869220,2439046679443273982118864381573244666656869220,36,2788daa0-6065-4eb1-84c2-6d46828c4453,Metamosaic,image,QmQjzvrvZjzNGiqQhTGsiHeTpb9FmEcjCVWxVySf5FANC1/2439046679443273982118864381573244666656869220,previews/2788daa0-6065-4eb1-84c2-6d46828c4453/1692861090/_unique-previews/36,ipfs://QmTuMbLdg4ZBtPtycKzGuV8JkB3pFBRpxSAFCeU5dLbH99,previews/2788daa0-6065-4eb1-84c2-6d46828c4453/1692861090/_unique-thumbnails/36-large.jpg,ipfs://QmUqUHvdCQEJ9a3dYBeufV8Ufvw8U8jwBQvg9w9xnLcteB
0xBb12686c360e9057be3CD031140035A705e19ceC,FeralfileExhibitionV4,Truth,2439046679443273982118864381573244666656869221,2439046679443273982118864381573244666656869221,37,2788daa0-6065-4eb1-84c2-6d46828c4453,Metamosaic,image,QmQjzvrvZjzNGiqQhTGsiHeTpb9FmEcjCVWxVySf5FANC1/2439046679443273982118864381573244666656869221,previews/2788daa0-6065-4eb1-84c2-6d46828c4453/1692861090/_unique-previews/37,ipfs://QmQ1Y1ohRbvpfznGBCxx51tvxxL1JKB6W4Kk4E74NbPTqD,previews/2788daa0-6065-4eb1-84c2-6d46828c4453/1692861090/_unique-thumbnails/37-large.jpg,ipfs://QmX13QeQfWo2Uihxs56TXznbcBpLNvnX8E149FguKHdedP
0xBb12686c360e9057be3CD031140035A705e19ceC,FeralfileExhibitionV4,Truth,2439046679443273982118864381573244666656869222,2439046679443273982118864381573244666656869222,38,2788daa0-6065-4eb1-84c2-6d46828c4453,Metamosaic,image,QmQjzvrvZjzNGiqQhTGsiHeTpb9FmEcjCVWxVySf5FANC1/2439046679443273982118864381573244666656869222,previews/2788daa0-6065-4eb1-84c2-6d46828c4453/1692861090/_unique-previews/38,ipfs://QmNgnApUijCWQVQkXScmD7TTsfzJSCG5KksGAomyevGdcE,previews/2788daa0-6065-4eb1-84c2-6d46828c4453/1692861090/_unique-thumbnails/38-large.jpg,ipfs://QmeveM3xkLwY9A2TPU8oGUzFT3UFhj6K1TkGVRBaHATqVN
0xBb12686c360e9057be3CD031140035A705e19ceC,FeralfileExhibitionV4,Truth,2439046679443273982118864381573244666656869223,2439046679443273982118864381573244666656869223,39,2788daa0-6065-4eb1-84c2-6d46828c4453,Metamosaic,image,QmQjzvrvZjzNGiqQhTGsiHeTpb9FmEcjCVWxVySf5FANC1/2439046679443273982118864381573244666656869223,previews/2788daa0-6065-4eb1-84c2-6d46828c4453/1692861090/_unique-previews/39,ipfs://QmX4diAnb7tEjputf5PFCbMxpYk2vfaBpYgoEScXncSWBu,previews/2788daa0-6065-4eb1-84c2-6d46828c4453/1692861090/_unique-thumbnails/39-large.jpg,ipfs://QmeyjV4wimx3E1CxeW123RL4RqYxeQLTTQPu4xLJVs8M1Z
0xBb12686c360e9057be3CD031140035A705e19ceC,FeralfileExhibitionV4,Truth,2439046679443273982118864381573244666656869224,2439046679443273982118864381573244666656869224,40,2788daa0-6065-4eb1-84c2-6d46828c4453,Metamosaic,image,QmQjzvrvZjzNGiqQhTGsiHeTpb9FmEcjCVWxVySf5FANC1/2439046679443273982118864381573244666656869224,previews/2788daa0-6065-4eb1-84c2-6d46828c4453/1692861090/_unique-previews/40,ipfs://QmW3mZbWmNAXPsjphNj9Kp1d1BK165g7J9FQBPJH7b6FHs,previews/2788daa0-6065-4eb1-84c2-6d46828c4453/1692861090/_unique-thumbnails/40-large.jpg,ipfs://QmQa5UzbrKhEnPSjWVGG9VVRAMb3uDicvsA6e2BiDC4QCx
0xBb12686c360e9057be3CD031140035A705e19ceC,FeralfileExhibitionV4,Truth,2439046679443273982118864381573244666656869225,2439046679443273982118864381573244666656869225,41,2788daa0-6065-4eb1-84c2-6d46828c4453,Metamosaic,image,QmQjzvrvZjzNGiqQhTGsiHeTpb9FmEcjCVWxVySf5FANC1/2439046679443273982118864381573244666656869225,previews/2788daa0-6065-4eb1-84c2-6d46828c4453/1692861090/_unique-previews/41,ipfs://Qmec2uybgvzuLVD8eUqv22u39TVnj3A8xPRTYt9ox19kGe,previews/2788daa0-6065-4eb1-84c2-6d46828c4453/1692861090/_unique-thumbnails/41-large.jpg,ipfs://QmYCnp2rVbTtNbTPPHKJHbz95KPgatQdctT6F3e7zXvGet
0xBb12686c360e9057be3CD031140035A705e19ceC,FeralfileExhibitionV4,Truth,2439046679443273982118864381573244666656869226,2439046679443273982118864381573244666656869226,42,2788daa0-6065-4eb1-84c2-6d46828c4453,Metamosaic,image,QmQjzvrvZjzNGiqQhTGsiHeTpb9FmEcjCVWxVySf5FANC1/2439046679443273982118864381573244666656869226,previews/2788daa0-6065-4eb1-84c2-6d46828c4453/1692861090/_unique-previews/42,ipfs://QmZ9fPP2RSbSqjXiEBXufPXVw4rgMBhoG6VfEu9FEdpzLC,previews/2788daa0-6065-4eb1-84c2-6d46828c4453/1692861090/_unique-thumbnails/42-large.jpg,ipfs://QmPZQczDhzHczCAWUc3FPGVBuvSVi7FR4Rs8imJ6RdBVdu
0xBb12686c360e9057be3CD031140035A705e19ceC,FeralfileExhibitionV4,Truth,2439046679443273982118864381573244666656869227,2439046679443273982118864381573244666656869227,43,2788daa0-6065-4eb1-84c2-6d46828c4453,Metamosaic,image,QmQjzvrvZjzNGiqQhTGsiHeTpb9FmEcjCVWxVySf5FANC1/2439046679443273982118864381573244666656869227,previews/2788daa0-6065-4eb1-84c2-6d46828c4453/1692861090/_unique-previews/43,ipfs://Qmdocx3VoKe4MmBGf9H193krfK4puHwhbKKxHmioVJhpeC,previews/2788daa0-6065-4eb1-84c2-6d46828c4453/1692861090/_unique-thumbnails/43-large.jpg,ipfs://QmcNPmAFpAyazUipMk2bHA44ofB7kGWe4MPRpCWQjT9jsm
0xBb12686c360e9057be3CD031140035A705e19ceC,FeralfileExhibitionV4,Truth,2439046679443273982118864381573244666656869228,2439046679443273982118864381573244666656869228,44,2788daa0-6065-4eb1-84c2-6d46828c4453,Metamosaic,image,QmQjzvrvZjzNGiqQhTGsiHeTpb9FmEcjCVWxVySf5FANC1/2439046679443273982118864381573244666656869228,previews/2788daa0-6065-4eb1-84c2-6d46828c4453/1692861090/_unique-previews/44,ipfs://QmcQ1RiRDfz5pTZ1Xm1UAQpzAU19aSPQB8kJCBVdjMUh9E,previews/2788daa0-6065-4eb1-84c2-6d46828c4453/1692861090/_unique-thumbnails/44-large.jpg,ipfs://QmX4sMrYpAj5mbxs3o7hgmWQjXd6HmZmDh5e2soT2ozm7S
0xBb12686c360e9057be3CD031140035A705e19ceC,FeralfileExhibitionV4,Truth,2439046679443273982118864381573244666656869229,2439046679443273982118864381573244666656869229,45,2788daa0-6065-4eb1-84c2-6d46828c4453,Metamosaic,image,QmQjzvrvZjzNGiqQhTGsiHeTpb9FmEcjCVWxVySf5FANC1/2439046679443273982118864381573244666656869229,previews/2788daa0-6065-4eb1-84c2-6d46828c4453/1692861090/_unique-previews/45,ipfs://QmQmCjrHkAF3F2pdfAykEz7p8DHWsYXLYwBqZ6avmws1Xb,previews/2788daa0-6065-4eb1-84c2-6d46828c4453/1692861090/_unique-thumbnails/45-large.jpg,ipfs://QmRxPM1jFf219JcnZgNVYsTXS5YAcWmFjf8LWP8M7ZehRc
0xBb12686c360e9057be3CD031140035A705e19ceC,FeralfileExhibitionV4,Truth,2439046679443273982118864381573244666656869230,2439046679443273982118864381573244666656869230,46,2788daa0-6065-4eb1-84c2-6d46828c4453,Metamosaic,image,QmQjzvrvZjzNGiqQhTGsiHeTpb9FmEcjCVWxVySf5FANC1/2439046679443273982118864381573244666656869230,previews/2788daa0-6065-4eb1-84c2-6d46828c4453/1692861090/_unique-previews/46,ipfs://QmQsG5JPisxAeQVbJ7jQKqgzSQBBArsDh25s1cLvvharAU,previews/2788daa0-6065-4eb1-84c2-6d46828c4453/1692861090/_unique-thumbnails/46-large.jpg,ipfs://QmPWzsyJzMtLvwrtKeoHkYbm3ic1qow4VpnZq2NUyAYAUH
0xBb12686c360e9057be3CD031140035A705e19ceC,FeralfileExhibitionV4,Truth,2439046679443273982118864381573244666656869231,2439046679443273982118864381573244666656869231,47,2788daa0-6065-4eb1-84c2-6d46828c4453,Metamosaic,image,QmQjzvrvZjzNGiqQhTGsiHeTpb9FmEcjCVWxVySf5FANC1/2439046679443273982118864381573244666656869231,previews/2788daa0-6065-4eb1-84c2-6d46828c4453/1692861090/_unique-previews/47,ipfs://QmdJGJgqKog95saAvbtDWNqmd1Sc1GmhXdNxaVM1xyvLex,previews/2788daa0-6065-4eb1-84c2-6d46828c4453/1692861090/_unique-thumbnails/47-large.jpg,ipfs://QmTiZt9pdVpTKwJ7qvkHaMWNpmEE54BzxJZPEqkXKqBBDf
0xBb12686c360e9057be3CD031140035A705e19ceC,FeralfileExhibitionV4,Truth,2439046679443273982118864381573244666656869232,2439046679443273982118864381573244666656869232,48,2788daa0-6065-4eb1-84c2-6d46828c4453,Metamosaic,image,QmQjzvrvZjzNGiqQhTGsiHeTpb9FmEcjCVWxVySf5FANC1/2439046679443273982118864381573244666656869232,previews/2788daa0-6065-4eb1-84c2-6d46828c4453/1692861090/_unique-previews/48,ipfs://QmezNBUZ1PM1wHtfyudXXU7hRr2Lw9dLGA787FXTtQw1Ge,previews/2788daa0-6065-4eb1-84c2-6d46828c4453/1692861090/_unique-thumbnails/48-large.jpg,ipfs://QmVBi8MTJWxtRCXLuM9RVvjzg6VKkfhRZwRCJN4xnTRuKf
0xBb12686c360e9057be3CD031140035A705e19ceC,FeralfileExhibitionV4,Truth,2439046679443273982118864381573244666656869233,2439046679443273982118864381573244666656869233,49,2788daa0-6065-4eb1-84c2-6d46828c4453,Metamosaic,image,QmQjzvrvZjzNGiqQhTGsiHeTpb9FmEcjCVWxVySf5FANC1/2439046679443273982118864381573244666656869233,previews/2788daa0-6065-4eb1-84c2-6d46828c4453/1692861090/_unique-previews/49,ipfs://QmUyrmKutYwf5wvSB3vYD5KcMmwGdFftLfsse3zQQzLqyj,previews/2788daa0-6065-4eb1-84c2-6d46828c4453/1692861090/_unique-thumbnails/49-large.jpg,ipfs://Qmf5CrFDkqSuFpEKCQEgeew7zQSUo39rd2Cr8Z1NJVcdJv
0xBb12686c360e9057be3CD031140035A705e19ceC,FeralfileExhibitionV4,Truth,2439046679443273982118864381573244666656869234,2439046679443273982118864381573244666656869234,50,2788daa0-6065-4eb1-84c2-6d46828c4453,Metamosaic,image,QmQjzvrvZjzNGiqQhTGsiHeTpb9FmEcjCVWxVySf5FANC1/2439046679443273982118864381573244666656869234,previews/2788daa0-6065-4eb1-84c2-6d46828c4453/1692861090/_unique-previews/50,ipfs://QmaoqWjP2iTRnoUArk2gzKZKGSEF3apcsVE9QHUcWgdjcV,previews/2788daa0-6065-4eb1-84c2-6d46828c4453/1692861090/_unique-thumbnails/50-large.jpg,ipfs://QmYRHMDcNSRRaNdm9JPkjumfrYGHehNDb886chHh8s1gBe
0xBb12686c360e9057be3CD031140035A705e19ceC,FeralfileExhibitionV4,Truth,2439046679443273982118864381573244666656869235,2439046679443273982118864381573244666656869235,51,2788daa0-6065-4eb1-84c2-6d46828c4453,Metamosaic,image,QmQjzvrvZjzNGiqQhTGsiHeTpb9FmEcjCVWxVySf5FANC1/2439046679443273982118864381573244666656869235,previews/2788daa0-6065-4eb1-84c2-6d46828c4453/1692861090/_unique-previews/51,ipfs://QmVKDFbSHRjqeFgWkrWW61BXg7XdUpttW6EEAZN7zm9fDM,previews/2788daa0-6065-4eb1-84c2-6d46828c4453/1692861090/_unique-thumbnails/51-large.jpg,ipfs://QmWkbyDKMgbQqALu7eGctMkvjLSHJ3Y1qahpVM34awmpkC
0xBb12686c360e9057be3CD031140035A705e19ceC,FeralfileExhibitionV4,Truth,2439046679443273982118864381573244666656869236,2439046679443273982118864381573244666656869236,52,2788daa0-6065-4eb1-84c2-6d46828c4453,Metamosaic,image,QmQjzvrvZjzNGiqQhTGsiHeTpb9FmEcjCVWxVySf5FANC1/2439046679443273982118864381573244666656869236,previews/2788daa0-6065-4eb1-84c2-6d46828c4453/1692861090/_unique-previews/52,ipfs://QmQJFCfAbJm8rmduF2EJJaR9LNWTDEPsx2wNJnWnF8L4Jg,previews/2788daa0-6065-4eb1-84c2-6d46828c4453/1692861090/_unique-thumbnails/52-large.jpg,ipfs://Qma5KiuAXhCqHXVu5aUgKpuAZGtLCMKwE34evqjMK6W7DQ
0xBb12686c360e9057be3CD031140035A705e19ceC,FeralfileExhibitionV4,Truth,2439046679443273982118864381573244666656869237,2439046679443273982118864381573244666656869237,53,2788daa0-6065-4eb1-84c2-6d46828c4453,Metamosaic,image,QmQjzvrvZjzNGiqQhTGsiHeTpb9FmEcjCVWxVySf5FANC1/2439046679443273982118864381573244666656869237,previews/2788daa0-6065-4eb1-84c2-6d46828c4453/1692861090/_unique-previews/53,ipfs://QmYungMN9X8FJdhQa8MCqhXCmfvwYuxSLTFAJFBqsaPQ1n,previews/2788daa0-6065-4eb1-84c2-6d46828c4453/1692861090/_unique-thumbnails/53-large.jpg,ipfs://QmRvrVqCeRWX5CUqvLDBd7u1DAsLmNmQYiVfGFnPYqUKEB
0xBb12686c360e9057be3CD031140035A705e19ceC,FeralfileExhibitionV4,Truth,2439046679443273982118864381573244666656869238,2439046679443273982118864381573244666656869238,54,2788daa0-6065-4eb1-84c2-6d46828c4453,Metamosaic,image,QmQjzvrvZjzNGiqQhTGsiHeTpb9FmEcjCVWxVySf5FANC1/2439046679443273982118864381573244666656869238,previews/2788daa0-6065-4eb1-84c2-6d46828c4453/1692861090/_unique-previews/54,ipfs://QmQUfKZqtQ9ETeBeQXQp3SQaj8rdXC4weheQQqZAfZVLob,previews/2788daa0-6065-4eb1-84c2-6d46828c4453/1692861090/_unique-thumbnails/54-large.jpg,ipfs://QmdPfAaHGV3sFDeUc3GtxTtAMqAgJE9TUrCNqULqeSGhQz
0xBb12686c360e9057be3CD031140035A705e19ceC,FeralfileExhibitionV4,Truth,2439046679443273982118864381573244666656869239,2439046679443273982118864381573244666656869239,55,2788daa0-6065-4eb1-84c2-6d46828c4453,Metamosaic,image,QmQjzvrvZjzNGiqQhTGsiHeTpb9FmEcjCVWxVySf5FANC1/2439046679443273982118864381573244666656869239,previews/2788daa0-6065-4eb1-84c2-6d46828c4453/1692861090/_unique-previews/55,ipfs://QmZGCSu4PpHk4j7u6x7oL8sQk7SnUN6iFTYtAzF5ebAs7J,previews/2788daa0-6065-4eb1-84c2-6d46828c4453/1692861090/_unique-thumbnails/55-large.jpg,ipfs://QmZEgZr4mdXWk6e6cz5135boeoeLJXArHVVgRFVDs4LZdB
0xBb12686c360e9057be3CD031140035A705e19ceC,FeralfileExhibitionV4,Truth,2439046679443273982118864381573244666656869240,2439046679443273982118864381573244666656869240,56,2788daa0-6065-4eb1-84c2-6d46828c4453,Metamosaic,image,QmQjzvrvZjzNGiqQhTGsiHeTpb9FmEcjCVWxVySf5FANC1/2439046679443273982118864381573244666656869240,previews/2788daa0-6065-4eb1-84c2-6d46828c4453/1692861090/_unique-previews/56,ipfs://Qmcx8SeoSg55ZDxaeFnzrg3t19HW5rBxEkr6o3u4G1Q3gP,previews/2788daa0-6065-4eb1-84c2-6d46828c4453/1692861090/_unique-thumbnails/56-large.jpg,ipfs://QmSXZFeaQevgMBPsg4jgdHxUkn6Q1MEdN4QPKozBEEEmnH
0xBb12686c360e9057be3CD031140035A705e19ceC,FeralfileExhibitionV4,Truth,2439046679443273982118864381573244666656869241,2439046679443273982118864381573244666656869241,57,2788daa0-6065-4eb1-84c2-6d46828c4453,Metamosaic,image,QmQjzvrvZjzNGiqQhTGsiHeTpb9FmEcjCVWxVySf5FANC1/2439046679443273982118864381573244666656869241,previews/2788daa0-6065-4eb1-84c2-6d46828c4453/1692861090/_unique-previews/57,ipfs://QmUsaDTwcj1Xzmswunk3PKnqi4omDXnqH1DZPWTD8zBaKN,previews/2788daa0-6065-4eb1-84c2-6d46828c4453/1692861090/_unique-thumbnails/57-large.jpg,ipfs://QmeDYbijdpPAoeVCrpzrUa3LpnzHLm54nj24sNYuoEyyeU
0xBb12686c360e9057be3CD031140035A705e19ceC,FeralfileExhibitionV4,Truth,2439046679443273982118864381573244666656869242,2439046679443273982118864381573244666656869242,58,2788daa0-6065-4eb1-84c2-6d46828c4453,Metamosaic,image,QmQjzvrvZjzNGiqQhTGsiHeTpb9FmEcjCVWxVySf5FANC1/2439046679443273982118864381573244666656869242,previews/2788daa0-6065-4eb1-84c2-6d46828c4453/1692861090/_unique-previews/58,ipfs://QmNmPBmigyp9SMLAbodrLED5TASx1MoupyZ5nkXm7HPUxZ,previews/2788daa0-6065-4eb1-84c2-6d46828c4453/1692861090/_unique-thumbnails/58-large.jpg,ipfs://QmemnzCnqZBHuntpkkS6s3VbKaQBskNGQu5jfY9SwHiR2R
0xBb12686c360e9057be3CD031140035A705e19ceC,FeralfileExhibitionV4,Truth,2439046679443273982118864381573244666656869243,2439046679443273982118864381573244666656869243,59,2788daa0-6065-4eb1-84c2-6d46828c4453,Metamosaic,image,QmQjzvrvZjzNGiqQhTGsiHeTpb9FmEcjCVWxVySf5FANC1/2439046679443273982118864381573244666656869243,previews/2788daa0-6065-4eb1-84c2-6d46828c4453/1692861090/_unique-previews/59,ipfs://QmQzBjPhkMwSMyK1jVrmukz41SNMEw8DhLfxMUMT9bkMam,previews/2788daa0-6065-4eb1-84c2-6d46828c4453/1692861090/_unique-thumbnails/59-large.jpg,ipfs://QmS6JVt3ACihuTDQAijSxm242E5Yr7JoZX2TTC9xZt7D3G
0xBb12686c360e9057be3CD031140035A705e19ceC,FeralfileExhibitionV4,Truth,2439046679443273982118864381573244666656869244,2439046679443273982118864381573244666656869244,60,2788daa0-6065-4eb1-84c2-6d46828c4453,Metamosaic,image,QmQjzvrvZjzNGiqQhTGsiHeTpb9FmEcjCVWxVySf5FANC1/2439046679443273982118864381573244666656869244,previews/2788daa0-6065-4eb1-84c2-6d46828c4453/1692861090/_unique-previews/60,ipfs://QmX33qtHFyCzfMgJkjw35JA1weZjJyvAr4hQofytceLGRz,previews/2788daa0-6065-4eb1-84c2-6d46828c4453/1692861090/_unique-thumbnails/60-large.jpg,ipfs://QmcubYPZUNwsUiR3rCGqgT7fBExbiMUtQ6YB2wu7NNd35W
0xBb12686c360e9057be3CD031140035A705e19ceC,FeralfileExhibitionV4,Truth,2439046679443273982118864381573244666656869245,2439046679443273982118864381573244666656869245,61,2788daa0-6065-4eb1-84c2-6d46828c4453,Metamosaic,image,QmQjzvrvZjzNGiqQhTGsiHeTpb9FmEcjCVWxVySf5FANC1/2439046679443273982118864381573244666656869245,previews/2788daa0-6065-4eb1-84c2-6d46828c4453/1692861090/_unique-previews/61,ipfs://QmcRCMwUoBEC4uG9fYYaBpparHZD4jEmU1WKKjHUdC32w8,previews/2788daa0-6065-4eb1-84c2-6d46828c4453/1692861090/_unique-thumbnails/61-large.jpg,ipfs://QmZjwM1bYUbisZNubKSSJjgX6AinXgcz31R83xP1RstxCz
0xBb12686c360e9057be3CD031140035A705e19ceC,FeralfileExhibitionV4,Truth,2439046679443273982118864381573244666656869246,2439046679443273982118864381573244666656869246,62,2788daa0-6065-4eb1-84c2-6d46828c4453,Metamosaic,image,QmQjzvrvZjzNGiqQhTGsiHeTpb9FmEcjCVWxVySf5FANC1/2439046679443273982118864381573244666656869246,previews/2788daa0-6065-4eb1-84c2-6d46828c4453/1692861090/_unique-previews/62,ipfs://QmRsRHXq47xmGyY4uzHwbPbTH84anij9NqDtFNd3gdE4m2,previews/2788daa0-6065-4eb1-84c2-6d46828c4453/1692861090/_unique-thumbnails/62-large.jpg,ipfs://QmS9rshoCFZi5Z17Ltdnt8zGEAYJo6eA97EVcjYMnNJB6X
0xBb12686c360e9057be3CD031140035A705e19ceC,FeralfileExhibitionV4,Truth,2439046679443273982118864381573244666656869247,2439046679443273982118864381573244666656869247,63,2788daa0-6065-4eb1-84c2-6d46828c4453,Metamosaic,image,QmQjzvrvZjzNGiqQhTGsiHeTpb9FmEcjCVWxVySf5FANC1/2439046679443273982118864381573244666656869247,previews/2788daa0-6065-4eb1-84c2-6d46828c4453/1692861090/_unique-previews/63,ipfs://QmSYYEzPCmtTeb7iqrDcMmgHGqzfW5AcC7YtTDkwmvTAmg,previews/2788daa0-6065-4eb1-84c2-6d46828c4453/1692861090/_unique-thumbnails/63-large.jpg,ipfs://QmYvoQT4T8hh5xCukHf1t1p2Dr52n7oYhtMhaseFs7owBK
0xBb12686c360e9057be3CD031140035A705e19ceC,FeralfileExhibitionV4,Truth,2439046679443273982118864381573244666656869248,2439046679443273982118864381573244666656869248,64,2788daa0-6065-4eb1-84c2-6d46828c4453,Metamosaic,image,QmQjzvrvZjzNGiqQhTGsiHeTpb9FmEcjCVWxVySf5FANC1/2439046679443273982118864381573244666656869248,previews/2788daa0-6065-4eb1-84c2-6d46828c4453/1692861090/_unique-previews/64,ipfs://Qmar815GGPrPSNzGBPD8VaySuAcS823UFj8eFcjiUPszhq,previews/2788daa0-6065-4eb1-84c2-6d46828c4453/1692861090/_unique-thumbnails/64-large.jpg,ipfs://QmXT3c49yRktwm4sXCALkDsSjcQosZDENtztn64grSgMN5
0xBb12686c360e9057be3CD031140035A705e19ceC,FeralfileExhibitionV4,Truth,2439046679443273982118864381573244666656869249,2439046679443273982118864381573244666656869249,65,2788daa0-6065-4eb1-84c2-6d46828c4453,Metamosaic,image,QmQjzvrvZjzNGiqQhTGsiHeTpb9FmEcjCVWxVySf5FANC1/2439046679443273982118864381573244666656869249,previews/2788daa0-6065-4eb1-84c2-6d46828c4453/1692861090/_unique-previews/65,ipfs://QmNLkQCXELfd73bpuGJpobiC89Jc7uppYSLYrKXwLPkmmY,previews/2788daa0-6065-4eb1-84c2-6d46828c4453/1692861090/_unique-thumbnails/65-large.jpg,ipfs://QmPNYWfAUjfmDZZPdQJh6NZgepBAYMnvDiGTBtTbZcyfgD
0xBb12686c360e9057be3CD031140035A705e19ceC,FeralfileExhibitionV4,Truth,2439046679443273982118864381573244666656869250,2439046679443273982118864381573244666656869250,66,2788daa0-6065-4eb1-84c2-6d46828c4453,Metamosaic,image,QmQjzvrvZjzNGiqQhTGsiHeTpb9FmEcjCVWxVySf5FANC1/2439046679443273982118864381573244666656869250,previews/2788daa0-6065-4eb1-84c2-6d46828c4453/1692861090/_unique-previews/66,ipfs://QmUk3Mm6TfUSBaqY6GSawcTuNj9BtcrBASEAVTNXEgAXV2,previews/2788daa0-6065-4eb1-84c2-6d46828c4453/1692861090/_unique-thumbnails/66-large.jpg,ipfs://QmcSMUviYmSvqNrFeFFfNm89ASsGr4QdDnkWW1RQgABo9t
0xBb12686c360e9057be3CD031140035A705e19ceC,FeralfileExhibitionV4,Truth,2439046679443273982118864381573244666656869251,2439046679443273982118864381573244666656869251,67,2788daa0-6065-4eb1-84c2-6d46828c4453,Metamosaic,image,QmQjzvrvZjzNGiqQhTGsiHeTpb9FmEcjCVWxVySf5FANC1/2439046679443273982118864381573244666656869251,previews/2788daa0-6065-4eb1-84c2-6d46828c4453/1692861090/_unique-previews/67,ipfs://QmUzJyNbDkUfKLnvUcBhVP19fgCsTMQhJYmQE4Fs2JAX2a,previews/2788daa0-6065-4eb1-84c2-6d46828c4453/1692861090/_unique-thumbnails/67-large.jpg,ipfs://QmQUj3Xid5CnV31VgLn8wjjVJ2ecnHqXxgKaSJ455rxS9Y
0xBb12686c360e9057be3CD031140035A705e19ceC,FeralfileExhibitionV4,Truth,2439046679443273982118864381573244666656869252,2439046679443273982118864381573244666656869252,68,2788daa0-6065-4eb1-84c2-6d46828c4453,Metamosaic,image,QmQjzvrvZjzNGiqQhTGsiHeTpb9FmEcjCVWxVySf5FANC1/2439046679443273982118864381573244666656869252,previews/2788daa0-6065-4eb1-84c2-6d46828c4453/1692861090/_unique-previews/68,ipfs://QmQePnbURkzvWKdYs1E5KSgrAeggsVTbayrZhnEpG3kmV4,previews/2788daa0-6065-4eb1-84c2-6d46828c4453/1692861090/_unique-thumbnails/68-large.jpg,ipfs://QmbfF1Cq1FACYGceq2P7NeyoNwhpHw3KBEoYZUKzZ7vdSi
0xBb12686c360e9057be3CD031140035A705e19ceC,FeralfileExhibitionV4,Truth,2439046679443273982118864381573244666656869253,2439046679443273982118864381573244666656869253,69,2788daa0-6065-4eb1-84c2-6d46828c4453,Metamosaic,image,QmQjzvrvZjzNGiqQhTGsiHeTpb9FmEcjCVWxVySf5FANC1/2439046679443273982118864381573244666656869253,previews/2788daa0-6065-4eb1-84c2-6d46828c4453/1692861090/_unique-previews/69,ipfs://QmXMoMXy6mdpw6eWFTZ3Gfk2u2nJ72h8jaKKyTZpnmnKbE,previews/2788daa0-6065-4eb1-84c2-6d46828c4453/1692861090/_unique-thumbnails/69-large.jpg,ipfs://QmZVGbD5AVPN4AmsQnRpP5KgmuxS69S9X4aks2B2C1xeqW
0xBb12686c360e9057be3CD031140035A705e19ceC,FeralfileExhibitionV4,Truth,2439046679443273982118864381573244666656869254,2439046679443273982118864381573244666656869254,70,2788daa0-6065-4eb1-84c2-6d46828c4453,Metamosaic,image,QmQjzvrvZjzNGiqQhTGsiHeTpb9FmEcjCVWxVySf5FANC1/2439046679443273982118864381573244666656869254,previews/2788daa0-6065-4eb1-84c2-6d46828c4453/1692861090/_unique-previews/70,ipfs://QmZFrqLh4qjErnoc6kNheTUyAho2PvAHnYK4vxpDQ9ThSc,previews/2788daa0-6065-4eb1-84c2-6d46828c4453/1692861090/_unique-thumbnails/70-large.jpg,ipfs://QmXK6Q9zy6hD9MdKLdwjeJLYhr8wU57rEjQZz7ELBS57wE
0xBb12686c360e9057be3CD031140035A705e19ceC,FeralfileExhibitionV4,Truth,2439046679443273982118864381573244666656869255,2439046679443273982118864381573244666656869255,71,2788daa0-6065-4eb1-84c2-6d46828c4453,Metamosaic,image,QmQjzvrvZjzNGiqQhTGsiHeTpb9FmEcjCVWxVySf5FANC1/2439046679443273982118864381573244666656869255,previews/2788daa0-6065-4eb1-84c2-6d46828c4453/1692861090/_unique-previews/71,ipfs://QmNRriCYczp6icx5LiaHtFtRSP6CKwFtQtDbTKCBgMc8c7,previews/2788daa0-6065-4eb1-84c2-6d46828c4453/1692861090/_unique-thumbnails/71-large.jpg,ipfs://QmXpZzGnWJvUdnNmi7eb1ppChroyb3sFDNEtUbpNAd9VJz
0xBb12686c360e9057be3CD031140035A705e19ceC,FeralfileExhibitionV4,Truth,2439046679443273982118864381573244666656869256,2439046679443273982118864381573244666656869256,72,2788daa0-6065-4eb1-84c2-6d46828c4453,Metamosaic,image,QmQjzvrvZjzNGiqQhTGsiHeTpb9FmEcjCVWxVySf5FANC1/2439046679443273982118864381573244666656869256,previews/2788daa0-6065-4eb1-84c2-6d46828c4453/1692861090/_unique-previews/72,ipfs://QmYh4BCVzksrCHPEi1tXAomhUQeagapPBXXYvmxmxr44dJ,previews/2788daa0-6065-4eb1-84c2-6d46828c4453/1692861090/_unique-thumbnails/72-large.jpg,ipfs://QmdsT5rkEePKxWXNgmcLzQmkBUjF5vJ3E1vyFzBewDw1dX
0xBb12686c360e9057be3CD031140035A705e19ceC,FeralfileExhibitionV4,Truth,2439046679443273982118864381573244666656869257,2439046679443273982118864381573244666656869257,73,2788daa0-6065-4eb1-84c2-6d46828c4453,Metamosaic,image,QmQjzvrvZjzNGiqQhTGsiHeTpb9FmEcjCVWxVySf5FANC1/2439046679443273982118864381573244666656869257,previews/2788daa0-6065-4eb1-84c2-6d46828c4453/1692861090/_unique-previews/73,ipfs://Qmccx9U7RigHxdci71kJUSGSMA5LpsFpz8cvqMrnV94wFT,previews/2788daa0-6065-4eb1-84c2-6d46828c4453/1692861090/_unique-thumbnails/73-large.jpg,ipfs://Qmak5ZSws2gKtnnc181ki9WGnfPwbGkW42UT58RazD3Zhy
0xBb12686c360e9057be3CD031140035A705e19ceC,FeralfileExhibitionV4,Truth,2439046679443273982118864381573244666656869258,2439046679443273982118864381573244666656869258,74,2788daa0-6065-4eb1-84c2-6d46828c4453,Metamosaic,image,QmQjzvrvZjzNGiqQhTGsiHeTpb9FmEcjCVWxVySf5FANC1/2439046679443273982118864381573244666656869258,previews/2788daa0-6065-4eb1-84c2-6d46828c4453/1692861090/_unique-previews/74,ipfs://Qmdb2g2f8dA75Xjua2KuJWJCQWYa9oebo1G8MQZuz2v4Q5,previews/2788daa0-6065-4eb1-84c2-6d46828c4453/1692861090/_unique-thumbnails/74-large.jpg,ipfs://QmaEPeHBGJxDAdzZaa3uBNLDjm9ZPbCZEzrjCeXLkmq5NR
0xBb12686c360e9057be3CD031140035A705e19ceC,FeralfileExhibitionV4,Truth,2439046679443273982118864381573244666656869259,2439046679443273982118864381573244666656869259,75,2788daa0-6065-4eb1-84c2-6d46828c4453,Metamosaic,image,QmQjzvrvZjzNGiqQhTGsiHeTpb9FmEcjCVWxVySf5FANC1/2439046679443273982118864381573244666656869259,previews/2788daa0-6065-4eb1-84c2-6d46828c4453/1692861090/_unique-previews/75,ipfs://QmZqxZ9vhX8LuoNsN2v3tpfDvnMt4DAEcNKtXZHPYjqcd8,previews/2788daa0-6065-4eb1-84c2-6d46828c4453/1692861090/_unique-thumbnails/75-large.jpg,ipfs://QmTjt95T2v6XWmSWsouWNoKCjXCqvas2J7oLDUXaazYdqJ
0xBb12686c360e9057be3CD031140035A705e19ceC,FeralfileExhibitionV4,Truth,2439046679443273982118864381573244666656869260,2439046679443273982118864381573244666656869260,76,2788daa0-6065-4eb1-84c2-6d46828c4453,Metamosaic,image,QmQjzvrvZjzNGiqQhTGsiHeTpb9FmEcjCVWxVySf5FANC1/2439046679443273982118864381573244666656869260,previews/2788daa0-6065-4eb1-84c2-6d46828c4453/1692861090/_unique-previews/76,ipfs://QmTJWjc1E1Dkd5y236ERxSH9q3qF8WWCPSourfAm2un2zH,previews/2788daa0-6065-4eb1-84c2-6d46828c4453/1692861090/_unique-thumbnails/76-large.jpg,ipfs://Qmf8VSM1S9UwNqPpNyVTHBYymd4Hnrb4yMiYyMoUEoQSkH
0xBb12686c360e9057be3CD031140035A705e19ceC,FeralfileExhibitionV4,Truth,2439046679443273982118864381573244666656869261,2439046679443273982118864381573244666656869261,77,2788daa0-6065-4eb1-84c2-6d46828c4453,Metamosaic,image,QmQjzvrvZjzNGiqQhTGsiHeTpb9FmEcjCVWxVySf5FANC1/2439046679443273982118864381573244666656869261,previews/2788daa0-6065-4eb1-84c2-6d46828c4453/1692861090/_unique-previews/77,ipfs://QmdpnYZ5v7gbTqDbqLqapsbbe9o5d2fMYrPSL1s4ehEbcA,previews/2788daa0-6065-4eb1-84c2-6d46828c4453/1692861090/_unique-thumbnails/77-large.jpg,ipfs://QmUWTyPfjsKybeQZV1HKdi91BqHCYKxwWCyKF7FjgKZXQq
0xBb12686c360e9057be3CD031140035A705e19ceC,FeralfileExhibitionV4,Truth,2439046679443273982118864381573244666656869262,2439046679443273982118864381573244666656869262,78,2788daa0-6065-4eb1-84c2-6d46828c4453,Metamosaic,image,QmQjzvrvZjzNGiqQhTGsiHeTpb9FmEcjCVWxVySf5FANC1/2439046679443273982118864381573244666656869262,previews/2788daa0-6065-4eb1-84c2-6d46828c4453/1692861090/_unique-previews/78,ipfs://QmeBsLP4H9kFQTpUX5UawT57xFcuYghuvQiEC2uYoN9WMp,previews/2788daa0-6065-4eb1-84c2-6d46828c4453/1692861090/_unique-thumbnails/78-large.jpg,ipfs://Qmcu1yPMPFTLRkVjHR4WnAaRG3PqjCxBYRuLdneH2z36fL
0xBb12686c360e9057be3CD031140035A705e19ceC,FeralfileExhibitionV4,Truth,2439046679443273982118864381573244666656869263,2439046679443273982118864381573244666656869263,79,2788daa0-6065-4eb1-84c2-6d46828c4453,Metamosaic,image,QmQjzvrvZjzNGiqQhTGsiHeTpb9FmEcjCVWxVySf5FANC1/2439046679443273982118864381573244666656869263,previews/2788daa0-6065-4eb1-84c2-6d46828c4453/1692861090/_unique-previews/79,ipfs://QmeuRkfUjuximtJF2rQbeqGKsprzuZABsLQ1tTMNQsZGhS,previews/2788daa0-6065-4eb1-84c2-6d46828c4453/1692861090/_unique-thumbnails/79-large.jpg,ipfs://QmSbLAJN9oYPv2jtpyYMDZetiWQRfgxqVxAHGKRUwbtg7C
0xBb12686c360e9057be3CD031140035A705e19ceC,FeralfileExhibitionV4,Truth,2439046679443273982118864381573244666656869264,2439046679443273982118864381573244666656869264,80,2788daa0-6065-4eb1-84c2-6d46828c4453,Metamosaic,image,QmQjzvrvZjzNGiqQhTGsiHeTpb9FmEcjCVWxVySf5FANC1/2439046679443273982118864381573244666656869264,previews/2788daa0-6065-4eb1-84c2-6d46828c4453/1692861090/_unique-previews/80,ipfs://QmWUWoujz9T5XpqEwaFoxK1duHFoZgE9FdxA1j46AbMkjU,previews/2788daa0-6065-4eb1-84c2-6d46828c4453/1692861090/_unique-thumbnails/80-large.jpg,ipfs://Qma6ndwH4mbWWTudBYw3HZj6eex58EkosjbT3xidCYyH9N
0xBb12686c360e9057be3CD031140035A705e19ceC,FeralfileExhibitionV4,Truth,2439046679443273982118864381573244666656869265,2439046679443273982118864381573244666656869265,81,2788daa0-6065-4eb1-84c2-6d46828c4453,Metamosaic,image,QmQjzvrvZjzNGiqQhTGsiHeTpb9FmEcjCVWxVySf5FANC1/2439046679443273982118864381573244666656869265,previews/2788daa0-6065-4eb1-84c2-6d46828c4453/1692861090/_unique-previews/81,ipfs://QmUBjSodwXr8tqzK9iLEXfgpiJgDB9mA7VVNWV2BGUwj74,previews/2788daa0-6065-4eb1-84c2-6d46828c4453/1692861090/_unique-thumbnails/81-large.jpg,ipfs://QmSY8nHDLfJdwbPk6aPk8tefzn3mojQ1DUoV7ksmx3NoeD
0xBb12686c360e9057be3CD031140035A705e19ceC,FeralfileExhibitionV4,Truth,2439046679443273982118864381573244666656869266,2439046679443273982118864381573244666656869266,82,2788daa0-6065-4eb1-84c2-6d46828c4453,Metamosaic,image,QmQjzvrvZjzNGiqQhTGsiHeTpb9FmEcjCVWxVySf5FANC1/2439046679443273982118864381573244666656869266,previews/2788daa0-6065-4eb1-84c2-6d46828c4453/1692861090/_unique-previews/82,ipfs://QmXF55MWV68PKkukm7yoyACKVTk488EnBN1iPKenPnYh6P,previews/2788daa0-6065-4eb1-84c2-6d46828c4453/1692861090/_unique-thumbnails/82-large.jpg,ipfs://QmYCUVvwjyGpM4LhSstPvj9AsScvFZvgg8EhyMuYcxQ8Eu
0xBb12686c360e9057be3CD031140035A705e19ceC,FeralfileExhibitionV4,Truth,2439046679443273982118864381573244666656869267,2439046679443273982118864381573244666656869267,83,2788daa0-6065-4eb1-84c2-6d46828c4453,Metamosaic,image,QmQjzvrvZjzNGiqQhTGsiHeTpb9FmEcjCVWxVySf5FANC1/2439046679443273982118864381573244666656869267,previews/2788daa0-6065-4eb1-84c2-6d46828c4453/1692861090/_unique-previews/83,ipfs://QmbyqFq6wpvVaprzLmJGDFsorpHAWhNgULZWJpLrcLL4hS,previews/2788daa0-6065-4eb1-84c2-6d46828c4453/1692861090/_unique-thumbnails/83-large.jpg,ipfs://QmWTYuMhMF7ba6ppj9amaB3sv6UgeVjHHD4bnAWMuxiYfj
0xBb12686c360e9057be3CD031140035A705e19ceC,FeralfileExhibitionV4,Truth,2439046679443273982118864381573244666656869268,2439046679443273982118864381573244666656869268,84,2788daa0-6065-4eb1-84c2-6d46828c4453,Metamosaic,image,QmQjzvrvZjzNGiqQhTGsiHeTpb9FmEcjCVWxVySf5FANC1/2439046679443273982118864381573244666656869268,previews/2788daa0-6065-4eb1-84c2-6d46828c4453/1692861090/_unique-previews/84,ipfs://Qmcbej1T6xaAYSojGkWF1zzDdmoSrcYcuP2ME3eRmpxVkW,previews/2788daa0-6065-4eb1-84c2-6d46828c4453/1692861090/_unique-thumbnails/84-large.jpg,ipfs://QmZqLL55iAoGtxoyCA34AiyafGVLcwW4aEnPWMAPVoJAYj
0xBb12686c360e9057be3CD031140035A705e19ceC,FeralfileExhibitionV4,Truth,2439046679443273982118864381573244666656869269,2439046679443273982118864381573244666656869269,85,2788daa0-6065-4eb1-84c2-6d46828c4453,Metamosaic,image,QmQjzvrvZjzNGiqQhTGsiHeTpb9FmEcjCVWxVySf5FANC1/2439046679443273982118864381573244666656869269,previews/2788daa0-6065-4eb1-84c2-6d46828c4453/1692861090/_unique-previews/85,ipfs://QmQNqRUNw45YMMBnVvv7fqV2vm4U3YCvF7eLSCaVHC3YG7,previews/2788daa0-6065-4eb1-84c2-6d46828c4453/1692861090/_unique-thumbnails/85-large.jpg,ipfs://QmbCxzuJG44wJDWvV8P9pMxvAAwwXoSrJerPGskZCXRcZA
0xBb12686c360e9057be3CD031140035A705e19ceC,FeralfileExhibitionV4,Truth,2439046679443273982118864381573244666656869270,2439046679443273982118864381573244666656869270,86,2788daa0-6065-4eb1-84c2-6d46828c4453,Metamosaic,image,QmQjzvrvZjzNGiqQhTGsiHeTpb9FmEcjCVWxVySf5FANC1/2439046679443273982118864381573244666656869270,previews/2788daa0-6065-4eb1-84c2-6d46828c4453/1692861090/_unique-previews/86,ipfs://QmaFw1YLVcspVLB115K1ASaTDgGyJSS35ZbhpztgHf6aPf,previews/2788daa0-6065-4eb1-84c2-6d46828c4453/1692861090/_unique-thumbnails/86-large.jpg,ipfs://QmXuYhi3GBkBXoP2pcfZSy2ktxr9XSyHcTzMKqHkrTzYYK
0xBb12686c360e9057be3CD031140035A705e19ceC,FeralfileExhibitionV4,Truth,2439046679443273982118864381573244666656869271,2439046679443273982118864381573244666656869271,87,2788daa0-6065-4eb1-84c2-6d46828c4453,Metamosaic,image,QmQjzvrvZjzNGiqQhTGsiHeTpb9FmEcjCVWxVySf5FANC1/2439046679443273982118864381573244666656869271,previews/2788daa0-6065-4eb1-84c2-6d46828c4453/1692861090/_unique-previews/87,ipfs://QmTcntsJSYRHfYda6RZ1HSDokiyXEJPDVEEYGx34pUfUeF,previews/2788daa0-6065-4eb1-84c2-6d46828c4453/1692861090/_unique-thumbnails/87-large.jpg,ipfs://Qmb8bDk2CGpkYK47p4FUiguYZrQEbTwfVowURYVvMNZeP1
0xBb12686c360e9057be3CD031140035A705e19ceC,FeralfileExhibitionV4,Truth,2439046679443273982118864381573244666656869272,2439046679443273982118864381573244666656869272,88,2788daa0-6065-4eb1-84c2-6d46828c4453,Metamosaic,image,QmQjzvrvZjzNGiqQhTGsiHeTpb9FmEcjCVWxVySf5FANC1/2439046679443273982118864381573244666656869272,previews/2788daa0-6065-4eb1-84c2-6d46828c4453/1692861090/_unique-previews/88,ipfs://QmbndBpXYPgmBzLLvTKX7Wie4xrai7vXmqAGx8efKiD7Sj,previews/2788daa0-6065-4eb1-84c2-6d46828c4453/1692861090/_unique-thumbnails/88-large.jpg,ipfs://QmearR1uW8zLqpLqCPY5tk2ZPr2grdDWAJgzE1BD67Y1X2
0xBb12686c360e9057be3CD031140035A705e19ceC,FeralfileExhibitionV4,Truth,2439046679443273982118864381573244666656869273,2439046679443273982118864381573244666656869273,89,2788daa0-6065-4eb1-84c2-6d46828c4453,Metamosaic,image,QmQjzvrvZjzNGiqQhTGsiHeTpb9FmEcjCVWxVySf5FANC1/2439046679443273982118864381573244666656869273,previews/2788daa0-6065-4eb1-84c2-6d46828c4453/1692861090/_unique-previews/89,ipfs://QmSAQgz5G9xAdRJt9x6w5LZcdck7FpEKGs9anATLEk4XU1,previews/2788daa0-6065-4eb1-84c2-6d46828c4453/1692861090/_unique-thumbnails/89-large.jpg,ipfs://QmUW8tohEGn1bUQT1TkG4H6ZtEy8bHVHUucLAGcTEf67At
0xBb12686c360e9057be3CD031140035A705e19ceC,FeralfileExhibitionV4,Truth,2439046679443273982118864381573244666656869274,2439046679443273982118864381573244666656869274,90,2788daa0-6065-4eb1-84c2-6d46828c4453,Metamosaic,image,QmQjzvrvZjzNGiqQhTGsiHeTpb9FmEcjCVWxVySf5FANC1/2439046679443273982118864381573244666656869274,previews/2788daa0-6065-4eb1-84c2-6d46828c4453/1692861090/_unique-previews/90,ipfs://QmSAvfnGiiTmXqjcCt3shpHPtUXc98Ht4jZrcRdvsr7dCJ,previews/2788daa0-6065-4eb1-84c2-6d46828c4453/1692861090/_unique-thumbnails/90-large.jpg,ipfs://QmRYqFkf2k5NWf5ZJW84FiJV6shiu6EQp7KAVt5nAvBQJw
0xBb12686c360e9057be3CD031140035A705e19ceC,FeralfileExhibitionV4,Truth,2439046679443273982118864381573244666656869275,2439046679443273982118864381573244666656869275,91,2788daa0-6065-4eb1-84c2-6d46828c4453,Metamosaic,image,QmQjzvrvZjzNGiqQhTGsiHeTpb9FmEcjCVWxVySf5FANC1/2439046679443273982118864381573244666656869275,previews/2788daa0-6065-4eb1-84c2-6d46828c4453/1692861090/_unique-previews/91,ipfs://QmP3ke2oGJwThimUGecxeeey7YTeUP1ViWRgynA9GUpQ7p,previews/2788daa0-6065-4eb1-84c2-6d46828c4453/1692861090/_unique-thumbnails/91-large.jpg,ipfs://QmY24yhwiJZJXis1BJpMqJTuQwQdbxa4RR3PZmxoBNw3iS
0xBb12686c360e9057be3CD031140035A705e19ceC,FeralfileExhibitionV4,Truth,2439046679443273982118864381573244666656869276,2439046679443273982118864381573244666656869276,92,2788daa0-6065-4eb1-84c2-6d46828c4453,Metamosaic,image,QmQjzvrvZjzNGiqQhTGsiHeTpb9FmEcjCVWxVySf5FANC1/2439046679443273982118864381573244666656869276,previews/2788daa0-6065-4eb1-84c2-6d46828c4453/1692861090/_unique-previews/92,ipfs://QmVHqvMmKgXKsD2VyV5DT3DaNzvAe1xjqfe9TpKbg71UyS,previews/2788daa0-6065-4eb1-84c2-6d46828c4453/1692861090/_unique-thumbnails/92-large.jpg,ipfs://QmNantMvaDQESuoHFTxVUs22GEKRnvKuHU3G16m6HF6XMz
0xBb12686c360e9057be3CD031140035A705e19ceC,FeralfileExhibitionV4,Truth,2439046679443273982118864381573244666656869277,2439046679443273982118864381573244666656869277,93,2788daa0-6065-4eb1-84c2-6d46828c4453,Metamosaic,image,QmQjzvrvZjzNGiqQhTGsiHeTpb9FmEcjCVWxVySf5FANC1/2439046679443273982118864381573244666656869277,previews/2788daa0-6065-4eb1-84c2-6d46828c4453/1692861090/_unique-previews/93,ipfs://QmUeE6XJWPKTa6wesWBgEiqUiW6twUfvENfstJWghmyMQf,previews/2788daa0-6065-4eb1-84c2-6d46828c4453/1692861090/_unique-thumbnails/93-large.jpg,ipfs://QmZSwUVSEmnH3DuU4YUwe311PNgE4xuFzUVjXiPceSYsbd
0xBb12686c360e9057be3CD031140035A705e19ceC,FeralfileExhibitionV4,Truth,2439046679443273982118864381573244666656869278,2439046679443273982118864381573244666656869278,94,2788daa0-6065-4eb1-84c2-6d46828c4453,Metamosaic,image,QmQjzvrvZjzNGiqQhTGsiHeTpb9FmEcjCVWxVySf5FANC1/2439046679443273982118864381573244666656869278,previews/2788daa0-6065-4eb1-84c2-6d46828c4453/1692861090/_unique-previews/94,ipfs://Qmdbk2dZRR5SUR8eLjLPkP7DCk3q9TfDpkUAxGATvTAnmW,previews/2788daa0-6065-4eb1-84c2-6d46828c4453/1692861090/_unique-thumbnails/94-large.jpg,ipfs://QmaZxFQcLwd8EzfotXJd84sKK2oiu6ZVuqcXcANzLtfnSt
0xBb12686c360e9057be3CD031140035A705e19ceC,FeralfileExhibitionV4,Truth,2439046679443273982118864381573244666656869279,2439046679443273982118864381573244666656869279,95,2788daa0-6065-4eb1-84c2-6d46828c4453,Metamosaic,image,QmQjzvrvZjzNGiqQhTGsiHeTpb9FmEcjCVWxVySf5FANC1/2439046679443273982118864381573244666656869279,previews/2788daa0-6065-4eb1-84c2-6d46828c4453/1692861090/_unique-previews/95,ipfs://QmRhG8gTNMJqccyFaQPuGmrYEm5zUM8AYJvH7U4yPXKCr3,previews/2788daa0-6065-4eb1-84c2-6d46828c4453/1692861090/_unique-thumbnails/95-large.jpg,ipfs://QmWJTDDP3Q3TaVD9ra8VuN3jcUireL9FrecBXurHAn1PQH
0xBb12686c360e9057be3CD031140035A705e19ceC,FeralfileExhibitionV4,Truth,2439046679443273982118864381573244666656869280,2439046679443273982118864381573244666656869280,96,2788daa0-6065-4eb1-84c2-6d46828c4453,Metamosaic,image,QmQjzvrvZjzNGiqQhTGsiHeTpb9FmEcjCVWxVySf5FANC1/2439046679443273982118864381573244666656869280,previews/2788daa0-6065-4eb1-84c2-6d46828c4453/1692861090/_unique-previews/96,ipfs://QmYZarr6kgxEDfRzeEDgTHa62Un77j8xxSvajemTP25tHS,previews/2788daa0-6065-4eb1-84c2-6d46828c4453/1692861090/_unique-thumbnails/96-large.jpg,ipfs://QmPaZaDchTfZnCYDt1PwyCU8PUcWU2k2L274NNkGFhU2mB
0xBb12686c360e9057be3CD031140035A705e19ceC,FeralfileExhibitionV4,Truth,2439046679443273982118864381573244666656869281,2439046679443273982118864381573244666656869281,97,2788daa0-6065-4eb1-84c2-6d46828c4453,Metamosaic,image,QmQjzvrvZjzNGiqQhTGsiHeTpb9FmEcjCVWxVySf5FANC1/2439046679443273982118864381573244666656869281,previews/2788daa0-6065-4eb1-84c2-6d46828c4453/1692861090/_unique-previews/97,ipfs://QmTqjegEaxDK9f5JFwnNmvk7E5h3wCSK6WWJ8K1A7uzxXD,previews/2788daa0-6065-4eb1-84c2-6d46828c4453/1692861090/_unique-thumbnails/97-large.jpg,ipfs://QmT7RAyMa898ZG4P7mtam3hBiRBJckDBGV39Qnn81UAgfw
0xBb12686c360e9057be3CD031140035A705e19ceC,FeralfileExhibitionV4,Truth,2439046679443273982118864381573244666656869282,2439046679443273982118864381573244666656869282,98,2788daa0-6065-4eb1-84c2-6d46828c4453,Metamosaic,image,QmQjzvrvZjzNGiqQhTGsiHeTpb9FmEcjCVWxVySf5FANC1/2439046679443273982118864381573244666656869282,previews/2788daa0-6065-4eb1-84c2-6d46828c4453/1692861090/_unique-previews/98,ipfs://QmcDenVdpn1Bj4ZdYkWWKedxHKsV5f8vqFrWHSQFD5misB,previews/2788daa0-6065-4eb1-84c2-6d46828c4453/1692861090/_unique-thumbnails/98-large.jpg,ipfs://QmbXB8RBHBVRzz3cMzSK1akoXy8nJXxBspyJ4ZSc2Hr55S
0xBb12686c360e9057be3CD031140035A705e19ceC,FeralfileExhibitionV4,Truth,2439046679443273982118864381573244666656869283,2439046679443273982118864381573244666656869283,99,2788daa0-6065-4eb1-84c2-6d46828c4453,Metamosaic,image,QmQjzvrvZjzNGiqQhTGsiHeTpb9FmEcjCVWxVySf5FANC1/2439046679443273982118864381573244666656869283,previews/2788daa0-6065-4eb1-84c2-6d46828c4453/1692861090/_unique-previews/99,ipfs://Qma8PakhaMhENmMgsi7TuZNgt98r5RSK7mMw5k8nqsj5wX,previews/2788daa0-6065-4eb1-84c2-6d46828c4453/1692861090/_unique-thumbnails/99-large.jpg,ipfs://QmddF7BLWVoMAVodaPYGPbM4TvWkEMrXX6WcRCmvQWKcg4
0xBb12686c360e9057be3CD031140035A705e19ceC,FeralfileExhibitionV4,Truth,2439046679443273982118864381573244666656869284,2439046679443273982118864381573244666656869284,100,2788daa0-6065-4eb1-84c2-6d46828c4453,Metamosaic,image,QmQjzvrvZjzNGiqQhTGsiHeTpb9FmEcjCVWxVySf5FANC1/2439046679443273982118864381573244666656869284,previews/2788daa0-6065-4eb1-84c2-6d46828c4453/1692861090/_unique-previews/100,ipfs://QmeB3Z4rF6A3HHGq16R16dVeLXfCvA9e6d8UPk1vmCm5T6,previews/2788daa0-6065-4eb1-84c2-6d46828c4453/1692861090/_unique-thumbnails/100-large.jpg,ipfs://QmWZwzGurP35b3Q9fRqkGRrvSKZ2YPrbG2uWPVAqksbRqw
0xBb12686c360e9057be3CD031140035A705e19ceC,FeralfileExhibitionV4,Truth,2439046679443273982118864381573244666656869285,2439046679443273982118864381573244666656869285,101,2788daa0-6065-4eb1-84c2-6d46828c4453,Metamosaic,image,QmQjzvrvZjzNGiqQhTGsiHeTpb9FmEcjCVWxVySf5FANC1/2439046679443273982118864381573244666656869285,previews/2788daa0-6065-4eb1-84c2-6d46828c4453/1692861090/_unique-previews/101,ipfs://QmXwnmwvYE1dJNhUjKYPxxYtAmcX5B8zkPaHySiNTr8BT7,previews/2788daa0-6065-4eb1-84c2-6d46828c4453/1692861090/_unique-thumbnails/101-large.jpg,ipfs://QmPAwdLRq2vV4qVQGDdQbGt3dQc78RTFWshdRwvzJaCCLD
0xBb12686c360e9057be3CD031140035A705e19ceC,FeralfileExhibitionV4,Truth,2439046679443273982118864381573244666656869286,2439046679443273982118864381573244666656869286,102,2788daa0-6065-4eb1-84c2-6d46828c4453,Metamosaic,image,QmQjzvrvZjzNGiqQhTGsiHeTpb9FmEcjCVWxVySf5FANC1/2439046679443273982118864381573244666656869286,previews/2788daa0-6065-4eb1-84c2-6d46828c4453/1692861090/_unique-previews/102,ipfs://QmPzJvnB9P9weQCfgTrsQfw4ceaRXpLsdvByfnJxFpC4aC,previews/2788daa0-6065-4eb1-84c2-6d46828c4453/1692861090/_unique-thumbnails/102-large.jpg,ipfs://QmRh46yr1XL7E1NDxZCiuZPiEgNivgjd7XpUosehkj5WjK
0xBb12686c360e9057be3CD031140035A705e19ceC,FeralfileExhibitionV4,Truth,2439046679443273982118864381573244666656869287,2439046679443273982118864381573244666656869287,103,2788daa0-6065-4eb1-84c2-6d46828c4453,Metamosaic,image,QmQjzvrvZjzNGiqQhTGsiHeTpb9FmEcjCVWxVySf5FANC1/2439046679443273982118864381573244666656869287,previews/2788daa0-6065-4eb1-84c2-6d46828c4453/1692861090/_unique-previews/103,ipfs://QmXAMMNBwnLNLrKgnjZ4X8C1AwJwZuxEV6LMvefcM9b6qw,previews/2788daa0-6065-4eb1-84c2-6d46828c4453/1692861090/_unique-thumbnails/103-large.jpg,ipfs://QmQYuv51ESWbyMLCChCz9f6ckGXzuhgynqCXyA1Vwc6bbD
0xBb12686c360e9057be3CD031140035A705e19ceC,FeralfileExhibitionV4,Truth,2439046679443273982118864381573244666656869288,2439046679443273982118864381573244666656869288,104,2788daa0-6065-4eb1-84c2-6d46828c4453,Metamosaic,image,QmQjzvrvZjzNGiqQhTGsiHeTpb9FmEcjCVWxVySf5FANC1/2439046679443273982118864381573244666656869288,previews/2788daa0-6065-4eb1-84c2-6d46828c4453/1692861090/_unique-previews/104,ipfs://QmQUugBUM1Voaq6tPqrGxJ2YcAhkEd15vZQNDpSEihSahP,previews/2788daa0-6065-4eb1-84c2-6d46828c4453/1692861090/_unique-thumbnails/104-large.jpg,ipfs://QmZwen1EtUGfBdPdxyEo52YWDdwnExAdirwUq7ABNZFvPs
0xBb12686c360e9057be3CD031140035A705e19ceC,FeralfileExhibitionV4,Truth,2439046679443273982118864381573244666656869289,2439046679443273982118864381573244666656869289,105,2788daa0-6065-4eb1-84c2-6d46828c4453,Metamosaic,image,QmQjzvrvZjzNGiqQhTGsiHeTpb9FmEcjCVWxVySf5FANC1/2439046679443273982118864381573244666656869289,previews/2788daa0-6065-4eb1-84c2-6d46828c4453/1692861090/_unique-previews/105,ipfs://QmUuAXSjQB6cZ8N6QmYmNC6NtG1NTrCuJpBwhQJb8nAMSw,previews/2788daa0-6065-4eb1-84c2-6d46828c4453/1692861090/_unique-thumbnails/105-large.jpg,ipfs://Qmb1sYktYCq8Ai1mQLPzcWMRQ6XoXpCRjAxM72D6rPxTNB
0xBb12686c360e9057be3CD031140035A705e19ceC,FeralfileExhibitionV4,Truth,2439046679443273982118864381573244666656869290,2439046679443273982118864381573244666656869290,106,2788daa0-6065-4eb1-84c2-6d46828c4453,Metamosaic,image,QmQjzvrvZjzNGiqQhTGsiHeTpb9FmEcjCVWxVySf5FANC1/2439046679443273982118864381573244666656869290,previews/2788daa0-6065-4eb1-84c2-6d46828c4453/1692861090/_unique-previews/106,ipfs://QmPmkqmGk4MqZmtizdQsYDNLMt7zokTao5dagfUfmSDn1r,previews/2788daa0-6065-4eb1-84c2-6d46828c4453/1692861090/_unique-thumbnails/106-large.jpg,ipfs://QmZ3WQCnqw3zQE5qqRmxZ7gZNedWatPTY6uxfQtnBDWoXF
0xBb12686c360e9057be3CD031140035A705e19ceC,FeralfileExhibitionV4,Truth,2439046679443273982118864381573244666656869291,2439046679443273982118864381573244666656869291,107,2788daa0-6065-4eb1-84c2-6d46828c4453,Metamosaic,image,QmQjzvrvZjzNGiqQhTGsiHeTpb9FmEcjCVWxVySf5FANC1/2439046679443273982118864381573244666656869291,previews/2788daa0-6065-4eb1-84c2-6d46828c4453/1692861090/_unique-previews/107,ipfs://QmVJLuw2QGd7owfZ2fkgM1JiPHzFLmETjd3dTGkkPnEDzo,previews/2788daa0-6065-4eb1-84c2-6d46828c4453/1692861090/_unique-thumbnails/107-large.jpg,ipfs://QmQV1NgjKEFypXietzGnqG5Xc7sDABJ6NCK6xoxWZ5iXRn
0xBb12686c360e9057be3CD031140035A705e19ceC,FeralfileExhibitionV4,Truth,2439046679443273982118864381573244666656869292,2439046679443273982118864381573244666656869292,108,2788daa0-6065-4eb1-84c2-6d46828c4453,Metamosaic,image,QmQjzvrvZjzNGiqQhTGsiHeTpb9FmEcjCVWxVySf5FANC1/2439046679443273982118864381573244666656869292,previews/2788daa0-6065-4eb1-84c2-6d46828c4453/1692861090/_unique-previews/108,ipfs://QmT2WRFboQoRBCvpDMLypiBW88ga6Ld1CYqk3CMCQP3nJC,previews/2788daa0-6065-4eb1-84c2-6d46828c4453/1692861090/_unique-thumbnails/108-large.jpg,ipfs://QmcyirNzgnJXEzjX44K4e7ZS6SbxRMpgX3HVxjhnHJepeR
0xBb12686c360e9057be3CD031140035A705e19ceC,FeralfileExhibitionV4,Truth,2439046679443273982118864381573244666656869293,2439046679443273982118864381573244666656869293,109,2788daa0-6065-4eb1-84c2-6d46828c4453,Metamosaic,image,QmQjzvrvZjzNGiqQhTGsiHeTpb9FmEcjCVWxVySf5FANC1/2439046679443273982118864381573244666656869293,previews/2788daa0-6065-4eb1-84c2-6d46828c4453/1692861090/_unique-previews/109,ipfs://QmNq2Qjc4zxDAN2jM1v7PNtMHafjSVf9SX1pDwxAm9baYE,previews/2788daa0-6065-4eb1-84c2-6d46828c4453/1692861090/_unique-thumbnails/109-large.jpg,ipfs://QmP6KerDd355kkm5rw2dm1hd84eLrNkxLj9xbvxcPDssPh
0xBb12686c360e9057be3CD031140035A705e19ceC,FeralfileExhibitionV4,Truth,2439046679443273982118864381573244666656869294,2439046679443273982118864381573244666656869294,110,2788daa0-6065-4eb1-84c2-6d46828c4453,Metamosaic,image,QmQjzvrvZjzNGiqQhTGsiHeTpb9FmEcjCVWxVySf5FANC1/2439046679443273982118864381573244666656869294,previews/2788daa0-6065-4eb1-84c2-6d46828c4453/1692861090/_unique-previews/110,ipfs://QmZtmaVmvwYJTpArN6dzR6qpdMTjzdWgocRCujrnobweLF,previews/2788daa0-6065-4eb1-84c2-6d46828c4453/1692861090/_unique-thumbnails/110-large.jpg,ipfs://QmP87yeqVoZYsip9ZEKXwnJh5zVfZQUVJx2ekbjQV2fQns
0xBb12686c360e9057be3CD031140035A705e19ceC,FeralfileExhibitionV4,Truth,2439046679443273982118864381573244666656869295,2439046679443273982118864381573244666656869295,111,2788daa0-6065-4eb1-84c2-6d46828c4453,Metamosaic,image,QmQjzvrvZjzNGiqQhTGsiHeTpb9FmEcjCVWxVySf5FANC1/2439046679443273982118864381573244666656869295,previews/2788daa0-6065-4eb1-84c2-6d46828c4453/1692861090/_unique-previews/111,ipfs://QmVsPvJoG4bZPJpVLhviJgMRRL9xh7NTnbX2cFVaCQCNCk,previews/2788daa0-6065-4eb1-84c2-6d46828c4453/1692861090/_unique-thumbnails/111-large.jpg,ipfs://QmdZ1ZZ5aXwAp6o7bQ63ST6awpVLPWfxdHH6LmQNcFAcEY
0xBb12686c360e9057be3CD031140035A705e19ceC,FeralfileExhibitionV4,Truth,2439046679443273982118864381573244666656869296,2439046679443273982118864381573244666656869296,112,2788daa0-6065-4eb1-84c2-6d46828c4453,Metamosaic,image,QmQjzvrvZjzNGiqQhTGsiHeTpb9FmEcjCVWxVySf5FANC1/2439046679443273982118864381573244666656869296,previews/2788daa0-6065-4eb1-84c2-6d46828c4453/1692861090/_unique-previews/112,ipfs://QmcjePRo2VW91kAMuvg1w77nzRqqk2m5MS8ai5LfWRccux,previews/2788daa0-6065-4eb1-84c2-6d46828c4453/1692861090/_unique-thumbnails/112-large.jpg,ipfs://QmaMFC25WMoqb9somSysn9jhxXuQZLToUmY5vCcZ6oZ4yT
0xBb12686c360e9057be3CD031140035A705e19ceC,FeralfileExhibitionV4,Truth,2439046679443273982118864381573244666656869297,2439046679443273982118864381573244666656869297,113,2788daa0-6065-4eb1-84c2-6d46828c4453,Metamosaic,image,QmQjzvrvZjzNGiqQhTGsiHeTpb9FmEcjCVWxVySf5FANC1/2439046679443273982118864381573244666656869297,previews/2788daa0-6065-4eb1-84c2-6d46828c4453/1692861090/_unique-previews/113,ipfs://QmWhTdfuBAwyJ6JJYtbDYYrLExPrzewEixAVkNbMgS5uEy,previews/2788daa0-6065-4eb1-84c2-6d46828c4453/1692861090/_unique-thumbnails/113-large.jpg,ipfs://QmfXP1irEid9GcvvGvyQrvXnYvhH3kCknwiB4C1ufLPEpM
0xBb12686c360e9057be3CD031140035A705e19ceC,FeralfileExhibitionV4,Truth,2439046679443273982118864381573244666656869298,2439046679443273982118864381573244666656869298,114,2788daa0-6065-4eb1-84c2-6d46828c4453,Metamosaic,image,QmQjzvrvZjzNGiqQhTGsiHeTpb9FmEcjCVWxVySf5FANC1/2439046679443273982118864381573244666656869298,previews/2788daa0-6065-4eb1-84c2-6d46828c4453/1692861090/_unique-previews/114,ipfs://Qma8hQNwQtsuemQfupEteynkHSKB2RBQQiVQZuN9fgzH33,previews/2788daa0-6065-4eb1-84c2-6d46828c4453/1692861090/_unique-thumbnails/114-large.jpg,ipfs://QmU6vWzWVKSe8oS1NdzffMDvfZ8Mxb3MZkM2MvUDSuMzA2
0xBb12686c360e9057be3CD031140035A705e19ceC,FeralfileExhibitionV4,Truth,2439046679443273982118864381573244666656869299,2439046679443273982118864381573244666656869299,115,2788daa0-6065-4eb1-84c2-6d46828c4453,Metamosaic,image,QmQjzvrvZjzNGiqQhTGsiHeTpb9FmEcjCVWxVySf5FANC1/2439046679443273982118864381573244666656869299,previews/2788daa0-6065-4eb1-84c2-6d46828c4453/1692861090/_unique-previews/115,ipfs://QmfEx1gDkwuodU82nVvu4D55Lg8p76VFtpTX5kNCtwD3YM,previews/2788daa0-6065-4eb1-84c2-6d46828c4453/1692861090/_unique-thumbnails/115-large.jpg,ipfs://QmYhuJbr4MXd4YhVQPfKrr937Ze2uuxSidt9nhRPqE7vpZ
0xBb12686c360e9057be3CD031140035A705e19ceC,FeralfileExhibitionV4,Truth,2439046679443273982118864381573244666656869300,2439046679443273982118864381573244666656869300,116,2788daa0-6065-4eb1-84c2-6d46828c4453,Metamosaic,image,QmQjzvrvZjzNGiqQhTGsiHeTpb9FmEcjCVWxVySf5FANC1/2439046679443273982118864381573244666656869300,previews/2788daa0-6065-4eb1-84c2-6d46828c4453/1692861090/_unique-previews/116,ipfs://Qma5SCS3Nw7Cbdds2qA3D1DePMpvTQZZQFYmqR5A42P5fx,previews/2788daa0-6065-4eb1-84c2-6d46828c4453/1692861090/_unique-thumbnails/116-large.jpg,ipfs://QmXPzMoMpeRZKbuwYT75yLQa38DshddbvmMqw9mAgamEWn
0xBb12686c360e9057be3CD031140035A705e19ceC,FeralfileExhibitionV4,Truth,2439046679443273982118864381573244666656869301,2439046679443273982118864381573244666656869301,117,2788daa0-6065-4eb1-84c2-6d46828c4453,Metamosaic,image,QmQjzvrvZjzNGiqQhTGsiHeTpb9FmEcjCVWxVySf5FANC1/2439046679443273982118864381573244666656869301,previews/2788daa0-6065-4eb1-84c2-6d46828c4453/1692861090/_unique-previews/117,ipfs://QmNiya2erpdp6siNAeaettKHvQVjhRp47EfjbYNDPFnd7k,previews/2788daa0-6065-4eb1-84c2-6d46828c4453/1692861090/_unique-thumbnails/117-large.jpg,ipfs://QmQUP9mtJ8HvwZ6Wn4HMNS5Hma3ZfajyrSmftNhqys6a3J
0xBb12686c360e9057be3CD031140035A705e19ceC,FeralfileExhibitionV4,Truth,2439046679443273982118864381573244666656869302,2439046679443273982118864381573244666656869302,118,2788daa0-6065-4eb1-84c2-6d46828c4453,Metamosaic,image,QmQjzvrvZjzNGiqQhTGsiHeTpb9FmEcjCVWxVySf5FANC1/2439046679443273982118864381573244666656869302,previews/2788daa0-6065-4eb1-84c2-6d46828c4453/1692861090/_unique-previews/118,ipfs://QmPj32Eb9U9BkTSSsD5VjHggdqWFeoggjmP9Ps29pLNFwR,previews/2788daa0-6065-4eb1-84c2-6d46828c4453/1692861090/_unique-thumbnails/118-large.jpg,ipfs://QmaaQ4mwbnBjGaxGp4ibqq8jLtQf1v3QNmQ2T39KyqJSwR
0xBb12686c360e9057be3CD031140035A705e19ceC,FeralfileExhibitionV4,Truth,2439046679443273982118864381573244666656869303,2439046679443273982118864381573244666656869303,119,2788daa0-6065-4eb1-84c2-6d46828c4453,Metamosaic,image,QmQjzvrvZjzNGiqQhTGsiHeTpb9FmEcjCVWxVySf5FANC1/2439046679443273982118864381573244666656869303,previews/2788daa0-6065-4eb1-84c2-6d46828c4453/1692861090/_unique-previews/119,ipfs://Qmc83XUdsT4mxyfRi78wqnGgc2athrxM8741gt7kKtCvzL,previews/2788daa0-6065-4eb1-84c2-6d46828c4453/1692861090/_unique-thumbnails/119-large.jpg,ipfs://Qmeytvbo3vohNzq1ZcDqAXh7KB2zEiKVPx5EzqRHW7Gugg
0xBb12686c360e9057be3CD031140035A705e19ceC,FeralfileExhibitionV4,Truth,2439046679443273982118864381573244666656869304,2439046679443273982118864381573244666656869304,120,2788daa0-6065-4eb1-84c2-6d46828c4453,Metamosaic,image,QmQjzvrvZjzNGiqQhTGsiHeTpb9FmEcjCVWxVySf5FANC1/2439046679443273982118864381573244666656869304,previews/2788daa0-6065-4eb1-84c2-6d46828c4453/1692861090/_unique-previews/120,ipfs://QmXbnjYQUBJTQL74uffpCQqKVq7P57yVEF7rcJ7jPU7rum,previews/2788daa0-6065-4eb1-84c2-6d46828c4453/1692861090/_unique-thumbnails/120-large.jpg,ipfs://QmamPsAcewBbGgueyvof1NMeFcZ9JxxWajA91GT62hNPan
0xBb12686c360e9057be3CD031140035A705e19ceC,FeralfileExhibitionV4,Truth,2439046679443273982118864381573244666656869305,2439046679443273982118864381573244666656869305,121,2788daa0-6065-4eb1-84c2-6d46828c4453,Metamosaic,image,QmQjzvrvZjzNGiqQhTGsiHeTpb9FmEcjCVWxVySf5FANC1/2439046679443273982118864381573244666656869305,previews/2788daa0-6065-4eb1-84c2-6d46828c4453/1692861090/_unique-previews/121,ipfs://QmXgYSSyixjtSXYkhALgkmsq74Fz4phmAZnF5MmFEDLmNY,previews/2788daa0-6065-4eb1-84c2-6d46828c4453/1692861090/_unique-thumbnails/121-large.jpg,ipfs://QmQjmXyK5TV5Juijccbq39YhcckaTkb9gQxVGcnX4kdqXi
0xBb12686c360e9057be3CD031140035A705e19ceC,FeralfileExhibitionV4,Truth,2439046679443273982118864381573244666656869306,2439046679443273982118864381573244666656869306,122,2788daa0-6065-4eb1-84c2-6d46828c4453,Metamosaic,image,QmQjzvrvZjzNGiqQhTGsiHeTpb9FmEcjCVWxVySf5FANC1/2439046679443273982118864381573244666656869306,previews/2788daa0-6065-4eb1-84c2-6d46828c4453/1692861090/_unique-previews/122,ipfs://QmUX7ZBCHYcNP8N3q9SM6NNFXmauvyhYmJpBJaff1R2hcB,previews/2788daa0-6065-4eb1-84c2-6d46828c4453/1692861090/_unique-thumbnails/122-large.jpg,ipfs://QmV4HoyKwNPXv6Sb6ozEJoSLsrS6Zuv17ZL8LeMdhEUGRK
0xBb12686c360e9057be3CD031140035A705e19ceC,FeralfileExhibitionV4,Truth,2439046679443273982118864381573244666656869307,2439046679443273982118864381573244666656869307,123,2788daa0-6065-4eb1-84c2-6d46828c4453,Metamosaic,image,QmQjzvrvZjzNGiqQhTGsiHeTpb9FmEcjCVWxVySf5FANC1/2439046679443273982118864381573244666656869307,previews/2788daa0-6065-4eb1-84c2-6d46828c4453/1692861090/_unique-previews/123,ipfs://QmZJM33FBu2o16VKBwJBVHSq3S6W8SxxtbpFN9FMKgAryt,previews/2788daa0-6065-4eb1-84c2-6d46828c4453/1692861090/_unique-thumbnails/123-large.jpg,ipfs://QmW39SsFgyUZXTMpdYDj5CuV9byF68vRPCVVEDnfJ3YXfp
0xBb12686c360e9057be3CD031140035A705e19ceC,FeralfileExhibitionV4,Truth,2439046679443273982118864381573244666656869308,2439046679443273982118864381573244666656869308,124,2788daa0-6065-4eb1-84c2-6d46828c4453,Metamosaic,image,QmQjzvrvZjzNGiqQhTGsiHeTpb9FmEcjCVWxVySf5FANC1/2439046679443273982118864381573244666656869308,previews/2788daa0-6065-4eb1-84c2-6d46828c4453/1692861090/_unique-previews/124,ipfs://QmYzMFQYKwzwLQR1a7Su8FKdDjQuLT8AEFKWk1vF9aSjxg,previews/2788daa0-6065-4eb1-84c2-6d46828c4453/1692861090/_unique-thumbnails/124-large.jpg,ipfs://QmSkQAa7begjmmKnmfoQbQCuXMNDo7Biy6zuDtZy49Z2px
0xBb12686c360e9057be3CD031140035A705e19ceC,FeralfileExhibitionV4,Truth,2439046679443273982118864381573244666656869309,2439046679443273982118864381573244666656869309,125,2788daa0-6065-4eb1-84c2-6d46828c4453,Metamosaic,image,QmQjzvrvZjzNGiqQhTGsiHeTpb9FmEcjCVWxVySf5FANC1/2439046679443273982118864381573244666656869309,previews/2788daa0-6065-4eb1-84c2-6d46828c4453/1692861090/_unique-previews/125,ipfs://QmSvBiCpWY23gq1g1LUUFLmRc8xauTeCCXGcF84CXg9iNq,previews/2788daa0-6065-4eb1-84c2-6d46828c4453/1692861090/_unique-thumbnails/125-large.jpg,ipfs://Qmeu86S1nVWwMQa3jaM8QqjgdwGsaE6KNeiBoix2QXqkWz
0xBb12686c360e9057be3CD031140035A705e19ceC,FeralfileExhibitionV4,Truth,2439046679443273982118864381573244666656869310,2439046679443273982118864381573244666656869310,126,2788daa0-6065-4eb1-84c2-6d46828c4453,Metamosaic,image,QmQjzvrvZjzNGiqQhTGsiHeTpb9FmEcjCVWxVySf5FANC1/2439046679443273982118864381573244666656869310,previews/2788daa0-6065-4eb1-84c2-6d46828c4453/1692861090/_unique-previews/126,ipfs://Qma7XdNtWh9EwzF1EesXVjqoCHUHW9iYpgoEgbev1Rb64C,previews/2788daa0-6065-4eb1-84c2-6d46828c4453/1692861090/_unique-thumbnails/126-large.jpg,ipfs://QmYNnvmrkKZxSWoJgh6fYMeUAo4waKuxHbVhLNRLDvyuSv
0xBb12686c360e9057be3CD031140035A705e19ceC,FeralfileExhibitionV4,Truth,2439046679443273982118864381573244666656869311,2439046679443273982118864381573244666656869311,127,2788daa0-6065-4eb1-84c2-6d46828c4453,Metamosaic,image,QmQjzvrvZjzNGiqQhTGsiHeTpb9FmEcjCVWxVySf5FANC1/2439046679443273982118864381573244666656869311,previews/2788daa0-6065-4eb1-84c2-6d46828c4453/1692861090/_unique-previews/127,ipfs://QmXkfj1WRAutiNE7YpL2cBRqhfCp6QTWXmexr1hjhdZtMF,previews/2788daa0-6065-4eb1-84c2-6d46828c4453/1692861090/_unique-thumbnails/127-large.jpg,ipfs://Qmbsss5eCzqcYSah89pP3mRKoWQmWo1xCXJnNDZpHGH7Rn
0xBb12686c360e9057be3CD031140035A705e19ceC,FeralfileExhibitionV4,Truth,2439046679443273982118864381573244666653869184,2439046679443273982118864381573244666653869184,0,6d275227-8632-4ffc-b34b-689e851f2a7c,Vitreous,image,QmQjzvrvZjzNGiqQhTGsiHeTpb9FmEcjCVWxVySf5FANC1/2439046679443273982118864381573244666653869184,previews/6d275227-8632-4ffc-b34b-689e851f2a7c/1692860946/_unique-previews/0,ipfs://QmaHFfjie4n4HErdiE59mY921imv6eJLqN4kCG6hwZtWUQ,previews/6d275227-8632-4ffc-b34b-689e851f2a7c/1692860946/_unique-thumbnails/0-large.jpg,ipfs://QmRh4xGu3g7YobkueBfTAPJweoFdByJEah1zAXK1P2zms3
0xBb12686c360e9057be3CD031140035A705e19ceC,FeralfileExhibitionV4,Truth,2439046679443273982118864381573244666653869185,2439046679443273982118864381573244666653869185,1,6d275227-8632-4ffc-b34b-689e851f2a7c,Vitreous,image,QmQjzvrvZjzNGiqQhTGsiHeTpb9FmEcjCVWxVySf5FANC1/2439046679443273982118864381573244666653869185,previews/6d275227-8632-4ffc-b34b-689e851f2a7c/1692860946/_unique-previews/1,ipfs://QmQjrkhNxxS8UjKEaSKfZiPh4UffXmMQbwQrZBrGCqUgkk,previews/6d275227-8632-4ffc-b34b-689e851f2a7c/1692860946/_unique-thumbnails/1-large.jpg,ipfs://QmXMnUJySiazX58z6SzanXRtfksqqJZG3STQ22WnCE5RMf
0xBb12686c360e9057be3CD031140035A705e19ceC,FeralfileExhibitionV4,Truth,2439046679443273982118864381573244666653869186,2439046679443273982118864381573244666653869186,2,6d275227-8632-4ffc-b34b-689e851f2a7c,Vitreous,image,QmQjzvrvZjzNGiqQhTGsiHeTpb9FmEcjCVWxVySf5FANC1/2439046679443273982118864381573244666653869186,previews/6d275227-8632-4ffc-b34b-689e851f2a7c/1692860946/_unique-previews/2,ipfs://QmYwTVy3bLGLdSWKwyx5E4Ktr3T5vA1my2XwCGedHofYPf,previews/6d275227-8632-4ffc-b34b-689e851f2a7c/1692860946/_unique-thumbnails/2-large.jpg,ipfs://Qmcp5uE7davAMXjdEYRuoo7hMWLa28tXLomhxPiZezaowH
0xBb12686c360e9057be3CD031140035A705e19ceC,FeralfileExhibitionV4,Truth,2439046679443273982118864381573244666653869187,2439046679443273982118864381573244666653869187,3,6d275227-8632-4ffc-b34b-689e851f2a7c,Vitreous,image,QmQjzvrvZjzNGiqQhTGsiHeTpb9FmEcjCVWxVySf5FANC1/2439046679443273982118864381573244666653869187,previews/6d275227-8632-4ffc-b34b-689e851f2a7c/1692860946/_unique-previews/3,ipfs://QmZiQpTgJTaie3Tz2f7wn12KdDczWWNV5vdzm3dfHydBDN,previews/6d275227-8632-4ffc-b34b-689e851f2a7c/1692860946/_unique-thumbnails/3-large.jpg,ipfs://Qmb9ahDgB531pyTL5Kf7Mb1evwHdb3tPuGpuiapandMxEX
0xBb12686c360e9057be3CD031140035A705e19ceC,FeralfileExhibitionV4,Truth,2439046679443273982118864381573244666653869188,2439046679443273982118864381573244666653869188,4,6d275227-8632-4ffc-b34b-689e851f2a7c,Vitreous,image,QmQjzvrvZjzNGiqQhTGsiHeTpb9FmEcjCVWxVySf5FANC1/2439046679443273982118864381573244666653869188,previews/6d275227-8632-4ffc-b34b-689e851f2a7c/1692860946/_unique-previews/4,ipfs://QmQ3Ee3rJcyiWAJLRyK4DsCsBSDuvwaPpynHnU5W7PbsdF,previews/6d275227-8632-4ffc-b34b-689e851f2a7c/1692860946/_unique-thumbnails/4-large.jpg,ipfs://QmbfMHjLLUgxj7RNk29KPTY3KyorvZJLrErwZQdaaU4244
0xBb12686c360e9057be3CD031140035A705e19ceC,FeralfileExhibitionV4,Truth,2439046679443273982118864381573244666653869189,2439046679443273982118864381573244666653869189,5,6d275227-8632-4ffc-b34b-689e851f2a7c,Vitreous,image,QmQjzvrvZjzNGiqQhTGsiHeTpb9FmEcjCVWxVySf5FANC1/2439046679443273982118864381573244666653869189,previews/6d275227-8632-4ffc-b34b-689e851f2a7c/1692860946/_unique-previews/5,ipfs://QmTeidGCaAdpuz9471WLPtBGnyuFUV3Y3NMCHj8xK6Eomy,previews/6d275227-8632-4ffc-b34b-689e851f2a7c/1692860946/_unique-thumbnails/5-large.jpg,ipfs://QmQWQ99phA3uCMMAy2kpoDH1qU8VapoFqyERtacrSFXGLB
0xBb12686c360e9057be3CD031140035A705e19ceC,FeralfileExhibitionV4,Truth,2439046679443273982118864381573244666653869190,2439046679443273982118864381573244666653869190,6,6d275227-8632-4ffc-b34b-689e851f2a7c,Vitreous,image,QmQjzvrvZjzNGiqQhTGsiHeTpb9FmEcjCVWxVySf5FANC1/2439046679443273982118864381573244666653869190,previews/6d275227-8632-4ffc-b34b-689e851f2a7c/1692860946/_unique-previews/6,ipfs://QmUr3LURmViv7xRswqDMnjkyzsVyz3nuxXB15MedA7gBf8,previews/6d275227-8632-4ffc-b34b-689e851f2a7c/1692860946/_unique-thumbnails/6-large.jpg,ipfs://QmYYAxXjCRFmj8w4AANjgHq7ziA8nDcxfpyheGc1qzSVTh
0xBb12686c360e9057be3CD031140035A705e19ceC,FeralfileExhibitionV4,Truth,2439046679443273982118864381573244666653869191,2439046679443273982118864381573244666653869191,7,6d275227-8632-4ffc-b34b-689e851f2a7c,Vitreous,image,QmQjzvrvZjzNGiqQhTGsiHeTpb9FmEcjCVWxVySf5FANC1/2439046679443273982118864381573244666653869191,previews/6d275227-8632-4ffc-b34b-689e851f2a7c/1692860946/_unique-previews/7,ipfs://QmQTSxtKuMjsFxt8UTKwM5kH6CQZZ3torwyq3Vma5TTZTQ,previews/6d275227-8632-4ffc-b34b-689e851f2a7c/1692860946/_unique-thumbnails/7-large.jpg,ipfs://QmUg3WV7oov8Kk4MDwyTTn2rTB5dZSxxxhUQUh9iT5px3e
0xBb12686c360e9057be3CD031140035A705e19ceC,FeralfileExhibitionV4,Truth,2439046679443273982118864381573244666653869192,2439046679443273982118864381573244666653869192,8,6d275227-8632-4ffc-b34b-689e851f2a7c,Vitreous,image,QmQjzvrvZjzNGiqQhTGsiHeTpb9FmEcjCVWxVySf5FANC1/2439046679443273982118864381573244666653869192,previews/6d275227-8632-4ffc-b34b-689e851f2a7c/1692860946/_unique-previews/8,ipfs://Qma4Pt4asegKYmXQtsZuSEFsGQAExQdKRC1Wr5hU7bY21w,previews/6d275227-8632-4ffc-b34b-689e851f2a7c/1692860946/_unique-thumbnails/8-large.jpg,ipfs://QmP7646DDcVugpcz3n7ZM4EU8B1obyU5P2XwiJsYErfNTx
0xBb12686c360e9057be3CD031140035A705e19ceC,FeralfileExhibitionV4,Truth,2439046679443273982118864381573244666653869193,2439046679443273982118864381573244666653869193,9,6d275227-8632-4ffc-b34b-689e851f2a7c,Vitreous,image,QmQjzvrvZjzNGiqQhTGsiHeTpb9FmEcjCVWxVySf5FANC1/2439046679443273982118864381573244666653869193,previews/6d275227-8632-4ffc-b34b-689e851f2a7c/1692860946/_unique-previews/9,ipfs://QmWJxfPqqtfUN4AW9pYCrtXGXcAA2meDNUGyG835Se2Pj8,previews/6d275227-8632-4ffc-b34b-689e851f2a7c/1692860946/_unique-thumbnails/9-large.jpg,ipfs://QmXpDEwfWYdqVXeko4oSWe9LpDEEsak7E9LiMsWSK4Gkwe
0xBb12686c360e9057be3CD031140035A705e19ceC,FeralfileExhibitionV4,Truth,2439046679443273982118864381573244666653869194,2439046679443273982118864381573244666653869194,10,6d275227-8632-4ffc-b34b-689e851f2a7c,Vitreous,image,QmQjzvrvZjzNGiqQhTGsiHeTpb9FmEcjCVWxVySf5FANC1/2439046679443273982118864381573244666653869194,previews/6d275227-8632-4ffc-b34b-689e851f2a7c/1692860946/_unique-previews/10,ipfs://QmaVtMNigMRyn91Q4xuiYAmnoZhmpiHqikjDQyrD1gfit1,previews/6d275227-8632-4ffc-b34b-689e851f2a7c/1692860946/_unique-thumbnails/10-large.jpg,ipfs://Qmau6vMCvuxNmGkXqzAnUYo1LN1DoYBgjYYkVUCV1dSQgW
0xBb12686c360e9057be3CD031140035A705e19ceC,FeralfileExhibitionV4,Truth,2439046679443273982118864381573244666653869195,2439046679443273982118864381573244666653869195,11,6d275227-8632-4ffc-b34b-689e851f2a7c,Vitreous,image,QmQjzvrvZjzNGiqQhTGsiHeTpb9FmEcjCVWxVySf5FANC1/2439046679443273982118864381573244666653869195,previews/6d275227-8632-4ffc-b34b-689e851f2a7c/1692860946/_unique-previews/11,ipfs://QmTYk3nbLGZo69TDtqrFBiEKomNoQRJkpGdsBbt6a6JuSC,previews/6d275227-8632-4ffc-b34b-689e851f2a7c/1692860946/_unique-thumbnails/11-large.jpg,ipfs://QmNZspUjXQkSjb3EdRnX3qskJTz8TqneQHYLzaUst1QDjY
0xBb12686c360e9057be3CD031140035A705e19ceC,FeralfileExhibitionV4,Truth,2439046679443273982118864381573244666653869196,2439046679443273982118864381573244666653869196,12,6d275227-8632-4ffc-b34b-689e851f2a7c,Vitreous,image,QmQjzvrvZjzNGiqQhTGsiHeTpb9FmEcjCVWxVySf5FANC1/2439046679443273982118864381573244666653869196,previews/6d275227-8632-4ffc-b34b-689e851f2a7c/1692860946/_unique-previews/12,ipfs://QmQXHRfd3HzHcSaxm4dWoN71T9X4g1HHbcGM2iebQH4NnR,previews/6d275227-8632-4ffc-b34b-689e851f2a7c/1692860946/_unique-thumbnails/12-large.jpg,ipfs://QmZNF8DUuDXQPtvsfRUphif1KSetUXDYotFAfQtDfzQNLS
0xBb12686c360e9057be3CD031140035A705e19ceC,FeralfileExhibitionV4,Truth,2439046679443273982118864381573244666653869197,2439046679443273982118864381573244666653869197,13,6d275227-8632-4ffc-b34b-689e851f2a7c,Vitreous,image,QmQjzvrvZjzNGiqQhTGsiHeTpb9FmEcjCVWxVySf5FANC1/2439046679443273982118864381573244666653869197,previews/6d275227-8632-4ffc-b34b-689e851f2a7c/1692860946/_unique-previews/13,ipfs://Qmb52M4M5WHrt4HsSkBorA9uVV9XkDgGJJZgyAnkMyHA5Y,previews/6d275227-8632-4ffc-b34b-689e851f2a7c/1692860946/_unique-thumbnails/13-large.jpg,ipfs://QmaoaqUWV3enBs3Vq68jBPtcfiFKu7UCAQvbjfWTuNszam
0xBb12686c360e9057be3CD031140035A705e19ceC,FeralfileExhibitionV4,Truth,2439046679443273982118864381573244666653869198,2439046679443273982118864381573244666653869198,14,6d275227-8632-4ffc-b34b-689e851f2a7c,Vitreous,image,QmQjzvrvZjzNGiqQhTGsiHeTpb9FmEcjCVWxVySf5FANC1/2439046679443273982118864381573244666653869198,previews/6d275227-8632-4ffc-b34b-689e851f2a7c/1692860946/_unique-previews/14,ipfs://QmQp9driaBhghGss8gY3neL7y5gQ85TULJBKaAEJonQ5Cu,previews/6d275227-8632-4ffc-b34b-689e851f2a7c/1692860946/_unique-thumbnails/14-large.jpg,ipfs://QmWhYcfJ7uNEdd9P5ML6vzKK78YSr6RDTa94PGxyauF6gV
0xBb12686c360e9057be3CD031140035A705e19ceC,FeralfileExhibitionV4,Truth,2439046679443273982118864381573244666653869199,2439046679443273982118864381573244666653869199,15,6d275227-8632-4ffc-b34b-689e851f2a7c,Vitreous,image,QmQjzvrvZjzNGiqQhTGsiHeTpb9FmEcjCVWxVySf5FANC1/2439046679443273982118864381573244666653869199,previews/6d275227-8632-4ffc-b34b-689e851f2a7c/1692860946/_unique-previews/15,ipfs://QmcAHCxdFQ3U99R6Ag1mBTdY9jdW8rPRoRhc4k19PgaL2k,previews/6d275227-8632-4ffc-b34b-689e851f2a7c/1692860946/_unique-thumbnails/15-large.jpg,ipfs://QmdiV6Mc5Cihsh8DBGwr38AdsRpgZL4aEgDqxFHmVkr52p
0xBb12686c360e9057be3CD031140035A705e19ceC,FeralfileExhibitionV4,Truth,2439046679443273982118864381573244666653869200,2439046679443273982118864381573244666653869200,16,6d275227-8632-4ffc-b34b-689e851f2a7c,Vitreous,image,QmQjzvrvZjzNGiqQhTGsiHeTpb9FmEcjCVWxVySf5FANC1/2439046679443273982118864381573244666653869200,previews/6d275227-8632-4ffc-b34b-689e851f2a7c/1692860946/_unique-previews/16,ipfs://QmPrvcbvdP5LF4nx7Z4UBHBDZikufgwC1fvFGARCSBiMNS,previews/6d275227-8632-4ffc-b34b-689e851f2a7c/1692860946/_unique-thumbnails/16-large.jpg,ipfs://QmRb1siDzFZYFDriCqypaYRXBX4qBPM6uf8tyjnBW6bgiV
0xBb12686c360e9057be3CD031140035A705e19ceC,FeralfileExhibitionV4,Truth,2439046679443273982118864381573244666653869201,2439046679443273982118864381573244666653869201,17,6d275227-8632-4ffc-b34b-689e851f2a7c,Vitreous,image,QmQjzvrvZjzNGiqQhTGsiHeTpb9FmEcjCVWxVySf5FANC1/2439046679443273982118864381573244666653869201,previews/6d275227-8632-4ffc-b34b-689e851f2a7c/1692860946/_unique-previews/17,ipfs://QmP5hBqGHQBshbS6YTSgfkhywz9VrX7KuzSg2t67hAzmd1,previews/6d275227-8632-4ffc-b34b-689e851f2a7c/1692860946/_unique-thumbnails/17-large.jpg,ipfs://QmQVisJAjXyJBRc23GcEPBZixHRvG53mMETT4pKuW7JNnz
0xBb12686c360e9057be3CD031140035A705e19ceC,FeralfileExhibitionV4,Truth,2439046679443273982118864381573244666653869202,2439046679443273982118864381573244666653869202,18,6d275227-8632-4ffc-b34b-689e851f2a7c,Vitreous,image,QmQjzvrvZjzNGiqQhTGsiHeTpb9FmEcjCVWxVySf5FANC1/2439046679443273982118864381573244666653869202,previews/6d275227-8632-4ffc-b34b-689e851f2a7c/1692860946/_unique-previews/18,ipfs://QmcSfNFeuQ5Ua1aRUnu7KiQSMxKyw1q4hKzSWuoAnPPJGu,previews/6d275227-8632-4ffc-b34b-689e851f2a7c/1692860946/_unique-thumbnails/18-large.jpg,ipfs://QmXgjisCf59G7nSXaNhbCEvHfVRJq5mvw4VhPDw5XyVwK4
0xBb12686c360e9057be3CD031140035A705e19ceC,FeralfileExhibitionV4,Truth,2439046679443273982118864381573244666653869203,2439046679443273982118864381573244666653869203,19,6d275227-8632-4ffc-b34b-689e851f2a7c,Vitreous,image,QmQjzvrvZjzNGiqQhTGsiHeTpb9FmEcjCVWxVySf5FANC1/2439046679443273982118864381573244666653869203,previews/6d275227-8632-4ffc-b34b-689e851f2a7c/1692860946/_unique-previews/19,ipfs://QmREXH1K8rMc3g4gwMkyMQG3MLkyrHEy7n3vuari6iZ9qD,previews/6d275227-8632-4ffc-b34b-689e851f2a7c/1692860946/_unique-thumbnails/19-large.jpg,ipfs://QmWe7khh9FmZQUsV2FxyYEobNezYA7tsaSvGmVY9orTMvV
0xBb12686c360e9057be3CD031140035A705e19ceC,FeralfileExhibitionV4,Truth,2439046679443273982118864381573244666653869204,2439046679443273982118864381573244666653869204,20,6d275227-8632-4ffc-b34b-689e851f2a7c,Vitreous,image,QmQjzvrvZjzNGiqQhTGsiHeTpb9FmEcjCVWxVySf5FANC1/2439046679443273982118864381573244666653869204,previews/6d275227-8632-4ffc-b34b-689e851f2a7c/1692860946/_unique-previews/20,ipfs://QmVPJiWztdShWnsxU67KG3S2EFuHqrszW8yW8tAkqNnFaU,previews/6d275227-8632-4ffc-b34b-689e851f2a7c/1692860946/_unique-thumbnails/20-large.jpg,ipfs://QmaMdc2RfCoCPgyn7p5LuFo1rPwHpto2PLxjKB6LLmhkUy
0xBb12686c360e9057be3CD031140035A705e19ceC,FeralfileExhibitionV4,Truth,2439046679443273982118864381573244666653869205,2439046679443273982118864381573244666653869205,21,6d275227-8632-4ffc-b34b-689e851f2a7c,Vitreous,image,QmQjzvrvZjzNGiqQhTGsiHeTpb9FmEcjCVWxVySf5FANC1/2439046679443273982118864381573244666653869205,previews/6d275227-8632-4ffc-b34b-689e851f2a7c/1692860946/_unique-previews/21,ipfs://QmYkpiugob6fSCd4kLVr8ccRxNwuXBBT8ERxqkoEUa6iV9,previews/6d275227-8632-4ffc-b34b-689e851f2a7c/1692860946/_unique-thumbnails/21-large.jpg,ipfs://QmbCpBCbiXnpEc61JQRodyc6kVWZ2PEQaxS97C1TLw1L3F
0xBb12686c360e9057be3CD031140035A705e19ceC,FeralfileExhibitionV4,Truth,2439046679443273982118864381573244666653869206,2439046679443273982118864381573244666653869206,22,6d275227-8632-4ffc-b34b-689e851f2a7c,Vitreous,image,QmQjzvrvZjzNGiqQhTGsiHeTpb9FmEcjCVWxVySf5FANC1/2439046679443273982118864381573244666653869206,previews/6d275227-8632-4ffc-b34b-689e851f2a7c/1692860946/_unique-previews/22,ipfs://QmSmEb2VaRtbYcoGyoLmRHCht8GWMdMxY4w3p43gizKiqN,previews/6d275227-8632-4ffc-b34b-689e851f2a7c/1692860946/_unique-thumbnails/22-large.jpg,ipfs://QmQqQynCcptGmW6iWRWE4RnsfJqZRuMEMekSeGqR3Po2vg
0xBb12686c360e9057be3CD031140035A705e19ceC,FeralfileExhibitionV4,Truth,2439046679443273982118864381573244666653869207,2439046679443273982118864381573244666653869207,23,6d275227-8632-4ffc-b34b-689e851f2a7c,Vitreous,image,QmQjzvrvZjzNGiqQhTGsiHeTpb9FmEcjCVWxVySf5FANC1/2439046679443273982118864381573244666653869207,previews/6d275227-8632-4ffc-b34b-689e851f2a7c/1692860946/_unique-previews/23,ipfs://QmNdY78NzHLg8Z7wBhgau2eqjobdHT1wv4BfRUL74BSByc,previews/6d275227-8632-4ffc-b34b-689e851f2a7c/1692860946/_unique-thumbnails/23-large.jpg,ipfs://QmSMpRV4j6FFkbgHYaXz1wgtLGSrHzyPsLwvJttwneDvTA
0xBb12686c360e9057be3CD031140035A705e19ceC,FeralfileExhibitionV4,Truth,2439046679443273982118864381573244666653869208,2439046679443273982118864381573244666653869208,24,6d275227-8632-4ffc-b34b-689e851f2a7c,Vitreous,image,QmQjzvrvZjzNGiqQhTGsiHeTpb9FmEcjCVWxVySf5FANC1/2439046679443273982118864381573244666653869208,previews/6d275227-8632-4ffc-b34b-689e851f2a7c/1692860946/_unique-previews/24,ipfs://QmRBx8Q3pyUuMZewWG3b8btquavtA4Ewu4JbmE59SBHFnM,previews/6d275227-8632-4ffc-b34b-689e851f2a7c/1692860946/_unique-thumbnails/24-large.jpg,ipfs://QmS146rx3WA89s7CcTSXA6FefZge371Tg35koyPv2x2uSC
0xBb12686c360e9057be3CD031140035A705e19ceC,FeralfileExhibitionV4,Truth,2439046679443273982118864381573244666653869209,2439046679443273982118864381573244666653869209,25,6d275227-8632-4ffc-b34b-689e851f2a7c,Vitreous,image,QmQjzvrvZjzNGiqQhTGsiHeTpb9FmEcjCVWxVySf5FANC1/2439046679443273982118864381573244666653869209,previews/6d275227-8632-4ffc-b34b-689e851f2a7c/1692860946/_unique-previews/25,ipfs://QmWj6kfScBjwrJaCdLGuuhAgQzfNaHdptcg8wJp3mg4rN1,previews/6d275227-8632-4ffc-b34b-689e851f2a7c/1692860946/_unique-thumbnails/25-large.jpg,ipfs://Qmb9K17ECdAxZXC31ipApss3wRcLbACkLxT26doZ83H1oP
0xBb12686c360e9057be3CD031140035A705e19ceC,FeralfileExhibitionV4,Truth,2439046679443273982118864381573244666653869210,2439046679443273982118864381573244666653869210,26,6d275227-8632-4ffc-b34b-689e851f2a7c,Vitreous,image,QmQjzvrvZjzNGiqQhTGsiHeTpb9FmEcjCVWxVySf5FANC1/2439046679443273982118864381573244666653869210,previews/6d275227-8632-4ffc-b34b-689e851f2a7c/1692860946/_unique-previews/26,ipfs://QmVQqqPT69f1TuHRb7AahMTa1ddrf4qiMvNmroMKR6SWqw,previews/6d275227-8632-4ffc-b34b-689e851f2a7c/1692860946/_unique-thumbnails/26-large.jpg,ipfs://QmZDy7iLok26zDxJS9FcrPji5mpwZ3EBXifhS83NmjMeMV
0xBb12686c360e9057be3CD031140035A705e19ceC,FeralfileExhibitionV4,Truth,2439046679443273982118864381573244666653869211,2439046679443273982118864381573244666653869211,27,6d275227-8632-4ffc-b34b-689e851f2a7c,Vitreous,image,QmQjzvrvZjzNGiqQhTGsiHeTpb9FmEcjCVWxVySf5FANC1/2439046679443273982118864381573244666653869211,previews/6d275227-8632-4ffc-b34b-689e851f2a7c/1692860946/_unique-previews/27,ipfs://QmSBLzZ4H4DNpfgobzjmVHnyD9tkkcxEFGQYKgo2X3txFH,previews/6d275227-8632-4ffc-b34b-689e851f2a7c/1692860946/_unique-thumbnails/27-large.jpg,ipfs://QmYE5x1XTtGSQPyQcnV8C6P5b3p6C9QzabNkDHT8trtUfK
0xBb12686c360e9057be3CD031140035A705e19ceC,FeralfileExhibitionV4,Truth,2439046679443273982118864381573244666653869212,2439046679443273982118864381573244666653869212,28,6d275227-8632-4ffc-b34b-689e851f2a7c,Vitreous,image,QmQjzvrvZjzNGiqQhTGsiHeTpb9FmEcjCVWxVySf5FANC1/2439046679443273982118864381573244666653869212,previews/6d275227-8632-4ffc-b34b-689e851f2a7c/1692860946/_unique-previews/28,ipfs://QmZU8jUfMVAvnvjLAougLM8v1ZD6WmXYnusxtr4s72eNQw,previews/6d275227-8632-4ffc-b34b-689e851f2a7c/1692860946/_unique-thumbnails/28-large.jpg,ipfs://QmZ87hTmqMdvJT5Qa7gf2d69th9xTmnR8Hx86kM69gYG9w
0xBb12686c360e9057be3CD031140035A705e19ceC,FeralfileExhibitionV4,Truth,2439046679443273982118864381573244666653869213,2439046679443273982118864381573244666653869213,29,6d275227-8632-4ffc-b34b-689e851f2a7c,Vitreous,image,QmQjzvrvZjzNGiqQhTGsiHeTpb9FmEcjCVWxVySf5FANC1/2439046679443273982118864381573244666653869213,previews/6d275227-8632-4ffc-b34b-689e851f2a7c/1692860946/_unique-previews/29,ipfs://QmRgVPTuhQC1z9FCChnN4depbuB65qqSrGeDBWpN2usp4f,previews/6d275227-8632-4ffc-b34b-689e851f2a7c/1692860946/_unique-thumbnails/29-large.jpg,ipfs://QmYzYYW8mY2PbZCzBhdZN9ms9kow9ujnyJj3dVL7S98k3t
0xBb12686c360e9057be3CD031140035A705e19ceC,FeralfileExhibitionV4,Truth,2439046679443273982118864381573244666653869214,2439046679443273982118864381573244666653869214,30,6d275227-8632-4ffc-b34b-689e851f2a7c,Vitreous,image,QmQjzvrvZjzNGiqQhTGsiHeTpb9FmEcjCVWxVySf5FANC1/2439046679443273982118864381573244666653869214,previews/6d275227-8632-4ffc-b34b-689e851f2a7c/1692860946/_unique-previews/30,ipfs://QmXifjvmL2jApNLPMDn7qapM3RNzds8cwDFrMQzHcDL4mf,previews/6d275227-8632-4ffc-b34b-689e851f2a7c/1692860946/_unique-thumbnails/30-large.jpg,ipfs://QmQHMJ4BgnidubZPRMUFAZgzF8V9f1kM4mLZ8zMj8SA1Q5
0xBb12686c360e9057be3CD031140035A705e19ceC,FeralfileExhibitionV4,Truth,2439046679443273982118864381573244666653869215,2439046679443273982118864381573244666653869215,31,6d275227-8632-4ffc-b34b-689e851f2a7c,Vitreous,image,QmQjzvrvZjzNGiqQhTGsiHeTpb9FmEcjCVWxVySf5FANC1/2439046679443273982118864381573244666653869215,previews/6d275227-8632-4ffc-b34b-689e851f2a7c/1692860946/_unique-previews/31,ipfs://QmdQhaXy9G2FJRETBSezNHNMai9cRqh5JJwKFQkWSWkdT7,previews/6d275227-8632-4ffc-b34b-689e851f2a7c/1692860946/_unique-thumbnails/31-large.jpg,ipfs://QmRPpzGgoLmcusN62Dx2rbGqDVao2iNoSzjkk2WQSmWXgS
0xBb12686c360e9057be3CD031140035A705e19ceC,FeralfileExhibitionV4,Truth,2439046679443273982118864381573244666653869216,2439046679443273982118864381573244666653869216,32,6d275227-8632-4ffc-b34b-689e851f2a7c,Vitreous,image,QmQjzvrvZjzNGiqQhTGsiHeTpb9FmEcjCVWxVySf5FANC1/2439046679443273982118864381573244666653869216,previews/6d275227-8632-4ffc-b34b-689e851f2a7c/1692860946/_unique-previews/32,ipfs://QmetDd6qRDTGE6azykvrVKjk4XCpc19GsZRsVkJY5vCoUd,previews/6d275227-8632-4ffc-b34b-689e851f2a7c/1692860946/_unique-thumbnails/32-large.jpg,ipfs://QmX3RuLLFxSQc1bryLH34pKTi6oELHSG7dyrWAWYNM7tXK
0xBb12686c360e9057be3CD031140035A705e19ceC,FeralfileExhibitionV4,Truth,2439046679443273982118864381573244666653869217,2439046679443273982118864381573244666653869217,33,6d275227-8632-4ffc-b34b-689e851f2a7c,Vitreous,image,QmQjzvrvZjzNGiqQhTGsiHeTpb9FmEcjCVWxVySf5FANC1/2439046679443273982118864381573244666653869217,previews/6d275227-8632-4ffc-b34b-689e851f2a7c/1692860946/_unique-previews/33,ipfs://QmNq4Em8XpJJJrdKxHPReUungjKLsN39zQHK2pVYrsJtPs,previews/6d275227-8632-4ffc-b34b-689e851f2a7c/1692860946/_unique-thumbnails/33-large.jpg,ipfs://QmTi8QF19TKtwSy8sFJSmr5srUYWYg9kWddoFa1SMccVuN
0xBb12686c360e9057be3CD031140035A705e19ceC,FeralfileExhibitionV4,Truth,2439046679443273982118864381573244666653869218,2439046679443273982118864381573244666653869218,34,6d275227-8632-4ffc-b34b-689e851f2a7c,Vitreous,image,QmQjzvrvZjzNGiqQhTGsiHeTpb9FmEcjCVWxVySf5FANC1/2439046679443273982118864381573244666653869218,previews/6d275227-8632-4ffc-b34b-689e851f2a7c/1692860946/_unique-previews/34,ipfs://QmRLB1DNrK33AqKNmJi6uvyC7AQc7otQ3ZNhBz8qdp7NJ4,previews/6d275227-8632-4ffc-b34b-689e851f2a7c/1692860946/_unique-thumbnails/34-large.jpg,ipfs://QmXZz6QpCwT4S1HF2RSDBN3xVpBvzoZZbNMbH5swpDUg35
0xBb12686c360e9057be3CD031140035A705e19ceC,FeralfileExhibitionV4,Truth,2439046679443273982118864381573244666653869219,2439046679443273982118864381573244666653869219,35,6d275227-8632-4ffc-b34b-689e851f2a7c,Vitreous,image,QmQjzvrvZjzNGiqQhTGsiHeTpb9FmEcjCVWxVySf5FANC1/2439046679443273982118864381573244666653869219,previews/6d275227-8632-4ffc-b34b-689e851f2a7c/1692860946/_unique-previews/35,ipfs://QmUUAFwvK3aqAAgtmW8AstKP8gtTXEhZWzzyU1k6WDDkfE,previews/6d275227-8632-4ffc-b34b-689e851f2a7c/1692860946/_unique-thumbnails/35-large.jpg,ipfs://QmVyXzZMgXksACt4VTju2KLfMt2covNsAJrBJt3eqSn9k6
0xBb12686c360e9057be3CD031140035A705e19ceC,FeralfileExhibitionV4,Truth,2439046679443273982118864381573244666653869220,2439046679443273982118864381573244666653869220,36,6d275227-8632-4ffc-b34b-689e851f2a7c,Vitreous,image,QmQjzvrvZjzNGiqQhTGsiHeTpb9FmEcjCVWxVySf5FANC1/2439046679443273982118864381573244666653869220,previews/6d275227-8632-4ffc-b34b-689e851f2a7c/1692860946/_unique-previews/36,ipfs://QmZPy6SBRf5Pj1zmSuSMmCnZ8WR8EhJv8vGGKfXoiD4XGB,previews/6d275227-8632-4ffc-b34b-689e851f2a7c/1692860946/_unique-thumbnails/36-large.jpg,ipfs://QmRwgzTwU4cXDFh5EoxAfDv2t4k8hJcNvUXZ3cF7Vd1y1g
0xBb12686c360e9057be3CD031140035A705e19ceC,FeralfileExhibitionV4,Truth,2439046679443273982118864381573244666653869221,2439046679443273982118864381573244666653869221,37,6d275227-8632-4ffc-b34b-689e851f2a7c,Vitreous,image,QmQjzvrvZjzNGiqQhTGsiHeTpb9FmEcjCVWxVySf5FANC1/2439046679443273982118864381573244666653869221,previews/6d275227-8632-4ffc-b34b-689e851f2a7c/1692860946/_unique-previews/37,ipfs://QmVzLcJPLfDsP7usKuz73qhY6hwt3GjrvBcNXPnpZxHp98,previews/6d275227-8632-4ffc-b34b-689e851f2a7c/1692860946/_unique-thumbnails/37-large.jpg,ipfs://QmZN13QqQ3aQbpKhwrrAUoNTG82ACDLzfLkyBAat9RF7XD
0xBb12686c360e9057be3CD031140035A705e19ceC,FeralfileExhibitionV4,Truth,2439046679443273982118864381573244666653869222,2439046679443273982118864381573244666653869222,38,6d275227-8632-4ffc-b34b-689e851f2a7c,Vitreous,image,QmQjzvrvZjzNGiqQhTGsiHeTpb9FmEcjCVWxVySf5FANC1/2439046679443273982118864381573244666653869222,previews/6d275227-8632-4ffc-b34b-689e851f2a7c/1692860946/_unique-previews/38,ipfs://QmPSNaPaDdHHgXwoA6YY4C64idayjAeh3gASHyc4SoaydZ,previews/6d275227-8632-4ffc-b34b-689e851f2a7c/1692860946/_unique-thumbnails/38-large.jpg,ipfs://QmbfrGtp3gBmbS55czYRGfvy1P6DXXLBmfLsTPc5nqjAPX
0xBb12686c360e9057be3CD031140035A705e19ceC,FeralfileExhibitionV4,Truth,2439046679443273982118864381573244666653869223,2439046679443273982118864381573244666653869223,39,6d275227-8632-4ffc-b34b-689e851f2a7c,Vitreous,image,QmQjzvrvZjzNGiqQhTGsiHeTpb9FmEcjCVWxVySf5FANC1/2439046679443273982118864381573244666653869223,previews/6d275227-8632-4ffc-b34b-689e851f2a7c/1692860946/_unique-previews/39,ipfs://QmRd6CgUCuc1iWg9fNxsAik42HGwbVTHn8btHs5bwGucdT,previews/6d275227-8632-4ffc-b34b-689e851f2a7c/1692860946/_unique-thumbnails/39-large.jpg,ipfs://QmcijEkbETM6wdi1Y2CKj5ZyziWViWYAyvS7jAUFnJDe8z
0xBb12686c360e9057be3CD031140035A705e19ceC,FeralfileExhibitionV4,Truth,2439046679443273982118864381573244666653869224,2439046679443273982118864381573244666653869224,40,6d275227-8632-4ffc-b34b-689e851f2a7c,Vitreous,image,QmQjzvrvZjzNGiqQhTGsiHeTpb9FmEcjCVWxVySf5FANC1/2439046679443273982118864381573244666653869224,previews/6d275227-8632-4ffc-b34b-689e851f2a7c/1692860946/_unique-previews/40,ipfs://QmbYyw7zpDD1nbXEK4G3bg9pByoM5vV8FENXpgN2PYTroe,previews/6d275227-8632-4ffc-b34b-689e851f2a7c/1692860946/_unique-thumbnails/40-large.jpg,ipfs://QmRvbP6WmH1V65cAXt8R6Ub7KQ3kBQywm31hG4hTWvEFmN
0xBb12686c360e9057be3CD031140035A705e19ceC,FeralfileExhibitionV4,Truth,2439046679443273982118864381573244666653869225,2439046679443273982118864381573244666653869225,41,6d275227-8632-4ffc-b34b-689e851f2a7c,Vitreous,image,QmQjzvrvZjzNGiqQhTGsiHeTpb9FmEcjCVWxVySf5FANC1/2439046679443273982118864381573244666653869225,previews/6d275227-8632-4ffc-b34b-689e851f2a7c/1692860946/_unique-previews/41,ipfs://QmacYUqzjdWryPJ6eR7Vj6RtXqxxhJZWoxAy2gTop3wV1J,previews/6d275227-8632-4ffc-b34b-689e851f2a7c/1692860946/_unique-thumbnails/41-large.jpg,ipfs://QmZd34gpaCk8BcLgCFux9S7YebCDsTvmwRZt8HXbXb8PKL
0xBb12686c360e9057be3CD031140035A705e19ceC,FeralfileExhibitionV4,Truth,2439046679443273982118864381573244666653869226,2439046679443273982118864381573244666653869226,42,6d275227-8632-4ffc-b34b-689e851f2a7c,Vitreous,image,QmQjzvrvZjzNGiqQhTGsiHeTpb9FmEcjCVWxVySf5FANC1/2439046679443273982118864381573244666653869226,previews/6d275227-8632-4ffc-b34b-689e851f2a7c/1692860946/_unique-previews/42,ipfs://QmXyoH3CWGoPun7eASAKpBiQR6kPzg8D7qL8rwVnUBFz13,previews/6d275227-8632-4ffc-b34b-689e851f2a7c/1692860946/_unique-thumbnails/42-large.jpg,ipfs://QmeFXhQ5VuVbVPDpmMjWbfQok4Awui7Zu6vdBV2XQhhqVu
0xBb12686c360e9057be3CD031140035A705e19ceC,FeralfileExhibitionV4,Truth,2439046679443273982118864381573244666653869227,2439046679443273982118864381573244666653869227,43,6d275227-8632-4ffc-b34b-689e851f2a7c,Vitreous,image,QmQjzvrvZjzNGiqQhTGsiHeTpb9FmEcjCVWxVySf5FANC1/2439046679443273982118864381573244666653869227,previews/6d275227-8632-4ffc-b34b-689e851f2a7c/1692860946/_unique-previews/43,ipfs://QmeLWajE8tgZomuNXm4ESmx15SDMNe6hDxDX3iWSaUrDSq,previews/6d275227-8632-4ffc-b34b-689e851f2a7c/1692860946/_unique-thumbnails/43-large.jpg,ipfs://QmVQDAQgdUSisAh2P6W4DBFBQT4f3SXtSFnhmJDbTCEt7m
0xBb12686c360e9057be3CD031140035A705e19ceC,FeralfileExhibitionV4,Truth,2439046679443273982118864381573244666653869228,2439046679443273982118864381573244666653869228,44,6d275227-8632-4ffc-b34b-689e851f2a7c,Vitreous,image,QmQjzvrvZjzNGiqQhTGsiHeTpb9FmEcjCVWxVySf5FANC1/2439046679443273982118864381573244666653869228,previews/6d275227-8632-4ffc-b34b-689e851f2a7c/1692860946/_unique-previews/44,ipfs://QmPG4NVYqJ7U2zjUiv65XYrLukvEGszZyRHq7LJ4ewfT29,previews/6d275227-8632-4ffc-b34b-689e851f2a7c/1692860946/_unique-thumbnails/44-large.jpg,ipfs://QmdQ77nJiQJYPZ6UUhHCs6YLrRrRHJifNpzF3hMYwnRxbz
0xBb12686c360e9057be3CD031140035A705e19ceC,FeralfileExhibitionV4,Truth,2439046679443273982118864381573244666653869229,2439046679443273982118864381573244666653869229,45,6d275227-8632-4ffc-b34b-689e851f2a7c,Vitreous,image,QmQjzvrvZjzNGiqQhTGsiHeTpb9FmEcjCVWxVySf5FANC1/2439046679443273982118864381573244666653869229,previews/6d275227-8632-4ffc-b34b-689e851f2a7c/1692860946/_unique-previews/45,ipfs://QmYF8vwiRQp6zTn7KC8uDVCbAVQPec4efvSuoDB9TUb5jm,previews/6d275227-8632-4ffc-b34b-689e851f2a7c/1692860946/_unique-thumbnails/45-large.jpg,ipfs://QmXMCnsMPEkiqh96uGyGNnQc1A5VcPDsxE9y2z5ZViRsbP
0xBb12686c360e9057be3CD031140035A705e19ceC,FeralfileExhibitionV4,Truth,2439046679443273982118864381573244666653869230,2439046679443273982118864381573244666653869230,46,6d275227-8632-4ffc-b34b-689e851f2a7c,Vitreous,image,QmQjzvrvZjzNGiqQhTGsiHeTpb9FmEcjCVWxVySf5FANC1/2439046679443273982118864381573244666653869230,previews/6d275227-8632-4ffc-b34b-689e851f2a7c/1692860946/_unique-previews/46,ipfs://QmTKhjGc7A3ekhjese7ya8kvezHVfmhzEzu4Ds7p1cZoXn,previews/6d275227-8632-4ffc-b34b-689e851f2a7c/1692860946/_unique-thumbnails/46-large.jpg,ipfs://Qmae2T54ME5sgE1h93JN4Gz7or5RhmQsqYffbj3TBAsVbP
0xBb12686c360e9057be3CD031140035A705e19ceC,FeralfileExhibitionV4,Truth,2439046679443273982118864381573244666653869231,2439046679443273982118864381573244666653869231,47,6d275227-8632-4ffc-b34b-689e851f2a7c,Vitreous,image,QmQjzvrvZjzNGiqQhTGsiHeTpb9FmEcjCVWxVySf5FANC1/2439046679443273982118864381573244666653869231,previews/6d275227-8632-4ffc-b34b-689e851f2a7c/1692860946/_unique-previews/47,ipfs://QmS3vAEGHeNyQ99LxoWCR8CfWoiURrEipZJzno9mN1bcdk,previews/6d275227-8632-4ffc-b34b-689e851f2a7c/1692860946/_unique-thumbnails/47-large.jpg,ipfs://QmXer5wuQny82dFEPQ87d7xTPXpk6vNc5uDTmpJXK5UbUd
0xBb12686c360e9057be3CD031140035A705e19ceC,FeralfileExhibitionV4,Truth,2439046679443273982118864381573244666653869232,2439046679443273982118864381573244666653869232,48,6d275227-8632-4ffc-b34b-689e851f2a7c,Vitreous,image,QmQjzvrvZjzNGiqQhTGsiHeTpb9FmEcjCVWxVySf5FANC1/2439046679443273982118864381573244666653869232,previews/6d275227-8632-4ffc-b34b-689e851f2a7c/1692860946/_unique-previews/48,ipfs://QmRYwxmXQjnbqAqKE62Vf5vxfuD2wxVf37NZBBA1NiMhDD,previews/6d275227-8632-4ffc-b34b-689e851f2a7c/1692860946/_unique-thumbnails/48-large.jpg,ipfs://QmNVP2RoojizXUgQDeWfcYeMQcyhyHwxvsNyMs1UKpH8bW
0xBb12686c360e9057be3CD031140035A705e19ceC,FeralfileExhibitionV4,Truth,2439046679443273982118864381573244666653869233,2439046679443273982118864381573244666653869233,49,6d275227-8632-4ffc-b34b-689e851f2a7c,Vitreous,image,QmQjzvrvZjzNGiqQhTGsiHeTpb9FmEcjCVWxVySf5FANC1/2439046679443273982118864381573244666653869233,previews/6d275227-8632-4ffc-b34b-689e851f2a7c/1692860946/_unique-previews/49,ipfs://QmWK4m1heCuGL9L1offRWH1iGEErE26NqHyGJszDowy3NH,previews/6d275227-8632-4ffc-b34b-689e851f2a7c/1692860946/_unique-thumbnails/49-large.jpg,ipfs://QmU4u1UZFwiBhsZwLGABc9H7oejXu8g6m5WdvxWVte1pXw
0xBb12686c360e9057be3CD031140035A705e19ceC,FeralfileExhibitionV4,Truth,2439046679443273982118864381573244666653869234,2439046679443273982118864381573244666653869234,50,6d275227-8632-4ffc-b34b-689e851f2a7c,Vitreous,image,QmQjzvrvZjzNGiqQhTGsiHeTpb9FmEcjCVWxVySf5FANC1/2439046679443273982118864381573244666653869234,previews/6d275227-8632-4ffc-b34b-689e851f2a7c/1692860946/_unique-previews/50,ipfs://QmRHkWwsB782arVu9Kj1ha3gfi9CaomJh3jHQVNtH6HSPG,previews/6d275227-8632-4ffc-b34b-689e851f2a7c/1692860946/_unique-thumbnails/50-large.jpg,ipfs://QmSDKTdzNazKsrAKSMoA6wMS6DUgfZ5GvKyudnihYBKg17
0xBb12686c360e9057be3CD031140035A705e19ceC,FeralfileExhibitionV4,Truth,2439046679443273982118864381573244666653869235,2439046679443273982118864381573244666653869235,51,6d275227-8632-4ffc-b34b-689e851f2a7c,Vitreous,image,QmQjzvrvZjzNGiqQhTGsiHeTpb9FmEcjCVWxVySf5FANC1/2439046679443273982118864381573244666653869235,previews/6d275227-8632-4ffc-b34b-689e851f2a7c/1692860946/_unique-previews/51,ipfs://QmS8guHkzMRUD2QmRpF2kMxZSARFc6DkqRGC6UEWK33EeA,previews/6d275227-8632-4ffc-b34b-689e851f2a7c/1692860946/_unique-thumbnails/51-large.jpg,ipfs://QmbwCy9M3Ba9qok44aS524LCtmckpF1axGUDgnXfcReQm5
0xBb12686c360e9057be3CD031140035A705e19ceC,FeralfileExhibitionV4,Truth,2439046679443273982118864381573244666653869236,2439046679443273982118864381573244666653869236,52,6d275227-8632-4ffc-b34b-689e851f2a7c,Vitreous,image,QmQjzvrvZjzNGiqQhTGsiHeTpb9FmEcjCVWxVySf5FANC1/2439046679443273982118864381573244666653869236,previews/6d275227-8632-4ffc-b34b-689e851f2a7c/1692860946/_unique-previews/52,ipfs://QmVQAVzWCoPKg8vLLJmAYq7APkp2eJYhnPggGmb76ZebLV,previews/6d275227-8632-4ffc-b34b-689e851f2a7c/1692860946/_unique-thumbnails/52-large.jpg,ipfs://QmNmHqE6ToiCfQcm6SUNNc9AnEzG1kFmwLb1RzxqxRVHdH
0xBb12686c360e9057be3CD031140035A705e19ceC,FeralfileExhibitionV4,Truth,2439046679443273982118864381573244666653869237,2439046679443273982118864381573244666653869237,53,6d275227-8632-4ffc-b34b-689e851f2a7c,Vitreous,image,QmQjzvrvZjzNGiqQhTGsiHeTpb9FmEcjCVWxVySf5FANC1/2439046679443273982118864381573244666653869237,previews/6d275227-8632-4ffc-b34b-689e851f2a7c/1692860946/_unique-previews/53,ipfs://QmShTQcuzz6M1W8pLNy2ugZtzsdsLFtZmTXRwAH65H16aH,previews/6d275227-8632-4ffc-b34b-689e851f2a7c/1692860946/_unique-thumbnails/53-large.jpg,ipfs://QmZdfdpFWCsGK4HGnaLsUy844Kt1MSUusvbmRnCq9SMkVA
0xBb12686c360e9057be3CD031140035A705e19ceC,FeralfileExhibitionV4,Truth,2439046679443273982118864381573244666653869238,2439046679443273982118864381573244666653869238,54,6d275227-8632-4ffc-b34b-689e851f2a7c,Vitreous,image,QmQjzvrvZjzNGiqQhTGsiHeTpb9FmEcjCVWxVySf5FANC1/2439046679443273982118864381573244666653869238,previews/6d275227-8632-4ffc-b34b-689e851f2a7c/1692860946/_unique-previews/54,ipfs://QmQfWGLK87VHCfLKxBBqxiTNJugWiDC57e3mcKPSpjjKks,previews/6d275227-8632-4ffc-b34b-689e851f2a7c/1692860946/_unique-thumbnails/54-large.jpg,ipfs://QmRDdDodb82M5GFRksubYBZ5NPH5oigJHMsouhhc4wNuLb
0xBb12686c360e9057be3CD031140035A705e19ceC,FeralfileExhibitionV4,Truth,2439046679443273982118864381573244666653869239,2439046679443273982118864381573244666653869239,55,6d275227-8632-4ffc-b34b-689e851f2a7c,Vitreous,image,QmQjzvrvZjzNGiqQhTGsiHeTpb9FmEcjCVWxVySf5FANC1/2439046679443273982118864381573244666653869239,previews/6d275227-8632-4ffc-b34b-689e851f2a7c/1692860946/_unique-previews/55,ipfs://QmU9ekn4s8wu8WJuv3oDoBiMLE49fmaeCBnDJYAumpxu9t,previews/6d275227-8632-4ffc-b34b-689e851f2a7c/1692860946/_unique-thumbnails/55-large.jpg,ipfs://QmVkKFr6GoBiVFDwaUV7nndQwdAJXsefbfRcwtNgqNwNFb
0xBb12686c360e9057be3CD031140035A705e19ceC,FeralfileExhibitionV4,Truth,2439046679443273982118864381573244666653869240,2439046679443273982118864381573244666653869240,56,6d275227-8632-4ffc-b34b-689e851f2a7c,Vitreous,image,QmQjzvrvZjzNGiqQhTGsiHeTpb9FmEcjCVWxVySf5FANC1/2439046679443273982118864381573244666653869240,previews/6d275227-8632-4ffc-b34b-689e851f2a7c/1692860946/_unique-previews/56,ipfs://QmbEPVYbBi4qpWtPSrmjFLegw6iYtqsMFQYQVCUZnCaJ2m,previews/6d275227-8632-4ffc-b34b-689e851f2a7c/1692860946/_unique-thumbnails/56-large.jpg,ipfs://QmUgUUTAqUhFAuJJab27Dk4miyMjMQS28kyN8deWff5Pz3
0xBb12686c360e9057be3CD031140035A705e19ceC,FeralfileExhibitionV4,Truth,2439046679443273982118864381573244666653869241,2439046679443273982118864381573244666653869241,57,6d275227-8632-4ffc-b34b-689e851f2a7c,Vitreous,image,QmQjzvrvZjzNGiqQhTGsiHeTpb9FmEcjCVWxVySf5FANC1/2439046679443273982118864381573244666653869241,previews/6d275227-8632-4ffc-b34b-689e851f2a7c/1692860946/_unique-previews/57,ipfs://QmXbkqoyhJtPy2rShLj79E7xuwukhj1eyML7kRYY2t7toJ,previews/6d275227-8632-4ffc-b34b-689e851f2a7c/1692860946/_unique-thumbnails/57-large.jpg,ipfs://QmSd9smGecfhgtcMYBELrS3tiCpyAPqvUAZcPZXnuEf6G4
0xBb12686c360e9057be3CD031140035A705e19ceC,FeralfileExhibitionV4,Truth,2439046679443273982118864381573244666653869242,2439046679443273982118864381573244666653869242,58,6d275227-8632-4ffc-b34b-689e851f2a7c,Vitreous,image,QmQjzvrvZjzNGiqQhTGsiHeTpb9FmEcjCVWxVySf5FANC1/2439046679443273982118864381573244666653869242,previews/6d275227-8632-4ffc-b34b-689e851f2a7c/1692860946/_unique-previews/58,ipfs://QmSDxz4AyVbmHrQxq77xJF2YcrusmX1z8VejCbAJrUWWXG,previews/6d275227-8632-4ffc-b34b-689e851f2a7c/1692860946/_unique-thumbnails/58-large.jpg,ipfs://QmU7y8hjv1328P854KVpGjg8Kyu6utnDQPmDdMwxCqYwU8
0xBb12686c360e9057be3CD031140035A705e19ceC,FeralfileExhibitionV4,Truth,2439046679443273982118864381573244666653869243,2439046679443273982118864381573244666653869243,59,6d275227-8632-4ffc-b34b-689e851f2a7c,Vitreous,image,QmQjzvrvZjzNGiqQhTGsiHeTpb9FmEcjCVWxVySf5FANC1/2439046679443273982118864381573244666653869243,previews/6d275227-8632-4ffc-b34b-689e851f2a7c/1692860946/_unique-previews/59,ipfs://QmWpfuDtxDShWw4ftVf1UhihNw4UpJQstTbsMCn9tx9aG8,previews/6d275227-8632-4ffc-b34b-689e851f2a7c/1692860946/_unique-thumbnails/59-large.jpg,ipfs://QmXDWTToBEcHvmgK4xL4k2zfqLtDwTXhzdsNTrHy5KzT7E
0xBb12686c360e9057be3CD031140035A705e19ceC,FeralfileExhibitionV4,Truth,2439046679443273982118864381573244666653869244,2439046679443273982118864381573244666653869244,60,6d275227-8632-4ffc-b34b-689e851f2a7c,Vitreous,image,QmQjzvrvZjzNGiqQhTGsiHeTpb9FmEcjCVWxVySf5FANC1/2439046679443273982118864381573244666653869244,previews/6d275227-8632-4ffc-b34b-689e851f2a7c/1692860946/_unique-previews/60,ipfs://QmUXSVPr78FpBnKxzkweWtYAu5t2AgcAGhhCEc44diSrs8,previews/6d275227-8632-4ffc-b34b-689e851f2a7c/1692860946/_unique-thumbnails/60-large.jpg,ipfs://QmcxGG8cvysPg17QCeCtRHdPVxhNth3swLAbwKtzAHkmPh
0xBb12686c360e9057be3CD031140035A705e19ceC,FeralfileExhibitionV4,Truth,2439046679443273982118864381573244666653869245,2439046679443273982118864381573244666653869245,61,6d275227-8632-4ffc-b34b-689e851f2a7c,Vitreous,image,QmQjzvrvZjzNGiqQhTGsiHeTpb9FmEcjCVWxVySf5FANC1/2439046679443273982118864381573244666653869245,previews/6d275227-8632-4ffc-b34b-689e851f2a7c/1692860946/_unique-previews/61,ipfs://QmPnoGVxPWwFJTCU3aTgbrs7M2xTDrwJ2xzPyuSUbjmDNG,previews/6d275227-8632-4ffc-b34b-689e851f2a7c/1692860946/_unique-thumbnails/61-large.jpg,ipfs://QmUFp7StyU5JGkSUsNDNUAb7bG4y95VUZQuBgQtnvvpqz4
0xBb12686c360e9057be3CD031140035A705e19ceC,FeralfileExhibitionV4,Truth,2439046679443273982118864381573244666653869246,2439046679443273982118864381573244666653869246,62,6d275227-8632-4ffc-b34b-689e851f2a7c,Vitreous,image,QmQjzvrvZjzNGiqQhTGsiHeTpb9FmEcjCVWxVySf5FANC1/2439046679443273982118864381573244666653869246,previews/6d275227-8632-4ffc-b34b-689e851f2a7c/1692860946/_unique-previews/62,ipfs://QmaAeb5b8pZCFMxT8T4LexpPZiM2D2sFhhRsRSPjA6qBPk,previews/6d275227-8632-4ffc-b34b-689e851f2a7c/1692860946/_unique-thumbnails/62-large.jpg,ipfs://QmbXbkaoajsLTH6TUszQ4r2ZxoLtsupQ9dU1QMuPncEmWt
0xBb12686c360e9057be3CD031140035A705e19ceC,FeralfileExhibitionV4,Truth,2439046679443273982118864381573244666653869247,2439046679443273982118864381573244666653869247,63,6d275227-8632-4ffc-b34b-689e851f2a7c,Vitreous,image,QmQjzvrvZjzNGiqQhTGsiHeTpb9FmEcjCVWxVySf5FANC1/2439046679443273982118864381573244666653869247,previews/6d275227-8632-4ffc-b34b-689e851f2a7c/1692860946/_unique-previews/63,ipfs://QmY3eyWWzRFqDedTzqyzyGD4N5H2tSdfyyfUh6Yeeny355,previews/6d275227-8632-4ffc-b34b-689e851f2a7c/1692860946/_unique-thumbnails/63-large.jpg,ipfs://QmVv3yvyt7HjtnHiavXCy63khJZSuLZredUohUbmyj3Mcb
0xBb12686c360e9057be3CD031140035A705e19ceC,FeralfileExhibitionV4,Truth,2439046679443273982118864381573244666653869248,2439046679443273982118864381573244666653869248,64,6d275227-8632-4ffc-b34b-689e851f2a7c,Vitreous,image,QmQjzvrvZjzNGiqQhTGsiHeTpb9FmEcjCVWxVySf5FANC1/2439046679443273982118864381573244666653869248,previews/6d275227-8632-4ffc-b34b-689e851f2a7c/1692860946/_unique-previews/64,ipfs://QmQkwm2Yn6VR7FzXTpbhEi4oLocxMgmQe9opW3CK8xQubB,previews/6d275227-8632-4ffc-b34b-689e851f2a7c/1692860946/_unique-thumbnails/64-large.jpg,ipfs://QmUFEPKPZDoJTcGAoR4j1rG8bW9F9cXnFtztto6AxqZoAN
0xBb12686c360e9057be3CD031140035A705e19ceC,FeralfileExhibitionV4,Truth,2439046679443273982118864381573244666653869249,2439046679443273982118864381573244666653869249,65,6d275227-8632-4ffc-b34b-689e851f2a7c,Vitreous,image,QmQjzvrvZjzNGiqQhTGsiHeTpb9FmEcjCVWxVySf5FANC1/2439046679443273982118864381573244666653869249,previews/6d275227-8632-4ffc-b34b-689e851f2a7c/1692860946/_unique-previews/65,ipfs://QmeGpkqi8VEfTQUM57nYb4rW9dn4GZwkW7rv8gPZiAapWf,previews/6d275227-8632-4ffc-b34b-689e851f2a7c/1692860946/_unique-thumbnails/65-large.jpg,ipfs://QmUCp8pbJCkDkYe8CN6p3hrWdeRjAkchTsePwViCD9zVMz
0xBb12686c360e9057be3CD031140035A705e19ceC,FeralfileExhibitionV4,Truth,2439046679443273982118864381573244666653869250,2439046679443273982118864381573244666653869250,66,6d275227-8632-4ffc-b34b-689e851f2a7c,Vitreous,image,QmQjzvrvZjzNGiqQhTGsiHeTpb9FmEcjCVWxVySf5FANC1/2439046679443273982118864381573244666653869250,previews/6d275227-8632-4ffc-b34b-689e851f2a7c/1692860946/_unique-previews/66,ipfs://QmRrKBofKC93z32JC84ibft2rAdjS1muTcAkgTLqbEPrWz,previews/6d275227-8632-4ffc-b34b-689e851f2a7c/1692860946/_unique-thumbnails/66-large.jpg,ipfs://QmR2HF835mVF4XqzqKMvhxirwdaXpgcW6wkqqkCNFLhtCL
0xBb12686c360e9057be3CD031140035A705e19ceC,FeralfileExhibitionV4,Truth,2439046679443273982118864381573244666653869251,2439046679443273982118864381573244666653869251,67,6d275227-8632-4ffc-b34b-689e851f2a7c,Vitreous,image,QmQjzvrvZjzNGiqQhTGsiHeTpb9FmEcjCVWxVySf5FANC1/2439046679443273982118864381573244666653869251,previews/6d275227-8632-4ffc-b34b-689e851f2a7c/1692860946/_unique-previews/67,ipfs://QmSYHzQArm3pnr56CS6KXK6UWyopu1nRTd4MBKf2ReK4JL,previews/6d275227-8632-4ffc-b34b-689e851f2a7c/1692860946/_unique-thumbnails/67-large.jpg,ipfs://QmP3JsFNNBmJ7YWzm96H1umXtwvK46z8qDKJ1y2ipAbFKk
0xBb12686c360e9057be3CD031140035A705e19ceC,FeralfileExhibitionV4,Truth,2439046679443273982118864381573244666653869252,2439046679443273982118864381573244666653869252,68,6d275227-8632-4ffc-b34b-689e851f2a7c,Vitreous,image,QmQjzvrvZjzNGiqQhTGsiHeTpb9FmEcjCVWxVySf5FANC1/2439046679443273982118864381573244666653869252,previews/6d275227-8632-4ffc-b34b-689e851f2a7c/1692860946/_unique-previews/68,ipfs://QmdLeFe3qwpnSzcSNuArWrtQP7ym76wCqrTJk5oNUyvJMn,previews/6d275227-8632-4ffc-b34b-689e851f2a7c/1692860946/_unique-thumbnails/68-large.jpg,ipfs://QmQDSbGvmbdiNtihruGCJBAzw3Rd1vEewhKfBWsaGu8xEU
0xBb12686c360e9057be3CD031140035A705e19ceC,FeralfileExhibitionV4,Truth,2439046679443273982118864381573244666653869253,2439046679443273982118864381573244666653869253,69,6d275227-8632-4ffc-b34b-689e851f2a7c,Vitreous,image,QmQjzvrvZjzNGiqQhTGsiHeTpb9FmEcjCVWxVySf5FANC1/2439046679443273982118864381573244666653869253,previews/6d275227-8632-4ffc-b34b-689e851f2a7c/1692860946/_unique-previews/69,ipfs://QmYt7hJRHa6SJVmRbGZzucyWJ9DaTyn6NXB9GQoxuMXXSL,previews/6d275227-8632-4ffc-b34b-689e851f2a7c/1692860946/_unique-thumbnails/69-large.jpg,ipfs://QmYHgDQzD5RwSBGDonfV3PxeYcvpXy14CR7XAQt6Dh3Jr4
0xBb12686c360e9057be3CD031140035A705e19ceC,FeralfileExhibitionV4,Truth,2439046679443273982118864381573244666653869254,2439046679443273982118864381573244666653869254,70,6d275227-8632-4ffc-b34b-689e851f2a7c,Vitreous,image,QmQjzvrvZjzNGiqQhTGsiHeTpb9FmEcjCVWxVySf5FANC1/2439046679443273982118864381573244666653869254,previews/6d275227-8632-4ffc-b34b-689e851f2a7c/1692860946/_unique-previews/70,ipfs://QmUUrgC3vxYiisV1StKdZ61JdxF58HR36MaPKuKhaL3whw,previews/6d275227-8632-4ffc-b34b-689e851f2a7c/1692860946/_unique-thumbnails/70-large.jpg,ipfs://QmSb1oLgZnzS3TXa95sa5rmhJ1rute7oFAgGdtQYMz5Tor
0xBb12686c360e9057be3CD031140035A705e19ceC,FeralfileExhibitionV4,Truth,2439046679443273982118864381573244666653869255,2439046679443273982118864381573244666653869255,71,6d275227-8632-4ffc-b34b-689e851f2a7c,Vitreous,image,QmQjzvrvZjzNGiqQhTGsiHeTpb9FmEcjCVWxVySf5FANC1/2439046679443273982118864381573244666653869255,previews/6d275227-8632-4ffc-b34b-689e851f2a7c/1692860946/_unique-previews/71,ipfs://QmfVEViZXg1wNfszGQs2ofbsgRW2cbHev5bxELBiPk6H6h,previews/6d275227-8632-4ffc-b34b-689e851f2a7c/1692860946/_unique-thumbnails/71-large.jpg,ipfs://Qmddrve1VEqq6P8w7sKGVFMTbKF7UmvrFwWAVhjLWbyqZy
0xBb12686c360e9057be3CD031140035A705e19ceC,FeralfileExhibitionV4,Truth,2439046679443273982118864381573244666653869256,2439046679443273982118864381573244666653869256,72,6d275227-8632-4ffc-b34b-689e851f2a7c,Vitreous,image,QmQjzvrvZjzNGiqQhTGsiHeTpb9FmEcjCVWxVySf5FANC1/2439046679443273982118864381573244666653869256,previews/6d275227-8632-4ffc-b34b-689e851f2a7c/1692860946/_unique-previews/72,ipfs://Qma2sZ5aKGjPf1ZSzAAQiPK9BUsRwh2vY5QJU7zko7wYk3,previews/6d275227-8632-4ffc-b34b-689e851f2a7c/1692860946/_unique-thumbnails/72-large.jpg,ipfs://QmPYUK3PrcWNNWqFxihu4YnNW5VQuXt5Go8AN82PRydPzr
0xBb12686c360e9057be3CD031140035A705e19ceC,FeralfileExhibitionV4,Truth,2439046679443273982118864381573244666653869257,2439046679443273982118864381573244666653869257,73,6d275227-8632-4ffc-b34b-689e851f2a7c,Vitreous,image,QmQjzvrvZjzNGiqQhTGsiHeTpb9FmEcjCVWxVySf5FANC1/2439046679443273982118864381573244666653869257,previews/6d275227-8632-4ffc-b34b-689e851f2a7c/1692860946/_unique-previews/73,ipfs://QmVuK8mNc1SPMR3kWY9HucbLHFKpTWAwKW9YtzQQ1BEKR5,previews/6d275227-8632-4ffc-b34b-689e851f2a7c/1692860946/_unique-thumbnails/73-large.jpg,ipfs://QmRHw3Nrrc3wJacfEfNbv2fwtF5ZytLvAyPWPTFThb9LeT
0xBb12686c360e9057be3CD031140035A705e19ceC,FeralfileExhibitionV4,Truth,2439046679443273982118864381573244666653869258,2439046679443273982118864381573244666653869258,74,6d275227-8632-4ffc-b34b-689e851f2a7c,Vitreous,image,QmQjzvrvZjzNGiqQhTGsiHeTpb9FmEcjCVWxVySf5FANC1/2439046679443273982118864381573244666653869258,previews/6d275227-8632-4ffc-b34b-689e851f2a7c/1692860946/_unique-previews/74,ipfs://QmYZBmqSg7MvVN6gFGJ1k71UQBhBQiRYNLUjkoEYqtpyid,previews/6d275227-8632-4ffc-b34b-689e851f2a7c/1692860946/_unique-thumbnails/74-large.jpg,ipfs://QmcSfLN7BXBV1FK4TUX4H6aBpYuhd6QaEhFB2ccK88PHDm
0xBb12686c360e9057be3CD031140035A705e19ceC,FeralfileExhibitionV4,Truth,2439046679443273982118864381573244666653869259,2439046679443273982118864381573244666653869259,75,6d275227-8632-4ffc-b34b-689e851f2a7c,Vitreous,image,QmQjzvrvZjzNGiqQhTGsiHeTpb9FmEcjCVWxVySf5FANC1/2439046679443273982118864381573244666653869259,previews/6d275227-8632-4ffc-b34b-689e851f2a7c/1692860946/_unique-previews/75,ipfs://QmbMojLGfkJLTXaDQbPkqkntUBaaKV9jSCbuXjboUV4Un7,previews/6d275227-8632-4ffc-b34b-689e851f2a7c/1692860946/_unique-thumbnails/75-large.jpg,ipfs://QmQc3RakAhAMrkpLWMANJrNh1ioGHxkDPLp8raZeq4oB35
0xBb12686c360e9057be3CD031140035A705e19ceC,FeralfileExhibitionV4,Truth,2439046679443273982118864381573244666653869260,2439046679443273982118864381573244666653869260,76,6d275227-8632-4ffc-b34b-689e851f2a7c,Vitreous,image,QmQjzvrvZjzNGiqQhTGsiHeTpb9FmEcjCVWxVySf5FANC1/2439046679443273982118864381573244666653869260,previews/6d275227-8632-4ffc-b34b-689e851f2a7c/1692860946/_unique-previews/76,ipfs://QmcytsZnoCSZXxgvsDq3tM2T37aSb3AJbNBcXfJ9e1vWLS,previews/6d275227-8632-4ffc-b34b-689e851f2a7c/1692860946/_unique-thumbnails/76-large.jpg,ipfs://QmXgSKQEpnXJDGUGjupTBZqVqoWLnc9YJLXdPmQ8Yo6Lut
0xBb12686c360e9057be3CD031140035A705e19ceC,FeralfileExhibitionV4,Truth,2439046679443273982118864381573244666653869261,2439046679443273982118864381573244666653869261,77,6d275227-8632-4ffc-b34b-689e851f2a7c,Vitreous,image,QmQjzvrvZjzNGiqQhTGsiHeTpb9FmEcjCVWxVySf5FANC1/2439046679443273982118864381573244666653869261,previews/6d275227-8632-4ffc-b34b-689e851f2a7c/1692860946/_unique-previews/77,ipfs://QmXXgPa39fqEQQbB9DGmJ33uzXhrKNdecEa2qzFm3gShEy,previews/6d275227-8632-4ffc-b34b-689e851f2a7c/1692860946/_unique-thumbnails/77-large.jpg,ipfs://Qmbef1HcpYnKgvn4MHZjeoR25BFz5erc1EqNtpSPzJqoV5
0xBb12686c360e9057be3CD031140035A705e19ceC,FeralfileExhibitionV4,Truth,2439046679443273982118864381573244666653869262,2439046679443273982118864381573244666653869262,78,6d275227-8632-4ffc-b34b-689e851f2a7c,Vitreous,image,QmQjzvrvZjzNGiqQhTGsiHeTpb9FmEcjCVWxVySf5FANC1/2439046679443273982118864381573244666653869262,previews/6d275227-8632-4ffc-b34b-689e851f2a7c/1692860946/_unique-previews/78,ipfs://QmbMbfsHoegyjCFBTJAUt3yvtkoegeSoFgjCJaaxvMBK14,previews/6d275227-8632-4ffc-b34b-689e851f2a7c/1692860946/_unique-thumbnails/78-large.jpg,ipfs://QmbQ3SK53THKM96AS3cmF9afL8EDLgURLWH3A65MKm17hs
0xBb12686c360e9057be3CD031140035A705e19ceC,FeralfileExhibitionV4,Truth,2439046679443273982118864381573244666653869263,2439046679443273982118864381573244666653869263,79,6d275227-8632-4ffc-b34b-689e851f2a7c,Vitreous,image,QmQjzvrvZjzNGiqQhTGsiHeTpb9FmEcjCVWxVySf5FANC1/2439046679443273982118864381573244666653869263,previews/6d275227-8632-4ffc-b34b-689e851f2a7c/1692860946/_unique-previews/79,ipfs://QmP15FJ3t7M9D3qk3oR5wsa4AjfTQyfhm2y3FcoD1aokFD,previews/6d275227-8632-4ffc-b34b-689e851f2a7c/1692860946/_unique-thumbnails/79-large.jpg,ipfs://QmPHEnugs7oEx9R4unsm8E9DtzZh9LS3Cq6xJjti3pAKLc
0xBb12686c360e9057be3CD031140035A705e19ceC,FeralfileExhibitionV4,Truth,2439046679443273982118864381573244666653869264,2439046679443273982118864381573244666653869264,80,6d275227-8632-4ffc-b34b-689e851f2a7c,Vitreous,image,QmQjzvrvZjzNGiqQhTGsiHeTpb9FmEcjCVWxVySf5FANC1/2439046679443273982118864381573244666653869264,previews/6d275227-8632-4ffc-b34b-689e851f2a7c/1692860946/_unique-previews/80,ipfs://QmPeLVL4RuYPuUDTta9dbjAs2DtVhhqHooWeGQMaN84cFQ,previews/6d275227-8632-4ffc-b34b-689e851f2a7c/1692860946/_unique-thumbnails/80-large.jpg,ipfs://QmVUFB926tzFoQz5MxATiRg3JeT8BfdMbebxWzsdaywxF4
0xBb12686c360e9057be3CD031140035A705e19ceC,FeralfileExhibitionV4,Truth,2439046679443273982118864381573244666653869265,2439046679443273982118864381573244666653869265,81,6d275227-8632-4ffc-b34b-689e851f2a7c,Vitreous,image,QmQjzvrvZjzNGiqQhTGsiHeTpb9FmEcjCVWxVySf5FANC1/2439046679443273982118864381573244666653869265,previews/6d275227-8632-4ffc-b34b-689e851f2a7c/1692860946/_unique-previews/81,ipfs://QmeV18Ae9pxJmgXED2so39aAXsmLSHJfXFub6HUSSRpAr1,previews/6d275227-8632-4ffc-b34b-689e851f2a7c/1692860946/_unique-thumbnails/81-large.jpg,ipfs://QmdVsREfYXgkCpKgxcRkin8a1HV5FHEPF7iRk6SfDWrE29
0xBb12686c360e9057be3CD031140035A705e19ceC,FeralfileExhibitionV4,Truth,2439046679443273982118864381573244666653869266,2439046679443273982118864381573244666653869266,82,6d275227-8632-4ffc-b34b-689e851f2a7c,Vitreous,image,QmQjzvrvZjzNGiqQhTGsiHeTpb9FmEcjCVWxVySf5FANC1/2439046679443273982118864381573244666653869266,previews/6d275227-8632-4ffc-b34b-689e851f2a7c/1692860946/_unique-previews/82,ipfs://QmfEj74aazV4NHRkQE5W6Zpkk6LEg3br6vP69SDdQ2wPFk,previews/6d275227-8632-4ffc-b34b-689e851f2a7c/1692860946/_unique-thumbnails/82-large.jpg,ipfs://QmUErQkGRpsZcxQY8xASUVMnUX6cqQ6GRHAz9VCtgcw9Mr
0xBb12686c360e9057be3CD031140035A705e19ceC,FeralfileExhibitionV4,Truth,2439046679443273982118864381573244666653869267,2439046679443273982118864381573244666653869267,83,6d275227-8632-4ffc-b34b-689e851f2a7c,Vitreous,image,QmQjzvrvZjzNGiqQhTGsiHeTpb9FmEcjCVWxVySf5FANC1/2439046679443273982118864381573244666653869267,previews/6d275227-8632-4ffc-b34b-689e851f2a7c/1692860946/_unique-previews/83,ipfs://QmUL2UETtE8ZsJsmA7W7ge79K3UY43F31MPHhk5gBkgJqT,previews/6d275227-8632-4ffc-b34b-689e851f2a7c/1692860946/_unique-thumbnails/83-large.jpg,ipfs://QmRKfMmu9DZUWCXJYJ4MX8fCMLfcEKfeSr4PaZGF1HC4LY
0xBb12686c360e9057be3CD031140035A705e19ceC,FeralfileExhibitionV4,Truth,2439046679443273982118864381573244666653869268,2439046679443273982118864381573244666653869268,84,6d275227-8632-4ffc-b34b-689e851f2a7c,Vitreous,image,QmQjzvrvZjzNGiqQhTGsiHeTpb9FmEcjCVWxVySf5FANC1/2439046679443273982118864381573244666653869268,previews/6d275227-8632-4ffc-b34b-689e851f2a7c/1692860946/_unique-previews/84,ipfs://QmRca3XB1PRthr3jugkoxMRW7cUdfk9QG5ZkSSh42jkX4x,previews/6d275227-8632-4ffc-b34b-689e851f2a7c/1692860946/_unique-thumbnails/84-large.jpg,ipfs://QmRgE3we2QfhGHEpQB63rekfsWZ3QZPoBZ52ZeSvMMhFvU
0xBb12686c360e9057be3CD031140035A705e19ceC,FeralfileExhibitionV4,Truth,2439046679443273982118864381573244666653869269,2439046679443273982118864381573244666653869269,85,6d275227-8632-4ffc-b34b-689e851f2a7c,Vitreous,image,QmQjzvrvZjzNGiqQhTGsiHeTpb9FmEcjCVWxVySf5FANC1/2439046679443273982118864381573244666653869269,previews/6d275227-8632-4ffc-b34b-689e851f2a7c/1692860946/_unique-previews/85,ipfs://QmXDNrz8GRtuuejyvzGMtFpMsnJtKxCxGu4gXCDTgWRV6L,previews/6d275227-8632-4ffc-b34b-689e851f2a7c/1692860946/_unique-thumbnails/85-large.jpg,ipfs://QmZ1jXffAhgH4xBvMsk9aMgnkomi9GkoL5D7ARzeVpgq5X
0xBb12686c360e9057be3CD031140035A705e19ceC,FeralfileExhibitionV4,Truth,2439046679443273982118864381573244666653869270,2439046679443273982118864381573244666653869270,86,6d275227-8632-4ffc-b34b-689e851f2a7c,Vitreous,image,QmQjzvrvZjzNGiqQhTGsiHeTpb9FmEcjCVWxVySf5FANC1/2439046679443273982118864381573244666653869270,previews/6d275227-8632-4ffc-b34b-689e851f2a7c/1692860946/_unique-previews/86,ipfs://QmSeKcA2vYJJ4atpo4R1htHtdjjbqnVBFtVL5mhYARmZiP,previews/6d275227-8632-4ffc-b34b-689e851f2a7c/1692860946/_unique-thumbnails/86-large.jpg,ipfs://QmcshFfR74zDZGgQBBT5wPuGBZYbFy8ehcduQh4A67JuEj
0xBb12686c360e9057be3CD031140035A705e19ceC,FeralfileExhibitionV4,Truth,2439046679443273982118864381573244666653869271,2439046679443273982118864381573244666653869271,87,6d275227-8632-4ffc-b34b-689e851f2a7c,Vitreous,image,QmQjzvrvZjzNGiqQhTGsiHeTpb9FmEcjCVWxVySf5FANC1/2439046679443273982118864381573244666653869271,previews/6d275227-8632-4ffc-b34b-689e851f2a7c/1692860946/_unique-previews/87,ipfs://QmXm6XtcqML3qMEpJZq734i5oe2YAueb92FadzdvShRNUb,previews/6d275227-8632-4ffc-b34b-689e851f2a7c/1692860946/_unique-thumbnails/87-large.jpg,ipfs://QmRTJ4K1DSAeiMaYmApNBHsfbJWSdmuSzWPX5RG2D86vff
0xBb12686c360e9057be3CD031140035A705e19ceC,FeralfileExhibitionV4,Truth,2439046679443273982118864381573244666653869272,2439046679443273982118864381573244666653869272,88,6d275227-8632-4ffc-b34b-689e851f2a7c,Vitreous,image,QmQjzvrvZjzNGiqQhTGsiHeTpb9FmEcjCVWxVySf5FANC1/2439046679443273982118864381573244666653869272,previews/6d275227-8632-4ffc-b34b-689e851f2a7c/1692860946/_unique-previews/88,ipfs://Qmate8LZLQ7nFAkBMrE6g11bfF7Y3SWNxvHCP32eSh2UyQ,previews/6d275227-8632-4ffc-b34b-689e851f2a7c/1692860946/_unique-thumbnails/88-large.jpg,ipfs://QmdUaoktFncjZqPvoDpTpCNCa4saF6RQGnbZkkDbvKxSCD
0xBb12686c360e9057be3CD031140035A705e19ceC,FeralfileExhibitionV4,Truth,2439046679443273982118864381573244666653869273,2439046679443273982118864381573244666653869273,89,6d275227-8632-4ffc-b34b-689e851f2a7c,Vitreous,image,QmQjzvrvZjzNGiqQhTGsiHeTpb9FmEcjCVWxVySf5FANC1/2439046679443273982118864381573244666653869273,previews/6d275227-8632-4ffc-b34b-689e851f2a7c/1692860946/_unique-previews/89,ipfs://QmVFGePyjDeSb6jX9UfSW7j1wTuN3tDUhJTztvH6Kpw6Bj,previews/6d275227-8632-4ffc-b34b-689e851f2a7c/1692860946/_unique-thumbnails/89-large.jpg,ipfs://Qmd693d2KM7hqqKAzpLFNiBayq8DKqboDZ1UkLKpY5EHho
0xBb12686c360e9057be3CD031140035A705e19ceC,FeralfileExhibitionV4,Truth,2439046679443273982118864381573244666653869274,2439046679443273982118864381573244666653869274,90,6d275227-8632-4ffc-b34b-689e851f2a7c,Vitreous,image,QmQjzvrvZjzNGiqQhTGsiHeTpb9FmEcjCVWxVySf5FANC1/2439046679443273982118864381573244666653869274,previews/6d275227-8632-4ffc-b34b-689e851f2a7c/1692860946/_unique-previews/90,ipfs://QmTwiTStFX8rv4FBPdAm7LPQgUs8nMXqQa1N7kLJd4kxXp,previews/6d275227-8632-4ffc-b34b-689e851f2a7c/1692860946/_unique-thumbnails/90-large.jpg,ipfs://QmWKvVxTuwMte1twoJGFVheSAKc6dwpaiRAVYDyEWCmF6b
0xBb12686c360e9057be3CD031140035A705e19ceC,FeralfileExhibitionV4,Truth,2439046679443273982118864381573244666653869275,2439046679443273982118864381573244666653869275,91,6d275227-8632-4ffc-b34b-689e851f2a7c,Vitreous,image,QmQjzvrvZjzNGiqQhTGsiHeTpb9FmEcjCVWxVySf5FANC1/2439046679443273982118864381573244666653869275,previews/6d275227-8632-4ffc-b34b-689e851f2a7c/1692860946/_unique-previews/91,ipfs://QmXuTyT5hZYE6JJJz1x2GC7e2QFqxxVsUt6DBdwNPrezbw,previews/6d275227-8632-4ffc-b34b-689e851f2a7c/1692860946/_unique-thumbnails/91-large.jpg,ipfs://QmXNyhK8ULTtVTi2wbu1h4EQGZzyr4gS2jo2rRxWtSuTNZ
0xBb12686c360e9057be3CD031140035A705e19ceC,FeralfileExhibitionV4,Truth,2439046679443273982118864381573244666653869276,2439046679443273982118864381573244666653869276,92,6d275227-8632-4ffc-b34b-689e851f2a7c,Vitreous,image,QmQjzvrvZjzNGiqQhTGsiHeTpb9FmEcjCVWxVySf5FANC1/2439046679443273982118864381573244666653869276,previews/6d275227-8632-4ffc-b34b-689e851f2a7c/1692860946/_unique-previews/92,ipfs://QmWEp4HbQetn5X4p7ypBD8VcFnQN74663iXTiDDgRy5MFH,previews/6d275227-8632-4ffc-b34b-689e851f2a7c/1692860946/_unique-thumbnails/92-large.jpg,ipfs://QmYfw2z7NNgF2ASSqSmXRwSD34a4rCMFxvAKSxBXtbezWJ
0xBb12686c360e9057be3CD031140035A705e19ceC,FeralfileExhibitionV4,Truth,2439046679443273982118864381573244666653869277,2439046679443273982118864381573244666653869277,93,6d275227-8632-4ffc-b34b-689e851f2a7c,Vitreous,image,QmQjzvrvZjzNGiqQhTGsiHeTpb9FmEcjCVWxVySf5FANC1/2439046679443273982118864381573244666653869277,previews/6d275227-8632-4ffc-b34b-689e851f2a7c/1692860946/_unique-previews/93,ipfs://QmW189gcbeFwexErUBT9pueH2TthdPNKDv17Evo6yA2rin,previews/6d275227-8632-4ffc-b34b-689e851f2a7c/1692860946/_unique-thumbnails/93-large.jpg,ipfs://QmZDwNSLJwNMowjnUZxdf2uRfyqFMXjyckjBJefBoYZSZY
0xBb12686c360e9057be3CD031140035A705e19ceC,FeralfileExhibitionV4,Truth,2439046679443273982118864381573244666653869278,2439046679443273982118864381573244666653869278,94,6d275227-8632-4ffc-b34b-689e851f2a7c,Vitreous,image,QmQjzvrvZjzNGiqQhTGsiHeTpb9FmEcjCVWxVySf5FANC1/2439046679443273982118864381573244666653869278,previews/6d275227-8632-4ffc-b34b-689e851f2a7c/1692860946/_unique-previews/94,ipfs://QmNdkwBn4JyigDmpBReVTNQm6TLdWckV92qJ5hpkDYkpLv,previews/6d275227-8632-4ffc-b34b-689e851f2a7c/1692860946/_unique-thumbnails/94-large.jpg,ipfs://QmbLntxNrR2wapT5JBiSMUtqQrTgZVjdWnaDuBfy19gVoy
0xBb12686c360e9057be3CD031140035A705e19ceC,FeralfileExhibitionV4,Truth,2439046679443273982118864381573244666653869279,2439046679443273982118864381573244666653869279,95,6d275227-8632-4ffc-b34b-689e851f2a7c,Vitreous,image,QmQjzvrvZjzNGiqQhTGsiHeTpb9FmEcjCVWxVySf5FANC1/2439046679443273982118864381573244666653869279,previews/6d275227-8632-4ffc-b34b-689e851f2a7c/1692860946/_unique-previews/95,ipfs://QmYo6BuaGh356Q4MnT6mATx6qWy2XeAEoGGcBhu2cmTeeV,previews/6d275227-8632-4ffc-b34b-689e851f2a7c/1692860946/_unique-thumbnails/95-large.jpg,ipfs://QmdnaKN4niAnffod5nXyEUdw4Uqd6ExdjQRvqHQ9a5FoRC
0xBb12686c360e9057be3CD031140035A705e19ceC,FeralfileExhibitionV4,Truth,2439046679443273982118864381573244666653869280,2439046679443273982118864381573244666653869280,96,6d275227-8632-4ffc-b34b-689e851f2a7c,Vitreous,image,QmQjzvrvZjzNGiqQhTGsiHeTpb9FmEcjCVWxVySf5FANC1/2439046679443273982118864381573244666653869280,previews/6d275227-8632-4ffc-b34b-689e851f2a7c/1692860946/_unique-previews/96,ipfs://Qmcaf75aLyBhfu3CwuRtWJaqzUkXLXKLxLhkJd6RnhHNG1,previews/6d275227-8632-4ffc-b34b-689e851f2a7c/1692860946/_unique-thumbnails/96-large.jpg,ipfs://QmWxcfRHdq8CE8yNx6zNNTw1F7TurFzgHsYQaPoLEyyfVa
0xBb12686c360e9057be3CD031140035A705e19ceC,FeralfileExhibitionV4,Truth,2439046679443273982118864381573244666653869281,2439046679443273982118864381573244666653869281,97,6d275227-8632-4ffc-b34b-689e851f2a7c,Vitreous,image,QmQjzvrvZjzNGiqQhTGsiHeTpb9FmEcjCVWxVySf5FANC1/2439046679443273982118864381573244666653869281,previews/6d275227-8632-4ffc-b34b-689e851f2a7c/1692860946/_unique-previews/97,ipfs://QmSSkuB6afBBrRTB4wrZdsZ6nxq5F6bp2KBudBCTqjpPd2,previews/6d275227-8632-4ffc-b34b-689e851f2a7c/1692860946/_unique-thumbnails/97-large.jpg,ipfs://QmRM2LAD55zSVQLeyrZmmMVzMPKqtYrrDgoNVKh6UCrqmu
0xBb12686c360e9057be3CD031140035A705e19ceC,FeralfileExhibitionV4,Truth,2439046679443273982118864381573244666653869282,2439046679443273982118864381573244666653869282,98,6d275227-8632-4ffc-b34b-689e851f2a7c,Vitreous,image,QmQjzvrvZjzNGiqQhTGsiHeTpb9FmEcjCVWxVySf5FANC1/2439046679443273982118864381573244666653869282,previews/6d275227-8632-4ffc-b34b-689e851f2a7c/1692860946/_unique-previews/98,ipfs://QmaJwMgDYq1n8gTf6dB99gYtUKYhzP14ZoiMHmSRKkZt54,previews/6d275227-8632-4ffc-b34b-689e851f2a7c/1692860946/_unique-thumbnails/98-large.jpg,ipfs://QmV6QfMQqton2DzNQzAxj7HS71gSXuWkre26t2k8rubW48
0xBb12686c360e9057be3CD031140035A705e19ceC,FeralfileExhibitionV4,Truth,2439046679443273982118864381573244666653869283,2439046679443273982118864381573244666653869283,99,6d275227-8632-4ffc-b34b-689e851f2a7c,Vitreous,image,QmQjzvrvZjzNGiqQhTGsiHeTpb9FmEcjCVWxVySf5FANC1/2439046679443273982118864381573244666653869283,previews/6d275227-8632-4ffc-b34b-689e851f2a7c/1692860946/_unique-previews/99,ipfs://QmPfokJw1ixtTsU6gbU3KgcnUv4dDeeYA14W7dbjufd9En,previews/6d275227-8632-4ffc-b34b-689e851f2a7c/1692860946/_unique-thumbnails/99-large.jpg,ipfs://QmVKww4cVRM6N8b3N3saQwkq2M3UKzhoJ7XWjPHCQUDm7o
0xBb12686c360e9057be3CD031140035A705e19ceC,FeralfileExhibitionV4,Truth,2439046679443273982118864381573244666653869284,2439046679443273982118864381573244666653869284,100,6d275227-8632-4ffc-b34b-689e851f2a7c,Vitreous,image,QmQjzvrvZjzNGiqQhTGsiHeTpb9FmEcjCVWxVySf5FANC1/2439046679443273982118864381573244666653869284,previews/6d275227-8632-4ffc-b34b-689e851f2a7c/1692860946/_unique-previews/100,ipfs://QmQw4oLyC2AUCoZLdAapG4oFfGCUTVFgoh5L8toBr6FZn1,previews/6d275227-8632-4ffc-b34b-689e851f2a7c/1692860946/_unique-thumbnails/100-large.jpg,ipfs://QmYXachXwZJHaHnwvn7zZCJj7F1VmGgiWVQ3wHVf6PumJ6
0xBb12686c360e9057be3CD031140035A705e19ceC,FeralfileExhibitionV4,Truth,2439046679443273982118864381573244666653869285,2439046679443273982118864381573244666653869285,101,6d275227-8632-4ffc-b34b-689e851f2a7c,Vitreous,image,QmQjzvrvZjzNGiqQhTGsiHeTpb9FmEcjCVWxVySf5FANC1/2439046679443273982118864381573244666653869285,previews/6d275227-8632-4ffc-b34b-689e851f2a7c/1692860946/_unique-previews/101,ipfs://QmdTUyEdofmKDBpryvEjBimDbWAwLPuy9ixoMzoE82JAU9,previews/6d275227-8632-4ffc-b34b-689e851f2a7c/1692860946/_unique-thumbnails/101-large.jpg,ipfs://Qme4J2H1JyQTjAGWzU4JF8rob6oL2MJT9Kupjq1gL1UnAS
0xBb12686c360e9057be3CD031140035A705e19ceC,FeralfileExhibitionV4,Truth,2439046679443273982118864381573244666653869286,2439046679443273982118864381573244666653869286,102,6d275227-8632-4ffc-b34b-689e851f2a7c,Vitreous,image,QmQjzvrvZjzNGiqQhTGsiHeTpb9FmEcjCVWxVySf5FANC1/2439046679443273982118864381573244666653869286,previews/6d275227-8632-4ffc-b34b-689e851f2a7c/1692860946/_unique-previews/102,ipfs://QmYXvCohHTMP5N6SN74gFxYr2uLw5gqvD5Hg8coKSbLMeB,previews/6d275227-8632-4ffc-b34b-689e851f2a7c/1692860946/_unique-thumbnails/102-large.jpg,ipfs://QmTM8bJT1Zs9CqSD5moMMSdtiSvsvv3BqZcmYavE8soWXN
0xBb12686c360e9057be3CD031140035A705e19ceC,FeralfileExhibitionV4,Truth,2439046679443273982118864381573244666653869287,2439046679443273982118864381573244666653869287,103,6d275227-8632-4ffc-b34b-689e851f2a7c,Vitreous,image,QmQjzvrvZjzNGiqQhTGsiHeTpb9FmEcjCVWxVySf5FANC1/2439046679443273982118864381573244666653869287,previews/6d275227-8632-4ffc-b34b-689e851f2a7c/1692860946/_unique-previews/103,ipfs://QmWqPXPq1ef7niKgWKws95DdJqhqcGHNv8PCRQBgwJ2mRP,previews/6d275227-8632-4ffc-b34b-689e851f2a7c/1692860946/_unique-thumbnails/103-large.jpg,ipfs://QmdmNpwtK3imJd4Hu8pZiQiUmczGxbtViTchPNpTY7Ud1Z
0xBb12686c360e9057be3CD031140035A705e19ceC,FeralfileExhibitionV4,Truth,2439046679443273982118864381573244666653869288,2439046679443273982118864381573244666653869288,104,6d275227-8632-4ffc-b34b-689e851f2a7c,Vitreous,image,QmQjzvrvZjzNGiqQhTGsiHeTpb9FmEcjCVWxVySf5FANC1/2439046679443273982118864381573244666653869288,previews/6d275227-8632-4ffc-b34b-689e851f2a7c/1692860946/_unique-previews/104,ipfs://QmPSC9kNBPcSMxSRgTHyRsqgzCH1usf9vdcR3E4mJQvCtq,previews/6d275227-8632-4ffc-b34b-689e851f2a7c/1692860946/_unique-thumbnails/104-large.jpg,ipfs://QmVi98RedRAyQCX7PnvcoWBGY15f44FX2buC1um5NVz6ZZ
0xBb12686c360e9057be3CD031140035A705e19ceC,FeralfileExhibitionV4,Truth,2439046679443273982118864381573244666653869289,2439046679443273982118864381573244666653869289,105,6d275227-8632-4ffc-b34b-689e851f2a7c,Vitreous,image,QmQjzvrvZjzNGiqQhTGsiHeTpb9FmEcjCVWxVySf5FANC1/2439046679443273982118864381573244666653869289,previews/6d275227-8632-4ffc-b34b-689e851f2a7c/1692860946/_unique-previews/105,ipfs://QmUz8FHKunXn7FAMcmkPjK6TGCHCgu3ZQFyPJwnFdE39SQ,previews/6d275227-8632-4ffc-b34b-689e851f2a7c/1692860946/_unique-thumbnails/105-large.jpg,ipfs://QmSjejSniWyto87pk9UiCH4jZZjmyNvYkNicjR4N2Muy9Q
0xBb12686c360e9057be3CD031140035A705e19ceC,FeralfileExhibitionV4,Truth,2439046679443273982118864381573244666653869290,2439046679443273982118864381573244666653869290,106,6d275227-8632-4ffc-b34b-689e851f2a7c,Vitreous,image,QmQjzvrvZjzNGiqQhTGsiHeTpb9FmEcjCVWxVySf5FANC1/2439046679443273982118864381573244666653869290,previews/6d275227-8632-4ffc-b34b-689e851f2a7c/1692860946/_unique-previews/106,ipfs://QmcSCfeDNJvsCzP18pLTiQXnjxGycq9riKpSfDvNRxfdCN,previews/6d275227-8632-4ffc-b34b-689e851f2a7c/1692860946/_unique-thumbnails/106-large.jpg,ipfs://QmQxHpthFNsRjhMSnhNVPxBeyJj4oHk6s7KfiUxQLZ6adm
0xBb12686c360e9057be3CD031140035A705e19ceC,FeralfileExhibitionV4,Truth,2439046679443273982118864381573244666653869291,2439046679443273982118864381573244666653869291,107,6d275227-8632-4ffc-b34b-689e851f2a7c,Vitreous,image,QmQjzvrvZjzNGiqQhTGsiHeTpb9FmEcjCVWxVySf5FANC1/2439046679443273982118864381573244666653869291,previews/6d275227-8632-4ffc-b34b-689e851f2a7c/1692860946/_unique-previews/107,ipfs://QmNi7wsQTFLEKwXzuMA1X7U5iM2ZBW7Fg85Y7FKVTqVEeM,previews/6d275227-8632-4ffc-b34b-689e851f2a7c/1692860946/_unique-thumbnails/107-large.jpg,ipfs://QmTYA62UEbKdy6emybzFsQmfbvPGR2zWTK4BzLcK7fWAdq
0xBb12686c360e9057be3CD031140035A705e19ceC,FeralfileExhibitionV4,Truth,2439046679443273982118864381573244666653869292,2439046679443273982118864381573244666653869292,108,6d275227-8632-4ffc-b34b-689e851f2a7c,Vitreous,image,QmQjzvrvZjzNGiqQhTGsiHeTpb9FmEcjCVWxVySf5FANC1/2439046679443273982118864381573244666653869292,previews/6d275227-8632-4ffc-b34b-689e851f2a7c/1692860946/_unique-previews/108,ipfs://QmT2gXTNv8ZYRFUP5ctCTD4RDVzraDsMG4fZBzhJEvjN1D,previews/6d275227-8632-4ffc-b34b-689e851f2a7c/1692860946/_unique-thumbnails/108-large.jpg,ipfs://QmVR5zq5Xu42TNqHhXids1QneC8mvkRyBxNpRx7KpJ5M2d
0xBb12686c360e9057be3CD031140035A705e19ceC,FeralfileExhibitionV4,Truth,2439046679443273982118864381573244666653869293,2439046679443273982118864381573244666653869293,109,6d275227-8632-4ffc-b34b-689e851f2a7c,Vitreous,image,QmQjzvrvZjzNGiqQhTGsiHeTpb9FmEcjCVWxVySf5FANC1/2439046679443273982118864381573244666653869293,previews/6d275227-8632-4ffc-b34b-689e851f2a7c/1692860946/_unique-previews/109,ipfs://QmYFrdjCw9RGcfQhZQPadR26kuZLMqZznHkpoCLKdu5w1U,previews/6d275227-8632-4ffc-b34b-689e851f2a7c/1692860946/_unique-thumbnails/109-large.jpg,ipfs://QmYbjXzsX1BxNwZCYP9kTHNB7mGczN1TMiBUUs1kwzt4Bx
0xBb12686c360e9057be3CD031140035A705e19ceC,FeralfileExhibitionV4,Truth,2439046679443273982118864381573244666653869294,2439046679443273982118864381573244666653869294,110,6d275227-8632-4ffc-b34b-689e851f2a7c,Vitreous,image,QmQjzvrvZjzNGiqQhTGsiHeTpb9FmEcjCVWxVySf5FANC1/2439046679443273982118864381573244666653869294,previews/6d275227-8632-4ffc-b34b-689e851f2a7c/1692860946/_unique-previews/110,ipfs://QmbwCG8pvcF4DTBFdn4LTv24D64AogK8jjUgWvsKJEhN7r,previews/6d275227-8632-4ffc-b34b-689e851f2a7c/1692860946/_unique-thumbnails/110-large.jpg,ipfs://QmY14U7KhHojp8Bp9LchqcEC6GK7b2eSGVK2RQPMYdp9Mh
0xBb12686c360e9057be3CD031140035A705e19ceC,FeralfileExhibitionV4,Truth,2439046679443273982118864381573244666653869295,2439046679443273982118864381573244666653869295,111,6d275227-8632-4ffc-b34b-689e851f2a7c,Vitreous,image,QmQjzvrvZjzNGiqQhTGsiHeTpb9FmEcjCVWxVySf5FANC1/2439046679443273982118864381573244666653869295,previews/6d275227-8632-4ffc-b34b-689e851f2a7c/1692860946/_unique-previews/111,ipfs://Qmbmu8QjXZEKAt1Gt5kgRHacKMZQtpMeE5WffysoV4Y21R,previews/6d275227-8632-4ffc-b34b-689e851f2a7c/1692860946/_unique-thumbnails/111-large.jpg,ipfs://QmTxeNpJHCFPAf63hQHGayfSjQiSqP2MW5vKBDjDzCMEgx
0xBb12686c360e9057be3CD031140035A705e19ceC,FeralfileExhibitionV4,Truth,2439046679443273982118864381573244666653869296,2439046679443273982118864381573244666653869296,112,6d275227-8632-4ffc-b34b-689e851f2a7c,Vitreous,image,QmQjzvrvZjzNGiqQhTGsiHeTpb9FmEcjCVWxVySf5FANC1/2439046679443273982118864381573244666653869296,previews/6d275227-8632-4ffc-b34b-689e851f2a7c/1692860946/_unique-previews/112,ipfs://QmbMCHmWV7Qow5h26qSJodyPExmENWhwfSHFhGBbAd82zQ,previews/6d275227-8632-4ffc-b34b-689e851f2a7c/1692860946/_unique-thumbnails/112-large.jpg,ipfs://QmYyAJBqdKxDMhsDDGuNyZaV5nBwDtsWFRHw5prpsos2KT
0xBb12686c360e9057be3CD031140035A705e19ceC,FeralfileExhibitionV4,Truth,2439046679443273982118864381573244666653869297,2439046679443273982118864381573244666653869297,113,6d275227-8632-4ffc-b34b-689e851f2a7c,Vitreous,image,QmQjzvrvZjzNGiqQhTGsiHeTpb9FmEcjCVWxVySf5FANC1/2439046679443273982118864381573244666653869297,previews/6d275227-8632-4ffc-b34b-689e851f2a7c/1692860946/_unique-previews/113,ipfs://QmRZDmwQwm5NCukUexjCgv3rRvSh6Z63qhuXMqZkE4t8tx,previews/6d275227-8632-4ffc-b34b-689e851f2a7c/1692860946/_unique-thumbnails/113-large.jpg,ipfs://QmfWb8L4A1bwcEkzj6Dz4bLjvc4AfT8vCEtWwQE4BVsUmy
0xBb12686c360e9057be3CD031140035A705e19ceC,FeralfileExhibitionV4,Truth,2439046679443273982118864381573244666653869298,2439046679443273982118864381573244666653869298,114,6d275227-8632-4ffc-b34b-689e851f2a7c,Vitreous,image,QmQjzvrvZjzNGiqQhTGsiHeTpb9FmEcjCVWxVySf5FANC1/2439046679443273982118864381573244666653869298,previews/6d275227-8632-4ffc-b34b-689e851f2a7c/1692860946/_unique-previews/114,ipfs://Qmap7fzu3zYG58NgWQ69CxBLdvuJxQxBXSrj9oEBC84X2q,previews/6d275227-8632-4ffc-b34b-689e851f2a7c/1692860946/_unique-thumbnails/114-large.jpg,ipfs://QmaAibC9PJis5WzkvQy1R9RFnMKFrzSzgrTpJaUJVrSMxE
0xBb12686c360e9057be3CD031140035A705e19ceC,FeralfileExhibitionV4,Truth,2439046679443273982118864381573244666653869299,2439046679443273982118864381573244666653869299,115,6d275227-8632-4ffc-b34b-689e851f2a7c,Vitreous,image,QmQjzvrvZjzNGiqQhTGsiHeTpb9FmEcjCVWxVySf5FANC1/2439046679443273982118864381573244666653869299,previews/6d275227-8632-4ffc-b34b-689e851f2a7c/1692860946/_unique-previews/115,ipfs://QmTcgDu3zJdmcrPLfySEanhCxD5zwY8Y2pEscUaygLGfB6,previews/6d275227-8632-4ffc-b34b-689e851f2a7c/1692860946/_unique-thumbnails/115-large.jpg,ipfs://QmbZ5RZUqVeCjKNnUV7VnUT1yHktsgvKzsqFYwc43useGV
0xBb12686c360e9057be3CD031140035A705e19ceC,FeralfileExhibitionV4,Truth,2439046679443273982118864381573244666653869300,2439046679443273982118864381573244666653869300,116,6d275227-8632-4ffc-b34b-689e851f2a7c,Vitreous,image,QmQjzvrvZjzNGiqQhTGsiHeTpb9FmEcjCVWxVySf5FANC1/2439046679443273982118864381573244666653869300,previews/6d275227-8632-4ffc-b34b-689e851f2a7c/1692860946/_unique-previews/116,ipfs://QmRSLFwoTTYD9NUyciz9EJPns4PnLzwFWA2sUT9BmKsa4B,previews/6d275227-8632-4ffc-b34b-689e851f2a7c/1692860946/_unique-thumbnails/116-large.jpg,ipfs://QmeCzcYfSqzzha3MVtLmCPpgbg8NPFGN4hUM9xbFxApDhM
0xBb12686c360e9057be3CD031140035A705e19ceC,FeralfileExhibitionV4,Truth,2439046679443273982118864381573244666653869301,2439046679443273982118864381573244666653869301,117,6d275227-8632-4ffc-b34b-689e851f2a7c,Vitreous,image,QmQjzvrvZjzNGiqQhTGsiHeTpb9FmEcjCVWxVySf5FANC1/2439046679443273982118864381573244666653869301,previews/6d275227-8632-4ffc-b34b-689e851f2a7c/1692860946/_unique-previews/117,ipfs://QmZCv24VyBJjRJkVtDonbaQ7WdTCTHbp1nhUDY8sNjsNKh,previews/6d275227-8632-4ffc-b34b-689e851f2a7c/1692860946/_unique-thumbnails/117-large.jpg,ipfs://QmVN53NkPJuJhzRKRuZCZUqt5frNpTsQc5hidGHuW4ujax
0xBb12686c360e9057be3CD031140035A705e19ceC,FeralfileExhibitionV4,Truth,2439046679443273982118864381573244666653869302,2439046679443273982118864381573244666653869302,118,6d275227-8632-4ffc-b34b-689e851f2a7c,Vitreous,image,QmQjzvrvZjzNGiqQhTGsiHeTpb9FmEcjCVWxVySf5FANC1/2439046679443273982118864381573244666653869302,previews/6d275227-8632-4ffc-b34b-689e851f2a7c/1692860946/_unique-previews/118,ipfs://QmWHWVyHrmeK9zLF5BYJMVEAa4SPF7DHSCcxFVmtWuTqyR,previews/6d275227-8632-4ffc-b34b-689e851f2a7c/1692860946/_unique-thumbnails/118-large.jpg,ipfs://QmeC9uPYHj9XzwAmYiDYQvp8bYJYSJe117i3GwrgN5Wmde
0xBb12686c360e9057be3CD031140035A705e19ceC,FeralfileExhibitionV4,Truth,2439046679443273982118864381573244666653869303,2439046679443273982118864381573244666653869303,119,6d275227-8632-4ffc-b34b-689e851f2a7c,Vitreous,image,QmQjzvrvZjzNGiqQhTGsiHeTpb9FmEcjCVWxVySf5FANC1/2439046679443273982118864381573244666653869303,previews/6d275227-8632-4ffc-b34b-689e851f2a7c/1692860946/_unique-previews/119,ipfs://Qmadgua4HdL5ubZtUG6GTRJYQci3gnXudQvZnpz2NqB38n,previews/6d275227-8632-4ffc-b34b-689e851f2a7c/1692860946/_unique-thumbnails/119-large.jpg,ipfs://QmTUMQ6TAqtELcMDTPCTgSLDo7nW65Y5ssE6uzmgBmSGWF
0xBb12686c360e9057be3CD031140035A705e19ceC,FeralfileExhibitionV4,Truth,2439046679443273982118864381573244666653869304,2439046679443273982118864381573244666653869304,120,6d275227-8632-4ffc-b34b-689e851f2a7c,Vitreous,image,QmQjzvrvZjzNGiqQhTGsiHeTpb9FmEcjCVWxVySf5FANC1/2439046679443273982118864381573244666653869304,previews/6d275227-8632-4ffc-b34b-689e851f2a7c/1692860946/_unique-previews/120,ipfs://QmXPhA12kapc3Pn9MddqYKmRn1K5ztHaCiKWY2BiBVY2iV,previews/6d275227-8632-4ffc-b34b-689e851f2a7c/1692860946/_unique-thumbnails/120-large.jpg,ipfs://QmXU7ocwXjuoS5uuovGPeg19JGaj9FFeGg347TGNMg1YAv
0xBb12686c360e9057be3CD031140035A705e19ceC,FeralfileExhibitionV4,Truth,2439046679443273982118864381573244666653869305,2439046679443273982118864381573244666653869305,121,6d275227-8632-4ffc-b34b-689e851f2a7c,Vitreous,image,QmQjzvrvZjzNGiqQhTGsiHeTpb9FmEcjCVWxVySf5FANC1/2439046679443273982118864381573244666653869305,previews/6d275227-8632-4ffc-b34b-689e851f2a7c/1692860946/_unique-previews/121,ipfs://QmbqKFJjzb7iVVpuzPc7mAKC81Gfk4mvHKbJM9cJ1DMrEs,previews/6d275227-8632-4ffc-b34b-689e851f2a7c/1692860946/_unique-thumbnails/121-large.jpg,ipfs://Qmf5ApDm43KUvcVxwuJJ46KR66Dox5Pj5du475Hq8Z9EGp
0xBb12686c360e9057be3CD031140035A705e19ceC,FeralfileExhibitionV4,Truth,2439046679443273982118864381573244666653869306,2439046679443273982118864381573244666653869306,122,6d275227-8632-4ffc-b34b-689e851f2a7c,Vitreous,image,QmQjzvrvZjzNGiqQhTGsiHeTpb9FmEcjCVWxVySf5FANC1/2439046679443273982118864381573244666653869306,previews/6d275227-8632-4ffc-b34b-689e851f2a7c/1692860946/_unique-previews/122,ipfs://QmWYRdNwqGfXg3p7wmqEswmNEwjqkXFsaqygZ4JwAfN9dv,previews/6d275227-8632-4ffc-b34b-689e851f2a7c/1692860946/_unique-thumbnails/122-large.jpg,ipfs://QmQxEuaD5pgy5hM69kk24CmNCmywM31J4TS4KWFPEHd3Pa
0xBb12686c360e9057be3CD031140035A705e19ceC,FeralfileExhibitionV4,Truth,2439046679443273982118864381573244666653869307,2439046679443273982118864381573244666653869307,123,6d275227-8632-4ffc-b34b-689e851f2a7c,Vitreous,image,QmQjzvrvZjzNGiqQhTGsiHeTpb9FmEcjCVWxVySf5FANC1/2439046679443273982118864381573244666653869307,previews/6d275227-8632-4ffc-b34b-689e851f2a7c/1692860946/_unique-previews/123,ipfs://QmQTH9kc1juAchH5H3hdSM5a7afo55KCkcAA7ZstVTRXXY,previews/6d275227-8632-4ffc-b34b-689e851f2a7c/1692860946/_unique-thumbnails/123-large.jpg,ipfs://QmT1dpmpsA8sGZBuTueDVu77g7XVJ9QoJVt5W8jSSvqV8q
0xBb12686c360e9057be3CD031140035A705e19ceC,FeralfileExhibitionV4,Truth,2439046679443273982118864381573244666653869308,2439046679443273982118864381573244666653869308,124,6d275227-8632-4ffc-b34b-689e851f2a7c,Vitreous,image,QmQjzvrvZjzNGiqQhTGsiHeTpb9FmEcjCVWxVySf5FANC1/2439046679443273982118864381573244666653869308,previews/6d275227-8632-4ffc-b34b-689e851f2a7c/1692860946/_unique-previews/124,ipfs://QmeebuRGhKSQichsjPMLG4tsTJ4UDsuFTj7dLtrp23uPe3,previews/6d275227-8632-4ffc-b34b-689e851f2a7c/1692860946/_unique-thumbnails/124-large.jpg,ipfs://QmXk64zEqnicYwmZGD58nsaJd2jZf1rNhwRQPukMTYEWwQ
0xBb12686c360e9057be3CD031140035A705e19ceC,FeralfileExhibitionV4,Truth,2439046679443273982118864381573244666653869309,2439046679443273982118864381573244666653869309,125,6d275227-8632-4ffc-b34b-689e851f2a7c,Vitreous,image,QmQjzvrvZjzNGiqQhTGsiHeTpb9FmEcjCVWxVySf5FANC1/2439046679443273982118864381573244666653869309,previews/6d275227-8632-4ffc-b34b-689e851f2a7c/1692860946/_unique-previews/125,ipfs://QmQuUynyP3Nh5GGBAg13vcE5M1HyNJy5o2qJffZuyRdzZ4,previews/6d275227-8632-4ffc-b34b-689e851f2a7c/1692860946/_unique-thumbnails/125-large.jpg,ipfs://QmVC8iLexuXWJHHcuf7j1NSgLvC98MLfM6zsL6pTK3Vvkp
0xBb12686c360e9057be3CD031140035A705e19ceC,FeralfileExhibitionV4,Truth,2439046679443273982118864381573244666653869310,2439046679443273982118864381573244666653869310,126,6d275227-8632-4ffc-b34b-689e851f2a7c,Vitreous,image,QmQjzvrvZjzNGiqQhTGsiHeTpb9FmEcjCVWxVySf5FANC1/2439046679443273982118864381573244666653869310,previews/6d275227-8632-4ffc-b34b-689e851f2a7c/1692860946/_unique-previews/126,ipfs://QmTwU1tnswwZZSK6APVdVT6HUNDvTEijgpUQWBKSfY73k8,previews/6d275227-8632-4ffc-b34b-689e851f2a7c/1692860946/_unique-thumbnails/126-large.jpg,ipfs://QmV6vQdN6Vk6aWUZv6PXPhcS36Xmqm9z23oDZX2uMqPpiW
0xBb12686c360e9057be3CD031140035A705e19ceC,FeralfileExhibitionV4,Truth,2439046679443273982118864381573244666653869311,2439046679443273982118864381573244666653869311,127,6d275227-8632-4ffc-b34b-689e851f2a7c,Vitreous,image,QmQjzvrvZjzNGiqQhTGsiHeTpb9FmEcjCVWxVySf5FANC1/2439046679443273982118864381573244666653869311,previews/6d275227-8632-4ffc-b34b-689e851f2a7c/1692860946/_unique-previews/127,ipfs://QmY1t84wxsXmWBFQDXFJg8F3Rv6Bv8EpS3i5ZmZBQiqPMu,previews/6d275227-8632-4ffc-b34b-689e851f2a7c/1692860946/_unique-thumbnails/127-large.jpg,ipfs://QmaQkwNAP3vnnP3ppTY5dM8bPRiFAnHfG6CG7fBGMeE3VL
0xBb12686c360e9057be3CD031140035A705e19ceC,FeralfileExhibitionV4,Truth,2439046679443273982118864381573244666655869184,2439046679443273982118864381573244666655869184,0,71e2bed5-e224-4ead-8fea-88a8cc067dbe,filum,software,QmQjzvrvZjzNGiqQhTGsiHeTpb9FmEcjCVWxVySf5FANC1/2439046679443273982118864381573244666655869184,previews/71e2bed5-e224-4ead-8fea-88a8cc067dbe/1695225066/index.html?edition_number=0&artwork_number=1&blockchain=ethereum&contract=0xBb12686c360e9057be3CD031140035A705e19ceC&token_id=2439046679443273982118864381573244666655869184&token_id_hash=0x24549d9c4200fb1c06d243fff577cb323640f16ab4352a8e0f0fcf30fa91f572,ipfs://Qma2VZMhsrMjrbCZcJQXuF71XTwRdL45EPH97KC8BHo8Pd?edition_number=0&artwork_number=1&blockchain=ethereum&contract=0xBb12686c360e9057be3CD031140035A705e19ceC&token_id=2439046679443273982118864381573244666655869184&token_id_hash=0x24549d9c4200fb1c06d243fff577cb323640f16ab4352a8e0f0fcf30fa91f572,previews/71e2bed5-e224-4ead-8fea-88a8cc067dbe/1695225066/_unique-thumbnails/0-large.jpg,ipfs://QmPDW7qUoCtdsZn59GuMxxUKEvaziYWf7rH6auH5ZFV9Bp
0xBb12686c360e9057be3CD031140035A705e19ceC,FeralfileExhibitionV4,Truth,2439046679443273982118864381573244666655869185,2439046679443273982118864381573244666655869185,1,71e2bed5-e224-4ead-8fea-88a8cc067dbe,filum,software,QmQjzvrvZjzNGiqQhTGsiHeTpb9FmEcjCVWxVySf5FANC1/2439046679443273982118864381573244666655869185,previews/71e2bed5-e224-4ead-8fea-88a8cc067dbe/1695225066/index.html?edition_number=1&artwork_number=2&blockchain=ethereum&contract=0xBb12686c360e9057be3CD031140035A705e19ceC&token_id=2439046679443273982118864381573244666655869185&token_id_hash=0x445ab0256a609f6555ca04fd6812f102ea2ca69aac330d61e55c299d28664630,ipfs://Qma2VZMhsrMjrbCZcJQXuF71XTwRdL45EPH97KC8BHo8Pd?edition_number=1&artwork_number=2&blockchain=ethereum&contract=0xBb12686c360e9057be3CD031140035A705e19ceC&token_id=2439046679443273982118864381573244666655869185&token_id_hash=0x445ab0256a609f6555ca04fd6812f102ea2ca69aac330d61e55c299d28664630,previews/71e2bed5-e224-4ead-8fea-88a8cc067dbe/1695225066/_unique-thumbnails/1-large.jpg,ipfs://QmamFCNxXffL8Ko7TnJKWZkj6nEHXZVcyGbqHnp7RsDyG7
0xBb12686c360e9057be3CD031140035A705e19ceC,FeralfileExhibitionV4,Truth,2439046679443273982118864381573244666655869186,2439046679443273982118864381573244666655869186,2,71e2bed5-e224-4ead-8fea-88a8cc067dbe,filum,software,QmQjzvrvZjzNGiqQhTGsiHeTpb9FmEcjCVWxVySf5FANC1/2439046679443273982118864381573244666655869186,previews/71e2bed5-e224-4ead-8fea-88a8cc067dbe/1695225066/index.html?edition_number=2&artwork_number=3&blockchain=ethereum&contract=0xBb12686c360e9057be3CD031140035A705e19ceC&token_id=2439046679443273982118864381573244666655869186&token_id_hash=0x3edd92a0b304bb855b8e313efd51ff405cd06369b04f19f78815067ed40ba5f0,ipfs://Qma2VZMhsrMjrbCZcJQXuF71XTwRdL45EPH97KC8BHo8Pd?edition_number=2&artwork_number=3&blockchain=ethereum&contract=0xBb12686c360e9057be3CD031140035A705e19ceC&token_id=2439046679443273982118864381573244666655869186&token_id_hash=0x3edd92a0b304bb855b8e313efd51ff405cd06369b04f19f78815067ed40ba5f0,previews/71e2bed5-e224-4ead-8fea-88a8cc067dbe/1695225066/_unique-thumbnails/2-large.jpg,ipfs://QmSn9Hm6KP8cEd8XyKGmTZYtBhXSvVYq62xWtJsU4umi7W
0xBb12686c360e9057be3CD031140035A705e19ceC,FeralfileExhibitionV4,Truth,2439046679443273982118864381573244666655869187,2439046679443273982118864381573244666655869187,3,71e2bed5-e224-4ead-8fea-88a8cc067dbe,filum,software,QmQjzvrvZjzNGiqQhTGsiHeTpb9FmEcjCVWxVySf5FANC1/2439046679443273982118864381573244666655869187,previews/71e2bed5-e224-4ead-8fea-88a8cc067dbe/1695225066/index.html?edition_number=3&artwork_number=4&blockchain=ethereum&contract=0xBb12686c360e9057be3CD031140035A705e19ceC&token_id=2439046679443273982118864381573244666655869187&token_id_hash=0xcecc3ef0f14635b0d9be361bd368ab4c9e19dc0543989ad99b04a9d901cb38c7,ipfs://Qma2VZMhsrMjrbCZcJQXuF71XTwRdL45EPH97KC8BHo8Pd?edition_number=3&artwork_number=4&blockchain=ethereum&contract=0xBb12686c360e9057be3CD031140035A705e19ceC&token_id=2439046679443273982118864381573244666655869187&token_id_hash=0xcecc3ef0f14635b0d9be361bd368ab4c9e19dc0543989ad99b04a9d901cb38c7,previews/71e2bed5-e224-4ead-8fea-88a8cc067dbe/1695225066/_unique-thumbnails/3-large.jpg,ipfs://QmbSM4ZQirPwCZEv1M9igz9CGJEATZ55B4kbjSpzZiWkNd
0xBb12686c360e9057be3CD031140035A705e19ceC,FeralfileExhibitionV4,Truth,2439046679443273982118864381573244666655869188,2439046679443273982118864381573244666655869188,4,71e2bed5-e224-4ead-8fea-88a8cc067dbe,filum,software,QmQjzvrvZjzNGiqQhTGsiHeTpb9FmEcjCVWxVySf5FANC1/2439046679443273982118864381573244666655869188,previews/71e2bed5-e224-4ead-8fea-88a8cc067dbe/1695225066/index.html?edition_number=4&artwork_number=5&blockchain=ethereum&contract=0xBb12686c360e9057be3CD031140035A705e19ceC&token_id=2439046679443273982118864381573244666655869188&token_id_hash=0x3d0309a06e23d75271b9a88a52d951d1675cbc2b4248c41946a83f67c2d33570,ipfs://Qma2VZMhsrMjrbCZcJQXuF71XTwRdL45EPH97KC8BHo8Pd?edition_number=4&artwork_number=5&blockchain=ethereum&contract=0xBb12686c360e9057be3CD031140035A705e19ceC&token_id=2439046679443273982118864381573244666655869188&token_id_hash=0x3d0309a06e23d75271b9a88a52d951d1675cbc2b4248c41946a83f67c2d33570,previews/71e2bed5-e224-4ead-8fea-88a8cc067dbe/1695225066/_unique-thumbnails/4-large.jpg,ipfs://QmdBdLgs2HvMDff1mhmgvdVBBobwBsUnRkADJDh7exM49V
0xBb12686c360e9057be3CD031140035A705e19ceC,FeralfileExhibitionV4,Truth,2439046679443273982118864381573244666655869189,2439046679443273982118864381573244666655869189,5,71e2bed5-e224-4ead-8fea-88a8cc067dbe,filum,software,QmQjzvrvZjzNGiqQhTGsiHeTpb9FmEcjCVWxVySf5FANC1/2439046679443273982118864381573244666655869189,previews/71e2bed5-e224-4ead-8fea-88a8cc067dbe/1695225066/index.html?edition_number=5&artwork_number=6&blockchain=ethereum&contract=0xBb12686c360e9057be3CD031140035A705e19ceC&token_id=2439046679443273982118864381573244666655869189&token_id_hash=0x8d5d449449df78ec2090f42e09144bf9205f57c19dbb48218186f745870cc9f2,ipfs://Qma2VZMhsrMjrbCZcJQXuF71XTwRdL45EPH97KC8BHo8Pd?edition_number=5&artwork_number=6&blockchain=ethereum&contract=0xBb12686c360e9057be3CD031140035A705e19ceC&token_id=2439046679443273982118864381573244666655869189&token_id_hash=0x8d5d449449df78ec2090f42e09144bf9205f57c19dbb48218186f745870cc9f2,previews/71e2bed5-e224-4ead-8fea-88a8cc067dbe/1695225066/_unique-thumbnails/5-large.jpg,ipfs://Qme1SYFcSwCyuP8hp5J3nYbTqhSsojarmfTGNiaRp73dq8
0xBb12686c360e9057be3CD031140035A705e19ceC,FeralfileExhibitionV4,Truth,2439046679443273982118864381573244666655869190,2439046679443273982118864381573244666655869190,6,71e2bed5-e224-4ead-8fea-88a8cc067dbe,filum,software,QmQjzvrvZjzNGiqQhTGsiHeTpb9FmEcjCVWxVySf5FANC1/2439046679443273982118864381573244666655869190,previews/71e2bed5-e224-4ead-8fea-88a8cc067dbe/1695225066/index.html?edition_number=6&artwork_number=7&blockchain=ethereum&contract=0xBb12686c360e9057be3CD031140035A705e19ceC&token_id=2439046679443273982118864381573244666655869190&token_id_hash=0x38e7fe74e0be4e18e6357b19c766c5a39d4ec540f2ac229273b6f2cb30bdbb7c,ipfs://Qma2VZMhsrMjrbCZcJQXuF71XTwRdL45EPH97KC8BHo8Pd?edition_number=6&artwork_number=7&blockchain=ethereum&contract=0xBb12686c360e9057be3CD031140035A705e19ceC&token_id=2439046679443273982118864381573244666655869190&token_id_hash=0x38e7fe74e0be4e18e6357b19c766c5a39d4ec540f2ac229273b6f2cb30bdbb7c,previews/71e2bed5-e224-4ead-8fea-88a8cc067dbe/1695225066/_unique-thumbnails/6-large.jpg,ipfs://QmcSSTSiktjfqEsckU6HQxKWcRraaRVZFjsMQmNeYiFF9v
0xBb12686c360e9057be3CD031140035A705e19ceC,FeralfileExhibitionV4,Truth,2439046679443273982118864381573244666655869191,2439046679443273982118864381573244666655869191,7,71e2bed5-e224-4ead-8fea-88a8cc067dbe,filum,software,QmQjzvrvZjzNGiqQhTGsiHeTpb9FmEcjCVWxVySf5FANC1/2439046679443273982118864381573244666655869191,previews/71e2bed5-e224-4ead-8fea-88a8cc067dbe/1695225066/index.html?edition_number=7&artwork_number=8&blockchain=ethereum&contract=0xBb12686c360e9057be3CD031140035A705e19ceC&token_id=2439046679443273982118864381573244666655869191&token_id_hash=0x8d1459f1779f0bfa3a5db3271f861fed314c953b0f373681dd09bc95dcfc80be,ipfs://Qma2VZMhsrMjrbCZcJQXuF71XTwRdL45EPH97KC8BHo8Pd?edition_number=7&artwork_number=8&blockchain=ethereum&contract=0xBb12686c360e9057be3CD031140035A705e19ceC&token_id=2439046679443273982118864381573244666655869191&token_id_hash=0x8d1459f1779f0bfa3a5db3271f861fed314c953b0f373681dd09bc95dcfc80be,previews/71e2bed5-e224-4ead-8fea-88a8cc067dbe/1695225066/_unique-thumbnails/7-large.jpg,ipfs://QmPAZErTXGSiHWniwmJGygjVR6mnTyWUhMQ8yZd2qDGdRU
0xBb12686c360e9057be3CD031140035A705e19ceC,FeralfileExhibitionV4,Truth,2439046679443273982118864381573244666655869192,2439046679443273982118864381573244666655869192,8,71e2bed5-e224-4ead-8fea-88a8cc067dbe,filum,software,QmQjzvrvZjzNGiqQhTGsiHeTpb9FmEcjCVWxVySf5FANC1/2439046679443273982118864381573244666655869192,previews/71e2bed5-e224-4ead-8fea-88a8cc067dbe/1695225066/index.html?edition_number=8&artwork_number=9&blockchain=ethereum&contract=0xBb12686c360e9057be3CD031140035A705e19ceC&token_id=2439046679443273982118864381573244666655869192&token_id_hash=0xfca8eaa92e3b96a026446a05e75bc5edf7c92d315402bc7b0099f1d1cbd09c05,ipfs://Qma2VZMhsrMjrbCZcJQXuF71XTwRdL45EPH97KC8BHo8Pd?edition_number=8&artwork_number=9&blockchain=ethereum&contract=0xBb12686c360e9057be3CD031140035A705e19ceC&token_id=2439046679443273982118864381573244666655869192&token_id_hash=0xfca8eaa92e3b96a026446a05e75bc5edf7c92d315402bc7b0099f1d1cbd09c05,previews/71e2bed5-e224-4ead-8fea-88a8cc067dbe/1695225066/_unique-thumbnails/8-large.jpg,ipfs://QmRifYwoTBwMzxWn4ND1brS5guMuAtKqpEgR928nxnxSYR
0xBb12686c360e9057be3CD031140035A705e19ceC,FeralfileExhibitionV4,Truth,2439046679443273982118864381573244666655869193,2439046679443273982118864381573244666655869193,9,71e2bed5-e224-4ead-8fea-88a8cc067dbe,filum,software,QmQjzvrvZjzNGiqQhTGsiHeTpb9FmEcjCVWxVySf5FANC1/2439046679443273982118864381573244666655869193,previews/71e2bed5-e224-4ead-8fea-88a8cc067dbe/1695225066/index.html?edition_number=9&artwork_number=10&blockchain=ethereum&contract=0xBb12686c360e9057be3CD031140035A705e19ceC&token_id=2439046679443273982118864381573244666655869193&token_id_hash=0xb35c92b0a91b9687e3172ee97edf06f1d7092b804deac0362c297b7c94a01fc8,ipfs://Qma2VZMhsrMjrbCZcJQXuF71XTwRdL45EPH97KC8BHo8Pd?edition_number=9&artwork_number=10&blockchain=ethereum&contract=0xBb12686c360e9057be3CD031140035A705e19ceC&token_id=2439046679443273982118864381573244666655869193&token_id_hash=0xb35c92b0a91b9687e3172ee97edf06f1d7092b804deac0362c297b7c94a01fc8,previews/71e2bed5-e224-4ead-8fea-88a8cc067dbe/1695225066/_unique-thumbnails/9-large.jpg,ipfs://QmPBDJBYGo8KKyvsZM2mM2szFmMaasniCzd1DzFHfk86ow
0xBb12686c360e9057be3CD031140035A705e19ceC,FeralfileExhibitionV4,Truth,2439046679443273982118864381573244666655869194,2439046679443273982118864381573244666655869194,10,71e2bed5-e224-4ead-8fea-88a8cc067dbe,filum,software,QmQjzvrvZjzNGiqQhTGsiHeTpb9FmEcjCVWxVySf5FANC1/2439046679443273982118864381573244666655869194,previews/71e2bed5-e224-4ead-8fea-88a8cc067dbe/1695225066/index.html?edition_number=10&artwork_number=11&blockchain=ethereum&contract=0xBb12686c360e9057be3CD031140035A705e19ceC&token_id=2439046679443273982118864381573244666655869194&token_id_hash=0xa0164ce3822e29d122a993bc1ae3a84617b46d316795b7cdf23d0b32d26ade1a,ipfs://Qma2VZMhsrMjrbCZcJQXuF71XTwRdL45EPH97KC8BHo8Pd?edition_number=10&artwork_number=11&blockchain=ethereum&contract=0xBb12686c360e9057be3CD031140035A705e19ceC&token_id=2439046679443273982118864381573244666655869194&token_id_hash=0xa0164ce3822e29d122a993bc1ae3a84617b46d316795b7cdf23d0b32d26ade1a,previews/71e2bed5-e224-4ead-8fea-88a8cc067dbe/1695225066/_unique-thumbnails/10-large.jpg,ipfs://QmZchhkQdEoFiU5Ay6GhNnSv3L3vjoYLkSTxBZ6ncKkGE4
0xBb12686c360e9057be3CD031140035A705e19ceC,FeralfileExhibitionV4,Truth,2439046679443273982118864381573244666655869195,2439046679443273982118864381573244666655869195,11,71e2bed5-e224-4ead-8fea-88a8cc067dbe,filum,software,QmQjzvrvZjzNGiqQhTGsiHeTpb9FmEcjCVWxVySf5FANC1/2439046679443273982118864381573244666655869195,previews/71e2bed5-e224-4ead-8fea-88a8cc067dbe/1695225066/index.html?edition_number=11&artwork_number=12&blockchain=ethereum&contract=0xBb12686c360e9057be3CD031140035A705e19ceC&token_id=2439046679443273982118864381573244666655869195&token_id_hash=0x941605c7945be1973a2bf7c116e7f29f97bc798552fd4a4f8300760f6b5e33f5,ipfs://Qma2VZMhsrMjrbCZcJQXuF71XTwRdL45EPH97KC8BHo8Pd?edition_number=11&artwork_number=12&blockchain=ethereum&contract=0xBb12686c360e9057be3CD031140035A705e19ceC&token_id=2439046679443273982118864381573244666655869195&token_id_hash=0x941605c7945be1973a2bf7c116e7f29f97bc798552fd4a4f8300760f6b5e33f5,previews/71e2bed5-e224-4ead-8fea-88a8cc067dbe/1695225066/_unique-thumbnails/11-large.jpg,ipfs://QmTWTZFHU41euNqjU8zooaxca1Wr7ehVY6F7k2UuEyxZ57
0xBb12686c360e9057be3CD031140035A705e19ceC,FeralfileExhibitionV4,Truth,2439046679443273982118864381573244666655869196,2439046679443273982118864381573244666655869196,12,71e2bed5-e224-4ead-8fea-88a8cc067dbe,filum,software,QmQjzvrvZjzNGiqQhTGsiHeTpb9FmEcjCVWxVySf5FANC1/2439046679443273982118864381573244666655869196,previews/71e2bed5-e224-4ead-8fea-88a8cc067dbe/1695225066/index.html?edition_number=12&artwork_number=13&blockchain=ethereum&contract=0xBb12686c360e9057be3CD031140035A705e19ceC&token_id=2439046679443273982118864381573244666655869196&token_id_hash=0x361d98993827909073636ed023991ca6013934d910a27320830da08340d593d8,ipfs://Qma2VZMhsrMjrbCZcJQXuF71XTwRdL45EPH97KC8BHo8Pd?edition_number=12&artwork_number=13&blockchain=ethereum&contract=0xBb12686c360e9057be3CD031140035A705e19ceC&token_id=2439046679443273982118864381573244666655869196&token_id_hash=0x361d98993827909073636ed023991ca6013934d910a27320830da08340d593d8,previews/71e2bed5-e224-4ead-8fea-88a8cc067dbe/1695225066/_unique-thumbnails/12-large.jpg,ipfs://Qmdg1feo3eKrM4JzaSnPPZ8LuHGd52w8TYjPhuTba9vBVY
0xBb12686c360e9057be3CD031140035A705e19ceC,FeralfileExhibitionV4,Truth,2439046679443273982118864381573244666655869197,2439046679443273982118864381573244666655869197,13,71e2bed5-e224-4ead-8fea-88a8cc067dbe,filum,software,QmQjzvrvZjzNGiqQhTGsiHeTpb9FmEcjCVWxVySf5FANC1/2439046679443273982118864381573244666655869197,previews/71e2bed5-e224-4ead-8fea-88a8cc067dbe/1695225066/index.html?edition_number=13&artwork_number=14&blockchain=ethereum&contract=0xBb12686c360e9057be3CD031140035A705e19ceC&token_id=2439046679443273982118864381573244666655869197&token_id_hash=0xc98150e249c7f06e059ea6d239425615fd676ab3d429a82e55c7674066bdc864,ipfs://Qma2VZMhsrMjrbCZcJQXuF71XTwRdL45EPH97KC8BHo8Pd?edition_number=13&artwork_number=14&blockchain=ethereum&contract=0xBb12686c360e9057be3CD031140035A705e19ceC&token_id=2439046679443273982118864381573244666655869197&token_id_hash=0xc98150e249c7f06e059ea6d239425615fd676ab3d429a82e55c7674066bdc864,previews/71e2bed5-e224-4ead-8fea-88a8cc067dbe/1695225066/_unique-thumbnails/13-large.jpg,ipfs://QmPMZv2srWJRJrM9JEsQ2fFXAuGi1UfTzMfapS5AfjZMt2
0xBb12686c360e9057be3CD031140035A705e19ceC,FeralfileExhibitionV4,Truth,2439046679443273982118864381573244666655869198,2439046679443273982118864381573244666655869198,14,71e2bed5-e224-4ead-8fea-88a8cc067dbe,filum,software,QmQjzvrvZjzNGiqQhTGsiHeTpb9FmEcjCVWxVySf5FANC1/2439046679443273982118864381573244666655869198,previews/71e2bed5-e224-4ead-8fea-88a8cc067dbe/1695225066/index.html?edition_number=14&artwork_number=15&blockchain=ethereum&contract=0xBb12686c360e9057be3CD031140035A705e19ceC&token_id=2439046679443273982118864381573244666655869198&token_id_hash=0xf639b73cab9afc59fa61e8f9ef593a4ab50cf8706154a765f04eada360414a82,ipfs://Qma2VZMhsrMjrbCZcJQXuF71XTwRdL45EPH97KC8BHo8Pd?edition_number=14&artwork_number=15&blockchain=ethereum&contract=0xBb12686c360e9057be3CD031140035A705e19ceC&token_id=2439046679443273982118864381573244666655869198&token_id_hash=0xf639b73cab9afc59fa61e8f9ef593a4ab50cf8706154a765f04eada360414a82,previews/71e2bed5-e224-4ead-8fea-88a8cc067dbe/1695225066/_unique-thumbnails/14-large.jpg,ipfs://QmURSLEK7FtqfgRS6gpq7NzsaaTtbYiLDv9V5pAkyDvfyk
0xBb12686c360e9057be3CD031140035A705e19ceC,FeralfileExhibitionV4,Truth,2439046679443273982118864381573244666655869199,2439046679443273982118864381573244666655869199,15,71e2bed5-e224-4ead-8fea-88a8cc067dbe,filum,software,QmQjzvrvZjzNGiqQhTGsiHeTpb9FmEcjCVWxVySf5FANC1/2439046679443273982118864381573244666655869199,previews/71e2bed5-e224-4ead-8fea-88a8cc067dbe/1695225066/index.html?edition_number=15&artwork_number=16&blockchain=ethereum&contract=0xBb12686c360e9057be3CD031140035A705e19ceC&token_id=2439046679443273982118864381573244666655869199&token_id_hash=0x5c7e2f12d412da5476004a31defb8ba10678f1060d93305a828f00472619b6e6,ipfs://Qma2VZMhsrMjrbCZcJQXuF71XTwRdL45EPH97KC8BHo8Pd?edition_number=15&artwork_number=16&blockchain=ethereum&contract=0xBb12686c360e9057be3CD031140035A705e19ceC&token_id=2439046679443273982118864381573244666655869199&token_id_hash=0x5c7e2f12d412da5476004a31defb8ba10678f1060d93305a828f00472619b6e6,previews/71e2bed5-e224-4ead-8fea-88a8cc067dbe/1695225066/_unique-thumbnails/15-large.jpg,ipfs://QmbcAdtvi5p2G4d5rRWFSSAtF6hoL3JiNTKzJSHxCSegwL
0xBb12686c360e9057be3CD031140035A705e19ceC,FeralfileExhibitionV4,Truth,2439046679443273982118864381573244666655869200,2439046679443273982118864381573244666655869200,16,71e2bed5-e224-4ead-8fea-88a8cc067dbe,filum,software,QmQjzvrvZjzNGiqQhTGsiHeTpb9FmEcjCVWxVySf5FANC1/2439046679443273982118864381573244666655869200,previews/71e2bed5-e224-4ead-8fea-88a8cc067dbe/1695225066/index.html?edition_number=16&artwork_number=17&blockchain=ethereum&contract=0xBb12686c360e9057be3CD031140035A705e19ceC&token_id=2439046679443273982118864381573244666655869200&token_id_hash=0x24839b69dfd6abf1b8cee477f504e95815be7c40df8c5c69ccc29093c3d0313a,ipfs://Qma2VZMhsrMjrbCZcJQXuF71XTwRdL45EPH97KC8BHo8Pd?edition_number=16&artwork_number=17&blockchain=ethereum&contract=0xBb12686c360e9057be3CD031140035A705e19ceC&token_id=2439046679443273982118864381573244666655869200&token_id_hash=0x24839b69dfd6abf1b8cee477f504e95815be7c40df8c5c69ccc29093c3d0313a,previews/71e2bed5-e224-4ead-8fea-88a8cc067dbe/1695225066/_unique-thumbnails/16-large.jpg,ipfs://QmNW8njkM9s48azvsTkfSp4aWsSfKV75uqseqPXgvfEobr
0xBb12686c360e9057be3CD031140035A705e19ceC,FeralfileExhibitionV4,Truth,2439046679443273982118864381573244666655869201,2439046679443273982118864381573244666655869201,17,71e2bed5-e224-4ead-8fea-88a8cc067dbe,filum,software,QmQjzvrvZjzNGiqQhTGsiHeTpb9FmEcjCVWxVySf5FANC1/2439046679443273982118864381573244666655869201,previews/71e2bed5-e224-4ead-8fea-88a8cc067dbe/1695225066/index.html?edition_number=17&artwork_number=18&blockchain=ethereum&contract=0xBb12686c360e9057be3CD031140035A705e19ceC&token_id=2439046679443273982118864381573244666655869201&token_id_hash=0x0cf87c368e335b9738d9aea3e02a823de6fdb5c7186e56ca2281a732b5ef9348,ipfs://Qma2VZMhsrMjrbCZcJQXuF71XTwRdL45EPH97KC8BHo8Pd?edition_number=17&artwork_number=18&blockchain=ethereum&contract=0xBb12686c360e9057be3CD031140035A705e19ceC&token_id=2439046679443273982118864381573244666655869201&token_id_hash=0x0cf87c368e335b9738d9aea3e02a823de6fdb5c7186e56ca2281a732b5ef9348,previews/71e2bed5-e224-4ead-8fea-88a8cc067dbe/1695225066/_unique-thumbnails/17-large.jpg,ipfs://QmTtarfKd8GHxXDTo1ziBD7RvVQ2hPrRrteqtjVJBYZxLa
0xBb12686c360e9057be3CD031140035A705e19ceC,FeralfileExhibitionV4,Truth,2439046679443273982118864381573244666655869202,2439046679443273982118864381573244666655869202,18,71e2bed5-e224-4ead-8fea-88a8cc067dbe,filum,software,QmQjzvrvZjzNGiqQhTGsiHeTpb9FmEcjCVWxVySf5FANC1/2439046679443273982118864381573244666655869202,previews/71e2bed5-e224-4ead-8fea-88a8cc067dbe/1695225066/index.html?edition_number=18&artwork_number=19&blockchain=ethereum&contract=0xBb12686c360e9057be3CD031140035A705e19ceC&token_id=2439046679443273982118864381573244666655869202&token_id_hash=0x9be4de7acae4f1e39c0e15ba5b7e952c0caa41eb2db6bfdd6a8399e14daac789,ipfs://Qma2VZMhsrMjrbCZcJQXuF71XTwRdL45EPH97KC8BHo8Pd?edition_number=18&artwork_number=19&blockchain=ethereum&contract=0xBb12686c360e9057be3CD031140035A705e19ceC&token_id=2439046679443273982118864381573244666655869202&token_id_hash=0x9be4de7acae4f1e39c0e15ba5b7e952c0caa41eb2db6bfdd6a8399e14daac789,previews/71e2bed5-e224-4ead-8fea-88a8cc067dbe/1695225066/_unique-thumbnails/18-large.jpg,ipfs://QmWFPpJiX29e8joxsmZGcgABAoaYFsEKsiE74x7mJ5WduW
0xBb12686c360e9057be3CD031140035A705e19ceC,FeralfileExhibitionV4,Truth,2439046679443273982118864381573244666655869203,2439046679443273982118864381573244666655869203,19,71e2bed5-e224-4ead-8fea-88a8cc067dbe,filum,software,QmQjzvrvZjzNGiqQhTGsiHeTpb9FmEcjCVWxVySf5FANC1/2439046679443273982118864381573244666655869203,previews/71e2bed5-e224-4ead-8fea-88a8cc067dbe/1695225066/index.html?edition_number=19&artwork_number=20&blockchain=ethereum&contract=0xBb12686c360e9057be3CD031140035A705e19ceC&token_id=2439046679443273982118864381573244666655869203&token_id_hash=0x33c87a8900a61c6a694866b001b92a4663fecb37f0ff23157a329ac9873c3540,ipfs://Qma2VZMhsrMjrbCZcJQXuF71XTwRdL45EPH97KC8BHo8Pd?edition_number=19&artwork_number=20&blockchain=ethereum&contract=0xBb12686c360e9057be3CD031140035A705e19ceC&token_id=2439046679443273982118864381573244666655869203&token_id_hash=0x33c87a8900a61c6a694866b001b92a4663fecb37f0ff23157a329ac9873c3540,previews/71e2bed5-e224-4ead-8fea-88a8cc067dbe/1695225066/_unique-thumbnails/19-large.jpg,ipfs://QmdPDZaY8qsyBr6rh1j7aANGtpdf9orBR8M7AW5UF1R2ZC
0xBb12686c360e9057be3CD031140035A705e19ceC,FeralfileExhibitionV4,Truth,2439046679443273982118864381573244666655869204,2439046679443273982118864381573244666655869204,20,71e2bed5-e224-4ead-8fea-88a8cc067dbe,filum,software,QmQjzvrvZjzNGiqQhTGsiHeTpb9FmEcjCVWxVySf5FANC1/2439046679443273982118864381573244666655869204,previews/71e2bed5-e224-4ead-8fea-88a8cc067dbe/1695225066/index.html?edition_number=20&artwork_number=21&blockchain=ethereum&contract=0xBb12686c360e9057be3CD031140035A705e19ceC&token_id=2439046679443273982118864381573244666655869204&token_id_hash=0xf67f16d1aec573c904755228aa3fe5b53ef371939512e176b1c1954b23387006,ipfs://Qma2VZMhsrMjrbCZcJQXuF71XTwRdL45EPH97KC8BHo8Pd?edition_number=20&artwork_number=21&blockchain=ethereum&contract=0xBb12686c360e9057be3CD031140035A705e19ceC&token_id=2439046679443273982118864381573244666655869204&token_id_hash=0xf67f16d1aec573c904755228aa3fe5b53ef371939512e176b1c1954b23387006,previews/71e2bed5-e224-4ead-8fea-88a8cc067dbe/1695225066/_unique-thumbnails/20-large.jpg,ipfs://QmfWF8sWLDoZfdyEC8Ae24oz7CfxhscHw4B8pQk7XqVvPq
0xBb12686c360e9057be3CD031140035A705e19ceC,FeralfileExhibitionV4,Truth,2439046679443273982118864381573244666655869205,2439046679443273982118864381573244666655869205,21,71e2bed5-e224-4ead-8fea-88a8cc067dbe,filum,software,QmQjzvrvZjzNGiqQhTGsiHeTpb9FmEcjCVWxVySf5FANC1/2439046679443273982118864381573244666655869205,previews/71e2bed5-e224-4ead-8fea-88a8cc067dbe/1695225066/index.html?edition_number=21&artwork_number=22&blockchain=ethereum&contract=0xBb12686c360e9057be3CD031140035A705e19ceC&token_id=2439046679443273982118864381573244666655869205&token_id_hash=0x8cf0d5aac2d262a254d7c7a6de9464dce35b875ab724904474e82df5e7536512,ipfs://Qma2VZMhsrMjrbCZcJQXuF71XTwRdL45EPH97KC8BHo8Pd?edition_number=21&artwork_number=22&blockchain=ethereum&contract=0xBb12686c360e9057be3CD031140035A705e19ceC&token_id=2439046679443273982118864381573244666655869205&token_id_hash=0x8cf0d5aac2d262a254d7c7a6de9464dce35b875ab724904474e82df5e7536512,previews/71e2bed5-e224-4ead-8fea-88a8cc067dbe/1695225066/_unique-thumbnails/21-large.jpg,ipfs://QmcdSj3E1ZfHSvJJHq2AqYTBpBS3xsqcHwFEMaam5wo3GV
0xBb12686c360e9057be3CD031140035A705e19ceC,FeralfileExhibitionV4,Truth,2439046679443273982118864381573244666655869206,2439046679443273982118864381573244666655869206,22,71e2bed5-e224-4ead-8fea-88a8cc067dbe,filum,software,QmQjzvrvZjzNGiqQhTGsiHeTpb9FmEcjCVWxVySf5FANC1/2439046679443273982118864381573244666655869206,previews/71e2bed5-e224-4ead-8fea-88a8cc067dbe/1695225066/index.html?edition_number=22&artwork_number=23&blockchain=ethereum&contract=0xBb12686c360e9057be3CD031140035A705e19ceC&token_id=2439046679443273982118864381573244666655869206&token_id_hash=0x57de1fe6fb38b7a482c197f0ec60ca9b7781595dd8f664226a6ba2be6d4e77d0,ipfs://Qma2VZMhsrMjrbCZcJQXuF71XTwRdL45EPH97KC8BHo8Pd?edition_number=22&artwork_number=23&blockchain=ethereum&contract=0xBb12686c360e9057be3CD031140035A705e19ceC&token_id=2439046679443273982118864381573244666655869206&token_id_hash=0x57de1fe6fb38b7a482c197f0ec60ca9b7781595dd8f664226a6ba2be6d4e77d0,previews/71e2bed5-e224-4ead-8fea-88a8cc067dbe/1695225066/_unique-thumbnails/22-large.jpg,ipfs://QmSu1apCbDMXVqPKZBwM7iS7h9FaGQezbcAyTWEywc8h5i
0xBb12686c360e9057be3CD031140035A705e19ceC,FeralfileExhibitionV4,Truth,2439046679443273982118864381573244666655869207,2439046679443273982118864381573244666655869207,23,71e2bed5-e224-4ead-8fea-88a8cc067dbe,filum,software,QmQjzvrvZjzNGiqQhTGsiHeTpb9FmEcjCVWxVySf5FANC1/2439046679443273982118864381573244666655869207,previews/71e2bed5-e224-4ead-8fea-88a8cc067dbe/1695225066/index.html?edition_number=23&artwork_number=24&blockchain=ethereum&contract=0xBb12686c360e9057be3CD031140035A705e19ceC&token_id=2439046679443273982118864381573244666655869207&token_id_hash=0x84758be891f49f04ec105f2562b30457995f972a78a3eeb5bc824b51e524153f,ipfs://Qma2VZMhsrMjrbCZcJQXuF71XTwRdL45EPH97KC8BHo8Pd?edition_number=23&artwork_number=24&blockchain=ethereum&contract=0xBb12686c360e9057be3CD031140035A705e19ceC&token_id=2439046679443273982118864381573244666655869207&token_id_hash=0x84758be891f49f04ec105f2562b30457995f972a78a3eeb5bc824b51e524153f,previews/71e2bed5-e224-4ead-8fea-88a8cc067dbe/1695225066/_unique-thumbnails/23-large.jpg,ipfs://Qmd4ALCF3TEAQMpYGx6c683M93QfMvvaSi6rGamBWfGnb1
0xBb12686c360e9057be3CD031140035A705e19ceC,FeralfileExhibitionV4,Truth,2439046679443273982118864381573244666655869208,2439046679443273982118864381573244666655869208,24,71e2bed5-e224-4ead-8fea-88a8cc067dbe,filum,software,QmQjzvrvZjzNGiqQhTGsiHeTpb9FmEcjCVWxVySf5FANC1/2439046679443273982118864381573244666655869208,previews/71e2bed5-e224-4ead-8fea-88a8cc067dbe/1695225066/index.html?edition_number=24&artwork_number=25&blockchain=ethereum&contract=0xBb12686c360e9057be3CD031140035A705e19ceC&token_id=2439046679443273982118864381573244666655869208&token_id_hash=0x55bfe277d9ab2a4d1921c0ac997466538d336dac74313c28b4b479b628b1123c,ipfs://Qma2VZMhsrMjrbCZcJQXuF71XTwRdL45EPH97KC8BHo8Pd?edition_number=24&artwork_number=25&blockchain=ethereum&contract=0xBb12686c360e9057be3CD031140035A705e19ceC&token_id=2439046679443273982118864381573244666655869208&token_id_hash=0x55bfe277d9ab2a4d1921c0ac997466538d336dac74313c28b4b479b628b1123c,previews/71e2bed5-e224-4ead-8fea-88a8cc067dbe/1695225066/_unique-thumbnails/24-large.jpg,ipfs://QmZyVdSebjrcEbQC3zA8bovVPAdWc4c8tyWTdw6A31n2TT
0xBb12686c360e9057be3CD031140035A705e19ceC,FeralfileExhibitionV4,Truth,2439046679443273982118864381573244666655869209,2439046679443273982118864381573244666655869209,25,71e2bed5-e224-4ead-8fea-88a8cc067dbe,filum,software,QmQjzvrvZjzNGiqQhTGsiHeTpb9FmEcjCVWxVySf5FANC1/2439046679443273982118864381573244666655869209,previews/71e2bed5-e224-4ead-8fea-88a8cc067dbe/1695225066/index.html?edition_number=25&artwork_number=26&blockchain=ethereum&contract=0xBb12686c360e9057be3CD031140035A705e19ceC&token_id=2439046679443273982118864381573244666655869209&token_id_hash=0x92730b00a64974f6dd1b7129976cbc245a6b3d8593c86b19df2c04c716282fa2,ipfs://Qma2VZMhsrMjrbCZcJQXuF71XTwRdL45EPH97KC8BHo8Pd?edition_number=25&artwork_number=26&blockchain=ethereum&contract=0xBb12686c360e9057be3CD031140035A705e19ceC&token_id=2439046679443273982118864381573244666655869209&token_id_hash=0x92730b00a64974f6dd1b7129976cbc245a6b3d8593c86b19df2c04c716282fa2,previews/71e2bed5-e224-4ead-8fea-88a8cc067dbe/1695225066/_unique-thumbnails/25-large.jpg,ipfs://QmZxN377ZWeuUsFcGpYEYFTqj97ZYkcvW4xgUuqmzKd3hd
0xBb12686c360e9057be3CD031140035A705e19ceC,FeralfileExhibitionV4,Truth,2439046679443273982118864381573244666655869210,2439046679443273982118864381573244666655869210,26,71e2bed5-e224-4ead-8fea-88a8cc067dbe,filum,software,QmQjzvrvZjzNGiqQhTGsiHeTpb9FmEcjCVWxVySf5FANC1/2439046679443273982118864381573244666655869210,previews/71e2bed5-e224-4ead-8fea-88a8cc067dbe/1695225066/index.html?edition_number=26&artwork_number=27&blockchain=ethereum&contract=0xBb12686c360e9057be3CD031140035A705e19ceC&token_id=2439046679443273982118864381573244666655869210&token_id_hash=0x7061915a65a0bc64e862ee4066b8808cad223a5a87c4e827e1d7eae3df2afc0a,ipfs://Qma2VZMhsrMjrbCZcJQXuF71XTwRdL45EPH97KC8BHo8Pd?edition_number=26&artwork_number=27&blockchain=ethereum&contract=0xBb12686c360e9057be3CD031140035A705e19ceC&token_id=2439046679443273982118864381573244666655869210&token_id_hash=0x7061915a65a0bc64e862ee4066b8808cad223a5a87c4e827e1d7eae3df2afc0a,previews/71e2bed5-e224-4ead-8fea-88a8cc067dbe/1695225066/_unique-thumbnails/26-large.jpg,ipfs://QmNUubKf1Aw4j8AEceZC6viwoGLYa2mwMeKCE6JCEY8Cmd
0xBb12686c360e9057be3CD031140035A705e19ceC,FeralfileExhibitionV4,Truth,2439046679443273982118864381573244666655869211,2439046679443273982118864381573244666655869211,27,71e2bed5-e224-4ead-8fea-88a8cc067dbe,filum,software,QmQjzvrvZjzNGiqQhTGsiHeTpb9FmEcjCVWxVySf5FANC1/2439046679443273982118864381573244666655869211,previews/71e2bed5-e224-4ead-8fea-88a8cc067dbe/1695225066/index.html?edition_number=27&artwork_number=28&blockchain=ethereum&contract=0xBb12686c360e9057be3CD031140035A705e19ceC&token_id=2439046679443273982118864381573244666655869211&token_id_hash=0x836892a9e634131469bf32d7184c1d3336f9d0f9658542cabcb0f4a5cdedcd7f,ipfs://Qma2VZMhsrMjrbCZcJQXuF71XTwRdL45EPH97KC8BHo8Pd?edition_number=27&artwork_number=28&blockchain=ethereum&contract=0xBb12686c360e9057be3CD031140035A705e19ceC&token_id=2439046679443273982118864381573244666655869211&token_id_hash=0x836892a9e634131469bf32d7184c1d3336f9d0f9658542cabcb0f4a5cdedcd7f,previews/71e2bed5-e224-4ead-8fea-88a8cc067dbe/1695225066/_unique-thumbnails/27-large.jpg,ipfs://Qme8hXRFWeoeeqb65TgKtEuVjn19GxVfcWoUA5kfvQzVqb
0xBb12686c360e9057be3CD031140035A705e19ceC,FeralfileExhibitionV4,Truth,2439046679443273982118864381573244666655869212,2439046679443273982118864381573244666655869212,28,71e2bed5-e224-4ead-8fea-88a8cc067dbe,filum,software,QmQjzvrvZjzNGiqQhTGsiHeTpb9FmEcjCVWxVySf5FANC1/2439046679443273982118864381573244666655869212,previews/71e2bed5-e224-4ead-8fea-88a8cc067dbe/1695225066/index.html?edition_number=28&artwork_number=29&blockchain=ethereum&contract=0xBb12686c360e9057be3CD031140035A705e19ceC&token_id=2439046679443273982118864381573244666655869212&token_id_hash=0x7489854d0ddd0c81aa8944715d99a7a2da93755013cfecfd0cc547a4cfcef3d7,ipfs://Qma2VZMhsrMjrbCZcJQXuF71XTwRdL45EPH97KC8BHo8Pd?edition_number=28&artwork_number=29&blockchain=ethereum&contract=0xBb12686c360e9057be3CD031140035A705e19ceC&token_id=2439046679443273982118864381573244666655869212&token_id_hash=0x7489854d0ddd0c81aa8944715d99a7a2da93755013cfecfd0cc547a4cfcef3d7,previews/71e2bed5-e224-4ead-8fea-88a8cc067dbe/1695225066/_unique-thumbnails/28-large.jpg,ipfs://QmWL6gtaYfN4PbKxiGnhypedChpdqXPcqVPE8rVkehHXmi
0xBb12686c360e9057be3CD031140035A705e19ceC,FeralfileExhibitionV4,Truth,2439046679443273982118864381573244666655869213,2439046679443273982118864381573244666655869213,29,71e2bed5-e224-4ead-8fea-88a8cc067dbe,filum,software,QmQjzvrvZjzNGiqQhTGsiHeTpb9FmEcjCVWxVySf5FANC1/2439046679443273982118864381573244666655869213,previews/71e2bed5-e224-4ead-8fea-88a8cc067dbe/1695225066/index.html?edition_number=29&artwork_number=30&blockchain=ethereum&contract=0xBb12686c360e9057be3CD031140035A705e19ceC&token_id=2439046679443273982118864381573244666655869213&token_id_hash=0xd14890b0357650184e16db0f4da60fedb7772bc0dfa8f62c91dff40f244eca37,ipfs://Qma2VZMhsrMjrbCZcJQXuF71XTwRdL45EPH97KC8BHo8Pd?edition_number=29&artwork_number=30&blockchain=ethereum&contract=0xBb12686c360e9057be3CD031140035A705e19ceC&token_id=2439046679443273982118864381573244666655869213&token_id_hash=0xd14890b0357650184e16db0f4da60fedb7772bc0dfa8f62c91dff40f244eca37,previews/71e2bed5-e224-4ead-8fea-88a8cc067dbe/1695225066/_unique-thumbnails/29-large.jpg,ipfs://QmNXsqvJguiQRXRA84zoVD3X1mQ5TJwGrjxm4GPFDKnEZw
0xBb12686c360e9057be3CD031140035A705e19ceC,FeralfileExhibitionV4,Truth,2439046679443273982118864381573244666655869214,2439046679443273982118864381573244666655869214,30,71e2bed5-e224-4ead-8fea-88a8cc067dbe,filum,software,QmQjzvrvZjzNGiqQhTGsiHeTpb9FmEcjCVWxVySf5FANC1/2439046679443273982118864381573244666655869214,previews/71e2bed5-e224-4ead-8fea-88a8cc067dbe/1695225066/index.html?edition_number=30&artwork_number=31&blockchain=ethereum&contract=0xBb12686c360e9057be3CD031140035A705e19ceC&token_id=2439046679443273982118864381573244666655869214&token_id_hash=0x1a6fd5c8ce7d7417c22c09c210fc489da407f56a1628f9c6d2e8849729ba20b1,ipfs://Qma2VZMhsrMjrbCZcJQXuF71XTwRdL45EPH97KC8BHo8Pd?edition_number=30&artwork_number=31&blockchain=ethereum&contract=0xBb12686c360e9057be3CD031140035A705e19ceC&token_id=2439046679443273982118864381573244666655869214&token_id_hash=0x1a6fd5c8ce7d7417c22c09c210fc489da407f56a1628f9c6d2e8849729ba20b1,previews/71e2bed5-e224-4ead-8fea-88a8cc067dbe/1695225066/_unique-thumbnails/30-large.jpg,ipfs://QmY1LYrXRR7hbUbojCCC2cRZp2GyhFPNPZNHXMTr1rBTWE
0xBb12686c360e9057be3CD031140035A705e19ceC,FeralfileExhibitionV4,Truth,2439046679443273982118864381573244666655869215,2439046679443273982118864381573244666655869215,31,71e2bed5-e224-4ead-8fea-88a8cc067dbe,filum,software,QmQjzvrvZjzNGiqQhTGsiHeTpb9FmEcjCVWxVySf5FANC1/2439046679443273982118864381573244666655869215,previews/71e2bed5-e224-4ead-8fea-88a8cc067dbe/1695225066/index.html?edition_number=31&artwork_number=32&blockchain=ethereum&contract=0xBb12686c360e9057be3CD031140035A705e19ceC&token_id=2439046679443273982118864381573244666655869215&token_id_hash=0x24473eee046e029322f0cd06f2be317de38c5bf961860b40e1c3bdb7f5d79735,ipfs://Qma2VZMhsrMjrbCZcJQXuF71XTwRdL45EPH97KC8BHo8Pd?edition_number=31&artwork_number=32&blockchain=ethereum&contract=0xBb12686c360e9057be3CD031140035A705e19ceC&token_id=2439046679443273982118864381573244666655869215&token_id_hash=0x24473eee046e029322f0cd06f2be317de38c5bf961860b40e1c3bdb7f5d79735,previews/71e2bed5-e224-4ead-8fea-88a8cc067dbe/1695225066/_unique-thumbnails/31-large.jpg,ipfs://QmcFj5NBKNFAnvwKfcW3jGxrLBDeYzFWHrQLmPVdVtUNTL
0xBb12686c360e9057be3CD031140035A705e19ceC,FeralfileExhibitionV4,Truth,2439046679443273982118864381573244666655869216,2439046679443273982118864381573244666655869216,32,71e2bed5-e224-4ead-8fea-88a8cc067dbe,filum,software,QmQjzvrvZjzNGiqQhTGsiHeTpb9FmEcjCVWxVySf5FANC1/2439046679443273982118864381573244666655869216,previews/71e2bed5-e224-4ead-8fea-88a8cc067dbe/1695225066/index.html?edition_number=32&artwork_number=33&blockchain=ethereum&contract=0xBb12686c360e9057be3CD031140035A705e19ceC&token_id=2439046679443273982118864381573244666655869216&token_id_hash=0xbbb5dae9cd4de555580feb438217e85a37ae645354da16d328e18a7a3ac74136,ipfs://Qma2VZMhsrMjrbCZcJQXuF71XTwRdL45EPH97KC8BHo8Pd?edition_number=32&artwork_number=33&blockchain=ethereum&contract=0xBb12686c360e9057be3CD031140035A705e19ceC&token_id=2439046679443273982118864381573244666655869216&token_id_hash=0xbbb5dae9cd4de555580feb438217e85a37ae645354da16d328e18a7a3ac74136,previews/71e2bed5-e224-4ead-8fea-88a8cc067dbe/1695225066/_unique-thumbnails/32-large.jpg,ipfs://QmYAbWk45zQzttRiotb5M4tuQvFJ6TpJuZFUm3tK2PqUXX
0xBb12686c360e9057be3CD031140035A705e19ceC,FeralfileExhibitionV4,Truth,2439046679443273982118864381573244666655869217,2439046679443273982118864381573244666655869217,33,71e2bed5-e224-4ead-8fea-88a8cc067dbe,filum,software,QmQjzvrvZjzNGiqQhTGsiHeTpb9FmEcjCVWxVySf5FANC1/2439046679443273982118864381573244666655869217,previews/71e2bed5-e224-4ead-8fea-88a8cc067dbe/1695225066/index.html?edition_number=33&artwork_number=34&blockchain=ethereum&contract=0xBb12686c360e9057be3CD031140035A705e19ceC&token_id=2439046679443273982118864381573244666655869217&token_id_hash=0x1b6ef7367722803648b0cfcde581ee39057422cf3931abf16479caea5cf51ee0,ipfs://Qma2VZMhsrMjrbCZcJQXuF71XTwRdL45EPH97KC8BHo8Pd?edition_number=33&artwork_number=34&blockchain=ethereum&contract=0xBb12686c360e9057be3CD031140035A705e19ceC&token_id=2439046679443273982118864381573244666655869217&token_id_hash=0x1b6ef7367722803648b0cfcde581ee39057422cf3931abf16479caea5cf51ee0,previews/71e2bed5-e224-4ead-8fea-88a8cc067dbe/1695225066/_unique-thumbnails/33-large.jpg,ipfs://QmY3AKtXs8Cp9dw9BwDmS4KbUKA4u5v1cE4uQ94sSQjEDS
0xBb12686c360e9057be3CD031140035A705e19ceC,FeralfileExhibitionV4,Truth,2439046679443273982118864381573244666655869218,2439046679443273982118864381573244666655869218,34,71e2bed5-e224-4ead-8fea-88a8cc067dbe,filum,software,QmQjzvrvZjzNGiqQhTGsiHeTpb9FmEcjCVWxVySf5FANC1/2439046679443273982118864381573244666655869218,previews/71e2bed5-e224-4ead-8fea-88a8cc067dbe/1695225066/index.html?edition_number=34&artwork_number=35&blockchain=ethereum&contract=0xBb12686c360e9057be3CD031140035A705e19ceC&token_id=2439046679443273982118864381573244666655869218&token_id_hash=0x37074afc63705076e955e725772cc507bf234ff2d46fc460a8559c57530a1fa5,ipfs://Qma2VZMhsrMjrbCZcJQXuF71XTwRdL45EPH97KC8BHo8Pd?edition_number=34&artwork_number=35&blockchain=ethereum&contract=0xBb12686c360e9057be3CD031140035A705e19ceC&token_id=2439046679443273982118864381573244666655869218&token_id_hash=0x37074afc63705076e955e725772cc507bf234ff2d46fc460a8559c57530a1fa5,previews/71e2bed5-e224-4ead-8fea-88a8cc067dbe/1695225066/_unique-thumbnails/34-large.jpg,ipfs://QmdAhY9kWGZFERgzBEu4KfjLuyvvZw7qXkNYeLdSuVwHHY
0xBb12686c360e9057be3CD031140035A705e19ceC,FeralfileExhibitionV4,Truth,2439046679443273982118864381573244666655869219,2439046679443273982118864381573244666655869219,35,71e2bed5-e224-4ead-8fea-88a8cc067dbe,filum,software,QmQjzvrvZjzNGiqQhTGsiHeTpb9FmEcjCVWxVySf5FANC1/2439046679443273982118864381573244666655869219,previews/71e2bed5-e224-4ead-8fea-88a8cc067dbe/1695225066/index.html?edition_number=35&artwork_number=36&blockchain=ethereum&contract=0xBb12686c360e9057be3CD031140035A705e19ceC&token_id=2439046679443273982118864381573244666655869219&token_id_hash=0x9d766172cf82b9553799331ee13058961a54a541781018b2197c360e80a725f2,ipfs://Qma2VZMhsrMjrbCZcJQXuF71XTwRdL45EPH97KC8BHo8Pd?edition_number=35&artwork_number=36&blockchain=ethereum&contract=0xBb12686c360e9057be3CD031140035A705e19ceC&token_id=2439046679443273982118864381573244666655869219&token_id_hash=0x9d766172cf82b9553799331ee13058961a54a541781018b2197c360e80a725f2,previews/71e2bed5-e224-4ead-8fea-88a8cc067dbe/1695225066/_unique-thumbnails/35-large.jpg,ipfs://QmUuNJUMRgbq1qDdYEv1emBmEQo9S9w3vHbPzGnv9BBhBf
0xBb12686c360e9057be3CD031140035A705e19ceC,FeralfileExhibitionV4,Truth,2439046679443273982118864381573244666655869220,2439046679443273982118864381573244666655869220,36,71e2bed5-e224-4ead-8fea-88a8cc067dbe,filum,software,QmQjzvrvZjzNGiqQhTGsiHeTpb9FmEcjCVWxVySf5FANC1/2439046679443273982118864381573244666655869220,previews/71e2bed5-e224-4ead-8fea-88a8cc067dbe/1695225066/index.html?edition_number=36&artwork_number=37&blockchain=ethereum&contract=0xBb12686c360e9057be3CD031140035A705e19ceC&token_id=2439046679443273982118864381573244666655869220&token_id_hash=0xb7637fa0ade450088954133ab724daa749b9cc8e23ee435a9d9e731eeae1c4d0,ipfs://Qma2VZMhsrMjrbCZcJQXuF71XTwRdL45EPH97KC8BHo8Pd?edition_number=36&artwork_number=37&blockchain=ethereum&contract=0xBb12686c360e9057be3CD031140035A705e19ceC&token_id=2439046679443273982118864381573244666655869220&token_id_hash=0xb7637fa0ade450088954133ab724daa749b9cc8e23ee435a9d9e731eeae1c4d0,previews/71e2bed5-e224-4ead-8fea-88a8cc067dbe/1695225066/_unique-thumbnails/36-large.jpg,ipfs://QmZJNUSFHvnYxAdxbPrGNcfdHpdwty1XroimS7ny8sBDpp
0xBb12686c360e9057be3CD031140035A705e19ceC,FeralfileExhibitionV4,Truth,2439046679443273982118864381573244666655869221,2439046679443273982118864381573244666655869221,37,71e2bed5-e224-4ead-8fea-88a8cc067dbe,filum,software,QmQjzvrvZjzNGiqQhTGsiHeTpb9FmEcjCVWxVySf5FANC1/2439046679443273982118864381573244666655869221,previews/71e2bed5-e224-4ead-8fea-88a8cc067dbe/1695225066/index.html?edition_number=37&artwork_number=38&blockchain=ethereum&contract=0xBb12686c360e9057be3CD031140035A705e19ceC&token_id=2439046679443273982118864381573244666655869221&token_id_hash=0xe4c59138a2133f67e0a511b65bfeefcb392e2ed8139dedc4df64b0d9042a5846,ipfs://Qma2VZMhsrMjrbCZcJQXuF71XTwRdL45EPH97KC8BHo8Pd?edition_number=37&artwork_number=38&blockchain=ethereum&contract=0xBb12686c360e9057be3CD031140035A705e19ceC&token_id=2439046679443273982118864381573244666655869221&token_id_hash=0xe4c59138a2133f67e0a511b65bfeefcb392e2ed8139dedc4df64b0d9042a5846,previews/71e2bed5-e224-4ead-8fea-88a8cc067dbe/1695225066/_unique-thumbnails/37-large.jpg,ipfs://QmPYAzF82SpQPxEpbMfvHHFWR8YtbNwZfJDqyEqDNVns9D
0xBb12686c360e9057be3CD031140035A705e19ceC,FeralfileExhibitionV4,Truth,2439046679443273982118864381573244666655869222,2439046679443273982118864381573244666655869222,38,71e2bed5-e224-4ead-8fea-88a8cc067dbe,filum,software,QmQjzvrvZjzNGiqQhTGsiHeTpb9FmEcjCVWxVySf5FANC1/2439046679443273982118864381573244666655869222,previews/71e2bed5-e224-4ead-8fea-88a8cc067dbe/1695225066/index.html?edition_number=38&artwork_number=39&blockchain=ethereum&contract=0xBb12686c360e9057be3CD031140035A705e19ceC&token_id=2439046679443273982118864381573244666655869222&token_id_hash=0xed7fbf2ac64664387924a80da16d3b82ee897a7a31278266b83ce0ede37b4e03,ipfs://Qma2VZMhsrMjrbCZcJQXuF71XTwRdL45EPH97KC8BHo8Pd?edition_number=38&artwork_number=39&blockchain=ethereum&contract=0xBb12686c360e9057be3CD031140035A705e19ceC&token_id=2439046679443273982118864381573244666655869222&token_id_hash=0xed7fbf2ac64664387924a80da16d3b82ee897a7a31278266b83ce0ede37b4e03,previews/71e2bed5-e224-4ead-8fea-88a8cc067dbe/1695225066/_unique-thumbnails/38-large.jpg,ipfs://QmPu6RLDD2pzX5ai8L8oZVRD8KMW7rLdFiHcfUt2GKitiB
0xBb12686c360e9057be3CD031140035A705e19ceC,FeralfileExhibitionV4,Truth,2439046679443273982118864381573244666655869223,2439046679443273982118864381573244666655869223,39,71e2bed5-e224-4ead-8fea-88a8cc067dbe,filum,software,QmQjzvrvZjzNGiqQhTGsiHeTpb9FmEcjCVWxVySf5FANC1/2439046679443273982118864381573244666655869223,previews/71e2bed5-e224-4ead-8fea-88a8cc067dbe/1695225066/index.html?edition_number=39&artwork_number=40&blockchain=ethereum&contract=0xBb12686c360e9057be3CD031140035A705e19ceC&token_id=2439046679443273982118864381573244666655869223&token_id_hash=0x5f6dff547d084865814ae945430aada2a32fba5dade3728e98303063581a7bb6,ipfs://Qma2VZMhsrMjrbCZcJQXuF71XTwRdL45EPH97KC8BHo8Pd?edition_number=39&artwork_number=40&blockchain=ethereum&contract=0xBb12686c360e9057be3CD031140035A705e19ceC&token_id=2439046679443273982118864381573244666655869223&token_id_hash=0x5f6dff547d084865814ae945430aada2a32fba5dade3728e98303063581a7bb6,previews/71e2bed5-e224-4ead-8fea-88a8cc067dbe/1695225066/_unique-thumbnails/39-large.jpg,ipfs://QmSp7NZg4p3EhHFaGez36Aj88np5tkirrdj54ZUsp52UXm
0xBb12686c360e9057be3CD031140035A705e19ceC,FeralfileExhibitionV4,Truth,2439046679443273982118864381573244666655869224,2439046679443273982118864381573244666655869224,40,71e2bed5-e224-4ead-8fea-88a8cc067dbe,filum,software,QmQjzvrvZjzNGiqQhTGsiHeTpb9FmEcjCVWxVySf5FANC1/2439046679443273982118864381573244666655869224,previews/71e2bed5-e224-4ead-8fea-88a8cc067dbe/1695225066/index.html?edition_number=40&artwork_number=41&blockchain=ethereum&contract=0xBb12686c360e9057be3CD031140035A705e19ceC&token_id=2439046679443273982118864381573244666655869224&token_id_hash=0xc9bcefa8d32a742e9d20960ebe22241d6f0c94e616a9a661bea8ec2aa152b128,ipfs://Qma2VZMhsrMjrbCZcJQXuF71XTwRdL45EPH97KC8BHo8Pd?edition_number=40&artwork_number=41&blockchain=ethereum&contract=0xBb12686c360e9057be3CD031140035A705e19ceC&token_id=2439046679443273982118864381573244666655869224&token_id_hash=0xc9bcefa8d32a742e9d20960ebe22241d6f0c94e616a9a661bea8ec2aa152b128,previews/71e2bed5-e224-4ead-8fea-88a8cc067dbe/1695225066/_unique-thumbnails/40-large.jpg,ipfs://QmPEmEQxR6F7fky6bTSz21sDDSAooFB9okbux7CPDxwP7Q
0xBb12686c360e9057be3CD031140035A705e19ceC,FeralfileExhibitionV4,Truth,2439046679443273982118864381573244666655869225,2439046679443273982118864381573244666655869225,41,71e2bed5-e224-4ead-8fea-88a8cc067dbe,filum,software,QmQjzvrvZjzNGiqQhTGsiHeTpb9FmEcjCVWxVySf5FANC1/2439046679443273982118864381573244666655869225,previews/71e2bed5-e224-4ead-8fea-88a8cc067dbe/1695225066/index.html?edition_number=41&artwork_number=42&blockchain=ethereum&contract=0xBb12686c360e9057be3CD031140035A705e19ceC&token_id=2439046679443273982118864381573244666655869225&token_id_hash=0x81d0c9736656564a21cb337ef94e4e5c06c68ed43937f46368c1f14c45b9510d,ipfs://Qma2VZMhsrMjrbCZcJQXuF71XTwRdL45EPH97KC8BHo8Pd?edition_number=41&artwork_number=42&blockchain=ethereum&contract=0xBb12686c360e9057be3CD031140035A705e19ceC&token_id=2439046679443273982118864381573244666655869225&token_id_hash=0x81d0c9736656564a21cb337ef94e4e5c06c68ed43937f46368c1f14c45b9510d,previews/71e2bed5-e224-4ead-8fea-88a8cc067dbe/1695225066/_unique-thumbnails/41-large.jpg,ipfs://QmYL24fBY8LG9CjrZYPkZcafn1EnccFHsREA6KUELGs6Hk
0xBb12686c360e9057be3CD031140035A705e19ceC,FeralfileExhibitionV4,Truth,2439046679443273982118864381573244666655869226,2439046679443273982118864381573244666655869226,42,71e2bed5-e224-4ead-8fea-88a8cc067dbe,filum,software,QmQjzvrvZjzNGiqQhTGsiHeTpb9FmEcjCVWxVySf5FANC1/2439046679443273982118864381573244666655869226,previews/71e2bed5-e224-4ead-8fea-88a8cc067dbe/1695225066/index.html?edition_number=42&artwork_number=43&blockchain=ethereum&contract=0xBb12686c360e9057be3CD031140035A705e19ceC&token_id=2439046679443273982118864381573244666655869226&token_id_hash=0x9ae9eb7e4b6169b72f00bba4b83b4c33ba72d333ed01613ad6a3149b82fc1d10,ipfs://Qma2VZMhsrMjrbCZcJQXuF71XTwRdL45EPH97KC8BHo8Pd?edition_number=42&artwork_number=43&blockchain=ethereum&contract=0xBb12686c360e9057be3CD031140035A705e19ceC&token_id=2439046679443273982118864381573244666655869226&token_id_hash=0x9ae9eb7e4b6169b72f00bba4b83b4c33ba72d333ed01613ad6a3149b82fc1d10,previews/71e2bed5-e224-4ead-8fea-88a8cc067dbe/1695225066/_unique-thumbnails/42-large.jpg,ipfs://QmZir7pcw66nmU2DXEsxwB9887iv3nCX2fvmLiqgKYAju6
0xBb12686c360e9057be3CD031140035A705e19ceC,FeralfileExhibitionV4,Truth,2439046679443273982118864381573244666655869227,2439046679443273982118864381573244666655869227,43,71e2bed5-e224-4ead-8fea-88a8cc067dbe,filum,software,QmQjzvrvZjzNGiqQhTGsiHeTpb9FmEcjCVWxVySf5FANC1/2439046679443273982118864381573244666655869227,previews/71e2bed5-e224-4ead-8fea-88a8cc067dbe/1695225066/index.html?edition_number=43&artwork_number=44&blockchain=ethereum&contract=0xBb12686c360e9057be3CD031140035A705e19ceC&token_id=2439046679443273982118864381573244666655869227&token_id_hash=0xd216bbeeccb7a3a8ba5bb15836ac02191f11ff46255e040b675bee59f63cd87c,ipfs://Qma2VZMhsrMjrbCZcJQXuF71XTwRdL45EPH97KC8BHo8Pd?edition_number=43&artwork_number=44&blockchain=ethereum&contract=0xBb12686c360e9057be3CD031140035A705e19ceC&token_id=2439046679443273982118864381573244666655869227&token_id_hash=0xd216bbeeccb7a3a8ba5bb15836ac02191f11ff46255e040b675bee59f63cd87c,previews/71e2bed5-e224-4ead-8fea-88a8cc067dbe/1695225066/_unique-thumbnails/43-large.jpg,ipfs://QmfBXePQx9WmwFL77WxWo2kQGsQsJfogZtM9KV4JJCs2cw
0xBb12686c360e9057be3CD031140035A705e19ceC,FeralfileExhibitionV4,Truth,2439046679443273982118864381573244666655869228,2439046679443273982118864381573244666655869228,44,71e2bed5-e224-4ead-8fea-88a8cc067dbe,filum,software,QmQjzvrvZjzNGiqQhTGsiHeTpb9FmEcjCVWxVySf5FANC1/2439046679443273982118864381573244666655869228,previews/71e2bed5-e224-4ead-8fea-88a8cc067dbe/1695225066/index.html?edition_number=44&artwork_number=45&blockchain=ethereum&contract=0xBb12686c360e9057be3CD031140035A705e19ceC&token_id=2439046679443273982118864381573244666655869228&token_id_hash=0x5a900a5eb9cc519c2ff684737eaac7d6f4a90bf1a86fefc822c5b6f8ee3a7445,ipfs://Qma2VZMhsrMjrbCZcJQXuF71XTwRdL45EPH97KC8BHo8Pd?edition_number=44&artwork_number=45&blockchain=ethereum&contract=0xBb12686c360e9057be3CD031140035A705e19ceC&token_id=2439046679443273982118864381573244666655869228&token_id_hash=0x5a900a5eb9cc519c2ff684737eaac7d6f4a90bf1a86fefc822c5b6f8ee3a7445,previews/71e2bed5-e224-4ead-8fea-88a8cc067dbe/1695225066/_unique-thumbnails/44-large.jpg,ipfs://QmT8FApKGa8CnjSZHs12dN2FphfdRJ8ra3YvxjkP3Cf5Nd
0xBb12686c360e9057be3CD031140035A705e19ceC,FeralfileExhibitionV4,Truth,2439046679443273982118864381573244666655869229,2439046679443273982118864381573244666655869229,45,71e2bed5-e224-4ead-8fea-88a8cc067dbe,filum,software,QmQjzvrvZjzNGiqQhTGsiHeTpb9FmEcjCVWxVySf5FANC1/2439046679443273982118864381573244666655869229,previews/71e2bed5-e224-4ead-8fea-88a8cc067dbe/1695225066/index.html?edition_number=45&artwork_number=46&blockchain=ethereum&contract=0xBb12686c360e9057be3CD031140035A705e19ceC&token_id=2439046679443273982118864381573244666655869229&token_id_hash=0x2e59f3ba07999f7c6fe379dd7826f78b4693461a1478d66ea1c14d5aa3fff0cd,ipfs://Qma2VZMhsrMjrbCZcJQXuF71XTwRdL45EPH97KC8BHo8Pd?edition_number=45&artwork_number=46&blockchain=ethereum&contract=0xBb12686c360e9057be3CD031140035A705e19ceC&token_id=2439046679443273982118864381573244666655869229&token_id_hash=0x2e59f3ba07999f7c6fe379dd7826f78b4693461a1478d66ea1c14d5aa3fff0cd,previews/71e2bed5-e224-4ead-8fea-88a8cc067dbe/1695225066/_unique-thumbnails/45-large.jpg,ipfs://QmVb4dSwATFWxvDBXHsCHE735vxsuf9fWQMXSXrxCthoGn
0xBb12686c360e9057be3CD031140035A705e19ceC,FeralfileExhibitionV4,Truth,2439046679443273982118864381573244666655869230,2439046679443273982118864381573244666655869230,46,71e2bed5-e224-4ead-8fea-88a8cc067dbe,filum,software,QmQjzvrvZjzNGiqQhTGsiHeTpb9FmEcjCVWxVySf5FANC1/2439046679443273982118864381573244666655869230,previews/71e2bed5-e224-4ead-8fea-88a8cc067dbe/1695225066/index.html?edition_number=46&artwork_number=47&blockchain=ethereum&contract=0xBb12686c360e9057be3CD031140035A705e19ceC&token_id=2439046679443273982118864381573244666655869230&token_id_hash=0x83059215c6d4a88f891e7a175a3ba255bdcc0f24e63b4fbba8e102b23b6a9036,ipfs://Qma2VZMhsrMjrbCZcJQXuF71XTwRdL45EPH97KC8BHo8Pd?edition_number=46&artwork_number=47&blockchain=ethereum&contract=0xBb12686c360e9057be3CD031140035A705e19ceC&token_id=2439046679443273982118864381573244666655869230&token_id_hash=0x83059215c6d4a88f891e7a175a3ba255bdcc0f24e63b4fbba8e102b23b6a9036,previews/71e2bed5-e224-4ead-8fea-88a8cc067dbe/1695225066/_unique-thumbnails/46-large.jpg,ipfs://QmXC6L6N2SHpitFkK9bC8sx5PUfzJCjE6aUmj7q3ADxvRB
0xBb12686c360e9057be3CD031140035A705e19ceC,FeralfileExhibitionV4,Truth,2439046679443273982118864381573244666655869231,2439046679443273982118864381573244666655869231,47,71e2bed5-e224-4ead-8fea-88a8cc067dbe,filum,software,QmQjzvrvZjzNGiqQhTGsiHeTpb9FmEcjCVWxVySf5FANC1/2439046679443273982118864381573244666655869231,previews/71e2bed5-e224-4ead-8fea-88a8cc067dbe/1695225066/index.html?edition_number=47&artwork_number=48&blockchain=ethereum&contract=0xBb12686c360e9057be3CD031140035A705e19ceC&token_id=2439046679443273982118864381573244666655869231&token_id_hash=0xe387ded136ce567e9723a6f2bdb6282c02d2d46c3cc2375688486f4a9c46b279,ipfs://Qma2VZMhsrMjrbCZcJQXuF71XTwRdL45EPH97KC8BHo8Pd?edition_number=47&artwork_number=48&blockchain=ethereum&contract=0xBb12686c360e9057be3CD031140035A705e19ceC&token_id=2439046679443273982118864381573244666655869231&token_id_hash=0xe387ded136ce567e9723a6f2bdb6282c02d2d46c3cc2375688486f4a9c46b279,previews/71e2bed5-e224-4ead-8fea-88a8cc067dbe/1695225066/_unique-thumbnails/47-large.jpg,ipfs://QmUfGs7Un1Ns9eLBh9JvmQi95otvZ7LaEfnypY5Y5Nf8Ty
0xBb12686c360e9057be3CD031140035A705e19ceC,FeralfileExhibitionV4,Truth,2439046679443273982118864381573244666655869232,2439046679443273982118864381573244666655869232,48,71e2bed5-e224-4ead-8fea-88a8cc067dbe,filum,software,QmQjzvrvZjzNGiqQhTGsiHeTpb9FmEcjCVWxVySf5FANC1/2439046679443273982118864381573244666655869232,previews/71e2bed5-e224-4ead-8fea-88a8cc067dbe/1695225066/index.html?edition_number=48&artwork_number=49&blockchain=ethereum&contract=0xBb12686c360e9057be3CD031140035A705e19ceC&token_id=2439046679443273982118864381573244666655869232&token_id_hash=0x46afe6e2aa46c729d4450050cad03509a3f97bc20e6bb4a5ad6db7f883021c8c,ipfs://Qma2VZMhsrMjrbCZcJQXuF71XTwRdL45EPH97KC8BHo8Pd?edition_number=48&artwork_number=49&blockchain=ethereum&contract=0xBb12686c360e9057be3CD031140035A705e19ceC&token_id=2439046679443273982118864381573244666655869232&token_id_hash=0x46afe6e2aa46c729d4450050cad03509a3f97bc20e6bb4a5ad6db7f883021c8c,previews/71e2bed5-e224-4ead-8fea-88a8cc067dbe/1695225066/_unique-thumbnails/48-large.jpg,ipfs://QmZLqPhjBZ4V3fBaYjxWJh2i7q78M3kgp26a79L3YkNHGL
0xBb12686c360e9057be3CD031140035A705e19ceC,FeralfileExhibitionV4,Truth,2439046679443273982118864381573244666655869233,2439046679443273982118864381573244666655869233,49,71e2bed5-e224-4ead-8fea-88a8cc067dbe,filum,software,QmQjzvrvZjzNGiqQhTGsiHeTpb9FmEcjCVWxVySf5FANC1/2439046679443273982118864381573244666655869233,previews/71e2bed5-e224-4ead-8fea-88a8cc067dbe/1695225066/index.html?edition_number=49&artwork_number=50&blockchain=ethereum&contract=0xBb12686c360e9057be3CD031140035A705e19ceC&token_id=2439046679443273982118864381573244666655869233&token_id_hash=0xa53f6706a814149c30d0b014b15569e04a6429e15a008c18e9439aa7ca6a5da2,ipfs://Qma2VZMhsrMjrbCZcJQXuF71XTwRdL45EPH97KC8BHo8Pd?edition_number=49&artwork_number=50&blockchain=ethereum&contract=0xBb12686c360e9057be3CD031140035A705e19ceC&token_id=2439046679443273982118864381573244666655869233&token_id_hash=0xa53f6706a814149c30d0b014b15569e04a6429e15a008c18e9439aa7ca6a5da2,previews/71e2bed5-e224-4ead-8fea-88a8cc067dbe/1695225066/_unique-thumbnails/49-large.jpg,ipfs://QmTsFyH11HKfE5RsUjbSgoD3JzHqocUzSiNfyX2ofY6NAx
0xBb12686c360e9057be3CD031140035A705e19ceC,FeralfileExhibitionV4,Truth,2439046679443273982118864381573244666655869234,2439046679443273982118864381573244666655869234,50,71e2bed5-e224-4ead-8fea-88a8cc067dbe,filum,software,QmQjzvrvZjzNGiqQhTGsiHeTpb9FmEcjCVWxVySf5FANC1/2439046679443273982118864381573244666655869234,previews/71e2bed5-e224-4ead-8fea-88a8cc067dbe/1695225066/index.html?edition_number=50&artwork_number=51&blockchain=ethereum&contract=0xBb12686c360e9057be3CD031140035A705e19ceC&token_id=2439046679443273982118864381573244666655869234&token_id_hash=0x30e4bbf654867cc66930734011035e61bcb8905f70887149a809f04110108158,ipfs://Qma2VZMhsrMjrbCZcJQXuF71XTwRdL45EPH97KC8BHo8Pd?edition_number=50&artwork_number=51&blockchain=ethereum&contract=0xBb12686c360e9057be3CD031140035A705e19ceC&token_id=2439046679443273982118864381573244666655869234&token_id_hash=0x30e4bbf654867cc66930734011035e61bcb8905f70887149a809f04110108158,previews/71e2bed5-e224-4ead-8fea-88a8cc067dbe/1695225066/_unique-thumbnails/50-large.jpg,ipfs://QmNuoDuZ74WWnwm6mZQrCr3J2vsuVyoGKXj6eXhZcW4gLn
0xBb12686c360e9057be3CD031140035A705e19ceC,FeralfileExhibitionV4,Truth,2439046679443273982118864381573244666655869235,2439046679443273982118864381573244666655869235,51,71e2bed5-e224-4ead-8fea-88a8cc067dbe,filum,software,QmQjzvrvZjzNGiqQhTGsiHeTpb9FmEcjCVWxVySf5FANC1/2439046679443273982118864381573244666655869235,previews/71e2bed5-e224-4ead-8fea-88a8cc067dbe/1695225066/index.html?edition_number=51&artwork_number=52&blockchain=ethereum&contract=0xBb12686c360e9057be3CD031140035A705e19ceC&token_id=2439046679443273982118864381573244666655869235&token_id_hash=0x1f8d6363ff0df125689304fc2193740e385f57d372e4ceb10bd5901d553bb582,ipfs://Qma2VZMhsrMjrbCZcJQXuF71XTwRdL45EPH97KC8BHo8Pd?edition_number=51&artwork_number=52&blockchain=ethereum&contract=0xBb12686c360e9057be3CD031140035A705e19ceC&token_id=2439046679443273982118864381573244666655869235&token_id_hash=0x1f8d6363ff0df125689304fc2193740e385f57d372e4ceb10bd5901d553bb582,previews/71e2bed5-e224-4ead-8fea-88a8cc067dbe/1695225066/_unique-thumbnails/51-large.jpg,ipfs://QmQxeAaKcDqG5y7QhZ4ZT2Rd11YTQHUsK3QqszJcs9Ch66
0xBb12686c360e9057be3CD031140035A705e19ceC,FeralfileExhibitionV4,Truth,2439046679443273982118864381573244666655869236,2439046679443273982118864381573244666655869236,52,71e2bed5-e224-4ead-8fea-88a8cc067dbe,filum,software,QmQjzvrvZjzNGiqQhTGsiHeTpb9FmEcjCVWxVySf5FANC1/2439046679443273982118864381573244666655869236,previews/71e2bed5-e224-4ead-8fea-88a8cc067dbe/1695225066/index.html?edition_number=52&artwork_number=53&blockchain=ethereum&contract=0xBb12686c360e9057be3CD031140035A705e19ceC&token_id=2439046679443273982118864381573244666655869236&token_id_hash=0xc1389f317d36287dbcfe827aef630d5160ffa56c8b094af06bab03e61f462723,ipfs://Qma2VZMhsrMjrbCZcJQXuF71XTwRdL45EPH97KC8BHo8Pd?edition_number=52&artwork_number=53&blockchain=ethereum&contract=0xBb12686c360e9057be3CD031140035A705e19ceC&token_id=2439046679443273982118864381573244666655869236&token_id_hash=0xc1389f317d36287dbcfe827aef630d5160ffa56c8b094af06bab03e61f462723,previews/71e2bed5-e224-4ead-8fea-88a8cc067dbe/1695225066/_unique-thumbnails/52-large.jpg,ipfs://QmQ44vKF6ggZQobpV7PHMfkPexMLubnUwCEZQcpVADxV8A
0xBb12686c360e9057be3CD031140035A705e19ceC,FeralfileExhibitionV4,Truth,2439046679443273982118864381573244666655869237,2439046679443273982118864381573244666655869237,53,71e2bed5-e224-4ead-8fea-88a8cc067dbe,filum,software,QmQjzvrvZjzNGiqQhTGsiHeTpb9FmEcjCVWxVySf5FANC1/2439046679443273982118864381573244666655869237,previews/71e2bed5-e224-4ead-8fea-88a8cc067dbe/1695225066/index.html?edition_number=53&artwork_number=54&blockchain=ethereum&contract=0xBb12686c360e9057be3CD031140035A705e19ceC&token_id=2439046679443273982118864381573244666655869237&token_id_hash=0xcb05d7defd31e84ebb8a59dad15451ec3e37716119cbd69609cbf30d3331dfb3,ipfs://Qma2VZMhsrMjrbCZcJQXuF71XTwRdL45EPH97KC8BHo8Pd?edition_number=53&artwork_number=54&blockchain=ethereum&contract=0xBb12686c360e9057be3CD031140035A705e19ceC&token_id=2439046679443273982118864381573244666655869237&token_id_hash=0xcb05d7defd31e84ebb8a59dad15451ec3e37716119cbd69609cbf30d3331dfb3,previews/71e2bed5-e224-4ead-8fea-88a8cc067dbe/1695225066/_unique-thumbnails/53-large.jpg,ipfs://QmWqWDf8C9XxdeULXG6q6PGqFwqVCi6BxBU12rCrAs7ehb
0xBb12686c360e9057be3CD031140035A705e19ceC,FeralfileExhibitionV4,Truth,2439046679443273982118864381573244666655869238,2439046679443273982118864381573244666655869238,54,71e2bed5-e224-4ead-8fea-88a8cc067dbe,filum,software,QmQjzvrvZjzNGiqQhTGsiHeTpb9FmEcjCVWxVySf5FANC1/2439046679443273982118864381573244666655869238,previews/71e2bed5-e224-4ead-8fea-88a8cc067dbe/1695225066/index.html?edition_number=54&artwork_number=55&blockchain=ethereum&contract=0xBb12686c360e9057be3CD031140035A705e19ceC&token_id=2439046679443273982118864381573244666655869238&token_id_hash=0x2db99a8f2a27335f6a03f3b508b6b9e4070104790b1139cdfbd16c6bd7509940,ipfs://Qma2VZMhsrMjrbCZcJQXuF71XTwRdL45EPH97KC8BHo8Pd?edition_number=54&artwork_number=55&blockchain=ethereum&contract=0xBb12686c360e9057be3CD031140035A705e19ceC&token_id=2439046679443273982118864381573244666655869238&token_id_hash=0x2db99a8f2a27335f6a03f3b508b6b9e4070104790b1139cdfbd16c6bd7509940,previews/71e2bed5-e224-4ead-8fea-88a8cc067dbe/1695225066/_unique-thumbnails/54-large.jpg,ipfs://QmPAaeDxzJRPDG1YpvBi8FKE1pXasUrDaeG76AQcuL2Tuj
0xBb12686c360e9057be3CD031140035A705e19ceC,FeralfileExhibitionV4,Truth,2439046679443273982118864381573244666655869239,2439046679443273982118864381573244666655869239,55,71e2bed5-e224-4ead-8fea-88a8cc067dbe,filum,software,QmQjzvrvZjzNGiqQhTGsiHeTpb9FmEcjCVWxVySf5FANC1/2439046679443273982118864381573244666655869239,previews/71e2bed5-e224-4ead-8fea-88a8cc067dbe/1695225066/index.html?edition_number=55&artwork_number=56&blockchain=ethereum&contract=0xBb12686c360e9057be3CD031140035A705e19ceC&token_id=2439046679443273982118864381573244666655869239&token_id_hash=0xc233743fe2d5af67bcf41dcbea909f965b5a8bc13f7b394cbcabd8d3b6421584,ipfs://Qma2VZMhsrMjrbCZcJQXuF71XTwRdL45EPH97KC8BHo8Pd?edition_number=55&artwork_number=56&blockchain=ethereum&contract=0xBb12686c360e9057be3CD031140035A705e19ceC&token_id=2439046679443273982118864381573244666655869239&token_id_hash=0xc233743fe2d5af67bcf41dcbea909f965b5a8bc13f7b394cbcabd8d3b6421584,previews/71e2bed5-e224-4ead-8fea-88a8cc067dbe/1695225066/_unique-thumbnails/55-large.jpg,ipfs://QmToDZbAs6UqG4i6hSQKfUyxgM6Yy9uD1KBRSjv8tHTfDg
0xBb12686c360e9057be3CD031140035A705e19ceC,FeralfileExhibitionV4,Truth,2439046679443273982118864381573244666655869240,2439046679443273982118864381573244666655869240,56,71e2bed5-e224-4ead-8fea-88a8cc067dbe,filum,software,QmQjzvrvZjzNGiqQhTGsiHeTpb9FmEcjCVWxVySf5FANC1/2439046679443273982118864381573244666655869240,previews/71e2bed5-e224-4ead-8fea-88a8cc067dbe/1695225066/index.html?edition_number=56&artwork_number=57&blockchain=ethereum&contract=0xBb12686c360e9057be3CD031140035A705e19ceC&token_id=2439046679443273982118864381573244666655869240&token_id_hash=0xe9eb7b5b946e9d5df009b1f56fd321d21a2511bbe523ffa8bba93e0ff99ac9bb,ipfs://Qma2VZMhsrMjrbCZcJQXuF71XTwRdL45EPH97KC8BHo8Pd?edition_number=56&artwork_number=57&blockchain=ethereum&contract=0xBb12686c360e9057be3CD031140035A705e19ceC&token_id=2439046679443273982118864381573244666655869240&token_id_hash=0xe9eb7b5b946e9d5df009b1f56fd321d21a2511bbe523ffa8bba93e0ff99ac9bb,previews/71e2bed5-e224-4ead-8fea-88a8cc067dbe/1695225066/_unique-thumbnails/56-large.jpg,ipfs://QmefRXzndnerP8iS5qX1RNDvPd1hAH1nEwZUJkREDWMgmP
0xBb12686c360e9057be3CD031140035A705e19ceC,FeralfileExhibitionV4,Truth,2439046679443273982118864381573244666655869241,2439046679443273982118864381573244666655869241,57,71e2bed5-e224-4ead-8fea-88a8cc067dbe,filum,software,QmQjzvrvZjzNGiqQhTGsiHeTpb9FmEcjCVWxVySf5FANC1/2439046679443273982118864381573244666655869241,previews/71e2bed5-e224-4ead-8fea-88a8cc067dbe/1695225066/index.html?edition_number=57&artwork_number=58&blockchain=ethereum&contract=0xBb12686c360e9057be3CD031140035A705e19ceC&token_id=2439046679443273982118864381573244666655869241&token_id_hash=0x55d4161a888773e323db8e091ade6633829c39e6ddf45e60fa181deb28ed88c2,ipfs://Qma2VZMhsrMjrbCZcJQXuF71XTwRdL45EPH97KC8BHo8Pd?edition_number=57&artwork_number=58&blockchain=ethereum&contract=0xBb12686c360e9057be3CD031140035A705e19ceC&token_id=2439046679443273982118864381573244666655869241&token_id_hash=0x55d4161a888773e323db8e091ade6633829c39e6ddf45e60fa181deb28ed88c2,previews/71e2bed5-e224-4ead-8fea-88a8cc067dbe/1695225066/_unique-thumbnails/57-large.jpg,ipfs://QmYfAN7L5BVVapKK8CNX8en5SebPJxN79FeDBkQnCQWrcg
0xBb12686c360e9057be3CD031140035A705e19ceC,FeralfileExhibitionV4,Truth,2439046679443273982118864381573244666655869242,2439046679443273982118864381573244666655869242,58,71e2bed5-e224-4ead-8fea-88a8cc067dbe,filum,software,QmQjzvrvZjzNGiqQhTGsiHeTpb9FmEcjCVWxVySf5FANC1/2439046679443273982118864381573244666655869242,previews/71e2bed5-e224-4ead-8fea-88a8cc067dbe/1695225066/index.html?edition_number=58&artwork_number=59&blockchain=ethereum&contract=0xBb12686c360e9057be3CD031140035A705e19ceC&token_id=2439046679443273982118864381573244666655869242&token_id_hash=0x6c489c3aa853abdc4ece43c0b2c8f2fca8b4cc587577b466c840f3c6deead150,ipfs://Qma2VZMhsrMjrbCZcJQXuF71XTwRdL45EPH97KC8BHo8Pd?edition_number=58&artwork_number=59&blockchain=ethereum&contract=0xBb12686c360e9057be3CD031140035A705e19ceC&token_id=2439046679443273982118864381573244666655869242&token_id_hash=0x6c489c3aa853abdc4ece43c0b2c8f2fca8b4cc587577b466c840f3c6deead150,previews/71e2bed5-e224-4ead-8fea-88a8cc067dbe/1695225066/_unique-thumbnails/58-large.jpg,ipfs://QmRpk1nS2W4Zk1SWFNMBH9QsNoHCj863tbUnVJozKCkWw9
0xBb12686c360e9057be3CD031140035A705e19ceC,FeralfileExhibitionV4,Truth,2439046679443273982118864381573244666655869243,2439046679443273982118864381573244666655869243,59,71e2bed5-e224-4ead-8fea-88a8cc067dbe,filum,software,QmQjzvrvZjzNGiqQhTGsiHeTpb9FmEcjCVWxVySf5FANC1/2439046679443273982118864381573244666655869243,previews/71e2bed5-e224-4ead-8fea-88a8cc067dbe/1695225066/index.html?edition_number=59&artwork_number=60&blockchain=ethereum&contract=0xBb12686c360e9057be3CD031140035A705e19ceC&token_id=2439046679443273982118864381573244666655869243&token_id_hash=0x6e685305faa16f69affae3db143781375fd493d5ed5be89259067a2f6b178f29,ipfs://Qma2VZMhsrMjrbCZcJQXuF71XTwRdL45EPH97KC8BHo8Pd?edition_number=59&artwork_number=60&blockchain=ethereum&contract=0xBb12686c360e9057be3CD031140035A705e19ceC&token_id=2439046679443273982118864381573244666655869243&token_id_hash=0x6e685305faa16f69affae3db143781375fd493d5ed5be89259067a2f6b178f29,previews/71e2bed5-e224-4ead-8fea-88a8cc067dbe/1695225066/_unique-thumbnails/59-large.jpg,ipfs://QmdoC5XDMmsXjQu74BbEjj3gededjidvBCM2NBYpFj253m
0xBb12686c360e9057be3CD031140035A705e19ceC,FeralfileExhibitionV4,Truth,2439046679443273982118864381573244666655869244,2439046679443273982118864381573244666655869244,60,71e2bed5-e224-4ead-8fea-88a8cc067dbe,filum,software,QmQjzvrvZjzNGiqQhTGsiHeTpb9FmEcjCVWxVySf5FANC1/2439046679443273982118864381573244666655869244,previews/71e2bed5-e224-4ead-8fea-88a8cc067dbe/1695225066/index.html?edition_number=60&artwork_number=61&blockchain=ethereum&contract=0xBb12686c360e9057be3CD031140035A705e19ceC&token_id=2439046679443273982118864381573244666655869244&token_id_hash=0x12c41aa998fa7f30e0aa386fbd9602be5d56599264fa61ee55cba8fdd51b45e5,ipfs://Qma2VZMhsrMjrbCZcJQXuF71XTwRdL45EPH97KC8BHo8Pd?edition_number=60&artwork_number=61&blockchain=ethereum&contract=0xBb12686c360e9057be3CD031140035A705e19ceC&token_id=2439046679443273982118864381573244666655869244&token_id_hash=0x12c41aa998fa7f30e0aa386fbd9602be5d56599264fa61ee55cba8fdd51b45e5,previews/71e2bed5-e224-4ead-8fea-88a8cc067dbe/1695225066/_unique-thumbnails/60-large.jpg,ipfs://QmV1WXCQXu2y6ejY7hZayTDZAxwhKFKyRaeATbWLvg2qpn
0xBb12686c360e9057be3CD031140035A705e19ceC,FeralfileExhibitionV4,Truth,2439046679443273982118864381573244666655869245,2439046679443273982118864381573244666655869245,61,71e2bed5-e224-4ead-8fea-88a8cc067dbe,filum,software,QmQjzvrvZjzNGiqQhTGsiHeTpb9FmEcjCVWxVySf5FANC1/2439046679443273982118864381573244666655869245,previews/71e2bed5-e224-4ead-8fea-88a8cc067dbe/1695225066/index.html?edition_number=61&artwork_number=62&blockchain=ethereum&contract=0xBb12686c360e9057be3CD031140035A705e19ceC&token_id=2439046679443273982118864381573244666655869245&token_id_hash=0x5e7f0820610228b18dc87c7730436ea7c60e6b3137ba23fb8f20f7b691893b55,ipfs://Qma2VZMhsrMjrbCZcJQXuF71XTwRdL45EPH97KC8BHo8Pd?edition_number=61&artwork_number=62&blockchain=ethereum&contract=0xBb12686c360e9057be3CD031140035A705e19ceC&token_id=2439046679443273982118864381573244666655869245&token_id_hash=0x5e7f0820610228b18dc87c7730436ea7c60e6b3137ba23fb8f20f7b691893b55,previews/71e2bed5-e224-4ead-8fea-88a8cc067dbe/1695225066/_unique-thumbnails/61-large.jpg,ipfs://QmfRea5FxmgaYhpiowPkUq8yDAygiCxyYFddTmjbXBzwov
0xBb12686c360e9057be3CD031140035A705e19ceC,FeralfileExhibitionV4,Truth,2439046679443273982118864381573244666655869246,2439046679443273982118864381573244666655869246,62,71e2bed5-e224-4ead-8fea-88a8cc067dbe,filum,software,QmQjzvrvZjzNGiqQhTGsiHeTpb9FmEcjCVWxVySf5FANC1/2439046679443273982118864381573244666655869246,previews/71e2bed5-e224-4ead-8fea-88a8cc067dbe/1695225066/index.html?edition_number=62&artwork_number=63&blockchain=ethereum&contract=0xBb12686c360e9057be3CD031140035A705e19ceC&token_id=2439046679443273982118864381573244666655869246&token_id_hash=0xf6a6a0135da594a740ec734e8cf4e9380226cf9e78f0eaf02e00a5007b0cabe0,ipfs://Qma2VZMhsrMjrbCZcJQXuF71XTwRdL45EPH97KC8BHo8Pd?edition_number=62&artwork_number=63&blockchain=ethereum&contract=0xBb12686c360e9057be3CD031140035A705e19ceC&token_id=2439046679443273982118864381573244666655869246&token_id_hash=0xf6a6a0135da594a740ec734e8cf4e9380226cf9e78f0eaf02e00a5007b0cabe0,previews/71e2bed5-e224-4ead-8fea-88a8cc067dbe/1695225066/_unique-thumbnails/62-large.jpg,ipfs://QmVuMgc7YsojisiRjrktdVaDMWCkJ3FniFheM6Chnj7nsx
0xBb12686c360e9057be3CD031140035A705e19ceC,FeralfileExhibitionV4,Truth,2439046679443273982118864381573244666655869247,2439046679443273982118864381573244666655869247,63,71e2bed5-e224-4ead-8fea-88a8cc067dbe,filum,software,QmQjzvrvZjzNGiqQhTGsiHeTpb9FmEcjCVWxVySf5FANC1/2439046679443273982118864381573244666655869247,previews/71e2bed5-e224-4ead-8fea-88a8cc067dbe/1695225066/index.html?edition_number=63&artwork_number=64&blockchain=ethereum&contract=0xBb12686c360e9057be3CD031140035A705e19ceC&token_id=2439046679443273982118864381573244666655869247&token_id_hash=0x9482bc58ea99f85ac7fe6f6dc7471b6caa0686713c655a43db3578925c521e28,ipfs://Qma2VZMhsrMjrbCZcJQXuF71XTwRdL45EPH97KC8BHo8Pd?edition_number=63&artwork_number=64&blockchain=ethereum&contract=0xBb12686c360e9057be3CD031140035A705e19ceC&token_id=2439046679443273982118864381573244666655869247&token_id_hash=0x9482bc58ea99f85ac7fe6f6dc7471b6caa0686713c655a43db3578925c521e28,previews/71e2bed5-e224-4ead-8fea-88a8cc067dbe/1695225066/_unique-thumbnails/63-large.jpg,ipfs://Qmee1jJW6ypQCXjtLfif1eZ3acjep3W9WN8oBDuMHQ4kHX
0xBb12686c360e9057be3CD031140035A705e19ceC,FeralfileExhibitionV4,Truth,2439046679443273982118864381573244666655869248,2439046679443273982118864381573244666655869248,64,71e2bed5-e224-4ead-8fea-88a8cc067dbe,filum,software,QmQjzvrvZjzNGiqQhTGsiHeTpb9FmEcjCVWxVySf5FANC1/2439046679443273982118864381573244666655869248,previews/71e2bed5-e224-4ead-8fea-88a8cc067dbe/1695225066/index.html?edition_number=64&artwork_number=65&blockchain=ethereum&contract=0xBb12686c360e9057be3CD031140035A705e19ceC&token_id=2439046679443273982118864381573244666655869248&token_id_hash=0x4239e92550c44f446a25cb2783fa22283b5fd03ce0a9dee2a40755fbdeb8695b,ipfs://Qma2VZMhsrMjrbCZcJQXuF71XTwRdL45EPH97KC8BHo8Pd?edition_number=64&artwork_number=65&blockchain=ethereum&contract=0xBb12686c360e9057be3CD031140035A705e19ceC&token_id=2439046679443273982118864381573244666655869248&token_id_hash=0x4239e92550c44f446a25cb2783fa22283b5fd03ce0a9dee2a40755fbdeb8695b,previews/71e2bed5-e224-4ead-8fea-88a8cc067dbe/1695225066/_unique-thumbnails/64-large.jpg,ipfs://QmQis4zeLdDqiKb2sh2DduNv1fwtHP1V1RvEaeiXCst9NH
0xBb12686c360e9057be3CD031140035A705e19ceC,FeralfileExhibitionV4,Truth,2439046679443273982118864381573244666655869249,2439046679443273982118864381573244666655869249,65,71e2bed5-e224-4ead-8fea-88a8cc067dbe,filum,software,QmQjzvrvZjzNGiqQhTGsiHeTpb9FmEcjCVWxVySf5FANC1/2439046679443273982118864381573244666655869249,previews/71e2bed5-e224-4ead-8fea-88a8cc067dbe/1695225066/index.html?edition_number=65&artwork_number=66&blockchain=ethereum&contract=0xBb12686c360e9057be3CD031140035A705e19ceC&token_id=2439046679443273982118864381573244666655869249&token_id_hash=0x76a7ee768c27a34fef8c690477a13e12847f9f15ae4acd42dc2133625485a82e,ipfs://Qma2VZMhsrMjrbCZcJQXuF71XTwRdL45EPH97KC8BHo8Pd?edition_number=65&artwork_number=66&blockchain=ethereum&contract=0xBb12686c360e9057be3CD031140035A705e19ceC&token_id=2439046679443273982118864381573244666655869249&token_id_hash=0x76a7ee768c27a34fef8c690477a13e12847f9f15ae4acd42dc2133625485a82e,previews/71e2bed5-e224-4ead-8fea-88a8cc067dbe/1695225066/_unique-thumbnails/65-large.jpg,ipfs://QmPhB8p93pjv1D2Bn4CyaP67vrwB8QMGTdjT8fTMU181ng
0xBb12686c360e9057be3CD031140035A705e19ceC,FeralfileExhibitionV4,Truth,2439046679443273982118864381573244666655869250,2439046679443273982118864381573244666655869250,66,71e2bed5-e224-4ead-8fea-88a8cc067dbe,filum,software,QmQjzvrvZjzNGiqQhTGsiHeTpb9FmEcjCVWxVySf5FANC1/2439046679443273982118864381573244666655869250,previews/71e2bed5-e224-4ead-8fea-88a8cc067dbe/1695225066/index.html?edition_number=66&artwork_number=67&blockchain=ethereum&contract=0xBb12686c360e9057be3CD031140035A705e19ceC&token_id=2439046679443273982118864381573244666655869250&token_id_hash=0x9d3c34fe47e36af85a1ca279721f0fe97ebcf3292abc81ab85b120bf1ec5b478,ipfs://Qma2VZMhsrMjrbCZcJQXuF71XTwRdL45EPH97KC8BHo8Pd?edition_number=66&artwork_number=67&blockchain=ethereum&contract=0xBb12686c360e9057be3CD031140035A705e19ceC&token_id=2439046679443273982118864381573244666655869250&token_id_hash=0x9d3c34fe47e36af85a1ca279721f0fe97ebcf3292abc81ab85b120bf1ec5b478,previews/71e2bed5-e224-4ead-8fea-88a8cc067dbe/1695225066/_unique-thumbnails/66-large.jpg,ipfs://QmSUzL61KJ7TV948r2ZdZoiyvFKvTPj2UNciVS4tkaJeXY
0xBb12686c360e9057be3CD031140035A705e19ceC,FeralfileExhibitionV4,Truth,2439046679443273982118864381573244666655869251,2439046679443273982118864381573244666655869251,67,71e2bed5-e224-4ead-8fea-88a8cc067dbe,filum,software,QmQjzvrvZjzNGiqQhTGsiHeTpb9FmEcjCVWxVySf5FANC1/2439046679443273982118864381573244666655869251,previews/71e2bed5-e224-4ead-8fea-88a8cc067dbe/1695225066/index.html?edition_number=67&artwork_number=68&blockchain=ethereum&contract=0xBb12686c360e9057be3CD031140035A705e19ceC&token_id=2439046679443273982118864381573244666655869251&token_id_hash=0xd15962cba43eef107838ad422d02e0ebb82d98fe74d021f7d34fe53a32f94a8b,ipfs://Qma2VZMhsrMjrbCZcJQXuF71XTwRdL45EPH97KC8BHo8Pd?edition_number=67&artwork_number=68&blockchain=ethereum&contract=0xBb12686c360e9057be3CD031140035A705e19ceC&token_id=2439046679443273982118864381573244666655869251&token_id_hash=0xd15962cba43eef107838ad422d02e0ebb82d98fe74d021f7d34fe53a32f94a8b,previews/71e2bed5-e224-4ead-8fea-88a8cc067dbe/1695225066/_unique-thumbnails/67-large.jpg,ipfs://QmbzfdU5KFLFE2TxxqpmMbNPjod3saJ66tuZ673sooAqG6
0xBb12686c360e9057be3CD031140035A705e19ceC,FeralfileExhibitionV4,Truth,2439046679443273982118864381573244666655869252,2439046679443273982118864381573244666655869252,68,71e2bed5-e224-4ead-8fea-88a8cc067dbe,filum,software,QmQjzvrvZjzNGiqQhTGsiHeTpb9FmEcjCVWxVySf5FANC1/2439046679443273982118864381573244666655869252,previews/71e2bed5-e224-4ead-8fea-88a8cc067dbe/1695225066/index.html?edition_number=68&artwork_number=69&blockchain=ethereum&contract=0xBb12686c360e9057be3CD031140035A705e19ceC&token_id=2439046679443273982118864381573244666655869252&token_id_hash=0x73f3ace579aedf318df668f83a7919bfca6923d4ce9a688e9abcff1787e5968b,ipfs://Qma2VZMhsrMjrbCZcJQXuF71XTwRdL45EPH97KC8BHo8Pd?edition_number=68&artwork_number=69&blockchain=ethereum&contract=0xBb12686c360e9057be3CD031140035A705e19ceC&token_id=2439046679443273982118864381573244666655869252&token_id_hash=0x73f3ace579aedf318df668f83a7919bfca6923d4ce9a688e9abcff1787e5968b,previews/71e2bed5-e224-4ead-8fea-88a8cc067dbe/1695225066/_unique-thumbnails/68-large.jpg,ipfs://QmQ3dLXwDpKxKd6RTBUFi2Xu4SKqf3w919nXqnEyJbyPpz
0xBb12686c360e9057be3CD031140035A705e19ceC,FeralfileExhibitionV4,Truth,2439046679443273982118864381573244666655869253,2439046679443273982118864381573244666655869253,69,71e2bed5-e224-4ead-8fea-88a8cc067dbe,filum,software,QmQjzvrvZjzNGiqQhTGsiHeTpb9FmEcjCVWxVySf5FANC1/2439046679443273982118864381573244666655869253,previews/71e2bed5-e224-4ead-8fea-88a8cc067dbe/1695225066/index.html?edition_number=69&artwork_number=70&blockchain=ethereum&contract=0xBb12686c360e9057be3CD031140035A705e19ceC&token_id=2439046679443273982118864381573244666655869253&token_id_hash=0xdef13df34b0058bbe28bf4ca8b8cefb9d400b4d3976fa02939ba48506294ac5c,ipfs://Qma2VZMhsrMjrbCZcJQXuF71XTwRdL45EPH97KC8BHo8Pd?edition_number=69&artwork_number=70&blockchain=ethereum&contract=0xBb12686c360e9057be3CD031140035A705e19ceC&token_id=2439046679443273982118864381573244666655869253&token_id_hash=0xdef13df34b0058bbe28bf4ca8b8cefb9d400b4d3976fa02939ba48506294ac5c,previews/71e2bed5-e224-4ead-8fea-88a8cc067dbe/1695225066/_unique-thumbnails/69-large.jpg,ipfs://QmZZRUmzP22VHUWEHwd1jgFxfk6K71k9Nc4scv7cpAwBnK
0xBb12686c360e9057be3CD031140035A705e19ceC,FeralfileExhibitionV4,Truth,2439046679443273982118864381573244666655869254,2439046679443273982118864381573244666655869254,70,71e2bed5-e224-4ead-8fea-88a8cc067dbe,filum,software,QmQjzvrvZjzNGiqQhTGsiHeTpb9FmEcjCVWxVySf5FANC1/2439046679443273982118864381573244666655869254,previews/71e2bed5-e224-4ead-8fea-88a8cc067dbe/1695225066/index.html?edition_number=70&artwork_number=71&blockchain=ethereum&contract=0xBb12686c360e9057be3CD031140035A705e19ceC&token_id=2439046679443273982118864381573244666655869254&token_id_hash=0xee78d4e15f072d268766d4d18c78d0e83783832129d0877159527f10e174e5ea,ipfs://Qma2VZMhsrMjrbCZcJQXuF71XTwRdL45EPH97KC8BHo8Pd?edition_number=70&artwork_number=71&blockchain=ethereum&contract=0xBb12686c360e9057be3CD031140035A705e19ceC&token_id=2439046679443273982118864381573244666655869254&token_id_hash=0xee78d4e15f072d268766d4d18c78d0e83783832129d0877159527f10e174e5ea,previews/71e2bed5-e224-4ead-8fea-88a8cc067dbe/1695225066/_unique-thumbnails/70-large.jpg,ipfs://QmcMpjCxoGiPm4NxmDcDTRf8BRi3mJjVz6sgjPH8F4KE8j
0xBb12686c360e9057be3CD031140035A705e19ceC,FeralfileExhibitionV4,Truth,2439046679443273982118864381573244666655869255,2439046679443273982118864381573244666655869255,71,71e2bed5-e224-4ead-8fea-88a8cc067dbe,filum,software,QmQjzvrvZjzNGiqQhTGsiHeTpb9FmEcjCVWxVySf5FANC1/2439046679443273982118864381573244666655869255,previews/71e2bed5-e224-4ead-8fea-88a8cc067dbe/1695225066/index.html?edition_number=71&artwork_number=72&blockchain=ethereum&contract=0xBb12686c360e9057be3CD031140035A705e19ceC&token_id=2439046679443273982118864381573244666655869255&token_id_hash=0xec341f14cac3ef04602fb7ced1c4550edf4a853c62fa7219742a941dfba2e5ef,ipfs://Qma2VZMhsrMjrbCZcJQXuF71XTwRdL45EPH97KC8BHo8Pd?edition_number=71&artwork_number=72&blockchain=ethereum&contract=0xBb12686c360e9057be3CD031140035A705e19ceC&token_id=2439046679443273982118864381573244666655869255&token_id_hash=0xec341f14cac3ef04602fb7ced1c4550edf4a853c62fa7219742a941dfba2e5ef,previews/71e2bed5-e224-4ead-8fea-88a8cc067dbe/1695225066/_unique-thumbnails/71-large.jpg,ipfs://QmUb1qHtBjV6pqkjLXEvJVMtH8v9q3xSmzUVvUZUBDYNP6
0xBb12686c360e9057be3CD031140035A705e19ceC,FeralfileExhibitionV4,Truth,2439046679443273982118864381573244666655869256,2439046679443273982118864381573244666655869256,72,71e2bed5-e224-4ead-8fea-88a8cc067dbe,filum,software,QmQjzvrvZjzNGiqQhTGsiHeTpb9FmEcjCVWxVySf5FANC1/2439046679443273982118864381573244666655869256,previews/71e2bed5-e224-4ead-8fea-88a8cc067dbe/1695225066/index.html?edition_number=72&artwork_number=73&blockchain=ethereum&contract=0xBb12686c360e9057be3CD031140035A705e19ceC&token_id=2439046679443273982118864381573244666655869256&token_id_hash=0x0ac2158ba7363713b6ffddb361aee7aba412385d20c788d9a8830af753d20fed,ipfs://Qma2VZMhsrMjrbCZcJQXuF71XTwRdL45EPH97KC8BHo8Pd?edition_number=72&artwork_number=73&blockchain=ethereum&contract=0xBb12686c360e9057be3CD031140035A705e19ceC&token_id=2439046679443273982118864381573244666655869256&token_id_hash=0x0ac2158ba7363713b6ffddb361aee7aba412385d20c788d9a8830af753d20fed,previews/71e2bed5-e224-4ead-8fea-88a8cc067dbe/1695225066/_unique-thumbnails/72-large.jpg,ipfs://QmPbQfxi8cuWtGkpxzcBdwq6de1SQ4BxRTHgLV2cJ83g2v
0xBb12686c360e9057be3CD031140035A705e19ceC,FeralfileExhibitionV4,Truth,2439046679443273982118864381573244666655869257,2439046679443273982118864381573244666655869257,73,71e2bed5-e224-4ead-8fea-88a8cc067dbe,filum,software,QmQjzvrvZjzNGiqQhTGsiHeTpb9FmEcjCVWxVySf5FANC1/2439046679443273982118864381573244666655869257,previews/71e2bed5-e224-4ead-8fea-88a8cc067dbe/1695225066/index.html?edition_number=73&artwork_number=74&blockchain=ethereum&contract=0xBb12686c360e9057be3CD031140035A705e19ceC&token_id=2439046679443273982118864381573244666655869257&token_id_hash=0x2d2ddd73f8c68182ee0d13c11f20e117fa95f62b2b1501641848a4ec6480e665,ipfs://Qma2VZMhsrMjrbCZcJQXuF71XTwRdL45EPH97KC8BHo8Pd?edition_number=73&artwork_number=74&blockchain=ethereum&contract=0xBb12686c360e9057be3CD031140035A705e19ceC&token_id=2439046679443273982118864381573244666655869257&token_id_hash=0x2d2ddd73f8c68182ee0d13c11f20e117fa95f62b2b1501641848a4ec6480e665,previews/71e2bed5-e224-4ead-8fea-88a8cc067dbe/1695225066/_unique-thumbnails/73-large.jpg,ipfs://Qmcym9pWNJRok31Ai1ktZmDR1wFGkRPCTtbcnA6Dt6mVbf
0xBb12686c360e9057be3CD031140035A705e19ceC,FeralfileExhibitionV4,Truth,2439046679443273982118864381573244666655869258,2439046679443273982118864381573244666655869258,74,71e2bed5-e224-4ead-8fea-88a8cc067dbe,filum,software,QmQjzvrvZjzNGiqQhTGsiHeTpb9FmEcjCVWxVySf5FANC1/2439046679443273982118864381573244666655869258,previews/71e2bed5-e224-4ead-8fea-88a8cc067dbe/1695225066/index.html?edition_number=74&artwork_number=75&blockchain=ethereum&contract=0xBb12686c360e9057be3CD031140035A705e19ceC&token_id=2439046679443273982118864381573244666655869258&token_id_hash=0x50898445917c90a2627b905502b34b1393e702bb8bbf6fc08b20049b7b33aaf4,ipfs://Qma2VZMhsrMjrbCZcJQXuF71XTwRdL45EPH97KC8BHo8Pd?edition_number=74&artwork_number=75&blockchain=ethereum&contract=0xBb12686c360e9057be3CD031140035A705e19ceC&token_id=2439046679443273982118864381573244666655869258&token_id_hash=0x50898445917c90a2627b905502b34b1393e702bb8bbf6fc08b20049b7b33aaf4,previews/71e2bed5-e224-4ead-8fea-88a8cc067dbe/1695225066/_unique-thumbnails/74-large.jpg,ipfs://QmZvi5T8sVkUvYwqyKqNUSr9VgPmbiEYmvLASM5AUXaRn7
0xBb12686c360e9057be3CD031140035A705e19ceC,FeralfileExhibitionV4,Truth,2439046679443273982118864381573244666655869259,2439046679443273982118864381573244666655869259,75,71e2bed5-e224-4ead-8fea-88a8cc067dbe,filum,software,QmQjzvrvZjzNGiqQhTGsiHeTpb9FmEcjCVWxVySf5FANC1/2439046679443273982118864381573244666655869259,previews/71e2bed5-e224-4ead-8fea-88a8cc067dbe/1695225066/index.html?edition_number=75&artwork_number=76&blockchain=ethereum&contract=0xBb12686c360e9057be3CD031140035A705e19ceC&token_id=2439046679443273982118864381573244666655869259&token_id_hash=0xd0ee729f8337cd34f48ed0df00bcb732339dfc1ff55644aaba0b181274040b8e,ipfs://Qma2VZMhsrMjrbCZcJQXuF71XTwRdL45EPH97KC8BHo8Pd?edition_number=75&artwork_number=76&blockchain=ethereum&contract=0xBb12686c360e9057be3CD031140035A705e19ceC&token_id=2439046679443273982118864381573244666655869259&token_id_hash=0xd0ee729f8337cd34f48ed0df00bcb732339dfc1ff55644aaba0b181274040b8e,previews/71e2bed5-e224-4ead-8fea-88a8cc067dbe/1695225066/_unique-thumbnails/75-large.jpg,ipfs://QmUp9sgxdYPRjYarwKFsLAkExnSazFxeSMFxwndW6gJRgT
0xBb12686c360e9057be3CD031140035A705e19ceC,FeralfileExhibitionV4,Truth,2439046679443273982118864381573244666655869260,2439046679443273982118864381573244666655869260,76,71e2bed5-e224-4ead-8fea-88a8cc067dbe,filum,software,QmQjzvrvZjzNGiqQhTGsiHeTpb9FmEcjCVWxVySf5FANC1/2439046679443273982118864381573244666655869260,previews/71e2bed5-e224-4ead-8fea-88a8cc067dbe/1695225066/index.html?edition_number=76&artwork_number=77&blockchain=ethereum&contract=0xBb12686c360e9057be3CD031140035A705e19ceC&token_id=2439046679443273982118864381573244666655869260&token_id_hash=0x57bcb89fa3ba061a5926d410ef121b7c6c30a3f22cc4f7fd0f4f22630fe6ab46,ipfs://Qma2VZMhsrMjrbCZcJQXuF71XTwRdL45EPH97KC8BHo8Pd?edition_number=76&artwork_number=77&blockchain=ethereum&contract=0xBb12686c360e9057be3CD031140035A705e19ceC&token_id=2439046679443273982118864381573244666655869260&token_id_hash=0x57bcb89fa3ba061a5926d410ef121b7c6c30a3f22cc4f7fd0f4f22630fe6ab46,previews/71e2bed5-e224-4ead-8fea-88a8cc067dbe/1695225066/_unique-thumbnails/76-large.jpg,ipfs://Qmco4cXHjpw75TPSxVDdUZGFMQtaSvgWFYLtYZ81T4t7Z5
0xBb12686c360e9057be3CD031140035A705e19ceC,FeralfileExhibitionV4,Truth,2439046679443273982118864381573244666655869261,2439046679443273982118864381573244666655869261,77,71e2bed5-e224-4ead-8fea-88a8cc067dbe,filum,software,QmQjzvrvZjzNGiqQhTGsiHeTpb9FmEcjCVWxVySf5FANC1/2439046679443273982118864381573244666655869261,previews/71e2bed5-e224-4ead-8fea-88a8cc067dbe/1695225066/index.html?edition_number=77&artwork_number=78&blockchain=ethereum&contract=0xBb12686c360e9057be3CD031140035A705e19ceC&token_id=2439046679443273982118864381573244666655869261&token_id_hash=0xc3fe5a142c1d987bdc87a26905e536720173023ef7e35afa68e096cf73e1bf98,ipfs://Qma2VZMhsrMjrbCZcJQXuF71XTwRdL45EPH97KC8BHo8Pd?edition_number=77&artwork_number=78&blockchain=ethereum&contract=0xBb12686c360e9057be3CD031140035A705e19ceC&token_id=2439046679443273982118864381573244666655869261&token_id_hash=0xc3fe5a142c1d987bdc87a26905e536720173023ef7e35afa68e096cf73e1bf98,previews/71e2bed5-e224-4ead-8fea-88a8cc067dbe/1695225066/_unique-thumbnails/77-large.jpg,ipfs://QmfKAHUPDGfZHsA9WYXQU9Qo9U3QEgrUiK94wP5qR1foMS
0xBb12686c360e9057be3CD031140035A705e19ceC,FeralfileExhibitionV4,Truth,2439046679443273982118864381573244666655869262,2439046679443273982118864381573244666655869262,78,71e2bed5-e224-4ead-8fea-88a8cc067dbe,filum,software,QmQjzvrvZjzNGiqQhTGsiHeTpb9FmEcjCVWxVySf5FANC1/2439046679443273982118864381573244666655869262,previews/71e2bed5-e224-4ead-8fea-88a8cc067dbe/1695225066/index.html?edition_number=78&artwork_number=79&blockchain=ethereum&contract=0xBb12686c360e9057be3CD031140035A705e19ceC&token_id=2439046679443273982118864381573244666655869262&token_id_hash=0x0cc2c006c458c63c95feef734957abc13c95ba4cd9ebe3c67b1f250633eff53b,ipfs://Qma2VZMhsrMjrbCZcJQXuF71XTwRdL45EPH97KC8BHo8Pd?edition_number=78&artwork_number=79&blockchain=ethereum&contract=0xBb12686c360e9057be3CD031140035A705e19ceC&token_id=2439046679443273982118864381573244666655869262&token_id_hash=0x0cc2c006c458c63c95feef734957abc13c95ba4cd9ebe3c67b1f250633eff53b,previews/71e2bed5-e224-4ead-8fea-88a8cc067dbe/1695225066/_unique-thumbnails/78-large.jpg,ipfs://QmbEPQuihdoig2v3PvAPbTgNxuAgfpbGU38tZV69C4JKTA
0xBb12686c360e9057be3CD031140035A705e19ceC,FeralfileExhibitionV4,Truth,2439046679443273982118864381573244666655869263,2439046679443273982118864381573244666655869263,79,71e2bed5-e224-4ead-8fea-88a8cc067dbe,filum,software,QmQjzvrvZjzNGiqQhTGsiHeTpb9FmEcjCVWxVySf5FANC1/2439046679443273982118864381573244666655869263,previews/71e2bed5-e224-4ead-8fea-88a8cc067dbe/1695225066/index.html?edition_number=79&artwork_number=80&blockchain=ethereum&contract=0xBb12686c360e9057be3CD031140035A705e19ceC&token_id=2439046679443273982118864381573244666655869263&token_id_hash=0xa4ace140a5a84ec1373f200e4af4fc6436226350a634d87fa4b7a9e49bb43d79,ipfs://Qma2VZMhsrMjrbCZcJQXuF71XTwRdL45EPH97KC8BHo8Pd?edition_number=79&artwork_number=80&blockchain=ethereum&contract=0xBb12686c360e9057be3CD031140035A705e19ceC&token_id=2439046679443273982118864381573244666655869263&token_id_hash=0xa4ace140a5a84ec1373f200e4af4fc6436226350a634d87fa4b7a9e49bb43d79,previews/71e2bed5-e224-4ead-8fea-88a8cc067dbe/1695225066/_unique-thumbnails/79-large.jpg,ipfs://QmTiU4bAKZpMShfv6x2aX3amaTFjcdmiNb2YRu1GDdEwGg
0xBb12686c360e9057be3CD031140035A705e19ceC,FeralfileExhibitionV4,Truth,2439046679443273982118864381573244666655869264,2439046679443273982118864381573244666655869264,80,71e2bed5-e224-4ead-8fea-88a8cc067dbe,filum,software,QmQjzvrvZjzNGiqQhTGsiHeTpb9FmEcjCVWxVySf5FANC1/2439046679443273982118864381573244666655869264,previews/71e2bed5-e224-4ead-8fea-88a8cc067dbe/1695225066/index.html?edition_number=80&artwork_number=81&blockchain=ethereum&contract=0xBb12686c360e9057be3CD031140035A705e19ceC&token_id=2439046679443273982118864381573244666655869264&token_id_hash=0xab82c487bcd0e7bc48f6dbb328086128375791702d974db69cbefe0e621ff99e,ipfs://Qma2VZMhsrMjrbCZcJQXuF71XTwRdL45EPH97KC8BHo8Pd?edition_number=80&artwork_number=81&blockchain=ethereum&contract=0xBb12686c360e9057be3CD031140035A705e19ceC&token_id=2439046679443273982118864381573244666655869264&token_id_hash=0xab82c487bcd0e7bc48f6dbb328086128375791702d974db69cbefe0e621ff99e,previews/71e2bed5-e224-4ead-8fea-88a8cc067dbe/1695225066/_unique-thumbnails/80-large.jpg,ipfs://QmXpwBSN79aLWWKfoS9ymmbBKbfUWpuRzFEzgCxMErRSXb
0xBb12686c360e9057be3CD031140035A705e19ceC,FeralfileExhibitionV4,Truth,2439046679443273982118864381573244666655869265,2439046679443273982118864381573244666655869265,81,71e2bed5-e224-4ead-8fea-88a8cc067dbe,filum,software,QmQjzvrvZjzNGiqQhTGsiHeTpb9FmEcjCVWxVySf5FANC1/2439046679443273982118864381573244666655869265,previews/71e2bed5-e224-4ead-8fea-88a8cc067dbe/1695225066/index.html?edition_number=81&artwork_number=82&blockchain=ethereum&contract=0xBb12686c360e9057be3CD031140035A705e19ceC&token_id=2439046679443273982118864381573244666655869265&token_id_hash=0x6dcb6d9b8e90a6a929e9d476e52a54aa28a8b9b1d1884ae782f4f439337f7184,ipfs://Qma2VZMhsrMjrbCZcJQXuF71XTwRdL45EPH97KC8BHo8Pd?edition_number=81&artwork_number=82&blockchain=ethereum&contract=0xBb12686c360e9057be3CD031140035A705e19ceC&token_id=2439046679443273982118864381573244666655869265&token_id_hash=0x6dcb6d9b8e90a6a929e9d476e52a54aa28a8b9b1d1884ae782f4f439337f7184,previews/71e2bed5-e224-4ead-8fea-88a8cc067dbe/1695225066/_unique-thumbnails/81-large.jpg,ipfs://QmVZdgbQvgcPQ3T4LyVNDgZSvpQ9AiyRN3SXpPubfKdod8
0xBb12686c360e9057be3CD031140035A705e19ceC,FeralfileExhibitionV4,Truth,2439046679443273982118864381573244666655869266,2439046679443273982118864381573244666655869266,82,71e2bed5-e224-4ead-8fea-88a8cc067dbe,filum,software,QmQjzvrvZjzNGiqQhTGsiHeTpb9FmEcjCVWxVySf5FANC1/2439046679443273982118864381573244666655869266,previews/71e2bed5-e224-4ead-8fea-88a8cc067dbe/1695225066/index.html?edition_number=82&artwork_number=83&blockchain=ethereum&contract=0xBb12686c360e9057be3CD031140035A705e19ceC&token_id=2439046679443273982118864381573244666655869266&token_id_hash=0x1e9a5140efbdda73a3b18ed64aa80d3ff0bba594173d01fff2adcfe54096b826,ipfs://Qma2VZMhsrMjrbCZcJQXuF71XTwRdL45EPH97KC8BHo8Pd?edition_number=82&artwork_number=83&blockchain=ethereum&contract=0xBb12686c360e9057be3CD031140035A705e19ceC&token_id=2439046679443273982118864381573244666655869266&token_id_hash=0x1e9a5140efbdda73a3b18ed64aa80d3ff0bba594173d01fff2adcfe54096b826,previews/71e2bed5-e224-4ead-8fea-88a8cc067dbe/1695225066/_unique-thumbnails/82-large.jpg,ipfs://QmasLh8Mme4GRYSzdNycXiXfjgZjietqWu8rXUKZi3Dycg
0xBb12686c360e9057be3CD031140035A705e19ceC,FeralfileExhibitionV4,Truth,2439046679443273982118864381573244666655869267,2439046679443273982118864381573244666655869267,83,71e2bed5-e224-4ead-8fea-88a8cc067dbe,filum,software,QmQjzvrvZjzNGiqQhTGsiHeTpb9FmEcjCVWxVySf5FANC1/2439046679443273982118864381573244666655869267,previews/71e2bed5-e224-4ead-8fea-88a8cc067dbe/1695225066/index.html?edition_number=83&artwork_number=84&blockchain=ethereum&contract=0xBb12686c360e9057be3CD031140035A705e19ceC&token_id=2439046679443273982118864381573244666655869267&token_id_hash=0xb224c4349b7720bf3257af1308fbd30d5152a6e06235f50875dfd16e732b2adf,ipfs://Qma2VZMhsrMjrbCZcJQXuF71XTwRdL45EPH97KC8BHo8Pd?edition_number=83&artwork_number=84&blockchain=ethereum&contract=0xBb12686c360e9057be3CD031140035A705e19ceC&token_id=2439046679443273982118864381573244666655869267&token_id_hash=0xb224c4349b7720bf3257af1308fbd30d5152a6e06235f50875dfd16e732b2adf,previews/71e2bed5-e224-4ead-8fea-88a8cc067dbe/1695225066/_unique-thumbnails/83-large.jpg,ipfs://QmTZzo264kgxBPGMccGBfx2q9J25zAYgyHu9QMJsfAoM6y
0xBb12686c360e9057be3CD031140035A705e19ceC,FeralfileExhibitionV4,Truth,2439046679443273982118864381573244666655869268,2439046679443273982118864381573244666655869268,84,71e2bed5-e224-4ead-8fea-88a8cc067dbe,filum,software,QmQjzvrvZjzNGiqQhTGsiHeTpb9FmEcjCVWxVySf5FANC1/2439046679443273982118864381573244666655869268,previews/71e2bed5-e224-4ead-8fea-88a8cc067dbe/1695225066/index.html?edition_number=84&artwork_number=85&blockchain=ethereum&contract=0xBb12686c360e9057be3CD031140035A705e19ceC&token_id=2439046679443273982118864381573244666655869268&token_id_hash=0xf120b5259059f0eaa0da95fdb270049193ecdeff76143d1170076d7a21cce00f,ipfs://Qma2VZMhsrMjrbCZcJQXuF71XTwRdL45EPH97KC8BHo8Pd?edition_number=84&artwork_number=85&blockchain=ethereum&contract=0xBb12686c360e9057be3CD031140035A705e19ceC&token_id=2439046679443273982118864381573244666655869268&token_id_hash=0xf120b5259059f0eaa0da95fdb270049193ecdeff76143d1170076d7a21cce00f,previews/71e2bed5-e224-4ead-8fea-88a8cc067dbe/1695225066/_unique-thumbnails/84-large.jpg,ipfs://Qmdq3DLgzWNtm9afy1hN6XL8p5Lzs1JqcJAtgJQmd3Uo3b
0xBb12686c360e9057be3CD031140035A705e19ceC,FeralfileExhibitionV4,Truth,2439046679443273982118864381573244666655869269,2439046679443273982118864381573244666655869269,85,71e2bed5-e224-4ead-8fea-88a8cc067dbe,filum,software,QmQjzvrvZjzNGiqQhTGsiHeTpb9FmEcjCVWxVySf5FANC1/2439046679443273982118864381573244666655869269,previews/71e2bed5-e224-4ead-8fea-88a8cc067dbe/1695225066/index.html?edition_number=85&artwork_number=86&blockchain=ethereum&contract=0xBb12686c360e9057be3CD031140035A705e19ceC&token_id=2439046679443273982118864381573244666655869269&token_id_hash=0x5e79fea24d38801c688097745c928973490c4218cc88d5c1860dba2963cf3c34,ipfs://Qma2VZMhsrMjrbCZcJQXuF71XTwRdL45EPH97KC8BHo8Pd?edition_number=85&artwork_number=86&blockchain=ethereum&contract=0xBb12686c360e9057be3CD031140035A705e19ceC&token_id=2439046679443273982118864381573244666655869269&token_id_hash=0x5e79fea24d38801c688097745c928973490c4218cc88d5c1860dba2963cf3c34,previews/71e2bed5-e224-4ead-8fea-88a8cc067dbe/1695225066/_unique-thumbnails/85-large.jpg,ipfs://QmXUb5RVVPicmjzMJmnyeJ2a42itsH8nAcQP1fauZKEZ53
0xBb12686c360e9057be3CD031140035A705e19ceC,FeralfileExhibitionV4,Truth,2439046679443273982118864381573244666655869270,2439046679443273982118864381573244666655869270,86,71e2bed5-e224-4ead-8fea-88a8cc067dbe,filum,software,QmQjzvrvZjzNGiqQhTGsiHeTpb9FmEcjCVWxVySf5FANC1/2439046679443273982118864381573244666655869270,previews/71e2bed5-e224-4ead-8fea-88a8cc067dbe/1695225066/index.html?edition_number=86&artwork_number=87&blockchain=ethereum&contract=0xBb12686c360e9057be3CD031140035A705e19ceC&token_id=2439046679443273982118864381573244666655869270&token_id_hash=0x6cea840869617c12fb6f868f7d5968e9ce5d08255394ccdb0fbf6e743584952d,ipfs://Qma2VZMhsrMjrbCZcJQXuF71XTwRdL45EPH97KC8BHo8Pd?edition_number=86&artwork_number=87&blockchain=ethereum&contract=0xBb12686c360e9057be3CD031140035A705e19ceC&token_id=2439046679443273982118864381573244666655869270&token_id_hash=0x6cea840869617c12fb6f868f7d5968e9ce5d08255394ccdb0fbf6e743584952d,previews/71e2bed5-e224-4ead-8fea-88a8cc067dbe/1695225066/_unique-thumbnails/86-large.jpg,ipfs://QmexYwiq8DKQUwsEBDLLtHYPpjTV5xtZftVVMuq4GS7jMS
0xBb12686c360e9057be3CD031140035A705e19ceC,FeralfileExhibitionV4,Truth,2439046679443273982118864381573244666655869271,2439046679443273982118864381573244666655869271,87,71e2bed5-e224-4ead-8fea-88a8cc067dbe,filum,software,QmQjzvrvZjzNGiqQhTGsiHeTpb9FmEcjCVWxVySf5FANC1/2439046679443273982118864381573244666655869271,previews/71e2bed5-e224-4ead-8fea-88a8cc067dbe/1695225066/index.html?edition_number=87&artwork_number=88&blockchain=ethereum&contract=0xBb12686c360e9057be3CD031140035A705e19ceC&token_id=2439046679443273982118864381573244666655869271&token_id_hash=0x3f5143b7804f7f659cc9f9fe727d2b83ba0efab2768f3a524b7acc2a9505a365,ipfs://Qma2VZMhsrMjrbCZcJQXuF71XTwRdL45EPH97KC8BHo8Pd?edition_number=87&artwork_number=88&blockchain=ethereum&contract=0xBb12686c360e9057be3CD031140035A705e19ceC&token_id=2439046679443273982118864381573244666655869271&token_id_hash=0x3f5143b7804f7f659cc9f9fe727d2b83ba0efab2768f3a524b7acc2a9505a365,previews/71e2bed5-e224-4ead-8fea-88a8cc067dbe/1695225066/_unique-thumbnails/87-large.jpg,ipfs://QmXYcsh8m3fMB87H8znjmbEvqpcciLojbQtH5ELA3aRgxa
0xBb12686c360e9057be3CD031140035A705e19ceC,FeralfileExhibitionV4,Truth,2439046679443273982118864381573244666655869272,2439046679443273982118864381573244666655869272,88,71e2bed5-e224-4ead-8fea-88a8cc067dbe,filum,software,QmQjzvrvZjzNGiqQhTGsiHeTpb9FmEcjCVWxVySf5FANC1/2439046679443273982118864381573244666655869272,previews/71e2bed5-e224-4ead-8fea-88a8cc067dbe/1695225066/index.html?edition_number=88&artwork_number=89&blockchain=ethereum&contract=0xBb12686c360e9057be3CD031140035A705e19ceC&token_id=2439046679443273982118864381573244666655869272&token_id_hash=0x63b154583399fcb4ab777253965ae03faa6b6f9b8b1727144052156ca4099003,ipfs://Qma2VZMhsrMjrbCZcJQXuF71XTwRdL45EPH97KC8BHo8Pd?edition_number=88&artwork_number=89&blockchain=ethereum&contract=0xBb12686c360e9057be3CD031140035A705e19ceC&token_id=2439046679443273982118864381573244666655869272&token_id_hash=0x63b154583399fcb4ab777253965ae03faa6b6f9b8b1727144052156ca4099003,previews/71e2bed5-e224-4ead-8fea-88a8cc067dbe/1695225066/_unique-thumbnails/88-large.jpg,ipfs://QmVSDBE5cFKWFYBbwCgXzaqtFFypx3fyNCRsyDcTQjVXuS
0xBb12686c360e9057be3CD031140035A705e19ceC,FeralfileExhibitionV4,Truth,2439046679443273982118864381573244666655869273,2439046679443273982118864381573244666655869273,89,71e2bed5-e224-4ead-8fea-88a8cc067dbe,filum,software,QmQjzvrvZjzNGiqQhTGsiHeTpb9FmEcjCVWxVySf5FANC1/2439046679443273982118864381573244666655869273,previews/71e2bed5-e224-4ead-8fea-88a8cc067dbe/1695225066/index.html?edition_number=89&artwork_number=90&blockchain=ethereum&contract=0xBb12686c360e9057be3CD031140035A705e19ceC&token_id=2439046679443273982118864381573244666655869273&token_id_hash=0x783038c14ecfbe01b0832945ac3b08da17d24da4f5ca63bd3b85e1c3d0885b10,ipfs://Qma2VZMhsrMjrbCZcJQXuF71XTwRdL45EPH97KC8BHo8Pd?edition_number=89&artwork_number=90&blockchain=ethereum&contract=0xBb12686c360e9057be3CD031140035A705e19ceC&token_id=2439046679443273982118864381573244666655869273&token_id_hash=0x783038c14ecfbe01b0832945ac3b08da17d24da4f5ca63bd3b85e1c3d0885b10,previews/71e2bed5-e224-4ead-8fea-88a8cc067dbe/1695225066/_unique-thumbnails/89-large.jpg,ipfs://QmZFUmxY1Pcjq6j1te56bUVaDTCrd9ujYPZagBjSzVxEcZ
0xBb12686c360e9057be3CD031140035A705e19ceC,FeralfileExhibitionV4,Truth,2439046679443273982118864381573244666655869274,2439046679443273982118864381573244666655869274,90,71e2bed5-e224-4ead-8fea-88a8cc067dbe,filum,software,QmQjzvrvZjzNGiqQhTGsiHeTpb9FmEcjCVWxVySf5FANC1/2439046679443273982118864381573244666655869274,previews/71e2bed5-e224-4ead-8fea-88a8cc067dbe/1695225066/index.html?edition_number=90&artwork_number=91&blockchain=ethereum&contract=0xBb12686c360e9057be3CD031140035A705e19ceC&token_id=2439046679443273982118864381573244666655869274&token_id_hash=0xd4c8549c14fbb3115e23e3caf18d22ea738d9604e449b47a3468e802aae1f559,ipfs://Qma2VZMhsrMjrbCZcJQXuF71XTwRdL45EPH97KC8BHo8Pd?edition_number=90&artwork_number=91&blockchain=ethereum&contract=0xBb12686c360e9057be3CD031140035A705e19ceC&token_id=2439046679443273982118864381573244666655869274&token_id_hash=0xd4c8549c14fbb3115e23e3caf18d22ea738d9604e449b47a3468e802aae1f559,previews/71e2bed5-e224-4ead-8fea-88a8cc067dbe/1695225066/_unique-thumbnails/90-large.jpg,ipfs://QmZQzSccuFybKimEg97abry3RoZtfdigJipj25SpCZBjTn
0xBb12686c360e9057be3CD031140035A705e19ceC,FeralfileExhibitionV4,Truth,2439046679443273982118864381573244666655869275,2439046679443273982118864381573244666655869275,91,71e2bed5-e224-4ead-8fea-88a8cc067dbe,filum,software,QmQjzvrvZjzNGiqQhTGsiHeTpb9FmEcjCVWxVySf5FANC1/2439046679443273982118864381573244666655869275,previews/71e2bed5-e224-4ead-8fea-88a8cc067dbe/1695225066/index.html?edition_number=91&artwork_number=92&blockchain=ethereum&contract=0xBb12686c360e9057be3CD031140035A705e19ceC&token_id=2439046679443273982118864381573244666655869275&token_id_hash=0xdc684c37fd001302003a6dadb320097341014c5c59ed02ff6320127b17622ccf,ipfs://Qma2VZMhsrMjrbCZcJQXuF71XTwRdL45EPH97KC8BHo8Pd?edition_number=91&artwork_number=92&blockchain=ethereum&contract=0xBb12686c360e9057be3CD031140035A705e19ceC&token_id=2439046679443273982118864381573244666655869275&token_id_hash=0xdc684c37fd001302003a6dadb320097341014c5c59ed02ff6320127b17622ccf,previews/71e2bed5-e224-4ead-8fea-88a8cc067dbe/1695225066/_unique-thumbnails/91-large.jpg,ipfs://QmQ7rVdckjEgvEjNFLdJNkd8iHugA1YQp4uU7ZNdqysWvB
0xBb12686c360e9057be3CD031140035A705e19ceC,FeralfileExhibitionV4,Truth,2439046679443273982118864381573244666655869276,2439046679443273982118864381573244666655869276,92,71e2bed5-e224-4ead-8fea-88a8cc067dbe,filum,software,QmQjzvrvZjzNGiqQhTGsiHeTpb9FmEcjCVWxVySf5FANC1/2439046679443273982118864381573244666655869276,previews/71e2bed5-e224-4ead-8fea-88a8cc067dbe/1695225066/index.html?edition_number=92&artwork_number=93&blockchain=ethereum&contract=0xBb12686c360e9057be3CD031140035A705e19ceC&token_id=2439046679443273982118864381573244666655869276&token_id_hash=0xc20ce1ee8fb086d3bc3cd1e56424546f2571e01264ed5c78a3077ce628976445,ipfs://Qma2VZMhsrMjrbCZcJQXuF71XTwRdL45EPH97KC8BHo8Pd?edition_number=92&artwork_number=93&blockchain=ethereum&contract=0xBb12686c360e9057be3CD031140035A705e19ceC&token_id=2439046679443273982118864381573244666655869276&token_id_hash=0xc20ce1ee8fb086d3bc3cd1e56424546f2571e01264ed5c78a3077ce628976445,previews/71e2bed5-e224-4ead-8fea-88a8cc067dbe/1695225066/_unique-thumbnails/92-large.jpg,ipfs://QmQCqQC2vCscS1XNC1KhpSCJL1jUtKvhxjHHWtheHUKGVC
0xBb12686c360e9057be3CD031140035A705e19ceC,FeralfileExhibitionV4,Truth,2439046679443273982118864381573244666655869277,2439046679443273982118864381573244666655869277,93,71e2bed5-e224-4ead-8fea-88a8cc067dbe,filum,software,QmQjzvrvZjzNGiqQhTGsiHeTpb9FmEcjCVWxVySf5FANC1/2439046679443273982118864381573244666655869277,previews/71e2bed5-e224-4ead-8fea-88a8cc067dbe/1695225066/index.html?edition_number=93&artwork_number=94&blockchain=ethereum&contract=0xBb12686c360e9057be3CD031140035A705e19ceC&token_id=2439046679443273982118864381573244666655869277&token_id_hash=0x3e68865afe473d55225a6b82b3a51b77ae458d4dbee4f8fcfa936700e58c0ef4,ipfs://Qma2VZMhsrMjrbCZcJQXuF71XTwRdL45EPH97KC8BHo8Pd?edition_number=93&artwork_number=94&blockchain=ethereum&contract=0xBb12686c360e9057be3CD031140035A705e19ceC&token_id=2439046679443273982118864381573244666655869277&token_id_hash=0x3e68865afe473d55225a6b82b3a51b77ae458d4dbee4f8fcfa936700e58c0ef4,previews/71e2bed5-e224-4ead-8fea-88a8cc067dbe/1695225066/_unique-thumbnails/93-large.jpg,ipfs://QmbxGcazzgKE1JmV2eX6z4vkS7xYcL5wWcTafCj3HKejmX
0xBb12686c360e9057be3CD031140035A705e19ceC,FeralfileExhibitionV4,Truth,2439046679443273982118864381573244666655869278,2439046679443273982118864381573244666655869278,94,71e2bed5-e224-4ead-8fea-88a8cc067dbe,filum,software,QmQjzvrvZjzNGiqQhTGsiHeTpb9FmEcjCVWxVySf5FANC1/2439046679443273982118864381573244666655869278,previews/71e2bed5-e224-4ead-8fea-88a8cc067dbe/1695225066/index.html?edition_number=94&artwork_number=95&blockchain=ethereum&contract=0xBb12686c360e9057be3CD031140035A705e19ceC&token_id=2439046679443273982118864381573244666655869278&token_id_hash=0x135ce941375749e118c484e73ec075102774ee9e224683d595a3af86b64d8054,ipfs://Qma2VZMhsrMjrbCZcJQXuF71XTwRdL45EPH97KC8BHo8Pd?edition_number=94&artwork_number=95&blockchain=ethereum&contract=0xBb12686c360e9057be3CD031140035A705e19ceC&token_id=2439046679443273982118864381573244666655869278&token_id_hash=0x135ce941375749e118c484e73ec075102774ee9e224683d595a3af86b64d8054,previews/71e2bed5-e224-4ead-8fea-88a8cc067dbe/1695225066/_unique-thumbnails/94-large.jpg,ipfs://QmTe8pvdXiMRVFyjmwjCn9yKQa5L8SZe1Dg9muiV3mTN6r
0xBb12686c360e9057be3CD031140035A705e19ceC,FeralfileExhibitionV4,Truth,2439046679443273982118864381573244666655869279,2439046679443273982118864381573244666655869279,95,71e2bed5-e224-4ead-8fea-88a8cc067dbe,filum,software,QmQjzvrvZjzNGiqQhTGsiHeTpb9FmEcjCVWxVySf5FANC1/2439046679443273982118864381573244666655869279,previews/71e2bed5-e224-4ead-8fea-88a8cc067dbe/1695225066/index.html?edition_number=95&artwork_number=96&blockchain=ethereum&contract=0xBb12686c360e9057be3CD031140035A705e19ceC&token_id=2439046679443273982118864381573244666655869279&token_id_hash=0x9c4c670061756a6c7f83ad61d6a5e19f876337b7c964ff399771eed40122fcbe,ipfs://Qma2VZMhsrMjrbCZcJQXuF71XTwRdL45EPH97KC8BHo8Pd?edition_number=95&artwork_number=96&blockchain=ethereum&contract=0xBb12686c360e9057be3CD031140035A705e19ceC&token_id=2439046679443273982118864381573244666655869279&token_id_hash=0x9c4c670061756a6c7f83ad61d6a5e19f876337b7c964ff399771eed40122fcbe,previews/71e2bed5-e224-4ead-8fea-88a8cc067dbe/1695225066/_unique-thumbnails/95-large.jpg,ipfs://QmSEzFonwzJkWb3vTgqoNbZy8Sr1HQFFtENxfUgDNVdXLm
0xBb12686c360e9057be3CD031140035A705e19ceC,FeralfileExhibitionV4,Truth,2439046679443273982118864381573244666655869280,2439046679443273982118864381573244666655869280,96,71e2bed5-e224-4ead-8fea-88a8cc067dbe,filum,software,QmQjzvrvZjzNGiqQhTGsiHeTpb9FmEcjCVWxVySf5FANC1/2439046679443273982118864381573244666655869280,previews/71e2bed5-e224-4ead-8fea-88a8cc067dbe/1695225066/index.html?edition_number=96&artwork_number=97&blockchain=ethereum&contract=0xBb12686c360e9057be3CD031140035A705e19ceC&token_id=2439046679443273982118864381573244666655869280&token_id_hash=0xfbf75f921b5d5155d16b39abe9773c805b8db1e156f6d64b021f6ca1ea5609bb,ipfs://Qma2VZMhsrMjrbCZcJQXuF71XTwRdL45EPH97KC8BHo8Pd?edition_number=96&artwork_number=97&blockchain=ethereum&contract=0xBb12686c360e9057be3CD031140035A705e19ceC&token_id=2439046679443273982118864381573244666655869280&token_id_hash=0xfbf75f921b5d5155d16b39abe9773c805b8db1e156f6d64b021f6ca1ea5609bb,previews/71e2bed5-e224-4ead-8fea-88a8cc067dbe/1695225066/_unique-thumbnails/96-large.jpg,ipfs://QmY6ukjPrqjBTj8MEH5vZJEpUj1NmfayseFMZcKoBrMTKT
0xBb12686c360e9057be3CD031140035A705e19ceC,FeralfileExhibitionV4,Truth,2439046679443273982118864381573244666655869281,2439046679443273982118864381573244666655869281,97,71e2bed5-e224-4ead-8fea-88a8cc067dbe,filum,software,QmQjzvrvZjzNGiqQhTGsiHeTpb9FmEcjCVWxVySf5FANC1/2439046679443273982118864381573244666655869281,previews/71e2bed5-e224-4ead-8fea-88a8cc067dbe/1695225066/index.html?edition_number=97&artwork_number=98&blockchain=ethereum&contract=0xBb12686c360e9057be3CD031140035A705e19ceC&token_id=2439046679443273982118864381573244666655869281&token_id_hash=0xc9281f58dfaedddad71178cb53d2377c20232714932eed911df7b7ef271aeba5,ipfs://Qma2VZMhsrMjrbCZcJQXuF71XTwRdL45EPH97KC8BHo8Pd?edition_number=97&artwork_number=98&blockchain=ethereum&contract=0xBb12686c360e9057be3CD031140035A705e19ceC&token_id=2439046679443273982118864381573244666655869281&token_id_hash=0xc9281f58dfaedddad71178cb53d2377c20232714932eed911df7b7ef271aeba5,previews/71e2bed5-e224-4ead-8fea-88a8cc067dbe/1695225066/_unique-thumbnails/97-large.jpg,ipfs://QmSoPAnTckCgKgPsBdnUPGwLDk3QBW5t5o4GRjTVdtDcmK
0xBb12686c360e9057be3CD031140035A705e19ceC,FeralfileExhibitionV4,Truth,2439046679443273982118864381573244666655869282,2439046679443273982118864381573244666655869282,98,71e2bed5-e224-4ead-8fea-88a8cc067dbe,filum,software,QmQjzvrvZjzNGiqQhTGsiHeTpb9FmEcjCVWxVySf5FANC1/2439046679443273982118864381573244666655869282,previews/71e2bed5-e224-4ead-8fea-88a8cc067dbe/1695225066/index.html?edition_number=98&artwork_number=99&blockchain=ethereum&contract=0xBb12686c360e9057be3CD031140035A705e19ceC&token_id=2439046679443273982118864381573244666655869282&token_id_hash=0x380e6a0fea75c1d1da99bc312bc6bb9b43f32e469c1c8e02df289a486da32ef0,ipfs://Qma2VZMhsrMjrbCZcJQXuF71XTwRdL45EPH97KC8BHo8Pd?edition_number=98&artwork_number=99&blockchain=ethereum&contract=0xBb12686c360e9057be3CD031140035A705e19ceC&token_id=2439046679443273982118864381573244666655869282&token_id_hash=0x380e6a0fea75c1d1da99bc312bc6bb9b43f32e469c1c8e02df289a486da32ef0,previews/71e2bed5-e224-4ead-8fea-88a8cc067dbe/1695225066/_unique-thumbnails/98-large.jpg,ipfs://Qmba3XejUxVCTmHvyPnJ16xxJ3KUnJDGSXFrGVLJHEdGJj
0xBb12686c360e9057be3CD031140035A705e19ceC,FeralfileExhibitionV4,Truth,2439046679443273982118864381573244666655869283,2439046679443273982118864381573244666655869283,99,71e2bed5-e224-4ead-8fea-88a8cc067dbe,filum,software,QmQjzvrvZjzNGiqQhTGsiHeTpb9FmEcjCVWxVySf5FANC1/2439046679443273982118864381573244666655869283,previews/71e2bed5-e224-4ead-8fea-88a8cc067dbe/1695225066/index.html?edition_number=99&artwork_number=100&blockchain=ethereum&contract=0xBb12686c360e9057be3CD031140035A705e19ceC&token_id=2439046679443273982118864381573244666655869283&token_id_hash=0xfd0658437555b2cca927fde6319ebb4a9e2b5762949ffe2dd6929b01e569b78b,ipfs://Qma2VZMhsrMjrbCZcJQXuF71XTwRdL45EPH97KC8BHo8Pd?edition_number=99&artwork_number=100&blockchain=ethereum&contract=0xBb12686c360e9057be3CD031140035A705e19ceC&token_id=2439046679443273982118864381573244666655869283&token_id_hash=0xfd0658437555b2cca927fde6319ebb4a9e2b5762949ffe2dd6929b01e569b78b,previews/71e2bed5-e224-4ead-8fea-88a8cc067dbe/1695225066/_unique-thumbnails/99-large.jpg,ipfs://QmYkGigv1grF7WSeHGUyfykJbMoWBGLvTAwNbUndPMnmK3
0xBb12686c360e9057be3CD031140035A705e19ceC,FeralfileExhibitionV4,Truth,2439046679443273982118864381573244666655869284,2439046679443273982118864381573244666655869284,100,71e2bed5-e224-4ead-8fea-88a8cc067dbe,filum,software,QmQjzvrvZjzNGiqQhTGsiHeTpb9FmEcjCVWxVySf5FANC1/2439046679443273982118864381573244666655869284,previews/71e2bed5-e224-4ead-8fea-88a8cc067dbe/1695225066/index.html?edition_number=100&artwork_number=101&blockchain=ethereum&contract=0xBb12686c360e9057be3CD031140035A705e19ceC&token_id=2439046679443273982118864381573244666655869284&token_id_hash=0x9e51864e259983fa40ce2927e1fbe8ad4ac56b46efd6c5eaeac41ffd23ce55e8,ipfs://Qma2VZMhsrMjrbCZcJQXuF71XTwRdL45EPH97KC8BHo8Pd?edition_number=100&artwork_number=101&blockchain=ethereum&contract=0xBb12686c360e9057be3CD031140035A705e19ceC&token_id=2439046679443273982118864381573244666655869284&token_id_hash=0x9e51864e259983fa40ce2927e1fbe8ad4ac56b46efd6c5eaeac41ffd23ce55e8,previews/71e2bed5-e224-4ead-8fea-88a8cc067dbe/1695225066/_unique-thumbnails/100-large.jpg,ipfs://QmWK33ujqewtex6MmXf2ctsBt8UyBdHVtzdkRqUDWHey5c
0xBb12686c360e9057be3CD031140035A705e19ceC,FeralfileExhibitionV4,Truth,2439046679443273982118864381573244666655869285,2439046679443273982118864381573244666655869285,101,71e2bed5-e224-4ead-8fea-88a8cc067dbe,filum,software,QmQjzvrvZjzNGiqQhTGsiHeTpb9FmEcjCVWxVySf5FANC1/2439046679443273982118864381573244666655869285,previews/71e2bed5-e224-4ead-8fea-88a8cc067dbe/1695225066/index.html?edition_number=101&artwork_number=102&blockchain=ethereum&contract=0xBb12686c360e9057be3CD031140035A705e19ceC&token_id=2439046679443273982118864381573244666655869285&token_id_hash=0xb0479f4f276b4045ba529fb42a1adfc8425bfa0c0450f55fcefe5ea382760d08,ipfs://Qma2VZMhsrMjrbCZcJQXuF71XTwRdL45EPH97KC8BHo8Pd?edition_number=101&artwork_number=102&blockchain=ethereum&contract=0xBb12686c360e9057be3CD031140035A705e19ceC&token_id=2439046679443273982118864381573244666655869285&token_id_hash=0xb0479f4f276b4045ba529fb42a1adfc8425bfa0c0450f55fcefe5ea382760d08,previews/71e2bed5-e224-4ead-8fea-88a8cc067dbe/1695225066/_unique-thumbnails/101-large.jpg,ipfs://QmZVAjwvSivctUbyJhSU79rSL3ux9GweViGZ7W59SiNE1o
0xBb12686c360e9057be3CD031140035A705e19ceC,FeralfileExhibitionV4,Truth,2439046679443273982118864381573244666655869286,2439046679443273982118864381573244666655869286,102,71e2bed5-e224-4ead-8fea-88a8cc067dbe,filum,software,QmQjzvrvZjzNGiqQhTGsiHeTpb9FmEcjCVWxVySf5FANC1/2439046679443273982118864381573244666655869286,previews/71e2bed5-e224-4ead-8fea-88a8cc067dbe/1695225066/index.html?edition_number=102&artwork_number=103&blockchain=ethereum&contract=0xBb12686c360e9057be3CD031140035A705e19ceC&token_id=2439046679443273982118864381573244666655869286&token_id_hash=0xf6df7d83bb8b2cf7d7ee5944461f2be02e3b69f185b6f690871873f216d57d54,ipfs://Qma2VZMhsrMjrbCZcJQXuF71XTwRdL45EPH97KC8BHo8Pd?edition_number=102&artwork_number=103&blockchain=ethereum&contract=0xBb12686c360e9057be3CD031140035A705e19ceC&token_id=2439046679443273982118864381573244666655869286&token_id_hash=0xf6df7d83bb8b2cf7d7ee5944461f2be02e3b69f185b6f690871873f216d57d54,previews/71e2bed5-e224-4ead-8fea-88a8cc067dbe/1695225066/_unique-thumbnails/102-large.jpg,ipfs://QmXyDyohsu3Xyh3EhgF9PUGbp2U86Ha9n5ssGTTotJEzpT
0xBb12686c360e9057be3CD031140035A705e19ceC,FeralfileExhibitionV4,Truth,2439046679443273982118864381573244666655869287,2439046679443273982118864381573244666655869287,103,71e2bed5-e224-4ead-8fea-88a8cc067dbe,filum,software,QmQjzvrvZjzNGiqQhTGsiHeTpb9FmEcjCVWxVySf5FANC1/2439046679443273982118864381573244666655869287,previews/71e2bed5-e224-4ead-8fea-88a8cc067dbe/1695225066/index.html?edition_number=103&artwork_number=104&blockchain=ethereum&contract=0xBb12686c360e9057be3CD031140035A705e19ceC&token_id=2439046679443273982118864381573244666655869287&token_id_hash=0x8534e126422b76204c983ae33c67b21d1911976d23a25ec6456e6fa2abd3ed20,ipfs://Qma2VZMhsrMjrbCZcJQXuF71XTwRdL45EPH97KC8BHo8Pd?edition_number=103&artwork_number=104&blockchain=ethereum&contract=0xBb12686c360e9057be3CD031140035A705e19ceC&token_id=2439046679443273982118864381573244666655869287&token_id_hash=0x8534e126422b76204c983ae33c67b21d1911976d23a25ec6456e6fa2abd3ed20,previews/71e2bed5-e224-4ead-8fea-88a8cc067dbe/1695225066/_unique-thumbnails/103-large.jpg,ipfs://QmReU6G9RvJF96EBGaCmqHGLd5AUCUAw6T8gGZ2WztpbFn
0xBb12686c360e9057be3CD031140035A705e19ceC,FeralfileExhibitionV4,Truth,2439046679443273982118864381573244666655869288,2439046679443273982118864381573244666655869288,104,71e2bed5-e224-4ead-8fea-88a8cc067dbe,filum,software,QmQjzvrvZjzNGiqQhTGsiHeTpb9FmEcjCVWxVySf5FANC1/2439046679443273982118864381573244666655869288,previews/71e2bed5-e224-4ead-8fea-88a8cc067dbe/1695225066/index.html?edition_number=104&artwork_number=105&blockchain=ethereum&contract=0xBb12686c360e9057be3CD031140035A705e19ceC&token_id=2439046679443273982118864381573244666655869288&token_id_hash=0x63e196a34bf78f1a92c4de5fcfc2c8a1bb4d6742ae4117e35504f9c245c289c3,ipfs://Qma2VZMhsrMjrbCZcJQXuF71XTwRdL45EPH97KC8BHo8Pd?edition_number=104&artwork_number=105&blockchain=ethereum&contract=0xBb12686c360e9057be3CD031140035A705e19ceC&token_id=2439046679443273982118864381573244666655869288&token_id_hash=0x63e196a34bf78f1a92c4de5fcfc2c8a1bb4d6742ae4117e35504f9c245c289c3,previews/71e2bed5-e224-4ead-8fea-88a8cc067dbe/1695225066/_unique-thumbnails/104-large.jpg,ipfs://QmPuDX1fdCLT4UzAKy8LAvUtxvcgPDoPi9xsZMFHJinakT
0xBb12686c360e9057be3CD031140035A705e19ceC,FeralfileExhibitionV4,Truth,2439046679443273982118864381573244666655869289,2439046679443273982118864381573244666655869289,105,71e2bed5-e224-4ead-8fea-88a8cc067dbe,filum,software,QmQjzvrvZjzNGiqQhTGsiHeTpb9FmEcjCVWxVySf5FANC1/2439046679443273982118864381573244666655869289,previews/71e2bed5-e224-4ead-8fea-88a8cc067dbe/1695225066/index.html?edition_number=105&artwork_number=106&blockchain=ethereum&contract=0xBb12686c360e9057be3CD031140035A705e19ceC&token_id=2439046679443273982118864381573244666655869289&token_id_hash=0xbb87d93541de95afa7651c3ff20b439bc948a3eb9e79d7b9cb7e394d323217e9,ipfs://Qma2VZMhsrMjrbCZcJQXuF71XTwRdL45EPH97KC8BHo8Pd?edition_number=105&artwork_number=106&blockchain=ethereum&contract=0xBb12686c360e9057be3CD031140035A705e19ceC&token_id=2439046679443273982118864381573244666655869289&token_id_hash=0xbb87d93541de95afa7651c3ff20b439bc948a3eb9e79d7b9cb7e394d323217e9,previews/71e2bed5-e224-4ead-8fea-88a8cc067dbe/1695225066/_unique-thumbnails/105-large.jpg,ipfs://Qmbt36W6pFiwaMqnxE8fqrNKtLYLjVNsoMEbRu1ZrLTSPi
0xBb12686c360e9057be3CD031140035A705e19ceC,FeralfileExhibitionV4,Truth,2439046679443273982118864381573244666655869290,2439046679443273982118864381573244666655869290,106,71e2bed5-e224-4ead-8fea-88a8cc067dbe,filum,software,QmQjzvrvZjzNGiqQhTGsiHeTpb9FmEcjCVWxVySf5FANC1/2439046679443273982118864381573244666655869290,previews/71e2bed5-e224-4ead-8fea-88a8cc067dbe/1695225066/index.html?edition_number=106&artwork_number=107&blockchain=ethereum&contract=0xBb12686c360e9057be3CD031140035A705e19ceC&token_id=2439046679443273982118864381573244666655869290&token_id_hash=0x557e9adb4c46534311d7f31499e4e71d6efa1214f55fbc2d46073301704d1c87,ipfs://Qma2VZMhsrMjrbCZcJQXuF71XTwRdL45EPH97KC8BHo8Pd?edition_number=106&artwork_number=107&blockchain=ethereum&contract=0xBb12686c360e9057be3CD031140035A705e19ceC&token_id=2439046679443273982118864381573244666655869290&token_id_hash=0x557e9adb4c46534311d7f31499e4e71d6efa1214f55fbc2d46073301704d1c87,previews/71e2bed5-e224-4ead-8fea-88a8cc067dbe/1695225066/_unique-thumbnails/106-large.jpg,ipfs://QmVM5iQxCMGbYoYyiLz8GaHhRHE29phGa8dV5V6KYBdQsr
0xBb12686c360e9057be3CD031140035A705e19ceC,FeralfileExhibitionV4,Truth,2439046679443273982118864381573244666655869291,2439046679443273982118864381573244666655869291,107,71e2bed5-e224-4ead-8fea-88a8cc067dbe,filum,software,QmQjzvrvZjzNGiqQhTGsiHeTpb9FmEcjCVWxVySf5FANC1/2439046679443273982118864381573244666655869291,previews/71e2bed5-e224-4ead-8fea-88a8cc067dbe/1695225066/index.html?edition_number=107&artwork_number=108&blockchain=ethereum&contract=0xBb12686c360e9057be3CD031140035A705e19ceC&token_id=2439046679443273982118864381573244666655869291&token_id_hash=0x958f372765486f54e36325dbb797d6f2a36fededc344a63f2c659b1e56da11a7,ipfs://Qma2VZMhsrMjrbCZcJQXuF71XTwRdL45EPH97KC8BHo8Pd?edition_number=107&artwork_number=108&blockchain=ethereum&contract=0xBb12686c360e9057be3CD031140035A705e19ceC&token_id=2439046679443273982118864381573244666655869291&token_id_hash=0x958f372765486f54e36325dbb797d6f2a36fededc344a63f2c659b1e56da11a7,previews/71e2bed5-e224-4ead-8fea-88a8cc067dbe/1695225066/_unique-thumbnails/107-large.jpg,ipfs://QmXi2EDdtn2LrqQ6beNk2LicmjzhXRrKuvZjDmPhchY5fW
0xBb12686c360e9057be3CD031140035A705e19ceC,FeralfileExhibitionV4,Truth,2439046679443273982118864381573244666655869292,2439046679443273982118864381573244666655869292,108,71e2bed5-e224-4ead-8fea-88a8cc067dbe,filum,software,QmQjzvrvZjzNGiqQhTGsiHeTpb9FmEcjCVWxVySf5FANC1/2439046679443273982118864381573244666655869292,previews/71e2bed5-e224-4ead-8fea-88a8cc067dbe/1695225066/index.html?edition_number=108&artwork_number=109&blockchain=ethereum&contract=0xBb12686c360e9057be3CD031140035A705e19ceC&token_id=2439046679443273982118864381573244666655869292&token_id_hash=0x96d7b4efca39c8de155a5786baab230d7cacff9220b0a5b59ffa23dde996acde,ipfs://Qma2VZMhsrMjrbCZcJQXuF71XTwRdL45EPH97KC8BHo8Pd?edition_number=108&artwork_number=109&blockchain=ethereum&contract=0xBb12686c360e9057be3CD031140035A705e19ceC&token_id=2439046679443273982118864381573244666655869292&token_id_hash=0x96d7b4efca39c8de155a5786baab230d7cacff9220b0a5b59ffa23dde996acde,previews/71e2bed5-e224-4ead-8fea-88a8cc067dbe/1695225066/_unique-thumbnails/108-large.jpg,ipfs://QmcqCgij3EFZeHAmJszPH1cbtdAQSkVmDre7sdjE9Py6NY
0xBb12686c360e9057be3CD031140035A705e19ceC,FeralfileExhibitionV4,Truth,2439046679443273982118864381573244666655869293,2439046679443273982118864381573244666655869293,109,71e2bed5-e224-4ead-8fea-88a8cc067dbe,filum,software,QmQjzvrvZjzNGiqQhTGsiHeTpb9FmEcjCVWxVySf5FANC1/2439046679443273982118864381573244666655869293,previews/71e2bed5-e224-4ead-8fea-88a8cc067dbe/1695225066/index.html?edition_number=109&artwork_number=110&blockchain=ethereum&contract=0xBb12686c360e9057be3CD031140035A705e19ceC&token_id=2439046679443273982118864381573244666655869293&token_id_hash=0xac32b425e937d3b09b32e3fcda758438f0954ffc5e1f44efc8c3b31431e828f9,ipfs://Qma2VZMhsrMjrbCZcJQXuF71XTwRdL45EPH97KC8BHo8Pd?edition_number=109&artwork_number=110&blockchain=ethereum&contract=0xBb12686c360e9057be3CD031140035A705e19ceC&token_id=2439046679443273982118864381573244666655869293&token_id_hash=0xac32b425e937d3b09b32e3fcda758438f0954ffc5e1f44efc8c3b31431e828f9,previews/71e2bed5-e224-4ead-8fea-88a8cc067dbe/1695225066/_unique-thumbnails/109-large.jpg,ipfs://QmVvA9KjmmYwgWQxwEAJBnpgJBTvsKLEEBQmsLtboHsMU7
0xBb12686c360e9057be3CD031140035A705e19ceC,FeralfileExhibitionV4,Truth,2439046679443273982118864381573244666655869294,2439046679443273982118864381573244666655869294,110,71e2bed5-e224-4ead-8fea-88a8cc067dbe,filum,software,QmQjzvrvZjzNGiqQhTGsiHeTpb9FmEcjCVWxVySf5FANC1/2439046679443273982118864381573244666655869294,previews/71e2bed5-e224-4ead-8fea-88a8cc067dbe/1695225066/index.html?edition_number=110&artwork_number=111&blockchain=ethereum&contract=0xBb12686c360e9057be3CD031140035A705e19ceC&token_id=2439046679443273982118864381573244666655869294&token_id_hash=0xbd747c6baf045a86ae23520dd832edae7b585782f5a7775dd51fb0c02e10b366,ipfs://Qma2VZMhsrMjrbCZcJQXuF71XTwRdL45EPH97KC8BHo8Pd?edition_number=110&artwork_number=111&blockchain=ethereum&contract=0xBb12686c360e9057be3CD031140035A705e19ceC&token_id=2439046679443273982118864381573244666655869294&token_id_hash=0xbd747c6baf045a86ae23520dd832edae7b585782f5a7775dd51fb0c02e10b366,previews/71e2bed5-e224-4ead-8fea-88a8cc067dbe/1695225066/_unique-thumbnails/110-large.jpg,ipfs://Qma8qybsRatTg4438PSH4xoB59DQ9T88aSyfivNLjiL6ub
0xBb12686c360e9057be3CD031140035A705e19ceC,FeralfileExhibitionV4,Truth,2439046679443273982118864381573244666655869295,2439046679443273982118864381573244666655869295,111,71e2bed5-e224-4ead-8fea-88a8cc067dbe,filum,software,QmQjzvrvZjzNGiqQhTGsiHeTpb9FmEcjCVWxVySf5FANC1/2439046679443273982118864381573244666655869295,previews/71e2bed5-e224-4ead-8fea-88a8cc067dbe/1695225066/index.html?edition_number=111&artwork_number=112&blockchain=ethereum&contract=0xBb12686c360e9057be3CD031140035A705e19ceC&token_id=2439046679443273982118864381573244666655869295&token_id_hash=0xaaf443b14b646cc4fd62b91adef68b485ddecfd4a66670ab3f54b45cbca7411f,ipfs://Qma2VZMhsrMjrbCZcJQXuF71XTwRdL45EPH97KC8BHo8Pd?edition_number=111&artwork_number=112&blockchain=ethereum&contract=0xBb12686c360e9057be3CD031140035A705e19ceC&token_id=2439046679443273982118864381573244666655869295&token_id_hash=0xaaf443b14b646cc4fd62b91adef68b485ddecfd4a66670ab3f54b45cbca7411f,previews/71e2bed5-e224-4ead-8fea-88a8cc067dbe/1695225066/_unique-thumbnails/111-large.jpg,ipfs://QmT7zQVVCNBL1JAnqrwyBMAYGeCZM13wXnj9PaqG9ivuAc
0xBb12686c360e9057be3CD031140035A705e19ceC,FeralfileExhibitionV4,Truth,2439046679443273982118864381573244666655869296,2439046679443273982118864381573244666655869296,112,71e2bed5-e224-4ead-8fea-88a8cc067dbe,filum,software,QmQjzvrvZjzNGiqQhTGsiHeTpb9FmEcjCVWxVySf5FANC1/2439046679443273982118864381573244666655869296,previews/71e2bed5-e224-4ead-8fea-88a8cc067dbe/1695225066/index.html?edition_number=112&artwork_number=113&blockchain=ethereum&contract=0xBb12686c360e9057be3CD031140035A705e19ceC&token_id=2439046679443273982118864381573244666655869296&token_id_hash=0xdd0da50a0acb144b4404f20b4687b974683023d553d0588efdf5e1b8f9a464af,ipfs://Qma2VZMhsrMjrbCZcJQXuF71XTwRdL45EPH97KC8BHo8Pd?edition_number=112&artwork_number=113&blockchain=ethereum&contract=0xBb12686c360e9057be3CD031140035A705e19ceC&token_id=2439046679443273982118864381573244666655869296&token_id_hash=0xdd0da50a0acb144b4404f20b4687b974683023d553d0588efdf5e1b8f9a464af,previews/71e2bed5-e224-4ead-8fea-88a8cc067dbe/1695225066/_unique-thumbnails/112-large.jpg,ipfs://QmQdxgUbbDx5QZgAFDfhRzG6jxMYUKGZkEYnG83eKdZqje
0xBb12686c360e9057be3CD031140035A705e19ceC,FeralfileExhibitionV4,Truth,2439046679443273982118864381573244666655869297,2439046679443273982118864381573244666655869297,113,71e2bed5-e224-4ead-8fea-88a8cc067dbe,filum,software,QmQjzvrvZjzNGiqQhTGsiHeTpb9FmEcjCVWxVySf5FANC1/2439046679443273982118864381573244666655869297,previews/71e2bed5-e224-4ead-8fea-88a8cc067dbe/1695225066/index.html?edition_number=113&artwork_number=114&blockchain=ethereum&contract=0xBb12686c360e9057be3CD031140035A705e19ceC&token_id=2439046679443273982118864381573244666655869297&token_id_hash=0x339e69ab8144248c724eb0acd06d5cc2c18d3ce50e70eca23c319a9b2fbf28c2,ipfs://Qma2VZMhsrMjrbCZcJQXuF71XTwRdL45EPH97KC8BHo8Pd?edition_number=113&artwork_number=114&blockchain=ethereum&contract=0xBb12686c360e9057be3CD031140035A705e19ceC&token_id=2439046679443273982118864381573244666655869297&token_id_hash=0x339e69ab8144248c724eb0acd06d5cc2c18d3ce50e70eca23c319a9b2fbf28c2,previews/71e2bed5-e224-4ead-8fea-88a8cc067dbe/1695225066/_unique-thumbnails/113-large.jpg,ipfs://QmbhMs6MYZkFGuqB4L1qyGN6WYeHWX3zfBrmn8nHiEVwJh
0xBb12686c360e9057be3CD031140035A705e19ceC,FeralfileExhibitionV4,Truth,2439046679443273982118864381573244666655869298,2439046679443273982118864381573244666655869298,114,71e2bed5-e224-4ead-8fea-88a8cc067dbe,filum,software,QmQjzvrvZjzNGiqQhTGsiHeTpb9FmEcjCVWxVySf5FANC1/2439046679443273982118864381573244666655869298,previews/71e2bed5-e224-4ead-8fea-88a8cc067dbe/1695225066/index.html?edition_number=114&artwork_number=115&blockchain=ethereum&contract=0xBb12686c360e9057be3CD031140035A705e19ceC&token_id=2439046679443273982118864381573244666655869298&token_id_hash=0xfbdb2198f9b3f4b1a7e2a0d260470b0012fd85508c6114789fad5c1dc433b33e,ipfs://Qma2VZMhsrMjrbCZcJQXuF71XTwRdL45EPH97KC8BHo8Pd?edition_number=114&artwork_number=115&blockchain=ethereum&contract=0xBb12686c360e9057be3CD031140035A705e19ceC&token_id=2439046679443273982118864381573244666655869298&token_id_hash=0xfbdb2198f9b3f4b1a7e2a0d260470b0012fd85508c6114789fad5c1dc433b33e,previews/71e2bed5-e224-4ead-8fea-88a8cc067dbe/1695225066/_unique-thumbnails/114-large.jpg,ipfs://QmbGxAi8LSh3FWqFxq51vJsgpDr3fnAUfGCHaRHa4vwt5m
0xBb12686c360e9057be3CD031140035A705e19ceC,FeralfileExhibitionV4,Truth,2439046679443273982118864381573244666655869299,2439046679443273982118864381573244666655869299,115,71e2bed5-e224-4ead-8fea-88a8cc067dbe,filum,software,QmQjzvrvZjzNGiqQhTGsiHeTpb9FmEcjCVWxVySf5FANC1/2439046679443273982118864381573244666655869299,previews/71e2bed5-e224-4ead-8fea-88a8cc067dbe/1695225066/index.html?edition_number=115&artwork_number=116&blockchain=ethereum&contract=0xBb12686c360e9057be3CD031140035A705e19ceC&token_id=2439046679443273982118864381573244666655869299&token_id_hash=0xeb7c67900e929a23103fe9e44690513c27a4ce9f491742f2ac82a71c4c4ed375,ipfs://Qma2VZMhsrMjrbCZcJQXuF71XTwRdL45EPH97KC8BHo8Pd?edition_number=115&artwork_number=116&blockchain=ethereum&contract=0xBb12686c360e9057be3CD031140035A705e19ceC&token_id=2439046679443273982118864381573244666655869299&token_id_hash=0xeb7c67900e929a23103fe9e44690513c27a4ce9f491742f2ac82a71c4c4ed375,previews/71e2bed5-e224-4ead-8fea-88a8cc067dbe/1695225066/_unique-thumbnails/115-large.jpg,ipfs://QmQ1GWTQJqQA5u241HtVzLTDnZMvckDzpbenxBaLvdLbHU
0xBb12686c360e9057be3CD031140035A705e19ceC,FeralfileExhibitionV4,Truth,2439046679443273982118864381573244666655869300,2439046679443273982118864381573244666655869300,116,71e2bed5-e224-4ead-8fea-88a8cc067dbe,filum,software,QmQjzvrvZjzNGiqQhTGsiHeTpb9FmEcjCVWxVySf5FANC1/2439046679443273982118864381573244666655869300,previews/71e2bed5-e224-4ead-8fea-88a8cc067dbe/1695225066/index.html?edition_number=116&artwork_number=117&blockchain=ethereum&contract=0xBb12686c360e9057be3CD031140035A705e19ceC&token_id=2439046679443273982118864381573244666655869300&token_id_hash=0x8c0d49223157e5a6cdd7575bdb77d31f0d9b64567a89aa8ecd309374c91ab041,ipfs://Qma2VZMhsrMjrbCZcJQXuF71XTwRdL45EPH97KC8BHo8Pd?edition_number=116&artwork_number=117&blockchain=ethereum&contract=0xBb12686c360e9057be3CD031140035A705e19ceC&token_id=2439046679443273982118864381573244666655869300&token_id_hash=0x8c0d49223157e5a6cdd7575bdb77d31f0d9b64567a89aa8ecd309374c91ab041,previews/71e2bed5-e224-4ead-8fea-88a8cc067dbe/1695225066/_unique-thumbnails/116-large.jpg,ipfs://QmTsq2nF1TnatNEwJ4C6XJ6Jih6PoL4v8BZTx8mSAhpP5w
0xBb12686c360e9057be3CD031140035A705e19ceC,FeralfileExhibitionV4,Truth,2439046679443273982118864381573244666655869301,2439046679443273982118864381573244666655869301,117,71e2bed5-e224-4ead-8fea-88a8cc067dbe,filum,software,QmQjzvrvZjzNGiqQhTGsiHeTpb9FmEcjCVWxVySf5FANC1/2439046679443273982118864381573244666655869301,previews/71e2bed5-e224-4ead-8fea-88a8cc067dbe/1695225066/index.html?edition_number=117&artwork_number=118&blockchain=ethereum&contract=0xBb12686c360e9057be3CD031140035A705e19ceC&token_id=2439046679443273982118864381573244666655869301&token_id_hash=0xb2519245c100965d9cd389207576c094a330d0d8591a10ffc66eb1fb3dcafd2b,ipfs://Qma2VZMhsrMjrbCZcJQXuF71XTwRdL45EPH97KC8BHo8Pd?edition_number=117&artwork_number=118&blockchain=ethereum&contract=0xBb12686c360e9057be3CD031140035A705e19ceC&token_id=2439046679443273982118864381573244666655869301&token_id_hash=0xb2519245c100965d9cd389207576c094a330d0d8591a10ffc66eb1fb3dcafd2b,previews/71e2bed5-e224-4ead-8fea-88a8cc067dbe/1695225066/_unique-thumbnails/117-large.jpg,ipfs://QmcidVVivqPgZpNS3grePZ7WGtjss2rzr2SxaAJ5WyCU7e
0xBb12686c360e9057be3CD031140035A705e19ceC,FeralfileExhibitionV4,Truth,2439046679443273982118864381573244666655869302,2439046679443273982118864381573244666655869302,118,71e2bed5-e224-4ead-8fea-88a8cc067dbe,filum,software,QmQjzvrvZjzNGiqQhTGsiHeTpb9FmEcjCVWxVySf5FANC1/2439046679443273982118864381573244666655869302,previews/71e2bed5-e224-4ead-8fea-88a8cc067dbe/1695225066/index.html?edition_number=118&artwork_number=119&blockchain=ethereum&contract=0xBb12686c360e9057be3CD031140035A705e19ceC&token_id=2439046679443273982118864381573244666655869302&token_id_hash=0x0e8cfc626c15c08e7e307394a4992fac347ae5a39f6094bc576ef634889aa72e,ipfs://Qma2VZMhsrMjrbCZcJQXuF71XTwRdL45EPH97KC8BHo8Pd?edition_number=118&artwork_number=119&blockchain=ethereum&contract=0xBb12686c360e9057be3CD031140035A705e19ceC&token_id=2439046679443273982118864381573244666655869302&token_id_hash=0x0e8cfc626c15c08e7e307394a4992fac347ae5a39f6094bc576ef634889aa72e,previews/71e2bed5-e224-4ead-8fea-88a8cc067dbe/1695225066/_unique-thumbnails/118-large.jpg,ipfs://QmUt5aQHH42P3o3XjDUhv8MkwatcAEHQRmoHtd1RTS4KfV
0xBb12686c360e9057be3CD031140035A705e19ceC,FeralfileExhibitionV4,Truth,2439046679443273982118864381573244666655869303,2439046679443273982118864381573244666655869303,119,71e2bed5-e224-4ead-8fea-88a8cc067dbe,filum,software,QmQjzvrvZjzNGiqQhTGsiHeTpb9FmEcjCVWxVySf5FANC1/2439046679443273982118864381573244666655869303,previews/71e2bed5-e224-4ead-8fea-88a8cc067dbe/1695225066/index.html?edition_number=119&artwork_number=120&blockchain=ethereum&contract=0xBb12686c360e9057be3CD031140035A705e19ceC&token_id=2439046679443273982118864381573244666655869303&token_id_hash=0xcf0bcbe80850db4b204b28692d7ce5995c8784bccf4454e9667e5c62cc34bc94,ipfs://Qma2VZMhsrMjrbCZcJQXuF71XTwRdL45EPH97KC8BHo8Pd?edition_number=119&artwork_number=120&blockchain=ethereum&contract=0xBb12686c360e9057be3CD031140035A705e19ceC&token_id=2439046679443273982118864381573244666655869303&token_id_hash=0xcf0bcbe80850db4b204b28692d7ce5995c8784bccf4454e9667e5c62cc34bc94,previews/71e2bed5-e224-4ead-8fea-88a8cc067dbe/1695225066/_unique-thumbnails/119-large.jpg,ipfs://QmcPTi4rmJpvAwse4DzMYh6Zb1ien2Tm8WT1PWx8J6ug8P
0xBb12686c360e9057be3CD031140035A705e19ceC,FeralfileExhibitionV4,Truth,2439046679443273982118864381573244666655869304,2439046679443273982118864381573244666655869304,120,71e2bed5-e224-4ead-8fea-88a8cc067dbe,filum,software,QmQjzvrvZjzNGiqQhTGsiHeTpb9FmEcjCVWxVySf5FANC1/2439046679443273982118864381573244666655869304,previews/71e2bed5-e224-4ead-8fea-88a8cc067dbe/1695225066/index.html?edition_number=120&artwork_number=121&blockchain=ethereum&contract=0xBb12686c360e9057be3CD031140035A705e19ceC&token_id=2439046679443273982118864381573244666655869304&token_id_hash=0x2502ca613de900ad4364b242363e276429bdaef0b1fa39701618ecc3089051df,ipfs://Qma2VZMhsrMjrbCZcJQXuF71XTwRdL45EPH97KC8BHo8Pd?edition_number=120&artwork_number=121&blockchain=ethereum&contract=0xBb12686c360e9057be3CD031140035A705e19ceC&token_id=2439046679443273982118864381573244666655869304&token_id_hash=0x2502ca613de900ad4364b242363e276429bdaef0b1fa39701618ecc3089051df,previews/71e2bed5-e224-4ead-8fea-88a8cc067dbe/1695225066/_unique-thumbnails/120-large.jpg,ipfs://QmUbUvknuGXLjHDsqVQuAoWgYRSQGWkm1MF239uPrYqAa2
0xBb12686c360e9057be3CD031140035A705e19ceC,FeralfileExhibitionV4,Truth,2439046679443273982118864381573244666655869305,2439046679443273982118864381573244666655869305,121,71e2bed5-e224-4ead-8fea-88a8cc067dbe,filum,software,QmQjzvrvZjzNGiqQhTGsiHeTpb9FmEcjCVWxVySf5FANC1/2439046679443273982118864381573244666655869305,previews/71e2bed5-e224-4ead-8fea-88a8cc067dbe/1695225066/index.html?edition_number=121&artwork_number=122&blockchain=ethereum&contract=0xBb12686c360e9057be3CD031140035A705e19ceC&token_id=2439046679443273982118864381573244666655869305&token_id_hash=0x09be9967bbf216754d41869adb644fc167d53c3abfa83c44361098bd504ef640,ipfs://Qma2VZMhsrMjrbCZcJQXuF71XTwRdL45EPH97KC8BHo8Pd?edition_number=121&artwork_number=122&blockchain=ethereum&contract=0xBb12686c360e9057be3CD031140035A705e19ceC&token_id=2439046679443273982118864381573244666655869305&token_id_hash=0x09be9967bbf216754d41869adb644fc167d53c3abfa83c44361098bd504ef640,previews/71e2bed5-e224-4ead-8fea-88a8cc067dbe/1695225066/_unique-thumbnails/121-large.jpg,ipfs://QmbLg4pwebUrW7GMwR8zXqG6wpaHtgYarSs2y8B6u6NVAD
0xBb12686c360e9057be3CD031140035A705e19ceC,FeralfileExhibitionV4,Truth,2439046679443273982118864381573244666655869306,2439046679443273982118864381573244666655869306,122,71e2bed5-e224-4ead-8fea-88a8cc067dbe,filum,software,QmQjzvrvZjzNGiqQhTGsiHeTpb9FmEcjCVWxVySf5FANC1/2439046679443273982118864381573244666655869306,previews/71e2bed5-e224-4ead-8fea-88a8cc067dbe/1695225066/index.html?edition_number=122&artwork_number=123&blockchain=ethereum&contract=0xBb12686c360e9057be3CD031140035A705e19ceC&token_id=2439046679443273982118864381573244666655869306&token_id_hash=0x0a3c732551b6d2d6acd7357d738fa3fa74a1db518a328abd117fd79241c43079,ipfs://Qma2VZMhsrMjrbCZcJQXuF71XTwRdL45EPH97KC8BHo8Pd?edition_number=122&artwork_number=123&blockchain=ethereum&contract=0xBb12686c360e9057be3CD031140035A705e19ceC&token_id=2439046679443273982118864381573244666655869306&token_id_hash=0x0a3c732551b6d2d6acd7357d738fa3fa74a1db518a328abd117fd79241c43079,previews/71e2bed5-e224-4ead-8fea-88a8cc067dbe/1695225066/_unique-thumbnails/122-large.jpg,ipfs://QmSzoAxQDKyLz7gZS9c2e57gkyXEWudQRjw5K7Ne5iAiLs
0xBb12686c360e9057be3CD031140035A705e19ceC,FeralfileExhibitionV4,Truth,2439046679443273982118864381573244666655869307,2439046679443273982118864381573244666655869307,123,71e2bed5-e224-4ead-8fea-88a8cc067dbe,filum,software,QmQjzvrvZjzNGiqQhTGsiHeTpb9FmEcjCVWxVySf5FANC1/2439046679443273982118864381573244666655869307,previews/71e2bed5-e224-4ead-8fea-88a8cc067dbe/1695225066/index.html?edition_number=123&artwork_number=124&blockchain=ethereum&contract=0xBb12686c360e9057be3CD031140035A705e19ceC&token_id=2439046679443273982118864381573244666655869307&token_id_hash=0xbe70f8ea1bf25ba4b244e402dbafcd85723c8ef64a3251b6eccc72073a98266f,ipfs://Qma2VZMhsrMjrbCZcJQXuF71XTwRdL45EPH97KC8BHo8Pd?edition_number=123&artwork_number=124&blockchain=ethereum&contract=0xBb12686c360e9057be3CD031140035A705e19ceC&token_id=2439046679443273982118864381573244666655869307&token_id_hash=0xbe70f8ea1bf25ba4b244e402dbafcd85723c8ef64a3251b6eccc72073a98266f,previews/71e2bed5-e224-4ead-8fea-88a8cc067dbe/1695225066/_unique-thumbnails/123-large.jpg,ipfs://QmTEc25zmqwN3rCtz56LikCmL1qYHauCpSXcRTPi7bCN2i
0xBb12686c360e9057be3CD031140035A705e19ceC,FeralfileExhibitionV4,Truth,2439046679443273982118864381573244666655869308,2439046679443273982118864381573244666655869308,124,71e2bed5-e224-4ead-8fea-88a8cc067dbe,filum,software,QmQjzvrvZjzNGiqQhTGsiHeTpb9FmEcjCVWxVySf5FANC1/2439046679443273982118864381573244666655869308,previews/71e2bed5-e224-4ead-8fea-88a8cc067dbe/1695225066/index.html?edition_number=124&artwork_number=125&blockchain=ethereum&contract=0xBb12686c360e9057be3CD031140035A705e19ceC&token_id=2439046679443273982118864381573244666655869308&token_id_hash=0x4b20f42c6a647eab71025b81a9d9d0cbda1dcc5c5a66684c25e953c313765538,ipfs://Qma2VZMhsrMjrbCZcJQXuF71XTwRdL45EPH97KC8BHo8Pd?edition_number=124&artwork_number=125&blockchain=ethereum&contract=0xBb12686c360e9057be3CD031140035A705e19ceC&token_id=2439046679443273982118864381573244666655869308&token_id_hash=0x4b20f42c6a647eab71025b81a9d9d0cbda1dcc5c5a66684c25e953c313765538,previews/71e2bed5-e224-4ead-8fea-88a8cc067dbe/1695225066/_unique-thumbnails/124-large.jpg,ipfs://QmUd6qqYNKaWGfxrKDxnrU758hxGSkEGijsVbJvTEGj8cw
0xBb12686c360e9057be3CD031140035A705e19ceC,FeralfileExhibitionV4,Truth,2439046679443273982118864381573244666655869309,2439046679443273982118864381573244666655869309,125,71e2bed5-e224-4ead-8fea-88a8cc067dbe,filum,software,QmQjzvrvZjzNGiqQhTGsiHeTpb9FmEcjCVWxVySf5FANC1/2439046679443273982118864381573244666655869309,previews/71e2bed5-e224-4ead-8fea-88a8cc067dbe/1695225066/index.html?edition_number=125&artwork_number=126&blockchain=ethereum&contract=0xBb12686c360e9057be3CD031140035A705e19ceC&token_id=2439046679443273982118864381573244666655869309&token_id_hash=0x1c213996729970f82d0a35213f0f897c5cac7d959f0ba30ee91af943162b391a,ipfs://Qma2VZMhsrMjrbCZcJQXuF71XTwRdL45EPH97KC8BHo8Pd?edition_number=125&artwork_number=126&blockchain=ethereum&contract=0xBb12686c360e9057be3CD031140035A705e19ceC&token_id=2439046679443273982118864381573244666655869309&token_id_hash=0x1c213996729970f82d0a35213f0f897c5cac7d959f0ba30ee91af943162b391a,previews/71e2bed5-e224-4ead-8fea-88a8cc067dbe/1695225066/_unique-thumbnails/125-large.jpg,ipfs://QmbYbJmej39DE5uaP4RxRnkKFo84FGkyvphhK6wtqU2riy
0xBb12686c360e9057be3CD031140035A705e19ceC,FeralfileExhibitionV4,Truth,2439046679443273982118864381573244666655869310,2439046679443273982118864381573244666655869310,126,71e2bed5-e224-4ead-8fea-88a8cc067dbe,filum,software,QmQjzvrvZjzNGiqQhTGsiHeTpb9FmEcjCVWxVySf5FANC1/2439046679443273982118864381573244666655869310,previews/71e2bed5-e224-4ead-8fea-88a8cc067dbe/1695225066/index.html?edition_number=126&artwork_number=127&blockchain=ethereum&contract=0xBb12686c360e9057be3CD031140035A705e19ceC&token_id=2439046679443273982118864381573244666655869310&token_id_hash=0x228a05e73a0684d8a27e93c14279a0f97eaff87ddb9b526923581d39d55f320d,ipfs://Qma2VZMhsrMjrbCZcJQXuF71XTwRdL45EPH97KC8BHo8Pd?edition_number=126&artwork_number=127&blockchain=ethereum&contract=0xBb12686c360e9057be3CD031140035A705e19ceC&token_id=2439046679443273982118864381573244666655869310&token_id_hash=0x228a05e73a0684d8a27e93c14279a0f97eaff87ddb9b526923581d39d55f320d,previews/71e2bed5-e224-4ead-8fea-88a8cc067dbe/1695225066/_unique-thumbnails/126-large.jpg,ipfs://QmaAEPERH9nMMB982NmHe3yKsKynt7vthbD51Qr1VXvNF2
0xBb12686c360e9057be3CD031140035A705e19ceC,FeralfileExhibitionV4,Truth,2439046679443273982118864381573244666655869311,2439046679443273982118864381573244666655869311,127,71e2bed5-e224-4ead-8fea-88a8cc067dbe,filum,software,QmQjzvrvZjzNGiqQhTGsiHeTpb9FmEcjCVWxVySf5FANC1/2439046679443273982118864381573244666655869311,previews/71e2bed5-e224-4ead-8fea-88a8cc067dbe/1695225066/index.html?edition_number=127&artwork_number=128&blockchain=ethereum&contract=0xBb12686c360e9057be3CD031140035A705e19ceC&token_id=2439046679443273982118864381573244666655869311&token_id_hash=0xf876b67f652a7bcfa30a4e9788191fe6f1ac6b314f5f9e8ad8c3ae208fc280a7,ipfs://Qma2VZMhsrMjrbCZcJQXuF71XTwRdL45EPH97KC8BHo8Pd?edition_number=127&artwork_number=128&blockchain=ethereum&contract=0xBb12686c360e9057be3CD031140035A705e19ceC&token_id=2439046679443273982118864381573244666655869311&token_id_hash=0xf876b67f652a7bcfa30a4e9788191fe6f1ac6b314f5f9e8ad8c3ae208fc280a7,previews/71e2bed5-e224-4ead-8fea-88a8cc067dbe/1695225066/_unique-thumbnails/127-large.jpg,ipfs://QmSrtyYdrWyhnnUDdRYS8Qf41RwTWnzGdKzJRZUDtd4t3P
0xBb12686c360e9057be3CD031140035A705e19ceC,FeralfileExhibitionV4,Truth,2439046679443273982118864381573244666658869184,2439046679443273982118864381573244666658869184,0,885f3cca-2d91-4a7f-919d-580876035f73,Cuneiform,image,QmQjzvrvZjzNGiqQhTGsiHeTpb9FmEcjCVWxVySf5FANC1/2439046679443273982118864381573244666658869184,previews/885f3cca-2d91-4a7f-919d-580876035f73/1692861151/_unique-previews/0,ipfs://Qme6XrDpouKwSqgGdJW4q9CAmFL2NVtKppfDjm6wtLukzv,previews/885f3cca-2d91-4a7f-919d-580876035f73/1692861151/_unique-thumbnails/0-large.jpg,ipfs://QmaBR4V5MYF5LrnBJvHPeTk7cGdCHp5fuLtokfLzW4UhSs
0xBb12686c360e9057be3CD031140035A705e19ceC,FeralfileExhibitionV4,Truth,2439046679443273982118864381573244666658869185,2439046679443273982118864381573244666658869185,1,885f3cca-2d91-4a7f-919d-580876035f73,Cuneiform,image,QmQjzvrvZjzNGiqQhTGsiHeTpb9FmEcjCVWxVySf5FANC1/2439046679443273982118864381573244666658869185,previews/885f3cca-2d91-4a7f-919d-580876035f73/1692861151/_unique-previews/1,ipfs://QmX9WDVHvuQRGuVujziQdFrUCYioa3YzV9jioeqLexARrf,previews/885f3cca-2d91-4a7f-919d-580876035f73/1692861151/_unique-thumbnails/1-large.jpg,ipfs://QmT4GW6jCQ3WuGHHJrqUW1WmAhmeZ6gb97e5dP7AA9e4FA
0xBb12686c360e9057be3CD031140035A705e19ceC,FeralfileExhibitionV4,Truth,2439046679443273982118864381573244666658869186,2439046679443273982118864381573244666658869186,2,885f3cca-2d91-4a7f-919d-580876035f73,Cuneiform,image,QmQjzvrvZjzNGiqQhTGsiHeTpb9FmEcjCVWxVySf5FANC1/2439046679443273982118864381573244666658869186,previews/885f3cca-2d91-4a7f-919d-580876035f73/1692861151/_unique-previews/2,ipfs://QmPrEppwQ5jmVbqqKa4T5AxojDme1aqDvqoxm9m3KGdQs5,previews/885f3cca-2d91-4a7f-919d-580876035f73/1692861151/_unique-thumbnails/2-large.jpg,ipfs://QmXDFFgFDPZj4yH1GZqMZbPyJqivaCJ5EAhX8MxLfvQXqp
0xBb12686c360e9057be3CD031140035A705e19ceC,FeralfileExhibitionV4,Truth,2439046679443273982118864381573244666658869187,2439046679443273982118864381573244666658869187,3,885f3cca-2d91-4a7f-919d-580876035f73,Cuneiform,image,QmQjzvrvZjzNGiqQhTGsiHeTpb9FmEcjCVWxVySf5FANC1/2439046679443273982118864381573244666658869187,previews/885f3cca-2d91-4a7f-919d-580876035f73/1692861151/_unique-previews/3,ipfs://QmfQGm1bhUmdmQ4vcNRYvuBNuV6f3NZ9TwdmHmZGc2r3Zm,previews/885f3cca-2d91-4a7f-919d-580876035f73/1692861151/_unique-thumbnails/3-large.jpg,ipfs://QmQSnUHXp5WymZxqMygrbammmZNdPeTLpZAkbERisdhT2g
0xBb12686c360e9057be3CD031140035A705e19ceC,FeralfileExhibitionV4,Truth,2439046679443273982118864381573244666658869188,2439046679443273982118864381573244666658869188,4,885f3cca-2d91-4a7f-919d-580876035f73,Cuneiform,image,QmQjzvrvZjzNGiqQhTGsiHeTpb9FmEcjCVWxVySf5FANC1/2439046679443273982118864381573244666658869188,previews/885f3cca-2d91-4a7f-919d-580876035f73/1692861151/_unique-previews/4,ipfs://QmbxzeKMjbM1WrhHmtNadBpsxv1RKnF3BCHXLCRcwHeUav,previews/885f3cca-2d91-4a7f-919d-580876035f73/1692861151/_unique-thumbnails/4-large.jpg,ipfs://QmSUzBowVYnbQy5qvPj4TZbPVtHq7vCZ5EN7La2EuJ8viL
0xBb12686c360e9057be3CD031140035A705e19ceC,FeralfileExhibitionV4,Truth,2439046679443273982118864381573244666658869189,2439046679443273982118864381573244666658869189,5,885f3cca-2d91-4a7f-919d-580876035f73,Cuneiform,image,QmQjzvrvZjzNGiqQhTGsiHeTpb9FmEcjCVWxVySf5FANC1/2439046679443273982118864381573244666658869189,previews/885f3cca-2d91-4a7f-919d-580876035f73/1692861151/_unique-previews/5,ipfs://QmfBSmQmBMPXtVf3PQX8Y9qxRU4zgdV475oBVNnj57YbLr,previews/885f3cca-2d91-4a7f-919d-580876035f73/1692861151/_unique-thumbnails/5-large.jpg,ipfs://QmWNvm14BkCcVRCcvS4jyiuHCMeu3TuyaKn3SLevNP4siL
0xBb12686c360e9057be3CD031140035A705e19ceC,FeralfileExhibitionV4,Truth,2439046679443273982118864381573244666658869190,2439046679443273982118864381573244666658869190,6,885f3cca-2d91-4a7f-919d-580876035f73,Cuneiform,image,QmQjzvrvZjzNGiqQhTGsiHeTpb9FmEcjCVWxVySf5FANC1/2439046679443273982118864381573244666658869190,previews/885f3cca-2d91-4a7f-919d-580876035f73/1692861151/_unique-previews/6,ipfs://QmPafxkGaB19AiTLeA7zWF2BDkg7TJBqNhfbyXeU1Pt1cE,previews/885f3cca-2d91-4a7f-919d-580876035f73/1692861151/_unique-thumbnails/6-large.jpg,ipfs://QmSkoocoRt5VwGz8WWjq54tTTEVM839SXxVUkWgjCkthPV
0xBb12686c360e9057be3CD031140035A705e19ceC,FeralfileExhibitionV4,Truth,2439046679443273982118864381573244666658869191,2439046679443273982118864381573244666658869191,7,885f3cca-2d91-4a7f-919d-580876035f73,Cuneiform,image,QmQjzvrvZjzNGiqQhTGsiHeTpb9FmEcjCVWxVySf5FANC1/2439046679443273982118864381573244666658869191,previews/885f3cca-2d91-4a7f-919d-580876035f73/1692861151/_unique-previews/7,ipfs://QmXM99bihEHA3jmy2dJ6ott4xBpKpG9VzmCa9LxKS54zAg,previews/885f3cca-2d91-4a7f-919d-580876035f73/1692861151/_unique-thumbnails/7-large.jpg,ipfs://QmSEKw5Azt3LuENRmoiM84SfKTZNYQbSTvUNP8qh7hHrJ7
0xBb12686c360e9057be3CD031140035A705e19ceC,FeralfileExhibitionV4,Truth,2439046679443273982118864381573244666658869192,2439046679443273982118864381573244666658869192,8,885f3cca-2d91-4a7f-919d-580876035f73,Cuneiform,image,QmQjzvrvZjzNGiqQhTGsiHeTpb9FmEcjCVWxVySf5FANC1/2439046679443273982118864381573244666658869192,previews/885f3cca-2d91-4a7f-919d-580876035f73/1692861151/_unique-previews/8,ipfs://Qmb9GmSsomQtWht2VWs4JYm8V2maiY92yFNEvWw13AUm3w,previews/885f3cca-2d91-4a7f-919d-580876035f73/1692861151/_unique-thumbnails/8-large.jpg,ipfs://QmNahwPTEvyQDTniHYk9Gh6XPsxKGVQ25oQZJ6mtT8jDpB
0xBb12686c360e9057be3CD031140035A705e19ceC,FeralfileExhibitionV4,Truth,2439046679443273982118864381573244666658869193,2439046679443273982118864381573244666658869193,9,885f3cca-2d91-4a7f-919d-580876035f73,Cuneiform,image,QmQjzvrvZjzNGiqQhTGsiHeTpb9FmEcjCVWxVySf5FANC1/2439046679443273982118864381573244666658869193,previews/885f3cca-2d91-4a7f-919d-580876035f73/1692861151/_unique-previews/9,ipfs://QmYRtq3s8kQA2Kp7Eufwo9bPVjTujyVs3bhWVT27PrCgrZ,previews/885f3cca-2d91-4a7f-919d-580876035f73/1692861151/_unique-thumbnails/9-large.jpg,ipfs://QmWB6i6r33PETV3HYV3378fT6g7FqXwRMZay61TGmVfH89
0xBb12686c360e9057be3CD031140035A705e19ceC,FeralfileExhibitionV4,Truth,2439046679443273982118864381573244666658869194,2439046679443273982118864381573244666658869194,10,885f3cca-2d91-4a7f-919d-580876035f73,Cuneiform,image,QmQjzvrvZjzNGiqQhTGsiHeTpb9FmEcjCVWxVySf5FANC1/2439046679443273982118864381573244666658869194,previews/885f3cca-2d91-4a7f-919d-580876035f73/1692861151/_unique-previews/10,ipfs://QmVjnUzRudTnpkws9vFZtBj5CK4PbxHBRBLT1aAPBUVk7k,previews/885f3cca-2d91-4a7f-919d-580876035f73/1692861151/_unique-thumbnails/10-large.jpg,ipfs://QmYa6KhAgFzd4FHwuGkwwF485EAmRnCNr4Fnkt4uQTu6tg
0xBb12686c360e9057be3CD031140035A705e19ceC,FeralfileExhibitionV4,Truth,2439046679443273982118864381573244666658869195,2439046679443273982118864381573244666658869195,11,885f3cca-2d91-4a7f-919d-580876035f73,Cuneiform,image,QmQjzvrvZjzNGiqQhTGsiHeTpb9FmEcjCVWxVySf5FANC1/2439046679443273982118864381573244666658869195,previews/885f3cca-2d91-4a7f-919d-580876035f73/1692861151/_unique-previews/11,ipfs://QmajdLdcxbpo92DwcbtD3xsDKb7g8AANZEvXuqxMud5z3h,previews/885f3cca-2d91-4a7f-919d-580876035f73/1692861151/_unique-thumbnails/11-large.jpg,ipfs://QmYpwLRMUroAL2n4JLVgzAMY15PjvTGoMNAGLyazYXK8YB
0xBb12686c360e9057be3CD031140035A705e19ceC,FeralfileExhibitionV4,Truth,2439046679443273982118864381573244666658869196,2439046679443273982118864381573244666658869196,12,885f3cca-2d91-4a7f-919d-580876035f73,Cuneiform,image,QmQjzvrvZjzNGiqQhTGsiHeTpb9FmEcjCVWxVySf5FANC1/2439046679443273982118864381573244666658869196,previews/885f3cca-2d91-4a7f-919d-580876035f73/1692861151/_unique-previews/12,ipfs://QmNq95h5Gf3YWKZLRBbbeEs4ZrqhS4fJci9b1LLoCoL2ru,previews/885f3cca-2d91-4a7f-919d-580876035f73/1692861151/_unique-thumbnails/12-large.jpg,ipfs://QmYRT5ZBX2SeT9HtFs9C9UY9W7h45fMoLpDe6Hqrv7nT1t
0xBb12686c360e9057be3CD031140035A705e19ceC,FeralfileExhibitionV4,Truth,2439046679443273982118864381573244666658869197,2439046679443273982118864381573244666658869197,13,885f3cca-2d91-4a7f-919d-580876035f73,Cuneiform,image,QmQjzvrvZjzNGiqQhTGsiHeTpb9FmEcjCVWxVySf5FANC1/2439046679443273982118864381573244666658869197,previews/885f3cca-2d91-4a7f-919d-580876035f73/1692861151/_unique-previews/13,ipfs://QmPDLUXhQFLef16beN4pzf8MGLaWawSC6r5gJaPD5kQbjt,previews/885f3cca-2d91-4a7f-919d-580876035f73/1692861151/_unique-thumbnails/13-large.jpg,ipfs://QmZzNo3SjXBAvMgqSTnnkzQS1C7TbrFSWsw5cvpK7EPmqD
0xBb12686c360e9057be3CD031140035A705e19ceC,FeralfileExhibitionV4,Truth,2439046679443273982118864381573244666658869198,2439046679443273982118864381573244666658869198,14,885f3cca-2d91-4a7f-919d-580876035f73,Cuneiform,image,QmQjzvrvZjzNGiqQhTGsiHeTpb9FmEcjCVWxVySf5FANC1/2439046679443273982118864381573244666658869198,previews/885f3cca-2d91-4a7f-919d-580876035f73/1692861151/_unique-previews/14,ipfs://QmSmFPq6QgH353JEZebFfeAuZSpCveHiNhs72BXfKXdov6,previews/885f3cca-2d91-4a7f-919d-580876035f73/1692861151/_unique-thumbnails/14-large.jpg,ipfs://QmWAJWubWk9hePLjJ3YEBCXYoDwLZz5SWUXgsbCuura3Mh
0xBb12686c360e9057be3CD031140035A705e19ceC,FeralfileExhibitionV4,Truth,2439046679443273982118864381573244666658869199,2439046679443273982118864381573244666658869199,15,885f3cca-2d91-4a7f-919d-580876035f73,Cuneiform,image,QmQjzvrvZjzNGiqQhTGsiHeTpb9FmEcjCVWxVySf5FANC1/2439046679443273982118864381573244666658869199,previews/885f3cca-2d91-4a7f-919d-580876035f73/1692861151/_unique-previews/15,ipfs://QmcDxkHsi3QAQucKdqr6fUeDut7zT9gHS1JC57aDyD31bU,previews/885f3cca-2d91-4a7f-919d-580876035f73/1692861151/_unique-thumbnails/15-large.jpg,ipfs://Qmf615K7WWyB2XrmvXvQrDXdybAri9fkovvZjVMkcoSxMs
0xBb12686c360e9057be3CD031140035A705e19ceC,FeralfileExhibitionV4,Truth,2439046679443273982118864381573244666658869200,2439046679443273982118864381573244666658869200,16,885f3cca-2d91-4a7f-919d-580876035f73,Cuneiform,image,QmQjzvrvZjzNGiqQhTGsiHeTpb9FmEcjCVWxVySf5FANC1/2439046679443273982118864381573244666658869200,previews/885f3cca-2d91-4a7f-919d-580876035f73/1692861151/_unique-previews/16,ipfs://QmSZF2EfCDRyvNtbprfrU5AHaLtjoMnYHEAPmHdCW4NUN4,previews/885f3cca-2d91-4a7f-919d-580876035f73/1692861151/_unique-thumbnails/16-large.jpg,ipfs://QmS51526tGbNsga2uySD1VA8x4ah1QbEDSA4AFVbt4jfsp
0xBb12686c360e9057be3CD031140035A705e19ceC,FeralfileExhibitionV4,Truth,2439046679443273982118864381573244666658869201,2439046679443273982118864381573244666658869201,17,885f3cca-2d91-4a7f-919d-580876035f73,Cuneiform,image,QmQjzvrvZjzNGiqQhTGsiHeTpb9FmEcjCVWxVySf5FANC1/2439046679443273982118864381573244666658869201,previews/885f3cca-2d91-4a7f-919d-580876035f73/1692861151/_unique-previews/17,ipfs://QmTpFz1XuXRkuDTzzPPDaKGUVv4aEPbki1TRbe7rVaSoSg,previews/885f3cca-2d91-4a7f-919d-580876035f73/1692861151/_unique-thumbnails/17-large.jpg,ipfs://QmTHdWYmT6zKvHSPsUGSeGKrp22kwnCaNtN1SVBbp4GHLZ
0xBb12686c360e9057be3CD031140035A705e19ceC,FeralfileExhibitionV4,Truth,2439046679443273982118864381573244666658869202,2439046679443273982118864381573244666658869202,18,885f3cca-2d91-4a7f-919d-580876035f73,Cuneiform,image,QmQjzvrvZjzNGiqQhTGsiHeTpb9FmEcjCVWxVySf5FANC1/2439046679443273982118864381573244666658869202,previews/885f3cca-2d91-4a7f-919d-580876035f73/1692861151/_unique-previews/18,ipfs://QmUU7XR3fVMZuc2dRmXUBXZCfgJxXAXQ3ArViTKiuhV2sA,previews/885f3cca-2d91-4a7f-919d-580876035f73/1692861151/_unique-thumbnails/18-large.jpg,ipfs://QmVKgNw6yk2xLXVyqnXKKvwaxYbpVFvTSYzRS6UPzKq8MB
0xBb12686c360e9057be3CD031140035A705e19ceC,FeralfileExhibitionV4,Truth,2439046679443273982118864381573244666658869203,2439046679443273982118864381573244666658869203,19,885f3cca-2d91-4a7f-919d-580876035f73,Cuneiform,image,QmQjzvrvZjzNGiqQhTGsiHeTpb9FmEcjCVWxVySf5FANC1/2439046679443273982118864381573244666658869203,previews/885f3cca-2d91-4a7f-919d-580876035f73/1692861151/_unique-previews/19,ipfs://QmUNAFEFZuuE7yMEx76kYDhEyGxTeDtNKDFhMU2ViSf7W1,previews/885f3cca-2d91-4a7f-919d-580876035f73/1692861151/_unique-thumbnails/19-large.jpg,ipfs://QmYUP5DJuWzkXMxZ45Nhs1tgAHEVErvkEnRixyG3UfGUzw
0xBb12686c360e9057be3CD031140035A705e19ceC,FeralfileExhibitionV4,Truth,2439046679443273982118864381573244666658869204,2439046679443273982118864381573244666658869204,20,885f3cca-2d91-4a7f-919d-580876035f73,Cuneiform,image,QmQjzvrvZjzNGiqQhTGsiHeTpb9FmEcjCVWxVySf5FANC1/2439046679443273982118864381573244666658869204,previews/885f3cca-2d91-4a7f-919d-580876035f73/1692861151/_unique-previews/20,ipfs://QmaYocQdGe8RDmQN3yhzn4ecawYwVjj9RHQdsxjWqAsx9K,previews/885f3cca-2d91-4a7f-919d-580876035f73/1692861151/_unique-thumbnails/20-large.jpg,ipfs://QmfWXM6b4srcAqrx2vBYpH5gyTQr4kHw7aLftb94PduUUB
0xBb12686c360e9057be3CD031140035A705e19ceC,FeralfileExhibitionV4,Truth,2439046679443273982118864381573244666658869205,2439046679443273982118864381573244666658869205,21,885f3cca-2d91-4a7f-919d-580876035f73,Cuneiform,image,QmQjzvrvZjzNGiqQhTGsiHeTpb9FmEcjCVWxVySf5FANC1/2439046679443273982118864381573244666658869205,previews/885f3cca-2d91-4a7f-919d-580876035f73/1692861151/_unique-previews/21,ipfs://QmcC1xjLndt79Ai69nxMqxHm1mCXc54cABt7m6SxnqMsHs,previews/885f3cca-2d91-4a7f-919d-580876035f73/1692861151/_unique-thumbnails/21-large.jpg,ipfs://QmebKgjphvrxePutShqgYjnwsCzAZH32KzefGuxVBujghK
0xBb12686c360e9057be3CD031140035A705e19ceC,FeralfileExhibitionV4,Truth,2439046679443273982118864381573244666658869206,2439046679443273982118864381573244666658869206,22,885f3cca-2d91-4a7f-919d-580876035f73,Cuneiform,image,QmQjzvrvZjzNGiqQhTGsiHeTpb9FmEcjCVWxVySf5FANC1/2439046679443273982118864381573244666658869206,previews/885f3cca-2d91-4a7f-919d-580876035f73/1692861151/_unique-previews/22,ipfs://QmZeYVxsJ65HpXN5jmdRw8otdqijmcKCiZFei927QVz41G,previews/885f3cca-2d91-4a7f-919d-580876035f73/1692861151/_unique-thumbnails/22-large.jpg,ipfs://QmTHM2KBJUDaUSQukwxXmKSyahnqWNrd9iyuM9nASgfq9E
0xBb12686c360e9057be3CD031140035A705e19ceC,FeralfileExhibitionV4,Truth,2439046679443273982118864381573244666658869207,2439046679443273982118864381573244666658869207,23,885f3cca-2d91-4a7f-919d-580876035f73,Cuneiform,image,QmQjzvrvZjzNGiqQhTGsiHeTpb9FmEcjCVWxVySf5FANC1/2439046679443273982118864381573244666658869207,previews/885f3cca-2d91-4a7f-919d-580876035f73/1692861151/_unique-previews/23,ipfs://QmciQfqeXXKoZaNonM3mbwXWvcv7gjCNmSQEWQDt4WxmGn,previews/885f3cca-2d91-4a7f-919d-580876035f73/1692861151/_unique-thumbnails/23-large.jpg,ipfs://QmXA81gQCZaj9GNC34epCe96PHgjxetN5tohWDh29w6jsw
0xBb12686c360e9057be3CD031140035A705e19ceC,FeralfileExhibitionV4,Truth,2439046679443273982118864381573244666658869208,2439046679443273982118864381573244666658869208,24,885f3cca-2d91-4a7f-919d-580876035f73,Cuneiform,image,QmQjzvrvZjzNGiqQhTGsiHeTpb9FmEcjCVWxVySf5FANC1/2439046679443273982118864381573244666658869208,previews/885f3cca-2d91-4a7f-919d-580876035f73/1692861151/_unique-previews/24,ipfs://QmZAAHvEUWnLx9mXejRkizKp8y7RaMrUTp5WTS5H5wLyE3,previews/885f3cca-2d91-4a7f-919d-580876035f73/1692861151/_unique-thumbnails/24-large.jpg,ipfs://QmcME3ELLeodvNYubjd4pad4xVdQF5htAv7kySsdPevpf3
0xBb12686c360e9057be3CD031140035A705e19ceC,FeralfileExhibitionV4,Truth,2439046679443273982118864381573244666658869209,2439046679443273982118864381573244666658869209,25,885f3cca-2d91-4a7f-919d-580876035f73,Cuneiform,image,QmQjzvrvZjzNGiqQhTGsiHeTpb9FmEcjCVWxVySf5FANC1/2439046679443273982118864381573244666658869209,previews/885f3cca-2d91-4a7f-919d-580876035f73/1692861151/_unique-previews/25,ipfs://QmbYKNBpL13bLPUH4kH6ULADT3UWHZLZUdcPaXnD2rDZcz,previews/885f3cca-2d91-4a7f-919d-580876035f73/1692861151/_unique-thumbnails/25-large.jpg,ipfs://Qmc2vycMsmX8n3kkgaceBZYu7H2u84NmwqMQnhx3yp956Q
0xBb12686c360e9057be3CD031140035A705e19ceC,FeralfileExhibitionV4,Truth,2439046679443273982118864381573244666658869210,2439046679443273982118864381573244666658869210,26,885f3cca-2d91-4a7f-919d-580876035f73,Cuneiform,image,QmQjzvrvZjzNGiqQhTGsiHeTpb9FmEcjCVWxVySf5FANC1/2439046679443273982118864381573244666658869210,previews/885f3cca-2d91-4a7f-919d-580876035f73/1692861151/_unique-previews/26,ipfs://QmbZAFLHp72xi6T4b7kMuexJFkrWn6gtCd6rWH2zoWfCTz,previews/885f3cca-2d91-4a7f-919d-580876035f73/1692861151/_unique-thumbnails/26-large.jpg,ipfs://QmeyZDayEgJsnRUUWyg1WMyvNE81PkyN76dADMDPHEbiRJ
0xBb12686c360e9057be3CD031140035A705e19ceC,FeralfileExhibitionV4,Truth,2439046679443273982118864381573244666658869211,2439046679443273982118864381573244666658869211,27,885f3cca-2d91-4a7f-919d-580876035f73,Cuneiform,image,QmQjzvrvZjzNGiqQhTGsiHeTpb9FmEcjCVWxVySf5FANC1/2439046679443273982118864381573244666658869211,previews/885f3cca-2d91-4a7f-919d-580876035f73/1692861151/_unique-previews/27,ipfs://QmZ5eQ4D21hzakhbscgiHyyLp7TDbiQiyYH1ComToS4Hrc,previews/885f3cca-2d91-4a7f-919d-580876035f73/1692861151/_unique-thumbnails/27-large.jpg,ipfs://QmbxEbdv2rVTJ5xoAbrbSpKuCesjYQeiaJMzcdv2cMKmP1
0xBb12686c360e9057be3CD031140035A705e19ceC,FeralfileExhibitionV4,Truth,2439046679443273982118864381573244666658869212,2439046679443273982118864381573244666658869212,28,885f3cca-2d91-4a7f-919d-580876035f73,Cuneiform,image,QmQjzvrvZjzNGiqQhTGsiHeTpb9FmEcjCVWxVySf5FANC1/2439046679443273982118864381573244666658869212,previews/885f3cca-2d91-4a7f-919d-580876035f73/1692861151/_unique-previews/28,ipfs://QmTa68Mw2AzFWTYcEzn6qqcXJkGYb1Z4oz5bgDkwNu3rMv,previews/885f3cca-2d91-4a7f-919d-580876035f73/1692861151/_unique-thumbnails/28-large.jpg,ipfs://QmRXwYPG9StPAhUHQBj5hXhof36EpBJqZ7J1NynqUFfS6f
0xBb12686c360e9057be3CD031140035A705e19ceC,FeralfileExhibitionV4,Truth,2439046679443273982118864381573244666658869213,2439046679443273982118864381573244666658869213,29,885f3cca-2d91-4a7f-919d-580876035f73,Cuneiform,image,QmQjzvrvZjzNGiqQhTGsiHeTpb9FmEcjCVWxVySf5FANC1/2439046679443273982118864381573244666658869213,previews/885f3cca-2d91-4a7f-919d-580876035f73/1692861151/_unique-previews/29,ipfs://QmVnQGH8jfFMsshwhGDj1NhEgD3jr1Bue7c6QVJ32DdJqB,previews/885f3cca-2d91-4a7f-919d-580876035f73/1692861151/_unique-thumbnails/29-large.jpg,ipfs://QmYSQ6zBAqeWkmrXB17hRB9Dh6HghE5siy1DGxNuJQYU4g
0xBb12686c360e9057be3CD031140035A705e19ceC,FeralfileExhibitionV4,Truth,2439046679443273982118864381573244666658869214,2439046679443273982118864381573244666658869214,30,885f3cca-2d91-4a7f-919d-580876035f73,Cuneiform,image,QmQjzvrvZjzNGiqQhTGsiHeTpb9FmEcjCVWxVySf5FANC1/2439046679443273982118864381573244666658869214,previews/885f3cca-2d91-4a7f-919d-580876035f73/1692861151/_unique-previews/30,ipfs://Qmcx9RM6UJRes6SrohBn9Rj2um2bxGGdBPikZsHSV6CT9U,previews/885f3cca-2d91-4a7f-919d-580876035f73/1692861151/_unique-thumbnails/30-large.jpg,ipfs://QmddMg6DhVQy8PX2rYSVWHEqpfqjy3endigTDTvQvRD299
0xBb12686c360e9057be3CD031140035A705e19ceC,FeralfileExhibitionV4,Truth,2439046679443273982118864381573244666658869215,2439046679443273982118864381573244666658869215,31,885f3cca-2d91-4a7f-919d-580876035f73,Cuneiform,image,QmQjzvrvZjzNGiqQhTGsiHeTpb9FmEcjCVWxVySf5FANC1/2439046679443273982118864381573244666658869215,previews/885f3cca-2d91-4a7f-919d-580876035f73/1692861151/_unique-previews/31,ipfs://QmeETnBBc5DBA1CLaZ1P4eh8nag9SrUTUfo2ZhWZHszPcY,previews/885f3cca-2d91-4a7f-919d-580876035f73/1692861151/_unique-thumbnails/31-large.jpg,ipfs://QmaVdQA6FjuWbsgiVRfXdR6QeRXpvDZTmqoxv3TG8nLpg2
0xBb12686c360e9057be3CD031140035A705e19ceC,FeralfileExhibitionV4,Truth,2439046679443273982118864381573244666658869216,2439046679443273982118864381573244666658869216,32,885f3cca-2d91-4a7f-919d-580876035f73,Cuneiform,image,QmQjzvrvZjzNGiqQhTGsiHeTpb9FmEcjCVWxVySf5FANC1/2439046679443273982118864381573244666658869216,previews/885f3cca-2d91-4a7f-919d-580876035f73/1692861151/_unique-previews/32,ipfs://Qmd1vtopRaozQsZ4wGMWSkJMnTUtBU28TEjnxtVzUBTHtd,previews/885f3cca-2d91-4a7f-919d-580876035f73/1692861151/_unique-thumbnails/32-large.jpg,ipfs://QmXJPqhxrutni4Lqh3Ver9at4tQZmKCB9yoBBxaREhkwEx
0xBb12686c360e9057be3CD031140035A705e19ceC,FeralfileExhibitionV4,Truth,2439046679443273982118864381573244666658869217,2439046679443273982118864381573244666658869217,33,885f3cca-2d91-4a7f-919d-580876035f73,Cuneiform,image,QmQjzvrvZjzNGiqQhTGsiHeTpb9FmEcjCVWxVySf5FANC1/2439046679443273982118864381573244666658869217,previews/885f3cca-2d91-4a7f-919d-580876035f73/1692861151/_unique-previews/33,ipfs://QmZ5E72C3jPkh5U3nKi7RBmSnQV7aB1BmP2z1niTR4dFk5,previews/885f3cca-2d91-4a7f-919d-580876035f73/1692861151/_unique-thumbnails/33-large.jpg,ipfs://QmQLVeXc9kgrq56vmEK9K6w3g7NaYzEM78EcjM5EVTxcWe
0xBb12686c360e9057be3CD031140035A705e19ceC,FeralfileExhibitionV4,Truth,2439046679443273982118864381573244666658869218,2439046679443273982118864381573244666658869218,34,885f3cca-2d91-4a7f-919d-580876035f73,Cuneiform,image,QmQjzvrvZjzNGiqQhTGsiHeTpb9FmEcjCVWxVySf5FANC1/2439046679443273982118864381573244666658869218,previews/885f3cca-2d91-4a7f-919d-580876035f73/1692861151/_unique-previews/34,ipfs://QmNsRFDRwv9T5Sij3AzEd8n6xWuE2HtkgM9wiE5rHaWdqi,previews/885f3cca-2d91-4a7f-919d-580876035f73/1692861151/_unique-thumbnails/34-large.jpg,ipfs://QmUTmfjdvMz9Yi2UfUhinVbJ2Fh5nx527RvpMic4eZPCc8
0xBb12686c360e9057be3CD031140035A705e19ceC,FeralfileExhibitionV4,Truth,2439046679443273982118864381573244666658869219,2439046679443273982118864381573244666658869219,35,885f3cca-2d91-4a7f-919d-580876035f73,Cuneiform,image,QmQjzvrvZjzNGiqQhTGsiHeTpb9FmEcjCVWxVySf5FANC1/2439046679443273982118864381573244666658869219,previews/885f3cca-2d91-4a7f-919d-580876035f73/1692861151/_unique-previews/35,ipfs://QmcQcekNoqx13RmUHmfxDFJxQtrqFwfnDhWcV2dx7eFcpJ,previews/885f3cca-2d91-4a7f-919d-580876035f73/1692861151/_unique-thumbnails/35-large.jpg,ipfs://Qmawub5bFsNqLREmAHzbZouZroVeFyVwFmWguMoqLC7Yi1
0xBb12686c360e9057be3CD031140035A705e19ceC,FeralfileExhibitionV4,Truth,2439046679443273982118864381573244666658869220,2439046679443273982118864381573244666658869220,36,885f3cca-2d91-4a7f-919d-580876035f73,Cuneiform,image,QmQjzvrvZjzNGiqQhTGsiHeTpb9FmEcjCVWxVySf5FANC1/2439046679443273982118864381573244666658869220,previews/885f3cca-2d91-4a7f-919d-580876035f73/1692861151/_unique-previews/36,ipfs://Qmdeo8bTA23p2hmPoaR41DQ85UQUuaC1d9kV7XnxiaUtHv,previews/885f3cca-2d91-4a7f-919d-580876035f73/1692861151/_unique-thumbnails/36-large.jpg,ipfs://QmZEQ1QLcxUDhsjfeortpWDVeCfFcvXemwKCKZ6QQoKF5b
0xBb12686c360e9057be3CD031140035A705e19ceC,FeralfileExhibitionV4,Truth,2439046679443273982118864381573244666658869221,2439046679443273982118864381573244666658869221,37,885f3cca-2d91-4a7f-919d-580876035f73,Cuneiform,image,QmQjzvrvZjzNGiqQhTGsiHeTpb9FmEcjCVWxVySf5FANC1/2439046679443273982118864381573244666658869221,previews/885f3cca-2d91-4a7f-919d-580876035f73/1692861151/_unique-previews/37,ipfs://QmRRTRkMWjkJxo5B8HeuhdvcT7SXuF7AHkL4nUKG4BbAKW,previews/885f3cca-2d91-4a7f-919d-580876035f73/1692861151/_unique-thumbnails/37-large.jpg,ipfs://QmRdEda6Nt21gnARdXnB2tVPGoi4VCsXaGiwQH4Woq4d8R
0xBb12686c360e9057be3CD031140035A705e19ceC,FeralfileExhibitionV4,Truth,2439046679443273982118864381573244666658869222,2439046679443273982118864381573244666658869222,38,885f3cca-2d91-4a7f-919d-580876035f73,Cuneiform,image,QmQjzvrvZjzNGiqQhTGsiHeTpb9FmEcjCVWxVySf5FANC1/2439046679443273982118864381573244666658869222,previews/885f3cca-2d91-4a7f-919d-580876035f73/1692861151/_unique-previews/38,ipfs://QmYfiP1XAF4LcCQnPNuAYE2LML5VCLsNRBYKsfzu48pPyp,previews/885f3cca-2d91-4a7f-919d-580876035f73/1692861151/_unique-thumbnails/38-large.jpg,ipfs://QmNRKh58A43S1TSPxxBPoNvRWSYVvzzH3tikDR688tURWg
0xBb12686c360e9057be3CD031140035A705e19ceC,FeralfileExhibitionV4,Truth,2439046679443273982118864381573244666658869223,2439046679443273982118864381573244666658869223,39,885f3cca-2d91-4a7f-919d-580876035f73,Cuneiform,image,QmQjzvrvZjzNGiqQhTGsiHeTpb9FmEcjCVWxVySf5FANC1/2439046679443273982118864381573244666658869223,previews/885f3cca-2d91-4a7f-919d-580876035f73/1692861151/_unique-previews/39,ipfs://QmajCxvagtB6Dvidc3XWPpjUqjtAERSsmmzuz9jqjfHY6V,previews/885f3cca-2d91-4a7f-919d-580876035f73/1692861151/_unique-thumbnails/39-large.jpg,ipfs://QmTSCCU897XyUJv3HkDU6HJym4ncyo9oEZ7kF8RpX2MNox
0xBb12686c360e9057be3CD031140035A705e19ceC,FeralfileExhibitionV4,Truth,2439046679443273982118864381573244666658869224,2439046679443273982118864381573244666658869224,40,885f3cca-2d91-4a7f-919d-580876035f73,Cuneiform,image,QmQjzvrvZjzNGiqQhTGsiHeTpb9FmEcjCVWxVySf5FANC1/2439046679443273982118864381573244666658869224,previews/885f3cca-2d91-4a7f-919d-580876035f73/1692861151/_unique-previews/40,ipfs://QmUepoTtWfhokzwpsDkoWYKxE9fHvbcVq2aoysmKkxySa4,previews/885f3cca-2d91-4a7f-919d-580876035f73/1692861151/_unique-thumbnails/40-large.jpg,ipfs://QmbTp5oMkyBwW8BrvncFT9tSsa5bgoVim8QxK1sr5HAoUZ
0xBb12686c360e9057be3CD031140035A705e19ceC,FeralfileExhibitionV4,Truth,2439046679443273982118864381573244666658869225,2439046679443273982118864381573244666658869225,41,885f3cca-2d91-4a7f-919d-580876035f73,Cuneiform,image,QmQjzvrvZjzNGiqQhTGsiHeTpb9FmEcjCVWxVySf5FANC1/2439046679443273982118864381573244666658869225,previews/885f3cca-2d91-4a7f-919d-580876035f73/1692861151/_unique-previews/41,ipfs://QmbUf5FVVFHwtSBbRxvQUdJW2QB4q3WvJ4vjWJXdukxw5x,previews/885f3cca-2d91-4a7f-919d-580876035f73/1692861151/_unique-thumbnails/41-large.jpg,ipfs://QmSka25b2mXaro4DzD6NQcKfZqguZtgdiZFJsQNHWhVC5u
0xBb12686c360e9057be3CD031140035A705e19ceC,FeralfileExhibitionV4,Truth,2439046679443273982118864381573244666658869226,2439046679443273982118864381573244666658869226,42,885f3cca-2d91-4a7f-919d-580876035f73,Cuneiform,image,QmQjzvrvZjzNGiqQhTGsiHeTpb9FmEcjCVWxVySf5FANC1/2439046679443273982118864381573244666658869226,previews/885f3cca-2d91-4a7f-919d-580876035f73/1692861151/_unique-previews/42,ipfs://QmRjjSaAKVRaSZUQnaR1vP8KD4RyqFdsadFUZUJQZoXtAd,previews/885f3cca-2d91-4a7f-919d-580876035f73/1692861151/_unique-thumbnails/42-large.jpg,ipfs://QmYTDncNtjnQ2J96Wvf37QeBsTJPRCDyJnqRBxDGyXvkRG
0xBb12686c360e9057be3CD031140035A705e19ceC,FeralfileExhibitionV4,Truth,2439046679443273982118864381573244666658869227,2439046679443273982118864381573244666658869227,43,885f3cca-2d91-4a7f-919d-580876035f73,Cuneiform,image,QmQjzvrvZjzNGiqQhTGsiHeTpb9FmEcjCVWxVySf5FANC1/2439046679443273982118864381573244666658869227,previews/885f3cca-2d91-4a7f-919d-580876035f73/1692861151/_unique-previews/43,ipfs://QmS1iBQfKrkoLsYMKvofwNzumhPvzPBtG2HFhrzJNycm4o,previews/885f3cca-2d91-4a7f-919d-580876035f73/1692861151/_unique-thumbnails/43-large.jpg,ipfs://Qman1f3ydX88dzQtM3624ckHT1Tt8APRvW7RUu8Jm29qLP
0xBb12686c360e9057be3CD031140035A705e19ceC,FeralfileExhibitionV4,Truth,2439046679443273982118864381573244666658869228,2439046679443273982118864381573244666658869228,44,885f3cca-2d91-4a7f-919d-580876035f73,Cuneiform,image,QmQjzvrvZjzNGiqQhTGsiHeTpb9FmEcjCVWxVySf5FANC1/2439046679443273982118864381573244666658869228,previews/885f3cca-2d91-4a7f-919d-580876035f73/1692861151/_unique-previews/44,ipfs://QmeGJgEViJe8RbUNYpLJ1aiK7PxJb4PF3WWeJcZmYp4KNn,previews/885f3cca-2d91-4a7f-919d-580876035f73/1692861151/_unique-thumbnails/44-large.jpg,ipfs://QmcPbCPbxRxLY99hr2t7f4G8Y1Dfk6c9BGUpvpPDjTfgpz
0xBb12686c360e9057be3CD031140035A705e19ceC,FeralfileExhibitionV4,Truth,2439046679443273982118864381573244666658869229,2439046679443273982118864381573244666658869229,45,885f3cca-2d91-4a7f-919d-580876035f73,Cuneiform,image,QmQjzvrvZjzNGiqQhTGsiHeTpb9FmEcjCVWxVySf5FANC1/2439046679443273982118864381573244666658869229,previews/885f3cca-2d91-4a7f-919d-580876035f73/1692861151/_unique-previews/45,ipfs://QmP1ShZYP3JagSqgnacWxC36bsHnb761EFYEJ7VHtS83pV,previews/885f3cca-2d91-4a7f-919d-580876035f73/1692861151/_unique-thumbnails/45-large.jpg,ipfs://QmTpLxhc7HU6kCYcsVWcFHGeTqgSukftq1hUbA9W4LFeF3
0xBb12686c360e9057be3CD031140035A705e19ceC,FeralfileExhibitionV4,Truth,2439046679443273982118864381573244666658869230,2439046679443273982118864381573244666658869230,46,885f3cca-2d91-4a7f-919d-580876035f73,Cuneiform,image,QmQjzvrvZjzNGiqQhTGsiHeTpb9FmEcjCVWxVySf5FANC1/2439046679443273982118864381573244666658869230,previews/885f3cca-2d91-4a7f-919d-580876035f73/1692861151/_unique-previews/46,ipfs://QmQ5gT4jrVKpys2wg4gCN8ePNE4aTC71qjwXdSgbbp5FUJ,previews/885f3cca-2d91-4a7f-919d-580876035f73/1692861151/_unique-thumbnails/46-large.jpg,ipfs://Qmaw1PKoCjNhgVxFiS8NEvsCuUMFCrNbd7B6w2iDr2URxc
0xBb12686c360e9057be3CD031140035A705e19ceC,FeralfileExhibitionV4,Truth,2439046679443273982118864381573244666658869231,2439046679443273982118864381573244666658869231,47,885f3cca-2d91-4a7f-919d-580876035f73,Cuneiform,image,QmQjzvrvZjzNGiqQhTGsiHeTpb9FmEcjCVWxVySf5FANC1/2439046679443273982118864381573244666658869231,previews/885f3cca-2d91-4a7f-919d-580876035f73/1692861151/_unique-previews/47,ipfs://QmbmNJg6NrJWqks22yTfEPj9HtodhGXenisYXvVhPR18q2,previews/885f3cca-2d91-4a7f-919d-580876035f73/1692861151/_unique-thumbnails/47-large.jpg,ipfs://Qme7uYDS1gwN2xBe82cffen1UJ5mEQnqpU25f1kWciNgwN
0xBb12686c360e9057be3CD031140035A705e19ceC,FeralfileExhibitionV4,Truth,2439046679443273982118864381573244666658869232,2439046679443273982118864381573244666658869232,48,885f3cca-2d91-4a7f-919d-580876035f73,Cuneiform,image,QmQjzvrvZjzNGiqQhTGsiHeTpb9FmEcjCVWxVySf5FANC1/2439046679443273982118864381573244666658869232,previews/885f3cca-2d91-4a7f-919d-580876035f73/1692861151/_unique-previews/48,ipfs://QmaQibeZC8hHdghafDPaduANRtxNxzidx9vWpP1RYKLqAh,previews/885f3cca-2d91-4a7f-919d-580876035f73/1692861151/_unique-thumbnails/48-large.jpg,ipfs://QmQAAi7gcFBxFsinZYC3194qoyEXmaJGfuGr7dAaoAdFyi
0xBb12686c360e9057be3CD031140035A705e19ceC,FeralfileExhibitionV4,Truth,2439046679443273982118864381573244666658869233,2439046679443273982118864381573244666658869233,49,885f3cca-2d91-4a7f-919d-580876035f73,Cuneiform,image,QmQjzvrvZjzNGiqQhTGsiHeTpb9FmEcjCVWxVySf5FANC1/2439046679443273982118864381573244666658869233,previews/885f3cca-2d91-4a7f-919d-580876035f73/1692861151/_unique-previews/49,ipfs://QmVMwrWNsBHKnEaGBYWzGp3f4DVsgfRxoWPr3zkw5ZdEPW,previews/885f3cca-2d91-4a7f-919d-580876035f73/1692861151/_unique-thumbnails/49-large.jpg,ipfs://QmTXQPKQFY6pk1TYga4vboeGtkBSmbo26c2aBDnLRxa2r7
0xBb12686c360e9057be3CD031140035A705e19ceC,FeralfileExhibitionV4,Truth,2439046679443273982118864381573244666658869234,2439046679443273982118864381573244666658869234,50,885f3cca-2d91-4a7f-919d-580876035f73,Cuneiform,image,QmQjzvrvZjzNGiqQhTGsiHeTpb9FmEcjCVWxVySf5FANC1/2439046679443273982118864381573244666658869234,previews/885f3cca-2d91-4a7f-919d-580876035f73/1692861151/_unique-previews/50,ipfs://QmVHZYjBbkmnEt5w5pFyH9yNBVf4LTrmLQNFWYkUCbV1H8,previews/885f3cca-2d91-4a7f-919d-580876035f73/1692861151/_unique-thumbnails/50-large.jpg,ipfs://QmWCcngkWXEi4gU7kyneAMw9R6vPw8grZyR6KE4MKpXnbC
0xBb12686c360e9057be3CD031140035A705e19ceC,FeralfileExhibitionV4,Truth,2439046679443273982118864381573244666658869235,2439046679443273982118864381573244666658869235,51,885f3cca-2d91-4a7f-919d-580876035f73,Cuneiform,image,QmQjzvrvZjzNGiqQhTGsiHeTpb9FmEcjCVWxVySf5FANC1/2439046679443273982118864381573244666658869235,previews/885f3cca-2d91-4a7f-919d-580876035f73/1692861151/_unique-previews/51,ipfs://QmZfRyB9JUWDy534vUDBBRuqY6qRs1jQpo3ajUBFLbfTwp,previews/885f3cca-2d91-4a7f-919d-580876035f73/1692861151/_unique-thumbnails/51-large.jpg,ipfs://QmWkWwHbwdDq6VodaHqsAYwuXnEv2wwaxRjQTjBR9d8KSY
0xBb12686c360e9057be3CD031140035A705e19ceC,FeralfileExhibitionV4,Truth,2439046679443273982118864381573244666658869236,2439046679443273982118864381573244666658869236,52,885f3cca-2d91-4a7f-919d-580876035f73,Cuneiform,image,QmQjzvrvZjzNGiqQhTGsiHeTpb9FmEcjCVWxVySf5FANC1/2439046679443273982118864381573244666658869236,previews/885f3cca-2d91-4a7f-919d-580876035f73/1692861151/_unique-previews/52,ipfs://QmXFbQxYvEUkZqzQeatRZZ6y1ANtFPqpWDvhrf8uUeDwZf,previews/885f3cca-2d91-4a7f-919d-580876035f73/1692861151/_unique-thumbnails/52-large.jpg,ipfs://QmXTzJG8w1eXzT29ByEeTFH4HGgt8ksbWCnmsENuynDpY9
0xBb12686c360e9057be3CD031140035A705e19ceC,FeralfileExhibitionV4,Truth,2439046679443273982118864381573244666658869237,2439046679443273982118864381573244666658869237,53,885f3cca-2d91-4a7f-919d-580876035f73,Cuneiform,image,QmQjzvrvZjzNGiqQhTGsiHeTpb9FmEcjCVWxVySf5FANC1/2439046679443273982118864381573244666658869237,previews/885f3cca-2d91-4a7f-919d-580876035f73/1692861151/_unique-previews/53,ipfs://QmS3U4bAphiPz87sbNn2r2B5ipC9QrrTHuYopgg1t6Y1q1,previews/885f3cca-2d91-4a7f-919d-580876035f73/1692861151/_unique-thumbnails/53-large.jpg,ipfs://QmRVNQQckBJQJbu15jamUtgZcoVwxKx6HnDcQiQ65btTH4
0xBb12686c360e9057be3CD031140035A705e19ceC,FeralfileExhibitionV4,Truth,2439046679443273982118864381573244666658869238,2439046679443273982118864381573244666658869238,54,885f3cca-2d91-4a7f-919d-580876035f73,Cuneiform,image,QmQjzvrvZjzNGiqQhTGsiHeTpb9FmEcjCVWxVySf5FANC1/2439046679443273982118864381573244666658869238,previews/885f3cca-2d91-4a7f-919d-580876035f73/1692861151/_unique-previews/54,ipfs://QmcXAioGkxbAkJ4FjrifajFAjsCWywZTN5r6WqoKJPaQaH,previews/885f3cca-2d91-4a7f-919d-580876035f73/1692861151/_unique-thumbnails/54-large.jpg,ipfs://QmanDoTaVsvSgKpU11ZdmcRAx6WSW3YCAyud7zipXwMFQf
0xBb12686c360e9057be3CD031140035A705e19ceC,FeralfileExhibitionV4,Truth,2439046679443273982118864381573244666658869239,2439046679443273982118864381573244666658869239,55,885f3cca-2d91-4a7f-919d-580876035f73,Cuneiform,image,QmQjzvrvZjzNGiqQhTGsiHeTpb9FmEcjCVWxVySf5FANC1/2439046679443273982118864381573244666658869239,previews/885f3cca-2d91-4a7f-919d-580876035f73/1692861151/_unique-previews/55,ipfs://QmQEDGqC5pKDySNLNjtDQaf7d6JvhhLc3AW4Jm3RWaEwaR,previews/885f3cca-2d91-4a7f-919d-580876035f73/1692861151/_unique-thumbnails/55-large.jpg,ipfs://QmZFFg8Za2aeJv5sE1FSjg1EC1euUWaVyLnBu7oGC1Zkph
0xBb12686c360e9057be3CD031140035A705e19ceC,FeralfileExhibitionV4,Truth,2439046679443273982118864381573244666658869240,2439046679443273982118864381573244666658869240,56,885f3cca-2d91-4a7f-919d-580876035f73,Cuneiform,image,QmQjzvrvZjzNGiqQhTGsiHeTpb9FmEcjCVWxVySf5FANC1/2439046679443273982118864381573244666658869240,previews/885f3cca-2d91-4a7f-919d-580876035f73/1692861151/_unique-previews/56,ipfs://QmcftiMsER635uc5YaKbweMhEweeTHRjxNDjE4NUxk2Wm4,previews/885f3cca-2d91-4a7f-919d-580876035f73/1692861151/_unique-thumbnails/56-large.jpg,ipfs://QmbqnuxUMxf1aPbfp2HeD7JZismapYQu2ND45498pjJoWn
0xBb12686c360e9057be3CD031140035A705e19ceC,FeralfileExhibitionV4,Truth,2439046679443273982118864381573244666658869241,2439046679443273982118864381573244666658869241,57,885f3cca-2d91-4a7f-919d-580876035f73,Cuneiform,image,QmQjzvrvZjzNGiqQhTGsiHeTpb9FmEcjCVWxVySf5FANC1/2439046679443273982118864381573244666658869241,previews/885f3cca-2d91-4a7f-919d-580876035f73/1692861151/_unique-previews/57,ipfs://QmbzPUktnHF73QuFJUXC7FShtNFXjvfXHSQcbUNbPq9v3W,previews/885f3cca-2d91-4a7f-919d-580876035f73/1692861151/_unique-thumbnails/57-large.jpg,ipfs://Qmeq373mieR1LRm1GLJ2NuvGxGzTusb8N55x2aLXbn3yAp
0xBb12686c360e9057be3CD031140035A705e19ceC,FeralfileExhibitionV4,Truth,2439046679443273982118864381573244666658869242,2439046679443273982118864381573244666658869242,58,885f3cca-2d91-4a7f-919d-580876035f73,Cuneiform,image,QmQjzvrvZjzNGiqQhTGsiHeTpb9FmEcjCVWxVySf5FANC1/2439046679443273982118864381573244666658869242,previews/885f3cca-2d91-4a7f-919d-580876035f73/1692861151/_unique-previews/58,ipfs://Qme2sGqUkMSPvDfQMr5YRpzcESVUdHR54ypex8rcRCgkNn,previews/885f3cca-2d91-4a7f-919d-580876035f73/1692861151/_unique-thumbnails/58-large.jpg,ipfs://QmcSqPZXdgd9UsCjgwV6cgoQejaawJieezaCYVqC1hEgRh
0xBb12686c360e9057be3CD031140035A705e19ceC,FeralfileExhibitionV4,Truth,2439046679443273982118864381573244666658869243,2439046679443273982118864381573244666658869243,59,885f3cca-2d91-4a7f-919d-580876035f73,Cuneiform,image,QmQjzvrvZjzNGiqQhTGsiHeTpb9FmEcjCVWxVySf5FANC1/2439046679443273982118864381573244666658869243,previews/885f3cca-2d91-4a7f-919d-580876035f73/1692861151/_unique-previews/59,ipfs://Qmbz9xHMgiXYvPBLUZmBR7RNMAeWhnUBXnUFFaNYGxKVbE,previews/885f3cca-2d91-4a7f-919d-580876035f73/1692861151/_unique-thumbnails/59-large.jpg,ipfs://QmfWGmk4nzYmwhMDZgsxoQEHPSGFhr3M7PfQE1TVnTqi8T
0xBb12686c360e9057be3CD031140035A705e19ceC,FeralfileExhibitionV4,Truth,2439046679443273982118864381573244666658869244,2439046679443273982118864381573244666658869244,60,885f3cca-2d91-4a7f-919d-580876035f73,Cuneiform,image,QmQjzvrvZjzNGiqQhTGsiHeTpb9FmEcjCVWxVySf5FANC1/2439046679443273982118864381573244666658869244,previews/885f3cca-2d91-4a7f-919d-580876035f73/1692861151/_unique-previews/60,ipfs://QmSKjCSBmxw4ZYZjdisqu7Xy58UKCamYvdpWmunMhjG5oT,previews/885f3cca-2d91-4a7f-919d-580876035f73/1692861151/_unique-thumbnails/60-large.jpg,ipfs://QmNWYdkBtqorP7Y65EyjhyuTqNmA8ugnx57nzDsT6asYQv
0xBb12686c360e9057be3CD031140035A705e19ceC,FeralfileExhibitionV4,Truth,2439046679443273982118864381573244666658869245,2439046679443273982118864381573244666658869245,61,885f3cca-2d91-4a7f-919d-580876035f73,Cuneiform,image,QmQjzvrvZjzNGiqQhTGsiHeTpb9FmEcjCVWxVySf5FANC1/2439046679443273982118864381573244666658869245,previews/885f3cca-2d91-4a7f-919d-580876035f73/1692861151/_unique-previews/61,ipfs://QmVaedu5XXDubCWxVPUnHEn5ECahTiUioWrQ8viBUwpVcT,previews/885f3cca-2d91-4a7f-919d-580876035f73/1692861151/_unique-thumbnails/61-large.jpg,ipfs://QmQokncmvJBxwbQ4ENBLespnpwajXdatHpRqBSJyVpDyu1
0xBb12686c360e9057be3CD031140035A705e19ceC,FeralfileExhibitionV4,Truth,2439046679443273982118864381573244666658869246,2439046679443273982118864381573244666658869246,62,885f3cca-2d91-4a7f-919d-580876035f73,Cuneiform,image,QmQjzvrvZjzNGiqQhTGsiHeTpb9FmEcjCVWxVySf5FANC1/2439046679443273982118864381573244666658869246,previews/885f3cca-2d91-4a7f-919d-580876035f73/1692861151/_unique-previews/62,ipfs://QmQWMhwPZkkoNvRCJVoX6zucGsyGpjdwXR4xh8keHNdvfB,previews/885f3cca-2d91-4a7f-919d-580876035f73/1692861151/_unique-thumbnails/62-large.jpg,ipfs://Qmf38i8ZKwTGdauyPeA8B1pceqjEmWqxLDGSB5SUmsqRSj
0xBb12686c360e9057be3CD031140035A705e19ceC,FeralfileExhibitionV4,Truth,2439046679443273982118864381573244666658869247,2439046679443273982118864381573244666658869247,63,885f3cca-2d91-4a7f-919d-580876035f73,Cuneiform,image,QmQjzvrvZjzNGiqQhTGsiHeTpb9FmEcjCVWxVySf5FANC1/2439046679443273982118864381573244666658869247,previews/885f3cca-2d91-4a7f-919d-580876035f73/1692861151/_unique-previews/63,ipfs://Qmd6prSt1HAfqjsxU1Q4M7we1HAQQWxc6WEUiE2WrDXjfK,previews/885f3cca-2d91-4a7f-919d-580876035f73/1692861151/_unique-thumbnails/63-large.jpg,ipfs://QmSMt8BPfcZ1ViizaRfgCs6MYQEJCfseC8w4BiuSdweU1V
0xBb12686c360e9057be3CD031140035A705e19ceC,FeralfileExhibitionV4,Truth,2439046679443273982118864381573244666658869248,2439046679443273982118864381573244666658869248,64,885f3cca-2d91-4a7f-919d-580876035f73,Cuneiform,image,QmQjzvrvZjzNGiqQhTGsiHeTpb9FmEcjCVWxVySf5FANC1/2439046679443273982118864381573244666658869248,previews/885f3cca-2d91-4a7f-919d-580876035f73/1692861151/_unique-previews/64,ipfs://QmWQmjawopc826zPMsm5Jxj2a1tyQp92zoxnFBzxG4FseQ,previews/885f3cca-2d91-4a7f-919d-580876035f73/1692861151/_unique-thumbnails/64-large.jpg,ipfs://QmWc3fNCMm2QsRBsHWgKNhGYd7UyRXF5W2BphrUptByPsr
0xBb12686c360e9057be3CD031140035A705e19ceC,FeralfileExhibitionV4,Truth,2439046679443273982118864381573244666658869249,2439046679443273982118864381573244666658869249,65,885f3cca-2d91-4a7f-919d-580876035f73,Cuneiform,image,QmQjzvrvZjzNGiqQhTGsiHeTpb9FmEcjCVWxVySf5FANC1/2439046679443273982118864381573244666658869249,previews/885f3cca-2d91-4a7f-919d-580876035f73/1692861151/_unique-previews/65,ipfs://QmQxezw6sbTtyBCSAG7yBAmAfKJGiErE4p56kRCS9sZpv4,previews/885f3cca-2d91-4a7f-919d-580876035f73/1692861151/_unique-thumbnails/65-large.jpg,ipfs://QmdQou8vQfdXsgGJsNAFnT85oimmRgkqPycvDEb6VMe2ys
0xBb12686c360e9057be3CD031140035A705e19ceC,FeralfileExhibitionV4,Truth,2439046679443273982118864381573244666658869250,2439046679443273982118864381573244666658869250,66,885f3cca-2d91-4a7f-919d-580876035f73,Cuneiform,image,QmQjzvrvZjzNGiqQhTGsiHeTpb9FmEcjCVWxVySf5FANC1/2439046679443273982118864381573244666658869250,previews/885f3cca-2d91-4a7f-919d-580876035f73/1692861151/_unique-previews/66,ipfs://QmXHNa71yQojv3hCBKUc8LEGFiLtd4YUooevLqe2bTK5er,previews/885f3cca-2d91-4a7f-919d-580876035f73/1692861151/_unique-thumbnails/66-large.jpg,ipfs://QmPXv1jkvvFzjUsVckVQ8C2tWWsxuwJcAxLmPTiYEthehz
0xBb12686c360e9057be3CD031140035A705e19ceC,FeralfileExhibitionV4,Truth,2439046679443273982118864381573244666658869251,2439046679443273982118864381573244666658869251,67,885f3cca-2d91-4a7f-919d-580876035f73,Cuneiform,image,QmQjzvrvZjzNGiqQhTGsiHeTpb9FmEcjCVWxVySf5FANC1/2439046679443273982118864381573244666658869251,previews/885f3cca-2d91-4a7f-919d-580876035f73/1692861151/_unique-previews/67,ipfs://QmRS9UhXcut9NhAT78oEsRV5L7Q3PkYXEK7nSgFhnXRWzw,previews/885f3cca-2d91-4a7f-919d-580876035f73/1692861151/_unique-thumbnails/67-large.jpg,ipfs://QmbYJkKvDSvKQZbNNXWNhbf3ckejdYmTnr6WtijLyHdFNs
0xBb12686c360e9057be3CD031140035A705e19ceC,FeralfileExhibitionV4,Truth,2439046679443273982118864381573244666658869252,2439046679443273982118864381573244666658869252,68,885f3cca-2d91-4a7f-919d-580876035f73,Cuneiform,image,QmQjzvrvZjzNGiqQhTGsiHeTpb9FmEcjCVWxVySf5FANC1/2439046679443273982118864381573244666658869252,previews/885f3cca-2d91-4a7f-919d-580876035f73/1692861151/_unique-previews/68,ipfs://QmQjrRvfNkPypWDL5mK3DT112Q2K164d9DzufhzR93qBk3,previews/885f3cca-2d91-4a7f-919d-580876035f73/1692861151/_unique-thumbnails/68-large.jpg,ipfs://Qmf21FMBA5znvPEEdfC2Yvw3yyAFcy1Tk5udGR3aeYC8ok
0xBb12686c360e9057be3CD031140035A705e19ceC,FeralfileExhibitionV4,Truth,2439046679443273982118864381573244666658869253,2439046679443273982118864381573244666658869253,69,885f3cca-2d91-4a7f-919d-580876035f73,Cuneiform,image,QmQjzvrvZjzNGiqQhTGsiHeTpb9FmEcjCVWxVySf5FANC1/2439046679443273982118864381573244666658869253,previews/885f3cca-2d91-4a7f-919d-580876035f73/1692861151/_unique-previews/69,ipfs://QmYb7CH4b5vgasR6rxTLdgZKFT1JQM4Jx92usLTnWRja8j,previews/885f3cca-2d91-4a7f-919d-580876035f73/1692861151/_unique-thumbnails/69-large.jpg,ipfs://QmW8tBvczCixFhdCMEc9peQKAvYCtiJASFTNbFTEFdhkJ4
0xBb12686c360e9057be3CD031140035A705e19ceC,FeralfileExhibitionV4,Truth,2439046679443273982118864381573244666658869254,2439046679443273982118864381573244666658869254,70,885f3cca-2d91-4a7f-919d-580876035f73,Cuneiform,image,QmQjzvrvZjzNGiqQhTGsiHeTpb9FmEcjCVWxVySf5FANC1/2439046679443273982118864381573244666658869254,previews/885f3cca-2d91-4a7f-919d-580876035f73/1692861151/_unique-previews/70,ipfs://QmduFQX2vJzidr1j83ZTozWYrqzB1wKRTzmEwgE753oHkC,previews/885f3cca-2d91-4a7f-919d-580876035f73/1692861151/_unique-thumbnails/70-large.jpg,ipfs://QmX4GVqCazMhcvWstZGtQiHbr17Bk1RXx3w2ZmykvZN4d4
0xBb12686c360e9057be3CD031140035A705e19ceC,FeralfileExhibitionV4,Truth,2439046679443273982118864381573244666658869255,2439046679443273982118864381573244666658869255,71,885f3cca-2d91-4a7f-919d-580876035f73,Cuneiform,image,QmQjzvrvZjzNGiqQhTGsiHeTpb9FmEcjCVWxVySf5FANC1/2439046679443273982118864381573244666658869255,previews/885f3cca-2d91-4a7f-919d-580876035f73/1692861151/_unique-previews/71,ipfs://QmWHmGnJ8C8RcV6A3wsgHJMFDabFtw1AQcLteSfNr3dcnK,previews/885f3cca-2d91-4a7f-919d-580876035f73/1692861151/_unique-thumbnails/71-large.jpg,ipfs://QmQn3fkTbbq8gbqZLZNS72AV12V1xLENFG7RwmeMFQLsN1
0xBb12686c360e9057be3CD031140035A705e19ceC,FeralfileExhibitionV4,Truth,2439046679443273982118864381573244666658869256,2439046679443273982118864381573244666658869256,72,885f3cca-2d91-4a7f-919d-580876035f73,Cuneiform,image,QmQjzvrvZjzNGiqQhTGsiHeTpb9FmEcjCVWxVySf5FANC1/2439046679443273982118864381573244666658869256,previews/885f3cca-2d91-4a7f-919d-580876035f73/1692861151/_unique-previews/72,ipfs://QmRcFRxAvTpRzcfFWG4oFk76WVb4Nb9s5BMt4JEoAKp33A,previews/885f3cca-2d91-4a7f-919d-580876035f73/1692861151/_unique-thumbnails/72-large.jpg,ipfs://QmYeSpJjZGtMRKKb9yeKcccXa3R94hkiLKXbyxECJ4gxHz
0xBb12686c360e9057be3CD031140035A705e19ceC,FeralfileExhibitionV4,Truth,2439046679443273982118864381573244666658869257,2439046679443273982118864381573244666658869257,73,885f3cca-2d91-4a7f-919d-580876035f73,Cuneiform,image,QmQjzvrvZjzNGiqQhTGsiHeTpb9FmEcjCVWxVySf5FANC1/2439046679443273982118864381573244666658869257,previews/885f3cca-2d91-4a7f-919d-580876035f73/1692861151/_unique-previews/73,ipfs://QmafQ6uP4AjwQs8yWyAPLwcHZR2FEkid2ZbMd9nRphDFXx,previews/885f3cca-2d91-4a7f-919d-580876035f73/1692861151/_unique-thumbnails/73-large.jpg,ipfs://QmNP9AeVukMEwrLScyDTAnZxiqoLqzVE2J9NpWGLRyZZdE
0xBb12686c360e9057be3CD031140035A705e19ceC,FeralfileExhibitionV4,Truth,2439046679443273982118864381573244666658869258,2439046679443273982118864381573244666658869258,74,885f3cca-2d91-4a7f-919d-580876035f73,Cuneiform,image,QmQjzvrvZjzNGiqQhTGsiHeTpb9FmEcjCVWxVySf5FANC1/2439046679443273982118864381573244666658869258,previews/885f3cca-2d91-4a7f-919d-580876035f73/1692861151/_unique-previews/74,ipfs://QmSeY9CmgqTWwUMpAAoChwYUjECbjNTtoTjE1iPEDEPy7e,previews/885f3cca-2d91-4a7f-919d-580876035f73/1692861151/_unique-thumbnails/74-large.jpg,ipfs://QmUSwYpxqAv9YMdoYmxgYN8RBgjoEgtqWz7ScyZ2YkJUBA
0xBb12686c360e9057be3CD031140035A705e19ceC,FeralfileExhibitionV4,Truth,2439046679443273982118864381573244666658869259,2439046679443273982118864381573244666658869259,75,885f3cca-2d91-4a7f-919d-580876035f73,Cuneiform,image,QmQjzvrvZjzNGiqQhTGsiHeTpb9FmEcjCVWxVySf5FANC1/2439046679443273982118864381573244666658869259,previews/885f3cca-2d91-4a7f-919d-580876035f73/1692861151/_unique-previews/75,ipfs://QmfX4CKnjraXrAsBNATA2Syea2WyNotiVUwSrh6CxNE6j3,previews/885f3cca-2d91-4a7f-919d-580876035f73/1692861151/_unique-thumbnails/75-large.jpg,ipfs://QmcvDvngmvraHewNBA4j3Z127YFwg3WTurSVJafiUe5wZB
0xBb12686c360e9057be3CD031140035A705e19ceC,FeralfileExhibitionV4,Truth,2439046679443273982118864381573244666658869260,2439046679443273982118864381573244666658869260,76,885f3cca-2d91-4a7f-919d-580876035f73,Cuneiform,image,QmQjzvrvZjzNGiqQhTGsiHeTpb9FmEcjCVWxVySf5FANC1/2439046679443273982118864381573244666658869260,previews/885f3cca-2d91-4a7f-919d-580876035f73/1692861151/_unique-previews/76,ipfs://QmRFprc7NxYHJeqk28ECZchSnoiFmbemTqmhGANL55mwEx,previews/885f3cca-2d91-4a7f-919d-580876035f73/1692861151/_unique-thumbnails/76-large.jpg,ipfs://QmaYmvCiXadaeBy9vvgBwJH96uFg2ws8wPHPzU2hHiT1wL
0xBb12686c360e9057be3CD031140035A705e19ceC,FeralfileExhibitionV4,Truth,2439046679443273982118864381573244666658869261,2439046679443273982118864381573244666658869261,77,885f3cca-2d91-4a7f-919d-580876035f73,Cuneiform,image,QmQjzvrvZjzNGiqQhTGsiHeTpb9FmEcjCVWxVySf5FANC1/2439046679443273982118864381573244666658869261,previews/885f3cca-2d91-4a7f-919d-580876035f73/1692861151/_unique-previews/77,ipfs://QmSQ8bGW8rGrZJQzxRVZPpjSxepkwaTcoDg2JuuQ3CNvi9,previews/885f3cca-2d91-4a7f-919d-580876035f73/1692861151/_unique-thumbnails/77-large.jpg,ipfs://QmR2FqZbLF27oMtvENC7uAfTNRkXT5PtRcoT5QUKahWMmi
0xBb12686c360e9057be3CD031140035A705e19ceC,FeralfileExhibitionV4,Truth,2439046679443273982118864381573244666658869262,2439046679443273982118864381573244666658869262,78,885f3cca-2d91-4a7f-919d-580876035f73,Cuneiform,image,QmQjzvrvZjzNGiqQhTGsiHeTpb9FmEcjCVWxVySf5FANC1/2439046679443273982118864381573244666658869262,previews/885f3cca-2d91-4a7f-919d-580876035f73/1692861151/_unique-previews/78,ipfs://QmWc5DrKfHch4K4dSb1bEfkrpZHQ6NFbj3qK6mqMttoLrR,previews/885f3cca-2d91-4a7f-919d-580876035f73/1692861151/_unique-thumbnails/78-large.jpg,ipfs://Qmdivv8BS5kmmLerVcfDXpqRnHS3p9Qjw3qjx9nfwLYbWY
0xBb12686c360e9057be3CD031140035A705e19ceC,FeralfileExhibitionV4,Truth,2439046679443273982118864381573244666658869263,2439046679443273982118864381573244666658869263,79,885f3cca-2d91-4a7f-919d-580876035f73,Cuneiform,image,QmQjzvrvZjzNGiqQhTGsiHeTpb9FmEcjCVWxVySf5FANC1/2439046679443273982118864381573244666658869263,previews/885f3cca-2d91-4a7f-919d-580876035f73/1692861151/_unique-previews/79,ipfs://QmQBd2X2DdaVQv7c3YmN7cZ2TgTtHJiGGscxq7Kz4H4CK5,previews/885f3cca-2d91-4a7f-919d-580876035f73/1692861151/_unique-thumbnails/79-large.jpg,ipfs://QmQ3gcqodgkietWRL7EcuJQ1tax9Z8enciyS63HtqRFTNw
0xBb12686c360e9057be3CD031140035A705e19ceC,FeralfileExhibitionV4,Truth,2439046679443273982118864381573244666658869264,2439046679443273982118864381573244666658869264,80,885f3cca-2d91-4a7f-919d-580876035f73,Cuneiform,image,QmQjzvrvZjzNGiqQhTGsiHeTpb9FmEcjCVWxVySf5FANC1/2439046679443273982118864381573244666658869264,previews/885f3cca-2d91-4a7f-919d-580876035f73/1692861151/_unique-previews/80,ipfs://QmfAufbykBVFD355Fr8nBwrTGjMi67JP7AhDd42b7g1Z56,previews/885f3cca-2d91-4a7f-919d-580876035f73/1692861151/_unique-thumbnails/80-large.jpg,ipfs://QmP8RC9nSUPpb9raym68EHWmG1SZbe4mnSgLLJ8ym5fyi9
0xBb12686c360e9057be3CD031140035A705e19ceC,FeralfileExhibitionV4,Truth,2439046679443273982118864381573244666658869265,2439046679443273982118864381573244666658869265,81,885f3cca-2d91-4a7f-919d-580876035f73,Cuneiform,image,QmQjzvrvZjzNGiqQhTGsiHeTpb9FmEcjCVWxVySf5FANC1/2439046679443273982118864381573244666658869265,previews/885f3cca-2d91-4a7f-919d-580876035f73/1692861151/_unique-previews/81,ipfs://Qmb9rqHaZzQdw4ghNfHTFmVqBLbpsc6ycmkR7dwPWooP5a,previews/885f3cca-2d91-4a7f-919d-580876035f73/1692861151/_unique-thumbnails/81-large.jpg,ipfs://QmWSmUZeoeQx8L1AVJSKDSZnH7u48AHUNwRbrMQ3mtAZtP
0xBb12686c360e9057be3CD031140035A705e19ceC,FeralfileExhibitionV4,Truth,2439046679443273982118864381573244666658869266,2439046679443273982118864381573244666658869266,82,885f3cca-2d91-4a7f-919d-580876035f73,Cuneiform,image,QmQjzvrvZjzNGiqQhTGsiHeTpb9FmEcjCVWxVySf5FANC1/2439046679443273982118864381573244666658869266,previews/885f3cca-2d91-4a7f-919d-580876035f73/1692861151/_unique-previews/82,ipfs://QmfAupYFHmYgoGGfdVpCixQJ1tCVSrMg6knACmXpkqSY6g,previews/885f3cca-2d91-4a7f-919d-580876035f73/1692861151/_unique-thumbnails/82-large.jpg,ipfs://QmS1eUTfrLoj2Rc4vgQCGLFdr1p8Mvg3yS9DcvPDtktK8z
0xBb12686c360e9057be3CD031140035A705e19ceC,FeralfileExhibitionV4,Truth,2439046679443273982118864381573244666658869267,2439046679443273982118864381573244666658869267,83,885f3cca-2d91-4a7f-919d-580876035f73,Cuneiform,image,QmQjzvrvZjzNGiqQhTGsiHeTpb9FmEcjCVWxVySf5FANC1/2439046679443273982118864381573244666658869267,previews/885f3cca-2d91-4a7f-919d-580876035f73/1692861151/_unique-previews/83,ipfs://QmWk9nV8v51wcBxoxZG4mmEhhbEnEnYT5Q2BrfAc1G2sbj,previews/885f3cca-2d91-4a7f-919d-580876035f73/1692861151/_unique-thumbnails/83-large.jpg,ipfs://QmSyR69ycgYQFjCBAFv4mgFvzhfyXvjmHqP7TYSMdxpiZP
0xBb12686c360e9057be3CD031140035A705e19ceC,FeralfileExhibitionV4,Truth,2439046679443273982118864381573244666658869268,2439046679443273982118864381573244666658869268,84,885f3cca-2d91-4a7f-919d-580876035f73,Cuneiform,image,QmQjzvrvZjzNGiqQhTGsiHeTpb9FmEcjCVWxVySf5FANC1/2439046679443273982118864381573244666658869268,previews/885f3cca-2d91-4a7f-919d-580876035f73/1692861151/_unique-previews/84,ipfs://QmTAAc5RYnqwdNabV2F4qGnoSQA7RQCWwF1yMCrnriytgk,previews/885f3cca-2d91-4a7f-919d-580876035f73/1692861151/_unique-thumbnails/84-large.jpg,ipfs://Qmdm88mw3eZ3wfCTMuKPy12EtAHd9xPkEJnAsXyLSgDTnN
0xBb12686c360e9057be3CD031140035A705e19ceC,FeralfileExhibitionV4,Truth,2439046679443273982118864381573244666658869269,2439046679443273982118864381573244666658869269,85,885f3cca-2d91-4a7f-919d-580876035f73,Cuneiform,image,QmQjzvrvZjzNGiqQhTGsiHeTpb9FmEcjCVWxVySf5FANC1/2439046679443273982118864381573244666658869269,previews/885f3cca-2d91-4a7f-919d-580876035f73/1692861151/_unique-previews/85,ipfs://Qma7s5QdnbCjxQCD2tQF8KdDf1vrBCDr5PNoUDvCo7DyUc,previews/885f3cca-2d91-4a7f-919d-580876035f73/1692861151/_unique-thumbnails/85-large.jpg,ipfs://QmSdyYswPfEwU3v2U9YaoBb6nGvKyxgn44idpspnGgNx3g
0xBb12686c360e9057be3CD031140035A705e19ceC,FeralfileExhibitionV4,Truth,2439046679443273982118864381573244666658869270,2439046679443273982118864381573244666658869270,86,885f3cca-2d91-4a7f-919d-580876035f73,Cuneiform,image,QmQjzvrvZjzNGiqQhTGsiHeTpb9FmEcjCVWxVySf5FANC1/2439046679443273982118864381573244666658869270,previews/885f3cca-2d91-4a7f-919d-580876035f73/1692861151/_unique-previews/86,ipfs://QmSJYmkXUeA3qSs1cv76Yer2yPkW7uPWfpXXsgUAUjGa48,previews/885f3cca-2d91-4a7f-919d-580876035f73/1692861151/_unique-thumbnails/86-large.jpg,ipfs://QmQcZEPzx9P4xtiDxvXC48SwTr15dMYnvhiGPQQvyne6EA
0xBb12686c360e9057be3CD031140035A705e19ceC,FeralfileExhibitionV4,Truth,2439046679443273982118864381573244666658869271,2439046679443273982118864381573244666658869271,87,885f3cca-2d91-4a7f-919d-580876035f73,Cuneiform,image,QmQjzvrvZjzNGiqQhTGsiHeTpb9FmEcjCVWxVySf5FANC1/2439046679443273982118864381573244666658869271,previews/885f3cca-2d91-4a7f-919d-580876035f73/1692861151/_unique-previews/87,ipfs://QmcBtkrqtUXsUVmNYN4zbgwBnXb3UKzySfB2i7fvVxsQrj,previews/885f3cca-2d91-4a7f-919d-580876035f73/1692861151/_unique-thumbnails/87-large.jpg,ipfs://QmfVpBgW3gJAiQAsYaBA3UgrbG7Xa7FRKX2ak1uP1SwiPX
0xBb12686c360e9057be3CD031140035A705e19ceC,FeralfileExhibitionV4,Truth,2439046679443273982118864381573244666658869272,2439046679443273982118864381573244666658869272,88,885f3cca-2d91-4a7f-919d-580876035f73,Cuneiform,image,QmQjzvrvZjzNGiqQhTGsiHeTpb9FmEcjCVWxVySf5FANC1/2439046679443273982118864381573244666658869272,previews/885f3cca-2d91-4a7f-919d-580876035f73/1692861151/_unique-previews/88,ipfs://QmcCrd9L5YpfmtFRHJZNVDTHkngfkKwLwCz854o66CVC3g,previews/885f3cca-2d91-4a7f-919d-580876035f73/1692861151/_unique-thumbnails/88-large.jpg,ipfs://QmdiFYdRP8ot2noUMsECh4cpQDawJgu2u1Zq492ENqv5vx
0xBb12686c360e9057be3CD031140035A705e19ceC,FeralfileExhibitionV4,Truth,2439046679443273982118864381573244666658869273,2439046679443273982118864381573244666658869273,89,885f3cca-2d91-4a7f-919d-580876035f73,Cuneiform,image,QmQjzvrvZjzNGiqQhTGsiHeTpb9FmEcjCVWxVySf5FANC1/2439046679443273982118864381573244666658869273,previews/885f3cca-2d91-4a7f-919d-580876035f73/1692861151/_unique-previews/89,ipfs://QmaL5JumbZuFP4f8atk7HNXmchafxwSwa2199uv6UTJ1ef,previews/885f3cca-2d91-4a7f-919d-580876035f73/1692861151/_unique-thumbnails/89-large.jpg,ipfs://QmT25S6urBirUbd2EnoQQ1iLpcuw5jRWoHspsheQhw4iDL
0xBb12686c360e9057be3CD031140035A705e19ceC,FeralfileExhibitionV4,Truth,2439046679443273982118864381573244666658869274,2439046679443273982118864381573244666658869274,90,885f3cca-2d91-4a7f-919d-580876035f73,Cuneiform,image,QmQjzvrvZjzNGiqQhTGsiHeTpb9FmEcjCVWxVySf5FANC1/2439046679443273982118864381573244666658869274,previews/885f3cca-2d91-4a7f-919d-580876035f73/1692861151/_unique-previews/90,ipfs://Qma6ERgy3qnoe3ExAhBMD3K3KKkysrBmN56zB7ZQ4iXeEJ,previews/885f3cca-2d91-4a7f-919d-580876035f73/1692861151/_unique-thumbnails/90-large.jpg,ipfs://QmSi4NUxEctGNRzjPgX1B2h2pqUKGfqSqUTz8nN5NgCBRf
0xBb12686c360e9057be3CD031140035A705e19ceC,FeralfileExhibitionV4,Truth,2439046679443273982118864381573244666658869275,2439046679443273982118864381573244666658869275,91,885f3cca-2d91-4a7f-919d-580876035f73,Cuneiform,image,QmQjzvrvZjzNGiqQhTGsiHeTpb9FmEcjCVWxVySf5FANC1/2439046679443273982118864381573244666658869275,previews/885f3cca-2d91-4a7f-919d-580876035f73/1692861151/_unique-previews/91,ipfs://QmSGyyjEMBLBNPZZshfLpGySmCTaFFuRmWZD1ugdXdUcSu,previews/885f3cca-2d91-4a7f-919d-580876035f73/1692861151/_unique-thumbnails/91-large.jpg,ipfs://QmVZtBccx4q16iq4i5k8ZrKYMBgomvU2qgjNt48uUy9vja
0xBb12686c360e9057be3CD031140035A705e19ceC,FeralfileExhibitionV4,Truth,2439046679443273982118864381573244666658869276,2439046679443273982118864381573244666658869276,92,885f3cca-2d91-4a7f-919d-580876035f73,Cuneiform,image,QmQjzvrvZjzNGiqQhTGsiHeTpb9FmEcjCVWxVySf5FANC1/2439046679443273982118864381573244666658869276,previews/885f3cca-2d91-4a7f-919d-580876035f73/1692861151/_unique-previews/92,ipfs://QmS5RCGXMQ3EogqKvcngtekDT9WeR6YSj4sFBZwKd2iTTV,previews/885f3cca-2d91-4a7f-919d-580876035f73/1692861151/_unique-thumbnails/92-large.jpg,ipfs://QmRKreDjvyCA9PfYZowaH9h1CxrRdL5z3nGxDoahMiUi38
0xBb12686c360e9057be3CD031140035A705e19ceC,FeralfileExhibitionV4,Truth,2439046679443273982118864381573244666658869277,2439046679443273982118864381573244666658869277,93,885f3cca-2d91-4a7f-919d-580876035f73,Cuneiform,image,QmQjzvrvZjzNGiqQhTGsiHeTpb9FmEcjCVWxVySf5FANC1/2439046679443273982118864381573244666658869277,previews/885f3cca-2d91-4a7f-919d-580876035f73/1692861151/_unique-previews/93,ipfs://QmYAifH1NMcxr9rSiCtRnDyitEj92U5pujEkpYB9TuJ1eQ,previews/885f3cca-2d91-4a7f-919d-580876035f73/1692861151/_unique-thumbnails/93-large.jpg,ipfs://QmRhprReYcUns6WUBbCpasPToiyrvJzC7EacunDSXWciAs
0xBb12686c360e9057be3CD031140035A705e19ceC,FeralfileExhibitionV4,Truth,2439046679443273982118864381573244666658869278,2439046679443273982118864381573244666658869278,94,885f3cca-2d91-4a7f-919d-580876035f73,Cuneiform,image,QmQjzvrvZjzNGiqQhTGsiHeTpb9FmEcjCVWxVySf5FANC1/2439046679443273982118864381573244666658869278,previews/885f3cca-2d91-4a7f-919d-580876035f73/1692861151/_unique-previews/94,ipfs://QmaMhmg2WGYw6UPEY8u8hQYRKq7Bo3r4pu2F686EfPJKvb,previews/885f3cca-2d91-4a7f-919d-580876035f73/1692861151/_unique-thumbnails/94-large.jpg,ipfs://QmergvVTwe7iChTPMRGsnoWpcQcXbZLPWKDmQiZK8Vf3cF
0xBb12686c360e9057be3CD031140035A705e19ceC,FeralfileExhibitionV4,Truth,2439046679443273982118864381573244666658869279,2439046679443273982118864381573244666658869279,95,885f3cca-2d91-4a7f-919d-580876035f73,Cuneiform,image,QmQjzvrvZjzNGiqQhTGsiHeTpb9FmEcjCVWxVySf5FANC1/2439046679443273982118864381573244666658869279,previews/885f3cca-2d91-4a7f-919d-580876035f73/1692861151/_unique-previews/95,ipfs://QmTrUorqwoDMuKQJWDTtwe3NZfCQVKb7GJxcgxMhtJg8bF,previews/885f3cca-2d91-4a7f-919d-580876035f73/1692861151/_unique-thumbnails/95-large.jpg,ipfs://QmSogwA3WP1CVgN9UPSn5Z4N7gfhr7NuMo8TXPMXJo2aEf
0xBb12686c360e9057be3CD031140035A705e19ceC,FeralfileExhibitionV4,Truth,2439046679443273982118864381573244666658869280,2439046679443273982118864381573244666658869280,96,885f3cca-2d91-4a7f-919d-580876035f73,Cuneiform,image,QmQjzvrvZjzNGiqQhTGsiHeTpb9FmEcjCVWxVySf5FANC1/2439046679443273982118864381573244666658869280,previews/885f3cca-2d91-4a7f-919d-580876035f73/1692861151/_unique-previews/96,ipfs://QmVCUhRmCcc9DEgPCjFBcXMUw3gPHqJXgEnx3WXXYWyeqa,previews/885f3cca-2d91-4a7f-919d-580876035f73/1692861151/_unique-thumbnails/96-large.jpg,ipfs://QmRyiTwsK69kHw92VTtnazKn9fYsBDqbSTtK4AdFSY5eTc
0xBb12686c360e9057be3CD031140035A705e19ceC,FeralfileExhibitionV4,Truth,2439046679443273982118864381573244666658869281,2439046679443273982118864381573244666658869281,97,885f3cca-2d91-4a7f-919d-580876035f73,Cuneiform,image,QmQjzvrvZjzNGiqQhTGsiHeTpb9FmEcjCVWxVySf5FANC1/2439046679443273982118864381573244666658869281,previews/885f3cca-2d91-4a7f-919d-580876035f73/1692861151/_unique-previews/97,ipfs://QmPDSDMsco1Jm9PdAo4tc3ZKYZZcrTJBwZAT5XdSZ2D6Jk,previews/885f3cca-2d91-4a7f-919d-580876035f73/1692861151/_unique-thumbnails/97-large.jpg,ipfs://QmPmJ34MtFxokQxrwmSohmbFqawVFcpCvKGesvjiX6ZLgW
0xBb12686c360e9057be3CD031140035A705e19ceC,FeralfileExhibitionV4,Truth,2439046679443273982118864381573244666658869282,2439046679443273982118864381573244666658869282,98,885f3cca-2d91-4a7f-919d-580876035f73,Cuneiform,image,QmQjzvrvZjzNGiqQhTGsiHeTpb9FmEcjCVWxVySf5FANC1/2439046679443273982118864381573244666658869282,previews/885f3cca-2d91-4a7f-919d-580876035f73/1692861151/_unique-previews/98,ipfs://QmfSjRh9na8B5Wm8T2i3RzqKnXLvjhxbB8EVR8FGi1LgQW,previews/885f3cca-2d91-4a7f-919d-580876035f73/1692861151/_unique-thumbnails/98-large.jpg,ipfs://QmW7Yxibk8beo7BV9RnoazFt5Kf9XSgvStvfC3DzoMkfFH
0xBb12686c360e9057be3CD031140035A705e19ceC,FeralfileExhibitionV4,Truth,2439046679443273982118864381573244666658869283,2439046679443273982118864381573244666658869283,99,885f3cca-2d91-4a7f-919d-580876035f73,Cuneiform,image,QmQjzvrvZjzNGiqQhTGsiHeTpb9FmEcjCVWxVySf5FANC1/2439046679443273982118864381573244666658869283,previews/885f3cca-2d91-4a7f-919d-580876035f73/1692861151/_unique-previews/99,ipfs://QmVzc3kgFnUzyLtCh2N5T4NHz16ZA1795TfT4KXsp1WS93,previews/885f3cca-2d91-4a7f-919d-580876035f73/1692861151/_unique-thumbnails/99-large.jpg,ipfs://QmR5Kn4J2Eezgby7Xt59rLxuJ421GbL3seDW5FBp4hH4vV
0xBb12686c360e9057be3CD031140035A705e19ceC,FeralfileExhibitionV4,Truth,2439046679443273982118864381573244666658869284,2439046679443273982118864381573244666658869284,100,885f3cca-2d91-4a7f-919d-580876035f73,Cuneiform,image,QmQjzvrvZjzNGiqQhTGsiHeTpb9FmEcjCVWxVySf5FANC1/2439046679443273982118864381573244666658869284,previews/885f3cca-2d91-4a7f-919d-580876035f73/1692861151/_unique-previews/100,ipfs://QmRQpiWokNukkxbL51qHWcg65nJXqLiDdQxYcRTgRa3cC5,previews/885f3cca-2d91-4a7f-919d-580876035f73/1692861151/_unique-thumbnails/100-large.jpg,ipfs://QmSB5kcA4aJ8DPNDNro4cQrZv1v8uAyHUDBJGo6gTCvW1L
0xBb12686c360e9057be3CD031140035A705e19ceC,FeralfileExhibitionV4,Truth,2439046679443273982118864381573244666658869285,2439046679443273982118864381573244666658869285,101,885f3cca-2d91-4a7f-919d-580876035f73,Cuneiform,image,QmQjzvrvZjzNGiqQhTGsiHeTpb9FmEcjCVWxVySf5FANC1/2439046679443273982118864381573244666658869285,previews/885f3cca-2d91-4a7f-919d-580876035f73/1692861151/_unique-previews/101,ipfs://QmYgXSE6vcwsojLbatquiYZxhDh8Seb9cfKARkc3WRPjph,previews/885f3cca-2d91-4a7f-919d-580876035f73/1692861151/_unique-thumbnails/101-large.jpg,ipfs://QmVFpzhFUciS8feGkAY8K2hjWLNeibyuxRXMnRj8XQCqGW
0xBb12686c360e9057be3CD031140035A705e19ceC,FeralfileExhibitionV4,Truth,2439046679443273982118864381573244666658869286,2439046679443273982118864381573244666658869286,102,885f3cca-2d91-4a7f-919d-580876035f73,Cuneiform,image,QmQjzvrvZjzNGiqQhTGsiHeTpb9FmEcjCVWxVySf5FANC1/2439046679443273982118864381573244666658869286,previews/885f3cca-2d91-4a7f-919d-580876035f73/1692861151/_unique-previews/102,ipfs://Qma5GArSiiz1TjkUVbPRf3feZouJHb8wsz93DC3qADFqBh,previews/885f3cca-2d91-4a7f-919d-580876035f73/1692861151/_unique-thumbnails/102-large.jpg,ipfs://Qme2DTPBaoi3F6dGgyB1kuG5b27NuntygZ6SGN5735e9Bu
0xBb12686c360e9057be3CD031140035A705e19ceC,FeralfileExhibitionV4,Truth,2439046679443273982118864381573244666658869287,2439046679443273982118864381573244666658869287,103,885f3cca-2d91-4a7f-919d-580876035f73,Cuneiform,image,QmQjzvrvZjzNGiqQhTGsiHeTpb9FmEcjCVWxVySf5FANC1/2439046679443273982118864381573244666658869287,previews/885f3cca-2d91-4a7f-919d-580876035f73/1692861151/_unique-previews/103,ipfs://QmZncMZjeDXV98cMBzbjjQQ4QbGPXKhUAtg8hANeyuLK4c,previews/885f3cca-2d91-4a7f-919d-580876035f73/1692861151/_unique-thumbnails/103-large.jpg,ipfs://QmUDdQFZbELrK1vYenLj7Kvcy5WfBpL6ddN2iutWzRcpwJ
0xBb12686c360e9057be3CD031140035A705e19ceC,FeralfileExhibitionV4,Truth,2439046679443273982118864381573244666658869288,2439046679443273982118864381573244666658869288,104,885f3cca-2d91-4a7f-919d-580876035f73,Cuneiform,image,QmQjzvrvZjzNGiqQhTGsiHeTpb9FmEcjCVWxVySf5FANC1/2439046679443273982118864381573244666658869288,previews/885f3cca-2d91-4a7f-919d-580876035f73/1692861151/_unique-previews/104,ipfs://QmQgQSgkdrbtj586vrUVbpoHm9LbQRZzCEiAEpP1qyMFcR,previews/885f3cca-2d91-4a7f-919d-580876035f73/1692861151/_unique-thumbnails/104-large.jpg,ipfs://QmYMTxajrpm3vJmsFiKJ5W3NmgNZaNbpbdugi24oVCYtjf
0xBb12686c360e9057be3CD031140035A705e19ceC,FeralfileExhibitionV4,Truth,2439046679443273982118864381573244666658869289,2439046679443273982118864381573244666658869289,105,885f3cca-2d91-4a7f-919d-580876035f73,Cuneiform,image,QmQjzvrvZjzNGiqQhTGsiHeTpb9FmEcjCVWxVySf5FANC1/2439046679443273982118864381573244666658869289,previews/885f3cca-2d91-4a7f-919d-580876035f73/1692861151/_unique-previews/105,ipfs://QmX5AEwyaqy8S6pxVGw4uw5jiMJfURVyaSqXgeJjezYS3B,previews/885f3cca-2d91-4a7f-919d-580876035f73/1692861151/_unique-thumbnails/105-large.jpg,ipfs://QmNkNPbqAZgtPVWn3gij744v9tWMDw8BHT9n7JDMLZXQs3
0xBb12686c360e9057be3CD031140035A705e19ceC,FeralfileExhibitionV4,Truth,2439046679443273982118864381573244666658869290,2439046679443273982118864381573244666658869290,106,885f3cca-2d91-4a7f-919d-580876035f73,Cuneiform,image,QmQjzvrvZjzNGiqQhTGsiHeTpb9FmEcjCVWxVySf5FANC1/2439046679443273982118864381573244666658869290,previews/885f3cca-2d91-4a7f-919d-580876035f73/1692861151/_unique-previews/106,ipfs://QmT8cfXv7HXDFH3sUbspkerMhwCWHMZxaM6TKSmctbxC8J,previews/885f3cca-2d91-4a7f-919d-580876035f73/1692861151/_unique-thumbnails/106-large.jpg,ipfs://QmZayArqN5RtLL9hnvi6eU8BTSQudsj5A9PfGARL4E4zb8
0xBb12686c360e9057be3CD031140035A705e19ceC,FeralfileExhibitionV4,Truth,2439046679443273982118864381573244666658869291,2439046679443273982118864381573244666658869291,107,885f3cca-2d91-4a7f-919d-580876035f73,Cuneiform,image,QmQjzvrvZjzNGiqQhTGsiHeTpb9FmEcjCVWxVySf5FANC1/2439046679443273982118864381573244666658869291,previews/885f3cca-2d91-4a7f-919d-580876035f73/1692861151/_unique-previews/107,ipfs://QmXg8yhRt3MjK2mHTy7UNmw9Npp84ozabUaiPn9uGSYq8W,previews/885f3cca-2d91-4a7f-919d-580876035f73/1692861151/_unique-thumbnails/107-large.jpg,ipfs://QmU36q8DmNShQZh9GEDWXeNB122P4hAq52pm71B3vEUgAd
0xBb12686c360e9057be3CD031140035A705e19ceC,FeralfileExhibitionV4,Truth,2439046679443273982118864381573244666658869292,2439046679443273982118864381573244666658869292,108,885f3cca-2d91-4a7f-919d-580876035f73,Cuneiform,image,QmQjzvrvZjzNGiqQhTGsiHeTpb9FmEcjCVWxVySf5FANC1/2439046679443273982118864381573244666658869292,previews/885f3cca-2d91-4a7f-919d-580876035f73/1692861151/_unique-previews/108,ipfs://QmUEvSF1YvxujnSrwPNLDBRzyYpM6WGwhGow2Z2h6Nqqph,previews/885f3cca-2d91-4a7f-919d-580876035f73/1692861151/_unique-thumbnails/108-large.jpg,ipfs://QmT3Xn1b1uEBnnyPXMsMRSTSTaorUcqZdhSqvPEtTM7GM4
0xBb12686c360e9057be3CD031140035A705e19ceC,FeralfileExhibitionV4,Truth,2439046679443273982118864381573244666658869293,2439046679443273982118864381573244666658869293,109,885f3cca-2d91-4a7f-919d-580876035f73,Cuneiform,image,QmQjzvrvZjzNGiqQhTGsiHeTpb9FmEcjCVWxVySf5FANC1/2439046679443273982118864381573244666658869293,previews/885f3cca-2d91-4a7f-919d-580876035f73/1692861151/_unique-previews/109,ipfs://QmSFkrq7yn4go2LsiBTcPLvTzD9DtebLhdeJ56g6QTwdVg,previews/885f3cca-2d91-4a7f-919d-580876035f73/1692861151/_unique-thumbnails/109-large.jpg,ipfs://QmYbAwnbUYPAfTXtRF8Qv7TA9oPfmW2k7dPo7wB4C66CUk
0xBb12686c360e9057be3CD031140035A705e19ceC,FeralfileExhibitionV4,Truth,2439046679443273982118864381573244666658869294,2439046679443273982118864381573244666658869294,110,885f3cca-2d91-4a7f-919d-580876035f73,Cuneiform,image,QmQjzvrvZjzNGiqQhTGsiHeTpb9FmEcjCVWxVySf5FANC1/2439046679443273982118864381573244666658869294,previews/885f3cca-2d91-4a7f-919d-580876035f73/1692861151/_unique-previews/110,ipfs://QmeujmGXPqS8EGGobjG5SELGnMUCQj9c3ZG1h2utnRd55c,previews/885f3cca-2d91-4a7f-919d-580876035f73/1692861151/_unique-thumbnails/110-large.jpg,ipfs://QmQSk4Di2oXXkzsSwRDHS48pbVa7ZtwQjLMgXNx1nFu87j
0xBb12686c360e9057be3CD031140035A705e19ceC,FeralfileExhibitionV4,Truth,2439046679443273982118864381573244666658869295,2439046679443273982118864381573244666658869295,111,885f3cca-2d91-4a7f-919d-580876035f73,Cuneiform,image,QmQjzvrvZjzNGiqQhTGsiHeTpb9FmEcjCVWxVySf5FANC1/2439046679443273982118864381573244666658869295,previews/885f3cca-2d91-4a7f-919d-580876035f73/1692861151/_unique-previews/111,ipfs://QmeBGqkTGH2nBLKaTGcUzC9ZBndMG5KN2LyBZjjfjYJcU9,previews/885f3cca-2d91-4a7f-919d-580876035f73/1692861151/_unique-thumbnails/111-large.jpg,ipfs://QmeMxFAjVPkVVFA7ukJ8Z8r1YspesHMhJicSZxvYxAbFcg
0xBb12686c360e9057be3CD031140035A705e19ceC,FeralfileExhibitionV4,Truth,2439046679443273982118864381573244666658869296,2439046679443273982118864381573244666658869296,112,885f3cca-2d91-4a7f-919d-580876035f73,Cuneiform,image,QmQjzvrvZjzNGiqQhTGsiHeTpb9FmEcjCVWxVySf5FANC1/2439046679443273982118864381573244666658869296,previews/885f3cca-2d91-4a7f-919d-580876035f73/1692861151/_unique-previews/112,ipfs://QmX8x9ThLGJnrVQP1DyzgJtukJPe22C2LCD1V4t94UNPAu,previews/885f3cca-2d91-4a7f-919d-580876035f73/1692861151/_unique-thumbnails/112-large.jpg,ipfs://QmVpuRYnt1VqNrWz2wm5jnRWuwMiF62XFvaFcKzrYYTPei
0xBb12686c360e9057be3CD031140035A705e19ceC,FeralfileExhibitionV4,Truth,2439046679443273982118864381573244666658869297,2439046679443273982118864381573244666658869297,113,885f3cca-2d91-4a7f-919d-580876035f73,Cuneiform,image,QmQjzvrvZjzNGiqQhTGsiHeTpb9FmEcjCVWxVySf5FANC1/2439046679443273982118864381573244666658869297,previews/885f3cca-2d91-4a7f-919d-580876035f73/1692861151/_unique-previews/113,ipfs://QmRe9t3ds8XUC7h6UXdDUkhB5MsCxGR3bJyDyQWa83fD8n,previews/885f3cca-2d91-4a7f-919d-580876035f73/1692861151/_unique-thumbnails/113-large.jpg,ipfs://QmVrd1hwt1BaWNtHN9sYf4Ro9kQZf8ZSehFjeKQZDK8HpX
0xBb12686c360e9057be3CD031140035A705e19ceC,FeralfileExhibitionV4,Truth,2439046679443273982118864381573244666658869298,2439046679443273982118864381573244666658869298,114,885f3cca-2d91-4a7f-919d-580876035f73,Cuneiform,image,QmQjzvrvZjzNGiqQhTGsiHeTpb9FmEcjCVWxVySf5FANC1/2439046679443273982118864381573244666658869298,previews/885f3cca-2d91-4a7f-919d-580876035f73/1692861151/_unique-previews/114,ipfs://QmQm72DcSaAmvUNbagEpjuL7xvBHVomhngQ8nTJeTSGpAR,previews/885f3cca-2d91-4a7f-919d-580876035f73/1692861151/_unique-thumbnails/114-large.jpg,ipfs://Qmd8s29iQABgPfFTH6FE5qBauEXgP1mq5SecKPk5r6Z1Gc
0xBb12686c360e9057be3CD031140035A705e19ceC,FeralfileExhibitionV4,Truth,2439046679443273982118864381573244666658869299,2439046679443273982118864381573244666658869299,115,885f3cca-2d91-4a7f-919d-580876035f73,Cuneiform,image,QmQjzvrvZjzNGiqQhTGsiHeTpb9FmEcjCVWxVySf5FANC1/2439046679443273982118864381573244666658869299,previews/885f3cca-2d91-4a7f-919d-580876035f73/1692861151/_unique-previews/115,ipfs://QmeSB9nU4wEciRyp5UYjbBdLYtnbx9m68C9EZ8jQBpvoR2,previews/885f3cca-2d91-4a7f-919d-580876035f73/1692861151/_unique-thumbnails/115-large.jpg,ipfs://QmWhBM27M2kzhTTrgnQuMNaFnLm2amFZKtTRvKbdytEyGj
0xBb12686c360e9057be3CD031140035A705e19ceC,FeralfileExhibitionV4,Truth,2439046679443273982118864381573244666658869300,2439046679443273982118864381573244666658869300,116,885f3cca-2d91-4a7f-919d-580876035f73,Cuneiform,image,QmQjzvrvZjzNGiqQhTGsiHeTpb9FmEcjCVWxVySf5FANC1/2439046679443273982118864381573244666658869300,previews/885f3cca-2d91-4a7f-919d-580876035f73/1692861151/_unique-previews/116,ipfs://QmWUibJsW2RYQRqiTwv8ZQ91jAZMyYX5cXsfS5CJgv6Whe,previews/885f3cca-2d91-4a7f-919d-580876035f73/1692861151/_unique-thumbnails/116-large.jpg,ipfs://QmUUTA6p2p7Cv91QgLzyGUQ2LHGSfHGZy2N3GBYroyeGzo
0xBb12686c360e9057be3CD031140035A705e19ceC,FeralfileExhibitionV4,Truth,2439046679443273982118864381573244666658869301,2439046679443273982118864381573244666658869301,117,885f3cca-2d91-4a7f-919d-580876035f73,Cuneiform,image,QmQjzvrvZjzNGiqQhTGsiHeTpb9FmEcjCVWxVySf5FANC1/2439046679443273982118864381573244666658869301,previews/885f3cca-2d91-4a7f-919d-580876035f73/1692861151/_unique-previews/117,ipfs://QmVZbhtPAtsRsNxNxm13QpbVYPH8irKCBEkMDELgZaY5va,previews/885f3cca-2d91-4a7f-919d-580876035f73/1692861151/_unique-thumbnails/117-large.jpg,ipfs://Qmc4GaHeSN3J4RxBKAJtD7vpz2nSkQ5yxHHcmjUTE2gEmb
0xBb12686c360e9057be3CD031140035A705e19ceC,FeralfileExhibitionV4,Truth,2439046679443273982118864381573244666658869302,2439046679443273982118864381573244666658869302,118,885f3cca-2d91-4a7f-919d-580876035f73,Cuneiform,image,QmQjzvrvZjzNGiqQhTGsiHeTpb9FmEcjCVWxVySf5FANC1/2439046679443273982118864381573244666658869302,previews/885f3cca-2d91-4a7f-919d-580876035f73/1692861151/_unique-previews/118,ipfs://QmRKbhNedjjF8i7QNfFH2Bhk57qoLHXf7EcWHZgJ19ko4X,previews/885f3cca-2d91-4a7f-919d-580876035f73/1692861151/_unique-thumbnails/118-large.jpg,ipfs://QmNfoU8LACH1Wx8JT9MBnz7VdY443hixT534SA3PWDXw8a
0xBb12686c360e9057be3CD031140035A705e19ceC,FeralfileExhibitionV4,Truth,2439046679443273982118864381573244666658869303,2439046679443273982118864381573244666658869303,119,885f3cca-2d91-4a7f-919d-580876035f73,Cuneiform,image,QmQjzvrvZjzNGiqQhTGsiHeTpb9FmEcjCVWxVySf5FANC1/2439046679443273982118864381573244666658869303,previews/885f3cca-2d91-4a7f-919d-580876035f73/1692861151/_unique-previews/119,ipfs://QmPkrA5LPh6425VPeuPaBepRjWud3V5NKH3TqMkABDETHL,previews/885f3cca-2d91-4a7f-919d-580876035f73/1692861151/_unique-thumbnails/119-large.jpg,ipfs://QmV9shtcNSNBwX9sEEPhj8knUrStAindgqur9tU6BURYDE
0xBb12686c360e9057be3CD031140035A705e19ceC,FeralfileExhibitionV4,Truth,2439046679443273982118864381573244666658869304,2439046679443273982118864381573244666658869304,120,885f3cca-2d91-4a7f-919d-580876035f73,Cuneiform,image,QmQjzvrvZjzNGiqQhTGsiHeTpb9FmEcjCVWxVySf5FANC1/2439046679443273982118864381573244666658869304,previews/885f3cca-2d91-4a7f-919d-580876035f73/1692861151/_unique-previews/120,ipfs://Qmb7XqAT57hR1M42So7s4LRhnDDyzcxhsQ6XSi6eFuNP83,previews/885f3cca-2d91-4a7f-919d-580876035f73/1692861151/_unique-thumbnails/120-large.jpg,ipfs://QmbktP9zRhfKk3gv6kVc41w1ssbQKRu5WC5dF63Cxe3Q6j
0xBb12686c360e9057be3CD031140035A705e19ceC,FeralfileExhibitionV4,Truth,2439046679443273982118864381573244666658869305,2439046679443273982118864381573244666658869305,121,885f3cca-2d91-4a7f-919d-580876035f73,Cuneiform,image,QmQjzvrvZjzNGiqQhTGsiHeTpb9FmEcjCVWxVySf5FANC1/2439046679443273982118864381573244666658869305,previews/885f3cca-2d91-4a7f-919d-580876035f73/1692861151/_unique-previews/121,ipfs://QmYdPxAA49PGM9EJwYkWW346h4bmx7FsrNFDbMRUMwkxhA,previews/885f3cca-2d91-4a7f-919d-580876035f73/1692861151/_unique-thumbnails/121-large.jpg,ipfs://QmTHLaXddMP5yfk3mvmZPgtbqxUTptSwf42e2bcY3eEVUB
0xBb12686c360e9057be3CD031140035A705e19ceC,FeralfileExhibitionV4,Truth,2439046679443273982118864381573244666658869306,2439046679443273982118864381573244666658869306,122,885f3cca-2d91-4a7f-919d-580876035f73,Cuneiform,image,QmQjzvrvZjzNGiqQhTGsiHeTpb9FmEcjCVWxVySf5FANC1/2439046679443273982118864381573244666658869306,previews/885f3cca-2d91-4a7f-919d-580876035f73/1692861151/_unique-previews/122,ipfs://QmYwEedmN5F8ppVpv8Zrhw6a5quYXLu9QNaz27dzkt9CxE,previews/885f3cca-2d91-4a7f-919d-580876035f73/1692861151/_unique-thumbnails/122-large.jpg,ipfs://QmakiRcFbSGw2p2o1x7EYnRZ6JCZVQCvZNGX9GoY2pgiEv
0xBb12686c360e9057be3CD031140035A705e19ceC,FeralfileExhibitionV4,Truth,2439046679443273982118864381573244666658869307,2439046679443273982118864381573244666658869307,123,885f3cca-2d91-4a7f-919d-580876035f73,Cuneiform,image,QmQjzvrvZjzNGiqQhTGsiHeTpb9FmEcjCVWxVySf5FANC1/2439046679443273982118864381573244666658869307,previews/885f3cca-2d91-4a7f-919d-580876035f73/1692861151/_unique-previews/123,ipfs://QmQBSkqxtmMSuYXL3AdqSdcPTxPcmRjjg4yiFw4sQ6ieLo,previews/885f3cca-2d91-4a7f-919d-580876035f73/1692861151/_unique-thumbnails/123-large.jpg,ipfs://QmTkXkaJV3ftg7PSgR9HHznpnuS3ZQSKxVZB5UjBAYFNmt
0xBb12686c360e9057be3CD031140035A705e19ceC,FeralfileExhibitionV4,Truth,2439046679443273982118864381573244666658869308,2439046679443273982118864381573244666658869308,124,885f3cca-2d91-4a7f-919d-580876035f73,Cuneiform,image,QmQjzvrvZjzNGiqQhTGsiHeTpb9FmEcjCVWxVySf5FANC1/2439046679443273982118864381573244666658869308,previews/885f3cca-2d91-4a7f-919d-580876035f73/1692861151/_unique-previews/124,ipfs://QmTvcFe7UMXzZForT5oe7LJmC5hmkm91uyoZtoMbeat4tY,previews/885f3cca-2d91-4a7f-919d-580876035f73/1692861151/_unique-thumbnails/124-large.jpg,ipfs://QmdSgVFPJGUrHeKUvkLDdwzJJd6vLXTX77rYxuPTx1bJe4
0xBb12686c360e9057be3CD031140035A705e19ceC,FeralfileExhibitionV4,Truth,2439046679443273982118864381573244666658869309,2439046679443273982118864381573244666658869309,125,885f3cca-2d91-4a7f-919d-580876035f73,Cuneiform,image,QmQjzvrvZjzNGiqQhTGsiHeTpb9FmEcjCVWxVySf5FANC1/2439046679443273982118864381573244666658869309,previews/885f3cca-2d91-4a7f-919d-580876035f73/1692861151/_unique-previews/125,ipfs://QmSaobbhiwmCZ7Acf61gt4ficUHeegxm2dssx2cdUJpxDw,previews/885f3cca-2d91-4a7f-919d-580876035f73/1692861151/_unique-thumbnails/125-large.jpg,ipfs://QmVVmwZ1azC9gAdav6iDw9XQnWvC2gL8SH47xZ534MagqW
0xBb12686c360e9057be3CD031140035A705e19ceC,FeralfileExhibitionV4,Truth,2439046679443273982118864381573244666658869310,2439046679443273982118864381573244666658869310,126,885f3cca-2d91-4a7f-919d-580876035f73,Cuneiform,image,QmQjzvrvZjzNGiqQhTGsiHeTpb9FmEcjCVWxVySf5FANC1/2439046679443273982118864381573244666658869310,previews/885f3cca-2d91-4a7f-919d-580876035f73/1692861151/_unique-previews/126,ipfs://QmZNRdsG4LDLGYGceVpSeLJCbiug4KoF6uk1sGsABqta2y,previews/885f3cca-2d91-4a7f-919d-580876035f73/1692861151/_unique-thumbnails/126-large.jpg,ipfs://QmQCtenRtjLVC5n6JoG9yktcBnMZK7XmGdUyHvTnDXwyRQ
0xBb12686c360e9057be3CD031140035A705e19ceC,FeralfileExhibitionV4,Truth,2439046679443273982118864381573244666658869311,2439046679443273982118864381573244666658869311,127,885f3cca-2d91-4a7f-919d-580876035f73,Cuneiform,image,QmQjzvrvZjzNGiqQhTGsiHeTpb9FmEcjCVWxVySf5FANC1/2439046679443273982118864381573244666658869311,previews/885f3cca-2d91-4a7f-919d-580876035f73/1692861151/_unique-previews/127,ipfs://QmbeZCL9NrGS2nDK98tVhbondfowBDjpGxCmQxMhNoNyeL,previews/885f3cca-2d91-4a7f-919d-580876035f73/1692861151/_unique-thumbnails/127-large.jpg,ipfs://QmZKyHryWwcVn9tf1Ezr2NqnTzdbY5HtEVBZKNe3n1izuZ
0xBb12686c360e9057be3CD031140035A705e19ceC,FeralfileExhibitionV4,Truth,2439046679443273982118864381573244666657869184,2439046679443273982118864381573244666657869184,0,e8f79d54-d0b3-4a19-8775-8ab7a3ce9f98,Dactylogram,image,QmQjzvrvZjzNGiqQhTGsiHeTpb9FmEcjCVWxVySf5FANC1/2439046679443273982118864381573244666657869184,previews/e8f79d54-d0b3-4a19-8775-8ab7a3ce9f98/1692861120/_unique-previews/0,ipfs://Qmei1vmFB88SDztB1YRa3FQM16AVnGaCvvez6tPBRiEVbH,previews/e8f79d54-d0b3-4a19-8775-8ab7a3ce9f98/1692861120/_unique-thumbnails/0-large.jpg,ipfs://QmXhGf242P9o7iTB3gSrmndyM7RERcMpJqHizdJaJoMNPt
0xBb12686c360e9057be3CD031140035A705e19ceC,FeralfileExhibitionV4,Truth,2439046679443273982118864381573244666657869185,2439046679443273982118864381573244666657869185,1,e8f79d54-d0b3-4a19-8775-8ab7a3ce9f98,Dactylogram,image,QmQjzvrvZjzNGiqQhTGsiHeTpb9FmEcjCVWxVySf5FANC1/2439046679443273982118864381573244666657869185,previews/e8f79d54-d0b3-4a19-8775-8ab7a3ce9f98/1692861120/_unique-previews/1,ipfs://QmVKpJScM2EmYRfmKj6rPWQUpNUQJSjguRxdTEMaezb5qK,previews/e8f79d54-d0b3-4a19-8775-8ab7a3ce9f98/1692861120/_unique-thumbnails/1-large.jpg,ipfs://QmNsmfCEKsDpJ1WEX5JzTk3X7d2mY9L3YRYkUX1Cm4VTJU
0xBb12686c360e9057be3CD031140035A705e19ceC,FeralfileExhibitionV4,Truth,2439046679443273982118864381573244666657869186,2439046679443273982118864381573244666657869186,2,e8f79d54-d0b3-4a19-8775-8ab7a3ce9f98,Dactylogram,image,QmQjzvrvZjzNGiqQhTGsiHeTpb9FmEcjCVWxVySf5FANC1/2439046679443273982118864381573244666657869186,previews/e8f79d54-d0b3-4a19-8775-8ab7a3ce9f98/1692861120/_unique-previews/2,ipfs://QmdvZJ5ReGxFDnd8BUg3tnawJnVRbKgJrXvoQGurwrtX8P,previews/e8f79d54-d0b3-4a19-8775-8ab7a3ce9f98/1692861120/_unique-thumbnails/2-large.jpg,ipfs://QmSkqxH4veSrB2bcnX4TrjSDC9eYVVpSXXJDmwSdpUH3BB
0xBb12686c360e9057be3CD031140035A705e19ceC,FeralfileExhibitionV4,Truth,2439046679443273982118864381573244666657869187,2439046679443273982118864381573244666657869187,3,e8f79d54-d0b3-4a19-8775-8ab7a3ce9f98,Dactylogram,image,QmQjzvrvZjzNGiqQhTGsiHeTpb9FmEcjCVWxVySf5FANC1/2439046679443273982118864381573244666657869187,previews/e8f79d54-d0b3-4a19-8775-8ab7a3ce9f98/1692861120/_unique-previews/3,ipfs://QmVB1cdn4GrCu5sZ6iJy48okECDX9UYBbQ7tNHz5u7N7Rc,previews/e8f79d54-d0b3-4a19-8775-8ab7a3ce9f98/1692861120/_unique-thumbnails/3-large.jpg,ipfs://QmRb8teCE9az2RPVC8FVPiG54VTeyuURFocLkb78KBWtfZ
0xBb12686c360e9057be3CD031140035A705e19ceC,FeralfileExhibitionV4,Truth,2439046679443273982118864381573244666657869188,2439046679443273982118864381573244666657869188,4,e8f79d54-d0b3-4a19-8775-8ab7a3ce9f98,Dactylogram,image,QmQjzvrvZjzNGiqQhTGsiHeTpb9FmEcjCVWxVySf5FANC1/2439046679443273982118864381573244666657869188,previews/e8f79d54-d0b3-4a19-8775-8ab7a3ce9f98/1692861120/_unique-previews/4,ipfs://QmRDB6nHUUko49t5A9bCNYzryDirmjEnFBpGp3rX3zhRqC,previews/e8f79d54-d0b3-4a19-8775-8ab7a3ce9f98/1692861120/_unique-thumbnails/4-large.jpg,ipfs://QmQVtXsvPzfmWXzrPgd1XyS8FrjGDBAZXvhURzeDL3ivF3
0xBb12686c360e9057be3CD031140035A705e19ceC,FeralfileExhibitionV4,Truth,2439046679443273982118864381573244666657869189,2439046679443273982118864381573244666657869189,5,e8f79d54-d0b3-4a19-8775-8ab7a3ce9f98,Dactylogram,image,QmQjzvrvZjzNGiqQhTGsiHeTpb9FmEcjCVWxVySf5FANC1/2439046679443273982118864381573244666657869189,previews/e8f79d54-d0b3-4a19-8775-8ab7a3ce9f98/1692861120/_unique-previews/5,ipfs://QmUftsgwceXGbCr6yNjWo3vHq4dgjKAqaaXUXgPsZ55nXz,previews/e8f79d54-d0b3-4a19-8775-8ab7a3ce9f98/1692861120/_unique-thumbnails/5-large.jpg,ipfs://QmaXC9QWEaT96zSFpNSL7HxMgVkB6DYKviUpwSe1gQsyRY
0xBb12686c360e9057be3CD031140035A705e19ceC,FeralfileExhibitionV4,Truth,2439046679443273982118864381573244666657869190,2439046679443273982118864381573244666657869190,6,e8f79d54-d0b3-4a19-8775-8ab7a3ce9f98,Dactylogram,image,QmQjzvrvZjzNGiqQhTGsiHeTpb9FmEcjCVWxVySf5FANC1/2439046679443273982118864381573244666657869190,previews/e8f79d54-d0b3-4a19-8775-8ab7a3ce9f98/1692861120/_unique-previews/6,ipfs://QmQYaJ9dgWx84pXcNVZorYRM1YyA1WyL77YXDvT67ErQ9t,previews/e8f79d54-d0b3-4a19-8775-8ab7a3ce9f98/1692861120/_unique-thumbnails/6-large.jpg,ipfs://QmZDauBFK2GeTB8CiNsVjj3LXvdDMDVAvkZRNEuoqEi4cE
0xBb12686c360e9057be3CD031140035A705e19ceC,FeralfileExhibitionV4,Truth,2439046679443273982118864381573244666657869191,2439046679443273982118864381573244666657869191,7,e8f79d54-d0b3-4a19-8775-8ab7a3ce9f98,Dactylogram,image,QmQjzvrvZjzNGiqQhTGsiHeTpb9FmEcjCVWxVySf5FANC1/2439046679443273982118864381573244666657869191,previews/e8f79d54-d0b3-4a19-8775-8ab7a3ce9f98/1692861120/_unique-previews/7,ipfs://QmZBzv5Lj8Ru6UrSbZRdZdphNF6ifMvMRCNNVSXheKznL7,previews/e8f79d54-d0b3-4a19-8775-8ab7a3ce9f98/1692861120/_unique-thumbnails/7-large.jpg,ipfs://QmSwUmr3aVSHG1tdb7rstSWPrMdVwGsAducfbyHjRmy3Cv
0xBb12686c360e9057be3CD031140035A705e19ceC,FeralfileExhibitionV4,Truth,2439046679443273982118864381573244666657869192,2439046679443273982118864381573244666657869192,8,e8f79d54-d0b3-4a19-8775-8ab7a3ce9f98,Dactylogram,image,QmQjzvrvZjzNGiqQhTGsiHeTpb9FmEcjCVWxVySf5FANC1/2439046679443273982118864381573244666657869192,previews/e8f79d54-d0b3-4a19-8775-8ab7a3ce9f98/1692861120/_unique-previews/8,ipfs://QmWrRsEGCsvW2qWpXaGPqSgacy29SRjDkQBA8ZYP2fBH2x,previews/e8f79d54-d0b3-4a19-8775-8ab7a3ce9f98/1692861120/_unique-thumbnails/8-large.jpg,ipfs://QmcsdUkUDUP3cFErp8CQwD421i1znT6zABWgDYZnMwi9Gn
0xBb12686c360e9057be3CD031140035A705e19ceC,FeralfileExhibitionV4,Truth,2439046679443273982118864381573244666657869193,2439046679443273982118864381573244666657869193,9,e8f79d54-d0b3-4a19-8775-8ab7a3ce9f98,Dactylogram,image,QmQjzvrvZjzNGiqQhTGsiHeTpb9FmEcjCVWxVySf5FANC1/2439046679443273982118864381573244666657869193,previews/e8f79d54-d0b3-4a19-8775-8ab7a3ce9f98/1692861120/_unique-previews/9,ipfs://QmUZ8CvFHNXqRmGeFsLmRw55ApsbkSDsXyvmP2z3vrcRa5,previews/e8f79d54-d0b3-4a19-8775-8ab7a3ce9f98/1692861120/_unique-thumbnails/9-large.jpg,ipfs://QmajMX2aQYksZdtpNHDXmr8VCudJUgnqJJSDben1rAWGyc
0xBb12686c360e9057be3CD031140035A705e19ceC,FeralfileExhibitionV4,Truth,2439046679443273982118864381573244666657869194,2439046679443273982118864381573244666657869194,10,e8f79d54-d0b3-4a19-8775-8ab7a3ce9f98,Dactylogram,image,QmQjzvrvZjzNGiqQhTGsiHeTpb9FmEcjCVWxVySf5FANC1/2439046679443273982118864381573244666657869194,previews/e8f79d54-d0b3-4a19-8775-8ab7a3ce9f98/1692861120/_unique-previews/10,ipfs://QmW4EaCe81HQSD4PUFHXqYdbkUUdiUGbmL1zTAkwvXL98n,previews/e8f79d54-d0b3-4a19-8775-8ab7a3ce9f98/1692861120/_unique-thumbnails/10-large.jpg,ipfs://QmPncy3a8aoNaRkPcerwb6fL6eUydS2uF9a9GSp4FneZvL
0xBb12686c360e9057be3CD031140035A705e19ceC,FeralfileExhibitionV4,Truth,2439046679443273982118864381573244666657869195,2439046679443273982118864381573244666657869195,11,e8f79d54-d0b3-4a19-8775-8ab7a3ce9f98,Dactylogram,image,QmQjzvrvZjzNGiqQhTGsiHeTpb9FmEcjCVWxVySf5FANC1/2439046679443273982118864381573244666657869195,previews/e8f79d54-d0b3-4a19-8775-8ab7a3ce9f98/1692861120/_unique-previews/11,ipfs://QmfPcpmqDvCSzUCjw4NgNHr7QVXM6ebFLRgyEypUWLT3pu,previews/e8f79d54-d0b3-4a19-8775-8ab7a3ce9f98/1692861120/_unique-thumbnails/11-large.jpg,ipfs://QmRxUEJ5L37kL39i5eHkgve6UzVbwoEe8Zw15g5vysNtKC
0xBb12686c360e9057be3CD031140035A705e19ceC,FeralfileExhibitionV4,Truth,2439046679443273982118864381573244666657869196,2439046679443273982118864381573244666657869196,12,e8f79d54-d0b3-4a19-8775-8ab7a3ce9f98,Dactylogram,image,QmQjzvrvZjzNGiqQhTGsiHeTpb9FmEcjCVWxVySf5FANC1/2439046679443273982118864381573244666657869196,previews/e8f79d54-d0b3-4a19-8775-8ab7a3ce9f98/1692861120/_unique-previews/12,ipfs://QmeFqXdUiTq3WT7J1s2cBQycn1AE8AL3RktyiKjanDR6hP,previews/e8f79d54-d0b3-4a19-8775-8ab7a3ce9f98/1692861120/_unique-thumbnails/12-large.jpg,ipfs://QmU7NTJsLGusUZrUeJ7UFE4yyZdFR2PJUkJS3wm6mmRoLZ
0xBb12686c360e9057be3CD031140035A705e19ceC,FeralfileExhibitionV4,Truth,2439046679443273982118864381573244666657869197,2439046679443273982118864381573244666657869197,13,e8f79d54-d0b3-4a19-8775-8ab7a3ce9f98,Dactylogram,image,QmQjzvrvZjzNGiqQhTGsiHeTpb9FmEcjCVWxVySf5FANC1/2439046679443273982118864381573244666657869197,previews/e8f79d54-d0b3-4a19-8775-8ab7a3ce9f98/1692861120/_unique-previews/13,ipfs://QmVa6o4gkXufTdUQwv1uJ1WhM4XmH8bpYdhxVRZAHJan8v,previews/e8f79d54-d0b3-4a19-8775-8ab7a3ce9f98/1692861120/_unique-thumbnails/13-large.jpg,ipfs://QmbKmM6GQXYdFtZc4vMNAEwgrPXiqYEjST3c4RHuGUg2Xj
0xBb12686c360e9057be3CD031140035A705e19ceC,FeralfileExhibitionV4,Truth,2439046679443273982118864381573244666657869198,2439046679443273982118864381573244666657869198,14,e8f79d54-d0b3-4a19-8775-8ab7a3ce9f98,Dactylogram,image,QmQjzvrvZjzNGiqQhTGsiHeTpb9FmEcjCVWxVySf5FANC1/2439046679443273982118864381573244666657869198,previews/e8f79d54-d0b3-4a19-8775-8ab7a3ce9f98/1692861120/_unique-previews/14,ipfs://QmPsYCSfEd1jzET1xewXonKUDtxGzuXhXPCZmkqGHKbeww,previews/e8f79d54-d0b3-4a19-8775-8ab7a3ce9f98/1692861120/_unique-thumbnails/14-large.jpg,ipfs://QmWQrAWtNsVNhTLRwg5Uw45eRPgMwmGA2KgUUF3AxDX2uZ
0xBb12686c360e9057be3CD031140035A705e19ceC,FeralfileExhibitionV4,Truth,2439046679443273982118864381573244666657869199,2439046679443273982118864381573244666657869199,15,e8f79d54-d0b3-4a19-8775-8ab7a3ce9f98,Dactylogram,image,QmQjzvrvZjzNGiqQhTGsiHeTpb9FmEcjCVWxVySf5FANC1/2439046679443273982118864381573244666657869199,previews/e8f79d54-d0b3-4a19-8775-8ab7a3ce9f98/1692861120/_unique-previews/15,ipfs://QmZAAPo5gUUJZ19UhHvDh9VSY8AH3FqMweGA7iJhkChjpP,previews/e8f79d54-d0b3-4a19-8775-8ab7a3ce9f98/1692861120/_unique-thumbnails/15-large.jpg,ipfs://QmQrLGm7G5naZajtrS2sh2XBuYUjkWJiLSQkR1S3K7NW2i
0xBb12686c360e9057be3CD031140035A705e19ceC,FeralfileExhibitionV4,Truth,2439046679443273982118864381573244666657869200,2439046679443273982118864381573244666657869200,16,e8f79d54-d0b3-4a19-8775-8ab7a3ce9f98,Dactylogram,image,QmQjzvrvZjzNGiqQhTGsiHeTpb9FmEcjCVWxVySf5FANC1/2439046679443273982118864381573244666657869200,previews/e8f79d54-d0b3-4a19-8775-8ab7a3ce9f98/1692861120/_unique-previews/16,ipfs://Qmf7xFFcQWGWz1vJbkvMmGcLBGLnTLmWTh3zj7BrPcDa15,previews/e8f79d54-d0b3-4a19-8775-8ab7a3ce9f98/1692861120/_unique-thumbnails/16-large.jpg,ipfs://QmcdKXKux7a5f68DGFTbFoxv9FgSn5esztPykAittKXACx
0xBb12686c360e9057be3CD031140035A705e19ceC,FeralfileExhibitionV4,Truth,2439046679443273982118864381573244666657869201,2439046679443273982118864381573244666657869201,17,e8f79d54-d0b3-4a19-8775-8ab7a3ce9f98,Dactylogram,image,QmQjzvrvZjzNGiqQhTGsiHeTpb9FmEcjCVWxVySf5FANC1/2439046679443273982118864381573244666657869201,previews/e8f79d54-d0b3-4a19-8775-8ab7a3ce9f98/1692861120/_unique-previews/17,ipfs://QmcJASGqh7sDET8Umga5SMUyMQfA9YPmSCQNoSHS6j4RTh,previews/e8f79d54-d0b3-4a19-8775-8ab7a3ce9f98/1692861120/_unique-thumbnails/17-large.jpg,ipfs://QmaGGSFsyxmnPsbbnqoT1qJQReuNn5ztfVQhqG8NUwWr6M
0xBb12686c360e9057be3CD031140035A705e19ceC,FeralfileExhibitionV4,Truth,2439046679443273982118864381573244666657869202,2439046679443273982118864381573244666657869202,18,e8f79d54-d0b3-4a19-8775-8ab7a3ce9f98,Dactylogram,image,QmQjzvrvZjzNGiqQhTGsiHeTpb9FmEcjCVWxVySf5FANC1/2439046679443273982118864381573244666657869202,previews/e8f79d54-d0b3-4a19-8775-8ab7a3ce9f98/1692861120/_unique-previews/18,ipfs://Qmah3dig3X8YRxJcjk6qXrKryDU5n1MKw3rYYLxHu6GxbF,previews/e8f79d54-d0b3-4a19-8775-8ab7a3ce9f98/1692861120/_unique-thumbnails/18-large.jpg,ipfs://QmPQLuE5WBv3oN3mXycMwrjVxFnu72AkwQEZK9QtCAnyRw
0xBb12686c360e9057be3CD031140035A705e19ceC,FeralfileExhibitionV4,Truth,2439046679443273982118864381573244666657869203,2439046679443273982118864381573244666657869203,19,e8f79d54-d0b3-4a19-8775-8ab7a3ce9f98,Dactylogram,image,QmQjzvrvZjzNGiqQhTGsiHeTpb9FmEcjCVWxVySf5FANC1/2439046679443273982118864381573244666657869203,previews/e8f79d54-d0b3-4a19-8775-8ab7a3ce9f98/1692861120/_unique-previews/19,ipfs://Qmex2CFhjVazjbWdp4LCRzgxqpGauzsqbJt9MnjvWtnSKA,previews/e8f79d54-d0b3-4a19-8775-8ab7a3ce9f98/1692861120/_unique-thumbnails/19-large.jpg,ipfs://QmSttG3a5zmGqqBfNEwERThDmgQx2VZRHvHE1E9sNDkUbY
0xBb12686c360e9057be3CD031140035A705e19ceC,FeralfileExhibitionV4,Truth,2439046679443273982118864381573244666657869204,2439046679443273982118864381573244666657869204,20,e8f79d54-d0b3-4a19-8775-8ab7a3ce9f98,Dactylogram,image,QmQjzvrvZjzNGiqQhTGsiHeTpb9FmEcjCVWxVySf5FANC1/2439046679443273982118864381573244666657869204,previews/e8f79d54-d0b3-4a19-8775-8ab7a3ce9f98/1692861120/_unique-previews/20,ipfs://QmReWL24WNMGmeVGnUzWkFzndoeFuyh77b33m1ZCi8SCaw,previews/e8f79d54-d0b3-4a19-8775-8ab7a3ce9f98/1692861120/_unique-thumbnails/20-large.jpg,ipfs://QmVvG84WrrwACTiWbeFR9VWojdUVW4Co4qEcR2Y12ez23E
0xBb12686c360e9057be3CD031140035A705e19ceC,FeralfileExhibitionV4,Truth,2439046679443273982118864381573244666657869205,2439046679443273982118864381573244666657869205,21,e8f79d54-d0b3-4a19-8775-8ab7a3ce9f98,Dactylogram,image,QmQjzvrvZjzNGiqQhTGsiHeTpb9FmEcjCVWxVySf5FANC1/2439046679443273982118864381573244666657869205,previews/e8f79d54-d0b3-4a19-8775-8ab7a3ce9f98/1692861120/_unique-previews/21,ipfs://QmdDFSM6P3ZgYJMuPgj3en7bdm1YcewYEd5yrUDpbU1rYS,previews/e8f79d54-d0b3-4a19-8775-8ab7a3ce9f98/1692861120/_unique-thumbnails/21-large.jpg,ipfs://QmQwiqeZGi39wnEYkAmQoosNk62PbQCto6Yy7cHpM5ZvjV
0xBb12686c360e9057be3CD031140035A705e19ceC,FeralfileExhibitionV4,Truth,2439046679443273982118864381573244666657869206,2439046679443273982118864381573244666657869206,22,e8f79d54-d0b3-4a19-8775-8ab7a3ce9f98,Dactylogram,image,QmQjzvrvZjzNGiqQhTGsiHeTpb9FmEcjCVWxVySf5FANC1/2439046679443273982118864381573244666657869206,previews/e8f79d54-d0b3-4a19-8775-8ab7a3ce9f98/1692861120/_unique-previews/22,ipfs://QmVCzuNKevDqTrpAy8kistQBL1qoXwv9EkoGT9xH1tHnTG,previews/e8f79d54-d0b3-4a19-8775-8ab7a3ce9f98/1692861120/_unique-thumbnails/22-large.jpg,ipfs://QmcU7CQiS8WC6zS8Q8rCeKrgoo4cEJygL7EVKL5Rm5LKLR
0xBb12686c360e9057be3CD031140035A705e19ceC,FeralfileExhibitionV4,Truth,2439046679443273982118864381573244666657869207,2439046679443273982118864381573244666657869207,23,e8f79d54-d0b3-4a19-8775-8ab7a3ce9f98,Dactylogram,image,QmQjzvrvZjzNGiqQhTGsiHeTpb9FmEcjCVWxVySf5FANC1/2439046679443273982118864381573244666657869207,previews/e8f79d54-d0b3-4a19-8775-8ab7a3ce9f98/1692861120/_unique-previews/23,ipfs://Qmehd5g8ibQAoCMfpUj95hk4e9k4u7ALFg8xaDxR54TJCL,previews/e8f79d54-d0b3-4a19-8775-8ab7a3ce9f98/1692861120/_unique-thumbnails/23-large.jpg,ipfs://QmRtNTerhdrsbhipLX419GJnyb1GxHM2KGnWFkfZb1xetg
0xBb12686c360e9057be3CD031140035A705e19ceC,FeralfileExhibitionV4,Truth,2439046679443273982118864381573244666657869208,2439046679443273982118864381573244666657869208,24,e8f79d54-d0b3-4a19-8775-8ab7a3ce9f98,Dactylogram,image,QmQjzvrvZjzNGiqQhTGsiHeTpb9FmEcjCVWxVySf5FANC1/2439046679443273982118864381573244666657869208,previews/e8f79d54-d0b3-4a19-8775-8ab7a3ce9f98/1692861120/_unique-previews/24,ipfs://QmRwuK34f51EuLZ6b17aEHJTQqQdqxb9SGaZCpPjQQ1UXt,previews/e8f79d54-d0b3-4a19-8775-8ab7a3ce9f98/1692861120/_unique-thumbnails/24-large.jpg,ipfs://QmepFBaXNesSWY2X9XtqiPjyjXnMXFKB5zbR8FyruHUz8j
0xBb12686c360e9057be3CD031140035A705e19ceC,FeralfileExhibitionV4,Truth,2439046679443273982118864381573244666657869209,2439046679443273982118864381573244666657869209,25,e8f79d54-d0b3-4a19-8775-8ab7a3ce9f98,Dactylogram,image,QmQjzvrvZjzNGiqQhTGsiHeTpb9FmEcjCVWxVySf5FANC1/2439046679443273982118864381573244666657869209,previews/e8f79d54-d0b3-4a19-8775-8ab7a3ce9f98/1692861120/_unique-previews/25,ipfs://QmZN4nTNvoQnnowYjeZz5hB4vByY4c5snaG5CUfRAQWXfv,previews/e8f79d54-d0b3-4a19-8775-8ab7a3ce9f98/1692861120/_unique-thumbnails/25-large.jpg,ipfs://QmRXE7Upnb1TzRxNVeg2a2HHDqPTsw7Uy5Ug84d8vBFgZk
0xBb12686c360e9057be3CD031140035A705e19ceC,FeralfileExhibitionV4,Truth,2439046679443273982118864381573244666657869210,2439046679443273982118864381573244666657869210,26,e8f79d54-d0b3-4a19-8775-8ab7a3ce9f98,Dactylogram,image,QmQjzvrvZjzNGiqQhTGsiHeTpb9FmEcjCVWxVySf5FANC1/2439046679443273982118864381573244666657869210,previews/e8f79d54-d0b3-4a19-8775-8ab7a3ce9f98/1692861120/_unique-previews/26,ipfs://QmchFgRsvUH76EADjmnczRRi8rQggLMFvpty6yyAZT7ExS,previews/e8f79d54-d0b3-4a19-8775-8ab7a3ce9f98/1692861120/_unique-thumbnails/26-large.jpg,ipfs://QmPWNMFHHdYFGiFgADchL5Q8YzUHGMMRWBLj7FccLrdMFE
0xBb12686c360e9057be3CD031140035A705e19ceC,FeralfileExhibitionV4,Truth,2439046679443273982118864381573244666657869211,2439046679443273982118864381573244666657869211,27,e8f79d54-d0b3-4a19-8775-8ab7a3ce9f98,Dactylogram,image,QmQjzvrvZjzNGiqQhTGsiHeTpb9FmEcjCVWxVySf5FANC1/2439046679443273982118864381573244666657869211,previews/e8f79d54-d0b3-4a19-8775-8ab7a3ce9f98/1692861120/_unique-previews/27,ipfs://QmbAMiDvSW3dUkoBjg1ZcxXBtMy6myrS1XqkkoEv3Pyt15,previews/e8f79d54-d0b3-4a19-8775-8ab7a3ce9f98/1692861120/_unique-thumbnails/27-large.jpg,ipfs://QmfVzSsGo93kJfKYzgfQSKYAX4t4hNLXdu5eccU6QySCWT
0xBb12686c360e9057be3CD031140035A705e19ceC,FeralfileExhibitionV4,Truth,2439046679443273982118864381573244666657869212,2439046679443273982118864381573244666657869212,28,e8f79d54-d0b3-4a19-8775-8ab7a3ce9f98,Dactylogram,image,QmQjzvrvZjzNGiqQhTGsiHeTpb9FmEcjCVWxVySf5FANC1/2439046679443273982118864381573244666657869212,previews/e8f79d54-d0b3-4a19-8775-8ab7a3ce9f98/1692861120/_unique-previews/28,ipfs://QmbfoF9gUqPtcECZ2ze84Ei3cU1MzD976HgkLVW8uausMm,previews/e8f79d54-d0b3-4a19-8775-8ab7a3ce9f98/1692861120/_unique-thumbnails/28-large.jpg,ipfs://QmYsWAHMLYjFcoNHoSBHjrgSQER7GC6jFyKpZeK6RdA3hi
0xBb12686c360e9057be3CD031140035A705e19ceC,FeralfileExhibitionV4,Truth,2439046679443273982118864381573244666657869213,2439046679443273982118864381573244666657869213,29,e8f79d54-d0b3-4a19-8775-8ab7a3ce9f98,Dactylogram,image,QmQjzvrvZjzNGiqQhTGsiHeTpb9FmEcjCVWxVySf5FANC1/2439046679443273982118864381573244666657869213,previews/e8f79d54-d0b3-4a19-8775-8ab7a3ce9f98/1692861120/_unique-previews/29,ipfs://QmNjbaXRB5ghtV6ZhebyrdVQ1YEoSGzHchD6SZLFTZcB69,previews/e8f79d54-d0b3-4a19-8775-8ab7a3ce9f98/1692861120/_unique-thumbnails/29-large.jpg,ipfs://QmYzthhBs3yTTfKdmsMT3DNnJyZeHPSWNoPDPLtaiBgCKJ
0xBb12686c360e9057be3CD031140035A705e19ceC,FeralfileExhibitionV4,Truth,2439046679443273982118864381573244666657869214,2439046679443273982118864381573244666657869214,30,e8f79d54-d0b3-4a19-8775-8ab7a3ce9f98,Dactylogram,image,QmQjzvrvZjzNGiqQhTGsiHeTpb9FmEcjCVWxVySf5FANC1/2439046679443273982118864381573244666657869214,previews/e8f79d54-d0b3-4a19-8775-8ab7a3ce9f98/1692861120/_unique-previews/30,ipfs://QmQw2XssUGvJPUWiVB2dQWHQi53XS3VpfzgTESsPRvqXmx,previews/e8f79d54-d0b3-4a19-8775-8ab7a3ce9f98/1692861120/_unique-thumbnails/30-large.jpg,ipfs://QmXvVRqNXiLVHgDNzpgMvJEyowoLVkemciG2nSeqK1Lf7H
0xBb12686c360e9057be3CD031140035A705e19ceC,FeralfileExhibitionV4,Truth,2439046679443273982118864381573244666657869215,2439046679443273982118864381573244666657869215,31,e8f79d54-d0b3-4a19-8775-8ab7a3ce9f98,Dactylogram,image,QmQjzvrvZjzNGiqQhTGsiHeTpb9FmEcjCVWxVySf5FANC1/2439046679443273982118864381573244666657869215,previews/e8f79d54-d0b3-4a19-8775-8ab7a3ce9f98/1692861120/_unique-previews/31,ipfs://QmYgXqDysqmSMNH3zFRb6tgUQiV2gWsF3nYfNGf2HVLogC,previews/e8f79d54-d0b3-4a19-8775-8ab7a3ce9f98/1692861120/_unique-thumbnails/31-large.jpg,ipfs://QmQzRFtYsjXFQJR5rMVaAyjaf6ZGiFf5KS1XegFbjGtgQa
0xBb12686c360e9057be3CD031140035A705e19ceC,FeralfileExhibitionV4,Truth,2439046679443273982118864381573244666657869216,2439046679443273982118864381573244666657869216,32,e8f79d54-d0b3-4a19-8775-8ab7a3ce9f98,Dactylogram,image,QmQjzvrvZjzNGiqQhTGsiHeTpb9FmEcjCVWxVySf5FANC1/2439046679443273982118864381573244666657869216,previews/e8f79d54-d0b3-4a19-8775-8ab7a3ce9f98/1692861120/_unique-previews/32,ipfs://QmWhSUEeuq4BnJpKQR1iKwoYXGZUQD9uR3Su5CVDbfodJn,previews/e8f79d54-d0b3-4a19-8775-8ab7a3ce9f98/1692861120/_unique-thumbnails/32-large.jpg,ipfs://QmauLT6gWfmaLLQTbuBevz3d8h59PSpjTkTWmFkeJM1HSs
0xBb12686c360e9057be3CD031140035A705e19ceC,FeralfileExhibitionV4,Truth,2439046679443273982118864381573244666657869217,2439046679443273982118864381573244666657869217,33,e8f79d54-d0b3-4a19-8775-8ab7a3ce9f98,Dactylogram,image,QmQjzvrvZjzNGiqQhTGsiHeTpb9FmEcjCVWxVySf5FANC1/2439046679443273982118864381573244666657869217,previews/e8f79d54-d0b3-4a19-8775-8ab7a3ce9f98/1692861120/_unique-previews/33,ipfs://QmesWaNAk3cwLSn4HNYZp1A9eJFfemdh46p9ZdXm9x8AkU,previews/e8f79d54-d0b3-4a19-8775-8ab7a3ce9f98/1692861120/_unique-thumbnails/33-large.jpg,ipfs://QmP8zNuUreGxYGomqVNayzKAacd861evu6GSyBbD2agmiW
0xBb12686c360e9057be3CD031140035A705e19ceC,FeralfileExhibitionV4,Truth,2439046679443273982118864381573244666657869218,2439046679443273982118864381573244666657869218,34,e8f79d54-d0b3-4a19-8775-8ab7a3ce9f98,Dactylogram,image,QmQjzvrvZjzNGiqQhTGsiHeTpb9FmEcjCVWxVySf5FANC1/2439046679443273982118864381573244666657869218,previews/e8f79d54-d0b3-4a19-8775-8ab7a3ce9f98/1692861120/_unique-previews/34,ipfs://QmPMX6thEi91ERhxARQjiNZWaRKc2N7qfqWzL1NSF1vN2m,previews/e8f79d54-d0b3-4a19-8775-8ab7a3ce9f98/1692861120/_unique-thumbnails/34-large.jpg,ipfs://QmP84hQKz8Tt8ceU7YkDREkrfEeZpLmWt54udcV1w7Acg1
0xBb12686c360e9057be3CD031140035A705e19ceC,FeralfileExhibitionV4,Truth,2439046679443273982118864381573244666657869219,2439046679443273982118864381573244666657869219,35,e8f79d54-d0b3-4a19-8775-8ab7a3ce9f98,Dactylogram,image,QmQjzvrvZjzNGiqQhTGsiHeTpb9FmEcjCVWxVySf5FANC1/2439046679443273982118864381573244666657869219,previews/e8f79d54-d0b3-4a19-8775-8ab7a3ce9f98/1692861120/_unique-previews/35,ipfs://QmX9Sbx9AcL28moKusdso6wVVJBqx4WGiPf3d9iuBGmd4H,previews/e8f79d54-d0b3-4a19-8775-8ab7a3ce9f98/1692861120/_unique-thumbnails/35-large.jpg,ipfs://QmaduJuoWeLPj3DVmj43XpPLWM1UVy7PuLWa9SL2EVwkXs
0xBb12686c360e9057be3CD031140035A705e19ceC,FeralfileExhibitionV4,Truth,2439046679443273982118864381573244666657869220,2439046679443273982118864381573244666657869220,36,e8f79d54-d0b3-4a19-8775-8ab7a3ce9f98,Dactylogram,image,QmQjzvrvZjzNGiqQhTGsiHeTpb9FmEcjCVWxVySf5FANC1/2439046679443273982118864381573244666657869220,previews/e8f79d54-d0b3-4a19-8775-8ab7a3ce9f98/1692861120/_unique-previews/36,ipfs://QmS4RvPHKCxXH5Z2yPegzvH29XrJchpvgFXN7aLjLDep4d,previews/e8f79d54-d0b3-4a19-8775-8ab7a3ce9f98/1692861120/_unique-thumbnails/36-large.jpg,ipfs://QmP9RGdK6WFViNaBz99pEmUfnUeBeJp76kxUNgs5DTxNDJ
0xBb12686c360e9057be3CD031140035A705e19ceC,FeralfileExhibitionV4,Truth,2439046679443273982118864381573244666657869221,2439046679443273982118864381573244666657869221,37,e8f79d54-d0b3-4a19-8775-8ab7a3ce9f98,Dactylogram,image,QmQjzvrvZjzNGiqQhTGsiHeTpb9FmEcjCVWxVySf5FANC1/2439046679443273982118864381573244666657869221,previews/e8f79d54-d0b3-4a19-8775-8ab7a3ce9f98/1692861120/_unique-previews/37,ipfs://Qmbh5FpFcQjtpQiauBmAarL3uwwkfZ9bxiNNzr5A2UKbFC,previews/e8f79d54-d0b3-4a19-8775-8ab7a3ce9f98/1692861120/_unique-thumbnails/37-large.jpg,ipfs://QmWZfMS1UoFRarnGjG98w9HY1W5HRTqusFwsj2UopiYTUX
0xBb12686c360e9057be3CD031140035A705e19ceC,FeralfileExhibitionV4,Truth,2439046679443273982118864381573244666657869222,2439046679443273982118864381573244666657869222,38,e8f79d54-d0b3-4a19-8775-8ab7a3ce9f98,Dactylogram,image,QmQjzvrvZjzNGiqQhTGsiHeTpb9FmEcjCVWxVySf5FANC1/2439046679443273982118864381573244666657869222,previews/e8f79d54-d0b3-4a19-8775-8ab7a3ce9f98/1692861120/_unique-previews/38,ipfs://QmXB6Ed6wepWzaVzReJiTCAmQ9MipoWdPXr9mR3tgWGdzW,previews/e8f79d54-d0b3-4a19-8775-8ab7a3ce9f98/1692861120/_unique-thumbnails/38-large.jpg,ipfs://Qmc42Ax1EyU77YMDunxRPjGjh7GzLNNMDoUuG5wU2zfLHy
0xBb12686c360e9057be3CD031140035A705e19ceC,FeralfileExhibitionV4,Truth,2439046679443273982118864381573244666657869223,2439046679443273982118864381573244666657869223,39,e8f79d54-d0b3-4a19-8775-8ab7a3ce9f98,Dactylogram,image,QmQjzvrvZjzNGiqQhTGsiHeTpb9FmEcjCVWxVySf5FANC1/2439046679443273982118864381573244666657869223,previews/e8f79d54-d0b3-4a19-8775-8ab7a3ce9f98/1692861120/_unique-previews/39,ipfs://QmSptiqBZUibifpzAaxiSsToxcQbAkEFkZBi5NnAYKcmhj,previews/e8f79d54-d0b3-4a19-8775-8ab7a3ce9f98/1692861120/_unique-thumbnails/39-large.jpg,ipfs://QmTatsfuQQRKiM5jZ86zi6dYd7ecjFdNnVYNb1Fm7EUwet
0xBb12686c360e9057be3CD031140035A705e19ceC,FeralfileExhibitionV4,Truth,2439046679443273982118864381573244666657869224,2439046679443273982118864381573244666657869224,40,e8f79d54-d0b3-4a19-8775-8ab7a3ce9f98,Dactylogram,image,QmQjzvrvZjzNGiqQhTGsiHeTpb9FmEcjCVWxVySf5FANC1/2439046679443273982118864381573244666657869224,previews/e8f79d54-d0b3-4a19-8775-8ab7a3ce9f98/1692861120/_unique-previews/40,ipfs://QmPhb1j5p4gWP11BzehwbSEFXFvdE8MhjbpSSTDXX9pR63,previews/e8f79d54-d0b3-4a19-8775-8ab7a3ce9f98/1692861120/_unique-thumbnails/40-large.jpg,ipfs://QmX9Y3oewBe1nrG3yn4oeW82LBy4syxH3JPVqjHnpAfnDn
0xBb12686c360e9057be3CD031140035A705e19ceC,FeralfileExhibitionV4,Truth,2439046679443273982118864381573244666657869225,2439046679443273982118864381573244666657869225,41,e8f79d54-d0b3-4a19-8775-8ab7a3ce9f98,Dactylogram,image,QmQjzvrvZjzNGiqQhTGsiHeTpb9FmEcjCVWxVySf5FANC1/2439046679443273982118864381573244666657869225,previews/e8f79d54-d0b3-4a19-8775-8ab7a3ce9f98/1692861120/_unique-previews/41,ipfs://QmdEMP44gtJMo8NSYfAQMr1JgJAs5MKh9QA3hdwT9ZnC3Q,previews/e8f79d54-d0b3-4a19-8775-8ab7a3ce9f98/1692861120/_unique-thumbnails/41-large.jpg,ipfs://QmPqBbBZaKM5DbqQEdw2szqZFBeRa9L1yKNKuGUa7NA78B
0xBb12686c360e9057be3CD031140035A705e19ceC,FeralfileExhibitionV4,Truth,2439046679443273982118864381573244666657869226,2439046679443273982118864381573244666657869226,42,e8f79d54-d0b3-4a19-8775-8ab7a3ce9f98,Dactylogram,image,QmQjzvrvZjzNGiqQhTGsiHeTpb9FmEcjCVWxVySf5FANC1/2439046679443273982118864381573244666657869226,previews/e8f79d54-d0b3-4a19-8775-8ab7a3ce9f98/1692861120/_unique-previews/42,ipfs://QmcbNWte1KSGXwGpV2zmzmttp8JJRjNw3mucTizW4TqWeh,previews/e8f79d54-d0b3-4a19-8775-8ab7a3ce9f98/1692861120/_unique-thumbnails/42-large.jpg,ipfs://QmSJsux4LieZPxxUXKzGuGrrfVBTZ7JnWp8etQYbNo5b9k
0xBb12686c360e9057be3CD031140035A705e19ceC,FeralfileExhibitionV4,Truth,2439046679443273982118864381573244666657869227,2439046679443273982118864381573244666657869227,43,e8f79d54-d0b3-4a19-8775-8ab7a3ce9f98,Dactylogram,image,QmQjzvrvZjzNGiqQhTGsiHeTpb9FmEcjCVWxVySf5FANC1/2439046679443273982118864381573244666657869227,previews/e8f79d54-d0b3-4a19-8775-8ab7a3ce9f98/1692861120/_unique-previews/43,ipfs://QmTAx6CxQRxsKtC1mbbXJGBjFswkC6gDmwes2nFbFEoptD,previews/e8f79d54-d0b3-4a19-8775-8ab7a3ce9f98/1692861120/_unique-thumbnails/43-large.jpg,ipfs://QmfXNLgxRm8YDR8QZh32PqKtPAyjPHCKV8U4U9SnnGCYyu
0xBb12686c360e9057be3CD031140035A705e19ceC,FeralfileExhibitionV4,Truth,2439046679443273982118864381573244666657869228,2439046679443273982118864381573244666657869228,44,e8f79d54-d0b3-4a19-8775-8ab7a3ce9f98,Dactylogram,image,QmQjzvrvZjzNGiqQhTGsiHeTpb9FmEcjCVWxVySf5FANC1/2439046679443273982118864381573244666657869228,previews/e8f79d54-d0b3-4a19-8775-8ab7a3ce9f98/1692861120/_unique-previews/44,ipfs://Qmby1RUbpCbJFFWZMYRvouuAYoe3w2tL5oTzHLWGv7r6Pt,previews/e8f79d54-d0b3-4a19-8775-8ab7a3ce9f98/1692861120/_unique-thumbnails/44-large.jpg,ipfs://QmNwCFnuMn3myBj2CE1eUfYtVwEsrza3Jqf2jaA7aaE96i
0xBb12686c360e9057be3CD031140035A705e19ceC,FeralfileExhibitionV4,Truth,2439046679443273982118864381573244666657869229,2439046679443273982118864381573244666657869229,45,e8f79d54-d0b3-4a19-8775-8ab7a3ce9f98,Dactylogram,image,QmQjzvrvZjzNGiqQhTGsiHeTpb9FmEcjCVWxVySf5FANC1/2439046679443273982118864381573244666657869229,previews/e8f79d54-d0b3-4a19-8775-8ab7a3ce9f98/1692861120/_unique-previews/45,ipfs://QmXMta8eD1aRsnM3ZpTNL8VVpx2y2QuUADmnLiNJkJoZcF,previews/e8f79d54-d0b3-4a19-8775-8ab7a3ce9f98/1692861120/_unique-thumbnails/45-large.jpg,ipfs://QmfSDFLnkh3fonwCQ7L28w6o1jN4eqKZme7pbzRVAp4mYQ
0xBb12686c360e9057be3CD031140035A705e19ceC,FeralfileExhibitionV4,Truth,2439046679443273982118864381573244666657869230,2439046679443273982118864381573244666657869230,46,e8f79d54-d0b3-4a19-8775-8ab7a3ce9f98,Dactylogram,image,QmQjzvrvZjzNGiqQhTGsiHeTpb9FmEcjCVWxVySf5FANC1/2439046679443273982118864381573244666657869230,previews/e8f79d54-d0b3-4a19-8775-8ab7a3ce9f98/1692861120/_unique-previews/46,ipfs://QmQggLAthxRvxNc6wGNK9BTfhtCZiXWJr9oWcTzhTCz4X6,previews/e8f79d54-d0b3-4a19-8775-8ab7a3ce9f98/1692861120/_unique-thumbnails/46-large.jpg,ipfs://QmR7RxFUkMCCRkvDDXRT5SXVrLXdwzDrxHrpZBMqdo66Xc
0xBb12686c360e9057be3CD031140035A705e19ceC,FeralfileExhibitionV4,Truth,2439046679443273982118864381573244666657869231,2439046679443273982118864381573244666657869231,47,e8f79d54-d0b3-4a19-8775-8ab7a3ce9f98,Dactylogram,image,QmQjzvrvZjzNGiqQhTGsiHeTpb9FmEcjCVWxVySf5FANC1/2439046679443273982118864381573244666657869231,previews/e8f79d54-d0b3-4a19-8775-8ab7a3ce9f98/1692861120/_unique-previews/47,ipfs://QmWJVSYibGZFGs2Sb8iBnou3jV94drcqA7mDZ9vUk1GqCG,previews/e8f79d54-d0b3-4a19-8775-8ab7a3ce9f98/1692861120/_unique-thumbnails/47-large.jpg,ipfs://QmbDRd9rxbryKAzqEZWQG9C1vqJ9CY4bJKrZT4GZWpPEo9
0xBb12686c360e9057be3CD031140035A705e19ceC,FeralfileExhibitionV4,Truth,2439046679443273982118864381573244666657869232,2439046679443273982118864381573244666657869232,48,e8f79d54-d0b3-4a19-8775-8ab7a3ce9f98,Dactylogram,image,QmQjzvrvZjzNGiqQhTGsiHeTpb9FmEcjCVWxVySf5FANC1/2439046679443273982118864381573244666657869232,previews/e8f79d54-d0b3-4a19-8775-8ab7a3ce9f98/1692861120/_unique-previews/48,ipfs://QmZvjAfrKXP3gVGYZp1e4VnzfNhuWzdAmgh9ZowoBxvsV8,previews/e8f79d54-d0b3-4a19-8775-8ab7a3ce9f98/1692861120/_unique-thumbnails/48-large.jpg,ipfs://QmQn1VA83vR7PWp6iJS2HZqcBCaPGdYMjDh64HGHoR8PT4
0xBb12686c360e9057be3CD031140035A705e19ceC,FeralfileExhibitionV4,Truth,2439046679443273982118864381573244666657869233,2439046679443273982118864381573244666657869233,49,e8f79d54-d0b3-4a19-8775-8ab7a3ce9f98,Dactylogram,image,QmQjzvrvZjzNGiqQhTGsiHeTpb9FmEcjCVWxVySf5FANC1/2439046679443273982118864381573244666657869233,previews/e8f79d54-d0b3-4a19-8775-8ab7a3ce9f98/1692861120/_unique-previews/49,ipfs://QmWngBZECmZ3nSehfrPfycxEb3kPhpDPECqDrb8qTe6Jgc,previews/e8f79d54-d0b3-4a19-8775-8ab7a3ce9f98/1692861120/_unique-thumbnails/49-large.jpg,ipfs://QmUyhGAv3zaRkTFwws7aV5jd5LXgHDFgCWmgD7TiXzqhSU
0xBb12686c360e9057be3CD031140035A705e19ceC,FeralfileExhibitionV4,Truth,2439046679443273982118864381573244666657869234,2439046679443273982118864381573244666657869234,50,e8f79d54-d0b3-4a19-8775-8ab7a3ce9f98,Dactylogram,image,QmQjzvrvZjzNGiqQhTGsiHeTpb9FmEcjCVWxVySf5FANC1/2439046679443273982118864381573244666657869234,previews/e8f79d54-d0b3-4a19-8775-8ab7a3ce9f98/1692861120/_unique-previews/50,ipfs://QmcG5o6Li8zCLS6Mg7vc9b2MMyBcy8gCWNxUgohaaK2WrU,previews/e8f79d54-d0b3-4a19-8775-8ab7a3ce9f98/1692861120/_unique-thumbnails/50-large.jpg,ipfs://QmeQviXdibzLV5JqnBrwZR2V6TSkFm6NnDKY7PAWDi3DeF
0xBb12686c360e9057be3CD031140035A705e19ceC,FeralfileExhibitionV4,Truth,2439046679443273982118864381573244666657869235,2439046679443273982118864381573244666657869235,51,e8f79d54-d0b3-4a19-8775-8ab7a3ce9f98,Dactylogram,image,QmQjzvrvZjzNGiqQhTGsiHeTpb9FmEcjCVWxVySf5FANC1/2439046679443273982118864381573244666657869235,previews/e8f79d54-d0b3-4a19-8775-8ab7a3ce9f98/1692861120/_unique-previews/51,ipfs://QmPQLpTHyXq4PoYGgKCZpdjHdy2KcVriStr5nC82s3eqBs,previews/e8f79d54-d0b3-4a19-8775-8ab7a3ce9f98/1692861120/_unique-thumbnails/51-large.jpg,ipfs://QmShZQMh7XCwY3X9zdQs5at5tQRyB2oyt4GSMugC6PEuf9
0xBb12686c360e9057be3CD031140035A705e19ceC,FeralfileExhibitionV4,Truth,2439046679443273982118864381573244666657869236,2439046679443273982118864381573244666657869236,52,e8f79d54-d0b3-4a19-8775-8ab7a3ce9f98,Dactylogram,image,QmQjzvrvZjzNGiqQhTGsiHeTpb9FmEcjCVWxVySf5FANC1/2439046679443273982118864381573244666657869236,previews/e8f79d54-d0b3-4a19-8775-8ab7a3ce9f98/1692861120/_unique-previews/52,ipfs://QmWuBy2L2CTs2VT7L8B3Ycw5bMHLjcy8DQjtFhq6JtthXr,previews/e8f79d54-d0b3-4a19-8775-8ab7a3ce9f98/1692861120/_unique-thumbnails/52-large.jpg,ipfs://QmSfctrcME6jv3fdhVYSB86DgR1FvrPyKJdukBjVEAVshP
0xBb12686c360e9057be3CD031140035A705e19ceC,FeralfileExhibitionV4,Truth,2439046679443273982118864381573244666657869237,2439046679443273982118864381573244666657869237,53,e8f79d54-d0b3-4a19-8775-8ab7a3ce9f98,Dactylogram,image,QmQjzvrvZjzNGiqQhTGsiHeTpb9FmEcjCVWxVySf5FANC1/2439046679443273982118864381573244666657869237,previews/e8f79d54-d0b3-4a19-8775-8ab7a3ce9f98/1692861120/_unique-previews/53,ipfs://QmaYqivmACSKKanyExBq5irszeQsgWJ5nZnFZ8tuRwBGNQ,previews/e8f79d54-d0b3-4a19-8775-8ab7a3ce9f98/1692861120/_unique-thumbnails/53-large.jpg,ipfs://QmNfR5bRHQ36WEfxUJ9nF8fozb7Q9uUEdTJYPG3B5gqDjw
0xBb12686c360e9057be3CD031140035A705e19ceC,FeralfileExhibitionV4,Truth,2439046679443273982118864381573244666657869238,2439046679443273982118864381573244666657869238,54,e8f79d54-d0b3-4a19-8775-8ab7a3ce9f98,Dactylogram,image,QmQjzvrvZjzNGiqQhTGsiHeTpb9FmEcjCVWxVySf5FANC1/2439046679443273982118864381573244666657869238,previews/e8f79d54-d0b3-4a19-8775-8ab7a3ce9f98/1692861120/_unique-previews/54,ipfs://QmegytFQzZddwS3yKge5R77JKiz9zFCB7rQNDZKo2XqJqs,previews/e8f79d54-d0b3-4a19-8775-8ab7a3ce9f98/1692861120/_unique-thumbnails/54-large.jpg,ipfs://QmRoFpmHFWtsCtNi2d226L4qvs8HEdZSMRyii2DqNaHc6y
0xBb12686c360e9057be3CD031140035A705e19ceC,FeralfileExhibitionV4,Truth,2439046679443273982118864381573244666657869239,2439046679443273982118864381573244666657869239,55,e8f79d54-d0b3-4a19-8775-8ab7a3ce9f98,Dactylogram,image,QmQjzvrvZjzNGiqQhTGsiHeTpb9FmEcjCVWxVySf5FANC1/2439046679443273982118864381573244666657869239,previews/e8f79d54-d0b3-4a19-8775-8ab7a3ce9f98/1692861120/_unique-previews/55,ipfs://QmXxWP2JBKpr68DUK5SauLMdSrJA5mBTUxiG8JMkKYYdqM,previews/e8f79d54-d0b3-4a19-8775-8ab7a3ce9f98/1692861120/_unique-thumbnails/55-large.jpg,ipfs://QmTqwpuLLzK1LDu3Ahhraik4MZPTq3AcLMQAKc8pPV8vCr
0xBb12686c360e9057be3CD031140035A705e19ceC,FeralfileExhibitionV4,Truth,2439046679443273982118864381573244666657869240,2439046679443273982118864381573244666657869240,56,e8f79d54-d0b3-4a19-8775-8ab7a3ce9f98,Dactylogram,image,QmQjzvrvZjzNGiqQhTGsiHeTpb9FmEcjCVWxVySf5FANC1/2439046679443273982118864381573244666657869240,previews/e8f79d54-d0b3-4a19-8775-8ab7a3ce9f98/1692861120/_unique-previews/56,ipfs://QmWpbRnnQhJKApwGtGGE91xRzmzKmD4h2QG8z6QstpQyr6,previews/e8f79d54-d0b3-4a19-8775-8ab7a3ce9f98/1692861120/_unique-thumbnails/56-large.jpg,ipfs://QmQMUrWXxWVeyEuYmdei7GEcrz3rVmRTWKF9z3WoSiNqhu
0xBb12686c360e9057be3CD031140035A705e19ceC,FeralfileExhibitionV4,Truth,2439046679443273982118864381573244666657869241,2439046679443273982118864381573244666657869241,57,e8f79d54-d0b3-4a19-8775-8ab7a3ce9f98,Dactylogram,image,QmQjzvrvZjzNGiqQhTGsiHeTpb9FmEcjCVWxVySf5FANC1/2439046679443273982118864381573244666657869241,previews/e8f79d54-d0b3-4a19-8775-8ab7a3ce9f98/1692861120/_unique-previews/57,ipfs://QmQ66DhYigTwifu4GMdENBkoKYHnteLzXiCKbnwwaeA8P5,previews/e8f79d54-d0b3-4a19-8775-8ab7a3ce9f98/1692861120/_unique-thumbnails/57-large.jpg,ipfs://QmNdZSbzoqvhLFMaB2Ls4pLFuzeDAHwe73rPPjir13CxSV
0xBb12686c360e9057be3CD031140035A705e19ceC,FeralfileExhibitionV4,Truth,2439046679443273982118864381573244666657869242,2439046679443273982118864381573244666657869242,58,e8f79d54-d0b3-4a19-8775-8ab7a3ce9f98,Dactylogram,image,QmQjzvrvZjzNGiqQhTGsiHeTpb9FmEcjCVWxVySf5FANC1/2439046679443273982118864381573244666657869242,previews/e8f79d54-d0b3-4a19-8775-8ab7a3ce9f98/1692861120/_unique-previews/58,ipfs://Qmakc9HJXq7p9mY4Mtc9r4oQ5tjV8VotC5s1NbQB9ZkDBd,previews/e8f79d54-d0b3-4a19-8775-8ab7a3ce9f98/1692861120/_unique-thumbnails/58-large.jpg,ipfs://QmRdFWzSLrThUafNNQmUfDTj8Dw8XqqrgvEdJXvL8QiwdR
0xBb12686c360e9057be3CD031140035A705e19ceC,FeralfileExhibitionV4,Truth,2439046679443273982118864381573244666657869243,2439046679443273982118864381573244666657869243,59,e8f79d54-d0b3-4a19-8775-8ab7a3ce9f98,Dactylogram,image,QmQjzvrvZjzNGiqQhTGsiHeTpb9FmEcjCVWxVySf5FANC1/2439046679443273982118864381573244666657869243,previews/e8f79d54-d0b3-4a19-8775-8ab7a3ce9f98/1692861120/_unique-previews/59,ipfs://QmS2uy2z7o68nb7tyMgvbH2bdUptvmQUa9xhW11eBYpSLM,previews/e8f79d54-d0b3-4a19-8775-8ab7a3ce9f98/1692861120/_unique-thumbnails/59-large.jpg,ipfs://QmXBB8j5kGL6VRLX7Pw2bs3pbefJqEJUStCy56tBoPf1xe
0xBb12686c360e9057be3CD031140035A705e19ceC,FeralfileExhibitionV4,Truth,2439046679443273982118864381573244666657869244,2439046679443273982118864381573244666657869244,60,e8f79d54-d0b3-4a19-8775-8ab7a3ce9f98,Dactylogram,image,QmQjzvrvZjzNGiqQhTGsiHeTpb9FmEcjCVWxVySf5FANC1/2439046679443273982118864381573244666657869244,previews/e8f79d54-d0b3-4a19-8775-8ab7a3ce9f98/1692861120/_unique-previews/60,ipfs://QmaSTVreP9FeSGrBF4nDkYd2wZKcZnJARhnqy7Z1mP3t4m,previews/e8f79d54-d0b3-4a19-8775-8ab7a3ce9f98/1692861120/_unique-thumbnails/60-large.jpg,ipfs://QmdFxLeVcsL694hjPhsKtcBMivezb6uAeaNdMbNDXcnuh6
0xBb12686c360e9057be3CD031140035A705e19ceC,FeralfileExhibitionV4,Truth,2439046679443273982118864381573244666657869245,2439046679443273982118864381573244666657869245,61,e8f79d54-d0b3-4a19-8775-8ab7a3ce9f98,Dactylogram,image,QmQjzvrvZjzNGiqQhTGsiHeTpb9FmEcjCVWxVySf5FANC1/2439046679443273982118864381573244666657869245,previews/e8f79d54-d0b3-4a19-8775-8ab7a3ce9f98/1692861120/_unique-previews/61,ipfs://QmSu77s9Vc6jxDuetDzeh2hz72JNR2ZouUEL87gEKupMCe,previews/e8f79d54-d0b3-4a19-8775-8ab7a3ce9f98/1692861120/_unique-thumbnails/61-large.jpg,ipfs://QmW61RwwwYS3E987HJF6h3uVBfGxivMeGVaAtw9DHT25gx
0xBb12686c360e9057be3CD031140035A705e19ceC,FeralfileExhibitionV4,Truth,2439046679443273982118864381573244666657869246,2439046679443273982118864381573244666657869246,62,e8f79d54-d0b3-4a19-8775-8ab7a3ce9f98,Dactylogram,image,QmQjzvrvZjzNGiqQhTGsiHeTpb9FmEcjCVWxVySf5FANC1/2439046679443273982118864381573244666657869246,previews/e8f79d54-d0b3-4a19-8775-8ab7a3ce9f98/1692861120/_unique-previews/62,ipfs://QmXoM83uuEmox6cR7dVmBZvhUsCWm8WUugmgYoYEFiKe8E,previews/e8f79d54-d0b3-4a19-8775-8ab7a3ce9f98/1692861120/_unique-thumbnails/62-large.jpg,ipfs://QmehVFppyS91zj51S9L7V7PUxL8Fd7Ywm2o743HvZEeoKh
0xBb12686c360e9057be3CD031140035A705e19ceC,FeralfileExhibitionV4,Truth,2439046679443273982118864381573244666657869247,2439046679443273982118864381573244666657869247,63,e8f79d54-d0b3-4a19-8775-8ab7a3ce9f98,Dactylogram,image,QmQjzvrvZjzNGiqQhTGsiHeTpb9FmEcjCVWxVySf5FANC1/2439046679443273982118864381573244666657869247,previews/e8f79d54-d0b3-4a19-8775-8ab7a3ce9f98/1692861120/_unique-previews/63,ipfs://QmPezVXwfR3awwAm3bnFVeNjguzfqaLPAGqC4Pjk3Myd98,previews/e8f79d54-d0b3-4a19-8775-8ab7a3ce9f98/1692861120/_unique-thumbnails/63-large.jpg,ipfs://QmbE4nvnEgGuJQSAjvkwJR1Zt7T5Qhp37EdWX9CdhmnSjA
0xBb12686c360e9057be3CD031140035A705e19ceC,FeralfileExhibitionV4,Truth,2439046679443273982118864381573244666657869248,2439046679443273982118864381573244666657869248,64,e8f79d54-d0b3-4a19-8775-8ab7a3ce9f98,Dactylogram,image,QmQjzvrvZjzNGiqQhTGsiHeTpb9FmEcjCVWxVySf5FANC1/2439046679443273982118864381573244666657869248,previews/e8f79d54-d0b3-4a19-8775-8ab7a3ce9f98/1692861120/_unique-previews/64,ipfs://QmdRqFnSXKNNTvhuNRtzSo7GJQ4Bxhh876dDMfLgANpPS5,previews/e8f79d54-d0b3-4a19-8775-8ab7a3ce9f98/1692861120/_unique-thumbnails/64-large.jpg,ipfs://QmXmvAyQCjkX43JAfhm5eGuGXYB557DCer5NBpDbAfh4eH
0xBb12686c360e9057be3CD031140035A705e19ceC,FeralfileExhibitionV4,Truth,2439046679443273982118864381573244666657869249,2439046679443273982118864381573244666657869249,65,e8f79d54-d0b3-4a19-8775-8ab7a3ce9f98,Dactylogram,image,QmQjzvrvZjzNGiqQhTGsiHeTpb9FmEcjCVWxVySf5FANC1/2439046679443273982118864381573244666657869249,previews/e8f79d54-d0b3-4a19-8775-8ab7a3ce9f98/1692861120/_unique-previews/65,ipfs://QmdP2B727KRXpbbJfe8mbjYCCqZi43Fo4HdYJPeFnXGR8k,previews/e8f79d54-d0b3-4a19-8775-8ab7a3ce9f98/1692861120/_unique-thumbnails/65-large.jpg,ipfs://QmZCLBLfwXERudZNaKPsaFnKDFB5VHycEj9TeRnNNFzaZw
0xBb12686c360e9057be3CD031140035A705e19ceC,FeralfileExhibitionV4,Truth,2439046679443273982118864381573244666657869250,2439046679443273982118864381573244666657869250,66,e8f79d54-d0b3-4a19-8775-8ab7a3ce9f98,Dactylogram,image,QmQjzvrvZjzNGiqQhTGsiHeTpb9FmEcjCVWxVySf5FANC1/2439046679443273982118864381573244666657869250,previews/e8f79d54-d0b3-4a19-8775-8ab7a3ce9f98/1692861120/_unique-previews/66,ipfs://QmYUiVPrUSpU14JVMiPmZsFYb4cQamu4CZP9VbcU3J9UBv,previews/e8f79d54-d0b3-4a19-8775-8ab7a3ce9f98/1692861120/_unique-thumbnails/66-large.jpg,ipfs://QmZkk4Uzcj1KMskCHCm3X9BggW8R84QAj4M3pdpaZFM8Hq
0xBb12686c360e9057be3CD031140035A705e19ceC,FeralfileExhibitionV4,Truth,2439046679443273982118864381573244666657869251,2439046679443273982118864381573244666657869251,67,e8f79d54-d0b3-4a19-8775-8ab7a3ce9f98,Dactylogram,image,QmQjzvrvZjzNGiqQhTGsiHeTpb9FmEcjCVWxVySf5FANC1/2439046679443273982118864381573244666657869251,previews/e8f79d54-d0b3-4a19-8775-8ab7a3ce9f98/1692861120/_unique-previews/67,ipfs://QmfSPM4fetBKcA2uYdSV5NgPbCAfzyYCUGEssJF4V1KT5f,previews/e8f79d54-d0b3-4a19-8775-8ab7a3ce9f98/1692861120/_unique-thumbnails/67-large.jpg,ipfs://QmSAjsH24Jouara9TgFbuMJeAvMhMhibXEdyGM9Jxf22uq
0xBb12686c360e9057be3CD031140035A705e19ceC,FeralfileExhibitionV4,Truth,2439046679443273982118864381573244666657869252,2439046679443273982118864381573244666657869252,68,e8f79d54-d0b3-4a19-8775-8ab7a3ce9f98,Dactylogram,image,QmQjzvrvZjzNGiqQhTGsiHeTpb9FmEcjCVWxVySf5FANC1/2439046679443273982118864381573244666657869252,previews/e8f79d54-d0b3-4a19-8775-8ab7a3ce9f98/1692861120/_unique-previews/68,ipfs://QmPWWSXDDuFxyLcuriK7QpsG2Jghq8jWBy9e1SA8JnJHYp,previews/e8f79d54-d0b3-4a19-8775-8ab7a3ce9f98/1692861120/_unique-thumbnails/68-large.jpg,ipfs://QmTHj5s2qwxqiGYqgiRw2uSQRVDLHgqFGGhyr4asQa8dVM
0xBb12686c360e9057be3CD031140035A705e19ceC,FeralfileExhibitionV4,Truth,2439046679443273982118864381573244666657869253,2439046679443273982118864381573244666657869253,69,e8f79d54-d0b3-4a19-8775-8ab7a3ce9f98,Dactylogram,image,QmQjzvrvZjzNGiqQhTGsiHeTpb9FmEcjCVWxVySf5FANC1/2439046679443273982118864381573244666657869253,previews/e8f79d54-d0b3-4a19-8775-8ab7a3ce9f98/1692861120/_unique-previews/69,ipfs://QmNUFNZxDUV5TafD9ixQif1EDqa4B6YJeRzNHxehT7hSvk,previews/e8f79d54-d0b3-4a19-8775-8ab7a3ce9f98/1692861120/_unique-thumbnails/69-large.jpg,ipfs://QmevBww6YJQdgVEWtTaGupWP4PjP4DZpjxs75mBs5T8Vmq
0xBb12686c360e9057be3CD031140035A705e19ceC,FeralfileExhibitionV4,Truth,2439046679443273982118864381573244666657869254,2439046679443273982118864381573244666657869254,70,e8f79d54-d0b3-4a19-8775-8ab7a3ce9f98,Dactylogram,image,QmQjzvrvZjzNGiqQhTGsiHeTpb9FmEcjCVWxVySf5FANC1/2439046679443273982118864381573244666657869254,previews/e8f79d54-d0b3-4a19-8775-8ab7a3ce9f98/1692861120/_unique-previews/70,ipfs://QmUoCpPwkVFWms3Bkt2Zi6YXsRtXsc2jcwpMfKwVD1DkaN,previews/e8f79d54-d0b3-4a19-8775-8ab7a3ce9f98/1692861120/_unique-thumbnails/70-large.jpg,ipfs://QmPAdaP52Cusj4mvSUwc8ot4st9kDciAqweowAWp5Kqgp3
0xBb12686c360e9057be3CD031140035A705e19ceC,FeralfileExhibitionV4,Truth,2439046679443273982118864381573244666657869255,2439046679443273982118864381573244666657869255,71,e8f79d54-d0b3-4a19-8775-8ab7a3ce9f98,Dactylogram,image,QmQjzvrvZjzNGiqQhTGsiHeTpb9FmEcjCVWxVySf5FANC1/2439046679443273982118864381573244666657869255,previews/e8f79d54-d0b3-4a19-8775-8ab7a3ce9f98/1692861120/_unique-previews/71,ipfs://QmRfq3ys4oKyjxHQDjfdxq5D3Z63voXarUpoBbHdaPrLmn,previews/e8f79d54-d0b3-4a19-8775-8ab7a3ce9f98/1692861120/_unique-thumbnails/71-large.jpg,ipfs://QmTsxMLLJEj2aJHXnyzBpPxDi3BAun3Gdw8AYo6vj2W9Jk
0xBb12686c360e9057be3CD031140035A705e19ceC,FeralfileExhibitionV4,Truth,2439046679443273982118864381573244666657869256,2439046679443273982118864381573244666657869256,72,e8f79d54-d0b3-4a19-8775-8ab7a3ce9f98,Dactylogram,image,QmQjzvrvZjzNGiqQhTGsiHeTpb9FmEcjCVWxVySf5FANC1/2439046679443273982118864381573244666657869256,previews/e8f79d54-d0b3-4a19-8775-8ab7a3ce9f98/1692861120/_unique-previews/72,ipfs://QmRswr4G3e9H2ArRMbds1MDu4UpcngNYzX862eHJquWbe3,previews/e8f79d54-d0b3-4a19-8775-8ab7a3ce9f98/1692861120/_unique-thumbnails/72-large.jpg,ipfs://QmYyBhYGAXV54JowRtSQXYgpoYTyzhZGTpREj7A1DMBrUD
0xBb12686c360e9057be3CD031140035A705e19ceC,FeralfileExhibitionV4,Truth,2439046679443273982118864381573244666657869257,2439046679443273982118864381573244666657869257,73,e8f79d54-d0b3-4a19-8775-8ab7a3ce9f98,Dactylogram,image,QmQjzvrvZjzNGiqQhTGsiHeTpb9FmEcjCVWxVySf5FANC1/2439046679443273982118864381573244666657869257,previews/e8f79d54-d0b3-4a19-8775-8ab7a3ce9f98/1692861120/_unique-previews/73,ipfs://Qma6HMkKtcU5SuHDnrccpwDXEfQPkzdcvgTxKZbR6CZh2W,previews/e8f79d54-d0b3-4a19-8775-8ab7a3ce9f98/1692861120/_unique-thumbnails/73-large.jpg,ipfs://QmQST8wLQincDN6raAETP9sRT65yy25uSWYpzJEEYJ8Wcm
0xBb12686c360e9057be3CD031140035A705e19ceC,FeralfileExhibitionV4,Truth,2439046679443273982118864381573244666657869258,2439046679443273982118864381573244666657869258,74,e8f79d54-d0b3-4a19-8775-8ab7a3ce9f98,Dactylogram,image,QmQjzvrvZjzNGiqQhTGsiHeTpb9FmEcjCVWxVySf5FANC1/2439046679443273982118864381573244666657869258,previews/e8f79d54-d0b3-4a19-8775-8ab7a3ce9f98/1692861120/_unique-previews/74,ipfs://QmWtEc3D589JtoFCwPotzwF9cx7HmR4ZVm4QMXu2z2DcV3,previews/e8f79d54-d0b3-4a19-8775-8ab7a3ce9f98/1692861120/_unique-thumbnails/74-large.jpg,ipfs://QmeHAStePMs286TyusH99jctTXEdT7W9Wd23uBx9dJgeM9
0xBb12686c360e9057be3CD031140035A705e19ceC,FeralfileExhibitionV4,Truth,2439046679443273982118864381573244666657869259,2439046679443273982118864381573244666657869259,75,e8f79d54-d0b3-4a19-8775-8ab7a3ce9f98,Dactylogram,image,QmQjzvrvZjzNGiqQhTGsiHeTpb9FmEcjCVWxVySf5FANC1/2439046679443273982118864381573244666657869259,previews/e8f79d54-d0b3-4a19-8775-8ab7a3ce9f98/1692861120/_unique-previews/75,ipfs://QmR2DETA4woD1J3xs6gZK2E3LDqXF6C4oWarUxEhNCuvhc,previews/e8f79d54-d0b3-4a19-8775-8ab7a3ce9f98/1692861120/_unique-thumbnails/75-large.jpg,ipfs://QmVMhFHLX4Nr96G4WsWWAhxAfiVGUMpQdVrWuKaqiaPWiP
0xBb12686c360e9057be3CD031140035A705e19ceC,FeralfileExhibitionV4,Truth,2439046679443273982118864381573244666657869260,2439046679443273982118864381573244666657869260,76,e8f79d54-d0b3-4a19-8775-8ab7a3ce9f98,Dactylogram,image,QmQjzvrvZjzNGiqQhTGsiHeTpb9FmEcjCVWxVySf5FANC1/2439046679443273982118864381573244666657869260,previews/e8f79d54-d0b3-4a19-8775-8ab7a3ce9f98/1692861120/_unique-previews/76,ipfs://QmNLrvFwx6hZKcGNJQhak5c9PNLAkL2KowX9cHbn7cA22Z,previews/e8f79d54-d0b3-4a19-8775-8ab7a3ce9f98/1692861120/_unique-thumbnails/76-large.jpg,ipfs://QmPcj8hWTDr2Rd5fmPhYGd2WeibWoUDCHKkZL6hgJTN1Mn
0xBb12686c360e9057be3CD031140035A705e19ceC,FeralfileExhibitionV4,Truth,2439046679443273982118864381573244666657869261,2439046679443273982118864381573244666657869261,77,e8f79d54-d0b3-4a19-8775-8ab7a3ce9f98,Dactylogram,image,QmQjzvrvZjzNGiqQhTGsiHeTpb9FmEcjCVWxVySf5FANC1/2439046679443273982118864381573244666657869261,previews/e8f79d54-d0b3-4a19-8775-8ab7a3ce9f98/1692861120/_unique-previews/77,ipfs://QmVvk13TnLsPkFbvyd1DZM8QxbKGsMNhLVBeM9L1QwkzFU,previews/e8f79d54-d0b3-4a19-8775-8ab7a3ce9f98/1692861120/_unique-thumbnails/77-large.jpg,ipfs://Qmc56xZLaYQnhZsb1aAd4aAZJh3cAmuoPk2raQy1tS9qFg
0xBb12686c360e9057be3CD031140035A705e19ceC,FeralfileExhibitionV4,Truth,2439046679443273982118864381573244666657869262,2439046679443273982118864381573244666657869262,78,e8f79d54-d0b3-4a19-8775-8ab7a3ce9f98,Dactylogram,image,QmQjzvrvZjzNGiqQhTGsiHeTpb9FmEcjCVWxVySf5FANC1/2439046679443273982118864381573244666657869262,previews/e8f79d54-d0b3-4a19-8775-8ab7a3ce9f98/1692861120/_unique-previews/78,ipfs://QmdgGbQkgNHQbv171ocCPM7x8voXKm66ESEU8HekGqeiz2,previews/e8f79d54-d0b3-4a19-8775-8ab7a3ce9f98/1692861120/_unique-thumbnails/78-large.jpg,ipfs://QmXkNKnxFpAVbsM8RiEx4SJVnd4ZdcoZQBxKC3Vz7NCkxY
0xBb12686c360e9057be3CD031140035A705e19ceC,FeralfileExhibitionV4,Truth,2439046679443273982118864381573244666657869263,2439046679443273982118864381573244666657869263,79,e8f79d54-d0b3-4a19-8775-8ab7a3ce9f98,Dactylogram,image,QmQjzvrvZjzNGiqQhTGsiHeTpb9FmEcjCVWxVySf5FANC1/2439046679443273982118864381573244666657869263,previews/e8f79d54-d0b3-4a19-8775-8ab7a3ce9f98/1692861120/_unique-previews/79,ipfs://QmUshMPrjKkXJJe3HkFbP8uEH3NzArFLkmmjxxfN4CVPxk,previews/e8f79d54-d0b3-4a19-8775-8ab7a3ce9f98/1692861120/_unique-thumbnails/79-large.jpg,ipfs://QmR6NPv2h73WCVk6rfdt317UUF3yCPCYMEiWDoPX8B1ySG
0xBb12686c360e9057be3CD031140035A705e19ceC,FeralfileExhibitionV4,Truth,2439046679443273982118864381573244666657869264,2439046679443273982118864381573244666657869264,80,e8f79d54-d0b3-4a19-8775-8ab7a3ce9f98,Dactylogram,image,QmQjzvrvZjzNGiqQhTGsiHeTpb9FmEcjCVWxVySf5FANC1/2439046679443273982118864381573244666657869264,previews/e8f79d54-d0b3-4a19-8775-8ab7a3ce9f98/1692861120/_unique-previews/80,ipfs://Qmb7HQ1gPm37ZM4CVUF7Nho1gLigq7ws3mK5sYAkfnW6H8,previews/e8f79d54-d0b3-4a19-8775-8ab7a3ce9f98/1692861120/_unique-thumbnails/80-large.jpg,ipfs://QmaRcionVnQFRXYrGRE4VDYGEAe9CkP2o1WBP5KX5cpR82
0xBb12686c360e9057be3CD031140035A705e19ceC,FeralfileExhibitionV4,Truth,2439046679443273982118864381573244666657869265,2439046679443273982118864381573244666657869265,81,e8f79d54-d0b3-4a19-8775-8ab7a3ce9f98,Dactylogram,image,QmQjzvrvZjzNGiqQhTGsiHeTpb9FmEcjCVWxVySf5FANC1/2439046679443273982118864381573244666657869265,previews/e8f79d54-d0b3-4a19-8775-8ab7a3ce9f98/1692861120/_unique-previews/81,ipfs://Qmc4mPECT5Rmiz9hAVaithBbE5rB7HyRRQE6mQBKL7vUiy,previews/e8f79d54-d0b3-4a19-8775-8ab7a3ce9f98/1692861120/_unique-thumbnails/81-large.jpg,ipfs://QmNWtTSysitFBErV9pCyaRekRFnzBHAmtP2tufmfS9YFBL
0xBb12686c360e9057be3CD031140035A705e19ceC,FeralfileExhibitionV4,Truth,2439046679443273982118864381573244666657869266,2439046679443273982118864381573244666657869266,82,e8f79d54-d0b3-4a19-8775-8ab7a3ce9f98,Dactylogram,image,QmQjzvrvZjzNGiqQhTGsiHeTpb9FmEcjCVWxVySf5FANC1/2439046679443273982118864381573244666657869266,previews/e8f79d54-d0b3-4a19-8775-8ab7a3ce9f98/1692861120/_unique-previews/82,ipfs://Qme1tGEj5UUaS6WQC2LQC3VrkmQmBTYtmTS4hPjCkeYy3t,previews/e8f79d54-d0b3-4a19-8775-8ab7a3ce9f98/1692861120/_unique-thumbnails/82-large.jpg,ipfs://QmV979m9ymtJkHunysih6gXAiC3LCj4iLVTwUoUaFVsJ6x
0xBb12686c360e9057be3CD031140035A705e19ceC,FeralfileExhibitionV4,Truth,2439046679443273982118864381573244666657869267,2439046679443273982118864381573244666657869267,83,e8f79d54-d0b3-4a19-8775-8ab7a3ce9f98,Dactylogram,image,QmQjzvrvZjzNGiqQhTGsiHeTpb9FmEcjCVWxVySf5FANC1/2439046679443273982118864381573244666657869267,previews/e8f79d54-d0b3-4a19-8775-8ab7a3ce9f98/1692861120/_unique-previews/83,ipfs://QmbAce8jF8xprLBeif4JQokGZnuW1MmMbsSRTc4ME6es6B,previews/e8f79d54-d0b3-4a19-8775-8ab7a3ce9f98/1692861120/_unique-thumbnails/83-large.jpg,ipfs://QmW4anpVZh51q7VLLfa5VEweXSkJo1nbM6sgZN8wbs7Epy
0xBb12686c360e9057be3CD031140035A705e19ceC,FeralfileExhibitionV4,Truth,2439046679443273982118864381573244666657869268,2439046679443273982118864381573244666657869268,84,e8f79d54-d0b3-4a19-8775-8ab7a3ce9f98,Dactylogram,image,QmQjzvrvZjzNGiqQhTGsiHeTpb9FmEcjCVWxVySf5FANC1/2439046679443273982118864381573244666657869268,previews/e8f79d54-d0b3-4a19-8775-8ab7a3ce9f98/1692861120/_unique-previews/84,ipfs://QmapPrmfZgSx6xaEAMyU1jbVqeV6omtBJG4Uu2mPmyPrfM,previews/e8f79d54-d0b3-4a19-8775-8ab7a3ce9f98/1692861120/_unique-thumbnails/84-large.jpg,ipfs://QmXJB67fmVGZiLtTzsCibGVicZez6AKqhCRAfZs1bf2Eds
0xBb12686c360e9057be3CD031140035A705e19ceC,FeralfileExhibitionV4,Truth,2439046679443273982118864381573244666657869269,2439046679443273982118864381573244666657869269,85,e8f79d54-d0b3-4a19-8775-8ab7a3ce9f98,Dactylogram,image,QmQjzvrvZjzNGiqQhTGsiHeTpb9FmEcjCVWxVySf5FANC1/2439046679443273982118864381573244666657869269,previews/e8f79d54-d0b3-4a19-8775-8ab7a3ce9f98/1692861120/_unique-previews/85,ipfs://QmSrSQxfYxbH6xPYJHkTvwb3kpEuWWfvExRKmApvcv3Dbm,previews/e8f79d54-d0b3-4a19-8775-8ab7a3ce9f98/1692861120/_unique-thumbnails/85-large.jpg,ipfs://QmU2dm95q3w7Gp4nXCPDbTpmbZoLmdt2ez86Yyon2BBZd6
0xBb12686c360e9057be3CD031140035A705e19ceC,FeralfileExhibitionV4,Truth,2439046679443273982118864381573244666657869270,2439046679443273982118864381573244666657869270,86,e8f79d54-d0b3-4a19-8775-8ab7a3ce9f98,Dactylogram,image,QmQjzvrvZjzNGiqQhTGsiHeTpb9FmEcjCVWxVySf5FANC1/2439046679443273982118864381573244666657869270,previews/e8f79d54-d0b3-4a19-8775-8ab7a3ce9f98/1692861120/_unique-previews/86,ipfs://QmZc9mrUHRz6mWMuBgqu5QTKm8B3VL65QrqPzfSaRmkk8A,previews/e8f79d54-d0b3-4a19-8775-8ab7a3ce9f98/1692861120/_unique-thumbnails/86-large.jpg,ipfs://QmTQpsuiJYcYAJHR7TGgQEnS4irUDXsZhKD1ZU5U96NSEU
0xBb12686c360e9057be3CD031140035A705e19ceC,FeralfileExhibitionV4,Truth,2439046679443273982118864381573244666657869271,2439046679443273982118864381573244666657869271,87,e8f79d54-d0b3-4a19-8775-8ab7a3ce9f98,Dactylogram,image,QmQjzvrvZjzNGiqQhTGsiHeTpb9FmEcjCVWxVySf5FANC1/2439046679443273982118864381573244666657869271,previews/e8f79d54-d0b3-4a19-8775-8ab7a3ce9f98/1692861120/_unique-previews/87,ipfs://QmUByXNfzZtibbDUu99M1RGu5uanUXPVtPmco9z6BRLymR,previews/e8f79d54-d0b3-4a19-8775-8ab7a3ce9f98/1692861120/_unique-thumbnails/87-large.jpg,ipfs://Qmbi36kYHhxupTkHxHQtBqkTSy846eqZrVuDney5TNrvii
0xBb12686c360e9057be3CD031140035A705e19ceC,FeralfileExhibitionV4,Truth,2439046679443273982118864381573244666657869272,2439046679443273982118864381573244666657869272,88,e8f79d54-d0b3-4a19-8775-8ab7a3ce9f98,Dactylogram,image,QmQjzvrvZjzNGiqQhTGsiHeTpb9FmEcjCVWxVySf5FANC1/2439046679443273982118864381573244666657869272,previews/e8f79d54-d0b3-4a19-8775-8ab7a3ce9f98/1692861120/_unique-previews/88,ipfs://QmRMTRQQhsCPrnEgk6sAGoLFE1N8uU26zwmWUtXiuaGfM3,previews/e8f79d54-d0b3-4a19-8775-8ab7a3ce9f98/1692861120/_unique-thumbnails/88-large.jpg,ipfs://Qme3F9EexiQw6ofzzYYdKH1vaHHueiLo7M3dB8gW9zW4GB
0xBb12686c360e9057be3CD031140035A705e19ceC,FeralfileExhibitionV4,Truth,2439046679443273982118864381573244666657869273,2439046679443273982118864381573244666657869273,89,e8f79d54-d0b3-4a19-8775-8ab7a3ce9f98,Dactylogram,image,QmQjzvrvZjzNGiqQhTGsiHeTpb9FmEcjCVWxVySf5FANC1/2439046679443273982118864381573244666657869273,previews/e8f79d54-d0b3-4a19-8775-8ab7a3ce9f98/1692861120/_unique-previews/89,ipfs://QmRCGz6d7T2RoFjzJGSCGugkQgTjYTmnJg7DLyQtGh3VmR,previews/e8f79d54-d0b3-4a19-8775-8ab7a3ce9f98/1692861120/_unique-thumbnails/89-large.jpg,ipfs://QmbAc2wGgtATMhV2xvKHrDhqx1rpz5KoHE5mRA2SG5yidf
0xBb12686c360e9057be3CD031140035A705e19ceC,FeralfileExhibitionV4,Truth,2439046679443273982118864381573244666657869274,2439046679443273982118864381573244666657869274,90,e8f79d54-d0b3-4a19-8775-8ab7a3ce9f98,Dactylogram,image,QmQjzvrvZjzNGiqQhTGsiHeTpb9FmEcjCVWxVySf5FANC1/2439046679443273982118864381573244666657869274,previews/e8f79d54-d0b3-4a19-8775-8ab7a3ce9f98/1692861120/_unique-previews/90,ipfs://QmZmTzP6BHug4umwF2XxuUpWCDbUy5Ru29X4HLmjuoDAXy,previews/e8f79d54-d0b3-4a19-8775-8ab7a3ce9f98/1692861120/_unique-thumbnails/90-large.jpg,ipfs://QmaszDPT3qjKWwJyPcpVjRbpcH8Hb4vPqANzuFbuePptUM
0xBb12686c360e9057be3CD031140035A705e19ceC,FeralfileExhibitionV4,Truth,2439046679443273982118864381573244666657869275,2439046679443273982118864381573244666657869275,91,e8f79d54-d0b3-4a19-8775-8ab7a3ce9f98,Dactylogram,image,QmQjzvrvZjzNGiqQhTGsiHeTpb9FmEcjCVWxVySf5FANC1/2439046679443273982118864381573244666657869275,previews/e8f79d54-d0b3-4a19-8775-8ab7a3ce9f98/1692861120/_unique-previews/91,ipfs://QmdeWarzcfGJ7sFMrWGMkyG1g2kysSSxuWyWixYdFUeC1g,previews/e8f79d54-d0b3-4a19-8775-8ab7a3ce9f98/1692861120/_unique-thumbnails/91-large.jpg,ipfs://QmS2i8Aa3uGx5Jtro2UvmskGxEv9EGM1CTXMbKJLWXiRmg
0xBb12686c360e9057be3CD031140035A705e19ceC,FeralfileExhibitionV4,Truth,2439046679443273982118864381573244666657869276,2439046679443273982118864381573244666657869276,92,e8f79d54-d0b3-4a19-8775-8ab7a3ce9f98,Dactylogram,image,QmQjzvrvZjzNGiqQhTGsiHeTpb9FmEcjCVWxVySf5FANC1/2439046679443273982118864381573244666657869276,previews/e8f79d54-d0b3-4a19-8775-8ab7a3ce9f98/1692861120/_unique-previews/92,ipfs://Qmf8ZM63ZhwtQVyBtsRwWc5eFJcJ5yxAjwCqbcsV52bbTi,previews/e8f79d54-d0b3-4a19-8775-8ab7a3ce9f98/1692861120/_unique-thumbnails/92-large.jpg,ipfs://QmZuJaUNPqQXjJUy9gESTnAsLUAmXJsJmUZFGv2JGUJ7dT
0xBb12686c360e9057be3CD031140035A705e19ceC,FeralfileExhibitionV4,Truth,2439046679443273982118864381573244666657869277,2439046679443273982118864381573244666657869277,93,e8f79d54-d0b3-4a19-8775-8ab7a3ce9f98,Dactylogram,image,QmQjzvrvZjzNGiqQhTGsiHeTpb9FmEcjCVWxVySf5FANC1/2439046679443273982118864381573244666657869277,previews/e8f79d54-d0b3-4a19-8775-8ab7a3ce9f98/1692861120/_unique-previews/93,ipfs://QmSAqdnrmwBJbCtmuGKSUBraxxoURfWoWL9RQ14jF1LByB,previews/e8f79d54-d0b3-4a19-8775-8ab7a3ce9f98/1692861120/_unique-thumbnails/93-large.jpg,ipfs://QmRpUC3h4i5mfBYN2DH5AcasqBWfiUBYMt66z9J4kXrVzC
0xBb12686c360e9057be3CD031140035A705e19ceC,FeralfileExhibitionV4,Truth,2439046679443273982118864381573244666657869278,2439046679443273982118864381573244666657869278,94,e8f79d54-d0b3-4a19-8775-8ab7a3ce9f98,Dactylogram,image,QmQjzvrvZjzNGiqQhTGsiHeTpb9FmEcjCVWxVySf5FANC1/2439046679443273982118864381573244666657869278,previews/e8f79d54-d0b3-4a19-8775-8ab7a3ce9f98/1692861120/_unique-previews/94,ipfs://QmWDPZojuMS6TCZtdSbkWQjGAUUVUXD5kNVNwJZDEg2TnE,previews/e8f79d54-d0b3-4a19-8775-8ab7a3ce9f98/1692861120/_unique-thumbnails/94-large.jpg,ipfs://QmTgyxZWbnEo1KmueJS8GhjZxr8CCkvsfmpRk4D7c1AJeH
0xBb12686c360e9057be3CD031140035A705e19ceC,FeralfileExhibitionV4,Truth,2439046679443273982118864381573244666657869279,2439046679443273982118864381573244666657869279,95,e8f79d54-d0b3-4a19-8775-8ab7a3ce9f98,Dactylogram,image,QmQjzvrvZjzNGiqQhTGsiHeTpb9FmEcjCVWxVySf5FANC1/2439046679443273982118864381573244666657869279,previews/e8f79d54-d0b3-4a19-8775-8ab7a3ce9f98/1692861120/_unique-previews/95,ipfs://Qma7N38KupQTFUoobhXhL9kSzYt5mk889CD4htkz2sKLAy,previews/e8f79d54-d0b3-4a19-8775-8ab7a3ce9f98/1692861120/_unique-thumbnails/95-large.jpg,ipfs://QmNUmLyz217eoxXm6EpKn1kjss4arjQ1s94MaJDVV7GCeH
0xBb12686c360e9057be3CD031140035A705e19ceC,FeralfileExhibitionV4,Truth,2439046679443273982118864381573244666657869280,2439046679443273982118864381573244666657869280,96,e8f79d54-d0b3-4a19-8775-8ab7a3ce9f98,Dactylogram,image,QmQjzvrvZjzNGiqQhTGsiHeTpb9FmEcjCVWxVySf5FANC1/2439046679443273982118864381573244666657869280,previews/e8f79d54-d0b3-4a19-8775-8ab7a3ce9f98/1692861120/_unique-previews/96,ipfs://QmWNQbNoQT4CPWgabzoy9xGGPHijvvvgV6qrbdDZQH4DEQ,previews/e8f79d54-d0b3-4a19-8775-8ab7a3ce9f98/1692861120/_unique-thumbnails/96-large.jpg,ipfs://Qmb9XsravJhm7tGrLbe7BHaGCxpoEj8YQ8Bwa5Xd7nyK2w
0xBb12686c360e9057be3CD031140035A705e19ceC,FeralfileExhibitionV4,Truth,2439046679443273982118864381573244666657869281,2439046679443273982118864381573244666657869281,97,e8f79d54-d0b3-4a19-8775-8ab7a3ce9f98,Dactylogram,image,QmQjzvrvZjzNGiqQhTGsiHeTpb9FmEcjCVWxVySf5FANC1/2439046679443273982118864381573244666657869281,previews/e8f79d54-d0b3-4a19-8775-8ab7a3ce9f98/1692861120/_unique-previews/97,ipfs://QmTjKzkTdtSeAjdceZBRsuNU4oVcMnjEC38DoeeHVKJMyx,previews/e8f79d54-d0b3-4a19-8775-8ab7a3ce9f98/1692861120/_unique-thumbnails/97-large.jpg,ipfs://QmZkZsMAE72pRbHJvRRGnLtTgnkzkrpRrdi9bLVUkBK1k2
0xBb12686c360e9057be3CD031140035A705e19ceC,FeralfileExhibitionV4,Truth,2439046679443273982118864381573244666657869282,2439046679443273982118864381573244666657869282,98,e8f79d54-d0b3-4a19-8775-8ab7a3ce9f98,Dactylogram,image,QmQjzvrvZjzNGiqQhTGsiHeTpb9FmEcjCVWxVySf5FANC1/2439046679443273982118864381573244666657869282,previews/e8f79d54-d0b3-4a19-8775-8ab7a3ce9f98/1692861120/_unique-previews/98,ipfs://QmR6D8NbkrVThRaMqiGRAZ6tzKiWN6HG2hn2vYJYgbFNNq,previews/e8f79d54-d0b3-4a19-8775-8ab7a3ce9f98/1692861120/_unique-thumbnails/98-large.jpg,ipfs://Qme6CPWyuB9CCooNezabdBQvNarvmh3PbWc4NJYwaxRy35
0xBb12686c360e9057be3CD031140035A705e19ceC,FeralfileExhibitionV4,Truth,2439046679443273982118864381573244666657869283,2439046679443273982118864381573244666657869283,99,e8f79d54-d0b3-4a19-8775-8ab7a3ce9f98,Dactylogram,image,QmQjzvrvZjzNGiqQhTGsiHeTpb9FmEcjCVWxVySf5FANC1/2439046679443273982118864381573244666657869283,previews/e8f79d54-d0b3-4a19-8775-8ab7a3ce9f98/1692861120/_unique-previews/99,ipfs://QmTaRBhoaRFemZj4UCQyejjsCvLaHxQyV9oyjVoz8Um9QU,previews/e8f79d54-d0b3-4a19-8775-8ab7a3ce9f98/1692861120/_unique-thumbnails/99-large.jpg,ipfs://QmPe4n3QGYQKQMLps4t8uXDKzWNzgprb8fanw4fZyHjZHU
0xBb12686c360e9057be3CD031140035A705e19ceC,FeralfileExhibitionV4,Truth,2439046679443273982118864381573244666657869284,2439046679443273982118864381573244666657869284,100,e8f79d54-d0b3-4a19-8775-8ab7a3ce9f98,Dactylogram,image,QmQjzvrvZjzNGiqQhTGsiHeTpb9FmEcjCVWxVySf5FANC1/2439046679443273982118864381573244666657869284,previews/e8f79d54-d0b3-4a19-8775-8ab7a3ce9f98/1692861120/_unique-previews/100,ipfs://QmZYg42M3jDv2F2AHmguHD2MzKoPjRxVkEoj82aoKYiVdn,previews/e8f79d54-d0b3-4a19-8775-8ab7a3ce9f98/1692861120/_unique-thumbnails/100-large.jpg,ipfs://QmNSQqYSPjwEPgfbY97Dpioy8CbbBX1UvUDdRKVn5kb7DA
0xBb12686c360e9057be3CD031140035A705e19ceC,FeralfileExhibitionV4,Truth,2439046679443273982118864381573244666657869285,2439046679443273982118864381573244666657869285,101,e8f79d54-d0b3-4a19-8775-8ab7a3ce9f98,Dactylogram,image,QmQjzvrvZjzNGiqQhTGsiHeTpb9FmEcjCVWxVySf5FANC1/2439046679443273982118864381573244666657869285,previews/e8f79d54-d0b3-4a19-8775-8ab7a3ce9f98/1692861120/_unique-previews/101,ipfs://QmWrkMoRPfuwJL4txDcfkeVNDXk9LBABgNTDosbEEW64re,previews/e8f79d54-d0b3-4a19-8775-8ab7a3ce9f98/1692861120/_unique-thumbnails/101-large.jpg,ipfs://QmefJNvHbSsiQcYPAtNH3Rw4HGDp4RioviQRdvDbzdh66e
0xBb12686c360e9057be3CD031140035A705e19ceC,FeralfileExhibitionV4,Truth,2439046679443273982118864381573244666657869286,2439046679443273982118864381573244666657869286,102,e8f79d54-d0b3-4a19-8775-8ab7a3ce9f98,Dactylogram,image,QmQjzvrvZjzNGiqQhTGsiHeTpb9FmEcjCVWxVySf5FANC1/2439046679443273982118864381573244666657869286,previews/e8f79d54-d0b3-4a19-8775-8ab7a3ce9f98/1692861120/_unique-previews/102,ipfs://QmPbGqxfzbX742G6ph7kT21VvERBKW97zjjzdpkRibnKfX,previews/e8f79d54-d0b3-4a19-8775-8ab7a3ce9f98/1692861120/_unique-thumbnails/102-large.jpg,ipfs://QmaLndM9TgGHYZm7iKsVXQaFTkJfFGMqiz8qs1q5nm4CGP
0xBb12686c360e9057be3CD031140035A705e19ceC,FeralfileExhibitionV4,Truth,2439046679443273982118864381573244666657869287,2439046679443273982118864381573244666657869287,103,e8f79d54-d0b3-4a19-8775-8ab7a3ce9f98,Dactylogram,image,QmQjzvrvZjzNGiqQhTGsiHeTpb9FmEcjCVWxVySf5FANC1/2439046679443273982118864381573244666657869287,previews/e8f79d54-d0b3-4a19-8775-8ab7a3ce9f98/1692861120/_unique-previews/103,ipfs://QmdFQ5WWYHy4B8WG8peuNT1cgmVohKN68qkh6wsqo4jVZh,previews/e8f79d54-d0b3-4a19-8775-8ab7a3ce9f98/1692861120/_unique-thumbnails/103-large.jpg,ipfs://QmfXuqLvkEhMUPUE7rJMEMuspmqKjhqrPqeZPtMJ7Pit9y
0xBb12686c360e9057be3CD031140035A705e19ceC,FeralfileExhibitionV4,Truth,2439046679443273982118864381573244666657869288,2439046679443273982118864381573244666657869288,104,e8f79d54-d0b3-4a19-8775-8ab7a3ce9f98,Dactylogram,image,QmQjzvrvZjzNGiqQhTGsiHeTpb9FmEcjCVWxVySf5FANC1/2439046679443273982118864381573244666657869288,previews/e8f79d54-d0b3-4a19-8775-8ab7a3ce9f98/1692861120/_unique-previews/104,ipfs://QmXXaqid8nPEyRPhhso82HaGfBC3cBr3wx2LMGdjUccx2A,previews/e8f79d54-d0b3-4a19-8775-8ab7a3ce9f98/1692861120/_unique-thumbnails/104-large.jpg,ipfs://QmVGKYD5ZNg3YaFatAn52cgDfL43MXyDdSsyt6eLGq5ekn
0xBb12686c360e9057be3CD031140035A705e19ceC,FeralfileExhibitionV4,Truth,2439046679443273982118864381573244666657869289,2439046679443273982118864381573244666657869289,105,e8f79d54-d0b3-4a19-8775-8ab7a3ce9f98,Dactylogram,image,QmQjzvrvZjzNGiqQhTGsiHeTpb9FmEcjCVWxVySf5FANC1/2439046679443273982118864381573244666657869289,previews/e8f79d54-d0b3-4a19-8775-8ab7a3ce9f98/1692861120/_unique-previews/105,ipfs://QmdtmrUyDghVHj33Py3d3scXKtQMprXjHkZ2qzVmQHgZDN,previews/e8f79d54-d0b3-4a19-8775-8ab7a3ce9f98/1692861120/_unique-thumbnails/105-large.jpg,ipfs://QmZCYLiygxFkMkK9sK8mMTS3fvwNvRQ6H15GtywRzyV1mc
0xBb12686c360e9057be3CD031140035A705e19ceC,FeralfileExhibitionV4,Truth,2439046679443273982118864381573244666657869290,2439046679443273982118864381573244666657869290,106,e8f79d54-d0b3-4a19-8775-8ab7a3ce9f98,Dactylogram,image,QmQjzvrvZjzNGiqQhTGsiHeTpb9FmEcjCVWxVySf5FANC1/2439046679443273982118864381573244666657869290,previews/e8f79d54-d0b3-4a19-8775-8ab7a3ce9f98/1692861120/_unique-previews/106,ipfs://Qma5Na9yzMrUVYYUhDfr5REXLGLZ9vdLQXBe3Pq51SnMcp,previews/e8f79d54-d0b3-4a19-8775-8ab7a3ce9f98/1692861120/_unique-thumbnails/106-large.jpg,ipfs://QmcWb3w8RuNv2dHzbKPzEJNi7FT8j8gpaSefZYxDnftx6S
0xBb12686c360e9057be3CD031140035A705e19ceC,FeralfileExhibitionV4,Truth,2439046679443273982118864381573244666657869291,2439046679443273982118864381573244666657869291,107,e8f79d54-d0b3-4a19-8775-8ab7a3ce9f98,Dactylogram,image,QmQjzvrvZjzNGiqQhTGsiHeTpb9FmEcjCVWxVySf5FANC1/2439046679443273982118864381573244666657869291,previews/e8f79d54-d0b3-4a19-8775-8ab7a3ce9f98/1692861120/_unique-previews/107,ipfs://QmVYPJ94TCBDsRwhT6Uqz2iKZb6ywUUTWpm5nMoCSoG4sk,previews/e8f79d54-d0b3-4a19-8775-8ab7a3ce9f98/1692861120/_unique-thumbnails/107-large.jpg,ipfs://QmSSnZqyNYuzHmHcBUvSYYVrJ61bgGQixoePz4ui6LtYFX
0xBb12686c360e9057be3CD031140035A705e19ceC,FeralfileExhibitionV4,Truth,2439046679443273982118864381573244666657869292,2439046679443273982118864381573244666657869292,108,e8f79d54-d0b3-4a19-8775-8ab7a3ce9f98,Dactylogram,image,QmQjzvrvZjzNGiqQhTGsiHeTpb9FmEcjCVWxVySf5FANC1/2439046679443273982118864381573244666657869292,previews/e8f79d54-d0b3-4a19-8775-8ab7a3ce9f98/1692861120/_unique-previews/108,ipfs://QmNdQX1UAa6FJJ15SrYBQqkeex7DryP884k3g2yFQ694fq,previews/e8f79d54-d0b3-4a19-8775-8ab7a3ce9f98/1692861120/_unique-thumbnails/108-large.jpg,ipfs://QmUYd5dFC7fp1E27o4DVuNhwszseSqHyWvBSxmdPxBogQd
0xBb12686c360e9057be3CD031140035A705e19ceC,FeralfileExhibitionV4,Truth,2439046679443273982118864381573244666657869293,2439046679443273982118864381573244666657869293,109,e8f79d54-d0b3-4a19-8775-8ab7a3ce9f98,Dactylogram,image,QmQjzvrvZjzNGiqQhTGsiHeTpb9FmEcjCVWxVySf5FANC1/2439046679443273982118864381573244666657869293,previews/e8f79d54-d0b3-4a19-8775-8ab7a3ce9f98/1692861120/_unique-previews/109,ipfs://QmabiYLpaUen5812bEFZvxRAycB1Yd7ekDsoVqWz3qRd17,previews/e8f79d54-d0b3-4a19-8775-8ab7a3ce9f98/1692861120/_unique-thumbnails/109-large.jpg,ipfs://QmYZEv84cwiephnWWSxbkF8vJa7gwVqvQRGwVndvpGhKVG
0xBb12686c360e9057be3CD031140035A705e19ceC,FeralfileExhibitionV4,Truth,2439046679443273982118864381573244666657869294,2439046679443273982118864381573244666657869294,110,e8f79d54-d0b3-4a19-8775-8ab7a3ce9f98,Dactylogram,image,QmQjzvrvZjzNGiqQhTGsiHeTpb9FmEcjCVWxVySf5FANC1/2439046679443273982118864381573244666657869294,previews/e8f79d54-d0b3-4a19-8775-8ab7a3ce9f98/1692861120/_unique-previews/110,ipfs://QmXaLdXujwt3yTTWZjkwMeVzWGSv9QH3UEGnxx4PhPbpPz,previews/e8f79d54-d0b3-4a19-8775-8ab7a3ce9f98/1692861120/_unique-thumbnails/110-large.jpg,ipfs://Qmc3Kc4BzrV2aG9taXaRpS2tnw4zGh6VnbgWAHBU5GA5Sv
0xBb12686c360e9057be3CD031140035A705e19ceC,FeralfileExhibitionV4,Truth,2439046679443273982118864381573244666657869295,2439046679443273982118864381573244666657869295,111,e8f79d54-d0b3-4a19-8775-8ab7a3ce9f98,Dactylogram,image,QmQjzvrvZjzNGiqQhTGsiHeTpb9FmEcjCVWxVySf5FANC1/2439046679443273982118864381573244666657869295,previews/e8f79d54-d0b3-4a19-8775-8ab7a3ce9f98/1692861120/_unique-previews/111,ipfs://QmPbeUgCDmeCQBQpEjF4JzXf1gYnYXuntta7khJ7NeNJM3,previews/e8f79d54-d0b3-4a19-8775-8ab7a3ce9f98/1692861120/_unique-thumbnails/111-large.jpg,ipfs://QmbQojKUNPaxGsG6ULe6uQPe5pUkQtVxc6RUwXF4Ffsnug
0xBb12686c360e9057be3CD031140035A705e19ceC,FeralfileExhibitionV4,Truth,2439046679443273982118864381573244666657869296,2439046679443273982118864381573244666657869296,112,e8f79d54-d0b3-4a19-8775-8ab7a3ce9f98,Dactylogram,image,QmQjzvrvZjzNGiqQhTGsiHeTpb9FmEcjCVWxVySf5FANC1/2439046679443273982118864381573244666657869296,previews/e8f79d54-d0b3-4a19-8775-8ab7a3ce9f98/1692861120/_unique-previews/112,ipfs://QmQJ25gWFiTeMWuYVPze5X26inBavREr7FShQTvswRUZ3U,previews/e8f79d54-d0b3-4a19-8775-8ab7a3ce9f98/1692861120/_unique-thumbnails/112-large.jpg,ipfs://QmcAViEgFZBqwgRMV83tB4SjyNXzooxg683RUC57q6L1qa
0xBb12686c360e9057be3CD031140035A705e19ceC,FeralfileExhibitionV4,Truth,2439046679443273982118864381573244666657869297,2439046679443273982118864381573244666657869297,113,e8f79d54-d0b3-4a19-8775-8ab7a3ce9f98,Dactylogram,image,QmQjzvrvZjzNGiqQhTGsiHeTpb9FmEcjCVWxVySf5FANC1/2439046679443273982118864381573244666657869297,previews/e8f79d54-d0b3-4a19-8775-8ab7a3ce9f98/1692861120/_unique-previews/113,ipfs://QmNUk5ti5QsyUAzG9DHx1rrc2YP8s5b1gtPQEAT3U3ZaFc,previews/e8f79d54-d0b3-4a19-8775-8ab7a3ce9f98/1692861120/_unique-thumbnails/113-large.jpg,ipfs://QmeApHUR7PcjtU4KS7tsPnG3pHDY5KgNUcQ2CVgbp8uh13
0xBb12686c360e9057be3CD031140035A705e19ceC,FeralfileExhibitionV4,Truth,2439046679443273982118864381573244666657869298,2439046679443273982118864381573244666657869298,114,e8f79d54-d0b3-4a19-8775-8ab7a3ce9f98,Dactylogram,image,QmQjzvrvZjzNGiqQhTGsiHeTpb9FmEcjCVWxVySf5FANC1/2439046679443273982118864381573244666657869298,previews/e8f79d54-d0b3-4a19-8775-8ab7a3ce9f98/1692861120/_unique-previews/114,ipfs://Qmde9dzZN9EhwSymXLXpMrktCGgTWdPhNzWND8VxmqefRA,previews/e8f79d54-d0b3-4a19-8775-8ab7a3ce9f98/1692861120/_unique-thumbnails/114-large.jpg,ipfs://QmV3QRrkXTRRdhdNAMbq4o1WMjzqoiHttJxD5CYYSfAvPz
0xBb12686c360e9057be3CD031140035A705e19ceC,FeralfileExhibitionV4,Truth,2439046679443273982118864381573244666657869299,2439046679443273982118864381573244666657869299,115,e8f79d54-d0b3-4a19-8775-8ab7a3ce9f98,Dactylogram,image,QmQjzvrvZjzNGiqQhTGsiHeTpb9FmEcjCVWxVySf5FANC1/2439046679443273982118864381573244666657869299,previews/e8f79d54-d0b3-4a19-8775-8ab7a3ce9f98/1692861120/_unique-previews/115,ipfs://QmfMvjQzepCQag12F5it2z2M42R2TiLErxugP7UT9kHHCz,previews/e8f79d54-d0b3-4a19-8775-8ab7a3ce9f98/1692861120/_unique-thumbnails/115-large.jpg,ipfs://QmQSZEKp3hV8wZzjq2kk6Y5fqB183HddhJb9K8XcGaGhMn
0xBb12686c360e9057be3CD031140035A705e19ceC,FeralfileExhibitionV4,Truth,2439046679443273982118864381573244666657869300,2439046679443273982118864381573244666657869300,116,e8f79d54-d0b3-4a19-8775-8ab7a3ce9f98,Dactylogram,image,QmQjzvrvZjzNGiqQhTGsiHeTpb9FmEcjCVWxVySf5FANC1/2439046679443273982118864381573244666657869300,previews/e8f79d54-d0b3-4a19-8775-8ab7a3ce9f98/1692861120/_unique-previews/116,ipfs://QmPVhUw8Q1huaMjTqFNubm81KgkUGYyse5u4dYfCDU4mRH,previews/e8f79d54-d0b3-4a19-8775-8ab7a3ce9f98/1692861120/_unique-thumbnails/116-large.jpg,ipfs://QmVv9qJKTW1jQDh9xh3oV9BggSKFbBbG5NJ54h9z84EAPm
0xBb12686c360e9057be3CD031140035A705e19ceC,FeralfileExhibitionV4,Truth,2439046679443273982118864381573244666657869301,2439046679443273982118864381573244666657869301,117,e8f79d54-d0b3-4a19-8775-8ab7a3ce9f98,Dactylogram,image,QmQjzvrvZjzNGiqQhTGsiHeTpb9FmEcjCVWxVySf5FANC1/2439046679443273982118864381573244666657869301,previews/e8f79d54-d0b3-4a19-8775-8ab7a3ce9f98/1692861120/_unique-previews/117,ipfs://QmdbEkUnbgzwmS8ipJY2StT3qsaG7tZYMGabp1vt9CbBZ2,previews/e8f79d54-d0b3-4a19-8775-8ab7a3ce9f98/1692861120/_unique-thumbnails/117-large.jpg,ipfs://QmVWSKtnBxjmB7H2AHQ7TvTdm7UYGcBxiK3S67RtAd2Yza
0xBb12686c360e9057be3CD031140035A705e19ceC,FeralfileExhibitionV4,Truth,2439046679443273982118864381573244666657869302,2439046679443273982118864381573244666657869302,118,e8f79d54-d0b3-4a19-8775-8ab7a3ce9f98,Dactylogram,image,QmQjzvrvZjzNGiqQhTGsiHeTpb9FmEcjCVWxVySf5FANC1/2439046679443273982118864381573244666657869302,previews/e8f79d54-d0b3-4a19-8775-8ab7a3ce9f98/1692861120/_unique-previews/118,ipfs://QmchNwRHuN6Jos2rrfziPDcnEzWhEXDdhBbg1yRpWGgE4d,previews/e8f79d54-d0b3-4a19-8775-8ab7a3ce9f98/1692861120/_unique-thumbnails/118-large.jpg,ipfs://Qma8B6jYGKrbuiV1wJ5uobBityLpYtShgbdj3iAfFU922s
0xBb12686c360e9057be3CD031140035A705e19ceC,FeralfileExhibitionV4,Truth,2439046679443273982118864381573244666657869303,2439046679443273982118864381573244666657869303,119,e8f79d54-d0b3-4a19-8775-8ab7a3ce9f98,Dactylogram,image,QmQjzvrvZjzNGiqQhTGsiHeTpb9FmEcjCVWxVySf5FANC1/2439046679443273982118864381573244666657869303,previews/e8f79d54-d0b3-4a19-8775-8ab7a3ce9f98/1692861120/_unique-previews/119,ipfs://QmX13CXLWr18fBgogFwRVxw3uihbn3vvzhYBSyt1DN1gdb,previews/e8f79d54-d0b3-4a19-8775-8ab7a3ce9f98/1692861120/_unique-thumbnails/119-large.jpg,ipfs://QmUTLviBGuQ3bRB2s97HBxVRKJoiDE2wPuqbPgpHDgJHF9
0xBb12686c360e9057be3CD031140035A705e19ceC,FeralfileExhibitionV4,Truth,2439046679443273982118864381573244666657869304,2439046679443273982118864381573244666657869304,120,e8f79d54-d0b3-4a19-8775-8ab7a3ce9f98,Dactylogram,image,QmQjzvrvZjzNGiqQhTGsiHeTpb9FmEcjCVWxVySf5FANC1/2439046679443273982118864381573244666657869304,previews/e8f79d54-d0b3-4a19-8775-8ab7a3ce9f98/1692861120/_unique-previews/120,ipfs://QmU3DAvZQZuhJ8q2MknJ9Y785GtmE8efbCsv5EafkTHTBS,previews/e8f79d54-d0b3-4a19-8775-8ab7a3ce9f98/1692861120/_unique-thumbnails/120-large.jpg,ipfs://QmVxp2NXMpDcfQaWd6Tn7fp1Q1LtcbYVZVNHNBsPwY21Fg
0xBb12686c360e9057be3CD031140035A705e19ceC,FeralfileExhibitionV4,Truth,2439046679443273982118864381573244666657869305,2439046679443273982118864381573244666657869305,121,e8f79d54-d0b3-4a19-8775-8ab7a3ce9f98,Dactylogram,image,QmQjzvrvZjzNGiqQhTGsiHeTpb9FmEcjCVWxVySf5FANC1/2439046679443273982118864381573244666657869305,previews/e8f79d54-d0b3-4a19-8775-8ab7a3ce9f98/1692861120/_unique-previews/121,ipfs://QmV61t6qqjfgkVGmJvVXj7Nqmdy6GUKBwBHhramqpGsAFM,previews/e8f79d54-d0b3-4a19-8775-8ab7a3ce9f98/1692861120/_unique-thumbnails/121-large.jpg,ipfs://QmY53JkkKoJ3Yk3dXumZfa2h3tQJLeQBzi6RKTm82wsDJS
0xBb12686c360e9057be3CD031140035A705e19ceC,FeralfileExhibitionV4,Truth,2439046679443273982118864381573244666657869306,2439046679443273982118864381573244666657869306,122,e8f79d54-d0b3-4a19-8775-8ab7a3ce9f98,Dactylogram,image,QmQjzvrvZjzNGiqQhTGsiHeTpb9FmEcjCVWxVySf5FANC1/2439046679443273982118864381573244666657869306,previews/e8f79d54-d0b3-4a19-8775-8ab7a3ce9f98/1692861120/_unique-previews/122,ipfs://QmaHVYXmFu62ydnaSPHqYaQsMRx4qi6bnvsXkdzh1kLL2M,previews/e8f79d54-d0b3-4a19-8775-8ab7a3ce9f98/1692861120/_unique-thumbnails/122-large.jpg,ipfs://QmSNTMvdzZSDCxLJjzRRopunTBoFTNMVD7TwQ53nvNDnJh
0xBb12686c360e9057be3CD031140035A705e19ceC,FeralfileExhibitionV4,Truth,2439046679443273982118864381573244666657869307,2439046679443273982118864381573244666657869307,123,e8f79d54-d0b3-4a19-8775-8ab7a3ce9f98,Dactylogram,image,QmQjzvrvZjzNGiqQhTGsiHeTpb9FmEcjCVWxVySf5FANC1/2439046679443273982118864381573244666657869307,previews/e8f79d54-d0b3-4a19-8775-8ab7a3ce9f98/1692861120/_unique-previews/123,ipfs://QmZvg7j3oDraNTUSPZbbfpT1nEqf5dDkx9GfHSTUDZJtoa,previews/e8f79d54-d0b3-4a19-8775-8ab7a3ce9f98/1692861120/_unique-thumbnails/123-large.jpg,ipfs://QmWhcW5Dh56TW9Ld4RR4mq5U5J68y2VHvKWzoCMENsfyR4
0xBb12686c360e9057be3CD031140035A705e19ceC,FeralfileExhibitionV4,Truth,2439046679443273982118864381573244666657869308,2439046679443273982118864381573244666657869308,124,e8f79d54-d0b3-4a19-8775-8ab7a3ce9f98,Dactylogram,image,QmQjzvrvZjzNGiqQhTGsiHeTpb9FmEcjCVWxVySf5FANC1/2439046679443273982118864381573244666657869308,previews/e8f79d54-d0b3-4a19-8775-8ab7a3ce9f98/1692861120/_unique-previews/124,ipfs://QmaRxFGHK98G9W5S2UBVPwkvszrjw9R7QS6LtkQjLApFfa,previews/e8f79d54-d0b3-4a19-8775-8ab7a3ce9f98/1692861120/_unique-thumbnails/124-large.jpg,ipfs://QmazUaiwVBMmktkoJ6yakGfJpywgaRn8BbiRcQJCX36oVz
0xBb12686c360e9057be3CD031140035A705e19ceC,FeralfileExhibitionV4,Truth,2439046679443273982118864381573244666657869309,2439046679443273982118864381573244666657869309,125,e8f79d54-d0b3-4a19-8775-8ab7a3ce9f98,Dactylogram,image,QmQjzvrvZjzNGiqQhTGsiHeTpb9FmEcjCVWxVySf5FANC1/2439046679443273982118864381573244666657869309,previews/e8f79d54-d0b3-4a19-8775-8ab7a3ce9f98/1692861120/_unique-previews/125,ipfs://QmY9McPEJGrtbgcXT77cG9PLQRfRAeDEg6ZRLVFb7cfb51,previews/e8f79d54-d0b3-4a19-8775-8ab7a3ce9f98/1692861120/_unique-thumbnails/125-large.jpg,ipfs://QmRoSZNQTyHWUbiFg3WM5wsZ9JWP68Seu75RpBtKkGkThc
0xBb12686c360e9057be3CD031140035A705e19ceC,FeralfileExhibitionV4,Truth,2439046679443273982118864381573244666657869310,2439046679443273982118864381573244666657869310,126,e8f79d54-d0b3-4a19-8775-8ab7a3ce9f98,Dactylogram,image,QmQjzvrvZjzNGiqQhTGsiHeTpb9FmEcjCVWxVySf5FANC1/2439046679443273982118864381573244666657869310,previews/e8f79d54-d0b3-4a19-8775-8ab7a3ce9f98/1692861120/_unique-previews/126,ipfs://QmSTc15gYjnYeR2axqb3ZL9fr9ueoD3vaTVMitixkNWR6p,previews/e8f79d54-d0b3-4a19-8775-8ab7a3ce9f98/1692861120/_unique-thumbnails/126-large.jpg,ipfs://QmZwuQcjo9J5NRZUhHb2vDc8UmtTrcw9WKA5pPsHssuoxh
0xBb12686c360e9057be3CD031140035A705e19ceC,FeralfileExhibitionV4,Truth,2439046679443273982118864381573244666657869311,2439046679443273982118864381573244666657869311,127,e8f79d54-d0b3-4a19-8775-8ab7a3ce9f98,Dactylogram,image,QmQjzvrvZjzNGiqQhTGsiHeTpb9FmEcjCVWxVySf5FANC1/2439046679443273982118864381573244666657869311,previews/e8f79d54-d0b3-4a19-8775-8ab7a3ce9f98/1692861120/_unique-previews/127,ipfs://QmTX8T8hJiB7iNa4WJ1YQHVh8zLi41TZTBmTWdsQHLn6sP,previews/e8f79d54-d0b3-4a19-8775-8ab7a3ce9f98/1692861120/_unique-thumbnails/127-large.jpg,ipfs://QmZtsUx8tuetc87az2KZw7ptJwYTBA2hfri2sz9eF1h78f
0xBb12686c360e9057be3CD031140035A705e19ceC,FeralfileExhibitionV4,Truth,2439046679443273982118864381573244666659869184,2439046679443273982118864381573244666659869184,0,e97db658-5ee9-4ddb-91ac-cdaa1e5b1363,A broken symmetry — the cat's parabola,image,QmQjzvrvZjzNGiqQhTGsiHeTpb9FmEcjCVWxVySf5FANC1/2439046679443273982118864381573244666659869184,previews/e97db658-5ee9-4ddb-91ac-cdaa1e5b1363/1692861180/_unique-previews/0,ipfs://QmdxGDxJRijzTeXThxbybMx75NxWvQ5hZR4iE5XVipRpj8,previews/e97db658-5ee9-4ddb-91ac-cdaa1e5b1363/1692861180/_unique-thumbnails/0-large.jpg,ipfs://QmeaeoXcGgx2pzvgSuX4sYQMJotBBuKAHa8ZeB6f1L7NHV
0xBb12686c360e9057be3CD031140035A705e19ceC,FeralfileExhibitionV4,Truth,2439046679443273982118864381573244666659869185,2439046679443273982118864381573244666659869185,1,e97db658-5ee9-4ddb-91ac-cdaa1e5b1363,A broken symmetry — the cat's parabola,image,QmQjzvrvZjzNGiqQhTGsiHeTpb9FmEcjCVWxVySf5FANC1/2439046679443273982118864381573244666659869185,previews/e97db658-5ee9-4ddb-91ac-cdaa1e5b1363/1692861180/_unique-previews/1,ipfs://QmYRxQgGAfAoVZBa8iQJdg3W4qCQr4mWRoXYiHYwYDdbCD,previews/e97db658-5ee9-4ddb-91ac-cdaa1e5b1363/1692861180/_unique-thumbnails/1-large.jpg,ipfs://QmVXkNYEKRRf8wBVxYLs54CHQdeuqHGsJshiVvkQA68ePL
0xBb12686c360e9057be3CD031140035A705e19ceC,FeralfileExhibitionV4,Truth,2439046679443273982118864381573244666659869186,2439046679443273982118864381573244666659869186,2,e97db658-5ee9-4ddb-91ac-cdaa1e5b1363,A broken symmetry — the cat's parabola,image,QmQjzvrvZjzNGiqQhTGsiHeTpb9FmEcjCVWxVySf5FANC1/2439046679443273982118864381573244666659869186,previews/e97db658-5ee9-4ddb-91ac-cdaa1e5b1363/1692861180/_unique-previews/2,ipfs://QmQfZVd1D3ejXKSzBvkNvs6Uw8PyXTtDZyM2XkhKuY6x6U,previews/e97db658-5ee9-4ddb-91ac-cdaa1e5b1363/1692861180/_unique-thumbnails/2-large.jpg,ipfs://QmTm9NRwHVZUGt8xq48WpVykQqWWuzEobmNLoLnbbaY8Fv
0xBb12686c360e9057be3CD031140035A705e19ceC,FeralfileExhibitionV4,Truth,2439046679443273982118864381573244666659869187,2439046679443273982118864381573244666659869187,3,e97db658-5ee9-4ddb-91ac-cdaa1e5b1363,A broken symmetry — the cat's parabola,image,QmQjzvrvZjzNGiqQhTGsiHeTpb9FmEcjCVWxVySf5FANC1/2439046679443273982118864381573244666659869187,previews/e97db658-5ee9-4ddb-91ac-cdaa1e5b1363/1692861180/_unique-previews/3,ipfs://QmbWxdhan1FrNcFuoo4FXoU1tTMsD9paEobq4TnBYifChT,previews/e97db658-5ee9-4ddb-91ac-cdaa1e5b1363/1692861180/_unique-thumbnails/3-large.jpg,ipfs://QmXKP5tCN1sFYe56G13ikJKQj1VDLnSKhsLUghyxhaeQaW
0xBb12686c360e9057be3CD031140035A705e19ceC,FeralfileExhibitionV4,Truth,2439046679443273982118864381573244666659869188,2439046679443273982118864381573244666659869188,4,e97db658-5ee9-4ddb-91ac-cdaa1e5b1363,A broken symmetry — the cat's parabola,image,QmQjzvrvZjzNGiqQhTGsiHeTpb9FmEcjCVWxVySf5FANC1/2439046679443273982118864381573244666659869188,previews/e97db658-5ee9-4ddb-91ac-cdaa1e5b1363/1692861180/_unique-previews/4,ipfs://QmX7oRMd59YtxfhwfYLKEbvQTQUVtueHLsBPeKUB3e26rU,previews/e97db658-5ee9-4ddb-91ac-cdaa1e5b1363/1692861180/_unique-thumbnails/4-large.jpg,ipfs://QmdrimwdAFhB6i8jS9ySE6x4SYoa9zAYa6MjFUVAFxKS38
0xBb12686c360e9057be3CD031140035A705e19ceC,FeralfileExhibitionV4,Truth,2439046679443273982118864381573244666659869189,2439046679443273982118864381573244666659869189,5,e97db658-5ee9-4ddb-91ac-cdaa1e5b1363,A broken symmetry — the cat's parabola,image,QmQjzvrvZjzNGiqQhTGsiHeTpb9FmEcjCVWxVySf5FANC1/2439046679443273982118864381573244666659869189,previews/e97db658-5ee9-4ddb-91ac-cdaa1e5b1363/1692861180/_unique-previews/5,ipfs://QmemrNKih2Si7Kq4EYNzNXg9EbEP6721oFF9eQKEp7kneL,previews/e97db658-5ee9-4ddb-91ac-cdaa1e5b1363/1692861180/_unique-thumbnails/5-large.jpg,ipfs://QmNNjAXS3XVP5LYt9Avr5NFCi6orGNqRpjaQvXqeogHbvW
0xBb12686c360e9057be3CD031140035A705e19ceC,FeralfileExhibitionV4,Truth,2439046679443273982118864381573244666659869190,2439046679443273982118864381573244666659869190,6,e97db658-5ee9-4ddb-91ac-cdaa1e5b1363,A broken symmetry — the cat's parabola,image,QmQjzvrvZjzNGiqQhTGsiHeTpb9FmEcjCVWxVySf5FANC1/2439046679443273982118864381573244666659869190,previews/e97db658-5ee9-4ddb-91ac-cdaa1e5b1363/1692861180/_unique-previews/6,ipfs://QmbgovrBXc3JfcwzFQ1nHx35GgaQ64iA1oiEV3ugD2tLMm,previews/e97db658-5ee9-4ddb-91ac-cdaa1e5b1363/1692861180/_unique-thumbnails/6-large.jpg,ipfs://QmeaBuuvoC4jHwPpn6NRmJ2XPXqZFtC8TGZt4FLmmhPV9p
0xBb12686c360e9057be3CD031140035A705e19ceC,FeralfileExhibitionV4,Truth,2439046679443273982118864381573244666659869191,2439046679443273982118864381573244666659869191,7,e97db658-5ee9-4ddb-91ac-cdaa1e5b1363,A broken symmetry — the cat's parabola,image,QmQjzvrvZjzNGiqQhTGsiHeTpb9FmEcjCVWxVySf5FANC1/2439046679443273982118864381573244666659869191,previews/e97db658-5ee9-4ddb-91ac-cdaa1e5b1363/1692861180/_unique-previews/7,ipfs://QmVLn2cbKBUJEU8PHPZtZ9ctTCqvJEsSdjJrXJBWwYT9VN,previews/e97db658-5ee9-4ddb-91ac-cdaa1e5b1363/1692861180/_unique-thumbnails/7-large.jpg,ipfs://Qmdt8BTAzQU4dcMSUcsMJFNqt5kdEC44wtTh6tLYUE9LM6
0xBb12686c360e9057be3CD031140035A705e19ceC,FeralfileExhibitionV4,Truth,2439046679443273982118864381573244666659869192,2439046679443273982118864381573244666659869192,8,e97db658-5ee9-4ddb-91ac-cdaa1e5b1363,A broken symmetry — the cat's parabola,image,QmQjzvrvZjzNGiqQhTGsiHeTpb9FmEcjCVWxVySf5FANC1/2439046679443273982118864381573244666659869192,previews/e97db658-5ee9-4ddb-91ac-cdaa1e5b1363/1692861180/_unique-previews/8,ipfs://QmcHKp9VJcEembmuVXg2BRHJpgguV3KTomzCXKfEdC8Pfs,previews/e97db658-5ee9-4ddb-91ac-cdaa1e5b1363/1692861180/_unique-thumbnails/8-large.jpg,ipfs://QmWhMo76KQVoJoMjwBanVoKKPfF8rPUghXgthdh9zNCmaD
0xBb12686c360e9057be3CD031140035A705e19ceC,FeralfileExhibitionV4,Truth,2439046679443273982118864381573244666659869193,2439046679443273982118864381573244666659869193,9,e97db658-5ee9-4ddb-91ac-cdaa1e5b1363,A broken symmetry — the cat's parabola,image,QmQjzvrvZjzNGiqQhTGsiHeTpb9FmEcjCVWxVySf5FANC1/2439046679443273982118864381573244666659869193,previews/e97db658-5ee9-4ddb-91ac-cdaa1e5b1363/1692861180/_unique-previews/9,ipfs://QmNdejgeNcNcoV9cCo4YaL7SBSpSxFYyUyQhsmpCEmMCEz,previews/e97db658-5ee9-4ddb-91ac-cdaa1e5b1363/1692861180/_unique-thumbnails/9-large.jpg,ipfs://QmUe1BXqST5K39e8STibGaHBbk6Za4xHASRQHdgTJbpvQY
0xBb12686c360e9057be3CD031140035A705e19ceC,FeralfileExhibitionV4,Truth,2439046679443273982118864381573244666659869194,2439046679443273982118864381573244666659869194,10,e97db658-5ee9-4ddb-91ac-cdaa1e5b1363,A broken symmetry — the cat's parabola,image,QmQjzvrvZjzNGiqQhTGsiHeTpb9FmEcjCVWxVySf5FANC1/2439046679443273982118864381573244666659869194,previews/e97db658-5ee9-4ddb-91ac-cdaa1e5b1363/1692861180/_unique-previews/10,ipfs://QmUoxpqoV9Ex7MmshzhnBwL3W9HnucMj4gvBJdoGKLAkRV,previews/e97db658-5ee9-4ddb-91ac-cdaa1e5b1363/1692861180/_unique-thumbnails/10-large.jpg,ipfs://QmNuNwpYzy3z1XQo2xwjnSgvu864G69khtwiTfnfxhW98S
0xBb12686c360e9057be3CD031140035A705e19ceC,FeralfileExhibitionV4,Truth,2439046679443273982118864381573244666659869195,2439046679443273982118864381573244666659869195,11,e97db658-5ee9-4ddb-91ac-cdaa1e5b1363,A broken symmetry — the cat's parabola,image,QmQjzvrvZjzNGiqQhTGsiHeTpb9FmEcjCVWxVySf5FANC1/2439046679443273982118864381573244666659869195,previews/e97db658-5ee9-4ddb-91ac-cdaa1e5b1363/1692861180/_unique-previews/11,ipfs://QmQRUfYtz1kyukduNJ8EPCcBC48GcotGYYGV3Mxu8fK5R6,previews/e97db658-5ee9-4ddb-91ac-cdaa1e5b1363/1692861180/_unique-thumbnails/11-large.jpg,ipfs://Qma4w1E35w3BAr7qLwrcpkqJW4vtJ2JRNR9X9kT2dDguEJ
0xBb12686c360e9057be3CD031140035A705e19ceC,FeralfileExhibitionV4,Truth,2439046679443273982118864381573244666659869196,2439046679443273982118864381573244666659869196,12,e97db658-5ee9-4ddb-91ac-cdaa1e5b1363,A broken symmetry — the cat's parabola,image,QmQjzvrvZjzNGiqQhTGsiHeTpb9FmEcjCVWxVySf5FANC1/2439046679443273982118864381573244666659869196,previews/e97db658-5ee9-4ddb-91ac-cdaa1e5b1363/1692861180/_unique-previews/12,ipfs://QmXssukmckaCHhBJKUsFF1s79FoTgvZajSYZayAvYYTRoq,previews/e97db658-5ee9-4ddb-91ac-cdaa1e5b1363/1692861180/_unique-thumbnails/12-large.jpg,ipfs://QmbYd2eHsc5DQDjLg3BnrQte6SGoyTCFJ6dEp9qSbVjoQ2
0xBb12686c360e9057be3CD031140035A705e19ceC,FeralfileExhibitionV4,Truth,2439046679443273982118864381573244666659869197,2439046679443273982118864381573244666659869197,13,e97db658-5ee9-4ddb-91ac-cdaa1e5b1363,A broken symmetry — the cat's parabola,image,QmQjzvrvZjzNGiqQhTGsiHeTpb9FmEcjCVWxVySf5FANC1/2439046679443273982118864381573244666659869197,previews/e97db658-5ee9-4ddb-91ac-cdaa1e5b1363/1692861180/_unique-previews/13,ipfs://QmaUnG2uCvh2wXPk7wumUnT6GuMppSVe7zq8PEtctdDCq1,previews/e97db658-5ee9-4ddb-91ac-cdaa1e5b1363/1692861180/_unique-thumbnails/13-large.jpg,ipfs://Qma74X5tkHwyE2tfa5C5yY5hvAAmogtmSYSrcYKoKoiaiy
0xBb12686c360e9057be3CD031140035A705e19ceC,FeralfileExhibitionV4,Truth,2439046679443273982118864381573244666659869198,2439046679443273982118864381573244666659869198,14,e97db658-5ee9-4ddb-91ac-cdaa1e5b1363,A broken symmetry — the cat's parabola,image,QmQjzvrvZjzNGiqQhTGsiHeTpb9FmEcjCVWxVySf5FANC1/2439046679443273982118864381573244666659869198,previews/e97db658-5ee9-4ddb-91ac-cdaa1e5b1363/1692861180/_unique-previews/14,ipfs://QmRX7tXqHNNGNUYcgSpia41ZTVWMekRYNXNu9ED1doadek,previews/e97db658-5ee9-4ddb-91ac-cdaa1e5b1363/1692861180/_unique-thumbnails/14-large.jpg,ipfs://QmQsNjALxmSgGuYQxvc3Mun8tVHoiPLm4Ew8La5A4rFnsL
0xBb12686c360e9057be3CD031140035A705e19ceC,FeralfileExhibitionV4,Truth,2439046679443273982118864381573244666659869199,2439046679443273982118864381573244666659869199,15,e97db658-5ee9-4ddb-91ac-cdaa1e5b1363,A broken symmetry — the cat's parabola,image,QmQjzvrvZjzNGiqQhTGsiHeTpb9FmEcjCVWxVySf5FANC1/2439046679443273982118864381573244666659869199,previews/e97db658-5ee9-4ddb-91ac-cdaa1e5b1363/1692861180/_unique-previews/15,ipfs://QmWVN3JD98RAxiRywztnWgFj2mWCvFu85CppQamiykXMRN,previews/e97db658-5ee9-4ddb-91ac-cdaa1e5b1363/1692861180/_unique-thumbnails/15-large.jpg,ipfs://QmauZUiioi39kDxRuT64Zk6ZgVuUqsnXZ6UajFfWsYvEqW
0xBb12686c360e9057be3CD031140035A705e19ceC,FeralfileExhibitionV4,Truth,2439046679443273982118864381573244666659869200,2439046679443273982118864381573244666659869200,16,e97db658-5ee9-4ddb-91ac-cdaa1e5b1363,A broken symmetry — the cat's parabola,image,QmQjzvrvZjzNGiqQhTGsiHeTpb9FmEcjCVWxVySf5FANC1/2439046679443273982118864381573244666659869200,previews/e97db658-5ee9-4ddb-91ac-cdaa1e5b1363/1692861180/_unique-previews/16,ipfs://Qmewz9UDVQXroBT3wF3GfD8tXmwCKRPVFLxWMktw7ZYMFQ,previews/e97db658-5ee9-4ddb-91ac-cdaa1e5b1363/1692861180/_unique-thumbnails/16-large.jpg,ipfs://QmZdTL6fWfmaqGiBWLarAfvhQrRw4aQwwYENVS9NT3Vppt
0xBb12686c360e9057be3CD031140035A705e19ceC,FeralfileExhibitionV4,Truth,2439046679443273982118864381573244666659869201,2439046679443273982118864381573244666659869201,17,e97db658-5ee9-4ddb-91ac-cdaa1e5b1363,A broken symmetry — the cat's parabola,image,QmQjzvrvZjzNGiqQhTGsiHeTpb9FmEcjCVWxVySf5FANC1/2439046679443273982118864381573244666659869201,previews/e97db658-5ee9-4ddb-91ac-cdaa1e5b1363/1692861180/_unique-previews/17,ipfs://QmSR3Lai55QLHdWVY8tMtnQChKMxFRRZu9yxnwrxCtND4b,previews/e97db658-5ee9-4ddb-91ac-cdaa1e5b1363/1692861180/_unique-thumbnails/17-large.jpg,ipfs://QmYD8nGGfhzkygDW8rYGZwy93NkNJQgxpuQzMkQAnPSXqn
0xBb12686c360e9057be3CD031140035A705e19ceC,FeralfileExhibitionV4,Truth,2439046679443273982118864381573244666659869202,2439046679443273982118864381573244666659869202,18,e97db658-5ee9-4ddb-91ac-cdaa1e5b1363,A broken symmetry — the cat's parabola,image,QmQjzvrvZjzNGiqQhTGsiHeTpb9FmEcjCVWxVySf5FANC1/2439046679443273982118864381573244666659869202,previews/e97db658-5ee9-4ddb-91ac-cdaa1e5b1363/1692861180/_unique-previews/18,ipfs://QmayHuVsVEr2GqdqZqNmKEYrsgxoYvsaHbaEpStFW2UfB3,previews/e97db658-5ee9-4ddb-91ac-cdaa1e5b1363/1692861180/_unique-thumbnails/18-large.jpg,ipfs://QmWCxeavWHywCQqZ1eqpa5joxx1z453FKNGMKEZN6UyNmF
0xBb12686c360e9057be3CD031140035A705e19ceC,FeralfileExhibitionV4,Truth,2439046679443273982118864381573244666659869203,2439046679443273982118864381573244666659869203,19,e97db658-5ee9-4ddb-91ac-cdaa1e5b1363,A broken symmetry — the cat's parabola,image,QmQjzvrvZjzNGiqQhTGsiHeTpb9FmEcjCVWxVySf5FANC1/2439046679443273982118864381573244666659869203,previews/e97db658-5ee9-4ddb-91ac-cdaa1e5b1363/1692861180/_unique-previews/19,ipfs://QmUL7HFeGYJ6a1R8bWj9LoeC9q39VWXXd2o2U8Ni7VQmrv,previews/e97db658-5ee9-4ddb-91ac-cdaa1e5b1363/1692861180/_unique-thumbnails/19-large.jpg,ipfs://QmdXvov4tf9TwMhtb9m9DUkzU3wS6AXYWJsYEJDd5LdDkU
0xBb12686c360e9057be3CD031140035A705e19ceC,FeralfileExhibitionV4,Truth,2439046679443273982118864381573244666659869204,2439046679443273982118864381573244666659869204,20,e97db658-5ee9-4ddb-91ac-cdaa1e5b1363,A broken symmetry — the cat's parabola,image,QmQjzvrvZjzNGiqQhTGsiHeTpb9FmEcjCVWxVySf5FANC1/2439046679443273982118864381573244666659869204,previews/e97db658-5ee9-4ddb-91ac-cdaa1e5b1363/1692861180/_unique-previews/20,ipfs://Qmd1rqZ1Zdmc4dAPC1MkNgsUufFVmpDbHJRo2daDmDMEJP,previews/e97db658-5ee9-4ddb-91ac-cdaa1e5b1363/1692861180/_unique-thumbnails/20-large.jpg,ipfs://QmRhS8RwvzQEtgzgBfkweMUkKU8rBPKcnEG5RQWdEWoDTC
0xBb12686c360e9057be3CD031140035A705e19ceC,FeralfileExhibitionV4,Truth,2439046679443273982118864381573244666659869205,2439046679443273982118864381573244666659869205,21,e97db658-5ee9-4ddb-91ac-cdaa1e5b1363,A broken symmetry — the cat's parabola,image,QmQjzvrvZjzNGiqQhTGsiHeTpb9FmEcjCVWxVySf5FANC1/2439046679443273982118864381573244666659869205,previews/e97db658-5ee9-4ddb-91ac-cdaa1e5b1363/1692861180/_unique-previews/21,ipfs://QmbX7zkT2wRH3t6bEd1vfUjFxo2kZsjAMJoFxELA2sv2Yo,previews/e97db658-5ee9-4ddb-91ac-cdaa1e5b1363/1692861180/_unique-thumbnails/21-large.jpg,ipfs://QmNdhs9szwmfcfsah1wqGnmi6CcmFPxJWA7efnJs37qjTi
0xBb12686c360e9057be3CD031140035A705e19ceC,FeralfileExhibitionV4,Truth,2439046679443273982118864381573244666659869206,2439046679443273982118864381573244666659869206,22,e97db658-5ee9-4ddb-91ac-cdaa1e5b1363,A broken symmetry — the cat's parabola,image,QmQjzvrvZjzNGiqQhTGsiHeTpb9FmEcjCVWxVySf5FANC1/2439046679443273982118864381573244666659869206,previews/e97db658-5ee9-4ddb-91ac-cdaa1e5b1363/1692861180/_unique-previews/22,ipfs://QmauiYntR8xbzJ6L2NESwxD8c8iKiPixYqk3kZfcMjQh5U,previews/e97db658-5ee9-4ddb-91ac-cdaa1e5b1363/1692861180/_unique-thumbnails/22-large.jpg,ipfs://QmeAMYt8EC7s3xR3fe3Fa8kxMqwZX6mFhTLvNUCg5tAsLV
0xBb12686c360e9057be3CD031140035A705e19ceC,FeralfileExhibitionV4,Truth,2439046679443273982118864381573244666659869207,2439046679443273982118864381573244666659869207,23,e97db658-5ee9-4ddb-91ac-cdaa1e5b1363,A broken symmetry — the cat's parabola,image,QmQjzvrvZjzNGiqQhTGsiHeTpb9FmEcjCVWxVySf5FANC1/2439046679443273982118864381573244666659869207,previews/e97db658-5ee9-4ddb-91ac-cdaa1e5b1363/1692861180/_unique-previews/23,ipfs://QmUC11DvtKiuh2ZynJSm3TZx9Amom1j6poc5VXWTGPv2FA,previews/e97db658-5ee9-4ddb-91ac-cdaa1e5b1363/1692861180/_unique-thumbnails/23-large.jpg,ipfs://QmQbzcKe1e6Jy2nijjdfwqx1gRiyW4YRwkjo858yNRB2ZW
0xBb12686c360e9057be3CD031140035A705e19ceC,FeralfileExhibitionV4,Truth,2439046679443273982118864381573244666659869208,2439046679443273982118864381573244666659869208,24,e97db658-5ee9-4ddb-91ac-cdaa1e5b1363,A broken symmetry — the cat's parabola,image,QmQjzvrvZjzNGiqQhTGsiHeTpb9FmEcjCVWxVySf5FANC1/2439046679443273982118864381573244666659869208,previews/e97db658-5ee9-4ddb-91ac-cdaa1e5b1363/1692861180/_unique-previews/24,ipfs://QmfRrYBo4vtmCVUQD8bmXfrpajTK9HF7ioj52xJBrP6vRT,previews/e97db658-5ee9-4ddb-91ac-cdaa1e5b1363/1692861180/_unique-thumbnails/24-large.jpg,ipfs://QmZcBwW6JRXCNQ7pURwPpHeakE5nZgCeuE1Qvi3GgTw29e
0xBb12686c360e9057be3CD031140035A705e19ceC,FeralfileExhibitionV4,Truth,2439046679443273982118864381573244666659869209,2439046679443273982118864381573244666659869209,25,e97db658-5ee9-4ddb-91ac-cdaa1e5b1363,A broken symmetry — the cat's parabola,image,QmQjzvrvZjzNGiqQhTGsiHeTpb9FmEcjCVWxVySf5FANC1/2439046679443273982118864381573244666659869209,previews/e97db658-5ee9-4ddb-91ac-cdaa1e5b1363/1692861180/_unique-previews/25,ipfs://QmUJJwyCRWTNpTaGg1Y81wKMh57tx6HQWYEdWJWeiFBRgP,previews/e97db658-5ee9-4ddb-91ac-cdaa1e5b1363/1692861180/_unique-thumbnails/25-large.jpg,ipfs://QmNccowUGVUjzEMQ3Uqb1NzLhMMaPf2zQYUjEBbYVYQ7rX
0xBb12686c360e9057be3CD031140035A705e19ceC,FeralfileExhibitionV4,Truth,2439046679443273982118864381573244666659869210,2439046679443273982118864381573244666659869210,26,e97db658-5ee9-4ddb-91ac-cdaa1e5b1363,A broken symmetry — the cat's parabola,image,QmQjzvrvZjzNGiqQhTGsiHeTpb9FmEcjCVWxVySf5FANC1/2439046679443273982118864381573244666659869210,previews/e97db658-5ee9-4ddb-91ac-cdaa1e5b1363/1692861180/_unique-previews/26,ipfs://QmesKP7cBmqgevpVmdLgtJeQmra5PR57ZSgfJJEABCyT31,previews/e97db658-5ee9-4ddb-91ac-cdaa1e5b1363/1692861180/_unique-thumbnails/26-large.jpg,ipfs://Qme43hH8DMw8KB6sB9HQ39WpgNAqemxcXewQhsrwhU59Du
0xBb12686c360e9057be3CD031140035A705e19ceC,FeralfileExhibitionV4,Truth,2439046679443273982118864381573244666659869211,2439046679443273982118864381573244666659869211,27,e97db658-5ee9-4ddb-91ac-cdaa1e5b1363,A broken symmetry — the cat's parabola,image,QmQjzvrvZjzNGiqQhTGsiHeTpb9FmEcjCVWxVySf5FANC1/2439046679443273982118864381573244666659869211,previews/e97db658-5ee9-4ddb-91ac-cdaa1e5b1363/1692861180/_unique-previews/27,ipfs://Qmdq5fxhufNDmuzPgfZ8cRP5qt2j9H5JfEyfttwNnyDYoZ,previews/e97db658-5ee9-4ddb-91ac-cdaa1e5b1363/1692861180/_unique-thumbnails/27-large.jpg,ipfs://QmcLJcLJdjZu8c1mM6wkarpXu1h4qkHwiLi2K17eNKWVVT
0xBb12686c360e9057be3CD031140035A705e19ceC,FeralfileExhibitionV4,Truth,2439046679443273982118864381573244666659869212,2439046679443273982118864381573244666659869212,28,e97db658-5ee9-4ddb-91ac-cdaa1e5b1363,A broken symmetry — the cat's parabola,image,QmQjzvrvZjzNGiqQhTGsiHeTpb9FmEcjCVWxVySf5FANC1/2439046679443273982118864381573244666659869212,previews/e97db658-5ee9-4ddb-91ac-cdaa1e5b1363/1692861180/_unique-previews/28,ipfs://QmP3cXM57WkDBXmUFoPfX3P4kfawDqcM5N58eQAixMZ3hf,previews/e97db658-5ee9-4ddb-91ac-cdaa1e5b1363/1692861180/_unique-thumbnails/28-large.jpg,ipfs://QmR38XV68FoLTE2eHVqwVUuZKAJ1LyGL1dp9ib9yRT28vg
0xBb12686c360e9057be3CD031140035A705e19ceC,FeralfileExhibitionV4,Truth,2439046679443273982118864381573244666659869213,2439046679443273982118864381573244666659869213,29,e97db658-5ee9-4ddb-91ac-cdaa1e5b1363,A broken symmetry — the cat's parabola,image,QmQjzvrvZjzNGiqQhTGsiHeTpb9FmEcjCVWxVySf5FANC1/2439046679443273982118864381573244666659869213,previews/e97db658-5ee9-4ddb-91ac-cdaa1e5b1363/1692861180/_unique-previews/29,ipfs://QmTNsSiDYFecq8Fw8dEMmCRgpCqF6bU5mDNDNKT4LtdBkR,previews/e97db658-5ee9-4ddb-91ac-cdaa1e5b1363/1692861180/_unique-thumbnails/29-large.jpg,ipfs://QmPp3SxJmNXHiqZdoKTuv9GtDFHLfWxMGKaygVRYuz7BCC
0xBb12686c360e9057be3CD031140035A705e19ceC,FeralfileExhibitionV4,Truth,2439046679443273982118864381573244666659869214,2439046679443273982118864381573244666659869214,30,e97db658-5ee9-4ddb-91ac-cdaa1e5b1363,A broken symmetry — the cat's parabola,image,QmQjzvrvZjzNGiqQhTGsiHeTpb9FmEcjCVWxVySf5FANC1/2439046679443273982118864381573244666659869214,previews/e97db658-5ee9-4ddb-91ac-cdaa1e5b1363/1692861180/_unique-previews/30,ipfs://QmXoDNoyRFBBDqGZReLgvJgfmCUP1vV2oza7BLRsYniwhd,previews/e97db658-5ee9-4ddb-91ac-cdaa1e5b1363/1692861180/_unique-thumbnails/30-large.jpg,ipfs://QmcxRAV1G9URd7ajJYSPZAAswaNu8JS7QpTXUAXPu6Pyyq
0xBb12686c360e9057be3CD031140035A705e19ceC,FeralfileExhibitionV4,Truth,2439046679443273982118864381573244666659869215,2439046679443273982118864381573244666659869215,31,e97db658-5ee9-4ddb-91ac-cdaa1e5b1363,A broken symmetry — the cat's parabola,image,QmQjzvrvZjzNGiqQhTGsiHeTpb9FmEcjCVWxVySf5FANC1/2439046679443273982118864381573244666659869215,previews/e97db658-5ee9-4ddb-91ac-cdaa1e5b1363/1692861180/_unique-previews/31,ipfs://QmdEThq8oHri2gsCVNuJV5TVL8yfpLYUev4mByzwSeVrLv,previews/e97db658-5ee9-4ddb-91ac-cdaa1e5b1363/1692861180/_unique-thumbnails/31-large.jpg,ipfs://QmVtTZrBcL2Ri1b7QcYH6Nc7PXESjMDH5XD7HgKRN8TrR5
0xBb12686c360e9057be3CD031140035A705e19ceC,FeralfileExhibitionV4,Truth,2439046679443273982118864381573244666659869216,2439046679443273982118864381573244666659869216,32,e97db658-5ee9-4ddb-91ac-cdaa1e5b1363,A broken symmetry — the cat's parabola,image,QmQjzvrvZjzNGiqQhTGsiHeTpb9FmEcjCVWxVySf5FANC1/2439046679443273982118864381573244666659869216,previews/e97db658-5ee9-4ddb-91ac-cdaa1e5b1363/1692861180/_unique-previews/32,ipfs://QmPt7QDtCRPCUtMiK6aUgGwbUjT3qr3Dhg8RXE4bH83kpK,previews/e97db658-5ee9-4ddb-91ac-cdaa1e5b1363/1692861180/_unique-thumbnails/32-large.jpg,ipfs://QmYTmTd89P53YSv5fhnUwoYMJt7tK2zjUUDkN3K7M2Han5
0xBb12686c360e9057be3CD031140035A705e19ceC,FeralfileExhibitionV4,Truth,2439046679443273982118864381573244666659869217,2439046679443273982118864381573244666659869217,33,e97db658-5ee9-4ddb-91ac-cdaa1e5b1363,A broken symmetry — the cat's parabola,image,QmQjzvrvZjzNGiqQhTGsiHeTpb9FmEcjCVWxVySf5FANC1/2439046679443273982118864381573244666659869217,previews/e97db658-5ee9-4ddb-91ac-cdaa1e5b1363/1692861180/_unique-previews/33,ipfs://QmWaWp7rbwg8FrKyh6qLgJ2RXEvhvn2engWwigMisTjzrt,previews/e97db658-5ee9-4ddb-91ac-cdaa1e5b1363/1692861180/_unique-thumbnails/33-large.jpg,ipfs://QmbPQdq2AxpRsSrgseQf8CtWhY3472Wd4JLyq8aXY3DSL7
0xBb12686c360e9057be3CD031140035A705e19ceC,FeralfileExhibitionV4,Truth,2439046679443273982118864381573244666659869218,2439046679443273982118864381573244666659869218,34,e97db658-5ee9-4ddb-91ac-cdaa1e5b1363,A broken symmetry — the cat's parabola,image,QmQjzvrvZjzNGiqQhTGsiHeTpb9FmEcjCVWxVySf5FANC1/2439046679443273982118864381573244666659869218,previews/e97db658-5ee9-4ddb-91ac-cdaa1e5b1363/1692861180/_unique-previews/34,ipfs://QmWaqNK8hHogmfh977mLHN62qqtyx4QtL6sPXAwKzGXzm2,previews/e97db658-5ee9-4ddb-91ac-cdaa1e5b1363/1692861180/_unique-thumbnails/34-large.jpg,ipfs://QmPGjM7mth7pR1Qwh7QhzdKH95DMBLWunmshWQj69WDa15
0xBb12686c360e9057be3CD031140035A705e19ceC,FeralfileExhibitionV4,Truth,2439046679443273982118864381573244666659869219,2439046679443273982118864381573244666659869219,35,e97db658-5ee9-4ddb-91ac-cdaa1e5b1363,A broken symmetry — the cat's parabola,image,QmQjzvrvZjzNGiqQhTGsiHeTpb9FmEcjCVWxVySf5FANC1/2439046679443273982118864381573244666659869219,previews/e97db658-5ee9-4ddb-91ac-cdaa1e5b1363/1692861180/_unique-previews/35,ipfs://Qmf7j9NpPyAXpQ86uDhpLXz82AbLvMqYHGJB49VcfrWhsT,previews/e97db658-5ee9-4ddb-91ac-cdaa1e5b1363/1692861180/_unique-thumbnails/35-large.jpg,ipfs://QmUMLzoUD7h9TCYDDesJboJ1yyDuuAbD3oEaMH2CPoPFVS
0xBb12686c360e9057be3CD031140035A705e19ceC,FeralfileExhibitionV4,Truth,2439046679443273982118864381573244666659869220,2439046679443273982118864381573244666659869220,36,e97db658-5ee9-4ddb-91ac-cdaa1e5b1363,A broken symmetry — the cat's parabola,image,QmQjzvrvZjzNGiqQhTGsiHeTpb9FmEcjCVWxVySf5FANC1/2439046679443273982118864381573244666659869220,previews/e97db658-5ee9-4ddb-91ac-cdaa1e5b1363/1692861180/_unique-previews/36,ipfs://QmSddmoqamvwSuuFGpsfRzHJ9nXFst2BvL1kuHgqwkQuiS,previews/e97db658-5ee9-4ddb-91ac-cdaa1e5b1363/1692861180/_unique-thumbnails/36-large.jpg,ipfs://QmUrayu95zqPhL3YJS1WMEiuVXyeLSCGKEoacPaXu4vCEE
0xBb12686c360e9057be3CD031140035A705e19ceC,FeralfileExhibitionV4,Truth,2439046679443273982118864381573244666659869221,2439046679443273982118864381573244666659869221,37,e97db658-5ee9-4ddb-91ac-cdaa1e5b1363,A broken symmetry — the cat's parabola,image,QmQjzvrvZjzNGiqQhTGsiHeTpb9FmEcjCVWxVySf5FANC1/2439046679443273982118864381573244666659869221,previews/e97db658-5ee9-4ddb-91ac-cdaa1e5b1363/1692861180/_unique-previews/37,ipfs://QmSckb9NUtH4PTbyisWFZCmMEPdM14Lf3A2zft69AFxQGJ,previews/e97db658-5ee9-4ddb-91ac-cdaa1e5b1363/1692861180/_unique-thumbnails/37-large.jpg,ipfs://QmXMn2btwGWhk91FJ2PLTaNFj8DGspY66xkfu5YHLBggfd
0xBb12686c360e9057be3CD031140035A705e19ceC,FeralfileExhibitionV4,Truth,2439046679443273982118864381573244666659869222,2439046679443273982118864381573244666659869222,38,e97db658-5ee9-4ddb-91ac-cdaa1e5b1363,A broken symmetry — the cat's parabola,image,QmQjzvrvZjzNGiqQhTGsiHeTpb9FmEcjCVWxVySf5FANC1/2439046679443273982118864381573244666659869222,previews/e97db658-5ee9-4ddb-91ac-cdaa1e5b1363/1692861180/_unique-previews/38,ipfs://QmUmcrG3t3sdMGdwYwXd8SgDNF1JgEkSvTfPqjNqMG7GdK,previews/e97db658-5ee9-4ddb-91ac-cdaa1e5b1363/1692861180/_unique-thumbnails/38-large.jpg,ipfs://QmPcnK1pk6MtRh7xCpc5fqZSA4ZwPUhfaQxgGqTNkCU2Cd
0xBb12686c360e9057be3CD031140035A705e19ceC,FeralfileExhibitionV4,Truth,2439046679443273982118864381573244666659869223,2439046679443273982118864381573244666659869223,39,e97db658-5ee9-4ddb-91ac-cdaa1e5b1363,A broken symmetry — the cat's parabola,image,QmQjzvrvZjzNGiqQhTGsiHeTpb9FmEcjCVWxVySf5FANC1/2439046679443273982118864381573244666659869223,previews/e97db658-5ee9-4ddb-91ac-cdaa1e5b1363/1692861180/_unique-previews/39,ipfs://QmYtgzPA6smJFxyhKjNWVqGV4i4GubNkiYcJyhLNpnNo6b,previews/e97db658-5ee9-4ddb-91ac-cdaa1e5b1363/1692861180/_unique-thumbnails/39-large.jpg,ipfs://Qmf7dpU6dgVSidf9AzdAfptsAD1KpfDK3fXMgkmgjpBkCo
0xBb12686c360e9057be3CD031140035A705e19ceC,FeralfileExhibitionV4,Truth,2439046679443273982118864381573244666659869224,2439046679443273982118864381573244666659869224,40,e97db658-5ee9-4ddb-91ac-cdaa1e5b1363,A broken symmetry — the cat's parabola,image,QmQjzvrvZjzNGiqQhTGsiHeTpb9FmEcjCVWxVySf5FANC1/2439046679443273982118864381573244666659869224,previews/e97db658-5ee9-4ddb-91ac-cdaa1e5b1363/1692861180/_unique-previews/40,ipfs://QmYcuikW5KqCZVvfEU826ZazHjZ1xV8xfCVXVbC2PxLjT6,previews/e97db658-5ee9-4ddb-91ac-cdaa1e5b1363/1692861180/_unique-thumbnails/40-large.jpg,ipfs://Qmaivpu6zsqzH4YMHdBGvjsC5HyCaT2j6Suv5Uw3j5PxZF
0xBb12686c360e9057be3CD031140035A705e19ceC,FeralfileExhibitionV4,Truth,2439046679443273982118864381573244666659869225,2439046679443273982118864381573244666659869225,41,e97db658-5ee9-4ddb-91ac-cdaa1e5b1363,A broken symmetry — the cat's parabola,image,QmQjzvrvZjzNGiqQhTGsiHeTpb9FmEcjCVWxVySf5FANC1/2439046679443273982118864381573244666659869225,previews/e97db658-5ee9-4ddb-91ac-cdaa1e5b1363/1692861180/_unique-previews/41,ipfs://QmcYxvLvujgsS3gMedwnxRNrUuxxQWjqi7LwDV2t1CFe4P,previews/e97db658-5ee9-4ddb-91ac-cdaa1e5b1363/1692861180/_unique-thumbnails/41-large.jpg,ipfs://QmQgjNyGCF4x7BrxZzGyY8ZwSTodxsEWJbagBV3NRq8qV2
0xBb12686c360e9057be3CD031140035A705e19ceC,FeralfileExhibitionV4,Truth,2439046679443273982118864381573244666659869226,2439046679443273982118864381573244666659869226,42,e97db658-5ee9-4ddb-91ac-cdaa1e5b1363,A broken symmetry — the cat's parabola,image,QmQjzvrvZjzNGiqQhTGsiHeTpb9FmEcjCVWxVySf5FANC1/2439046679443273982118864381573244666659869226,previews/e97db658-5ee9-4ddb-91ac-cdaa1e5b1363/1692861180/_unique-previews/42,ipfs://QmdcLzs7pWYp6mbTUXPjrHNZhTrNxccsZRyyDQq2V1rFDX,previews/e97db658-5ee9-4ddb-91ac-cdaa1e5b1363/1692861180/_unique-thumbnails/42-large.jpg,ipfs://QmdScKQVyYrPBd8gCxrM6PPgCsN98BgebPD2KyNxtWrxvG
0xBb12686c360e9057be3CD031140035A705e19ceC,FeralfileExhibitionV4,Truth,2439046679443273982118864381573244666659869227,2439046679443273982118864381573244666659869227,43,e97db658-5ee9-4ddb-91ac-cdaa1e5b1363,A broken symmetry — the cat's parabola,image,QmQjzvrvZjzNGiqQhTGsiHeTpb9FmEcjCVWxVySf5FANC1/2439046679443273982118864381573244666659869227,previews/e97db658-5ee9-4ddb-91ac-cdaa1e5b1363/1692861180/_unique-previews/43,ipfs://QmYrwvvuYhYisvxDuAb53uY2i4UrY5qeaoBtmHzbYYDMkN,previews/e97db658-5ee9-4ddb-91ac-cdaa1e5b1363/1692861180/_unique-thumbnails/43-large.jpg,ipfs://QmdBQHVik5DqFwvyAEDKcj5AkGRB1q95atKJaabe5S7CWD
0xBb12686c360e9057be3CD031140035A705e19ceC,FeralfileExhibitionV4,Truth,2439046679443273982118864381573244666659869228,2439046679443273982118864381573244666659869228,44,e97db658-5ee9-4ddb-91ac-cdaa1e5b1363,A broken symmetry — the cat's parabola,image,QmQjzvrvZjzNGiqQhTGsiHeTpb9FmEcjCVWxVySf5FANC1/2439046679443273982118864381573244666659869228,previews/e97db658-5ee9-4ddb-91ac-cdaa1e5b1363/1692861180/_unique-previews/44,ipfs://QmSQ7BV8mbP7xoSJnRqiotDnPQa1rxRV91SNfRbT5J6UqL,previews/e97db658-5ee9-4ddb-91ac-cdaa1e5b1363/1692861180/_unique-thumbnails/44-large.jpg,ipfs://QmfKQnpfznhgcLKCSj4JS9TRjjCzEYSZtemhQxXKtZSRc3
0xBb12686c360e9057be3CD031140035A705e19ceC,FeralfileExhibitionV4,Truth,2439046679443273982118864381573244666659869229,2439046679443273982118864381573244666659869229,45,e97db658-5ee9-4ddb-91ac-cdaa1e5b1363,A broken symmetry — the cat's parabola,image,QmQjzvrvZjzNGiqQhTGsiHeTpb9FmEcjCVWxVySf5FANC1/2439046679443273982118864381573244666659869229,previews/e97db658-5ee9-4ddb-91ac-cdaa1e5b1363/1692861180/_unique-previews/45,ipfs://QmSZgJs6cxVGpoSZxtTzHtcRp1fgdsfnHwMB3CT7AQwW8x,previews/e97db658-5ee9-4ddb-91ac-cdaa1e5b1363/1692861180/_unique-thumbnails/45-large.jpg,ipfs://QmeK6HxBdZAgg1uTMUaDSjFtB1skYVymcTHmUht8P71YG2
0xBb12686c360e9057be3CD031140035A705e19ceC,FeralfileExhibitionV4,Truth,2439046679443273982118864381573244666659869230,2439046679443273982118864381573244666659869230,46,e97db658-5ee9-4ddb-91ac-cdaa1e5b1363,A broken symmetry — the cat's parabola,image,QmQjzvrvZjzNGiqQhTGsiHeTpb9FmEcjCVWxVySf5FANC1/2439046679443273982118864381573244666659869230,previews/e97db658-5ee9-4ddb-91ac-cdaa1e5b1363/1692861180/_unique-previews/46,ipfs://QmRHvxY1F98rcfVkTQuKj7Hgf8CCA58UWHVnyyvbryuU1h,previews/e97db658-5ee9-4ddb-91ac-cdaa1e5b1363/1692861180/_unique-thumbnails/46-large.jpg,ipfs://QmaC3BB6ZkG8xEfwMd2pcAbkDCEfvzKWL7xFzPZpoF8uYC
0xBb12686c360e9057be3CD031140035A705e19ceC,FeralfileExhibitionV4,Truth,2439046679443273982118864381573244666659869231,2439046679443273982118864381573244666659869231,47,e97db658-5ee9-4ddb-91ac-cdaa1e5b1363,A broken symmetry — the cat's parabola,image,QmQjzvrvZjzNGiqQhTGsiHeTpb9FmEcjCVWxVySf5FANC1/2439046679443273982118864381573244666659869231,previews/e97db658-5ee9-4ddb-91ac-cdaa1e5b1363/1692861180/_unique-previews/47,ipfs://QmYYNFSLWtrMJMXJpV1rQM1ZzzoYahdzXLFq1nRbnjHWvU,previews/e97db658-5ee9-4ddb-91ac-cdaa1e5b1363/1692861180/_unique-thumbnails/47-large.jpg,ipfs://QmbNPxXoX7mHc133dxZrTzfZDquir2BSSv1khjWYjqQ9w5
0xBb12686c360e9057be3CD031140035A705e19ceC,FeralfileExhibitionV4,Truth,2439046679443273982118864381573244666659869232,2439046679443273982118864381573244666659869232,48,e97db658-5ee9-4ddb-91ac-cdaa1e5b1363,A broken symmetry — the cat's parabola,image,QmQjzvrvZjzNGiqQhTGsiHeTpb9FmEcjCVWxVySf5FANC1/2439046679443273982118864381573244666659869232,previews/e97db658-5ee9-4ddb-91ac-cdaa1e5b1363/1692861180/_unique-previews/48,ipfs://QmdPMP53jaR7UkFUEtMzEACBDu2gLVz11y7cECaoyrFzZL,previews/e97db658-5ee9-4ddb-91ac-cdaa1e5b1363/1692861180/_unique-thumbnails/48-large.jpg,ipfs://QmQ8knm9uo1twxN7tgtUE3rDaEaZ26jjpVmcxpiD5jTJiC
0xBb12686c360e9057be3CD031140035A705e19ceC,FeralfileExhibitionV4,Truth,2439046679443273982118864381573244666659869233,2439046679443273982118864381573244666659869233,49,e97db658-5ee9-4ddb-91ac-cdaa1e5b1363,A broken symmetry — the cat's parabola,image,QmQjzvrvZjzNGiqQhTGsiHeTpb9FmEcjCVWxVySf5FANC1/2439046679443273982118864381573244666659869233,previews/e97db658-5ee9-4ddb-91ac-cdaa1e5b1363/1692861180/_unique-previews/49,ipfs://Qmb6P9BHk4zFw1CuXM8XoQhgMh1LBwu7jH2u39DS92QDV4,previews/e97db658-5ee9-4ddb-91ac-cdaa1e5b1363/1692861180/_unique-thumbnails/49-large.jpg,ipfs://Qmb4nH1UTThRKMYC8M2fDCFyTirJThdYXjWkrcGDG6VK5U
0xBb12686c360e9057be3CD031140035A705e19ceC,FeralfileExhibitionV4,Truth,2439046679443273982118864381573244666659869234,2439046679443273982118864381573244666659869234,50,e97db658-5ee9-4ddb-91ac-cdaa1e5b1363,A broken symmetry — the cat's parabola,image,QmQjzvrvZjzNGiqQhTGsiHeTpb9FmEcjCVWxVySf5FANC1/2439046679443273982118864381573244666659869234,previews/e97db658-5ee9-4ddb-91ac-cdaa1e5b1363/1692861180/_unique-previews/50,ipfs://QmepNwC522ZjVzsRm2zSiEvjxwo2QwNBqLVqDCTkYxAWHn,previews/e97db658-5ee9-4ddb-91ac-cdaa1e5b1363/1692861180/_unique-thumbnails/50-large.jpg,ipfs://QmUGG2VaUZMrLJaUp4Ng3W82kWgbCaXWXpBqhQRnmXMTUf
0xBb12686c360e9057be3CD031140035A705e19ceC,FeralfileExhibitionV4,Truth,2439046679443273982118864381573244666659869235,2439046679443273982118864381573244666659869235,51,e97db658-5ee9-4ddb-91ac-cdaa1e5b1363,A broken symmetry — the cat's parabola,image,QmQjzvrvZjzNGiqQhTGsiHeTpb9FmEcjCVWxVySf5FANC1/2439046679443273982118864381573244666659869235,previews/e97db658-5ee9-4ddb-91ac-cdaa1e5b1363/1692861180/_unique-previews/51,ipfs://QmbJTD7E1adq3wxFP4RWSz1eh5kQxTP4ABZ8NZ6ECHFg7e,previews/e97db658-5ee9-4ddb-91ac-cdaa1e5b1363/1692861180/_unique-thumbnails/51-large.jpg,ipfs://QmePJx8RYheKecjvF94bBBNMzNwosqVGeqeyNCLWcL5ypg
0xBb12686c360e9057be3CD031140035A705e19ceC,FeralfileExhibitionV4,Truth,2439046679443273982118864381573244666659869236,2439046679443273982118864381573244666659869236,52,e97db658-5ee9-4ddb-91ac-cdaa1e5b1363,A broken symmetry — the cat's parabola,image,QmQjzvrvZjzNGiqQhTGsiHeTpb9FmEcjCVWxVySf5FANC1/2439046679443273982118864381573244666659869236,previews/e97db658-5ee9-4ddb-91ac-cdaa1e5b1363/1692861180/_unique-previews/52,ipfs://QmemBufDw1JSYnyppEaz9TquynJxbgufG1chMjfNrLzkfn,previews/e97db658-5ee9-4ddb-91ac-cdaa1e5b1363/1692861180/_unique-thumbnails/52-large.jpg,ipfs://Qmbk4foSckapAvwJExeJpmsEgzniZmmptr9Q8JmjhXz9Qx
0xBb12686c360e9057be3CD031140035A705e19ceC,FeralfileExhibitionV4,Truth,2439046679443273982118864381573244666659869237,2439046679443273982118864381573244666659869237,53,e97db658-5ee9-4ddb-91ac-cdaa1e5b1363,A broken symmetry — the cat's parabola,image,QmQjzvrvZjzNGiqQhTGsiHeTpb9FmEcjCVWxVySf5FANC1/2439046679443273982118864381573244666659869237,previews/e97db658-5ee9-4ddb-91ac-cdaa1e5b1363/1692861180/_unique-previews/53,ipfs://QmQ3RHE6bnx9HKvBXrg6sUreSoSfyy33BtDwjSuf675rvg,previews/e97db658-5ee9-4ddb-91ac-cdaa1e5b1363/1692861180/_unique-thumbnails/53-large.jpg,ipfs://QmdQLvT5h3rNX1SKepn6Zz8gZ8qzuJCrdZc1SiiXwaMM43
0xBb12686c360e9057be3CD031140035A705e19ceC,FeralfileExhibitionV4,Truth,2439046679443273982118864381573244666659869238,2439046679443273982118864381573244666659869238,54,e97db658-5ee9-4ddb-91ac-cdaa1e5b1363,A broken symmetry — the cat's parabola,image,QmQjzvrvZjzNGiqQhTGsiHeTpb9FmEcjCVWxVySf5FANC1/2439046679443273982118864381573244666659869238,previews/e97db658-5ee9-4ddb-91ac-cdaa1e5b1363/1692861180/_unique-previews/54,ipfs://QmTiun4yVNvAtBanz19wjHVQ4tVVs9V9VWP5LGJHtCHeXn,previews/e97db658-5ee9-4ddb-91ac-cdaa1e5b1363/1692861180/_unique-thumbnails/54-large.jpg,ipfs://QmYsb72C4ToULBaBAreV5UpwPgALo6seFUtjURFjHPuKiD
0xBb12686c360e9057be3CD031140035A705e19ceC,FeralfileExhibitionV4,Truth,2439046679443273982118864381573244666659869239,2439046679443273982118864381573244666659869239,55,e97db658-5ee9-4ddb-91ac-cdaa1e5b1363,A broken symmetry — the cat's parabola,image,QmQjzvrvZjzNGiqQhTGsiHeTpb9FmEcjCVWxVySf5FANC1/2439046679443273982118864381573244666659869239,previews/e97db658-5ee9-4ddb-91ac-cdaa1e5b1363/1692861180/_unique-previews/55,ipfs://QmUKVpCUUNFBm5wGniCmHoLryygxNx7PJuiLUaopqCree3,previews/e97db658-5ee9-4ddb-91ac-cdaa1e5b1363/1692861180/_unique-thumbnails/55-large.jpg,ipfs://QmdYsZnkoGWHVjSeLLLxysgBt3e2yzJ9tNLpSfTQSLjnXQ
0xBb12686c360e9057be3CD031140035A705e19ceC,FeralfileExhibitionV4,Truth,2439046679443273982118864381573244666659869240,2439046679443273982118864381573244666659869240,56,e97db658-5ee9-4ddb-91ac-cdaa1e5b1363,A broken symmetry — the cat's parabola,image,QmQjzvrvZjzNGiqQhTGsiHeTpb9FmEcjCVWxVySf5FANC1/2439046679443273982118864381573244666659869240,previews/e97db658-5ee9-4ddb-91ac-cdaa1e5b1363/1692861180/_unique-previews/56,ipfs://QmWY73bwMRJks2bPmYpmx29tcAKysyqDic9GCiteYXfyoZ,previews/e97db658-5ee9-4ddb-91ac-cdaa1e5b1363/1692861180/_unique-thumbnails/56-large.jpg,ipfs://QmY9Ks1qu3kJXv5dKv7KqGXF8ob1gnNJZs9V8U4q6ANfHT
0xBb12686c360e9057be3CD031140035A705e19ceC,FeralfileExhibitionV4,Truth,2439046679443273982118864381573244666659869241,2439046679443273982118864381573244666659869241,57,e97db658-5ee9-4ddb-91ac-cdaa1e5b1363,A broken symmetry — the cat's parabola,image,QmQjzvrvZjzNGiqQhTGsiHeTpb9FmEcjCVWxVySf5FANC1/2439046679443273982118864381573244666659869241,previews/e97db658-5ee9-4ddb-91ac-cdaa1e5b1363/1692861180/_unique-previews/57,ipfs://Qmf2ZL3YyCUZDDzQg4RZN2BzQMdAtqMjRzyS67Jhty9tey,previews/e97db658-5ee9-4ddb-91ac-cdaa1e5b1363/1692861180/_unique-thumbnails/57-large.jpg,ipfs://QmdYwmrfPMHQT5yz3nrDukrrCg4hzi4nMUgdmLfJs4QWcK
0xBb12686c360e9057be3CD031140035A705e19ceC,FeralfileExhibitionV4,Truth,2439046679443273982118864381573244666659869242,2439046679443273982118864381573244666659869242,58,e97db658-5ee9-4ddb-91ac-cdaa1e5b1363,A broken symmetry — the cat's parabola,image,QmQjzvrvZjzNGiqQhTGsiHeTpb9FmEcjCVWxVySf5FANC1/2439046679443273982118864381573244666659869242,previews/e97db658-5ee9-4ddb-91ac-cdaa1e5b1363/1692861180/_unique-previews/58,ipfs://QmStrhgPvv6XqA6ejdpGbGty8QXrcpYypbBnoZDcfrtcMn,previews/e97db658-5ee9-4ddb-91ac-cdaa1e5b1363/1692861180/_unique-thumbnails/58-large.jpg,ipfs://QmeLDEEVCTzikqvttAGpKWA9vfFNeQpquN3xpvuz2JiTVy
0xBb12686c360e9057be3CD031140035A705e19ceC,FeralfileExhibitionV4,Truth,2439046679443273982118864381573244666659869243,2439046679443273982118864381573244666659869243,59,e97db658-5ee9-4ddb-91ac-cdaa1e5b1363,A broken symmetry — the cat's parabola,image,QmQjzvrvZjzNGiqQhTGsiHeTpb9FmEcjCVWxVySf5FANC1/2439046679443273982118864381573244666659869243,previews/e97db658-5ee9-4ddb-91ac-cdaa1e5b1363/1692861180/_unique-previews/59,ipfs://QmTpJSukYcNisHRvE6zePg8bEvrExy7vjKwjTfBH6ynXmj,previews/e97db658-5ee9-4ddb-91ac-cdaa1e5b1363/1692861180/_unique-thumbnails/59-large.jpg,ipfs://Qmcfz6CDGkGeWUR1h6qrzrViMsSe2bwi23tMAm5uueGWpu
0xBb12686c360e9057be3CD031140035A705e19ceC,FeralfileExhibitionV4,Truth,2439046679443273982118864381573244666659869244,2439046679443273982118864381573244666659869244,60,e97db658-5ee9-4ddb-91ac-cdaa1e5b1363,A broken symmetry — the cat's parabola,image,QmQjzvrvZjzNGiqQhTGsiHeTpb9FmEcjCVWxVySf5FANC1/2439046679443273982118864381573244666659869244,previews/e97db658-5ee9-4ddb-91ac-cdaa1e5b1363/1692861180/_unique-previews/60,ipfs://QmYY445Tf3StGjpHg1KeoURrANEHiAG3Bs8gGmCMDwZkH1,previews/e97db658-5ee9-4ddb-91ac-cdaa1e5b1363/1692861180/_unique-thumbnails/60-large.jpg,ipfs://QmYVembzWJxhScnrvjVhWTKSSGD5saLH5roE1acFBEQiF5
0xBb12686c360e9057be3CD031140035A705e19ceC,FeralfileExhibitionV4,Truth,2439046679443273982118864381573244666659869245,2439046679443273982118864381573244666659869245,61,e97db658-5ee9-4ddb-91ac-cdaa1e5b1363,A broken symmetry — the cat's parabola,image,QmQjzvrvZjzNGiqQhTGsiHeTpb9FmEcjCVWxVySf5FANC1/2439046679443273982118864381573244666659869245,previews/e97db658-5ee9-4ddb-91ac-cdaa1e5b1363/1692861180/_unique-previews/61,ipfs://QmePchKNJ2AQfocTf3EgjC1dJUYrstFQmNf1dfHvHjSFnb,previews/e97db658-5ee9-4ddb-91ac-cdaa1e5b1363/1692861180/_unique-thumbnails/61-large.jpg,ipfs://QmQ3f91Vx8GtbyvCTHrnjqnB8hW48LYvbizNr5TzSLcKMa
0xBb12686c360e9057be3CD031140035A705e19ceC,FeralfileExhibitionV4,Truth,2439046679443273982118864381573244666659869246,2439046679443273982118864381573244666659869246,62,e97db658-5ee9-4ddb-91ac-cdaa1e5b1363,A broken symmetry — the cat's parabola,image,QmQjzvrvZjzNGiqQhTGsiHeTpb9FmEcjCVWxVySf5FANC1/2439046679443273982118864381573244666659869246,previews/e97db658-5ee9-4ddb-91ac-cdaa1e5b1363/1692861180/_unique-previews/62,ipfs://QmcwefTLjyTWqUgUMJEs9FyqaVYDXjTAhRwUbDZDU8qHfA,previews/e97db658-5ee9-4ddb-91ac-cdaa1e5b1363/1692861180/_unique-thumbnails/62-large.jpg,ipfs://QmcWGaj3MnciyAhHfokei2C4SXtB7sdxiCqpYcjPeFpGJK
0xBb12686c360e9057be3CD031140035A705e19ceC,FeralfileExhibitionV4,Truth,2439046679443273982118864381573244666659869247,2439046679443273982118864381573244666659869247,63,e97db658-5ee9-4ddb-91ac-cdaa1e5b1363,A broken symmetry — the cat's parabola,image,QmQjzvrvZjzNGiqQhTGsiHeTpb9FmEcjCVWxVySf5FANC1/2439046679443273982118864381573244666659869247,previews/e97db658-5ee9-4ddb-91ac-cdaa1e5b1363/1692861180/_unique-previews/63,ipfs://Qmd5BRrBgaHKoTedBY1ihwZi44RN71Ewu6RTSB8AtQPRx8,previews/e97db658-5ee9-4ddb-91ac-cdaa1e5b1363/1692861180/_unique-thumbnails/63-large.jpg,ipfs://Qma16QFp4uGL7ysGrfFiNVgtyCMqLaDRHqZzC1Q6m4VDsU
0xBb12686c360e9057be3CD031140035A705e19ceC,FeralfileExhibitionV4,Truth,2439046679443273982118864381573244666659869248,2439046679443273982118864381573244666659869248,64,e97db658-5ee9-4ddb-91ac-cdaa1e5b1363,A broken symmetry — the cat's parabola,image,QmQjzvrvZjzNGiqQhTGsiHeTpb9FmEcjCVWxVySf5FANC1/2439046679443273982118864381573244666659869248,previews/e97db658-5ee9-4ddb-91ac-cdaa1e5b1363/1692861180/_unique-previews/64,ipfs://QmezcovefTRSh9ytomVCLBq6bU2w2QNdD4eHetcfXHgzbX,previews/e97db658-5ee9-4ddb-91ac-cdaa1e5b1363/1692861180/_unique-thumbnails/64-large.jpg,ipfs://QmVy3wzE7Xmz4cLppTmMfCisd76VLkoLGKJNDT1o7nRbf8
0xBb12686c360e9057be3CD031140035A705e19ceC,FeralfileExhibitionV4,Truth,2439046679443273982118864381573244666659869249,2439046679443273982118864381573244666659869249,65,e97db658-5ee9-4ddb-91ac-cdaa1e5b1363,A broken symmetry — the cat's parabola,image,QmQjzvrvZjzNGiqQhTGsiHeTpb9FmEcjCVWxVySf5FANC1/2439046679443273982118864381573244666659869249,previews/e97db658-5ee9-4ddb-91ac-cdaa1e5b1363/1692861180/_unique-previews/65,ipfs://QmVxQF3SRF2XWqykQCrp9Ho6MTHtdz4tB8zcVvTBDfdmWE,previews/e97db658-5ee9-4ddb-91ac-cdaa1e5b1363/1692861180/_unique-thumbnails/65-large.jpg,ipfs://QmPpP1wNcHkarbcWXCHqzZZG641bLcDjvmQ2cfKAEkqbap
0xBb12686c360e9057be3CD031140035A705e19ceC,FeralfileExhibitionV4,Truth,2439046679443273982118864381573244666659869250,2439046679443273982118864381573244666659869250,66,e97db658-5ee9-4ddb-91ac-cdaa1e5b1363,A broken symmetry — the cat's parabola,image,QmQjzvrvZjzNGiqQhTGsiHeTpb9FmEcjCVWxVySf5FANC1/2439046679443273982118864381573244666659869250,previews/e97db658-5ee9-4ddb-91ac-cdaa1e5b1363/1692861180/_unique-previews/66,ipfs://QmcYxtf6JTTcJrsoSPKojGFtkmL6vfKgLLtcL8LpC2grj7,previews/e97db658-5ee9-4ddb-91ac-cdaa1e5b1363/1692861180/_unique-thumbnails/66-large.jpg,ipfs://QmedZTWzsG8t6UUY4T8cik6znfVanK23P1GdXUMGgvPBH6
0xBb12686c360e9057be3CD031140035A705e19ceC,FeralfileExhibitionV4,Truth,2439046679443273982118864381573244666659869251,2439046679443273982118864381573244666659869251,67,e97db658-5ee9-4ddb-91ac-cdaa1e5b1363,A broken symmetry — the cat's parabola,image,QmQjzvrvZjzNGiqQhTGsiHeTpb9FmEcjCVWxVySf5FANC1/2439046679443273982118864381573244666659869251,previews/e97db658-5ee9-4ddb-91ac-cdaa1e5b1363/1692861180/_unique-previews/67,ipfs://QmXUffXsz1Qcp6hGKPgo7Ps4cqiUbJvXBP71Gpf9yE4xa3,previews/e97db658-5ee9-4ddb-91ac-cdaa1e5b1363/1692861180/_unique-thumbnails/67-large.jpg,ipfs://QmVVZBHvwqBUwZHjkTJXLgZAfDBa7swoBZPugUMy2HEKDD
0xBb12686c360e9057be3CD031140035A705e19ceC,FeralfileExhibitionV4,Truth,2439046679443273982118864381573244666659869252,2439046679443273982118864381573244666659869252,68,e97db658-5ee9-4ddb-91ac-cdaa1e5b1363,A broken symmetry — the cat's parabola,image,QmQjzvrvZjzNGiqQhTGsiHeTpb9FmEcjCVWxVySf5FANC1/2439046679443273982118864381573244666659869252,previews/e97db658-5ee9-4ddb-91ac-cdaa1e5b1363/1692861180/_unique-previews/68,ipfs://Qmbu6mMSNxUCXFYS19g2e1KzzwQRhPufg1CPkqv83q1iuY,previews/e97db658-5ee9-4ddb-91ac-cdaa1e5b1363/1692861180/_unique-thumbnails/68-large.jpg,ipfs://QmTQLRxk5eXiaMUTmAhjD4Ad2TZKBJmCYwrCL1XHYcU1YU
0xBb12686c360e9057be3CD031140035A705e19ceC,FeralfileExhibitionV4,Truth,2439046679443273982118864381573244666659869253,2439046679443273982118864381573244666659869253,69,e97db658-5ee9-4ddb-91ac-cdaa1e5b1363,A broken symmetry — the cat's parabola,image,QmQjzvrvZjzNGiqQhTGsiHeTpb9FmEcjCVWxVySf5FANC1/2439046679443273982118864381573244666659869253,previews/e97db658-5ee9-4ddb-91ac-cdaa1e5b1363/1692861180/_unique-previews/69,ipfs://QmRBg1d1hh7mMrgZ8e2kdy5WZukaHYPdyHwQsCuf9Pw62x,previews/e97db658-5ee9-4ddb-91ac-cdaa1e5b1363/1692861180/_unique-thumbnails/69-large.jpg,ipfs://QmUMbNkSDFVhk9YGy9jjTFPURP7PrkP5pmSaeJmo5aQBpo
0xBb12686c360e9057be3CD031140035A705e19ceC,FeralfileExhibitionV4,Truth,2439046679443273982118864381573244666659869254,2439046679443273982118864381573244666659869254,70,e97db658-5ee9-4ddb-91ac-cdaa1e5b1363,A broken symmetry — the cat's parabola,image,QmQjzvrvZjzNGiqQhTGsiHeTpb9FmEcjCVWxVySf5FANC1/2439046679443273982118864381573244666659869254,previews/e97db658-5ee9-4ddb-91ac-cdaa1e5b1363/1692861180/_unique-previews/70,ipfs://QmafkoXLhCtH6mWkSN1vb4HCTp957CBAPAYdinPpTxeXkU,previews/e97db658-5ee9-4ddb-91ac-cdaa1e5b1363/1692861180/_unique-thumbnails/70-large.jpg,ipfs://QmYu3ChpgD8infmyqPamTX9j4qFj9Hgqee3JmWysPnQhwt
0xBb12686c360e9057be3CD031140035A705e19ceC,FeralfileExhibitionV4,Truth,2439046679443273982118864381573244666659869255,2439046679443273982118864381573244666659869255,71,e97db658-5ee9-4ddb-91ac-cdaa1e5b1363,A broken symmetry — the cat's parabola,image,QmQjzvrvZjzNGiqQhTGsiHeTpb9FmEcjCVWxVySf5FANC1/2439046679443273982118864381573244666659869255,previews/e97db658-5ee9-4ddb-91ac-cdaa1e5b1363/1692861180/_unique-previews/71,ipfs://Qmf9remD66nFnp9Mbd374dE35m21C6k3xvaAgHhNSgvPR1,previews/e97db658-5ee9-4ddb-91ac-cdaa1e5b1363/1692861180/_unique-thumbnails/71-large.jpg,ipfs://QmPQ8zqt3waBHeD1am4REMfULXB4y1eAiJKTvVwWm5dBzN
0xBb12686c360e9057be3CD031140035A705e19ceC,FeralfileExhibitionV4,Truth,2439046679443273982118864381573244666659869256,2439046679443273982118864381573244666659869256,72,e97db658-5ee9-4ddb-91ac-cdaa1e5b1363,A broken symmetry — the cat's parabola,image,QmQjzvrvZjzNGiqQhTGsiHeTpb9FmEcjCVWxVySf5FANC1/2439046679443273982118864381573244666659869256,previews/e97db658-5ee9-4ddb-91ac-cdaa1e5b1363/1692861180/_unique-previews/72,ipfs://QmQd6MhLRiiTgP3ikK4B4v2ffV3CgnPK5v44Vn1dUwCqHV,previews/e97db658-5ee9-4ddb-91ac-cdaa1e5b1363/1692861180/_unique-thumbnails/72-large.jpg,ipfs://QmPxYCtNP7YSCQuid5JHCDxyFpa8GjCwKU7h61znufg7Dw
0xBb12686c360e9057be3CD031140035A705e19ceC,FeralfileExhibitionV4,Truth,2439046679443273982118864381573244666659869257,2439046679443273982118864381573244666659869257,73,e97db658-5ee9-4ddb-91ac-cdaa1e5b1363,A broken symmetry — the cat's parabola,image,QmQjzvrvZjzNGiqQhTGsiHeTpb9FmEcjCVWxVySf5FANC1/2439046679443273982118864381573244666659869257,previews/e97db658-5ee9-4ddb-91ac-cdaa1e5b1363/1692861180/_unique-previews/73,ipfs://QmYPT6yVRNNWQJrehNtozeLiTd629RPK5G3M1XXZmXAXvv,previews/e97db658-5ee9-4ddb-91ac-cdaa1e5b1363/1692861180/_unique-thumbnails/73-large.jpg,ipfs://QmP3NREThGUEi3Xa2JMhnLCGgyDCPm8yVyQXwocR7W5cjT
0xBb12686c360e9057be3CD031140035A705e19ceC,FeralfileExhibitionV4,Truth,2439046679443273982118864381573244666659869258,2439046679443273982118864381573244666659869258,74,e97db658-5ee9-4ddb-91ac-cdaa1e5b1363,A broken symmetry — the cat's parabola,image,QmQjzvrvZjzNGiqQhTGsiHeTpb9FmEcjCVWxVySf5FANC1/2439046679443273982118864381573244666659869258,previews/e97db658-5ee9-4ddb-91ac-cdaa1e5b1363/1692861180/_unique-previews/74,ipfs://QmexgAcZ2NGEr2an1M2v6p7vD1KNhvT4NatCRYffYPXwVR,previews/e97db658-5ee9-4ddb-91ac-cdaa1e5b1363/1692861180/_unique-thumbnails/74-large.jpg,ipfs://QmX8dnqAfbnGjZ8fKc5teymA7tkfLWWgTkk9kbQYG9MVTt
0xBb12686c360e9057be3CD031140035A705e19ceC,FeralfileExhibitionV4,Truth,2439046679443273982118864381573244666659869259,2439046679443273982118864381573244666659869259,75,e97db658-5ee9-4ddb-91ac-cdaa1e5b1363,A broken symmetry — the cat's parabola,image,QmQjzvrvZjzNGiqQhTGsiHeTpb9FmEcjCVWxVySf5FANC1/2439046679443273982118864381573244666659869259,previews/e97db658-5ee9-4ddb-91ac-cdaa1e5b1363/1692861180/_unique-previews/75,ipfs://QmdHMPX1JFt5mfCH66p6deMG8ytVSorvCCNAxmjBqveR5o,previews/e97db658-5ee9-4ddb-91ac-cdaa1e5b1363/1692861180/_unique-thumbnails/75-large.jpg,ipfs://QmQ3Pn3c722nUnXVLFC7FrghYqGss3Cmu9LeoXv27iy66x
0xBb12686c360e9057be3CD031140035A705e19ceC,FeralfileExhibitionV4,Truth,2439046679443273982118864381573244666659869260,2439046679443273982118864381573244666659869260,76,e97db658-5ee9-4ddb-91ac-cdaa1e5b1363,A broken symmetry — the cat's parabola,image,QmQjzvrvZjzNGiqQhTGsiHeTpb9FmEcjCVWxVySf5FANC1/2439046679443273982118864381573244666659869260,previews/e97db658-5ee9-4ddb-91ac-cdaa1e5b1363/1692861180/_unique-previews/76,ipfs://QmcW9m1SswSPyGo5SW67rJaW9KbNXWWwV1dLYbaCiunaZr,previews/e97db658-5ee9-4ddb-91ac-cdaa1e5b1363/1692861180/_unique-thumbnails/76-large.jpg,ipfs://QmdbmiMYqBh9CXtXEiuNRJA7xf4fbDCy4UzFH3fFCHUiFe
0xBb12686c360e9057be3CD031140035A705e19ceC,FeralfileExhibitionV4,Truth,2439046679443273982118864381573244666659869261,2439046679443273982118864381573244666659869261,77,e97db658-5ee9-4ddb-91ac-cdaa1e5b1363,A broken symmetry — the cat's parabola,image,QmQjzvrvZjzNGiqQhTGsiHeTpb9FmEcjCVWxVySf5FANC1/2439046679443273982118864381573244666659869261,previews/e97db658-5ee9-4ddb-91ac-cdaa1e5b1363/1692861180/_unique-previews/77,ipfs://QmPotAg81b8QTnkKQPGRu5SmvSgVDk2PmovAe4ef6exrKW,previews/e97db658-5ee9-4ddb-91ac-cdaa1e5b1363/1692861180/_unique-thumbnails/77-large.jpg,ipfs://QmQT6au9pVeBgUVsUmu1rDXBdeab9D8XP485uxYVYEy7cQ
0xBb12686c360e9057be3CD031140035A705e19ceC,FeralfileExhibitionV4,Truth,2439046679443273982118864381573244666659869262,2439046679443273982118864381573244666659869262,78,e97db658-5ee9-4ddb-91ac-cdaa1e5b1363,A broken symmetry — the cat's parabola,image,QmQjzvrvZjzNGiqQhTGsiHeTpb9FmEcjCVWxVySf5FANC1/2439046679443273982118864381573244666659869262,previews/e97db658-5ee9-4ddb-91ac-cdaa1e5b1363/1692861180/_unique-previews/78,ipfs://QmXcc23NEPKuz3UDjtwYQNnqN4BxVtTimEJ5mjH8eNPACm,previews/e97db658-5ee9-4ddb-91ac-cdaa1e5b1363/1692861180/_unique-thumbnails/78-large.jpg,ipfs://QmXovLzHHPeKuCvWEmWZUbcRfFEp6XcjS92C2hRTK45rxm
0xBb12686c360e9057be3CD031140035A705e19ceC,FeralfileExhibitionV4,Truth,2439046679443273982118864381573244666659869263,2439046679443273982118864381573244666659869263,79,e97db658-5ee9-4ddb-91ac-cdaa1e5b1363,A broken symmetry — the cat's parabola,image,QmQjzvrvZjzNGiqQhTGsiHeTpb9FmEcjCVWxVySf5FANC1/2439046679443273982118864381573244666659869263,previews/e97db658-5ee9-4ddb-91ac-cdaa1e5b1363/1692861180/_unique-previews/79,ipfs://Qma338vtCtWWjXYJEqyXMNNZP9otdm5LoqmbsnuKdjMQ4U,previews/e97db658-5ee9-4ddb-91ac-cdaa1e5b1363/1692861180/_unique-thumbnails/79-large.jpg,ipfs://QmSEWC7mgrD6u1N4rEUd2PcrFHGn6xQE2jtP8fri7jCyVu
0xBb12686c360e9057be3CD031140035A705e19ceC,FeralfileExhibitionV4,Truth,2439046679443273982118864381573244666659869264,2439046679443273982118864381573244666659869264,80,e97db658-5ee9-4ddb-91ac-cdaa1e5b1363,A broken symmetry — the cat's parabola,image,QmQjzvrvZjzNGiqQhTGsiHeTpb9FmEcjCVWxVySf5FANC1/2439046679443273982118864381573244666659869264,previews/e97db658-5ee9-4ddb-91ac-cdaa1e5b1363/1692861180/_unique-previews/80,ipfs://QmURTqvkwet2rWFTTFfAEAJjCJA2gmzXcmKHCM1iAdt5GH,previews/e97db658-5ee9-4ddb-91ac-cdaa1e5b1363/1692861180/_unique-thumbnails/80-large.jpg,ipfs://Qmbs8sFyoiVq6Ds5R5YVeZmZBHxm4UpANCe7zAEVa8gtRA
0xBb12686c360e9057be3CD031140035A705e19ceC,FeralfileExhibitionV4,Truth,2439046679443273982118864381573244666659869265,2439046679443273982118864381573244666659869265,81,e97db658-5ee9-4ddb-91ac-cdaa1e5b1363,A broken symmetry — the cat's parabola,image,QmQjzvrvZjzNGiqQhTGsiHeTpb9FmEcjCVWxVySf5FANC1/2439046679443273982118864381573244666659869265,previews/e97db658-5ee9-4ddb-91ac-cdaa1e5b1363/1692861180/_unique-previews/81,ipfs://Qma5Fy1XJsopoLw4ZokAdAGTmwph4okxHi8hVhh8vGN2aR,previews/e97db658-5ee9-4ddb-91ac-cdaa1e5b1363/1692861180/_unique-thumbnails/81-large.jpg,ipfs://QmahFcr61ewsraLdkH36rfRjMD5oLAqSYrSa1EFufggPSB
0xBb12686c360e9057be3CD031140035A705e19ceC,FeralfileExhibitionV4,Truth,2439046679443273982118864381573244666659869266,2439046679443273982118864381573244666659869266,82,e97db658-5ee9-4ddb-91ac-cdaa1e5b1363,A broken symmetry — the cat's parabola,image,QmQjzvrvZjzNGiqQhTGsiHeTpb9FmEcjCVWxVySf5FANC1/2439046679443273982118864381573244666659869266,previews/e97db658-5ee9-4ddb-91ac-cdaa1e5b1363/1692861180/_unique-previews/82,ipfs://QmcHhMWzxfWRVohAXzYeyhHzkY2LXVUhKPUPWhp4Sdyk9B,previews/e97db658-5ee9-4ddb-91ac-cdaa1e5b1363/1692861180/_unique-thumbnails/82-large.jpg,ipfs://QmeHzzeNnziDMayh1WjamfRgmpMC7FzpUUNGkXdF4LaTxx
0xBb12686c360e9057be3CD031140035A705e19ceC,FeralfileExhibitionV4,Truth,2439046679443273982118864381573244666659869267,2439046679443273982118864381573244666659869267,83,e97db658-5ee9-4ddb-91ac-cdaa1e5b1363,A broken symmetry — the cat's parabola,image,QmQjzvrvZjzNGiqQhTGsiHeTpb9FmEcjCVWxVySf5FANC1/2439046679443273982118864381573244666659869267,previews/e97db658-5ee9-4ddb-91ac-cdaa1e5b1363/1692861180/_unique-previews/83,ipfs://QmS2FT1P28C73f9yib3rhfpQ4qrTMLBDiAPTRUSTXXE1e1,previews/e97db658-5ee9-4ddb-91ac-cdaa1e5b1363/1692861180/_unique-thumbnails/83-large.jpg,ipfs://QmbP3RYABYSmqkPycR4dKXcrtGksb2vv1ktvnLDKtmwFZM
0xBb12686c360e9057be3CD031140035A705e19ceC,FeralfileExhibitionV4,Truth,2439046679443273982118864381573244666659869268,2439046679443273982118864381573244666659869268,84,e97db658-5ee9-4ddb-91ac-cdaa1e5b1363,A broken symmetry — the cat's parabola,image,QmQjzvrvZjzNGiqQhTGsiHeTpb9FmEcjCVWxVySf5FANC1/2439046679443273982118864381573244666659869268,previews/e97db658-5ee9-4ddb-91ac-cdaa1e5b1363/1692861180/_unique-previews/84,ipfs://QmTGeG8o1xXFjrhcChM3C3QkWER6ySTa9W58RAiwZqPkiJ,previews/e97db658-5ee9-4ddb-91ac-cdaa1e5b1363/1692861180/_unique-thumbnails/84-large.jpg,ipfs://QmV1AxDPmNsfK9kYhbvx6mb6qRhjbPnQA6fzAVKs3p35U3
0xBb12686c360e9057be3CD031140035A705e19ceC,FeralfileExhibitionV4,Truth,2439046679443273982118864381573244666659869269,2439046679443273982118864381573244666659869269,85,e97db658-5ee9-4ddb-91ac-cdaa1e5b1363,A broken symmetry — the cat's parabola,image,QmQjzvrvZjzNGiqQhTGsiHeTpb9FmEcjCVWxVySf5FANC1/2439046679443273982118864381573244666659869269,previews/e97db658-5ee9-4ddb-91ac-cdaa1e5b1363/1692861180/_unique-previews/85,ipfs://QmUfmHQRhqi4Ft8wx75rdX6QY6tg5oGzJjRWRQFWPVkSce,previews/e97db658-5ee9-4ddb-91ac-cdaa1e5b1363/1692861180/_unique-thumbnails/85-large.jpg,ipfs://QmPM1aKgLujVKXqoAaipRtt3et3PhzGng6FxqNeft2ZVVi
0xBb12686c360e9057be3CD031140035A705e19ceC,FeralfileExhibitionV4,Truth,2439046679443273982118864381573244666659869270,2439046679443273982118864381573244666659869270,86,e97db658-5ee9-4ddb-91ac-cdaa1e5b1363,A broken symmetry — the cat's parabola,image,QmQjzvrvZjzNGiqQhTGsiHeTpb9FmEcjCVWxVySf5FANC1/2439046679443273982118864381573244666659869270,previews/e97db658-5ee9-4ddb-91ac-cdaa1e5b1363/1692861180/_unique-previews/86,ipfs://QmcRJHkVouVfUWty4L4t3xhBPD1VKxyySC9eLSwk4kVeEq,previews/e97db658-5ee9-4ddb-91ac-cdaa1e5b1363/1692861180/_unique-thumbnails/86-large.jpg,ipfs://QmeZshdvMKpjivKdrdYrGqg47ssUFNaZ3RbTRi87rmbYRz
0xBb12686c360e9057be3CD031140035A705e19ceC,FeralfileExhibitionV4,Truth,2439046679443273982118864381573244666659869271,2439046679443273982118864381573244666659869271,87,e97db658-5ee9-4ddb-91ac-cdaa1e5b1363,A broken symmetry — the cat's parabola,image,QmQjzvrvZjzNGiqQhTGsiHeTpb9FmEcjCVWxVySf5FANC1/2439046679443273982118864381573244666659869271,previews/e97db658-5ee9-4ddb-91ac-cdaa1e5b1363/1692861180/_unique-previews/87,ipfs://QmRogqyb6UQ9UurKac5HwdMGRthaFw4HqruktuMHkwPWJv,previews/e97db658-5ee9-4ddb-91ac-cdaa1e5b1363/1692861180/_unique-thumbnails/87-large.jpg,ipfs://QmW3atfumJyVqfFvuVay2SDC1aE3tDWijAjeYQYwVkCC6D
0xBb12686c360e9057be3CD031140035A705e19ceC,FeralfileExhibitionV4,Truth,2439046679443273982118864381573244666659869272,2439046679443273982118864381573244666659869272,88,e97db658-5ee9-4ddb-91ac-cdaa1e5b1363,A broken symmetry — the cat's parabola,image,QmQjzvrvZjzNGiqQhTGsiHeTpb9FmEcjCVWxVySf5FANC1/2439046679443273982118864381573244666659869272,previews/e97db658-5ee9-4ddb-91ac-cdaa1e5b1363/1692861180/_unique-previews/88,ipfs://QmNkwomYr4ts8vxEzwieB61fxUDe4VjKZTray7ptmQ7jx4,previews/e97db658-5ee9-4ddb-91ac-cdaa1e5b1363/1692861180/_unique-thumbnails/88-large.jpg,ipfs://QmXGuabaMXWgyxCQfvzLGYnzWng6hpwyUh4wdeXw9nqdnN
0xBb12686c360e9057be3CD031140035A705e19ceC,FeralfileExhibitionV4,Truth,2439046679443273982118864381573244666659869273,2439046679443273982118864381573244666659869273,89,e97db658-5ee9-4ddb-91ac-cdaa1e5b1363,A broken symmetry — the cat's parabola,image,QmQjzvrvZjzNGiqQhTGsiHeTpb9FmEcjCVWxVySf5FANC1/2439046679443273982118864381573244666659869273,previews/e97db658-5ee9-4ddb-91ac-cdaa1e5b1363/1692861180/_unique-previews/89,ipfs://QmT3sjvvQnJb1vjqmgtB6DV2XbVU7XWM2AA8K6xgS1eNNs,previews/e97db658-5ee9-4ddb-91ac-cdaa1e5b1363/1692861180/_unique-thumbnails/89-large.jpg,ipfs://QmZ3yHsgbzXuaaobvKr7QJC7zGtF5Ms5QajDeaK4oySTEx
0xBb12686c360e9057be3CD031140035A705e19ceC,FeralfileExhibitionV4,Truth,2439046679443273982118864381573244666659869274,2439046679443273982118864381573244666659869274,90,e97db658-5ee9-4ddb-91ac-cdaa1e5b1363,A broken symmetry — the cat's parabola,image,QmQjzvrvZjzNGiqQhTGsiHeTpb9FmEcjCVWxVySf5FANC1/2439046679443273982118864381573244666659869274,previews/e97db658-5ee9-4ddb-91ac-cdaa1e5b1363/1692861180/_unique-previews/90,ipfs://QmXtLKLHkfGhzfKjbhvu7s4NEBN6uHpkADYqVVMsZUCSh5,previews/e97db658-5ee9-4ddb-91ac-cdaa1e5b1363/1692861180/_unique-thumbnails/90-large.jpg,ipfs://QmPybCwVPfWdBdMnaf271rYsmjU4wJj73WiHpQo6cyXgKq
0xBb12686c360e9057be3CD031140035A705e19ceC,FeralfileExhibitionV4,Truth,2439046679443273982118864381573244666659869275,2439046679443273982118864381573244666659869275,91,e97db658-5ee9-4ddb-91ac-cdaa1e5b1363,A broken symmetry — the cat's parabola,image,QmQjzvrvZjzNGiqQhTGsiHeTpb9FmEcjCVWxVySf5FANC1/2439046679443273982118864381573244666659869275,previews/e97db658-5ee9-4ddb-91ac-cdaa1e5b1363/1692861180/_unique-previews/91,ipfs://Qmbdy4B6mUv82zZ5zoFQJgMCEa7SYWkwe2o6ndPqrPHBgH,previews/e97db658-5ee9-4ddb-91ac-cdaa1e5b1363/1692861180/_unique-thumbnails/91-large.jpg,ipfs://QmRGr9y2PRY11X8GLAczJZbJkLpwd1ZyEKWkGq7iWqDSnT
0xBb12686c360e9057be3CD031140035A705e19ceC,FeralfileExhibitionV4,Truth,2439046679443273982118864381573244666659869276,2439046679443273982118864381573244666659869276,92,e97db658-5ee9-4ddb-91ac-cdaa1e5b1363,A broken symmetry — the cat's parabola,image,QmQjzvrvZjzNGiqQhTGsiHeTpb9FmEcjCVWxVySf5FANC1/2439046679443273982118864381573244666659869276,previews/e97db658-5ee9-4ddb-91ac-cdaa1e5b1363/1692861180/_unique-previews/92,ipfs://QmUJFoDuULksUND3fwVotsSH5aF5XwUu6BpxTk1EJ69WYc,previews/e97db658-5ee9-4ddb-91ac-cdaa1e5b1363/1692861180/_unique-thumbnails/92-large.jpg,ipfs://Qma86XBBF9wcfqVifUUhCN9bayRPoFVqvbPyKtGVUTR5Ka
0xBb12686c360e9057be3CD031140035A705e19ceC,FeralfileExhibitionV4,Truth,2439046679443273982118864381573244666659869277,2439046679443273982118864381573244666659869277,93,e97db658-5ee9-4ddb-91ac-cdaa1e5b1363,A broken symmetry — the cat's parabola,image,QmQjzvrvZjzNGiqQhTGsiHeTpb9FmEcjCVWxVySf5FANC1/2439046679443273982118864381573244666659869277,previews/e97db658-5ee9-4ddb-91ac-cdaa1e5b1363/1692861180/_unique-previews/93,ipfs://QmaRGMMsYZVrYJfc2yEhWLkGu1rvjWb5wKNqv1TkAfz7fc,previews/e97db658-5ee9-4ddb-91ac-cdaa1e5b1363/1692861180/_unique-thumbnails/93-large.jpg,ipfs://QmSHWfezzFGVph5YeWF5rda4GPbDeiy7v8BRBLEj8GLrfE
0xBb12686c360e9057be3CD031140035A705e19ceC,FeralfileExhibitionV4,Truth,2439046679443273982118864381573244666659869278,2439046679443273982118864381573244666659869278,94,e97db658-5ee9-4ddb-91ac-cdaa1e5b1363,A broken symmetry — the cat's parabola,image,QmQjzvrvZjzNGiqQhTGsiHeTpb9FmEcjCVWxVySf5FANC1/2439046679443273982118864381573244666659869278,previews/e97db658-5ee9-4ddb-91ac-cdaa1e5b1363/1692861180/_unique-previews/94,ipfs://QmTWcZuZy4KcvXPNBm3UTa4p3ZzptJGdrAhRVR2kHFkwYB,previews/e97db658-5ee9-4ddb-91ac-cdaa1e5b1363/1692861180/_unique-thumbnails/94-large.jpg,ipfs://QmQ6iZyP572wU93R6XmhvxfNwivvpq1Fp1WWjHsRUcyhQE
0xBb12686c360e9057be3CD031140035A705e19ceC,FeralfileExhibitionV4,Truth,2439046679443273982118864381573244666659869279,2439046679443273982118864381573244666659869279,95,e97db658-5ee9-4ddb-91ac-cdaa1e5b1363,A broken symmetry — the cat's parabola,image,QmQjzvrvZjzNGiqQhTGsiHeTpb9FmEcjCVWxVySf5FANC1/2439046679443273982118864381573244666659869279,previews/e97db658-5ee9-4ddb-91ac-cdaa1e5b1363/1692861180/_unique-previews/95,ipfs://QmexpmeW1aJuUnBdDFcnXr67rVnyrMfdVmXPaXvTghLw13,previews/e97db658-5ee9-4ddb-91ac-cdaa1e5b1363/1692861180/_unique-thumbnails/95-large.jpg,ipfs://QmRkdkWvojJBQj19Xy1wE2UPCiJgwUSKupFxoEhBKMGnAZ
0xBb12686c360e9057be3CD031140035A705e19ceC,FeralfileExhibitionV4,Truth,2439046679443273982118864381573244666659869280,2439046679443273982118864381573244666659869280,96,e97db658-5ee9-4ddb-91ac-cdaa1e5b1363,A broken symmetry — the cat's parabola,image,QmQjzvrvZjzNGiqQhTGsiHeTpb9FmEcjCVWxVySf5FANC1/2439046679443273982118864381573244666659869280,previews/e97db658-5ee9-4ddb-91ac-cdaa1e5b1363/1692861180/_unique-previews/96,ipfs://QmZVp4yS5ab5Q6L1RhyGJG963b3Ce5wBn8JRcVtXPMYjHQ,previews/e97db658-5ee9-4ddb-91ac-cdaa1e5b1363/1692861180/_unique-thumbnails/96-large.jpg,ipfs://QmPRYpnA2eomHpAi89TP3ZPH4jmthxycTgKLWLKpSHqaox
0xBb12686c360e9057be3CD031140035A705e19ceC,FeralfileExhibitionV4,Truth,2439046679443273982118864381573244666659869281,2439046679443273982118864381573244666659869281,97,e97db658-5ee9-4ddb-91ac-cdaa1e5b1363,A broken symmetry — the cat's parabola,image,QmQjzvrvZjzNGiqQhTGsiHeTpb9FmEcjCVWxVySf5FANC1/2439046679443273982118864381573244666659869281,previews/e97db658-5ee9-4ddb-91ac-cdaa1e5b1363/1692861180/_unique-previews/97,ipfs://QmYHnnQM8o7cXbTKWLeG1FkUsteoaWKG73oDge4o4B3kJa,previews/e97db658-5ee9-4ddb-91ac-cdaa1e5b1363/1692861180/_unique-thumbnails/97-large.jpg,ipfs://QmQZyK4MnMpJXxz9T2RRmfjNT6gxJP7wFVfNXXLAsoKbcY
0xBb12686c360e9057be3CD031140035A705e19ceC,FeralfileExhibitionV4,Truth,2439046679443273982118864381573244666659869282,2439046679443273982118864381573244666659869282,98,e97db658-5ee9-4ddb-91ac-cdaa1e5b1363,A broken symmetry — the cat's parabola,image,QmQjzvrvZjzNGiqQhTGsiHeTpb9FmEcjCVWxVySf5FANC1/2439046679443273982118864381573244666659869282,previews/e97db658-5ee9-4ddb-91ac-cdaa1e5b1363/1692861180/_unique-previews/98,ipfs://QmcAPaWAcKf6iia9S6NZ24TvioyWjDm5DFcP36pH97D17T,previews/e97db658-5ee9-4ddb-91ac-cdaa1e5b1363/1692861180/_unique-thumbnails/98-large.jpg,ipfs://QmUPZc248BiZMq6Vgadb93V7ZNbfGo5VWwb53denmDMQYF
0xBb12686c360e9057be3CD031140035A705e19ceC,FeralfileExhibitionV4,Truth,2439046679443273982118864381573244666659869283,2439046679443273982118864381573244666659869283,99,e97db658-5ee9-4ddb-91ac-cdaa1e5b1363,A broken symmetry — the cat's parabola,image,QmQjzvrvZjzNGiqQhTGsiHeTpb9FmEcjCVWxVySf5FANC1/2439046679443273982118864381573244666659869283,previews/e97db658-5ee9-4ddb-91ac-cdaa1e5b1363/1692861180/_unique-previews/99,ipfs://QmdbNsr3AQB1DPZCLJRdnRoWAoQVZKCBYZeS4DXufu21Zg,previews/e97db658-5ee9-4ddb-91ac-cdaa1e5b1363/1692861180/_unique-thumbnails/99-large.jpg,ipfs://QmSwWTE1HQF2P6PJwxAQTscPKpKHWbkQuwGhSkrNFE4VaN
0xBb12686c360e9057be3CD031140035A705e19ceC,FeralfileExhibitionV4,Truth,2439046679443273982118864381573244666659869284,2439046679443273982118864381573244666659869284,100,e97db658-5ee9-4ddb-91ac-cdaa1e5b1363,A broken symmetry — the cat's parabola,image,QmQjzvrvZjzNGiqQhTGsiHeTpb9FmEcjCVWxVySf5FANC1/2439046679443273982118864381573244666659869284,previews/e97db658-5ee9-4ddb-91ac-cdaa1e5b1363/1692861180/_unique-previews/100,ipfs://Qmf8dYjPLYgJAs79FacZwGSZggtQYQrkRuUTM1LREQTAq9,previews/e97db658-5ee9-4ddb-91ac-cdaa1e5b1363/1692861180/_unique-thumbnails/100-large.jpg,ipfs://QmbmvjCtC6pb3z3pVvH8t2TD6vKbgEGWyU8cino6CW647K
0xBb12686c360e9057be3CD031140035A705e19ceC,FeralfileExhibitionV4,Truth,2439046679443273982118864381573244666659869285,2439046679443273982118864381573244666659869285,101,e97db658-5ee9-4ddb-91ac-cdaa1e5b1363,A broken symmetry — the cat's parabola,image,QmQjzvrvZjzNGiqQhTGsiHeTpb9FmEcjCVWxVySf5FANC1/2439046679443273982118864381573244666659869285,previews/e97db658-5ee9-4ddb-91ac-cdaa1e5b1363/1692861180/_unique-previews/101,ipfs://Qmb1aqNqaq8nGc8VnkfJW7Pr8orRs1Bp3uzUywNQvXwnok,previews/e97db658-5ee9-4ddb-91ac-cdaa1e5b1363/1692861180/_unique-thumbnails/101-large.jpg,ipfs://QmTBKJBhXn6SgRocP5F2v7g6XMAeaPVXKjueq9abS2MxKm
0xBb12686c360e9057be3CD031140035A705e19ceC,FeralfileExhibitionV4,Truth,2439046679443273982118864381573244666659869286,2439046679443273982118864381573244666659869286,102,e97db658-5ee9-4ddb-91ac-cdaa1e5b1363,A broken symmetry — the cat's parabola,image,QmQjzvrvZjzNGiqQhTGsiHeTpb9FmEcjCVWxVySf5FANC1/2439046679443273982118864381573244666659869286,previews/e97db658-5ee9-4ddb-91ac-cdaa1e5b1363/1692861180/_unique-previews/102,ipfs://QmQ11yeExX2M7N1o2TN4snGK3m6Yt7btA8CEtaVCWe132X,previews/e97db658-5ee9-4ddb-91ac-cdaa1e5b1363/1692861180/_unique-thumbnails/102-large.jpg,ipfs://QmaaCDQPGsT11LKgk9i8frE5UPQwUvLEf1nYrzoCxBWjK8
0xBb12686c360e9057be3CD031140035A705e19ceC,FeralfileExhibitionV4,Truth,2439046679443273982118864381573244666659869287,2439046679443273982118864381573244666659869287,103,e97db658-5ee9-4ddb-91ac-cdaa1e5b1363,A broken symmetry — the cat's parabola,image,QmQjzvrvZjzNGiqQhTGsiHeTpb9FmEcjCVWxVySf5FANC1/2439046679443273982118864381573244666659869287,previews/e97db658-5ee9-4ddb-91ac-cdaa1e5b1363/1692861180/_unique-previews/103,ipfs://QmdXytmQw7PNgBKVQt2Zez1tNqdhhNXyoN6jgdkeGRov2K,previews/e97db658-5ee9-4ddb-91ac-cdaa1e5b1363/1692861180/_unique-thumbnails/103-large.jpg,ipfs://QmQorqewjMMoebzDpdUntJxShg7NY4z6GojoUucQCmUNgU
0xBb12686c360e9057be3CD031140035A705e19ceC,FeralfileExhibitionV4,Truth,2439046679443273982118864381573244666659869288,2439046679443273982118864381573244666659869288,104,e97db658-5ee9-4ddb-91ac-cdaa1e5b1363,A broken symmetry — the cat's parabola,image,QmQjzvrvZjzNGiqQhTGsiHeTpb9FmEcjCVWxVySf5FANC1/2439046679443273982118864381573244666659869288,previews/e97db658-5ee9-4ddb-91ac-cdaa1e5b1363/1692861180/_unique-previews/104,ipfs://QmPHecD6DF19z1MnA1w1nTobi44vfGxeLRcNJfEwWZHAVp,previews/e97db658-5ee9-4ddb-91ac-cdaa1e5b1363/1692861180/_unique-thumbnails/104-large.jpg,ipfs://QmbFxvxoc9WsRmcrjFCpzaMiZgj5fjPFDuyxhdfTerCaUL
0xBb12686c360e9057be3CD031140035A705e19ceC,FeralfileExhibitionV4,Truth,2439046679443273982118864381573244666659869289,2439046679443273982118864381573244666659869289,105,e97db658-5ee9-4ddb-91ac-cdaa1e5b1363,A broken symmetry — the cat's parabola,image,QmQjzvrvZjzNGiqQhTGsiHeTpb9FmEcjCVWxVySf5FANC1/2439046679443273982118864381573244666659869289,previews/e97db658-5ee9-4ddb-91ac-cdaa1e5b1363/1692861180/_unique-previews/105,ipfs://QmTMArq5qQJsJcNyLPoHKDhDZAaLEkcJPt3Lxk8iHczDdV,previews/e97db658-5ee9-4ddb-91ac-cdaa1e5b1363/1692861180/_unique-thumbnails/105-large.jpg,ipfs://QmZpLbrZ51BaegiaQu4Z5znv4Ww6gtvwUTeUA74pjZ6raG
0xBb12686c360e9057be3CD031140035A705e19ceC,FeralfileExhibitionV4,Truth,2439046679443273982118864381573244666659869290,2439046679443273982118864381573244666659869290,106,e97db658-5ee9-4ddb-91ac-cdaa1e5b1363,A broken symmetry — the cat's parabola,image,QmQjzvrvZjzNGiqQhTGsiHeTpb9FmEcjCVWxVySf5FANC1/2439046679443273982118864381573244666659869290,previews/e97db658-5ee9-4ddb-91ac-cdaa1e5b1363/1692861180/_unique-previews/106,ipfs://QmdQqtngKtcfmBFnCM1BAow8oFsz2yLV3zHXsqfsntpUoZ,previews/e97db658-5ee9-4ddb-91ac-cdaa1e5b1363/1692861180/_unique-thumbnails/106-large.jpg,ipfs://QmcG49kticGWPUCahWtYWXQgbJwQgjrBQVCRsRa3X59nPD
0xBb12686c360e9057be3CD031140035A705e19ceC,FeralfileExhibitionV4,Truth,2439046679443273982118864381573244666659869291,2439046679443273982118864381573244666659869291,107,e97db658-5ee9-4ddb-91ac-cdaa1e5b1363,A broken symmetry — the cat's parabola,image,QmQjzvrvZjzNGiqQhTGsiHeTpb9FmEcjCVWxVySf5FANC1/2439046679443273982118864381573244666659869291,previews/e97db658-5ee9-4ddb-91ac-cdaa1e5b1363/1692861180/_unique-previews/107,ipfs://QmbDdEV354SUUupjfRQB3vTKaYrxNUo41k8zyWEXDc8hrQ,previews/e97db658-5ee9-4ddb-91ac-cdaa1e5b1363/1692861180/_unique-thumbnails/107-large.jpg,ipfs://QmbKCX62o5F35979XfwB3AgxmCxfLoiRrohHaimnfb8szc
0xBb12686c360e9057be3CD031140035A705e19ceC,FeralfileExhibitionV4,Truth,2439046679443273982118864381573244666659869292,2439046679443273982118864381573244666659869292,108,e97db658-5ee9-4ddb-91ac-cdaa1e5b1363,A broken symmetry — the cat's parabola,image,QmQjzvrvZjzNGiqQhTGsiHeTpb9FmEcjCVWxVySf5FANC1/2439046679443273982118864381573244666659869292,previews/e97db658-5ee9-4ddb-91ac-cdaa1e5b1363/1692861180/_unique-previews/108,ipfs://QmZnv8imjUVVef1WzSz3cbkRh2gpd67TQspSpPzTV4SE1e,previews/e97db658-5ee9-4ddb-91ac-cdaa1e5b1363/1692861180/_unique-thumbnails/108-large.jpg,ipfs://QmfSTJpScGUaEr7rVWQGMvZXUK8PE4YPwm8EjqM3JPZk1E
0xBb12686c360e9057be3CD031140035A705e19ceC,FeralfileExhibitionV4,Truth,2439046679443273982118864381573244666659869293,2439046679443273982118864381573244666659869293,109,e97db658-5ee9-4ddb-91ac-cdaa1e5b1363,A broken symmetry — the cat's parabola,image,QmQjzvrvZjzNGiqQhTGsiHeTpb9FmEcjCVWxVySf5FANC1/2439046679443273982118864381573244666659869293,previews/e97db658-5ee9-4ddb-91ac-cdaa1e5b1363/1692861180/_unique-previews/109,ipfs://QmUC8rZ8LwQDzGDM6zejYV2yUZf8xqHiGzhd953xBfeDaz,previews/e97db658-5ee9-4ddb-91ac-cdaa1e5b1363/1692861180/_unique-thumbnails/109-large.jpg,ipfs://QmVevAb6WsJMDPWx8uyc9BqUb6mMSHq2fdpZKotdTf9o33
0xBb12686c360e9057be3CD031140035A705e19ceC,FeralfileExhibitionV4,Truth,2439046679443273982118864381573244666659869294,2439046679443273982118864381573244666659869294,110,e97db658-5ee9-4ddb-91ac-cdaa1e5b1363,A broken symmetry — the cat's parabola,image,QmQjzvrvZjzNGiqQhTGsiHeTpb9FmEcjCVWxVySf5FANC1/2439046679443273982118864381573244666659869294,previews/e97db658-5ee9-4ddb-91ac-cdaa1e5b1363/1692861180/_unique-previews/110,ipfs://QmYPxKPU6YP74uZn9ee1nk24HUdcZPJiDAijPaFVfQgyuT,previews/e97db658-5ee9-4ddb-91ac-cdaa1e5b1363/1692861180/_unique-thumbnails/110-large.jpg,ipfs://QmW1W4w4NWntFFzZMRjbZkVRZ6pdAQRLDsdTBaRLr2mWrN
0xBb12686c360e9057be3CD031140035A705e19ceC,FeralfileExhibitionV4,Truth,2439046679443273982118864381573244666659869295,2439046679443273982118864381573244666659869295,111,e97db658-5ee9-4ddb-91ac-cdaa1e5b1363,A broken symmetry — the cat's parabola,image,QmQjzvrvZjzNGiqQhTGsiHeTpb9FmEcjCVWxVySf5FANC1/2439046679443273982118864381573244666659869295,previews/e97db658-5ee9-4ddb-91ac-cdaa1e5b1363/1692861180/_unique-previews/111,ipfs://QmaXtU4bcGqPWb3S3AfZB36VjfbftBMZfWTP915VQaSnnS,previews/e97db658-5ee9-4ddb-91ac-cdaa1e5b1363/1692861180/_unique-thumbnails/111-large.jpg,ipfs://QmWmqKixhXC2S9HzUT63Svah96y8BCRmAr76csyyr1rmG5
0xBb12686c360e9057be3CD031140035A705e19ceC,FeralfileExhibitionV4,Truth,2439046679443273982118864381573244666659869296,2439046679443273982118864381573244666659869296,112,e97db658-5ee9-4ddb-91ac-cdaa1e5b1363,A broken symmetry — the cat's parabola,image,QmQjzvrvZjzNGiqQhTGsiHeTpb9FmEcjCVWxVySf5FANC1/2439046679443273982118864381573244666659869296,previews/e97db658-5ee9-4ddb-91ac-cdaa1e5b1363/1692861180/_unique-previews/112,ipfs://QmQhsJ3aefK44bGcvm9iBsrmqhV8arEJAb1UeSLNptrNWE,previews/e97db658-5ee9-4ddb-91ac-cdaa1e5b1363/1692861180/_unique-thumbnails/112-large.jpg,ipfs://QmerDCLn7XwbH4eqAx13mgZCTuvRbnfoK9SngQSh4wXGmc
0xBb12686c360e9057be3CD031140035A705e19ceC,FeralfileExhibitionV4,Truth,2439046679443273982118864381573244666659869297,2439046679443273982118864381573244666659869297,113,e97db658-5ee9-4ddb-91ac-cdaa1e5b1363,A broken symmetry — the cat's parabola,image,QmQjzvrvZjzNGiqQhTGsiHeTpb9FmEcjCVWxVySf5FANC1/2439046679443273982118864381573244666659869297,previews/e97db658-5ee9-4ddb-91ac-cdaa1e5b1363/1692861180/_unique-previews/113,ipfs://QmP6dEL7uZgLVmLh1ADxYpNzBc8uGiAGayMzQAnPnsjtP1,previews/e97db658-5ee9-4ddb-91ac-cdaa1e5b1363/1692861180/_unique-thumbnails/113-large.jpg,ipfs://QmVjLCZfekr4FDUa11BfVcFyEAjoFiJyS1LiJdmZydSk2s
0xBb12686c360e9057be3CD031140035A705e19ceC,FeralfileExhibitionV4,Truth,2439046679443273982118864381573244666659869298,2439046679443273982118864381573244666659869298,114,e97db658-5ee9-4ddb-91ac-cdaa1e5b1363,A broken symmetry — the cat's parabola,image,QmQjzvrvZjzNGiqQhTGsiHeTpb9FmEcjCVWxVySf5FANC1/2439046679443273982118864381573244666659869298,previews/e97db658-5ee9-4ddb-91ac-cdaa1e5b1363/1692861180/_unique-previews/114,ipfs://QmWZa6RNtrdyftN2RpSzWjiNtwHzZSEbJkw4TruHbfGeQ5,previews/e97db658-5ee9-4ddb-91ac-cdaa1e5b1363/1692861180/_unique-thumbnails/114-large.jpg,ipfs://QmRrbKWZvqiMxFA9WVHgXYadtdUK3hXbsHJA8jYn9W3LMF
0xBb12686c360e9057be3CD031140035A705e19ceC,FeralfileExhibitionV4,Truth,2439046679443273982118864381573244666659869299,2439046679443273982118864381573244666659869299,115,e97db658-5ee9-4ddb-91ac-cdaa1e5b1363,A broken symmetry — the cat's parabola,image,QmQjzvrvZjzNGiqQhTGsiHeTpb9FmEcjCVWxVySf5FANC1/2439046679443273982118864381573244666659869299,previews/e97db658-5ee9-4ddb-91ac-cdaa1e5b1363/1692861180/_unique-previews/115,ipfs://QmUg4ZCizKo5t1aKyAVeTPvdqpoRDrEQVTQWtmcsB7NNhT,previews/e97db658-5ee9-4ddb-91ac-cdaa1e5b1363/1692861180/_unique-thumbnails/115-large.jpg,ipfs://QmV3CkzCAagZav983FSs1jKavFYKtGZFxuVh3z6gZuoZx2
0xBb12686c360e9057be3CD031140035A705e19ceC,FeralfileExhibitionV4,Truth,2439046679443273982118864381573244666659869300,2439046679443273982118864381573244666659869300,116,e97db658-5ee9-4ddb-91ac-cdaa1e5b1363,A broken symmetry — the cat's parabola,image,QmQjzvrvZjzNGiqQhTGsiHeTpb9FmEcjCVWxVySf5FANC1/2439046679443273982118864381573244666659869300,previews/e97db658-5ee9-4ddb-91ac-cdaa1e5b1363/1692861180/_unique-previews/116,ipfs://QmUvR9JoKUACbwMGG174GRfeLdzzntV9UNogvPi2wbt4UY,previews/e97db658-5ee9-4ddb-91ac-cdaa1e5b1363/1692861180/_unique-thumbnails/116-large.jpg,ipfs://QmQQbiUpPPNi6zXuUauUw6QEwU7bkQi9NnfgwmRWSasEb6
0xBb12686c360e9057be3CD031140035A705e19ceC,FeralfileExhibitionV4,Truth,2439046679443273982118864381573244666659869301,2439046679443273982118864381573244666659869301,117,e97db658-5ee9-4ddb-91ac-cdaa1e5b1363,A broken symmetry — the cat's parabola,image,QmQjzvrvZjzNGiqQhTGsiHeTpb9FmEcjCVWxVySf5FANC1/2439046679443273982118864381573244666659869301,previews/e97db658-5ee9-4ddb-91ac-cdaa1e5b1363/1692861180/_unique-previews/117,ipfs://QmXM9vmEBBxcVSakDPs2x86854rHH7nGKXw8vEhmJXAANY,previews/e97db658-5ee9-4ddb-91ac-cdaa1e5b1363/1692861180/_unique-thumbnails/117-large.jpg,ipfs://QmTyTqRjRuyNBbuU2ETa9RDTvT9yoPf7wEWjxnG6MaEUGr
0xBb12686c360e9057be3CD031140035A705e19ceC,FeralfileExhibitionV4,Truth,2439046679443273982118864381573244666659869302,2439046679443273982118864381573244666659869302,118,e97db658-5ee9-4ddb-91ac-cdaa1e5b1363,A broken symmetry — the cat's parabola,image,QmQjzvrvZjzNGiqQhTGsiHeTpb9FmEcjCVWxVySf5FANC1/2439046679443273982118864381573244666659869302,previews/e97db658-5ee9-4ddb-91ac-cdaa1e5b1363/1692861180/_unique-previews/118,ipfs://QmUM2ywmbttGTaqJ1CDe8o2un3RYgRfvaV4T23bjY4HcwG,previews/e97db658-5ee9-4ddb-91ac-cdaa1e5b1363/1692861180/_unique-thumbnails/118-large.jpg,ipfs://QmPdgWjrehiV1LaCLQjegppt27g3WREM8NsoiZpytoEg2G
0xBb12686c360e9057be3CD031140035A705e19ceC,FeralfileExhibitionV4,Truth,2439046679443273982118864381573244666659869303,2439046679443273982118864381573244666659869303,119,e97db658-5ee9-4ddb-91ac-cdaa1e5b1363,A broken symmetry — the cat's parabola,image,QmQjzvrvZjzNGiqQhTGsiHeTpb9FmEcjCVWxVySf5FANC1/2439046679443273982118864381573244666659869303,previews/e97db658-5ee9-4ddb-91ac-cdaa1e5b1363/1692861180/_unique-previews/119,ipfs://Qmd9b3Tw1RVwiuSZLxQpNpm2UNseyYJw3aR6zXYMZHL2Ri,previews/e97db658-5ee9-4ddb-91ac-cdaa1e5b1363/1692861180/_unique-thumbnails/119-large.jpg,ipfs://QmPPDEYp63NjiAa6afqhf7a96GKE511mfXiXtHvrY86qJb
0xBb12686c360e9057be3CD031140035A705e19ceC,FeralfileExhibitionV4,Truth,2439046679443273982118864381573244666659869304,2439046679443273982118864381573244666659869304,120,e97db658-5ee9-4ddb-91ac-cdaa1e5b1363,A broken symmetry — the cat's parabola,image,QmQjzvrvZjzNGiqQhTGsiHeTpb9FmEcjCVWxVySf5FANC1/2439046679443273982118864381573244666659869304,previews/e97db658-5ee9-4ddb-91ac-cdaa1e5b1363/1692861180/_unique-previews/120,ipfs://QmTQQ28EWAaZFK27ysDJuVYYdgQokaM7WBQLFXwv5D17Sa,previews/e97db658-5ee9-4ddb-91ac-cdaa1e5b1363/1692861180/_unique-thumbnails/120-large.jpg,ipfs://QmcmizF4UqwUfF2VLvyn6mp4iPCiBWMtGfBfpBgfKHL7T3
0xBb12686c360e9057be3CD031140035A705e19ceC,FeralfileExhibitionV4,Truth,2439046679443273982118864381573244666659869305,2439046679443273982118864381573244666659869305,121,e97db658-5ee9-4ddb-91ac-cdaa1e5b1363,A broken symmetry — the cat's parabola,image,QmQjzvrvZjzNGiqQhTGsiHeTpb9FmEcjCVWxVySf5FANC1/2439046679443273982118864381573244666659869305,previews/e97db658-5ee9-4ddb-91ac-cdaa1e5b1363/1692861180/_unique-previews/121,ipfs://QmWawGkZ8Tu7ygxEcvLW6iDwYyrj3VTyhci2Y3TokiKUuv,previews/e97db658-5ee9-4ddb-91ac-cdaa1e5b1363/1692861180/_unique-thumbnails/121-large.jpg,ipfs://QmUjeeH6rPKB7CThocHd8G5f3Nu9YC1fXUbqNL32YnK5Fo
0xBb12686c360e9057be3CD031140035A705e19ceC,FeralfileExhibitionV4,Truth,2439046679443273982118864381573244666659869306,2439046679443273982118864381573244666659869306,122,e97db658-5ee9-4ddb-91ac-cdaa1e5b1363,A broken symmetry — the cat's parabola,image,QmQjzvrvZjzNGiqQhTGsiHeTpb9FmEcjCVWxVySf5FANC1/2439046679443273982118864381573244666659869306,previews/e97db658-5ee9-4ddb-91ac-cdaa1e5b1363/1692861180/_unique-previews/122,ipfs://QmdVtDo88kKvrvawS5WMXV1YnCUTmR5JReWAopdfcboHQ6,previews/e97db658-5ee9-4ddb-91ac-cdaa1e5b1363/1692861180/_unique-thumbnails/122-large.jpg,ipfs://QmcfQ5th67DfxbtWuMriAwPwYZXQZVd7ksXA7VXJcZjc9V
0xBb12686c360e9057be3CD031140035A705e19ceC,FeralfileExhibitionV4,Truth,2439046679443273982118864381573244666659869307,2439046679443273982118864381573244666659869307,123,e97db658-5ee9-4ddb-91ac-cdaa1e5b1363,A broken symmetry — the cat's parabola,image,QmQjzvrvZjzNGiqQhTGsiHeTpb9FmEcjCVWxVySf5FANC1/2439046679443273982118864381573244666659869307,previews/e97db658-5ee9-4ddb-91ac-cdaa1e5b1363/1692861180/_unique-previews/123,ipfs://QmZceZxP6GQfNgpshNJ9k88aVqRTDhNwfJ7kVnbpNamNAg,previews/e97db658-5ee9-4ddb-91ac-cdaa1e5b1363/1692861180/_unique-thumbnails/123-large.jpg,ipfs://QmYkiRhqUzRW8vYjtUEoG7kwpY7XyW43TCEGuBkvdzEBXA
0xBb12686c360e9057be3CD031140035A705e19ceC,FeralfileExhibitionV4,Truth,2439046679443273982118864381573244666659869308,2439046679443273982118864381573244666659869308,124,e97db658-5ee9-4ddb-91ac-cdaa1e5b1363,A broken symmetry — the cat's parabola,image,QmQjzvrvZjzNGiqQhTGsiHeTpb9FmEcjCVWxVySf5FANC1/2439046679443273982118864381573244666659869308,previews/e97db658-5ee9-4ddb-91ac-cdaa1e5b1363/1692861180/_unique-previews/124,ipfs://QmQWWsj68mGSqFPcvUG7nSPuRM2y7SvVNhhtSF3FoYVQNS,previews/e97db658-5ee9-4ddb-91ac-cdaa1e5b1363/1692861180/_unique-thumbnails/124-large.jpg,ipfs://QmWfr3MBdERtD5MoFxMDKS54U3ty2c48QLVeYqryTaocou
0xBb12686c360e9057be3CD031140035A705e19ceC,FeralfileExhibitionV4,Truth,2439046679443273982118864381573244666659869309,2439046679443273982118864381573244666659869309,125,e97db658-5ee9-4ddb-91ac-cdaa1e5b1363,A broken symmetry — the cat's parabola,image,QmQjzvrvZjzNGiqQhTGsiHeTpb9FmEcjCVWxVySf5FANC1/2439046679443273982118864381573244666659869309,previews/e97db658-5ee9-4ddb-91ac-cdaa1e5b1363/1692861180/_unique-previews/125,ipfs://QmNtiyyPzt2CZNR2rUBFqeN5YUr2C6R53SQwZoJAzvzpfB,previews/e97db658-5ee9-4ddb-91ac-cdaa1e5b1363/1692861180/_unique-thumbnails/125-large.jpg,ipfs://QmQnKSYb8g4yV6yh4c3xMcTDchQ9PSCUAjcJkMgxVH4bUW
0xBb12686c360e9057be3CD031140035A705e19ceC,FeralfileExhibitionV4,Truth,2439046679443273982118864381573244666659869310,2439046679443273982118864381573244666659869310,126,e97db658-5ee9-4ddb-91ac-cdaa1e5b1363,A broken symmetry — the cat's parabola,image,QmQjzvrvZjzNGiqQhTGsiHeTpb9FmEcjCVWxVySf5FANC1/2439046679443273982118864381573244666659869310,previews/e97db658-5ee9-4ddb-91ac-cdaa1e5b1363/1692861180/_unique-previews/126,ipfs://QmeVH2BXgDDXYRvJhJ9TacBiNjmUHrvYSKUwJq71B97Eui,previews/e97db658-5ee9-4ddb-91ac-cdaa1e5b1363/1692861180/_unique-thumbnails/126-large.jpg,ipfs://Qmck3XqJEVfZF7aVHtXh4ihnN5Z4ANcUDiffxeL1JZjU9R
0xBb12686c360e9057be3CD031140035A705e19ceC,FeralfileExhibitionV4,Truth,2439046679443273982118864381573244666659869311,2439046679443273982118864381573244666659869311,127,e97db658-5ee9-4ddb-91ac-cdaa1e5b1363,A broken symmetry — the cat's parabola,image,QmQjzvrvZjzNGiqQhTGsiHeTpb9FmEcjCVWxVySf5FANC1/2439046679443273982118864381573244666659869311,previews/e97db658-5ee9-4ddb-91ac-cdaa1e5b1363/1692861180/_unique-previews/127,ipfs://QmTS2Bx2qvcxtWx4UYx55Zq7PXZjYnKmGPqK5yGtDkHHBp,previews/e97db658-5ee9-4ddb-91ac-cdaa1e5b1363/1692861180/_unique-thumbnails/127-large.jpg,ipfs://QmQZgudhR719dXbrMkMeP6bYcfZWFsZpPPU44Kf13A7XSz
