edition,token_id,old_metadata_cid,new_metadata_cid
0,67769679953894571193796202344826209057109739616313774406661493655584228252347,QmNssroEWGieKp9bzAjjPnCZXr6vT5QRDtFFTVSaZXoDAG,QmbGJbtLHXXFTpt5vCRvEGdr3bhoAyc8wv72Nab5sovbdn
1,67769679953894571193796202344826209057109739616313774406661493655584228252348,QmbR4u1XzDj36do5RAPWBo3mjwyQNN9ebxxhSvHRYh2tAe,QmPjNNjigQix98qtCTJR7NJWwPV3j3B7EpWwhp1ZH98Gis
2,67769679953894571193796202344826209057109739616313774406661493655584228252349,QmWtfN65QFFgMo64LJCSt9hrzEov7fPLXwicvvhhArwsjY,QmNR99RduWaDf3XMFe7sAndmbHESgt5xiBjXRE2XFVAYvk
3,67769679953894571193796202344826209057109739616313774406661493655584228252350,QmfQ1rvuMsB68qHTwhn5LiLfv9aCRJadJnevehKLM2qUUY,QmZvZiZnimv5Ckwqmo2GBfM3NPMF8y1KepV7k7YD1z793n
4,67769679953894571193796202344826209057109739616313774406661493655584228252351,QmZox94QffuSiBf6MaLU8h6raeSusSG2gFw6ePqMAYi7rB,QmfPkKyHtdGTpR97reK1WD75xpmZnuLeamjSSa3psY4Mnn
5,67769679953894571193796202344826209057109739616313774406661493655584228252352,QmdMuP6JKnteTmj4Erx3VtJqtLTm7LDdrgzWfotAadhzEY,QmRaWpnB57NAPcZVVJpUnKX9J7u5WAeJKr6wSMwvLf4tJg
6,67769679953894571193796202344826209057109739616313774406661493655584228252353,QmfG9K6wZcDnhxV5tBmNTDD5HDQef2x6wnqU7AovTNsPYW,QmZzVVaiiRjza8Y7kncuPkLFFKuKJip42d242vSBGpccQS
7,67769679953894571193796202344826209057109739616313774406661493655584228252354,QmaZfJ6nHzSxKSrjuTYwPhMwCmFHW6mZmvh8MyzwsC22SW,QmXzPT62JSa7VrYheodsGt8Egk2tRHA9fVaZj7qBEudsqS
8,67769679953894571193796202344826209057109739616313774406661493655584228252355,QmawfdvfuxoUYJRZsAyFvR1Za1osTac6zB3yJR8LLXK23B,QmT3j7fQDG59yoSRDzJYwMETbE4PKzGJ9E7aw291UR3D3a
9,67769679953894571193796202344826209057109739616313774406661493655584228252356,QmbQpVKR1h35qhXDeSc9ADhEFPhrZvFZ2WDMeBNkkehX9t,QmbXojMdFAiqD3fSNrDuK66BSYWD1NDrRJWknpP73nPTqH
10,67769679953894571193796202344826209057109739616313774406661493655584228252357,QmR6GyLVRCcyRF59oCDTQSamo2aA6RFukdPGRay1BNnxhk,QmUAqTEMkYd3k67RQ74qKHgz4ZCTAWNSGPuuEZBP7fPun2
11,67769679953894571193796202344826209057109739616313774406661493655584228252358,Qmcdu8bc1HsS9L4WF93okufq2yVcE87tHoEuGzD1q12rvg,QmP6UdqYu6DDQoyeUB8oej8cETF1Xnr1vGfKTwNhqdeJSK
12,67769679953894571193796202344826209057109739616313774406661493655584228252359,QmZBJRq27dMwZz5YdAVkFtKWZsBtj13jWSUWmQB6t7gyPZ,QmYvz9potvPFvb4uue1reg5E6UfH9s4TpwhTDHddLuEQmz
13,67769679953894571193796202344826209057109739616313774406661493655584228252360,QmQSFEpTk9gpLQALgr3AX8KGnJo72W9AVnc4W5kbyoHomQ,QmbjskwEakzm83coSoNXpX6y4GK4VnRR8JWa7y8jjoEAA8
14,67769679953894571193796202344826209057109739616313774406661493655584228252361,QmPWcMaLrZiieQHWWvtZmk2ZVH6v2SwG3fdjLu4Q8iAfgb,QmTrXv3tr8rrxSAPxicVk4sPnuCTdWz2qSWjy3B75xomUM
15,67769679953894571193796202344826209057109739616313774406661493655584228252362,QmaGXNyDt5KkT1Ad2wAyHLkX4EWM2pgsZZ1G9zHwEhkm67,QmWYyr9ZwwyhNvU2PDuwDUFF5rd1BQGCfL57RfNspAPha5
16,67769679953894571193796202344826209057109739616313774406661493655584228252363,QmWdGk7GaNiXo2nFrVGMFxtV36BUCcvSe3rp559ScqrE1j,QmSrJKb1AhCZ6jpt1AdEyS6ydEmnugbQp37WUqAoEdfGMP
17,67769679953894571193796202344826209057109739616313774406661493655584228252364,QmbRMX5GvV7ytPeRqZVsai4jPmc4KeeE9KC9sytqfF8thr,QmaUCnPt2VPQD8spNY3eTv6J1FEXB9aEE9hGBd1mymYJjJ
18,67769679953894571193796202344826209057109739616313774406661493655584228252365,QmarvDZwERJXDHyPHJA5GfQjekGmN4ean5DS7UGCAHr4B1,QmSdvvmAeKo9xmirUgmSugvyZPpudKL6DvDGtTiuwxP3bj
19,67769679953894571193796202344826209057109739616313774406661493655584228252366,QmYceFKhfUKxGeb7QKpf8ow3TpQ8xZqe9EA4akP8GAv1ev,QmWjuSG1agZWQKdUkpaiCx9iWsPrnHcBPQPta2Sc3saGj7
20,67769679953894571193796202344826209057109739616313774406661493655584228252367,QmRLpPuTZtHp6qnbViNgk5AbuQag2YRkaY8bVHWi9Q7N6Y,QmTfRF9v7SKJ3cmpUUPLhyuFC1HhmMHUNeeTpjyLhEZuCz
21,67769679953894571193796202344826209057109739616313774406661493655584228252368,QmYd73DQ1aDbB2xrTq2bxXPBxeDENZwYPmwN1grVwPrxkJ,QmUZdathT5jpVSMtGnrAgtkFarqUsnacjjxffDrr1LQy22
22,67769679953894571193796202344826209057109739616313774406661493655584228252369,QmdpS7RgzNhQHFmZM8yuo6dBEdFQep7EmMAWLZBp6sJFkK,Qmbx2D1U1NNsFbj1s8o2gzNzjjiHG5XPGidTft1EhNQx6y
23,67769679953894571193796202344826209057109739616313774406661493655584228252370,QmfZZzPLderGNPSXSLTZAGvAMRx75MvhPTRcLkeJghRbyR,QmaT4p7mxXwgM8fzLmNfZuoYK3vz9KGspyEHJ3x6iT7LGb
24,67769679953894571193796202344826209057109739616313774406661493655584228252371,QmY3RfVLQYDbKjAsag3rmk8Ssq1cnf45gzGh2qt2Nr8oXg,QmSGjmmDhXmMVtjkAXfJBYy99es4S1YEcB7zexXTARRWkL
25,67769679953894571193796202344826209057109739616313774406661493655584228252372,QmXzFF3JAoUS8oSJNFcin7EAHVtptrrxxSoL75kJWeNk1n,QmRMnAk3DzX11vBdYP9r9Vi7geiwN2GNT2r3HQ3b1J2HQP
26,67769679953894571193796202344826209057109739616313774406661493655584228252373,QmToDxMmtQBqjpss9ukUUW3vE68bXgEk2aa9GPTMgLprwE,QmQ2QDHU2hakBf1a9DkTGyV8KcSThMBxGeioNfyL5ZHgVN
27,67769679953894571193796202344826209057109739616313774406661493655584228252374,QmUocpYcu5d9nLBms2fxUHTAmWPXTg8pjDefQkXhkC7xph,QmQtLu1cJqHwJfrjZj8wtZFuPJbPTzSXCLDMbBnLCd46AU
28,67769679953894571193796202344826209057109739616313774406661493655584228252375,QmdfwRC2VpG7gf6UG52KxGxdZ9oBeCbVefDDjS1A5ffLs7,QmdeZq2TfkC3ehfkSqL2Tnhhhs9Wd5ADsJ4eG63e4yKKTt
29,67769679953894571193796202344826209057109739616313774406661493655584228252376,QmcBcjMBYeWAUJbqLvQ78Sh6XvHsfcJ8JwGBSkoNmd4ykz,QmSnv9XeUpMVEN1yEfoEk3UtgQ7taY5Lt3XJ1qgtHkH1Kj
30,67769679953894571193796202344826209057109739616313774406661493655584228252377,QmeWrhLe5LCc1x7Y43pW56PcGYoaPyLH8GoTYkqPdyp88m,QmUvpxvqeHMyBxbs8BKpzbR2mp6PNSWbufrKShXdAofQVL
31,67769679953894571193796202344826209057109739616313774406661493655584228252378,QmcqHFjuyAdVuoBm2UzEpYQxoy7DJSL76FkBhGipQ2Luux,QmZYY694LAchMXhQ3GzRrmrkDbMEFV4H7pbKUKaJKMzSe4
32,67769679953894571193796202344826209057109739616313774406661493655584228252379,QmZ92ffAUs1VnsuWYCKcnZ7CyHB5myZpp5dVpn5aFAgth5,QmPQrypFwPxBZxnwMT1GGfHrzhrQfAibkhqmpNBBRta6Ne
33,67769679953894571193796202344826209057109739616313774406661493655584228252380,QmT47hC6F2ZRnQFG7pGjgV2FhHo2jumsf55ddfjHjwK5fJ,QmYnBWpXCcUJHn47mPXE1zwDxjfFUydso7K22nJwNqRgLt
34,67769679953894571193796202344826209057109739616313774406661493655584228252381,QmfZDojLdwAzBzH8cnnuPQ8XzFXp13icJJsNttXGpavNF9,QmXbZ54Mgh7DnMzG6JaNyP6et8zHDyUZ6xiib9xSaconnJ
35,67769679953894571193796202344826209057109739616313774406661493655584228252382,Qme79pVTeDnQWdzxFFPPufJQwsf6HzhnxynVckXWBnQitc,QmW1zRm3cupydmbrw2JDKTAbeBLEbst1WDQYyMp6BJFeCq
36,67769679953894571193796202344826209057109739616313774406661493655584228252383,QmWd5gFYeVC17zzXsM5SRdXZQ8YN19Rpi7GGj72dEw4Ap3,QmQoRyYG2d4m79pui2iQudB9KgbocNgn2hmfa1VVvrsc6G
37,67769679953894571193796202344826209057109739616313774406661493655584228252384,QmZNE5VPo3d1qd6osDPVX8qy4MHA2F6sfzsy15E43dy19H,QmSrAxPjHrsjYa21VTqKzgkg8str69CrtLiHqEW2kALbn5
38,67769679953894571193796202344826209057109739616313774406661493655584228252385,QmQdGcL5gGhw5ZGMz8Q92W1c6RV2n4i8ewh1UEdgsqUjGy,QmbVgiyXMMETApejKCoxhF92GkPHcXq8N8QBMCeBUR7bov
39,67769679953894571193796202344826209057109739616313774406661493655584228252386,QmdZ3SYiH16Loa9awbNwvAVKG9h9TNzd5hZT83C5Tb4SFA,QmcStn7JMNyqvvW7McYzwV8NZ8vpKe51qjkyy5Pq8Qz2Ty
40,67769679953894571193796202344826209057109739616313774406661493655584228252387,QmUybvM5ZLskeevWRnrZ6zPH1874uj2rnk98XEknRXewZc,QmVTzeVDqJ9RSn2LMrAWEkK5tFFrW4hfh4wfDYch1ZVTuH
41,67769679953894571193796202344826209057109739616313774406661493655584228252388,QmTdTHZpZLN9GGg7dVid3CsXLKveGHGjYNjf32rR6qiBRJ,Qmc9iYQx2vB3HkFqrzPx2xx1p74nNCPuZcUSu2ChqayHjx
42,67769679953894571193796202344826209057109739616313774406661493655584228252389,QmeaHQyUQpz6uemuiQZBMSiGbLoMP3oR6ymrK1x77YbksV,QmWo9exWNRhh2dn7HjEqoJJ2eDiwStSPYCFnmnrcZtuaaK
43,67769679953894571193796202344826209057109739616313774406661493655584228252390,QmWjuYenPw7eLcksR42gwqZHp6Xa5pyZeAVNm8vnWfoGk2,QmTtCnYv8KYtFqbkSLjjaRjfL8Tg9uFgVhGUQtNmoMzZvR
44,67769679953894571193796202344826209057109739616313774406661493655584228252391,QmWyTFcp9ERtoBDNaJmf2kfYYRwt87z7ErEvRZ87J1Rnn3,QmNSqn15fvoAAtuYnDsTCfFj1o2z495LmYxd9vk4rqykyc
45,67769679953894571193796202344826209057109739616313774406661493655584228252392,Qme4BNhqXoLMPcp4qnznQt2RKZZs46Y2aGoBT9GaX7HRRq,QmT6xdwdC2Gjp4sbm8fb9bwgHb7CG98kmqD5pQg2oGN487
46,67769679953894571193796202344826209057109739616313774406661493655584228252393,QmahUs7jT5aB3Q8u3AffBHSpry3yZwPP33CzCXS8obUH3j,QmYYBJkFEB9u5pmfxqfbYsdM8pCpwXmN9T7RNEMVv1zRqT
47,67769679953894571193796202344826209057109739616313774406661493655584228252394,QmcLqS8dicwFT2DmCyRsjpYxiQE6BL6eyYj72jnyNrTeH1,Qmc8WQ3TGJhSAPrUmyhKo6tkZcQmfvR67chAMEmYmWQJEF
48,67769679953894571193796202344826209057109739616313774406661493655584228252395,QmSUDGXbF8SpDchQQEB5s9P7JtuwbTK4etr2B3KhUSkDJg,QmY35Pkra9P7qkMbPYSWDpE61rVmkBSz4VWMuTXVSzDyAT
49,67769679953894571193796202344826209057109739616313774406661493655584228252396,QmNq5J4UX8GevFbiH8i6bnLM5utKu8H3NqcpCT7FKp6QRm,Qmb9trETxfDG4vsfRUaEpTnR2e2fprVgc7fndKDytyK7Uz
50,67769679953894571193796202344826209057109739616313774406661493655584228252397,QmbgYSdSSXaYdYqHXDB4AzMsHj6UPwLSd4JAvM32xZ2ZzM,QmbizLiXjZq2UVfjva5TQoG9qKk91brNV9gjWvRXzgmLy9
51,67769679953894571193796202344826209057109739616313774406661493655584228252398,QmRu8zaTtmK35ym2HK78jco9vxR4JRU2adfiRv9tNtg3ox,Qmc6S9hyh1PDz1GU5MqymVNuSty8or2fkua6BgqvQbq565
52,67769679953894571193796202344826209057109739616313774406661493655584228252399,QmPGFgTvAhTjFK3Lq8JK3kYsa89rREVGDy17iTyNMdBKQK,QmUcLsvR6Ky5M7BhbD7NouRDs8rvQ94RgwoJEYQGLGHqYv
53,67769679953894571193796202344826209057109739616313774406661493655584228252400,QmT7BnMybi6jg4V382EFfLvjYG88hYL75rqXsRCxzGxZmf,QmRpNzDAwYTy2dD437mokzz7KwQ7P5GAZNk64A8GBhxbG3
54,67769679953894571193796202344826209057109739616313774406661493655584228252401,QmZ81Tc1mTCH6dgqKW7j7XKQomcKoEiBBTyTJ78U91cd5s,QmSYs5N5Mi5cQHwatgxRw5STkHJs3zVbq38mDsT3rKUVxG
55,67769679953894571193796202344826209057109739616313774406661493655584228252402,QmXNLNVUgTj1zn4VydMRM58ZHdmzHWmNooZNbbW3jHFUhj,QmXvs47ZK69WhhJo77JQKnGX2hkGEVauQ4gQmaMaxikCbK
56,67769679953894571193796202344826209057109739616313774406661493655584228252403,QmWo2tDsiXJLM62r3Uer3vmxRxBYf6atjGY8xXayMo6rrY,QmcFtBBreyXt3xCkzYjgAouFkoaZpYJ6HL9MvqtYeCRPqW
57,67769679953894571193796202344826209057109739616313774406661493655584228252404,QmZKSpWYeXnH9wBdNw2HmAX2uvyjekemuMjDXqysKAz3ds,QmdmnAiAWdr3gg4KsV9CzevLFotUos4Uex5KvoJCGcSTW5
58,67769679953894571193796202344826209057109739616313774406661493655584228252405,QmdGqBh4zV6P2rFzbpp9gdjLYed1XVqB3h6hjsMRRLFoM4,QmSeEkakA9xzDuteN7rKJ1AiFSaPKEcWAnXKqVGtZ9vFf8
59,67769679953894571193796202344826209057109739616313774406661493655584228252406,QmaRmULnZYJSsNRhnxSGjX5ezBBUEhz1WhhhHyqf4F4YZQ,QmQGFcwxzzxKHHHofng7VG1SfGtZpvcNeK8NWZoS1hoUTR
60,67769679953894571193796202344826209057109739616313774406661493655584228252407,QmaUueafKaxhohiibBcJGfDCh14ozzPdJP99hFNXRKfm3w,QmY9ezZ1HKLLDHMxWgNPasJuxa7znd7J8nPxzbwHpq17Ub
61,67769679953894571193796202344826209057109739616313774406661493655584228252408,QmZpceUFkttPHkh5FhJt1gFgU5PAcsbus8CUEJ74AsWPVf,Qme6826U2kEZJ3RqqBC4d68d12CLJWRYTcPzh4yRMkYWwf
62,67769679953894571193796202344826209057109739616313774406661493655584228252409,QmWy2T5UKunAQ84SYLB6iGhxdcR2MMpSfyBYngGH3QTdzq,QmVQCAREFPLFEwXcKxL91DC78db788Swx42PLhaT98Hm6L
63,67769679953894571193796202344826209057109739616313774406661493655584228252410,QmTTvTJJYsNTECpDsE1CrYBQH8SHvWr3xWkpXSmjgAGmCE,QmSVfikXmFvzwBviqPRm6Rm6f4tWiCtpS61JrRjENwS6tj
64,67769679953894571193796202344826209057109739616313774406661493655584228252411,QmZ61i3kT9NozuWdYkWkXEoQDtnpAEGgg18v6erRzTN2TG,QmSgMKExeZ7wEWaivUZcw8kdk1DAEDR7t2dEWT254L8SCr
65,67769679953894571193796202344826209057109739616313774406661493655584228252412,QmTwaXGvbfstiHr1V26wSW8RfykXPzLQ3gxybTM4rVQwMG,QmZKPXPUit7SNHwBTcoTNXNt2ZM3f7DTXNJpwV2cHu9AZk
66,67769679953894571193796202344826209057109739616313774406661493655584228252413,QmaWcuaPb8CrLyQzQC2XSXXEukDnKt8kN8Va6ZqPpv3LoS,QmbPwwQKE2TmpMDcGVcoE8KNZmcMtHAEyGKderp6ZmTWxg
67,67769679953894571193796202344826209057109739616313774406661493655584228252414,QmP4FYPh6zQXXUSCMULHvsJCJxkcgigazsssjXPwtNeAVU,QmYFzT2AdV7i3KdTPS6DGJvt3viVUniaPP3JBxsYNWNekC
68,67769679953894571193796202344826209057109739616313774406661493655584228252415,QmYyDdPUnJ1yArJqc7DLGyEt7ecSBcc6fN6CXWaKis7mm9,QmP71kqNLpwxk5oqoCp1yMsRotTTpijZgJQ8URHWSRuvFe
69,67769679953894571193796202344826209057109739616313774406661493655584228252416,QmZT83L53697Go5TvXrS3sZMsRFV68wzZEAhdfiDojTWzN,QmPyw899pAxBd8EVMP6YtqFRWDczULzjGLW9Btah47EnaH
70,67769679953894571193796202344826209057109739616313774406661493655584228252417,QmWhwRw6PPXpkWxALBe7rDrmRGquUH2fKkW8pevLhnXRRL,QmTj5UtGY8pV3T5Pi54Fo9tyRugvNmy2R19brFSWmqXPJ9
71,67769679953894571193796202344826209057109739616313774406661493655584228252418,QmcrZ8q3TiLVdBmmEWH6XLpMhkYUb9dWs6e4FnZb5wdE5m,Qmcgc8Gv5qMWipBnkty8V16ia1gn8Rpn4TCCaRTiWDL6Mx
72,67769679953894571193796202344826209057109739616313774406661493655584228252419,QmZN2QyJgn3smeXqUg6Nv6cWYVY9J2JyX3pANKK7yxtoAp,QmZJ8mLvkpCPi8ndbZZN3wRcU1gxYqHHqvQCeejuoeS4Ct
73,67769679953894571193796202344826209057109739616313774406661493655584228252420,QmZiqMusBfTaHsYyyhVkJtn1Gn8JCEDfKt8PxwErNYaFoT,QmfNFXgHDgpxX1fUMdypdgbaJPbYAgsxiVEdYzGdP1XFKL
74,67769679953894571193796202344826209057109739616313774406661493655584228252421,QmTuZ3iV239eF5FHvyH1NA8MLGKsAupN6oJ4Q2K327RxEC,QmPxPamCSSsjbWanAs3yNFr4rcPHiPmnmEYAtykTvqD3mM
75,67769679953894571193796202344826209057109739616313774406661493655584228252422,QmPdZKgahSjdeBpwdEqA8VadNV2E3oS84VG2piRy8otJT6,QmSrCytzdFdocXJXhNWZoEKhi4kNxhUV4i2KAWZxTNV2iV
76,67769679953894571193796202344826209057109739616313774406661493655584228252423,QmbdTFN6QBtbDz3NA6ovf1G1QB6JSCqxpJMi5xjSezNvsM,QmSPrBiRUFjhzXWHNZatyDLCh8ozWSD3mCr5m518Q8YPUd
77,67769679953894571193796202344826209057109739616313774406661493655584228252424,QmcbEWK9hVaJg19ru4YdABxj1SpNu1BW4PiqeEs7nhYpZ4,QmW3FBfBBgqJfx7VESoFyPrw74GTzcduwhGSCmgdpTAJfz
78,67769679953894571193796202344826209057109739616313774406661493655584228252425,Qma54sVz8zyTpriCYQz6tGXpbS83kzgN4bvrDH8tZJ7L8n,QmQhXjDE215nUAx7WHpqAikSeacDdvmRUPNoFmzzgvYc8T
79,67769679953894571193796202344826209057109739616313774406661493655584228252426,QmXdHFGAHs6ZzGbsLTdgp5zN7TP91Ncyizs8R7Zb6SjpUr,QmenyK1T3UpNSRZwzAVhwjWByRJhk8EpzBNjnREGCZE5nx
80,67769679953894571193796202344826209057109739616313774406661493655584228252427,QmNoPbgiu5EtR73EqxRiCdrzkg2X3fJdNkPP3JritEZpFk,QmTaEg5yaXamfGe1sK4r1H9sqXyzRr5kHGj4gDbdXvrL7t
81,67769679953894571193796202344826209057109739616313774406661493655584228252428,QmdgDnLmE9hFqazPBuCvVfP7fwtEuXTBqxD7fAFVMWZTgQ,QmTTnKPMvD3XKL2s2swZuZserX5uScs2jWph4wpa3A2hAK
82,67769679953894571193796202344826209057109739616313774406661493655584228252429,QmeSixCbYAy7jab13g4sXyKQmNVet6ACg2RzGk1nuAr6Da,Qmcn4Ez775ho33nF5EhRLDQNV3arQPeUcrJKVQEaAjRVcB
83,67769679953894571193796202344826209057109739616313774406661493655584228252430,Qmapz2VV86yn5wFdQ2N5pyjTxyBhAPzqKW5aMxb1ZgAvin,QmYaFUz8DctzvnhptU9Tj5XPFABRA6hFSWqgHvQyzWnjnJ
84,67769679953894571193796202344826209057109739616313774406661493655584228252431,Qme9Vzs3JagF9FgfmPdAmYwSSU6yHVZW8pEWPyAYQhrShr,QmY2z4F9Gr9buttEToJ57zqUzB5y2x5eeASTvfBCdFkASu
85,67769679953894571193796202344826209057109739616313774406661493655584228252432,QmbQ2A1m64X3ZaKirU6iUtYU6ru1wHGgB5DznmqRsa9G13,QmbfQdA8ixBQcUa5cA3TT53uJjsyyi1WHwtdtH6TLQbBY4
86,67769679953894571193796202344826209057109739616313774406661493655584228252433,QmbrtY8c3kcPLhzDPUVkXmCksgXVdQ9N2MZDYkFKW9mzw7,QmRyv2JKEDwmfE5Gh4kgeXqdS5GsYrQd1qvHNE4CRRzNRX
87,67769679953894571193796202344826209057109739616313774406661493655584228252434,QmZCChzVkvgrN864pFQgWu61tHrnhwWLT8CTQg1TzrW8Dx,QmRedhHVVTGvN6SEp89kwLCd1m8JvfVpttKknpZapttYAr
88,67769679953894571193796202344826209057109739616313774406661493655584228252435,QmXUaLrTvcsrts8JX9DVj7i4x4qiEZ4h1SqVVpodknTemy,QmULWGRN1wcRdC2HhFz9qP7SEyjhkzjkDpL81tjtyuRzLi
89,67769679953894571193796202344826209057109739616313774406661493655584228252436,QmSt8w7cA8tYyerUsyq8ahuReYE38mkJFDLQmRWvVfki6P,QmPW8KxaGK6kP7y6erBE8TcDo5C8sJpqc8urcr7zTkJgA8
90,67769679953894571193796202344826209057109739616313774406661493655584228252437,QmTqWf4aYJYvFPfDjUW2GzXnvLyPczp62H5B5HA9gJQ2gU,QmSgwDCmUx7YB3H2DShYdAZxY1AxGutysPf2t6m9QF4EQx
91,67769679953894571193796202344826209057109739616313774406661493655584228252438,QmTw4Fq2hps7GE9GDzhi4o9357bbQvHUqJhqEHkUce2B34,QmRLtgmdWwDKWBVeF1e2YVnKkyw4kNTyQ8E6uDLCb4Pxy5
92,67769679953894571193796202344826209057109739616313774406661493655584228252439,QmUSiWRkqE6kRNDNQvUYrTArx9A6Bb7AXiRxb4r3AK2SG9,QmSabfD7FZGvuPZoyBxumLSnReaugLmwFJ2XhGZiRCY4ao
93,67769679953894571193796202344826209057109739616313774406661493655584228252440,QmbirdqELkWziEHEPQgUYakDGWFRNTneT43jHbRx6XttcK,QmX2neQd5DsDn1k2pfrgPiRtGbgnyPge2xsBaknSxD5gKT
94,67769679953894571193796202344826209057109739616313774406661493655584228252441,QmNUcDxyh5meRv9AgnybfAKeBhsTnQcQ62tHqimFaF1ADV,QmZrLFQk2dTAa8EeaK43SaBUNDtDJ17Jaf5zGYdkaGgN5n
95,67769679953894571193796202344826209057109739616313774406661493655584228252442,QmcY5nKwPqyc6XoRZoPdZKJKyNZw4n2PXDfWqQPsT6iWQT,QmSpHZr7fwbv2MmdMFFujMSA8gg5Wk59rNcsY6o11Wgnqp
96,67769679953894571193796202344826209057109739616313774406661493655584228252443,QmSSEm5CkndjAE3AKHiTt3qJmPiQ7BCLUvtAvm4az3QD35,QmSwWsy1TbWLj6sDk54giXqnJ9TfKqWr8Qoykf9PCDibWZ
97,67769679953894571193796202344826209057109739616313774406661493655584228252444,QmYZkDVkGSQ5mKH8RY2ULUdZmN1BwL2c5Sns7PmJ8SLrdt,QmUaqaUg2Fa5XsgMtt1U9cxmnexHHMBvkbeZPWB3jHyHWb
98,67769679953894571193796202344826209057109739616313774406661493655584228252445,QmWZ8sqrH5yV3BHk7B4ERzrbEaE55L5RbVvf49kSnRFfxH,QmY28cbE3UPYXvJ8bDJ2Zv8irU8ktVxGkkZh7CkuVfkg7i
99,67769679953894571193796202344826209057109739616313774406661493655584228252446,QmYuCADWQakpXaeQP7ABHbajCNbn7Y2NgLhZ4SxnTJoQyt,QmZvkCXRZF7kar6bC9HTcoUSTH5E15hXxxGmB9iCkY2Uqh
100,67769679953894571193796202344826209057109739616313774406661493655584228252447,QmZmq2sWzp9skmUWqfHDFQoqr8Laj3eZ9mzTiRUF5GbFKH,QmTwLBc5i1hctiAXWvZcEnxQCjbVy7PKiwnqxXFNqY6eqF
101,67769679953894571193796202344826209057109739616313774406661493655584228252448,QmeGtq2HTmGcgn4LFf3V6xP6KvFPyDrvbMVs4rJ2KVyWD5,QmYAPgGBSHoZhTtKLE3FLBx44AoPcvvv4k6HsZbGMvNXRe
102,67769679953894571193796202344826209057109739616313774406661493655584228252449,Qmf2y4Vds4cYwyYw7P4wYGsGWGf8YMwyNs41JiBp6kYtAn,Qmd1opirB3at2xMeh8E7fVAdUo5UjNYFagyM86vSVpFPRD
103,67769679953894571193796202344826209057109739616313774406661493655584228252450,QmQozbGrEej7JDBAiLhkYdhkyB4ad31i2Hk8GndAtzvK4w,QmURRPBa1qkPykdEeWEwW4jeiYxFVsjzSrn2YrAqXWc4Ar
104,67769679953894571193796202344826209057109739616313774406661493655584228252451,QmVZqbt8cKaAcfquP8LE7bBdJjfLgD8AnEdVqi4nKjoHnJ,QmQbbpHtdGZ569mPq6oiQ4iPEmK3ZKA5bjgdEas2Myq7M1
105,67769679953894571193796202344826209057109739616313774406661493655584228252452,Qmds2wx7rq73Do1ZZZBQKqs2TjMsJ3XTvLVLzwgZf7pA61,QmS4mTQQSYpwQKrMvAcpojz2pn9DYHtLm3uTVeFxp2pnL4
106,67769679953894571193796202344826209057109739616313774406661493655584228252453,QmTPRVXvgD81qN2M1RkmXPRdN1o961PjU61qZc7NoaSseq,QmR7YeqLNwA7Jy6Bv7fqhhC2kjku9RLnGVqTWJpywnAQkz
107,67769679953894571193796202344826209057109739616313774406661493655584228252454,QmW15obwfmfCHTZWqTggcZPqFerMteJT5GbPhNFbU5Xqa8,QmUWCVoXhKkAtvDS8x5pvm1511Nmi7wtCrq83x54dBKqCa
108,67769679953894571193796202344826209057109739616313774406661493655584228252455,Qmeg2sEUzMFdFTCztkoWZbCLT13rHfNKFEYBijnkrfz2Ry,QmVT4P3vdyeuDARupDwoMbqT1NeLFM6r17sqrkXZyD3w59
109,67769679953894571193796202344826209057109739616313774406661493655584228252456,QmdsKf3E72X99SaTTDLVinPvMXEUodxmUHFj3xEM2DWdft,QmUrTVqSytfKrjyKZjCe9WK1USCYryQz2nzFtL5TnAHe14
110,67769679953894571193796202344826209057109739616313774406661493655584228252457,Qmbaz88Xs5r3Vdy2z5yxGY2Bq66bPmt8MAtrjPYJxRJLH3,QmQkbfZPtM5BCZ9oJg6L5zWmG1uuCD8xuDCqtWCnShRWqv
111,67769679953894571193796202344826209057109739616313774406661493655584228252458,QmejzXtZpZZfF9mZEKxaf1ZRW211zoEQ4CZxX8Jra6Q7Vh,QmVj1ny8owgx5wzE7r3RpFHniWpFte2GCoMF9KGum4f5Rm
112,67769679953894571193796202344826209057109739616313774406661493655584228252459,Qmey7fsdx2gwFMEvHZCCqKpyNJMCKGWFkhVmfhd1h3kxtJ,QmTVGb5XeMm8veJ3iNFz7Nf1j4tdvtZKd6xLf3u9hVWHRx
113,67769679953894571193796202344826209057109739616313774406661493655584228252460,Qmcu6Mh5BJdmxutrGh8wMQQ4oarEdWYrnkcbB5nnj6BDQa,QmaxmuFM4pVN9oDK7N9H92jnWsMcPzE5LSDvEp6sTy9Ruw
114,67769679953894571193796202344826209057109739616313774406661493655584228252461,QmPjfNGzDN1yAoGjzADhFJ3LjLpAPVDq97zE1L6h9hz3hU,QmQTT56z7p6yBoPxpg3PzefsdB7ixtT9VWaajJhAEst2Rq
115,67769679953894571193796202344826209057109739616313774406661493655584228252462,QmPbnWdv9NTTR6HgcvX5Xw3DXh6fGncikgSAEN7rwzxn69,QmbijwtDScN7gYSQ9BUPj7uNh4ZRVxUkNCkXa4wNQCtyYu
116,67769679953894571193796202344826209057109739616313774406661493655584228252463,QmZ2MRUUdsFu9WZTTJCxkwDTPB9HHEJ1RjyEeUF7hvywP3,QmcLpuDZUhKxK8mVTbh7ECmTjkcwzB2amfrzVbWKYLVkn2
117,67769679953894571193796202344826209057109739616313774406661493655584228252464,QmbhwgBRx8UcQLsTpjG8AzJG9P7ZJGgTxK3YPrttFzxEvg,QmPv3GnQWEtajzpALadtLXAr4VM4kMsSdMmkFYWLCEmSia
118,67769679953894571193796202344826209057109739616313774406661493655584228252465,QmSAPyuQLwz7zo9Vq4FxaJmaUudt6fAEFKTtRtmKCtA8NJ,QmT76NdvwV1dJskYWoLxv8FfUG98xvbsHfetuuRvxxcM3W
119,67769679953894571193796202344826209057109739616313774406661493655584228252466,QmbWYYVBEfYJmvFe2ZjTBUzAHJxjcCB8nQJNdhuiK5GfGf,QmYpNKwyVDLJZQDq8fLHg4xKwfpAzTMQ3JFkJqFkebX1tC
120,67769679953894571193796202344826209057109739616313774406661493655584228252467,QmQX6Q8pNgJiKLe7i1e6LTr24gqVyjp6n6fEquuS4p5E3X,QmbuGioZxPiXXwf7Uq1BbBHUmfT5eSz5FZasRCpKDzdDwh
121,67769679953894571193796202344826209057109739616313774406661493655584228252468,QmXQHGQqP5sYpBr8qZgtVSnSkVCZCDwQKUMDZ8tK9U7Jrw,Qmen2gjepFC1N4ifbbaaxZziRpkDpKDiRUztLxKeqZokNS
122,67769679953894571193796202344826209057109739616313774406661493655584228252469,QmfGtUubwhsuwvS296ojShu18p71gjK2By2cbBCBMe4b6z,QmaPEbZQ8Sie2drJsjU5xkVZTiUmaXTPCMfsjJi258qa1n
123,67769679953894571193796202344826209057109739616313774406661493655584228252470,QmdyHm6xvVy26afiet4PAYr6545iuNDAZWv83dGe2CfspN,QmVLWSqa8tEeLEjgCp32KmH6BzA4j2Q9CbGuqVR7Kz2oMr
124,67769679953894571193796202344826209057109739616313774406661493655584228252471,QmfMCsPYv25HWQELmeZb4io38kupfLcFmgixfkXnrDPX3u,QmbuYhPjE8kCFqbuZbqKCX2b9j5TQ81tC1sFukbsyASdLz
125,67769679953894571193796202344826209057109739616313774406661493655584228252472,QmW9WMdafRD8oUGvKHzRkhmL7oUBHjwaJeDxZ3kvVnojRJ,QmcT4rshTTkFDBGc9driMCWPRPzsW86Ngfv7tdgtR8xRtS
126,67769679953894571193796202344826209057109739616313774406661493655584228252473,QmWB7ztBNCizSRKH7QpQ1YFPKuad4LRQaqaaWmzdXL56N9,QmQzW6KiuRgB1A973KMWni4oWTqQjQuvx4ceUaTEUJdsvp
127,67769679953894571193796202344826209057109739616313774406661493655584228252474,QmUTB7tk5xQxocg2yxuqSTfZ4LnNVvWsPe2GLwZ5tMganX,QmXxK7ymFybdY4P77F6F2m9coeiopt584kUe9wtnms2qox
128,67769679953894571193796202344826209057109739616313774406661493655584228252475,QmZZuH7XYDtAPQpnS8oercg1SAHZcFf7SCfvwmgjnYtSaJ,QmTNCayHSih83fssrsU92DwGz8zR7a3ZYEAnxDmyFnFgGs
129,67769679953894571193796202344826209057109739616313774406661493655584228252476,QmZzrzvt7w7Fzud4VaBC1Zd5cDkVtrLii5E5nai6RzTMfP,QmUoNAg4J35vFCsbKVbmPH9CrTBruSVZ6raycY2mcAsBh9
130,67769679953894571193796202344826209057109739616313774406661493655584228252477,QmWL6sUPvrRPkhqw9CoYCA2hJAxFwRSYQtQVbauDB7ViZi,QmTLxs6FbyFDjPmubRnqpA72jn3dWyacDJ8yTB9XXezYh7
131,67769679953894571193796202344826209057109739616313774406661493655584228252478,QmXWTn24ExfxfNhRRw7y7aN8bbmZotUrJudHMavy2M76Au,Qme96yzP1mo63DMRckCPzSGWqdpGqaJAKHsnYyPcSGs5re
132,67769679953894571193796202344826209057109739616313774406661493655584228252479,QmewmjB3Cr4TwaAKydexqRTU4F327a1rF1fEBEcYkatC5W,QmUVoy67wyzEuEgwUm5bkn7QM5eaLUgqg7xkwyFbF6qo2U
133,67769679953894571193796202344826209057109739616313774406661493655584228252480,QmX5ys6cz98e5SYysMoSRASJMEVjR27Ye45odHgecFKv4q,QmXeepc3iWQBEZfgZuVBxb8zb9VXqeivBy2CrbRxZrvA8K
134,67769679953894571193796202344826209057109739616313774406661493655584228252481,QmXFgQH5kau2PzQw6PHMfA3KTQuNxAP42yrMtCtsMTCRMP,QmbWV3BkfmJGJANtqPtwy4QwM4tUorVHPp4L214G7eFap8
135,67769679953894571193796202344826209057109739616313774406661493655584228252482,QmbJK7eoamp8i1pE9oMJDnD4NTYXEFRf9ttzZgZqnL8HQK,QmPrmGnCu1V4CzYRhCq26p9h352xrPeD5Az7oVDFeGLNBs
136,67769679953894571193796202344826209057109739616313774406661493655584228252483,QmY6tdoPdX7UbGd4qYm16JnqQUHw1afdXXfKAhugYjvqbZ,QmcVxtnzYJcHFM5MW5tWnfgwDGxkvEB6mvXCtNReXcemv6
137,67769679953894571193796202344826209057109739616313774406661493655584228252484,QmXFfbWgCQmjHVyG5BMtRLDi7RqUsSFAVfQwVwyZYbFw9y,QmWG9UYeppWwG2DhGWZ3v1jaw28pPh9dEccATjw9c5xHYU
138,67769679953894571193796202344826209057109739616313774406661493655584228252485,QmSgNSrk8cbRjJPmDcxfEdqqYUcohy2mFMUszxnaiDxmVF,QmboGAsT3ECNvuSMovDTftiW8S9QNfTaeVNYV8M4Ccz78z
139,67769679953894571193796202344826209057109739616313774406661493655584228252486,QmPsMDLqkJfm4kwHKjKku7gmuh9XFHNZudDPTRyApKPVwY,QmajF2td1pgXzyTL6kHTUasoJ47bkffnMGv8fhADRaPTQz
140,67769679953894571193796202344826209057109739616313774406661493655584228252487,QmSkTN6GTm5JnvRrfFr5EsHKn781xXYkNEUQ7LRjyJ3htC,QmbKpP72rjWzoHbbXuBTet4iWCbVUPuE4RBvnZ6ofS7N8A
141,67769679953894571193796202344826209057109739616313774406661493655584228252488,QmfKVxPTKHtbjtQu75JrPQxW3zEHYiot1wqCiU8xUu3gGn,QmVTDgPfuSXF35N3fuqunguKdWBpkvekTsBFAek133piao
142,67769679953894571193796202344826209057109739616313774406661493655584228252489,QmNU2iRMXUxNL7iB5qYV99bqojSEtUcAvRkTcmvsmarB1e,QmatF7N9hBfaS4LR7c2StnXBS9NokY8bVPoLS7yENB1RHK
143,67769679953894571193796202344826209057109739616313774406661493655584228252490,QmXi6ZJzikZiCyVyBsBGTfvE5k5os9qdKVB7PG6bq2fet8,QmcyvTiCHnS1xtt7KujZ45v3u5QmEiLyHQ1fiiefhZ4uNk
144,67769679953894571193796202344826209057109739616313774406661493655584228252491,QmRn92kvB5WaZR1RxbJemGbBk5ZP986boYci8H2m4mTt1y,QmWZPwTJDrYz42RjuR3sBnQb4zFEjJyYSHYDdvRqvxxyRp
145,67769679953894571193796202344826209057109739616313774406661493655584228252492,QmZtBcMEvQmcWwakKn7fyqpJoavPSjyDQVf83atxQgATa4,QmQoD8mfRxqvJ5YBADszN2ja1EJyoL729f4u4buv27waup
146,67769679953894571193796202344826209057109739616313774406661493655584228252493,Qmeiwnf86mXAqGfT84yNfhqG6WweU77i1qb4tX6FgEKDFb,QmdfoimEB3rY2vu2MVfEc5hHDa728TkyzvmKdFkMiic6mj
147,67769679953894571193796202344826209057109739616313774406661493655584228252494,QmaVepiVikMB1RsqQtxHZGi695DGtt41bc8WM7dhRkbrJC,Qmf61J7QhvaZh4knarrzG23ygCVq4CJuWUwxJ2e948bqL9
148,67769679953894571193796202344826209057109739616313774406661493655584228252495,QmYF2q5Aq4Sg2nFBzniuRKZShHVg5mbQerGaB3WWW5paXe,QmSnKicPfo2cdJRaozWEdGNukasPtmqgE9bkpxgeYicPjw
149,67769679953894571193796202344826209057109739616313774406661493655584228252496,QmVxm1qBNUczgkZyhZZMkejjMc9knKNvgdqniP21x7t23S,QmWQeZ6Z88bDBfXxtirKd1YuDNo237NEi9WTzVMpv4hSnJ
150,67769679953894571193796202344826209057109739616313774406661493655584228252497,QmZbtdiqc7LqpZ6UHNEnbr8UWML52nPn3QkxQ6xThT9f7w,QmX57BvteU64qsKbux8yRzM49XL3zBz8CNFLPLKdL7WXsT
151,67769679953894571193796202344826209057109739616313774406661493655584228252498,QmfM3ewpMNdMNj6FWbsq4Gt3wKZbYV9tBA7vTcVwtYB98V,Qme2ni9oezcEKU3G78hZHtY8sUeBHV1zC7SJu11Un2eKe2
152,67769679953894571193796202344826209057109739616313774406661493655584228252499,QmVbsRuL9RrPbwqXnYeaBJF8MC5wu6PAzqyoY9krrfUJbk,QmcBiLwDKReeG8XJhN951hdcZHuVr872gxsZz2M9iSZLs9
153,67769679953894571193796202344826209057109739616313774406661493655584228252500,QmbPEKEk6vnHnvnjgbUp6vnqxFZRNFGFYo9H9VistGcfpT,QmdRW5qWdzMEPm1K8T7j1YwoShW3db3yEbqWAYHr9fCrxd
154,67769679953894571193796202344826209057109739616313774406661493655584228252501,QmNXsZVuJEaKqZm3ZkaVKTqRu924mKJJuuS1bsrYrrMYgY,QmfTojtab6p9TegRgaKnSp3eHBsaADeeHTYUMX7JyQqu3n
155,67769679953894571193796202344826209057109739616313774406661493655584228252502,QmcugPKCBR3ynqRhJYsh5aF699xYodp5chTgS9ttFpn8hu,QmXh1Nz324d7sSLcaN1cP1tx1jmtBzc7VMnLhBhr8xomxg
156,67769679953894571193796202344826209057109739616313774406661493655584228252503,QmW5h4QZd7CGqcyQ2ncKwgYdGj3vfwcmcxPPp6oULZrUNu,Qmb4X7gDRKVQyfxz1Qpm98qt2zEAC7uCLjZMaxvFgVJjA6
157,67769679953894571193796202344826209057109739616313774406661493655584228252504,QmTdnUeYxbNgwPKzo7hcQsF28TdzuDFfvTVw3ZWUVvR5Mu,QmPzXznq9bHpjPK1g6tBWn7CVDumfrMCZ23xuUMLSeQ9Xf
158,67769679953894571193796202344826209057109739616313774406661493655584228252505,Qmcpg8wLVVohvKUuJ6CARNLwVzsay54GUHX955sUNitTUQ,QmTWdN82ZWbGP8rNjCTEDjBvfyBtWhERpRZtJW47gcPpjz
159,67769679953894571193796202344826209057109739616313774406661493655584228252506,QmSTN4nRcKoCt6KkaX8ZSdxgSdjFuTA3De6y5T58LSR6Xx,QmTMDRDxT7i8uDNsFNgUiqWUDCUzMK6rjjWaPV6SXbDJvB
160,67769679953894571193796202344826209057109739616313774406661493655584228252507,QmVYsDUtHtaPguAY2uB1NYhD6pL83C6sMeNUGrY6H3fh5W,QmRry19Q9F4iFQA756JaLBmk8qPPTNPGQJVcejGrvW5LCa
161,67769679953894571193796202344826209057109739616313774406661493655584228252508,QmciUCqrUnyk5zi3vLAtUXSnfFUwajLtaMz6LEUbZRLJgJ,QmTKuepj2NULr8vzhyQD35b93gwoRLMaWWgk5WghmtKMNv
162,67769679953894571193796202344826209057109739616313774406661493655584228252509,QmPmuYni8mdN4G7bEDcoGX3cgV8eErXU5nnCU1GhxY6xCL,QmXBwN4qmdUt2FgZeSkEVb3x99vexTizSeMfvscxbCkkj4
163,67769679953894571193796202344826209057109739616313774406661493655584228252510,QmVinCwDCiZPG3A33rBbFMx7x6Bo2h7WXs296rq7CyM93P,QmYXoZdudTMdXWAvfVHojw4gWstw95hUVZ6RJyXX3my1ZU
164,67769679953894571193796202344826209057109739616313774406661493655584228252511,QmfJtH8rk1oVv7DGSRaFktsZjEfAfPfUKjKH3CqNSH5BU4,Qmd6Y2qsXk2ZVPfoXtQui8tu6KqnZo833TAe6oBp4U1meM
165,67769679953894571193796202344826209057109739616313774406661493655584228252512,QmSYFAcvNRy6CWn8XPiEKGsjGY8kBqb6xTiHNZepV3SnEG,QmR8q24By1TrcHLwuc3b4pdZ8Q89LFt2bXV54Di5qeeP4W
166,67769679953894571193796202344826209057109739616313774406661493655584228252513,QmdCghBr1Gc63hjQCJHtcxa9vQr7rVtYm271Jc7sziyAdR,QmQukFN7QDNEDY5mYpAtBXkuafnQsiR7VG4UZji3ipm3Vz
167,67769679953894571193796202344826209057109739616313774406661493655584228252514,QmXLRUcrGUNz1DgjxoJ91RwEDDePphnF8F6iaMnG6ihYnY,QmV7xQ7V1EwugBsgdHyDY4AwAfZ7Qr4NPaWPLDWQFLXpPt
168,67769679953894571193796202344826209057109739616313774406661493655584228252515,QmTjP6nkBCL6eDhHpRpDkGbc6MEynJPJECcpG3hFUmGtv9,QmcWPkvJG8KiuU9Ttx9v5xEAx9sivvxLiA3VoE7fjZpBEi
169,67769679953894571193796202344826209057109739616313774406661493655584228252516,QmbFuTx1NFRznM4HNkD2YfiS8VNFkddJcsS3k1uREaYJCj,QmcC8FsJjJ5bdjaJUG7m94c2QBh1YaEXkvM4ZB2EZzG7bq
170,67769679953894571193796202344826209057109739616313774406661493655584228252517,QmVV8oCxiCUBenit6EiDyKfXhe4etyyP8HFvUpEUgQuJ5M,QmZAdwknHjTatao2SutVSuu8uRqmNuZADJoHopt1L3Qfq5
171,67769679953894571193796202344826209057109739616313774406661493655584228252518,QmTgkhsJbfv8jLmSjWsiohnhVZ8HXira7gTwkLNtK3HTMn,QmSG9h76ciDZaQEugPcZhCGrfgx9U1ZogBUXT1DdvGptZB
172,67769679953894571193796202344826209057109739616313774406661493655584228252519,QmWmDFSNZnb9w2iesGKPfJBGyhnqYj29FP1Pm8DDSzAgrz,QmNQQxPS1jkZJKasCPtQvMJp2CzNWqdAUCtc6jU2hsuJpj
173,67769679953894571193796202344826209057109739616313774406661493655584228252520,QmcqTxCbWW8jGhLu5VbtR64m4PYwyoBh5KYzmtd3fHeEsu,QmUqaR5URwGagkSbCBcQMDDFbZBp83Cy3V7GsUD9YbotEz
174,67769679953894571193796202344826209057109739616313774406661493655584228252521,QmbgiCbA3MJ8g91J4TpbqzczFsmXECWsh9Bprxg2Eczg81,QmdwC61oLjA7gywYvHPpVN2r7rLcTywmjCFmCpbboszMg5
175,67769679953894571193796202344826209057109739616313774406661493655584228252522,QmYcnETk213gD9EbfgvtEziSv8BJtC62q4wABNWkyqZQ6Q,QmeYV4g9MvStqoMFYnstHrecoJ4eqY2owonMV5fobm8G9w
176,67769679953894571193796202344826209057109739616313774406661493655584228252523,QmQf3tfuoXd4ziM9gmupuK6UQvqLEZamF2yrziKz9DRuft,QmRsxbekXAyPcAsoAJhJ45MRgekSM4Ft4vGNc2okZxUaui
177,67769679953894571193796202344826209057109739616313774406661493655584228252524,QmSYaeBiizzRDh2Stkemk3fZRjZCgphpcRjfKMHwchxzSo,QmYimKFfH6zogYETf2tYo1LTJhQ8ixMZdhMW95nEAbwqqN
178,67769679953894571193796202344826209057109739616313774406661493655584228252525,QmZYHbSnHchSWLe2pYKSasWgicnFZzcyf1buyMvZo9PMrV,QmRqXtqkaQM7TxVYUSpAibQtGgUZHh3urSgaofUkviBXGV
179,67769679953894571193796202344826209057109739616313774406661493655584228252526,QmXGwk57vK2FCc1QTn2Kme4kj7sHtFeEYsb9K6v5NrsVkQ,QmWWwynYFoTXeVnVkCtyZLajWRrEkNezpUTWsLFZkVvyYN
180,67769679953894571193796202344826209057109739616313774406661493655584228252527,QmcdYaxprsjMyBJtHCrY8Cqe2J2Apj9hkXZ8Ronoocc5B9,QmR8PxFEhvEgWiia1airMqkRtPBYdzXFvtwoJBRFbjfAyS
181,67769679953894571193796202344826209057109739616313774406661493655584228252528,QmTfjc8isFszpKi4kw5RfLTSfCa5ZyYdURiXheRW1uf6pH,Qmf46qkRMGV611uWQrJ6fDWbg7XFWaNHhwaEguXBDbrexL
182,67769679953894571193796202344826209057109739616313774406661493655584228252529,QmXKLmCWHLsezMfmf7KpDv9obGSgpAKrXttSPEKAZU5Rwi,QmV4EtkazaBrmKB1EmS99YaEX2vDSWSPNnipo6do5DyuR4
183,67769679953894571193796202344826209057109739616313774406661493655584228252530,Qmaip8RYk6mksj139mKSkT2JHRC43P8xZL1DibYk1HzN8g,QmNPiV7Hw1VqHWGSJ4NxXuUMpRWeFBHj92277wwWdHvz3U
184,67769679953894571193796202344826209057109739616313774406661493655584228252531,Qman3GCkUKYS7GcUmR4QQUx2375gGJkbBv4nuQv41ztMxf,QmPfQVjNdb4o2idJnQ7DJ3pz5gxnAytN1wa6usN4EP8vMK
185,67769679953894571193796202344826209057109739616313774406661493655584228252532,QmYowTKAvbL8BqGWRa1t5wFvdwjvSWd6gXN2w2fPjEPHxX,Qmbxm5Ly9rdxzr1rjAi1zHGPWfTCZHpbvX9J9zB3Twdthp
186,67769679953894571193796202344826209057109739616313774406661493655584228252533,QmPv1Y1yCK2rszfzwKEktwT5tJKo6n1rGwGGgLuVzo9YiW,QmdhjMfDNSPVCiWG63ogWWpWgyd42hJiSwwFiokbJv3WHD
187,67769679953894571193796202344826209057109739616313774406661493655584228252534,QmbyvHbApz7yv1A6W3m16pg77uv25C2Y4X4uEsKcy4yF6f,QmQdZnegfsEQ8e1dJyBUebdTeq2G7u2uv851Z9epeAB6rp
188,67769679953894571193796202344826209057109739616313774406661493655584228252535,QmPXYfqW4ULiwcczCWwHcrfnudV1ykyVXgTVQJoLP914iF,QmTmLkFjMyh6JMABA2e8TPuGvbkH9rSvAU2tF1g5ho2KSR
189,67769679953894571193796202344826209057109739616313774406661493655584228252536,QmNbVmxT4wf6ciQhVsRLvvj42T94GmP9Cj6NjULoAwWTyq,QmcHvMHhwxn1Wp7QoTTyGii5xdgvoegWXQf1RNAS8Du4dC
190,67769679953894571193796202344826209057109739616313774406661493655584228252537,QmXfvr6k1qUoL56c7utTapAMRnX4qkkF7TvfhBZC94ZsXk,QmYbf2mfd1M7HuUPhYBkBCytjLenpVw1Gif5BP3YbfozQU
191,67769679953894571193796202344826209057109739616313774406661493655584228252538,Qmcmrp8LJXwwiFiGpaMb74c3sNggXxUWabz3g7G59qc98s,QmNqYFZWX6ShdhejF4tmAAZYMehf1WdH7H59J4wrWP4FoF
192,67769679953894571193796202344826209057109739616313774406661493655584228252539,QmYggpnceYE4fGddfASNiB2nCCEKqaqyDjyCs1ya1FDAFT,QmR9qysbs9GQuwCgrZWfqNKhoXqzGTKyfoFwXRK7eJ1oy7
193,67769679953894571193796202344826209057109739616313774406661493655584228252540,QmeXXGLDEc249ui71y7FRRufceEQsUAUiPgjtcbPsJR98f,QmZ7Sgy9kSyksKp92uAPXVfhKXhuJpVfV1h9Z785Lhqfh5
194,67769679953894571193796202344826209057109739616313774406661493655584228252541,QmUsykdNo5NtHKGK9c3qMf3idMAxyN6zBjDuyntMdp9mBg,QmebptTWsNmHt7NjCnHYcW698TBhHrowWkVoqbvP2dDddK
195,67769679953894571193796202344826209057109739616313774406661493655584228252542,QmYsWei3dhkebhaF7QGzVCj4ZtuKwaBiHkZdAQM7HmaHBs,QmYD1AArKyFSVej6BuGRUX8Gb9miAaWsY9ifDgmy974kL8
196,67769679953894571193796202344826209057109739616313774406661493655584228252543,Qmd3KKq4kZzRQWTZUeuMBUtHQVxV7QQfbgaESJAY2jMCDo,Qmf81bM3evfirAkZ5orz9uceWvAgjMF2FSEEYXsMDaJGtY
197,67769679953894571193796202344826209057109739616313774406661493655584228252544,QmWY7jPTGxjJFz4Tidvon9mctPFntofBnenj6xrCCPEVEN,QmeAVkK2NmZf2GdYcnBXWFFMfgqDYjhHWk3DcuDYZWE8vd
198,67769679953894571193796202344826209057109739616313774406661493655584228252545,QmWdH5TF3oPWLcReXBADbwtjGyF1U9GnQ4zhnmor69oSnE,QmYLU4wSwnVjUsSN1nLj6i2GAopwixmnmWuegPjvyyzMsC
199,67769679953894571193796202344826209057109739616313774406661493655584228252546,QmTgVjFXd9Cj96fR9Eqp95ADyTYRTHYH5X9iyEQEQzuVr6,QmSqQWMtKhf3VYAsr7qBRUZirGwqjjV1pwnMZ443wu5o8U
200,67769679953894571193796202344826209057109739616313774406661493655584228252547,QmVCUFJzUHvoWQdNFJPoCTDRxvPynssJxvX9Wqe3F1fsss,Qmdzy7G83R2QCGZEyCFi7TDRuF6Zx8DmtRKvFDJzwhXFsU
201,67769679953894571193796202344826209057109739616313774406661493655584228252548,QmTqZs2QskPiwYu9oD4FecwugDntSoQ6pX7Yio9cgDDTUP,QmeyWeL69ygEqUeyQDkQ7QkqJrAjm1qvX3Cvbpbw22eeqr
202,67769679953894571193796202344826209057109739616313774406661493655584228252549,QmVjLWcta7rk1D4NZFMnDBTGvnY3EJGZaxZBJNh6rRi94A,QmUVaFaDHhhVqpUdg22ze1pD8nzNFL2aXQPWwEAJzXfZ1K
203,67769679953894571193796202344826209057109739616313774406661493655584228252550,QmVoyQvnRLEpg62NsZpL7CDuVLtgRinUxo4KxDVuHwqzpW,QmfTsHTGkZUPHSCebg2am23ZFWtZ6Xa3DgTR2cA5zVBSpf
204,67769679953894571193796202344826209057109739616313774406661493655584228252551,QmayPtia83q78v6fAGxF4J8QU6wAntkBDbk97bX549ePEr,QmetvpuwEP5wmhsxjV7wYRtkwx5n4rX6t6FFWYFQ7pNh8f
205,67769679953894571193796202344826209057109739616313774406661493655584228252552,QmPViNbEWmFvBWDgzuG1pQiYqE7Qx8qvqNbTnyV9GKRqpL,Qmemd1WxCMuWCMrckGKEvXBstCF6SdosSgwtDAbBQ7DSjG
206,67769679953894571193796202344826209057109739616313774406661493655584228252553,QmcZ3ZM7p5tzhmysx3E9jKFYW7kyU7AWBHxVjRW3c8ACAw,QmVJvL6jQA3bQekvRaddNZCUCeS4z6AmjZMGxGgWz33UXm
207,67769679953894571193796202344826209057109739616313774406661493655584228252554,Qmf57nkCoH2qMGENErgwCGqhNcKstxYdStDoC846aNZ21k,QmdDDR7NZaREozS1s6UHzWfk5QkM4m4ehDp8kWdhrjewmV
208,67769679953894571193796202344826209057109739616313774406661493655584228252555,QmVAfJs5o8sUHzo1vgXS2Lva9chZJU37M5L8uPiv8YvSQp,QmVbK32MYBzPhiQpwurmpdNvM6LXrreNTrPh2iifyw47R1
209,67769679953894571193796202344826209057109739616313774406661493655584228252556,QmUQ42kMt9pwTXbSvDQuuGGdEmxq48XFxgJ3swCa31E4WU,QmUVuqBXBJf3pvo4aRJZguY6efZ3g8sDE6yYuiKRULKL45
210,67769679953894571193796202344826209057109739616313774406661493655584228252557,QmctesXcTWkRVZVfcg6bczi4pAVV5Pad24Hdr7W5hstfdf,QmXVCT1CdsP1aWjFijKyzaQGDzLb95iFw253AFhtnKUCVt
211,67769679953894571193796202344826209057109739616313774406661493655584228252558,QmVDP7q7zmU9wgV6ERfuS8LZ36uTAszHkWbDJwwYaR141k,QmfNVCX4amH9gFwGx5uTbYCS5wkbCspEWSaFCbNqBpXgD4
212,67769679953894571193796202344826209057109739616313774406661493655584228252559,QmeTF17gqZP6C9Sengoyh2RHy3yrvgEr4se3AW9ApHZPkT,Qme6C8pKL7QZd5qmqJuguhEPqjs1Tgt7fF8B9PRX2Hq9Hb
213,67769679953894571193796202344826209057109739616313774406661493655584228252560,QmXP5RoWcWsKT3wAyC8XgTAMUua9y2e5rCs5aud3p9hzw3,QmdEMMod5H8waoG2P5gCf2Lm6utKBPqAU4sNUm6AumgSkU
214,67769679953894571193796202344826209057109739616313774406661493655584228252561,QmXKKJu7U1cmu8FAkcLxM2RHC35UFLQsuAxLxgWEPoHFVN,QmT8gB77JhRZ82Su4JdCXbU5jkbhLWrKKxy2vcktmbtWdE
215,67769679953894571193796202344826209057109739616313774406661493655584228252562,QmWqAoQeHavSK7B28S6UZ9zf3z69Y3djvxNjEfVAoAmqB1,QmcBhf87o1U7kTsBJSohiWRgLZVbk8nMu4NHtu8RhioEeq
216,67769679953894571193796202344826209057109739616313774406661493655584228252563,QmSsysbfFMic1AefYpsFavwUHnh3BMiZk31sJ9W6XX1h57,QmeNi13xaCoBud9RjUmdvKKoFt1jQ6nBSbbMevg2RbpRfg
217,67769679953894571193796202344826209057109739616313774406661493655584228252564,QmcwCob2y47ouLfvDa3FhVNwnVTRRQAJkdnFnGAMiF1HqX,QmfYsLjhgnfScdJzGqN96yvwE57ywD4HjtaXkLVyhsuadc
218,67769679953894571193796202344826209057109739616313774406661493655584228252565,QmRNeqWfq5HJcTx3s8EH4NrahxhTanv5rheGi2goX3wieM,Qmb64AjicyxUMcpYTzHnhaYvXpZk41rDiKCngGmHrWARRM
219,67769679953894571193796202344826209057109739616313774406661493655584228252566,QmfFEFdX5E3bkyKuSUV8s3ZuaJB8n7SVv3yggbDRmNLnWA,QmWQkbCDrJZRKri7Hu4LXrJm1mrbFNPSTtxPVZcUhrRETK
220,67769679953894571193796202344826209057109739616313774406661493655584228252567,QmdqSTiDC8gFAwUGRyXh6rdf5tehk1zb9eRgAgsBmg5Vf8,QmaB6yAu34y69JDMg5RAT5rGYVZ8huNMTsPmJHxu48ynG9
221,67769679953894571193796202344826209057109739616313774406661493655584228252568,Qmbut5rM9ne3WtR4Sw7ruhqHqbuTZRdmz5EZL49V3kPN7S,QmXMgGmxZCWfateczAwSnhzn5ZGVt2Togi9qENzFuXxuHD
222,67769679953894571193796202344826209057109739616313774406661493655584228252569,QmPDRNFHja7AahuYxqSgoUa8jt4PQmwZ4vNNEP4SxmCRem,QmTzVjwjhyC6Cmhjp4w7zzpSdg37gVyYEkMqsATfpnVeeM
223,67769679953894571193796202344826209057109739616313774406661493655584228252570,QmWsDTnrfJAjCDgrXvU9uQdkN4mu5avgwx54MMPcpZtnXH,QmTXynzrnRGtfNVf8KFkW2CdwCCvaCKXPgUFVYQAmZ1jEP
224,67769679953894571193796202344826209057109739616313774406661493655584228252571,QmaS2p2j6XDxceG7J491DFr9vVCTfdQ13hsNY7NKGrug3B,QmY5D7L8iXvoTrVcp6gB4tUJAfUMwrxZTdajLVHJxe7j9Z
225,67769679953894571193796202344826209057109739616313774406661493655584228252572,QmQeA1UmWYcg7Uq64fkbQY5XjdKcVbAtVy2vwMzAWSVDBH,QmXHdy37694A8fb1Rx6ZqL8bYg5nqoE9p49srGhTjj8Yy1
226,67769679953894571193796202344826209057109739616313774406661493655584228252573,QmafWHA4hLAyNDuijAe2zAWhDjJ9545bNCGSwSE9Q2Auqa,QmSbsQrc9YLVy8e6GsU8y8bbW4dnRmmkmddd5yJqP8PPnz
227,67769679953894571193796202344826209057109739616313774406661493655584228252574,QmSh1ZrNxTKdYTLGw4ydnPDKtsywC5r2fpWFMUZfb9r7hp,QmdrqeaxAoczQyR3bHUar5TaZae4ZEjiFXaC1RkdvQ4Ydm
228,67769679953894571193796202344826209057109739616313774406661493655584228252575,QmQc5eDi1zSVQEPRFDMaikAf3dYKUiNQwucsdr92aTnPNS,QmZgoseCNR2nQz3GmwDUkLTEshd3NVGvWLaypPcM5yzX3i
229,67769679953894571193796202344826209057109739616313774406661493655584228252576,Qme6FYJ2YmKsinFur5j7NP2tC3QvqJogF3u6X6Pz5ATmZ8,QmNZnEPSK39yFtrq7EM2RWxKKxSbhdxN7rySBjevwEtCAQ
230,67769679953894571193796202344826209057109739616313774406661493655584228252577,QmRX9V7EE91KWqepN2QB3BMsSrzM4FxLPj4XexH8u7xxWh,QmNpoJbCTgyPxUEdkd3Qk2fjPiV59RkoyAAm7Tf8MgzZXH
231,67769679953894571193796202344826209057109739616313774406661493655584228252578,Qmf1gb3GSso9zVBNkYGKeFj8NrE6u4MvrxhR5Bb1fNvFis,QmPcUCa6a3jizL1g5qvzDS6DPJwDF6gB25fVaBVSdjCBdm
232,67769679953894571193796202344826209057109739616313774406661493655584228252579,QmQ3thvG4hwdC1rfTZDDg428q3UgGNkSQEybgDmyKgpSjW,QmSP5CjkF2DD8aHAurMUWoaCvz4fvGNY2CqRpRgiJaWxjw
233,67769679953894571193796202344826209057109739616313774406661493655584228252580,QmPiJFdtKthvXJJjYSdPmmNzpuooGPjoRzGrc9q4bmEXw8,Qmbs6pCiuxMWCLPJ6mCcd3bjMVM7ht294U7XWsVYzJ756M
234,67769679953894571193796202344826209057109739616313774406661493655584228252581,QmcaWqnxd46GnLWEi6Ran6ZYp6yaK5yAo9Ma7FwGr2toko,QmNYGMFAwBZ1f1MAe6FmQdho7KN2pNqyx1BtFWZSrkC7Vg
235,67769679953894571193796202344826209057109739616313774406661493655584228252582,QmWQs6ZkEb7BkjhLoKA1JPvBtoos9LD9ZfEV1zBqcNpDJ9,QmeM5ztuzdiNPSnWeVkcBdWdMSi3Vpf2LKV5w4BdtHjesx
236,67769679953894571193796202344826209057109739616313774406661493655584228252583,QmYE5zhKh1JCxgXUErmnG25ww78LtNGL4LcLLxzSrFT6A5,QmaH6c7mmy9oWvtF1LpUCHt4ZKcX69yDG4fvnqJfbw2ptq
237,67769679953894571193796202344826209057109739616313774406661493655584228252584,QmPEW9zLaywVCNohCARfRpSo7MqSg3xA7fB1tapCiosQTu,Qmc8vKkw27mFGYPeNCe1g7usRSPHbFyWmFXvrsMAHVTxzT
238,67769679953894571193796202344826209057109739616313774406661493655584228252585,QmUMhfPiCD4VSFjtAbmzhV3iB3qY5jucJQ9J11C6XLh6ag,QmVmcQEvUN7dN3NXo4ZvGagb6akQn2oZ4hxDzmAcWqjP2S
239,67769679953894571193796202344826209057109739616313774406661493655584228252586,QmbvgKa5B2eMX2edjuW819JkQjQWfJUmr2HnBPMt8yY2eF,QmYukNPdsqfocpCmMtn7dhMouVA6z7gVq2k45hoJ68Gy72
240,67769679953894571193796202344826209057109739616313774406661493655584228252587,QmeDXjqtPaBWqAGVnJBS7Jnkcr2ijJkBaT4WK5MxdSVhio,QmPV7YzMDJ62JY6Lru1ucdx4UAoqDDDUzyswdKNhdnedK5
241,67769679953894571193796202344826209057109739616313774406661493655584228252588,QmQw6uajLHh9e3Wkw23ftWdd9HUcyyYHtqH8EbrgH2WXuR,QmandQQTqT9fJKiiHpX31dijPDLD5Uq2Ud1tGGp2tGfQLU
242,67769679953894571193796202344826209057109739616313774406661493655584228252589,QmQza4NeeipuPbJvLqyahzBpLU1nFjdfVwvVxukxohTZnT,QmYMBnW1JmV7wtWHK9PGUwkN8D8p4fKt3Y6AF1xoNRXRXE
243,67769679953894571193796202344826209057109739616313774406661493655584228252590,QmevnhhmoHTuG83JnRGDDBk6twbJ5R2WppU4YuJQj3StBe,QmWaHa829e1eGkaDrj7CtA89q1qKENAEGsJu9smBNmomv1
244,67769679953894571193796202344826209057109739616313774406661493655584228252591,Qmf511PuAVeLvnMkx6u2f27NS7Rx5fXqTLU6yg6uqsbUT9,QmXmBEmvmtSDMvVsHMNYnYBaCdp1XckMb1NjDfZjcNmHm7
245,67769679953894571193796202344826209057109739616313774406661493655584228252592,QmSCshizdACEarCKcGXDzeQrqo5rjuixtJQkhdBxi2s91J,QmV7K2VN8Yh2Gjrh2ez2TtZYQj6rzAG4wwiAzKAZ2ix5TW
246,67769679953894571193796202344826209057109739616313774406661493655584228252593,QmUEj3Vgt22YrMV98SnoBcBkVH29RuHcYwVJHoWHGJpXvi,QmUb76uGgfZxTBaAjuoq7iWVNPBv693wGKVPCUr6vY93SA
247,67769679953894571193796202344826209057109739616313774406661493655584228252594,QmPDFScnqrFQQnk5xFs8DCeUZcQ3xjc34DzonkpDv6DdFA,QmZ57BAfXXp1AMzcJKmnRUtZsab7YubZyPUUDsJ9NvNvX9
248,67769679953894571193796202344826209057109739616313774406661493655584228252595,QmXK8ePwpa7AjSd8LPPETsap47BS6n4ZEAzBKqDYZN4Kku,QmfGXS22peNmTASEWQL8P8YevxjaA7Y2P6kKAe9RRvqFLT
249,67769679953894571193796202344826209057109739616313774406661493655584228252596,QmNr1AuyYHnvEgFbVDStSvWgqvVPXW6kRKZ8ZwowwMxJVk,QmaHVun845vqKQcQ1hwj1q3AGjwj3PtFhiLMBqfLVxXyAM
250,67769679953894571193796202344826209057109739616313774406661493655584228252597,QmWcGSHabtqbEkuoLixejnWeoNRnS8KAWJeF58h793TyTi,QmY6f4VLcPJmxhEyh2PgAaufdqMoT6F2Zkap8XLatc5VgZ
251,67769679953894571193796202344826209057109739616313774406661493655584228252598,QmQPatBphXMetiLSx5SwabA5Big71RdVQeZmGxSEQq8ZsP,QmWcuARpvmDevoX37gtWPEapJGPTT34NAEaJe7WBSL2HFy
252,67769679953894571193796202344826209057109739616313774406661493655584228252599,QmW6tPtZR9tTEp35HDuLmtDujspXxpS1e6yCiXygUYKXou,QmWpy5dZRRewmQr7vhGHmjXdXV5yubYEmBQKuWyuoBdJuU
253,67769679953894571193796202344826209057109739616313774406661493655584228252600,QmWj1T2SjQLE5AcsqwWupX6g2rAbeHr2eRKGAx13wYmRAs,QmeASV984XFBzvXr4gJ6ahQNtVD2kmyDcgFSBSiJKJx8G6
254,67769679953894571193796202344826209057109739616313774406661493655584228252601,QmXb9bWmyymvSm68BdTbCrKotjodquURi6YihmHWa9bXrq,QmWpEbx52UJchkqUUTBzqn8QF19Vw6euVVdyYxLKAXvDfq
255,67769679953894571193796202344826209057109739616313774406661493655584228252602,QmbDB4VDMvP4SknapCJTCtucxSz7A9jMFWnXAS5PvexdbV,QmZEHqLevBNpx26vqm7LeEw2v9WTzHdnywqvJiJJgLbqTN
256,67769679953894571193796202344826209057109739616313774406661493655584228252603,Qmf2JJRkXvEfPBkpH1f15v2KEShb66JWpeBJbDgqUCjMqm,QmU714K3yF7MY3rwAwtP95sPz22GYmCKLAFWhob982BWVk
257,67769679953894571193796202344826209057109739616313774406661493655584228252604,QmdhWCszJvd6iKk3C82tHgBA7Enwf3W6CToYZPjEAymiZ8,QmXh3NCqy5WT5JbC387uE8noAbgqma9s2qbMFenj8WQjrD
258,67769679953894571193796202344826209057109739616313774406661493655584228252605,QmekEykrQtW9bAvBEcNB8mLMT3bstnVQBK3sDkEXQ5yxmN,QmQ3RE1zJ95vrkj62J4pDen5nzH58DR4KK5WmBAd3Dp71k
259,67769679953894571193796202344826209057109739616313774406661493655584228252606,QmWNgZ3hbbT6z2xfUFGiaM6C1jCu78e79e4GNuwmEKs3pP,Qmdj8rZSSQD7vCmHYgqwyDu2PJQmu2aEhhokLqBLrL1xqf
260,67769679953894571193796202344826209057109739616313774406661493655584228252607,QmaWxiFLyXZQzr9Ghm3p64Yy6BcEXneF6z8TQ4UuewTXim,QmYTwLfTCJJ8kKvVUP2wR2WnAT5GbrFmHG8fvW5rUzUUES
261,67769679953894571193796202344826209057109739616313774406661493655584228252608,QmV8mnozSkU1meCJjFVeYecHXZUcsgCesqAWnSGoGf2bUT,QmdrqJhp7XtjvuUV3GcJRNqUzywS1f4bGJyYexUx6QJfFK
262,67769679953894571193796202344826209057109739616313774406661493655584228252609,QmZwhMt9uadUP9qV2R9f43RR7sGbuB7zrhLD8n2kPrtouh,QmVMGEotx99MarfLR81J6WfT2cbdZhfN7GbQs8SHbRyubZ
263,67769679953894571193796202344826209057109739616313774406661493655584228252610,Qmdd6SDbGRYSCCiNYH1Vx4cVB5Wj6kt4XKw96dHgariNJB,QmSpnnu5zznvv7Td6pHYEPEnqtZPaNsLLvMZq4haToNRUQ
264,67769679953894571193796202344826209057109739616313774406661493655584228252611,QmRGYTEBZCbsMd1Cffmd2Sm2MQCC62EK5iGKpkU248SShc,QmV316qUTnuBPhzjvGx7TSiTMdaN8iEWTiZWAYLRztT794
265,67769679953894571193796202344826209057109739616313774406661493655584228252612,QmZVD3Zow3p9uhWQvExYnr6BZoPucsKsW1GT8MqSgDuE57,QmT4GwN5hY5yDqHm2DgZgNu3stcEmsm2tSKsYFsfhaEdCH
266,67769679953894571193796202344826209057109739616313774406661493655584228252613,QmZmGapDBzXL24ZfAp4JcxELX8CCbrouHVXrnLaHwPGoYX,QmWnF3vtJtFakygfZVZvfKqQKAajUvboo5LgqzNmHDdWHs
267,67769679953894571193796202344826209057109739616313774406661493655584228252614,QmWaKTd7awgJ4LgWd7BVKxfwcdePtUzJBVnB9J5JUJ8DVn,QmRoqrH71AASAsDKuahNVKew7riJTPf5BNML8TL1kJNSt5
268,67769679953894571193796202344826209057109739616313774406661493655584228252615,QmWmnHbmnobrERPYRjkfR9iu6bqDtsDJbLzkdk44YXhqpM,QmeSTGuDDLMvivMXuwe3mpbd6gsL349ZpNHK93XAw6Xw2b
269,67769679953894571193796202344826209057109739616313774406661493655584228252616,QmRAQK8SHQYrfMwjhYemi2M2u5bZXVD5oDoqajYdD8gfZc,Qmaj5WQWhzeVcQm5YwRA6u5XSirwNUfPRndpEshC2kuW79
270,67769679953894571193796202344826209057109739616313774406661493655584228252617,QmWd45jPscJMySENUg9Mmpx2QQMTFKaEFTp92uUTGhu3jd,QmZgLYEKyRF4J7BCefnPws25qhsFFpWK2v9cNiTV1kgExZ
271,67769679953894571193796202344826209057109739616313774406661493655584228252618,QmbGhz3riPrvArHqbPN5MWPJxPMTeXuN5TfdrpX6KeqWsz,QmTu9YfXeXV9kcP8j1dD3BTW9i1ABLS3rAz5jHw4aU7hx9
272,67769679953894571193796202344826209057109739616313774406661493655584228252619,QmWeN2sFzv7T13Lr3FYXdPsaES3hVfKtkSUKkGkcZtewzq,QmY2jeekxogwr4RFXH6a5x9wU5NzakVcv64SjCfC5GspR8
273,67769679953894571193796202344826209057109739616313774406661493655584228252620,QmNsmRAKxgvAknsnaB5WE8FrzTXj2cPg45QcbSoYMKs9RZ,QmeBTzKM43jR7kUqR5JEPeirtWnWtHzQkeLfvN554cYxfY
274,67769679953894571193796202344826209057109739616313774406661493655584228252621,QmWfUWbQEcSAGpjBb8Y6PhaksovFEUVGaqAVS5jzZU4Ky5,QmQR6d2XaB9HxZHBPT2i8VSx4onQKHVpb7X1ngEg63EPpq
275,67769679953894571193796202344826209057109739616313774406661493655584228252622,QmbQxNDmUfMV65ntrpsvtjb3CZ6jDPAtoYpNPfwrECt2aQ,QmcyAvVfvu9qbeVzEhijL2RotaQXvq6n5ozfxfGTEeYprn
276,67769679953894571193796202344826209057109739616313774406661493655584228252623,QmZdqfoSuUBc3aDW5BnSMPQ2H21V2N3Yji66mpnd2Vjp17,Qmajuw9L693wRqov6Ne7UufdHHRLm3SYw7TGtgQTLW28Yr
277,67769679953894571193796202344826209057109739616313774406661493655584228252624,QmQvVqhke3ExkTP4CisLeEyPLhRLKnKbyq9YEvhgmFWBAg,QmSRsdGxsKgRHQASpbkhu4HCym4AWoaMMe3UzM1C5jQL9k
278,67769679953894571193796202344826209057109739616313774406661493655584228252625,QmdnCaNQCh1kRmBvtecneDGvZ6ytSN3UZKS7MAzL8Vk3No,QmWuDCyeo2wM12MZMAppsitxSJXtK3P1q7tPR3NR4szgnS
279,67769679953894571193796202344826209057109739616313774406661493655584228252626,QmXbZS7Ys9kZg12gnN8pq93KSNQYw4XPukyYhdEWHt2khT,QmammB4UkHBRe4crzJjyw9ygepRAXiewqrKc8T4zouMKB8
280,67769679953894571193796202344826209057109739616313774406661493655584228252627,QmSQoPkK3RAt92oGFiSNTVyA1XoRCHNGw8mNaTHvDe9Z4V,QmNcSpuAtgZKSPzRMMsduWY4S6y6CHHx5LSCchFYr9L8YV
281,67769679953894571193796202344826209057109739616313774406661493655584228252628,QmVr9VebAUgoBzPTdHXMtyUzP4sajZNMkFjsF5u6i7ZA96,QmWN47mLLSH3hJTHnK28uzSxBAZhCtwnPgqbh7azbw7eNz
282,67769679953894571193796202344826209057109739616313774406661493655584228252629,QmYB39vagKyw6KsXnBgj5DCCijAb9qgRnNKGv2TQ6F3Ke2,QmerGBjAGviiAApKebv24n6GTSyBg3ikijsbZMhThHd1Hv
283,67769679953894571193796202344826209057109739616313774406661493655584228252630,QmT1rVKh8bxXWfPZyS5uYzs2FuWAzcHayc4kKTLZnRspfN,QmYWEKUAiY3Cm4M5YA8zJLuBmKEbUe4qztqRoYyxQZvCZm
284,67769679953894571193796202344826209057109739616313774406661493655584228252631,QmcXoA4qzPBqxDssVfe7YKcYDzMQV7YQUNBhe9u1E7S7VJ,QmbX7XCZLASSpYo44SygYh7Qun1K2ZTjs6ot6n7RidPK8n
285,67769679953894571193796202344826209057109739616313774406661493655584228252632,QmZQujAPGtyQxHeBNMDVw7YhEnwhu8pLjcH9vD47vFWH8f,QmRreStBnX2ViAJ6CigypF28eRi6zb8d6MHbzX9Sg5GfGH
286,67769679953894571193796202344826209057109739616313774406661493655584228252633,QmQGssWnRzCU15o5jDNgWdPsM7EQfAvWXVt8E5WUSK4N4K,Qmc1e9SCFepAVSYmypjKDg5ADcTJk7tU5aHh8LaaWizswK
287,67769679953894571193796202344826209057109739616313774406661493655584228252634,QmSdjfaHZgMCbU5mP1t1soqbYbzwoj3YKXi1ukzKyiCLqk,QmcjySWzSGCkwswrgbcDS4Y2W2p5q5mf9GNLtPQn7Uk54Z
288,67769679953894571193796202344826209057109739616313774406661493655584228252635,QmYWPSv7faM5J995k3TGCyQDtREWhDBn6pY2qYcig9VK84,QmUAb4EfUoqT7cQPQm2qU83nxxTGgNfpiUHUxq2APR9vtU
289,67769679953894571193796202344826209057109739616313774406661493655584228252636,QmQ7qYTmypUEaHWyfFZoNrBPQUtTb7keuMGY1W5YgM7uT6,QmS32kb34dqnt6hjhrpqWkrdfHANjmeJABGxgeLZH3mW1Z
290,67769679953894571193796202344826209057109739616313774406661493655584228252637,QmbjWcDydokbqugWwzCM9TeEosJzT6Df4mtkvum6mafvzd,QmbTThsH7eoSsZ3ZR2qe3ED8cMtPA5C3obvEUCsCTx86wR
291,67769679953894571193796202344826209057109739616313774406661493655584228252638,QmSRtMT9R2A1HSULEBE9YVgh3iSaSsWEJ8QBWVNQ4qCAmR,QmQ2T15BQeTqVEfvE8fiGips53DjoT32TerMC1mu44tMvp
292,67769679953894571193796202344826209057109739616313774406661493655584228252639,QmVgoH4VmUdDyPqXC2MaHVz2n4S6uxRgt3S2GfFVrinNTs,QmXSjNeC2wmGA8BXgFG8J52xotDvgCwQxuaivE6rc6w7W4
293,67769679953894571193796202344826209057109739616313774406661493655584228252640,Qmc3MMaaVit5DjP1rXZfPwjttJZznnu6fuzHnq2DU2brqG,QmfJQUNCKYUTvX2nv8y6h7Ac1EkJCh5SvETvomQcv26K6p
294,67769679953894571193796202344826209057109739616313774406661493655584228252641,QmPWjqqAjnvE6wwJAvoaCKPqkFrrhVuYJ5w6hNHKB5UhFe,QmaK3N82LfLRdBKKMrfBgeMkzK7AeRrde8ZYrkyPvsmWsu
295,67769679953894571193796202344826209057109739616313774406661493655584228252642,QmdPQeJTUmQ8rVW4Rv2vcLU7mXKKdvkVi5m9YKvtVd3eRD,QmWTjyUJ4NXQWsNMVSAjo8KSGUvAJTYKJs7xT85dAqxby8
296,67769679953894571193796202344826209057109739616313774406661493655584228252643,QmPRUc6YMyr1gTzDdPccxzQaMrJNERx9PUefv7UJYZ57Zv,QmUHKj1bNETcUiDpnVmB23WYkcsn1xBunSQ7kKacMBonHt
297,67769679953894571193796202344826209057109739616313774406661493655584228252644,QmUxrXAdqUtu7KFXWhfGPDjrHBt531gZ65rXiAnKPc5qTJ,QmVPr6qgHx4tuGHsPn6AVxeMH3h7BNjLnzwWbuh9zDAiPP
298,67769679953894571193796202344826209057109739616313774406661493655584228252645,QmYDVrms6U9idfsFpr2Vp5yDBVaQxk5br2WE5o4tN6SStz,QmZEgKeKzgAabwEAoVfA2jdyDzSL5LsehtuRxmbVfSocgP
299,67769679953894571193796202344826209057109739616313774406661493655584228252646,QmUiYyFmBFP3hUqarZSQBgbaBRMPE7rMY3XroA6BW3YBwY,QmZpMtGee2fGU4zmXx49EZmcT9JWoTra1X63X8PjMdYSrR
300,67769679953894571193796202344826209057109739616313774406661493655584228252647,QmPhJki1WZEgc5F31xNShMW7mjEvsmMf66FFzWebK1Q1gy,QmbzYqwTe8iSnp6dusvGT4WwZ3FGoAcmopY4D9cPbgtzcb
301,67769679953894571193796202344826209057109739616313774406661493655584228252648,QmU6anzHvSUnV7oM9aWk6rYVT2geTg7xmSG9n1ZEEtNdXb,QmeGUSjYavEMtFRHKoqWkoctCvNLxKnr37jY33LgPBC5cu
302,67769679953894571193796202344826209057109739616313774406661493655584228252649,QmbQkhQBVFD2c6EYi8nGhVjNe6MtPCmg1aaYGipaQVg9Js,QmVdtT6rVzBaPLkSwBqddc5gtHpGLmFk87UrqNDqXGRetU
303,67769679953894571193796202344826209057109739616313774406661493655584228252650,Qmbas85zAh7Q5hDpN4oXBU1ZkiVtywWvvKUtSY9N3VfneW,QmQnnpD5krVs3AUNiMujFZA8LbHRQZmyBtHR7dKRLDesf7
304,67769679953894571193796202344826209057109739616313774406661493655584228252651,QmYktSh8JwHy5nApSogW4vxD1vCsPoZQg5JZoWsDe7AezP,QmPJ3MtGeVSNvFwwnPqx2qm9tdABJBCjbU7RA4iszrmZ4D
305,67769679953894571193796202344826209057109739616313774406661493655584228252652,QmNeDD1XoKrE72U7enqRoN26H2Q411UjCLtgrwGAeBZTw2,Qme8Dh1xSmp5NPLKjjRPsTaDKw11Su2uauzgho5xpYK9bM
306,67769679953894571193796202344826209057109739616313774406661493655584228252653,QmULAndocm8SmUTV1UkFGgTFckS6foSq9ZszRupSbP89Pa,QmeVA1ggp1jnXh9CsTLRiFqD8K3sG69cKGZG8MorJCnegG
307,67769679953894571193796202344826209057109739616313774406661493655584228252654,QmU76CJgcY2FpzihbX3R9MvxE4qd1GwDWceeGpJAkwXkhm,QmT5xc9TNAh2ue6MpsREUpRA3RFBwavB5QXhe29PcLbhkU
308,67769679953894571193796202344826209057109739616313774406661493655584228252655,QmeP6srMDAJX3ZXR9AWMFDichhUuR3iiNy6RH1igDnWUFR,QmdM41hR6edEXF4Qopt1rV3i1oE7ZXkdQiy2NMEG4KP4aS
309,67769679953894571193796202344826209057109739616313774406661493655584228252656,QmVDHrFH3uuCKSV3DEhQEsNW8Y2cHbQZP7i8fgbm3sQKgG,QmQpzyVxcK3rbXJm68LJGKyLxPdsRdW9fxsvDYBMtfxH3Y
310,67769679953894571193796202344826209057109739616313774406661493655584228252657,QmUDTUQnRuF9X81Bvg1S1fyEvMT88n7HNTwR3BooZhmAgD,QmQ7brGur9nJrU9zgttFKUnPLBumfRxeR9iYc31EPqEZPf
311,67769679953894571193796202344826209057109739616313774406661493655584228252658,QmNsvPD3Qwwz1vwKQrZ4orTTy3AmRRFb4bSCkkqDxbmv3f,QmbkwwW3D4AoNas3zGQGrmMG83oPvBMxJrSB2UMWvAztQG
312,67769679953894571193796202344826209057109739616313774406661493655584228252659,QmWEFNcoSBXcwRED8z8hReMPpfPL29k8Xp9AdKYgz6z5Bd,Qmc6CW31kipfmhx2RZetFUcLBcnTEyc49heKZmTXaGLiQE
313,67769679953894571193796202344826209057109739616313774406661493655584228252660,QmXZ1c8C11MhWopQNDRw3UUykreBHPWDMypaefcpPTEpup,QmcsNKfnc7BYiG6RTP9GWspSTjsCAH4ykruqskwWuqgeuc
314,67769679953894571193796202344826209057109739616313774406661493655584228252661,QmR2EyE2yVDLNfPWsdiMmj1mAbAVocCf1DXXnZzEDABYgU,QmPZ2oh4A5UJpWfZmPj1DN77mQoDSTB6RJbtLd4pkFUAoc
315,67769679953894571193796202344826209057109739616313774406661493655584228252662,QmQXbtjr8iM2agACry577XZMjwyn1asFvj5hPrMpfirN3W,Qmbni2RWYViLx7Y4LR3ywDEmd5CZXrTFY4ER5iWFsMmRTn
316,67769679953894571193796202344826209057109739616313774406661493655584228252663,QmPreXahdU5P6MdGFkuLimWBgNdVda155Dj4NDgvsunUJU,QmQH1rPyLVSZKtsAhwbmweTpCVFTLQsNnL4myeoLU7jbQQ
317,67769679953894571193796202344826209057109739616313774406661493655584228252664,QmYTmS8NmWDvxo1uW12uKiM8BK63G9fbJh1aMDeg1fA9xF,QmPBHa1QZpUBifaYF3R6wuetFgUKvUyS747rKxvuskSYKp
318,67769679953894571193796202344826209057109739616313774406661493655584228252665,Qme7kjgpoxNpmg4puBALR9ptdZwKfKJq4WRa8etdcTeVjQ,QmNsukUu1zaZk5CVXT8NoX6eYVKy8g7rxgtfrQZCchCHDR
319,67769679953894571193796202344826209057109739616313774406661493655584228252666,QmWDd2pAyrko2rdocC2C5UhvkZGyPidu1ZQmgo28DyeR2N,QmYjHFToF53WSexqbHxu1Y2Q3yQGqfDFPREJq2ixRtQHzR
320,67769679953894571193796202344826209057109739616313774406661493655584228252667,QmWfTYAZ6cwuMzjdwYK6C9udvmL2fW1ntMgyj1YB9SWghw,QmY44b1WQVDF2n7Y3jkkt3oxULww5Sqz9qVk9iZbHdJE8f
321,67769679953894571193796202344826209057109739616313774406661493655584228252668,QmYzSByrsrADa6Tjdb6dZRZSFceB4XwhZUahEjkcs4qpyV,QmWvJVcbhw7qrvB9dzeeRAuXVdmxRSBCuXNbLm1sxFRW7Q
322,67769679953894571193796202344826209057109739616313774406661493655584228252669,QmRaeopc3XNi8UuRnqwe2sBy8BJUT9jsJT1satBRWsTGX3,QmXBVhQaSaSNUA5GWGTnxPdTehcsCRhabfFmvEHF5Qy3BR
323,67769679953894571193796202344826209057109739616313774406661493655584228252670,Qmaq5cq2qYK3kKjwsTJKzRphyYz8Aqmb4NA8A7vogMJy8P,QmY6uGdqzTFmgrDnmMwUsq36XTMZPTLfhMFFuPCyGxzpxV
324,67769679953894571193796202344826209057109739616313774406661493655584228252671,QmS672tXQoYrBC1fXXPMnmzL6CCoGC6bkLC9yQVTpLv6e5,QmTB5atDtCMUv49FGGunZNTHSd9X8A4zjyPc1DpZfs4HLh
325,67769679953894571193796202344826209057109739616313774406661493655584228252672,QmWGHP2wH3XaSX1Dei9nqKzsJgUCfKMkj44jhjP2fHpDcH,QmWkTph32bS1mnSVMY6FMAECCEVJAvuLWwBRK1KS4T2YpC
326,67769679953894571193796202344826209057109739616313774406661493655584228252673,QmZxKEm7MzVu3umBjGHfJ8j49SMRbtbCxwKGDE2eyNDtS6,QmNxs4buyHSpePbKEkgpUZCE5JmLGsmjms82FWiFpkLA7G
327,67769679953894571193796202344826209057109739616313774406661493655584228252674,QmTe7nvxTvB72Cb2G2766duebGJK9vLWhcTfFrJ5jMijgb,QmTtoBWkQMTEnjdKcKTqjnSAKLS5KuCfhE6TjDpuAkQqBL
328,67769679953894571193796202344826209057109739616313774406661493655584228252675,QmNXeUAhcquaSjXSXjh7unw4xgt8HAsUoU3VMDyBMQdmGa,QmTedVfiatzucT4MVdQFxy56Ka8ZecnjfsCffwHGgctKG8
329,67769679953894571193796202344826209057109739616313774406661493655584228252676,QmPJmWKvJEeJYtT5U8WCfVv2mFMJE48wyXayonLyxAkqkE,QmTD5xc848uCHZ73czW1xpadeqnqGhpGsuZNZk2BwjctWo
330,67769679953894571193796202344826209057109739616313774406661493655584228252677,QmQeJUfuDYJSRCfn8SepQQHWdnqUTSnHk1ButzNWsRkavt,QmUsHCiQww48ozqB1utAST7inSvDv3pHEk4qL8JVDXzZaC
331,67769679953894571193796202344826209057109739616313774406661493655584228252678,QmYvsfQ8B7MjPxw2UxaFz8SBciQ3CyMHemGrzZatTDNUvc,QmTXcNogCAzmes47Z9KdR8eScKwmyxKevLA1GCCurPGaYr
332,67769679953894571193796202344826209057109739616313774406661493655584228252679,QmTwhDW5m3QrDiNoCiyKkpna1RAiwCWAfwRiUgnLoymHHJ,QmPFsFHhBXxQbZT7X8Fm4FhbJ5m1kfjtMJtQqbpa34mJJ6
333,67769679953894571193796202344826209057109739616313774406661493655584228252680,QmQtdLgiG34QArABWmDJdwWmgf4UHVM3nM6SMRrnfwczwW,QmRu3P7ZqimM9imZCm6cDEWNE3dAnyErPoWvpLTCpu4QNj
334,67769679953894571193796202344826209057109739616313774406661493655584228252681,QmXARB7JBVirdKtTmZLpgtpGhrMFfdRzq6WULV2ua4tMPs,QmRtq3KNUBL6E9DuUYN8xLYi1grB8wa9i8uwnfM5u5nyFs
335,67769679953894571193796202344826209057109739616313774406661493655584228252682,QmaHvhdm19SLs1BELqxsc9e3es5wjdDTtGyP2Qa94dhAWB,QmX4GinJpv6SquzrzKNgMJ28tq82FniUm1vbfgdSAs88q8
336,67769679953894571193796202344826209057109739616313774406661493655584228252683,Qmb2srtgyTpAoQPnZXzjYQZqtxSXUkfww1MDQtPipA2ptc,QmWkasNDwhAkCZ99rL7zFEjCkGutSyDfS3EZz7haqRfLm3
337,67769679953894571193796202344826209057109739616313774406661493655584228252684,QmQA4ffveiTNp4AJQPEhL3SALTqezaLYpZqo4n3PthVRbx,QmSCt7JAarsAUEsKgTR4kGSEP9Jz16Q1icFEpKBZnknjtn
338,67769679953894571193796202344826209057109739616313774406661493655584228252685,QmULoYzsnXtkB7MsGkMss92fBaUSyY2WsCxKvC8zJ3wHNX,QmecM6rscYPEnioBZYZ5AJ61NdNx3tUgDNrwPf3eJDmHCN
339,67769679953894571193796202344826209057109739616313774406661493655584228252686,QmR3FekQS4wBXc8MJ4t1xi5mxipxRJNzt62YaoNgcYoC6i,QmWBdJfWkxExTrwAf5wTSm41krKNLkTCD86eDVsdZArd4A
340,67769679953894571193796202344826209057109739616313774406661493655584228252687,QmadTxSGQv3LQA1UBD1jjLW96nL4hvSRAJHo3teezwawx8,QmR7RAZ61ct7JkS9JJh2QpP2pRqVJMuHqnRG226akUtnnC
341,67769679953894571193796202344826209057109739616313774406661493655584228252688,QmQgdNKUpe4R675Ji855Dj2sWiTxY93tv1JiLgEF4fHbYJ,Qmc5nCFfHWfErCBXxhsWArsvQHaU7A3M7sMNVsbLjow4NH
342,67769679953894571193796202344826209057109739616313774406661493655584228252689,QmQch8vJajh8g88L7X5ZtHNP3LerZDE4KwE645Tjh6fMKW,QmZUZaGHAtmx9q6sdctcGjwCztchx4vxBeJseom1mWxqwN
343,67769679953894571193796202344826209057109739616313774406661493655584228252690,QmbhH91HnP7F9DKyBtqMXTCDJgUcAFW743BGvaGPT6JG2d,QmZNba4Yu4UBgaRWvB2acSxSrwRLzi8gmdU12njrp7fYyz
344,67769679953894571193796202344826209057109739616313774406661493655584228252691,QmZKhGrKHrfR3HLQ9SYtHXXKtXGPpqZYk8UgayvkxXq7Ae,QmaDJqtPyvXt1F4Kg6zLtvoU1kUGFGWfCwkXnpzNqyCYFG
345,67769679953894571193796202344826209057109739616313774406661493655584228252692,QmSDzP25FCN2h9YaKFjcqdHASKmNFMRXKDY7kbMQpLxHob,QmW4i22yNet6fkndVe2jFtUFvg1n2xQwLD2Qv6UydhByAM
346,67769679953894571193796202344826209057109739616313774406661493655584228252693,QmeAMWPK36enwZLPbgDLF51hLXCmCDNKviNSBsc3psWLuE,QmZx89DXMx2PCFPXpkaLYKwFxZH9FQKsQV7iKrnk9kJ2kV
347,67769679953894571193796202344826209057109739616313774406661493655584228252694,QmaLCP5L7BWH7UCgtYzqxLXvbSSxDsNsBZHRVqEJVvuFiD,QmWLCuN9DZiyEbaz1YsRfsyqJZquBm15KCgmxbxRKdekJc
348,67769679953894571193796202344826209057109739616313774406661493655584228252695,QmZEovcKSGAxdtxGqbY4pcSsEwttyik2sAQpxY36E1sUtf,QmRQgTEz2D5WHBfPoL867jFo2ZFccpbFLVvWxhHvwyYBi6
349,67769679953894571193796202344826209057109739616313774406661493655584228252696,QmaGNixdWxqYSm6fKXWKsgV7uikgEUDUDc5msMmxzdxxqi,QmWCn8FnAs2HFmgZrL27ir2ALQTQWx2UEuz9d2ErPGdgcz
350,67769679953894571193796202344826209057109739616313774406661493655584228252697,Qmdqh7khxKEFeHoEeuddYzMpoRfNyUgPLyxcnsqz34XbAp,QmUFJgMzBMz36zwALUMzbKgH38AtZVuJrGHDpyHKRMNZcS
351,67769679953894571193796202344826209057109739616313774406661493655584228252698,QmQDh49uzBBvegVSKxXPpaqw2BuHctXpvi8Evu38FVY4HV,QmTwvGVkiRzoMFyQwwPphbWYJP9DJSCrWCrHHBJ5Bg1i3j
352,67769679953894571193796202344826209057109739616313774406661493655584228252699,QmZB8suZJoj8riEBaAQo5a8BczJvdCbr3GUUTGUoQkcurj,QmThxRPDpzVZqhzJYGPxDAwbSpQpMcz3PSfPodvUuNu4VU
353,67769679953894571193796202344826209057109739616313774406661493655584228252700,QmRrUkAT7Xp3qrE6x6dCVeo2pGRwYpBau2PDGvUtrtdXhw,QmZCRUjSeujQHgTjwdYf8uxvsxamtHstYzz8ihuAuEPsba
354,67769679953894571193796202344826209057109739616313774406661493655584228252701,QmQXe9b2yFS9xDWNKDWDJ7m5g1TGcoNvvbLUEiJPX4iU8Y,QmcXMA7X3sCPP6tptQtEpe8tgw8wqD5yrxs6tjA66LS3vu
355,67769679953894571193796202344826209057109739616313774406661493655584228252702,QmbeRejnwPfh697D7barT4QLcNPvCPFv5vM7Qe4YVnTsrs,QmSVsdhA8GNEACrqyb74Bx8nn4vWrB2BzpqBx5FTJWh6et
356,67769679953894571193796202344826209057109739616313774406661493655584228252703,QmaKLmuZKUCozF88ULLvedeiqwqKnM2SryPha4VHuixMd6,QmWdtMSJvYLUoiWWtUUgKysokpXyPEgFW6t5DBBQV54Ekx
357,67769679953894571193796202344826209057109739616313774406661493655584228252704,QmaijcSrsDjZDpoTujqYeXJH1ximNc7LLr2JnZVoY8xZok,QmcznotuPxEAX3GCimfgufqAiV9v6Yidc4o3nZs4cvEWsg
358,67769679953894571193796202344826209057109739616313774406661493655584228252705,QmPUJLXU8SmQfA4Lp1bqzYfR3EzHFG6f3RNwREJBcaZE5U,QmSJa8b3FX4Y3jLVoNMQpbMXCVtdMapPsc3KWf8z7Xs5pX
359,67769679953894571193796202344826209057109739616313774406661493655584228252706,QmfQ5wLaA4SnJLsnDucpKqrDdiYi22DW6mEXZESRsH9bpY,QmTKwLd7F12Gf8hwRFsLkE48hRs25d942VZxucT28a2EhD
360,67769679953894571193796202344826209057109739616313774406661493655584228252707,QmeaVrLMFYSuJ1aW3CSKPDsFEQPUmkxjpRhRrneAyDNdj8,Qmc2Eqw27T6t44RNoEPj7MZ65et4f6ACWJBcDBGinRwLZo
361,67769679953894571193796202344826209057109739616313774406661493655584228252708,QmbAuhg9jbZj53DDDkFdvZ3UhFoff1M7rrJq4WXaq9xqJd,Qmd1Uuw62zLhk8xUffENkwi6hbC4ak5pT384PtfKTdaqFR
362,67769679953894571193796202344826209057109739616313774406661493655584228252709,QmWJU6QSGrJ8ibqM3Pvm5GKvSeMHfoZSUp4nAKPN3oyWpE,QmZJMzkmfNEm1nw3VB2HgJ2zfdzxDrbUT3yWdPW73undhp
363,67769679953894571193796202344826209057109739616313774406661493655584228252710,QmczzKE2yFCv33fZZsCR8ufv8N662GWEwhoGCB3hPYR7nB,QmXdgZMRdDLej25ZfMWjJoeg6agyk5SKAxfksbv4FvLJPs
364,67769679953894571193796202344826209057109739616313774406661493655584228252711,QmQ3UJ2HAqFV7hYxigTw8FKJcgcGErUkNyi2f1VBChZb3f,QmUZ9TZ2B72jJBdEQKzNpNevrNQ1nJcceATMwYPwzd5PN4
365,67769679953894571193796202344826209057109739616313774406661493655584228252712,QmYr6N62HeyG1iDpriHgmuG2pQTosyTKgzQupb71kCLfxB,QmPgyFYs7reGdqfzbFjoxkGCodkNiyB3q1WUGoCr9yqH5f
366,67769679953894571193796202344826209057109739616313774406661493655584228252713,QmSqV7GXxiot7Cmws3UjA8tdDZouSYMH3s9d5WFpZsn5Gs,QmURUawzxehE6MsfUXRQ3oz22P6nMEuNpwNP2iwmnfhg8r
367,67769679953894571193796202344826209057109739616313774406661493655584228252714,QmXxeszi7uQ6rbnDcfGm4HwLv3VaYhv1DHCCv9H8mPRxwP,QmUzyp8RHCdLYan3HTfikXuxhz3p3JAwqxZMJwhG3YgUm3
368,67769679953894571193796202344826209057109739616313774406661493655584228252715,QmXh35wQ8G7Jh4f7BsTRRscBmpMbE58GXxJKRA12TiZXzQ,QmcurUS7X9eEMggabHviR5tuGvTPkk1R5N1L9iavYCFd2K
369,67769679953894571193796202344826209057109739616313774406661493655584228252716,QmSBxsoJnnpLMdcT6yjTjh9TCf38bQ1CkP4zfjrb59RFcV,QmSX8UeTZXb2oP3V8nRoYNqW1XTkEhiuDbP2CTUkGUGtYb
370,67769679953894571193796202344826209057109739616313774406661493655584228252717,QmX7EKykvuVj6NFAvwaCU3iXhs3uXRk1HsfitrGMtV4nYn,QmezNEVjcVk3GEw3fdNc5hJq9ELtQQWgK6fTsLr8RCocUK
371,67769679953894571193796202344826209057109739616313774406661493655584228252718,Qmej2Z5nvJZgjNsqchw8eWtakVHZXTZ8s1QL77hvKRf64a,QmS1CjNF91o7akZWGo9E2kdF7R1dGzmmVHhvZczEKySwnm
372,67769679953894571193796202344826209057109739616313774406661493655584228252719,QmTLQ8JnpbrjxYLPzGWENqmzT96EsD1reFPSUJGKKoc8pH,QmdYv2r4vMfTJrteaQE6twwQvrfJWLfp9GA6Bg8nkK2hAZ
373,67769679953894571193796202344826209057109739616313774406661493655584228252720,QmcAZYY4iwuX9U18X1mP3JWBWKVALtkDx3exjnMJNebdNk,QmZCtwdDhZcVqMbLxqUCrLjGY65dYyqhEKJtvmGF32hfDs
374,67769679953894571193796202344826209057109739616313774406661493655584228252721,QmbLU4qqvK3g5kH4drThFVb6D9rwXKcrQTjK96whJdp9mp,QmdXUUczDFGuraPGRhmBiTmV6z5h77K4GyuJKS1JkKex7H
375,67769679953894571193796202344826209057109739616313774406661493655584228252722,QmZNJg2LBPtVvkztfhbnLR2JrwUFyR94YW3N7a3s7qFZdH,QmfSozgZTBYW6sh4boPSHM8QFHQuQ8B7w3fKbKcUUaDpHH
376,67769679953894571193796202344826209057109739616313774406661493655584228252723,QmXtGAHEQBeThoF6aPzqwSU2tQd9KMHQRm99hiYkJixaNi,Qme52T6DBeiwjaWJAXBW3DqjcozjEgvQ8QSYY8PhyvUqjP
377,67769679953894571193796202344826209057109739616313774406661493655584228252724,QmYm2VQay3B63DfwSjxomUNaLMifLPyLDuX4gvWw4fY9Pz,Qmch8HbnL1q28hKB41STsxjbkCFxffbg8o4YfZRNZkMwBv
378,67769679953894571193796202344826209057109739616313774406661493655584228252725,QmWBKt8hgJWJnfVPhEJbY9hoXkQFC2uP58F6bXHatcCcQ9,QmYk2dz1u4adCFdR4aLidH7amNUAN2nyEeEqExWkCFCC1g
379,67769679953894571193796202344826209057109739616313774406661493655584228252726,QmQKVR7UvWaDYnM4ynrNjsRbm2HzDtuzXjHGGyHzLoGa9m,QmSWGkKUerPsr7WjX2K5G95VTdhs6UyDx2cGE3EJW5KWYc
380,67769679953894571193796202344826209057109739616313774406661493655584228252727,QmZwS4bMoS1eRc9ZVbnJorsf3wCoD4jSj7u4QpRFzXC5rY,QmZtjtjnweNqbz56VBRGCf6wfF9BMdcoNsHRbE3PXGSzmK
381,67769679953894571193796202344826209057109739616313774406661493655584228252728,QmWjBR1fNrwXkn9icay3j1RRHayQDekShqzaXj2pZcpF3e,QmdB34tTreavKWrCDAXsVinHbma4khPEpnQCPZabLpcvdE
382,67769679953894571193796202344826209057109739616313774406661493655584228252729,QmSXLN2p9Fy5wBjVb5ujHJGMvkqmBzR7HqQhBx4hM3EDYX,QmcF2r85czD6GqJxos2HGoeXPMD8D3KXzACgWhM3ZgUeYG
383,67769679953894571193796202344826209057109739616313774406661493655584228252730,QmaZ1FKF7pB6aCqnUGtADgRiFTosjUXiS4Q42TgZVTv56v,QmR5UfKMwfeYgPgT7G7pzxHTzWkVpURyVNvKhapRVnesMr
384,67769679953894571193796202344826209057109739616313774406661493655584228252731,QmXnp6w2hdPu8FBcSifDVgDsshxpVBW3RNnYWLucbPNYYi,QmXMCXf7nbEGXsXqH3M3JCJ2TYAAC4GADywE8jsnAwFDec
385,67769679953894571193796202344826209057109739616313774406661493655584228252732,QmNSuuCxEC1VxdNpY8YA8pXTD4EG2jEWAtdsfjmG1JZPDF,QmV4REU8GrreLWdafGvjRTLzmAPZ9WdEc5utCNTnhTjKgZ
386,67769679953894571193796202344826209057109739616313774406661493655584228252733,QmYUiQkkiVrTAag7JnkF69hkBC2YfXRvazjpBQVcUgc2rX,QmdAj9BM5p59LYaiCG3NCFAz1wkE1T9XkKCW25RwL8CPSV
387,67769679953894571193796202344826209057109739616313774406661493655584228252734,QmVoXiPQuRhjs6jFTPc4vEWFnV9pJrPtgcskfgaTE4qWgT,QmWLZwWCQzJNnxTkpiiUTQdstoiBbyPp3bJVWTg56Ponwe
388,67769679953894571193796202344826209057109739616313774406661493655584228252735,Qmck4MLgyiJXF616pZfoXSJwgdBAoorU9j1KbPPgyXkxbh,QmPPDCRkMibsuDcjPWCLcGiq1qXBhH7xBAeHw4DA5oxjXM
389,67769679953894571193796202344826209057109739616313774406661493655584228252736,Qma4aY3RAGNuegiKuKGfYj9kpVNk8Z6DUAnzaGM5KMBEvM,QmcH4VWffkT6MjDpcf6upjZiSbvEM6fDm2ZPzAJE7nxcVV
390,67769679953894571193796202344826209057109739616313774406661493655584228252737,QmaFMKUP8MUv9te7KQnfrCga2qiU69k73nMwREHiHWgx2e,Qmd3zA6yf6ArVH4ch6NuSoPMsLZj7KmVxfj2kXtxGzkGSz
391,67769679953894571193796202344826209057109739616313774406661493655584228252738,QmaSWZX3TZDQnab48bWXZ868nguDrwmQckgWrQyRcyVcLX,QmWfwdMop757viCuak3hhTYwBx1EyCmv9MMWw6ZEg4gv64
392,67769679953894571193796202344826209057109739616313774406661493655584228252739,Qmd969Qxxk5z2xE37Hv9bfrNk4KHt6S5255LUUVBWwgdne,QmVdmJdvZS1RW4wyaZTZCbW9vHhAoDh9LtRY8k7XpjfkcX
393,67769679953894571193796202344826209057109739616313774406661493655584228252740,QmXa5k3xsX7BexATL72eTnskVFuF4mQZre5VbqdvrMyDM8,Qmbi7pCtGCLoT77QMMjtJnXFLd9fbxmcbUpMKEyQ15xAU5
394,67769679953894571193796202344826209057109739616313774406661493655584228252741,QmaQfDHw615j4BYRbaNECTZQBUCcXXBcB31U9AdbZ1a8R5,QmaBDF1KJJsCMWmcpxBHEP9xdEJPJMeETbV8zBbzAHJmaP
395,67769679953894571193796202344826209057109739616313774406661493655584228252742,QmYPjqHshmyKpkdXUg4Wkss8A16yVVxh6cUMjzh7y7MZ4F,QmPwdfv3DCTHWW6LfXTiNnfRRFw1KpudsR1rTNPJv3KvBZ
396,67769679953894571193796202344826209057109739616313774406661493655584228252743,Qmf27qC2BFsNp2FiqAzbMc3zdwuJRYjrJkaZ4qbRWkrHmQ,QmWgeYVCs8gY8c19EvjMvcfagBFtWNgv2Cpr7qGQLY38jq
397,67769679953894571193796202344826209057109739616313774406661493655584228252744,QmdAFgm9jJ7kd4bXuxQ7gxwrZoCeTQy47wET1rrswcYg27,QmWEVojioNDFwKu39MFD7NZhiGHcSZQtC5H52zRAgmvZ3r
398,67769679953894571193796202344826209057109739616313774406661493655584228252745,QmPcPLsUDUDE9311wi26fLzPcaSi5DuFf6RtfhogbpVLLg,QmcdsEuE1P2kvwVyLNERYGLoXpwmTdS46isBHFqWTsbNRe
399,67769679953894571193796202344826209057109739616313774406661493655584228252746,QmYDnoTR4CGN6ozbpQ5Rz7BuX88WGhMB3ibZhLdSQS5Kaj,QmdVutW15EoUksnTaozVgQM5eN7yPqo22QMeoHDfPjoQZo
400,67769679953894571193796202344826209057109739616313774406661493655584228252747,QmRYaknMwrpzBjFrqPEdJEyzZQqdwUhJqJDFLhMfH8DGEh,QmdadUEjdcdxkRhbvQGCzopFaVcPKL32Tqn4nR3JfMC7Fn
401,67769679953894571193796202344826209057109739616313774406661493655584228252748,QmWrFJVMPNUDBA2RizQKgu6X2XjfXYNiqZwr5VJcaTMDgT,QmcxR5MD48DZLFveE9RkuR1R2sTn42rr1cLDtRULSfLGmA
402,67769679953894571193796202344826209057109739616313774406661493655584228252749,QmbfemgqEJd2SXxYdUvtMRE7fJmxhWwphXYBn9usH2uA6i,QmXt1HGLeYttATChbHYESQd86CDCogEW4ZUEdPX3eM5ntE
403,67769679953894571193796202344826209057109739616313774406661493655584228252750,QmWsmVWL9uPjELCf8tywn4M3ScKzYuDF1NqmakoDbofUSj,QmcNd49CoPtM2u5K6q8BAzE1yQNM2RBhsvvCq67MRGkdGX
404,67769679953894571193796202344826209057109739616313774406661493655584228252751,Qmf59qto1gZJCkYo4YJJjSgvfgPaesEwhQGjxtUu8J5D1f,QmVT6y7ZYiCvpMpV5jzE5zphXTDtUZhdAieF1uaE6LZ8pr
405,67769679953894571193796202344826209057109739616313774406661493655584228252752,QmbzP9GeazRt3b9fPGywfq8npbk69tWufTYhF8PcC75bp5,QmScJqLreox7uLFEafkHkm1wmy3aebqC7WkP6EfMdRwoQe
406,67769679953894571193796202344826209057109739616313774406661493655584228252753,QmYcxxqeivRgYnrTwp5gt7GvGvBVEwxDHBY4xAVhpDg5c6,QmWxqMAYq6H7ssx1Jau3NoXTAHPqjV136vqYgTgqfgHFk4
407,67769679953894571193796202344826209057109739616313774406661493655584228252754,Qma46ggZbhnCd18ZTVkNgUNF3JfHKFMijk2ijEeX23NiUX,QmXQCoH8hCw2yjhJHTVGrtGjgZ5u3SCAi9qsBZ7BfZdaZn
408,67769679953894571193796202344826209057109739616313774406661493655584228252755,QmSnqBR1U2KGm4AfVSPPiMH8L4qzvDc5UFpivnVfEYMVLq,Qma391YmhVyqQt3bkQv6rfRNfMc82qXUVsLFRsgG5z33cT
409,67769679953894571193796202344826209057109739616313774406661493655584228252756,QmfJj2v4692kWuB5qcDzQaPxQz89D6kVwSfxiebNASptrV,QmUDHD1g23W6zE4SrMPHHAziU3mYuEBL5ffV5k5SQHVudL
410,67769679953894571193796202344826209057109739616313774406661493655584228252757,QmUDE97MvUawUCoDo4XaKrXdgNNCfZBnrAX7sPjJuAaDhp,QmagayZNvifWaUa8KC14EmxFYbPftnG1AYpWpH4pFZZv1M
411,67769679953894571193796202344826209057109739616313774406661493655584228252758,QmP9BDmpKDKyH8BhSknL7aeWJe4CRDFGM38oZSxFWP5wBS,QmWnJH7SaRGeCT7JXEHv2NSJi576RVMgoBvEJaRyARBLUw
412,67769679953894571193796202344826209057109739616313774406661493655584228252759,QmWThm7MYmtiFK9mohksJzGtak2mtGQNVC7kPaKBVL1z49,QmV1HzD7fMgWM58pWEgnNTKUdehgvFsoJLJjAQxqmPG3wV
413,67769679953894571193796202344826209057109739616313774406661493655584228252760,QmRsz9QAFmz6MXfpPPQjgfV42ZUpH9LXdNwaXFqAToSEU4,QmZbtf9UjG6wGca6ZgcYHyEW7q2Y3G6PHs3UMBhAKSDtDQ
414,67769679953894571193796202344826209057109739616313774406661493655584228252761,QmWPqEW2WDTASC3REcvFy7KQkQLDUerRZzDgkptGHumedg,QmbCtbP8HGECkNcqrxQRPHZ5BzrrPKAkfaibc9h2uSCR5n
415,67769679953894571193796202344826209057109739616313774406661493655584228252762,QmR28xcfuFeStpVuoiicmzkKPkgoLaivn5gyQfWLNp3SS8,QmdM9kHzLSnQUu6faqC2ehSTBw8LbJ57CgEGHJpXfrcBbC
416,67769679953894571193796202344826209057109739616313774406661493655584228252763,QmYX3ybZJkHikNoSCvX8mwjXGSNWZdmEpYr6CPR3TFXgg1,QmcJiZm7MzKPJroRaLy3UmT8PqAcuthp65BjDaDvZgjnk3
417,67769679953894571193796202344826209057109739616313774406661493655584228252764,QmUochiWrkbw9BqnUGbysLRFPoG6Ngio2mPjdyAnb4oCNS,QmYjhWHywyreoc6PmAqpLYxLbzC6eNoWMDSYk9NfkZCqPH
418,67769679953894571193796202344826209057109739616313774406661493655584228252765,QmTDbED2sZwHd16Fd98Ltuy7Vg4od641nFxtmNnKR5vywp,QmdzpiwKYvkSbpyNCVngBvuFjexrM6kGK83Mh5FPgnTyts
419,67769679953894571193796202344826209057109739616313774406661493655584228252766,QmdYBKBWZXuJik76FB5CS6tBXCBvkn7Vjz31ccuCyK7tNM,Qmat7TodV8AVBw1cwp442ncnYauCe3Ht1hCvuKL2UfCpUR
420,67769679953894571193796202344826209057109739616313774406661493655584228252767,QmWHb6oLf8CVxju82YfuwzSuvXLgaonTZ6LB7aaQYDchcA,QmNctaYnV459x2BF4U85nh83LqnRPg3dZVfNreZg1dN3cu
421,67769679953894571193796202344826209057109739616313774406661493655584228252768,QmR7ajteXzmi4xm8ag87Ck2UTZRwyzxBnqdJXxrCEaKsjd,QmSfXgsVurSfB7BAScrhKENCr2fo2v9g4is7xSrXDWguYW
422,67769679953894571193796202344826209057109739616313774406661493655584228252769,QmeaJPjaq8EDZaScctA5sjYDW2iw2xKo4TuUb8sayzSTBQ,QmS5CFmPvf4xuDBPdHLaV7tUS7NomBbVr6bFkfMb4XSPPw
423,67769679953894571193796202344826209057109739616313774406661493655584228252770,QmerJZGevKX5FX6BEd4GzK5a7Vsripmn6trkdpjnQyeHVx,Qme4dzaz1i8r3TJeJREQVQmCkFFoU3XdLpgtZ7GoXpwCCR
424,67769679953894571193796202344826209057109739616313774406661493655584228252771,QmNyaKCqsog8MfRvSqSkJKkQt34TopMzEGzHAsXCLHFSE2,QmciZrWBVeVKTjAt1k6MnbzpwUN5SZyWu9YYs3oc3qkukH
425,67769679953894571193796202344826209057109739616313774406661493655584228252772,QmWGAhHPtPLcEcdPfiK3XPhcYC8XNWG9sp5qPXCQLGVQBh,QmWv249KbtP2fECjHAdvvyVxARZjKxfYXvN8aNde3FCsYK
426,67769679953894571193796202344826209057109739616313774406661493655584228252773,QmaUoE8XZdEvaviyTHwRcRHTya4XWsPqCtZKK3KNroJmu2,QmeY3Xg6UrDEgkuRixuMNsLomGkRwLg8mJnyVqLS7qbZa2
427,67769679953894571193796202344826209057109739616313774406661493655584228252774,QmeX3PmmmQoTYMhcarrDHbNRCBwdKxnmpd6P5acpLmZBLH,QmZr6aoWtPf68Jg6kP3uphoxYDnExBow6cr6GRray45oVU
428,67769679953894571193796202344826209057109739616313774406661493655584228252775,QmQCN91RTWe7Rqr84QZGhBg4FJdaHWKpyu1RhVRcSj1QEN,QmYF1itdzECGCyZ4CLsMaYLxLT53dcaFp7B6RAoeYfWaxf
429,67769679953894571193796202344826209057109739616313774406661493655584228252776,QmQdTaXschJKzQ8Nhgr17dhE5eMkvA9P7r1fNbDUoggCr1,QmaBaAe63KHLhAuZziDjzq4i9K2QEHDQFipH4foPFqdV7S
430,67769679953894571193796202344826209057109739616313774406661493655584228252777,Qmes3cGs3YGXYexhvfdTTbvzSUyxqbqATXuTdsesL9hwcz,QmeHyB2R1HiPSrGzVnkkM9Uo3Zidx6fDK4FEMJKBVCRn8m
431,67769679953894571193796202344826209057109739616313774406661493655584228252778,QmeUkucuHzTDKS14cznvjyMo6SRqTXedNFNLMkGokvnJXa,QmdkQgCyymFZqrCnCVG7yyAdHhF9qtDpdif258GzugXd4f
432,67769679953894571193796202344826209057109739616313774406661493655584228252779,Qmf4FbQ4HYMk4G1sqv6uTFGxv7qWT6AYbh5henz74iHqdu,QmQnjJ6Kbtx2phhPcqUhJbUr171iZaqhWFtXTUbifitm3s
433,67769679953894571193796202344826209057109739616313774406661493655584228252780,QmPnbDDma2bDi9aZxy195tMdYbdh8mFCfLcRQcJHiv6t69,QmSevVSyWRzSd8jmRQ8AyxLqBwAWHfHyqJgfhjRY9TroUE
434,67769679953894571193796202344826209057109739616313774406661493655584228252781,QmRpnnQnZde4PedoCDKodUWvnfJe4wxKDVH5k8SMbTxRjF,QmT2Pd51GQVHMXwLCJRsCZAtSD7v4YHid6R1w7f3gXEpeC
435,67769679953894571193796202344826209057109739616313774406661493655584228252782,QmPVRVLCXEaHv6ZSoVDj1fcXY1Grg3sd15F5z8Ypu69XSo,QmNWhwKTUo19nnJTuvZNve74rK3428eAj5eAAVHdeuwmqH
436,67769679953894571193796202344826209057109739616313774406661493655584228252783,QmcyNRxHuaCv8t7X7UXhkq3tG8WXCTFHspUwXwfuAVmzEC,QmcddW1tfJuJd3zS2UrK7GzztyfKY22beZjUZQmyyQN8BV
437,67769679953894571193796202344826209057109739616313774406661493655584228252784,QmQVVKR8b7nwavnN2wCWX4jmR1ckMtMsVNMb2ccmWD4C3t,QmPQQpm3ynKjoXtD27Mh9BMiYXuuN9iZSj7f8CWBxSxFWh
438,67769679953894571193796202344826209057109739616313774406661493655584228252785,QmNr2P5y9Eyn7fcK2s7qmd8ETwm2wgzDieKYazGiPg2RVv,QmaJHqHZcX48nLHgg3CAuNVpGuE2bcfd3MQ25PUWPhz6o1
439,67769679953894571193796202344826209057109739616313774406661493655584228252786,QmSkbVzdh95XVf7n5NRdhpwBzsEcMN5TfwnfcVCeNzrqL2,QmQ7sB5oCMvG3QJEUoDU8xhBqFTzdUmhs7y5NP9MdiNw8E
440,67769679953894571193796202344826209057109739616313774406661493655584228252787,QmfPmAuKC3XJU2MfnNcGfKVBE7F2JQ6VQ4XtpZfmjbV3Fw,QmfAUEnE5tb2MsagEscffs6tKUoWDnQqHKKwFpPtPcpMTr
441,67769679953894571193796202344826209057109739616313774406661493655584228252788,QmSAihrqE7hBRn1XGkcPqD5bgZjyKbccQWRMgYnU4vecd4,QmUVkasfod1i6iAsJ8PVbxbG17XxowuWtL1aBmpoBs1v3d
442,67769679953894571193796202344826209057109739616313774406661493655584228252789,Qmb8mEvkg4PMXVPkp9cwkDBDFZ5dh7mrcTy1fRYjZzAKLC,QmRCEwcK6VhJDwz1sFH8fVvZ4aBqyiP8RnWTAne17yjhkC
443,67769679953894571193796202344826209057109739616313774406661493655584228252790,QmNsPAAXGg43CuYsKdmHF6hTBr7kewz3WHbg6An6CCBX4E,QmYATq3rL3fi8kzAp9ADsd7W1HDUxAxpFq6hfX81HsSgLr
444,67769679953894571193796202344826209057109739616313774406661493655584228252791,QmRF7sL1eXZHDhzzx591SMmaH7fzfqYyBtNpjXSjer1iYn,QmRboN91Ab5vkFZYPJsKPf7qnHhXmjFbr3QJW92NGneANu
445,67769679953894571193796202344826209057109739616313774406661493655584228252792,QmRDHwwxqo4BHiitoFeDsQmJ49DR41qr6TqfXbAENFwxXw,Qma2gRytPL5Muu3pTh92oEv1L65mjTArpGccfv62TahM8U
446,67769679953894571193796202344826209057109739616313774406661493655584228252793,QmeDcau4LcdVS3PnfAvim1iuEd9nttNk4E16aSgP2p8Snw,QmZ9erxLZyPb1vTptxeZkew2Rbsiw2YGpGZeiKsbfictgP
447,67769679953894571193796202344826209057109739616313774406661493655584228252794,QmNhGEkqLncarDU79s7G4PHJ685tw8cfe7s15YZUk8dX9j,QmaWJmSt3wJBapEkZMFYpTrp1gGTtYVANZWCnXLCAR8DBW
448,67769679953894571193796202344826209057109739616313774406661493655584228252795,QmQo9u7GRtcFfVbMJ6kJQN3Tjef15jVuMjiDNSuM6ofyp7,QmaV7KfCVt6hhtFSGmnmCG868x4R6CspPs3yp3frDpNid3
449,67769679953894571193796202344826209057109739616313774406661493655584228252796,Qmc5Y6MJ5RTY3FLp9Nz3ZKauQ69pXftMMsS1Af4WwPc8sg,QmcqBFunGbDBmVdCNCPytCxewupt9NTGbePnXTpmqY62bE
450,67769679953894571193796202344826209057109739616313774406661493655584228252797,QmYS6CiewjPCK4iPLD7vLTGSNo3rEyNxwxyL9epxeesh9j,QmTbfbKkSUatWFEAEnHSkjnKpee7xaxB4TAqEqaJy5HyGU
451,67769679953894571193796202344826209057109739616313774406661493655584228252798,QmPDCTRky1YTkYEr7gZB1vCHpi5eU1abmKYB5qzt9bR6Ko,QmVCkjBaPGA7jApWtiC5yRMrgybsBKxZeeQ2wsNpnd9fxj
452,67769679953894571193796202344826209057109739616313774406661493655584228252799,QmcZVxDNFFeWnBiqP9CmANzEq5Gw5aSVuPo2mpD3Mtnp3x,QmddWhg3oa1kE75pCAJ8tHhttWHTWium2SKJfnFvRqEDgW
453,67769679953894571193796202344826209057109739616313774406661493655584228252800,QmU9pEd9KdrSspGZTMJkwxDWCfemHyEJDCX5W3uZYqvZ7o,QmR7H8gB8f8tcG4cYRk8RCjoFAkuizbtK7Rwop6vyjer7W
454,67769679953894571193796202344826209057109739616313774406661493655584228252801,QmPAkeEVbUpmDcNZPFcv7UKQoK3uU5fnHqbhFgEN1vwbBS,QmbFZFZe8dM1f5eB5PmQQX5JrUrjySoYkv95h3aJL65eWA
455,67769679953894571193796202344826209057109739616313774406661493655584228252802,QmfPmpfAnG9jMStWDzFq2ihfrdjvEsorcSe89nAQdre4Ls,QmZHXow4sbXanAc6nARpsKNx5XGmZCfRadfR1phrseHwZL
456,67769679953894571193796202344826209057109739616313774406661493655584228252803,Qmev4PtKMbFia3sAPBEzoQp1RkTrh8jH6RG5WM8gpfwQbr,QmPwBqfZi3gw9cawxX1beB2txjqXVspvJLuvNp8MJVjJLr
457,67769679953894571193796202344826209057109739616313774406661493655584228252804,QmY37L5Wg2upZzvNMCEonW4BrMmNrWJ1NN4erhbjrbaAkm,QmNYZALEkRD716wZMkp2QTSdLxeEr2nKRFt419bUTfw3rp
458,67769679953894571193796202344826209057109739616313774406661493655584228252805,QmYm2Xo4owB5qUnqy4xYCQUn192ReJXr8GaWySim7BQ6t9,QmdMVcXMSHC9oyKFrQczLvQ8xHVsSjx8bCD7H2aSFS54SG
459,67769679953894571193796202344826209057109739616313774406661493655584228252806,QmbaKxKcv1DH1XmLVQ68Cmi22nWD4NonswMQUp9H76e4Tw,QmNUb67vncrdh645qqPcLbpATsCek5VFEDFM2hA8pyYLCJ
460,67769679953894571193796202344826209057109739616313774406661493655584228252807,QmfT45TRSBsjS7CouqD3gcgYpmzeScwREG4rmKk4rs7zx3,QmYsC1DTRHq76gSwHRVAfVM98LHTUEriRT7xG1Woasi8g3
461,67769679953894571193796202344826209057109739616313774406661493655584228252808,QmNQ38HQVwfscJ2BwEwnKCNnGLR7T5qE2NM2q6josNFjra,QmRBcrVqD8x99AUyMoj29Uoivrqgn6HPj2PWCXwSRyVJ3h
462,67769679953894571193796202344826209057109739616313774406661493655584228252809,QmaK773qR3zXNv48bGG9BP37xnYX577bqBC7G2KFFVu4uH,Qmf6aF4BGJsMwecK5oRSvMM6RmbamNyBnM79ivYa7xzvba
463,67769679953894571193796202344826209057109739616313774406661493655584228252810,QmWCAutpfSvGgmheQuj5NUKjSThiN5XKuiHFkysm2mgQt7,QmTzRGR7r4MPxmbQ5aXpoF8Bdh9xwjjKBJxStpxgDdPXcA
464,67769679953894571193796202344826209057109739616313774406661493655584228252811,QmSbk7XbmjSmeDxgUTubyrefgtqNoHZHPb6y4d7CcaUayf,QmTUYSwb8QzLdHnpEDWLdhiHv3XdYL68yLXq1LbMbe7o3H
465,67769679953894571193796202344826209057109739616313774406661493655584228252812,QmXigsMHcua6gukssShD3o43HdHv7bicc9JzWsG8zVWc52,QmcEoosgiPMsAqm1XmJrtimLCKu83AAJMPh2f8ZcxiyrQR
466,67769679953894571193796202344826209057109739616313774406661493655584228252813,QmUXgm5rZgEx8eMywNTd82RhjwLw5XzV4SNo1pdAFMzC7p,QmQk5zfcPD7X1uxJ25t9uTfFAKyWQLe27TRPiWge7qimCi
467,67769679953894571193796202344826209057109739616313774406661493655584228252814,QmQmyqJ8a1MqSXe2A3ESRakWFyDnCoJ5P24k78h4v7EDaR,QmdGLVSYKj6wCgKdF7o6pJVMmio7264NX8ipyKhd7NGA9t
468,67769679953894571193796202344826209057109739616313774406661493655584228252815,QmbL59BTJqstdHFaY8HCoSZYTDJxdbTfVgrchuH6Ph967d,QmXZLG37oYSWwCBH2CPMmRhv5HTqDNTYdeTv7GwfXpVBxG
469,67769679953894571193796202344826209057109739616313774406661493655584228252816,QmcMxLdyBA2o89GCHZRBakEbwLm97ngV2og9mXArEVHcyQ,QmaeY2ZJzBVEiZYfUQsZjjbBeJi55u1a77NX8RpiWmUmUM
470,67769679953894571193796202344826209057109739616313774406661493655584228252817,QmUgQfmrt7WmJk7svfuNApLMh9LyFRJiqjWJ1etLDU3jL5,QmeNV5gMac7x8TSZZSArFTPQCdGJQXZZwmCyeZRncs5Rdj
471,67769679953894571193796202344826209057109739616313774406661493655584228252818,QmTWW3r3xJsn7uS4KYRzZatBPYj45H3uqCcHodjVW6gB6c,QmVHEEA5YKMSjoUEr2LJG7t212q3TERcqP93ho7TJCnqZ7
472,67769679953894571193796202344826209057109739616313774406661493655584228252819,QmeK56fe9SoeN3JUZxhTf72XNr8Ts1FRtFybEPvJQLM43t,QmQHBaKKfRrBbbvBo6j5kd6PZZY4xH8k7Quf9eNJp5KNZp
473,67769679953894571193796202344826209057109739616313774406661493655584228252820,QmNmBj5q8koreXzL7UECtbvpTQLi2PcBbV8onhHqywLzpX,QmWieALzEgeWZ4fSfVJpHWwPceTBPxfnoSnJVNfx6Un35u
474,67769679953894571193796202344826209057109739616313774406661493655584228252821,Qme3HAkHSzjMjbgFGjsDfu7QqHteSo7D4JhVnDEdsNXyGq,QmVc8DqKNYXdJEWiE524U2ZfBZDiX7ANnN1TEz572xptcc
475,67769679953894571193796202344826209057109739616313774406661493655584228252822,QmR42e96cPd1eRJeYJrv85AEATNTnWzHpYxWaAmCSm4SDv,QmTtNALCLnkRGXtQ6rV19su1VMoMTnk7MKpXutwuTnXRi6
476,67769679953894571193796202344826209057109739616313774406661493655584228252823,QmdvqY4BMxayYLH1wP2MuA8NxyvqobebyjA43gzdRyTKAL,QmcFgoso9QWdma3JruJBHw4FvQVoxzGtfNYmCA3zspXHUs
477,67769679953894571193796202344826209057109739616313774406661493655584228252824,QmPa1p7FcjnqKmNj8TJmvb6kR3T6GRJL2nxAuTXa12SKW7,QmYKx9FacJzLHLDGNkLh7BgBYs7pT6VJi2g3VFwb71Pjyz
478,67769679953894571193796202344826209057109739616313774406661493655584228252825,QmR1KYpgv73ApmJWog3rs6bjmN7p2eorypjCBt87tD75Kq,QmYj6LQWoSMs9CRHRgVxb6ioCAJ73HNcdkRiPprbaTKjDG
479,67769679953894571193796202344826209057109739616313774406661493655584228252826,QmUtR9kW65Ks4mHTZXTiB4jA1AnwxFGGXt6FRHw1cW2Qjj,QmZkw3Ups2SzCuhPYc5opWReCZmB6MBnK6Ycsaxs9Zq77C
480,67769679953894571193796202344826209057109739616313774406661493655584228252827,QmZbnSMJQL3ifpazLHuf2LocK2pXzETjp5jQzyxDphJBCg,Qme82j8gB6gKe8mkWmEe6dPSTJXZbJ2NwkHZbcoDnDVcpJ
481,67769679953894571193796202344826209057109739616313774406661493655584228252828,QmbTbJvy8PPitRAjeCBc3H4oTyjr4uX4NYfTMVnprycRbW,QmRhFPNsq8jWhhFtMR8hev62pPVAWywoYbTu18xAECwKhM
482,67769679953894571193796202344826209057109739616313774406661493655584228252829,QmZbcqupSmCgdz5RMtymxu3pZUpKJ9fqRXEmXLqNBpX6iB,QmTxqa2PZBtpNoJskvj1UrvwhFjNsST7hvr3RsWWLjzrtB
483,67769679953894571193796202344826209057109739616313774406661493655584228252830,QmfYCAnGUTbHCvtfLs8CRcc3bvSsXrxa5LZ9Dj4gPAm6Jc,Qmee8DJ7Loi5B3nnkR1bDLQKv9bN3HxjyAogFVmAMMtNuE
484,67769679953894571193796202344826209057109739616313774406661493655584228252831,QmU3bgGJEihE2xgKvqoohsMhMxdypT4ZzDkgyWP8bD4rSG,QmWHma35pzyKa7Yc1BN9rx8rKEqZDkZ62Jd9u7hPmZJ3hf
485,67769679953894571193796202344826209057109739616313774406661493655584228252832,QmeycnU4dSvrSu6MPSE2xQDexB7kDQqctJUF1JicrAaJS6,QmUakGiWr9LJX2zjzV7Qmo5c9jt6HdMV29NkqsdpW16sYh
486,67769679953894571193796202344826209057109739616313774406661493655584228252833,QmV9FkNCttt7KQ5fqsm513PXPGoS5F7dfnS2ZrawbAvS6N,QmfKv7p29Hr1JrFsy8m4cek29H3umrRhMGD9tS7iFUV2KT
487,67769679953894571193796202344826209057109739616313774406661493655584228252834,QmQyYyKLspnepWsYK7mmUdv2xfQr6VtdHVxPDmk7smvVNY,QmVD5t2BgMGPa8imNzYy9CtP4HE7Gvgh4bi3qjTbR9tkSp
488,67769679953894571193796202344826209057109739616313774406661493655584228252835,QmUTCqSo3VRqUikugbnfr2Fad7BCFSzRAa58Wo1Le6Spbv,QmQHJcWiKi1tmVyueX5VFUeoWAG4sfxWUAmhYjefLSAXAx
489,67769679953894571193796202344826209057109739616313774406661493655584228252836,QmX7xevwLHXEfDZSfqXBKCD8TGifTTh6Mn1AoTgD8yrnny,QmQgqmMaqSC55GXDvUf14HNiSmZCXn4dgLDFuvVp25d3r4
490,67769679953894571193796202344826209057109739616313774406661493655584228252837,QmWchRXbAnS8r2hrPmTp5KLy7gevUUQC67izT5h4FJugCg,QmSzPYU8i4UaRM6UepoJrF24XxV5qsXgYvkHzQmBjHtCWX
491,67769679953894571193796202344826209057109739616313774406661493655584228252838,QmSvXV8uQTuDZH6SdiZc73L4mkSNEdYwUcLWK2C9eYAaqo,QmRXMvxf766tZsw8iZkrEdbZfFGDi9zigYQDSFLnrRPobP
492,67769679953894571193796202344826209057109739616313774406661493655584228252839,QmT6sbtoF5iBgKkjHMjHw9HZQFqzDvG8N6wyjV4y7fUSCH,QmYV2X43SxemrCqUwtzJN8PtHzTFgz4X1DnXLiyHigjLMp
493,67769679953894571193796202344826209057109739616313774406661493655584228252840,QmdLVxMh4TZJGEFHGqhWRRpffEo6padEE5beneJTyukYHY,QmNPTymbrptUgxRKouYstSQYG7eYwFaKfHj9v71GcdFxYr
494,67769679953894571193796202344826209057109739616313774406661493655584228252841,QmP6ty2Kf4YFLEMm5tBfxMjWA1XpoAANifNVmBtFHVkvJA,QmW5uZfPE2xBjytc9NW1Z7W2892jjLt6cq9LnG7Duq2qrh
495,67769679953894571193796202344826209057109739616313774406661493655584228252842,QmYMhKMW5co1dMW4CSiKa56VEmdPvEtma1RmLLNLBTpGzJ,QmTYjGdh34Z73tu8uytyVJxi4DLhYy7vBrLUzJvmj5CvDR
496,67769679953894571193796202344826209057109739616313774406661493655584228252843,Qma83x5GVXnBiDbRxmt2VohrQ16x62WDu4dn4xg22QdqxT,QmbehGGFoC5C7P9aCw4ZcK33G18amoznrCUVHWxFrRSofJ
497,67769679953894571193796202344826209057109739616313774406661493655584228252844,QmSgLC4uQLYhwGe7t6d1gXHcDmw35GdLPRyoztNk6TFbxm,QmZ3CRX5YhUNS7bpeL55wLn7Jya2GUnLhiR6kpyq4UiMeT
498,67769679953894571193796202344826209057109739616313774406661493655584228252845,QmbyZdwF1t3g4NZNTmVpNVDUknWHvaNweBmbHv61NwfET4,Qma7siFXLdkk9Eg6WvVkgQP5tBaUhzGVgpzWUfBwfTDWNZ
499,67769679953894571193796202344826209057109739616313774406661493655584228252846,QmbaqzHXydfD3SLieCs8Xvha8VRJ9BnjMhXdfZFw84c6iQ,QmVkKmWonCDyT1ecb2P13gaDr1Se9b9ACPb6sHPM6wHqYk
500,67769679953894571193796202344826209057109739616313774406661493655584228252847,QmRvsDtsBtmYtq4RexQgUYxKKoca8gFzGxYUThGzQAvkPa,QmPcbiPHwF9xQKtvfTPS6CP7rFpwjSZ6M6woCwWHCGpexH
501,67769679953894571193796202344826209057109739616313774406661493655584228252848,QmRN9aWF6zajG26Weui3wd9gsCrjQLmRU8GoqXqz9EK9fj,QmPVzpV6fMqDRh1o2NVuzGjkbEYgQ6mfbUuTtCT7mZ2j11
502,67769679953894571193796202344826209057109739616313774406661493655584228252849,QmaNu9ya13D8i5DkT5vYRzxxZxmRT4wskUatkFaJ5qGYpr,QmNqHjRGLhQJ5iCjHiRraELaV1cGeEgbNfNCweCbL3mNSd
503,67769679953894571193796202344826209057109739616313774406661493655584228252850,QmPPJvBRckcPPc5A1YKbhyZQfn9QYeBggecHKKz3emj5cJ,QmbTPKmjy1AZ6tJWvUvTw9UbcGdGu7uPYsQMN1zk7eAbbJ
504,67769679953894571193796202344826209057109739616313774406661493655584228252851,QmPWfHWeMWCE5XxRN8L51oMn7DkBq9A8UToirUZaXdoGPP,QmTw7gEhepB2NVAkV5fijB1R4dXh9kT9DJz3gnmJXx1tjX
505,67769679953894571193796202344826209057109739616313774406661493655584228252852,QmNfhjHb2sKjGq2pnDxTz6exXCz9kBAir6T9eoS6vhwsiZ,QmdebC9xxeBDmp3yiUkuiBLVuQzbmy3eHidUDqPD1WF6so
506,67769679953894571193796202344826209057109739616313774406661493655584228252853,QmRscvm6UCqZrR7oF6Ey47zQTqA6AF4dpfbWLf47DcbGZL,QmUC144su7kyjt2LacdaqPxB8a46FfNpAqaqJD5zWVZujK
507,67769679953894571193796202344826209057109739616313774406661493655584228252854,QmRoRqLzCsMDc7gia174AHDxE2dbayf5SuTgBxgRrPNBFo,QmUndQQA8XW3T2niSgoJKGDU5RS6Kbx3TBY5Lk7mkL6rSW
508,67769679953894571193796202344826209057109739616313774406661493655584228252855,QmQRH5BkdPrc3vYQ5KcTxKHy5UBWDThHJ6vNnAj4n52kpX,QmWvozohzpqkYqH7NmoLhe1XcuMBGbdtcivp49j5QMEPts
509,67769679953894571193796202344826209057109739616313774406661493655584228252856,QmX2oqv9qmCTT5TGJNu4nzNsECUcw6CLE7DJFn7SK6peGm,QmQdNw7BVefneQXCFXAKjNq5GgTdDGjGmjBnK3thoWYKYD
510,67769679953894571193796202344826209057109739616313774406661493655584228252857,QmVcUjzaiQSMa8kYEXsf8m7o2q2QymPvBXvf4GUpxjWbbn,QmYnxVtYU8X9syUxBtwxjDoT74CiEf58grK1VnYX4LGVWG
511,67769679953894571193796202344826209057109739616313774406661493655584228252858,QmVEiHorCG8zEqfDWrh7SLBuhy6JjqmWvmNeU7SCt8L8zX,QmdsbAvN1KxVCTRs6F9aBxw1ouzC24UNRpFrZyr7VdXq2v
512,67769679953894571193796202344826209057109739616313774406661493655584228252859,Qmcci9geYTaWqihV7L5AjZtyp9pUmrQA1GrbTgWdHNauyK,QmcM8D7SeYyKVpBUUfw2bxKrRBzNo7wLRc7YSJqA7LFhgS
513,67769679953894571193796202344826209057109739616313774406661493655584228252860,QmVFUzomWJwSHmtK5Ctkt3WB9KUpGG5Nf4TXfH3MSsWuaj,QmX1WiDzWpcNTyVWnuvExh7CqfVMFGerDPFmRPhkVrjpXf
514,67769679953894571193796202344826209057109739616313774406661493655584228252861,QmSPiU4ceHUe1dgWLyyZLzvgBxewkY6ZPdF1LHCc6WnNjQ,QmWs1DiMBiZJFZbnLBbQFL7vQHFDJXeKrySQpLTEX4SpQS
515,67769679953894571193796202344826209057109739616313774406661493655584228252862,QmTbU3pmBzsYC6stXrpMS5xZ1VYVnMf3ty2T73Epx4Ayxa,QmPf9X7dP6eFkt5LRz9WQpFYTZND6ZYqZJHw4mBwnykhRg
516,67769679953894571193796202344826209057109739616313774406661493655584228252863,QmNUdTdGFjErC3gbTqZAYnHWqiGJi3LEW5idm8x6oatdL4,QmTEU5Gxr5H3RiukFXN7qtM6xgto8a2HM4hotBpW6koXsR
517,67769679953894571193796202344826209057109739616313774406661493655584228252864,QmVV7f2WpRHpseMGPPTjzXJhcGcC9icEmBZkYXWJMBZRTd,QmPAN3qxtbPwg6RWmaMaBnoJvUG7oad9XMHbAR7mAckttQ
518,67769679953894571193796202344826209057109739616313774406661493655584228252865,QmRcN3gchUzL17gDG1eydkAUDHUwVWDk4dDiZ46d6oiKE1,QmZiRXPafq9GfV53qACPE7t6A8vu9WYfA56w9Zvd1DvEb9
519,67769679953894571193796202344826209057109739616313774406661493655584228252866,QmP4GpuWy3noUSjKXapCB2jhtUKYgKaHHzW46aeUZ4s1pY,QmWQKMqcX3J1BTMJov4NRWZ8JWyiDmaWjmL1bdD2KdT88x
520,67769679953894571193796202344826209057109739616313774406661493655584228252867,Qma7tPwbdxn3w5KFEfFcWTyirGPLHPnfX2PyyznAysPtUz,QmXah8m3fxNwRRNiZex7FTi2moFpePjqQV6z8HEN1Aa3wE
521,67769679953894571193796202344826209057109739616313774406661493655584228252868,QmXMGsrWLtQGCXZjNv1tvnxtSchjoh1r4wpwMEVx7LZMpe,QmTPpaCQRPZr6dJ3fYZ8LFZUfAUZe7LnntaEuLRNQjnH9L
522,67769679953894571193796202344826209057109739616313774406661493655584228252869,QmNspnqc3qrUXBjt9DJh2nVZs1ebgQAj3nh8MM84JmjtMi,QmRNpLM6aZQT649sZe1gadMn19spBR5kGrZKxBQyKnMiba
523,67769679953894571193796202344826209057109739616313774406661493655584228252870,QmS6DyJX1i2iTf8zJ2aCWc2z21rTvt9YNQwNrsrmZQ4uf6,Qmf3mJnjU87F7WGokcZNEegb4HcKVW1sANM2MFjtVGxbQ4
524,67769679953894571193796202344826209057109739616313774406661493655584228252871,QmQE8vHPWjByG3yLCE8ccPFRX78GXFqK847kCahFb5SCxz,QmeyUBJZs8gRoMAh5xEQr4h9FfzkpUCE9BrmHNPKmsQFpt
525,67769679953894571193796202344826209057109739616313774406661493655584228252872,QmZ59WiTe1JqBeDGr5o9XMhBNBHVaMW1HVnEcQWRutk5cC,QmQjxkQysT8voPyCMGwBXRKsaP5g3VxgcQFLMH3tNvPrfP
526,67769679953894571193796202344826209057109739616313774406661493655584228252873,QmSpr9KmwMt6k1cz6rkytPiP51hafvUpPLMGjnB5nx5MHL,QmStd51YT6TwMRVQMzYrGwNqirNiNo2kjZ36pZUKF4LFZt
527,67769679953894571193796202344826209057109739616313774406661493655584228252874,Qmcpx96FuHpY4wbPWTkqppsBtaSjmsbNTREzMET4nGbn51,QmTv2M5hzzsrm1HNRmdva6aBQLHqUowPpvkUUSRttfr4Jp
528,67769679953894571193796202344826209057109739616313774406661493655584228252875,QmT5ux5eB7uGVV8EMc5uR9LdfDGRxx4jnwcPLSXdSuf9Vx,QmcphReL3GT1KGvWNb584p272mk7LUTAdG3ZKqoVB79k2w
529,67769679953894571193796202344826209057109739616313774406661493655584228252876,QmVdJy5uPybK4ZubR6L5rtwx78MGThLCm4bWUKToEU1Kvm,QmeQbUD6CUJWL68pWZRBqVUxNPeU4jNyAAk56bdwAThiST
530,67769679953894571193796202344826209057109739616313774406661493655584228252877,QmQeGipBx7PaochH2TthPTVCW6A7Jvp15WCXuWJ3hpNvBJ,QmRkJgKfF7B8xisUVpzr8VDM8cPVdpuRxHdANKibd43fS2
531,67769679953894571193796202344826209057109739616313774406661493655584228252878,QmPiWahjYt5t1Ago3FJcrf6CwzM2yzMgzJjmPWhyyr9DTC,QmcfY8pzyJaVDRYRTRbgz87FHKp5ArHRTCVjbvWnPGLGbZ
532,67769679953894571193796202344826209057109739616313774406661493655584228252879,QmS9eFCL1Z2wYa7jtiwe9FWfnj3YGcugcETynFy7uowZQp,QmUoND9cg3fh5GzESvLiyVwdjgPFrqE4paYPhpUFu3kpRB
533,67769679953894571193796202344826209057109739616313774406661493655584228252880,QmUhWfZjDgDtAvdBYFt1t6knsxVWibEGVJUc1H8XgrDCG5,QmZUvL9266B2SaVm1Jf3cSZFWe8xauS5r8njFjX7U6yWGV
534,67769679953894571193796202344826209057109739616313774406661493655584228252881,QmefQoT3j9iArGttzVvQ2iuMBXN3JihqxGVBkAYk8MMpfp,QmU9gkbpPVBkvA74ofWpBA8tAvyEp6RVjG3TPtUuUrTKcy
535,67769679953894571193796202344826209057109739616313774406661493655584228252882,QmSD88DeH3emw8u3Wk89dnxiwbZesFYGz6zw1KXPWa85nN,QmXqjDSpjvjLh3jK9qR1wR598bPfao3ai5gXbNUE4x3tSF
536,67769679953894571193796202344826209057109739616313774406661493655584228252883,QmPKoLqwks7dmCuymkQkQEpAspSRFzSYnW9HC3zgYkVEmV,QmUGFknGxuDMBT1itae6EuCB5pcMwDZs1iro2CuG9j2YU8
537,67769679953894571193796202344826209057109739616313774406661493655584228252884,QmRZGdMj1xaAcEoi7bkwnsqzgL6cYrrXYxWrFvLrQ849qg,QmcUnSaaiYkvoqfA7HMD3QsxZoQu4LSpufgLZ7DabbPr8P
538,67769679953894571193796202344826209057109739616313774406661493655584228252885,QmR1muMgRotPe4jphXpQ8CFGaFg6XcUZxWkVBGVA6VbNoV,Qmf1QUa4U5Lt7ny1WU3YEArnHzU9Jm1KAMQk8CKEkYTjEm
539,67769679953894571193796202344826209057109739616313774406661493655584228252886,QmPRhbiFaFZFsm5tKoQxRXzJkZjrCVrcoiZc6k2U3VGsrU,QmZdNfQASPXxv67y91kGHCqMZgaUNXV9dA2Umw2VZxoCn7
540,67769679953894571193796202344826209057109739616313774406661493655584228252887,QmVkcBtyrhvfXhBfH3EH9KTq7amdk2SptZjjG5bqPSPM6d,QmV1jcFWX34jd7S36b3C3BMWRQVc428apkMpcp9uazksCs
541,67769679953894571193796202344826209057109739616313774406661493655584228252888,QmPZjLTk9VW1W9eRtwvn4Qys4kyNcMeqjkiNqwR4mYrfQD,QmVR8cFMf4wMGUCwkugcYiY2nmwcQJMryHVpdhjzzApLja
542,67769679953894571193796202344826209057109739616313774406661493655584228252889,QmcDw2PGzSwbxkGF8HEHKpi8pTayhHzrZftY8uDWtWWy3D,QmRW69kWGEuRJReSw5T7XRxJ5KM9akk6Z6fpMgbgYtTuKM
543,67769679953894571193796202344826209057109739616313774406661493655584228252890,QmevX1bjFaLdERJWZXFudSoqe11F4HVDKuzzzsgiNHMu4V,QmRxZpcxX6FDTPRtJEoFqspAVFuygjZXDUJEpJDZfdfYKU
544,67769679953894571193796202344826209057109739616313774406661493655584228252891,QmSzHkbmwc1BJLJaMrdL9Hwy9fRQAPnywF1mmnfP9cnRXe,QmaaJsQs25oHKFycjJC1MUYy2ZXKWb4AJxdQyFzW79Vhim
545,67769679953894571193796202344826209057109739616313774406661493655584228252892,Qmf7ydGDmibB7bBuocRdsZEYoRE3RfnKuUaFeXhLM6z96U,Qma3V6D9oqvi81mE1eYAQH1dHLaeFaXj9Zphx2YoCzALmE
546,67769679953894571193796202344826209057109739616313774406661493655584228252893,QmSCA3ikXeUVskHssMoN5WDWjhxVC7EBFGxiUEafzgpjpb,QmYvSfFoAUMBEa2mkdFZYNxoKDtKuEf8zBehAFNJp8Xwqa
547,67769679953894571193796202344826209057109739616313774406661493655584228252894,QmWH5NGfunQMNrYrYzCRBFAyofvN4xrf1BtzLw5T5vYYcU,QmNWUCBLEsCMJhUFEbVnBdtWm5KmLPJrjYTajbUVs5qbXv
548,67769679953894571193796202344826209057109739616313774406661493655584228252895,QmX1sk6Lc1mBzGQwYVkwvq3eZYZDBb4tjzcKpsDoaucHLi,QmZapsiEdKNwA7zfYNxfcDLKtG4NH2E9cgrwgP4xsPxti7
549,67769679953894571193796202344826209057109739616313774406661493655584228252896,Qmf1QxriJNndycys7ANHWA7Qcy7ZM1fdQwuyJ6WiPjzsvn,QmYAZ8BUFAjHzh6z85dhxd8MMGBF2oL3tyMKJ9RFQbznjC
550,67769679953894571193796202344826209057109739616313774406661493655584228252897,QmeBpm7c6acvSBzvhGBiNnS37csFzUrHZgvgTRnUdAG1FB,QmVaW3YMGCmEUdNfvmYwmwxzYHmxdhnxW1RuNzvviPWAvW
551,67769679953894571193796202344826209057109739616313774406661493655584228252898,QmdH4UWdY1ZZZ7ojuTPKhAX1qjWDQeo4tEKoY8ADAkADRR,QmT17du8tj1HuMUXS7mxr3jymnAjfw93D5T4EWb9wZxWUG
552,67769679953894571193796202344826209057109739616313774406661493655584228252899,QmdrRiZ3oAAJnehW89CBRwXu84pkrLm7n3j2F7hyxW2eGT,QmUpWDxPqH2ZDshW2evAFW3qVnYoKJpt4aACNXUVuC23bK
553,67769679953894571193796202344826209057109739616313774406661493655584228252900,QmRhzasGxnmWimFEhaUNzUayL18NVeUtHyEiih3c3GW5sn,QmcXGccGxFY9ZiEVi47jcaXAyDr24j1FeVEpZ9Ex7zfVrs
554,67769679953894571193796202344826209057109739616313774406661493655584228252901,QmPHKsjQiJxaeiSLt1ciejGaexqvaCbnYn5YuqAhmAD68X,QmeBudvFAtvSYce52DpmHpcEMF5t68q5SvcJ3SHUfXXVze
555,67769679953894571193796202344826209057109739616313774406661493655584228252902,QmdEJuZAwnVCSFYcCNAJhW6mtDvAVTsaJEDuiyLos25u4B,QmeQm48ffoSmYZjfxnKXKeCfcYJYaYHJX56ynbwYH8mBQj
556,67769679953894571193796202344826209057109739616313774406661493655584228252903,Qmf2gtj3CABu1AFuGBbXWHvvafwmPPsnGhkYKgVo7XyRpz,Qme4vu5rLktDuQshR41gKkFH7WPkdDtqpWeU2ZcYGQzARL
557,67769679953894571193796202344826209057109739616313774406661493655584228252904,QmcYjy6zFdw7FsLk8JgrdzR6iPhEhBw6nKKxLuwDRxKRWw,QmaA1QMDwRA6ba2wZdTe6RLz69bFTDy8njTWFxoGGaWUHB
558,67769679953894571193796202344826209057109739616313774406661493655584228252905,QmbuJ6BnLZApKdG8TsQ1waEXLiYYrAaH1qiaMdXPRwGqoD,QmNNkheD2Shgm2RBTEQrJH1WFtH2H3MWscfSjLxBhsqWfo
559,67769679953894571193796202344826209057109739616313774406661493655584228252906,Qmdp1TTrg4HTK1fEmqB6CB1Z94SZgtuqGY4wJcw4KdzyqD,QmYBGkPSGNvXHYSDMvCeDdX5PqZCbpKwdZCAfaQYKxnRit
560,67769679953894571193796202344826209057109739616313774406661493655584228252907,Qmf4ehjyqndB4kU8GNnCZN8PKPZz4AAZ12uciLBxyhQmRs,QmRq1836uRbQCN4bZwGJfsh7ZpmWpVcCqDcXk4gY2A87He
561,67769679953894571193796202344826209057109739616313774406661493655584228252908,Qmf9NJ5h2TDqnhEu7o2zECTQWYr3kSy9H3uzR7A3rxe5xQ,QmWk5t6KJYWH3jGZg4iXv5yoZY6nEZCszgjD3LRVtJYbw7
562,67769679953894571193796202344826209057109739616313774406661493655584228252909,QmebFHhaq52tozCa7pPzmM9Q2X8TMe9C4BLrv3abDh1xzS,QmbzkvH4mDAvh1McvaNyyHJRPXNm4qgXNsmqZRe2VWnfxi
563,67769679953894571193796202344826209057109739616313774406661493655584228252910,QmXVQaFwwNTWMLHdoAT61uy4sN39EEpqecz3r1Y82seetF,Qmanc3NynYherABUYQoNBvPqsXmTYq5nLVzEVFopJoEy5h
564,67769679953894571193796202344826209057109739616313774406661493655584228252911,Qma4ni1r1v9N32e8sjtKsgrgo6qc2kphs5y9Uj4cB3DAGo,QmVn5qPBpcUBXv6w1dZEJZgp27DsQMTtwwXYv7nUycf6f4
565,67769679953894571193796202344826209057109739616313774406661493655584228252912,QmSdcTiSooSJ1B482QmxQ643NnBnpDdzShXVodYEGSp9Dz,QmT5rU7L6pDG5H3iVtSvgdtxLGVANCCLEE2cveEzm8k4ys
566,67769679953894571193796202344826209057109739616313774406661493655584228252913,QmUQjKeEGnXJmysuF61hKqG5rU8i2EeyN6KbKNm5gP83ZV,QmVBdV7StYXmHnxY2zyhVgtW3SvP299HFVXnGXC11jfToE
567,67769679953894571193796202344826209057109739616313774406661493655584228252914,QmP6JU4tNAvFXbVFPvzroyb7SBp9U1VsLa1x6Qs8uuP8KE,QmZo644ZHyQLqeVkhcZYkUNyezUXJVN8V3AXyAdjqd12tx
568,67769679953894571193796202344826209057109739616313774406661493655584228252915,QmcoLkq5xAJzQLfQBZss1dUonPo9Uq3PAQSRcxdk2QJMws,QmdgiemcgPNoWQUYxCAB9mkDyTDAh59qGT4Dso3MALuM8c
569,67769679953894571193796202344826209057109739616313774406661493655584228252916,QmNVdsrp6igT1kHCefjDbRgCDWCm5uhPx1VxEQr9HiEUEB,QmTqS56aEvtojjTxh7ruiQq5NCJsYeaAHYfK1Xmoj9DjYb
570,67769679953894571193796202344826209057109739616313774406661493655584228252917,Qmd3MWHyfegwXikefQG95NC5MtteLikQd41TonWtJEEUmq,QmQxaCT6b8jDnYJpTki9HBQfs9gCTzHK7HMpp28oiBbZrB
571,67769679953894571193796202344826209057109739616313774406661493655584228252918,QmRApNmro2mxoG9oHHcRTViuHhoGcZwjJpte17FgwFroFh,QmWUVz3GNgKbXtJxVYvANzTMjsy4gXG2s2g3e2TxRFGjKg
572,67769679953894571193796202344826209057109739616313774406661493655584228252919,QmcyTV4mqc6oQZEb5hY2hzRQnURTrJTx8p4TBp84hdYPXn,QmQLJkp8Na4XZLAxN9EteqeEtJ6EjQmAdx7XKU9wQ5qikC
573,67769679953894571193796202344826209057109739616313774406661493655584228252920,QmNwMtFBD84nzYSDPA6F9adxm5uHMJ5PoKo7eW697hDqLz,QmbhpHGPE71qLwzRJjnEVUKWfMEhu6Rp9m42vWNFuAJToq
574,67769679953894571193796202344826209057109739616313774406661493655584228252921,QmPEcrwwqqBB5ZLHHgMLqsaavkRmSyvnR6Q4gdoxhcSQPk,Qmcj5ZVXXBykWiNweF23AoZsY1epm8RLgjZgYQVMe8e5Mv
575,67769679953894571193796202344826209057109739616313774406661493655584228252922,QmXWrS4f8jD5cuXvsqG2YxP1WoBmonqo1F1YYn9dBvKQbs,QmaN8GWUSUy78x4RZ8SfwBviPJdHUFDVRnNMdMEem2u1ob
576,67769679953894571193796202344826209057109739616313774406661493655584228252923,QmNuCCmbS3y6srXF6JrR7CrMTT56zrepKrguxkMwca3oJr,QmcHnP5sWRMfohSFFVbkhGnxkLQzcqfP9PUxgqRbdJUaj1
577,67769679953894571193796202344826209057109739616313774406661493655584228252924,QmbZ7A14TKkhYvRFvtsHiE6ja8fYeDSL2ahcRJMuKzoEA5,QmVKcDF47Eiin6wKcKHLqgjny3Qc6d8wNxDTd9tsEcALFa
578,67769679953894571193796202344826209057109739616313774406661493655584228252925,QmY5WL164f6thE1gz4o4thSjZDA6vM8628sJ23wonnDkxH,QmTPSKJiNsAzf7n6ZTLnXe4T7whk76GcYzMgcjmaQDu4f7
579,67769679953894571193796202344826209057109739616313774406661493655584228252926,QmTUuoMohbgGpsQomfDVpevEB9EucfG6xo2kyVUadsKLVa,QmXCwSFHyy82aNGK5wkVPWkwU6e9etu7dM1mhH3TPC27mN
580,67769679953894571193796202344826209057109739616313774406661493655584228252927,QmZBwzNXvWU5PNAkAoyzuAK2md9nMLzNPAHGTpaTT2GG1W,QmVicKS1kA2VrSnKqUutHuGqWkTAoqDVF4UJyidJ8yG7sy
581,67769679953894571193796202344826209057109739616313774406661493655584228252928,QmaDf7hcAzbQjtoqiSecLGZgJTaVNxChsTXuMuwFrhnxb9,QmaZsA3ecGbXgPP4wNBv4rh9DN58FuHmy56tDEWHNFBo9r
582,67769679953894571193796202344826209057109739616313774406661493655584228252929,QmQGAonTNsVVsBTTubePKVuid4maPyaXdFB817GakTT2jv,QmbYUydMWR1v4eo8w6HY8kxPZmQeXWDM5VBmgSZktKVWWh
583,67769679953894571193796202344826209057109739616313774406661493655584228252930,QmZ4nktwkJLQc1YwwCRSuo53SvyuzyPaeoiSFC5T4Xewtp,QmWYQPQr9ANh4HETF6QncPd3i8DuqMzhYzZipkwRjHq3it
584,67769679953894571193796202344826209057109739616313774406661493655584228252931,QmZfRsk72zKWAnrFpHZpQbRHAoCwJC5B8f8kvoKTSmAXWd,QmSxoti3tM2mz2qBAysJmXFVmNECawmX3LKDhTaxNUfCT6
585,67769679953894571193796202344826209057109739616313774406661493655584228252932,Qmd7cukBdzEX19dQAZcCJTtprk9gwS62DyGD64Tvjhy1BS,QmSiTFrxWQgWKZF22GtV4dyt7iyYLZBncbL2QDqCqyAckx
586,67769679953894571193796202344826209057109739616313774406661493655584228252933,Qmf2JhzFrbgpwyuyhVBhpesuKLRpsR9wNAHE6FU6g2419s,QmUBQBuxzr3VU6VRqqHjqsmmYxfJCayYccdRujSr2oUuBk
587,67769679953894571193796202344826209057109739616313774406661493655584228252934,QmTBmg6WBwZkm3DrP9WXj9cMiQE6nynUYbaoAnVtcFA19J,QmccRPtszrwSQhN9gf9RR2mHx3kHpDAE9RWnaQXeEuU3yP
588,67769679953894571193796202344826209057109739616313774406661493655584228252935,QmbH6qawRfR5y2aonTUp8WxYxPCS362xwSxSo49kxuDuxB,QmSjrxRkoYE8oi35F32cJubYsph4gMWJWorL7n4nSJAdUp
589,67769679953894571193796202344826209057109739616313774406661493655584228252936,QmVErrXMoep5EkTsjqkEttusWqNdhJyoD7NkCBMbfnLjYs,QmZjuDpKWRAuc1zY9XxD16q31X8vq5dmDtWdMAYnfP9gsN
590,67769679953894571193796202344826209057109739616313774406661493655584228252937,QmbetWiud3zs7zbompHrjPPRZF9CuCTVLFnVGHuGVoGXf2,QmThaKJHc9AjJ3EnMXR3LqT2q4W5ks2CuqrPQhkWvYdcsy
591,67769679953894571193796202344826209057109739616313774406661493655584228252938,QmRjLVWRa2VnRUh2WDXmFVcaQvUSwVmnuRetukhVTaW4W4,QmbZwBxwA1RnXKG2EkzJGZQXoVsSUccg5idZNuG95E981D
592,67769679953894571193796202344826209057109739616313774406661493655584228252939,QmWSZVmMFLeGAS3w6iahUKm25ayUJDeHTkQdMw56JfwCVz,QmabWT7wU2YKnCbs5f3S6acK4kSTA294AoXzwisXWeSqNN
593,67769679953894571193796202344826209057109739616313774406661493655584228252940,QmTyF3uktrAXXH3xAfMNJ1vPhrCEjgTNdtZKAPTAQaGALi,QmP5SqPBwU4FawdbyAvqqGwmpZTvCcduV2VhoDjZhRkugY
594,67769679953894571193796202344826209057109739616313774406661493655584228252941,QmdNeLwVA4xUzbDTzfmqxyuE8FeNEkQK9ReWeCo9HSRbkF,QmWRTHcEyXwNDvgLPWhwBFkGr6FWfpbBpZDLM1dK1BwN6q
595,67769679953894571193796202344826209057109739616313774406661493655584228252942,QmT3VYL5DVHKRgDq7FEdngxXgeCeMNa9ueHANBWEGPvVvi,Qmah9VY49r2fQzxjjALGHGUAJjKarSVkMPGzTDjSdWmhAR
596,67769679953894571193796202344826209057109739616313774406661493655584228252943,QmerCPgbcH5ZysEvziSZog3LNEfF5mPh57ApmmKoKVDWQV,QmQTgwz2fCwCXgPubSjfpdwcZDuwfxdTBcZ9ezhGPyotYV
597,67769679953894571193796202344826209057109739616313774406661493655584228252944,QmURqhCb66Tc84ZuVzMRjmNrycDY4J7NFkfw16NYi7gfy2,QmcMCW724nUGkFZqA6RQLqL8Qb2diNpmFh9G2jJFjB9S2t
598,67769679953894571193796202344826209057109739616313774406661493655584228252945,QmXNnvLaQLaxAvrf1fU9Ro6dEHdaZ3Cj4GGMtUaLWpLFb7,QmNrBy75GsqfU7j4rrXAAYNgzxhfSf6UNJ1eB9YMJqgjoH
599,67769679953894571193796202344826209057109739616313774406661493655584228252946,QmT5tqYp1jpkB7bXi9jNtPRwYCfKzvX7pQ6uksrFqupbzk,QmatZLqZK8Ps1pvtKqefpyT6Lti9GLg1C66hTnKwwVVdAS
600,67769679953894571193796202344826209057109739616313774406661493655584228252947,QmWVz5cS7ocXUASzYyTN5nweGTH6We4Fyf5bNYR91wzRXP,QmQu8Gx1nccAucTFWQipJnJVZnjZkGmh5M1StNMZ11YYEk
601,67769679953894571193796202344826209057109739616313774406661493655584228252948,QmP9D9AeeAB9a4eGWKoMmt6fkmub4gTNwT22x4jW9cyidy,QmNLvor9WgJtHGgFbu2Z5vUfrHJgWuiWPh7EG9MA9rmsmr
602,67769679953894571193796202344826209057109739616313774406661493655584228252949,QmQS8f5DK6hdpfG4vH84GRfD4EzZmqG7dC1TYdaucTbLWo,Qmcanp8e6UdTj3swe7mwXCuWYnfGzaSTpEPfUvceHcLzkh
603,67769679953894571193796202344826209057109739616313774406661493655584228252950,Qmdgiw42cLd3VtA1t478jKEeVQU8UKX8XJG66i1MAGrbd7,QmamDSQoDedNAk65ZTLTHc9T1UN76gJUqPCvm3qx4LLKro
604,67769679953894571193796202344826209057109739616313774406661493655584228252951,QmcL2c2pEiW9PtzG6o38nkm91vtzLyFSCNiC6fzRjUmErZ,Qmak3D8BcWJrvoYTmBNCgBb1xSCru937pK37Qrv23hH1GV
605,67769679953894571193796202344826209057109739616313774406661493655584228252952,QmUb94scZ2pVjAA3649DtzECFgA7cDXf1MfSNbU9m5x8tQ,QmQMkuEwFHSM265yTchPeqvg34gYeQbNthnhoiSgs353SQ
606,67769679953894571193796202344826209057109739616313774406661493655584228252953,QmX7nyhkvaBpCFftaDrDGGguNeKoVfd6adexJR4mjdmbmU,QmRGCy1L7mLq5yaHtpFgoYeCDH4W8e88uRwdgAdxPLnoFJ
607,67769679953894571193796202344826209057109739616313774406661493655584228252954,QmTSdxT4yG91MGKTcAHEVPgr41PU8wpXvmTDW7DNUj8Wu3,Qmf134Sya4AtGhmhecZq4bcyzmCAzqwRTUmGVCiX6zkLx7
608,67769679953894571193796202344826209057109739616313774406661493655584228252955,QmSxVQdiVEUyCPBmimfUktdcyAzTYsC2n7a9e6Kt3QPyBg,QmU9bGuTvrzqS71KFDufa4XSddeo4tY1D2qXDRBBFx9ytL
609,67769679953894571193796202344826209057109739616313774406661493655584228252956,QmWZ2xrzrQV11bjE9LRcNqNs2mh5gJH315bmp7KMrsYzXM,QmaT8g2bTSvQEjQs65ZArywwUA4vYmyB8PWfmGe6zUiJr5
610,67769679953894571193796202344826209057109739616313774406661493655584228252957,Qme5PgN34Xt2Zt9njAbCdT6QHFMJGGmKXxRVANsb5yad4V,QmQQpdQvjgFTrXvvAQFhJLgUPXnGD9V3BWEQGN2x2bJS94
611,67769679953894571193796202344826209057109739616313774406661493655584228252958,QmUYdwtyrKsXF1yAFB5PXoTSaaUbmh2bxiPtd4DnFeSaqg,QmQj4ZqSK7jNBsfkJMiMzS6fKYNkCkrwrTBRHmZ7n1vADi
612,67769679953894571193796202344826209057109739616313774406661493655584228252959,QmfY6akwA9fK3TsGpCKR4FCe5hWcSny1Uu67fyWktaZVfQ,QmWvtFNZZ1QSpf4d3zxRuLrWFXmjF8kyWj8pVcktKN19tK
613,67769679953894571193796202344826209057109739616313774406661493655584228252960,QmXKYTvHCLQdYrLijBisW2wZRGDkjKyznPFPZHEkoT1Kg9,QmRKi4RCttdnm4NS5t4D97B3a8RQ5f393jYYB3mghYc5s4
614,67769679953894571193796202344826209057109739616313774406661493655584228252961,QmasM7NXCw9bGtuUDYt19PPMmR4rcecFHH2GbqwCZqyYtd,QmaXVrKYB3nVEXCFtc2Udbf3PsGDtZ8G6hURsxwUJJTjqQ
615,67769679953894571193796202344826209057109739616313774406661493655584228252962,QmVyrCX8Q33tHhbH4e5zig77qtv5ihyXYV4JFidtjgzpeF,QmeoUyJ8GaKZQc66qthVjc7CPgLRRYE3quKbTK7mRyx6LX
616,67769679953894571193796202344826209057109739616313774406661493655584228252963,QmNr785ABbMByGe1c7BJRWW2EeTg8sS6m46bKL7rkrVimL,QmRF4rrkvMhJnzfH7hQfSTcwp2abHvPUQTLuDw1GfJe728
617,67769679953894571193796202344826209057109739616313774406661493655584228252964,QmYEWuWxRkmUwU7ibAt29uFErUD1bvv1vfofgHzKh2tbet,QmcCA2uQ1pnjXTPN5WywB7xrAwYveCBSnKYLUzXDU5AqFr
618,67769679953894571193796202344826209057109739616313774406661493655584228252965,QmfATVAWVRuYMxGxr6p6J4rmt5CAWqZMAryij7gArBSQkd,QmTKB9CWNHgckmE5RxVjTtKdZq5GhajERNciFH9dtD2eSL
619,67769679953894571193796202344826209057109739616313774406661493655584228252966,QmRF7R75zjgeiKNkhakH4K1CWThEzJi3kgRjYQUSCowBg1,QmdXM8Hu2oMUi14zNQiu5YmgskhFh9WPKWpjo5K3mjMUqC
620,67769679953894571193796202344826209057109739616313774406661493655584228252967,QmSEAaNsfVJFaZaYP2g9kYrbtQBovZxNuSRkqdNFk6nrkg,QmRTPujim3FKqgXJjuzsgntaqC5JaG7SCkynLymvad5z3S
621,67769679953894571193796202344826209057109739616313774406661493655584228252968,QmUWJsED5Z3A2WnzPn3YQ2JgXT1YEfWJMo87VS9jsmCffZ,QmXwnfNFA1aQhEgC9be9kEsEDjZrD7dZxipkvEgUReXQvg
622,67769679953894571193796202344826209057109739616313774406661493655584228252969,QmSzZBjo2WwWXTjvoPx37Sfza92ZyAuvhTKWPL8qdUxkJh,Qmdi4u8nAs9tasBBwv9FbA8a6GSe8UwuY4pya5eefx7SZM
623,67769679953894571193796202344826209057109739616313774406661493655584228252970,QmaBwjhTMRF9MbvjWkrQSZUMCe4BEacCmGPQACVu29Mtjy,QmZQYcWkH2uaHxKa9Pffu94Kb3Kkv6Ngedi4bHAwKM1ouP
624,67769679953894571193796202344826209057109739616313774406661493655584228252971,QmNa7KRoLU5Awqp6zXycto5yrqHBGbtmhJmhTDTJGxWWfY,QmQAxRNWCRJBuG26K5KdazCCWoVwQBUw79WdiJMXPe3cKU
625,67769679953894571193796202344826209057109739616313774406661493655584228252972,QmSX5MG51jqmG5kRnswgT1uVHNvNwjRc4bp6EHTdoeYd9j,QmNtN9k676T9aMcTdLLJXbLZzMGniA93EG1qSxPA9UhEiq
626,67769679953894571193796202344826209057109739616313774406661493655584228252973,QmSHSZDyeyUX5ZSUT1UGQo9wDDbVJUgrR32gip28pBrbQ6,Qma366uwofVTEPbWjHPkhXSinFYtBCyXDSyG5V7Peaw3wA
627,67769679953894571193796202344826209057109739616313774406661493655584228252974,QmddtLJNwDoBurpANdaVjKhSrZT26MrKpENA45e7Brz39m,QmXaEtbYuHN8HeYF83bjRyB4G8FPJkzwPp26dMreWwPtSj
628,67769679953894571193796202344826209057109739616313774406661493655584228252975,QmeNcAcndecmAEQrGZ68624tqLUHK467yn5nP5BeQpw2mt,Qmd9LbzrsPEY9rpDYJpU6vDxdvsD9Ugkt1mgZRS2oj7aff
629,67769679953894571193796202344826209057109739616313774406661493655584228252976,QmNnBYF8h8nt7UzxkxyBNA3bx6nSQVQ6yUoMXkNkNKu7kQ,QmWwXB4P4cgy9G2nVExqH29aFbur1Ebm9MM7dVvGnUcZUJ
630,67769679953894571193796202344826209057109739616313774406661493655584228252977,QmbD18STSkFM8Gow6pr8zkvGo2Mnveq2A2y9kPJHSXGhB5,QmW8LW7nKMUTm3tiiptqq4w2DTKP5NHrvMUCaeTbFQkN6v
631,67769679953894571193796202344826209057109739616313774406661493655584228252978,QmcunFHFZNT5F1kkrnf63C8URx578jFgWh8mNbvrkBUsdf,QmY5PrEfE8jrf9q9ScXev6DvyebwRigdZtYtFu1PSx2AJw
632,67769679953894571193796202344826209057109739616313774406661493655584228252979,Qmdb1YtizahncF91Yc2sXhdHrbh8JY9rocz88cVqjXkA5e,QmaEW9D8A1GSAGrbpXKhAbvEv5FdPG1LDhsehcy4efzZXg
633,67769679953894571193796202344826209057109739616313774406661493655584228252980,QmTrLiLJ9zhBtty2noyqnUA31gt87QoyFMoWR6MxJdGB4v,QmVwBhJTT8DM5YVeQgLDQFtn9Eu6JQLAf2HMNGg6JT69Pj
634,67769679953894571193796202344826209057109739616313774406661493655584228252981,QmWyJjNncp5okwehZuzfQ5YsKFGZtn9cQtJyxJpwJ1kVm2,QmYRv4URAMjYLEXB2WCZCiiUAgmmBohNvD9gZtV8kNgeVb
635,67769679953894571193796202344826209057109739616313774406661493655584228252982,QmV3NG8VYTWcGsxWMCYZczExXCvJwe5Mq4PUqV5XzKR2yV,QmWi6MGeTfsZm3YGjnuTApV5oqNWCTewhonbuC9FUKT9vN
636,67769679953894571193796202344826209057109739616313774406661493655584228252983,QmYJj4MwDb59sEXW671V4SvefTjVcW4C9Nq1vdPRpx2o5d,QmdQRe8WS5QZfh8oWtoxzmHKZbZgVcE8wime2zrurHpMMU
637,67769679953894571193796202344826209057109739616313774406661493655584228252984,QmVvAsH9DWp6wFn8owEy7HWatykMrcENLRYhwoEZhyyouB,QmV1nLKgoqv5HVT83bRMSRomsaNaFR9ypg1a2YvdgWhXU3
638,67769679953894571193796202344826209057109739616313774406661493655584228252985,QmRqpdrHRcT5atuGmxc89FmN7key5A2TDcXBrzKYf9NfdT,QmahKcpBq22gM3a46GByPkVZvLeNXXS8cyCq66NeQKaAAB
639,67769679953894571193796202344826209057109739616313774406661493655584228252986,QmePePjRepwUZPxd2qm9e6qrNWQNpNqQPfmAXj2zkY2Sbv,Qmc4FRDmDURLU7P3aGfft4Qdy9taRVXvDoG2V8qZyqkgYX
640,67769679953894571193796202344826209057109739616313774406661493655584228252987,QmWv69aEsix3sKKCawAxgcPfBbugq3wvakKXHGuUiFrkLz,QmYZ2HDrWUMzpAbwC3WStaGmYtGtSnvx22PffijjnHTCtm
641,67769679953894571193796202344826209057109739616313774406661493655584228252988,QmRporhATQ1SC4uVMhqWMVVtHtEP6YZaSPN4oqegS3iXRk,QmX586eJMhFWEGT5zxEP2hjNobwYsgqF7vbFq7F2PPMNVy
642,67769679953894571193796202344826209057109739616313774406661493655584228252989,QmdAPneXvvV7qcNjxibMsA6c9hrJAbVmSRToaew29spVrp,QmbHfPzDpNUef2B9wS4aHyhtFDhKPvT2M5jpWRhkm16nfA
643,67769679953894571193796202344826209057109739616313774406661493655584228252990,Qmc2PTKUVRrQ6Z2hiR7nPQmCQyFjbtHX4K9rrtwUwnRxNc,QmURk2n5ukM3ZYLr1FLQp76HcfUb9mmdmaxWiW5Q97wfPc
644,67769679953894571193796202344826209057109739616313774406661493655584228252991,QmSovNeTwDL4FaZJWXR3BGjysQqn4FZJzkqYHUBaRpFsWT,QmSqZXWrgokh2KFiEfESuSMNYXoYFVsL3fbPGedazpC9Ny
645,67769679953894571193796202344826209057109739616313774406661493655584228252992,QmZh3tiTUBSttJ95ZJViy5Xk48Zm1cYy1HWSpopT4ZNadx,QmQKr5BAjwXNcUj9773UDfZQHJ8aEcSvq9uWdeHYeJLRcP
646,67769679953894571193796202344826209057109739616313774406661493655584228252993,QmStChZFNycj2y6ZonxWMo4rHDBHHzt93fJsNoeSM8dNMh,QmY6ckboqY2XxXixzSbWwavwqky7mY3KNQ4xhmdU2FEVDH
647,67769679953894571193796202344826209057109739616313774406661493655584228252994,QmTLfSYWAcZV5QTmFzacZopKMjGZokb5LKHhDEe4b7hHrA,QmY499KvfsjwFFmaaFjYKBQRG1kgH1E9L6GUQ46HkQxMNK
648,67769679953894571193796202344826209057109739616313774406661493655584228252995,QmdDNJ8AG4EkKGxrrzVhyxzutmbF3HkWdq77WYwj43peuW,QmPkJC6hsN6GE4YQXVyzBFLJGmLh7Bae5J1hnZ9HmcXqWL
649,67769679953894571193796202344826209057109739616313774406661493655584228252996,QmPPzs9oZTP7H1fRA3jDnBkdm8egrt7TQm8Rzn1yg2o22m,QmPB95hJYGFBqrFNDpBoWTJVhYZZ5WkJ7gJG4WAabaZ2et
650,67769679953894571193796202344826209057109739616313774406661493655584228252997,QmQovm4VYQ2YHtR1rqgxsZzkpWbZUi7LCvAkviomofhqHp,QmeYfvZsVoQsBvaMVcGqAhYNSZhYE7hHrhN6f4qxHM7V1R
651,67769679953894571193796202344826209057109739616313774406661493655584228252998,QmfKwKGJE6ZEs4uv8AGFGA8pjjnpD1hDhJjbth52XrCeop,QmZUqX5seQFSump8vgetZbMR7tstu1TSsYcHzrfFdMmxcx
652,67769679953894571193796202344826209057109739616313774406661493655584228252999,QmepSv3RLn1kJ3xsLEoTY3RtE21Mv4iX2EcyjRTcE76ekm,QmeMZGU37cJPdHFmLtehbaAe57E2Y5biQWWo9fQrTd8B9d
653,67769679953894571193796202344826209057109739616313774406661493655584228253000,QmSKNRuajVtimiUKdHbzMTT1uEHvp2F1ZthLGG8FnXHMid,QmQHTiAhMw6qBt5StA987xt7paYLsGu1R3Uscjc35VeveL
654,67769679953894571193796202344826209057109739616313774406661493655584228253001,QmdyYK26QGAwzdAa9Ga2eaMPgKgnB9WPd9BxrY38ZRGXak,QmVGpRPesUXXj1JwQcRYHeXawGN2hdnWFsWdiobpud13ae
655,67769679953894571193796202344826209057109739616313774406661493655584228253002,QmVEUWYEw4SZT1Npzq4xDdKhxA1EvNK8hJB4htQy8uddYV,QmQf4LxvCV3aqwAFwntA6zvYTWMyhNpZsePY1bYeJ3Hw2y
656,67769679953894571193796202344826209057109739616313774406661493655584228253003,QmZZZket9typc2DLAAnm9eAvH7LTydZQMZPiL518HvGjLy,QmdWut8vAVxx5fMwuaccWR1g99G7pcS4CdRrBKgpNpZcy4
657,67769679953894571193796202344826209057109739616313774406661493655584228253004,Qmb5rUsz18pamxDqT85U4gmurXSKpsi6w6WGcKG3AewNjK,QmfZVAogJgmEZ9SyWg6h4x6HrGgxtazu1JfjETvERR6qU2
658,67769679953894571193796202344826209057109739616313774406661493655584228253005,QmWW4VK7cZ1BVT1oX3ZPXhwyZpig9qppoLp8EbYG8LsLBR,QmXgPdkdHgJzhct8mvpZ95yj2QwBvEpwB3TpNAh6eQuNb1
659,67769679953894571193796202344826209057109739616313774406661493655584228253006,QmZ8zfGh2RSz3Bfbs8AFUWSZLvwxfc8a5j5Aq5PFHeCwQz,QmX6KDbSgFGDkHtnrEfNfM58d1C9MkZJ3Z1weCHdwoxT5G
660,67769679953894571193796202344826209057109739616313774406661493655584228253007,QmUMFoGjfKkH8V6RRAJCCBhrV75jUBWWJyVeUyYB3aab7Z,QmTnHW8GfbYVxHHfZBTTtQjruMVGUJFb9cKa4v5KJAfbiu
661,67769679953894571193796202344826209057109739616313774406661493655584228253008,QmXVSAEbqGbkpyTXvi77zFWt73AP7R4JBDmRk3ijY9mGMb,QmW1fSZVM1bqn3joFNp53w6q5ZSSX81TYd8HUB2t7SW21m
662,67769679953894571193796202344826209057109739616313774406661493655584228253009,QmZeht7mfWX35QVEQxfhkiaDLso3jFWvnuoXfUgheprDZ7,QmNqjJRXJwULVtcpFnVuTpwVfye8Yt7CSTC1xiAKe2j8qH
663,67769679953894571193796202344826209057109739616313774406661493655584228253010,QmXfbNfdjtAUw3PvgqPBCUiQdmbP9Sc1mRW7gZi6To6kgt,QmZzR8HH4Q5W7dq8xEWb9FYWz92TeTQchmPgcTkEqpYfzw
664,67769679953894571193796202344826209057109739616313774406661493655584228253011,QmevgiLzJ3kpg85CaUMS5HjMNQTNL29RUWTMhA3M6kEZ7i,QmRjQrcgManX12EstD1P1vh2ZUQ6HSwDqoBkeZebBkW3dC
665,67769679953894571193796202344826209057109739616313774406661493655584228253012,QmSzjDuWB4QitGVFDdWg5LrX3Z9pECkJeXbxEp2TmmfgXj,QmZVrsjRscDXkNjho9AC6iqPLoXvvd1s8MZUJxAtfV9A4m
666,67769679953894571193796202344826209057109739616313774406661493655584228253013,QmSWndMKpjwtH2q4eTHuiHXgvTkugcBgTcpJTuFdN5TY5c,QmRnw67dQnsthLE8AR3SFNhCCdNFwALHRm8SZjmAjHKqwA
667,67769679953894571193796202344826209057109739616313774406661493655584228253014,Qmb29MgpsrkhEe5gwWRnvvWdXWU1wMDWikmb42vGSVRLJa,QmTicwea9d4cy8WTB93fQuQtpSk4voSiBR7WTkdRPep3cT
668,67769679953894571193796202344826209057109739616313774406661493655584228253015,QmWE8wXwjuopx2w9dF2J4dpTWAyVjzWn9w8xQFx6k3hioW,QmWLv35m6BA2MNRmHaGvBakhfRoDN6NNTxKW9jVeA74kxq
669,67769679953894571193796202344826209057109739616313774406661493655584228253016,QmRj6tntQMt4xzVB9ERHThM1z9BN5U17NSVuMFkWUshjxH,QmZyKnvvFtot54B6CBihTUE8ZMfyvxnf3uC5szTmtbQoKT
670,67769679953894571193796202344826209057109739616313774406661493655584228253017,QmYiy3cFuF2pm3PqyHfDgr4H4ztSwedWW53EYDfBF57Kwj,QmZLdZZZ4raQtKTh4aLchPawS1NBpjPiWFQeA96EWQK9BU
671,67769679953894571193796202344826209057109739616313774406661493655584228253018,QmPoVnbDRpkcjNtupzb5RTDq57JDPv2mPUgnfbqz2F8WvC,QmT5hiEpmNoDEDNCJ6r8zDNprQcKGsCAi8dLegNRXeoNVv
672,67769679953894571193796202344826209057109739616313774406661493655584228253019,QmPhkQsviRFkweby5FC7eu8cy49nx4hpr5WYwDaXPSVB5d,QmXfQ5RKs129EeBKU7dgWfrsxPGRMuoLyPBGYvcvfh9xQD
673,67769679953894571193796202344826209057109739616313774406661493655584228253020,QmTEUEtbRYXTRYJhpEXJjJFUAVAgKpYwZYS8WuuSVG7uD7,Qmbm8BnJYsHAn8dwLwgap5AiBpCcJXqVCmRfxiyTjzCWXr
674,67769679953894571193796202344826209057109739616313774406661493655584228253021,QmaPHetWDiMDkhgMQjmBmMxg3AHtfdJwJnPuwCnSoowC29,QmNivQxZ3PjhWLz6RQpF9YgpdzR15EWVkw5rsS7fu2Tcmc
675,67769679953894571193796202344826209057109739616313774406661493655584228253022,QmYGVHzxHVHL7xJfN5ievK42i1QBC8z2srPYM8RJd75YAc,QmQf1SNz7355uB3TRKpHdB5hg3bVojWb62QGuzCc9Z2EuC
676,67769679953894571193796202344826209057109739616313774406661493655584228253023,QmbAuqGVBMz7BsjVVX42fDTfpSqtrqVPoXanrPy4CCxkWX,QmQB5CxJPmcKJ12qn3PxdFgXm15a8UaYuJeXenCN3tJjQQ
677,67769679953894571193796202344826209057109739616313774406661493655584228253024,QmebUc4sPVYrcEEWNG4vfzL66E92jkdDLUoWeh3giawYee,QmTzY53VemStVXvP5vQhsd3tj4gZrVNBuf4ewC3KpRMwit
678,67769679953894571193796202344826209057109739616313774406661493655584228253025,QmTCvZUBeLzDgvVNHbXRTBnrTPAEG7fgUP6ubm2dFBCCwb,QmPC5DmEuwKuMENGVmhuXuC1iYUgST2seFp4cR3gjWczn9
679,67769679953894571193796202344826209057109739616313774406661493655584228253026,QmW1hi3oi4ZYfDaugc8JshvoJ2pbZUVcCWRF9GWDUnLimf,QmYiLy9s1SWbX9DyyRiqFgaYhtycrrVSH69fYTsnqhi3Pd
680,67769679953894571193796202344826209057109739616313774406661493655584228253027,QmU4EeUnitmSXaFy1hwn2cDAjzhxEPX12zf7egu5WvqCTu,QmbjmuEswkP3baudhwuRD49J698PAHFXmKMDQbCv39WJyf
681,67769679953894571193796202344826209057109739616313774406661493655584228253028,QmVCmMYSscRW2SteRG6p6QwRkAHV3BtBkEctcf6GqWGvea,QmZBydPM51yathxDYuSEFCgoLzrgAWArBSFpqpcH2gyCAt
682,67769679953894571193796202344826209057109739616313774406661493655584228253029,QmcmZEx5tMpCWMJacrCqqfB4YUqE8dQZoeVwbg4RpJro5C,QmdsbUSQVtHjYqGnVHNvtWqrt65DSnQcCrWb9FLzSJ1wYe
683,67769679953894571193796202344826209057109739616313774406661493655584228253030,Qmd8d24MwtTM3QgANYQjTAoFGiFUYimXb24KUnFMzv71UD,QmbRytrXwXY67yRtDjbR9rZuoZ19AcWq1b3j342o9ETuDV
684,67769679953894571193796202344826209057109739616313774406661493655584228253031,QmRYfPX86WhDJyVmp4HGSjG6ggGK73rKPks68biyJAMKca,QmTWJqZbLZuxjmTG3nmTV3vK19mZANqC7qKrof26PVmBx8
685,67769679953894571193796202344826209057109739616313774406661493655584228253032,QmTmSwM1SKSgHzBMFN6qN5humcPai31MZCopr8hP3hkYUd,QmRQKWfm5LVAYioAga583NTQbcY4JcHzXVxxQAMDkmg1bS
686,67769679953894571193796202344826209057109739616313774406661493655584228253033,QmPxYR6ddbvN661NbYetvucaDPDM7nsLTKr5x47zsZQJ7w,QmeyY1YbskmzHDQyCWFWXVhpDfYnXdGXN7zQa7VpwnSWJD
687,67769679953894571193796202344826209057109739616313774406661493655584228253034,QmSvgRdWD8Mky53sbjkrzSY5JvzNAarNhNpzVdYhkKFxgV,QmfChJrSKXDUnK73xh9dCnwndBwZ3S8ydq9whexrFN4G7e
688,67769679953894571193796202344826209057109739616313774406661493655584228253035,QmZ3jaB5Cx5XLHhcufTwsDKCjGcxeHPEN4raQrYdAg1LL7,QmdjxPHJsabrEiUreXD6VxNt2efmWzpg5xTVceeUgd55QX
689,67769679953894571193796202344826209057109739616313774406661493655584228253036,QmPKqsQZzfoyg1r9gSNMKaUrjCcjWjZohsgFVNdMBezigS,QmTj8PkWzPvF25YDV2LbHyVpKZGjyPoEpv7jf6txyqbuwH
690,67769679953894571193796202344826209057109739616313774406661493655584228253037,QmcyuMMSPe88RbFRcN5J3mnKw3kW4hz3yQNZbWutB31qbP,QmQK7oh84kDDA2489nyk45EqAFnNiNgZ31UPv9WFyZmMWG
691,67769679953894571193796202344826209057109739616313774406661493655584228253038,QmQYU2twNDi31NZaq7VtkbnwwCx4o9W1rSdpWboWNGnVU7,QmYxK9C1mtz8dfzrVJuTUXL5BJvxQBd1MX2RxBLXVSh3id
692,67769679953894571193796202344826209057109739616313774406661493655584228253039,QmcK8X3cM9GMszLKXSY46TB8FEZ9CAfiRhchizLkzfu1Fx,QmXfW7USVAMsmHLaskbFZPccfgQfdT4koB6Zk1TXf5R98n
693,67769679953894571193796202344826209057109739616313774406661493655584228253040,QmZcaTMQrD7565SM99R4d2LRH7doUHTeJZQ9SaCCq7ztWo,QmW1ZHj4ePj4FudVXGvYtiFQsVhB6NyLvqkbd1As2CMNyx
694,67769679953894571193796202344826209057109739616313774406661493655584228253041,QmQP7oY953TqoHCZEwtyYRK81EYRKMRbC37nQJ85mWzSGv,QmTFG9bmb5DJpTU2C9zskqqgANCWGnkm87A2oFoFn5rbbT
695,67769679953894571193796202344826209057109739616313774406661493655584228253042,QmQsbX7kJJ2d8JWtPDxj2VLsREQeVwRjT4XmW5Tw6h2Pia,QmTTWpCq69J2YTFw5f2pjjnjCA15h53iNLbK438tmi5LA5
696,67769679953894571193796202344826209057109739616313774406661493655584228253043,QmT1SeyoFhJ5rrL5FNZ1FYzUDFNsFoFQHc8UV3pv8m5p4c,QmR4NfFgzoFrTUTK6vRxyrbTqEiaWHhcRXTfSq5KccjXiU
697,67769679953894571193796202344826209057109739616313774406661493655584228253044,QmXJNAmwnyVpjRAXPd5e8DUNBs43AKwN69QAUVDFviiTev,QmRCCesUDX79NRcQJHek6yNXWnhn6BaLcyp2xffwupKb1h
698,67769679953894571193796202344826209057109739616313774406661493655584228253045,QmZE7KPWD7637sqvMofC3zJSxnQPwi62QRH6VfXGLWKSRw,QmP1eBghA24XTXqaZFyK6ER1AB6tmgg1KBHiEFPXpHBykP
699,67769679953894571193796202344826209057109739616313774406661493655584228253046,QmfEt2FJTcKeSm6kLx7Wp9vb8dYLzswzYJV82FJAUuHJMD,QmdyggsFTbBGcUcmANZoBbQBFV4AY1jJ8Z8PWis9nNfWdr
700,67769679953894571193796202344826209057109739616313774406661493655584228253047,QmUXZ1RXaW7KFWxRWkR5vuDDWDGnabu5kEYocS1Xj7GRrP,QmafbQsf5bxEpez71z9Wn1cCeX3HtZvAA4su1rxtniyNgz
701,67769679953894571193796202344826209057109739616313774406661493655584228253048,QmPUfXfnLfkM2PJzRK4FJ2XdPb2YzZgJbanEY5aSM9XtAb,QmbuLpMns8ZJVcXV8YkGFUR6ZEE19N1cYWCUggNsu9mveu
702,67769679953894571193796202344826209057109739616313774406661493655584228253049,Qmc1QV3PAvWbMdeNjFcMgUYz2oGhXKiDN1WfsvJhQw3GCR,QmRsAEM9nXXEggxpKUjdu4vHntSiTiQoLZzELkZV9WehUf
703,67769679953894571193796202344826209057109739616313774406661493655584228253050,QmZYdbwDgaedEgixVFDkgE9SWvMwgQb24Tq7jY7kUNUcUo,QmeskpYR8JL5fhFjnrPYsAuC9mc6dyFZ5aYtP9d1cbhEuX
704,67769679953894571193796202344826209057109739616313774406661493655584228253051,QmTp97hm2br3LvLHGdSKMVLt82b9bXJdqv6q2n8YHwSWpi,QmP5VEBsx9D5DcKbvssj7suwW2b1nDvz4ds7n6kpMgQidm
705,67769679953894571193796202344826209057109739616313774406661493655584228253052,QmT4JsNmbWGmGYTtra1adqYudm8zEYBtYeu5xfiMoMuF4z,QmZr9dJYzaRj8i1pbcZPTrGAkwN72yR6fNM9nb4aMyBSGk
706,67769679953894571193796202344826209057109739616313774406661493655584228253053,QmaK9TJ8p2DhLbiLq8y3uN3cfAqEyZ6hPmCbitbuzQRzhu,QmUeskkEzf7F73QyJtzYAEFoasrKKjr3BPbicBgq87Pa1R
707,67769679953894571193796202344826209057109739616313774406661493655584228253054,QmYKaFzwsXQZJhzGuTiPt1ohHRqGGVvot4ndxrcnffTesL,QmTVeAizFnr5fw1opyxmmjDSJasSShpTAxjzNHA6V9THzM
708,67769679953894571193796202344826209057109739616313774406661493655584228253055,QmYCiHJ7ttbUQQr66CRFtMfofWuD3bmN622uRejFREoB5T,QmVoBucMNML4jqM36uX84beTFJpY78F8yExvBLiSTuHtkB
709,67769679953894571193796202344826209057109739616313774406661493655584228253056,QmUcLahSfH9xuM9mvN4eGGPuhp11M8P1G5fjCxReLMD1LQ,QmU1uB7s5Nd2MpMUz8jL2FGn1nyicMiUd4jZvjwdB1XJvC
710,67769679953894571193796202344826209057109739616313774406661493655584228253057,Qma1A8v9rGNeEQGc8hudrWmto1KCUWXgjDuCjPpbmmz9YK,QmXUZVuRsqMCMB4yNFiVJKmLXpi65apjp9hR5AR9PfdUaL
711,67769679953894571193796202344826209057109739616313774406661493655584228253058,QmTjCXySeVEtK2zhQoV8k4mS9ragvQBQRuhraGCYnsMb9a,QmQbNtbw1kf3CKw4AwGvvBfbNYYr8vu1egdHtBSHu7FcsX
712,67769679953894571193796202344826209057109739616313774406661493655584228253059,QmRAxPrXXoMxsHw25onwDCMZMZvc3VvHjonqBttpH8U6m3,QmaNEU4Q8seQmSGk2fKsFQMfawrZaBAL9cQ7LaPFEm3PQY
713,67769679953894571193796202344826209057109739616313774406661493655584228253060,QmbCY1gCtL1uQXHgUucbV27XfxvjHJ5xa4LkWNu8ZrS3pT,QmZhrtApaA162ABoSuSva88H3AmqfTiWJZK9BgC78WRsJv
714,67769679953894571193796202344826209057109739616313774406661493655584228253061,QmTPLXgAeZ6uwvFej3yJhPfCBUEE83ZPvcCN6NEZ2bbwjD,QmbnWYtzGsPiPwuzp2mFfdN5CTP2aMjWQCwXdBdCZa79A7
715,67769679953894571193796202344826209057109739616313774406661493655584228253062,QmeABCpJuhh9XraDojVV3Ta3DkSdS9LVR6x3aa8CzBR6fX,QmdqwhsW1rxFye4bYngKyMqmC2DKtfsxfdtpMA4JY3AaVq
716,67769679953894571193796202344826209057109739616313774406661493655584228253063,QmZzq2r97heLn4KZxP4gs63FKeXE8LaoendKUcVbe6xSuV,QmZQWeQXRqYamiJcRDdHPuiVuMnrK3NtT2VtrZ3gEhJms7
717,67769679953894571193796202344826209057109739616313774406661493655584228253064,QmXqHpR4cNcTTyc7m6KZ84rUsKdqL2wzN26QM1vJAjWxzS,QmXyue8CnmmapWoCz458Wnp16TSAhBWhCM5bWHqb7LRA2F
718,67769679953894571193796202344826209057109739616313774406661493655584228253065,QmYf86uoMybPfLp12crbyct9psqiwvVdm8gRUZ9j79v1LF,QmVfnymRDZvZMzcJvNr4VWAP3sRmFzVQYm5WWoH6kh7SE1
719,67769679953894571193796202344826209057109739616313774406661493655584228253066,QmS8osp5vi6raW6KTpFTFwvJiK9zT27U9mCvHfMXvWcSTt,QmRqNgeSnpy486FFzu7p9FAhf7jDyCJ4kMUK3mL4waiAZ3
720,67769679953894571193796202344826209057109739616313774406661493655584228253067,QmTv2f3JsD1FWbqQb3KNEqqfoM1fgTD6pjtGdEHuwWXNLc,QmVPa7wonXKFGfg9UR1LDBDRBkU58511QkYqoBPBWWvhrQ
721,67769679953894571193796202344826209057109739616313774406661493655584228253068,Qmak7sMikYbzGoMpusVg5y7N7uWyNXYiUsavZjyJne1S5B,QmebFS4NcysGEBuGHtKmoH1RMyxvCuf2M5oxJ8XQE8Wo2e
722,67769679953894571193796202344826209057109739616313774406661493655584228253069,Qmc3jeecFydVpxaTvZQTFBCKEgdvrpfxTUzYCdXL8ejgRy,QmRT3yH81QmZrHjzPbF1LJsYB7ha2EQM29yvDxm6PRc7CC
723,67769679953894571193796202344826209057109739616313774406661493655584228253070,Qma4gKnnj9P8my4oZr6ywPUg54iLVcEAQNL7QtYq67G4Qu,QmNuXjzsg9DM6ebu3LP78uSVinpJeeHv8XcHhcgbDtCWZz
724,67769679953894571193796202344826209057109739616313774406661493655584228253071,QmYqpL566sTSVdnmwJZxG3pDJygYZmWLWizG7ap3iGehgC,QmNadHA8Mu85c82joTfonS4vB6SGYuus41HFa1N66WHf9M
725,67769679953894571193796202344826209057109739616313774406661493655584228253072,QmVafKSpz4d7Jo6vphbeKyuUJodMhwSEqFWN4KotBFd3zY,QmbJtZ9EVBLc26CJcGavrt3KwrPVMcs5fwYmZkpwR32qgJ
726,67769679953894571193796202344826209057109739616313774406661493655584228253073,QmeT919A1Rd8J5J6u68HZPiobDwmCd9wztTreTA4iQdJQ6,Qmb2jEAcVxwGrHRW4emAsY8xwZfAA8W4Uxmhs1AKXSyyB4
727,67769679953894571193796202344826209057109739616313774406661493655584228253074,QmTZu5or2UTrfeEFzJD1nCM7KzWh8AKC4tWS2VUBtrkjG8,QmUvm8sF2458SZ4sRTfNrs5wEHxtz4KKhfqGds7Gk2rLnq
728,67769679953894571193796202344826209057109739616313774406661493655584228253075,QmYUhGCYK3jfK1w3kwuG14PiwC6ohffnb4p9Vxx9Ac4FsS,QmNwRmRfXkmWGnTosCXHPJTYTZnZ3CYDGxkqPmnzbf9jzY
729,67769679953894571193796202344826209057109739616313774406661493655584228253076,QmQhheCb6g7SNsEGekEYFrwxDzy1YRktBGPCXFcN7T6yYn,Qmd4evDd3Sko4YvYDqssWdHTcVdZVUTpnK881CYrrbuu5c
730,67769679953894571193796202344826209057109739616313774406661493655584228253077,QmYXbNy7kzaevD32phJzXF3WbAUN3rDQ6LZ6k6qa2cTJPa,QmaxRurm7EuXA9cxVk7F1z5hZod8BiTih9RdEWv8Qwn4C9
731,67769679953894571193796202344826209057109739616313774406661493655584228253078,QmTNTZdsafnj4A2jUJdDiFLMHVPMkGDSTspwHb6eExDCcw,QmREXH2nRsgH6n1cX27wKwmUQ8fB2e4DpKP5i3knKg2eeQ
732,67769679953894571193796202344826209057109739616313774406661493655584228253079,QmT6QaUa2m87XdQjZ34e3VSATHveuBMNMp8Cj8KUcGnFUx,QmYRNPAgP5Kts8BQMq9dg7Boot4UNVCqFmZmaFwZjpi3M5
733,67769679953894571193796202344826209057109739616313774406661493655584228253080,Qmcn7euQ4FCDdoyVTF8EWfFx2DM4s9CMQUcgU2jnjFCWjX,QmNzsBoGNAhjRkKwaSqjwaYd6V17gfp44ixjbf88fRjrqq
734,67769679953894571193796202344826209057109739616313774406661493655584228253081,QmZsncXetnxFgQpmV3kP9g9JEorKt5E6TyWrEB3N3jBp4E,QmU7yjJzCmoxNtm3BuAgogXCbTyaj7JDXSKtTQbLoJkTpo
735,67769679953894571193796202344826209057109739616313774406661493655584228253082,QmWF5szrBcocWYA5aqTnD9jdCcfFWpPEQxw9oCV45XMwoj,QmcSpaBnBwc9LdYQpyXAz2LZxdXKDDfiDGCPKjSaCPihMR
736,67769679953894571193796202344826209057109739616313774406661493655584228253083,QmZiwMndXhrKYUaF3Dp8KGFtQUCkwZY3Ubtg5FKdXbeqCj,QmeMTZsnoJaEzodNLgqF4SeeP5vC7hkNo86XuNgyBU8buj
737,67769679953894571193796202344826209057109739616313774406661493655584228253084,QmcFz9gRoA8tTp29N6d2Ax8dooYCJWT6uRBeYFLycQXhZ9,QmeR22gxrBNyG6T3NzSLmtaeqkyzW2iw5qRpgRHfycS7QN
738,67769679953894571193796202344826209057109739616313774406661493655584228253085,QmSpDFo8a4u2FPNs6TuN8etiRg3uJvWjnU6hGN3Yg3S9bR,QmYNqaBZ6LK3b7gqq3gbMM5xf5Zf2o4Mx1JDUPgFoaTsKU
739,67769679953894571193796202344826209057109739616313774406661493655584228253086,QmWouYQjy8nxS5uouwss9Kt92gu6Sc6Hh7gRhyXgSx2cKr,QmQuRgCfVN8FnV3SjLRE1AGLueQXmAREwmQf2rEqAL43z8
740,67769679953894571193796202344826209057109739616313774406661493655584228253087,QmdPj46yYyPwZBiNrZWDFgFF1cBG73VVGhv7Zr21uaHN6L,QmZG7s5RBhMKaqDhCWLPgHc4eUww3moAC7fxxmTxeuue74
741,67769679953894571193796202344826209057109739616313774406661493655584228253088,QmWrPZ5i5559WYBdL78FgXtFUhPNpHLYpZJWDL4PXw99qV,QmcwqnBudNxhrn8py9Wwm1yWuxbgPBU8z84TNPaSwza9V9
742,67769679953894571193796202344826209057109739616313774406661493655584228253089,QmQaT6nYkM2BZ3DeyCeQCujWcuS7Ng39ah6QEP7CMRTzGu,QmWBjMe8hRKo2k89WmZZLk4NtcnUgBbsE5qh8Stzk1pRCH
743,67769679953894571193796202344826209057109739616313774406661493655584228253090,QmdRLU1arvf4uaJvuXewWsn66JrrXCrx5B1bHQkyXn5PmM,QmddogjkmJRUGP9cJeMC6zQb12RvhKVsMAiwv5W9ubnHqo
744,67769679953894571193796202344826209057109739616313774406661493655584228253091,QmPvbGHRi4z5aDdk1CdmTF7RuGFfyP4vgnNwLNmndQeh84,QmVyu3GyNY57tikGepZa9RmDRe2jkMAigHqZrKPwbSJctR
745,67769679953894571193796202344826209057109739616313774406661493655584228253092,QmecBYdLstxyvnFUthz7ckMdJWZxTPt5km4vLcaqnVKrrW,QmRpN89ZGx434EV4fD9U1bMKAA4bk2LpKwhMcKTkMBH1By
746,67769679953894571193796202344826209057109739616313774406661493655584228253093,QmNM69XEx2hwLMQF1mnWn4aaYUZQbR8QUsgiRXszEPTSt9,QmXT71JyUDfxiYhhbykYLEPbNciHDLUxqrUiV8kiUs7PTs
747,67769679953894571193796202344826209057109739616313774406661493655584228253094,QmRqeCSkWtfSzaWwKcqNcywVsL4cpSEsR6ahQVahhvZTqX,QmbsuJWYNyZX3f9QL6hgj75LvRU9Gb5xC6pKxjvRFnbS2s
748,67769679953894571193796202344826209057109739616313774406661493655584228253095,QmVEh1E9nekDbKRt894f7CkFxTUqdcP5qdDBcEkjjkDmw2,QmRnmCsuv2zpENsAAfzAAts87uMd5V222Q7qcUpUhQvbrA
749,67769679953894571193796202344826209057109739616313774406661493655584228253096,QmVagakx8jxZ5p6cB7deKRzLUvsyrZxHg7bAU6kUsM5PSV,QmfG2ruh3BzfCU8AQb8x6iHSRYURsmWQDTuQZor8dowEf4
750,67769679953894571193796202344826209057109739616313774406661493655584228253097,QmezyXUaZGky7E4UyyLrH3ZZKZoottaPXDquwF5WtRrC7y,QmYpQu8gJHDFT7FiQQ398V3R1hSRAwqASMkfWr1Ejcjwnr
751,67769679953894571193796202344826209057109739616313774406661493655584228253098,QmQtps8eKuwNjUMggbKM9JhBoLcGbdoef2ySYeHooU2DoY,QmdfgpsgNc4cSNVLT2fD7q76Vqj4gKfsRYRi713aaBnmV2
752,67769679953894571193796202344826209057109739616313774406661493655584228253099,QmYwBrj7mmx1UntdZxmoQwSWfdcagDMXgXTnecMdcujPjG,QmPpvPUouJKvnUdV389T7rikygmqDYcMgwaELDga5nz9td
753,67769679953894571193796202344826209057109739616313774406661493655584228253100,QmUDcgBxNq5cSpc6kbM9q8EcNZM7zG9W4iYCtcoB7YQarE,QmdqvGyKCddJG6hpbR92xZyuS3ztgQ7MKKhciRbTeUV5dQ
754,67769679953894571193796202344826209057109739616313774406661493655584228253101,QmPLrQX8wcCWbzkXpWE1AqRbz1Jp8GABvkp1n9bvKMDYZc,QmUz2M3XppgnRRGVLpCL2KGEnZqhQVL4oG3rkq8TrbEYWK
755,67769679953894571193796202344826209057109739616313774406661493655584228253102,QmciZ8Q7rd2g9uXa5kUTzY4NJM8GBikt1JGhDvfNSyPSA7,QmYKi89fGvhp48SSp5atjefDaigy6Sdcz1fwemdLgNBdgG
756,67769679953894571193796202344826209057109739616313774406661493655584228253103,QmWoNy5cU7GFSLcMhoCSx4EVBXY7Z6hWDsYYoL9UqsiL8g,QmdskFZySENChHVVugXWp3mqm5n3xr8ahBBNwWAkRPXiMn
757,67769679953894571193796202344826209057109739616313774406661493655584228253104,QmaWU9zgBUNeoSjpvMzNY5qLPMiX9KSnuU2uxW3NiygR46,QmSw5RbsNQcf2N8yLBMZG8cvzRmC9D7aVPnA9zjM9pmJUg
758,67769679953894571193796202344826209057109739616313774406661493655584228253105,QmUknorU4uLu8EAjBsxNyRhdHBnLDFRqbaPR7Z8URRA1ez,QmQ6VmTNCjbxdkTewtRzMK2dbjgvSCX4JKHRfiwUnPaTZK
759,67769679953894571193796202344826209057109739616313774406661493655584228253106,QmQN61PEKPE8C39LvUaanrHtkGALtEdJeBTfcoTJWGHKFi,QmQtTSG79o78XvLYZSurQHo4gkVsQBQ7LAr4Ldgo8qwbpX
760,67769679953894571193796202344826209057109739616313774406661493655584228253107,QmWyXrwvy2xvs8GVdWJfxnoj1pDzkw9THuWsuSfNbfBEF7,QmbVY8PWNvsVogW6nb1LDUdaFZjF6KjpGntRJvxbn9HeSd
761,67769679953894571193796202344826209057109739616313774406661493655584228253108,QmUt479h7FHWbNoNXAwgmoahcer186ZuYm7BM4iQzdZPeL,QmSkQ4oaq4xCrVNpGbxAqytUSnexkBLaGnndPwn3fqoLzf
762,67769679953894571193796202344826209057109739616313774406661493655584228253109,QmT3z4kxC2UWofrGZ4JJGaakASBuevaPFvovmKUWAYTqNR,QmT6TVXiWv5JgVAPnTSVctKaW6SmEgmdpd69gn3ByHRiLG
763,67769679953894571193796202344826209057109739616313774406661493655584228253110,QmcPMvHvVbbie3GtMb6wrStoNwLJyF1EWWqXkDqZE3ByKM,QmPqVjjYXNYSyHSGxWjWspZ2De1Rhsv34z91XQckHSPeHH
764,67769679953894571193796202344826209057109739616313774406661493655584228253111,QmdvK487oiDnL9RT1PKuGtzktTBuEDMEfebtNNcvZejf8F,QmdhrTfVnTLx3SBnbADwm5kz7tTukjoT6RcyDVYfxv2Zwz
765,67769679953894571193796202344826209057109739616313774406661493655584228253112,QmcjLtzvbYoWgbDRcC7eaMftbnrnmgcVLaHnKeRkYkk1L2,QmVN1GYFBZCcXFRULp32PddYq4mHzECySF3p4JL3xhqNVf
766,67769679953894571193796202344826209057109739616313774406661493655584228253113,QmZtwwHhPeMtiLKUXG9Pa8Bs5hFrzDfNC1y5zXxQSbBUUp,QmVYRJadm1FwjHjb2rjNe94DHJe5WAAzSzg1gUQyytu1Nv
767,67769679953894571193796202344826209057109739616313774406661493655584228253114,Qmd8MKiTR6eTFYkc2Sr2eQdLZ6rkbCrrWri4zMdGw9gfzg,QmZFrsYCxMwWdxcQo7BkgvrAdwch9bJj81iAy5HFeXWCVb
768,67769679953894571193796202344826209057109739616313774406661493655584228253115,QmX4hXKNagA1q6Cjzv2jXnddzeNHUynrwkxJaCg9vd5ViE,QmcdDEZM1PkHH5aQB5TWr2vNTNtD7QBv6c6wR8XRDddmZx
769,67769679953894571193796202344826209057109739616313774406661493655584228253116,QmfLsWWU2GPdcH5RCBiEX9n923dyt86WfAhDg39fLbwHkE,QmXUGKjfZrbDrKPLrsHX7oDw5affM9MFXZE8ZMivdcvStC
770,67769679953894571193796202344826209057109739616313774406661493655584228253117,QmWRYKn8fK2dGJ3zCM1Wt9gsn7FQkLnoxu5ck1vjQSP43E,QmVMKbhhiY72uZodnbHwJ3tzj5Lx3YonPhUrjLtrBxEsTG
771,67769679953894571193796202344826209057109739616313774406661493655584228253118,QmaCW6o6bguK3CpUFUZEwxypfmf2CAubteULwNhF1wS73z,QmZLoshPGwXW79ATihsuPXTUto5WEDM8yDfv699NQyQD9w
772,67769679953894571193796202344826209057109739616313774406661493655584228253119,Qmed2z3oFSkiAvmFwfsh9zMRkphmiR5X3ppm3dHMq57jwV,QmScR6kGSFhQXcPATGVKs9Xpbw328aSGzo8NMQkN1CckEe
773,67769679953894571193796202344826209057109739616313774406661493655584228253120,QmNyXWdwREUkdQCVAEhnYuJVewinVhf85GtBmEyB7jQgtd,QmU13L7uUNiNgWViKJdt3nj7rKCaoFzsKhcHMgPmDVgSs2
774,67769679953894571193796202344826209057109739616313774406661493655584228253121,QmVu3pwXgUfF6hth8rqt6b2Aifmp4YnWCGGmM7zTiLdU4J,QmcUbuaWxGthbDxGMjiYhe1r8twmrDzwwuvLvU8TC8mynz
775,67769679953894571193796202344826209057109739616313774406661493655584228253122,QmQwpGFT1hVCbnigaSUK5qbx4Vn7NdTvu6mkxLh7fBD8UH,QmZEnPfMQYv3qte3h3gAnaUu3uBw5FgoGEvPGW8SJuZ9nu
776,67769679953894571193796202344826209057109739616313774406661493655584228253123,QmQER1W9dPTAuLJ7nCU9KToXBNxbQKUJpQoUbq4v6kpGXz,QmNQdvRUMzPAs7z48Uv1hKdScQtphMNGu28LmraMTKZarQ
777,67769679953894571193796202344826209057109739616313774406661493655584228253124,QmZZqbbYnq1bFvfD4PyR6ivnx8GxDuRVgdYDD4rLmpbgED,QmT3cis8Jr8iopMtUs2pkW7cWHVD4NW9GaWuBeMq3iPHyQ
778,67769679953894571193796202344826209057109739616313774406661493655584228253125,QmScqwB8QmZcsa7NKWm2GidtwLmETBGjVG35rQRVn8FhpE,QmXMzB8uci5vXrCbJvpVfbrEa5Z57sf3xSCW3TLSqZ9QKy
779,67769679953894571193796202344826209057109739616313774406661493655584228253126,QmW1odtDstqUFkghrgtoyNuqmQ8qpXhZxfDUQv2f3DUbVi,QmPWuS9siGFQTD85mY6CiJ3rxBBFh9HWkfS1PAXQA1XAZ9
780,67769679953894571193796202344826209057109739616313774406661493655584228253127,QmWnuaiJi4uAwF1p52NUpSsnKD3bf8zh7AQBFUmPsKUbbB,QmQnecJuV8ErLHrPAH67f2kPvvpo66vse1C5xTbGaHtV6H
781,67769679953894571193796202344826209057109739616313774406661493655584228253128,QmZKZjywxyPz8eUNuVkrzVBSLswg9NRZciKC6QwcdHrHe2,QmXb8D7DHhCEHtFvvpcgErkWZvWHqySZe1VH2LL9qU9z49
782,67769679953894571193796202344826209057109739616313774406661493655584228253129,Qmbvtx6WTQFFgciMWVQEkwqHgAspHMbMsoa5g9PikBiQ3h,QmWcnnaXrmCnzxZ2j72K5vFMNx75eutPwb6CBL415fVnGe
783,67769679953894571193796202344826209057109739616313774406661493655584228253130,Qmc36Kw6F31Yg43ogWqA9re9McuedYieTgNNcuLeqKbM14,QmTnG7nXJ2h9tSmteo4whcKX8oZ4qAscDzeRqdt6ZV7oGx
784,67769679953894571193796202344826209057109739616313774406661493655584228253131,QmU2S2XPa1RLmURPAob32pAgfV9dq6pHFA1UGS5RkGs4HD,QmbaXhYUhSEmHjYdUE9hZSkfJpoLD43ADnUqjeMRdtbKgx
785,67769679953894571193796202344826209057109739616313774406661493655584228253132,QmYgTANUbCLRoKzfcrgQTpSZv4Mv1NYzg55Zyg2GMLmvWN,QmWCujQ6hXKcnCeuGibmqdWxzDGTt9DitCT6xHtbFCWLT7
786,67769679953894571193796202344826209057109739616313774406661493655584228253133,QmU6GHBE9TA9ZyyRUi51NndXY81pK64wTkcrEgAbtJjU79,QmP9rXzawSnwBQPjMqJKrYXgzp365JyDYiRLXz9eRpUBJ8
787,67769679953894571193796202344826209057109739616313774406661493655584228253134,QmbZHRc9ricMpysWpKz9PUcGvCPM4Dy1gmBhvkuH3zBoVG,QmTsJaqYTBVyqUd7uveca9VZjVZ8TZvRxap8zAf9BTjBHW
788,67769679953894571193796202344826209057109739616313774406661493655584228253135,QmSvgWi1ffadq7jwM2ugtr28QBHogRErbm13iJ2rbw69NE,QmZa3rTkUMHRim5ry5N87JGJDMJFbe8KiH56powg3EgkXr
789,67769679953894571193796202344826209057109739616313774406661493655584228253136,QmYVnMmUK2tALr41KsqYGGrbb9T8xi7zNY3pC8JNGcMUGa,QmeANQZgsp81TJ7CqCvZ4r1gpjz9iHioCfgHvuk1JpaN4u
790,67769679953894571193796202344826209057109739616313774406661493655584228253137,QmNk48MPTJr8wB2sVxV7CyVcwcm8x36SBQcCH2bXxEj24E,QmV7dcVsPzEGtPZJ1k8Kzn8PkxJvHJp6YMPJWvfiCz7UgZ
791,67769679953894571193796202344826209057109739616313774406661493655584228253138,QmPj1MRxPBAu2eNW8ipmgbXvXQZyh8HQAbG56kC3LNdRk2,QmYFYHFBunrsLD447JFKdp4qaW7mf4SHadbkHaHwSeA6EK
792,67769679953894571193796202344826209057109739616313774406661493655584228253139,QmNRkQ1qA1NjEthzLmG7eNgZdini3pucQ97LPw4ggcvxXN,QmcJzRxYxwZDAmLWXDCEqEhYL8dyfxp9NgB4e68Lojmxw1
793,67769679953894571193796202344826209057109739616313774406661493655584228253140,Qme48WcLU5xdEtxbNFHf2NDrtkJTn1MjoJH8uxkmysPSgr,QmVZtNHe39N2Nzpura53S8CghPz5Zx1svsF9ru2iou3aFU
794,67769679953894571193796202344826209057109739616313774406661493655584228253141,QmXNYzyL2a43794EBUv4nYCjeCodWhK7rpfnk7Uj41dnGc,QmeA3wDKCNe6KeqDMpueUx8ZRRpcBhCgxzVchxyEQxMXNw
795,67769679953894571193796202344826209057109739616313774406661493655584228253142,QmcNM5bTmRi8Su4DckcB1iBwt1or34vncJvAGNTVaoyUqf,QmNUspVowZopAWapaxFoKJUo8zREHYcwA33gouTfnmLWLq
796,67769679953894571193796202344826209057109739616313774406661493655584228253143,QmaFX5XcKoGZgyajUJxgfHomqqJz48mKMdqE1kDFrWz5qH,QmWsT8LdcxDPx7cpvtmUgrvwP7Sns56sbBdxDazjXvPkJH
797,67769679953894571193796202344826209057109739616313774406661493655584228253144,QmYcKdeMLvWzjEXvgozbKHGEVQTXXGU7JRmCLybF5Yw5o1,QmVWxx6fS96iPfdQLExzWtmNZmhSLPRtUjBcCrnR7HxJVU
798,67769679953894571193796202344826209057109739616313774406661493655584228253145,QmUcWgBdV4ji3YBsdAMY6ahrmXobZRjero3q62scX4Dc4d,QmRWprDZb9n9jUwJKSEmhDMRA3WyJLbfKVKqhzDMpzvJQk
799,67769679953894571193796202344826209057109739616313774406661493655584228253146,QmYeZiNAEqA4oDBRkmQbrho2n5DJEEXBU44jmDrThfMBeT,QmVmAu4TiQk4LojygwG5yBLVcxSbSqVh8GuQbUt4RMXwyF
800,67769679953894571193796202344826209057109739616313774406661493655584228253147,QmZFrrtyihME57Jdq5omSjQfn632D58n4LxBXUwkpq4G6p,QmUrwnUrS66r1EKH5b7UykbDU6qcKorAsShujNyNccdm98
801,67769679953894571193796202344826209057109739616313774406661493655584228253148,QmQnmq4vuwF7FJiNitJwLnuLj66TiHyGWUp1n6hk3NaPgU,QmV2y9CDjChQZAYS75B3hKfh8APpnqMZVxuqeKkFUmBVTU
802,67769679953894571193796202344826209057109739616313774406661493655584228253149,QmcC9ibm7WFKazzV66ab5wqam98LgdKww4R1SeqVfX21GZ,QmNw5Gw63Dw2rFS5L8ECRpBsnJPGS8ccRuPGdN5DmUFXek
803,67769679953894571193796202344826209057109739616313774406661493655584228253150,QmYvvaDJifczohvKXRGUmU4RjYxEMveKs1HquneP29FH32,QmcCbUExKPyKBWBgaX8NX14M9AS4sDJtwSmsdDg7vcEX2Q
804,67769679953894571193796202344826209057109739616313774406661493655584228253151,QmejuncLvizn7wrkJ44KQaund4TTsXHAjUtHskHfC9u5RD,QmfVstkvEXXGUcbYP9x7znFY6biBL83fU2qBxC2c4tHTsN
805,67769679953894571193796202344826209057109739616313774406661493655584228253152,Qma4CdEg1YZkvsbAatjoAtMJtuHSYgKBSrU2BG4eixFG5m,QmXWdpGbPozYzMtVq1fcbhV52bh8dNHC3978wQvJc324aA
806,67769679953894571193796202344826209057109739616313774406661493655584228253153,QmRZw9Bp8Qz6eGBtQWFCjExM5NWxPoCA4dRuqDhonR5Qyk,QmPrYJrq2fQWxQpT93kqnKVadA9tQ35uv4NVdzHwDePiMY
807,67769679953894571193796202344826209057109739616313774406661493655584228253154,QmRg8RHU9MMsxfc6StnZ5FyLV9u1eqE5LdBBBSb6wq9EtC,QmRh2CBudLeXqSnJBKt2wFsYV5tEQNmdUFzHXnxvcL1tJD
808,67769679953894571193796202344826209057109739616313774406661493655584228253155,QmVzsubJVE1j1Sc1pLeytdPAw8PGKG3Bv1ZzTZHRPRkSEM,QmaRJuYuxWgBSWDNNRdvESCaq6sUQor1s8gjTemrB1uZMP
809,67769679953894571193796202344826209057109739616313774406661493655584228253156,QmWT3MQDiDWnUTWByRuSbFVW9MSjEqpqBEV35nEGViXiKV,QmTtf8HziMJKynKRZTvHe94zwE2UXFzLc8cvhyhw8ez3tP
810,67769679953894571193796202344826209057109739616313774406661493655584228253157,QmSS56AE8GdTgjjirhbbZmracTJB9n4gM7iBeRVwGEpHC4,QmaWN1uYadaXJz8FyGtoQArei4Fq6D8JzdUShVApMX89Rs
811,67769679953894571193796202344826209057109739616313774406661493655584228253158,QmdUuVAaAJiHY7TJsDrG7kzfAVfvwHiNayaCXZbaa98g2X,QmPLBy2N6QCspxRCPBnkfhwfZ1StDk4njomyRHabmGA4cM
812,67769679953894571193796202344826209057109739616313774406661493655584228253159,QmVaE5gCHysLHA3jSwhqfKwMgNZZvKjo7ssGNfQVvmT2Ey,QmVL5XSBiSb2TVr1Wozzotp1FfnYMDxPU4TcdqMwmurPDx
813,67769679953894571193796202344826209057109739616313774406661493655584228253160,QmdJjaFsELnLmPrYKA4WBggoWtgECPRAhXnSsFu61jdjZc,QmXePnCQ9vmSTLsd838UtUHq5jThoK72eJQN7p4pLAWZt3
814,67769679953894571193796202344826209057109739616313774406661493655584228253161,QmZkrtgif7hE1MpwxEWFvd4jkzhUwJdiJN3SZgtfn15Dqb,QmTUwwNcY8bX1eXGL56UKtWymjE3sihyEq7g2KuiyQvRJV
815,67769679953894571193796202344826209057109739616313774406661493655584228253162,QmPFeXj97HYM43bm9Va61mYbrFy2fGRvHQ7N2jSW21z2nJ,QmbUS3TbcmHovPBEbC2Grozw8ywLAEyVTE3aRm7vb8ot3G
816,67769679953894571193796202344826209057109739616313774406661493655584228253163,QmPiLhJw33PuwkbJHygBYE6o6SsyrLftPsDt28mZzyqUto,QmcpsQqq6j7r7tPAGrNEgMY7U3MTnGMsU5u71MUbtGoq8A
817,67769679953894571193796202344826209057109739616313774406661493655584228253164,Qmdg2LAJy8XV9EvrXXTHYHcXUKFTzGPm5y3JJS5dc1nFXy,QmWh4BZ1cB93h1A6PSqU394wSJ5dMJRtuD7Yx3ExaYz53X
818,67769679953894571193796202344826209057109739616313774406661493655584228253165,QmSRCKgTjop8497h9NYRr7XZx43Bu9oC3HkvCCdYbsvCsq,QmWUQQUuTAJmZmucen9kaDmbWZQDM1tz1vJuqL4ZnpPk76
819,67769679953894571193796202344826209057109739616313774406661493655584228253166,QmRq86K6XB338xwicf56h9Tr6FhHA2D1y89o5bCAynYo5S,QmPBHcpqmBknMMdAAJqDqfBeMTwUZ5fA5kU2j95NJ5pmqJ
820,67769679953894571193796202344826209057109739616313774406661493655584228253167,QmZaGMJZ9bZ5tTAjis1iwH8PYbJe9qCkvALnuJMtBNmT9a,QmZ3u9qd3qPvb3SsTohZRqEaJXX7Ah6xQBdFio2MrNuoL5
821,67769679953894571193796202344826209057109739616313774406661493655584228253168,QmTfn4o9e8tJNT7jvKfE6XJA4HobCFnPNegk8gYzh6UV6N,QmX8LAurDDrVzVrzd75qNrhNZt1fnuKEZqz4iWVnzUTKqP
822,67769679953894571193796202344826209057109739616313774406661493655584228253169,QmX8F6ZxbjHeD4hevucRu6UmdAbRkkiK8s8rPapJ5YT9LZ,QmSbhDSfGi24DrRG9WBJcsVQztSB26Kgibv6nzqgr4ncPZ
823,67769679953894571193796202344826209057109739616313774406661493655584228253170,QmQjPttUpStMvE2KGSSmojrPTw928Svk6UjzQwBjx9yHQP,QmV6bjtKUutYw5RHzGVo3pf91DNA1xha3QRCaoejuz5fok
824,67769679953894571193796202344826209057109739616313774406661493655584228253171,QmYXkFw6rjkkMxSxjhxxELVisPdGLCSPEkCEZJmFKuxdqT,QmRGxhDbhPLFNEpm6QSDFjTB4dCXg2nqHhcmUsxrxrwT9d
825,67769679953894571193796202344826209057109739616313774406661493655584228253172,Qme12pZ2q3FfLTX8gBEko5E9Gfa9ZV5VH2kwj3sa1zBTQS,QmbkpPpufDywmeJmwXnyt4gYVWrwY61Ag5QyB89bFETgYt
826,67769679953894571193796202344826209057109739616313774406661493655584228253173,QmNbgbHfqpwsjFXeRXmED14troa4r9XwpzNazn92yZ433m,QmVDSB8zrFJYg5rww9tLFPMMCt8MC2muWCmhkTNKrkaNFX
827,67769679953894571193796202344826209057109739616313774406661493655584228253174,QmUs4i3nfMax7Do3iW4t3m1Dt1vXEhPvF64YvmyCd1iuQr,QmXEd1tHKV5e2KYGrweckxTYKPbDHnvsURHzJNjPazLgM9
828,67769679953894571193796202344826209057109739616313774406661493655584228253175,QmNXjsEzkCT1fAPN7Q3ZGrrdKgX3626MXYU8bYLDet8Ak2,QmUNeuBDvafAkCHUvsohqUDjwPqAU4mV7QJipa7f7w1MMX
829,67769679953894571193796202344826209057109739616313774406661493655584228253176,QmSNeW6Xja8vzkcHUjukfWsGyaAWSCUe5397J46jsuoQKg,QmQ1WFQvpGNCdbxmNkm4t8mjjS76akSNorrKuJ3DrEFzSj
830,67769679953894571193796202344826209057109739616313774406661493655584228253177,QmSqDe5PLUeYw7mfcurTgrsaBcxuJ98Dh4Kqjkn49zA2kU,QmeSEe7yu3vcAvZh1V49Cv8wyNaPjVqaAzkDGKXWiN6ee8
831,67769679953894571193796202344826209057109739616313774406661493655584228253178,Qmc396R8XJYgu1HtUYHzkSEVwnua4PdQj188fZ6gC6CXRi,QmZtzbf16593cyBdV6skgfJn8ewH9mLS7WHMyuz378LGic
832,67769679953894571193796202344826209057109739616313774406661493655584228253179,QmaCZ3XnqCpbAXmjkSzm6zW7mDGgwZWfagQaS95BSPr7Db,QmeZwJwpdmt4ycNdvPUtMKQPwj6MFuozU8GJfQz2oKd5A9
833,67769679953894571193796202344826209057109739616313774406661493655584228253180,QmRe9Q1MZDMZmhzMNyghCLXGDr8cRrwBt5hBFPR5i9Y2iK,QmRB5ufMAaKnC3TC8rEbzyuWFC4GXjRfNcvXwh9PbEDLMq
834,67769679953894571193796202344826209057109739616313774406661493655584228253181,QmYCT9tFDxNK8gmBDH1CGG9fiF8xURuzvCKx1ND5yEj3Tj,QmYKodADuxXJFuMRatYrBcCpqHqwwQUEcm24i8SndfMB1u
835,67769679953894571193796202344826209057109739616313774406661493655584228253182,Qmejo5gb3ubzSDwYB7SC6YwmxVBbaQeHoYPn6Hnru4iwSh,Qmb2s3RWJcNXPVvCW8o715py9LWb9oYSkE4fVDhjxkmDPN
836,67769679953894571193796202344826209057109739616313774406661493655584228253183,Qme8asAF5Qs8qauxsVF5Y3rAyfwu2ixzcA1zpWyBQ4HDSE,Qmeo4Hyc6ycTsSHZcsTarUhkndXmengbnRVTtE3hrQb9V5
837,67769679953894571193796202344826209057109739616313774406661493655584228253184,QmPgC3vXyYJHZEzhQYT9wUGqKdEgo8sDajF2QKGmv7SjFy,QmeEwyxVZUyA2Un1pEShrR64LbZYkQZEKK5sujiPk7VTXd
838,67769679953894571193796202344826209057109739616313774406661493655584228253185,QmWeaFQ3pmVvByZQmkk8aq3kpgpNHbVTXLdqXrLqhmje25,QmNXyprSCfg1dMV9iWMxFZzKbnHooK1BW84DmnoQfaemPV
839,67769679953894571193796202344826209057109739616313774406661493655584228253186,QmeCLjZuU3op8fmiysybWvz9k3QiMqkv7kX813AH8CaguJ,QmdL6cb6eLfie3MMRHhZhcQgL9g2iuue3E4m6o8okS3obm
840,67769679953894571193796202344826209057109739616313774406661493655584228253187,QmWq6KeS7kjnwSFHVLtjnn5EcDrkUrzow2V1AVxgXWvH5F,QmUi6ERxFxEQCP338shgihtXq3BsNndyLxXi4MBen1QEuy
841,67769679953894571193796202344826209057109739616313774406661493655584228253188,QmWFCRSpJZgQwTjbp6HvPMLhSiiXaA2XQuNQYUedyNCfRE,QmPiWeHy5rKeMp994u2ST9nVoWeKuXJNrwgb3tbXmJaUzm
842,67769679953894571193796202344826209057109739616313774406661493655584228253189,QmdCDgPSG38HpQyNaGQsK7HHRcNH8My3pzNoqCmsUaNJv2,QmVwifLvkx5gBJLbhNX4iT1T9yxff9JUF5TGWxvsCtrXK3
843,67769679953894571193796202344826209057109739616313774406661493655584228253190,QmUEfduSNzQ7XSouC6EFo6YwQC11BETjpnDooWkj8EjSTa,Qmef6eNtUyz47KwuSCUpjwetETgKmfioMyG52kq9qNb39G
844,67769679953894571193796202344826209057109739616313774406661493655584228253191,QmWYLCvcsNoVjfbMDWEuoGGwtnzg7pdVcV24zE836dMhaj,QmcdsBwNi2ykb27cgT8qrHYLAJg6E2mpkbwTCfsxymwv7w
845,67769679953894571193796202344826209057109739616313774406661493655584228253192,QmbJX92HN2Gpe9A6hgiJCaxzXqDEoLKjZY3JvDxKh731CP,Qme6ednPRpyG7nxRgmvwCyqHJUpCUTzzhQJqXUGoeFazfJ
846,67769679953894571193796202344826209057109739616313774406661493655584228253193,Qmeqi5TXeCJes5KSjhMytoXMgDgx5p1ZPbTDD3gJBZi1f6,QmefiBhvZDmnMYYmNYT88JQaQKAQYoWj8VRvJWMt42X3kV
847,67769679953894571193796202344826209057109739616313774406661493655584228253194,QmbVHwLFNm7GHmNWU5jHbQq9ZWBzAngcG55vfEkX3stvci,QmbVoyEz47iS1pBHZrBGdwcUHMe7qxPWkRkHSd4VVBR1RM
848,67769679953894571193796202344826209057109739616313774406661493655584228253195,QmbnNW2Pyin5uwonNwx5UqqrBBZyGW3fomtjCsW3r6AehQ,QmazVsnQgqPx3cpzCTUyzWKC3qYfzF7aD7BHV1D7nZNzTC
849,67769679953894571193796202344826209057109739616313774406661493655584228253196,QmRHn86p513h4VwGRNpM1XfeJkqH9UwdZPbZgBHW6toR8J,QmWG3t71gZpe5uYc5N9BXRUwvx3pNDcB5saca3ESG5ob56
850,67769679953894571193796202344826209057109739616313774406661493655584228253197,Qmc4YudyCfJ29hadtV2bUtqFvwwFLKJqXF9KBEw13jmnFK,QmNg82SAxxCR8tspvsdYSvWKiVMXesptaPaESpPXnST512
851,67769679953894571193796202344826209057109739616313774406661493655584228253198,QmcBfrFDM5ToXp6DVyNfdeMagv7bqHvWUzSRjExJ6BRELy,QmcDYwi6GFdFUZzfgGLK8rAn6DuMLyPAuU7e5gPmYexZVi
852,67769679953894571193796202344826209057109739616313774406661493655584228253199,QmVMUYJHQqYsrrA445v4chw2LzsXCMbKd53TnwrziKZyCi,QmNkmnbZwfC7U3wRZXFAiA2bB2VrQrcWdx5VihwQxWLb4u
853,67769679953894571193796202344826209057109739616313774406661493655584228253200,QmRRd45Ubj4M1MMJZ5QXLsyQ9inMYJUfv9Gp7ATYUkTg9q,Qme3Y5RdqPfN4E9bzincc5WKQ1BiGmPYmZ3MLk1gVSjQyr
854,67769679953894571193796202344826209057109739616313774406661493655584228253201,QmaKB6nfa9hZfVo7vfuPU3gw1uVYMxANGr6N9jZuf56HqH,QmYUe5tuVxPe63Fssfxb8c6QnKEeP6kwpPq23DbpiL9asT
855,67769679953894571193796202344826209057109739616313774406661493655584228253202,QmT4Zcz2B7fwLU2dmM2yq9vK481xXS1FXL3x6iWRt61EDZ,QmQgyWZJdkXdLKmwxQa9UBLrXfz6y7Bxaot7hRVd7KnLRv
856,67769679953894571193796202344826209057109739616313774406661493655584228253203,QmaGHtGFooZeCJfNNwiBwS3GniU5MnKGBDm5cV3SYH69ER,QmdTz3NGcPg8ShNJWhvniGgGXNcPpgnjWp8v5oKGR6RVMc
857,67769679953894571193796202344826209057109739616313774406661493655584228253204,QmTsK9eo2H3yY9msMP5SPWxhJmeadTU1jmUkZYwCJqsEaN,QmUAxQRKoYjpHjX3AaXNYAax2PkyJNi8DD5enef2ByvePe
858,67769679953894571193796202344826209057109739616313774406661493655584228253205,QmaPoU8nFvYLR15qPhLgfor1wAMgCejjg9k3rPVdbRcrVe,QmZeEYLGoEejsBiLsyhDpiBTtPgEEVhZ8AwNmCuHm1ZuKk
859,67769679953894571193796202344826209057109739616313774406661493655584228253206,QmNzecdUNTvxMFTk22PwwPAorh3fjLort8U33sSZEymqFa,QmWpVVZWsMKyjd4v3SsyZj4LRnf6VQDhYFHpcdgoRJbXHj
860,67769679953894571193796202344826209057109739616313774406661493655584228253207,QmUyw3J6GajNfCqkoVL6rKaPvZud7Gaxuq6t4KCtv4qE7f,QmZQpudsLUwwcwQB6nyqCQQZwsjrFpE85WN4Ef6E4zF14x
861,67769679953894571193796202344826209057109739616313774406661493655584228253208,QmZMGCyMZCkwoF68WuFyRWjGK3YUSWGSmSdSLHpuHDkbKz,QmXTkNWshiMjWxqXz7wkBJBkzyv1DMK4ZMVHRUaPWyMQan
862,67769679953894571193796202344826209057109739616313774406661493655584228253209,QmfUBFty6HRYCFzJPt1RHAf7QYhbjoM9E8xqSvEjEhTRLg,QmR2o2o2C4xCKNSiNRKDWaXGPNwovNuUEz2snxQ4gD3Cp6
863,67769679953894571193796202344826209057109739616313774406661493655584228253210,QmeYghPXJSAtC1Eyk2qjCTLMSM2YrVRASA6C49QFBYfJpR,QmNn66C3weesbHQKVan3ecKzSJdzUEfqeZ9rmh6DAcJiag
864,67769679953894571193796202344826209057109739616313774406661493655584228253211,QmaHm57SoN6cB3dUgoaV7CS3T67jV4eLwVhYzeWKzEhbqY,QmfPDnm9W5fVcthYphBLcgp1G4nyJVZM51bRuM5GsoVyoC
865,67769679953894571193796202344826209057109739616313774406661493655584228253212,Qmc9wUh7GTfSiNGWdvXfHdjnx7NA8PeSq47WNroW7z3DCm,QmNvEmHuiTrYBfZdzLjoTMhpdUU9Bao7pFK8swRzpkE8CT
866,67769679953894571193796202344826209057109739616313774406661493655584228253213,Qma2tNB6jYYjyamFTdBEwsvXdYzyzM22ezqJ1YcGWpdjAA,QmasQPnTGnBjPboQ5J1K8BGoqJii5MzUQtxLsHChgsbGNd
867,67769679953894571193796202344826209057109739616313774406661493655584228253214,QmcNUWa2w51DRRZptVugChFFZvgKhVsF4W8CqUYUVfrnJF,QmSwx8NKRP2DvfriJyYMV1U8AjGhXasTE7QnFRyP5GKzz6
868,67769679953894571193796202344826209057109739616313774406661493655584228253215,QmWbQJKmGKhcb85BQKKhy9D961LNwi1RYdCDb46ad8BVxg,QmZa9PJVFbNBDSQS4GtjyssQZhoYyZaCZv6JuafMwR7Pu3
869,67769679953894571193796202344826209057109739616313774406661493655584228253216,QmYjTukt5Gs8hEna2Uvb8ku4ad8Jb6XUrKwYq42vNicTA1,QmTUpAY96yLag55ggp6KaEKhz6jhbcyxmqA2cNRCKSF1Yv
870,67769679953894571193796202344826209057109739616313774406661493655584228253217,QmZzdiZfyGamLAwXHN9fJBiPL8NCdxy4gB9bD4GXWZHRaB,QmeHQQKzv6opRbHLBEdaQAxdX7dqtAsb5zCKadCEHTsX5x
871,67769679953894571193796202344826209057109739616313774406661493655584228253218,QmTic7b6z7by4qY6Y4ohCu5kiztuzSf76RR6t7rmTRR4Ek,QmVEF19NCqMVMRL68kQk7B2MLRBCBJMcF4V3u8M3Z5fE8S
872,67769679953894571193796202344826209057109739616313774406661493655584228253219,QmPdQtaFf3jfL7MX8UiuZUFWK3dAcwYrNpMmp8hPMWhFxJ,QmfZtd97PupLG8ghvrMVfAbDA13t4ZDK4FJDYc8YifToDj
873,67769679953894571193796202344826209057109739616313774406661493655584228253220,QmYbX65bcXz2Bi4kK19RSdd2gSJMYkcCsVzhp61FLoquUh,QmTjjqAVbduyUzwjV2WgwxHdx2Gf1tCVSSbQWyYUPqMFto
874,67769679953894571193796202344826209057109739616313774406661493655584228253221,QmbCe3VY8pRgE28UmCdcD8WRoyDCNESHw7xCZ9dP4jAAnP,QmaFLkrRcyrrY1HaR1RTiETPp2Z3g1AWPd5GhJqS8TwwMa
875,67769679953894571193796202344826209057109739616313774406661493655584228253222,QmRLCPLSaBSuq5Nsen7pB2kVWPdihgk1bZjw4nyNrhxG1w,QmYQyrzLDNMY6DybdMgmmyzd39CQXWr6vtxeUi4xfiqttY
876,67769679953894571193796202344826209057109739616313774406661493655584228253223,QmNwmMpZBajbts21g6Si64eTBXvbHF6wYycBJs4wD9eABX,QmSAaLCDtkdofYq9t7gYG6b2JuZdctxkqyYkwmo64YLGqu
877,67769679953894571193796202344826209057109739616313774406661493655584228253224,QmWzVNwgv5bvzgqq9WTfD6erajHwWzbrztn4HUfTGRgs5j,QmVN7gHYhFcpQszCxsCVKZX3bCo5XwxpZ7TRywVu8MsoSA
878,67769679953894571193796202344826209057109739616313774406661493655584228253225,QmVx7C4p2DDMmpJkwZsFHunT9rMwKmvABeT9rKVpsvx3Ry,QmYKtwVMrhA1dYaN3QkhXx2ZttXv7n2nrV2fKsZGwqUZX6
879,67769679953894571193796202344826209057109739616313774406661493655584228253226,QmTxCKZiccdmGH2yMNxUPJePGN8EaBN5s4jaroihVMTTZB,QmU5UUWr4GKwkQQ7eQN5TZ1fVgcMKrsyCWprzrp2Ezcf2J
880,67769679953894571193796202344826209057109739616313774406661493655584228253227,QmT7ZikUF8bomVBGBPh1s1c8Y7s72pRofdk99wpYE77eNB,QmS464kR6vnHfrfpXeYsCjSEF5U6HQt57rEkq7eG5FNT2v
881,67769679953894571193796202344826209057109739616313774406661493655584228253228,QmP2crgybvZx7KxxjdHzDsqvigUJHsVSATGKjnd4NJ2HgY,QmWqDAQViAAT9aXWa5TxtS2MKf43DaFAqQ8DTSoaVcTSR9
882,67769679953894571193796202344826209057109739616313774406661493655584228253229,QmQJaSGtmdnkXn1PaqcGMrVBLzW8cQNk7vB4Q7B1Nf7fFo,QmU4gSeCRieKnXPXPEJYL7aFdpzg3AGUwGX74XNmxPbrpK
883,67769679953894571193796202344826209057109739616313774406661493655584228253230,QmXUKRHbEtFFaYzRKPDB3ZGH1K9zfxMxgMcng28E44AiCj,QmbRHErATYjm32jGmCEGWfU5MpXGMrdN9JUtdXRgMLR5QD
884,67769679953894571193796202344826209057109739616313774406661493655584228253231,QmZSqZYHwaeB4bjAnfgUcuN3t5o8FFAC4sgiSEkJFKDZhG,QmQxVEpcmvNET6YmP2rNxxvyX2sHfC7qKsnBJ8AiR2kAPY
885,67769679953894571193796202344826209057109739616313774406661493655584228253232,QmWBcgyCvRp7zBiqVbchdKrnqWVmVEHmvKuWNFWr2ntipK,QmfVxMpajTz58ZfRkaZLwx2Um5T9vkK2oPJSxCsVrVrNGJ
886,67769679953894571193796202344826209057109739616313774406661493655584228253233,Qmc89kXHsZXsjFqr87sMNXLrLvUPGxrbQ8LQXSYQAVfm68,QmUTXjMr9DQeoVix2DNgggu3R8GaaVfgkrM77bhbEkHHmx
887,67769679953894571193796202344826209057109739616313774406661493655584228253234,QmQykzfFnbxL8v4kwbksxFt2xVHh5zmV7WAHEcGYiYVhvJ,QmcMesKS2Lwvu5UPd3xFHe5tPc9F1spnNcPrchgCabLY1x
888,67769679953894571193796202344826209057109739616313774406661493655584228253235,Qmbhi1v5vwfYhr72cVzVKGU7wNodF1kLHM9BxRj6dd4khY,QmTMQbzLs9dGfKxUc48hJvFzg4qvCxAVmGwo8KrVAYLNG7
889,67769679953894571193796202344826209057109739616313774406661493655584228253236,QmZMbZUpvx3HBX7XYkHJbBV1iq5n5t5MHm2dY6NAWTKJ17,QmQX6Khxj8GqhXPqA4PHZGrK4QYHC3eVHa2dS27vTPLaK9
890,67769679953894571193796202344826209057109739616313774406661493655584228253237,QmVxLLRHmWvPg6jVTFXLDaqz23PTTEzG5hCapDD5Ku5qnP,QmPUfRtSoHtKGbUceSqubEFkQB7ySzLxkgWqQvECuxiuCh
891,67769679953894571193796202344826209057109739616313774406661493655584228253238,QmbboDuTtPTsMVgp8cedBVVKbugPtewoStWyW3453hkveV,QmWbet1tB1jJfxefXcgCSRzETLVE4vEffoVkBFSwuAAfb3
892,67769679953894571193796202344826209057109739616313774406661493655584228253239,QmZvCC7tHsnnX8Bkpyu41f8ERZqACNunmbXNgNqqd977Yx,QmRd1hBihDkyWS9L59az26f9mnW8M5Ed1cZEhPZ3Jd2cBk
893,67769679953894571193796202344826209057109739616313774406661493655584228253240,QmfXKH43921boDtrnU9ZQtwSM5JZRoNexWeggjDpo27hGY,QmPViud3kALAEdjpw6Q7u7gEG4LmZQnvsTXPYuTaBz6iRj
894,67769679953894571193796202344826209057109739616313774406661493655584228253241,QmUmyMMEvtPabUN246hmpirt6fwbPF6eddiWMmcz9iEEB7,QmU6SzjG9ynbaT9SCvwxHgfZTRnZo5G2sa4ZbSoBnHvCns
895,67769679953894571193796202344826209057109739616313774406661493655584228253242,QmZbdGZoEfcPwoBAE1YoxRmEoDhQCKtt8SrsHFnVabYmmp,QmeoCjp25qeKXJEXzsXcW3ddTkfby3PdS7ksn7Uy9XhCvC
896,67769679953894571193796202344826209057109739616313774406661493655584228253243,QmQe9JpLeZSX7QTBSdh2gh1qwxrwQ4iyq52Ma1f6Ux7eAC,QmcJpMekqSP45sD5kTVLjXnzpD7y2HQNcQKy8vfpbMqH6g
897,67769679953894571193796202344826209057109739616313774406661493655584228253244,Qmc1YMCbMPw3fPcgtHnLNq9x2kMytFH4mJjrK7ynY2JJxd,QmVEKTWd79fr54irAwTeoXNyCufNEnuk2XvrqatkaCDocG
898,67769679953894571193796202344826209057109739616313774406661493655584228253245,QmZooiMUSMbLeWb1JqPfS9rgM2GrByiosv5UH8fhzVh8Dx,QmdHyi5ThMDKLAWE2qLNZrA7HAW5AdRDg9dnKZg4S8QbYx
899,67769679953894571193796202344826209057109739616313774406661493655584228253246,QmXuTVh4NuRqAnPFpEiznmDFfgpCR4mUjNNFcvZgk8Ges6,QmZs8puZZWPKpe9wWAfn1cAppUozGRuJ2WZsRGhuAc8mkD
900,67769679953894571193796202344826209057109739616313774406661493655584228253247,QmW46ThPnhDWHBZQzYpjTReewWNBJjxVyLjLTiML2eqiGJ,QmZas5XDNYbgQXJ1Zh6xDSBdjCcKNhiJ1fhkU2c4pT4XEY
901,67769679953894571193796202344826209057109739616313774406661493655584228253248,QmWYiSAhxXKg19bExGsXkV7NGnyfXbVta7w3GY29ZMBREE,Qmb5GwcGizuKWepD698DJgW8pNTVSPAwa983jAQimwEXYG
902,67769679953894571193796202344826209057109739616313774406661493655584228253249,QmZTtRiZYsNxGzeRUJyCnwFoGQpuBdCtV2QSXTM2xU1Hio,Qmcxrx6ra6GBHevKE2qqSYxGtxsUf5uFUfCyvJzMxLUYEn
903,67769679953894571193796202344826209057109739616313774406661493655584228253250,QmduWsXBRgYpshpkRmzDCpZ27p2MrPAcgBsBLbcCGs9fHf,QmcgX4Ahy7Nworx2nvoKnNeshPk1zWd4nXBgNqxpfevLMX
904,67769679953894571193796202344826209057109739616313774406661493655584228253251,QmfQiPVsYS5hG8gRR5tvozgiNFZRDcniASBBrAy2hHruPb,QmVrjouTxTrbr54YvLpMvDSPsjUvjguwMQSproDjnVZyPu
905,67769679953894571193796202344826209057109739616313774406661493655584228253252,QmSFCWuPcW89S3xTSg4SUuwxqDmANSi9za1rFmE1UYQqGP,QmYyVHcVJKMWJHTadc52YtbGzmHZ835wZRjesv8guef6y8
906,67769679953894571193796202344826209057109739616313774406661493655584228253253,QmWLZrzFFdwzqDjJ6AN2TFzTPDWPuzvTTfmiAM8v1B7gHC,QmRKjQx4RuCEpiB4xuM8vq6Jo7T5wqNHhNLeoU2yQFUCFr
907,67769679953894571193796202344826209057109739616313774406661493655584228253254,QmNqvLEE8DNfYFAvZScroxF825hYt9o4anQ5xqgzT9Hwqw,QmRLGqp2W78xiViWmyimSzr6CvUHHUoE9GFM5iE1HD2kpm
908,67769679953894571193796202344826209057109739616313774406661493655584228253255,QmPiwt3FXStTkNHbygJcfCxbbhMkxNV7w3FqetHBVNjpHY,QmVPaDL9tYKhE9BRUb3BBGVESEXDHUtMYwWUcynqwNtPSP
909,67769679953894571193796202344826209057109739616313774406661493655584228253256,QmNrKW5AZpCdGUWsxeSDcfDiDpbndx32zDUVTCKN4B2ojT,QmSWy36CNDGuWiHVS2NGSK32LSTxjJdGsaadaTgSrr7g1H
910,67769679953894571193796202344826209057109739616313774406661493655584228253257,QmVVxA6Yn2LZ6S49nYTs1FipYnH935BLDEAaqfRTbKkQU3,QmTNZkZHBM9koFTk91SGHm4ZRxt9fLm2ATDaTzUuat2ko2
911,67769679953894571193796202344826209057109739616313774406661493655584228253258,QmfHmWtZfvJ1oTUJpqsLsv7ED1yPWUNiNwAhLDidgyHESs,QmRhnU1rgL1gPnDopqqYqVpPjgjLsizScfPZ1BKkyX3B3x
912,67769679953894571193796202344826209057109739616313774406661493655584228253259,QmRvPUA3igvi9expHzHHmEoP6ZoXdWXyubWWQ9azXH3Y49,Qmbd6hHzcgyXeYcW5PUV8tTTAfS45nyF4hty9kodL2JsYV
913,67769679953894571193796202344826209057109739616313774406661493655584228253260,QmbZLp9sPi3mG1ovyrv8iEaKS1MytR7HeLxXjja14DnSG1,QmQy6yMVadwUQdT3zc8XwkKcydfgeNDDPgVB36FDcbaVTg
914,67769679953894571193796202344826209057109739616313774406661493655584228253261,QmaBTQdYr3eCy1omNTWZWHaLmncwXkThSy3YCUZAYqvFh7,QmRwKQFs349Kgk5s6UAcXs9CzarfTSyhQkzmG6NCBM9Wnx
915,67769679953894571193796202344826209057109739616313774406661493655584228253262,QmYufqNTnrtranjVj4hFfjB8Ds3x5BPAk1RDDZHpjj5nPf,QmV6AReugPLWV9k1aMRa171xypSAx52DhUSPydKBURQdFV
916,67769679953894571193796202344826209057109739616313774406661493655584228253263,QmPjd66pbfHS9fBmBQSRcLFnNjiJnwcbWH9Ev19m4G6kBX,QmcghH3XKbNPQ8ASquJ6TEpWGzkBKZ24gRBw6UPBgFdiZY
917,67769679953894571193796202344826209057109739616313774406661493655584228253264,Qmbv1pAC4WtFSnZFZRyJB4yYjQpDY8iiYpGEySEiCVD37a,QmX1qup2ywwmHTqCgE4FGkfGgHEPthsrA1zGv8UgrERQ1a
918,67769679953894571193796202344826209057109739616313774406661493655584228253265,QmNN72S8RBdAATG8wwhRmUGLxQVfp1Mw9ssRPzokZn9QNm,Qmd527FhzSGFvGbRr3xmReKGHix3sCdSFrrSXDfFR6HhHG
919,67769679953894571193796202344826209057109739616313774406661493655584228253266,QmQWtMVMF7oe1WzhED4HXFftysZpVCMGrYgVgGQYD7jzST,QmXiZgNmPkBuHALrfVportsjWhSWSFSsR7BZQtmSgCD5Vn
920,67769679953894571193796202344826209057109739616313774406661493655584228253267,QmRR3AJedwGgMbrqZEd8We8LjLrVTNDZJXv6oWFpiRK3KB,QmeTUtbQihsjpaeUfSQBNMj3Xt7a91h8jSY8MGbY3SUNMx
921,67769679953894571193796202344826209057109739616313774406661493655584228253268,QmTToTqBqJWYaDjKWgaPTxykfHhwYf3eZSRc1JdbrDoYEH,QmYnKp35egtxYzDhoGzNyin15FhcJV8aANDnmYG9snp1Q5
922,67769679953894571193796202344826209057109739616313774406661493655584228253269,QmZDQ9G47n6VDEQTiAjJB1mSruWwT6WxMH6gLEfew17vjX,QmRazUDjYuyBGEfPp73R1W8JahHKom47rFYkUYFup2N5qo
923,67769679953894571193796202344826209057109739616313774406661493655584228253270,Qmcn3YaRt3Gi94F9mCz2kVwci567F9Gj48nPZTozvy7Uku,QmYDrLgDFVUCmtmXKGVm85128Hu4D5dSu7wE92LAHyD2zL
924,67769679953894571193796202344826209057109739616313774406661493655584228253271,QmYVbD7ciQLJSzGUpcyq5zAak1g9VCzZakYdG8SeRAenZi,QmcoH5jJ4CXSfoaZRfjdKqjM1AEM2R11g45r34HhTzVEAi
925,67769679953894571193796202344826209057109739616313774406661493655584228253272,QmT8dVP4dZcGxwmicpw186CrhJM6epG8Lzuqzet2iLY3EF,QmYKgqjWMrsv3ARDMpFAt4xyCU3mqfBaodDEM4xupU7SCd
926,67769679953894571193796202344826209057109739616313774406661493655584228253273,QmVVGjqhUrbHYjQzZ5Kqq2gNzWeYnmMoP25StcT1gK63XS,QmSbqSgqU1uKzxSpRM7ec1ufUWh2rjfZHrXSfW9updXrNT
927,67769679953894571193796202344826209057109739616313774406661493655584228253274,QmXw6euSegqbBJqqoJRD4Xhq9iaLmAjWioc7FuAvwH5EpD,QmWQ9gQMeepdkgWoXWk6PxGHPpCTA5YnFJaxPsYxUhXi38
928,67769679953894571193796202344826209057109739616313774406661493655584228253275,QmSzo9RsQwVrz41v3hthR1trv2Q5vix5h29CsuH7bJJcUL,QmQifS8EnoFD3MVYKUvSB4aQtAggMrPf9gxiQVPFr93LBw
929,67769679953894571193796202344826209057109739616313774406661493655584228253276,QmQTUWdJs2TnRd9eqTPDgsn8HqFLKePRSfXsJMHjjNmmG3,QmPER5JWASNsVYV4ZbcvCN9RBHC71bqfagSMnYx1SKKvJP
930,67769679953894571193796202344826209057109739616313774406661493655584228253277,QmUuBpZccAb7kEmCVfaGScLQCEnEwVHyuNV5PZPtsLNDGS,QmZRGXneQSTQewTWCi9DqziX3jfxFV6Qvacx3P1wHZ2NUj
931,67769679953894571193796202344826209057109739616313774406661493655584228253278,QmUHAaM4K5CiK3wz56o4GeX2nMWcFmTcGMDN7GY9b42P73,QmNcc6xGqdzB4cV1GbNuZ1itktAMYMUipMwp4ezS2Xg8zo
932,67769679953894571193796202344826209057109739616313774406661493655584228253279,QmaRZAjS1CH3FqFRRBKrogRiiwtbrdHHdvXHkL99ajhEcS,QmcWcbKadgvCNDVQUz8U5g9T3E4KcRTpQb9xKd1yEz9hPQ
933,67769679953894571193796202344826209057109739616313774406661493655584228253280,QmcnUUMmLfysZmh1o6h8J4Ymdt2G3GknkB65WgmP29E21u,QmZQ831gCGxEQTDXNQfX1S7UDp4bKy2yxj2MVVMhf2MSwo
934,67769679953894571193796202344826209057109739616313774406661493655584228253281,QmRhT7dyFf2XunKyZbwz1g5CpNFi1eTBqre8AgL6nMKeNV,QmP3WHTgPjDW5ADsCFxF1LehmbksM5AchA6xjeS7kmsd9Z
935,67769679953894571193796202344826209057109739616313774406661493655584228253282,QmVGe4EoB2u5TSt7x5yzPQrmJZnKq1vZjJMuPLy9DWAAMH,QmZeMskcTGvmeuxg8BJ4FY5sx8SJ1cKy9V3PodoFVwJx28
936,67769679953894571193796202344826209057109739616313774406661493655584228253283,QmUkfSRkWc2ctHV2t1KoRvxKPAjpb29GsBhQxJRX6cikEz,QmYRBtJrTBKYUDt3MvSrqCcqD4DpdSdVU1D4Vx1NzRKDnM
937,67769679953894571193796202344826209057109739616313774406661493655584228253284,QmUyJd6qW9KmcNKeR75zKgVmV5nPdbZVnmZpjvK44Nrfmq,QmaDfqdsuVy4YBAnyy7q74hRcfVeLqYjy4w16naEyFHHia
938,67769679953894571193796202344826209057109739616313774406661493655584228253285,Qmf7bJJwfKauvwFssobfyX5m361cXD2msGHh3r8Ao3ZYz2,QmYHpvf1LQgNX2mAFdeMKntjrnUF82pwjxAgzY1LoeMynj
939,67769679953894571193796202344826209057109739616313774406661493655584228253286,QmSqifVxZSGt9smXx2Cd4AGvDW9ym4BcuY8aGUZ99MZFTT,QmYs6yJ1XNMNfjqymPDW9s2a4FLHvedpE4M8CRXgpLStvP
940,67769679953894571193796202344826209057109739616313774406661493655584228253287,QmVaLNWuLUE5qcFTxBFLVZRi2Drs1rCgqu1m5RLB7wksdM,QmbLBRxvHSPULD6wwyohxgYZGkSfnTjvun8xuT13Pmm6uC
941,67769679953894571193796202344826209057109739616313774406661493655584228253288,Qmdtp3pcE5zjnkcuK4owgJBnjYdg4RSHmATrAiZrb3Qocz,QmdLjn71FES7dfnYAdXfzCoaXxXNAEXDmMkppys4pNAUS8
942,67769679953894571193796202344826209057109739616313774406661493655584228253289,QmP5QpsjY6UKsbNMZqMpHpdjG3jQUz8pxbgEmnNjcuyWWx,QmcSTR8aHciqCPnayt4rK6ywcZ8738qF5aQ9uyH1LAvvVR
943,67769679953894571193796202344826209057109739616313774406661493655584228253290,QmaeuWUtQgyZs8tZDMroMBRXSUoWMoUYyNLmhvwhHVbjES,QmRALLE9po3PC46UWdYSUDiVEVWLdYiRwLQb5NxUf24CEB
944,67769679953894571193796202344826209057109739616313774406661493655584228253291,QmPAKuf5KP8avfuvobJvv8TbiQZf45ppQ7LcV3YET3G81c,QmbTRET38j1nkwwudgX4HCo8393qUTw4bmnQHFRHwdfonu
945,67769679953894571193796202344826209057109739616313774406661493655584228253292,QmUaMMFKhyqMLQ8twCHVarzZVt6sNaRY76UZ8zS6PMvXQu,QmU5aTmahHGyTNJDuwCoxDwxPqX3oRe4pJquf42137gkmk
946,67769679953894571193796202344826209057109739616313774406661493655584228253293,QmX4fMKvupmDZUAAS87qqHm6daQak3geVQDYRTDcpZX2Wn,QmRmpgb5P5xXvakp7rt3zcG4cS9u3LinXcVpc3QKk2d9kR
947,67769679953894571193796202344826209057109739616313774406661493655584228253294,QmbFo2FSQxuBqBXyYATDm3BuGDyDJDcAhyXYzokz9vV6ma,QmWrAzdTS54x59pFiQ6b7NqztsrahpmBy76h5BT8qznBfh
948,67769679953894571193796202344826209057109739616313774406661493655584228253295,QmXQXtfE78Y85PELnbnFB5HnjSqhsZoc5g7Wkgjky1oHet,QmbTQM7mrYBtdoxJCazJMT5vZyUWXXuiBxqxtxUeRdRXDi
949,67769679953894571193796202344826209057109739616313774406661493655584228253296,QmRHM3F9xGjMvk7wjGL4u1MHjLFTSTjyiJbqzj59EfsYaK,QmdMFboxc9ZuJaQQQQKAJkFCXxVgdzgPeJkU989dPje3ih
950,67769679953894571193796202344826209057109739616313774406661493655584228253297,QmYwBqqceD4rNwo66m7Ut8xfuDZeXcnz4B1Dia1kFqfbp9,QmUmpkAUukKVjyMjwHRyLb4t3NzMXashqYqqgBwUqA66bW
951,67769679953894571193796202344826209057109739616313774406661493655584228253298,QmezR3byaL32sTefcpVc4A5iNjVQhNj9Rm2EtUYQHeVmPx,QmYwAGHDAdDVW5was1N1fZaWDXXNVMqZrYW4jSQsdyis2r
952,67769679953894571193796202344826209057109739616313774406661493655584228253299,QmYdu41QbPwUgGycahJzaYDt74epardPiS4d1Nqe1NXDLA,QmUzv8jim5ocP4i6iVytZyVTcTSFq5sMGeNHxrALQU4bZH
953,67769679953894571193796202344826209057109739616313774406661493655584228253300,QmXAL67iizH4u1cnRtY4ndRPCcdPT7EcFaAXy9USyiXiJz,QmY8fCdhDjNrCNYdJSdPy4mJgnPnRBqieY1DTfwprQJZ4a
954,67769679953894571193796202344826209057109739616313774406661493655584228253301,QmTCmn6uZJ15qEkz45ZZ6wxDfM9dEv7tcdfLXx5w1SZtnw,Qmaxq7Pj5jdjBxwzewjThKZEUFVuD1TpHqnJ2Na2DZeXpA
955,67769679953894571193796202344826209057109739616313774406661493655584228253302,QmZcUaqE6j8FdGgdS9FmyTtSD3C9saux3LDeJdkAmc3sRU,Qmd33YbXgZdPCnsfMkb4fPoUsKfRsjbWsciFC39jBzMoZp
956,67769679953894571193796202344826209057109739616313774406661493655584228253303,QmVi3cB31b2UrRLDF4A4V51LK3DRRjPoecWQgTqmroKfch,QmY4P9j2RxmJSy5GqXdEvhCVLyXPHBtyDe3wpe8AFk4Jbv
957,67769679953894571193796202344826209057109739616313774406661493655584228253304,QmbsQ71ETreMh2a7nWmwSbX3ZUxEPRjHpU5JVrqPZbPmSQ,QmSAbSGyf5YRcJZDe6sonEsffF79LLnyyu1UbMJfkZXYHA
958,67769679953894571193796202344826209057109739616313774406661493655584228253305,Qmaa5efyn7UiEpUW34GBeLhY7AKVp2zfReEuKdDQF3ZBB7,QmUHGera4CKg53odZWB7AxzVRE3ZuE7sgweuSY6HmVwEPg
959,67769679953894571193796202344826209057109739616313774406661493655584228253306,QmRsqNf5YXBjbQzdDyP7T9rjDsxgREem7fH6eXvgqLUG48,QmYRi1Bj32XWCB62Q6mi6d3Mfyv5j8VYbW2BPMy1TH4ePW
960,67769679953894571193796202344826209057109739616313774406661493655584228253307,QmPkcy6Mnffx5QJh7j2w1PpMBFKg2zbgbGh4g7RWsKhveg,QmeFnn55C7Jsu7LpS4hB1rJQE5BfF2DdetEagYAEqxSEX7
961,67769679953894571193796202344826209057109739616313774406661493655584228253308,QmS111Ac2FSw5UHg6tiQe5GPBaR3CaL8bgXKJjvcwMY2zx,Qma1zKo6PvBQV2uNUFgoapKJcSpRgKrJNxJV8LmkXwbF6R
962,67769679953894571193796202344826209057109739616313774406661493655584228253309,QmZVuzpr3vNSarC1r3Hit8ep1c1haUBFrQaMyC1qJsgE9C,QmYoNYeaGrrFe8iB68LUiQ33EUEMGfaR9hoyXMKGt86oLt
963,67769679953894571193796202344826209057109739616313774406661493655584228253310,QmcTvv4Nq7X3ADJuwUecoBeEhiv7QdDx2NBCxnkSYXKnAz,QmXLTW5RSXkkvdVUN6H8rrT46TSWZpK2QVz1QvtvczUPAf
964,67769679953894571193796202344826209057109739616313774406661493655584228253311,QmSsFu4dfnWHJ4VX6TRr2dwsQMescAMhmFNaJgz1FonXR3,QmVDGBuWW8QNwt83Qn7R26o32kGeCQ2p3GKrgTPSmx9YU8
965,67769679953894571193796202344826209057109739616313774406661493655584228253312,Qmf1RoKoB38oHKZn7t7K23VP4QQMbAKSewwHDZFmT4pNEX,QmY7p3azN9YqaaoJ6B9yR5eewQyF1YqXaTRxFhnzRDHf6Z
966,67769679953894571193796202344826209057109739616313774406661493655584228253313,Qmaa29duhASXrLbktuW7eU2Rgzfuea6GX4Ff91ar6v7A9c,QmcUdphGkZtypwjpH7rBdTh1aZvjQmbNCWsAUffgnJx9U7
967,67769679953894571193796202344826209057109739616313774406661493655584228253314,QmWFfmjhzDcZQdhTqvwBr8r7uxPmZvsNNEzXUJhD2xktcA,QmRAtJXXgQK3Q4cgGmjngPVwYMbGiRSyivEy3nzE6NqXU2
968,67769679953894571193796202344826209057109739616313774406661493655584228253315,QmdXAPqwxbHYQGAXX8tByBrRcCWkTLMTpS7Ud18cYVD7sJ,QmNmmeitWRHPahzcVZnPvxpzyqVwTzxBS2gV1Rj5U7ktXt
969,67769679953894571193796202344826209057109739616313774406661493655584228253316,QmPothkkk2SfYPsyT3AjUTeBKhQPaDaQVVwudirr4pP9pR,QmSSPJoZ8xPU6zVFo7zanepbHTjHPNRYKKYG8NjtwoJmsd
970,67769679953894571193796202344826209057109739616313774406661493655584228253317,QmbbN1Lc5nvahxVmDch4g5zWeXx61CT3WY6bKFV5htyDnc,QmYmMWhZJJebkJAeDskBJvvF13NemZrNbrkyzaqG24qQkg
971,67769679953894571193796202344826209057109739616313774406661493655584228253318,QmRibMYHqw2Vuo8A7UN8tDnGKXZxTPK9tKt4nUsR1Qxk9L,QmbhYCT11wJhKpyacGJfVr1RDWJiJHWzuH12NUea5btrMx
972,67769679953894571193796202344826209057109739616313774406661493655584228253319,QmZBCRSFyAyvFsVBWeoopQ1YmNDChstWBCZgG2v22FQdod,QmWTRSDFr4qWXgH6H3LhxPm9F8NYydF3Kp9255XLxtJxbN
973,67769679953894571193796202344826209057109739616313774406661493655584228253320,QmXPfJ4sQEA54gcnjMVnGcYqV2pftVRoN8bhiAVS9ikYUq,QmU4Tia3ZbandPsE8XKYsEhZbfMz6kqQ8uPEyyQE5Wj7jF
974,67769679953894571193796202344826209057109739616313774406661493655584228253321,QmNiQBumwNkNXAa4kmnNuWWhQWpuaadZVDqxqrAQ75YiwY,QmehJY1H1TwmQbyCgLR9euFnsgWUceAig4CGjDxb4Las3s
975,67769679953894571193796202344826209057109739616313774406661493655584228253322,QmdDXcaumUS6jDbhphnPUQNwVnBoFCSqg5ddYSEYYohu77,QmXiGCLtKT9jZn9dFkBZCK7JANfzgwj5iZuAQTpykSgyuc
976,67769679953894571193796202344826209057109739616313774406661493655584228253323,QmdfbG4S16M7aSoxiczQbu57UzoZ64KMustYRPfTgcgEfK,QmcJDpeR9rCHxm6567Z2JzuzGotQfgwVUcdppRxxhyMiCn
977,67769679953894571193796202344826209057109739616313774406661493655584228253324,QmW52AAeS63tg9vYHvi7FLCv755GXLsSXUKxQwAWFCgqr2,QmNoSpxz1F3srPMwhGAnm5oLeKJ6BdUwZbYuJBvNUXyRpt
978,67769679953894571193796202344826209057109739616313774406661493655584228253325,QmQgEcccMKXCsUYFDJtNJRNbCvU1dFKHG5tKMS5okf1QVR,QmQypEMMoh3Gnp3E1bxKKjMUrPqC13DakkJCcHCL9mpwNF
979,67769679953894571193796202344826209057109739616313774406661493655584228253326,QmUWVH8SkSvQNmYD5TAjKex8fTPD3j3FVjiiBMCxQsmSSd,QmSZEu87XAHd6cgpS5aw7tewa14vRGWj5U4myEe1G8V2DV
980,67769679953894571193796202344826209057109739616313774406661493655584228253327,QmYEXZsDExpC13uwtjACzznRCN1hq2fnMuQJ4DbE3UvDKJ,QmUNwHLxB8Ru7q31V4PJtaPKYzq9TAd227BY7tdkyDQfWm
981,67769679953894571193796202344826209057109739616313774406661493655584228253328,QmShZnvMToqdR6Ea151EthKJaHfSPftFA9FaboBB26Bc3E,QmfHy6Sj5xspLGNDQP4LzD7huJfAe35pJNPvvhX9REsJVK
982,67769679953894571193796202344826209057109739616313774406661493655584228253329,QmaRGzRN5GN8hE8wYknvCLSjDDyKSU8hyjpr9fme5U5n9y,QmWYGxqGndwEPAEarH7p8SyjVD8tSS4y5RH2PFCq7Kpayq
983,67769679953894571193796202344826209057109739616313774406661493655584228253330,QmXGb89mMzSjnd7iKYCspP7APJyn1FToq5SybCYTVbQzka,QmXcBg5wNZ1TBBzEDzifYM3NeLmQvi6sp8XebRy4UzTruj
984,67769679953894571193796202344826209057109739616313774406661493655584228253331,QmWEjPhEUzYauLhqLm6ey3yGT9RayNvxYYvdgdWr9mYvKR,QmQcyeyek5BdSHmZQdKiFzMUct7DqLiLjvMW8kYmAAATak
985,67769679953894571193796202344826209057109739616313774406661493655584228253332,QmXaVhoZPKS7pXPZ89GqyqseWadbbhGkm4zmPwsj6qNYLF,QmfVZ3szQ5L4WRuxbTDswqFBXUp2xvTRZnNu3jz9gVZzmD
986,67769679953894571193796202344826209057109739616313774406661493655584228253333,QmcrndFmmBcDkLLM1UcyjfRD2M7pr24KRCGE3zcRVQGgAH,QmZ9J5EZ1zgWYD6iskJK83nBMaCYA8EWh1NDbWDhpzbwg2
987,67769679953894571193796202344826209057109739616313774406661493655584228253334,QmdbCf7vznDgBfYMic83toGCi54b9trgFbp4WY79XsTsaY,QmdpkgUwXLHC9rLpWsSjgZYN6dmvVzr668PScJEkofJmcZ
988,67769679953894571193796202344826209057109739616313774406661493655584228253335,QmToEa482WBtvcyx1NeQZ6FzHuRMDg3X8HLSfnEE4FULoM,QmU7gXtK5YXTc79G8Xmh7G5GAotQV5SdMFoNwV7J4eiXEh
989,67769679953894571193796202344826209057109739616313774406661493655584228253336,QmU8WBeqstVQWAb8YxC9PnkfXBcc4agFqY2vv8F3o5LWZQ,Qmd1p5njSZd96fKoTgpgRUeoLHFcRr5wS95m6ZqJGNKhRt
990,67769679953894571193796202344826209057109739616313774406661493655584228253337,QmRDgio18YiTgPwYAD3H1Rxcpn6fYhvUzmBdzP53QPtotR,QmRZnzzxHm7yGGHAu5S3oqjGrEEdh2fNQkrY6N7QMXcQG3
991,67769679953894571193796202344826209057109739616313774406661493655584228253338,QmTbbyXocWsfsQewrzfdco2f67ygZKREq1UX1ZVvn1TMXX,QmX92MavYm5oeHt88jdsXuu8tQYhD4rgBFy6y1mA5g7FrH
992,67769679953894571193796202344826209057109739616313774406661493655584228253339,Qmc6qQEeBw2PBpZ3A7ggEhqvvC7AJBzeidmKnj8bu9ruAw,QmdFK3sDGBGTGbmcdcPfrjQugdARKrPv19gqcjEpJy3RyP
993,67769679953894571193796202344826209057109739616313774406661493655584228253340,Qmd7TtvBFEoXCWAC9h3rZtFWvG9Sjt2ytfe53RY41QmF5E,QmWe5hikX8ngaVC3jBBDUoo3MzhrQmk27Jx4vYLKrF6K9p
994,67769679953894571193796202344826209057109739616313774406661493655584228253341,QmfKwDi6SVn3padCCWNBGgZtWWnDyR8E2fZcQSNWJv7yrT,QmcSAf9DtqMLjp3EFdG8unwf1v3oXmgVXuQm5FaZbDXbEa
995,67769679953894571193796202344826209057109739616313774406661493655584228253342,QmbweDQ14P46dd1VzADM4PmuW2a1LB4M1anRMivydimjx1,QmS3Ag2WVHuKUZNtNzA3AvKWPQzE6XuJdW5oTrsmHuzZBF
996,67769679953894571193796202344826209057109739616313774406661493655584228253343,QmbWiVTycYNpxrHxFizyuESHV97ngkoUtC7qWH46Hii6bE,Qmb3qXPAFJKMZ3M4GPrFzL6LHnEeTABzvrqMNe4daS1eZ1
997,67769679953894571193796202344826209057109739616313774406661493655584228253344,QmPYLE4748i8ZB7xUtVJquToLKZFJFFBZX6qD4eVzkez2F,QmNvikoKbxr5z27q28S6Czh14AWnEZs1yVwxHQkY8G2Wec
998,67769679953894571193796202344826209057109739616313774406661493655584228253345,QmPSW1W8vHNYFvdUTXGHm7Tv9AeMeRaqRJuZg9v3PxL76M,QmPN2Bsijv23eAA6Yg5Xo1oRbT6VoHW72ocQLmi5iXxFcU
999,67769679953894571193796202344826209057109739616313774406661493655584228253346,QmYaXNo4e7883txJMMWBibdR2VGfue1a5ZVZRRMFhgFf61,QmfJBi7kNHLCkLHc18ug1y3DoX5CJF3gkLR6k3XRdZQoYz
1000,67769679953894571193796202344826209057109739616313774406661493655584228253347,QmdESrJWe4BhFCkZExyAey4w4VYZhYJSjpi4whH1GQW6gW,QmRYPJRMSfCgiK1cKeUptYoDoQzdWoxnSjZ6bLoh8Gu2fm
1001,67769679953894571193796202344826209057109739616313774406661493655584228253348,Qmdtu9UWus6rSGuSbqT4fDLMJU2nW45DMJ5nGf5VSPQMKY,QmNnRpW4Uchi2jNSJM5gbhTcYyh1YRn2hBT8covYyzxzKN
