edition,token_id,old_metadata_cid,new_metadata_cid
0,50155857397875397259976379467704396953074680174658013718882652749723099585750,QmNnoU4JyzU1bu6bWYS1X1jsdyvHM5yxfqWg1ZvP7yN3QF,QmPXovcnkmp3u1ZoXYD6PqC8Sg3kefcPtyj4CSWPYP7kab
1,50155857397875397259976379467704396953074680174658013718882652749723099585751,QmZVFkqhmJKzr3NtDYsV9EaWZvBgrcG7j76PCZw4YW8W3u,QmNUCmFBf7kgShvoh7Kb3NkxciLLimm9TTD62gZuizyDZB
2,50155857397875397259976379467704396953074680174658013718882652749723099585752,Qmb8vANLVCARvgSTQLtH4QSW5bzMKk4U12kc5QUJywyVLw,QmQxG1nEudGCkc6FpvzFsn5RHCakqymM35wxNKZgpJtMqY
3,50155857397875397259976379467704396953074680174658013718882652749723099585753,Qmbd2x4NTaos1k4W6JnLogDh8vbMCcQQvBU67HZWzJkvxW,QmcgihEBJrqkdDbRhF8hk5URh6MtEKukQP2hDd6NfUWrTt
4,50155857397875397259976379467704396953074680174658013718882652749723099585754,QmRULS33EQ54G1UKL8DD4n9sBk6josYYPMaikmQfcoSnVG,QmNpDBLfoaSAzucMdAHbn9WKMMnT7yCVFAch9sGzeAH4JF
5,50155857397875397259976379467704396953074680174658013718882652749723099585755,QmbSH1eC3kj3VfWKGiKmB6rUBa4XeYL9qVWdywZ25k38GT,QmboJC7jnie2WSz7edrEvYVEzvGumjRQ7xDhh18RZACUHH
6,50155857397875397259976379467704396953074680174658013718882652749723099585756,QmVgJKfskQuH9PYW9zsUTD72QQmDXzDWmNod4th3iDfQNs,QmYuwfqrJdg7Cy9dLTvVhS82275ZU9cqTThxLuVZviyDqx
7,50155857397875397259976379467704396953074680174658013718882652749723099585757,QmcLhCjW3qwatebuhfLJmJ2qeP48Z16NXmdjSniiphtVTJ,Qmci6N1rS5f4Ysnt2WFNYmCkwHefDbX5EAVMxgMrpB1Lah
8,50155857397875397259976379467704396953074680174658013718882652749723099585758,QmcihJv4knRxNSFDkHoWxAetUVYLezMaSJaxzNUmX7QKKY,QmTJBnM28t4mQN1jqTH1HfoiyyzR1TF3RKQkZntFvvv7qP
9,50155857397875397259976379467704396953074680174658013718882652749723099585759,QmT7n6NnixWWNNSL1BhQShwETFgLz2X4RvWUaNzzzd2pws,QmXk372qRW6fhcJ73Q7UKcoN7BNeLGipy4RTokP8EqwXMX
10,50155857397875397259976379467704396953074680174658013718882652749723099585760,QmcbhfDZEnSFPRgnVBBSD9o3JtarddozGXM6TPYytxHNTT,QmY7bKb3erhSdY2BnsbZGUXSA9pPzFSsX5dTe9csZEskKm
11,50155857397875397259976379467704396953074680174658013718882652749723099585761,QmcSRVjRxY9nb4FL5NRhDqGkYZH46uNgpsPSqEDeRHr1pg,QmTSmawZDg7ZPvPqfjH16YQRWN1Dso3MLd3nuennXRQCdv
12,50155857397875397259976379467704396953074680174658013718882652749723099585762,QmQJzhxvj3MXB9t3xdvp5XWCpkmJH36aC7rbpJLdeeq6E7,QmUNT5kLFZTjSRaAwY34FD6Dq1txjtJxwkWvebbd98GXJG
13,50155857397875397259976379467704396953074680174658013718882652749723099585763,QmYSUhAKHqS17WGpogSLysDyN5vrJwAE968dUmZu4gnX8Q,QmSjugzDT8psyd3mRtobDVZuZgUshs6B4LJcx8tPVkjY7v
14,50155857397875397259976379467704396953074680174658013718882652749723099585764,QmNfB8u3MtvuFZuTuTmfG1fMCwp4cX99FBE1bm8KKTYShS,QmR1i3vxoxek6VngohxXSjxAjsJJ9UiAuJGD2wDNsr89d6
15,50155857397875397259976379467704396953074680174658013718882652749723099585765,QmWM3dNTAVMxBGBRQxxW4z3CnByaASpCgkXXhoDkjbKhAv,QmPs1KUuWxew3WmMT9kUKNDXvCukccjZFeuqSxkaK8pqJQ
16,50155857397875397259976379467704396953074680174658013718882652749723099585766,QmRfMuEqwZpvgxhX1hNpLq3HfEn2rpb48nwUVj6YqpYpaD,QmdeSMfjixNtkWqfvxk33TA81CkipNSdAFu3nuXWzzKChs
17,50155857397875397259976379467704396953074680174658013718882652749723099585767,QmT3dt7F34MeE8qnGCFmxAJ91rerN5beC3dRweh6wzawQV,QmZ85UXdeM8CNQJWq1khQfTcbbkUhSJ62BBaxxcGXcXFjW
18,50155857397875397259976379467704396953074680174658013718882652749723099585768,QmPdhMMeRrgEjVfAfgHeuiVntDk7SiSdvfEu1cmTnmqssW,QmfPE2VQXpm83iWmnjSmGqP2GvV5PTvJG5yCVfQBsEErdt
19,50155857397875397259976379467704396953074680174658013718882652749723099585769,QmYcBrcjQkPbUHC7r3LLg27S8AdPZM713Gapu2k2ZNF7yZ,QmbDeV4N5VRD9kac9aE7A4UHpohELSg2QRJfhcvoRSTGuJ
20,50155857397875397259976379467704396953074680174658013718882652749723099585770,QmZpZcwNqs3obZvt3X1PkXVjqB4cijyjFcJr3WWb5Akbja,QmQ2iQmEdiAD8M8oaFFvpyRkLEDQvixzbiD25wxqph8KiH
21,50155857397875397259976379467704396953074680174658013718882652749723099585771,QmeH3fNGVABvwQn6eRVRzSp2iWKjSRN66Xn7ZeRdp14tyW,QmdAG25Nz9QZEQxqzFUikQG8iLVxNN24uKuqrEpmXKJQr9
22,50155857397875397259976379467704396953074680174658013718882652749723099585772,QmY7CuuP36Rtj2X831T1LzeccY2S7wRB5ZEQ12Xze18SjP,QmNvHpZqUU5mZ6JQNp8H7EDhrt8oGfg9Zhqqp11nDqKi7N
23,50155857397875397259976379467704396953074680174658013718882652749723099585773,Qmc7RdjbmHoR3uyJUFVWx4oHtosbFrrSrv2yHnGBrHHUaT,Qmakig9JzJ2f7AaFcFZYqKsTh8vxgG2sdnaKYaeNN4dgER
24,50155857397875397259976379467704396953074680174658013718882652749723099585774,QmR15FzSZ2yAFZyPRqDodgdS7Cu4BZqBXVEmdXvyTXyy8N,Qma4jQWVo9ZcDT1zpgvodRnBNmy5pnoTvErhdYVmoNSWc3
25,50155857397875397259976379467704396953074680174658013718882652749723099585775,QmVqYzAnhrTFzpRrjALKCHQimHTEbrZfaueRqCvjQCddDr,QmNjYsUa4bLnUxdHLGWBRP6CGN77XRRnYEaLwAiU5C59rv
26,50155857397875397259976379467704396953074680174658013718882652749723099585776,QmPpaPebAB7FWeSp8ZjDzyCpj4D1Jc289a4GwYeZBvK8Qu,QmYyTBCFhujRvJPePTcFsqXoEg6rgBaPdJGrK3U8i69ZCs
27,50155857397875397259976379467704396953074680174658013718882652749723099585777,QmQJ7sfD8EQAFq6unThsngi2uT5eBKTp1gfBqm2kwiDtyt,QmYPFxFE5jb2KGHTAbytV8GoEPuQc2PRTPBobroZZ3CiFX
28,50155857397875397259976379467704396953074680174658013718882652749723099585778,QmYCn19mZZaTD2c3PCr6b4Z9yNFDnWkJV9T4hBpJnEj1or,QmTwMoyBWMfGeAQYTq43gwnpDzvJmeFa6pruE2nip7m6Ln
29,50155857397875397259976379467704396953074680174658013718882652749723099585779,QmXz9MXTCWP5ksHGEhDtFRhq8DaDhgcXX9zp3H1t1g5njC,Qmeojdavv5L3qmgRiWZoFm5nntpCUgXEaEZJ6es3CgNdcP
30,50155857397875397259976379467704396953074680174658013718882652749723099585780,QmcwPNV4FybUyv1y5j4PdkEeDtVdbL59VNMCnydZYG88WT,QmdLP9Fsdsk5ahYN1u38gw8VGKEXU4ZG8BuFaMzTjiZR2A
31,50155857397875397259976379467704396953074680174658013718882652749723099585781,QmTSprnzAWgASUeUmWb8Jaf3x1MswwJFNPRewaJ7nCgXED,QmbeKKMMRTVZGPb2qCAZkgjtbKKh7fRDtbW52hHCTBL6gL
32,50155857397875397259976379467704396953074680174658013718882652749723099585782,QmfYUnRfqiYZ9VGzWT8R4C23Mgcm5qG6EkFbes9hhmwQoG,Qma5XWsivUmnyaPC284YbWrabgqu6LqLhPxCwEdCWZ3wag
33,50155857397875397259976379467704396953074680174658013718882652749723099585783,QmNhjDNGE3SJDhgbn113zcZpHwt4oGTLT9PcbwtQzStghX,QmayLDa7wLJpSLqNRqtrmXUrjeNMRDqHEG6r8rWHft9JDL
34,50155857397875397259976379467704396953074680174658013718882652749723099585784,QmZwPnzPcKRsLTnaKo3MKKfDYkQ68iA71fRdTm3q2PTmDX,QmNrg8LrYLfGDb6EDbWbEsef6wf4mHxYnGipuHcUrJ3fCP
35,50155857397875397259976379467704396953074680174658013718882652749723099585785,QmVJRNmMLVydiVpEo5D2rtx4Q3sYUHaJCsuZER2phhWS5s,QmNvtAoeH5N4mo4jHZG93xhkJ21x5tAPWhtHxU8cj5M5ye
36,50155857397875397259976379467704396953074680174658013718882652749723099585786,QmQGkzVF5JHEFPfifHHCMJ5sw2dSz19sy4peigmRDE7jD9,QmWJF2ipLxTHT8XHYKFcz8isq7mJBTEJg9Rr6JAQNEL9p4
37,50155857397875397259976379467704396953074680174658013718882652749723099585787,QmQA8hs8zTEbKiFeeTHCaXWCaw9GGNdYBtLuSCwyQ4DWhk,QmcsdhxrG9mUxDp1RiKWeb2BmnzCvHmqnrYs7XnL3Eza1J
38,50155857397875397259976379467704396953074680174658013718882652749723099585788,QmSMD5bWb1AN1AV8v36PfTBUVPMKztKztygsRadKjsQbn3,QmSbuVrwo7CyMjQFnajrfwGEGFj5JybqjdgyxotXNbYCmU
39,50155857397875397259976379467704396953074680174658013718882652749723099585789,QmQFvBdw4Bfrm9f9bLwBdYtvV1jRPgi6uZLRCDndmE61bj,QmdC3GR29MsXv5dJLP8fugLSdp36ev6FiiHqZYchsBfcNS
40,50155857397875397259976379467704396953074680174658013718882652749723099585790,QmZP4Vgt19TyKJSaFyN15bg97BZhzLWJEDutuB3ZzXksuL,Qme9kiDKZw1uGu4AXTc3cyUKr1mk1iGgDgeX8fTnpVqCKB
41,50155857397875397259976379467704396953074680174658013718882652749723099585791,QmWJ2dKpdcNVjaf23DahjpghScj9b2wZTXqAUhrSnKyKHE,Qmbvjozwoy3sW4mgYfUeNxrMSzZL1pe9JiTiA53fwixcRH
42,50155857397875397259976379467704396953074680174658013718882652749723099585792,QmUY6dvCGJ9uHY9HCRzwzGR7qttKSztZCb4R1fAkppYFPW,QmSjR4Ex1VRhqk8MctrvicxCg7MYR5A94aogbFmBU4YUJF
43,50155857397875397259976379467704396953074680174658013718882652749723099585793,QmRYuiHaXWbMK5S6K3a6Vfc8fYB78NuJrjdsdTRaa3i67r,QmUuKrDBJo9BrsmbfdieCZ2LVu7NP1cFLqexowpHBfR3v4
44,50155857397875397259976379467704396953074680174658013718882652749723099585794,QmZJvVFC7jxQn9NGHCUJ9Bud4kLyTWpj3w9ohegNnLV2ea,QmQJZPzyDHr1sNbhVpdaxVWv6gK8n275cEKifsBs6wf89d
45,50155857397875397259976379467704396953074680174658013718882652749723099585795,QmNofaXFY5LgqqK7SwvYHzFe9wK2U8EfPFzo67A7C2bVFh,QmbJjc9wPo1LtPJaKVqKN4tQEWfaMjL6w1mpwU6S6D7aAW
46,50155857397875397259976379467704396953074680174658013718882652749723099585796,QmVg3KAfgvX2pQhCskMxFjfeTn47gbABh3tuwi9zwitEhA,QmUAPWmkiVgajarZDeVHyDo5cidFC1VBxLDzSdajLf3pWc
47,50155857397875397259976379467704396953074680174658013718882652749723099585797,QmdddXJPmHTgpuqLToBSuTzvTWGdvaA6bGyHQZ5sS4E2Rn,Qme5wVeVzXcvKdSWwNRT8yFxZy1mxZ2vQHFNANVVyGYjLs
48,50155857397875397259976379467704396953074680174658013718882652749723099585798,QmdMsWFYfCah4STxFWGMHMwqMvGHrxWY7At2zQTrhdd4KV,QmQ3FktN3kkjdUdXEUBfUA1cXeG6D6qd52XwZE6SSFgQN1
49,50155857397875397259976379467704396953074680174658013718882652749723099585799,QmZrmob23Smqstj1TjmHWXPeSdR7h77QLXyghfE6GYukiq,QmRWVeXGsDGsEmzbDKgL7yFKMevXVTbyahbK5woe2oKiEB
50,50155857397875397259976379467704396953074680174658013718882652749723099585800,Qma1t1s4MmmuvY8anRTyGYbCb5Dp4nzM82NnattusSpeEr,QmPcVoFJwsHYCP1ifMvT5cTuepN5utFG52tiko7FgW7jNK
51,50155857397875397259976379467704396953074680174658013718882652749723099585801,QmbWs4ZpcMSLkBASCmoXRfGgmBhh2WZA76kJ3Hg4WEfAqG,QmdDPTwhm4F88McjvoCJQ9j24ZYE19dtTdHvMkXkbW3sCP
52,50155857397875397259976379467704396953074680174658013718882652749723099585802,QmUnNJFE9SNwAxVAnMRtWAdXQhU8ckzUGwYvbTX9wVD4A2,QmYL2ugu5GHNxh8hLSKHVB4G4Hvs3SSfXK2YG4K29mDBDt
53,50155857397875397259976379467704396953074680174658013718882652749723099585803,QmWi7LPAmoT2MDUyUckxQMc8yPS1eRsMzVuzAXuTqg7FfR,QmbWdReWVn9PcUF1mftzjTdYdvpuPffrzg2TWTtYxoDYT1
54,50155857397875397259976379467704396953074680174658013718882652749723099585804,QmPBM9o8xmcizQ5kmAio83oiDmzaJx5dkELTSg8ZB5SFTR,QmR8qnCp47DLnVkQjsfWtzFX6qcWKM7aJKMvr4apCoeqzb
55,50155857397875397259976379467704396953074680174658013718882652749723099585805,QmQXbopCeY7jf6dQJz3UHoJVgdbZuJK8dkN96pJY58D1LX,QmVaoAwyrcDqKsSmC1A1E5so3o5GYanqkQpP7cKoRpMgsd
56,50155857397875397259976379467704396953074680174658013718882652749723099585806,QmfT4yuQC6MrMWoJApzNwQCYcUvjRDrJfwZj4emW6XYQSy,QmY32G6wtNMTqm6oUiRs9MCzHAiNHe8j43gu9EieSCJ3G6
57,50155857397875397259976379467704396953074680174658013718882652749723099585807,QmSiQiJ3NirftMUdQ2S8vVcauQ7oRgMpFAzAaqmfWdugBe,QmQNMjL8wpE7NrT9HFP8SPbtvHk7cF8Cagg4mpnbR2z25Y
58,50155857397875397259976379467704396953074680174658013718882652749723099585808,QmUYYmkcbVY13h8zrZdhcfktMww3BZB4kqSvbXebN6VYGt,QmeNxu3b7j2YKuDw7MY58beavkdwcoj9bmKuR3nE2P1SAK
59,50155857397875397259976379467704396953074680174658013718882652749723099585809,QmTKY4GKq18nwW3YzpY2tCCFR1vK32F2Kk3vXgsPZoPWth,QmaEdJ4CucBGrA8BFG2wKFXmaDqsZ49nxoUrnUYrQFLiV1
60,50155857397875397259976379467704396953074680174658013718882652749723099585810,QmdH7jk886sNdBKeZEWhKCm14o2BM1oRsUfP5zKVi5x9c7,QmcbdCroTxL7EuyhgoAvdJ98K4mnqeyRoxuqt5Y9gtYD2F
61,50155857397875397259976379467704396953074680174658013718882652749723099585811,QmSBfwu2MHa1SABBcq3D8kRcr6w5z1rfFLEU9BbwSDk5A5,QmPZkiubnY9j5z7q7GbNwuddfn5B2JPFFGDiaR4AdFv2Jy
62,50155857397875397259976379467704396953074680174658013718882652749723099585812,QmcBJMN7EcwxsNxGyfN3VwwoetUr72BnUvJS7VXzF9KrHn,QmfZ6831HAdgyTFDov3Dv1zcvRe8EEXBZPi8AFFKhTD1vB
63,50155857397875397259976379467704396953074680174658013718882652749723099585813,QmZ5ysmkHUkyerbm3KwSbAGf84woEXThLPFBmikqu71VFZ,QmWJcQMtGbffEtAE1fZsE7EyABxCM6RuDy23fQeGJS874Q
64,50155857397875397259976379467704396953074680174658013718882652749723099585814,QmTpJXBW4AWaQcJYQZsFbb9W7KLkNWh6HBy5S6yeyymvr9,QmcqtZEwCvJx4jD2n9LrZ5kuQXkMnK49smupLwriGVXpVJ
65,50155857397875397259976379467704396953074680174658013718882652749723099585815,QmWAYCucB383pRX1EyQ8o5Q28jftC9j3Uivv19fTC8HEcX,Qma7FQSdkBtu651Fw7DBw96krQ9r2wtdr3jGmCL9JnaiTf
66,50155857397875397259976379467704396953074680174658013718882652749723099585816,QmUCyS4es6citirXWaNq22FPkuFpYwwP7BxCxTQNP8UuF6,QmaA8twv9tAW4pPopAhrRPugDzUQBk9rGWkJQwBnD355G9
67,50155857397875397259976379467704396953074680174658013718882652749723099585817,QmeDZHmCZQxPc4kpGe5r8eoQ64GLFo8orih2foHq6c8x6f,QmXMXXs9MQVJJw2FpY84dJ5S688ZCNBgDKCxpRGbSEBhnw
68,50155857397875397259976379467704396953074680174658013718882652749723099585818,QmcKLikqWgEbSFqCRbTtvrgDpkVhqV78AQAqZWLrNRGqpH,QmYTEhoYWANsHE6W8DkCs696VA7T5xENn1xsH7d2gqf8GM
69,50155857397875397259976379467704396953074680174658013718882652749723099585819,QmPqsj8YNTe2LT1z7YURuxkkHoChqCWWUjPYTkPA8oMYpn,QmVQVGTp1TmewFLtSY6eGS4tHHaWfGVNhieki4Akt7UVko
70,50155857397875397259976379467704396953074680174658013718882652749723099585820,QmY2dBaWRtMangH4ixk5GBLa6kunDHfX9aB4t78XmX3cui,QmQ2ALnEdyWJYjyPEkLYCe9sprGPYPpP6vcUF3yoDuDfbo
71,50155857397875397259976379467704396953074680174658013718882652749723099585821,QmRrFxZrxR6Wd4jCN19QB4LjCATAEGpyi18x6CCiYvJRzF,QmTALRrCqayAk3i2aQsQFhqWowTTPk5Fxacy73Uq6sdx4p
72,50155857397875397259976379467704396953074680174658013718882652749723099585822,QmWzLkKsMomPovnSfKiDhPW8gSU8uDhm4UTKBXbccvCbQm,Qmf9LZDpZM3PTHjRKeYiga8GeHz9HhzAyJB2MHBGQ1g9Cx
73,50155857397875397259976379467704396953074680174658013718882652749723099585823,QmQC3jJD6wor5MJWSrLHnLc1LBp21KDvL8imH94MAoWunT,QmZnsBLPM2Biqf5EVmTCNU3euY7qSW4Vh6SgpKTcHX5Le9
74,50155857397875397259976379467704396953074680174658013718882652749723099585824,QmUbGQJnpk8f6QAYgmib4ZwdRQ3Fpx84Hsm2safPcA4XZM,QmWGY6dE1j2zzcJTFVtvB11iNoKyFLV9QtV3ngM3yUscxY
75,50155857397875397259976379467704396953074680174658013718882652749723099585825,Qmbc6VEDAUgAFKzh8EtZe4a34yJ5SQjKpgaywghW6eGG38,QmU5D41ZUxxqxACmdpyP3uT4KE5ZH6m5KzGsmxcGfRqLk2
76,50155857397875397259976379467704396953074680174658013718882652749723099585826,QmQxjYrW7EHVm1TGcMNNdEtM4LeYia3hGGHPg4g3vwDBgE,QmRdgtf4Zbkau6741BJDq9WhaUmjDMWJE5MQo1GgtCn8Tb
77,50155857397875397259976379467704396953074680174658013718882652749723099585827,QmXR7JamzAoCwA8NChBc9bgnzg3c7CUfpZAtX3HGgnXpdF,QmPAEf5sqfztUnVFYg5s68vA2rzr5KqBwQCwpFgpqEZogo
78,50155857397875397259976379467704396953074680174658013718882652749723099585828,QmTzqPp1Xtc9pHxn4K9VKEPxXhCF7iZY2fmt8FjS9kGU8R,QmRjvMrS3AMvSX17qo3yyjv9xN6v41A2BWD6yjNX8sNVcL
79,50155857397875397259976379467704396953074680174658013718882652749723099585829,QmaYk4axJjNm91mdK4NtrGnfem54snZu1gDrwcCPD94whD,QmR6Fxrqw2tF3NFjCsTtWgKr841n6D8x2ctNYHFE1hPgx3
80,50155857397875397259976379467704396953074680174658013718882652749723099585830,QmPrpAhAvSRE7ib6k1jxAjPiNV1X6pAaAZQoEtrby7TXvL,Qmdchg9dFEGmoeWLBJabVtShXbhTRpevAPaDCV7T7Amzoo
81,50155857397875397259976379467704396953074680174658013718882652749723099585831,QmVa7txa8vvL7LyB8Yup4AdAtXFDTK39AScFZwP8xqNN3i,QmQ73Nm6En5iTSyd1bpQiZz9KBjPDnbuG9SjKwRFpMGPpr
82,50155857397875397259976379467704396953074680174658013718882652749723099585832,QmXsNLtRZ9B9tDF7dryerf9Zu1ZDvG2g14UttSh8DbSMs2,QmPsVAiE4tZbKA5oDWibMJM9537UQkFgNqkzTXYfWbXYF6
83,50155857397875397259976379467704396953074680174658013718882652749723099585833,QmRexTexA6gny2EjXzU8G5Np9f1tLEtuhecnP2BXGKwS4r,QmRDjfB8B5TNm83LLek5RpUxrmLkrKKbniuDYictChiQhy
84,50155857397875397259976379467704396953074680174658013718882652749723099585834,QmUDSRCK4Z7ypAVRNJcaF5dgp7hEorNeuqudZMXtAKmRuZ,QmVaQQ1v3jXRcN9bZbJHB3HZRAFBQDkKVUqPvq7yueQbVV
85,50155857397875397259976379467704396953074680174658013718882652749723099585835,QmUwoJ4P6swAtG6ppRuAJDrsejuJgDr7fWtVMvsRhE53s1,QmcDJq4xKq8KnWczQ3V9kTqZhAFoEmxRFAA1ShqdT2CB7L
86,50155857397875397259976379467704396953074680174658013718882652749723099585836,QmfSXjEmG5Y5bZ5Dpfvg4gBWmVXp28xEZfRn6ECSELiSrD,QmZtAPc9U6ATz6BJaGKASWAWf8XogfSmZ5RDwUr5r1aqgV
87,50155857397875397259976379467704396953074680174658013718882652749723099585837,QmeXxsTTpbTsk6QhhZwpQNs7EJvCBzDSSoj5EeAke7LSub,QmTLfAEB8jaL47GaqckTiHf5f2gU7SyEYdcMM9A8QhfMRw
88,50155857397875397259976379467704396953074680174658013718882652749723099585838,QmV1M61D31gx5rfY6bdCQQkFMGxoibyQ2C23fEeCHse4eB,QmPvYzrJZNoBbnMH9qbtNMaBusSRWg9oEvPVb9stj7CycQ
89,50155857397875397259976379467704396953074680174658013718882652749723099585839,QmZYyhvNLBB63SZwGTDioPpBaEsQQnTDff5rtJzPV3GSKp,QmZvNGd54BXMCCtFkeFrzuhjBCMrQ4t2BWQs5WDgZAuNZy
90,50155857397875397259976379467704396953074680174658013718882652749723099585840,QmYuZbPxEp1uZxW63xoDsHfaKNbAakcG823jsmLF3fhtBW,QmfEQ2xKBsXxrYDos3jHz9jt3JhnVJAvGedXWDZpoq7WRS
91,50155857397875397259976379467704396953074680174658013718882652749723099585841,Qmcn91b56Gu5qnT74CAThyp3ZyziEiiqU6DSHKGqupfj39,QmSsXRVCbf2Z9k3iquPYtHS3GVzGn6RMuCKr4goBfU6rYs
92,50155857397875397259976379467704396953074680174658013718882652749723099585842,QmNucsrYZEDuYNqDLRke8p4vfAukdyfr9W2F81WwW4K3f4,QmNTvXRrzQCNwTD4JcaUrsTS956a3eEcAgzDHGRuV4jCQq
93,50155857397875397259976379467704396953074680174658013718882652749723099585843,QmRqBdMA227LKHWcqQrXJJKMSm3h3U46wCEng7GP5GuZ22,QmXu6m4RHK5iPs6akUWENtvQ31igF3vATKFd9h9USc9c54
94,50155857397875397259976379467704396953074680174658013718882652749723099585844,Qme1mc6iTgxTCwe4DqYMrZTx7ANovGNAR38ox2bNSXwEoR,QmPz4P2D9feWfCGZDKZ5qMLbCm5uVmmn4VJRNy6Ryz8Va6
95,50155857397875397259976379467704396953074680174658013718882652749723099585845,QmXYt1JXPKtsLMntVp53qMjN9aT4p3mXYgnqL2pHE4tAWP,QmSwjiAURdeQYoGgc2Z3Byxc8SAqP5QEWXEFug6AZCNE8c
96,50155857397875397259976379467704396953074680174658013718882652749723099585846,QmPZp9qEDsiXQ2u5VMQLgj18641mki3ME92emEUyTot6U9,QmeeGT8jJ1dLcVMhzHbJSZMCC1Fnmk6BiDfZcQMfxfV1f2
97,50155857397875397259976379467704396953074680174658013718882652749723099585847,QmbThadTRx94TX7xTfEjZpPr861KbmbS15KamR8bZYKd2e,QmTFC6ggQq8uUMk62ccyCJahMX9Ceze5LPHkvd8qYHdMGo
98,50155857397875397259976379467704396953074680174658013718882652749723099585848,QmTg24cicqu8FBpCkdG5pj7NzBUnUktdFNK4dzSXwKEYax,Qmdny686T3FGyAZx7uvNwJ69n9CP2JhT9BGyXAQDswFG1C
99,50155857397875397259976379467704396953074680174658013718882652749723099585849,QmSdee69y5Sem4zUvTvKbAf9smJCjgMVPozDx8vETkGi5w,QmNuCHi4SUYkLZ7sGHBjLR6NHCSwxK7cowXmoNTEWutVJE
100,50155857397875397259976379467704396953074680174658013718882652749723099585850,QmTpevXZzTZDtAnyzVE2JyhsFvMSmTqXmVBdwr3f8f75GH,QmToJ23e6yASkZWHcouipZBrNvTW8bxaPvgQbE2RtQCkMK
101,50155857397875397259976379467704396953074680174658013718882652749723099585851,Qma5Jf9qb7ERtPcdswir5uG8yvwmpKNDA9e4nyHLYHbMZb,QmS6mTqXHtBVH9ETVWcmE1ZA3ZDLt7hnXMXdyvGRXx5WJa
102,50155857397875397259976379467704396953074680174658013718882652749723099585852,QmQWRyyDJGJRSZVjm5TnmWsTvMHUBW7Awrn6e1tN57GGrs,QmY5sirLe4EBMR9bT2qPHBnr32ZBGj93CQXdUNLdqCpzoi
103,50155857397875397259976379467704396953074680174658013718882652749723099585853,QmUqyeVY14bKxzuhuBfiX6wyFXzNWDQhEqmVhQX5mZFQLU,QmaXJVYsxdafaWPJ5A9tetwV5JQXWnfUaVFtWqYHvuwG1r
104,50155857397875397259976379467704396953074680174658013718882652749723099585854,QmWKwCp7upuN9pkX1QQaTd6g4MUNPombRssbmCHHq8VTvT,QmVK5P6GKeXPn5quS4myuS3yCu94PjFuJw5aLRt5dRx9Dx
105,50155857397875397259976379467704396953074680174658013718882652749723099585855,QmdndppXdmSf2syXP181REfqDpFZamTsRsHdcsx92JNfTd,QmNSQfnoErFLzhMsJcxsofyEkMFg47LopcxvA3vUGGzHxb
106,50155857397875397259976379467704396953074680174658013718882652749723099585856,QmT9mhDQcG3FaUJL6TF41jLKjx6ELMw5oyRSNuW8NfJLy1,QmakF4jh9h6xNCCbwgy75iB4viuGRRCGWNssDjXs83XLUN
107,50155857397875397259976379467704396953074680174658013718882652749723099585857,QmUN5G8dJo5bk6osJiFedHDPyKSM88Jop6mQEg1W9wCZig,Qmd3tk7sBDgCiBznnnrpzRCkmJz5i7MkJ2uemJob7reU6K
108,50155857397875397259976379467704396953074680174658013718882652749723099585858,QmYG11nMZh9Uw56f7zzU74DRTZqmG4esbkC6sBUqPpBPaE,QmdqMgVSJQ7RJoSSxzyCbMeqh5AW5WbDyJL5D67vKKvzn1
109,50155857397875397259976379467704396953074680174658013718882652749723099585859,QmdMi9XS8zHKiUKUovEeoFhW5cY6eETiwQyGQWVqj4kfni,QmaTvoTjesV5hmmmtEYF9hTnJTZA8YY1mn5DNYej4tF8Y6
110,50155857397875397259976379467704396953074680174658013718882652749723099585860,QmQqqgtb87YFZFsUTkMBAPFpUH21mWXs6mG8xSmbAW3enp,Qmc4RCf1ud6trbhVcax6QkD6nhq9JWSNzhRyAKBT1gLcpR
111,50155857397875397259976379467704396953074680174658013718882652749723099585861,QmdyasFEAGwimnQ3fwD3T5EPQQqNhsWpUF1byQMAZQLFJU,QmU4yyGsc2b2z3KkMmS4mVXbsxR9EdMmdb37MntdQTfTfq
112,50155857397875397259976379467704396953074680174658013718882652749723099585862,QmSYUxPptwL4EJwoqQnShH8WHJG5JyAioPp5CJd4tTQZqd,QmTQBWmW4M5sSigoM3MfzCGbgjbVTb9onhqExu44dHmUSa
113,50155857397875397259976379467704396953074680174658013718882652749723099585863,QmNNqdDG9vuURtWrii7Bg6WYqP4HcNBNSmtCTKvPtuSJ4R,QmYCqDZMjzenNhCFRYd6ksu3seoEqte6HVTSoEGWL9LXt2
114,50155857397875397259976379467704396953074680174658013718882652749723099585864,Qma1bRkwybEeeEpjY3XBr4ZNURf5TJiRtWVMRBnDnybDeC,Qmct1JfniEUgU5JA7Xb77b8WB9AoRFMAqX7h9UWDgKqDeP
115,50155857397875397259976379467704396953074680174658013718882652749723099585865,QmQhioaFoo84TJRPKza7xHDwd51TnyKRi7nMZvdoCdnJi5,QmTv6cT5oj5n8eyMQmyjeFnA8D6UHfq1hhMCGz1HcJegzZ
116,50155857397875397259976379467704396953074680174658013718882652749723099585866,QmdBvr3N1CAkj5AoYV5JZUMYg6bhw4Rhahza8b1Lyzij1G,QmZ2R38hiXbmPbmEFPeDosvTrpPikkRRvbGPKaeAagGFNL
117,50155857397875397259976379467704396953074680174658013718882652749723099585867,QmcPbsTxNnvgRxbBSvW9gnZMLVjor7rVtvA8J6Pip2fFH7,QmNhi6PR1WC23DdN7ZRwyGt2KvqCynhyUjyRwqYQ9GgiN1
118,50155857397875397259976379467704396953074680174658013718882652749723099585868,QmRwMjx744vrCBjjwefG9Ep9N5ocNpRbaBSV2rzHnrzkBU,QmepDCuUvZTdSxP3oyR9JgD2nzAYRULsjLCRGybMywbsXk
119,50155857397875397259976379467704396953074680174658013718882652749723099585869,QmRbHurfMbPNwfwF9Kw45ZsvA7Zsc9G6L6WVPdnDxgL3Pd,QmSrbfJ7VnuCNNhA8b7TvtDJK324kEd4Fd1NtF24xtyP86
120,50155857397875397259976379467704396953074680174658013718882652749723099585870,QmQHxR9Ji4C4e2hpVxQ8YsB9W4GHS3LsTkD5xEvpU3M5LU,QmP82TSKkLbacx3ti1qbhssD4XZ86MyzLWchkGTtHygdLL
121,50155857397875397259976379467704396953074680174658013718882652749723099585871,QmVBPdN7Y7bWmKsm7rnv8ova7sPu1GBZRuByRt8Z2Ge19y,QmZ6sSgC13EVuTT9p35ejiCUxVihgKGSC3A4ik6JFLgXND
122,50155857397875397259976379467704396953074680174658013718882652749723099585872,QmNu4EbqWcXN78L38uKiUY5F38r15EXoLjBstEBQNxgoPH,QmZwEdZL4wWLjeLgG9aCxERyN6B1tk85nMzk4u4bB6qQ8t
123,50155857397875397259976379467704396953074680174658013718882652749723099585873,QmZpZKdUpvvdZiuBT9gwHfAzCeHvFG514BH1gaznPHHAN3,QmRSWLff6atcoBD2uyBNPABaRnfN3BowHxoom694uaoecF
124,50155857397875397259976379467704396953074680174658013718882652749723099585874,QmaX77i6RMX4BauK2F3aEGkeEsSXaU7mCf3eaZ9aA1v4zV,QmctNmJCxbWsAvKRfnMkT4E6w98ZzsB59jhMLo9SPeqg96
125,50155857397875397259976379467704396953074680174658013718882652749723099585875,QmT4DqdsjgTzBjH4z2pzkfz9fS3sVrnQ4h5Bcgq1iDEkmS,QmPg1KvbEq2Ztv7JJsGzg2F2oN9bbD3FW5m9TL7FbLDLxm
126,50155857397875397259976379467704396953074680174658013718882652749723099585876,QmfYHxw5BS1m2VR7PPGhZXtEwoN81qZzyRreehXRgpRbJ3,QmNYFkCw2qhUJTugz8MgW7ppLNmaFcWeGZyxjK82HrhRLq
127,50155857397875397259976379467704396953074680174658013718882652749723099585877,QmWiyXqFpnbFgdBXRmdbtSTV3BUsKekkUcJRDAv35ab1A1,QmV8h6HuptGLbeBnADBYSYHrkomjTTFqkkkoscFrZ8AvHA
128,50155857397875397259976379467704396953074680174658013718882652749723099585878,QmYMCQ3BuDb6x2qzNR67X1njU2f6TAkKCFW5ESJDAtMFsw,QmcYKMkatxY8fAUWpnMjANCqDaQJjGTLj1KV6mLbupMpoh
129,50155857397875397259976379467704396953074680174658013718882652749723099585879,QmXqa2X5N8j68K2XnTcRXwbCrJeWMW4QziTszAyqgnFXAo,QmUuuR4MV2e12EZ4jxfNbxDiuDo9VcE7nAoV8A8jHRPVPu
130,50155857397875397259976379467704396953074680174658013718882652749723099585880,Qmeahyd4fcAB3ahktT4FTH9APSYCTLhiVDRQ7RCBYuRvXf,QmUjiH2Tbszru1xZmNT1u61UxgzS6kXq5s9r1xhBEkJWa3
131,50155857397875397259976379467704396953074680174658013718882652749723099585881,QmW1NVJZqfJdJnq4Uvnu6ySRhfSrzXZEL7tVZKFrXFQg6q,Qmea89pNdHYWuo96JXua9oJqokRMv7sr7mjQenetG5XCde
132,50155857397875397259976379467704396953074680174658013718882652749723099585882,QmbhBmdQjY5qHKxEFoD3YVZ27eUkV62LUfeEnZoiTPHsSY,QmRqSk4RnrjS3QHGNLdjegzaY31BrgNjp2pFg9zefkAqvZ
133,50155857397875397259976379467704396953074680174658013718882652749723099585883,QmemtXebRFJYfuXR4FVmL3fc38Ym4mrdCn6hdm3Yg8S4yt,QmU5SgNMZrY5fu59oon5bMkBL3K9Pr85eLFCipjy74o5jS
134,50155857397875397259976379467704396953074680174658013718882652749723099585884,QmPvgNr8XbK4iVidx39JnNYMhY9kVdAdT8SSTXcwEZLDVk,QmNpzBCr3WZehoUuPnaNDmF1GDECxfFN8BDCsSontuGfjA
135,50155857397875397259976379467704396953074680174658013718882652749723099585885,QmaQsnnGvdheSw55PdBrr6oP2jpHtTxoXfKrqSn2utSmRh,QmadHVU8Uwyz5o5XoRzT4bV6rSuFsabjx12WAzyWoRi6EQ
136,50155857397875397259976379467704396953074680174658013718882652749723099585886,QmULsJux19qLVrKHRc4Zx4rJpnqRbVgBCDcHxEv1kUtrRU,QmTQBrZqEEyYxqmn3SZWzDzazfAkp9dmELv4iaY5kUzSWr
137,50155857397875397259976379467704396953074680174658013718882652749723099585887,QmciaYWkS3MMJXdektjrZe9rQr5ssuuWzButx62WJkJL81,QmYYbVzopLP9jaUtZnDt7DBk4mN8RSsmTK5MEaDnEeYtcp
138,50155857397875397259976379467704396953074680174658013718882652749723099585888,QmVQQJjCkmoDEdauehhKFM87srnvVRuGMrTBCr3ANNwSUE,QmURyHQWzc3L6PLuALvpW8F2qcq1Bo6JtuHiSZW55m8Amn
139,50155857397875397259976379467704396953074680174658013718882652749723099585889,QmQSwjUKCvWDqsAZxq2yHgbsaT7uJWqeuT1dp6EK61sEVz,QmbXVHzvTpn2RHeeXRaSvup28wHbHcw9LVYLFB8umK8bou
140,50155857397875397259976379467704396953074680174658013718882652749723099585890,QmSFhJf4RX4cGGnqYBGrotLVkMHZFEnQuETkUUD8xfZtka,QmU5x2DKPyLX4YD7PnPH2dP4kYSnthaeb6AWZYybD5DDU9
141,50155857397875397259976379467704396953074680174658013718882652749723099585891,QmU4j4NGJU1884GJoueVCuG3JaJWQiVj4HnUddmavZ7gj9,QmR698WoxRCSGgygbQtZ1oDcAEPaX9sNaFDGAN9cyS2J1c
142,50155857397875397259976379467704396953074680174658013718882652749723099585892,QmT9FW8qkP7kai3GR258zXLP5d96KfQskHxP38EWRm5kk2,QmSTf4nYaAbBVnoFDjV1D3tazTxiCacq3SPBcexxCaFjiN
143,50155857397875397259976379467704396953074680174658013718882652749723099585893,QmaEvGq3WMopHYTdALsfpmnSJ4LH1wSjL2jcikpLMDwEZn,QmaYepSbNncHAGpQhBTKRAGpHBxNhbj2mMNuVS2iR5HZ6A
144,50155857397875397259976379467704396953074680174658013718882652749723099585894,QmadmbTeTRPpwZWK2zgT9g9ZUJ9twVQ1cgEteQxeA9Mvyk,QmaDPjSpgZRiypMG5nHzyqiNPK2wdXUdDBBdqR3Cot2oHA
145,50155857397875397259976379467704396953074680174658013718882652749723099585895,QmTwtXPYBZCWtmbMMYt4TowDyuFUN9R1PMLUkqiZ7m6kzZ,QmVa66VQxHKg1MSthcqeeBQvpMRXBXQdbpgm33xo5ipWxh
146,50155857397875397259976379467704396953074680174658013718882652749723099585896,QmQHRKedWYSuCitv2MQELsqTXTYSgVsTsFmvHZFnNc8t18,QmWoy4SirzSRLP3EkBoRQvoeNbDokQZgCdbui3qprfCwNk
147,50155857397875397259976379467704396953074680174658013718882652749723099585897,QmXMnJVKkgVbWbbgUiBe6wdYmbkmAvSKuvubifqszMd31x,QmamkUFX4dybm8e3WW3mHNvJSNTKLPFpyqUXtgrj1vZctz
148,50155857397875397259976379467704396953074680174658013718882652749723099585898,Qma3J5r8p1xWGGnQz2FpjTXGsqTfbDbhnvG6WqWX2FKgCd,QmNd3hPbAHwYpRag1ZLJMJEenF6MwvmLZmut8ijeToeRWc
149,50155857397875397259976379467704396953074680174658013718882652749723099585899,QmZMYonb4zuyEvGqTxj89byYgisnTfuxrCevp7Z12MhtGo,Qmbf5iEcN57QPPgRFRoJaE89C38qjK6kjTdbc1YQB8UXnB
150,50155857397875397259976379467704396953074680174658013718882652749723099585900,QmTnULpvk1BqTyLjnfucsxgVdbZcTLwwDMe841GrhGgMBW,Qmbjq23r1BRjT4zgZVuW7MPLfS789E3y54YDrJnZKAAzLh
151,50155857397875397259976379467704396953074680174658013718882652749723099585901,QmeZMVoLn7n39EmvPMtsBLwgxGHTBvafWanW8qgbbN2Tok,QmbfaRknQoLtWHbPwLMRvTo8dvLvnKKGVzdQvpRfAtNRDc
152,50155857397875397259976379467704396953074680174658013718882652749723099585902,QmPYNJ92S9nvDf3tnrM1BpjQXGsRXkspN3naoSq5CD6Rx3,QmQUZZNBasfXZv6gvqLXDPEsJgBdMnGNhTAHP7b2ee3w3N
153,50155857397875397259976379467704396953074680174658013718882652749723099585903,QmRUNzSyA5JhK3g9PT6QANfGqR7fbG1eByodHZcVmqEBae,QmNNmvLULWWdyXHRrEGXafMAtzaqq32HUYfuPoRPmztzmt
154,50155857397875397259976379467704396953074680174658013718882652749723099585904,QmTUNBvRbEocnT6hev1Ui2x2ZTDLrx5YzeegCX9xDedBxh,QmVbWEwHqTMqY3jZnjrtFjgwbj8FiT3MJhEnUBqvRe6keh
155,50155857397875397259976379467704396953074680174658013718882652749723099585905,QmQwCjdVwi3ASUP6s94fH5RfyUMb56etMTuPTzPnzPRK9X,QmXSv5HJdfsdheKfkiNiSTL4wW1gdag1jNxXbS9EWwfZ47
156,50155857397875397259976379467704396953074680174658013718882652749723099585906,QmahVATBF4AjXnQwnKK2EuP798LkGeH93E1MBbhpJCLYkp,Qmeogr6fv6LjfoSHozHtT9TcSKctWVE7Ps8HUuPqhn14Dg
157,50155857397875397259976379467704396953074680174658013718882652749723099585907,QmQ7ikbioseXvmqKRgEWEAfqFmksixyuE3Uoc5T7i2rpy3,QmbksHjqkSSvJVTwaLEckeVxB9rU7Bs1p1bnvi85iLPPVD
158,50155857397875397259976379467704396953074680174658013718882652749723099585908,QmNavc6yiSgz1VvxjrLXMoaJ9eJRSVbNkwq9WZbuqZtG1W,QmdJtFvKB6vnQLf7z5vbmDuoty13owFYczH7MxmRnXCcin
159,50155857397875397259976379467704396953074680174658013718882652749723099585909,QmQThLqjfNq7mxQvQBeRteqLTARAxmGJuKnzBipRtXwRhC,QmcD51atyjeN58ParuTCnumsTJSxvwpGsQNWa4VZAgmeuw
160,50155857397875397259976379467704396953074680174658013718882652749723099585910,QmakwEUu5f2iAHKp88GHfrkXcuFhBS4zUARmfKfs3GneYi,QmbPNAA244aUCyw1PGFZ9eQUg6Q3sPi5fdQTS29xrMydFY
161,50155857397875397259976379467704396953074680174658013718882652749723099585911,QmcPX51THktUR5fLH5ka5tKfZ36HcmNe4f3n1qUaqrdizj,QmWobw3J6Lo2wo9crsooPB3VJMcHSkCCQzQU7EMi29fiPA
162,50155857397875397259976379467704396953074680174658013718882652749723099585912,QmWbLxJ3MTTSdT1AupGWgRGnJ52hQkNrZiG42yAJY1KygH,QmP3N2ejvxtQbGpghDYa4VL1YqMGQGeQnLysSF8k9SRr5Z
163,50155857397875397259976379467704396953074680174658013718882652749723099585913,QmeNsXVRu1TuyJRBkMY9u6fRQUasqaYfiqAnZN6c1H13mK,QmZ5tcvxXmYB7GzDKT3PcR7QTyfmHBuwPU4TDbefSNFuHF
164,50155857397875397259976379467704396953074680174658013718882652749723099585914,QmYtypUNpv1fF3GiurNX7DrZadvpfysKXqmnqFzAqtLSA7,QmYpMGm3R64hvhFFkTiUwWVs8aaw1UiRGy9W1JdkxHcjfJ
165,50155857397875397259976379467704396953074680174658013718882652749723099585915,QmUnBmmM73L8oWJgGdmKxQC3aRhyj8HjdhiXF1zwXEeaSc,QmVGNsG9p5W82zeVPZ4iQpVLGEhd5aaodTgYtZWMfW5dXX
166,50155857397875397259976379467704396953074680174658013718882652749723099585916,QmRVUueLH94Vy2euUohNCdV2S6ThhdgtWXeZWV5ydDMqZT,QmR2hW7AY1cnkVeDx38W8SnnMwLMyWQuccUcUmmUHFGysB
167,50155857397875397259976379467704396953074680174658013718882652749723099585917,QmauQsuwCagmQzSPsSL636UyAg5DwHJd9wbn46n6asfrBb,QmPxegqBBHoY3TazSB9yW4M1MNowuhpePJAgVLiPz47AjK
168,50155857397875397259976379467704396953074680174658013718882652749723099585918,Qmdqw2YdgDYEKsqy5KpeRABBmHXhahubWSktQe8oJadXKb,QmfLMXKxDoiVcPmPrASxCGCvhXZg32XagXrjY9wqsKbkvV
169,50155857397875397259976379467704396953074680174658013718882652749723099585919,QmPqkCqYoUKa4ndffAjGSv41G16PGwXD52LXGAgEWAu2kK,QmcgmpqXcDmFcC9DNaf5k2eR3RkBjcCpSZGuiVvaeZee9f
170,50155857397875397259976379467704396953074680174658013718882652749723099585920,QmaK5zwWa2yw2XNA3GmuTdhWUwuZhontHY3shjeAP52Lzx,QmT4odLqsJNkKRHis8tedSZmsZVi3rQvyYdbAtXXh1MhPo
171,50155857397875397259976379467704396953074680174658013718882652749723099585921,QmRMULEmfeDGnNSwxji6EY25YfwyX4P1q8i5jr6H4xwLWc,QmcsmSvGcoxbgoFKuqeXtyBMb79SCFTpUejR3BUPsxXBis
172,50155857397875397259976379467704396953074680174658013718882652749723099585922,QmNTZVerPGs9iMBJ6SWiaDGs72g5FsPu7e4h8aKRwt5UbL,QmdWFDbVY5nmgzpAT8Xt1iD26zoQXua4nGMNn8gJsJjXvc
173,50155857397875397259976379467704396953074680174658013718882652749723099585923,Qmeq2BUe5cwV91t5ixm8xFwEatKqegTWGMskHZ4gzPPJVy,QmW2a721MpkHAyyDLcMYJCUhJ9M6HFGuRufWJ2hUVRwLH7
174,50155857397875397259976379467704396953074680174658013718882652749723099585924,QmU7DURUSFFGPoPYhT5cXFBK2aoAeM4hkxscxpB29he9SC,QmaiHX2qeKFQvui2LBvfp5WXcuKbyNu1fVDpvHgp7x9NU1
175,50155857397875397259976379467704396953074680174658013718882652749723099585925,QmNkCXvoNbxfLucqqfHxgTaFsZa2PpDGx5bid6md3ytt9G,QmR7gB45zoWxi4Erc4gmKbYbS1mFvrnxhBjLVGfSC77uYk
176,50155857397875397259976379467704396953074680174658013718882652749723099585926,Qmam2cW4LWarLAT2jDUneZUd1QrebRoPJkNPQpPWYvoj8C,QmWDDAqDMPvrzcqqAB8uzMQYGWwTFFCkdPwq8bFpSp8pVw
177,50155857397875397259976379467704396953074680174658013718882652749723099585927,QmTAboXYum8RPz5AgThnjYcQWndhFuDFQQNFTCD4ndDFS2,QmQYxBHVVagwZZjYpgiU9qLPuBYE4HC1NRBgXEfHwNN9N2
178,50155857397875397259976379467704396953074680174658013718882652749723099585928,QmfY1mYbf6tRcNGusKhhCm4PvzrAoiRE6z2sSij7Rjz6QD,QmRYvtBC7wwc8KjkXw4aHUAK2C343e4fQYaP5FmiN54wPt
179,50155857397875397259976379467704396953074680174658013718882652749723099585929,QmbSMa9hveuCdpgae7TtVpWDPUEqJc2RHkvw1zBXgt84sW,QmRn6oaKh7iHQLGQM2Xg2EP5mPmMrfPmrJyWAAXeXuEfPr
180,50155857397875397259976379467704396953074680174658013718882652749723099585930,QmYPNLQQFncf9Et5Ai8MDEsY68Xj2Y12xA5wJfEAcbeMQH,QmeJAbUFEKZFP5QPH8actXzkrGqBa3EmdsUqDUM8UxeS5m
181,50155857397875397259976379467704396953074680174658013718882652749723099585931,QmV6d6DMYQTKZ3PWhN5M9Xxpo47eJM6QD81PveKZL8mNrX,QmVzjPzuAby9MjPYk8QaWnxTXf94xMgeVkcpbBEMJcKwK2
182,50155857397875397259976379467704396953074680174658013718882652749723099585932,QmX66fgM331ULVhS17q74HKrsedQUEbgv1G3BUKVjZ1dZH,Qmej8WAoJVhFXBfYVpGWBPVZCLj5C52ZMoy3gLccEGPU4N
183,50155857397875397259976379467704396953074680174658013718882652749723099585933,QmVqEyYP3dU2m4zGzwRB8ztoSGVySJTgCgdvDk8MXDNeij,QmXaGVd8qZ99bbPkAYsQD9NpGsgfNraDgEia74ayweQ4ZU
184,50155857397875397259976379467704396953074680174658013718882652749723099585934,QmNt8Vj8mKB62tMUizBT8phahhY8wWpfnNfTA4kjahn2b9,QmdsoQJb57Cxijgq9wvddyu5dkRMHzsQD3RiGtexiEEwEE
185,50155857397875397259976379467704396953074680174658013718882652749723099585935,QmeKZFEkeFH5THvMDLKexscQHwp6xFkvJYEBZJJ3ceHJu1,QmaXBqSFLMbKJVVhyi3R9rvD5mhkaLsLM4CMUfWPdJB49u
186,50155857397875397259976379467704396953074680174658013718882652749723099585936,QmRYSNnXvkdD5N6h3JnsRwQnLz4mBNwskrY3wegDyJARbo,Qmb5zodnBUvqTtmbQj4mDKgQu9MteSp66hEsDYQQZbJNxm
187,50155857397875397259976379467704396953074680174658013718882652749723099585937,QmRj19web5z86d8QPQRgHguJev65q3hVgRLBAoZ5vbFdqZ,QmPdcgEAkPofPg4zu6C7Mfu735JBfin8Jub2hGsy61do7y
188,50155857397875397259976379467704396953074680174658013718882652749723099585938,QmbKrpT5aYsoeE3yT8Q9RutvUa6WcDbit26DMXfKtnVDHV,QmWQsMk1awpjnYwcCwFbWz1wPK3uWsNrDzS1SejjWax34f
189,50155857397875397259976379467704396953074680174658013718882652749723099585939,QmT1uAyoRDB4EcYFHCYjn2tBAMoobw8vRjKZbBbbqKDJyj,QmYaJa4BjM5S4b5drMfQetUJXVVqt94wE8vjF7QBq9TYvu
190,50155857397875397259976379467704396953074680174658013718882652749723099585940,QmfCH5Tgk3mfFzQ7RxoBrkMDcVPsS7sk291aSgNRgkDGiq,QmaJhiuRUMQ6WEbLECyGmdHkk39rzsZtBhwyhxq1YRGbpF
191,50155857397875397259976379467704396953074680174658013718882652749723099585941,QmTKJ7mULHD2UKvzp2U4AWyQQfrwxZiddB6FBR7Ebw5RX6,QmU8tfyd8WE1BqJZMtq4mWRYMxJUvGaVuuDBTWkMgkD7bH
192,50155857397875397259976379467704396953074680174658013718882652749723099585942,Qma6xwvZTDbuFkgkonb4aRThM21h9DeiPrui3MKJ5tdeaL,QmbfM2HqEAPQE8AwjYfUa5nGoXjBrm3MMJT4RUuHsXgJE2
193,50155857397875397259976379467704396953074680174658013718882652749723099585943,QmTSKkSSX4GknJFC19LitJJCTzM2yeRd6xXdDxnKehFs2y,QmXc13xkxgt9BBQmZ8zQCC4J5QUC7iUcZ2jPng5Zax2Zhw
194,50155857397875397259976379467704396953074680174658013718882652749723099585944,QmQPpuEhd8zsTWyB8gKWMGeWwyZhMkwd5UXDMSUoYL9ker,QmVBBEAy3TAiopNx5oxzV5MUDQcKdBptmqADqwY7j3Hk6B
195,50155857397875397259976379467704396953074680174658013718882652749723099585945,QmbZTqNHxqbBQHe86MvsizPHy94iMaS1noL3YXR2s2MEGM,QmRhry4pGgksw2w9ZEkU9YZ6gmBTv2sN5gRAaDNvkPHy7U
196,50155857397875397259976379467704396953074680174658013718882652749723099585946,QmV9QAdrQW15oDBRbN2bDrgV7Yxjt8rCrJB8NaVdaHKN55,QmYiEYTSNacwGwQry2hF3CTucbieeaoiJMwFDRKKz82KVC
197,50155857397875397259976379467704396953074680174658013718882652749723099585947,QmYKtoGHAr2Z669TNSnfLzC8WfSFJHRqnNgktxURoyc8Ff,Qmd39pupWDZSc2mxf16kxivFpRABig3eQhozUnLCEjpLap
198,50155857397875397259976379467704396953074680174658013718882652749723099585948,QmY57NHyaZ7vE1TGNsCTek9YfxRKkBz31jzZ1BSywARhDG,QmUJwaLjRqEVLUn3W1sMnbRpEtJJ8davrXW327Ky6xkkXg
199,50155857397875397259976379467704396953074680174658013718882652749723099585949,QmWJihiApB7V9LKHDMYGcmRxP5rLubVXZWtGrYex7c9grt,QmTBjtttRZeD9xT7f2G4G3cmNFFVcyU7s3z5jyJyVdJdxc
200,50155857397875397259976379467704396953074680174658013718882652749723099585950,QmXg9oEuwMEBs3yXuR1rd76CR8qegrXQyhNgnCbGXLTHLE,QmRKVwMi3c9ErQERTkh48oX84LkK8LMqkExfHCRH8KRbFq
201,50155857397875397259976379467704396953074680174658013718882652749723099585951,QmTHTnTNmhDLNR8BfBEH3pxZz9H1UKGSaYnbW8TJpEDdJs,QmZSnSUpxbWyZyC37BprndQKkuBai1fc94Zi3BKsbLZvrJ
202,50155857397875397259976379467704396953074680174658013718882652749723099585952,QmUNJu7txhZyQSgmyh4T2WbGtGXw3qZcwDKLuiLEZVxyCV,QmZS7SGCCyQ5aLi82CVQtae8QRTuXmKKhCAHbfsvJuoNKw
203,50155857397875397259976379467704396953074680174658013718882652749723099585953,QmZVHk1cFhp8s7nkPeam9s5oYTHe36ELkAC1amh3tCf4VK,QmagM1fprGPEqKMXEFesPyb2GwyMW1sgGgkJ8p7qDQxKPS
204,50155857397875397259976379467704396953074680174658013718882652749723099585954,QmWKU4dfit9NRTHHFSDxjkvWez21rLFGAnUnk4GGyi4ddo,QmUvEjrCuPdmKTL8vvpJVyu3rGAjb2NmzXLAiXAm4ZmEsQ
205,50155857397875397259976379467704396953074680174658013718882652749723099585955,QmSAZx7KVHaxGg3B97zuwjBkyiUYyWxHSxxXwZnfqoQikc,QmXdDx2zEJHcLMcyfv7z3iUursa1NrZvmubrK2Avrivfdp
206,50155857397875397259976379467704396953074680174658013718882652749723099585956,QmZi9zfvFEXJA3ymaTCRZLJ52samSGp6a32PSVLHVLWrZs,Qmdt86zyQd2LxzLJeopjDQSY7hXryU4FVcErrD2zPs1Nsv
207,50155857397875397259976379467704396953074680174658013718882652749723099585957,QmTvXSFHiXFmktgRPaRm3FYAkYE7bZwF11qfNnzKWoysuy,QmbrA3zhgRVWq1QXKXSYXy99TbhZqfUUkwAwaqxhRRzJt5
208,50155857397875397259976379467704396953074680174658013718882652749723099585958,QmcTPm1QMMcGeT2CJzpUiu6A18wh9XHmXzxkHGUXSwCfpy,QmPnQT5MU8MHFZvn9KX4qU9WYHZyirrL5JErEbSHwFZ1Wm
209,50155857397875397259976379467704396953074680174658013718882652749723099585959,QmQkCqwugSFM87rwm5NTNHW1eeLt4NSwnu2ALxtFuKznfB,QmRsaXMUKkUDFQX4wBiYjbvh86uUi3K8bezLAkLRfAgWps
210,50155857397875397259976379467704396953074680174658013718882652749723099585960,QmZBTaudCya7jt1mxj1eL27Zc3KAcVU6s5A5Z8EbBtnrpL,QmT2fB4nXEsLNv7AYQxu19WZbXJGCZt34ueyS1uWNcxQC9
211,50155857397875397259976379467704396953074680174658013718882652749723099585961,QmPWczzi6necz5S55NwbmkLCAscAEMjSJXvQGsNH8MHzV6,QmWFNdD8LobRZ47WubsbDxvEKAbr4RMUBwriqtcADdoWCp
212,50155857397875397259976379467704396953074680174658013718882652749723099585962,Qmah8mzvZD8F9DJWPwbm9ZsXEHZuT3ECkfoYZQ7ohqNgfy,QmUxsXAiXYezmLT6MuMh7QuhTXJ3ZbTc7S545LDBVvtNoq
213,50155857397875397259976379467704396953074680174658013718882652749723099585963,QmQkBSwXmob9LnQzBXApC3aE2aupFpkYZ1ghS6aMWhp49i,QmPpEDZTxb7Pav4v2jvPBLvYMZLJZLBufo8Cv5vwos2MvN
214,50155857397875397259976379467704396953074680174658013718882652749723099585964,QmZa7pEGJdwznP1pK559N9UzFaQQ5avXskixTgn5KGsUCt,QmRdamBbfAdonsFgdkTMAD2cz8TZ1C3UupW3ppHTP8EAyN
215,50155857397875397259976379467704396953074680174658013718882652749723099585965,Qmbrsbis91kmmD6XXTgAvWKNDEzbQK8ZdnGeQkvEgqouxC,QmX1zHReCZovdQroLjuTUf4AZ8bfcLiVXtLTVi1LGfQGF3
216,50155857397875397259976379467704396953074680174658013718882652749723099585966,QmeFHaYkrdF6ftUzypiGiVrEcoK7vXRs1UaVnP3suq2jdp,QmZhCHrGzUWBVY83wR97LJViJyF2KeXbdBeXXJx6ihzCt8
217,50155857397875397259976379467704396953074680174658013718882652749723099585967,QmNySsRB4ws9pWGegswKaAmJw6X8Jdh8cJVPYt5kL4BZU9,QmQb3DBvzFupVXPtF3USHuctbhSWZhiWUNjMaBcRaV2rJy
218,50155857397875397259976379467704396953074680174658013718882652749723099585968,QmY2BkjKor225Bmm91LRvxPz7FQZXizyQZ3TcvzZCqhhSw,QmdgQ5RNwW2LpdD9H2HZjuczGyuqoeAQa7UyT7dqthXP3p
219,50155857397875397259976379467704396953074680174658013718882652749723099585969,QmTpUU6yv32sNS6n9mCCHtyjC7sSPM2zs4FqBUKA8xwNY1,QmSCMtCgMuAtz9wxg74uhgVfcfNqDz9UTJqeJLuGypoL9p
220,50155857397875397259976379467704396953074680174658013718882652749723099585970,QmQdkRmnkL1PFT7A5uLdGVruE5eqr8oJKJTHoZ8oTEVmPS,QmYp2fxpcGHfiWm5tRiYKpeLWQzLRGiTHTUQjadmuLTtfH
221,50155857397875397259976379467704396953074680174658013718882652749723099585971,QmaBVwoSjU91NTXoZ3mvHe8gLpB8tcP1do2JEsnZswtBXi,QmbM62F5fcE9kNNAs3Lee9r3871UA8KwVwExGnDDF4SMkj
222,50155857397875397259976379467704396953074680174658013718882652749723099585972,Qmd8wzSQnusPs7evzzPcwZF9hfu34aMkWiCk6BHV1EEpVa,Qmew9vyxbNphB4PWqMJQiwCH2bPYdbRsGxscmWpPKGobYv
223,50155857397875397259976379467704396953074680174658013718882652749723099585973,QmSKcHdP81DFhkCVDQHAwdAXdbr8pPzf1gPzjNWS6VeGX9,QmP68j57bautzHNYyWqUX3TotsHpmMuzHC9N9WvWvCdgmi
224,50155857397875397259976379467704396953074680174658013718882652749723099585974,QmeNYDzp8uJ6WQbNokJnSCdWG2TG3j6dpBwUzTWV7aKkUv,QmUvCmsgiaAH64pGkanToPdmN3xdkzVBJWaor8QWHkj4fJ
225,50155857397875397259976379467704396953074680174658013718882652749723099585975,QmYttmahCTpNGVorH4ttCG11cpdC37ufwZpx8JztX6ZqjU,QmcVS2TYb5sHh66ynR6HDiwRsCR91PYb3yKB7SWmerG4PR
226,50155857397875397259976379467704396953074680174658013718882652749723099585976,Qmeb3FnSsahWMbwe1fTmYGWfcEMHJ3cCRmjSxAK2Nc8QPL,QmTLBHMZt2QWRnK3SEXpWjQbuc4of4Lj2nSCy66ykfnnGM
227,50155857397875397259976379467704396953074680174658013718882652749723099585977,QmQazPRq1kap9mAuDYk3JawCJztWMyVZg4DXeRz1AKk18F,QmSTBmAhM182QUfbRding2Yk2Vo4ephaFuzkdH7PvDcmxs
228,50155857397875397259976379467704396953074680174658013718882652749723099585978,QmWaqBALubUhBqKZENZd5NQLtn5sAHMYqUJ75wUraRxkKP,QmTA7Y7C3FkkWYrS4jmxR8sbVvWXUKTYunAnqPxREzHdU9
229,50155857397875397259976379467704396953074680174658013718882652749723099585979,QmS4NJtmJmg17aarJJLZnkxf2y5hrkqhGwWtfUCV2psuZn,QmUL19Lr7XNiMqpRqfKVvsggheQafGVontuC9VGkHvXsHB
230,50155857397875397259976379467704396953074680174658013718882652749723099585980,QmSrJroM9qhqX24H4k7i1UAfehSKG4mnED4qPdGxs7Reqr,QmfMA7Rx4ibUYGVQtpw46PqBc3c8JdZTPMjQGh6wReCym4
231,50155857397875397259976379467704396953074680174658013718882652749723099585981,QmeJPdABYg5q9SENuXxz7FcumdjCo7vqGka8UoBf1ueZrW,QmaxqzFJvrJaGxbLfttuL5sPVrrjGBfyJjqgMGsU8URvWj
232,50155857397875397259976379467704396953074680174658013718882652749723099585982,QmPFSB6HJa4GJFMKpu5bSdgZ2gpocqtYnAZirPNQorvgwu,QmaQicvfLCUwywkLshgZJ9cBNZvCaLGKwZCxqHYLRzPzNx
233,50155857397875397259976379467704396953074680174658013718882652749723099585983,QmVRjYx7Xg26MYykmMnavMH1nQ9DkQFPZKEW5vK6wESVN3,QmTD4ZXNcrvvqfgGwAoBStqYjNhP1gAMf8usmyiMRK1Sdw
234,50155857397875397259976379467704396953074680174658013718882652749723099585984,QmPnqDTs7aUCjhDvbaRR2PS6k838DVjeufz1AkhuH6KHFD,QmZdpGAvgz6curnTca5pbS5oLPau3FxNSEfB3igqx44qKB
235,50155857397875397259976379467704396953074680174658013718882652749723099585985,QmYL4hLrwyimPqNwkZqjM3aBavCHnPh1vP3PsrBTvNts6T,QmPTGsNd79EAuMwdDszKWfjpvhMW7kxAN5MFfVZs4xvcig
236,50155857397875397259976379467704396953074680174658013718882652749723099585986,QmURm3nEcx2M1dRFEuczpyVtTtPxHH4yFYHYMVa4c9cmgX,QmRuEDoFbVtDsLJSTbkGuovekSMhW96rcxuy5bgDbd1yyN
237,50155857397875397259976379467704396953074680174658013718882652749723099585987,QmaxYbT8LftCmkcQydJE3Xu9WJBPKFiLnPtXEWR7gTTACy,QmSXVdFR4WjKFf9Y9VkkKc5tv6x38n1C76Mr5CxVgndVcu
238,50155857397875397259976379467704396953074680174658013718882652749723099585988,QmeDdmpXj7zrAEwSFmkbwSPUYFz9MAANUxZTFwWyq8ZMm4,QmXYFTPo7htyGMc65e8tes4fdQNRqiseELSCbZBYoPz1oZ
239,50155857397875397259976379467704396953074680174658013718882652749723099585989,QmP6kFd3fdNGPE9g4B6Q5DbKb7mdGdfPB329tGJNTVpuiy,QmVT9JADTnRUmthfdvX2VLVQQg7sKf7p5CXNnroExYttfD
240,50155857397875397259976379467704396953074680174658013718882652749723099585990,QmdNwKeTUxHY7zXTTrMBWyn9XHnLjbWrEydbErefmt9x17,Qmez3AQCg1UppV2NMUspDp5gG4kZ5uiHTDDEGZYoZM1nWr
241,50155857397875397259976379467704396953074680174658013718882652749723099585991,QmbPFHYrgbJZdswbiHvQSQBy7GVDMeShbSYt3rEEwLMk24,QmaCCKLsuThmaSrLhMdkWDu32vATdmZtFY9HvWZ6mCjXxN
242,50155857397875397259976379467704396953074680174658013718882652749723099585992,QmYmHBHDwG691Uq44TrY7V2h5rgy57pFWmHzvRqDMJdNgr,QmPrXdztwTt3YDcMnA5xR237jia61hF7pwfSFCAYSDSg5S
243,50155857397875397259976379467704396953074680174658013718882652749723099585993,QmQghGxDUjyChSDjV24RADRRUrnMW1mWhmn9cgNnZCfMPe,QmNyjAhZY9hNcEA7K6qeY6P6G7ngnJtCY2Kp5fLbp5coHc
244,50155857397875397259976379467704396953074680174658013718882652749723099585994,QmQbuv4DTn3xoCUD8XiyYaxJ7zsDTseezwAt76fhwXb2j8,QmPX5nRCAPatTRVp5Eu96douuAVTkvJFEfHxX1icYLd95M
245,50155857397875397259976379467704396953074680174658013718882652749723099585995,QmYepouZkVT49fsUrW47k2A5dZBiV72iE9vFsMyTptryVf,QmRdBTzSZPVhXFsr8ERiodYKtKgqBNJXr14aNbaCi1ZkUy
246,50155857397875397259976379467704396953074680174658013718882652749723099585996,Qmdt9Sv4kXmKbaSigC2ikyCFfgdgJY4qjGtEk6c5Hnis8X,QmPUYmTzTmK1vERspDW59kGvWLQywe2q9s4tLo94yuX51T
247,50155857397875397259976379467704396953074680174658013718882652749723099585997,QmahrMxxfnzTQu7p3smKaSQaFYd2czcmhwZJgnTjFEwRSC,QmdNyjda86Bs2WEgW6dUwFmGcBh5ELj9x8reehGQCbx23x
248,50155857397875397259976379467704396953074680174658013718882652749723099585998,QmPDLrPmQUn8nd8Po3pWuuazitJEPfBWMFeYWMYmWfeR7N,QmcmEwq1fvBEa8UYTGv4gNBhJrUkpQ6E5ST8W16huPh6ug
249,50155857397875397259976379467704396953074680174658013718882652749723099585999,QmWey85XHD63wqkEkbRK1u85eSZQc4awiTZPh5jHtAzpDy,QmUv67VTQup5zkcbqchkSVY1Lnai8kQ3uVrL359UT7ePFW
250,50155857397875397259976379467704396953074680174658013718882652749723099586000,Qmdrei4afRzWyPbvzN4tszYrXpbnb4UUr8JhtfWZK3ZFPt,QmP1xEVtDSV9d4WVusZc7bWA5X6rVCC63mE7XJRS8xfpXV
251,50155857397875397259976379467704396953074680174658013718882652749723099586001,QmUGiqrXteXaHb9bxYtFwEoSbqQN8sn9PXXdX42jxZA2d4,QmQG5dLkYbJbkb3tRVfhrvrprVi1w6Qw3oGwAkBk84aTdj
252,50155857397875397259976379467704396953074680174658013718882652749723099586002,QmUCWbem4L6NhqcLN3rRHx2wUG9MxXuq77tJwqGXgnmqa4,QmdJihgPPJkcT4hpfeqdxzsedNGxn3yRWi6qURFSTxae62
253,50155857397875397259976379467704396953074680174658013718882652749723099586003,QmPpKbWfY2SEmayKEmzJ1KbgmZfQ53BhpKoKa96rXuDpgb,QmQpqdHxgCzcd3TQu2ShV75AVbV7CUik61dWZMfpbXSRXf
254,50155857397875397259976379467704396953074680174658013718882652749723099586004,QmU8zCA9shX8SHwFKtnT5n9y5rKojGTu98m8NHHGLuDXJJ,QmXZtqinpu2nPUTNjsVUKMX3moiZUodTfhWjcCR78pvWPr
255,50155857397875397259976379467704396953074680174658013718882652749723099586005,QmcbQ3z6ShGo6vDeGDAGoPeTZUSqf4JrbXUareu54WozoE,QmTWThMVquRTTw7rveA8347T9CRLo8Km5gLBhGN4GMaEMf
256,50155857397875397259976379467704396953074680174658013718882652749723099586006,QmU2sxDw4aMYDPs68cy9GSJNbHupPdtXJPqrRLoqhSm4Go,QmNaG7tURwuedHh6RwmkmsQXE4K6k8MpUxgfY7i62hixhU
257,50155857397875397259976379467704396953074680174658013718882652749723099586007,QmUto7GNm6cQFUrg9jN9QTc6p5oC5QWAiHRYsL3gVaBgAG,QmeNHfJJnViVZHMf4fNaZKpn3aRkDiSrXRA2sTU9vS68Lp
258,50155857397875397259976379467704396953074680174658013718882652749723099586008,Qmbq2bopFZaockjs5ZuQLxdfj38ht5AMXPtWReDXZY2eyK,QmWCCCLaRU6jiPbGLvmXFeYvpaAgVUedLwfmySWCvHnGaW
259,50155857397875397259976379467704396953074680174658013718882652749723099586009,QmPnHBZ5YFVQfZTRZK4Nu2APrhZKUPs7pMimBqLLf3CxSq,QmYVLBAgTuHhJK253s47HAFyKJWXg1VyaiyMnksdh6uyLn
260,50155857397875397259976379467704396953074680174658013718882652749723099586010,QmbdR8AfLZDh7nJDVZJLyDsghfXs7WiNH5dmXoMJxWUfvD,QmTtV3RxZCzTc87RKdM3FUDTSSfH6Sn47nN6uekjvQ6mhb
261,50155857397875397259976379467704396953074680174658013718882652749723099586011,QmThUeMVYs7TTCZ4TjbTkNEZLimBqxNqoGyp19Qu89FUfn,Qma4Xc1ZxrwEnPfhy8HPNye6e3pt8vGpx3iomBdGq2LX3a
262,50155857397875397259976379467704396953074680174658013718882652749723099586012,QmQhrSFwd4DQRMwD1KuHrkfuXUbCjWASXSyQotzY2c6z4y,QmWZ3NwxNMzmCf3ynVB8JuDBAuutmusTPr5o66Ate6SE57
263,50155857397875397259976379467704396953074680174658013718882652749723099586013,QmYXaUSttpLaM8EVcnFu4bTsuFJaqr9Yy1CkjG53JePEPL,QmZyugEuFuUjQ87rHrBzommobjeQT7UbKowhRP3zLMWACe
264,50155857397875397259976379467704396953074680174658013718882652749723099586014,QmcaYA6UHwcoeY5pxqFBQnvj6k4j8t2gSRgSQERg1DKWSG,QmZf73PNK5eAmMzACwq8AWSNseEh5QAjqbbpaw2dHohZUY
265,50155857397875397259976379467704396953074680174658013718882652749723099586015,QmYdD77cRqHXmmJMSEDkk5gnByZ5P7H8UDawAmbFKxuGTP,QmSxmPUjYEnFmPguY5tjNY4WDpW8bBwCaeJgp4RgUuhQYS
266,50155857397875397259976379467704396953074680174658013718882652749723099586016,QmYvQ5gDCSjb7DcNX6XtA7gPrzQ7YypNzx3nsg2zosEnwr,QmQvefjVHiCLUUNdNipJkibULc3vmnz34og1wnZfqpZxiG
267,50155857397875397259976379467704396953074680174658013718882652749723099586017,QmVD3X2i92j4RALk8y1knJEjDUbhfYSDdN74CAWzMXQJzS,QmNsD2F1pz4euwMuLTcw1RM1YqSShFFT6afSQAyo9otFMn
268,50155857397875397259976379467704396953074680174658013718882652749723099586018,QmY4RuWHkjhAWRiEQmtFLPdLMYMZjgXmyQhbrwDPdUMauE,Qma7Yna914RF5LDcmx9BAHNkwAyBZmU1ifr1x1rgXe2Noq
269,50155857397875397259976379467704396953074680174658013718882652749723099586019,QmcTMqrJ8F8PMzgv4bh9QB2DBnxNYvLjg9afsEZELdg5PH,QmbJks7HDAc2MLHr5UQFoU9hrGTAzUkkPoMPxB5CbQBvGd
270,50155857397875397259976379467704396953074680174658013718882652749723099586020,QmRemrk7sQRbNiaMq4ajQdP9ssXovErNAFpQVK5SNbKD5V,QmSmXyugA9frezLBfXvCd14cZWYWAUCphHjhSHECRvW39U
271,50155857397875397259976379467704396953074680174658013718882652749723099586021,Qmczv3P2UTtAi7a3bYKXFNpe3xoqV28ArCacBQDSzQ32c7,QmPXp3DoCiUaHuvwdVnoxUnkGdACXCGywuLG52785hLXhh
272,50155857397875397259976379467704396953074680174658013718882652749723099586022,QmbB1s35GYfAbjJy3qVvLtp41ioLcpEAfum5CeAZdVWVhR,QmRixVm84Y1DLxgJw3qPGwRGZyVCv88unSZeoYmGTw8XpX
273,50155857397875397259976379467704396953074680174658013718882652749723099586023,QmeyjBuNvTUxsWMp9muLa2dZV5ZtNxrzywtZWHZApUdTtb,QmNgfYxZSNBdTAZ8m9WdYhktc86un89VS7kXV37V5CFjAu
274,50155857397875397259976379467704396953074680174658013718882652749723099586024,QmZxNnVCGEwisShaeE6oZRf9pfvpUWCq4CxwamEBfrBEkT,QmPXE8Nz5TJuLcBd3kw8Mo9Prwv2juHPgVvTQgPq6cDAJw
275,50155857397875397259976379467704396953074680174658013718882652749723099586025,QmPGw6GeF5ac8T7jBAFGRkEjYPuV9ArH4JT7h1hYRbL7GB,QmQ8dWwVc1vk9S2wgDyeEcWrMavZT8mLdX2JLVpRKPXe2X
276,50155857397875397259976379467704396953074680174658013718882652749723099586026,QmUV7PbmhFsVBrJdzwscmW6ymxceqL2dEXoNfHHeB4FuUY,QmPgcsJgzy3aDU5X9cnENpkxbAux4ihh1i3r3B93aRTUvp
277,50155857397875397259976379467704396953074680174658013718882652749723099586027,QmaXoHmzfY46NgKV1iKR4WVKFFfE4KGg4uvaLRZqrosy5L,QmNu1r4DuHmbXCEbvonUNwTgCaNaitg7MddCj1N3ToGZZq
278,50155857397875397259976379467704396953074680174658013718882652749723099586028,QmSxSpq7f7geNLXP7jUwpWHFgvAZyz4kd6jAdH3k4JCT3b,QmcqhWGZEMVnYGmqCBpJDyvPRk2EiK9GVdmCmW7ADQtiGS
279,50155857397875397259976379467704396953074680174658013718882652749723099586029,QmUhZLYMYukvMbZyZzmBrhfJySDFHwA5ztKfjPwhExTcSK,QmeQTnck19X4TDj8UckeseMysUhZnBoViNekrJzNSGqi5x
280,50155857397875397259976379467704396953074680174658013718882652749723099586030,QmTU8mZ116ueHtDbBeNsRKbWARYvs6FRXogb5yV2xSZtwX,QmRJUhRDHEgNCDhguUZnmSvDHULv7a25pBwbTMFzUhBBGY
281,50155857397875397259976379467704396953074680174658013718882652749723099586031,QmTvZnTRHa9GRSG7PAn5Y8brL9RDbFXtrZcBHGe64x26gy,Qmc3vU1sAXaBAfUzzBPnHENND5vn6Fra5svkPKUb8ppRgZ
282,50155857397875397259976379467704396953074680174658013718882652749723099586032,QmepXSPe6ujVzmGzkyDfLrDdsYfc2YEhmKS17ge4c4sP1k,QmUJF4ZxBZoATtNM68ZAhds4aCxu9sUYe9yCzKMKaZahy4
283,50155857397875397259976379467704396953074680174658013718882652749723099586033,QmPJd6EnYLMGsdJaFtTLGtLKWFkfBatFDJau8o6AkAbgGQ,QmVocEKd2us2dWx7EJ4LzordSzdsYwVLCbca5cHf2X4rev
284,50155857397875397259976379467704396953074680174658013718882652749723099586034,QmeFbM73H9K6BpQ1MaEQmRdwT8KRdT2AEQPYxWPWLUbvHz,QmQqoj7HTXKRUXJ7rLVQKVMKuftNu4SzPiUCrkqe3KBbyu
285,50155857397875397259976379467704396953074680174658013718882652749723099586035,QmZL8gseAARQxuPWm6EKL8HUgwAX6euL4o7cETKz3FMfNp,QmUrori9xXdAwLPSgAkvGQ1v2y1ByM7DoyWRegHi98JsgL
286,50155857397875397259976379467704396953074680174658013718882652749723099586036,QmcLnkPJpWMK1Ms1zgvtHryD8RbEE1HhJe6ECasQ7F4Y3G,QmXwKnKSbDZCWDDPU6dgfNeLjMePCygsGaBpZNS3uBe97A
287,50155857397875397259976379467704396953074680174658013718882652749723099586037,QmaYkUmHotH2YfAepDHotMJKFSt3aH4KoYdsyvHkmGQ5zx,QmbdDS1iSSFPqR8qAdYzdvPhYMEZzJimf4zatVoB2tB2Eq
288,50155857397875397259976379467704396953074680174658013718882652749723099586038,QmXx3BhYqH7QMSvAA8vSZZesNieqVhRS6s9zzR92GxFPy9,QmVVHXBTxnuS4vrnHLEDZHmFVH2xpVKP2nhLtiRrLjXFEc
289,50155857397875397259976379467704396953074680174658013718882652749723099586039,QmR1Dz51hz26p3pwLu4FwZDdTBFMG4Tr8JMsyPsye5xzGg,QmUXE2L3xTSKt8x9aRFc1XmrhMcfgd7VauzACnTpqM3ouF
290,50155857397875397259976379467704396953074680174658013718882652749723099586040,QmXPb6PTWw8LTRyZhZbVA7xB5GCAweDBwncUEw4RE84KHX,Qmd5SmZEGmBQ2uAj7xTz2UVisf3EVS81bTq4tizzUcD5uM
291,50155857397875397259976379467704396953074680174658013718882652749723099586041,QmTksqhrzirJ1SjGKv5FNjhVseq5QfDpk9ZKtK3RVPfinq,Qme5DatQ6yBmHHCnBkuyH1bVLkrviuYMQSnc1bEM2EQaBL
292,50155857397875397259976379467704396953074680174658013718882652749723099586042,QmZPgmNXhPjW57W2qjTUAexmBJ9D4qcHLWefMLWZuyVzcs,QmcCEXcwvGsdMNg6CiKdFVkZckhTttBmEQHmq21Lddepjx
293,50155857397875397259976379467704396953074680174658013718882652749723099586043,QmTQWfZWRg5jaxzqVNMmEtVf31joLFaWubTchXdknFpce2,QmQVRi3kqsjAGpTfd6yKRFxfz1PzeFTr9H7x2THUj89B7Z
294,50155857397875397259976379467704396953074680174658013718882652749723099586044,QmZXE2FFLE4gupuEyZndWKCRp7JvPd8nmpko2cDJ9pqQMU,QmSPQ7x6MXTQ139x6Cat82VpEZYzDsyTPU52AH2doTH2kV
295,50155857397875397259976379467704396953074680174658013718882652749723099586045,Qmb2T3AygDrLhrdXbr4D4uN8jmmGJNuc2zzcsrgh1vQtsL,QmctM9Ghk3MB2UtvLoxfPGq46kax7eMbd4Csz5ZXEdb94R
296,50155857397875397259976379467704396953074680174658013718882652749723099586046,QmcTsBDJrjX1JJXKLKMkPEfXTCGRHnFxQY23RdvinHvoWf,QmUmPAsi9zdYSC924dpR2PE2ToJf88BSPpgNCMgwZHwK47
297,50155857397875397259976379467704396953074680174658013718882652749723099586047,QmQMJiWbXtMfKBfzDiaAYXAr5SaNcmL9rkz1NXfdiidkjd,QmZLpR9toCcz6K43sfoe7xbwgjrd7HMJtn3rg8XWxy7Mwn
298,50155857397875397259976379467704396953074680174658013718882652749723099586048,QmWK8qu7aCUq8Kos5aQJTnGgLWgY8o72SVFNFV9RbBxKr6,QmTBybA43EJo4Ht3ptLqTuxLiScAEQVwnmeLvWUL1AnzDD
299,50155857397875397259976379467704396953074680174658013718882652749723099586049,QmPnkUwMKxHzft5j9GmSh65nX7s6pHx7Mmpc6zoEw4LdJd,QmcHGkFYCBWEb7bQkYkdnp52Fhx1tjPQ6W9EYPkL5UPAev
300,50155857397875397259976379467704396953074680174658013718882652749723099586050,QmQ4GjiSYJeBTueyBfopzyhazAbKfqLzhg3ors78ZXXBWH,QmTedJcgozSEwayTjU4pYBL7EZoR1PYPYxn7ARFYvLbmC8
301,50155857397875397259976379467704396953074680174658013718882652749723099586051,QmPupLhfBtZa166KESaJzpJCLZhtkAViSPSoBmGkUox4MH,QmYA2DkLdxFVo7qTfAAPRGSdvgkrQWJPyk53wSmvqiXyk9
302,50155857397875397259976379467704396953074680174658013718882652749723099586052,QmRsbvnJQqtJEjSTzuoevZMEzbyTBa1cg8VoNHFAd7eGDX,QmVWWKDZM6cemdXSn9hNWCzTq7m5xzkFuASVkkSLidRwxb
303,50155857397875397259976379467704396953074680174658013718882652749723099586053,QmPuRkJLRXiagN14T8xKmmY1FTsendhkxKeiV1ErcYGgff,QmRpYH9Ew6gWdmVHxyLXePCKhA1LZtrkDNgLDfHppmGnPQ
304,50155857397875397259976379467704396953074680174658013718882652749723099586054,QmTrrugjarAq1uDfo6RXrfUiLvzrwaa1a9SxXeRMjWo1Qg,QmQyQ9fNXsGvzteHfkyDX2JJgXUYS1H9UL7b8EQq82kJQ7
305,50155857397875397259976379467704396953074680174658013718882652749723099586055,QmeubFMcz7phfsHmNcCKrjJRvmCwU56G63S3ZeVGvFQHCD,QmUey1XtDNmSzzG9yPAS41xwojvmYswtmsRAckv4ceqJbE
306,50155857397875397259976379467704396953074680174658013718882652749723099586056,QmbKGX9e1C9VnuhcPnwvXgEcRJfvptoLG5GmHCKUjmDNYU,QmQaYop47sTqsH1dNnRydE23racQM9d3mVfTA7fPvudnmF
307,50155857397875397259976379467704396953074680174658013718882652749723099586057,QmX8o7kretfNGmbkpbVDjKiDYeJ8NMiSNVLXxfH9a9Wz9v,QmasXUbi1yEoZZXhp9ALKNLxSPJsoczffz5y1ztLwW4JRp
308,50155857397875397259976379467704396953074680174658013718882652749723099586058,QmVoRrRLkjbESug6qFXbc4heAXSPUJ7SB2eZ3WAFbuGmjv,QmZGsugvk8UinxoQ8UY8J6ZobLfDHjmjF2KhEu12RhXJC5
309,50155857397875397259976379467704396953074680174658013718882652749723099586059,QmPMgBn3EMxHK6qSRCW5VqS4uBaJvVcfWmSUCjTf8hHGHd,QmXQywYztL3KBNwDjyrUYZ8Lm5KXyEq2hQ6Vf2Tae9623M
310,50155857397875397259976379467704396953074680174658013718882652749723099586060,QmfX9UG6X9uN2eT5fRLrpj4ToPULegvrofdD9FcaACFeMk,QmRZ8ZbJWpVw3zhcpQcRtbZFj3CiU56RCvNC6kgA44dDMb
311,50155857397875397259976379467704396953074680174658013718882652749723099586061,QmWCER5WA5AfXJ7b2e4Qgzymt8SRQTKjVHN4anBjmGWmvi,QmcoYuKBQyfVCuUStEJdPMdzeFNmkoKCCTiqoShPK2zu8i
312,50155857397875397259976379467704396953074680174658013718882652749723099586062,QmbpvJw7ygMhynmxruhwQnoNLJWPSJWU37tqxA3Nt1yobj,QmNZyff2C8ppHWgKhaNQrrSUGRRFRMyh6GVRJPQGHz4ZBZ
313,50155857397875397259976379467704396953074680174658013718882652749723099586063,QmTCkkqDEnpDMF1MhCxFib9h8JevBzzuuMutKttFRRQ8j6,QmPF8wCTdaaq4DmQweoX6g1bi4aLMUYbNvWALgUVFTFsZg
314,50155857397875397259976379467704396953074680174658013718882652749723099586064,QmXygaAEnCmfVQp365ygAQ29GY15B7zT5NQo9HonPRj1vD,QmW4bsQpDTexfsqnmgbdtBqdVj6TaMH7nmaRmqYm1fH8cZ
315,50155857397875397259976379467704396953074680174658013718882652749723099586065,QmdkZdxamjQT4gSJiQ3RwVfyPxubCByP7hC1BW6Jh3A9Bj,QmQkBsNAMarRh9dHgyRb6DEXa5zsG1xH7fXKrYFJct5fSq
316,50155857397875397259976379467704396953074680174658013718882652749723099586066,QmRybkFk9fRi2oUpCTNWFYnHJAABAF14L8TziVyvNqqUVu,QmUdLAHKpwKW5WV29Sx4SVKVdRwM3KPXEiTULYgrcUoi5V
317,50155857397875397259976379467704396953074680174658013718882652749723099586067,QmdjTTv8cebpx9tSwcdkZsKWJfCsgQtNqxfGd5TJqmH25C,QmSnc4VcTsHoHM2ParnQkfiN5bPcb3QK6RJwq2g8sgL4Vx
318,50155857397875397259976379467704396953074680174658013718882652749723099586068,QmTphLgBQ64Zjckfu4XSG5XRAaseYtYfp1VcZna7uvoreS,QmQcLMCVc1nZoDxDz9QQ8GQSN83EtriWs2uMCKDQPT1ApL
319,50155857397875397259976379467704396953074680174658013718882652749723099586069,QmXvy7Lz9cDxK2WvgBr9Pa4DhzvHQUWUmtj2cN2sHS2mem,QmWgPgJyNnARMhocodW2aG9GMxWZwFrX7DSZrkpdm4sEFe
320,50155857397875397259976379467704396953074680174658013718882652749723099586070,QmPBCRcvyjGUzyEY6zJfdQ79qKP4mWQqw4mAZRLmfDvZgS,QmVveStQv7tJtBriCYPwKqhUSW9VvPtxRxtFEvpCbxWw4E
321,50155857397875397259976379467704396953074680174658013718882652749723099586071,QmcFcfxZFzsrQz6Qh3NpgiAv1zruABAq3fQpugwgJjz4tu,Qmbczfvd3kgiN77pf57YazqY7LYLEGtofWemN46G1YgPGf
322,50155857397875397259976379467704396953074680174658013718882652749723099586072,QmQZitRv1aSwLBBztBTQgkuimHxUKLtBxh2YX3C13YkKmC,QmQm82t6Www3Mb7oVSnLqEoTsTSAshVqSp9mWgR2CyKPep
323,50155857397875397259976379467704396953074680174658013718882652749723099586073,QmZXR6kgg25n8hPuHg8y3TUeqpe6H4QmiykvrzLUXH7b14,QmepRhotxw27J76uDRrLQCxJEPmyVp4Vw8yiEQnjK4hhZd
324,50155857397875397259976379467704396953074680174658013718882652749723099586074,QmRLXHdYpWAGCskztVuNamoeeUXi4cmBwCxZ3KRcxGBZjf,QmaEXrG6xwEV3GoV6DeSxZgjCDcTder74sc4tHk5aGNsKB
325,50155857397875397259976379467704396953074680174658013718882652749723099586075,QmZapqjVmuYhicuWXn8K7vMAjCn89k3HMWu5BptZ6nMPvn,Qmbg7g5GeXrQ8vcfSFJNiWu3wpdVdmFVqVJ3m4HYafLnWL
326,50155857397875397259976379467704396953074680174658013718882652749723099586076,QmRRYv1AgHDr76vfai8vUtuenz65iknFN7nurvYUKps838,QmdEosQwGqABGNm2iMabeSdtjkKsse49EMjMKJRdMZeXjw
327,50155857397875397259976379467704396953074680174658013718882652749723099586077,QmPjACfc76tXvqarkJAhRZUbQSYGq6LHVzbAvihagM8cET,QmRwh1UmYSsE1hcdjbBarRoLgcw2k7JEyEuHZk1BRgwZ6N
328,50155857397875397259976379467704396953074680174658013718882652749723099586078,Qmcrh5BJ9LXcu82hLwgVdQBeNbuF5Fy667PmYxbWNkH2zW,QmS2UcPUZw8vC3r94jXq7iNW8pqY4LJ5VgVEBQ7fTUZVDF
329,50155857397875397259976379467704396953074680174658013718882652749723099586079,QmQe4GWwKv6dsTjb5PsvM2JCS1PAmr43FhppL3dDzicc1M,QmeSbA7ftPv9H4r3xHLNiTLxBaj6MHzLVQtuABPSXeyiDa
330,50155857397875397259976379467704396953074680174658013718882652749723099586080,QmexMtJBqhRV9j3Mb5Rdz2zTPk2NaSDTgNvdt1o5Gcz1H2,QmXYe1KjtZApCiQUHfoUyEwYmxwqjmoAuejY3bUCXrTVVL
331,50155857397875397259976379467704396953074680174658013718882652749723099586081,Qmf9thUNZ6czmqGcKAHMHyUqPtF8c3KdeJwVf7QMUnLM28,QmU8tdA3YfRVFuC5f44i4EA5bZoV7t8vu1ame3azYqubfZ
332,50155857397875397259976379467704396953074680174658013718882652749723099586082,QmboyPwo7Qy4UnpR1ZJC64wgAkZD6EWJFmM3yS136Cx1Hj,QmeKB8z3DZf2w8Yn2yUZLLotifyZXcRR3taekfJnP3a9WX
333,50155857397875397259976379467704396953074680174658013718882652749723099586083,QmNbhPuvjaVdgGGmHBRmHwHAyho9q1rTyyPpDUL9TpETMD,QmTir1Qdc6U6HcsNEe9oRbBybsfojDjAaZeqnBct44cjCU
334,50155857397875397259976379467704396953074680174658013718882652749723099586084,QmQLJ9nLNPQVfHYQiUiqXkEpZWEMSnGZLmsqVwLnL3kKXL,QmP24FrEL5GpXJ92J1wHB98UqJZesnkMcrxZcAy7HLogWr
335,50155857397875397259976379467704396953074680174658013718882652749723099586085,QmP6wD2qDXkf8JtVgZvJwiifSmc22inLWRwtGujzi7TpHZ,QmQD77K94aYgak5dGKb67NeqLjPyBEM9ThB8qWVkFo2cft
336,50155857397875397259976379467704396953074680174658013718882652749723099586086,QmPao2tv6fqEBdwDgTuhH8XatSuqRvVBpiUJHzw1BjewMd,QmUZTGRbALB4i7xKQ6ex3TfQBp2q2tEoXhsHqfPEva1134
337,50155857397875397259976379467704396953074680174658013718882652749723099586087,QmaWZHNW5XdVuctMLr18Rc4SfnuwCgcLLC8kGoE5ejA5TH,QmNp9sWg2QpwUD82kwborN7ZKhXzDpS7X6r7aza3pxTfPq
338,50155857397875397259976379467704396953074680174658013718882652749723099586088,QmcEton1nq7Z7MvnA9y4rzM5TBgYfgS68d4t232KJzYcoD,QmeKuAag6artX1zgmgeiKgHsLu6jX3hbG944JQFhhjKbtN
339,50155857397875397259976379467704396953074680174658013718882652749723099586089,QmZEZruph8oj3QAVnhcTA3fTxQHZFJWey34zAhxVXa9L5c,QmWcK1XeAcsvc91BnbyjtA4pHVbieFXzUkAGrq1nVkUqb9
340,50155857397875397259976379467704396953074680174658013718882652749723099586090,QmXgFdQT2xQKmd24GeWBrU9FxkTCox5fiAqd99EX2jyQJW,QmXVNE5WWYs57b5V6mQ9BZwy37kCriWApA1Px8JiWNFAnw
341,50155857397875397259976379467704396953074680174658013718882652749723099586091,QmedWuXBNfoNS1TgWbsUpd8vfRVsFoUF1QCYksLEZEuH1E,QmZFBJCrC2JSam74h99ni4nFS687uCRPz6cQbeBV5WfDMj
342,50155857397875397259976379467704396953074680174658013718882652749723099586092,QmWnrVA6MSDB5Kteqx67v9JnHwXgUxc61GHNbqaTXaEJzo,QmZUoVKEqgAmRYTuttwerBXVPSxhZnLBGj2Ga3jMYE3Mpg
343,50155857397875397259976379467704396953074680174658013718882652749723099586093,QmZ39VYQtZjm8aMyjFkP5ZUAxdn3RzLjpGv88aKPPMGDGp,QmaPsnjysRWAVw2axYJXcYNBCWHAv9RnjCHh9THSz9b5Qc
344,50155857397875397259976379467704396953074680174658013718882652749723099586094,QmP3oAq9tPmYx2mXwnoYxUcu3a5NuAXaeFDCFnHw28tDNY,QmVrQ3WxsP1wpKvjyE1cC6sJbJU5GbMZQGByhDNuH85kv2
345,50155857397875397259976379467704396953074680174658013718882652749723099586095,QmaifoTngk7czDFEgQgLp71PibZgiFUCVAd4fjGvfkSP7Z,QmebeLZCrnvzksgbLGxDXX1iLX2ZbCLynTEbpcnsyzbrWV
346,50155857397875397259976379467704396953074680174658013718882652749723099586096,Qmc6VD4FvCECCriWQ44R9R9ZqcAcA37wxeG5MAYVoSYMc9,QmW7Hkexqgytz3oNqfskux8V4NUB9q2wN5M4RS3jQ5sMPJ
347,50155857397875397259976379467704396953074680174658013718882652749723099586097,QmNW6zkCtn4SH7nttR83yPnMVQZy3dNeMnmo6mNtnzMewb,QmdhpAdPhgqFxzXFJiRWA1aqDMSxQvTQBuF5CbM7qWRPwX
348,50155857397875397259976379467704396953074680174658013718882652749723099586098,QmPYtzKyUXJBZu19vc1samPxEu6nJ6sQDW1KYpj4gBjC4g,QmbcvPP9CtCW8fh2JKC5PkC3MfZJcUaCLT8qNMQyhXyDVw
349,50155857397875397259976379467704396953074680174658013718882652749723099586099,QmPic3Xju4ZLS7MToTEuS7WAZP7WGCchjqEHXtdPyCaCmy,QmeoM7xTV5HuUh2CCC1RnaDuR8kcNjghst71Nsbt5uPTPv
350,50155857397875397259976379467704396953074680174658013718882652749723099586100,QmbsVVknUSuBrS4Ph6VnK88ZKwPkqPXo22s1KkBgWyU9Xs,QmamxeorLSVvL9qHzW4iZUDtiBweb6YEnSfzu7P6881w5P
351,50155857397875397259976379467704396953074680174658013718882652749723099586101,QmUDMcYSYmAVuGdsXFPtZN2aJoT8F7ajgCKgXtRTgGFMze,QmPFNZ4LbwJriwcWH7nHg41HRorFJ1SJaCAoWQ6UaU8c9m
352,50155857397875397259976379467704396953074680174658013718882652749723099586102,QmSo9PFEV7kgGUAWxesTohak77A2PXjv1UKHvN3FQFro6Z,QmQHP1t9tRmikBx9UvGtC6zkjXsEUzGYLqG9BY93Dh3dq5
353,50155857397875397259976379467704396953074680174658013718882652749723099586103,QmVvkdXfaCL3YRNaWJtMqDNdcRhWSMjQA1Wc82NrdHrf6y,QmVktJG3eReLEgcCQ1szt5s51oTrBTpA2eHhUDaqfeGRUK
354,50155857397875397259976379467704396953074680174658013718882652749723099586104,QmbRrnAeuS1UfSoZ22pETPeoFnyv7p8eQS4HPWf4mcWKw8,QmQRtTCa2Vp12LWhh6PnKQbF8a8zScYyeQzN6xqLasbYGJ
355,50155857397875397259976379467704396953074680174658013718882652749723099586105,QmQMGXRJBrd6hf3Z2QinXCa7AVA7JKVs5ZcXS6UNkRAo5d,Qmado2GAmRsN3qb8CRpSLH4Yenw3BgNVhy7azYdM3j2m5R
356,50155857397875397259976379467704396953074680174658013718882652749723099586106,QmSSbJLq7amWQutnHcdADDezJedmEKxKZNgD5jNL3xBnW5,QmShimBA1TP3kZJAJn5tUkyTS3gsSBaJpkwP758WjBBUEB
357,50155857397875397259976379467704396953074680174658013718882652749723099586107,QmadxPQNniyqenmU2vpgVbwzBMYZquyiou7EuDDLPGzWt9,QmVv3Ab2LNWFbBSWN4f8KuCyc5RWY2T1f5v8onaNSSKkUf
358,50155857397875397259976379467704396953074680174658013718882652749723099586108,QmXo6VpoGVFNTpGgdaDk5Mr3b4VErYanuF1Ax8cAAeBXCL,QmWwRRa1DqoQ8uBKk6yvSqXHYT13zKqxnncLZSomAqqTT5
359,50155857397875397259976379467704396953074680174658013718882652749723099586109,QmcChLWwAUWqEs9JDGoadjPKGMK9HJ3eYsc9Gm7o6c64qR,QmPESXXsL6nvimHV4df4Aqpxiwk1mWYApibjS67ssnqiqF
360,50155857397875397259976379467704396953074680174658013718882652749723099586110,QmUtTYGcH3ufggK7XYXiWWzBfFiCHuA4aYdNA8XfULyU4B,QmUV2PDMp2CeVTHLytqmdc4BjghjkUAiHhoC5rGp3vXSVW
361,50155857397875397259976379467704396953074680174658013718882652749723099586111,QmdMZZwPn5ht1JiKEftrQDU8pTYzWiHTUomTor951uyMTw,QmbZk5XE7KXe8fMYW96byaBGEes3M2NRNdidUYhGuGBVBB
362,50155857397875397259976379467704396953074680174658013718882652749723099586112,QmTAAr7Pe7HqsB1HdjFTXbDQLfPoawgGWMW5myM11tBzLb,QmbKgV5fLQiRRFZzT6wYAFA4EUPE99A6vTGenaTFtzA9FE
363,50155857397875397259976379467704396953074680174658013718882652749723099586113,QmQ7amL11F4PpQqYCKiN2yRgrq35anvb6XJmBNucDsufby,QmZxQkNVxGTNo1wEwGS4yHuVT4AWn2Mrzdp1gNQyx9zUe6
364,50155857397875397259976379467704396953074680174658013718882652749723099586114,QmdR4X6qyuJtMN9HGW1UmudSinzfghhxmswsaH4aq6Ldq7,QmdBqHEauW5DcTVXkxvY2Z5SRnvEQUTi81iTfoLQBV75yt
365,50155857397875397259976379467704396953074680174658013718882652749723099586115,QmZKnf4R3gJbF2YEre2aBBQDupvnysjNRZAUPSt75UoSF7,QmeWHQHWnoiohb3FtNmiMVNfwHW5L4rDW8ZSh6RtqALse7
366,50155857397875397259976379467704396953074680174658013718882652749723099586116,Qme861nms6qeEWufVx4xNXLvBPA3Y15RB7XejExpMTmMcG,Qmb83xDRgMMjfbqVhjNf23usP854nufidR8Am5ihX4w3sV
367,50155857397875397259976379467704396953074680174658013718882652749723099586117,Qme5ZkGB55ESLRaLqgPKc1QL3VCgxqUk44G7BsToGLT3wq,QmRTaVKhT7eSS6K1nfLkJwZUQYM3DF1Vj86pX4FxQ9BN5C
368,50155857397875397259976379467704396953074680174658013718882652749723099586118,QmbCLeG8bbZvQ7TukbtL5zctxp19uBX48DSHKdS48MVJSY,QmUcnJALxG31cDG2trb3EMoZXkNXsmWdKWiGj6NhhkPXev
369,50155857397875397259976379467704396953074680174658013718882652749723099586119,QmRRAhq3hpRwt7tQA7jS6Rac9CkJgTFN5JmnQjYuLYs55y,QmQujpH87scUkVGMoqRnArtnERMF4c311HwDoDkG7kudw6
370,50155857397875397259976379467704396953074680174658013718882652749723099586120,QmRjdLZEUJZz9tuKiwv89YATQERG5BSBy5wRFTvN9q8hcx,QmYcxnKJwrpTUwmh4T97jq9SFRKJ7JA8WecCkMxav5Pt7i
371,50155857397875397259976379467704396953074680174658013718882652749723099586121,QmPuzNdqWZNt3nHS73rTcgMsGHK3UWekp4dZe6aCpU3rjL,QmZMSN55sg8MHCSYQGtvckQVo1WddK1n6TzaBjX9JiSry8
372,50155857397875397259976379467704396953074680174658013718882652749723099586122,QmZKj2fX5fYGZpZNqrQn9m7g4WAQ2rSQXY2qeYPCAXgByK,QmWnn1kkU3kcSWgTJRhovefvimUmGsxmf2tqwT44xMEGTq
373,50155857397875397259976379467704396953074680174658013718882652749723099586123,Qmb3J5XLmJqEPALTPR3C1NSE7TRLGPWz7NXzQodNBXAExK,QmNhYXuPj1ggYacpQrns1vbVUPZxdQP1d1NYU47kdqdLAp
374,50155857397875397259976379467704396953074680174658013718882652749723099586124,QmcE3Dbj7w94ZhVEcpC2LaXwgQiXQWhHvB13aoYbuQa9SG,QmRXJstoppgVcsYrRb9zAvShjhyernHAdFaKmtz8FBPAha
375,50155857397875397259976379467704396953074680174658013718882652749723099586125,QmYvJxtZxLmQC5XTHfUvSR7uzikjdjSvYTdGWD9agDrvg6,QmT7B53FopaAF8qaWdB3FH28ahdK6B59Wm2KxBP6Q6QXVP
376,50155857397875397259976379467704396953074680174658013718882652749723099586126,QmXzZhn311EvP76vzAzFrtUPr2x4FhrJMZ5XmaWNomvCd6,QmSvL267zXCcHFiAMcf6XJ7n3F2T2QHzbYv8cL3MM2zVk6
377,50155857397875397259976379467704396953074680174658013718882652749723099586127,QmRxs9ypvwAqKUuTvGYhE7XkHFr6MiYqcw8rvMFnaRm8Xo,QmYs8idnvwHvWrfzCDcrVtLfNkt8QQk8MupmQu1LDiD44r
378,50155857397875397259976379467704396953074680174658013718882652749723099586128,QmWfYpsrVP44LuTQMoXMKaxQt4V7nQZbWvcBSmwbADxRHi,QmS9uZv7XMQN8hHcJ56snY8zR2BSuv639ayKt3CwmSMjZz
379,50155857397875397259976379467704396953074680174658013718882652749723099586129,QmUrXSwWkedMCVRyKUMHfSW755qhWUewTF8tDQZP7ZgnV2,QmVcdq5RJ6H5HkbLMLnqNzkQ9qBzNscDjq3ZafwXeBnd9Z
380,50155857397875397259976379467704396953074680174658013718882652749723099586130,QmYuAHEYk8kfBs4pz96vU4DGJa6jPTGhoLKoRvpbYaZecN,QmTxZ6qEBgVenkE84atfCMnkqEUcvyctqBNVVLV8Y6oL4R
381,50155857397875397259976379467704396953074680174658013718882652749723099586131,QmUU4GJ4DyxBywByPN197Xmbsfsq4HcYTPPhQnuQJNKiHv,QmZYEtHCHz6uoYanJYPEqxmynCAMgQCRZgB5DSYqf5w5x7
382,50155857397875397259976379467704396953074680174658013718882652749723099586132,QmZuWHerS27uWspv24PshxaArtp4g1m755ZEfajD11YAgt,QmeytRvsedn1qo7J7rrrDQshwyyr4bzCHDF6u3ywHqAXKc
383,50155857397875397259976379467704396953074680174658013718882652749723099586133,QmXVKFstXHe3XgqtZLpfqh5Vz4eyieTAHmGy7LTcuUKZjt,QmVAt9rHAK8faamNDQMEqVY1GRAQYA5fuUXUfqbkhfAK65
384,50155857397875397259976379467704396953074680174658013718882652749723099586134,QmW5axYvF4M1iDY6s6oWRfHzpcU7Vbd3dHZ9nF3bzWqovr,QmaLFoAFGYqDamHVWiXMCm8GxXAWmVSjytvdVmNXrvgSk5
385,50155857397875397259976379467704396953074680174658013718882652749723099586135,QmZ4fWGYpYpjuPSJB8kKBLaxMwwbEswpZY5UyKxtbP7PF7,QmXFdhmtNTGH6MkN8Cu76mseSzMW6wYvPAG6en9rNQvfJn
386,50155857397875397259976379467704396953074680174658013718882652749723099586136,Qmbng8zN79UtjNV6e5RiJRPskpA8WextuayCe9jXAFJZve,QmNgHtAZbX8JEGoa64CruG8PCtoV3TJXbySTgoPENm3vMJ
387,50155857397875397259976379467704396953074680174658013718882652749723099586137,QmbyUsC8HXUzCb9JJU2TCXp6SPTxR84duFZBdu9aJd4dQ9,QmZtQK3dUVw96n85LWa9jqJCPmyQFCNphL6RDuced9Bpxh
388,50155857397875397259976379467704396953074680174658013718882652749723099586138,Qme2VdycK5hmd4idXfr5N97GYFTS1bP92fq8k1UyJT9dRg,QmbC33eQN8QdoQDauohYyFqSAuyLpXSXkmccSBWtQMb6kG
389,50155857397875397259976379467704396953074680174658013718882652749723099586139,QmUT6nqmvXV517neLQgdQmztDxeYdPVmSXjexBpdymfH6F,QmR3X2DQSuesYMKbq4sHiKASdrhWeJ6gwCWHotrgKFPzUr
390,50155857397875397259976379467704396953074680174658013718882652749723099586140,QmekiM5saHbpcnSvFehg59kptp3LQ1NMKs6VvZVJBMwehz,QmVuXQsJX7s12zHcpAiYCsiXwLtfjGM24UK6LWuCFvWPhZ
391,50155857397875397259976379467704396953074680174658013718882652749723099586141,QmS8r2P9DGBUPgRodZ6Kqa5vARBDu5ZhEgH6cYeW9D7p52,QmYeTGuG3mLM9v6g8EJiuqjuoeDNAt1EXEmRx82wv8goab
392,50155857397875397259976379467704396953074680174658013718882652749723099586142,QmZ4drR7pWEHWqc1bhwsFn8SbPDGY4M7jP3QkVmC6YBFjL,QmP1HuBCG5Mtii6pWZZJyPvP9N632hvyjxpiWRUHKLxB4W
393,50155857397875397259976379467704396953074680174658013718882652749723099586143,QmdVHd3z3Y8nt25WiaiAx1Dd9nhphMn8gCejriBs9FopfF,QmY71MCYyry2hGE8Uas1FVWYudRdKMZZDJUE4h7bSbXo6q
394,50155857397875397259976379467704396953074680174658013718882652749723099586144,QmQTAvWC6HbcLvehDJ8PfBTggNTeKNajHvacatcnTEF5NB,QmYmNnoKnLJDyJ4UHAXJRBoJ3McsF3FT7PUx4F4sp9kZTW
395,50155857397875397259976379467704396953074680174658013718882652749723099586145,QmYCZPAghHz6baBx9P4prsW5dqNqghyJ4uyt1Wa9Q4MCvP,QmbJXib9MRxF7WKzKqABF4AzJ7fmSPAaRLc2UsNJZpcnVf
396,50155857397875397259976379467704396953074680174658013718882652749723099586146,QmcYzqn8U1YzS51NFQA3o2g1iTWLQSrSwdKPTiGSXNLJKm,QmS34ZG6kYqcTm8Ls7LmEutjH6fqUW6HHbuSUXnENsbaws
397,50155857397875397259976379467704396953074680174658013718882652749723099586147,QmXZ5yG3bd5rbjiBQPKYULbo6AR6hjWE2kyoVW43Mi9vTW,Qmezwspz9RjvF9Fnx7e4LnQxNSJb4Pvqxazi3NCnByvj9N
398,50155857397875397259976379467704396953074680174658013718882652749723099586148,QmSwVZLZmFGbX1sm6n7vVT5VBktVSKhv1YWwK2ycfU4TkQ,QmScvdpd4zZnhporvoK3w2wD4Sro9fT6HGtRCnq1EffKU2
399,50155857397875397259976379467704396953074680174658013718882652749723099586149,Qme7GRAavVWsxjYzE1GGbvshMUqkQ3yp2WBkNZL3XB5EPJ,QmdY7MqBFL7Gbr9P9tCnav9nFg3cnSJj45TLCHijpykTzY
400,50155857397875397259976379467704396953074680174658013718882652749723099586150,QmYwHsynF6dUvLAsxiSLcqrajK8xGdsEsVq1uPd5HxgZG7,QmWWC2chhGxFAgXA8JMfMQYWERh7z3tQDgkfpW6eySP8n3
401,50155857397875397259976379467704396953074680174658013718882652749723099586151,QmRFJucM3FxyHTXyihyKW3RK1NhwF43qxHhQ9HJYCv8KTi,Qmd6k67mHGDZREUHNsJso2ioEuugwdWpPjc6hvBeFviTxt
402,50155857397875397259976379467704396953074680174658013718882652749723099586152,QmWckgf9p1J4psivh139YWVJv9vuCbPxeMuHM6BiVvojqT,Qmbb1jDT2igPE7TXHAXq6vdwx9oHJXy5mk299m54jeRUoZ
403,50155857397875397259976379467704396953074680174658013718882652749723099586153,QmXt3aXb55D8Dup4GhJZKX5ALvNpDP1vN5NHvmCuRKUerB,QmaC8SuV7L95WPssxKUrvEqQYGtHec51FKnP18xUsCAimi
404,50155857397875397259976379467704396953074680174658013718882652749723099586154,QmWzunLvojwu1V5tApz1Qincafak9sZPx9RZpzFKYF7y8W,QmNqGdn4diEJazHnSMVpaoscU3saBADmF81E4HpPKJ3PpT
405,50155857397875397259976379467704396953074680174658013718882652749723099586155,QmfFiFKCwGTH8n2nFc8arvyi8bjpCzHGWFC2PxZ8XHQfcS,QmQ9mFo6E6k17EqAL2tGgggejWhxtHLx8CPiExydwq5yLh
406,50155857397875397259976379467704396953074680174658013718882652749723099586156,QmWTNtyPfztvL9K6NZrzgFLXR2c4fYbZuDwNJLUhip4bf8,QmVRF4BseoNTq9ztw67MKQwhpfujYxmiBeTnNSNLgN4GMu
407,50155857397875397259976379467704396953074680174658013718882652749723099586157,QmViJEwDQUbC26QC2JN96u4Lb4HVNEo6VmPVKCvY9uECWz,QmTyEV9WuwJsnEUjXtHYmsqkKy7mGtMZh1jCBXhWtqVmvs
408,50155857397875397259976379467704396953074680174658013718882652749723099586158,QmVL7Ey7oXZd8sTjXbqg9EsKfWBEGwDCefg88FtR5ui2gj,QmQ32Jsx3z6aSZXv2VctwKyZE5LDeFATD7nuHPguVodvE7
409,50155857397875397259976379467704396953074680174658013718882652749723099586159,QmYGXHf6Q7dHoWS94df8dFUa38Ee9qWzGkAg1D8vEXitwU,QmNPXRXzetEamrtT2gVcnKcxcAU6yncXnKmCeGEgbcTrXG
410,50155857397875397259976379467704396953074680174658013718882652749723099586160,Qmd8WwwQNswAXd8ksByA46zPPHGfECExkv2rEXsyVukYtd,QmS2EYXV3wf6G1AGoGPAU5qZrm88sXQqmRpWscciDcu2dH
411,50155857397875397259976379467704396953074680174658013718882652749723099586161,QmTzd7kW7AiKN7ZtLQdQ2emGJjFWCu3GEZ2nCcFRtZ7idH,QmV6jVUWDrsroVRLqg1yzyruREu9rVskuaNDaBU9Sh12sf
412,50155857397875397259976379467704396953074680174658013718882652749723099586162,QmVDBBGGyPz3f4U7qdsneEXg5T9XdXG7tTF4QdaoxQsiJY,QmbFtR9LPZzLRHaTeZn8YyYfe9c3L81o11HUTepgfeLRVB
413,50155857397875397259976379467704396953074680174658013718882652749723099586163,QmVv3qaPJsvqtCectyJfyJp552HiKhS9xGzEJbkqzzJwQ8,QmQkRBEvqBK1j1JkAqbgug5nXhefagVfKgTCj9AYsEaYHX
414,50155857397875397259976379467704396953074680174658013718882652749723099586164,QmPSsJCrvmBMkAc4Uf9vKaWgAcypKWmVeqGUVVUZAcaFxc,QmZReDUdTQmww1ZqHhJ4MsjzZ1rBukNoHhVzGmbGRmJUNj
415,50155857397875397259976379467704396953074680174658013718882652749723099586165,QmdWYkPeSinK4Rias63EPhFUSUoJ9qZLijHqfHjPYdCG4W,QmbrwvSct6y6ikXZt4m4NaqjVBGJanyyTLX7CBfteu3EVe
416,50155857397875397259976379467704396953074680174658013718882652749723099586166,QmdDUgEmC8RC9fDANxaEqqyTcQDmb1udtkc8LhBMsH3F5x,QmasSMMQ8sac65nq4eRyL77kvFRmg7HPFoykXq7tip8Gie
417,50155857397875397259976379467704396953074680174658013718882652749723099586167,QmcTCnYXdZaN3AY8N7ziUzCsWvoixCU88625YZsbRKxpbx,QmbZAjUL4aZRdXscgyGFgjf53ZfvZszrpns1h3q5g2jvA2
418,50155857397875397259976379467704396953074680174658013718882652749723099586168,QmNYMHWPtSGQFQA6NkPcJGCLymz6Ji36aKD47Mv7JSNC4b,QmUDKfNRk62ZgfuwEfnFMPQdWK2ffPAwPXMQs5ZbusiQeS
419,50155857397875397259976379467704396953074680174658013718882652749723099586169,QmapfE6EfNRBGs5VLpx6acrfYhomZHmYTMmqBtZHoXzDtG,QmfJCUxVUWYQmroL4B4x8rp5o3dVBtAWRFkaoyVft6PYGH
420,50155857397875397259976379467704396953074680174658013718882652749723099586170,QmYQ8TmNTxiwfkSW6bmEMNwj1YeXFZkBvZsjBqkwXmuF55,QmY9fjwHBhuv2Ew5THUY8LDnJedjheVeehtXSNUwMzCo8A
421,50155857397875397259976379467704396953074680174658013718882652749723099586171,QmaQyS72rQ5gMyvrafRB7z88FBgzUdHFLRvxrZ4KkCgzzw,QmaK3ZDKDpJHw1tuK9DTBajhqA8KgpaVVNkdi1TYJUzu11
422,50155857397875397259976379467704396953074680174658013718882652749723099586172,QmaFHZ5hexiBZYFvXpHbYeMM3rY9DzzveWYE71XK2HymzG,QmNw2KdsuXKYSJn1W75ciD54qWs4cPmxYSWHchtcLEHu3h
423,50155857397875397259976379467704396953074680174658013718882652749723099586173,QmSGTaopUKvqVMyv2W1tNLHBbNjXTT2qd9Q676znyvbGQA,QmRe6GbUxDPJno8G4u9QKVahyEQJ3VeZhJvmKAvu6pEpqT
424,50155857397875397259976379467704396953074680174658013718882652749723099586174,QmewqRDhdq4Z2zuorqwmuXn1ftZ2vkF1qRQaR5EHVggEaN,Qmf7uQtFiXJoGHyBykGW3mmbU9PLP5MzHGXStRp1TBoQUE
425,50155857397875397259976379467704396953074680174658013718882652749723099586175,QmTjWemZEqk3Bz63MBMvrji3RHhN8tBAhWWK6JHVuQ9UNo,QmaidhUj6PgCnRpwSJcyBG9NHNo4epVmFFsxa1CiYBohyA
426,50155857397875397259976379467704396953074680174658013718882652749723099586176,QmQPVjLrJ87372b2bFDxnFNEAm3rj3WGGE9tnJnQyNWNd1,QmWqtyaU3o916GTahkB8QbAiVEg9UxE6NK7qmXWQWwMj1y
427,50155857397875397259976379467704396953074680174658013718882652749723099586177,QmV1pkCHwYesMCLzLGXn3f9nNft9H9LLgVa3Fepch2Ua62,QmVQbhyg8qwZ17sAnWj7dPapkHDipzqKXKxSnwV54dnH72
428,50155857397875397259976379467704396953074680174658013718882652749723099586178,QmQYwx8rU3Q5iYMaCkkEv8CQanouXBWSYqxhUc1cizxWWc,QmV2aohs3u3xiAGkRf4oTCHuLxoPmNRwJMgkA3T2evXpER
429,50155857397875397259976379467704396953074680174658013718882652749723099586179,QmSZmLH6u418xtXeuroQcL1qAsgkmXD5W1VWVgLB1uDHwk,QmWkoVP9xpFf1ATrGpU4EKS9qmnxwcW3tmUvNZBEQP3N3W
430,50155857397875397259976379467704396953074680174658013718882652749723099586180,QmeafEAoLN98BgrGxvaZCRPMQ48AvJrS7wte7b39Q2kLrh,QmWHTwH7QafJDTeg4HgK87TLMvU6srsH1MkC5is5Aejk4k
431,50155857397875397259976379467704396953074680174658013718882652749723099586181,QmTnL1Q3B5Mcmime2Nw3opqtUZhNWDcD2yNiFi9jSFyg8J,QmdAubUP43wkgaTPe1Y6kZ9WMiWC2FqyE2LNFWXgcduRXC
432,50155857397875397259976379467704396953074680174658013718882652749723099586182,QmRARfobPMHP24Dx3NDZCNPZfe4358T7Km1HqWdmcGzXfM,QmcEF2Ts9jSJpk6uSz6Xp9SpNoiDJd8y2d4Wuf7CtYbLvA
433,50155857397875397259976379467704396953074680174658013718882652749723099586183,QmSpXE2MwsLuKL15FvW51obZgHphVsYhntrFTDiMUmC8LM,QmYCebdurxtRgdaLncZ3hm2EdWDgWxSmshxjUXhLYrt7YK
434,50155857397875397259976379467704396953074680174658013718882652749723099586184,QmQTfg3Zpgdsh8eGjF1yrnJp8C3t86DAZ3vQskLfvL5Gb7,QmWBG7xpyCBoABtBL2SWHPtA8VG5giuDcYosJTnkdD4DDP
435,50155857397875397259976379467704396953074680174658013718882652749723099586185,QmYBiB9WcYTgTejzVL2ZP8JDH4opMd8wMiJAsJ3qEPmqJi,QmTDtsfu2NVwZihTqrM7YWcNEmT3YvJwtcVYwWjxnbtsek
436,50155857397875397259976379467704396953074680174658013718882652749723099586186,QmYLpv1hLZV18Guzzm4JcLb6zvAkCTbHAGuLMwWTVvMxCk,QmNqfz57bJoXQCcTCsJaHsnWmr2Q83bUafZg4QzpBQDR8L
437,50155857397875397259976379467704396953074680174658013718882652749723099586187,QmNNQqfX4KmYfk22hBVgr4LSYiAbv9EwXbgz8VHc2DnMTJ,QmT1UUQY19CvXMUC5YeJHTRWq56Bc7DtSSuKHKw7WrdTTi
438,50155857397875397259976379467704396953074680174658013718882652749723099586188,QmaJFSjkGBT35v7DgQvujVd7RvE2hUVHL5CV578bc3QYS4,QmP7PLwd5u1cQkBmtR9b71HuZkZMAwxSKFYy8RX5KbjSBR
439,50155857397875397259976379467704396953074680174658013718882652749723099586189,QmPRDRCxaEAqt4wwFPNU2rpRXuoSwCJhRHNtP7KSgHiPaq,QmUCCJvwtvXiQkouKeKTjTVa3X4fHEpKLRokK6bKBnCvqv
440,50155857397875397259976379467704396953074680174658013718882652749723099586190,QmXNycMY5DZzJPBHtYxEJRg4WxQNoxdbXTMaEN1WMVR3MP,QmZfoc9zTs9f3gRfeibWQUx3J7AAyfMQYS4Po9DqaT6C5D
441,50155857397875397259976379467704396953074680174658013718882652749723099586191,Qmb7wjJBPzeMJqV4WEkTWzBX3X8S9EDwVqHQSFYfF6fB9g,QmXeR3BAZja7yEZwZ1dbS9czNgGqE5UoSSiwGWEaavfb32
442,50155857397875397259976379467704396953074680174658013718882652749723099586192,QmQRX74gNLMrVZNdujkcpx45bnzN7cCnXBcta2VUNR9iKU,QmSQ7QpdgpywJujJVEqXYoBUddk6pwGZeF1oTF23haMP9Y
443,50155857397875397259976379467704396953074680174658013718882652749723099586193,QmbNzv4TnVCudfsMWGPg28bBxks75ErmaM2VQxh5YBviAf,QmRL8p3sziEgyUXtXWr7HNG6qRhJvFzYRAFdauWNnXE94h
444,50155857397875397259976379467704396953074680174658013718882652749723099586194,QmazQgzjQJz7vcJ4jBHstpnfrpaSnhJJukSrNdd4qycuM9,QmbLSYkbzS5wzMRj47XpiBqKAfFytTKeBH85Z4FaLPDCbn
445,50155857397875397259976379467704396953074680174658013718882652749723099586195,QmeRyEZa9n6ZtAMQB53mcKaEqs1AtaR8521vydGVvFUN1C,QmSuDkK5hd4quiiz5y6VfrqGVwPppTZmk41huAj2HJFKh2
446,50155857397875397259976379467704396953074680174658013718882652749723099586196,QmdhK5xUbCyWfDKpcBPtvxt8jHMkXzJSchu2EVR9zMb9BU,QmRit3DyYtgUmDotLChDpLGRcHRCWGZmbdic326MVdrTcg
447,50155857397875397259976379467704396953074680174658013718882652749723099586197,QmVbEePRiNq8UNTHbN6GqdyaUQwDJVRWeSXQZ76qhco5sh,QmNio6TueQzPze5EnGxvAi96S5bb7d9iqHLkurGiXSmSes
448,50155857397875397259976379467704396953074680174658013718882652749723099586198,QmcQ1jozxcpEPvdYfBu3AKDqRVfxkmdwD7AEkbq7mrj1m1,QmWYt7rrDFTsM3qBg7uH8So7DywsgprKDtS3deufVRciyn
449,50155857397875397259976379467704396953074680174658013718882652749723099586199,QmPq776Jc9dyGze4VdwudPbvrFcSLnVZ13K2nSv2ScTCyk,QmYXGyJXZR2HsJ91Ecu52NmdJLjstvssjigStxB1RAMB6X
450,50155857397875397259976379467704396953074680174658013718882652749723099586200,QmXTpVGgAfaxFe2TT9uUfEzp4a74omu7Y5ntRdJ6aTzsBZ,QmVtH1NFiWrE9XWyaSXCdcD8s7raaFWfVEAgFudnSNizU2
451,50155857397875397259976379467704396953074680174658013718882652749723099586201,Qmbn3Ek1f8CQ66JBxpY5niBCyNoJkfE3DWFs6M6bbb9n4z,QmS95EVRrYykKStW6zo1q3jM8WYyffosdBEAN2BGmhcEq3
452,50155857397875397259976379467704396953074680174658013718882652749723099586202,QmWiDtjCYyxbG4GQGTa6wdDh7nPS3rhpwpCQJxAvM8tR9e,QmVP75Sx1Qsyb8o1iuZjCfZwhQ8bdTeoXvc5JzEzmLMtmM
453,50155857397875397259976379467704396953074680174658013718882652749723099586203,QmNWf3e9qqxaGGDV84ShYJmSNgzucz1THDkWKjA8cpu3xz,QmTkjrUBehRQ9ysB17b3J3W8jLP4NrRPVcfPwqSy1mQWwu
454,50155857397875397259976379467704396953074680174658013718882652749723099586204,QmdAeGAMBXsHzUW51JEa4bhbpdiEZQyetzDMpQYBPDae3R,QmefnAgqtP5Mq6j9b8j8VqQzaYiMVM8qNVj7Wsu4aYeLcS
455,50155857397875397259976379467704396953074680174658013718882652749723099586205,QmaMeGovnRRnt9wKMHV8Z4HqyXXRDAu4mYoEMx7RFpD3SX,QmUMPHv4U1D9MzFzKmSqzF2YG9FH5dciuaqmBtFxKNNRrV
456,50155857397875397259976379467704396953074680174658013718882652749723099586206,QmREUQHPVi5NC8eq8EyWGx7nbnthahxJdSnQsUPi8wQsHo,QmbXWvQbGbfVp4mc7pJzH7s4hLnsi2H2emqU1EemxbkG1U
457,50155857397875397259976379467704396953074680174658013718882652749723099586207,QmfDSHUJfStWRmpH7Z7UztKSrk8urW1UaTBz3eevraaAAh,QmY6eN2LYHjFUe3A2DWgFRsPkvztfSMm6VQPQh9MabpjnE
458,50155857397875397259976379467704396953074680174658013718882652749723099586208,QmYvXu3FhgxnZ7nq4f148jC7cx7KDX31vkrx2qNy5YH9jy,QmS4vPhoRfB8fn1UGKstAsEYpqU3w3x9zMEh1cJGxeuFxg
459,50155857397875397259976379467704396953074680174658013718882652749723099586209,QmaTV2TTjGDkR6MPUbdF5qD9BA7zpUmRGhm5cSYhFbhTNW,QmWgF77zT3tkxjnpUVJ65vXu8tySw46Cw1vx4WhYnTV4pa
460,50155857397875397259976379467704396953074680174658013718882652749723099586210,QmQHd71otscDcDB7PB5DcdGtdLEMuFaQDaTsz3BQVnQCeo,Qmej6MEnYwEFB6RFVCn3JFwZmbtWL7S24dBxYeCj538xyM
461,50155857397875397259976379467704396953074680174658013718882652749723099586211,Qmb8TG7D2CJMgXYX6yhBMy4ApKBE5qRsm8oV6HKtB4SRUF,QmWTctt6UWk8ebgnuE3rQK7ZtJAUPbAgdPUkGxykE26pr2
462,50155857397875397259976379467704396953074680174658013718882652749723099586212,QmeUMTsfhxEmoNbLfZAj9hBQnhi9RCMiwNGfEja45CFMEa,QmQKpizfcxjowcP6C5moWBB1ga5f4S615MsLCyy64kLeuT
463,50155857397875397259976379467704396953074680174658013718882652749723099586213,QmeTJqvqPpwfDWvjQCFqUBtVvCKhLHuhXT3yZkHAoYJLEm,QmWF3np3NS8AahcYKVZkfXc2oLxqDC6F1GWpUaYQhwXt66
464,50155857397875397259976379467704396953074680174658013718882652749723099586214,QmbecKq2urTEiN81JPEfGHc9EKEkqXFRRBMd8n2weUTcpv,Qma2Sb9WkA5BWrweMc6dwiVWu1sXg55yEYdh9E6riJpYod
465,50155857397875397259976379467704396953074680174658013718882652749723099586215,QmS6Cc1unrhtnBfm9mNjgHxsa5XaL6dqBLr1WNAcwHx1WQ,QmWGKbKiwVi4BDKczqTZLNuLD1P1QjjdYkBPcLjs4sMUNj
466,50155857397875397259976379467704396953074680174658013718882652749723099586216,QmXE4HfezpUaCb6Mz7bxUbzNm5U33WgowBYQP4FuHJ4YSS,QmYfSMj459rByNbKVCjgjEhyjkBAQZjSBmwTuVTsEpLNLp
467,50155857397875397259976379467704396953074680174658013718882652749723099586217,QmXB2c7NbrxtezQUi3LsYq5r56kdHmU3QqBmBLHidJBCKZ,Qmcp2jMwLgfSt49YtcgNgW8MV7Ep1rGDY5asA2YvZC3re4
468,50155857397875397259976379467704396953074680174658013718882652749723099586218,QmSvy2XD5yL2FsF1MHxNkx8hjnACREy45jC3g9vivRoCwC,QmbjzZfZ7hsBJCcCvN7NToaWSSQWXWYx6iQXHFLTrNUdva
469,50155857397875397259976379467704396953074680174658013718882652749723099586219,QmaTeEVzzsRsFUZWBcDZFBJy42KDAooT8YnSPZHP7k9Kos,QmTCC1WRJKGJfTBdbxT26Gjt9MSKigqswnseA6gYPPrn2Y
470,50155857397875397259976379467704396953074680174658013718882652749723099586220,QmNV5LadwqKT7knsZZej3Q3scKzZaotNd1ujz5FBKLyAVW,QmWBh1ULzKLjUETdF4A7mQZ7sn9JBX2yPirMrH7iS97wQs
471,50155857397875397259976379467704396953074680174658013718882652749723099586221,QmZjmVVb3QvBdkCJY9f4Fjn5Y3EdWxtM4EbdkKsddyuL9F,QmPc75VRRWYdm8jKMZMy7DWasFFXbCuczVgaHk5HZ7LTM6
472,50155857397875397259976379467704396953074680174658013718882652749723099586222,QmX35qAVjUZVx2N8rRHNxP3DEu14ursAAd4tkvbRM1GLBr,QmQuXEXBLjcga9P2fovax67bBM1kCauUSvKYBFEfdMtCzD
473,50155857397875397259976379467704396953074680174658013718882652749723099586223,QmVzCga5sF7NsUGpzBsp7JFCRVodBZnMxPBiBMbmC5D659,QmS9i2H17TvJJkVXdenPtW8qSgkEf44tdGKu7tcUztJgt4
474,50155857397875397259976379467704396953074680174658013718882652749723099586224,QmfWR8PPpmAASuvhspxEeNY8kaaBMFoigNKzspmLTAmJnw,QmR7xDBwUGkHVuMKZmhLfN8eRwUnvQFB2WLvNbxdQUCQqn
475,50155857397875397259976379467704396953074680174658013718882652749723099586225,QmZfdiggPJztdm9S51GNoEijnmF4ts4Lber56FvRoUjJeV,QmSz8YeMFbfecHCVPkB2uJix5Gcfru16ZJiKpbpAvkbwxS
476,50155857397875397259976379467704396953074680174658013718882652749723099586226,QmS4JEe8HenBaAndBTVcoDMRaSzYebg9sT1dRfyYgAugia,QmQQkD9E9LofjDHDQPPbLrhstUKwPtnqASkM3kb4RidcKa
477,50155857397875397259976379467704396953074680174658013718882652749723099586227,QmWwrfH5C6ptuA4g5EtVvksMvM5QHhr3oec7yowSy7h2uu,QmU2ZGzaaLYwPWJGY3af65MTCnnZ865cxHANNTY5P8soCA
478,50155857397875397259976379467704396953074680174658013718882652749723099586228,QmbrxV8HMbvecVSE97i2xgnTjYCmZqxQw5QrHsvBukQ5ap,QmSexzfXDrsTDe99W9ri1MfrmAwGbgPGU2u2ykknfdrzez
479,50155857397875397259976379467704396953074680174658013718882652749723099586229,QmR4m1i95mgahwwpzvxj3E2smKyC8B1CfKR1x6wjtoS1EZ,QmbLCTxLBY4EqhMp92KSxwxKCMmWVP8XHK6mheVjyQ3jGu
480,50155857397875397259976379467704396953074680174658013718882652749723099586230,QmUJtC5xLenLg4ZP9XGjxL59VSHDH3xD5wLntoPUcSTmQY,QmZhjLLLdgKKUFzz6LU59Amug8mjzNcSz3WBL5nAiuA1fA
481,50155857397875397259976379467704396953074680174658013718882652749723099586231,QmVQxoo467wj6EnoqLRtwMiotA1yRsZFNWE7XgZZUppGQ2,Qmckgzgs6LkjnkDSNJP7kLVbjFi6StnXosJjG59711Y4fE
482,50155857397875397259976379467704396953074680174658013718882652749723099586232,QmYFffhKCu91WAdSbaFgAEu1qRYsSMsbyyZ9udme6yp5Gt,QmeUNjLG7ky5yBmmb8Acew9HQETiAwdVvaE5pK9AAkffWi
483,50155857397875397259976379467704396953074680174658013718882652749723099586233,QmZQcvBJuduxK1U1c9neUAYLLcqvJKyUFiWHrW9gUPJC7q,Qmd8Df3VUDMAsc13FcmwoEWZPuLupdQ2sGXiRSxQCyks85
484,50155857397875397259976379467704396953074680174658013718882652749723099586234,QmQ4a5bHidjcH1mDDHmDmTSJKbpJeux3qCAYMrQc6BAh1A,QmQVK92hVG2VsunsKFF36a7ubFKoKTpKFbzhGiYVZchz7b
485,50155857397875397259976379467704396953074680174658013718882652749723099586235,QmSq4iDALoQLNAMbFSFZXZvjs9sA4Z34jcE1CVJLRYxQLC,Qme8qj1kezsSCtPLQpzupQpSCNq4KM5Jw7Lmi6WQYkedb6
486,50155857397875397259976379467704396953074680174658013718882652749723099586236,QmULbkbjTUuvjs1Eiturei5NbLcwNYasSmPRqJdvpyRHbC,QmerYttygGY9PuyKYXhQ5BwzdJEJZDu3DHVDGt5CWG3efK
487,50155857397875397259976379467704396953074680174658013718882652749723099586237,QmWVMHLLuncuQy697V5jv5bzqZLExuebUgsgG24sQZkXdw,QmUaWfh8B3hjMxLchZGHuD82r6sbaVXZTqsvm2wj4odh7t
488,50155857397875397259976379467704396953074680174658013718882652749723099586238,QmcGCZvgyfzU8WzdEe4ARwwKdcvcfExE9T6AC3nKgTrLNf,QmezqYRWKDHu7oC9J9D57c7nn3e8AVFRB6H2Bni4FEfmZV
489,50155857397875397259976379467704396953074680174658013718882652749723099586239,QmbeHiUqt2e9ZwySRdrE66sj2E9qFHHFeGWkC13RZj3Yes,QmPbhWPJekf5vdKDm1H2gpMbcV7RFP1hfNtopWyehzep5E
490,50155857397875397259976379467704396953074680174658013718882652749723099586240,Qmetcvk1fygCRCsAo5fLF8RLZa6Pkmf6BqRdWjNWCRiu6Y,QmRktbofJWjJuei521aVZnwxicRQXLxo24ga8DCukMCRUo
491,50155857397875397259976379467704396953074680174658013718882652749723099586241,Qmdk4a4phXSYeWNhP8Qc942X3m8wUCSemPppy9kDSjoLav,QmawFpqXWC5kxf34TgK68qcVzZ2x7D728gzxKhYcBZRdTM
492,50155857397875397259976379467704396953074680174658013718882652749723099586242,QmRn5ZSTifE3Kikz6jVVNUBxyfCxWdtTV5pGVurpaRepnX,QmUfTKG9acVD9XooW5kmU3DyuiJjAkBv78FrkmVsnbt9EJ
493,50155857397875397259976379467704396953074680174658013718882652749723099586243,QmR2be2oVjDJ1N79otLE1ptRECTJgZJmXtkVWkPsiFxaJN,QmWzJA2bRM7acg5MZCk9vfmRyvvXMQf1wCww5esYiDzyex
494,50155857397875397259976379467704396953074680174658013718882652749723099586244,QmWkoSZUnJfxcaeeJVEj6aiNy24R6XHai2Z8Q3ZHfLRjF4,QmVf6szQgh67NVon9za2m24P8LRAXCfT5VF9ApLZHgQVZf
495,50155857397875397259976379467704396953074680174658013718882652749723099586245,QmXGotTyUhNmQPE5wAgNfYszRUei2Dfxmf3wnSEe5E2Ni9,QmctVmTvbSmGe7Uxbe6vnfFnfiyoHhfEYNZDoo5giYnKXp
496,50155857397875397259976379467704396953074680174658013718882652749723099586246,QmTT2e9PYq7XtpjB5cdcURyfUeUcoFzvNcVTJaDZCmfukL,QmcM6rthA8fxwQKSqh8PbFuxfgoiLkz73CnvhiYqZDSiEC
497,50155857397875397259976379467704396953074680174658013718882652749723099586247,QmS3QdKHYdacQ21HuVF7zwf2KbsVLyBKm4SN1CqQwoHMVm,QmeqxusbqBxXQnFBQiRm3mmZGDF6ENG6HmxdogjLpynXwG
498,50155857397875397259976379467704396953074680174658013718882652749723099586248,QmPPqvh2EQRDfiQJbwhSMGQ6dRNLXq8yKHQTcEDA526SDJ,QmRpfbEsKwxFaEBAnKYdRDTuCDh4t5Xp6A9RuqKK4GuK9W
499,50155857397875397259976379467704396953074680174658013718882652749723099586249,Qmdm8sDWmk6TFEDHNvwKmPRhz3zRaAdhYXhXcW1bGhtReB,Qmejh6M9m3jZk5XWJNEaJNpJWHMfxGYGm2SLMxRrJ4Q8CD
500,50155857397875397259976379467704396953074680174658013718882652749723099586250,QmdcgfGJHABizbKZRkJnYR76ffywWJgheJFfQCN8THv9cf,QmU1dhNBymLHaos8TQ3qUue3PoQJ8UnUPJFF1wWmCEehSM
501,50155857397875397259976379467704396953074680174658013718882652749723099586251,QmdRMvtxMuPbCPmMtWtZ8NyA4aLuSPE3g9MUUF2SoMcAGR,QmNjRKSnqovyLSaWSxfdGD1ez6cuY9oNydQTkj2cDumAgQ
502,50155857397875397259976379467704396953074680174658013718882652749723099586252,QmQW9YurKCRj5wQqxxPRSrJ3EDtF4BpLVnYCvduaPPayAM,QmR3PTceN4JY2D7SXYUkZLBe3JFVdjAj2hekCu9WKvyFGS
503,50155857397875397259976379467704396953074680174658013718882652749723099586253,QmdsdYZL12Sk6X7cHFkfQCJe6j6XsHRAumGjEJbm7zs9qw,QmUiE4LaWckafE52qNAC7XFs8vQ4BYpbPeaMXseJL2Sfj4
504,50155857397875397259976379467704396953074680174658013718882652749723099586254,QmXqP9AbmzkB1Lecbz6wEKmERYi7NrhWgjYHmb867hanbd,QmZScCDGBg92fMoatXTQ3ir8stWN1BuBuNkWXgwRxe48dw
505,50155857397875397259976379467704396953074680174658013718882652749723099586255,QmdpFQdM8rL4br2aorXaJLBNetasgpbCXq1LV6cuYE64Ww,QmX9Z4nqg9TfAyoFNTYqALAqPBE5AffXdnQJo1YwcCEbTK
506,50155857397875397259976379467704396953074680174658013718882652749723099586256,QmedWinwvXr3sZHTUVXD82K1ma8tfwynpTDCwbi2NE4ojJ,Qmet5eP3x47oAAqb1674qp1kVdSpBtX6rYXBQCytpaYQ5s
507,50155857397875397259976379467704396953074680174658013718882652749723099586257,QmWxnKtU3UhUdQ9PXsFhjbovbAtyXKrbMqSsawtV6cu854,QmU6bjJwNBYTe2CKhssXqgJCCSdsgMExKpPDuWRDvDfvtd
508,50155857397875397259976379467704396953074680174658013718882652749723099586258,QmSxsSieW7CVMrYXRDiUi5pUyoFbU6611deVJuwPUB2S39,Qma7vNEQwjdtLkz2RAKzoobtU4bk9CXYzougaPvujwJFJB
509,50155857397875397259976379467704396953074680174658013718882652749723099586259,QmeLrUkeUwdLXb28EyQFgqLDQGY6M6PbtTfNxffVLn23BN,QmQMexHXYm36S2W8stapLk61quH2vS9aMJ36uPtzMFLRC5
510,50155857397875397259976379467704396953074680174658013718882652749723099586260,QmXxG2sxPU231Rfn6i6f6fv3WHSvpwyKjWKJnphL9xLQVp,QmfNf6vRLU7JWjnLVxR94VzLkZvDqeBM4RmyAxupDCskg2
511,50155857397875397259976379467704396953074680174658013718882652749723099586261,QmYQ6QmJqnkZJKK9HzzzKdDZXWPKss2azY1z7a92fikprY,QmcUEz8TmbTz21DajfDrtcQZAeEUr3YdyncG1XvJQFMBa4
512,50155857397875397259976379467704396953074680174658013718882652749723099586262,QmZ3ziE5GK6HFMzeqrNjehQsBaX96aRPDuCnZLD9tyW4E4,QmSrDzPo6gH2V9tdfZskEfzQey1ZvsnwWqexLvzrf6CHa5
513,50155857397875397259976379467704396953074680174658013718882652749723099586263,QmZXJK3j3224sqExXxBvDQy3ZtuY4WAMGk7yK5kwzPXq4R,QmUffPM14K9UVpbfh2ZPe6n1AXLrLqL3Th5jr1Sf1nqhVo
514,50155857397875397259976379467704396953074680174658013718882652749723099586264,QmXCDGB4iKJGAtjyzESpHFyXUooqBQWMzHxhcQu1E8phDW,QmbeeeEELbxudmwhi24418h8tFFYazPXJQrSsk6WJ9kh5D
515,50155857397875397259976379467704396953074680174658013718882652749723099586265,QmaNaH78rmuRjewKr4CSqMxXd2sAhY3JVHcr8qqUD7o5oq,Qme5RgqFJ1QjX4V6GThfQCG4wAuNs8RQouxaTKGaxJdDaU
516,50155857397875397259976379467704396953074680174658013718882652749723099586266,Qmb3GsBGDF7wcbpqMNBqvfjtC4wT4BUVMtoPeCy9Vj9dfB,QmcRcmKaZ2iyZ177viU3LXaRhPERHT5jg2zysYj1GWkNAQ
517,50155857397875397259976379467704396953074680174658013718882652749723099586267,QmVV6M3Zfnh1om8TCFKNW7QpzixYdQuGQtLCy6FF8R8owb,QmTW2uFeiqAywfPRN36jUTZPJhaZNKU3nrVg1PM8um3wbD
518,50155857397875397259976379467704396953074680174658013718882652749723099586268,QmRBXZZSnVwNyGLZCERtFigr26hzEvpHT7hKmamnGERidk,QmQ8QEFjiaW55bMZA5Htq2YEREpE3FunFLgkquwDxBcPTc
519,50155857397875397259976379467704396953074680174658013718882652749723099586269,QmVCBM3ZYH2sVKhCZxP3sRjiBvmiMbnUdqUDBLNmbzASkc,QmV4i2bMrmfrsLYbk7sGVZEwhSN8xpaw6h7gVQEa2Sc2tN
520,50155857397875397259976379467704396953074680174658013718882652749723099586270,QmNzMztjLSAxFbChJ3wQxKGhkpLRRgntWRv6Hgrt2dnDDZ,QmNkNF4CCGg4fSgQMZFtH9YNaHaXDV2BudDmsfzQ8MRs4w
521,50155857397875397259976379467704396953074680174658013718882652749723099586271,QmcLkysRyGwhciye5MCD497WziGzW22LYk5TQvSmUKSaQk,QmRAppkFMjHcfQu6ofjw1N8FKY9cLNfBW8Gy2orVmg6eV5
522,50155857397875397259976379467704396953074680174658013718882652749723099586272,QmSaL6jZXA5Vv8Ump3HVzvJRNtmCm31GEyX7qE5VMWDiYV,QmejLQCEtofi4SrCZRQCmABxfvhNFfDhWVgN8oHaSSoojq
523,50155857397875397259976379467704396953074680174658013718882652749723099586273,QmVGWompTX2v7wPfEDvoqDYqVnUQZXdWc1dR2t74pLXYFU,Qmbz42ahbb9yfvWsaVn5BGASyDDgNMS32FAwgk5YhYaVQP
524,50155857397875397259976379467704396953074680174658013718882652749723099586274,QmVmoLt2xz7fcZEMpKgqsELK4SYMSr5HbtPy7RxG24LH4o,QmNb8j8T8APWKUNFrM7xvp4Ln6eD4qvYuV9Xh53x7se17N
525,50155857397875397259976379467704396953074680174658013718882652749723099586275,Qmb1w3t1jg3Kj1nWz1BTRnyfuzUanwck3uvvkXdVfQhhEM,Qmcbqm5fHofCE7smWcPyww2VBhVKkvBeN5c7o1FSf4Zw5M
526,50155857397875397259976379467704396953074680174658013718882652749723099586276,QmcSp4ihKvRw6my5j2194sn23Pj9mKPvFZbiXBjGMuGEvJ,QmXwn255S9nM5hsqaZHvir3EPE3UMkFKgx6E1z5sZSXJQj
527,50155857397875397259976379467704396953074680174658013718882652749723099586277,QmcekbZjjbCt6jCTcPSHHcNWS4sgrhKJMtw7HSAZbHqFww,Qmedz1DveAGon3QbbhCx88w6jxpAcsUD72ayuGSkViJrrr
528,50155857397875397259976379467704396953074680174658013718882652749723099586278,QmZuF5642X94zxzw7MK3mRifQ78hANUhKi5QWZt9yL5Kwj,QmVUmGHL6HEjwAWfoU2PfPofTqWgnTemkmKi6B981URCCt
529,50155857397875397259976379467704396953074680174658013718882652749723099586279,QmXnnckGS9HiqWPffKgc5owGSyvuGbc8gH7TQGBowBGbgc,QmYQTbBWqiW5jCUwYvUrTPkgRLzoKab5tCnXmG4FKnPLY8
530,50155857397875397259976379467704396953074680174658013718882652749723099586280,Qmeqr2c2yHf5ppeje2EvA86raPhPuawD8UMLjMhoy4dpq9,QmbuhmKYnXooA172Pi1Vv2LtdsKAG48FxsqyKU8HvFkrzH
531,50155857397875397259976379467704396953074680174658013718882652749723099586281,QmWwvsuhLDUUSRvd6Z57pfcLZT42sVKhKwmsQhponCWyZp,QmTBbr2g3uWTiXjV7FpTzAcRdT3aiZ2EvQd8CGePCT4cbG
532,50155857397875397259976379467704396953074680174658013718882652749723099586282,QmWYeb33M6GPfRWmMeyTMJQh5zJdKAswqPRoiA8hQp8pCt,QmTpK5fBSD6M67vNeS1drHoboTdiNFNKzTCyPMQaPppipr
533,50155857397875397259976379467704396953074680174658013718882652749723099586283,QmRN1AU9rVhyVgU1CezQiL9FJZrhL5rf2Ejtp5E48fsyZy,QmVVT5L1jLK554A4An4oKaSAdEJgXsQA1Q86fNY4nRaTwp
534,50155857397875397259976379467704396953074680174658013718882652749723099586284,Qmb7f6TNKqdL6su3kyEzQkP8TGTyDUrG2CRqQi7B2YTQV7,QmdJhxEvj84iq7C9umfY9ErbANk15Yq4HxSFWhduV1LSNK
535,50155857397875397259976379467704396953074680174658013718882652749723099586285,QmSHeZZgW8BtrSepb1hWcqXJbrQMBwmgdqhjMtmd5u8262,QmNh16PTgbvjmMWdWQLHs8KD6BRKtLeCfUoCdinooBKkyk
536,50155857397875397259976379467704396953074680174658013718882652749723099586286,QmTVCoJfWWXTqqAzQj3s43u76HUPnTSxyCqYyQVHuHCPvB,QmZMxwV2Q1uWj4VHTWd3ZWiz6ZXBmzWzRWYG9Z7hZCo1vX
537,50155857397875397259976379467704396953074680174658013718882652749723099586287,QmZZtxZ6mqZ78qinQhYspbXiqWMkggpUmSvYGL2uPYjLnb,QmW6QnLHXwChgpJNBVbtoRWw8fpoiVfu4ExXHszJCVjrJW
538,50155857397875397259976379467704396953074680174658013718882652749723099586288,QmapropdMA2zah7E9ptzyBasxztVKp6D26tPfYkryQrGnq,QmNtiN98u9F7KsGTFsuRzqy1xae7UewPd9HLv6rdEhVG1d
539,50155857397875397259976379467704396953074680174658013718882652749723099586289,QmXc5GYKdWpQ4m1XtyfGrLJLZzcokRLxYZDJN7peLHJwq4,QmRNFY4dwtYS4GFJQNTLBtktaN4KRFsUntvtF1JsA2BGmT
540,50155857397875397259976379467704396953074680174658013718882652749723099586290,QmNVFZZ7h1GuQkyHv1DoN8AyMT6an9KY9xWeAPwh1ogP3y,QmQKwLyJZiVPZmknzC1yfxxpPRVVkdgpYj8h5Q6C8pVSqg
541,50155857397875397259976379467704396953074680174658013718882652749723099586291,QmcFfk3PgBCAjEps1odg89GEcR93AcXSKby2MKQAVns5ae,QmXFkjtxQtag6HLa1WBppdo8zFAXoV5xbCCDg5Kh9Lg1w7
542,50155857397875397259976379467704396953074680174658013718882652749723099586292,QmXw1thFqhqvHVNwANPKsmh7CQHFABBBs2RxzNAX5UEGMu,QmYk484r7byN3wXo7mkP6PcfSAvjBWnqjhDbGMKRBF6LjU
543,50155857397875397259976379467704396953074680174658013718882652749723099586293,QmesrQYVUjGybHfzC9mVsQWQ2Zu3dzVDgt33Pmege4cXGp,Qmaj18pwUB84ECXTHGbs7oFjeezxwgNUDacCXRvy2UZvN7
544,50155857397875397259976379467704396953074680174658013718882652749723099586294,QmcSYV1MRyPjj59kXQWBWDgeJefCWXVAkr32ZhFueip65E,QmYzoCnZjrTcDqBzEmD3mRpEQ7dvZpzrXojgpP3YrBf9Tq
545,50155857397875397259976379467704396953074680174658013718882652749723099586295,QmVcVGKX7hjDCQv9WsEJNHgpTxr1WEoBtVgdZcQsMSfN4J,QmXm44TsHuv6vHPz8WgBNAT8oenc5uJWm9GSqkWjx3AQc7
546,50155857397875397259976379467704396953074680174658013718882652749723099586296,QmXLfLuTJAUfUQWzxjCLVyZtbYnDBzf2bom1ssNLyZ5nRV,QmWLZNkHVZh4Td7AUxybf9Ti9cJXn8BJtWcdPmp35Mcxun
547,50155857397875397259976379467704396953074680174658013718882652749723099586297,QmTtQdwBqG9Xr23k2dvQEkpXsUd3XK2KpEMJs7ydk3akoN,QmT42F41KbiYa5NTpCfZkiofHtz5kwAfwC54U7pGBk7CZM
548,50155857397875397259976379467704396953074680174658013718882652749723099586298,QmTBhSYtqm814S8KTo4pYg7nXSA8CDHXhYdhy8ztKVXJSv,QmQSeRLqb5vJpn2regPV7YaFpDjjqXkfZWMnGubsP3kkvt
549,50155857397875397259976379467704396953074680174658013718882652749723099586299,QmPJx1njk8BjVZ7Praxt6vqnnY1LBQSGNHWXex8doRMvCn,Qmc4vtSmN2F8pjs24XXcCnvbVBcvbrtS3Y4y5ud4drLg7Y
550,50155857397875397259976379467704396953074680174658013718882652749723099586300,QmVbewrmAsVX2kAXcz63Nh46BdCWAzfFXwUTdQmYNbH4MX,QmNgK9zCxXmezHYQTwVLLQH3UEgPDSaAQnp8CXcWdbuNpW
551,50155857397875397259976379467704396953074680174658013718882652749723099586301,QmVmHuRUrxQaf72pZm3FGbJ8QjPcwXtj8yDNH3Fts3H6ba,QmYK6ap6maEmt1QfM9edNid4ky5LM6eFZj5Bt6YcDTkaUD
552,50155857397875397259976379467704396953074680174658013718882652749723099586302,QmXQZJAg18rCjAdGy1R6Chwdqmhz1xPiBnigA8xwGenwSL,QmYexKiN6nMMvLJrFjDPsacLjrvMfsnB55f3cBgWi2LX5M
553,50155857397875397259976379467704396953074680174658013718882652749723099586303,QmTr8HA5xBnknfjb1aF5Mb99nJNHHM53DAmKhLNW3oa35j,QmYNumYFzBif5WbuCXXJUdxeDRpog6EomUugdy2K5zGaet
554,50155857397875397259976379467704396953074680174658013718882652749723099586304,QmZQechRuHGdMyVzYXH3bjXEviSmm7whfrruStFgp7ofjM,QmUV1mvYfsEkhTwA1snKs7RZg5oLTtyWx4Y6MAgQkCPpBZ
555,50155857397875397259976379467704396953074680174658013718882652749723099586305,QmVVxxCszuuq3gqKGMt6Guz7tpBTuCbsPn5oH1jzqA3Zut,QmTbytLQkNSHA7fyii7E8SXj6uwguott9iMs14uDPwebBz
556,50155857397875397259976379467704396953074680174658013718882652749723099586306,QmcYcpykUJbkk6gHpFTALJztGcrxPfSikSgMg4eWEZqDMz,QmRdD232knpYNpeUNdbLhForAPK3efZt4Ng5VkB8kHrNWr
557,50155857397875397259976379467704396953074680174658013718882652749723099586307,QmRAaFzag4ptRN2RVUcMFr2c5icPMuyaPiv6NYcMaP7puR,QmaAoq6isdgVAvUMXjcdesb2gbHtezM7HXEjGbzsXPoB29
558,50155857397875397259976379467704396953074680174658013718882652749723099586308,QmZwXHZ8oyJtcfv1qHmFzmwpX6oBGsBqPFDpt7dLuJ1SzL,QmUCzMdqx5qVSyk3CgC62q2raFiqueGudK1Fk6JjHKgm4u
559,50155857397875397259976379467704396953074680174658013718882652749723099586309,QmPEfyGLr693BsfoDQ1m3cF13UDchxoXrjrh1Hv8b1spGb,QmQX9RRoXwsDu8LLReA2NutgHgh49AcQhn4rwcxZHRcS5B
560,50155857397875397259976379467704396953074680174658013718882652749723099586310,QmdrjoVm8mfpDmqUiynhEAmN3AHueP65BWsez2oGnKMaaZ,QmYjpVvTXV3C5iGKot8sLbNgGrYwzFEraDByTNfYVmBfJW
561,50155857397875397259976379467704396953074680174658013718882652749723099586311,QmYdoJa3gxH7j7HPq1MQiWvhMRQpwpXU3sEqKcHxBHmbZY,QmbSbGxCtmC4yL9ZiACkqyn5Dv8iYiv3pvdHWWXe1CZ2Ys
562,50155857397875397259976379467704396953074680174658013718882652749723099586312,QmSkE6QHEcw6jHfZnHZWp2s1miT3A4C8aC1LBXTvdXprAj,QmSYKnZ7QdnVzajMmWU8Uo23zizPYwYndwCJATPjbJchBy
563,50155857397875397259976379467704396953074680174658013718882652749723099586313,QmdkFmYTuN43Z3TwJN2uL6rnjvBD7JThsvLEeGEfB5WU96,QmU2ZS8ZuKut53Kb3VpPVTfMXz4sZ7RUsBWeKTFkSXLRS1
564,50155857397875397259976379467704396953074680174658013718882652749723099586314,QmPNBRxV3RQqM287jRbYKVdB89omwqhXxPf3M9NJ1Cmbv6,QmXRMf5zYK9N7kM3v5R9EDpGKmxgitQjQdByCm6nHCgNsG
565,50155857397875397259976379467704396953074680174658013718882652749723099586315,QmaVhJk1HJQDfFTukEfmdhEw9fTWuDyBrdgrfx4HpiAHzM,QmRkq4V8iA9oTXgbuR9siDPEgnuc8g2YaTxtbFaQe7Hq6i
566,50155857397875397259976379467704396953074680174658013718882652749723099586316,QmUNfupRqCUZdMCkrE4jV3pYXKymtpZKjCN3wxocC4RbKT,QmQnYsVsyspFxnvD4X7hpDRgahrDudRqUKNqt69NbNuNSo
567,50155857397875397259976379467704396953074680174658013718882652749723099586317,QmWdwpjAvSnAARiR8BhTvpeGFhqsc3Y5JPESbiFazTQ9dd,QmPWxYoiE8Gxe1NSsSZ7thNZ1DsS5QJaWkWB5KmYogoLYf
568,50155857397875397259976379467704396953074680174658013718882652749723099586318,QmRmDxBgEtLLLT74XBpGZAG1Y72gF4muQxEZMRfmcjRTYc,QmSW9JcovBJxHp9aondacUPShzgHKBhNJiLL1Se592qZ5m
569,50155857397875397259976379467704396953074680174658013718882652749723099586319,QmcF2hFShUXeAyYCPoHL7Ly8cqLvRcmn8MB81UvKsdh7st,QmafeWBtAx9Lxge4Wh2Rmjz8SmaTwyiWJGeXE74HUwUsp2
570,50155857397875397259976379467704396953074680174658013718882652749723099586320,QmdNZNPr1CTDxYY1Qn3A87FSkhALfGkyJLANSYB98xzje6,QmNRjjVZn3EoPEdVCwYUfwUXT3D35SExjp6WZXqZCKjQ2p
571,50155857397875397259976379467704396953074680174658013718882652749723099586321,QmcLYu7weEkrVzjG3fmVdbaSAPVvaL7T3msRYBSi8xHMCm,QmUksVrtpkboDABMDp4oABEFExwkduR3b7xSXpynq3uzDZ
572,50155857397875397259976379467704396953074680174658013718882652749723099586322,QmUUW3F3KB7jiSGw54arrjtbWuM472VnaVDnPJk7v2pvUg,Qmc8jbuyTADUxFysY447oCxBms4KHwMw7NFefgcctwinqF
573,50155857397875397259976379467704396953074680174658013718882652749723099586323,QmUXy14h4SrvPa3DHvmFC5EtGMx5tUuVWE3MviMrMMsSCR,Qmd2qTXFen4dwoLrR57gWWuCg9PiA4LKo5ujJBzFhFWxso
574,50155857397875397259976379467704396953074680174658013718882652749723099586324,QmbwHrBJJJTogGcyRQxXkk9EUJCH5d4fTN61YdiwnjvzGV,QmPSHJURbU5JMjkagLQZmgKLZHKLjvMyaoJkEEKiKyMfPo
575,50155857397875397259976379467704396953074680174658013718882652749723099586325,Qma466M4XzhiqDki3veR9S9LdLvDEmpFJ4qjDqG3ZAGzGY,QmZVp7ksDPDWW36Zh5RkjXMYtqgM7ZK2SBiDVn8EYJwAbL
576,50155857397875397259976379467704396953074680174658013718882652749723099586326,QmUyhCocnp8mr4M1tX1uLYmpqEH5F87iZH1hAMkjVzeRqQ,QmUtgYes2M59KfMZ4eVyZ3uKwx3EpTZ1oDdeXpthQX8wVi
577,50155857397875397259976379467704396953074680174658013718882652749723099586327,QmaowgL1NeCmKKZMo5nz2kqtnxYcPoG9D2wYx8brfMoVUE,QmchzJfTL58gskRy2xgYCJydYii9BFuMF18VfnCTiy4Qk3
578,50155857397875397259976379467704396953074680174658013718882652749723099586328,QmSo4pWAne5gMuBbC7H5jw7UxYB42jqv1NKsxjRFvLjD1c,QmRQjnVCTHTNyVieqqcTeAytEXFk2k6FfuNrrvP4591d1v
579,50155857397875397259976379467704396953074680174658013718882652749723099586329,QmR8eMZeca3M4RiM6RfEboceLD669PmS13kDqMgbWyU6hM,QmbDuREwHtSdaJZdXjG2vappBTKSCwP6Anogeh6ZWaF5Ps
580,50155857397875397259976379467704396953074680174658013718882652749723099586330,QmetbZ9U7rBQqkE5Tpvj4R13NnpRa3mqdzZnKbiWohRz1h,QmNRAgnxZAEECmomLqn8Sa1bUNnNUUgrhg7E1bvFs5tcN9
581,50155857397875397259976379467704396953074680174658013718882652749723099586331,QmPoAJdt56mcvWBQFfL3bxUU3khNvEKWGT8XaMoCyt23RT,QmbwiUXzFnVE7sHYihYLmqCSmC91Z66zLymENKV5XjdM5D
582,50155857397875397259976379467704396953074680174658013718882652749723099586332,QmUdQH9oGvgNFMddw3dCS9exPPchJ1YBREcASi3BhAfk2R,QmNxc76JgfdRWJYXVT46sLypN5hgr5o9y32NkuYB3qneVw
583,50155857397875397259976379467704396953074680174658013718882652749723099586333,QmcQhArp4JQ9cfGBaW47QkBDh5n6w3pyYDqQJEaMejU3Z3,QmTdSm3vxHsx2rz4ZwLDffTYbLugTCY62J8NMhCrcwTHWs
584,50155857397875397259976379467704396953074680174658013718882652749723099586334,Qmcs59pEQUcDML1xsmz2gKCjxjNko1PLcpvaF67KNGLQf5,QmTZfH8qT6qe4CesZonreJEqWesCbAYETMLaSceeVc7FWa
585,50155857397875397259976379467704396953074680174658013718882652749723099586335,QmVvL76KcBpyJqb9PNvthNm1GChrqk3P4gFa49WJFVz4TY,QmPqB3qRgMbcsaExjHqZQmBuJG7dMRNmPFtRm7BGfTw49q
586,50155857397875397259976379467704396953074680174658013718882652749723099586336,QmPvYMhjuvTUkzqtbbnnXXhYTVgbdGzrhw1EaTj65xo8Eg,QmXZo2uZWzqRy6p9XkWWAGUcc7nsvC79fXLWoZXBKV4vPs
587,50155857397875397259976379467704396953074680174658013718882652749723099586337,QmSPBAUaFwWwfmnPFWbg2aD5pkd5rcyyh9n4WuMZmnLWj6,QmRsbdPknt9zWNdggEFbiBsXfvmnxySNLJ3trAeH5cEYqU
588,50155857397875397259976379467704396953074680174658013718882652749723099586338,QmVZdKYGune73FFihgDHdkG8gYs6qAthmR5TKUoELy5dg4,QmPmBZrY58bZih1aoauYAxSp7XZyEqfSewVcJyBSmrTpHx
589,50155857397875397259976379467704396953074680174658013718882652749723099586339,QmSK3QhPP6kjTZopWZadbWR8RhT7DxUa1mzzdo5Xz8V2X3,QmU5UBtJtiMRCQuPvdiy2RwRou6D2n9VjcvYhiCqhfzSY2
590,50155857397875397259976379467704396953074680174658013718882652749723099586340,QmVaj8txY4bBh5x94jG5sVYQqTSFAkFRzer3wb9MoekASs,Qme4QkEoCdG4AvajtEiUEHtaiyXMmTyL7iNWx7LX1GN9wC
591,50155857397875397259976379467704396953074680174658013718882652749723099586341,QmZdn7NRSARDZPPsHPUFoxu1KdNVEp1gkNDYTwerWkB8Yf,QmTfqg3ztnW5eKZZzkMYWC86qgiEuTttWpfB4ox2iGqg6x
592,50155857397875397259976379467704396953074680174658013718882652749723099586342,QmP5zUCagYcBaAFVPsXokCqbTh18xJn2byvtoMZeo6Nhdm,QmSn69xr6SGVtptPNd7X5CjcarjQHiRWZW51G6WTD6gYhd
593,50155857397875397259976379467704396953074680174658013718882652749723099586343,QmSkiZNoE5SptzdsXqhL1W2XJ8nGwkcB1qhyZmDfVxSnro,QmaG8rLUFdkK4b4WqHHcMgudgSvh7HYxj1zJg5j37QyNTp
594,50155857397875397259976379467704396953074680174658013718882652749723099586344,Qmc4PG2XjtbHTaDfByb3vCq91z9NAEMazwHQBMS9CH6qXM,QmXg1pQychQo58Fqyba2BnPY1oNRSAb15AAo6ParX2d4Tc
595,50155857397875397259976379467704396953074680174658013718882652749723099586345,QmTYdbVbK8VYeY8bQK59akBJN4UiMZ4H4CqJbXe6cbhS98,QmZjeFNdrjw8XQxe3XCmudtrYYq2CVyeUjomo4qH8uFwHT
596,50155857397875397259976379467704396953074680174658013718882652749723099586346,QmZz85W6Fm9Z3dEDegjt1kNovtyPUVzJCd1H3jBZ6i4nNM,QmQ1eqpJ1jVQ6s6AYbGbXzTmekxBt8Wo1NQtiBuBxjQJZp
597,50155857397875397259976379467704396953074680174658013718882652749723099586347,QmX86PAMso1z73nbXAk5DjtPauPoCLsPMoP3UfEBhNyLSy,QmV55kas5Gc7oJMh5DLCRS6ygHzcgpXvWNymuceBcs5wS3
598,50155857397875397259976379467704396953074680174658013718882652749723099586348,QmfKR3qGd7ds2rZAKGhUT1MRnYLHZhXRSXe9R3efegu1z8,QmQPbpgdrpWsQYKYGvL3bdqtoiCWgQJR3RTEeqz3wjkSq3
599,50155857397875397259976379467704396953074680174658013718882652749723099586349,QmebcSzYwkLLUZ8WerAZ1pb7sCKjYkSYAvWL3w9KTTYJiL,QmUrAsEQoaKaoVvgY2VGccv4ReoFnZ4ZkAZGfTJ1MBfY7R
600,50155857397875397259976379467704396953074680174658013718882652749723099586350,QmXwLKQYqPh45zVU7pfKxtyLmz8tNxr9P5MMyYzcLBz3Zz,QmSuoeUczgXQEDKZhEQeMG9DVKZj8qvEo4GKqBpvqCCn2K
