token_id,doc_cid,image,image_class,animation_url,animation_class,chain_needs_fix,census_says_cdn,drift
2439046679443273982118864381573244666653869184,QmWfFSN1ZRamTaWue4xtgeWW9au3fg3SkCoTZm2296e3MN,ipfs://QmaHFfjie4n4HErdiE59mY921imv6eJLqN4kCG6hwZtWUQ,ipfs,,absent,False,False,
2439046679443273982118864381573244666653869185,QmYCMYez1zHmAtbT7wFvYUwpJYP53evBMajRmwdoKGjepa,ipfs://QmQjrkhNxxS8UjKEaSKfZiPh4UffXmMQbwQrZBrGCqUgkk,ipfs,,absent,False,False,
2439046679443273982118864381573244666653869186,QmVngnusvn1C8d4PaX8EnW5JAFR9FheToefr7cn5gyg9Yi,ipfs://QmYwTVy3bLGLdSWKwyx5E4Ktr3T5vA1my2XwCGedHofYPf,ipfs,,absent,False,False,
2439046679443273982118864381573244666653869187,QmU5hDADbFC6U2cyr2kTorvfF4bnpUfhX6GdiyuwU4k1sg,ipfs://QmZiQpTgJTaie3Tz2f7wn12KdDczWWNV5vdzm3dfHydBDN,ipfs,,absent,False,False,
2439046679443273982118864381573244666653869188,QmZudWYf6Aj7QaqDwuXX8HLRkdFaiY3nxbGjHjwsFrRbsa,ipfs://QmQ3Ee3rJcyiWAJLRyK4DsCsBSDuvwaPpynHnU5W7PbsdF,ipfs,,absent,False,False,
2439046679443273982118864381573244666653869189,Qmdq72CCaxJt2gaMtWbtRUuMAurZF5ZW19AuvMHAVr1UX5,ipfs://QmTeidGCaAdpuz9471WLPtBGnyuFUV3Y3NMCHj8xK6Eomy,ipfs,,absent,False,False,
2439046679443273982118864381573244666653869190,QmTBvzRoMMUfKrzq7H2DBeGa8AknvzZA1VsB3Kf7oskD66,ipfs://QmUr3LURmViv7xRswqDMnjkyzsVyz3nuxXB15MedA7gBf8,ipfs,,absent,False,False,
2439046679443273982118864381573244666653869191,Qmazp975XkWnWEg5SfywHEyNhZS2C4zzkdfa121KecHYwV,ipfs://QmQTSxtKuMjsFxt8UTKwM5kH6CQZZ3torwyq3Vma5TTZTQ,ipfs,,absent,False,False,
2439046679443273982118864381573244666653869192,Qmb4o394x1hz45tmwu6c36J4YnnkWK2KAFAYrcy997L8Ky,ipfs://Qma4Pt4asegKYmXQtsZuSEFsGQAExQdKRC1Wr5hU7bY21w,ipfs,,absent,False,False,
2439046679443273982118864381573244666653869193,QmUeMCETCgfM2Aed8i66D6k7iuVc3EKMwx612n7dnPAcrC,ipfs://QmWJxfPqqtfUN4AW9pYCrtXGXcAA2meDNUGyG835Se2Pj8,ipfs,,absent,False,False,
2439046679443273982118864381573244666653869194,QmTdugZQ6pRtpst2CWUU8bjpAKhcRuqq1Af89KJDFaRwgo,ipfs://QmaVtMNigMRyn91Q4xuiYAmnoZhmpiHqikjDQyrD1gfit1,ipfs,,absent,False,False,
2439046679443273982118864381573244666653869195,QmVBKLD4XwLs1q4DorjpDd6HnMMPGrfpzbdYmxb3Qu6H8s,ipfs://QmTYk3nbLGZo69TDtqrFBiEKomNoQRJkpGdsBbt6a6JuSC,ipfs,,absent,False,False,
2439046679443273982118864381573244666653869196,Qmba7EQpmmyixu6tGWFoUvt8KV7ixfFGbG2cGfF36Pa2v9,ipfs://QmQXHRfd3HzHcSaxm4dWoN71T9X4g1HHbcGM2iebQH4NnR,ipfs,,absent,False,False,
2439046679443273982118864381573244666653869197,QmekP8BYqzYVq4zSfnZonvGVvtBbf9nQoUwvt1867fcsJ6,ipfs://Qmb52M4M5WHrt4HsSkBorA9uVV9XkDgGJJZgyAnkMyHA5Y,ipfs,,absent,False,False,
2439046679443273982118864381573244666653869198,QmcnpSUJZe7DZifAbsy6rgYSejN4EKDWZqqAgn4CWTc8ks,ipfs://QmQp9driaBhghGss8gY3neL7y5gQ85TULJBKaAEJonQ5Cu,ipfs,,absent,False,False,
2439046679443273982118864381573244666653869199,QmaPZ1kUB9rn6uLx7T8tE7L6UHxH9BbVLifthTC4QsbdzS,ipfs://QmcAHCxdFQ3U99R6Ag1mBTdY9jdW8rPRoRhc4k19PgaL2k,ipfs,,absent,False,False,
2439046679443273982118864381573244666653869200,QmPKj9fvHM9dkuGtMC9H8db2TStTzmgb6oesBkcMu8jWaj,ipfs://QmPrvcbvdP5LF4nx7Z4UBHBDZikufgwC1fvFGARCSBiMNS,ipfs,,absent,False,False,
2439046679443273982118864381573244666653869201,QmRVB4eyQp7qJUpF5PuoRBQHdZ7ou7zobquaPvKViMQ1Vo,ipfs://QmP5hBqGHQBshbS6YTSgfkhywz9VrX7KuzSg2t67hAzmd1,ipfs,,absent,False,False,
2439046679443273982118864381573244666653869202,QmUxHHk88srBeDwdjN4j3kksa7qqCazvEsAovwkk2Hh6Hm,ipfs://QmcSfNFeuQ5Ua1aRUnu7KiQSMxKyw1q4hKzSWuoAnPPJGu,ipfs,,absent,False,False,
2439046679443273982118864381573244666653869203,QmQQ1GK5PpVuVZMvZscC3nb165BbSH9ZqjB4uswPukqzJA,ipfs://QmREXH1K8rMc3g4gwMkyMQG3MLkyrHEy7n3vuari6iZ9qD,ipfs,,absent,False,False,
2439046679443273982118864381573244666653869204,QmSio2zFaswoKELcA6Y1VHucaGiTxdEFgFdbUDfxSYtGjN,ipfs://QmVPJiWztdShWnsxU67KG3S2EFuHqrszW8yW8tAkqNnFaU,ipfs,,absent,False,False,
2439046679443273982118864381573244666653869205,QmdB1Tk45HWnY4bqoDfbT291DXPChvn6Wn3estH53SE38a,ipfs://QmYkpiugob6fSCd4kLVr8ccRxNwuXBBT8ERxqkoEUa6iV9,ipfs,,absent,False,False,
2439046679443273982118864381573244666653869206,QmWnoR2f9HyTdHGUL95q7Th591xnfUH5bJaxXsZz6UnnRG,ipfs://QmSmEb2VaRtbYcoGyoLmRHCht8GWMdMxY4w3p43gizKiqN,ipfs,,absent,False,False,
2439046679443273982118864381573244666653869207,QmX8NHTe5GvXHEaWKsGpZbD9jGgn6VEiQLYRRof5jRC157,ipfs://QmNdY78NzHLg8Z7wBhgau2eqjobdHT1wv4BfRUL74BSByc,ipfs,,absent,False,False,
2439046679443273982118864381573244666653869208,QmRTeFrfyRjTJfd4T51kttc1NfetKSjLgaqRCD7oMGiU3S,ipfs://QmRBx8Q3pyUuMZewWG3b8btquavtA4Ewu4JbmE59SBHFnM,ipfs,,absent,False,False,
2439046679443273982118864381573244666653869209,QmbiXbaCfcrwCtXYURJrdxNHodjZqUqgZaoMFzcZuptGeN,ipfs://QmWj6kfScBjwrJaCdLGuuhAgQzfNaHdptcg8wJp3mg4rN1,ipfs,,absent,False,False,
2439046679443273982118864381573244666653869210,QmX7BDFEKmS9cwfTNcVe9fCwFbNu83xY4kDwRDCwZve54y,ipfs://QmVQqqPT69f1TuHRb7AahMTa1ddrf4qiMvNmroMKR6SWqw,ipfs,,absent,False,False,
2439046679443273982118864381573244666653869211,QmTJcVHb5b4BfScE7cHuRA6AKHL2wxCBUsntX9XoCaSxpa,ipfs://QmSBLzZ4H4DNpfgobzjmVHnyD9tkkcxEFGQYKgo2X3txFH,ipfs,,absent,False,False,
2439046679443273982118864381573244666653869212,QmasgoS82cNTED4tVWWUHvtiBGafBSB3gbtFsBx46hbxB9,ipfs://QmZU8jUfMVAvnvjLAougLM8v1ZD6WmXYnusxtr4s72eNQw,ipfs,,absent,False,False,
2439046679443273982118864381573244666653869213,QmXnG1Najuf8aAiKeMPjwF2s1hp5typpQS4LNMjgQbuqPF,ipfs://QmRgVPTuhQC1z9FCChnN4depbuB65qqSrGeDBWpN2usp4f,ipfs,,absent,False,False,
2439046679443273982118864381573244666653869214,QmZw9vnK3hE8zUXp8EkfwaeB9z1kvHUrr4BM65xiZdDUkU,ipfs://QmXifjvmL2jApNLPMDn7qapM3RNzds8cwDFrMQzHcDL4mf,ipfs,,absent,False,False,
2439046679443273982118864381573244666653869215,QmbCecSc4hDhZinPmRkFCcQd9QJVebGVE16PiQeMxc44bN,ipfs://QmdQhaXy9G2FJRETBSezNHNMai9cRqh5JJwKFQkWSWkdT7,ipfs,,absent,False,False,
2439046679443273982118864381573244666653869216,QmS1xc14dvTtGZYKVHPymzMYnpnPCEgJob697dPLNbDciw,ipfs://QmetDd6qRDTGE6azykvrVKjk4XCpc19GsZRsVkJY5vCoUd,ipfs,,absent,False,False,
2439046679443273982118864381573244666653869217,QmVLWYCDNDuJQVsWEiCHypkwGZCnSQBGey5ndRuHLq3ng,ipfs://QmNq4Em8XpJJJrdKxHPReUungjKLsN39zQHK2pVYrsJtPs,ipfs,,absent,False,False,
2439046679443273982118864381573244666653869218,QmPnyqtQcAWyr6s5Tgx6vDrNZjKAt1TXCYugx1d2YZQC8T,ipfs://QmRLB1DNrK33AqKNmJi6uvyC7AQc7otQ3ZNhBz8qdp7NJ4,ipfs,,absent,False,False,
2439046679443273982118864381573244666653869219,QmfNffGcj8AHbRZPBjBUb97ejLmFtTBtY5B7mK1nVrwV6T,ipfs://QmUUAFwvK3aqAAgtmW8AstKP8gtTXEhZWzzyU1k6WDDkfE,ipfs,,absent,False,False,
2439046679443273982118864381573244666653869220,QmQCi23f8eFeukSnkoPo5xCUQL4oVtLWn66Rqz3Rt1dqL1,ipfs://QmZPy6SBRf5Pj1zmSuSMmCnZ8WR8EhJv8vGGKfXoiD4XGB,ipfs,,absent,False,False,
2439046679443273982118864381573244666653869221,QmTPCRtsaTL6Sh15GjfKja3cZd7GkpvuSATs9yxiBb8JHr,ipfs://QmVzLcJPLfDsP7usKuz73qhY6hwt3GjrvBcNXPnpZxHp98,ipfs,,absent,False,False,
2439046679443273982118864381573244666653869222,QmTYVTANv75t3rSiP3wAbUDaa1ds9UFFPmjmyjCtGw3vpS,ipfs://QmPSNaPaDdHHgXwoA6YY4C64idayjAeh3gASHyc4SoaydZ,ipfs,,absent,False,False,
2439046679443273982118864381573244666653869223,QmcgMiNY4iuD7wdyzkm3STMZ8RgwV3iGtyamjV9XSKejbg,ipfs://QmRd6CgUCuc1iWg9fNxsAik42HGwbVTHn8btHs5bwGucdT,ipfs,,absent,False,False,
2439046679443273982118864381573244666653869224,QmYKZmVcgM2gv7szwBfDX4v1bbfXAsArw4oqb4EySmYDLb,ipfs://QmbYyw7zpDD1nbXEK4G3bg9pByoM5vV8FENXpgN2PYTroe,ipfs,,absent,False,False,
2439046679443273982118864381573244666653869225,QmbRBvFv9QGYGF6T3DifGEwH81wmKCTQXtsRAXdwQxwS2k,ipfs://QmacYUqzjdWryPJ6eR7Vj6RtXqxxhJZWoxAy2gTop3wV1J,ipfs,,absent,False,False,
2439046679443273982118864381573244666653869226,QmbyCxC7agyvb3WaZgF4nCzKx4uEVPfJZQNAaFeziZLa4M,ipfs://QmXyoH3CWGoPun7eASAKpBiQR6kPzg8D7qL8rwVnUBFz13,ipfs,,absent,False,False,
2439046679443273982118864381573244666653869227,Qma6NeAf9YBP6KYyhCbgChfzt1HZZREWMWoKqnPczv3gV3,ipfs://QmeLWajE8tgZomuNXm4ESmx15SDMNe6hDxDX3iWSaUrDSq,ipfs,,absent,False,False,
2439046679443273982118864381573244666653869228,QmZhMZbL4J1kbCRfLigNSR6cUGP6foTCCz72Trd9sB44TJ,ipfs://QmPG4NVYqJ7U2zjUiv65XYrLukvEGszZyRHq7LJ4ewfT29,ipfs,,absent,False,False,
2439046679443273982118864381573244666653869229,QmTq1fAjxS4bn9Px6QYo98XoQqaa1YPw4R3QiPDUDE4oeh,ipfs://QmYF8vwiRQp6zTn7KC8uDVCbAVQPec4efvSuoDB9TUb5jm,ipfs,,absent,False,False,
2439046679443273982118864381573244666653869230,Qmao2hPkpdGMbG9WgrhH1VGBMfQTcMWpsc8rbxf7XbkoYY,ipfs://QmTKhjGc7A3ekhjese7ya8kvezHVfmhzEzu4Ds7p1cZoXn,ipfs,,absent,False,False,
2439046679443273982118864381573244666653869231,QmXUmFxMsUVGRBS8R5jM1TjjU7Qpf6uBVR7Ej51Jy4YzWy,ipfs://QmS3vAEGHeNyQ99LxoWCR8CfWoiURrEipZJzno9mN1bcdk,ipfs,,absent,False,False,
2439046679443273982118864381573244666653869232,QmQq1Pst9Su6t5ynkwqC8METrPZAzHDrkphhMq2VrDjhEf,ipfs://QmRYwxmXQjnbqAqKE62Vf5vxfuD2wxVf37NZBBA1NiMhDD,ipfs,,absent,False,False,
2439046679443273982118864381573244666653869233,QmS4kYK6hatYLw5wRfk5FvbCysENxNnGXzgaKJZHGojZ2j,ipfs://QmWK4m1heCuGL9L1offRWH1iGEErE26NqHyGJszDowy3NH,ipfs,,absent,False,False,
2439046679443273982118864381573244666653869234,QmX5iJn8q2zjm1fxaJKx59vY8vX4USc1kheXSBMi7dm9cs,ipfs://QmRHkWwsB782arVu9Kj1ha3gfi9CaomJh3jHQVNtH6HSPG,ipfs,,absent,False,False,
2439046679443273982118864381573244666653869235,QmUCeRRpu32DYb7CT2eCPdknzYBhjwxu5XsRQK1ofx7m8s,ipfs://QmS8guHkzMRUD2QmRpF2kMxZSARFc6DkqRGC6UEWK33EeA,ipfs,,absent,False,False,
2439046679443273982118864381573244666653869236,QmSbBK61wfgiuUchJz66kkVgH7NAhjuxKHFNTJDLvrmMzi,ipfs://QmVQAVzWCoPKg8vLLJmAYq7APkp2eJYhnPggGmb76ZebLV,ipfs,,absent,False,False,
2439046679443273982118864381573244666653869237,QmeS1hMc1ieoGiRHPi1ruYVM3qSrFULy8TE5U2TH8TmfDR,ipfs://QmShTQcuzz6M1W8pLNy2ugZtzsdsLFtZmTXRwAH65H16aH,ipfs,,absent,False,False,
2439046679443273982118864381573244666653869238,QmbnLLdr8KkAQsLpcEWxjFfAey3byEpRPBABEdUYRaNaX6,ipfs://QmQfWGLK87VHCfLKxBBqxiTNJugWiDC57e3mcKPSpjjKks,ipfs,,absent,False,False,
2439046679443273982118864381573244666653869239,QmW3411t58dBywX8Wq6Qg87TyPg8xsLuk3uN9WUYNkvqiF,ipfs://QmU9ekn4s8wu8WJuv3oDoBiMLE49fmaeCBnDJYAumpxu9t,ipfs,,absent,False,False,
2439046679443273982118864381573244666653869240,QmTP27F48qdAbmwmCnPwZH9ZRUCA8j1ecADULThsmciGMg,ipfs://QmbEPVYbBi4qpWtPSrmjFLegw6iYtqsMFQYQVCUZnCaJ2m,ipfs,,absent,False,False,
2439046679443273982118864381573244666653869241,QmbBfGJFN4PhcNC9J82ebmBUAL6DEcBZw8XtPNiwcXYaDs,ipfs://QmXbkqoyhJtPy2rShLj79E7xuwukhj1eyML7kRYY2t7toJ,ipfs,,absent,False,False,
2439046679443273982118864381573244666653869242,QmU29zbHeL5BTMbN8RS96eKegtJsXuBx2q2ZYQittHp86R,ipfs://QmSDxz4AyVbmHrQxq77xJF2YcrusmX1z8VejCbAJrUWWXG,ipfs,,absent,False,False,
2439046679443273982118864381573244666653869243,QmepXGUxHtbvNZQckbwsck1PcStngj2tigmSnyJafVMa4h,ipfs://QmWpfuDtxDShWw4ftVf1UhihNw4UpJQstTbsMCn9tx9aG8,ipfs,,absent,False,False,
2439046679443273982118864381573244666653869244,QmVM6XtEwZfoMdXtsmMePD5cVcKuHoB9JbSH5ixwJGyREk,ipfs://QmUXSVPr78FpBnKxzkweWtYAu5t2AgcAGhhCEc44diSrs8,ipfs,,absent,False,False,
2439046679443273982118864381573244666653869245,QmYgXeFPgipGgKLHXofsvZDfZMzd1DcyWHU7BLKHJdRvCG,ipfs://QmPnoGVxPWwFJTCU3aTgbrs7M2xTDrwJ2xzPyuSUbjmDNG,ipfs,,absent,False,False,
2439046679443273982118864381573244666653869246,QmZ7ymmkjyjEPU6bzo3ZkxAtDWvvJHz2CWmNvn1FzzD78e,ipfs://QmaAeb5b8pZCFMxT8T4LexpPZiM2D2sFhhRsRSPjA6qBPk,ipfs,,absent,False,False,
2439046679443273982118864381573244666653869247,QmTjHkxTjmSnQ4umr8JRN1j6JaA82n94jn41SKZwqUvtJK,ipfs://QmY3eyWWzRFqDedTzqyzyGD4N5H2tSdfyyfUh6Yeeny355,ipfs,,absent,False,False,
2439046679443273982118864381573244666653869248,QmUjwCHr1WZV5SsJmk63ZNYHfG4KYae4VjveVWT4EUa84m,ipfs://QmQkwm2Yn6VR7FzXTpbhEi4oLocxMgmQe9opW3CK8xQubB,ipfs,,absent,False,False,
2439046679443273982118864381573244666653869249,QmNsA4MyTodC8FHpHRgCfMbeCLXek8ddon3oDFtxy8ZFUg,ipfs://QmeGpkqi8VEfTQUM57nYb4rW9dn4GZwkW7rv8gPZiAapWf,ipfs,,absent,False,False,
2439046679443273982118864381573244666653869250,QmTEkptyaGqVvBZtJshhAmfiuRFsYVm4NqYrVHYvJhceJy,ipfs://QmRrKBofKC93z32JC84ibft2rAdjS1muTcAkgTLqbEPrWz,ipfs,,absent,False,False,
2439046679443273982118864381573244666653869251,QmVLEqL9nWY9ARAzsxRbPZjt262v6zuaz1GqfwBwavtauQ,ipfs://QmSYHzQArm3pnr56CS6KXK6UWyopu1nRTd4MBKf2ReK4JL,ipfs,,absent,False,False,
2439046679443273982118864381573244666653869252,QmVnhrKDMfrnXn1gZpzN2H5Rf62xcDTowd9k7jzuZohM7p,ipfs://QmdLeFe3qwpnSzcSNuArWrtQP7ym76wCqrTJk5oNUyvJMn,ipfs,,absent,False,False,
2439046679443273982118864381573244666653869253,QmYbx4xb4kHkwb5cXvwQ6qM8jp3PbcK8wedyzDBWS4KtGB,ipfs://QmYt7hJRHa6SJVmRbGZzucyWJ9DaTyn6NXB9GQoxuMXXSL,ipfs,,absent,False,False,
2439046679443273982118864381573244666653869254,QmdmhwiE7Rzf39jzXnndyTxdNngireRqodMDhctUdbvkfg,ipfs://QmUUrgC3vxYiisV1StKdZ61JdxF58HR36MaPKuKhaL3whw,ipfs,,absent,False,False,
2439046679443273982118864381573244666653869255,QmT7kDPuzwq3nLuZmmZpTDBMNCAwbZEnfgHFjkB3UJyfEV,ipfs://QmfVEViZXg1wNfszGQs2ofbsgRW2cbHev5bxELBiPk6H6h,ipfs,,absent,False,False,
2439046679443273982118864381573244666653869256,QmTnRLSAa47Ji9waiVKHd5yV4sY4TSFxT9wT98QUpBTb6C,ipfs://Qma2sZ5aKGjPf1ZSzAAQiPK9BUsRwh2vY5QJU7zko7wYk3,ipfs,,absent,False,False,
2439046679443273982118864381573244666653869257,Qmb81Z2ncfmxEw5jJnXTV8gjnyL7u1AQL3DvzcRC7wz2a5,ipfs://QmVuK8mNc1SPMR3kWY9HucbLHFKpTWAwKW9YtzQQ1BEKR5,ipfs,,absent,False,False,
2439046679443273982118864381573244666653869258,QmYekoKoxHe6csKpdRpYao52Pui3aCjXzHCWrDu1JrW2mg,ipfs://QmYZBmqSg7MvVN6gFGJ1k71UQBhBQiRYNLUjkoEYqtpyid,ipfs,,absent,False,False,
2439046679443273982118864381573244666653869259,QmNMgXk9myWxizzV3psCfXA1EfJAvY77LpAvpDWryYvyvX,ipfs://QmbMojLGfkJLTXaDQbPkqkntUBaaKV9jSCbuXjboUV4Un7,ipfs,,absent,False,False,
2439046679443273982118864381573244666653869260,QmaupgEPfUzqbHc5aouY5h8b7MpK1upPSTn51iwpSFfNDv,ipfs://QmcytsZnoCSZXxgvsDq3tM2T37aSb3AJbNBcXfJ9e1vWLS,ipfs,,absent,False,False,
2439046679443273982118864381573244666653869261,QmVm5yGsQbxZ5BwQnMgT35LtnduNSBQggiDH6hLmVr1QDy,ipfs://QmXXgPa39fqEQQbB9DGmJ33uzXhrKNdecEa2qzFm3gShEy,ipfs,,absent,False,False,
2439046679443273982118864381573244666653869262,QmY4qJvwyRHYXoLoopJmb48WL6raEvw9wjrANuSTCn5dMY,ipfs://QmbMbfsHoegyjCFBTJAUt3yvtkoegeSoFgjCJaaxvMBK14,ipfs,,absent,False,False,
2439046679443273982118864381573244666653869263,Qmes9jSbvx1aEx3cjwesfwTw8nErZgU7YdLT5CknE63dJG,ipfs://QmP15FJ3t7M9D3qk3oR5wsa4AjfTQyfhm2y3FcoD1aokFD,ipfs,,absent,False,False,
2439046679443273982118864381573244666653869264,QmWRxjjXnHyvADnNsDXPE2GNqD9Hw8uQjsF9qB2qbnhwdQ,ipfs://QmPeLVL4RuYPuUDTta9dbjAs2DtVhhqHooWeGQMaN84cFQ,ipfs,,absent,False,False,
2439046679443273982118864381573244666653869265,QmShacNfpq4E9wL3aEnYguyZzDm36WU2UKo9X841q6yXek,ipfs://QmeV18Ae9pxJmgXED2so39aAXsmLSHJfXFub6HUSSRpAr1,ipfs,,absent,False,False,
2439046679443273982118864381573244666653869266,QmRaAPfcZCGs815gynKMVt8cCh9TfxTZdGKy4GR2q2AvQn,ipfs://QmfEj74aazV4NHRkQE5W6Zpkk6LEg3br6vP69SDdQ2wPFk,ipfs,,absent,False,False,
2439046679443273982118864381573244666653869267,Qme8d8DnRmgLU99Eseg8ecfSStKA1K5ix3Bz57uQNQ5L1C,ipfs://QmUL2UETtE8ZsJsmA7W7ge79K3UY43F31MPHhk5gBkgJqT,ipfs,,absent,False,False,
2439046679443273982118864381573244666653869268,QmaME4ZERuW5gtwFN94pcWyLuX5eXCmBvj8LxhpgjmDz62,ipfs://QmRca3XB1PRthr3jugkoxMRW7cUdfk9QG5ZkSSh42jkX4x,ipfs,,absent,False,False,
2439046679443273982118864381573244666653869269,QmZ8iMT6in7ytZbVBcXowt9QYMjXuFWvLoMnDKBFr2sVYe,ipfs://QmXDNrz8GRtuuejyvzGMtFpMsnJtKxCxGu4gXCDTgWRV6L,ipfs,,absent,False,False,
2439046679443273982118864381573244666653869270,QmfVmFGExkTuDH2Yj6XqpkzvVjuqV1N3nFJbYfRPdEjQvx,ipfs://QmSeKcA2vYJJ4atpo4R1htHtdjjbqnVBFtVL5mhYARmZiP,ipfs,,absent,False,False,
2439046679443273982118864381573244666653869271,QmcwrhQzk86ro1xi3ffmJTXVvvuH8X6aNt1mLKrhnsQorR,ipfs://QmXm6XtcqML3qMEpJZq734i5oe2YAueb92FadzdvShRNUb,ipfs,,absent,False,False,
2439046679443273982118864381573244666653869272,QmXNHg1XW8s5g2pHez5VmwiLLbeX2SwYvFtqGWyyDxBYK9,ipfs://Qmate8LZLQ7nFAkBMrE6g11bfF7Y3SWNxvHCP32eSh2UyQ,ipfs,,absent,False,False,
2439046679443273982118864381573244666653869273,QmajKfrrjQRTm5pbFoLf1yHB4pLAz3UfuQCqjA5cS6c68m,ipfs://QmVFGePyjDeSb6jX9UfSW7j1wTuN3tDUhJTztvH6Kpw6Bj,ipfs,,absent,False,False,
2439046679443273982118864381573244666653869274,QmXPxJx97vPg6miw7V3rRKA6AHtgqaXjgiKPV9DtNA1kEa,ipfs://QmTwiTStFX8rv4FBPdAm7LPQgUs8nMXqQa1N7kLJd4kxXp,ipfs,,absent,False,False,
2439046679443273982118864381573244666653869275,QmYPTmdtmGKK4txH1MZtJhGTkrfg5VrcvHGEWxLqrZkzV2,ipfs://QmXuTyT5hZYE6JJJz1x2GC7e2QFqxxVsUt6DBdwNPrezbw,ipfs,,absent,False,False,
2439046679443273982118864381573244666653869276,QmSiv7gi4dDbb5cSpTHiuqA2KNQq355itcYUsohV3gcmph,ipfs://QmWEp4HbQetn5X4p7ypBD8VcFnQN74663iXTiDDgRy5MFH,ipfs,,absent,False,False,
2439046679443273982118864381573244666653869277,QmZVH1TGzeDzxbdK4BcAYShgvW13o7Q9r5zBWZqoda2iYs,ipfs://QmW189gcbeFwexErUBT9pueH2TthdPNKDv17Evo6yA2rin,ipfs,,absent,False,False,
2439046679443273982118864381573244666653869278,QmZVc86m2QT4dFtWaTMkSyioM15rBzgskKY5wRbqkCDXyA,ipfs://QmNdkwBn4JyigDmpBReVTNQm6TLdWckV92qJ5hpkDYkpLv,ipfs,,absent,False,False,
2439046679443273982118864381573244666653869279,Qmdmnmg38ZPHRs6YjAriZyq3PySmedWsiF1WALDNWaYgpF,ipfs://QmYo6BuaGh356Q4MnT6mATx6qWy2XeAEoGGcBhu2cmTeeV,ipfs,,absent,False,False,
2439046679443273982118864381573244666653869280,QmQSEUoiR3x4s7jqJ5qbbRKmob3Le8ZTYAvitCWzisk86c,ipfs://Qmcaf75aLyBhfu3CwuRtWJaqzUkXLXKLxLhkJd6RnhHNG1,ipfs,,absent,False,False,
2439046679443273982118864381573244666653869281,QmU7mbowi9GSrGxq7GDj9DgSC1bYVdExCKn1b3kgErmazB,ipfs://QmSSkuB6afBBrRTB4wrZdsZ6nxq5F6bp2KBudBCTqjpPd2,ipfs,,absent,False,False,
2439046679443273982118864381573244666653869282,QmNMgJsU922oPuFUY4jyuNZvUqzmu8ZykHjbXvahG1dyRU,ipfs://QmaJwMgDYq1n8gTf6dB99gYtUKYhzP14ZoiMHmSRKkZt54,ipfs,,absent,False,False,
2439046679443273982118864381573244666653869283,QmWkXVR9vkYBWr7P4wiMJXmpxmwX5M7YEP6sjEodrhBZfD,ipfs://QmPfokJw1ixtTsU6gbU3KgcnUv4dDeeYA14W7dbjufd9En,ipfs,,absent,False,False,
2439046679443273982118864381573244666653869284,QmVWR3qqzCFbH9GbbXUeD2ZWjew2PvXrAPeyyQzQELzyaD,ipfs://QmQw4oLyC2AUCoZLdAapG4oFfGCUTVFgoh5L8toBr6FZn1,ipfs,,absent,False,False,
2439046679443273982118864381573244666653869285,QmT1puRjWL1qddJ9kqcww9dQaYdn9mkAs5Sgcix2eetHVJ,ipfs://QmdTUyEdofmKDBpryvEjBimDbWAwLPuy9ixoMzoE82JAU9,ipfs,,absent,False,False,
2439046679443273982118864381573244666653869286,QmbRixJWxdZAkdjtkFeztFNrCCQQ6uAMv31JWWPnDh1n5P,ipfs://QmYXvCohHTMP5N6SN74gFxYr2uLw5gqvD5Hg8coKSbLMeB,ipfs,,absent,False,False,
2439046679443273982118864381573244666653869287,QmeP4t98uQ5spCagiHwCCWr2W44iv8HaZzmTboMrmixiTY,ipfs://QmWqPXPq1ef7niKgWKws95DdJqhqcGHNv8PCRQBgwJ2mRP,ipfs,,absent,False,False,
2439046679443273982118864381573244666653869288,QmNiRyRfxkZjKcUZrycui1hbdYMDWfBLnYL8TDf9fuQ1bu,ipfs://QmPSC9kNBPcSMxSRgTHyRsqgzCH1usf9vdcR3E4mJQvCtq,ipfs,,absent,False,False,
2439046679443273982118864381573244666653869289,QmWHaUS5B2oSQBiEnXN1vHpXkT6ReydHdMqJQc93D3QMUJ,ipfs://QmUz8FHKunXn7FAMcmkPjK6TGCHCgu3ZQFyPJwnFdE39SQ,ipfs,,absent,False,False,
2439046679443273982118864381573244666653869290,QmV144xpKBMcHWXE9miX51zGqQfSY4A8cosXjxbuYRsSNf,ipfs://QmcSCfeDNJvsCzP18pLTiQXnjxGycq9riKpSfDvNRxfdCN,ipfs,,absent,False,False,
2439046679443273982118864381573244666653869291,QmYFqir8DXQgviSPfXj4CowMBG573aQ4bUvmWqKyQStxMJ,ipfs://QmNi7wsQTFLEKwXzuMA1X7U5iM2ZBW7Fg85Y7FKVTqVEeM,ipfs,,absent,False,False,
2439046679443273982118864381573244666653869292,QmYWYEkR6oed4cvemZxktHC67rVFFbqu7qDASs7xuBWKNA,ipfs://QmT2gXTNv8ZYRFUP5ctCTD4RDVzraDsMG4fZBzhJEvjN1D,ipfs,,absent,False,False,
2439046679443273982118864381573244666653869293,QmWov5Ek3LYxwnLgxcnrsMCdAaB5zVRygdusNgVYeFve6m,ipfs://QmYFrdjCw9RGcfQhZQPadR26kuZLMqZznHkpoCLKdu5w1U,ipfs,,absent,False,False,
2439046679443273982118864381573244666653869294,QmdyN9cUCzfkRhcJWkZGrtxPLzCoPFxDU3uaMtvmrnLwHz,ipfs://QmbwCG8pvcF4DTBFdn4LTv24D64AogK8jjUgWvsKJEhN7r,ipfs,,absent,False,False,
2439046679443273982118864381573244666653869295,QmZi21LTxMbtEu8djBmdSnyJLbMprChHwvxYcwT9X6nLkv,ipfs://Qmbmu8QjXZEKAt1Gt5kgRHacKMZQtpMeE5WffysoV4Y21R,ipfs,,absent,False,False,
2439046679443273982118864381573244666653869296,QmPhw8MDtU8WbXo6oYUfLHCSs5LmF2fcuKzsNcH8xznHm5,ipfs://QmbMCHmWV7Qow5h26qSJodyPExmENWhwfSHFhGBbAd82zQ,ipfs,,absent,False,False,
2439046679443273982118864381573244666653869297,QmZuUDq7aUZBhURAnUammaurkesZkTAN1w74v4z6djT9En,ipfs://QmRZDmwQwm5NCukUexjCgv3rRvSh6Z63qhuXMqZkE4t8tx,ipfs,,absent,False,False,
2439046679443273982118864381573244666653869298,QmY25peU3Z1VcQUoPoW6oHt9BxCqMtka9niXKKsCwvtUiN,ipfs://Qmap7fzu3zYG58NgWQ69CxBLdvuJxQxBXSrj9oEBC84X2q,ipfs,,absent,False,False,
2439046679443273982118864381573244666653869299,QmaFwc5Niy8BojGW7YBqANqTj6xj7sZM7APsUwmu7hMjGN,ipfs://QmTcgDu3zJdmcrPLfySEanhCxD5zwY8Y2pEscUaygLGfB6,ipfs,,absent,False,False,
2439046679443273982118864381573244666653869300,QmNSwuU2E2nTz1XEFtVRhsUtfz9Zcyxhemzc9g2aSWkGHu,ipfs://QmRSLFwoTTYD9NUyciz9EJPns4PnLzwFWA2sUT9BmKsa4B,ipfs,,absent,False,False,
2439046679443273982118864381573244666653869301,QmPYF6Kog9wwEYV4tF7EroMhVUSnF4a8G6DuydKmhKxeEP,ipfs://QmZCv24VyBJjRJkVtDonbaQ7WdTCTHbp1nhUDY8sNjsNKh,ipfs,,absent,False,False,
2439046679443273982118864381573244666653869302,QmYoNmsiXovtMoeVzLwwKJLjDx2CYgyVEzgJ5gkMUVxTWE,ipfs://QmWHWVyHrmeK9zLF5BYJMVEAa4SPF7DHSCcxFVmtWuTqyR,ipfs,,absent,False,False,
2439046679443273982118864381573244666653869303,QmT93QEBJukpG7TQV82HufG9c1rgZPfMtYfwxWeBZZhPWy,ipfs://Qmadgua4HdL5ubZtUG6GTRJYQci3gnXudQvZnpz2NqB38n,ipfs,,absent,False,False,
2439046679443273982118864381573244666653869304,QmdajbGut3CWYBUrFRvud9hgkSiGEgyDaDMzXEZjJ5ZBhZ,ipfs://QmXPhA12kapc3Pn9MddqYKmRn1K5ztHaCiKWY2BiBVY2iV,ipfs,,absent,False,False,
2439046679443273982118864381573244666653869305,QmWfHFvTkhUja5e1bvVKqM8HV7esNiyGNnq84UroSzSYHv,ipfs://QmbqKFJjzb7iVVpuzPc7mAKC81Gfk4mvHKbJM9cJ1DMrEs,ipfs,,absent,False,False,
2439046679443273982118864381573244666653869306,QmUoVPFVGTpgXTfryWvcTtFVQZ4zs81M4XQLRSMZc6syEG,ipfs://QmWYRdNwqGfXg3p7wmqEswmNEwjqkXFsaqygZ4JwAfN9dv,ipfs,,absent,False,False,
2439046679443273982118864381573244666653869307,QmWatFvM8VUx1wyqMgHV7Uk5tWoDwEmXmd2uyyUEH5aVaF,ipfs://QmQTH9kc1juAchH5H3hdSM5a7afo55KCkcAA7ZstVTRXXY,ipfs,,absent,False,False,
2439046679443273982118864381573244666653869308,Qmd453ztJtWRdtUTZGx4B4tmzEBDwZ7RJ9WNxa6KfD5N6k,ipfs://QmeebuRGhKSQichsjPMLG4tsTJ4UDsuFTj7dLtrp23uPe3,ipfs,,absent,False,False,
2439046679443273982118864381573244666653869309,QmUTcDPWoKyp7E35E1nSh1nEvRatNwvm2RVeSxom5eosAB,ipfs://QmQuUynyP3Nh5GGBAg13vcE5M1HyNJy5o2qJffZuyRdzZ4,ipfs,,absent,False,False,
2439046679443273982118864381573244666653869310,QmZ2KV9X5quj5h9DAbM5qSysmvP5TZUqWuqFewb6VciLyD,ipfs://QmTwU1tnswwZZSK6APVdVT6HUNDvTEijgpUQWBKSfY73k8,ipfs,,absent,False,False,
2439046679443273982118864381573244666653869311,QmaxnTsbHJakYWaDUnqmLBgpQ2FC88TLZbBs1PzvJxRXUQ,ipfs://QmY1t84wxsXmWBFQDXFJg8F3Rv6Bv8EpS3i5ZmZBQiqPMu,ipfs,,absent,False,False,
2439046679443273982118864381573244666654869184,QmdeonaQDVBuFS7ZHiZEHTFD1jzkQfSFotMnjPrbh9SQ26,ipfs://QmbKtXKhYjkKFQXk3QDybY4GSxa1VHLob4Sheambkm1ikv,ipfs,,absent,False,False,
2439046679443273982118864381573244666654869185,QmZXzBFr5Eah1PNUEAriJisNK8FT4y2ksQBHqoUtsWoTQr,ipfs://QmXiDtytojhn5w6dm11PiSbV4CbJ1v77JG6fWrsmopg5h6,ipfs,,absent,False,False,
2439046679443273982118864381573244666654869186,QmZr91sbVp6SEo5pCG3YPTqyN4KxMSoCavqsmYVn4BSUcx,ipfs://QmVXTENpJXbUMzuNBYzshgAv5LyeCz6UKNhm38ehGtCaTS,ipfs,,absent,False,False,
2439046679443273982118864381573244666654869187,QmVdn6ptqwi9bGTQbdJwajG5ASHFMe7ChjyK8pxXCDwPGA,ipfs://QmNx3in7Ydcfvp8AT2GHqb8ejk4bdbMrJYaJJWQsppHC47,ipfs,,absent,False,False,
2439046679443273982118864381573244666654869188,QmcCnsGGZka158KMWV84puQdJzZSqJguqUPtsxJpkQSZGm,ipfs://QmfHDSRyMMHxowMoHqxyux8gfmHCDsKJ2rwuKVubfU6fL4,ipfs,,absent,False,False,
2439046679443273982118864381573244666654869189,QmUMgu2tDvUbwocayCoQ4MniqKWf8wgzGCEQik8iuYkbri,ipfs://QmS3Tu1sSwuLiV7WE8LoPxozTgEoy2mKoHmMCtPAnEmPAK,ipfs,,absent,False,False,
2439046679443273982118864381573244666654869190,QmSER14FwrLJtkUuufd7chj7BNaQQQqBZ6SESoRqsa1SHc,ipfs://QmSdkxi1N33KZ79JKZTpYrijLZ9ATMA25tJNSmZUTXtLMa,ipfs,,absent,False,False,
2439046679443273982118864381573244666654869191,Qmaicbp7sPJAg7C7ajiCALPn3WwqUCL3mxd6eccaeip2ig,ipfs://QmT7mzBrA9vhjfep9CN9W1UKWj1U2LWxXFFag1SZUu7BWs,ipfs,,absent,False,False,
2439046679443273982118864381573244666654869192,QmP223wMa8v581SrLmR1WN5MYjWozg3hyLW1FuGUJg7U7w,ipfs://QmRLXiJmX6PTaVCWCigUfzx1PssE8ahyDU3XVPT3Rzsq18,ipfs,,absent,False,False,
2439046679443273982118864381573244666654869193,QmYhDbZP7cS8pPmayJD2CnpQohe84T76e7GdGkVBV4CRii,ipfs://QmewPjYUPguYjeuteWLPmMt2wvVDhF2WUMu4NmFhzdSPii,ipfs,,absent,False,False,
2439046679443273982118864381573244666654869194,QmPB2wGxZxCNiEjT2b1iaAf8AFeu3SCJMREJFfbBsTGeCr,ipfs://QmTRsgZjy799Yfmsk4Jd8uTpjqyR7tmBgNufUYKixuu3sM,ipfs,,absent,False,False,
2439046679443273982118864381573244666654869195,QmNW8EMkMqEA6ids8iRr8dgMndoE2A8RDLKyBaLKvsTzhz,ipfs://QmWpWsnUnu9dY6M65mWqzHKNBhi8NZdMWc2gDMdjGSSSTP,ipfs,,absent,False,False,
2439046679443273982118864381573244666654869196,QmNXbdCDyNkM5Nvzyn2zFSV2tRQCs2AmGW52tjnt81cMy2,ipfs://QmeEiY6ztJhnanyUFJgLayz1Rb61AFH83rzWkWTqqeHvbn,ipfs,,absent,False,False,
2439046679443273982118864381573244666654869197,QmQHLwk3FaBAE9ziZaSqizvU3cpzPmcXy5pMcWZwk8BYLM,ipfs://QmQszMoPctvHjsyqtgsBcwFhJEBDDmQcirseJg74tbe5se,ipfs,,absent,False,False,
2439046679443273982118864381573244666654869198,QmUJTpXS4zQFhwxvxQtggpin2wp8UZcmj2Z5nFndWEtAmZ,ipfs://QmXs48ek78ay9L2G7wQgNbJcKx4cTdjyQ5iX3YCQwZ6ehg,ipfs,,absent,False,False,
2439046679443273982118864381573244666654869199,QmXREnUAM5jkXwWAtabo6zkmn6GLSCNfMzjbn9mRV3mhQv,ipfs://QmUKoCjPvJah1VND7Wy9h84VWfnpCtTXz7yEYTGATWmHGm,ipfs,,absent,False,False,
2439046679443273982118864381573244666654869200,QmcmfP5Tx9x19GVZGAvSyAMG8xBbEj4XoynhzbeYr1G145,ipfs://QmeWcFr7YbdTu3EFs9rkXPFF49fJGWxcE819f9Rz5y4f64,ipfs,,absent,False,False,
2439046679443273982118864381573244666654869201,QmQziYTSoHg8xZbhbLwBYBXLnQLLL8RjzmZnLdmAhWgrCU,ipfs://QmVtPpUjY72y2RfekuPqMy1WBzyVEBFAL9uNtzCHt8fNGK,ipfs,,absent,False,False,
2439046679443273982118864381573244666654869202,QmcqBzGUHvd2rVS5z6LjHFk6bmeCTacK7mLAc8z7voiV3w,ipfs://QmSUquvX66M31KUFnRKwidd6AK1YVAyBoYRunfZGjJ9B99,ipfs,,absent,False,False,
2439046679443273982118864381573244666654869203,QmaN7HeqJTZYA4cwHMYPMLGBzf5AyJ4AAhHnMajYdLUCQr,ipfs://QmNZy5Bcv1S4SSpeCE9d7BhvTuLUjjCPfH2NbHBTxD5z2S,ipfs,,absent,False,False,
2439046679443273982118864381573244666654869204,QmdhG8p9Bi5ekMHX69zWTDZvwGXaymuQraor5aG7Wmzhof,ipfs://QmTLavxqXe6z8RZqWPvCBEwtjW6ER48bU6HtLvH81BTxyw,ipfs,,absent,False,False,
2439046679443273982118864381573244666654869205,QmdJKqLBbUuGiYcn5KHkuECUUaHcRv9C6agHDqWRER5raB,ipfs://QmdWUBMGG9VRFydj9bsYmW8wCrzbqZv62xVQmPXpyt4v3L,ipfs,,absent,False,False,
2439046679443273982118864381573244666654869206,QmTd5hYtHeL8xPZaQen9QVhR4WFRiidML4JbRRZDrQjkqM,ipfs://QmNmFinSCyoXgkwLH9bbytkQLCXitiFfxVNf5NJoNbaAkE,ipfs,,absent,False,False,
2439046679443273982118864381573244666654869207,QmakBcGo1DCT8i1vwyUjYpri3MgHRsmdBKtuUz2MWeoVZo,ipfs://QmZ8rSRUiAH7uvqu9pFDsaPPBgbRAqf7EP3YY1iXnaeNKu,ipfs,,absent,False,False,
2439046679443273982118864381573244666654869208,QmZpKDxfAGn5qET4cfzSQBzDYp87zYLTmAaTB8bhapw56t,ipfs://QmVnfR3noVyK3UXd62MxPt2y9QZbmVZhsJCwp8W7kjYQcK,ipfs,,absent,False,False,
2439046679443273982118864381573244666654869209,QmPuAKQzzXepLrM4hEqShngSDCZyseSmVKJEbXn8ZpDs2N,ipfs://QmTRBEiRZ9y66Xs83R7F9L5JHXVvaDw6ri7CgJ376A3GVn,ipfs,,absent,False,False,
2439046679443273982118864381573244666654869210,QmZ7ip9yJH5qQgEnJt5qApQpbHYaxD8LiX7KYNADY3NRyQ,ipfs://QmevPmETo5YEqkzGQGhZCvKVvGMnFhNjJNzf4VAMv9trk7,ipfs,,absent,False,False,
2439046679443273982118864381573244666654869211,QmYVJSZYqVZtpTwe7au5LnWJyj8UGDNaFDkJd5F9FQco8h,ipfs://QmZvLUCwBS9vJnGDrrH7GjSruGpoUsCNdp1Ktgj8KD6yeN,ipfs,,absent,False,False,
2439046679443273982118864381573244666654869212,QmZtpVtwpAn7FGocfxiaiUsUTip5KQpdVQRmPukufJtK27,ipfs://QmSipSWmARNgYUVySAENG1ZnsEGtUZTt8XtQJinfKCzvz7,ipfs,,absent,False,False,
2439046679443273982118864381573244666654869213,QmaL1oPNCV1mFFiiMDPrEDU7anyK1B8fTiNaouJawqYeEn,ipfs://QmaJsko7YcNw1xwyvJfWAa6uUYWeVjKrKhGocWyuxUyZdk,ipfs,,absent,False,False,
2439046679443273982118864381573244666654869214,QmRniJMwz64d1CSbeXz1WWZ3tHdqLoDN3Y6BXuCnTdG5Yr,ipfs://Qmasmqj9VVFqpdxxWuDFazRFvmcsdWMN6cJ2phTndmUTNp,ipfs,,absent,False,False,
2439046679443273982118864381573244666654869215,QmUcJyEdQh1jeLV5qX5bWwuJNNYqmPXTNJkzPhqAi6VbyV,ipfs://QmdEDygfN9uk9EM1XfkJfd9PTeW9ay3nyEPdBipcX3vWS8,ipfs,,absent,False,False,
2439046679443273982118864381573244666654869216,QmNyVHetSr25FD1opTMbiBw54NJFcMdYYSgQ2bg7egvtT5,ipfs://QmQRQJZe5QopzanptsCaCPY1G7JAHnCw2Jniz3vgQHNQHV,ipfs,,absent,False,False,
2439046679443273982118864381573244666654869217,Qme6anFj5Z8Sfym3pwTZ5nJvmRvQFx6dJVV28XrybsHxWK,ipfs://QmZc9pLoSMjbUofuB7KJdiN4nNt6tHrsUi9vvdqkffPvHt,ipfs,,absent,False,False,
2439046679443273982118864381573244666654869218,QmeqysvRaoP5QwDj3s7tivdhsDjnXh7mkDjZr2n5FeTStB,ipfs://QmS7Qz8HV78HJJnDPbAzZinjBcnqCefLcbPSBJx7EVeaSK,ipfs,,absent,False,False,
2439046679443273982118864381573244666654869219,QmdPSFAuoFeLz5uXG5uXsB9WrAXgUuyWzaoFFZwUkHbtRV,ipfs://QmXMqHMNdv7GUQoSnpaSnqvxRvsBrPfuQr995T8FAjbtT3,ipfs,,absent,False,False,
2439046679443273982118864381573244666654869220,QmYjD5CFBHgjDxLQzAHWpoJ5sCryPYAKQ3iz3jrU5QT8JR,ipfs://QmSPf5wHkUNZzgVrrfXj7gWisPj4M67cJjyVSqozC7HsGB,ipfs,,absent,False,False,
2439046679443273982118864381573244666654869221,QmVsnyu1WXYckAtoiXuNDFZUnXKCJrD8JnW1ob8MikuLbG,ipfs://QmYW6Z387ZaPR7eTR35KGynBzMav41otEV1NrNiJBFHvAN,ipfs,,absent,False,False,
2439046679443273982118864381573244666654869222,QmWEpTfvN4gtaeTc2xMLR39ykJ5TC4pfsYNYgfNaQnmz2t,ipfs://QmT7q8wUWTcV2BMF77GAWD35UasbvWn5dem8jbGqi3cvmc,ipfs,,absent,False,False,
2439046679443273982118864381573244666654869223,QmeGdTvfbTPn5TFnM7DTSfHes8W1SZas3kLfzjwWwGshYh,ipfs://Qmd6sZg12C4b5nwp3TScf2G8Q3eJF6aw9cLhXnyqQBtcWc,ipfs,,absent,False,False,
2439046679443273982118864381573244666654869224,QmSPtSFjMDVvWzYCvfgxFawHGzcLmNeQ6tZPXMiJtxGiWG,ipfs://QmbYJoLi1Ah7e47Vj1HXCUjbs3pMbfn5cmMSS1jqJh263k,ipfs,,absent,False,False,
2439046679443273982118864381573244666654869225,QmcwEsNUirMpXGgYxm4VaNma9yhmySvRhYAXAVJEmyD5aZ,ipfs://QmUoeUtcKSahq4UqrkSEyv3XA6ErZXkMFftQP776dPrwqi,ipfs,,absent,False,False,
2439046679443273982118864381573244666654869226,QmdCNLQbYmNwYaEp3BspsSBZds2sDgWd8HFwkWp74h3nqz,ipfs://QmRJ2kXijkFPGDUE9suSkWU3DdmPESJfcfwHDrjS1jwg3x,ipfs,,absent,False,False,
2439046679443273982118864381573244666654869227,QmUF5MQTZ493jUQh1beCDnpzu3H5gNZGbVsUiZQPmo66Rv,ipfs://QmT5e7Ka3txY5pf2dnYXoMsgMTgsoEsBh9qbGTp7CVuTC2,ipfs,,absent,False,False,
2439046679443273982118864381573244666654869228,Qme4kKP8cUJ5wqreyVGiZbfsdQUHgUNb533kpL4uMCF4uo,ipfs://QmfJJ3MHtpstFQoFnevuvu1yAo3ZP3z1WmU3GtHLqCt7VJ,ipfs,,absent,False,False,
2439046679443273982118864381573244666654869229,QmUxzG7x9qMrk3EX1fne578j16EhQ8chUGvLB3bU9oo1Aw,ipfs://QmSJxTXEV1Eia5bitrns5DpqwJWQdAVt9iLax5MriZseqS,ipfs,,absent,False,False,
2439046679443273982118864381573244666654869230,QmZ3KgfrJ4FM73WRs6AXRejtuHDD7wbSuTBkxRq28JvBjh,ipfs://QmPq3ZjfmqR2zHYm6f1v5YC69bVPDhQNZx5sAFx5vrZM6X,ipfs,,absent,False,False,
2439046679443273982118864381573244666654869231,QmdnYxXchiWpfKxYXzEENWdatvwkUid5baLvFaw6x14qFR,ipfs://QmXB8EeZJj3zTyB6Mz8UyAuHKZSg1JuCg9MtR7kR2R4aRA,ipfs,,absent,False,False,
2439046679443273982118864381573244666654869232,QmYfgQpSzG71BDXp3LhH51SMMqEdfzqrPBkdbmQxcXhQ1K,ipfs://QmRbo11F5v41GuzTd3keQG9ESGoG5cFjqoSdMnnxTE7TgW,ipfs,,absent,False,False,
2439046679443273982118864381573244666654869233,QmY9Bks9bmLji2qMAsmX7QVybWms99HQXZTE3KBcvbBiSg,ipfs://QmVRQw11FUp8t4YZRz5z1Nx1atzRMgqCzbSKkPHx5z8ZbX,ipfs,,absent,False,False,
2439046679443273982118864381573244666654869234,QmWNMif6kFKuCKGcfppnDYVgxEXTK88D6WKWubCqYKvvxp,ipfs://QmYQeGgxhbWDFhyajtiW3WyUgA4kBoSxZ9RzV9nQjrsKvF,ipfs,,absent,False,False,
2439046679443273982118864381573244666654869235,QmTpuHnxGz33PcFwexVBRYfjzVPG2EKB8F9gz71D2GVi3d,ipfs://Qmf5bNF8YDCqa3SmkfzahjUbziPPLp9hXJYb2PB9Tu2gUP,ipfs,,absent,False,False,
2439046679443273982118864381573244666654869236,QmSoyP7A6k94mvkuGfmK6PoLemuC1AZHKWYG9LUsXYGc3f,ipfs://QmbwDbgsDcsW71rWUtUu2EqyhpDKe2iV6C5d8sfjwnfvyA,ipfs,,absent,False,False,
2439046679443273982118864381573244666654869237,QmV8tL7FuBLiADxnNyLyfcQnrVsL4YCAKeRbA8r5ff6RxD,ipfs://QmPqAsE2h1WNNbUGeWiNcY1detTruQdNTeXKbfWNwyZ7Sp,ipfs,,absent,False,False,
2439046679443273982118864381573244666654869238,QmVNhRs9NP3oxnbfmHeYRzJZfEzNUd6CVirwZsJajQnQRP,ipfs://QmRxnziXXj9M4nR3qEApQQzDM9KQu3GmvcPaxQbF9HSEFc,ipfs,,absent,False,False,
2439046679443273982118864381573244666654869239,QmX8r2XJuKj8NYNTpxnBTdpE2Ta1f9NcRMWw1XRbfScTyD,ipfs://QmR9XMN3U1myGLwYgouSFxTVYkt232xNXP1Q2M66dJDY3x,ipfs,,absent,False,False,
2439046679443273982118864381573244666654869240,QmRfgZSCDvkBKNgpZQxsMhwFT1ddYwRt59A4A6fsAdyACm,ipfs://QmU4GhL6b2adqmiuYenqNAemTxRX7AErM89HcUzaQBSpSZ,ipfs,,absent,False,False,
2439046679443273982118864381573244666654869241,QmRgZm58jMLMppSUTdN5UHHsgiSPccrgBJiAxJq4Q7vhzd,ipfs://QmPWUSu6rZSindvieiPFEn1dLANVqpBkFiHH22kFK1NwRF,ipfs,,absent,False,False,
2439046679443273982118864381573244666654869242,QmTK3J1EbamfnGKc9hbubq7MioPyJiLfSdoYejyvuBR72Z,ipfs://QmT6ZRRXYjXvmwydtVzv3S7HuSaZoHFy7mGGJHHRxHfrCt,ipfs,,absent,False,False,
2439046679443273982118864381573244666654869243,QmQGKpN9cQkRXPCBSqDodzucFEir59pHucTjK4oitU8MYR,ipfs://QmTW95xhYfWrkAmtCiSW6DbsuKcLMxXUFbNH9sbMx4nnmX,ipfs,,absent,False,False,
2439046679443273982118864381573244666654869244,QmRDa2qTe7vFhJEHLiqhEc23dagYt8WNkRfHYMZsuFwxcw,ipfs://QmYKgpG74G9eiNRfwGdSR8aUpHaq4eZo67cRNnq67TnaJi,ipfs,,absent,False,False,
2439046679443273982118864381573244666654869245,Qmdg2JcWFRVAC53ZcDQCsxcQ28BGMp5dapNjKtdEGJ5wva,ipfs://QmW6xPSaFtUMndPYmsNyjWXshUpzawW5vtqF8EPHV5jtKh,ipfs,,absent,False,False,
2439046679443273982118864381573244666654869246,QmYqusPTpVkr68rpGP3r6N7R351hYopgQcr4WTPnEfTbju,ipfs://QmXMcjPSru1MFEUiYE1JJaGTuXGnAFzE4fLR3HtNgpfpJd,ipfs,,absent,False,False,
2439046679443273982118864381573244666654869247,QmVZpAVJMKqCMWPyoCHpgQasczR5pjQso7EYcvkXRJxygU,ipfs://QmRZBn5usf5PUcpP6Wj8TGKdjYgFkZNu9vnnzaYTG62J6W,ipfs,,absent,False,False,
2439046679443273982118864381573244666654869248,QmWdZsQWFeVuBRzYEtYaeQRwBujtTEdbsr1ofoDFQuaAJG,ipfs://QmXPSvfL1YvLGarkmQsF1QXFvPQ2ypFdCSmSv5dh5xrmzR,ipfs,,absent,False,False,
2439046679443273982118864381573244666654869249,QmdgVRZ28w87szd833YXsvQ82aXBBpKw9TtwMXMJJb1a2t,ipfs://QmRdmHpQtcZySJxEw3w7k3DyvDKvcGwMygfgT29mtqHQNb,ipfs,,absent,False,False,
2439046679443273982118864381573244666654869250,QmUuCBrs69yvJvRfzs9d2LPpxFNPmRv8duNoR57oE3tyHf,ipfs://QmRjAsUvfT2ZHm5r7rbmTsKtv6ndF2QzXVqcdcMqwMycw5,ipfs,,absent,False,False,
2439046679443273982118864381573244666654869251,QmPD37rNS9MDkJGx7tysh4DYBVoDMbubWLPSBgwP8c8tE6,ipfs://QmRc92A59X2XNGUiQ8Nftmn97VHaZpT7ub1Gw8WtiArFGD,ipfs,,absent,False,False,
2439046679443273982118864381573244666654869252,QmV78377YmF9SUQsiC3sjrT4xrPHKmk9iAeZNM6HKQ85R9,ipfs://QmYWrqVvmK3qYy4yHS2nLo86otnbMt8rGzqEZFcmpDPQt6,ipfs,,absent,False,False,
2439046679443273982118864381573244666654869253,QmSftR7vF32aUsGfKmPdtcBMbPV7X3kMeifaXg6VXeB4WF,ipfs://QmYyH9uRrKFwdEv2gqS2QdAA19KuGSzDgmkMkwTuWxcXQx,ipfs,,absent,False,False,
2439046679443273982118864381573244666654869254,QmZYBLza7ubyRmvBhSsHXPMdvYDtbyuLwvbNHUS4UC9rjM,ipfs://QmSJWsJjgbjSXKTaZamZcPpueag9EFKoqobZVDvsRB99u8,ipfs,,absent,False,False,
2439046679443273982118864381573244666654869255,QmYEuNFeCoFtHTFMG4S7i1TtNs35TGqxx5w1pcHHAmmAJU,ipfs://QmbwDusPbo9GprJRuNBH5BbENn83And5XiPPtfruYgzaZr,ipfs,,absent,False,False,
2439046679443273982118864381573244666654869256,QmU7oAa8EJCcQjU3WqiBUjd1zmPhirGywtKmqNGP436bqq,ipfs://QmWhsi1hE25vif9PbTVArgGcVKQArXJjfn9hgsT971gqFm,ipfs,,absent,False,False,
2439046679443273982118864381573244666654869257,QmP5E5YXbfNkLWNEiF9jqtue2EFuoaroZCYfEjn77mGtzS,ipfs://QmdLzeDcLmo5k2eBPWkduCcNY6hvwyDexQ3ZZMEheEckMj,ipfs,,absent,False,False,
2439046679443273982118864381573244666654869258,QmfRJNRZqJfZqURLyLDDkuBwAE5uDA8YT6RmpSZGFJaHqv,ipfs://QmV9A1XdRh4SMduucjMyVabGYaz1L5BobudGzh4oP596RH,ipfs,,absent,False,False,
2439046679443273982118864381573244666654869259,Qmapggn6Ryvzscvyj7WbgfnsRzxvsanjfJCGepBQ6pDypR,ipfs://QmWAUUnoaZiL78L3C9grzLhQAfUHUERwMPQBYXcZXsFvTb,ipfs,,absent,False,False,
2439046679443273982118864381573244666654869260,QmQhysKjidFQxZaxiHw6KYqzSN8ET6Fzf1uUFGuufqcimi,ipfs://QmQgCS6hefyTWs2nfufMwLkUmauhTL9ZnFPGvvusBgY3qm,ipfs,,absent,False,False,
2439046679443273982118864381573244666654869261,QmNkqKaN831kuWdKMtCXd9MjNCFEs62bcGqMD4pBsqGaha,ipfs://QmWxiaywBJPSTxmCSSGdWoi4syLEzcU6QfYiokfDdgAARd,ipfs,,absent,False,False,
2439046679443273982118864381573244666654869262,QmZ8sCNafUmztBLYXfmfet5AB1GDzyQFS5JbgRN9mPUUZn,ipfs://QmYnhDe3U6E7DWm2ugc1wmfwmserzWU74sVojnDWVhGThj,ipfs,,absent,False,False,
2439046679443273982118864381573244666654869263,QmfGLNhtFywQx5bfXvBy1YrBxEph48pW5hEHxhAttXGekq,ipfs://QmWm5qaNTiNnNEoUmTyWnmdzvJ1a1hrQi382YkELmaDvkT,ipfs,,absent,False,False,
2439046679443273982118864381573244666654869264,QmV4dkkgtaXoFNbZprE6UbHQTC7vB3wM7CMcigxS8nc6gg,ipfs://QmS7vvTz64BhdcSxYYNMPYMwnekshBoaqV8LEfUHhfyUoa,ipfs,,absent,False,False,
2439046679443273982118864381573244666654869265,QmX578rR2vE1riMdH8QnUAi7z4NPq9UyehYjy1Rp8rAVmv,ipfs://QmfDe7EWb3Bd1g1JPDWpuEKSSrnk9SQLVZTo6TUL5LwidH,ipfs,,absent,False,False,
2439046679443273982118864381573244666654869266,QmTimtGXzACRKJ39qkbG2sBkscGYMT26ocXkHJz84gr32M,ipfs://QmXJgJGcBz45tSBPrJtJuBh7StFv7NSSxreV2hE9MZG1UL,ipfs,,absent,False,False,
2439046679443273982118864381573244666654869267,QmNcgadRmRevyaiFkcemPT1ZBYJ7GG82JBaxMW8zQN314,ipfs://QmXDFP2pcYxB596v3i1VvVcznxx44WVnmGmFTovLvKNc3v,ipfs,,absent,False,False,
2439046679443273982118864381573244666654869268,QmRdQEVbYGa272L2tiketpJb6X2fkK2rWvFz7Fw9UuWJJC,ipfs://QmYjETnDG5XRP8L9LtepknJNgo1XCDUX6zeFB2erF8GKKi,ipfs,,absent,False,False,
2439046679443273982118864381573244666654869269,QmexbZ6aG9ztTUPNXLFeCBaptBEMP5rr3MwBmc3oiqu1V4,ipfs://Qmc19Ttki3Kr1BZHQ8X3CzuN7knHNq4pF98ti9F4HWPvZf,ipfs,,absent,False,False,
2439046679443273982118864381573244666654869270,Qme81qhd4mJY3PDftjjgAWMv2XKJGikaSpzkY5kgc6Sv7J,ipfs://QmQv5nLxh3hg8pXbF9utGfaKuzvJmbQdiKc2F2boPhyygB,ipfs,,absent,False,False,
2439046679443273982118864381573244666654869271,QmQfSnG9fKAkW7En3VJn12cdgWqsiuYkp2r2Py5FQ5de6V,ipfs://QmYNFyKeL45BeU1apwMCJAc85hVmLAUbyoR5hqbYEhAT11,ipfs,,absent,False,False,
2439046679443273982118864381573244666654869272,QmcpFEngSHftLWMX17sw1PUjkk7s2boHy6KJX5FXZ8vQtQ,ipfs://QmSYMzf7xUGP8uu2Y5xYo66x4x11YjxXav1v9cSc31a8yH,ipfs,,absent,False,False,
2439046679443273982118864381573244666654869273,QmTV43Wt8yucQJHDda9Cdbz13BotcuYxtFSRRTmd1inf5d,ipfs://QmUbcGn1dEjyj7wvVihvhm3UjHhYS3UkSLk9S6pu3LprjK,ipfs,,absent,False,False,
2439046679443273982118864381573244666654869274,QmZLW4Y46DvBovXBEhtmSRZetV9rTvJi5mcN86frVs9xh6,ipfs://QmWtvqyYNB846Zo81Xa7PjGoUPPWLVeihYSe8FDCWmcLP2,ipfs,,absent,False,False,
2439046679443273982118864381573244666654869275,QmY1vksLetbVBtZQr4qvMgGtoRK8bXXJjB36h6Qh74o8dr,ipfs://QmYH8UHZYn4G9eWdfaXsmTZsD82EsHon3qYqL6fy7ccnFx,ipfs,,absent,False,False,
2439046679443273982118864381573244666654869276,QmWwLFgDXW6CnW4TKYXZftjeYufgodCotAGAwV2hA4SS6n,ipfs://QmP2sXD3zKetyF34b7f29wzaPiNaQBeQuJXyEESabhCf6i,ipfs,,absent,False,False,
2439046679443273982118864381573244666654869277,QmY37sMjy5gtLMK5N7diunk9xurKGMRyFvYyc2CaAQhX7E,ipfs://QmesBdxTKsRrAcEgnDDZQRzEmbF6Dn2RhHMA3iF5bnykWR,ipfs,,absent,False,False,
2439046679443273982118864381573244666654869278,Qmc9mDYFUSji5JxDPGidL8TtJ7uorBNjA9J64pXdV3wYSX,ipfs://QmVsCmxDbhPAJjUjBSdYn4RjoWQmJLi4diarhSuAmknNVs,ipfs,,absent,False,False,
2439046679443273982118864381573244666654869279,QmV7Ewt99KjvsWSnhUS6NUrvKtLYW6z3rhFuqYUG3ZhP6p,ipfs://QmcHGcsZf3iQsUA4fJwrtkbDWGr8hLMT3eVzkaWiaNw95e,ipfs,,absent,False,False,
2439046679443273982118864381573244666654869280,QmbQ2ifL5dRtFF8aLtRkwKajTNjPA5G6mJRE9xsPhm261X,ipfs://QmVDGtgevrN2faYiMYM8VW3fKjNPMKV5MRridFVKHgWocf,ipfs,,absent,False,False,
2439046679443273982118864381573244666654869281,QmY9wUGFipvKpYa7wModwRpVu6ovJ6jF9mBMFyu2JSWAKb,ipfs://QmVLEUEZ5KmyHgGVb5eBu7rCkLeP2SC4ZXpwkZYGXyFiFE,ipfs,,absent,False,False,
2439046679443273982118864381573244666654869282,QmYmwa4eYcsSFGi6DMpbWyGQ44KACj4yzDj2o9sFFJuvWn,ipfs://QmeVpFCzvpPkBz4aSiqReoB3RTpLJzgcaxuC1KfFRCx7LT,ipfs,,absent,False,False,
2439046679443273982118864381573244666654869283,QmaezLgwBWt9XoLooPcwHdsxF4ZqXAaMA7zhCDoxtuu2AX,ipfs://Qmf99YX8gwyPQZMYWTu6MuzXMo2SHRueVK5Hkf23yMQ4NF,ipfs,,absent,False,False,
2439046679443273982118864381573244666654869284,QmXjpggFi3oaqJXDwSg2V8VNaWE7JD1VjQRSgz7m1YTzud,ipfs://QmVwFFkkytRYLUNGqMTj4piMSfk6vZpFpg1arSWVQbctws,ipfs,,absent,False,False,
2439046679443273982118864381573244666654869285,QmSBpH4nhvnMrE6BnZcvvZAL9rVhQ2C7AXext9PZWnqS7a,ipfs://QmRmeE8c1RhvVwpJSdkZfKjC8ocuRpXwh8iozQBNRGUEPw,ipfs,,absent,False,False,
2439046679443273982118864381573244666654869286,QmZiQX9fMvK5AMWNFGxcSG7UHi2VKmvqCCnV4UtqBU1ukJ,ipfs://QmetMTUkcRZizcGgu4vWbp9JTfMgMAjMEFqQEtFr1gMJx5,ipfs,,absent,False,False,
2439046679443273982118864381573244666654869287,QmS4LiuZhsrxMhieyDMa3yQdYcGArRGRdPWHRJ7XXndGAm,ipfs://QmeeXYqre69x2EpgfrnfnenjEy6dQoP384U5RP9dXbzWDj,ipfs,,absent,False,False,
2439046679443273982118864381573244666654869288,QmbTvhR3VaugMLyfkaH46FT6ryrxcwYmnbpwL52zwXWQTS,ipfs://QmaqZeHw3ooiGyGrAPqMs9BUP2KWt5GEnMtiLYtFBaRxRK,ipfs,,absent,False,False,
2439046679443273982118864381573244666654869289,QmT4b6rkB13f2caAThv8b3JjvnSWywb2XKrcGtiGynayzV,ipfs://QmQenS9eqDK52R35SZdsBvi6PWCnwxMEptoyDr7YFMa2Cn,ipfs,,absent,False,False,
2439046679443273982118864381573244666654869290,QmbciVkfqGK1YWWqGfufj3pb6CX2YccF1vFM9zFfDjJSNq,ipfs://QmdPkit58rc9FzzMM71hiGAteBFHLujD8uoq7WniPF6r7v,ipfs,,absent,False,False,
2439046679443273982118864381573244666654869291,QmWFjDwAFZ6BA4EWzYdWdxNDvYNhzbjUKo9j8hWuX7N5o,ipfs://QmcYLwtG5Khw9oQW2zPtuNEqTwvhRnck1rHhxEkQwFi5jD,ipfs,,absent,False,False,
2439046679443273982118864381573244666654869292,QmfDYdx1T2kLKwYSnoarPTC8zwYS3eCtuGmJxp7W2QhaNH,ipfs://QmVi4mhNm2jXQMURE5BNbpwyQ8hVf31PUYypBDrgczQTnw,ipfs,,absent,False,False,
2439046679443273982118864381573244666654869293,QmYEv3qwCgz3ZLnr2w6uoyg2NqLrLsrKxTxNZwi6y73xNM,ipfs://QmWAcHpzeemyjQMCRnS7cGLvTDqvBAiKvEGm7KWThowWLp,ipfs,,absent,False,False,
2439046679443273982118864381573244666654869294,QmfCYXVkm41UHnEFZA2C9shGRDwm1fcWs1wQMWu6Fj96se,ipfs://Qmed9G7uqYGPBzJV7nkBrgCCFBw5SYRDU5ERVGzjDdL7wy,ipfs,,absent,False,False,
2439046679443273982118864381573244666654869295,QmbHorN8qpUxScAicftjTrkN5qLCYh3KdjdSLKwVXVddk2,ipfs://QmawRrzgHtzpYWCDrGa87KTDVnircAvfDm9Hs96h43J4qH,ipfs,,absent,False,False,
2439046679443273982118864381573244666654869296,QmNcqyVQSitBYEU1zaUWg2C6YdL3SviQZpW9tRsk6Bf1i8,ipfs://QmTrsxEMKsv9snwGBgVLDvegikD9iZAXDZ93V7ALMsWRtn,ipfs,,absent,False,False,
2439046679443273982118864381573244666654869297,QmbxQuRd2NiynVCytXwYkRk5MhJoaYSLaojFyyXqsEsmjB,ipfs://QmTnUXnREUAKZoYRB4PEWvh6ociUvEc66jLY49fjsGeJxY,ipfs,,absent,False,False,
2439046679443273982118864381573244666654869298,QmUK1nFZxgvbFoNamn2aWD1bPUBaF6Vjgb7P8nBxC7bmrG,ipfs://QmZ9wqaMLabsPbh7U9NgnvwymK8r5WvcnprPFGK7aQFQ6x,ipfs,,absent,False,False,
2439046679443273982118864381573244666654869299,QmfETWs7tWeo1eAgPGFiZRvMqkM571dHp5i3fTGCryj4CR,ipfs://QmWu5scvQdFXHTXy4dcQSczXQ3VwqwmxzuDZdypNL96cEi,ipfs,,absent,False,False,
2439046679443273982118864381573244666654869300,QmcSBqFyLeeFwaHEhQbNi2zF22ryeAWHKmsV76VS7aiyUX,ipfs://QmPnc7KT4mSheA3RwTSh261VNHWGHd9CssMaji7j2hTK4R,ipfs,,absent,False,False,
2439046679443273982118864381573244666654869301,QmanTueC7yhuor52TikDWHCToXAfgNVwdyo4Zd4FS4twf4,ipfs://QmVgzV8eozf2oXmMaGg3P6MLfWCSWedfojGpNXQMAGUFz6,ipfs,,absent,False,False,
2439046679443273982118864381573244666654869302,QmSPXUzoFBXoHGZZe2vX4YzHjo423u9iXmpGKijLJXC8LF,ipfs://QmbFynb39eevgbVGbMyp2SGCL4VWMixZjmXrqfUeb7gKpU,ipfs,,absent,False,False,
2439046679443273982118864381573244666654869303,QmTske3TrakQssJGYjgiz2AifaBZhLpcgd2sfaKzddXz3E,ipfs://QmVKWmUqk6fmFbmyxkcQ4NbG9XP3zdqpBFF2N1Ejk2LVXd,ipfs,,absent,False,False,
2439046679443273982118864381573244666654869304,QmTZEbYpd6TwPTzG4p6bAx9vofKWqTNPJ9Xs1zbUS1K48a,ipfs://QmRxVx8A8sPkL5qYjZ2P7AVbmV8pumYfdiUkZGqw243LVW,ipfs,,absent,False,False,
2439046679443273982118864381573244666654869305,QmWv5KaH4WaWo7oHPVoEshPQGYCzfvKL59kDfUkybdn215,ipfs://QmY2gzNTWxZRwvPYpCVHE7my35iuZCJC2GyefNET8pXFsS,ipfs,,absent,False,False,
2439046679443273982118864381573244666654869306,QmemBJXbjD4BZV79huHNYzsSv15SGqd3ie48gZjrVaV6pK,ipfs://QmekeQoSDPmFxNMPWeEmza2FCV2jrLrWfMqnKD9Cej8E3N,ipfs,,absent,False,False,
2439046679443273982118864381573244666654869307,QmSxWjrg1uZHWFEhftoURsXK26u5PTB7bUXqpH91txBPz6,ipfs://QmPPNqDdcftWD8XrxhdSL5EZs9yaK9hJtAjycVucGVv6Wh,ipfs,,absent,False,False,
2439046679443273982118864381573244666654869308,QmNdRYfNMS8dQmqPXjfbU99tBNAEm6JcAV3hkyrAC4xdxU,ipfs://QmRiVwyh3CjAZ9cEBzRivxDnAUTWP6d91mN6wnEgErNAfN,ipfs,,absent,False,False,
2439046679443273982118864381573244666654869309,QmRrB1soFfDXX5Yo4Eya5CfcgkuDTeQ1S6VJxVhqiQYHFj,ipfs://QmP4ENxppYv3Zg6EaTyW5vDctyBGkoQv1A8uNVyD3UYwwm,ipfs,,absent,False,False,
2439046679443273982118864381573244666654869310,QmeNMTD6diizdYkocScVgUghX5mZP3AntAz1WcN2mZdimm,ipfs://QmTEuEwgN1JoqdWBpDgau2oeGZmK5fHEoq1BZhy8NLyCAF,ipfs,,absent,False,False,
2439046679443273982118864381573244666654869311,QmfMdSAHk9c228bLYkQ2weMhKxNwNN89gmYZujQ6B8jxY9,ipfs://QmSHPKMgskTu8oUQ45GAJhDCp443j1XwdJDFZkLK7a22dk,ipfs,,absent,False,False,
2439046679443273982118864381573244666655869184,QmTxSEvkrqqx2NcEHUVfmCEHY6GjMELzxDCcWjFp7Xv4sZ,ipfs://QmPDW7qUoCtdsZn59GuMxxUKEvaziYWf7rH6auH5ZFV9Bp,ipfs,ipfs://Qma2VZMhsrMjrbCZcJQXuF71XTwRdL45EPH97KC8BHo8Pd?edition_number=0&artwork_number=1&blockchain=ethereum&contract=0xBb12686c360e9057be3CD031140035A705e19ceC&token_id=2439046679443273982118864381573244666655869184&token_id_hash=0x24549d9c4200fb1c06d243fff577cb323640f16ab4352a8e0f0fcf30fa91f572,ipfs,False,True,census_cdn_chain_clean
2439046679443273982118864381573244666655869185,QmNP94bbsnNQxL2vRHqaNmG2ELMnJCsHFqYspyw6AjgXcz,ipfs://QmamFCNxXffL8Ko7TnJKWZkj6nEHXZVcyGbqHnp7RsDyG7,ipfs,ipfs://Qma2VZMhsrMjrbCZcJQXuF71XTwRdL45EPH97KC8BHo8Pd?edition_number=1&artwork_number=2&blockchain=ethereum&contract=0xBb12686c360e9057be3CD031140035A705e19ceC&token_id=2439046679443273982118864381573244666655869185&token_id_hash=0x445ab0256a609f6555ca04fd6812f102ea2ca69aac330d61e55c299d28664630,ipfs,False,True,census_cdn_chain_clean
2439046679443273982118864381573244666655869186,QmW5qX5M6cZtNkm1VWc5fACR46gRNVbqh5Vrp4LaF7eqgZ,ipfs://QmSn9Hm6KP8cEd8XyKGmTZYtBhXSvVYq62xWtJsU4umi7W,ipfs,ipfs://Qma2VZMhsrMjrbCZcJQXuF71XTwRdL45EPH97KC8BHo8Pd?edition_number=2&artwork_number=3&blockchain=ethereum&contract=0xBb12686c360e9057be3CD031140035A705e19ceC&token_id=2439046679443273982118864381573244666655869186&token_id_hash=0x3edd92a0b304bb855b8e313efd51ff405cd06369b04f19f78815067ed40ba5f0,ipfs,False,True,census_cdn_chain_clean
2439046679443273982118864381573244666655869187,Qma2wXKVJ4uSVdypTgWUYwB5vDdZZaftruKXXMDragtXZ,ipfs://QmbSM4ZQirPwCZEv1M9igz9CGJEATZ55B4kbjSpzZiWkNd,ipfs,ipfs://Qma2VZMhsrMjrbCZcJQXuF71XTwRdL45EPH97KC8BHo8Pd?edition_number=3&artwork_number=4&blockchain=ethereum&contract=0xBb12686c360e9057be3CD031140035A705e19ceC&token_id=2439046679443273982118864381573244666655869187&token_id_hash=0xcecc3ef0f14635b0d9be361bd368ab4c9e19dc0543989ad99b04a9d901cb38c7,ipfs,False,True,census_cdn_chain_clean
2439046679443273982118864381573244666655869188,QmSzwDfMdT2JLynbg8yfsdW1jLvW35XDmfXKyWBYb3EUDr,ipfs://QmdBdLgs2HvMDff1mhmgvdVBBobwBsUnRkADJDh7exM49V,ipfs,ipfs://Qma2VZMhsrMjrbCZcJQXuF71XTwRdL45EPH97KC8BHo8Pd?edition_number=4&artwork_number=5&blockchain=ethereum&contract=0xBb12686c360e9057be3CD031140035A705e19ceC&token_id=2439046679443273982118864381573244666655869188&token_id_hash=0x3d0309a06e23d75271b9a88a52d951d1675cbc2b4248c41946a83f67c2d33570,ipfs,False,True,census_cdn_chain_clean
2439046679443273982118864381573244666655869189,QmXbEeUbp3HxMj9h6BzKj51KdrKhPj78DWQY5qGj88mub8,ipfs://Qme1SYFcSwCyuP8hp5J3nYbTqhSsojarmfTGNiaRp73dq8,ipfs,ipfs://Qma2VZMhsrMjrbCZcJQXuF71XTwRdL45EPH97KC8BHo8Pd?edition_number=5&artwork_number=6&blockchain=ethereum&contract=0xBb12686c360e9057be3CD031140035A705e19ceC&token_id=2439046679443273982118864381573244666655869189&token_id_hash=0x8d5d449449df78ec2090f42e09144bf9205f57c19dbb48218186f745870cc9f2,ipfs,False,True,census_cdn_chain_clean
2439046679443273982118864381573244666655869190,QmVPn8Tp5RUtTQNQJTbeCR4p7BNjthjWi3AAqES1jUrkk6,ipfs://QmcSSTSiktjfqEsckU6HQxKWcRraaRVZFjsMQmNeYiFF9v,ipfs,ipfs://Qma2VZMhsrMjrbCZcJQXuF71XTwRdL45EPH97KC8BHo8Pd?edition_number=6&artwork_number=7&blockchain=ethereum&contract=0xBb12686c360e9057be3CD031140035A705e19ceC&token_id=2439046679443273982118864381573244666655869190&token_id_hash=0x38e7fe74e0be4e18e6357b19c766c5a39d4ec540f2ac229273b6f2cb30bdbb7c,ipfs,False,True,census_cdn_chain_clean
2439046679443273982118864381573244666655869191,QmR2wNQXkZQe2WwEkcgjzva97T58Qv7oY9oCKzgFDjkf3z,ipfs://QmPAZErTXGSiHWniwmJGygjVR6mnTyWUhMQ8yZd2qDGdRU,ipfs,ipfs://Qma2VZMhsrMjrbCZcJQXuF71XTwRdL45EPH97KC8BHo8Pd?edition_number=7&artwork_number=8&blockchain=ethereum&contract=0xBb12686c360e9057be3CD031140035A705e19ceC&token_id=2439046679443273982118864381573244666655869191&token_id_hash=0x8d1459f1779f0bfa3a5db3271f861fed314c953b0f373681dd09bc95dcfc80be,ipfs,False,True,census_cdn_chain_clean
2439046679443273982118864381573244666655869192,QmYwP9CWqRCkNzL4syovJUAnHb9a5K4UHAaTTtbV33e6dK,ipfs://QmRifYwoTBwMzxWn4ND1brS5guMuAtKqpEgR928nxnxSYR,ipfs,ipfs://Qma2VZMhsrMjrbCZcJQXuF71XTwRdL45EPH97KC8BHo8Pd?edition_number=8&artwork_number=9&blockchain=ethereum&contract=0xBb12686c360e9057be3CD031140035A705e19ceC&token_id=2439046679443273982118864381573244666655869192&token_id_hash=0xfca8eaa92e3b96a026446a05e75bc5edf7c92d315402bc7b0099f1d1cbd09c05,ipfs,False,True,census_cdn_chain_clean
2439046679443273982118864381573244666655869193,QmVcxKfRVgCqq3uYpFqusX9w2AkAWD5NL1JUnj9U8L9DSY,ipfs://QmPBDJBYGo8KKyvsZM2mM2szFmMaasniCzd1DzFHfk86ow,ipfs,ipfs://Qma2VZMhsrMjrbCZcJQXuF71XTwRdL45EPH97KC8BHo8Pd?edition_number=9&artwork_number=10&blockchain=ethereum&contract=0xBb12686c360e9057be3CD031140035A705e19ceC&token_id=2439046679443273982118864381573244666655869193&token_id_hash=0xb35c92b0a91b9687e3172ee97edf06f1d7092b804deac0362c297b7c94a01fc8,ipfs,False,True,census_cdn_chain_clean
2439046679443273982118864381573244666655869194,QmUS51fqPj56c1VXqD8KpVGq98Wmnq2t3RSzUURcnDUTbX,ipfs://QmZchhkQdEoFiU5Ay6GhNnSv3L3vjoYLkSTxBZ6ncKkGE4,ipfs,ipfs://Qma2VZMhsrMjrbCZcJQXuF71XTwRdL45EPH97KC8BHo8Pd?edition_number=10&artwork_number=11&blockchain=ethereum&contract=0xBb12686c360e9057be3CD031140035A705e19ceC&token_id=2439046679443273982118864381573244666655869194&token_id_hash=0xa0164ce3822e29d122a993bc1ae3a84617b46d316795b7cdf23d0b32d26ade1a,ipfs,False,True,census_cdn_chain_clean
2439046679443273982118864381573244666655869195,QmRjbGafHoqigLFT7qzR2HMqAjUG8t8ZYL54GRJwkuu5y4,ipfs://QmTWTZFHU41euNqjU8zooaxca1Wr7ehVY6F7k2UuEyxZ57,ipfs,ipfs://Qma2VZMhsrMjrbCZcJQXuF71XTwRdL45EPH97KC8BHo8Pd?edition_number=11&artwork_number=12&blockchain=ethereum&contract=0xBb12686c360e9057be3CD031140035A705e19ceC&token_id=2439046679443273982118864381573244666655869195&token_id_hash=0x941605c7945be1973a2bf7c116e7f29f97bc798552fd4a4f8300760f6b5e33f5,ipfs,False,True,census_cdn_chain_clean
2439046679443273982118864381573244666655869196,QmZnkTzu4Nkv9MCYSL2KzaSU9X11QY5w4Ntzn6QMcRdMfF,ipfs://Qmdg1feo3eKrM4JzaSnPPZ8LuHGd52w8TYjPhuTba9vBVY,ipfs,ipfs://Qma2VZMhsrMjrbCZcJQXuF71XTwRdL45EPH97KC8BHo8Pd?edition_number=12&artwork_number=13&blockchain=ethereum&contract=0xBb12686c360e9057be3CD031140035A705e19ceC&token_id=2439046679443273982118864381573244666655869196&token_id_hash=0x361d98993827909073636ed023991ca6013934d910a27320830da08340d593d8,ipfs,False,True,census_cdn_chain_clean
2439046679443273982118864381573244666655869197,QmTTr6S6UXzyeBWkQDaUPiUdrnR54GeWrTiSZ7zytsC33V,ipfs://QmPMZv2srWJRJrM9JEsQ2fFXAuGi1UfTzMfapS5AfjZMt2,ipfs,ipfs://Qma2VZMhsrMjrbCZcJQXuF71XTwRdL45EPH97KC8BHo8Pd?edition_number=13&artwork_number=14&blockchain=ethereum&contract=0xBb12686c360e9057be3CD031140035A705e19ceC&token_id=2439046679443273982118864381573244666655869197&token_id_hash=0xc98150e249c7f06e059ea6d239425615fd676ab3d429a82e55c7674066bdc864,ipfs,False,True,census_cdn_chain_clean
2439046679443273982118864381573244666655869198,QmfGUFtZso91KLrwbqhfwJnziND79ZCEKD1cpS6PcVnzHZ,ipfs://QmURSLEK7FtqfgRS6gpq7NzsaaTtbYiLDv9V5pAkyDvfyk,ipfs,ipfs://Qma2VZMhsrMjrbCZcJQXuF71XTwRdL45EPH97KC8BHo8Pd?edition_number=14&artwork_number=15&blockchain=ethereum&contract=0xBb12686c360e9057be3CD031140035A705e19ceC&token_id=2439046679443273982118864381573244666655869198&token_id_hash=0xf639b73cab9afc59fa61e8f9ef593a4ab50cf8706154a765f04eada360414a82,ipfs,False,True,census_cdn_chain_clean
2439046679443273982118864381573244666655869199,QmPoH2ixjPnPQHeeGqBq8PiJoVc7V2uzgx6HaT9gDF5iWT,ipfs://QmbcAdtvi5p2G4d5rRWFSSAtF6hoL3JiNTKzJSHxCSegwL,ipfs,ipfs://Qma2VZMhsrMjrbCZcJQXuF71XTwRdL45EPH97KC8BHo8Pd?edition_number=15&artwork_number=16&blockchain=ethereum&contract=0xBb12686c360e9057be3CD031140035A705e19ceC&token_id=2439046679443273982118864381573244666655869199&token_id_hash=0x5c7e2f12d412da5476004a31defb8ba10678f1060d93305a828f00472619b6e6,ipfs,False,True,census_cdn_chain_clean
2439046679443273982118864381573244666655869200,QmdpcJvVmQqVbxk3NecdaCkTLNpTmu75CW2h1mQtbpcmfq,ipfs://QmNW8njkM9s48azvsTkfSp4aWsSfKV75uqseqPXgvfEobr,ipfs,ipfs://Qma2VZMhsrMjrbCZcJQXuF71XTwRdL45EPH97KC8BHo8Pd?edition_number=16&artwork_number=17&blockchain=ethereum&contract=0xBb12686c360e9057be3CD031140035A705e19ceC&token_id=2439046679443273982118864381573244666655869200&token_id_hash=0x24839b69dfd6abf1b8cee477f504e95815be7c40df8c5c69ccc29093c3d0313a,ipfs,False,True,census_cdn_chain_clean
2439046679443273982118864381573244666655869201,QmVgCPTqa5Kzcm1W1KNGtrZUtsSYBj2cZMBhHwxwerK5ZG,ipfs://QmTtarfKd8GHxXDTo1ziBD7RvVQ2hPrRrteqtjVJBYZxLa,ipfs,ipfs://Qma2VZMhsrMjrbCZcJQXuF71XTwRdL45EPH97KC8BHo8Pd?edition_number=17&artwork_number=18&blockchain=ethereum&contract=0xBb12686c360e9057be3CD031140035A705e19ceC&token_id=2439046679443273982118864381573244666655869201&token_id_hash=0x0cf87c368e335b9738d9aea3e02a823de6fdb5c7186e56ca2281a732b5ef9348,ipfs,False,True,census_cdn_chain_clean
2439046679443273982118864381573244666655869202,QmYzTtjiopDjsAMwLdLHTFeTYnNoVnwWssGitAbkq7fB8Y,ipfs://QmWFPpJiX29e8joxsmZGcgABAoaYFsEKsiE74x7mJ5WduW,ipfs,ipfs://Qma2VZMhsrMjrbCZcJQXuF71XTwRdL45EPH97KC8BHo8Pd?edition_number=18&artwork_number=19&blockchain=ethereum&contract=0xBb12686c360e9057be3CD031140035A705e19ceC&token_id=2439046679443273982118864381573244666655869202&token_id_hash=0x9be4de7acae4f1e39c0e15ba5b7e952c0caa41eb2db6bfdd6a8399e14daac789,ipfs,False,True,census_cdn_chain_clean
2439046679443273982118864381573244666655869203,QmTBGgd8rxw7tZeiehBxckTaiJ6n5ah9Zd6MVHs95dUCrv,ipfs://QmdPDZaY8qsyBr6rh1j7aANGtpdf9orBR8M7AW5UF1R2ZC,ipfs,ipfs://Qma2VZMhsrMjrbCZcJQXuF71XTwRdL45EPH97KC8BHo8Pd?edition_number=19&artwork_number=20&blockchain=ethereum&contract=0xBb12686c360e9057be3CD031140035A705e19ceC&token_id=2439046679443273982118864381573244666655869203&token_id_hash=0x33c87a8900a61c6a694866b001b92a4663fecb37f0ff23157a329ac9873c3540,ipfs,False,True,census_cdn_chain_clean
2439046679443273982118864381573244666655869204,QmRhm8Ke6wXwt1hJ1KPs9Y6tfakqyGwgjYbbEvKujQaTwG,ipfs://QmfWF8sWLDoZfdyEC8Ae24oz7CfxhscHw4B8pQk7XqVvPq,ipfs,ipfs://Qma2VZMhsrMjrbCZcJQXuF71XTwRdL45EPH97KC8BHo8Pd?edition_number=20&artwork_number=21&blockchain=ethereum&contract=0xBb12686c360e9057be3CD031140035A705e19ceC&token_id=2439046679443273982118864381573244666655869204&token_id_hash=0xf67f16d1aec573c904755228aa3fe5b53ef371939512e176b1c1954b23387006,ipfs,False,True,census_cdn_chain_clean
2439046679443273982118864381573244666655869205,QmUyBHFoPAMb3RmE5M3TTNk425MUNiWFrHPtpeiSTmkUfT,ipfs://QmcdSj3E1ZfHSvJJHq2AqYTBpBS3xsqcHwFEMaam5wo3GV,ipfs,ipfs://Qma2VZMhsrMjrbCZcJQXuF71XTwRdL45EPH97KC8BHo8Pd?edition_number=21&artwork_number=22&blockchain=ethereum&contract=0xBb12686c360e9057be3CD031140035A705e19ceC&token_id=2439046679443273982118864381573244666655869205&token_id_hash=0x8cf0d5aac2d262a254d7c7a6de9464dce35b875ab724904474e82df5e7536512,ipfs,False,True,census_cdn_chain_clean
2439046679443273982118864381573244666655869206,QmQrAt2Sz2wdQqQRbZ1bnE9aEzQxrccdJiQCosfUBvcEL2,ipfs://QmSu1apCbDMXVqPKZBwM7iS7h9FaGQezbcAyTWEywc8h5i,ipfs,ipfs://Qma2VZMhsrMjrbCZcJQXuF71XTwRdL45EPH97KC8BHo8Pd?edition_number=22&artwork_number=23&blockchain=ethereum&contract=0xBb12686c360e9057be3CD031140035A705e19ceC&token_id=2439046679443273982118864381573244666655869206&token_id_hash=0x57de1fe6fb38b7a482c197f0ec60ca9b7781595dd8f664226a6ba2be6d4e77d0,ipfs,False,True,census_cdn_chain_clean
2439046679443273982118864381573244666655869207,QmeAeRBhqitehJ7o6gNgZgb27MboiXfeTf3CZBSDHEMKUC,ipfs://Qmd4ALCF3TEAQMpYGx6c683M93QfMvvaSi6rGamBWfGnb1,ipfs,ipfs://Qma2VZMhsrMjrbCZcJQXuF71XTwRdL45EPH97KC8BHo8Pd?edition_number=23&artwork_number=24&blockchain=ethereum&contract=0xBb12686c360e9057be3CD031140035A705e19ceC&token_id=2439046679443273982118864381573244666655869207&token_id_hash=0x84758be891f49f04ec105f2562b30457995f972a78a3eeb5bc824b51e524153f,ipfs,False,True,census_cdn_chain_clean
2439046679443273982118864381573244666655869208,QmWJ5ya7U3wVxGw96Tf12Sg6HEq9eSAgv8tvnE2yBfznrG,ipfs://QmZyVdSebjrcEbQC3zA8bovVPAdWc4c8tyWTdw6A31n2TT,ipfs,ipfs://Qma2VZMhsrMjrbCZcJQXuF71XTwRdL45EPH97KC8BHo8Pd?edition_number=24&artwork_number=25&blockchain=ethereum&contract=0xBb12686c360e9057be3CD031140035A705e19ceC&token_id=2439046679443273982118864381573244666655869208&token_id_hash=0x55bfe277d9ab2a4d1921c0ac997466538d336dac74313c28b4b479b628b1123c,ipfs,False,True,census_cdn_chain_clean
2439046679443273982118864381573244666655869209,QmPwAxkExi9T6ZbG6GLHvmE1VaXAnELnYAYD3uQgYc73xn,ipfs://QmZxN377ZWeuUsFcGpYEYFTqj97ZYkcvW4xgUuqmzKd3hd,ipfs,ipfs://Qma2VZMhsrMjrbCZcJQXuF71XTwRdL45EPH97KC8BHo8Pd?edition_number=25&artwork_number=26&blockchain=ethereum&contract=0xBb12686c360e9057be3CD031140035A705e19ceC&token_id=2439046679443273982118864381573244666655869209&token_id_hash=0x92730b00a64974f6dd1b7129976cbc245a6b3d8593c86b19df2c04c716282fa2,ipfs,False,True,census_cdn_chain_clean
2439046679443273982118864381573244666655869210,QmYmsqsUYMZKe6woLac8nG5sXanJH7B7z5VRmW1GHrbymu,ipfs://QmNUubKf1Aw4j8AEceZC6viwoGLYa2mwMeKCE6JCEY8Cmd,ipfs,ipfs://Qma2VZMhsrMjrbCZcJQXuF71XTwRdL45EPH97KC8BHo8Pd?edition_number=26&artwork_number=27&blockchain=ethereum&contract=0xBb12686c360e9057be3CD031140035A705e19ceC&token_id=2439046679443273982118864381573244666655869210&token_id_hash=0x7061915a65a0bc64e862ee4066b8808cad223a5a87c4e827e1d7eae3df2afc0a,ipfs,False,True,census_cdn_chain_clean
2439046679443273982118864381573244666655869211,QmWiVuYEUERHYG6Gzw7PSZRLDotswMkVufSficAPCWT25H,ipfs://Qme8hXRFWeoeeqb65TgKtEuVjn19GxVfcWoUA5kfvQzVqb,ipfs,ipfs://Qma2VZMhsrMjrbCZcJQXuF71XTwRdL45EPH97KC8BHo8Pd?edition_number=27&artwork_number=28&blockchain=ethereum&contract=0xBb12686c360e9057be3CD031140035A705e19ceC&token_id=2439046679443273982118864381573244666655869211&token_id_hash=0x836892a9e634131469bf32d7184c1d3336f9d0f9658542cabcb0f4a5cdedcd7f,ipfs,False,True,census_cdn_chain_clean
2439046679443273982118864381573244666655869212,QmR5rovv5Tu3p5bJRFrZKXNSWKoqAxR7NwL8ZKqf3TMt6D,ipfs://QmWL6gtaYfN4PbKxiGnhypedChpdqXPcqVPE8rVkehHXmi,ipfs,ipfs://Qma2VZMhsrMjrbCZcJQXuF71XTwRdL45EPH97KC8BHo8Pd?edition_number=28&artwork_number=29&blockchain=ethereum&contract=0xBb12686c360e9057be3CD031140035A705e19ceC&token_id=2439046679443273982118864381573244666655869212&token_id_hash=0x7489854d0ddd0c81aa8944715d99a7a2da93755013cfecfd0cc547a4cfcef3d7,ipfs,False,True,census_cdn_chain_clean
2439046679443273982118864381573244666655869213,QmfK4ac6NMvRr58gzabJoytJ6gDKvfD31a14qEuAPdR8FC,ipfs://QmNXsqvJguiQRXRA84zoVD3X1mQ5TJwGrjxm4GPFDKnEZw,ipfs,ipfs://Qma2VZMhsrMjrbCZcJQXuF71XTwRdL45EPH97KC8BHo8Pd?edition_number=29&artwork_number=30&blockchain=ethereum&contract=0xBb12686c360e9057be3CD031140035A705e19ceC&token_id=2439046679443273982118864381573244666655869213&token_id_hash=0xd14890b0357650184e16db0f4da60fedb7772bc0dfa8f62c91dff40f244eca37,ipfs,False,True,census_cdn_chain_clean
2439046679443273982118864381573244666655869214,QmPeTszQeUWvkrvsrzSQzJw7poy3u5mQ2nQZGRbDNH7Eb2,ipfs://QmY1LYrXRR7hbUbojCCC2cRZp2GyhFPNPZNHXMTr1rBTWE,ipfs,ipfs://Qma2VZMhsrMjrbCZcJQXuF71XTwRdL45EPH97KC8BHo8Pd?edition_number=30&artwork_number=31&blockchain=ethereum&contract=0xBb12686c360e9057be3CD031140035A705e19ceC&token_id=2439046679443273982118864381573244666655869214&token_id_hash=0x1a6fd5c8ce7d7417c22c09c210fc489da407f56a1628f9c6d2e8849729ba20b1,ipfs,False,True,census_cdn_chain_clean
2439046679443273982118864381573244666655869215,QmUMTAFgfztQZy1KmTsGf78NbAPUbBD5C3f8iyyHsev3oD,ipfs://QmcFj5NBKNFAnvwKfcW3jGxrLBDeYzFWHrQLmPVdVtUNTL,ipfs,ipfs://Qma2VZMhsrMjrbCZcJQXuF71XTwRdL45EPH97KC8BHo8Pd?edition_number=31&artwork_number=32&blockchain=ethereum&contract=0xBb12686c360e9057be3CD031140035A705e19ceC&token_id=2439046679443273982118864381573244666655869215&token_id_hash=0x24473eee046e029322f0cd06f2be317de38c5bf961860b40e1c3bdb7f5d79735,ipfs,False,True,census_cdn_chain_clean
2439046679443273982118864381573244666655869216,QmWBvDDX9RKzwLy9ezm7yg8cq9zu2PqgnKhkK2DhPET5o5,ipfs://QmYAbWk45zQzttRiotb5M4tuQvFJ6TpJuZFUm3tK2PqUXX,ipfs,ipfs://Qma2VZMhsrMjrbCZcJQXuF71XTwRdL45EPH97KC8BHo8Pd?edition_number=32&artwork_number=33&blockchain=ethereum&contract=0xBb12686c360e9057be3CD031140035A705e19ceC&token_id=2439046679443273982118864381573244666655869216&token_id_hash=0xbbb5dae9cd4de555580feb438217e85a37ae645354da16d328e18a7a3ac74136,ipfs,False,True,census_cdn_chain_clean
2439046679443273982118864381573244666655869217,QmSr35fRhKaGt1Pio8ZH28oLVJ3KKHty4SeafYszfkLCTT,ipfs://QmY3AKtXs8Cp9dw9BwDmS4KbUKA4u5v1cE4uQ94sSQjEDS,ipfs,ipfs://Qma2VZMhsrMjrbCZcJQXuF71XTwRdL45EPH97KC8BHo8Pd?edition_number=33&artwork_number=34&blockchain=ethereum&contract=0xBb12686c360e9057be3CD031140035A705e19ceC&token_id=2439046679443273982118864381573244666655869217&token_id_hash=0x1b6ef7367722803648b0cfcde581ee39057422cf3931abf16479caea5cf51ee0,ipfs,False,True,census_cdn_chain_clean
2439046679443273982118864381573244666655869218,QmUAzJuV4XSNbuUQBYXwCydFdXczBjmDfSqKFNkeaDSuc4,ipfs://QmdAhY9kWGZFERgzBEu4KfjLuyvvZw7qXkNYeLdSuVwHHY,ipfs,ipfs://Qma2VZMhsrMjrbCZcJQXuF71XTwRdL45EPH97KC8BHo8Pd?edition_number=34&artwork_number=35&blockchain=ethereum&contract=0xBb12686c360e9057be3CD031140035A705e19ceC&token_id=2439046679443273982118864381573244666655869218&token_id_hash=0x37074afc63705076e955e725772cc507bf234ff2d46fc460a8559c57530a1fa5,ipfs,False,True,census_cdn_chain_clean
2439046679443273982118864381573244666655869219,Qmf6sh4ysTKgnkuESkgLWqLQJXF9PmKFWLrGKUXXeaJ5Ca,ipfs://QmUuNJUMRgbq1qDdYEv1emBmEQo9S9w3vHbPzGnv9BBhBf,ipfs,ipfs://Qma2VZMhsrMjrbCZcJQXuF71XTwRdL45EPH97KC8BHo8Pd?edition_number=35&artwork_number=36&blockchain=ethereum&contract=0xBb12686c360e9057be3CD031140035A705e19ceC&token_id=2439046679443273982118864381573244666655869219&token_id_hash=0x9d766172cf82b9553799331ee13058961a54a541781018b2197c360e80a725f2,ipfs,False,True,census_cdn_chain_clean
2439046679443273982118864381573244666655869220,QmVurW7guiVXCwuiLSXszuAzXbWzSwjTjuoUTSFCPtCCCC,ipfs://QmZJNUSFHvnYxAdxbPrGNcfdHpdwty1XroimS7ny8sBDpp,ipfs,ipfs://Qma2VZMhsrMjrbCZcJQXuF71XTwRdL45EPH97KC8BHo8Pd?edition_number=36&artwork_number=37&blockchain=ethereum&contract=0xBb12686c360e9057be3CD031140035A705e19ceC&token_id=2439046679443273982118864381573244666655869220&token_id_hash=0xb7637fa0ade450088954133ab724daa749b9cc8e23ee435a9d9e731eeae1c4d0,ipfs,False,True,census_cdn_chain_clean
2439046679443273982118864381573244666655869221,QmZUZEcX3YDUR9PiCi8iEtGNNVAi6P6i4YjvzEYUxoiA3,ipfs://QmPYAzF82SpQPxEpbMfvHHFWR8YtbNwZfJDqyEqDNVns9D,ipfs,ipfs://Qma2VZMhsrMjrbCZcJQXuF71XTwRdL45EPH97KC8BHo8Pd?edition_number=37&artwork_number=38&blockchain=ethereum&contract=0xBb12686c360e9057be3CD031140035A705e19ceC&token_id=2439046679443273982118864381573244666655869221&token_id_hash=0xe4c59138a2133f67e0a511b65bfeefcb392e2ed8139dedc4df64b0d9042a5846,ipfs,False,True,census_cdn_chain_clean
2439046679443273982118864381573244666655869222,QmXrzpmC8MuUkQH4XuAADZASmi8JkEW1gYmbJFEapWKisy,ipfs://QmPu6RLDD2pzX5ai8L8oZVRD8KMW7rLdFiHcfUt2GKitiB,ipfs,ipfs://Qma2VZMhsrMjrbCZcJQXuF71XTwRdL45EPH97KC8BHo8Pd?edition_number=38&artwork_number=39&blockchain=ethereum&contract=0xBb12686c360e9057be3CD031140035A705e19ceC&token_id=2439046679443273982118864381573244666655869222&token_id_hash=0xed7fbf2ac64664387924a80da16d3b82ee897a7a31278266b83ce0ede37b4e03,ipfs,False,True,census_cdn_chain_clean
2439046679443273982118864381573244666655869223,QmbHtKhfGNmPJEZQf3YQmwafUR3BKc1MWuZMaffgjSfcPY,ipfs://QmSp7NZg4p3EhHFaGez36Aj88np5tkirrdj54ZUsp52UXm,ipfs,ipfs://Qma2VZMhsrMjrbCZcJQXuF71XTwRdL45EPH97KC8BHo8Pd?edition_number=39&artwork_number=40&blockchain=ethereum&contract=0xBb12686c360e9057be3CD031140035A705e19ceC&token_id=2439046679443273982118864381573244666655869223&token_id_hash=0x5f6dff547d084865814ae945430aada2a32fba5dade3728e98303063581a7bb6,ipfs,False,True,census_cdn_chain_clean
2439046679443273982118864381573244666655869224,QmfNXTXQfb9MRsZfhy9za3B6vwF8wr3mGpWRP1viUTMSVf,ipfs://QmPEmEQxR6F7fky6bTSz21sDDSAooFB9okbux7CPDxwP7Q,ipfs,ipfs://Qma2VZMhsrMjrbCZcJQXuF71XTwRdL45EPH97KC8BHo8Pd?edition_number=40&artwork_number=41&blockchain=ethereum&contract=0xBb12686c360e9057be3CD031140035A705e19ceC&token_id=2439046679443273982118864381573244666655869224&token_id_hash=0xc9bcefa8d32a742e9d20960ebe22241d6f0c94e616a9a661bea8ec2aa152b128,ipfs,False,True,census_cdn_chain_clean
2439046679443273982118864381573244666655869225,QmUq5jjFUTeHcw4Cc29yyDEiC1B8tKrFEvZ9GbNPWtCtG2,ipfs://QmYL24fBY8LG9CjrZYPkZcafn1EnccFHsREA6KUELGs6Hk,ipfs,ipfs://Qma2VZMhsrMjrbCZcJQXuF71XTwRdL45EPH97KC8BHo8Pd?edition_number=41&artwork_number=42&blockchain=ethereum&contract=0xBb12686c360e9057be3CD031140035A705e19ceC&token_id=2439046679443273982118864381573244666655869225&token_id_hash=0x81d0c9736656564a21cb337ef94e4e5c06c68ed43937f46368c1f14c45b9510d,ipfs,False,True,census_cdn_chain_clean
2439046679443273982118864381573244666655869226,QmaR1SnYofXqkEUY5tHErt1r92n64wGbozSwnMt6fUnv3g,ipfs://QmZir7pcw66nmU2DXEsxwB9887iv3nCX2fvmLiqgKYAju6,ipfs,ipfs://Qma2VZMhsrMjrbCZcJQXuF71XTwRdL45EPH97KC8BHo8Pd?edition_number=42&artwork_number=43&blockchain=ethereum&contract=0xBb12686c360e9057be3CD031140035A705e19ceC&token_id=2439046679443273982118864381573244666655869226&token_id_hash=0x9ae9eb7e4b6169b72f00bba4b83b4c33ba72d333ed01613ad6a3149b82fc1d10,ipfs,False,True,census_cdn_chain_clean
2439046679443273982118864381573244666655869227,QmRAYTdARBfAztUuzbonojmUwcmR4N22Em2xYaTxsSk4ia,ipfs://QmfBXePQx9WmwFL77WxWo2kQGsQsJfogZtM9KV4JJCs2cw,ipfs,ipfs://Qma2VZMhsrMjrbCZcJQXuF71XTwRdL45EPH97KC8BHo8Pd?edition_number=43&artwork_number=44&blockchain=ethereum&contract=0xBb12686c360e9057be3CD031140035A705e19ceC&token_id=2439046679443273982118864381573244666655869227&token_id_hash=0xd216bbeeccb7a3a8ba5bb15836ac02191f11ff46255e040b675bee59f63cd87c,ipfs,False,True,census_cdn_chain_clean
2439046679443273982118864381573244666655869228,QmWBnkFUPraZvUvs7t4B6JzfSDyfjDBqLxHXgMWXGd1HUU,ipfs://QmT8FApKGa8CnjSZHs12dN2FphfdRJ8ra3YvxjkP3Cf5Nd,ipfs,ipfs://Qma2VZMhsrMjrbCZcJQXuF71XTwRdL45EPH97KC8BHo8Pd?edition_number=44&artwork_number=45&blockchain=ethereum&contract=0xBb12686c360e9057be3CD031140035A705e19ceC&token_id=2439046679443273982118864381573244666655869228&token_id_hash=0x5a900a5eb9cc519c2ff684737eaac7d6f4a90bf1a86fefc822c5b6f8ee3a7445,ipfs,False,True,census_cdn_chain_clean
2439046679443273982118864381573244666655869229,QmZebhgygcLvQuTszvzHmMwTMvC3gU2xHsXVx8ydFFnf2U,ipfs://QmVb4dSwATFWxvDBXHsCHE735vxsuf9fWQMXSXrxCthoGn,ipfs,ipfs://Qma2VZMhsrMjrbCZcJQXuF71XTwRdL45EPH97KC8BHo8Pd?edition_number=45&artwork_number=46&blockchain=ethereum&contract=0xBb12686c360e9057be3CD031140035A705e19ceC&token_id=2439046679443273982118864381573244666655869229&token_id_hash=0x2e59f3ba07999f7c6fe379dd7826f78b4693461a1478d66ea1c14d5aa3fff0cd,ipfs,False,True,census_cdn_chain_clean
2439046679443273982118864381573244666655869230,QmWjRskFZSGe2HWhZuTqyjKM9EMK4Z2E7ShgWVevgD64nQ,ipfs://QmXC6L6N2SHpitFkK9bC8sx5PUfzJCjE6aUmj7q3ADxvRB,ipfs,ipfs://Qma2VZMhsrMjrbCZcJQXuF71XTwRdL45EPH97KC8BHo8Pd?edition_number=46&artwork_number=47&blockchain=ethereum&contract=0xBb12686c360e9057be3CD031140035A705e19ceC&token_id=2439046679443273982118864381573244666655869230&token_id_hash=0x83059215c6d4a88f891e7a175a3ba255bdcc0f24e63b4fbba8e102b23b6a9036,ipfs,False,True,census_cdn_chain_clean
2439046679443273982118864381573244666655869231,QmaTW991vuVNWaJtavGjJVxgTLfSZ2UfgAvPWy6wHtRMT7,ipfs://QmUfGs7Un1Ns9eLBh9JvmQi95otvZ7LaEfnypY5Y5Nf8Ty,ipfs,ipfs://Qma2VZMhsrMjrbCZcJQXuF71XTwRdL45EPH97KC8BHo8Pd?edition_number=47&artwork_number=48&blockchain=ethereum&contract=0xBb12686c360e9057be3CD031140035A705e19ceC&token_id=2439046679443273982118864381573244666655869231&token_id_hash=0xe387ded136ce567e9723a6f2bdb6282c02d2d46c3cc2375688486f4a9c46b279,ipfs,False,True,census_cdn_chain_clean
2439046679443273982118864381573244666655869232,QmU6R21z92dS6cMdCGZVDRx6qyNkfA6hV6dx74m4FpNTP9,ipfs://QmZLqPhjBZ4V3fBaYjxWJh2i7q78M3kgp26a79L3YkNHGL,ipfs,ipfs://Qma2VZMhsrMjrbCZcJQXuF71XTwRdL45EPH97KC8BHo8Pd?edition_number=48&artwork_number=49&blockchain=ethereum&contract=0xBb12686c360e9057be3CD031140035A705e19ceC&token_id=2439046679443273982118864381573244666655869232&token_id_hash=0x46afe6e2aa46c729d4450050cad03509a3f97bc20e6bb4a5ad6db7f883021c8c,ipfs,False,True,census_cdn_chain_clean
2439046679443273982118864381573244666655869233,Qmei3uD4ZTRgF9sfE2e4Ar4BeFcQcDRM1YrdNDvBsgUGAE,ipfs://QmTsFyH11HKfE5RsUjbSgoD3JzHqocUzSiNfyX2ofY6NAx,ipfs,ipfs://Qma2VZMhsrMjrbCZcJQXuF71XTwRdL45EPH97KC8BHo8Pd?edition_number=49&artwork_number=50&blockchain=ethereum&contract=0xBb12686c360e9057be3CD031140035A705e19ceC&token_id=2439046679443273982118864381573244666655869233&token_id_hash=0xa53f6706a814149c30d0b014b15569e04a6429e15a008c18e9439aa7ca6a5da2,ipfs,False,True,census_cdn_chain_clean
2439046679443273982118864381573244666655869234,QmWpmgUjQWYiGT1HMggYwLRKhCbUBd6gZ5RrCpGjnx3MuT,ipfs://QmNuoDuZ74WWnwm6mZQrCr3J2vsuVyoGKXj6eXhZcW4gLn,ipfs,ipfs://Qma2VZMhsrMjrbCZcJQXuF71XTwRdL45EPH97KC8BHo8Pd?edition_number=50&artwork_number=51&blockchain=ethereum&contract=0xBb12686c360e9057be3CD031140035A705e19ceC&token_id=2439046679443273982118864381573244666655869234&token_id_hash=0x30e4bbf654867cc66930734011035e61bcb8905f70887149a809f04110108158,ipfs,False,True,census_cdn_chain_clean
2439046679443273982118864381573244666655869235,QmZNfEEfpT6KpGhudb4xnrkUMPNSGve8uF78YENnm3HFjZ,ipfs://QmQxeAaKcDqG5y7QhZ4ZT2Rd11YTQHUsK3QqszJcs9Ch66,ipfs,ipfs://Qma2VZMhsrMjrbCZcJQXuF71XTwRdL45EPH97KC8BHo8Pd?edition_number=51&artwork_number=52&blockchain=ethereum&contract=0xBb12686c360e9057be3CD031140035A705e19ceC&token_id=2439046679443273982118864381573244666655869235&token_id_hash=0x1f8d6363ff0df125689304fc2193740e385f57d372e4ceb10bd5901d553bb582,ipfs,False,True,census_cdn_chain_clean
2439046679443273982118864381573244666655869236,QmVg2xRofVvrmE8CMj1yHGA4bAx2sxmpnwxrxYd8Ydyhn4,ipfs://QmQ44vKF6ggZQobpV7PHMfkPexMLubnUwCEZQcpVADxV8A,ipfs,ipfs://Qma2VZMhsrMjrbCZcJQXuF71XTwRdL45EPH97KC8BHo8Pd?edition_number=52&artwork_number=53&blockchain=ethereum&contract=0xBb12686c360e9057be3CD031140035A705e19ceC&token_id=2439046679443273982118864381573244666655869236&token_id_hash=0xc1389f317d36287dbcfe827aef630d5160ffa56c8b094af06bab03e61f462723,ipfs,False,True,census_cdn_chain_clean
2439046679443273982118864381573244666655869237,QmV5qikJwBwPmqtQr8YeWGXQgpzr29AB9U1jqg1kA2tcXb,ipfs://QmWqWDf8C9XxdeULXG6q6PGqFwqVCi6BxBU12rCrAs7ehb,ipfs,ipfs://Qma2VZMhsrMjrbCZcJQXuF71XTwRdL45EPH97KC8BHo8Pd?edition_number=53&artwork_number=54&blockchain=ethereum&contract=0xBb12686c360e9057be3CD031140035A705e19ceC&token_id=2439046679443273982118864381573244666655869237&token_id_hash=0xcb05d7defd31e84ebb8a59dad15451ec3e37716119cbd69609cbf30d3331dfb3,ipfs,False,True,census_cdn_chain_clean
2439046679443273982118864381573244666655869238,QmabwDZzeKaroJ45BkgxWuhZrK8K3BsFD3zPCtPj98M8S3,ipfs://QmPAaeDxzJRPDG1YpvBi8FKE1pXasUrDaeG76AQcuL2Tuj,ipfs,ipfs://Qma2VZMhsrMjrbCZcJQXuF71XTwRdL45EPH97KC8BHo8Pd?edition_number=54&artwork_number=55&blockchain=ethereum&contract=0xBb12686c360e9057be3CD031140035A705e19ceC&token_id=2439046679443273982118864381573244666655869238&token_id_hash=0x2db99a8f2a27335f6a03f3b508b6b9e4070104790b1139cdfbd16c6bd7509940,ipfs,False,True,census_cdn_chain_clean
2439046679443273982118864381573244666655869239,QmbRRggzL2n2ZbhY1kYJW4BJs547YCCL8KdyVCVaASbY5b,ipfs://QmToDZbAs6UqG4i6hSQKfUyxgM6Yy9uD1KBRSjv8tHTfDg,ipfs,ipfs://Qma2VZMhsrMjrbCZcJQXuF71XTwRdL45EPH97KC8BHo8Pd?edition_number=55&artwork_number=56&blockchain=ethereum&contract=0xBb12686c360e9057be3CD031140035A705e19ceC&token_id=2439046679443273982118864381573244666655869239&token_id_hash=0xc233743fe2d5af67bcf41dcbea909f965b5a8bc13f7b394cbcabd8d3b6421584,ipfs,False,True,census_cdn_chain_clean
2439046679443273982118864381573244666655869240,QmZfU1YZuJsSFG5jGPJ7BuyinQA3wFYHCQ78d8W3wa3QJq,ipfs://QmefRXzndnerP8iS5qX1RNDvPd1hAH1nEwZUJkREDWMgmP,ipfs,ipfs://Qma2VZMhsrMjrbCZcJQXuF71XTwRdL45EPH97KC8BHo8Pd?edition_number=56&artwork_number=57&blockchain=ethereum&contract=0xBb12686c360e9057be3CD031140035A705e19ceC&token_id=2439046679443273982118864381573244666655869240&token_id_hash=0xe9eb7b5b946e9d5df009b1f56fd321d21a2511bbe523ffa8bba93e0ff99ac9bb,ipfs,False,True,census_cdn_chain_clean
2439046679443273982118864381573244666655869241,QmVwGqmsjYEaqrdQkpiezbif1R62zWSJQx8bMeJCxz4irs,ipfs://QmYfAN7L5BVVapKK8CNX8en5SebPJxN79FeDBkQnCQWrcg,ipfs,ipfs://Qma2VZMhsrMjrbCZcJQXuF71XTwRdL45EPH97KC8BHo8Pd?edition_number=57&artwork_number=58&blockchain=ethereum&contract=0xBb12686c360e9057be3CD031140035A705e19ceC&token_id=2439046679443273982118864381573244666655869241&token_id_hash=0x55d4161a888773e323db8e091ade6633829c39e6ddf45e60fa181deb28ed88c2,ipfs,False,True,census_cdn_chain_clean
2439046679443273982118864381573244666655869242,QmVfW2LwYrxvdPsas2SS21cCgK4SALxGqtqRd8ZPKusW6a,ipfs://QmRpk1nS2W4Zk1SWFNMBH9QsNoHCj863tbUnVJozKCkWw9,ipfs,ipfs://Qma2VZMhsrMjrbCZcJQXuF71XTwRdL45EPH97KC8BHo8Pd?edition_number=58&artwork_number=59&blockchain=ethereum&contract=0xBb12686c360e9057be3CD031140035A705e19ceC&token_id=2439046679443273982118864381573244666655869242&token_id_hash=0x6c489c3aa853abdc4ece43c0b2c8f2fca8b4cc587577b466c840f3c6deead150,ipfs,False,True,census_cdn_chain_clean
2439046679443273982118864381573244666655869243,QmVki9DUyLZzG5s91McJrBkoLXxpQyLbhXTdkf6xHJ1z5,ipfs://QmdoC5XDMmsXjQu74BbEjj3gededjidvBCM2NBYpFj253m,ipfs,ipfs://Qma2VZMhsrMjrbCZcJQXuF71XTwRdL45EPH97KC8BHo8Pd?edition_number=59&artwork_number=60&blockchain=ethereum&contract=0xBb12686c360e9057be3CD031140035A705e19ceC&token_id=2439046679443273982118864381573244666655869243&token_id_hash=0x6e685305faa16f69affae3db143781375fd493d5ed5be89259067a2f6b178f29,ipfs,False,True,census_cdn_chain_clean
2439046679443273982118864381573244666655869244,QmbGd5wX2AduqfUPPVtYBPf8KPkcSBedoAjivPu1FivUN,ipfs://QmV1WXCQXu2y6ejY7hZayTDZAxwhKFKyRaeATbWLvg2qpn,ipfs,ipfs://Qma2VZMhsrMjrbCZcJQXuF71XTwRdL45EPH97KC8BHo8Pd?edition_number=60&artwork_number=61&blockchain=ethereum&contract=0xBb12686c360e9057be3CD031140035A705e19ceC&token_id=2439046679443273982118864381573244666655869244&token_id_hash=0x12c41aa998fa7f30e0aa386fbd9602be5d56599264fa61ee55cba8fdd51b45e5,ipfs,False,True,census_cdn_chain_clean
2439046679443273982118864381573244666655869245,QmaGRsgN71Tgw39Bkohp6dxj3v3pxrLuXd83ZYouUmWJMa,ipfs://QmfRea5FxmgaYhpiowPkUq8yDAygiCxyYFddTmjbXBzwov,ipfs,ipfs://Qma2VZMhsrMjrbCZcJQXuF71XTwRdL45EPH97KC8BHo8Pd?edition_number=61&artwork_number=62&blockchain=ethereum&contract=0xBb12686c360e9057be3CD031140035A705e19ceC&token_id=2439046679443273982118864381573244666655869245&token_id_hash=0x5e7f0820610228b18dc87c7730436ea7c60e6b3137ba23fb8f20f7b691893b55,ipfs,False,True,census_cdn_chain_clean
2439046679443273982118864381573244666655869246,QmetvNCJKmYPdoSmnFVXj3yP63N8C7SnoZLhg3iGqLZ8Ep,ipfs://QmVuMgc7YsojisiRjrktdVaDMWCkJ3FniFheM6Chnj7nsx,ipfs,ipfs://Qma2VZMhsrMjrbCZcJQXuF71XTwRdL45EPH97KC8BHo8Pd?edition_number=62&artwork_number=63&blockchain=ethereum&contract=0xBb12686c360e9057be3CD031140035A705e19ceC&token_id=2439046679443273982118864381573244666655869246&token_id_hash=0xf6a6a0135da594a740ec734e8cf4e9380226cf9e78f0eaf02e00a5007b0cabe0,ipfs,False,True,census_cdn_chain_clean
2439046679443273982118864381573244666655869247,QmWBKaMeFya5G5FuPfEuwNZFfuFZSmUSRQxUq2CcAJ9EtE,ipfs://Qmee1jJW6ypQCXjtLfif1eZ3acjep3W9WN8oBDuMHQ4kHX,ipfs,ipfs://Qma2VZMhsrMjrbCZcJQXuF71XTwRdL45EPH97KC8BHo8Pd?edition_number=63&artwork_number=64&blockchain=ethereum&contract=0xBb12686c360e9057be3CD031140035A705e19ceC&token_id=2439046679443273982118864381573244666655869247&token_id_hash=0x9482bc58ea99f85ac7fe6f6dc7471b6caa0686713c655a43db3578925c521e28,ipfs,False,True,census_cdn_chain_clean
2439046679443273982118864381573244666655869248,QmXXbzzYpmu8vQyVZtjbrQ8MEEzovCyrq9xZ7fG2VCRSjB,ipfs://QmQis4zeLdDqiKb2sh2DduNv1fwtHP1V1RvEaeiXCst9NH,ipfs,ipfs://Qma2VZMhsrMjrbCZcJQXuF71XTwRdL45EPH97KC8BHo8Pd?edition_number=64&artwork_number=65&blockchain=ethereum&contract=0xBb12686c360e9057be3CD031140035A705e19ceC&token_id=2439046679443273982118864381573244666655869248&token_id_hash=0x4239e92550c44f446a25cb2783fa22283b5fd03ce0a9dee2a40755fbdeb8695b,ipfs,False,True,census_cdn_chain_clean
2439046679443273982118864381573244666655869249,Qmd5Kq2CKokngHbQnK96omj9yextzotMMKfTxQpCX9DQ25,ipfs://QmPhB8p93pjv1D2Bn4CyaP67vrwB8QMGTdjT8fTMU181ng,ipfs,ipfs://Qma2VZMhsrMjrbCZcJQXuF71XTwRdL45EPH97KC8BHo8Pd?edition_number=65&artwork_number=66&blockchain=ethereum&contract=0xBb12686c360e9057be3CD031140035A705e19ceC&token_id=2439046679443273982118864381573244666655869249&token_id_hash=0x76a7ee768c27a34fef8c690477a13e12847f9f15ae4acd42dc2133625485a82e,ipfs,False,True,census_cdn_chain_clean
2439046679443273982118864381573244666655869250,QmYQAaE3K2ihBVyeQ9bEJQnTCbBuwNu7HgXF44BxpdqrR8,ipfs://QmSUzL61KJ7TV948r2ZdZoiyvFKvTPj2UNciVS4tkaJeXY,ipfs,ipfs://Qma2VZMhsrMjrbCZcJQXuF71XTwRdL45EPH97KC8BHo8Pd?edition_number=66&artwork_number=67&blockchain=ethereum&contract=0xBb12686c360e9057be3CD031140035A705e19ceC&token_id=2439046679443273982118864381573244666655869250&token_id_hash=0x9d3c34fe47e36af85a1ca279721f0fe97ebcf3292abc81ab85b120bf1ec5b478,ipfs,False,True,census_cdn_chain_clean
2439046679443273982118864381573244666655869251,QmYzgiiD886wCeRjgtCDWNa6Qr4gcPmBcjCXnf3wiTtX3p,ipfs://QmbzfdU5KFLFE2TxxqpmMbNPjod3saJ66tuZ673sooAqG6,ipfs,ipfs://Qma2VZMhsrMjrbCZcJQXuF71XTwRdL45EPH97KC8BHo8Pd?edition_number=67&artwork_number=68&blockchain=ethereum&contract=0xBb12686c360e9057be3CD031140035A705e19ceC&token_id=2439046679443273982118864381573244666655869251&token_id_hash=0xd15962cba43eef107838ad422d02e0ebb82d98fe74d021f7d34fe53a32f94a8b,ipfs,False,True,census_cdn_chain_clean
2439046679443273982118864381573244666655869252,QmYjboqAQMZC4DZfVEtvLnZLscUnfLNnAGMxkcr5XsXuhK,ipfs://QmQ3dLXwDpKxKd6RTBUFi2Xu4SKqf3w919nXqnEyJbyPpz,ipfs,ipfs://Qma2VZMhsrMjrbCZcJQXuF71XTwRdL45EPH97KC8BHo8Pd?edition_number=68&artwork_number=69&blockchain=ethereum&contract=0xBb12686c360e9057be3CD031140035A705e19ceC&token_id=2439046679443273982118864381573244666655869252&token_id_hash=0x73f3ace579aedf318df668f83a7919bfca6923d4ce9a688e9abcff1787e5968b,ipfs,False,True,census_cdn_chain_clean
2439046679443273982118864381573244666655869253,QmQAvVJo7DQaCqAgtkFmMYnskc4K2wFK43fVPCyKWqhMta,ipfs://QmZZRUmzP22VHUWEHwd1jgFxfk6K71k9Nc4scv7cpAwBnK,ipfs,ipfs://Qma2VZMhsrMjrbCZcJQXuF71XTwRdL45EPH97KC8BHo8Pd?edition_number=69&artwork_number=70&blockchain=ethereum&contract=0xBb12686c360e9057be3CD031140035A705e19ceC&token_id=2439046679443273982118864381573244666655869253&token_id_hash=0xdef13df34b0058bbe28bf4ca8b8cefb9d400b4d3976fa02939ba48506294ac5c,ipfs,False,True,census_cdn_chain_clean
2439046679443273982118864381573244666655869254,QmNbcTxznr3b8KQqysCp3HEPuJ1vmSVgzSE5ZZmU1S72mi,ipfs://QmcMpjCxoGiPm4NxmDcDTRf8BRi3mJjVz6sgjPH8F4KE8j,ipfs,ipfs://Qma2VZMhsrMjrbCZcJQXuF71XTwRdL45EPH97KC8BHo8Pd?edition_number=70&artwork_number=71&blockchain=ethereum&contract=0xBb12686c360e9057be3CD031140035A705e19ceC&token_id=2439046679443273982118864381573244666655869254&token_id_hash=0xee78d4e15f072d268766d4d18c78d0e83783832129d0877159527f10e174e5ea,ipfs,False,True,census_cdn_chain_clean
2439046679443273982118864381573244666655869255,QmbSBpeGxQS8rM2xAvNFB1FwHPAuFskFb9mmxM9FYZUH6F,ipfs://QmUb1qHtBjV6pqkjLXEvJVMtH8v9q3xSmzUVvUZUBDYNP6,ipfs,ipfs://Qma2VZMhsrMjrbCZcJQXuF71XTwRdL45EPH97KC8BHo8Pd?edition_number=71&artwork_number=72&blockchain=ethereum&contract=0xBb12686c360e9057be3CD031140035A705e19ceC&token_id=2439046679443273982118864381573244666655869255&token_id_hash=0xec341f14cac3ef04602fb7ced1c4550edf4a853c62fa7219742a941dfba2e5ef,ipfs,False,True,census_cdn_chain_clean
2439046679443273982118864381573244666655869256,QmPd5GJ8k8rUL6j6xUCzWdN8GXAYLH9E6QaZpkVo2Vzq3y,ipfs://QmPbQfxi8cuWtGkpxzcBdwq6de1SQ4BxRTHgLV2cJ83g2v,ipfs,ipfs://Qma2VZMhsrMjrbCZcJQXuF71XTwRdL45EPH97KC8BHo8Pd?edition_number=72&artwork_number=73&blockchain=ethereum&contract=0xBb12686c360e9057be3CD031140035A705e19ceC&token_id=2439046679443273982118864381573244666655869256&token_id_hash=0x0ac2158ba7363713b6ffddb361aee7aba412385d20c788d9a8830af753d20fed,ipfs,False,True,census_cdn_chain_clean
2439046679443273982118864381573244666655869257,QmY2bwijY98Dx9mTXjZv3Pmc7aaMTcMSMveAEA7HzeiBfG,ipfs://Qmcym9pWNJRok31Ai1ktZmDR1wFGkRPCTtbcnA6Dt6mVbf,ipfs,ipfs://Qma2VZMhsrMjrbCZcJQXuF71XTwRdL45EPH97KC8BHo8Pd?edition_number=73&artwork_number=74&blockchain=ethereum&contract=0xBb12686c360e9057be3CD031140035A705e19ceC&token_id=2439046679443273982118864381573244666655869257&token_id_hash=0x2d2ddd73f8c68182ee0d13c11f20e117fa95f62b2b1501641848a4ec6480e665,ipfs,False,True,census_cdn_chain_clean
2439046679443273982118864381573244666655869258,QmNTyVx292Aa7FaDa4zrk1D7gUkwfy3HSDwjTkefYsR794,ipfs://QmZvi5T8sVkUvYwqyKqNUSr9VgPmbiEYmvLASM5AUXaRn7,ipfs,ipfs://Qma2VZMhsrMjrbCZcJQXuF71XTwRdL45EPH97KC8BHo8Pd?edition_number=74&artwork_number=75&blockchain=ethereum&contract=0xBb12686c360e9057be3CD031140035A705e19ceC&token_id=2439046679443273982118864381573244666655869258&token_id_hash=0x50898445917c90a2627b905502b34b1393e702bb8bbf6fc08b20049b7b33aaf4,ipfs,False,True,census_cdn_chain_clean
2439046679443273982118864381573244666655869259,QmPSLsEXE5Eb5rHBzhxqYmAhR3C1etbNsmgRuRzSTwK3ZV,ipfs://QmUp9sgxdYPRjYarwKFsLAkExnSazFxeSMFxwndW6gJRgT,ipfs,ipfs://Qma2VZMhsrMjrbCZcJQXuF71XTwRdL45EPH97KC8BHo8Pd?edition_number=75&artwork_number=76&blockchain=ethereum&contract=0xBb12686c360e9057be3CD031140035A705e19ceC&token_id=2439046679443273982118864381573244666655869259&token_id_hash=0xd0ee729f8337cd34f48ed0df00bcb732339dfc1ff55644aaba0b181274040b8e,ipfs,False,True,census_cdn_chain_clean
2439046679443273982118864381573244666655869260,QmaBX21eGtdoKu9oNeVwrUq62oYArt4EJjomqdpfG8mgHt,ipfs://Qmco4cXHjpw75TPSxVDdUZGFMQtaSvgWFYLtYZ81T4t7Z5,ipfs,ipfs://Qma2VZMhsrMjrbCZcJQXuF71XTwRdL45EPH97KC8BHo8Pd?edition_number=76&artwork_number=77&blockchain=ethereum&contract=0xBb12686c360e9057be3CD031140035A705e19ceC&token_id=2439046679443273982118864381573244666655869260&token_id_hash=0x57bcb89fa3ba061a5926d410ef121b7c6c30a3f22cc4f7fd0f4f22630fe6ab46,ipfs,False,True,census_cdn_chain_clean
2439046679443273982118864381573244666655869261,QmeQ6GiAjpF2KjpoYcWMUGPh113XzjVdBWPdtRQYvQ6jXA,ipfs://QmfKAHUPDGfZHsA9WYXQU9Qo9U3QEgrUiK94wP5qR1foMS,ipfs,ipfs://Qma2VZMhsrMjrbCZcJQXuF71XTwRdL45EPH97KC8BHo8Pd?edition_number=77&artwork_number=78&blockchain=ethereum&contract=0xBb12686c360e9057be3CD031140035A705e19ceC&token_id=2439046679443273982118864381573244666655869261&token_id_hash=0xc3fe5a142c1d987bdc87a26905e536720173023ef7e35afa68e096cf73e1bf98,ipfs,False,True,census_cdn_chain_clean
2439046679443273982118864381573244666655869262,QmRZiqHXoGQaJpsWUErtf38HHspENu2PA6xrCiSt2h11Ry,ipfs://QmbEPQuihdoig2v3PvAPbTgNxuAgfpbGU38tZV69C4JKTA,ipfs,ipfs://Qma2VZMhsrMjrbCZcJQXuF71XTwRdL45EPH97KC8BHo8Pd?edition_number=78&artwork_number=79&blockchain=ethereum&contract=0xBb12686c360e9057be3CD031140035A705e19ceC&token_id=2439046679443273982118864381573244666655869262&token_id_hash=0x0cc2c006c458c63c95feef734957abc13c95ba4cd9ebe3c67b1f250633eff53b,ipfs,False,True,census_cdn_chain_clean
2439046679443273982118864381573244666655869263,QmRxxM7DLxoS1Gq9fq1q9pKDmqdVFdNhMEdCaNLv4GKU2G,ipfs://QmTiU4bAKZpMShfv6x2aX3amaTFjcdmiNb2YRu1GDdEwGg,ipfs,ipfs://Qma2VZMhsrMjrbCZcJQXuF71XTwRdL45EPH97KC8BHo8Pd?edition_number=79&artwork_number=80&blockchain=ethereum&contract=0xBb12686c360e9057be3CD031140035A705e19ceC&token_id=2439046679443273982118864381573244666655869263&token_id_hash=0xa4ace140a5a84ec1373f200e4af4fc6436226350a634d87fa4b7a9e49bb43d79,ipfs,False,True,census_cdn_chain_clean
2439046679443273982118864381573244666655869264,QmXToqLNWLHEW43XR1qCtYQsTHEwi3zKVVpkHUgzYvcJcm,ipfs://QmXpwBSN79aLWWKfoS9ymmbBKbfUWpuRzFEzgCxMErRSXb,ipfs,ipfs://Qma2VZMhsrMjrbCZcJQXuF71XTwRdL45EPH97KC8BHo8Pd?edition_number=80&artwork_number=81&blockchain=ethereum&contract=0xBb12686c360e9057be3CD031140035A705e19ceC&token_id=2439046679443273982118864381573244666655869264&token_id_hash=0xab82c487bcd0e7bc48f6dbb328086128375791702d974db69cbefe0e621ff99e,ipfs,False,True,census_cdn_chain_clean
2439046679443273982118864381573244666655869265,QmV78FonS68wtzk9b5HMfkuoruNannm2k2qzkdEDjQm1Pz,ipfs://QmVZdgbQvgcPQ3T4LyVNDgZSvpQ9AiyRN3SXpPubfKdod8,ipfs,ipfs://Qma2VZMhsrMjrbCZcJQXuF71XTwRdL45EPH97KC8BHo8Pd?edition_number=81&artwork_number=82&blockchain=ethereum&contract=0xBb12686c360e9057be3CD031140035A705e19ceC&token_id=2439046679443273982118864381573244666655869265&token_id_hash=0x6dcb6d9b8e90a6a929e9d476e52a54aa28a8b9b1d1884ae782f4f439337f7184,ipfs,False,True,census_cdn_chain_clean
2439046679443273982118864381573244666655869266,QmSXwiYY3cvcaEDB8StNdtbYeTxAGUnDeEnPVSZQqHmndf,ipfs://QmasLh8Mme4GRYSzdNycXiXfjgZjietqWu8rXUKZi3Dycg,ipfs,ipfs://Qma2VZMhsrMjrbCZcJQXuF71XTwRdL45EPH97KC8BHo8Pd?edition_number=82&artwork_number=83&blockchain=ethereum&contract=0xBb12686c360e9057be3CD031140035A705e19ceC&token_id=2439046679443273982118864381573244666655869266&token_id_hash=0x1e9a5140efbdda73a3b18ed64aa80d3ff0bba594173d01fff2adcfe54096b826,ipfs,False,True,census_cdn_chain_clean
2439046679443273982118864381573244666655869267,Qmd8H9MjY2GuoToiRficf26NXBjrGu9crVNPmqxpugg8hm,ipfs://QmTZzo264kgxBPGMccGBfx2q9J25zAYgyHu9QMJsfAoM6y,ipfs,ipfs://Qma2VZMhsrMjrbCZcJQXuF71XTwRdL45EPH97KC8BHo8Pd?edition_number=83&artwork_number=84&blockchain=ethereum&contract=0xBb12686c360e9057be3CD031140035A705e19ceC&token_id=2439046679443273982118864381573244666655869267&token_id_hash=0xb224c4349b7720bf3257af1308fbd30d5152a6e06235f50875dfd16e732b2adf,ipfs,False,True,census_cdn_chain_clean
2439046679443273982118864381573244666655869268,QmZfhfvPr38EZ9HSxMjD2YdXHJhLoSiC1UV37nkpLn2ZCd,ipfs://Qmdq3DLgzWNtm9afy1hN6XL8p5Lzs1JqcJAtgJQmd3Uo3b,ipfs,ipfs://Qma2VZMhsrMjrbCZcJQXuF71XTwRdL45EPH97KC8BHo8Pd?edition_number=84&artwork_number=85&blockchain=ethereum&contract=0xBb12686c360e9057be3CD031140035A705e19ceC&token_id=2439046679443273982118864381573244666655869268&token_id_hash=0xf120b5259059f0eaa0da95fdb270049193ecdeff76143d1170076d7a21cce00f,ipfs,False,True,census_cdn_chain_clean
2439046679443273982118864381573244666655869269,QmZfdpdrzH7aNEN3WxjmZWdGj1jn4cHCTaAR2t5Uemykfs,ipfs://QmXUb5RVVPicmjzMJmnyeJ2a42itsH8nAcQP1fauZKEZ53,ipfs,ipfs://Qma2VZMhsrMjrbCZcJQXuF71XTwRdL45EPH97KC8BHo8Pd?edition_number=85&artwork_number=86&blockchain=ethereum&contract=0xBb12686c360e9057be3CD031140035A705e19ceC&token_id=2439046679443273982118864381573244666655869269&token_id_hash=0x5e79fea24d38801c688097745c928973490c4218cc88d5c1860dba2963cf3c34,ipfs,False,True,census_cdn_chain_clean
2439046679443273982118864381573244666655869270,QmeMKWfkEA3fkKw9JDzXqSESpmKqzmUQE2oeuNNy2iLWjg,ipfs://QmexYwiq8DKQUwsEBDLLtHYPpjTV5xtZftVVMuq4GS7jMS,ipfs,ipfs://Qma2VZMhsrMjrbCZcJQXuF71XTwRdL45EPH97KC8BHo8Pd?edition_number=86&artwork_number=87&blockchain=ethereum&contract=0xBb12686c360e9057be3CD031140035A705e19ceC&token_id=2439046679443273982118864381573244666655869270&token_id_hash=0x6cea840869617c12fb6f868f7d5968e9ce5d08255394ccdb0fbf6e743584952d,ipfs,False,True,census_cdn_chain_clean
2439046679443273982118864381573244666655869271,QmXzQ3GxKZRT8Q1gQFmU7vcvhqpMiYPMBNw9AG8sL6oQtD,ipfs://QmXYcsh8m3fMB87H8znjmbEvqpcciLojbQtH5ELA3aRgxa,ipfs,ipfs://Qma2VZMhsrMjrbCZcJQXuF71XTwRdL45EPH97KC8BHo8Pd?edition_number=87&artwork_number=88&blockchain=ethereum&contract=0xBb12686c360e9057be3CD031140035A705e19ceC&token_id=2439046679443273982118864381573244666655869271&token_id_hash=0x3f5143b7804f7f659cc9f9fe727d2b83ba0efab2768f3a524b7acc2a9505a365,ipfs,False,True,census_cdn_chain_clean
2439046679443273982118864381573244666655869272,QmR3pP1QHYXM5WfF2TY2KYmddEfRNozDTi4Yoh38kquMwK,ipfs://QmVSDBE5cFKWFYBbwCgXzaqtFFypx3fyNCRsyDcTQjVXuS,ipfs,ipfs://Qma2VZMhsrMjrbCZcJQXuF71XTwRdL45EPH97KC8BHo8Pd?edition_number=88&artwork_number=89&blockchain=ethereum&contract=0xBb12686c360e9057be3CD031140035A705e19ceC&token_id=2439046679443273982118864381573244666655869272&token_id_hash=0x63b154583399fcb4ab777253965ae03faa6b6f9b8b1727144052156ca4099003,ipfs,False,True,census_cdn_chain_clean
2439046679443273982118864381573244666655869273,Qma5Q8SbkTQ7xuFCgqg888xkf1bgWHCgCT9xuswwMfnRzJ,ipfs://QmZFUmxY1Pcjq6j1te56bUVaDTCrd9ujYPZagBjSzVxEcZ,ipfs,ipfs://Qma2VZMhsrMjrbCZcJQXuF71XTwRdL45EPH97KC8BHo8Pd?edition_number=89&artwork_number=90&blockchain=ethereum&contract=0xBb12686c360e9057be3CD031140035A705e19ceC&token_id=2439046679443273982118864381573244666655869273&token_id_hash=0x783038c14ecfbe01b0832945ac3b08da17d24da4f5ca63bd3b85e1c3d0885b10,ipfs,False,True,census_cdn_chain_clean
2439046679443273982118864381573244666655869274,QmXbpwsgLfSFSLQ4qrjPEvqb8Dw2AJX3GUs3FpdcWWhmqH,ipfs://QmZQzSccuFybKimEg97abry3RoZtfdigJipj25SpCZBjTn,ipfs,ipfs://Qma2VZMhsrMjrbCZcJQXuF71XTwRdL45EPH97KC8BHo8Pd?edition_number=90&artwork_number=91&blockchain=ethereum&contract=0xBb12686c360e9057be3CD031140035A705e19ceC&token_id=2439046679443273982118864381573244666655869274&token_id_hash=0xd4c8549c14fbb3115e23e3caf18d22ea738d9604e449b47a3468e802aae1f559,ipfs,False,True,census_cdn_chain_clean
2439046679443273982118864381573244666655869275,Qme7NRGBwV5Li2CzbY7BHWnczmwDcUov7B1FDghdXPE3iG,ipfs://QmQ7rVdckjEgvEjNFLdJNkd8iHugA1YQp4uU7ZNdqysWvB,ipfs,ipfs://Qma2VZMhsrMjrbCZcJQXuF71XTwRdL45EPH97KC8BHo8Pd?edition_number=91&artwork_number=92&blockchain=ethereum&contract=0xBb12686c360e9057be3CD031140035A705e19ceC&token_id=2439046679443273982118864381573244666655869275&token_id_hash=0xdc684c37fd001302003a6dadb320097341014c5c59ed02ff6320127b17622ccf,ipfs,False,True,census_cdn_chain_clean
2439046679443273982118864381573244666655869276,QmQsAUMfpSyJrg9ZUaMJLHRXZj83BqdjUBDuHpmoHu68f1,ipfs://QmQCqQC2vCscS1XNC1KhpSCJL1jUtKvhxjHHWtheHUKGVC,ipfs,ipfs://Qma2VZMhsrMjrbCZcJQXuF71XTwRdL45EPH97KC8BHo8Pd?edition_number=92&artwork_number=93&blockchain=ethereum&contract=0xBb12686c360e9057be3CD031140035A705e19ceC&token_id=2439046679443273982118864381573244666655869276&token_id_hash=0xc20ce1ee8fb086d3bc3cd1e56424546f2571e01264ed5c78a3077ce628976445,ipfs,False,True,census_cdn_chain_clean
2439046679443273982118864381573244666655869277,QmfBc1R1b1Wed9rNgmem4yKuS5qLddZzCBnAEk3sp6bpAb,ipfs://QmbxGcazzgKE1JmV2eX6z4vkS7xYcL5wWcTafCj3HKejmX,ipfs,ipfs://Qma2VZMhsrMjrbCZcJQXuF71XTwRdL45EPH97KC8BHo8Pd?edition_number=93&artwork_number=94&blockchain=ethereum&contract=0xBb12686c360e9057be3CD031140035A705e19ceC&token_id=2439046679443273982118864381573244666655869277&token_id_hash=0x3e68865afe473d55225a6b82b3a51b77ae458d4dbee4f8fcfa936700e58c0ef4,ipfs,False,True,census_cdn_chain_clean
2439046679443273982118864381573244666655869278,QmXtFSoKdZB2whsgcDqp2rd2f4CWuLGiLS6m1dJEysBpJK,ipfs://QmTe8pvdXiMRVFyjmwjCn9yKQa5L8SZe1Dg9muiV3mTN6r,ipfs,ipfs://Qma2VZMhsrMjrbCZcJQXuF71XTwRdL45EPH97KC8BHo8Pd?edition_number=94&artwork_number=95&blockchain=ethereum&contract=0xBb12686c360e9057be3CD031140035A705e19ceC&token_id=2439046679443273982118864381573244666655869278&token_id_hash=0x135ce941375749e118c484e73ec075102774ee9e224683d595a3af86b64d8054,ipfs,False,True,census_cdn_chain_clean
2439046679443273982118864381573244666655869279,QmXWjDFdWzesJ8pJwGUkZycefSHtWv1GRwMv8rcZHou8V6,ipfs://QmSEzFonwzJkWb3vTgqoNbZy8Sr1HQFFtENxfUgDNVdXLm,ipfs,ipfs://Qma2VZMhsrMjrbCZcJQXuF71XTwRdL45EPH97KC8BHo8Pd?edition_number=95&artwork_number=96&blockchain=ethereum&contract=0xBb12686c360e9057be3CD031140035A705e19ceC&token_id=2439046679443273982118864381573244666655869279&token_id_hash=0x9c4c670061756a6c7f83ad61d6a5e19f876337b7c964ff399771eed40122fcbe,ipfs,False,True,census_cdn_chain_clean
2439046679443273982118864381573244666655869280,QmetGa4FKjAzMZfVW2JEB9zqDEaSNVbjgxNoScCiRmRJG,ipfs://QmY6ukjPrqjBTj8MEH5vZJEpUj1NmfayseFMZcKoBrMTKT,ipfs,ipfs://Qma2VZMhsrMjrbCZcJQXuF71XTwRdL45EPH97KC8BHo8Pd?edition_number=96&artwork_number=97&blockchain=ethereum&contract=0xBb12686c360e9057be3CD031140035A705e19ceC&token_id=2439046679443273982118864381573244666655869280&token_id_hash=0xfbf75f921b5d5155d16b39abe9773c805b8db1e156f6d64b021f6ca1ea5609bb,ipfs,False,True,census_cdn_chain_clean
2439046679443273982118864381573244666655869281,QmQPJZKFP3f1R7ZqmnC1YE9yBpQUfQD1L4MhQGaF8xPKX5,ipfs://QmSoPAnTckCgKgPsBdnUPGwLDk3QBW5t5o4GRjTVdtDcmK,ipfs,ipfs://Qma2VZMhsrMjrbCZcJQXuF71XTwRdL45EPH97KC8BHo8Pd?edition_number=97&artwork_number=98&blockchain=ethereum&contract=0xBb12686c360e9057be3CD031140035A705e19ceC&token_id=2439046679443273982118864381573244666655869281&token_id_hash=0xc9281f58dfaedddad71178cb53d2377c20232714932eed911df7b7ef271aeba5,ipfs,False,True,census_cdn_chain_clean
2439046679443273982118864381573244666655869282,QmVB5eB3WggQJNeh9Gg5yTPvJecXeawAPXYN9Xb3RtHKHQ,ipfs://Qmba3XejUxVCTmHvyPnJ16xxJ3KUnJDGSXFrGVLJHEdGJj,ipfs,ipfs://Qma2VZMhsrMjrbCZcJQXuF71XTwRdL45EPH97KC8BHo8Pd?edition_number=98&artwork_number=99&blockchain=ethereum&contract=0xBb12686c360e9057be3CD031140035A705e19ceC&token_id=2439046679443273982118864381573244666655869282&token_id_hash=0x380e6a0fea75c1d1da99bc312bc6bb9b43f32e469c1c8e02df289a486da32ef0,ipfs,False,True,census_cdn_chain_clean
2439046679443273982118864381573244666655869283,QmS1reAvRN4KPVqNW52W5xsgUoTjbaoEznjo2MUxsaKXXC,ipfs://QmYkGigv1grF7WSeHGUyfykJbMoWBGLvTAwNbUndPMnmK3,ipfs,ipfs://Qma2VZMhsrMjrbCZcJQXuF71XTwRdL45EPH97KC8BHo8Pd?edition_number=99&artwork_number=100&blockchain=ethereum&contract=0xBb12686c360e9057be3CD031140035A705e19ceC&token_id=2439046679443273982118864381573244666655869283&token_id_hash=0xfd0658437555b2cca927fde6319ebb4a9e2b5762949ffe2dd6929b01e569b78b,ipfs,False,True,census_cdn_chain_clean
2439046679443273982118864381573244666655869284,Qme5sk6ueiW8ZZHny9ZoxwNFpPgUpAnAHNi7mSkGYLshcK,ipfs://QmWK33ujqewtex6MmXf2ctsBt8UyBdHVtzdkRqUDWHey5c,ipfs,ipfs://Qma2VZMhsrMjrbCZcJQXuF71XTwRdL45EPH97KC8BHo8Pd?edition_number=100&artwork_number=101&blockchain=ethereum&contract=0xBb12686c360e9057be3CD031140035A705e19ceC&token_id=2439046679443273982118864381573244666655869284&token_id_hash=0x9e51864e259983fa40ce2927e1fbe8ad4ac56b46efd6c5eaeac41ffd23ce55e8,ipfs,False,True,census_cdn_chain_clean
2439046679443273982118864381573244666655869285,QmexZwWExNUX9zecB2ie7QW3kPzDUVg47B3AanXi4iukRb,ipfs://QmZVAjwvSivctUbyJhSU79rSL3ux9GweViGZ7W59SiNE1o,ipfs,ipfs://Qma2VZMhsrMjrbCZcJQXuF71XTwRdL45EPH97KC8BHo8Pd?edition_number=101&artwork_number=102&blockchain=ethereum&contract=0xBb12686c360e9057be3CD031140035A705e19ceC&token_id=2439046679443273982118864381573244666655869285&token_id_hash=0xb0479f4f276b4045ba529fb42a1adfc8425bfa0c0450f55fcefe5ea382760d08,ipfs,False,True,census_cdn_chain_clean
2439046679443273982118864381573244666655869286,QmanWHaRxsPPyWv3kaqYcJoTc7wqfHrT3gBkifBsMBPLv5,ipfs://QmXyDyohsu3Xyh3EhgF9PUGbp2U86Ha9n5ssGTTotJEzpT,ipfs,ipfs://Qma2VZMhsrMjrbCZcJQXuF71XTwRdL45EPH97KC8BHo8Pd?edition_number=102&artwork_number=103&blockchain=ethereum&contract=0xBb12686c360e9057be3CD031140035A705e19ceC&token_id=2439046679443273982118864381573244666655869286&token_id_hash=0xf6df7d83bb8b2cf7d7ee5944461f2be02e3b69f185b6f690871873f216d57d54,ipfs,False,True,census_cdn_chain_clean
2439046679443273982118864381573244666655869287,Qma2zCgHNSV1LDi9GF94hynZFViaj1P1vQ5PTApEeLqgEK,ipfs://QmReU6G9RvJF96EBGaCmqHGLd5AUCUAw6T8gGZ2WztpbFn,ipfs,ipfs://Qma2VZMhsrMjrbCZcJQXuF71XTwRdL45EPH97KC8BHo8Pd?edition_number=103&artwork_number=104&blockchain=ethereum&contract=0xBb12686c360e9057be3CD031140035A705e19ceC&token_id=2439046679443273982118864381573244666655869287&token_id_hash=0x8534e126422b76204c983ae33c67b21d1911976d23a25ec6456e6fa2abd3ed20,ipfs,False,True,census_cdn_chain_clean
2439046679443273982118864381573244666655869288,QmbNCo5syEBkKTBAkkFoJiANwauS8BPGzmGYXJFHCLCwb6,ipfs://QmPuDX1fdCLT4UzAKy8LAvUtxvcgPDoPi9xsZMFHJinakT,ipfs,ipfs://Qma2VZMhsrMjrbCZcJQXuF71XTwRdL45EPH97KC8BHo8Pd?edition_number=104&artwork_number=105&blockchain=ethereum&contract=0xBb12686c360e9057be3CD031140035A705e19ceC&token_id=2439046679443273982118864381573244666655869288&token_id_hash=0x63e196a34bf78f1a92c4de5fcfc2c8a1bb4d6742ae4117e35504f9c245c289c3,ipfs,False,True,census_cdn_chain_clean
2439046679443273982118864381573244666655869289,QmNTE9Md5iTSdVyB7x5hvVa7UEeTS3dH1XTYnCLtY18p4h,ipfs://Qmbt36W6pFiwaMqnxE8fqrNKtLYLjVNsoMEbRu1ZrLTSPi,ipfs,ipfs://Qma2VZMhsrMjrbCZcJQXuF71XTwRdL45EPH97KC8BHo8Pd?edition_number=105&artwork_number=106&blockchain=ethereum&contract=0xBb12686c360e9057be3CD031140035A705e19ceC&token_id=2439046679443273982118864381573244666655869289&token_id_hash=0xbb87d93541de95afa7651c3ff20b439bc948a3eb9e79d7b9cb7e394d323217e9,ipfs,False,True,census_cdn_chain_clean
2439046679443273982118864381573244666655869290,QmTcaFVNqQS7NDhJ4J6YG3EzEKQQAwc3yhphht19Lp53ri,ipfs://QmVM5iQxCMGbYoYyiLz8GaHhRHE29phGa8dV5V6KYBdQsr,ipfs,ipfs://Qma2VZMhsrMjrbCZcJQXuF71XTwRdL45EPH97KC8BHo8Pd?edition_number=106&artwork_number=107&blockchain=ethereum&contract=0xBb12686c360e9057be3CD031140035A705e19ceC&token_id=2439046679443273982118864381573244666655869290&token_id_hash=0x557e9adb4c46534311d7f31499e4e71d6efa1214f55fbc2d46073301704d1c87,ipfs,False,True,census_cdn_chain_clean
2439046679443273982118864381573244666655869291,QmeAyr4QLP5c2fQa84jWkW2mUy2DxadLDDqgTnJx3twEaT,ipfs://QmXi2EDdtn2LrqQ6beNk2LicmjzhXRrKuvZjDmPhchY5fW,ipfs,ipfs://Qma2VZMhsrMjrbCZcJQXuF71XTwRdL45EPH97KC8BHo8Pd?edition_number=107&artwork_number=108&blockchain=ethereum&contract=0xBb12686c360e9057be3CD031140035A705e19ceC&token_id=2439046679443273982118864381573244666655869291&token_id_hash=0x958f372765486f54e36325dbb797d6f2a36fededc344a63f2c659b1e56da11a7,ipfs,False,True,census_cdn_chain_clean
2439046679443273982118864381573244666655869292,QmZMkECgmUjnUVdDRXEsVXqwdFzZrWRD4YwxJ6uVo3musP,ipfs://QmcqCgij3EFZeHAmJszPH1cbtdAQSkVmDre7sdjE9Py6NY,ipfs,ipfs://Qma2VZMhsrMjrbCZcJQXuF71XTwRdL45EPH97KC8BHo8Pd?edition_number=108&artwork_number=109&blockchain=ethereum&contract=0xBb12686c360e9057be3CD031140035A705e19ceC&token_id=2439046679443273982118864381573244666655869292&token_id_hash=0x96d7b4efca39c8de155a5786baab230d7cacff9220b0a5b59ffa23dde996acde,ipfs,False,True,census_cdn_chain_clean
2439046679443273982118864381573244666655869293,QmUxwa6UYebw2fsdcp4DNZBYGbKxFACGUpM4BpTPe1j6Mf,ipfs://QmVvA9KjmmYwgWQxwEAJBnpgJBTvsKLEEBQmsLtboHsMU7,ipfs,ipfs://Qma2VZMhsrMjrbCZcJQXuF71XTwRdL45EPH97KC8BHo8Pd?edition_number=109&artwork_number=110&blockchain=ethereum&contract=0xBb12686c360e9057be3CD031140035A705e19ceC&token_id=2439046679443273982118864381573244666655869293&token_id_hash=0xac32b425e937d3b09b32e3fcda758438f0954ffc5e1f44efc8c3b31431e828f9,ipfs,False,True,census_cdn_chain_clean
2439046679443273982118864381573244666655869294,QmTdgrqnvP7orwjpBbgZT47HwdsVw74cmmNEAC8wTisHAC,ipfs://Qma8qybsRatTg4438PSH4xoB59DQ9T88aSyfivNLjiL6ub,ipfs,ipfs://Qma2VZMhsrMjrbCZcJQXuF71XTwRdL45EPH97KC8BHo8Pd?edition_number=110&artwork_number=111&blockchain=ethereum&contract=0xBb12686c360e9057be3CD031140035A705e19ceC&token_id=2439046679443273982118864381573244666655869294&token_id_hash=0xbd747c6baf045a86ae23520dd832edae7b585782f5a7775dd51fb0c02e10b366,ipfs,False,True,census_cdn_chain_clean
2439046679443273982118864381573244666655869295,QmaCkAR5cKDJeGfgQj3rAKE9QbAQgjJUuVU77V8SPinPRv,ipfs://QmT7zQVVCNBL1JAnqrwyBMAYGeCZM13wXnj9PaqG9ivuAc,ipfs,ipfs://Qma2VZMhsrMjrbCZcJQXuF71XTwRdL45EPH97KC8BHo8Pd?edition_number=111&artwork_number=112&blockchain=ethereum&contract=0xBb12686c360e9057be3CD031140035A705e19ceC&token_id=2439046679443273982118864381573244666655869295&token_id_hash=0xaaf443b14b646cc4fd62b91adef68b485ddecfd4a66670ab3f54b45cbca7411f,ipfs,False,True,census_cdn_chain_clean
2439046679443273982118864381573244666655869296,QmSxKf3NKJKVw19CLzcL8wFBB7AZPuReEY3obRiHkHRoJx,ipfs://QmQdxgUbbDx5QZgAFDfhRzG6jxMYUKGZkEYnG83eKdZqje,ipfs,ipfs://Qma2VZMhsrMjrbCZcJQXuF71XTwRdL45EPH97KC8BHo8Pd?edition_number=112&artwork_number=113&blockchain=ethereum&contract=0xBb12686c360e9057be3CD031140035A705e19ceC&token_id=2439046679443273982118864381573244666655869296&token_id_hash=0xdd0da50a0acb144b4404f20b4687b974683023d553d0588efdf5e1b8f9a464af,ipfs,False,True,census_cdn_chain_clean
2439046679443273982118864381573244666655869297,QmYMNU3KbCR3ofU6BXYQAJ79LM5WsqjoXhTMEfDrqc8UGe,ipfs://QmbhMs6MYZkFGuqB4L1qyGN6WYeHWX3zfBrmn8nHiEVwJh,ipfs,ipfs://Qma2VZMhsrMjrbCZcJQXuF71XTwRdL45EPH97KC8BHo8Pd?edition_number=113&artwork_number=114&blockchain=ethereum&contract=0xBb12686c360e9057be3CD031140035A705e19ceC&token_id=2439046679443273982118864381573244666655869297&token_id_hash=0x339e69ab8144248c724eb0acd06d5cc2c18d3ce50e70eca23c319a9b2fbf28c2,ipfs,False,True,census_cdn_chain_clean
2439046679443273982118864381573244666655869298,QmTNRzL3jSPUH2dtWqJj3oDLstE4ap4QntdGoPu9nPggFM,ipfs://QmbGxAi8LSh3FWqFxq51vJsgpDr3fnAUfGCHaRHa4vwt5m,ipfs,ipfs://Qma2VZMhsrMjrbCZcJQXuF71XTwRdL45EPH97KC8BHo8Pd?edition_number=114&artwork_number=115&blockchain=ethereum&contract=0xBb12686c360e9057be3CD031140035A705e19ceC&token_id=2439046679443273982118864381573244666655869298&token_id_hash=0xfbdb2198f9b3f4b1a7e2a0d260470b0012fd85508c6114789fad5c1dc433b33e,ipfs,False,True,census_cdn_chain_clean
2439046679443273982118864381573244666655869299,QmSjmyXuQgApusffsv3awYWA7fMFfR1i7Sj7auWAWvVcYA,ipfs://QmQ1GWTQJqQA5u241HtVzLTDnZMvckDzpbenxBaLvdLbHU,ipfs,ipfs://Qma2VZMhsrMjrbCZcJQXuF71XTwRdL45EPH97KC8BHo8Pd?edition_number=115&artwork_number=116&blockchain=ethereum&contract=0xBb12686c360e9057be3CD031140035A705e19ceC&token_id=2439046679443273982118864381573244666655869299&token_id_hash=0xeb7c67900e929a23103fe9e44690513c27a4ce9f491742f2ac82a71c4c4ed375,ipfs,False,True,census_cdn_chain_clean
2439046679443273982118864381573244666655869300,QmeGgLrix2bGFdREqo8LWPt7VXzpYimxA6pWtysf96JKAu,ipfs://QmTsq2nF1TnatNEwJ4C6XJ6Jih6PoL4v8BZTx8mSAhpP5w,ipfs,ipfs://Qma2VZMhsrMjrbCZcJQXuF71XTwRdL45EPH97KC8BHo8Pd?edition_number=116&artwork_number=117&blockchain=ethereum&contract=0xBb12686c360e9057be3CD031140035A705e19ceC&token_id=2439046679443273982118864381573244666655869300&token_id_hash=0x8c0d49223157e5a6cdd7575bdb77d31f0d9b64567a89aa8ecd309374c91ab041,ipfs,False,True,census_cdn_chain_clean
2439046679443273982118864381573244666655869301,QmTzEbhJQCfWsNJmMVLb5gEyKia33XB2tK2yHqLkwH7w17,ipfs://QmcidVVivqPgZpNS3grePZ7WGtjss2rzr2SxaAJ5WyCU7e,ipfs,ipfs://Qma2VZMhsrMjrbCZcJQXuF71XTwRdL45EPH97KC8BHo8Pd?edition_number=117&artwork_number=118&blockchain=ethereum&contract=0xBb12686c360e9057be3CD031140035A705e19ceC&token_id=2439046679443273982118864381573244666655869301&token_id_hash=0xb2519245c100965d9cd389207576c094a330d0d8591a10ffc66eb1fb3dcafd2b,ipfs,False,True,census_cdn_chain_clean
2439046679443273982118864381573244666655869302,QmPcHE1KjHJ9cqdrGHqQSn7AHYuQc52kdvzpvMoPoyp1x9,ipfs://QmUt5aQHH42P3o3XjDUhv8MkwatcAEHQRmoHtd1RTS4KfV,ipfs,ipfs://Qma2VZMhsrMjrbCZcJQXuF71XTwRdL45EPH97KC8BHo8Pd?edition_number=118&artwork_number=119&blockchain=ethereum&contract=0xBb12686c360e9057be3CD031140035A705e19ceC&token_id=2439046679443273982118864381573244666655869302&token_id_hash=0x0e8cfc626c15c08e7e307394a4992fac347ae5a39f6094bc576ef634889aa72e,ipfs,False,True,census_cdn_chain_clean
2439046679443273982118864381573244666655869303,QmbBN6QdpKHwRSJcmVXJ8s7UhMGkB6sbX9YHkZ5P6A4fjR,ipfs://QmcPTi4rmJpvAwse4DzMYh6Zb1ien2Tm8WT1PWx8J6ug8P,ipfs,ipfs://Qma2VZMhsrMjrbCZcJQXuF71XTwRdL45EPH97KC8BHo8Pd?edition_number=119&artwork_number=120&blockchain=ethereum&contract=0xBb12686c360e9057be3CD031140035A705e19ceC&token_id=2439046679443273982118864381573244666655869303&token_id_hash=0xcf0bcbe80850db4b204b28692d7ce5995c8784bccf4454e9667e5c62cc34bc94,ipfs,False,True,census_cdn_chain_clean
2439046679443273982118864381573244666655869304,QmUUoo4WWSqGKb71zmdHwDJahFQ87ihQqoB8sUTv6AEUXP,ipfs://QmUbUvknuGXLjHDsqVQuAoWgYRSQGWkm1MF239uPrYqAa2,ipfs,ipfs://Qma2VZMhsrMjrbCZcJQXuF71XTwRdL45EPH97KC8BHo8Pd?edition_number=120&artwork_number=121&blockchain=ethereum&contract=0xBb12686c360e9057be3CD031140035A705e19ceC&token_id=2439046679443273982118864381573244666655869304&token_id_hash=0x2502ca613de900ad4364b242363e276429bdaef0b1fa39701618ecc3089051df,ipfs,False,True,census_cdn_chain_clean
2439046679443273982118864381573244666655869305,QmWC7nrwpFmuc9zPAAmZrV2Zx5t3SRYe4Gn9XUZsdMwd5k,ipfs://QmbLg4pwebUrW7GMwR8zXqG6wpaHtgYarSs2y8B6u6NVAD,ipfs,ipfs://Qma2VZMhsrMjrbCZcJQXuF71XTwRdL45EPH97KC8BHo8Pd?edition_number=121&artwork_number=122&blockchain=ethereum&contract=0xBb12686c360e9057be3CD031140035A705e19ceC&token_id=2439046679443273982118864381573244666655869305&token_id_hash=0x09be9967bbf216754d41869adb644fc167d53c3abfa83c44361098bd504ef640,ipfs,False,True,census_cdn_chain_clean
2439046679443273982118864381573244666655869306,QmRN32mGe88cx11pB7DtWyWGFRqvSGTWFaShD5CniNZJR3,ipfs://QmSzoAxQDKyLz7gZS9c2e57gkyXEWudQRjw5K7Ne5iAiLs,ipfs,ipfs://Qma2VZMhsrMjrbCZcJQXuF71XTwRdL45EPH97KC8BHo8Pd?edition_number=122&artwork_number=123&blockchain=ethereum&contract=0xBb12686c360e9057be3CD031140035A705e19ceC&token_id=2439046679443273982118864381573244666655869306&token_id_hash=0x0a3c732551b6d2d6acd7357d738fa3fa74a1db518a328abd117fd79241c43079,ipfs,False,True,census_cdn_chain_clean
2439046679443273982118864381573244666655869307,QmSBDvHXR1ninKYP5V7xSdRo1sH4q9kp5hZ3cpgUeW7Sp6,ipfs://QmTEc25zmqwN3rCtz56LikCmL1qYHauCpSXcRTPi7bCN2i,ipfs,ipfs://Qma2VZMhsrMjrbCZcJQXuF71XTwRdL45EPH97KC8BHo8Pd?edition_number=123&artwork_number=124&blockchain=ethereum&contract=0xBb12686c360e9057be3CD031140035A705e19ceC&token_id=2439046679443273982118864381573244666655869307&token_id_hash=0xbe70f8ea1bf25ba4b244e402dbafcd85723c8ef64a3251b6eccc72073a98266f,ipfs,False,True,census_cdn_chain_clean
2439046679443273982118864381573244666655869308,QmbSz2RGGz2AmJjMnUemhWeXK5a3sAkLdAmRBPKieUTgrL,ipfs://QmUd6qqYNKaWGfxrKDxnrU758hxGSkEGijsVbJvTEGj8cw,ipfs,ipfs://Qma2VZMhsrMjrbCZcJQXuF71XTwRdL45EPH97KC8BHo8Pd?edition_number=124&artwork_number=125&blockchain=ethereum&contract=0xBb12686c360e9057be3CD031140035A705e19ceC&token_id=2439046679443273982118864381573244666655869308&token_id_hash=0x4b20f42c6a647eab71025b81a9d9d0cbda1dcc5c5a66684c25e953c313765538,ipfs,False,True,census_cdn_chain_clean
2439046679443273982118864381573244666655869309,QmciTkywWXsnBnvwwnS8Qj8uUEZ91PgUy1CGhuey4twd9i,ipfs://QmbYbJmej39DE5uaP4RxRnkKFo84FGkyvphhK6wtqU2riy,ipfs,ipfs://Qma2VZMhsrMjrbCZcJQXuF71XTwRdL45EPH97KC8BHo8Pd?edition_number=125&artwork_number=126&blockchain=ethereum&contract=0xBb12686c360e9057be3CD031140035A705e19ceC&token_id=2439046679443273982118864381573244666655869309&token_id_hash=0x1c213996729970f82d0a35213f0f897c5cac7d959f0ba30ee91af943162b391a,ipfs,False,True,census_cdn_chain_clean
2439046679443273982118864381573244666655869310,QmbPYLUBE2DdpXJkBjeWunhHvJDDkp3zH6ExVpig9Ln9RT,ipfs://QmaAEPERH9nMMB982NmHe3yKsKynt7vthbD51Qr1VXvNF2,ipfs,ipfs://Qma2VZMhsrMjrbCZcJQXuF71XTwRdL45EPH97KC8BHo8Pd?edition_number=126&artwork_number=127&blockchain=ethereum&contract=0xBb12686c360e9057be3CD031140035A705e19ceC&token_id=2439046679443273982118864381573244666655869310&token_id_hash=0x228a05e73a0684d8a27e93c14279a0f97eaff87ddb9b526923581d39d55f320d,ipfs,False,True,census_cdn_chain_clean
2439046679443273982118864381573244666655869311,QmeYmdKdnQZayr8CjBgNfhFFDE1m1NJ63sHpNshLSCQQ9P,ipfs://QmSrtyYdrWyhnnUDdRYS8Qf41RwTWnzGdKzJRZUDtd4t3P,ipfs,ipfs://Qma2VZMhsrMjrbCZcJQXuF71XTwRdL45EPH97KC8BHo8Pd?edition_number=127&artwork_number=128&blockchain=ethereum&contract=0xBb12686c360e9057be3CD031140035A705e19ceC&token_id=2439046679443273982118864381573244666655869311&token_id_hash=0xf876b67f652a7bcfa30a4e9788191fe6f1ac6b314f5f9e8ad8c3ae208fc280a7,ipfs,False,True,census_cdn_chain_clean
2439046679443273982118864381573244666656869184,QmZyr6AwAYJeEvmQK5Bz6Pd4uN6CV8sZ1KdRtdPQnM8Qw6,ipfs://QmXQXM2hMNor6Y7tCWzrdDN55eqa3s3dige2MUAxspa9Eq,ipfs,,absent,False,False,
2439046679443273982118864381573244666656869185,QmTHTTDtaMoHKMB55xrZCJvzht3Mv7nVVpsB5KTX55UeHP,ipfs://QmS4bbDj7NRyG5ANFZjEjmppoWcCVG3QRXAUA4Arhuy8zm,ipfs,,absent,False,False,
2439046679443273982118864381573244666656869186,Qmb9aanVZdYqFB2cam7NdWdmMWxQ9DKgFoo2Sv4UW6VRS1,ipfs://QmZUHLBytmxP25kcBAtngRcEBxT2K9ZBCa8VpdvV5upmSn,ipfs,,absent,False,False,
2439046679443273982118864381573244666656869187,QmeokRbY8AHcBcMp48JFwVLpYJPHGw2ofwxwTBoESgEDcj,ipfs://QmafMeeyAeRzf9eMSHN1in9ZLBzyhCMTkYK6EUNKpgGMkx,ipfs,,absent,False,False,
2439046679443273982118864381573244666656869188,QmPKpkYcVTRJJopnHfxQ8skUabi6gsLpF7n5Qen2etABhQ,ipfs://QmeM64Y4529GtffALXdE64AioBqMPMKV9ecufoXoRmPhWz,ipfs,,absent,False,False,
2439046679443273982118864381573244666656869189,QmSAME5mZ4Dxfu4dXzf8R2FVuVUirVgXsNTzJsidPicjP6,ipfs://QmTHEC5bFTfot2okuUkCR2QVtj2rhz1xANUcbycBgSTnNE,ipfs,,absent,False,False,
2439046679443273982118864381573244666656869190,Qmcz7WDM5ymuQ4zUExxx6ncbmptBZuafMC2R2STXr9BXqF,ipfs://QmXSJQ6FJKEo5XV9Q94AWgYnbgn8d7Lb5GfUVsPZtzRu7N,ipfs,,absent,False,False,
2439046679443273982118864381573244666656869191,QmfXLokQdMYLsLuWBij7Y3vM2YJdnpz6tPjaRCXRNay6Wx,ipfs://QmW2o5MBgRcqeQYkf5Q4RnAmKpsuC2XRpx4jMQDopTpvuK,ipfs,,absent,False,False,
2439046679443273982118864381573244666656869192,QmS97a8Pn8Cyg4WFG5EQjc7Nu3BToZK9FbSBjg7o22DBEc,ipfs://QmRJ61JgjEHuNJPptJyBL4p7XDXYzwyJqnsrhmANLHTed2,ipfs,,absent,False,False,
2439046679443273982118864381573244666656869193,QmbG3JLQex863N2bdJtaCzFFNk7jtEV5D3Vso9qSvqrsE4,ipfs://QmYZWuwjjR8LFkFVHHVKnBzafVx2huuyqmoWtfRmocDX1g,ipfs,,absent,False,False,
2439046679443273982118864381573244666656869194,QmXtRLPpmpzqtivG2GCnHVxbUPHJkCH7B1USAPkMZvHH7N,ipfs://QmV3F8LiNuEii5WhtiW1QsYg4XMFvmKhtkdioxSGo3QdXH,ipfs,,absent,False,False,
2439046679443273982118864381573244666656869195,QmaJje2J4NwYAvWWCYjd7y8CU4E4v2UQd62Ykg8V9mzq6t,ipfs://QmV4YfiHVhgddNEmstXikyZbJeK4icotWcojn4DDaZv1et,ipfs,,absent,False,False,
2439046679443273982118864381573244666656869196,Qmb9goxGKbYdHm8YRRBoPvwnRVbaJDR38PPgJmrocPvL1U,ipfs://QmdauPZPsyLTtEu53gREhsAV28F14LHWVUgdtGgogFbWdt,ipfs,,absent,False,False,
2439046679443273982118864381573244666656869197,QmRWeBgW2b25wp49QTM8TxWisVbvXZJXc6CwWaLEvR335z,ipfs://QmehN3DpPttmrk2yUa34e4kiLjd8FtekRcZu3J3MF63D8H,ipfs,,absent,False,False,
2439046679443273982118864381573244666656869198,QmZBttv5vrTB9Tdh26YjsR9JGhf26rYJE8uw5xrUL9ncf9,ipfs://QmRR31TqHirWdjpwMUxGcufwMtb8XjzwFvTzABjwSXh9jo,ipfs,,absent,False,False,
2439046679443273982118864381573244666656869199,QmQ5THJDrf6z9uQUCv4r9EUZS4c9gX92Jrv3ncTLnhDRzu,ipfs://QmaH6GK7VdrWD132k9eSDYDk5UkPv81Ww4HiRGJWjN8Nhk,ipfs,,absent,False,False,
2439046679443273982118864381573244666656869200,QmTTpEfnzd4hxaR3fVYx2kngVH5d3R7y2wHMdEUQUtV8TA,ipfs://Qmcd9XsSteBgjd55A9xJrn5bDNPs7dY7bkdWSDQtQfsEqp,ipfs,,absent,False,False,
2439046679443273982118864381573244666656869201,QmeGoKpp9Xg26ydJNu4CwunGRMLGn9XxzegDBPN4RYjtXT,ipfs://QmU3mnLi97BepEQiknrPEQFepsq6DvEDjpyU3UTF9dCbdS,ipfs,,absent,False,False,
2439046679443273982118864381573244666656869202,QmY361H31xH9Tw7Fi6MherCW26sHeMARCiXrDneJGk9KnV,ipfs://Qme1aXNHpacx86Hn9wwapYNF6b8MKbcigGiYYBExWBXuX9,ipfs,,absent,False,False,
2439046679443273982118864381573244666656869203,QmT53DDmyfTGP7xz8afKq3vkrsrUsr1qQtZydjCYELdmFv,ipfs://QmXUCBtWYiQ1eN6gLUYBxTau7zoToyosNGD3X96gJnnq51,ipfs,,absent,False,False,
2439046679443273982118864381573244666656869204,QmRqFZ7nskJJJuVEcKMMgqUjWsoFYECLqnnmRXpK2C8TS9,ipfs://QmVLFDcF4gQSvE6wZBncSyBVLWmhmMGUNd6HQusPM9goe6,ipfs,,absent,False,False,
2439046679443273982118864381573244666656869205,QmPeX36w4qT5nWrZgBrj5YCEnHadB2NQZFiZacyVPP2Kbe,ipfs://QmX1bBV8YZB3qLqKFehDxbXXYkkuDJgTaL5chybwrEx9LV,ipfs,,absent,False,False,
2439046679443273982118864381573244666656869206,Qme4yhnD53577CzqrMEfVQm6vvXxjLdEEe75cso8UmWX2Z,ipfs://QmQstrvoTPegmYhoVnehTjjWMHR5DCvxGfG2oiNS6B6yop,ipfs,,absent,False,False,
2439046679443273982118864381573244666656869207,Qmf5iyvNs3fTyJEGNGNwqog9C3CxeTQSaZFZZ4nStM7WvH,ipfs://QmTjpVEpGvJAq4pwFFxCihBvhTQySqmQtsEXRywWkrgzpG,ipfs,,absent,False,False,
2439046679443273982118864381573244666656869208,QmWRAfEUkrnZDjvhKruhTRCmLYogJbteQEqmVoP4oVwFr6,ipfs://QmXJ7buVc16vHdYRQkSbxGfbUd1wTyhKFGKNDytRxj25kK,ipfs,,absent,False,False,
2439046679443273982118864381573244666656869209,QmcLSAUULQqiogzsQdH7vv6UqLkc1BXhrcWuYVGsegy6bZ,ipfs://QmV6JjbdFB3f2X5HX4g3k5ECtTkRQkR5uYVKDMGhPr2n5F,ipfs,,absent,False,False,
2439046679443273982118864381573244666656869210,QmSdEKaWdU9XKUM3CTnEcwEdUtZzsuv84dkBGPJiQJG9ry,ipfs://QmQF64eYqrzSeWMRWK9FDvKKzsgK25NQNFvXmxoQp13t8Q,ipfs,,absent,False,False,
2439046679443273982118864381573244666656869211,QmQCDTQZgCKp26RWVda9ZMn5tJ11FfWWMSAGjCuwy72N1a,ipfs://QmZkhFEDD9hF5zMBaGvvhojPafo1wLr6ER9xUK9WicoVPt,ipfs,,absent,False,False,
2439046679443273982118864381573244666656869212,QmQrapURGiTQqNDtj7auTw4vd5XjptNb7dGr1pUC6FmqaB,ipfs://QmbANuFFE6PZDmGKQJXFn9m1jwb6fFbPhqukBRigeLK3RU,ipfs,,absent,False,False,
2439046679443273982118864381573244666656869213,QmXhKye6NtvCdYAgWoxs5gRtPMs1xSCtmkSWk8bdseg3m9,ipfs://QmWa4nqPhBQaztXCic6p2mAmtFmjf6u4BVrtQcDQuVtAhx,ipfs,,absent,False,False,
2439046679443273982118864381573244666656869214,QmQWCAFtTrSrs5hYV7BQva49TXqxqjyV1HNEomPQqnqq6z,ipfs://QmYkiDr77SG9yVtoVXQWZCD13RVscDaS9eHXyNwUDUWeAT,ipfs,,absent,False,False,
2439046679443273982118864381573244666656869215,QmdbTJCWZH2SgrxXbKWuXfJjCdoBeQyNLmpk6x1cFHz4kF,ipfs://QmWW3Fx6qjUSSgHajZU3rXEgD6aKbhAPyxPAPjhAW1Qn3c,ipfs,,absent,False,False,
2439046679443273982118864381573244666656869216,QmVk3E98yGMEEL4LbF4QmE7eqfudWg7Nq94pZPyMbL7kGc,ipfs://QmeR7DCMX8AyefoSyPoCBPducST7tNqKSzwXrfL2brZ7gR,ipfs,,absent,False,False,
2439046679443273982118864381573244666656869217,QmVrh8mJTaWoS3jabhjcvp3D1zSMuRttfjnvTfrWZvyxtm,ipfs://QmNkpEsiF81SiPnDMueDUknw8wEB8DvXGCEQM8pXbHJ1s3,ipfs,,absent,False,False,
2439046679443273982118864381573244666656869218,QmNnmWEz1RWP48HH8ncUQEhYPn3wsBrd4WQQbnjrzmBt5P,ipfs://QmXaEjPVop8cDuqJntbsLTTkpFmRR5Pwoio6bgXs2a3vrg,ipfs,,absent,False,False,
2439046679443273982118864381573244666656869219,QmewrVSt9Xo9EXPhGbLdNsuTwtNXgRpLs42PEiy4vG8Noc,ipfs://QmdufML9a86qSSUXpgirGrafuLpvfTWNFsWktCWXWHi6pr,ipfs,,absent,False,False,
2439046679443273982118864381573244666656869220,Qme7MEZCf4fzUgjrsbB3VRca7DCRqzcznRhck2eZ1F5bfL,ipfs://QmTuMbLdg4ZBtPtycKzGuV8JkB3pFBRpxSAFCeU5dLbH99,ipfs,,absent,False,False,
2439046679443273982118864381573244666656869221,QmbMGv9VfVSZHq6XRML9mAH1xiMJzg3m2pVkaLks4JV1Gp,ipfs://QmQ1Y1ohRbvpfznGBCxx51tvxxL1JKB6W4Kk4E74NbPTqD,ipfs,,absent,False,False,
2439046679443273982118864381573244666656869222,QmZfvip4ibtZwLcJHKPqWoxeEQAg5knTCvgudHFE3GbPN4,ipfs://QmNgnApUijCWQVQkXScmD7TTsfzJSCG5KksGAomyevGdcE,ipfs,,absent,False,False,
2439046679443273982118864381573244666656869223,QmXeAfEtEfQmBF1bfJuisxhopC4KEWG1gxefoTJAmJaRGm,ipfs://QmX4diAnb7tEjputf5PFCbMxpYk2vfaBpYgoEScXncSWBu,ipfs,,absent,False,False,
2439046679443273982118864381573244666656869224,QmXrJ3uu5L1G7Re9voqBg7Ah6ygfbz7NT9cySHhN9iTBsk,ipfs://QmW3mZbWmNAXPsjphNj9Kp1d1BK165g7J9FQBPJH7b6FHs,ipfs,,absent,False,False,
2439046679443273982118864381573244666656869225,QmQvTBhHa5ZjeeLqywa4ED4QDLHQyPM1msxm2UBQJy3YAz,ipfs://Qmec2uybgvzuLVD8eUqv22u39TVnj3A8xPRTYt9ox19kGe,ipfs,,absent,False,False,
2439046679443273982118864381573244666656869226,QmZzTWxTYu3bjNfFGz73NuQL1XRrYttYnUcgMEncwzVkgn,ipfs://QmZ9fPP2RSbSqjXiEBXufPXVw4rgMBhoG6VfEu9FEdpzLC,ipfs,,absent,False,False,
2439046679443273982118864381573244666656869227,QmcoU9o1obm7xvpZ2YyvFcZy6sykciBSpjvfzWzMcdG962,ipfs://Qmdocx3VoKe4MmBGf9H193krfK4puHwhbKKxHmioVJhpeC,ipfs,,absent,False,False,
2439046679443273982118864381573244666656869228,QmTLZ1khfJD3HpksEmyKPvp6B3JxvdquXuuY6EY8Lxrvo7,ipfs://QmcQ1RiRDfz5pTZ1Xm1UAQpzAU19aSPQB8kJCBVdjMUh9E,ipfs,,absent,False,False,
2439046679443273982118864381573244666656869229,QmQBssZq2c2X9xWTWUbMY1WQ97rnW9WGyA2d5BrKd62E1s,ipfs://QmQmCjrHkAF3F2pdfAykEz7p8DHWsYXLYwBqZ6avmws1Xb,ipfs,,absent,False,False,
2439046679443273982118864381573244666656869230,Qmep1rEzikg48LER55K4BHxNMatBewo2wuSSe5GkYcphGa,ipfs://QmQsG5JPisxAeQVbJ7jQKqgzSQBBArsDh25s1cLvvharAU,ipfs,,absent,False,False,
2439046679443273982118864381573244666656869231,QmeYy8bBtqAcoQ81CTQgeAMfnTEQmeqfDNjBAG9URhj75T,ipfs://QmdJGJgqKog95saAvbtDWNqmd1Sc1GmhXdNxaVM1xyvLex,ipfs,,absent,False,False,
2439046679443273982118864381573244666656869232,QmUQbp9xrxcDKD3gmGomug5mJnFqrMx7EfBQvzXvUXj7JC,ipfs://QmezNBUZ1PM1wHtfyudXXU7hRr2Lw9dLGA787FXTtQw1Ge,ipfs,,absent,False,False,
2439046679443273982118864381573244666656869233,QmbxfnNkzpR9JRKkzspGNzML6UJ3vwzijh76oNRLPdXCJB,ipfs://QmUyrmKutYwf5wvSB3vYD5KcMmwGdFftLfsse3zQQzLqyj,ipfs,,absent,False,False,
2439046679443273982118864381573244666656869234,QmXhtrdDeuHEMKVKREZLJGSpu4BLBCSXzZE7T6Ko3iQVuq,ipfs://QmaoqWjP2iTRnoUArk2gzKZKGSEF3apcsVE9QHUcWgdjcV,ipfs,,absent,False,False,
2439046679443273982118864381573244666656869235,QmfMDQi18xP3mPWgWiEAqrHz2QCHDYBEQ8AVibS8z2rmNR,ipfs://QmVKDFbSHRjqeFgWkrWW61BXg7XdUpttW6EEAZN7zm9fDM,ipfs,,absent,False,False,
2439046679443273982118864381573244666656869236,QmNgNJWauEF1gUXqTshGzNHUh4wxxrwijQL34qpmmP16dC,ipfs://QmQJFCfAbJm8rmduF2EJJaR9LNWTDEPsx2wNJnWnF8L4Jg,ipfs,,absent,False,False,
2439046679443273982118864381573244666656869237,QmbkkUhdQnJTDStxoQK6zWw6NbnSN8rH4NZ7ud3tK5PPfh,ipfs://QmYungMN9X8FJdhQa8MCqhXCmfvwYuxSLTFAJFBqsaPQ1n,ipfs,,absent,False,False,
2439046679443273982118864381573244666656869238,QmRxqAhLBG8rpXzCGFnxznwHKxGQK1vwjcLf7PhhXcfBSj,ipfs://QmQUfKZqtQ9ETeBeQXQp3SQaj8rdXC4weheQQqZAfZVLob,ipfs,,absent,False,False,
2439046679443273982118864381573244666656869239,QmbqJWBeB4TH3jF2RcBwBCxvKWnvFQLLjDYEpWk3LNvAK7,ipfs://QmZGCSu4PpHk4j7u6x7oL8sQk7SnUN6iFTYtAzF5ebAs7J,ipfs,,absent,False,False,
2439046679443273982118864381573244666656869240,QmUTC2XYzjAGFaoKMBAKh4JGk6rSLgEdVp7GvXqSsYnk3Q,ipfs://Qmcx8SeoSg55ZDxaeFnzrg3t19HW5rBxEkr6o3u4G1Q3gP,ipfs,,absent,False,False,
2439046679443273982118864381573244666656869241,QmNQTbCDxp1ozaZZmL3xvtugjHvj1n8Hhf7R9u6YuhLVTi,ipfs://QmUsaDTwcj1Xzmswunk3PKnqi4omDXnqH1DZPWTD8zBaKN,ipfs,,absent,False,False,
2439046679443273982118864381573244666656869242,QmenYFBcauEz6bQZfdW6fGHkjvSHxdwjpqmfRKWA2LkXkY,ipfs://QmNmPBmigyp9SMLAbodrLED5TASx1MoupyZ5nkXm7HPUxZ,ipfs,,absent,False,False,
2439046679443273982118864381573244666656869243,QmNjtR9CMiFzzP8WNKGJPtJB4fHXYJEePQN79bRuC2eRA4,ipfs://QmQzBjPhkMwSMyK1jVrmukz41SNMEw8DhLfxMUMT9bkMam,ipfs,,absent,False,False,
2439046679443273982118864381573244666656869244,QmPeTv9p14MWj6LdmhXtfwqRSTjUFk3JVz1S9PD51ettk1,ipfs://QmX33qtHFyCzfMgJkjw35JA1weZjJyvAr4hQofytceLGRz,ipfs,,absent,False,False,
2439046679443273982118864381573244666656869245,QmZaseXK7vbdJiH6idZWVqNdZ43zB6eUBtdf6jTY4xU5dc,ipfs://QmcRCMwUoBEC4uG9fYYaBpparHZD4jEmU1WKKjHUdC32w8,ipfs,,absent,False,False,
2439046679443273982118864381573244666656869246,QmdaGF53wRfdBbRg1mHSpT4cgnccGePZzeVnQRbqNhyHJx,ipfs://QmRsRHXq47xmGyY4uzHwbPbTH84anij9NqDtFNd3gdE4m2,ipfs,,absent,False,False,
2439046679443273982118864381573244666656869247,QmfYqPuCYdUPNWoC192Nv9unbjg6ELibYTcqxfaiCVQ5xf,ipfs://QmSYYEzPCmtTeb7iqrDcMmgHGqzfW5AcC7YtTDkwmvTAmg,ipfs,,absent,False,False,
2439046679443273982118864381573244666656869248,QmaSPku3KEgi2anYPnFUbodFcQ6uftpurmVv2T5ABPSvv7,ipfs://Qmar815GGPrPSNzGBPD8VaySuAcS823UFj8eFcjiUPszhq,ipfs,,absent,False,False,
2439046679443273982118864381573244666656869249,QmXi3dQdkw3Fq7QuVyZbtejqgHGPGvNqwP9jG379mD6WX,ipfs://QmNLkQCXELfd73bpuGJpobiC89Jc7uppYSLYrKXwLPkmmY,ipfs,,absent,False,False,
2439046679443273982118864381573244666656869250,QmeDyxiM9skRhQTQkWBL7Zeak6ua3Ccax8i3vKaY5nnjvR,ipfs://QmUk3Mm6TfUSBaqY6GSawcTuNj9BtcrBASEAVTNXEgAXV2,ipfs,,absent,False,False,
2439046679443273982118864381573244666656869251,QmXYGBz5FF8nDe5cJL83fRQSE2y9FVoch94NChXNd1FoPY,ipfs://QmUzJyNbDkUfKLnvUcBhVP19fgCsTMQhJYmQE4Fs2JAX2a,ipfs,,absent,False,False,
2439046679443273982118864381573244666656869252,QmabxEAGMibzA7RQTeWpoKK7yEm5R5J1Aoz9grmv9rpTeV,ipfs://QmQePnbURkzvWKdYs1E5KSgrAeggsVTbayrZhnEpG3kmV4,ipfs,,absent,False,False,
2439046679443273982118864381573244666656869253,QmeMpbxUvMNM8FX4MrtSy9CasM5y87RGGrT87HhHZRruw8,ipfs://QmXMoMXy6mdpw6eWFTZ3Gfk2u2nJ72h8jaKKyTZpnmnKbE,ipfs,,absent,False,False,
2439046679443273982118864381573244666656869254,QmRE1fghdhxB4gtwK795SiFgdsTZuDJ5NeWDx53DFBJS7i,ipfs://QmZFrqLh4qjErnoc6kNheTUyAho2PvAHnYK4vxpDQ9ThSc,ipfs,,absent,False,False,
2439046679443273982118864381573244666656869255,QmQPEzvwzDmn5suxXU4eJoD4iWCC4q3shTnUwDh6A7j9xD,ipfs://QmNRriCYczp6icx5LiaHtFtRSP6CKwFtQtDbTKCBgMc8c7,ipfs,,absent,False,False,
2439046679443273982118864381573244666656869256,QmZ46Mb5J1m2rYUxQ9N282Fmczp3BThdV1wnBZnormn5Rz,ipfs://QmYh4BCVzksrCHPEi1tXAomhUQeagapPBXXYvmxmxr44dJ,ipfs,,absent,False,False,
2439046679443273982118864381573244666656869257,QmUXzQ4gW2EJp17nMbNwDyq9zCvdxG4eULiYWsokakkkne,ipfs://Qmccx9U7RigHxdci71kJUSGSMA5LpsFpz8cvqMrnV94wFT,ipfs,,absent,False,False,
2439046679443273982118864381573244666656869258,QmaRKs825EwEjh285icnyA72S1qwa81zQ4mKXp1CUsu2AP,ipfs://Qmdb2g2f8dA75Xjua2KuJWJCQWYa9oebo1G8MQZuz2v4Q5,ipfs,,absent,False,False,
2439046679443273982118864381573244666656869259,QmPUYt9Ciqo7nAKW4jzHgCoq2xqF9w9B7w7dHL5ZwHgGUa,ipfs://QmZqxZ9vhX8LuoNsN2v3tpfDvnMt4DAEcNKtXZHPYjqcd8,ipfs,,absent,False,False,
2439046679443273982118864381573244666656869260,QmTsYkjNhTqgkjiQPZajscdFMpVX2iVGhTh6C9mt95pSbd,ipfs://QmTJWjc1E1Dkd5y236ERxSH9q3qF8WWCPSourfAm2un2zH,ipfs,,absent,False,False,
2439046679443273982118864381573244666656869261,Qma2wDm6E6wyDXdo3Q6JKYbhc4eyhMsnzVUMJdaWS8JLgo,ipfs://QmdpnYZ5v7gbTqDbqLqapsbbe9o5d2fMYrPSL1s4ehEbcA,ipfs,,absent,False,False,
2439046679443273982118864381573244666656869262,QmccYfMWta6mH5DB2h173e5AnC7t4fHN3o9v8PUmsWcx5P,ipfs://QmeBsLP4H9kFQTpUX5UawT57xFcuYghuvQiEC2uYoN9WMp,ipfs,,absent,False,False,
2439046679443273982118864381573244666656869263,QmRQAoRdPcpkyyYL1ruegbyLGFM9iwAJYjah6okU2ZTcov,ipfs://QmeuRkfUjuximtJF2rQbeqGKsprzuZABsLQ1tTMNQsZGhS,ipfs,,absent,False,False,
2439046679443273982118864381573244666656869264,QmeMWX6kCUzL7BoAuZYMNMS3WAaBYLBskBqE1XYLqVcLZh,ipfs://QmWUWoujz9T5XpqEwaFoxK1duHFoZgE9FdxA1j46AbMkjU,ipfs,,absent,False,False,
2439046679443273982118864381573244666656869265,QmSvyBM6oQzwhCfmPihBP29psHUgNfVJzMEfWNktoZemix,ipfs://QmUBjSodwXr8tqzK9iLEXfgpiJgDB9mA7VVNWV2BGUwj74,ipfs,,absent,False,False,
2439046679443273982118864381573244666656869266,QmZ6JUJBNRYx4xzTZLfBAYjyBke8QNba3s9UsTa7ZAue9S,ipfs://QmXF55MWV68PKkukm7yoyACKVTk488EnBN1iPKenPnYh6P,ipfs,,absent,False,False,
2439046679443273982118864381573244666656869267,QmcohWtaSbdrXy8QZwB5dTNeEjeKb86eroEaVurY2t1Tnc,ipfs://QmbyqFq6wpvVaprzLmJGDFsorpHAWhNgULZWJpLrcLL4hS,ipfs,,absent,False,False,
2439046679443273982118864381573244666656869268,QmatnvvTC1hFmjVrDXeHkH8HEzKHGK9eeNdJn1WhSibsCt,ipfs://Qmcbej1T6xaAYSojGkWF1zzDdmoSrcYcuP2ME3eRmpxVkW,ipfs,,absent,False,False,
2439046679443273982118864381573244666656869269,QmTLRyHidh49XHLJd4DjowxTHA93r7bgCS5qMdCbwVreVe,ipfs://QmQNqRUNw45YMMBnVvv7fqV2vm4U3YCvF7eLSCaVHC3YG7,ipfs,,absent,False,False,
2439046679443273982118864381573244666656869270,QmRptzz7HAQNZsrK991XSYYAbU392AMHaPjQGcuNvG19uv,ipfs://QmaFw1YLVcspVLB115K1ASaTDgGyJSS35ZbhpztgHf6aPf,ipfs,,absent,False,False,
2439046679443273982118864381573244666656869271,QmTZCAfSM8uN3yEAHeLfkEBfd6cq8rDCtWAANfrgdSZpvG,ipfs://QmTcntsJSYRHfYda6RZ1HSDokiyXEJPDVEEYGx34pUfUeF,ipfs,,absent,False,False,
2439046679443273982118864381573244666656869272,Qmes2NnPGdfwzQ78MzoJDiWpnJ1bUgKwyArfLnSTwEYmr3,ipfs://QmbndBpXYPgmBzLLvTKX7Wie4xrai7vXmqAGx8efKiD7Sj,ipfs,,absent,False,False,
2439046679443273982118864381573244666656869273,QmTmG1xjs8CpG4YYrYEcDosf7AMUF6MXFBsKE9ZXNLaUbx,ipfs://QmSAQgz5G9xAdRJt9x6w5LZcdck7FpEKGs9anATLEk4XU1,ipfs,,absent,False,False,
2439046679443273982118864381573244666656869274,QmfMjSGCuXWXUwPnbJzzv68TbqABtTGgdLLECHjXX9bdaC,ipfs://QmSAvfnGiiTmXqjcCt3shpHPtUXc98Ht4jZrcRdvsr7dCJ,ipfs,,absent,False,False,
2439046679443273982118864381573244666656869275,QmRgcnEi1VXq9bi4ZFWx15YrTMkDEPg9GB7BF284vV3pJF,ipfs://QmP3ke2oGJwThimUGecxeeey7YTeUP1ViWRgynA9GUpQ7p,ipfs,,absent,False,False,
2439046679443273982118864381573244666656869276,QmVgMiKigu1YKwJUXoMpVLabXZQCGNy9315FCFQDbwPQMA,ipfs://QmVHqvMmKgXKsD2VyV5DT3DaNzvAe1xjqfe9TpKbg71UyS,ipfs,,absent,False,False,
2439046679443273982118864381573244666656869277,Qmc2qsv3UsPMbF67GKYTcxtbtmfP2VDxTqQXidqcc14L3E,ipfs://QmUeE6XJWPKTa6wesWBgEiqUiW6twUfvENfstJWghmyMQf,ipfs,,absent,False,False,
2439046679443273982118864381573244666656869278,QmP59FEy4kwQxPqq5D7w6gaTVdHdCwzR95C6VKPwphp1RL,ipfs://Qmdbk2dZRR5SUR8eLjLPkP7DCk3q9TfDpkUAxGATvTAnmW,ipfs,,absent,False,False,
2439046679443273982118864381573244666656869279,QmXpp6aN8MQN2Kc9Pd5mUevhcLbhwdzTjBJKpu3Xyu3fba,ipfs://QmRhG8gTNMJqccyFaQPuGmrYEm5zUM8AYJvH7U4yPXKCr3,ipfs,,absent,False,False,
2439046679443273982118864381573244666656869280,Qmbr8TAJnwkN8MtU6P4RYBqw2rrAkx7vmYaqNAudSr8NZt,ipfs://QmYZarr6kgxEDfRzeEDgTHa62Un77j8xxSvajemTP25tHS,ipfs,,absent,False,False,
2439046679443273982118864381573244666656869281,QmPHimepXfFNW8nGxgrWNU714M4QBUpN5VpwcTpKW46YmS,ipfs://QmTqjegEaxDK9f5JFwnNmvk7E5h3wCSK6WWJ8K1A7uzxXD,ipfs,,absent,False,False,
2439046679443273982118864381573244666656869282,Qmd7HrQL9Lgq5iNsRGHoeo7M4qqGomq72e5zddoyh2Esi7,ipfs://QmcDenVdpn1Bj4ZdYkWWKedxHKsV5f8vqFrWHSQFD5misB,ipfs,,absent,False,False,
2439046679443273982118864381573244666656869283,QmbhSwpfWzJr6NqMRev2XSHkFjeBCchzzCPjyadBTJTuP8,ipfs://Qma8PakhaMhENmMgsi7TuZNgt98r5RSK7mMw5k8nqsj5wX,ipfs,,absent,False,False,
2439046679443273982118864381573244666656869284,QmS2pBwivtXvvH1tmmMqQQTyU6aMzvju6QBRTQWXjUwZmK,ipfs://QmeB3Z4rF6A3HHGq16R16dVeLXfCvA9e6d8UPk1vmCm5T6,ipfs,,absent,False,False,
2439046679443273982118864381573244666656869285,QmYJNuACs5DiDnr5E4QbKPci7q2dvdsiP65ZyxDLEuRPeV,ipfs://QmXwnmwvYE1dJNhUjKYPxxYtAmcX5B8zkPaHySiNTr8BT7,ipfs,,absent,False,False,
2439046679443273982118864381573244666656869286,QmVjR8eenb9zF6Ne1YeVhV9dja2LhR3chMbP2JXMM1jMo2,ipfs://QmPzJvnB9P9weQCfgTrsQfw4ceaRXpLsdvByfnJxFpC4aC,ipfs,,absent,False,False,
2439046679443273982118864381573244666656869287,Qma2ytfFP1DrHs1SQDyHxt6vT3JX3TN1ZbWZepk5n31jU8,ipfs://QmXAMMNBwnLNLrKgnjZ4X8C1AwJwZuxEV6LMvefcM9b6qw,ipfs,,absent,False,False,
2439046679443273982118864381573244666656869288,QmbQLgZW6WTJhQMVqKqaKm58vNHLNUdfes4THoLtjDEkJQ,ipfs://QmQUugBUM1Voaq6tPqrGxJ2YcAhkEd15vZQNDpSEihSahP,ipfs,,absent,False,False,
2439046679443273982118864381573244666656869289,QmdJkMMtN1wDnN4N8ikUhiMErpvQXuH95gZ2CnZebyEEFP,ipfs://QmUuAXSjQB6cZ8N6QmYmNC6NtG1NTrCuJpBwhQJb8nAMSw,ipfs,,absent,False,False,
2439046679443273982118864381573244666656869290,QmSeJXmw7WKi8XxajJsNYLvR2htDYKorTui65xJyBxDnBy,ipfs://QmPmkqmGk4MqZmtizdQsYDNLMt7zokTao5dagfUfmSDn1r,ipfs,,absent,False,False,
2439046679443273982118864381573244666656869291,QmNoXsVRwyfLfxRGPq48hX22L7er8sPVUWwzDra97ZHnP8,ipfs://QmVJLuw2QGd7owfZ2fkgM1JiPHzFLmETjd3dTGkkPnEDzo,ipfs,,absent,False,False,
2439046679443273982118864381573244666656869292,QmYB5VrTv2HMzL81wKGiyGTFCeBqcXWQUX41sgLABKpuhc,ipfs://QmT2WRFboQoRBCvpDMLypiBW88ga6Ld1CYqk3CMCQP3nJC,ipfs,,absent,False,False,
2439046679443273982118864381573244666656869293,QmQ7dveZVewF5hGw1fJdyJsc1Y27SomtjswFtYFV1exhPt,ipfs://QmNq2Qjc4zxDAN2jM1v7PNtMHafjSVf9SX1pDwxAm9baYE,ipfs,,absent,False,False,
2439046679443273982118864381573244666656869294,QmZ2x4wu96BmiwfgtcXyE1oBufJ2r8smhqq8cZyZVS3P3h,ipfs://QmZtmaVmvwYJTpArN6dzR6qpdMTjzdWgocRCujrnobweLF,ipfs,,absent,False,False,
2439046679443273982118864381573244666656869295,QmTReR1x2eXUTjeWZxTVK8S6EYfyXHKyUimYmRYSCeQ4D8,ipfs://QmVsPvJoG4bZPJpVLhviJgMRRL9xh7NTnbX2cFVaCQCNCk,ipfs,,absent,False,False,
2439046679443273982118864381573244666656869296,QmYbHbwGL5sKvQgmMRozHgAeVopBqfQG2PAR6Gnz8oN44k,ipfs://QmcjePRo2VW91kAMuvg1w77nzRqqk2m5MS8ai5LfWRccux,ipfs,,absent,False,False,
2439046679443273982118864381573244666656869297,QmYmAD38bCXNRJoin45gbvS3iLHkd2NJ9DFE7SFpXLuijC,ipfs://QmWhTdfuBAwyJ6JJYtbDYYrLExPrzewEixAVkNbMgS5uEy,ipfs,,absent,False,False,
2439046679443273982118864381573244666656869298,QmcD6u93xJttq5vLKKNdxXhevBA6EtUqmS8Vz7Z6YdHPM2,ipfs://Qma8hQNwQtsuemQfupEteynkHSKB2RBQQiVQZuN9fgzH33,ipfs,,absent,False,False,
2439046679443273982118864381573244666656869299,QmVvpym95NBa8onDkS3LVupz6r8hAekhhu89NsdyYsWpr9,ipfs://QmfEx1gDkwuodU82nVvu4D55Lg8p76VFtpTX5kNCtwD3YM,ipfs,,absent,False,False,
2439046679443273982118864381573244666656869300,QmQUFL2tuUohNZfBf75th2yQWvS1goZ14oGjzANc8T5AZy,ipfs://Qma5SCS3Nw7Cbdds2qA3D1DePMpvTQZZQFYmqR5A42P5fx,ipfs,,absent,False,False,
2439046679443273982118864381573244666656869301,QmSACTDiRYwP4HBkcR5wmJ55WxovbsdxpH5tnjFUt2ozXn,ipfs://QmNiya2erpdp6siNAeaettKHvQVjhRp47EfjbYNDPFnd7k,ipfs,,absent,False,False,
2439046679443273982118864381573244666656869302,QmXJs5bUJhtrTquMkV9AbPV4FyJrLq394DUBSHikxvFj4j,ipfs://QmPj32Eb9U9BkTSSsD5VjHggdqWFeoggjmP9Ps29pLNFwR,ipfs,,absent,False,False,
2439046679443273982118864381573244666656869303,QmZJ1EPcz1aLu5Sfa3J9qtCREhykPBA7mFkYo6C44iXK6X,ipfs://Qmc83XUdsT4mxyfRi78wqnGgc2athrxM8741gt7kKtCvzL,ipfs,,absent,False,False,
2439046679443273982118864381573244666656869304,QmaqvsnE83RR3v8dEVyHx9qzK2sFig5CQi3nXJJwSA9jGy,ipfs://QmXbnjYQUBJTQL74uffpCQqKVq7P57yVEF7rcJ7jPU7rum,ipfs,,absent,False,False,
2439046679443273982118864381573244666656869305,QmNuvpCjBeoUc5jb8Eg5YAcvh2kBMpPvSHvyMm1oPbfBcQ,ipfs://QmXgYSSyixjtSXYkhALgkmsq74Fz4phmAZnF5MmFEDLmNY,ipfs,,absent,False,False,
2439046679443273982118864381573244666656869306,QmSCHZUzffRevuAvRQLGmdkBBhmjvs7vD8ododDCaFsRBo,ipfs://QmUX7ZBCHYcNP8N3q9SM6NNFXmauvyhYmJpBJaff1R2hcB,ipfs,,absent,False,False,
2439046679443273982118864381573244666656869307,QmegyeLv256hZUV4wpxfoJ3xRDbocCxmnVtiayygGkqQsY,ipfs://QmZJM33FBu2o16VKBwJBVHSq3S6W8SxxtbpFN9FMKgAryt,ipfs,,absent,False,False,
2439046679443273982118864381573244666656869308,QmPm2xJ2g4YbWxhwywkahRru1bTPjjiS8GWAPSUPVZGRyH,ipfs://QmYzMFQYKwzwLQR1a7Su8FKdDjQuLT8AEFKWk1vF9aSjxg,ipfs,,absent,False,False,
2439046679443273982118864381573244666656869309,Qmdpouufwhk3gg6hNevHzBL3E4wECnhCw1yQvRAyCmDW14,ipfs://QmSvBiCpWY23gq1g1LUUFLmRc8xauTeCCXGcF84CXg9iNq,ipfs,,absent,False,False,
2439046679443273982118864381573244666656869310,QmZfFE8hJ6cBs6TZUi7fGEAngVT44kxtFUDwe8sX7bBuHb,ipfs://Qma7XdNtWh9EwzF1EesXVjqoCHUHW9iYpgoEgbev1Rb64C,ipfs,,absent,False,False,
2439046679443273982118864381573244666656869311,QmdKudEYzbjXyBgpVBan714KzqQZkaACddfrSLiutp615b,ipfs://QmXkfj1WRAutiNE7YpL2cBRqhfCp6QTWXmexr1hjhdZtMF,ipfs,,absent,False,False,
2439046679443273982118864381573244666657869184,QmZKhDpK6DmzRMQxCZEC517LNtRKKJ7mFCTDfgK9sctp5X,ipfs://Qmei1vmFB88SDztB1YRa3FQM16AVnGaCvvez6tPBRiEVbH,ipfs,,absent,False,False,
2439046679443273982118864381573244666657869185,QmUQPD42bK6NBrSod7XKVJT34QrXC9jtMxR5Bxtjo1yeTJ,ipfs://QmVKpJScM2EmYRfmKj6rPWQUpNUQJSjguRxdTEMaezb5qK,ipfs,,absent,False,False,
2439046679443273982118864381573244666657869186,QmfUp5sy9PZujyc3C54TX5nWRkzQTHVnkzetwt1RysWiKe,ipfs://QmdvZJ5ReGxFDnd8BUg3tnawJnVRbKgJrXvoQGurwrtX8P,ipfs,,absent,False,False,
2439046679443273982118864381573244666657869187,QmRMc4yoncrXQ33qxdTnby83c8S13LTcjwAdhghssgpj3k,ipfs://QmVB1cdn4GrCu5sZ6iJy48okECDX9UYBbQ7tNHz5u7N7Rc,ipfs,,absent,False,False,
2439046679443273982118864381573244666657869188,QmVS4KxkZZqxkFzCcNHEYs5TQSwrrY3PGhVuo9T81irUjk,ipfs://QmRDB6nHUUko49t5A9bCNYzryDirmjEnFBpGp3rX3zhRqC,ipfs,,absent,False,False,
2439046679443273982118864381573244666657869189,QmWocoBzE8rU7i1LUPydYJtErY8B2FJu59pDTNSzRFQZtg,ipfs://QmUftsgwceXGbCr6yNjWo3vHq4dgjKAqaaXUXgPsZ55nXz,ipfs,,absent,False,False,
2439046679443273982118864381573244666657869190,QmbdeQUrG5Evz1wDJ2YRLiZKBYMf4vpWzDJagF1NDJRDef,ipfs://QmQYaJ9dgWx84pXcNVZorYRM1YyA1WyL77YXDvT67ErQ9t,ipfs,,absent,False,False,
2439046679443273982118864381573244666657869191,QmSgt6Meocnco7bQCJoQoj7gLTnRt9YR7Ux7adTd6qbJFp,ipfs://QmZBzv5Lj8Ru6UrSbZRdZdphNF6ifMvMRCNNVSXheKznL7,ipfs,,absent,False,False,
2439046679443273982118864381573244666657869192,QmRF5brx73JPNbeJt8to8NaF2koviamB64GT83CKtW7hCQ,ipfs://QmWrRsEGCsvW2qWpXaGPqSgacy29SRjDkQBA8ZYP2fBH2x,ipfs,,absent,False,False,
2439046679443273982118864381573244666657869193,QmPjXcPcdB7te8ojmE9DAYVkrsoHZ7zZZu2EjSkQqqrSpa,ipfs://QmUZ8CvFHNXqRmGeFsLmRw55ApsbkSDsXyvmP2z3vrcRa5,ipfs,,absent,False,False,
2439046679443273982118864381573244666657869194,QmRzatZSMKcPtxnUBcgjPWfkPA8AFTqmuFpAnNk9omRguo,ipfs://QmW4EaCe81HQSD4PUFHXqYdbkUUdiUGbmL1zTAkwvXL98n,ipfs,,absent,False,False,
2439046679443273982118864381573244666657869195,QmemGTTkAJto6cm199Q8D6hct6n1kCDJ3BgnkQXPDMyFEQ,ipfs://QmfPcpmqDvCSzUCjw4NgNHr7QVXM6ebFLRgyEypUWLT3pu,ipfs,,absent,False,False,
2439046679443273982118864381573244666657869196,QmWD5Q4R1Nm7kRggabKsEQyM3UPrmDRZChM5Q1ixCk68SU,ipfs://QmeFqXdUiTq3WT7J1s2cBQycn1AE8AL3RktyiKjanDR6hP,ipfs,,absent,False,False,
2439046679443273982118864381573244666657869197,QmPPETfTL5w2xsZ6CGyeWfcbK9pZ7t5MtEY4BXwrbnoMP7,ipfs://QmVa6o4gkXufTdUQwv1uJ1WhM4XmH8bpYdhxVRZAHJan8v,ipfs,,absent,False,False,
2439046679443273982118864381573244666657869198,QmU7JHLZUiUe75zLURawacce9C225vQfKZvEgS7Jzf1ikC,ipfs://QmPsYCSfEd1jzET1xewXonKUDtxGzuXhXPCZmkqGHKbeww,ipfs,,absent,False,False,
2439046679443273982118864381573244666657869199,QmRotR5TMwBVgBHQ1Nn3NJYEEZ5FcLJgEafeWktFHf5pHe,ipfs://QmZAAPo5gUUJZ19UhHvDh9VSY8AH3FqMweGA7iJhkChjpP,ipfs,,absent,False,False,
2439046679443273982118864381573244666657869200,QmXC5iuyx9s9sMQXcCMXp89W3etxTtWVRUhsM628eNZ9hn,ipfs://Qmf7xFFcQWGWz1vJbkvMmGcLBGLnTLmWTh3zj7BrPcDa15,ipfs,,absent,False,False,
2439046679443273982118864381573244666657869201,QmUZwHMoixLXTDGEFAS6KmEQCVz8wXU3nGuzXVauHaJAxT,ipfs://QmcJASGqh7sDET8Umga5SMUyMQfA9YPmSCQNoSHS6j4RTh,ipfs,,absent,False,False,
2439046679443273982118864381573244666657869202,QmRV1ZzkMKc4V3kp9eA6XPc7ppQ938iqscyEzsdQYmQMXf,ipfs://Qmah3dig3X8YRxJcjk6qXrKryDU5n1MKw3rYYLxHu6GxbF,ipfs,,absent,False,False,
2439046679443273982118864381573244666657869203,QmYjHnS8wG6ecE4osAGcGQhuwA6NxM7H5xepXf8UX7XpjS,ipfs://Qmex2CFhjVazjbWdp4LCRzgxqpGauzsqbJt9MnjvWtnSKA,ipfs,,absent,False,False,
2439046679443273982118864381573244666657869204,QmaGveQxu4tUXwWQtDDi1kUqEicKEa4UobpPoYMVFV1Txj,ipfs://QmReWL24WNMGmeVGnUzWkFzndoeFuyh77b33m1ZCi8SCaw,ipfs,,absent,False,False,
2439046679443273982118864381573244666657869205,QmPAxkC6GK5dY13C98ug8gNqJ62BKJXzNg18MCbwc7sCoG,ipfs://QmdDFSM6P3ZgYJMuPgj3en7bdm1YcewYEd5yrUDpbU1rYS,ipfs,,absent,False,False,
2439046679443273982118864381573244666657869206,QmcPSDusHHjXoMEPpuTjQiKjK4seDXtnZSb74g9ty4AW19,ipfs://QmVCzuNKevDqTrpAy8kistQBL1qoXwv9EkoGT9xH1tHnTG,ipfs,,absent,False,False,
2439046679443273982118864381573244666657869207,QmPiMQjSdZeo155xgiT2ab1J6x5bzuWF49fEGLBQRRWrna,ipfs://Qmehd5g8ibQAoCMfpUj95hk4e9k4u7ALFg8xaDxR54TJCL,ipfs,,absent,False,False,
2439046679443273982118864381573244666657869208,Qmd2AzpNQqFtcMen6FUx173mGvWsNWxyih5ff5xwmd8to,ipfs://QmRwuK34f51EuLZ6b17aEHJTQqQdqxb9SGaZCpPjQQ1UXt,ipfs,,absent,False,False,
2439046679443273982118864381573244666657869209,QmW2uoKgkQ4Un9bjUw7iekdGUyDKfmGFTADE4VYqWwKkxd,ipfs://QmZN4nTNvoQnnowYjeZz5hB4vByY4c5snaG5CUfRAQWXfv,ipfs,,absent,False,False,
2439046679443273982118864381573244666657869210,QmXbwWecHGCHv6k3zk5R32nMa2S7sieso6d5tHqNceceM,ipfs://QmchFgRsvUH76EADjmnczRRi8rQggLMFvpty6yyAZT7ExS,ipfs,,absent,False,False,
2439046679443273982118864381573244666657869211,QmQjuE5PrxccHUmabe9uLUzUGCyRX53isSDhD8jJYuPkgJ,ipfs://QmbAMiDvSW3dUkoBjg1ZcxXBtMy6myrS1XqkkoEv3Pyt15,ipfs,,absent,False,False,
2439046679443273982118864381573244666657869212,QmZgA53KUfgarksqQECrFasfS1Ki7vsL2xm2nvR4GM1xor,ipfs://QmbfoF9gUqPtcECZ2ze84Ei3cU1MzD976HgkLVW8uausMm,ipfs,,absent,False,False,
2439046679443273982118864381573244666657869213,QmdkeHxbAG9dcZK89EcFgHF7hJwX5soLnBPvYuJqC6Da5s,ipfs://QmNjbaXRB5ghtV6ZhebyrdVQ1YEoSGzHchD6SZLFTZcB69,ipfs,,absent,False,False,
2439046679443273982118864381573244666657869214,QmbL9RCGd5DZuUmKgvH96FZb2L5vysYYMPMexvH7k4ZELq,ipfs://QmQw2XssUGvJPUWiVB2dQWHQi53XS3VpfzgTESsPRvqXmx,ipfs,,absent,False,False,
2439046679443273982118864381573244666657869215,QmPKQ1FDVBjjWw6PR2BREJ411PnnsBXczGE18PzPhdSw1d,ipfs://QmYgXqDysqmSMNH3zFRb6tgUQiV2gWsF3nYfNGf2HVLogC,ipfs,,absent,False,False,
2439046679443273982118864381573244666657869216,QmYf6CDQtNZtRs1py4k9vwzhQcB91SL5U5CSr1P7oFJy9P,ipfs://QmWhSUEeuq4BnJpKQR1iKwoYXGZUQD9uR3Su5CVDbfodJn,ipfs,,absent,False,False,
2439046679443273982118864381573244666657869217,Qmbrjux4aEaCunPjKcuck1rDkvi4KfHz5FNEKhtUUmoxJT,ipfs://QmesWaNAk3cwLSn4HNYZp1A9eJFfemdh46p9ZdXm9x8AkU,ipfs,,absent,False,False,
2439046679443273982118864381573244666657869218,Qme8Hgk42oXJBVGPseTPc1bKj16MTcPSjcmjTc6L6rUifs,ipfs://QmPMX6thEi91ERhxARQjiNZWaRKc2N7qfqWzL1NSF1vN2m,ipfs,,absent,False,False,
2439046679443273982118864381573244666657869219,QmYWxxLiEdUCNmnLAfvm3Bt7NMUJEb1X8wa4af4KnEtkkL,ipfs://QmX9Sbx9AcL28moKusdso6wVVJBqx4WGiPf3d9iuBGmd4H,ipfs,,absent,False,False,
2439046679443273982118864381573244666657869220,Qmeeh7MfwbQw1ia4rvAsCy6XMfmhhpgf9i3bbjqH5a53pb,ipfs://QmS4RvPHKCxXH5Z2yPegzvH29XrJchpvgFXN7aLjLDep4d,ipfs,,absent,False,False,
2439046679443273982118864381573244666657869221,QmRoUMquhwHXUZvawvytBvMfkhwvYrcfNxREK7KkuqLSEx,ipfs://Qmbh5FpFcQjtpQiauBmAarL3uwwkfZ9bxiNNzr5A2UKbFC,ipfs,,absent,False,False,
2439046679443273982118864381573244666657869222,QmXDykvPQVzsKhLnx4PcNoNjm8pizX6fpvNj2s28HMMTsd,ipfs://QmXB6Ed6wepWzaVzReJiTCAmQ9MipoWdPXr9mR3tgWGdzW,ipfs,,absent,False,False,
2439046679443273982118864381573244666657869223,QmWYEkJ3omxmzwEE1ZyR3F1zwBMaV7Vtvy2wdqRpWwxTNL,ipfs://QmSptiqBZUibifpzAaxiSsToxcQbAkEFkZBi5NnAYKcmhj,ipfs,,absent,False,False,
2439046679443273982118864381573244666657869224,QmSyoyPajXyunW2vrG9N1tKwKjbiYsPLDEGctSFMaVnJLF,ipfs://QmPhb1j5p4gWP11BzehwbSEFXFvdE8MhjbpSSTDXX9pR63,ipfs,,absent,False,False,
2439046679443273982118864381573244666657869225,Qme5JbcV55FNDDya9xgKqeChhuBVdwecPTv8X2eBqNRptL,ipfs://QmdEMP44gtJMo8NSYfAQMr1JgJAs5MKh9QA3hdwT9ZnC3Q,ipfs,,absent,False,False,
2439046679443273982118864381573244666657869226,QmXW1DvaUHUx4FgSLijX7vjZCG5TXZkbfJecUMg9PBvVXs,ipfs://QmcbNWte1KSGXwGpV2zmzmttp8JJRjNw3mucTizW4TqWeh,ipfs,,absent,False,False,
2439046679443273982118864381573244666657869227,Qmf5W6ZtZiLTm8A2SpBVhwNu7SbquGy4LSAP49htjKSdJ3,ipfs://QmTAx6CxQRxsKtC1mbbXJGBjFswkC6gDmwes2nFbFEoptD,ipfs,,absent,False,False,
2439046679443273982118864381573244666657869228,Qmdnn2xbmEjDQA4uVFkaz2iBb9DTWPPShTahYznSarc3VX,ipfs://Qmby1RUbpCbJFFWZMYRvouuAYoe3w2tL5oTzHLWGv7r6Pt,ipfs,,absent,False,False,
2439046679443273982118864381573244666657869229,QmVgKARvu25NnU3vd6pHXryVZJ36cmrCPF2t9BbCWyj5VR,ipfs://QmXMta8eD1aRsnM3ZpTNL8VVpx2y2QuUADmnLiNJkJoZcF,ipfs,,absent,False,False,
2439046679443273982118864381573244666657869230,QmerW2iZPjiwefyVgTXoqLMDEhhqftWDsenTWPaHfK4B2q,ipfs://QmQggLAthxRvxNc6wGNK9BTfhtCZiXWJr9oWcTzhTCz4X6,ipfs,,absent,False,False,
2439046679443273982118864381573244666657869231,QmfRrXSoS21VSRShJwWaDTiFda6tjXk2ZKErVwZETMKAHR,ipfs://QmWJVSYibGZFGs2Sb8iBnou3jV94drcqA7mDZ9vUk1GqCG,ipfs,,absent,False,False,
2439046679443273982118864381573244666657869232,QmZHsrrZwPHQaPS34sTGVX884z6Ran7eJ45G3gCnojwp8G,ipfs://QmZvjAfrKXP3gVGYZp1e4VnzfNhuWzdAmgh9ZowoBxvsV8,ipfs,,absent,False,False,
2439046679443273982118864381573244666657869233,QmNxXagTnYRGFACv4ueMKUXNUh1ecB4p1Ddo1Quk1MKGwX,ipfs://QmWngBZECmZ3nSehfrPfycxEb3kPhpDPECqDrb8qTe6Jgc,ipfs,,absent,False,False,
2439046679443273982118864381573244666657869234,QmejCL2tLcB87d4vDfBbDyYTKfAW93wRb3JmFv88vMsq9V,ipfs://QmcG5o6Li8zCLS6Mg7vc9b2MMyBcy8gCWNxUgohaaK2WrU,ipfs,,absent,False,False,
2439046679443273982118864381573244666657869235,QmWGnyEYWEjkiCopCXFct2UWoKbC8AfDm241MLivCzorKq,ipfs://QmPQLpTHyXq4PoYGgKCZpdjHdy2KcVriStr5nC82s3eqBs,ipfs,,absent,False,False,
2439046679443273982118864381573244666657869236,QmaBTMz5jpXXcBbLMQgj9PANA2YrjWtXA61PLr539BcYeL,ipfs://QmWuBy2L2CTs2VT7L8B3Ycw5bMHLjcy8DQjtFhq6JtthXr,ipfs,,absent,False,False,
2439046679443273982118864381573244666657869237,QmQFnDGf6WTVcYoBnFwWo1KhXoxYotMKZmHyUzUeAxq53d,ipfs://QmaYqivmACSKKanyExBq5irszeQsgWJ5nZnFZ8tuRwBGNQ,ipfs,,absent,False,False,
2439046679443273982118864381573244666657869238,QmdmqLYnzEmGKUR62r8vHErdW2A4upHY1xhv3jhThDbmUK,ipfs://QmegytFQzZddwS3yKge5R77JKiz9zFCB7rQNDZKo2XqJqs,ipfs,,absent,False,False,
2439046679443273982118864381573244666657869239,QmZdi3ayz2DGpzzvyMRiaMjNRE2MFt1JNWfsMYXc48m11S,ipfs://QmXxWP2JBKpr68DUK5SauLMdSrJA5mBTUxiG8JMkKYYdqM,ipfs,,absent,False,False,
2439046679443273982118864381573244666657869240,QmevWvVS4GrN3yKBLPUtdKSzBRUdXiXN3suG2e4rviXMVv,ipfs://QmWpbRnnQhJKApwGtGGE91xRzmzKmD4h2QG8z6QstpQyr6,ipfs,,absent,False,False,
2439046679443273982118864381573244666657869241,QmXUv3kuGxqHfQtKGKPaHQUUbkDcqu6iKUVfjg5Zu84pqG,ipfs://QmQ66DhYigTwifu4GMdENBkoKYHnteLzXiCKbnwwaeA8P5,ipfs,,absent,False,False,
2439046679443273982118864381573244666657869242,QmQLskSBxR3CGjMd68BSfCCp2aeJ7ok4z9mNEjCMGdVBgv,ipfs://Qmakc9HJXq7p9mY4Mtc9r4oQ5tjV8VotC5s1NbQB9ZkDBd,ipfs,,absent,False,False,
2439046679443273982118864381573244666657869243,QmSuG2ZwSz3AibVfBQF4LC57ViWRHrg23sFnSAEaPTAb7Q,ipfs://QmS2uy2z7o68nb7tyMgvbH2bdUptvmQUa9xhW11eBYpSLM,ipfs,,absent,False,False,
2439046679443273982118864381573244666657869244,QmQh91Qiy9YgwkaXp57ZtDqiqtyAeVAqtudtRmxnGPrxAH,ipfs://QmaSTVreP9FeSGrBF4nDkYd2wZKcZnJARhnqy7Z1mP3t4m,ipfs,,absent,False,False,
2439046679443273982118864381573244666657869245,QmXVXxzo7ufWsi9QZ5V88qWcpbrtsvJwtECKWHc3FdqLbN,ipfs://QmSu77s9Vc6jxDuetDzeh2hz72JNR2ZouUEL87gEKupMCe,ipfs,,absent,False,False,
2439046679443273982118864381573244666657869246,QmQhhwB1bkaEnfdJCeRd29CymKuZ2ht7tmd4zGhxYdnW9Q,ipfs://QmXoM83uuEmox6cR7dVmBZvhUsCWm8WUugmgYoYEFiKe8E,ipfs,,absent,False,False,
2439046679443273982118864381573244666657869247,QmSZ8CouyD4YLH4CqDVVKvrhXhhzrq7bi7hf4pGG4fQxUn,ipfs://QmPezVXwfR3awwAm3bnFVeNjguzfqaLPAGqC4Pjk3Myd98,ipfs,,absent,False,False,
2439046679443273982118864381573244666657869248,QmR17YLF4VnXuAHKMntNqksuXFGrwLFJbHi94AMUGjhfGq,ipfs://QmdRqFnSXKNNTvhuNRtzSo7GJQ4Bxhh876dDMfLgANpPS5,ipfs,,absent,False,False,
2439046679443273982118864381573244666657869249,QmSgVqsNfwvcCd5yjTNzAJtEKmsccri9QnZV1Xp9r1sXq,ipfs://QmdP2B727KRXpbbJfe8mbjYCCqZi43Fo4HdYJPeFnXGR8k,ipfs,,absent,False,False,
2439046679443273982118864381573244666657869250,QmU7qDgUM2esevdEkFCetixCc4jkRgf1ScK51j9b6DfJJC,ipfs://QmYUiVPrUSpU14JVMiPmZsFYb4cQamu4CZP9VbcU3J9UBv,ipfs,,absent,False,False,
2439046679443273982118864381573244666657869251,QmaaF2sYcvptGBqGYENZNEFmteFpuLx7GbESTaoEqJqq3E,ipfs://QmfSPM4fetBKcA2uYdSV5NgPbCAfzyYCUGEssJF4V1KT5f,ipfs,,absent,False,False,
2439046679443273982118864381573244666657869252,QmQjRGLYVK4WFPgZwLitLCi8SZbLxHYdzm6o8aSBFyXxW2,ipfs://QmPWWSXDDuFxyLcuriK7QpsG2Jghq8jWBy9e1SA8JnJHYp,ipfs,,absent,False,False,
2439046679443273982118864381573244666657869253,QmRVDYhRuTtrj3yA7RU5JsMvAgakTgjNcTbpa8uzveJ5G3,ipfs://QmNUFNZxDUV5TafD9ixQif1EDqa4B6YJeRzNHxehT7hSvk,ipfs,,absent,False,False,
2439046679443273982118864381573244666657869254,QmSvvDehfWZYCpmAN56x97iimaVV8YtHmRzZ5jxHRvYLmt,ipfs://QmUoCpPwkVFWms3Bkt2Zi6YXsRtXsc2jcwpMfKwVD1DkaN,ipfs,,absent,False,False,
2439046679443273982118864381573244666657869255,QmTaRcQcXaoPqat4GUJdakjZaSBt6hRif7i1oCbsbp9xMY,ipfs://QmRfq3ys4oKyjxHQDjfdxq5D3Z63voXarUpoBbHdaPrLmn,ipfs,,absent,False,False,
2439046679443273982118864381573244666657869256,Qma3xiQT4E9gLBKaiWjfYTMcPtj8iUFNsvywPnR7XGfLSv,ipfs://QmRswr4G3e9H2ArRMbds1MDu4UpcngNYzX862eHJquWbe3,ipfs,,absent,False,False,
2439046679443273982118864381573244666657869257,QmdQF1P7MTom6PtVqGSUNpDZyaGLyt5pajkSQ5QwcLjDq5,ipfs://Qma6HMkKtcU5SuHDnrccpwDXEfQPkzdcvgTxKZbR6CZh2W,ipfs,,absent,False,False,
2439046679443273982118864381573244666657869258,Qmdp5GH3ba7ufjKoZn6MspoYKfKxFHsNugnnFjLKXjgQau,ipfs://QmWtEc3D589JtoFCwPotzwF9cx7HmR4ZVm4QMXu2z2DcV3,ipfs,,absent,False,False,
2439046679443273982118864381573244666657869259,QmbRND594Vqb6pkZTcA8HF2h5q1X9DXn3kuUVpVBLbsnYE,ipfs://QmR2DETA4woD1J3xs6gZK2E3LDqXF6C4oWarUxEhNCuvhc,ipfs,,absent,False,False,
2439046679443273982118864381573244666657869260,QmZuCPu5nztAqVe5YMh66qSTFog2AM5RFwbyCsuj4uckBg,ipfs://QmNLrvFwx6hZKcGNJQhak5c9PNLAkL2KowX9cHbn7cA22Z,ipfs,,absent,False,False,
2439046679443273982118864381573244666657869261,QmSn1VxnXz3Xe9YdVcxN3ufzecV7Je9soNCfvva9yLJ6qn,ipfs://QmVvk13TnLsPkFbvyd1DZM8QxbKGsMNhLVBeM9L1QwkzFU,ipfs,,absent,False,False,
2439046679443273982118864381573244666657869262,QmZSNwqppkr5fnVQbVo1jAHWgbphr1LCoNoKvTA9ygpPP7,ipfs://QmdgGbQkgNHQbv171ocCPM7x8voXKm66ESEU8HekGqeiz2,ipfs,,absent,False,False,
2439046679443273982118864381573244666657869263,QmSR34yNBpRsZKvaLW8gV4zVfHe8p6zVJsWDBz4bM3s1mE,ipfs://QmUshMPrjKkXJJe3HkFbP8uEH3NzArFLkmmjxxfN4CVPxk,ipfs,,absent,False,False,
2439046679443273982118864381573244666657869264,QmckyMS8foKZjmKtM6fA8FJdJaCHcPh9W66JKYgX5Xtst8,ipfs://Qmb7HQ1gPm37ZM4CVUF7Nho1gLigq7ws3mK5sYAkfnW6H8,ipfs,,absent,False,False,
2439046679443273982118864381573244666657869265,QmckVGeJ97thvPsndur6HScCoKU8QGNdzgAAspTPgVSWPY,ipfs://Qmc4mPECT5Rmiz9hAVaithBbE5rB7HyRRQE6mQBKL7vUiy,ipfs,,absent,False,False,
2439046679443273982118864381573244666657869266,QmdUNNnwyvGxPy2EL9eifXMAsBLRU5b5NfAsapji2xo7QD,ipfs://Qme1tGEj5UUaS6WQC2LQC3VrkmQmBTYtmTS4hPjCkeYy3t,ipfs,,absent,False,False,
2439046679443273982118864381573244666657869267,QmbPfJVBiAAEmt9Y8LzCaD1RC72n8wuqP1zbbHafZebdL3,ipfs://QmbAce8jF8xprLBeif4JQokGZnuW1MmMbsSRTc4ME6es6B,ipfs,,absent,False,False,
2439046679443273982118864381573244666657869268,QmSU8jQb9wB2wA4e9Emeg52tDgvN8WbVKypFbs21wcaKAU,ipfs://QmapPrmfZgSx6xaEAMyU1jbVqeV6omtBJG4Uu2mPmyPrfM,ipfs,,absent,False,False,
2439046679443273982118864381573244666657869269,QmYpRXHzgycfgn7rZG6KkDG1rdvnSKRtBQPESXfHNsFhZk,ipfs://QmSrSQxfYxbH6xPYJHkTvwb3kpEuWWfvExRKmApvcv3Dbm,ipfs,,absent,False,False,
2439046679443273982118864381573244666657869270,QmaxHW8Nuy4C7j4iM7PVkUiwmp8rCYR4qLMVna7LxmXVMy,ipfs://QmZc9mrUHRz6mWMuBgqu5QTKm8B3VL65QrqPzfSaRmkk8A,ipfs,,absent,False,False,
2439046679443273982118864381573244666657869271,QmR8hydmBNtYWxWiU3DLWkEevyi6DEBST4JeRcWdGWiKDi,ipfs://QmUByXNfzZtibbDUu99M1RGu5uanUXPVtPmco9z6BRLymR,ipfs,,absent,False,False,
2439046679443273982118864381573244666657869272,QmWbdkCzTLHuCMCUdkL7dz8zPXV9VXz8WHKnN6XDRyGVte,ipfs://QmRMTRQQhsCPrnEgk6sAGoLFE1N8uU26zwmWUtXiuaGfM3,ipfs,,absent,False,False,
2439046679443273982118864381573244666657869273,QmX7me7ihjPDK321vMLbsmL7TeVhQxLKpXuKajnwfRT9HD,ipfs://QmRCGz6d7T2RoFjzJGSCGugkQgTjYTmnJg7DLyQtGh3VmR,ipfs,,absent,False,False,
2439046679443273982118864381573244666657869274,QmYs5jLHyp8vPokXPj4xB5evbPjUEB5ZUafggq6r1UDdLQ,ipfs://QmZmTzP6BHug4umwF2XxuUpWCDbUy5Ru29X4HLmjuoDAXy,ipfs,,absent,False,False,
2439046679443273982118864381573244666657869275,QmZcG4c6gr5A9uLdnTaQVTjNEriQjisJsBFoEn7QYCL3ks,ipfs://QmdeWarzcfGJ7sFMrWGMkyG1g2kysSSxuWyWixYdFUeC1g,ipfs,,absent,False,False,
2439046679443273982118864381573244666657869276,Qmbchrx8u6yCPMbRNoRBEYZXUzrmo4MrjbG6f5kfhKpodv,ipfs://Qmf8ZM63ZhwtQVyBtsRwWc5eFJcJ5yxAjwCqbcsV52bbTi,ipfs,,absent,False,False,
2439046679443273982118864381573244666657869277,QmZCWoXhxDjPBzRV5JNFHioLcaJQbFBYeEGzjAHBua2UUG,ipfs://QmSAqdnrmwBJbCtmuGKSUBraxxoURfWoWL9RQ14jF1LByB,ipfs,,absent,False,False,
2439046679443273982118864381573244666657869278,QmbeFzoAqXGrbbE3F6Afw52An9J636fTQs5THHr6qxoJjR,ipfs://QmWDPZojuMS6TCZtdSbkWQjGAUUVUXD5kNVNwJZDEg2TnE,ipfs,,absent,False,False,
2439046679443273982118864381573244666657869279,QmNoJtKou1PSiHgbzhfmfYxXABBf3R5a4jqE2KtGCVYXGP,ipfs://Qma7N38KupQTFUoobhXhL9kSzYt5mk889CD4htkz2sKLAy,ipfs,,absent,False,False,
2439046679443273982118864381573244666657869280,QmVDmspxjo75DgyKmtV6cRtQGtHVbq2hpn9o7JsYgunRkH,ipfs://QmWNQbNoQT4CPWgabzoy9xGGPHijvvvgV6qrbdDZQH4DEQ,ipfs,,absent,False,False,
2439046679443273982118864381573244666657869281,QmScMGogDSPo9Tnuh3Mq3EhK4YZSxy8Hmo5fUq4zRnukVp,ipfs://QmTjKzkTdtSeAjdceZBRsuNU4oVcMnjEC38DoeeHVKJMyx,ipfs,,absent,False,False,
2439046679443273982118864381573244666657869282,QmVueBFqTchdjt2oZNSbfspixYV164FpLZgT82YYLBT1s8,ipfs://QmR6D8NbkrVThRaMqiGRAZ6tzKiWN6HG2hn2vYJYgbFNNq,ipfs,,absent,False,False,
2439046679443273982118864381573244666657869283,QmY2GjvPL63Ys1Hcnh72KVfi8Y2LiQ3kW6v7j1xKQkFz8i,ipfs://QmTaRBhoaRFemZj4UCQyejjsCvLaHxQyV9oyjVoz8Um9QU,ipfs,,absent,False,False,
2439046679443273982118864381573244666657869284,QmeBTLVx2XnNCTVK2r9A1a7YFdvnA1v7pFsp3vcEyTMUVB,ipfs://QmZYg42M3jDv2F2AHmguHD2MzKoPjRxVkEoj82aoKYiVdn,ipfs,,absent,False,False,
2439046679443273982118864381573244666657869285,QmTzAdsJ5hgot1qJShy7t93M7ZNwdguK337gBn53T1fN71,ipfs://QmWrkMoRPfuwJL4txDcfkeVNDXk9LBABgNTDosbEEW64re,ipfs,,absent,False,False,
2439046679443273982118864381573244666657869286,QmVGxfQXS3sQja1tWwHxhtfKtbbtYaaU4BxKhQbL2kUJKH,ipfs://QmPbGqxfzbX742G6ph7kT21VvERBKW97zjjzdpkRibnKfX,ipfs,,absent,False,False,
2439046679443273982118864381573244666657869287,QmSyUZqFLK2pjg6BWoecNceGB8b4DmWtsTH1bBFFbfPGnc,ipfs://QmdFQ5WWYHy4B8WG8peuNT1cgmVohKN68qkh6wsqo4jVZh,ipfs,,absent,False,False,
2439046679443273982118864381573244666657869288,QmYQCq5wQYph9oJVmR9U594PTutnHTZFRHHTvSyfHcavrG,ipfs://QmXXaqid8nPEyRPhhso82HaGfBC3cBr3wx2LMGdjUccx2A,ipfs,,absent,False,False,
2439046679443273982118864381573244666657869289,QmWRP7cjEcKvmvvSZXtc5u6HXedYVBC8hSyRAXU2a82Pmq,ipfs://QmdtmrUyDghVHj33Py3d3scXKtQMprXjHkZ2qzVmQHgZDN,ipfs,,absent,False,False,
2439046679443273982118864381573244666657869290,QmRmG2f21sGEVvsQzdznkNUqRouwaMvBEpzkHCBaDdGcp7,ipfs://Qma5Na9yzMrUVYYUhDfr5REXLGLZ9vdLQXBe3Pq51SnMcp,ipfs,,absent,False,False,
2439046679443273982118864381573244666657869291,QmbsMYmGMm3X1wsVawfubk9Qg15zQNTFXbQuFSqdUh9iht,ipfs://QmVYPJ94TCBDsRwhT6Uqz2iKZb6ywUUTWpm5nMoCSoG4sk,ipfs,,absent,False,False,
2439046679443273982118864381573244666657869292,QmZtKEQ13Sp9fkXAr45tNVC8V6WXirjwJwsSjqGTJtNDuw,ipfs://QmNdQX1UAa6FJJ15SrYBQqkeex7DryP884k3g2yFQ694fq,ipfs,,absent,False,False,
2439046679443273982118864381573244666657869293,QmbSzYyz9WtsPk4AASuHcm8YrVAyvV7JWYzgnX1H841z44,ipfs://QmabiYLpaUen5812bEFZvxRAycB1Yd7ekDsoVqWz3qRd17,ipfs,,absent,False,False,
2439046679443273982118864381573244666657869294,QmeMnmvYrNYvbaJqjcPEvsTCkhDDwugcrQKFjAL8e723Np,ipfs://QmXaLdXujwt3yTTWZjkwMeVzWGSv9QH3UEGnxx4PhPbpPz,ipfs,,absent,False,False,
2439046679443273982118864381573244666657869295,QmTGSYAxRT2gCAdoHm539mkGCJdNHXP9ww39L1SGrsbUXx,ipfs://QmPbeUgCDmeCQBQpEjF4JzXf1gYnYXuntta7khJ7NeNJM3,ipfs,,absent,False,False,
2439046679443273982118864381573244666657869296,QmQZqsSueG6aDiGabv7mwvL6bBJGYC7yTPjzHKPQJ8DBJ,ipfs://QmQJ25gWFiTeMWuYVPze5X26inBavREr7FShQTvswRUZ3U,ipfs,,absent,False,False,
2439046679443273982118864381573244666657869297,QmWWUdFM7ctPrtGwdMznNK5ugeHEeJ4o5zZ1xAY9YyNNWs,ipfs://QmNUk5ti5QsyUAzG9DHx1rrc2YP8s5b1gtPQEAT3U3ZaFc,ipfs,,absent,False,False,
2439046679443273982118864381573244666657869298,QmQqmmSp1ui8QVBLbnshnRBr4y6ujTrzYWvZbtTx5qtT4J,ipfs://Qmde9dzZN9EhwSymXLXpMrktCGgTWdPhNzWND8VxmqefRA,ipfs,,absent,False,False,
2439046679443273982118864381573244666657869299,QmNYnBvN1nn7QYEewNtR8zDyerH9teaJkSU8rm1aoaMwf9,ipfs://QmfMvjQzepCQag12F5it2z2M42R2TiLErxugP7UT9kHHCz,ipfs,,absent,False,False,
2439046679443273982118864381573244666657869300,QmXPacKB8D4agGB9hkjAQi3txpRgfT837LnmTEbhSqAqyP,ipfs://QmPVhUw8Q1huaMjTqFNubm81KgkUGYyse5u4dYfCDU4mRH,ipfs,,absent,False,False,
2439046679443273982118864381573244666657869301,QmNy7EiRLJjxLPBiTwqSUes6pJF5Va2RwqJCikqkKUg4zF,ipfs://QmdbEkUnbgzwmS8ipJY2StT3qsaG7tZYMGabp1vt9CbBZ2,ipfs,,absent,False,False,
2439046679443273982118864381573244666657869302,QmRQRqkZp2y2ZzZMvUzzuLuHdUNVsowvfsW9ovG3BfcY5F,ipfs://QmchNwRHuN6Jos2rrfziPDcnEzWhEXDdhBbg1yRpWGgE4d,ipfs,,absent,False,False,
2439046679443273982118864381573244666657869303,QmSZENR4oG9qWoHKTk2GjYMYpeNJfocMF1ruWZuGAEQrVy,ipfs://QmX13CXLWr18fBgogFwRVxw3uihbn3vvzhYBSyt1DN1gdb,ipfs,,absent,False,False,
2439046679443273982118864381573244666657869304,QmR4AqXrBTzXhX1rcgdrAWJgK7DTDFQiSJcz1NMB7jWJay,ipfs://QmU3DAvZQZuhJ8q2MknJ9Y785GtmE8efbCsv5EafkTHTBS,ipfs,,absent,False,False,
2439046679443273982118864381573244666657869305,QmXq9meqUzkkrUXXLRjALi8qdwPmbvxpokMZxZbGnVyvjY,ipfs://QmV61t6qqjfgkVGmJvVXj7Nqmdy6GUKBwBHhramqpGsAFM,ipfs,,absent,False,False,
2439046679443273982118864381573244666657869306,QmZuH1uSUgeGYwG563KK9R7E1atpbnJVHCYSG1HavkgT4q,ipfs://QmaHVYXmFu62ydnaSPHqYaQsMRx4qi6bnvsXkdzh1kLL2M,ipfs,,absent,False,False,
2439046679443273982118864381573244666657869307,QmdjB3Qgf5XWRssXSXXTANHvdXE4qdvpxLDVzj5JPozTVR,ipfs://QmZvg7j3oDraNTUSPZbbfpT1nEqf5dDkx9GfHSTUDZJtoa,ipfs,,absent,False,False,
2439046679443273982118864381573244666657869308,QmT8GrLU4QUvedL4fGFHfLzLniGQbAMkxAytcDiNJiMfkJ,ipfs://QmaRxFGHK98G9W5S2UBVPwkvszrjw9R7QS6LtkQjLApFfa,ipfs,,absent,False,False,
2439046679443273982118864381573244666657869309,QmVaz6NppQFoJXMe4PJTFjxhfUJubSgoFQwQaLYW13ziux,ipfs://QmY9McPEJGrtbgcXT77cG9PLQRfRAeDEg6ZRLVFb7cfb51,ipfs,,absent,False,False,
2439046679443273982118864381573244666657869310,QmTpFY7t4EiCbKmvfmgtf5CrXtv1FBqX2p6RbRyAusZdfr,ipfs://QmSTc15gYjnYeR2axqb3ZL9fr9ueoD3vaTVMitixkNWR6p,ipfs,,absent,False,False,
2439046679443273982118864381573244666657869311,QmVkpNyarHwuWGiohd2Tm9Nn1eeY3Y5Fz5agp3EZJeQHUN,ipfs://QmTX8T8hJiB7iNa4WJ1YQHVh8zLi41TZTBmTWdsQHLn6sP,ipfs,,absent,False,False,
2439046679443273982118864381573244666658869184,QmabAaNKhi3AvEkfHdobh6jY7e5gbxRTuu2DHAZ4KmVPd3,ipfs://Qme6XrDpouKwSqgGdJW4q9CAmFL2NVtKppfDjm6wtLukzv,ipfs,,absent,False,False,
2439046679443273982118864381573244666658869185,QmZ3kPLeThRzfZqneekNAUFHyfJqfyEZp6cfarQuhu7mJZ,ipfs://QmX9WDVHvuQRGuVujziQdFrUCYioa3YzV9jioeqLexARrf,ipfs,,absent,False,False,
2439046679443273982118864381573244666658869186,QmRnBGtPQgrQz7BEG6hZSkBBkGyaZNVAdHbUhR1Ae9wHfH,ipfs://QmPrEppwQ5jmVbqqKa4T5AxojDme1aqDvqoxm9m3KGdQs5,ipfs,,absent,False,False,
2439046679443273982118864381573244666658869187,QmUQqDQVvyDd5MjewPZG6kpQ2r6RXg8G4X3Kw9FUZQQKNM,ipfs://QmfQGm1bhUmdmQ4vcNRYvuBNuV6f3NZ9TwdmHmZGc2r3Zm,ipfs,,absent,False,False,
2439046679443273982118864381573244666658869188,QmdK7jrmaEbo4yMJHAcvMqzW9GVwDYntaV3s68VY6HciQu,ipfs://QmbxzeKMjbM1WrhHmtNadBpsxv1RKnF3BCHXLCRcwHeUav,ipfs,,absent,False,False,
2439046679443273982118864381573244666658869189,QmNyweDEzdFQTNMMeXo3QCPfyci3oWfJ7JZtrEi35Zzj1S,ipfs://QmfBSmQmBMPXtVf3PQX8Y9qxRU4zgdV475oBVNnj57YbLr,ipfs,,absent,False,False,
2439046679443273982118864381573244666658869190,QmQRDsk2BWRJzhvnhfiWZ1V15kVPHTC8hXDBUpJK3J9dqG,ipfs://QmPafxkGaB19AiTLeA7zWF2BDkg7TJBqNhfbyXeU1Pt1cE,ipfs,,absent,False,False,
2439046679443273982118864381573244666658869191,QmP8yVUBTZPBCuZdYAqdo7toeY3FjjByQBJfGtDqoruCPx,ipfs://QmXM99bihEHA3jmy2dJ6ott4xBpKpG9VzmCa9LxKS54zAg,ipfs,,absent,False,False,
2439046679443273982118864381573244666658869192,QmXo2ScGH79RnnsxJ2fG4nH4ou293DLUfadDND59UdTTBP,ipfs://Qmb9GmSsomQtWht2VWs4JYm8V2maiY92yFNEvWw13AUm3w,ipfs,,absent,False,False,
2439046679443273982118864381573244666658869193,QmSADyoT9SWGh5egBo4XfMpzrKH6xuaYhfc6cgu7YZwEXg,ipfs://QmYRtq3s8kQA2Kp7Eufwo9bPVjTujyVs3bhWVT27PrCgrZ,ipfs,,absent,False,False,
2439046679443273982118864381573244666658869194,QmPgBZ3BA3QxemkaTDE4bKcanjATvhetrM25cShGmLsYMX,ipfs://QmVjnUzRudTnpkws9vFZtBj5CK4PbxHBRBLT1aAPBUVk7k,ipfs,,absent,False,False,
2439046679443273982118864381573244666658869195,QmaFPUgvgsaJBqVm49yG6MXkjyJFtWAhxSdi4YwEkfu3jF,ipfs://QmajdLdcxbpo92DwcbtD3xsDKb7g8AANZEvXuqxMud5z3h,ipfs,,absent,False,False,
2439046679443273982118864381573244666658869196,QmbKELYvGSAZnPqNskaxBKRZPBnUCo2pe1TYYqErsnSs5J,ipfs://QmNq95h5Gf3YWKZLRBbbeEs4ZrqhS4fJci9b1LLoCoL2ru,ipfs,,absent,False,False,
2439046679443273982118864381573244666658869197,QmQw85RVTsohuEr8MLC4zCHdfdDhb29s3ci6FRvA3BDrWF,ipfs://QmPDLUXhQFLef16beN4pzf8MGLaWawSC6r5gJaPD5kQbjt,ipfs,,absent,False,False,
2439046679443273982118864381573244666658869198,QmQw6q6q2Ji6CRE1cYuTS2Dywzw4pGJg9YmQg4uCGR2qH9,ipfs://QmSmFPq6QgH353JEZebFfeAuZSpCveHiNhs72BXfKXdov6,ipfs,,absent,False,False,
2439046679443273982118864381573244666658869199,QmTdPFMMKaP4hH7VF8hYYVxSjauTyqZtjyEhM9rrKZmAUR,ipfs://QmcDxkHsi3QAQucKdqr6fUeDut7zT9gHS1JC57aDyD31bU,ipfs,,absent,False,False,
2439046679443273982118864381573244666658869200,QmbvSveogQeNL4PXyKjEnajokevobhbA4bAijnhcRWKxAv,ipfs://QmSZF2EfCDRyvNtbprfrU5AHaLtjoMnYHEAPmHdCW4NUN4,ipfs,,absent,False,False,
2439046679443273982118864381573244666658869201,QmTQnB2XEGE3fwkAK1cRBQkmwwFZbLAXZ922YJNELmq8Tg,ipfs://QmTpFz1XuXRkuDTzzPPDaKGUVv4aEPbki1TRbe7rVaSoSg,ipfs,,absent,False,False,
2439046679443273982118864381573244666658869202,QmbqMPCkKmz2CtLvBGtN2ijcpDXe59dgvAQzYjMUX7wa49,ipfs://QmUU7XR3fVMZuc2dRmXUBXZCfgJxXAXQ3ArViTKiuhV2sA,ipfs,,absent,False,False,
2439046679443273982118864381573244666658869203,QmU1aG9KF8w47yPSNRPbDpzNCHRRQqHtKgDE41mc1onSb7,ipfs://QmUNAFEFZuuE7yMEx76kYDhEyGxTeDtNKDFhMU2ViSf7W1,ipfs,,absent,False,False,
2439046679443273982118864381573244666658869204,QmR3WzkzeYnbF3PyRyqFnLfQ4jT4c7BCNSRSTFHVjcWz5B,ipfs://QmaYocQdGe8RDmQN3yhzn4ecawYwVjj9RHQdsxjWqAsx9K,ipfs,,absent,False,False,
2439046679443273982118864381573244666658869205,QmSGTWTU8aiomcCV9vo7SZuEJgtZozxdcL2MbEpajbuiT5,ipfs://QmcC1xjLndt79Ai69nxMqxHm1mCXc54cABt7m6SxnqMsHs,ipfs,,absent,False,False,
2439046679443273982118864381573244666658869206,QmP5nGR7QJhQh7updZhP6ywHdZCBzZgRVmbY5Sfi4WFNmg,ipfs://QmZeYVxsJ65HpXN5jmdRw8otdqijmcKCiZFei927QVz41G,ipfs,,absent,False,False,
2439046679443273982118864381573244666658869207,QmRTKtkWrPnWwnzht7agLAGe6uBiPVNLYh5rCV2W6EZnkJ,ipfs://QmciQfqeXXKoZaNonM3mbwXWvcv7gjCNmSQEWQDt4WxmGn,ipfs,,absent,False,False,
2439046679443273982118864381573244666658869208,QmV2kuud88cqbECht8x2qTd8aEDGdBzTp8nqgaG5UYapYv,ipfs://QmZAAHvEUWnLx9mXejRkizKp8y7RaMrUTp5WTS5H5wLyE3,ipfs,,absent,False,False,
2439046679443273982118864381573244666658869209,QmNeF8Pe6cbM2HcDHk1hv1xMUHQqCim4rDigzZQtz8GEwC,ipfs://QmbYKNBpL13bLPUH4kH6ULADT3UWHZLZUdcPaXnD2rDZcz,ipfs,,absent,False,False,
2439046679443273982118864381573244666658869210,QmXGrUsHQFhTyowbqZLSkTVos3t3C1tsgnTFWs5a5Cd2z5,ipfs://QmbZAFLHp72xi6T4b7kMuexJFkrWn6gtCd6rWH2zoWfCTz,ipfs,,absent,False,False,
2439046679443273982118864381573244666658869211,QmSbcw5JsXNajAZgecmA4L9MyqztiBDQ7H9YqAKxKPHG3E,ipfs://QmZ5eQ4D21hzakhbscgiHyyLp7TDbiQiyYH1ComToS4Hrc,ipfs,,absent,False,False,
2439046679443273982118864381573244666658869212,QmWFA3o6K6Jk698cP5p9G8sZDHauzBLoY5Ge14Hk54LLn8,ipfs://QmTa68Mw2AzFWTYcEzn6qqcXJkGYb1Z4oz5bgDkwNu3rMv,ipfs,,absent,False,False,
2439046679443273982118864381573244666658869213,QmUB2DGz94ox6v5ypVcFgXQegFdVz2nw27hQn4S21U8JJ2,ipfs://QmVnQGH8jfFMsshwhGDj1NhEgD3jr1Bue7c6QVJ32DdJqB,ipfs,,absent,False,False,
2439046679443273982118864381573244666658869214,QmSwjGUszKhwVPtoRq4TUftuC6DKFYG8Pb9nfU4P9pmBNY,ipfs://Qmcx9RM6UJRes6SrohBn9Rj2um2bxGGdBPikZsHSV6CT9U,ipfs,,absent,False,False,
2439046679443273982118864381573244666658869215,QmbbXhbr94aCXMsQE9czx6S4VNXxkiMPYuEeChfSJiw4o7,ipfs://QmeETnBBc5DBA1CLaZ1P4eh8nag9SrUTUfo2ZhWZHszPcY,ipfs,,absent,False,False,
2439046679443273982118864381573244666658869216,QmTqZXegbA9ppKCFexkoYhSFdPdTvDxfipC8eV6bWfQpg7,ipfs://Qmd1vtopRaozQsZ4wGMWSkJMnTUtBU28TEjnxtVzUBTHtd,ipfs,,absent,False,False,
2439046679443273982118864381573244666658869217,QmXTVbpaae1PcFzsH1YwaLXLHNHhm3FDkR3KpYQ6BEazJ2,ipfs://QmZ5E72C3jPkh5U3nKi7RBmSnQV7aB1BmP2z1niTR4dFk5,ipfs,,absent,False,False,
2439046679443273982118864381573244666658869218,QmQdRPWoxJfGVvzdPAdaWz1xbTKXZZv6SxDRaoNzoAcVB1,ipfs://QmNsRFDRwv9T5Sij3AzEd8n6xWuE2HtkgM9wiE5rHaWdqi,ipfs,,absent,False,False,
2439046679443273982118864381573244666658869219,Qmdtj8amkgVFXDDAznM7BuZK7dKxnZUooGZFtyEJzrRjDg,ipfs://QmcQcekNoqx13RmUHmfxDFJxQtrqFwfnDhWcV2dx7eFcpJ,ipfs,,absent,False,False,
2439046679443273982118864381573244666658869220,QmPdfsXiwNoUn1L8avR8LuFMWaR4pS3pLo4KNeM4tVu7CJ,ipfs://Qmdeo8bTA23p2hmPoaR41DQ85UQUuaC1d9kV7XnxiaUtHv,ipfs,,absent,False,False,
2439046679443273982118864381573244666658869221,QmTS1NP6dy8s5pYyUVHepMhh8m4ReHG4epiNd5XYWFthYZ,ipfs://QmRRTRkMWjkJxo5B8HeuhdvcT7SXuF7AHkL4nUKG4BbAKW,ipfs,,absent,False,False,
2439046679443273982118864381573244666658869222,QmcEhqh7bMk7hmLSc1FxeWehPV777HjTgFKk5CrVC1mQyQ,ipfs://QmYfiP1XAF4LcCQnPNuAYE2LML5VCLsNRBYKsfzu48pPyp,ipfs,,absent,False,False,
2439046679443273982118864381573244666658869223,QmRb2WJHBGj1jYBsHMy4ftqFxrb7gwCtv4iryjafrGMHcy,ipfs://QmajCxvagtB6Dvidc3XWPpjUqjtAERSsmmzuz9jqjfHY6V,ipfs,,absent,False,False,
2439046679443273982118864381573244666658869224,QmcpsGvE94ZLBSoQxnhM9gkTyhwfM3pZj3tCz7KZb2KHpn,ipfs://QmUepoTtWfhokzwpsDkoWYKxE9fHvbcVq2aoysmKkxySa4,ipfs,,absent,False,False,
2439046679443273982118864381573244666658869225,QmWdqyFe8AS7bxs8MNP1S1RUt6zMPiDiJBYYTpJTjTm8MQ,ipfs://QmbUf5FVVFHwtSBbRxvQUdJW2QB4q3WvJ4vjWJXdukxw5x,ipfs,,absent,False,False,
2439046679443273982118864381573244666658869226,QmdfJC2aX1BCMA7PA3Qg6ZW3BYoLbo19JQvapnq8oSnFbw,ipfs://QmRjjSaAKVRaSZUQnaR1vP8KD4RyqFdsadFUZUJQZoXtAd,ipfs,,absent,False,False,
2439046679443273982118864381573244666658869227,Qmb5nYsn8siiP7mU8Y8VjcuJuUeUGkh4GXApFXyESBqV9Q,ipfs://QmS1iBQfKrkoLsYMKvofwNzumhPvzPBtG2HFhrzJNycm4o,ipfs,,absent,False,False,
2439046679443273982118864381573244666658869228,QmTCUijRP9veEA6vqwDEqi9UZLNDPmNSXMXNvasfSnfUFV,ipfs://QmeGJgEViJe8RbUNYpLJ1aiK7PxJb4PF3WWeJcZmYp4KNn,ipfs,,absent,False,False,
2439046679443273982118864381573244666658869229,QmWucd4c6mS3jX3Xf7BhzqxNL4FxA3oh95NNDhngbA7eRx,ipfs://QmP1ShZYP3JagSqgnacWxC36bsHnb761EFYEJ7VHtS83pV,ipfs,,absent,False,False,
2439046679443273982118864381573244666658869230,QmaWY5gQ7vhsrURErkHMzdCZLvCjzEfqvYmDgL2jZ2RKKg,ipfs://QmQ5gT4jrVKpys2wg4gCN8ePNE4aTC71qjwXdSgbbp5FUJ,ipfs,,absent,False,False,
2439046679443273982118864381573244666658869231,QmXkjTEdd1zZfqn4f6NpXqyhUh2Ho6WhNWFUvjMncFQ6C3,ipfs://QmbmNJg6NrJWqks22yTfEPj9HtodhGXenisYXvVhPR18q2,ipfs,,absent,False,False,
2439046679443273982118864381573244666658869232,QmZiWjFDseK2dtmW1iinjHowf6hfLbbLkVsUVSTwKQjs4k,ipfs://QmaQibeZC8hHdghafDPaduANRtxNxzidx9vWpP1RYKLqAh,ipfs,,absent,False,False,
2439046679443273982118864381573244666658869233,QmXB42QVhxCHqaizRef1WQbW3MHi7JHDrE5Fe1xBNN4EK3,ipfs://QmVMwrWNsBHKnEaGBYWzGp3f4DVsgfRxoWPr3zkw5ZdEPW,ipfs,,absent,False,False,
2439046679443273982118864381573244666658869234,QmX3ztgfWB9XrFfbNhsjGdrHMMisizZ2bDeAN5Ufd1qqLK,ipfs://QmVHZYjBbkmnEt5w5pFyH9yNBVf4LTrmLQNFWYkUCbV1H8,ipfs,,absent,False,False,
2439046679443273982118864381573244666658869235,QmZRQqoeDwKx5f3BYMoV3hip9qqvFuvxLiB4ydZQCohe2m,ipfs://QmZfRyB9JUWDy534vUDBBRuqY6qRs1jQpo3ajUBFLbfTwp,ipfs,,absent,False,False,
2439046679443273982118864381573244666658869236,Qmb23TRFJbyvg9v9uBqtgsB41DFTC1BWSyZdrB3TczSwc4,ipfs://QmXFbQxYvEUkZqzQeatRZZ6y1ANtFPqpWDvhrf8uUeDwZf,ipfs,,absent,False,False,
2439046679443273982118864381573244666658869237,QmW1VXHxgvyDH3yb4fZbb2z1v6JM4J3Bd2qWRubmiK8Ars,ipfs://QmS3U4bAphiPz87sbNn2r2B5ipC9QrrTHuYopgg1t6Y1q1,ipfs,,absent,False,False,
2439046679443273982118864381573244666658869238,QmauhY32fvChxzhZs33FoQW8Xe2qLSQG9C8DScCNNWkgHZ,ipfs://QmcXAioGkxbAkJ4FjrifajFAjsCWywZTN5r6WqoKJPaQaH,ipfs,,absent,False,False,
2439046679443273982118864381573244666658869239,QmVLhMTCvTgikR1XgM2mRfPaRo63XTTcKrVxkgBGQfYDAP,ipfs://QmQEDGqC5pKDySNLNjtDQaf7d6JvhhLc3AW4Jm3RWaEwaR,ipfs,,absent,False,False,
2439046679443273982118864381573244666658869240,QmX6TmuFFcidTs5naMD137Y9NF6J6iXPtprf1MLHN5kDrL,ipfs://QmcftiMsER635uc5YaKbweMhEweeTHRjxNDjE4NUxk2Wm4,ipfs,,absent,False,False,
2439046679443273982118864381573244666658869241,QmZXoaBbsiFPGqrrs4RtE7NjGR1g9FE5CbFr7GjMddDXDE,ipfs://QmbzPUktnHF73QuFJUXC7FShtNFXjvfXHSQcbUNbPq9v3W,ipfs,,absent,False,False,
2439046679443273982118864381573244666658869242,QmQKmuGyA5AfRFnLMv74XzLsb3XAVaTpoGz8vybx1q7hYG,ipfs://Qme2sGqUkMSPvDfQMr5YRpzcESVUdHR54ypex8rcRCgkNn,ipfs,,absent,False,False,
2439046679443273982118864381573244666658869243,QmYbb3uf1HunTairr7BtQWo4iT1s7eA4Ud8LtAdZphevLb,ipfs://Qmbz9xHMgiXYvPBLUZmBR7RNMAeWhnUBXnUFFaNYGxKVbE,ipfs,,absent,False,False,
2439046679443273982118864381573244666658869244,QmYkh6YLgJVKt8kq2CXv1gKiS7VejPrQw4TRjKFHzgLc1C,ipfs://QmSKjCSBmxw4ZYZjdisqu7Xy58UKCamYvdpWmunMhjG5oT,ipfs,,absent,False,False,
2439046679443273982118864381573244666658869245,QmX1DbnorP8YQDPXvq4EZVtSNPxPxPa2BQFxovi23igpf4,ipfs://QmVaedu5XXDubCWxVPUnHEn5ECahTiUioWrQ8viBUwpVcT,ipfs,,absent,False,False,
2439046679443273982118864381573244666658869246,QmcPr1rkzEyLGCnegfogSwZzTZhnZXWG3b3gMGmnt4mPfU,ipfs://QmQWMhwPZkkoNvRCJVoX6zucGsyGpjdwXR4xh8keHNdvfB,ipfs,,absent,False,False,
2439046679443273982118864381573244666658869247,QmasDGjUVXp5yAm21uwNPyn5E7213FzFv6FsafzgyAdU4M,ipfs://Qmd6prSt1HAfqjsxU1Q4M7we1HAQQWxc6WEUiE2WrDXjfK,ipfs,,absent,False,False,
2439046679443273982118864381573244666658869248,QmZpjffmXVyaeq5ekoaPAFdm6XuRKYRqGEAJ2EZRCUuQ82,ipfs://QmWQmjawopc826zPMsm5Jxj2a1tyQp92zoxnFBzxG4FseQ,ipfs,,absent,False,False,
2439046679443273982118864381573244666658869249,QmfR8BoVgeHFw4mVFnrkfmm578SfBoaNUqbzAMJANbiWaY,ipfs://QmQxezw6sbTtyBCSAG7yBAmAfKJGiErE4p56kRCS9sZpv4,ipfs,,absent,False,False,
2439046679443273982118864381573244666658869250,QmP8q1Ro8JmiTKQheKFVrAUYysK7E4Bm4kpKAC7Xo2KgrH,ipfs://QmXHNa71yQojv3hCBKUc8LEGFiLtd4YUooevLqe2bTK5er,ipfs,,absent,False,False,
2439046679443273982118864381573244666658869251,QmW5FEMidy92vAoakb1Kc3yGr51Abu6aF2hcDwiGo7iKxD,ipfs://QmRS9UhXcut9NhAT78oEsRV5L7Q3PkYXEK7nSgFhnXRWzw,ipfs,,absent,False,False,
2439046679443273982118864381573244666658869252,QmRE2eMH6j6RkA9m3Kuo1CihvhaQ6nMsdT3RaizK7pkhZ1,ipfs://QmQjrRvfNkPypWDL5mK3DT112Q2K164d9DzufhzR93qBk3,ipfs,,absent,False,False,
2439046679443273982118864381573244666658869253,QmYsbb5GFYtMP9h8TFtoSjxWKM3wPpqgKNTE3AiAQUDuAu,ipfs://QmYb7CH4b5vgasR6rxTLdgZKFT1JQM4Jx92usLTnWRja8j,ipfs,,absent,False,False,
2439046679443273982118864381573244666658869254,QmWPWwD6VuXR2wzzQLFtmTNRJL3bUnyntLzs5X6tWpPH3S,ipfs://QmduFQX2vJzidr1j83ZTozWYrqzB1wKRTzmEwgE753oHkC,ipfs,,absent,False,False,
2439046679443273982118864381573244666658869255,QmdpeNyCXfAD64eRoiV5A194ZdWFiaed5DeZsHk3Fz7pnc,ipfs://QmWHmGnJ8C8RcV6A3wsgHJMFDabFtw1AQcLteSfNr3dcnK,ipfs,,absent,False,False,
2439046679443273982118864381573244666658869256,Qmd9KB8K1Tp9arhLmtUebuhG27X8eQTSDz1x5w5biAEASX,ipfs://QmRcFRxAvTpRzcfFWG4oFk76WVb4Nb9s5BMt4JEoAKp33A,ipfs,,absent,False,False,
2439046679443273982118864381573244666658869257,QmeHuhHNL4LEHP52xrwVBrn7Rq56UrVHQ5Xrn5hwy244hz,ipfs://QmafQ6uP4AjwQs8yWyAPLwcHZR2FEkid2ZbMd9nRphDFXx,ipfs,,absent,False,False,
2439046679443273982118864381573244666658869258,QmPQ67SSaFEiA48jpbPp2Rs2quEfGggPCKnY3d9tTjiahG,ipfs://QmSeY9CmgqTWwUMpAAoChwYUjECbjNTtoTjE1iPEDEPy7e,ipfs,,absent,False,False,
2439046679443273982118864381573244666658869259,QmZJFcQYYWaLUokaw8XasMf8CoxPJ3E13NgvU2C17t4vz3,ipfs://QmfX4CKnjraXrAsBNATA2Syea2WyNotiVUwSrh6CxNE6j3,ipfs,,absent,False,False,
2439046679443273982118864381573244666658869260,QmYxtZw33eUCBqZxYvHAVNA6KQzQHqBqVhkbvYxotF6auD,ipfs://QmRFprc7NxYHJeqk28ECZchSnoiFmbemTqmhGANL55mwEx,ipfs,,absent,False,False,
2439046679443273982118864381573244666658869261,QmThyE6etEQta1bV4NgqoW59w1tXsiP1S4LVcNKhZHMe3D,ipfs://QmSQ8bGW8rGrZJQzxRVZPpjSxepkwaTcoDg2JuuQ3CNvi9,ipfs,,absent,False,False,
2439046679443273982118864381573244666658869262,QmaWUtgTWZjmzstMmPAaSRjNrzX4U3K8oPX3qdQGx4WkVo,ipfs://QmWc5DrKfHch4K4dSb1bEfkrpZHQ6NFbj3qK6mqMttoLrR,ipfs,,absent,False,False,
2439046679443273982118864381573244666658869263,QmS7cdknqo2VuotJoqVUUDsQGWCzGpv4J4wLQBtpjfnDQe,ipfs://QmQBd2X2DdaVQv7c3YmN7cZ2TgTtHJiGGscxq7Kz4H4CK5,ipfs,,absent,False,False,
2439046679443273982118864381573244666658869264,Qmdtrz9DCS7mXdz9FJ6MpAXs6NfyZY6LSFc1zqpMkheVaY,ipfs://QmfAufbykBVFD355Fr8nBwrTGjMi67JP7AhDd42b7g1Z56,ipfs,,absent,False,False,
2439046679443273982118864381573244666658869265,QmQ1St1WrUiqYeeyvz9DWdhmicD1LGcvgAN9YCdaRN9yDn,ipfs://Qmb9rqHaZzQdw4ghNfHTFmVqBLbpsc6ycmkR7dwPWooP5a,ipfs,,absent,False,False,
2439046679443273982118864381573244666658869266,QmYRmbMA5mGTSxKJkuMJQAzccSNWax5qtGo42fBav7Qmic,ipfs://QmfAupYFHmYgoGGfdVpCixQJ1tCVSrMg6knACmXpkqSY6g,ipfs,,absent,False,False,
2439046679443273982118864381573244666658869267,QmSMevcMoq7ENNz1nitBpkYKJAy8wddUaxApJDbu3hR5k7,ipfs://QmWk9nV8v51wcBxoxZG4mmEhhbEnEnYT5Q2BrfAc1G2sbj,ipfs,,absent,False,False,
2439046679443273982118864381573244666658869268,QmSVto8Pzengf2g4Z9kKLNZSH1gqZK2UXpWQy1YdDfu16p,ipfs://QmTAAc5RYnqwdNabV2F4qGnoSQA7RQCWwF1yMCrnriytgk,ipfs,,absent,False,False,
2439046679443273982118864381573244666658869269,QmVtAbJoosiEM5pNVN6bX6e2ebcBuSn5BY7NNPXcw9yFnQ,ipfs://Qma7s5QdnbCjxQCD2tQF8KdDf1vrBCDr5PNoUDvCo7DyUc,ipfs,,absent,False,False,
2439046679443273982118864381573244666658869270,QmTbSwy98iEXFsXdzU6FkmY3uYQRCXmnSdzmfAmGjHuXta,ipfs://QmSJYmkXUeA3qSs1cv76Yer2yPkW7uPWfpXXsgUAUjGa48,ipfs,,absent,False,False,
2439046679443273982118864381573244666658869271,QmdeH33VTr56GtNw1WZ7Z9GWRe8uftbKWRhKXSYMGH2z2Z,ipfs://QmcBtkrqtUXsUVmNYN4zbgwBnXb3UKzySfB2i7fvVxsQrj,ipfs,,absent,False,False,
2439046679443273982118864381573244666658869272,QmUWtGakZEEpGm4S4P3nneUgyANs6GKBrEyoniZVy7AZXg,ipfs://QmcCrd9L5YpfmtFRHJZNVDTHkngfkKwLwCz854o66CVC3g,ipfs,,absent,False,False,
2439046679443273982118864381573244666658869273,QmXWUV6oKPAT2a32UFExLcyUW88FTpCV3cVBKQYGEkNZvE,ipfs://QmaL5JumbZuFP4f8atk7HNXmchafxwSwa2199uv6UTJ1ef,ipfs,,absent,False,False,
2439046679443273982118864381573244666658869274,QmNYQbZEsBpSDMyPmZZed6SajXMNFowkTvS1NACbGsz7F1,ipfs://Qma6ERgy3qnoe3ExAhBMD3K3KKkysrBmN56zB7ZQ4iXeEJ,ipfs,,absent,False,False,
2439046679443273982118864381573244666658869275,QmZgSWZBFWMpBBF4FsWFscfgD6K5CM2nEHMqCGtsboBhvn,ipfs://QmSGyyjEMBLBNPZZshfLpGySmCTaFFuRmWZD1ugdXdUcSu,ipfs,,absent,False,False,
2439046679443273982118864381573244666658869276,QmZ6FkLjLDdRRSL85KoRGa4CoctVmUtgX2hcQVMAtfzH1e,ipfs://QmS5RCGXMQ3EogqKvcngtekDT9WeR6YSj4sFBZwKd2iTTV,ipfs,,absent,False,False,
2439046679443273982118864381573244666658869277,QmUgA5c4y4tMApFxbT5HpWpkxjJcn59Wc6E8NWHbJRZx9G,ipfs://QmYAifH1NMcxr9rSiCtRnDyitEj92U5pujEkpYB9TuJ1eQ,ipfs,,absent,False,False,
2439046679443273982118864381573244666658869278,QmTJRqBfrsRLwbhd6ywRwhEyuTH71T9xmuv8tqrjFELXb3,ipfs://QmaMhmg2WGYw6UPEY8u8hQYRKq7Bo3r4pu2F686EfPJKvb,ipfs,,absent,False,False,
2439046679443273982118864381573244666658869279,QmQ43c5hjGwRxZu8Skvk9FYwmkmy8rXyYVEt3j594UFAxX,ipfs://QmTrUorqwoDMuKQJWDTtwe3NZfCQVKb7GJxcgxMhtJg8bF,ipfs,,absent,False,False,
2439046679443273982118864381573244666658869280,QmRba4mqZZif3YTp6DLmkHCagVM7X91DgMY6i3Np4fVZRm,ipfs://QmVCUhRmCcc9DEgPCjFBcXMUw3gPHqJXgEnx3WXXYWyeqa,ipfs,,absent,False,False,
2439046679443273982118864381573244666658869281,QmVApNeU7yoPf2wxLtZowmHz9moNMnwz959D3sktC4yMD9,ipfs://QmPDSDMsco1Jm9PdAo4tc3ZKYZZcrTJBwZAT5XdSZ2D6Jk,ipfs,,absent,False,False,
2439046679443273982118864381573244666658869282,QmSQVxnihwH9G3L85KQ4Z4ScEa3mdp8HiUw4Q3EhAKBb2E,ipfs://QmfSjRh9na8B5Wm8T2i3RzqKnXLvjhxbB8EVR8FGi1LgQW,ipfs,,absent,False,False,
2439046679443273982118864381573244666658869283,QmSjrirU1FminRv5xBV46iDmN4sEYyZjR85pAG9viKUsiA,ipfs://QmVzc3kgFnUzyLtCh2N5T4NHz16ZA1795TfT4KXsp1WS93,ipfs,,absent,False,False,
2439046679443273982118864381573244666658869284,QmZgJ27Fxp3G7bpFiKxYp1ruwDTpwprPGxoaoQmzqtcNg9,ipfs://QmRQpiWokNukkxbL51qHWcg65nJXqLiDdQxYcRTgRa3cC5,ipfs,,absent,False,False,
2439046679443273982118864381573244666658869285,QmPu5GG85rHeAbrYJVdrgE1qDHDTrqporPoqrR3yGFgXoB,ipfs://QmYgXSE6vcwsojLbatquiYZxhDh8Seb9cfKARkc3WRPjph,ipfs,,absent,False,False,
2439046679443273982118864381573244666658869286,QmPuMDN1TrDq6jJk8SnH6auu5TzBJ2TsqY9vGe6PNddLmi,ipfs://Qma5GArSiiz1TjkUVbPRf3feZouJHb8wsz93DC3qADFqBh,ipfs,,absent,False,False,
2439046679443273982118864381573244666658869287,QmSmrQjxr5qATmW2f6KvUhWB82iB7juVR8H2AVTZyNSpsp,ipfs://QmZncMZjeDXV98cMBzbjjQQ4QbGPXKhUAtg8hANeyuLK4c,ipfs,,absent,False,False,
2439046679443273982118864381573244666658869288,QmSAavWyr3eg65r9JXSmZ8j7VRkAZ8KUjcSaW2vjhbdjEi,ipfs://QmQgQSgkdrbtj586vrUVbpoHm9LbQRZzCEiAEpP1qyMFcR,ipfs,,absent,False,False,
2439046679443273982118864381573244666658869289,QmRLBEArUka8LZZy7uGEZpQBAvcUCBmQ62ij5RR88o6qEv,ipfs://QmX5AEwyaqy8S6pxVGw4uw5jiMJfURVyaSqXgeJjezYS3B,ipfs,,absent,False,False,
2439046679443273982118864381573244666658869290,Qmd3LNwVejhXdTxSDuXQ3guq8yhYvYwdKDx3E8eMZ3qM42,ipfs://QmT8cfXv7HXDFH3sUbspkerMhwCWHMZxaM6TKSmctbxC8J,ipfs,,absent,False,False,
2439046679443273982118864381573244666658869291,QmYQsv6b5JpKZUvBcafv9aYLBCwvhd8pHp3a7c3NxubZae,ipfs://QmXg8yhRt3MjK2mHTy7UNmw9Npp84ozabUaiPn9uGSYq8W,ipfs,,absent,False,False,
2439046679443273982118864381573244666658869292,QmZnywd8bhfVrSwJ9sxZTi4duLQ6kNwHnMWn8J58fC2Tog,ipfs://QmUEvSF1YvxujnSrwPNLDBRzyYpM6WGwhGow2Z2h6Nqqph,ipfs,,absent,False,False,
2439046679443273982118864381573244666658869293,QmPftqd9Gf1xrEdNvDfKSaKXBngWjXuHVvhdP4pya2iwZh,ipfs://QmSFkrq7yn4go2LsiBTcPLvTzD9DtebLhdeJ56g6QTwdVg,ipfs,,absent,False,False,
2439046679443273982118864381573244666658869294,QmWkAesApjDyd5ZFg7oXqJrdLVsvFjMgB5PjL5WsP2CzoD,ipfs://QmeujmGXPqS8EGGobjG5SELGnMUCQj9c3ZG1h2utnRd55c,ipfs,,absent,False,False,
2439046679443273982118864381573244666658869295,QmSZis6Wsdk4zWprvdgHg6jUAfoNHv7BGX9i9PJfLnho2q,ipfs://QmeBGqkTGH2nBLKaTGcUzC9ZBndMG5KN2LyBZjjfjYJcU9,ipfs,,absent,False,False,
2439046679443273982118864381573244666658869296,QmRv2tKaq3tsUQmV2uaQ6SLCMS88ahqf2CHVgbdmaM38cL,ipfs://QmX8x9ThLGJnrVQP1DyzgJtukJPe22C2LCD1V4t94UNPAu,ipfs,,absent,False,False,
2439046679443273982118864381573244666658869297,QmP9b68BYND7YJEMNfT2fbdstRj7dN2ESbzdtxj2DV6eR9,ipfs://QmRe9t3ds8XUC7h6UXdDUkhB5MsCxGR3bJyDyQWa83fD8n,ipfs,,absent,False,False,
2439046679443273982118864381573244666658869298,QmYgXpBcMQzzvncXxLWSMrMyxUJVetzvtgVYhvJc7hSKpo,ipfs://QmQm72DcSaAmvUNbagEpjuL7xvBHVomhngQ8nTJeTSGpAR,ipfs,,absent,False,False,
2439046679443273982118864381573244666658869299,QmYep75mpZyQXGcubDSy7gNkqY6WZ6SbgA6RoKYWPNRCSX,ipfs://QmeSB9nU4wEciRyp5UYjbBdLYtnbx9m68C9EZ8jQBpvoR2,ipfs,,absent,False,False,
2439046679443273982118864381573244666658869300,QmSZJtTTLcfHvw5eGw7coj5dQww9wFHbCgppCriwLdTu8s,ipfs://QmWUibJsW2RYQRqiTwv8ZQ91jAZMyYX5cXsfS5CJgv6Whe,ipfs,,absent,False,False,
2439046679443273982118864381573244666658869301,QmSrWXYupG771ficzLixxAJLvZPbusDNxShcAXhu9EZKLv,ipfs://QmVZbhtPAtsRsNxNxm13QpbVYPH8irKCBEkMDELgZaY5va,ipfs,,absent,False,False,
2439046679443273982118864381573244666658869302,Qma7HCML765DKaUHLL47paLNyQCsEJiJyx35dFym6FU1Qo,ipfs://QmRKbhNedjjF8i7QNfFH2Bhk57qoLHXf7EcWHZgJ19ko4X,ipfs,,absent,False,False,
2439046679443273982118864381573244666658869303,QmVvsPThLEwMboi1pHUGBfaGLmJgLwVL5SVHEBPUs35Dtr,ipfs://QmPkrA5LPh6425VPeuPaBepRjWud3V5NKH3TqMkABDETHL,ipfs,,absent,False,False,
2439046679443273982118864381573244666658869304,Qmc3rKiSmmuYpt5UyU5mbNqvLfiL7wUvjcCnmgNk1Vh79e,ipfs://Qmb7XqAT57hR1M42So7s4LRhnDDyzcxhsQ6XSi6eFuNP83,ipfs,,absent,False,False,
2439046679443273982118864381573244666658869305,QmSpwoM2PKYvHca5jjq5b8fWVHUnMXii5YLpA8JQN2LwX3,ipfs://QmYdPxAA49PGM9EJwYkWW346h4bmx7FsrNFDbMRUMwkxhA,ipfs,,absent,False,False,
2439046679443273982118864381573244666658869306,QmQz4f9XDcF9rbcdHXURwWxGe1Qo89NxzRNNwrSzYrYSkc,ipfs://QmYwEedmN5F8ppVpv8Zrhw6a5quYXLu9QNaz27dzkt9CxE,ipfs,,absent,False,False,
2439046679443273982118864381573244666658869307,QmcXjY9eqpJhSRP6BV7prQ2yxitNR7WZ2cvjDpgj1onw4k,ipfs://QmQBSkqxtmMSuYXL3AdqSdcPTxPcmRjjg4yiFw4sQ6ieLo,ipfs,,absent,False,False,
2439046679443273982118864381573244666658869308,QmT37Dio5E7fy6M8H2bUkXQZb7aTLFS1LuDXzjL4ocMUsh,ipfs://QmTvcFe7UMXzZForT5oe7LJmC5hmkm91uyoZtoMbeat4tY,ipfs,,absent,False,False,
2439046679443273982118864381573244666658869309,QmdR94QjWMG5z298mWeNVt9Bbk4EsZ2EXeeBq9kxSpVVXx,ipfs://QmSaobbhiwmCZ7Acf61gt4ficUHeegxm2dssx2cdUJpxDw,ipfs,,absent,False,False,
2439046679443273982118864381573244666658869310,QmRWFZx9M8MvgUiTMt8hFeXjxqrN8SozZ65kcrPkigoWVS,ipfs://QmZNRdsG4LDLGYGceVpSeLJCbiug4KoF6uk1sGsABqta2y,ipfs,,absent,False,False,
2439046679443273982118864381573244666658869311,QmZ8Fsiggi6WAfDrP5RF3UTixkvh1zoJ19tM1yYmX5nc4P,ipfs://QmbeZCL9NrGS2nDK98tVhbondfowBDjpGxCmQxMhNoNyeL,ipfs,,absent,False,False,
2439046679443273982118864381573244666659869184,QmdYBhYhi2uWG4FvjbMdAQtiP9A4Uhdr2nK7kRwKUV8SxR,ipfs://QmdxGDxJRijzTeXThxbybMx75NxWvQ5hZR4iE5XVipRpj8,ipfs,,absent,False,False,
2439046679443273982118864381573244666659869185,QmNbaXEUANcVodRHizGMMbsCjMHLf9LmTGUiuXALmKgqP5,ipfs://QmYRxQgGAfAoVZBa8iQJdg3W4qCQr4mWRoXYiHYwYDdbCD,ipfs,,absent,False,False,
2439046679443273982118864381573244666659869186,QmP7nbq7DXQzAXXXH5kZ33oWw6oKeQWnt7wyyHyfcLmvbA,ipfs://QmQfZVd1D3ejXKSzBvkNvs6Uw8PyXTtDZyM2XkhKuY6x6U,ipfs,,absent,False,False,
2439046679443273982118864381573244666659869187,QmVUXVP35YUAkdoKNMk5pyWRiNTGTzcKxfHEE2YTuuQifv,ipfs://QmbWxdhan1FrNcFuoo4FXoU1tTMsD9paEobq4TnBYifChT,ipfs,,absent,False,False,
2439046679443273982118864381573244666659869188,QmaBi8pMnT9FMMPe2wMDfRcjXvJjVh8eg3SACiZkw52JGM,ipfs://QmX7oRMd59YtxfhwfYLKEbvQTQUVtueHLsBPeKUB3e26rU,ipfs,,absent,False,False,
2439046679443273982118864381573244666659869189,QmWPEf8tW7CyQuV5hFjcRSQwC5BbpdydZ3YyMmX7995qBK,ipfs://QmemrNKih2Si7Kq4EYNzNXg9EbEP6721oFF9eQKEp7kneL,ipfs,,absent,False,False,
2439046679443273982118864381573244666659869190,QmSHQiY4UVvVNqEkVkEvRxNEA8TJJ1cKKxMKzYmpkwT1PH,ipfs://QmbgovrBXc3JfcwzFQ1nHx35GgaQ64iA1oiEV3ugD2tLMm,ipfs,,absent,False,False,
2439046679443273982118864381573244666659869191,QmPvTbrdbUB781rpYNtQrYLwk5FGs8FkmJXipwhMx9v2wH,ipfs://QmVLn2cbKBUJEU8PHPZtZ9ctTCqvJEsSdjJrXJBWwYT9VN,ipfs,,absent,False,False,
2439046679443273982118864381573244666659869192,QmQDN1SkRG5yYPNYD1vMcKokmojJLLibdZaN45ZpzPJ4ko,ipfs://QmcHKp9VJcEembmuVXg2BRHJpgguV3KTomzCXKfEdC8Pfs,ipfs,,absent,False,False,
2439046679443273982118864381573244666659869193,QmNiUBXaQJ94skpATShYMuKt2eFiyAq6Gtq97xkJoETvvf,ipfs://QmNdejgeNcNcoV9cCo4YaL7SBSpSxFYyUyQhsmpCEmMCEz,ipfs,,absent,False,False,
2439046679443273982118864381573244666659869194,QmX7cG4zWLRQ9KbmtTfDX4J4NzhTLPtYHDxCfp6XqAr8i2,ipfs://QmUoxpqoV9Ex7MmshzhnBwL3W9HnucMj4gvBJdoGKLAkRV,ipfs,,absent,False,False,
2439046679443273982118864381573244666659869195,QmcJvMNESGn9V55J3Lqmd2tg6wb3vJ1fGW1yxNmbKQGGef,ipfs://QmQRUfYtz1kyukduNJ8EPCcBC48GcotGYYGV3Mxu8fK5R6,ipfs,,absent,False,False,
2439046679443273982118864381573244666659869196,QmXX25eSkBaM3WyMvBnGsUwYYUnsZwbN4VCZ6bp7ZkLrko,ipfs://QmXssukmckaCHhBJKUsFF1s79FoTgvZajSYZayAvYYTRoq,ipfs,,absent,False,False,
2439046679443273982118864381573244666659869197,QmdZawmkGFArVBFcD8yx1hi9LnEM8wu2NbShLsWXCJzQgT,ipfs://QmaUnG2uCvh2wXPk7wumUnT6GuMppSVe7zq8PEtctdDCq1,ipfs,,absent,False,False,
2439046679443273982118864381573244666659869198,QmXV8YdzMSKAx72J5pYbqWyT1VwUckfZ9PCu3fPALh8eoH,ipfs://QmRX7tXqHNNGNUYcgSpia41ZTVWMekRYNXNu9ED1doadek,ipfs,,absent,False,False,
2439046679443273982118864381573244666659869199,QmWXxyXEHAhjfqmzjCeF8Wke48dhosrC4apgxDoJMP7THq,ipfs://QmWVN3JD98RAxiRywztnWgFj2mWCvFu85CppQamiykXMRN,ipfs,,absent,False,False,
2439046679443273982118864381573244666659869200,QmesBNdh2m6soUaSvapRzSRwpeyBqEtG7FYi1JiWb5iJ3L,ipfs://Qmewz9UDVQXroBT3wF3GfD8tXmwCKRPVFLxWMktw7ZYMFQ,ipfs,,absent,False,False,
2439046679443273982118864381573244666659869201,QmUcu7zVhhqoZgYPk8puH7WjULNWQWYPNHR8859Xu4btbK,ipfs://QmSR3Lai55QLHdWVY8tMtnQChKMxFRRZu9yxnwrxCtND4b,ipfs,,absent,False,False,
2439046679443273982118864381573244666659869202,QmRMijFx64GJTis8JfiC8dVQQEzv3VydiBpQUNGWX2upmD,ipfs://QmayHuVsVEr2GqdqZqNmKEYrsgxoYvsaHbaEpStFW2UfB3,ipfs,,absent,False,False,
2439046679443273982118864381573244666659869203,QmVnbYUjEagbn9XGqWt4v6v81gTJFWi7J2jgaLLjoxKXUm,ipfs://QmUL7HFeGYJ6a1R8bWj9LoeC9q39VWXXd2o2U8Ni7VQmrv,ipfs,,absent,False,False,
2439046679443273982118864381573244666659869204,QmVRyZr4E3E4DX9sfk1ott61bUDm6i1Q3gZQTRtFuS4Tq4,ipfs://Qmd1rqZ1Zdmc4dAPC1MkNgsUufFVmpDbHJRo2daDmDMEJP,ipfs,,absent,False,False,
2439046679443273982118864381573244666659869205,QmUvUbcK1kvuQSwiam6KNETyeNz5msv1DZ6ZyeD1YumMW2,ipfs://QmbX7zkT2wRH3t6bEd1vfUjFxo2kZsjAMJoFxELA2sv2Yo,ipfs,,absent,False,False,
2439046679443273982118864381573244666659869206,QmNwf5QWrcAV43MCE8kejbPeCM252Jgi6Y3kRjDyr7j7BJ,ipfs://QmauiYntR8xbzJ6L2NESwxD8c8iKiPixYqk3kZfcMjQh5U,ipfs,,absent,False,False,
2439046679443273982118864381573244666659869207,QmXUGviHgFfnZdk19FK8th1aPEdcbAn7cUmMiXv2AHXunP,ipfs://QmUC11DvtKiuh2ZynJSm3TZx9Amom1j6poc5VXWTGPv2FA,ipfs,,absent,False,False,
2439046679443273982118864381573244666659869208,QmPJrw9UZjNgjTcvS6rpSAmWG536eBg4hF6a6PHQCFdqN,ipfs://QmfRrYBo4vtmCVUQD8bmXfrpajTK9HF7ioj52xJBrP6vRT,ipfs,,absent,False,False,
2439046679443273982118864381573244666659869209,QmZvqU6zWCkeuxzNP7e3Ut1VefZUCfPWfPFEXwU3AT53dM,ipfs://QmUJJwyCRWTNpTaGg1Y81wKMh57tx6HQWYEdWJWeiFBRgP,ipfs,,absent,False,False,
2439046679443273982118864381573244666659869210,Qmf4AhYQX1AYd7Axb1JpuaGK1gWdHxpYqFytFPZZfHiNJS,ipfs://QmesKP7cBmqgevpVmdLgtJeQmra5PR57ZSgfJJEABCyT31,ipfs,,absent,False,False,
2439046679443273982118864381573244666659869211,QmdyJgKbBQuMoHyjP5tmvtqMTjTUTar2M6vwYjQttrggyt,ipfs://Qmdq5fxhufNDmuzPgfZ8cRP5qt2j9H5JfEyfttwNnyDYoZ,ipfs,,absent,False,False,
2439046679443273982118864381573244666659869212,QmaLMppBrKPgAYxpKXsDt6C3qEhW9AqiUJ6Aa46bVjgP9d,ipfs://QmP3cXM57WkDBXmUFoPfX3P4kfawDqcM5N58eQAixMZ3hf,ipfs,,absent,False,False,
2439046679443273982118864381573244666659869213,QmaHEcxVLK1BuYATa6zx9ZUPUGXvJrDToVUBKh3dzRVAe8,ipfs://QmTNsSiDYFecq8Fw8dEMmCRgpCqF6bU5mDNDNKT4LtdBkR,ipfs,,absent,False,False,
2439046679443273982118864381573244666659869214,QmRTSFVBdVgUnUtNNu7EkauBxvU9GcHhx4GsNSjzMegNr7,ipfs://QmXoDNoyRFBBDqGZReLgvJgfmCUP1vV2oza7BLRsYniwhd,ipfs,,absent,False,False,
2439046679443273982118864381573244666659869215,QmT4fndbdkjbRSWzdgHmNTFky74B4tsr2hN9oU74dq8vBP,ipfs://QmdEThq8oHri2gsCVNuJV5TVL8yfpLYUev4mByzwSeVrLv,ipfs,,absent,False,False,
2439046679443273982118864381573244666659869216,QmQ4cyDtKMeiGrfdehzf3cQXLVrHXg4JaUkA5Bz4831TcQ,ipfs://QmPt7QDtCRPCUtMiK6aUgGwbUjT3qr3Dhg8RXE4bH83kpK,ipfs,,absent,False,False,
2439046679443273982118864381573244666659869217,QmRjg9p5WBG48hptayTrLDsfGjTakzdeJ741pJ2U4ufbZz,ipfs://QmWaWp7rbwg8FrKyh6qLgJ2RXEvhvn2engWwigMisTjzrt,ipfs,,absent,False,False,
2439046679443273982118864381573244666659869218,QmRD9DSzD7td8b5MXNraBpwuuGHCpuaE45tF3hA4RH3cNX,ipfs://QmWaqNK8hHogmfh977mLHN62qqtyx4QtL6sPXAwKzGXzm2,ipfs,,absent,False,False,
2439046679443273982118864381573244666659869219,Qmb9ixUqJ16Cr4WhgnMqsU9vFPHDm3F7GhbAMFgG8AMa5J,ipfs://Qmf7j9NpPyAXpQ86uDhpLXz82AbLvMqYHGJB49VcfrWhsT,ipfs,,absent,False,False,
2439046679443273982118864381573244666659869220,QmNykwGS9XE8ZRVnAmsmGdEkJAC3PGi3uNYijZEKBm1NtX,ipfs://QmSddmoqamvwSuuFGpsfRzHJ9nXFst2BvL1kuHgqwkQuiS,ipfs,,absent,False,False,
2439046679443273982118864381573244666659869221,QmaBhGWxkoJB9CnvHDSB7MCKWohjGGW5PZdQe3SP5Kbbf9,ipfs://QmSckb9NUtH4PTbyisWFZCmMEPdM14Lf3A2zft69AFxQGJ,ipfs,,absent,False,False,
2439046679443273982118864381573244666659869222,QmcaHKM61f7ftieJEuKKKvmR6Hh4jWRfoSxyLn3fqn5Cgj,ipfs://QmUmcrG3t3sdMGdwYwXd8SgDNF1JgEkSvTfPqjNqMG7GdK,ipfs,,absent,False,False,
2439046679443273982118864381573244666659869223,QmTXJ8JX6nNGy1F4nDpzfpYWD3sejWx1iQAh9HsyFMb8TT,ipfs://QmYtgzPA6smJFxyhKjNWVqGV4i4GubNkiYcJyhLNpnNo6b,ipfs,,absent,False,False,
2439046679443273982118864381573244666659869224,QmaB74LJRqEvEojuv2e7U42uAqGSBekSFuCRHDgZy2tTYv,ipfs://QmYcuikW5KqCZVvfEU826ZazHjZ1xV8xfCVXVbC2PxLjT6,ipfs,,absent,False,False,
2439046679443273982118864381573244666659869225,QmWFbd3ft2KSfLQLe4e2CpU7vGh5EhHaapNVRciCy6h85N,ipfs://QmcYxvLvujgsS3gMedwnxRNrUuxxQWjqi7LwDV2t1CFe4P,ipfs,,absent,False,False,
2439046679443273982118864381573244666659869226,Qme9R7vXtbRL9MDw2japTdgeMstCUPxM62yXVwHCQ1Hwq,ipfs://QmdcLzs7pWYp6mbTUXPjrHNZhTrNxccsZRyyDQq2V1rFDX,ipfs,,absent,False,False,
2439046679443273982118864381573244666659869227,QmdyFCgSfpUKor9qQcwxiT1rqhcqZW6Dgs9K5Ni1Lu4e53,ipfs://QmYrwvvuYhYisvxDuAb53uY2i4UrY5qeaoBtmHzbYYDMkN,ipfs,,absent,False,False,
2439046679443273982118864381573244666659869228,QmQ46b7JRMrAidHige5LhETSg5kikSbx8T9EBLpV9HqxPE,ipfs://QmSQ7BV8mbP7xoSJnRqiotDnPQa1rxRV91SNfRbT5J6UqL,ipfs,,absent,False,False,
2439046679443273982118864381573244666659869229,QmdySqzRMAgzzEaNKfXzFSVC1yJmLWz1cMBtQR599y19Ba,ipfs://QmSZgJs6cxVGpoSZxtTzHtcRp1fgdsfnHwMB3CT7AQwW8x,ipfs,,absent,False,False,
2439046679443273982118864381573244666659869230,QmbSWmuu3ABMWfnbmhqLbYM7SKv3yH4RtF6F1EQoK8QPiH,ipfs://QmRHvxY1F98rcfVkTQuKj7Hgf8CCA58UWHVnyyvbryuU1h,ipfs,,absent,False,False,
2439046679443273982118864381573244666659869231,QmaaFVja8BgGVg7U6mMRS66ggsCEpDztpYKXeuJ1PyMvvR,ipfs://QmYYNFSLWtrMJMXJpV1rQM1ZzzoYahdzXLFq1nRbnjHWvU,ipfs,,absent,False,False,
2439046679443273982118864381573244666659869232,QmTctEiWjDAB8GENKa2sgxhi5bb4T2Gd1KU6CxXAP9x899,ipfs://QmdPMP53jaR7UkFUEtMzEACBDu2gLVz11y7cECaoyrFzZL,ipfs,,absent,False,False,
2439046679443273982118864381573244666659869233,QmbustanV121dZt3DLhJ5q5oAwkw2qrPZXGFw7S6KvXR2j,ipfs://Qmb6P9BHk4zFw1CuXM8XoQhgMh1LBwu7jH2u39DS92QDV4,ipfs,,absent,False,False,
2439046679443273982118864381573244666659869234,QmVMMmWRVehGSJWTC3UjTqQ6ppy3uXda5tZmzbpkyfbKjB,ipfs://QmepNwC522ZjVzsRm2zSiEvjxwo2QwNBqLVqDCTkYxAWHn,ipfs,,absent,False,False,
2439046679443273982118864381573244666659869235,QmcrUxRSPDhGymwsC5NRDGJ2cNJT47WBWRiocd4HzptQzC,ipfs://QmbJTD7E1adq3wxFP4RWSz1eh5kQxTP4ABZ8NZ6ECHFg7e,ipfs,,absent,False,False,
2439046679443273982118864381573244666659869236,QmTLKCHHRnqqt6g89V2t4SfEFj9XJCoNBVyVkjCsKN64z1,ipfs://QmemBufDw1JSYnyppEaz9TquynJxbgufG1chMjfNrLzkfn,ipfs,,absent,False,False,
2439046679443273982118864381573244666659869237,QmUdg2RKmA53GCuBJBoDm68hppQhnTFEfCK3fix83Sz8Nd,ipfs://QmQ3RHE6bnx9HKvBXrg6sUreSoSfyy33BtDwjSuf675rvg,ipfs,,absent,False,False,
2439046679443273982118864381573244666659869238,QmZ4DVBdjESDAGonMGtiZ2kpq1v9BxfmhWsNnDSauN7Fon,ipfs://QmTiun4yVNvAtBanz19wjHVQ4tVVs9V9VWP5LGJHtCHeXn,ipfs,,absent,False,False,
2439046679443273982118864381573244666659869239,QmVcFH5iFLstoHfS5bF99MvGZFTGHpFx9YvQekAW1Pq9hD,ipfs://QmUKVpCUUNFBm5wGniCmHoLryygxNx7PJuiLUaopqCree3,ipfs,,absent,False,False,
2439046679443273982118864381573244666659869240,QmcSZEoQqabdJ2eyxWKHaKfvC6sQQGTAEZceCS6PXzR7gu,ipfs://QmWY73bwMRJks2bPmYpmx29tcAKysyqDic9GCiteYXfyoZ,ipfs,,absent,False,False,
2439046679443273982118864381573244666659869241,QmRyeWw31v8TRRKc8HkbHM6HMk2M1aLUoVZK18P5pu3taZ,ipfs://Qmf2ZL3YyCUZDDzQg4RZN2BzQMdAtqMjRzyS67Jhty9tey,ipfs,,absent,False,False,
2439046679443273982118864381573244666659869242,QmegG9ZXZYm2S63F91US8vVMDUoFspZT3FHXG2AEimqtuY,ipfs://QmStrhgPvv6XqA6ejdpGbGty8QXrcpYypbBnoZDcfrtcMn,ipfs,,absent,False,False,
2439046679443273982118864381573244666659869243,Qmb9AMjzpjbcrKANZnEyxJTZ8hdzgZt58i9gxDU2ZnVyT2,ipfs://QmTpJSukYcNisHRvE6zePg8bEvrExy7vjKwjTfBH6ynXmj,ipfs,,absent,False,False,
2439046679443273982118864381573244666659869244,QmW71rPitn7RW1jW26DYktAEABwhi7rUkFT3SHZEVbPVTL,ipfs://QmYY445Tf3StGjpHg1KeoURrANEHiAG3Bs8gGmCMDwZkH1,ipfs,,absent,False,False,
2439046679443273982118864381573244666659869245,QmT4Y4i8SeHs9TEXMUdBMCW3DJKctqXTGh4ixGRDZjFAcH,ipfs://QmePchKNJ2AQfocTf3EgjC1dJUYrstFQmNf1dfHvHjSFnb,ipfs,,absent,False,False,
2439046679443273982118864381573244666659869246,QmYk6WW6Eex4JqmF4mGfy9Zg4Nvji7UnpnhNfqE9t7CijS,ipfs://QmcwefTLjyTWqUgUMJEs9FyqaVYDXjTAhRwUbDZDU8qHfA,ipfs,,absent,False,False,
2439046679443273982118864381573244666659869247,QmXJzHxX2Q3zTR7ooJoWxEVH3jQfSzpACv2eq7DPuXz7Vm,ipfs://Qmd5BRrBgaHKoTedBY1ihwZi44RN71Ewu6RTSB8AtQPRx8,ipfs,,absent,False,False,
2439046679443273982118864381573244666659869248,QmTGPgyy9DhdL5vSGMp4L1cwtQw63yz34wXmxQCWo8QVms,ipfs://QmezcovefTRSh9ytomVCLBq6bU2w2QNdD4eHetcfXHgzbX,ipfs,,absent,False,False,
2439046679443273982118864381573244666659869249,QmWbGJMmtXrMRHJjnr2J1wJacHUaECphE3FbHZse5qquUk,ipfs://QmVxQF3SRF2XWqykQCrp9Ho6MTHtdz4tB8zcVvTBDfdmWE,ipfs,,absent,False,False,
2439046679443273982118864381573244666659869250,QmP7BykxQWzJdxwzUC4d1gFybHaUxJLG2XTR34w8p8M2Eg,ipfs://QmcYxtf6JTTcJrsoSPKojGFtkmL6vfKgLLtcL8LpC2grj7,ipfs,,absent,False,False,
2439046679443273982118864381573244666659869251,QmXChzwNqnPpmcZZ75LaeUqTkHTmGaX2DYHpn7LfjNoVa,ipfs://QmXUffXsz1Qcp6hGKPgo7Ps4cqiUbJvXBP71Gpf9yE4xa3,ipfs,,absent,False,False,
2439046679443273982118864381573244666659869252,QmVo7pbyznfWCQTVXGiMXHjThJhaTsNRrnY9oie3mGzFAA,ipfs://Qmbu6mMSNxUCXFYS19g2e1KzzwQRhPufg1CPkqv83q1iuY,ipfs,,absent,False,False,
2439046679443273982118864381573244666659869253,Qmf33JaYRq2XR14LwdQ9Eh1dSh43TL9Gh1iwcEWjyrhWCh,ipfs://QmRBg1d1hh7mMrgZ8e2kdy5WZukaHYPdyHwQsCuf9Pw62x,ipfs,,absent,False,False,
2439046679443273982118864381573244666659869254,QmQZ8Y1c7XYPwjFft9uStMRZNE2swQeK6Dya7zuxRk3qaV,ipfs://QmafkoXLhCtH6mWkSN1vb4HCTp957CBAPAYdinPpTxeXkU,ipfs,,absent,False,False,
2439046679443273982118864381573244666659869255,QmYnNpCVdLrz6o6pUTU7Mxkr6Tn3L8pij56NC2fS78tGXN,ipfs://Qmf9remD66nFnp9Mbd374dE35m21C6k3xvaAgHhNSgvPR1,ipfs,,absent,False,False,
2439046679443273982118864381573244666659869256,QmaBXcRdmupMscPqbyodHtBDfgXVAhGxvjm3EnQPyDmaTe,ipfs://QmQd6MhLRiiTgP3ikK4B4v2ffV3CgnPK5v44Vn1dUwCqHV,ipfs,,absent,False,False,
2439046679443273982118864381573244666659869257,QmQ35TJe2JXc2xZizmvJUspyhsCUYeW5LcQDtVz49uF3tj,ipfs://QmYPT6yVRNNWQJrehNtozeLiTd629RPK5G3M1XXZmXAXvv,ipfs,,absent,False,False,
2439046679443273982118864381573244666659869258,Qma4T8TzEj2WSL1Bsb37ua6KsJE8BKHva4CzmUE6QXz8cA,ipfs://QmexgAcZ2NGEr2an1M2v6p7vD1KNhvT4NatCRYffYPXwVR,ipfs,,absent,False,False,
2439046679443273982118864381573244666659869259,QmP49jCgWsHBJWCQFUBxnVgp14SyWs91kaRJikibJpgt4d,ipfs://QmdHMPX1JFt5mfCH66p6deMG8ytVSorvCCNAxmjBqveR5o,ipfs,,absent,False,False,
2439046679443273982118864381573244666659869260,QmYSU1J6fuUMnk8sqW8p8Yj6FeXhegMYJqMAeWi2tjJkBt,ipfs://QmcW9m1SswSPyGo5SW67rJaW9KbNXWWwV1dLYbaCiunaZr,ipfs,,absent,False,False,
2439046679443273982118864381573244666659869261,QmX2LAWgSNYrxNgpYTUe3LFNhamMVC7CDfgbnZKZLULe9E,ipfs://QmPotAg81b8QTnkKQPGRu5SmvSgVDk2PmovAe4ef6exrKW,ipfs,,absent,False,False,
2439046679443273982118864381573244666659869262,QmUQo3yMuC35KT796GVDNmP5gTxmge4SDssgvs5vAG8p7J,ipfs://QmXcc23NEPKuz3UDjtwYQNnqN4BxVtTimEJ5mjH8eNPACm,ipfs,,absent,False,False,
2439046679443273982118864381573244666659869263,QmbZAa5dkYR9f67i6dKDkVNWeykmawwg7KuBQMqdKL9sMH,ipfs://Qma338vtCtWWjXYJEqyXMNNZP9otdm5LoqmbsnuKdjMQ4U,ipfs,,absent,False,False,
2439046679443273982118864381573244666659869264,QmZHrm6gFZWFVEm1otS5iEYBWbAeg3jFpG694T1cNwWtKJ,ipfs://QmURTqvkwet2rWFTTFfAEAJjCJA2gmzXcmKHCM1iAdt5GH,ipfs,,absent,False,False,
2439046679443273982118864381573244666659869265,QmW9pWP4yjZ3TNzTmfuG96Sc2tXSqDt49pXTEaaQjHSzL9,ipfs://Qma5Fy1XJsopoLw4ZokAdAGTmwph4okxHi8hVhh8vGN2aR,ipfs,,absent,False,False,
2439046679443273982118864381573244666659869266,QmbanwyU38Kg9vHS1WMpZR8UU32hEAaoWtwRUL4hoZzwQm,ipfs://QmcHhMWzxfWRVohAXzYeyhHzkY2LXVUhKPUPWhp4Sdyk9B,ipfs,,absent,False,False,
2439046679443273982118864381573244666659869267,QmU2z5cSiddBUnUsZNZBwZfkv5CzJGkcXn7kQd658GKpyX,ipfs://QmS2FT1P28C73f9yib3rhfpQ4qrTMLBDiAPTRUSTXXE1e1,ipfs,,absent,False,False,
2439046679443273982118864381573244666659869268,QmUzDBAm4t3XWd7ya5NaJE3SiazUsiX2b7ueWQvpXEBE9E,ipfs://QmTGeG8o1xXFjrhcChM3C3QkWER6ySTa9W58RAiwZqPkiJ,ipfs,,absent,False,False,
2439046679443273982118864381573244666659869269,QmfQB4S9CSQJMMcBRDQtchZEchAcasxdy769HmFtVDwTWr,ipfs://QmUfmHQRhqi4Ft8wx75rdX6QY6tg5oGzJjRWRQFWPVkSce,ipfs,,absent,False,False,
2439046679443273982118864381573244666659869270,QmX2QvFxZ5izHgqdmLuKoWBXEf8outLJwM838iJFCffSFg,ipfs://QmcRJHkVouVfUWty4L4t3xhBPD1VKxyySC9eLSwk4kVeEq,ipfs,,absent,False,False,
2439046679443273982118864381573244666659869271,QmfDo7neygDvDjsKF1rgB55wEC4vr64Efqav9H5FLCvzMN,ipfs://QmRogqyb6UQ9UurKac5HwdMGRthaFw4HqruktuMHkwPWJv,ipfs,,absent,False,False,
2439046679443273982118864381573244666659869272,QmXGPzpxFuHEKYhZ8Y4Z7fs5FVx4nF5L6vscW4BKZ3C8FX,ipfs://QmNkwomYr4ts8vxEzwieB61fxUDe4VjKZTray7ptmQ7jx4,ipfs,,absent,False,False,
2439046679443273982118864381573244666659869273,QmVwZy9JtzjdjJ7PacaCgmedSm7aHKHXtA9JKPiDoparsg,ipfs://QmT3sjvvQnJb1vjqmgtB6DV2XbVU7XWM2AA8K6xgS1eNNs,ipfs,,absent,False,False,
2439046679443273982118864381573244666659869274,QmUqwC8tcKpsLfHN38RBwGoAsXxunkrgrNyepHPmVGcdso,ipfs://QmXtLKLHkfGhzfKjbhvu7s4NEBN6uHpkADYqVVMsZUCSh5,ipfs,,absent,False,False,
2439046679443273982118864381573244666659869275,QmWg4Gr4Ldg47zs1Qh4JxCWRiXaEYjSqdhBGYi64H42412,ipfs://Qmbdy4B6mUv82zZ5zoFQJgMCEa7SYWkwe2o6ndPqrPHBgH,ipfs,,absent,False,False,
2439046679443273982118864381573244666659869276,QmVZNLW9uN2GhfmhecXatxuL618yZ6Xn4Q8Vrgr5ZhRE3e,ipfs://QmUJFoDuULksUND3fwVotsSH5aF5XwUu6BpxTk1EJ69WYc,ipfs,,absent,False,False,
2439046679443273982118864381573244666659869277,Qmdsi2CbPXJSbTmwEdAXNByCKPkxV8iPoCDM6uFoptSYT6,ipfs://QmaRGMMsYZVrYJfc2yEhWLkGu1rvjWb5wKNqv1TkAfz7fc,ipfs,,absent,False,False,
2439046679443273982118864381573244666659869278,QmeYxNGDDJthERFAmL23rSiVSkv2kdp65m9b22aYA6M48w,ipfs://QmTWcZuZy4KcvXPNBm3UTa4p3ZzptJGdrAhRVR2kHFkwYB,ipfs,,absent,False,False,
2439046679443273982118864381573244666659869279,QmUmfQfJKWDzUCQ87dohP3wZnVFQNoZu62AZuQn9gNWysf,ipfs://QmexpmeW1aJuUnBdDFcnXr67rVnyrMfdVmXPaXvTghLw13,ipfs,,absent,False,False,
2439046679443273982118864381573244666659869280,QmULAKnPHXWRe9UzcLE2XhhvCEtU5oaegGhjhL1K9gPjHf,ipfs://QmZVp4yS5ab5Q6L1RhyGJG963b3Ce5wBn8JRcVtXPMYjHQ,ipfs,,absent,False,False,
2439046679443273982118864381573244666659869281,QmWypKFRVhCnAJJCHxNGKXhnMA9D5DeS8hzF7Mt6mhPbnh,ipfs://QmYHnnQM8o7cXbTKWLeG1FkUsteoaWKG73oDge4o4B3kJa,ipfs,,absent,False,False,
2439046679443273982118864381573244666659869282,QmWi5PJEBbj52BvyisNQR5sUJq1n7RU5kN1SKKANkuUL1J,ipfs://QmcAPaWAcKf6iia9S6NZ24TvioyWjDm5DFcP36pH97D17T,ipfs,,absent,False,False,
2439046679443273982118864381573244666659869283,QmRbDM6k9HXYppRNtQHT4LdHEiri9Cj1vZzYFZ3H6nuZwC,ipfs://QmdbNsr3AQB1DPZCLJRdnRoWAoQVZKCBYZeS4DXufu21Zg,ipfs,,absent,False,False,
2439046679443273982118864381573244666659869284,QmQveLuUH1rFyrohz3KBgfMam56ssDYgYCY4CMoPtC3wT4,ipfs://Qmf8dYjPLYgJAs79FacZwGSZggtQYQrkRuUTM1LREQTAq9,ipfs,,absent,False,False,
2439046679443273982118864381573244666659869285,QmPUoCVTM3UvXmXaBNvG1RbkCe2z12cMJRs8QQ2tZ1ZW25,ipfs://Qmb1aqNqaq8nGc8VnkfJW7Pr8orRs1Bp3uzUywNQvXwnok,ipfs,,absent,False,False,
2439046679443273982118864381573244666659869286,QmWnZjJN7xjz1azRezqT36yosDawfwiE7SyLmHLF3RMAH6,ipfs://QmQ11yeExX2M7N1o2TN4snGK3m6Yt7btA8CEtaVCWe132X,ipfs,,absent,False,False,
2439046679443273982118864381573244666659869287,QmQG441fN2tjT3vfZhuN7oRJpVx2jabUgqMJZxJhKNWS8p,ipfs://QmdXytmQw7PNgBKVQt2Zez1tNqdhhNXyoN6jgdkeGRov2K,ipfs,,absent,False,False,
2439046679443273982118864381573244666659869288,QmUqAE5BB3GZxv6VhUY4qVZEdQVJh493VSnzfNmruKZA5,ipfs://QmPHecD6DF19z1MnA1w1nTobi44vfGxeLRcNJfEwWZHAVp,ipfs,,absent,False,False,
2439046679443273982118864381573244666659869289,QmPMkPExnb7RqzWXPJATbWXg3mZPnLCiJxGhTAkhkbkaxo,ipfs://QmTMArq5qQJsJcNyLPoHKDhDZAaLEkcJPt3Lxk8iHczDdV,ipfs,,absent,False,False,
2439046679443273982118864381573244666659869290,Qme8DDE5PBBuYBd6EuxnPFVQ3B1H2mnLNmgZ1rPDtip68Q,ipfs://QmdQqtngKtcfmBFnCM1BAow8oFsz2yLV3zHXsqfsntpUoZ,ipfs,,absent,False,False,
2439046679443273982118864381573244666659869291,QmNYFmgxpbM9zqsFhkjD8L1iSgDbWNAWKMtBWMi3uQr2wp,ipfs://QmbDdEV354SUUupjfRQB3vTKaYrxNUo41k8zyWEXDc8hrQ,ipfs,,absent,False,False,
2439046679443273982118864381573244666659869292,QmPfBtCVXSacVA5DtUMqckKceuhVhEQhxjHhQTXEubW7a4,ipfs://QmZnv8imjUVVef1WzSz3cbkRh2gpd67TQspSpPzTV4SE1e,ipfs,,absent,False,False,
2439046679443273982118864381573244666659869293,QmQmhnRqAQ1V4CVLDgGcLSd7XuSSPbJgVA4wd5McmjTmX9,ipfs://QmUC8rZ8LwQDzGDM6zejYV2yUZf8xqHiGzhd953xBfeDaz,ipfs,,absent,False,False,
2439046679443273982118864381573244666659869294,QmQTB9h1zukgdLjNENDDFoeeRa4d7o6Bjt67cCxEbxqVGr,ipfs://QmYPxKPU6YP74uZn9ee1nk24HUdcZPJiDAijPaFVfQgyuT,ipfs,,absent,False,False,
2439046679443273982118864381573244666659869295,QmVAjaxK9kfQ4Hu9Kq1HMLWSKnCFTCQcei64AJYY8JtbM3,ipfs://QmaXtU4bcGqPWb3S3AfZB36VjfbftBMZfWTP915VQaSnnS,ipfs,,absent,False,False,
2439046679443273982118864381573244666659869296,QmRNaywQ8nAq8V13JL8vf4ZqSUsvuhm1RRrfBKjM8mQb1b,ipfs://QmQhsJ3aefK44bGcvm9iBsrmqhV8arEJAb1UeSLNptrNWE,ipfs,,absent,False,False,
2439046679443273982118864381573244666659869297,QmYYLhFTFzwCb2C5ZJJbYjXunkPX8HuW9Sk7XtG6FcqLSp,ipfs://QmP6dEL7uZgLVmLh1ADxYpNzBc8uGiAGayMzQAnPnsjtP1,ipfs,,absent,False,False,
2439046679443273982118864381573244666659869298,QmSygpA83su7J1eR1RRmh5jxkJThBoiP5t3Fdctwvm8iTx,ipfs://QmWZa6RNtrdyftN2RpSzWjiNtwHzZSEbJkw4TruHbfGeQ5,ipfs,,absent,False,False,
2439046679443273982118864381573244666659869299,QmYWwndBZt1zB54BPy1JBkeagoLDSkyjQtZ1emguFT3dgs,ipfs://QmUg4ZCizKo5t1aKyAVeTPvdqpoRDrEQVTQWtmcsB7NNhT,ipfs,,absent,False,False,
2439046679443273982118864381573244666659869300,QmeYmACj9bgPYNrDAjykMwyT6Hx2dBmTQZkJYZAmP5RXWV,ipfs://QmUvR9JoKUACbwMGG174GRfeLdzzntV9UNogvPi2wbt4UY,ipfs,,absent,False,False,
2439046679443273982118864381573244666659869301,Qmc2rdJoBWaJTEtesPtRK4XD7QCK1gWVS59pqbTMpvoU1E,ipfs://QmXM9vmEBBxcVSakDPs2x86854rHH7nGKXw8vEhmJXAANY,ipfs,,absent,False,False,
2439046679443273982118864381573244666659869302,QmU5V1tYhjGZgEUX9dodjXntfzbuzbw8wKVYhd2d9JN7nK,ipfs://QmUM2ywmbttGTaqJ1CDe8o2un3RYgRfvaV4T23bjY4HcwG,ipfs,,absent,False,False,
2439046679443273982118864381573244666659869303,QmbVa98v6tLZ4NKiV1zN7bovq2ZeYBqtCvHC9uZ3p7Lhh,ipfs://Qmd9b3Tw1RVwiuSZLxQpNpm2UNseyYJw3aR6zXYMZHL2Ri,ipfs,,absent,False,False,
2439046679443273982118864381573244666659869304,QmaLrk6FGVdL8zpfWW57EEegQtrAyNWionwuMW5rfczk6b,ipfs://QmTQQ28EWAaZFK27ysDJuVYYdgQokaM7WBQLFXwv5D17Sa,ipfs,,absent,False,False,
2439046679443273982118864381573244666659869305,QmPVF855xv1qo3KRMqF45mkGkkfDsSmnRvY9y5JucuqrA1,ipfs://QmWawGkZ8Tu7ygxEcvLW6iDwYyrj3VTyhci2Y3TokiKUuv,ipfs,,absent,False,False,
2439046679443273982118864381573244666659869306,QmbZPFo4C9yPkPp1wZi7grMjRP8rzJXUfYVUmbG6XYPMLF,ipfs://QmdVtDo88kKvrvawS5WMXV1YnCUTmR5JReWAopdfcboHQ6,ipfs,,absent,False,False,
2439046679443273982118864381573244666659869307,QmPwDR1zwPfcUmG9GLsgqPh2WVcPNS9XLPR5UNAVLP6RGN,ipfs://QmZceZxP6GQfNgpshNJ9k88aVqRTDhNwfJ7kVnbpNamNAg,ipfs,,absent,False,False,
2439046679443273982118864381573244666659869308,QmbBWvDXVBkaBZD8vfbjZdvaRqtuAeqCXqKZvV7tLyXAwA,ipfs://QmQWWsj68mGSqFPcvUG7nSPuRM2y7SvVNhhtSF3FoYVQNS,ipfs,,absent,False,False,
2439046679443273982118864381573244666659869309,QmUcRfXw3juhAgWJPQtYmxNSjTUUuEvAr7MM5cYQTAFoZ9,ipfs://QmNtiyyPzt2CZNR2rUBFqeN5YUr2C6R53SQwZoJAzvzpfB,ipfs,,absent,False,False,
2439046679443273982118864381573244666659869310,Qmb6j1hczAxDUPrTQkjoL5q2ycTaJpXC6utPRyQr1k2uwf,ipfs://QmeVH2BXgDDXYRvJhJ9TacBiNjmUHrvYSKUwJq71B97Eui,ipfs,,absent,False,False,
2439046679443273982118864381573244666659869311,QmaaNBdqX8Ksqa5LxRwDh1o3yvTrR8aMG5BEtP2vs1xEcH,ipfs://QmTS2Bx2qvcxtWx4UYx55Zq7PXZjYnKmGPqK5yGtDkHHBp,ipfs,,absent,False,False,
