contract,edition,token_id,token_id_db,old_metadata_cid,doc_file
0x2a86c5466f088caebf94e071a77669bae371cd87,0,102483456495595525347856182687662158730242810709523643804999349043957638016883,102483456495595525347856182687662158730242810709523643804999349043957638016883,QmZw7Gz6AJva6YC1bdKCy2rJUMWFjUJpKUMW9U3cXoRn8m,ops/cdn-retirement-phase2/step3/v3-docs/0x2a86c5466f088caebf94e071a77669bae371cd87/102483456495595525347856182687662158730242810709523643804999349043957638016883.json
0x2a86c5466f088caebf94e071a77669bae371cd87,0,111109302664824670737185277429938920398498513320697055470028732876817166971475,111109302664824670737185277429938920398498513320697055470028732876817166971475,Qmbw8qfUmvmbWqWAcZ8dxefbAT9av4iHvzgYkCVabCh7rU,ops/cdn-retirement-phase2/step3/v3-docs/0x2a86c5466f088caebf94e071a77669bae371cd87/111109302664824670737185277429938920398498513320697055470028732876817166971475.json
0x2a86c5466f088caebf94e071a77669bae371cd87,0,114509197042641126982266828896949519237122822493274123627313583916128762606677,114509197042641126982266828896949519237122822493274123627313583916128762606677,QmYeouoC8uHxSQkPxSMbdNhWhdKAPJNhRU5CfGaAyF2rse,ops/cdn-retirement-phase2/step3/v3-docs/0x2a86c5466f088caebf94e071a77669bae371cd87/114509197042641126982266828896949519237122822493274123627313583916128762606677.json
0x2a86c5466f088caebf94e071a77669bae371cd87,0,115153310228114666588851347772754489107974000689653741321876665973855418043401,115153310228114666588851347772754489107974000689653741321876665973855418043401,QmQQpfZwaZbHXEy3ZVcxsoaRtNDvWKZvuBtuDnNRjpdxaq,ops/cdn-retirement-phase2/step3/v3-docs/0x2a86c5466f088caebf94e071a77669bae371cd87/115153310228114666588851347772754489107974000689653741321876665973855418043401.json
0x2a86c5466f088caebf94e071a77669bae371cd87,0,15042014439770355205730296321097090521853295916950766059900103364979980239529,15042014439770355205730296321097090521853295916950766059900103364979980239529,Qmeb3hrS8YfCJp3XAuP3Xxhf2C3tPEYKmSFCVh6UasXsRL,ops/cdn-retirement-phase2/step3/v3-docs/0x2a86c5466f088caebf94e071a77669bae371cd87/15042014439770355205730296321097090521853295916950766059900103364979980239529.json
0x2a86c5466f088caebf94e071a77669bae371cd87,0,23054627654022293378557484339859314570662620440316285194737095994444934294386,23054627654022293378557484339859314570662620440316285194737095994444934294386,QmQ9qDw2tUGK4EqBj45Ufc5zqE6QzehvPmvpUGWjgRUZha,ops/cdn-retirement-phase2/step3/v3-docs/0x2a86c5466f088caebf94e071a77669bae371cd87/23054627654022293378557484339859314570662620440316285194737095994444934294386.json
0x2a86c5466f088caebf94e071a77669bae371cd87,0,25811853076941608055270457512038717433705462539422789705262203111341130500760,25811853076941608055270457512038717433705462539422789705262203111341130500760,QmRTUCojH6JHVGFPwc4aFARYeP4z1dUSyH17kn1snT39vZ,ops/cdn-retirement-phase2/step3/v3-docs/0x2a86c5466f088caebf94e071a77669bae371cd87/25811853076941608055270457512038717433705462539422789705262203111341130500760.json
0x2a86c5466f088caebf94e071a77669bae371cd87,0,34585829179764704558776471721101382364497188835544837351424684262481243220355,34585829179764704558776471721101382364497188835544837351424684262481243220355,QmdYDTiU5mU56ZAiohjUWnUsFEcJkKgsvjA3dF1MXsZAat,ops/cdn-retirement-phase2/step3/v3-docs/0x2a86c5466f088caebf94e071a77669bae371cd87/34585829179764704558776471721101382364497188835544837351424684262481243220355.json
0x2a86c5466f088caebf94e071a77669bae371cd87,0,44336782902772445271281414922165901279839521989210301461051430933994537843287,44336782902772445271281414922165901279839521989210301461051430933994537843287,QmNtMJFhsGFmR96Vp5YUBTzMNGevzKpd2gachexKubC12L,ops/cdn-retirement-phase2/step3/v3-docs/0x2a86c5466f088caebf94e071a77669bae371cd87/44336782902772445271281414922165901279839521989210301461051430933994537843287.json
0x2a86c5466f088caebf94e071a77669bae371cd87,0,45127790317892297463290330756789683137919514630173258349099212122291675493582,45127790317892297463290330756789683137919514630173258349099212122291675493582,QmRZKLCfugtAgQTRzJbBVW6wNV6WQXkvzECcRsWFy8QxAJ,ops/cdn-retirement-phase2/step3/v3-docs/0x2a86c5466f088caebf94e071a77669bae371cd87/45127790317892297463290330756789683137919514630173258349099212122291675493582.json
0x2a86c5466f088caebf94e071a77669bae371cd87,0,58808081037102973047914285344327235059767077645065607051796863932382238600160,58808081037102973047914285344327235059767077645065607051796863932382238600160,QmdbmsiXYu8xnQh213YYxfVGQcrKDisQ9ALS3A9YeUF73n,ops/cdn-retirement-phase2/step3/v3-docs/0x2a86c5466f088caebf94e071a77669bae371cd87/58808081037102973047914285344327235059767077645065607051796863932382238600160.json
0x2a86c5466f088caebf94e071a77669bae371cd87,0,69037219782415170039743351977361926117918379142220489214116017537486336548224,69037219782415170039743351977361926117918379142220489214116017537486336548224,QmbDyqZt6vbNBsZ3biVsBgonakqG4WE2yWnvu261YbANe8,ops/cdn-retirement-phase2/step3/v3-docs/0x2a86c5466f088caebf94e071a77669bae371cd87/69037219782415170039743351977361926117918379142220489214116017537486336548224.json
0x2a86c5466f088caebf94e071a77669bae371cd87,0,81822415981171894284716765232211393989809838876971274183632474922438819548892,81822415981171894284716765232211393989809838876971274183632474922438819548892,QmVqwdRH34bHDVYXgopUWpLPiKQ5YMuJ4YvzYBfikQUy7c,ops/cdn-retirement-phase2/step3/v3-docs/0x2a86c5466f088caebf94e071a77669bae371cd87/81822415981171894284716765232211393989809838876971274183632474922438819548892.json
0x2a86c5466f088caebf94e071a77669bae371cd87,0,84192194988336887268297181860741868331806134895311371625270671533240495509719,84192194988336887268297181860741868331806134895311371625270671533240495509719,QmU43SQodNf6niPwCZZt45uHfeWkM7mhxokYZTx9svebTT,ops/cdn-retirement-phase2/step3/v3-docs/0x2a86c5466f088caebf94e071a77669bae371cd87/84192194988336887268297181860741868331806134895311371625270671533240495509719.json
0x2a86c5466f088caebf94e071a77669bae371cd87,0,91641052224213995292130106305607107853658918792519691461793480796244015798257,91641052224213995292130106305607107853658918792519691461793480796244015798257,QmW6Uacdrbic8GsG3urtV68L8kmcP8Z7gvzZSTuz9FtvfM,ops/cdn-retirement-phase2/step3/v3-docs/0x2a86c5466f088caebf94e071a77669bae371cd87/91641052224213995292130106305607107853658918792519691461793480796244015798257.json
0x2a86c5466f088caebf94e071a77669bae371cd87,1,102483456495595525347856182687662158730242810709523643804999349043957638016884,102483456495595525347856182687662158730242810709523643804999349043957638016884,QmNthoe6NoWJNdbbQaFqGPfWT69xSdyxvGiwAeP8Kn8xcc,ops/cdn-retirement-phase2/step3/v3-docs/0x2a86c5466f088caebf94e071a77669bae371cd87/102483456495595525347856182687662158730242810709523643804999349043957638016884.json
0x2a86c5466f088caebf94e071a77669bae371cd87,1,111109302664824670737185277429938920398498513320697055470028732876817166971476,111109302664824670737185277429938920398498513320697055470028732876817166971476,QmWy3cuLEQxW2zmduUgb9A2pyQh15kcEJh9VPkyUxHXAYk,ops/cdn-retirement-phase2/step3/v3-docs/0x2a86c5466f088caebf94e071a77669bae371cd87/111109302664824670737185277429938920398498513320697055470028732876817166971476.json
0x2a86c5466f088caebf94e071a77669bae371cd87,1,114509197042641126982266828896949519237122822493274123627313583916128762606678,114509197042641126982266828896949519237122822493274123627313583916128762606678,QmVXikp5i5G9rPdJWh7vmtXWM5zbGC2hXXszWidiyVztqa,ops/cdn-retirement-phase2/step3/v3-docs/0x2a86c5466f088caebf94e071a77669bae371cd87/114509197042641126982266828896949519237122822493274123627313583916128762606678.json
0x2a86c5466f088caebf94e071a77669bae371cd87,1,115153310228114666588851347772754489107974000689653741321876665973855418043402,115153310228114666588851347772754489107974000689653741321876665973855418043402,QmRoSQpxm2JGWGUD1aKxb75cC83DEtqMQBdrBod4TisuUm,ops/cdn-retirement-phase2/step3/v3-docs/0x2a86c5466f088caebf94e071a77669bae371cd87/115153310228114666588851347772754489107974000689653741321876665973855418043402.json
0x2a86c5466f088caebf94e071a77669bae371cd87,1,15042014439770355205730296321097090521853295916950766059900103364979980239530,15042014439770355205730296321097090521853295916950766059900103364979980239530,QmdKsnjRLHdGrmLsAToWgGiQ8FjZcefTXFCMQh5UKGutQY,ops/cdn-retirement-phase2/step3/v3-docs/0x2a86c5466f088caebf94e071a77669bae371cd87/15042014439770355205730296321097090521853295916950766059900103364979980239530.json
0x2a86c5466f088caebf94e071a77669bae371cd87,1,23054627654022293378557484339859314570662620440316285194737095994444934294387,23054627654022293378557484339859314570662620440316285194737095994444934294387,QmPpFfqdLDre3vuTk4RG3BSj22ai68ZN14UvKKYLNvntTq,ops/cdn-retirement-phase2/step3/v3-docs/0x2a86c5466f088caebf94e071a77669bae371cd87/23054627654022293378557484339859314570662620440316285194737095994444934294387.json
0x2a86c5466f088caebf94e071a77669bae371cd87,1,25811853076941608055270457512038717433705462539422789705262203111341130500761,25811853076941608055270457512038717433705462539422789705262203111341130500761,QmcsfdpExevcCrDSNpdo2j4vqYwsetRTt16dEUVueJobAu,ops/cdn-retirement-phase2/step3/v3-docs/0x2a86c5466f088caebf94e071a77669bae371cd87/25811853076941608055270457512038717433705462539422789705262203111341130500761.json
0x2a86c5466f088caebf94e071a77669bae371cd87,1,34585829179764704558776471721101382364497188835544837351424684262481243220356,34585829179764704558776471721101382364497188835544837351424684262481243220356,QmTcdqPB6h9Agfr45Y183hCXDj3ePRGnYvtr2u6HrYfYGP,ops/cdn-retirement-phase2/step3/v3-docs/0x2a86c5466f088caebf94e071a77669bae371cd87/34585829179764704558776471721101382364497188835544837351424684262481243220356.json
0x2a86c5466f088caebf94e071a77669bae371cd87,1,44336782902772445271281414922165901279839521989210301461051430933994537843288,44336782902772445271281414922165901279839521989210301461051430933994537843288,QmeZkLqgY3pEozdNFqiVVyvgrjhgJCUUvvro4wnVrYSjhf,ops/cdn-retirement-phase2/step3/v3-docs/0x2a86c5466f088caebf94e071a77669bae371cd87/44336782902772445271281414922165901279839521989210301461051430933994537843288.json
0x2a86c5466f088caebf94e071a77669bae371cd87,1,45127790317892297463290330756789683137919514630173258349099212122291675493583,45127790317892297463290330756789683137919514630173258349099212122291675493583,QmVJGCNjWQtBZUVb8nSQw1VznXvet7UGz9V6M9PY9nyZUV,ops/cdn-retirement-phase2/step3/v3-docs/0x2a86c5466f088caebf94e071a77669bae371cd87/45127790317892297463290330756789683137919514630173258349099212122291675493583.json
0x2a86c5466f088caebf94e071a77669bae371cd87,1,58808081037102973047914285344327235059767077645065607051796863932382238600161,58808081037102973047914285344327235059767077645065607051796863932382238600161,QmSxz9LQcyhQZTDb6FQsS7ynvxCYp6qv49ZrDnZHNMAtYZ,ops/cdn-retirement-phase2/step3/v3-docs/0x2a86c5466f088caebf94e071a77669bae371cd87/58808081037102973047914285344327235059767077645065607051796863932382238600161.json
0x2a86c5466f088caebf94e071a77669bae371cd87,1,69037219782415170039743351977361926117918379142220489214116017537486336548225,69037219782415170039743351977361926117918379142220489214116017537486336548225,QmNMrvPwgHgHvBpRDLy5pCfXXChENdFS8zr12JcvRsv2Pm,ops/cdn-retirement-phase2/step3/v3-docs/0x2a86c5466f088caebf94e071a77669bae371cd87/69037219782415170039743351977361926117918379142220489214116017537486336548225.json
0x2a86c5466f088caebf94e071a77669bae371cd87,1,81822415981171894284716765232211393989809838876971274183632474922438819548893,81822415981171894284716765232211393989809838876971274183632474922438819548893,QmURZy5P2A1yzGiiUsdnakGX8g6DKNkQdP9G1vn4uCbEg6,ops/cdn-retirement-phase2/step3/v3-docs/0x2a86c5466f088caebf94e071a77669bae371cd87/81822415981171894284716765232211393989809838876971274183632474922438819548893.json
0x2a86c5466f088caebf94e071a77669bae371cd87,1,84192194988336887268297181860741868331806134895311371625270671533240495509720,84192194988336887268297181860741868331806134895311371625270671533240495509720,QmVZzRBEHrmh61K9BXAAQtaCmjyBQ1WB36uCXbKtVxaCVr,ops/cdn-retirement-phase2/step3/v3-docs/0x2a86c5466f088caebf94e071a77669bae371cd87/84192194988336887268297181860741868331806134895311371625270671533240495509720.json
0x2a86c5466f088caebf94e071a77669bae371cd87,1,91641052224213995292130106305607107853658918792519691461793480796244015798258,91641052224213995292130106305607107853658918792519691461793480796244015798258,QmNNmF2bwErvGGLofU4BBcfZKJeRBzpEM6EdFvKEYpbtTD,ops/cdn-retirement-phase2/step3/v3-docs/0x2a86c5466f088caebf94e071a77669bae371cd87/91641052224213995292130106305607107853658918792519691461793480796244015798258.json
0x2a86c5466f088caebf94e071a77669bae371cd87,10,114509197042641126982266828896949519237122822493274123627313583916128762606687,114509197042641126982266828896949519237122822493274123627313583916128762606687,QmaAM7fp6GJL5pfBLTthEe7toH7iG239oaUeq5YvrHzSzw,ops/cdn-retirement-phase2/step3/v3-docs/0x2a86c5466f088caebf94e071a77669bae371cd87/114509197042641126982266828896949519237122822493274123627313583916128762606687.json
0x2a86c5466f088caebf94e071a77669bae371cd87,10,15042014439770355205730296321097090521853295916950766059900103364979980239539,15042014439770355205730296321097090521853295916950766059900103364979980239539,QmVU2CH3Cn9ZRZKAHPLufrpUa4yhVGgXK5fKNN67zFPqsd,ops/cdn-retirement-phase2/step3/v3-docs/0x2a86c5466f088caebf94e071a77669bae371cd87/15042014439770355205730296321097090521853295916950766059900103364979980239539.json
0x2a86c5466f088caebf94e071a77669bae371cd87,10,25811853076941608055270457512038717433705462539422789705262203111341130500770,25811853076941608055270457512038717433705462539422789705262203111341130500770,QmRMMVfu94sC8D8GNanP8KcLjYjiUQR75KHCaTjFLfeJ12,ops/cdn-retirement-phase2/step3/v3-docs/0x2a86c5466f088caebf94e071a77669bae371cd87/25811853076941608055270457512038717433705462539422789705262203111341130500770.json
0x2a86c5466f088caebf94e071a77669bae371cd87,10,45127790317892297463290330756789683137919514630173258349099212122291675493592,45127790317892297463290330756789683137919514630173258349099212122291675493592,QmXBBZCEQUCbkNJYLxBBdstWeTeaq88yRSN7kTwdSCKtFD,ops/cdn-retirement-phase2/step3/v3-docs/0x2a86c5466f088caebf94e071a77669bae371cd87/45127790317892297463290330756789683137919514630173258349099212122291675493592.json
0x2a86c5466f088caebf94e071a77669bae371cd87,100,25811853076941608055270457512038717433705462539422789705262203111341130500860,25811853076941608055270457512038717433705462539422789705262203111341130500860,QmVku2Y14cTMvFpxTu5gSXGMg8QVHciTdv1TBoKvs6uJ5A,ops/cdn-retirement-phase2/step3/v3-docs/0x2a86c5466f088caebf94e071a77669bae371cd87/25811853076941608055270457512038717433705462539422789705262203111341130500860.json
0x2a86c5466f088caebf94e071a77669bae371cd87,101,25811853076941608055270457512038717433705462539422789705262203111341130500861,25811853076941608055270457512038717433705462539422789705262203111341130500861,QmWCDQF9h52ZJBHQABgq2GKGBDyfPMaYCUfSFmz2nkoWRs,ops/cdn-retirement-phase2/step3/v3-docs/0x2a86c5466f088caebf94e071a77669bae371cd87/25811853076941608055270457512038717433705462539422789705262203111341130500861.json
0x2a86c5466f088caebf94e071a77669bae371cd87,102,25811853076941608055270457512038717433705462539422789705262203111341130500862,25811853076941608055270457512038717433705462539422789705262203111341130500862,Qma3XF1Rnr5P2xNCG4yE8qCeGP2KrpkxP8hvL2uVBqW5kr,ops/cdn-retirement-phase2/step3/v3-docs/0x2a86c5466f088caebf94e071a77669bae371cd87/25811853076941608055270457512038717433705462539422789705262203111341130500862.json
0x2a86c5466f088caebf94e071a77669bae371cd87,103,25811853076941608055270457512038717433705462539422789705262203111341130500863,25811853076941608055270457512038717433705462539422789705262203111341130500863,QmdY7eBhMMJ9gLzjZuFF8z8AFLgQBeHuJUGxtkWQd5qRuR,ops/cdn-retirement-phase2/step3/v3-docs/0x2a86c5466f088caebf94e071a77669bae371cd87/25811853076941608055270457512038717433705462539422789705262203111341130500863.json
0x2a86c5466f088caebf94e071a77669bae371cd87,104,25811853076941608055270457512038717433705462539422789705262203111341130500864,25811853076941608055270457512038717433705462539422789705262203111341130500864,QmVYwQMawi2Wmt8faLqgabLePcoHYgohj4MKQRKFYSvifM,ops/cdn-retirement-phase2/step3/v3-docs/0x2a86c5466f088caebf94e071a77669bae371cd87/25811853076941608055270457512038717433705462539422789705262203111341130500864.json
0x2a86c5466f088caebf94e071a77669bae371cd87,105,25811853076941608055270457512038717433705462539422789705262203111341130500865,25811853076941608055270457512038717433705462539422789705262203111341130500865,QmYrFRh9RK4DbPMqY91d3FQeEWWcm2G27RU2h8HwNQhh7T,ops/cdn-retirement-phase2/step3/v3-docs/0x2a86c5466f088caebf94e071a77669bae371cd87/25811853076941608055270457512038717433705462539422789705262203111341130500865.json
0x2a86c5466f088caebf94e071a77669bae371cd87,106,25811853076941608055270457512038717433705462539422789705262203111341130500866,25811853076941608055270457512038717433705462539422789705262203111341130500866,QmVRTsCFhvoMmerTEHsX7SsjcxAhByaZdYNQcmByBbQ4n7,ops/cdn-retirement-phase2/step3/v3-docs/0x2a86c5466f088caebf94e071a77669bae371cd87/25811853076941608055270457512038717433705462539422789705262203111341130500866.json
0x2a86c5466f088caebf94e071a77669bae371cd87,107,25811853076941608055270457512038717433705462539422789705262203111341130500867,25811853076941608055270457512038717433705462539422789705262203111341130500867,QmYEEfRbuNWehLmbR8j244wyynvHFHZ9twFzZDbgCrUpT8,ops/cdn-retirement-phase2/step3/v3-docs/0x2a86c5466f088caebf94e071a77669bae371cd87/25811853076941608055270457512038717433705462539422789705262203111341130500867.json
0x2a86c5466f088caebf94e071a77669bae371cd87,108,25811853076941608055270457512038717433705462539422789705262203111341130500868,25811853076941608055270457512038717433705462539422789705262203111341130500868,QmYPSuQo6ncXL5SpjEfQnW9WvRsud4fMnwN2NxWNBMGLQX,ops/cdn-retirement-phase2/step3/v3-docs/0x2a86c5466f088caebf94e071a77669bae371cd87/25811853076941608055270457512038717433705462539422789705262203111341130500868.json
0x2a86c5466f088caebf94e071a77669bae371cd87,109,25811853076941608055270457512038717433705462539422789705262203111341130500869,25811853076941608055270457512038717433705462539422789705262203111341130500869,QmcdBiehW2WaKCBR6SZT8hFRWQD9gjd99v4SrpB5prDZXR,ops/cdn-retirement-phase2/step3/v3-docs/0x2a86c5466f088caebf94e071a77669bae371cd87/25811853076941608055270457512038717433705462539422789705262203111341130500869.json
0x2a86c5466f088caebf94e071a77669bae371cd87,11,15042014439770355205730296321097090521853295916950766059900103364979980239540,15042014439770355205730296321097090521853295916950766059900103364979980239540,QmSbrQfqKiLm6PHhRhwZRLTmDLaRWJNY4LaQD9SarwHf3U,ops/cdn-retirement-phase2/step3/v3-docs/0x2a86c5466f088caebf94e071a77669bae371cd87/15042014439770355205730296321097090521853295916950766059900103364979980239540.json
0x2a86c5466f088caebf94e071a77669bae371cd87,11,25811853076941608055270457512038717433705462539422789705262203111341130500771,25811853076941608055270457512038717433705462539422789705262203111341130500771,QmWaA7uZkp2uXp4AfYdkq51ExSruWu1jpcyBNNUe76SrJB,ops/cdn-retirement-phase2/step3/v3-docs/0x2a86c5466f088caebf94e071a77669bae371cd87/25811853076941608055270457512038717433705462539422789705262203111341130500771.json
0x2a86c5466f088caebf94e071a77669bae371cd87,110,25811853076941608055270457512038717433705462539422789705262203111341130500870,25811853076941608055270457512038717433705462539422789705262203111341130500870,QmaWe7pKXqe8pX2Yg1bCP2NmNFvBLgbzMXWmYWM7sPbpFQ,ops/cdn-retirement-phase2/step3/v3-docs/0x2a86c5466f088caebf94e071a77669bae371cd87/25811853076941608055270457512038717433705462539422789705262203111341130500870.json
0x2a86c5466f088caebf94e071a77669bae371cd87,111,25811853076941608055270457512038717433705462539422789705262203111341130500871,25811853076941608055270457512038717433705462539422789705262203111341130500871,QmRePutqQ1J9FiS7EeKn8F5F6sQwHR4NfT9zqs4nSBMVDt,ops/cdn-retirement-phase2/step3/v3-docs/0x2a86c5466f088caebf94e071a77669bae371cd87/25811853076941608055270457512038717433705462539422789705262203111341130500871.json
0x2a86c5466f088caebf94e071a77669bae371cd87,112,25811853076941608055270457512038717433705462539422789705262203111341130500872,25811853076941608055270457512038717433705462539422789705262203111341130500872,QmeiqfgaTbSJQumD2hkDaRR2JAUfYrhV32dXvS7cAu9FGh,ops/cdn-retirement-phase2/step3/v3-docs/0x2a86c5466f088caebf94e071a77669bae371cd87/25811853076941608055270457512038717433705462539422789705262203111341130500872.json
0x2a86c5466f088caebf94e071a77669bae371cd87,113,25811853076941608055270457512038717433705462539422789705262203111341130500873,25811853076941608055270457512038717433705462539422789705262203111341130500873,QmPWyy6hkPbvWybtmSfYpdrUEYq4VfnFtatoif7z3pKkYT,ops/cdn-retirement-phase2/step3/v3-docs/0x2a86c5466f088caebf94e071a77669bae371cd87/25811853076941608055270457512038717433705462539422789705262203111341130500873.json
0x2a86c5466f088caebf94e071a77669bae371cd87,114,25811853076941608055270457512038717433705462539422789705262203111341130500874,25811853076941608055270457512038717433705462539422789705262203111341130500874,QmULxdHfpWQJKHQNXSAdMctXYZY83c8x1nwsLzj7TkzF97,ops/cdn-retirement-phase2/step3/v3-docs/0x2a86c5466f088caebf94e071a77669bae371cd87/25811853076941608055270457512038717433705462539422789705262203111341130500874.json
0x2a86c5466f088caebf94e071a77669bae371cd87,115,25811853076941608055270457512038717433705462539422789705262203111341130500875,25811853076941608055270457512038717433705462539422789705262203111341130500875,Qmdorhebs8XQobDCzxEJnv9SWFSeuU4i9XpoBsy2jVu8q7,ops/cdn-retirement-phase2/step3/v3-docs/0x2a86c5466f088caebf94e071a77669bae371cd87/25811853076941608055270457512038717433705462539422789705262203111341130500875.json
0x2a86c5466f088caebf94e071a77669bae371cd87,116,25811853076941608055270457512038717433705462539422789705262203111341130500876,25811853076941608055270457512038717433705462539422789705262203111341130500876,QmQuuSTPScsGjdkW5tDj7fKUhrXg5ANgNeAPA1iMmGbmFH,ops/cdn-retirement-phase2/step3/v3-docs/0x2a86c5466f088caebf94e071a77669bae371cd87/25811853076941608055270457512038717433705462539422789705262203111341130500876.json
0x2a86c5466f088caebf94e071a77669bae371cd87,117,25811853076941608055270457512038717433705462539422789705262203111341130500877,25811853076941608055270457512038717433705462539422789705262203111341130500877,QmSnCnYtrBW9zMnxRZKDc15QFUjQgpEtPpqrGArS63WZ3n,ops/cdn-retirement-phase2/step3/v3-docs/0x2a86c5466f088caebf94e071a77669bae371cd87/25811853076941608055270457512038717433705462539422789705262203111341130500877.json
0x2a86c5466f088caebf94e071a77669bae371cd87,118,25811853076941608055270457512038717433705462539422789705262203111341130500878,25811853076941608055270457512038717433705462539422789705262203111341130500878,QmTEH7d1K1uaUAFGYxZbfUhYdEa4VH554RB5ZAgANXs3U3,ops/cdn-retirement-phase2/step3/v3-docs/0x2a86c5466f088caebf94e071a77669bae371cd87/25811853076941608055270457512038717433705462539422789705262203111341130500878.json
0x2a86c5466f088caebf94e071a77669bae371cd87,119,25811853076941608055270457512038717433705462539422789705262203111341130500879,25811853076941608055270457512038717433705462539422789705262203111341130500879,QmbkFnr7TjtpvbATKncmjVcVh5bfq84JgVx2S98qWhMGNC,ops/cdn-retirement-phase2/step3/v3-docs/0x2a86c5466f088caebf94e071a77669bae371cd87/25811853076941608055270457512038717433705462539422789705262203111341130500879.json
0x2a86c5466f088caebf94e071a77669bae371cd87,12,15042014439770355205730296321097090521853295916950766059900103364979980239541,15042014439770355205730296321097090521853295916950766059900103364979980239541,QmQenmcrvaz8NwHkbkFaATxF5SV1mH3vvRTnNLbK3ppfhV,ops/cdn-retirement-phase2/step3/v3-docs/0x2a86c5466f088caebf94e071a77669bae371cd87/15042014439770355205730296321097090521853295916950766059900103364979980239541.json
0x2a86c5466f088caebf94e071a77669bae371cd87,12,25811853076941608055270457512038717433705462539422789705262203111341130500772,25811853076941608055270457512038717433705462539422789705262203111341130500772,QmejmEQMR8kY8qmUprjBcsycZqJWRs5V2A9nF7bxhx98BX,ops/cdn-retirement-phase2/step3/v3-docs/0x2a86c5466f088caebf94e071a77669bae371cd87/25811853076941608055270457512038717433705462539422789705262203111341130500772.json
0x2a86c5466f088caebf94e071a77669bae371cd87,120,25811853076941608055270457512038717433705462539422789705262203111341130500880,25811853076941608055270457512038717433705462539422789705262203111341130500880,QmfUTkSw2KSnH3VUxArH7ctWvq89wjrXbFcHz7EganUo8H,ops/cdn-retirement-phase2/step3/v3-docs/0x2a86c5466f088caebf94e071a77669bae371cd87/25811853076941608055270457512038717433705462539422789705262203111341130500880.json
0x2a86c5466f088caebf94e071a77669bae371cd87,121,25811853076941608055270457512038717433705462539422789705262203111341130500881,25811853076941608055270457512038717433705462539422789705262203111341130500881,QmSgwZJsXS4DWZXFTVAwSdz17hk3T2s9gqrk4e9jKFTqHA,ops/cdn-retirement-phase2/step3/v3-docs/0x2a86c5466f088caebf94e071a77669bae371cd87/25811853076941608055270457512038717433705462539422789705262203111341130500881.json
0x2a86c5466f088caebf94e071a77669bae371cd87,122,25811853076941608055270457512038717433705462539422789705262203111341130500882,25811853076941608055270457512038717433705462539422789705262203111341130500882,QmbhLc9UisqfJD6WxoyjhMtowMSqEMMoxSgE4AigcYdebF,ops/cdn-retirement-phase2/step3/v3-docs/0x2a86c5466f088caebf94e071a77669bae371cd87/25811853076941608055270457512038717433705462539422789705262203111341130500882.json
0x2a86c5466f088caebf94e071a77669bae371cd87,123,25811853076941608055270457512038717433705462539422789705262203111341130500883,25811853076941608055270457512038717433705462539422789705262203111341130500883,QmP5jFBwwXsnz8RJbRgHo7FACLzu2VmafuXYTVLFnCpFuX,ops/cdn-retirement-phase2/step3/v3-docs/0x2a86c5466f088caebf94e071a77669bae371cd87/25811853076941608055270457512038717433705462539422789705262203111341130500883.json
0x2a86c5466f088caebf94e071a77669bae371cd87,124,25811853076941608055270457512038717433705462539422789705262203111341130500884,25811853076941608055270457512038717433705462539422789705262203111341130500884,QmczGsYeRBsrKfk5YkR2ZQ4bVzF1ztPugQNgkMxcbrfXfE,ops/cdn-retirement-phase2/step3/v3-docs/0x2a86c5466f088caebf94e071a77669bae371cd87/25811853076941608055270457512038717433705462539422789705262203111341130500884.json
0x2a86c5466f088caebf94e071a77669bae371cd87,125,25811853076941608055270457512038717433705462539422789705262203111341130500885,25811853076941608055270457512038717433705462539422789705262203111341130500885,QmS1qrkauGrLgXmgzYKQ9Qk7VH7GzFt1zdnPX6XpGwAqAY,ops/cdn-retirement-phase2/step3/v3-docs/0x2a86c5466f088caebf94e071a77669bae371cd87/25811853076941608055270457512038717433705462539422789705262203111341130500885.json
0x2a86c5466f088caebf94e071a77669bae371cd87,126,25811853076941608055270457512038717433705462539422789705262203111341130500886,25811853076941608055270457512038717433705462539422789705262203111341130500886,QmYL2iTW82gogsgbhNhyB8RSdrLCFW5pAaYfBPJLi4vJN9,ops/cdn-retirement-phase2/step3/v3-docs/0x2a86c5466f088caebf94e071a77669bae371cd87/25811853076941608055270457512038717433705462539422789705262203111341130500886.json
0x2a86c5466f088caebf94e071a77669bae371cd87,127,25811853076941608055270457512038717433705462539422789705262203111341130500887,25811853076941608055270457512038717433705462539422789705262203111341130500887,QmRFHGuPk56yhB1iRMx8tYFxsatfvh856ceS6xmWoVARGB,ops/cdn-retirement-phase2/step3/v3-docs/0x2a86c5466f088caebf94e071a77669bae371cd87/25811853076941608055270457512038717433705462539422789705262203111341130500887.json
0x2a86c5466f088caebf94e071a77669bae371cd87,128,25811853076941608055270457512038717433705462539422789705262203111341130500888,25811853076941608055270457512038717433705462539422789705262203111341130500888,Qmdd42SktyPaaS3X2ufRw34nz8a5qXH8gkWFzpNrZeVur7,ops/cdn-retirement-phase2/step3/v3-docs/0x2a86c5466f088caebf94e071a77669bae371cd87/25811853076941608055270457512038717433705462539422789705262203111341130500888.json
0x2a86c5466f088caebf94e071a77669bae371cd87,129,25811853076941608055270457512038717433705462539422789705262203111341130500889,25811853076941608055270457512038717433705462539422789705262203111341130500889,QmR8nDjtLLKnJdV2nxNUcrHGYD3rysarfn17Fi2H2T2BDt,ops/cdn-retirement-phase2/step3/v3-docs/0x2a86c5466f088caebf94e071a77669bae371cd87/25811853076941608055270457512038717433705462539422789705262203111341130500889.json
0x2a86c5466f088caebf94e071a77669bae371cd87,13,15042014439770355205730296321097090521853295916950766059900103364979980239542,15042014439770355205730296321097090521853295916950766059900103364979980239542,QmeeZqu25cCmseLU5Yjq3YdEZFDsEGSASvyUDRKnbB2XN4,ops/cdn-retirement-phase2/step3/v3-docs/0x2a86c5466f088caebf94e071a77669bae371cd87/15042014439770355205730296321097090521853295916950766059900103364979980239542.json
0x2a86c5466f088caebf94e071a77669bae371cd87,13,25811853076941608055270457512038717433705462539422789705262203111341130500773,25811853076941608055270457512038717433705462539422789705262203111341130500773,QmeEe4xeFcaoQNWgmMGmWknKhj3jWgWMR3f5WaviGctyLx,ops/cdn-retirement-phase2/step3/v3-docs/0x2a86c5466f088caebf94e071a77669bae371cd87/25811853076941608055270457512038717433705462539422789705262203111341130500773.json
0x2a86c5466f088caebf94e071a77669bae371cd87,130,25811853076941608055270457512038717433705462539422789705262203111341130500890,25811853076941608055270457512038717433705462539422789705262203111341130500890,QmQmdYFqa27WRAzt9m84hDUscDXqH5WLWy2eqiYkVd4FbH,ops/cdn-retirement-phase2/step3/v3-docs/0x2a86c5466f088caebf94e071a77669bae371cd87/25811853076941608055270457512038717433705462539422789705262203111341130500890.json
0x2a86c5466f088caebf94e071a77669bae371cd87,131,25811853076941608055270457512038717433705462539422789705262203111341130500891,25811853076941608055270457512038717433705462539422789705262203111341130500891,QmRBCLwx5zCS1g95ARa32fnEsZ8eeDJtYaR96qzmJT3Bi5,ops/cdn-retirement-phase2/step3/v3-docs/0x2a86c5466f088caebf94e071a77669bae371cd87/25811853076941608055270457512038717433705462539422789705262203111341130500891.json
0x2a86c5466f088caebf94e071a77669bae371cd87,132,25811853076941608055270457512038717433705462539422789705262203111341130500892,25811853076941608055270457512038717433705462539422789705262203111341130500892,QmZb2ySEaMdFWiJUvhr6kZANip3L7MGkCgn7jGq78eFcQt,ops/cdn-retirement-phase2/step3/v3-docs/0x2a86c5466f088caebf94e071a77669bae371cd87/25811853076941608055270457512038717433705462539422789705262203111341130500892.json
0x2a86c5466f088caebf94e071a77669bae371cd87,133,25811853076941608055270457512038717433705462539422789705262203111341130500893,25811853076941608055270457512038717433705462539422789705262203111341130500893,QmYTQ2ZjcX8SJhoGtTrQBg9ncypmkAhnzo4aQgzPnELgTQ,ops/cdn-retirement-phase2/step3/v3-docs/0x2a86c5466f088caebf94e071a77669bae371cd87/25811853076941608055270457512038717433705462539422789705262203111341130500893.json
0x2a86c5466f088caebf94e071a77669bae371cd87,134,25811853076941608055270457512038717433705462539422789705262203111341130500894,25811853076941608055270457512038717433705462539422789705262203111341130500894,QmRxosoHDmtnQgsi2RnExVMo1xEx1S2D4iGeqUzMoCajUc,ops/cdn-retirement-phase2/step3/v3-docs/0x2a86c5466f088caebf94e071a77669bae371cd87/25811853076941608055270457512038717433705462539422789705262203111341130500894.json
0x2a86c5466f088caebf94e071a77669bae371cd87,135,25811853076941608055270457512038717433705462539422789705262203111341130500895,25811853076941608055270457512038717433705462539422789705262203111341130500895,QmQqjhqTgmvLds1Ap2Q9K2F8RDAbiDVn8YoZWRvYJB5cq4,ops/cdn-retirement-phase2/step3/v3-docs/0x2a86c5466f088caebf94e071a77669bae371cd87/25811853076941608055270457512038717433705462539422789705262203111341130500895.json
0x2a86c5466f088caebf94e071a77669bae371cd87,136,25811853076941608055270457512038717433705462539422789705262203111341130500896,25811853076941608055270457512038717433705462539422789705262203111341130500896,QmaPPn1cwa447roeNd9vKj1PKMMbiCivWsrD6jKTQcrT5R,ops/cdn-retirement-phase2/step3/v3-docs/0x2a86c5466f088caebf94e071a77669bae371cd87/25811853076941608055270457512038717433705462539422789705262203111341130500896.json
0x2a86c5466f088caebf94e071a77669bae371cd87,137,25811853076941608055270457512038717433705462539422789705262203111341130500897,25811853076941608055270457512038717433705462539422789705262203111341130500897,Qmb99NcXXf6wdgc9s3n8dgJqbp4Dt9pyJKitjUnGA9nNJT,ops/cdn-retirement-phase2/step3/v3-docs/0x2a86c5466f088caebf94e071a77669bae371cd87/25811853076941608055270457512038717433705462539422789705262203111341130500897.json
0x2a86c5466f088caebf94e071a77669bae371cd87,138,25811853076941608055270457512038717433705462539422789705262203111341130500898,25811853076941608055270457512038717433705462539422789705262203111341130500898,QmeL2AAQcqPMVtRzdj7hpbGL2GzxkmnDTRntpatHGNeqfs,ops/cdn-retirement-phase2/step3/v3-docs/0x2a86c5466f088caebf94e071a77669bae371cd87/25811853076941608055270457512038717433705462539422789705262203111341130500898.json
0x2a86c5466f088caebf94e071a77669bae371cd87,139,25811853076941608055270457512038717433705462539422789705262203111341130500899,25811853076941608055270457512038717433705462539422789705262203111341130500899,Qmc9cDSS6PESKfWFDhA6PqJNvWckaC1mDWBcxhTsPKWM4a,ops/cdn-retirement-phase2/step3/v3-docs/0x2a86c5466f088caebf94e071a77669bae371cd87/25811853076941608055270457512038717433705462539422789705262203111341130500899.json
0x2a86c5466f088caebf94e071a77669bae371cd87,14,15042014439770355205730296321097090521853295916950766059900103364979980239543,15042014439770355205730296321097090521853295916950766059900103364979980239543,QmPHK98LNpHiBgizKje6CP2sQ1onDnDaSLiTzJBT1s2Wmd,ops/cdn-retirement-phase2/step3/v3-docs/0x2a86c5466f088caebf94e071a77669bae371cd87/15042014439770355205730296321097090521853295916950766059900103364979980239543.json
0x2a86c5466f088caebf94e071a77669bae371cd87,14,25811853076941608055270457512038717433705462539422789705262203111341130500774,25811853076941608055270457512038717433705462539422789705262203111341130500774,QmPxcD2csVrPujSYqXxTrNSsuKstfhPmBv7tUmc56Fv4Rw,ops/cdn-retirement-phase2/step3/v3-docs/0x2a86c5466f088caebf94e071a77669bae371cd87/25811853076941608055270457512038717433705462539422789705262203111341130500774.json
0x2a86c5466f088caebf94e071a77669bae371cd87,140,25811853076941608055270457512038717433705462539422789705262203111341130500900,25811853076941608055270457512038717433705462539422789705262203111341130500900,QmZLsHLuT7MNze4yZZYQm3E9ijuXJXUsruARqMWEpkDfXE,ops/cdn-retirement-phase2/step3/v3-docs/0x2a86c5466f088caebf94e071a77669bae371cd87/25811853076941608055270457512038717433705462539422789705262203111341130500900.json
0x2a86c5466f088caebf94e071a77669bae371cd87,141,25811853076941608055270457512038717433705462539422789705262203111341130500901,25811853076941608055270457512038717433705462539422789705262203111341130500901,Qmd4cGzuMcdgB5mRJ9XarhQ8d3Zanuvy5onKKBh83nFM7B,ops/cdn-retirement-phase2/step3/v3-docs/0x2a86c5466f088caebf94e071a77669bae371cd87/25811853076941608055270457512038717433705462539422789705262203111341130500901.json
0x2a86c5466f088caebf94e071a77669bae371cd87,142,25811853076941608055270457512038717433705462539422789705262203111341130500902,25811853076941608055270457512038717433705462539422789705262203111341130500902,QmbD3fSn7W3xbK9uSgHhavRKsQuDZcC6tYm9m1PJCRjWz9,ops/cdn-retirement-phase2/step3/v3-docs/0x2a86c5466f088caebf94e071a77669bae371cd87/25811853076941608055270457512038717433705462539422789705262203111341130500902.json
0x2a86c5466f088caebf94e071a77669bae371cd87,143,25811853076941608055270457512038717433705462539422789705262203111341130500903,25811853076941608055270457512038717433705462539422789705262203111341130500903,QmWk3hVvKvbYZ1hh6GJbBMnKmQxDcrVdRwdLMkL9cuDnF5,ops/cdn-retirement-phase2/step3/v3-docs/0x2a86c5466f088caebf94e071a77669bae371cd87/25811853076941608055270457512038717433705462539422789705262203111341130500903.json
0x2a86c5466f088caebf94e071a77669bae371cd87,144,25811853076941608055270457512038717433705462539422789705262203111341130500904,25811853076941608055270457512038717433705462539422789705262203111341130500904,QmfK6ALTGcTXipjdBBHVjs5iT7PwVciyxqCaS6aC5i4b3q,ops/cdn-retirement-phase2/step3/v3-docs/0x2a86c5466f088caebf94e071a77669bae371cd87/25811853076941608055270457512038717433705462539422789705262203111341130500904.json
0x2a86c5466f088caebf94e071a77669bae371cd87,145,25811853076941608055270457512038717433705462539422789705262203111341130500905,25811853076941608055270457512038717433705462539422789705262203111341130500905,QmYbm95e3A1pQs1EebmtYGdxXjTCbEMPUX6nQL2ZZaMUVw,ops/cdn-retirement-phase2/step3/v3-docs/0x2a86c5466f088caebf94e071a77669bae371cd87/25811853076941608055270457512038717433705462539422789705262203111341130500905.json
0x2a86c5466f088caebf94e071a77669bae371cd87,146,25811853076941608055270457512038717433705462539422789705262203111341130500906,25811853076941608055270457512038717433705462539422789705262203111341130500906,QmcbWqd1tp3DmuQkhuG4qfs84oZv6atX3hqvrhfWJsZ5Vi,ops/cdn-retirement-phase2/step3/v3-docs/0x2a86c5466f088caebf94e071a77669bae371cd87/25811853076941608055270457512038717433705462539422789705262203111341130500906.json
0x2a86c5466f088caebf94e071a77669bae371cd87,147,25811853076941608055270457512038717433705462539422789705262203111341130500907,25811853076941608055270457512038717433705462539422789705262203111341130500907,QmZsHSztAmmkkxtyJXZ8hKTNLNDVqqDc8jMjQmGoK1WucW,ops/cdn-retirement-phase2/step3/v3-docs/0x2a86c5466f088caebf94e071a77669bae371cd87/25811853076941608055270457512038717433705462539422789705262203111341130500907.json
0x2a86c5466f088caebf94e071a77669bae371cd87,148,25811853076941608055270457512038717433705462539422789705262203111341130500908,25811853076941608055270457512038717433705462539422789705262203111341130500908,QmQahTSSt7dEBgrUQSxmHybU3RD6Xa4zUiqynxeTp49gDL,ops/cdn-retirement-phase2/step3/v3-docs/0x2a86c5466f088caebf94e071a77669bae371cd87/25811853076941608055270457512038717433705462539422789705262203111341130500908.json
0x2a86c5466f088caebf94e071a77669bae371cd87,149,25811853076941608055270457512038717433705462539422789705262203111341130500909,25811853076941608055270457512038717433705462539422789705262203111341130500909,QmcDGMrmdem7NmwBMvVW1MFcg36cgk45uj4A2qBE1Es77Y,ops/cdn-retirement-phase2/step3/v3-docs/0x2a86c5466f088caebf94e071a77669bae371cd87/25811853076941608055270457512038717433705462539422789705262203111341130500909.json
0x2a86c5466f088caebf94e071a77669bae371cd87,15,15042014439770355205730296321097090521853295916950766059900103364979980239544,15042014439770355205730296321097090521853295916950766059900103364979980239544,Qmf8AsvFtAAuwRoAiVdfSHYdb7KfVLnsFRaDrQbHv9ryr6,ops/cdn-retirement-phase2/step3/v3-docs/0x2a86c5466f088caebf94e071a77669bae371cd87/15042014439770355205730296321097090521853295916950766059900103364979980239544.json
0x2a86c5466f088caebf94e071a77669bae371cd87,15,25811853076941608055270457512038717433705462539422789705262203111341130500775,25811853076941608055270457512038717433705462539422789705262203111341130500775,QmXtJnuP7rxHVcHu7wLec8thfPh9pyKevG3qdKqgakcJr3,ops/cdn-retirement-phase2/step3/v3-docs/0x2a86c5466f088caebf94e071a77669bae371cd87/25811853076941608055270457512038717433705462539422789705262203111341130500775.json
0x2a86c5466f088caebf94e071a77669bae371cd87,150,25811853076941608055270457512038717433705462539422789705262203111341130500910,25811853076941608055270457512038717433705462539422789705262203111341130500910,QmRDV46NQs74eUBG1cPStNo7pcD1UPUeEjZcbZNRmcsE9M,ops/cdn-retirement-phase2/step3/v3-docs/0x2a86c5466f088caebf94e071a77669bae371cd87/25811853076941608055270457512038717433705462539422789705262203111341130500910.json
0x2a86c5466f088caebf94e071a77669bae371cd87,151,25811853076941608055270457512038717433705462539422789705262203111341130500911,25811853076941608055270457512038717433705462539422789705262203111341130500911,QmQXaPapCFcNhTaCtv9ndaZ76eP8SFbWmGhHR2gKcgXLYZ,ops/cdn-retirement-phase2/step3/v3-docs/0x2a86c5466f088caebf94e071a77669bae371cd87/25811853076941608055270457512038717433705462539422789705262203111341130500911.json
0x2a86c5466f088caebf94e071a77669bae371cd87,152,25811853076941608055270457512038717433705462539422789705262203111341130500912,25811853076941608055270457512038717433705462539422789705262203111341130500912,QmRKR7Sa8FUPk2YimkyybR8yDUJ73YTcay5Y1a3Eko3uPu,ops/cdn-retirement-phase2/step3/v3-docs/0x2a86c5466f088caebf94e071a77669bae371cd87/25811853076941608055270457512038717433705462539422789705262203111341130500912.json
0x2a86c5466f088caebf94e071a77669bae371cd87,153,25811853076941608055270457512038717433705462539422789705262203111341130500913,25811853076941608055270457512038717433705462539422789705262203111341130500913,Qmc6JQW7q1gTPxL7r5keBSZsnQKdJsWA5MJE5GxJdCL1cF,ops/cdn-retirement-phase2/step3/v3-docs/0x2a86c5466f088caebf94e071a77669bae371cd87/25811853076941608055270457512038717433705462539422789705262203111341130500913.json
0x2a86c5466f088caebf94e071a77669bae371cd87,154,25811853076941608055270457512038717433705462539422789705262203111341130500914,25811853076941608055270457512038717433705462539422789705262203111341130500914,QmQxpYw6a8pzRaNjKhGVLzmRJLYZVGHyipqpuzGxYxMxK6,ops/cdn-retirement-phase2/step3/v3-docs/0x2a86c5466f088caebf94e071a77669bae371cd87/25811853076941608055270457512038717433705462539422789705262203111341130500914.json
0x2a86c5466f088caebf94e071a77669bae371cd87,155,25811853076941608055270457512038717433705462539422789705262203111341130500915,25811853076941608055270457512038717433705462539422789705262203111341130500915,QmdNVuw5VNqVpXzwnM78Wf1YkrZZNv757wMo3ZLQXn4BhH,ops/cdn-retirement-phase2/step3/v3-docs/0x2a86c5466f088caebf94e071a77669bae371cd87/25811853076941608055270457512038717433705462539422789705262203111341130500915.json
0x2a86c5466f088caebf94e071a77669bae371cd87,156,25811853076941608055270457512038717433705462539422789705262203111341130500916,25811853076941608055270457512038717433705462539422789705262203111341130500916,QmSUYaAAwCD8yt4tViLkdkjtoYeMvSkKgVmQSR2XFCKKPt,ops/cdn-retirement-phase2/step3/v3-docs/0x2a86c5466f088caebf94e071a77669bae371cd87/25811853076941608055270457512038717433705462539422789705262203111341130500916.json
0x2a86c5466f088caebf94e071a77669bae371cd87,157,25811853076941608055270457512038717433705462539422789705262203111341130500917,25811853076941608055270457512038717433705462539422789705262203111341130500917,QmbNfSRgNDwfGyS9MaTQ1TqmRTQPUKxyPToLzF4VCv2FVy,ops/cdn-retirement-phase2/step3/v3-docs/0x2a86c5466f088caebf94e071a77669bae371cd87/25811853076941608055270457512038717433705462539422789705262203111341130500917.json
0x2a86c5466f088caebf94e071a77669bae371cd87,158,25811853076941608055270457512038717433705462539422789705262203111341130500918,25811853076941608055270457512038717433705462539422789705262203111341130500918,QmRKvyuoZ28eXLPhM137FPhMMQzofd7Q2LLAkKWj26CJJV,ops/cdn-retirement-phase2/step3/v3-docs/0x2a86c5466f088caebf94e071a77669bae371cd87/25811853076941608055270457512038717433705462539422789705262203111341130500918.json
0x2a86c5466f088caebf94e071a77669bae371cd87,159,25811853076941608055270457512038717433705462539422789705262203111341130500919,25811853076941608055270457512038717433705462539422789705262203111341130500919,QmZ2f3ubHoqmPMc1ZtjajyFzPVQwGrvVnXssRv2Kfo1rep,ops/cdn-retirement-phase2/step3/v3-docs/0x2a86c5466f088caebf94e071a77669bae371cd87/25811853076941608055270457512038717433705462539422789705262203111341130500919.json
0x2a86c5466f088caebf94e071a77669bae371cd87,16,15042014439770355205730296321097090521853295916950766059900103364979980239545,15042014439770355205730296321097090521853295916950766059900103364979980239545,QmP6RWfuFCEuw68C1BsWMybPV3AWtEWJvbYneGTeCHhvSs,ops/cdn-retirement-phase2/step3/v3-docs/0x2a86c5466f088caebf94e071a77669bae371cd87/15042014439770355205730296321097090521853295916950766059900103364979980239545.json
0x2a86c5466f088caebf94e071a77669bae371cd87,16,25811853076941608055270457512038717433705462539422789705262203111341130500776,25811853076941608055270457512038717433705462539422789705262203111341130500776,QmRG4Usr2d4hrLnZrFDyqs5YDA8iLVJ8pTQQFVuXp87a7U,ops/cdn-retirement-phase2/step3/v3-docs/0x2a86c5466f088caebf94e071a77669bae371cd87/25811853076941608055270457512038717433705462539422789705262203111341130500776.json
0x2a86c5466f088caebf94e071a77669bae371cd87,160,25811853076941608055270457512038717433705462539422789705262203111341130500920,25811853076941608055270457512038717433705462539422789705262203111341130500920,QmSHqKu1yX6K1RtEpxwV5ygRQx2YmDNb4ZmBmKPEkSfCfF,ops/cdn-retirement-phase2/step3/v3-docs/0x2a86c5466f088caebf94e071a77669bae371cd87/25811853076941608055270457512038717433705462539422789705262203111341130500920.json
0x2a86c5466f088caebf94e071a77669bae371cd87,161,25811853076941608055270457512038717433705462539422789705262203111341130500921,25811853076941608055270457512038717433705462539422789705262203111341130500921,QmXpkq1i46rqBHwcuH3akmckC9U9eFEp9ZvBhCZCKEWVXp,ops/cdn-retirement-phase2/step3/v3-docs/0x2a86c5466f088caebf94e071a77669bae371cd87/25811853076941608055270457512038717433705462539422789705262203111341130500921.json
0x2a86c5466f088caebf94e071a77669bae371cd87,162,25811853076941608055270457512038717433705462539422789705262203111341130500922,25811853076941608055270457512038717433705462539422789705262203111341130500922,QmcmFoYd3Axkwfddth4kbtWzTywhpkMchG5CNhZMHKqFrq,ops/cdn-retirement-phase2/step3/v3-docs/0x2a86c5466f088caebf94e071a77669bae371cd87/25811853076941608055270457512038717433705462539422789705262203111341130500922.json
0x2a86c5466f088caebf94e071a77669bae371cd87,163,25811853076941608055270457512038717433705462539422789705262203111341130500923,25811853076941608055270457512038717433705462539422789705262203111341130500923,QmWHgRMKjTQ5Z3NJAJhKmuvZRR24euXRwtMVt4kata1SVs,ops/cdn-retirement-phase2/step3/v3-docs/0x2a86c5466f088caebf94e071a77669bae371cd87/25811853076941608055270457512038717433705462539422789705262203111341130500923.json
0x2a86c5466f088caebf94e071a77669bae371cd87,164,25811853076941608055270457512038717433705462539422789705262203111341130500924,25811853076941608055270457512038717433705462539422789705262203111341130500924,QmbeusCz5W94BWvwFZ8mtRaCNGP76hQXz2xg87y9VKbfjq,ops/cdn-retirement-phase2/step3/v3-docs/0x2a86c5466f088caebf94e071a77669bae371cd87/25811853076941608055270457512038717433705462539422789705262203111341130500924.json
0x2a86c5466f088caebf94e071a77669bae371cd87,165,25811853076941608055270457512038717433705462539422789705262203111341130500925,25811853076941608055270457512038717433705462539422789705262203111341130500925,QmVWoNa91aPopHE2tivdu31AHsYRaCzhNsK5f1tYd2XDK9,ops/cdn-retirement-phase2/step3/v3-docs/0x2a86c5466f088caebf94e071a77669bae371cd87/25811853076941608055270457512038717433705462539422789705262203111341130500925.json
0x2a86c5466f088caebf94e071a77669bae371cd87,166,25811853076941608055270457512038717433705462539422789705262203111341130500926,25811853076941608055270457512038717433705462539422789705262203111341130500926,QmYe5rG8YnLfmEb4nMuboLqpx7NGqEHDSKNmHfnUw8At6G,ops/cdn-retirement-phase2/step3/v3-docs/0x2a86c5466f088caebf94e071a77669bae371cd87/25811853076941608055270457512038717433705462539422789705262203111341130500926.json
0x2a86c5466f088caebf94e071a77669bae371cd87,167,25811853076941608055270457512038717433705462539422789705262203111341130500927,25811853076941608055270457512038717433705462539422789705262203111341130500927,QmcPSTRevY8P8pEHxsnau7o9YcZDbHbGkQMjhQcYx3utp4,ops/cdn-retirement-phase2/step3/v3-docs/0x2a86c5466f088caebf94e071a77669bae371cd87/25811853076941608055270457512038717433705462539422789705262203111341130500927.json
0x2a86c5466f088caebf94e071a77669bae371cd87,168,25811853076941608055270457512038717433705462539422789705262203111341130500928,25811853076941608055270457512038717433705462539422789705262203111341130500928,QmTD7K2HASK34ckj233Hw2Eyp7qrquRr5j6dr3nHZVYmyo,ops/cdn-retirement-phase2/step3/v3-docs/0x2a86c5466f088caebf94e071a77669bae371cd87/25811853076941608055270457512038717433705462539422789705262203111341130500928.json
0x2a86c5466f088caebf94e071a77669bae371cd87,169,25811853076941608055270457512038717433705462539422789705262203111341130500929,25811853076941608055270457512038717433705462539422789705262203111341130500929,QmYEDBnwpCpA3mRxVJdA1iELKdJnSgR3LKV5W5nQEu93VA,ops/cdn-retirement-phase2/step3/v3-docs/0x2a86c5466f088caebf94e071a77669bae371cd87/25811853076941608055270457512038717433705462539422789705262203111341130500929.json
0x2a86c5466f088caebf94e071a77669bae371cd87,17,15042014439770355205730296321097090521853295916950766059900103364979980239546,15042014439770355205730296321097090521853295916950766059900103364979980239546,QmeGDF4GMoReMrxHAnErarpJMZQXhRXC3U8DPfQugsSmNL,ops/cdn-retirement-phase2/step3/v3-docs/0x2a86c5466f088caebf94e071a77669bae371cd87/15042014439770355205730296321097090521853295916950766059900103364979980239546.json
0x2a86c5466f088caebf94e071a77669bae371cd87,17,25811853076941608055270457512038717433705462539422789705262203111341130500777,25811853076941608055270457512038717433705462539422789705262203111341130500777,QmQ6vDVbhZSEzM5ur2WrXcmtBEQW51PGjnMWhHwThxAsJx,ops/cdn-retirement-phase2/step3/v3-docs/0x2a86c5466f088caebf94e071a77669bae371cd87/25811853076941608055270457512038717433705462539422789705262203111341130500777.json
0x2a86c5466f088caebf94e071a77669bae371cd87,170,25811853076941608055270457512038717433705462539422789705262203111341130500930,25811853076941608055270457512038717433705462539422789705262203111341130500930,QmQ9MfezX9BVyonp7Y5drA2eMuivmkGc9c3vesoUCJVmcs,ops/cdn-retirement-phase2/step3/v3-docs/0x2a86c5466f088caebf94e071a77669bae371cd87/25811853076941608055270457512038717433705462539422789705262203111341130500930.json
0x2a86c5466f088caebf94e071a77669bae371cd87,171,25811853076941608055270457512038717433705462539422789705262203111341130500931,25811853076941608055270457512038717433705462539422789705262203111341130500931,QmbxkYePUnhLDLjjgCVgRpPU8a4XAkut1cfz4uxsJzwKiX,ops/cdn-retirement-phase2/step3/v3-docs/0x2a86c5466f088caebf94e071a77669bae371cd87/25811853076941608055270457512038717433705462539422789705262203111341130500931.json
0x2a86c5466f088caebf94e071a77669bae371cd87,172,25811853076941608055270457512038717433705462539422789705262203111341130500932,25811853076941608055270457512038717433705462539422789705262203111341130500932,QmQQmF8JQfUAPRB3YpGTyY9bksHXEbwJEuuiyepmzH8f4z,ops/cdn-retirement-phase2/step3/v3-docs/0x2a86c5466f088caebf94e071a77669bae371cd87/25811853076941608055270457512038717433705462539422789705262203111341130500932.json
0x2a86c5466f088caebf94e071a77669bae371cd87,173,25811853076941608055270457512038717433705462539422789705262203111341130500933,25811853076941608055270457512038717433705462539422789705262203111341130500933,QmczUMTEDKXYS7izNLb8Ta9CJgpk7WTPs8K7hQaaeATMZ8,ops/cdn-retirement-phase2/step3/v3-docs/0x2a86c5466f088caebf94e071a77669bae371cd87/25811853076941608055270457512038717433705462539422789705262203111341130500933.json
0x2a86c5466f088caebf94e071a77669bae371cd87,174,25811853076941608055270457512038717433705462539422789705262203111341130500934,25811853076941608055270457512038717433705462539422789705262203111341130500934,QmdjzmVLn4PdrpcSBn8ZSiqrkJsGwXgY3wizaeSxLUTisb,ops/cdn-retirement-phase2/step3/v3-docs/0x2a86c5466f088caebf94e071a77669bae371cd87/25811853076941608055270457512038717433705462539422789705262203111341130500934.json
0x2a86c5466f088caebf94e071a77669bae371cd87,175,25811853076941608055270457512038717433705462539422789705262203111341130500935,25811853076941608055270457512038717433705462539422789705262203111341130500935,QmTVp6AKBiAAmnQ2cYnk7kzbCyfTsRDNyxBN6A5gT9zuoF,ops/cdn-retirement-phase2/step3/v3-docs/0x2a86c5466f088caebf94e071a77669bae371cd87/25811853076941608055270457512038717433705462539422789705262203111341130500935.json
0x2a86c5466f088caebf94e071a77669bae371cd87,176,25811853076941608055270457512038717433705462539422789705262203111341130500936,25811853076941608055270457512038717433705462539422789705262203111341130500936,QmWPYvbAdAGsoQG2NNqBBBrTnjtLyZuwFrxVwaPGwvce9c,ops/cdn-retirement-phase2/step3/v3-docs/0x2a86c5466f088caebf94e071a77669bae371cd87/25811853076941608055270457512038717433705462539422789705262203111341130500936.json
0x2a86c5466f088caebf94e071a77669bae371cd87,177,25811853076941608055270457512038717433705462539422789705262203111341130500937,25811853076941608055270457512038717433705462539422789705262203111341130500937,QmdtkmPCBAYwhsUSVUa73pA8gjJsS8jVA5QnQDehJDGe2F,ops/cdn-retirement-phase2/step3/v3-docs/0x2a86c5466f088caebf94e071a77669bae371cd87/25811853076941608055270457512038717433705462539422789705262203111341130500937.json
0x2a86c5466f088caebf94e071a77669bae371cd87,178,25811853076941608055270457512038717433705462539422789705262203111341130500938,25811853076941608055270457512038717433705462539422789705262203111341130500938,QmbPCanFrsjA9BAgLX6487UcqWU6QoL5p2vvZKoxvmqXyL,ops/cdn-retirement-phase2/step3/v3-docs/0x2a86c5466f088caebf94e071a77669bae371cd87/25811853076941608055270457512038717433705462539422789705262203111341130500938.json
0x2a86c5466f088caebf94e071a77669bae371cd87,179,25811853076941608055270457512038717433705462539422789705262203111341130500939,25811853076941608055270457512038717433705462539422789705262203111341130500939,QmPcZB15Bre4EEsL7fgnC3HDYuFtdgV77KWeE4hZHm8uAm,ops/cdn-retirement-phase2/step3/v3-docs/0x2a86c5466f088caebf94e071a77669bae371cd87/25811853076941608055270457512038717433705462539422789705262203111341130500939.json
0x2a86c5466f088caebf94e071a77669bae371cd87,18,15042014439770355205730296321097090521853295916950766059900103364979980239547,15042014439770355205730296321097090521853295916950766059900103364979980239547,QmNjziiYY1J8pza7DdViYbnnV7hQptQToWu2EVahvxgP4h,ops/cdn-retirement-phase2/step3/v3-docs/0x2a86c5466f088caebf94e071a77669bae371cd87/15042014439770355205730296321097090521853295916950766059900103364979980239547.json
0x2a86c5466f088caebf94e071a77669bae371cd87,18,25811853076941608055270457512038717433705462539422789705262203111341130500778,25811853076941608055270457512038717433705462539422789705262203111341130500778,QmfH9uYpTnnhbRV5ZtwsjDNt1AjEtsn7D4AbS9qBEybbgo,ops/cdn-retirement-phase2/step3/v3-docs/0x2a86c5466f088caebf94e071a77669bae371cd87/25811853076941608055270457512038717433705462539422789705262203111341130500778.json
0x2a86c5466f088caebf94e071a77669bae371cd87,180,25811853076941608055270457512038717433705462539422789705262203111341130500940,25811853076941608055270457512038717433705462539422789705262203111341130500940,QmeBX5wYMNPcyYsgSPw5oiEVeTppqYFk4UwHyC77zPpA4p,ops/cdn-retirement-phase2/step3/v3-docs/0x2a86c5466f088caebf94e071a77669bae371cd87/25811853076941608055270457512038717433705462539422789705262203111341130500940.json
0x2a86c5466f088caebf94e071a77669bae371cd87,181,25811853076941608055270457512038717433705462539422789705262203111341130500941,25811853076941608055270457512038717433705462539422789705262203111341130500941,QmWBK82WGt7vasfpX5akqhFZe35FLBVbutN5pj3QEPSUZW,ops/cdn-retirement-phase2/step3/v3-docs/0x2a86c5466f088caebf94e071a77669bae371cd87/25811853076941608055270457512038717433705462539422789705262203111341130500941.json
0x2a86c5466f088caebf94e071a77669bae371cd87,182,25811853076941608055270457512038717433705462539422789705262203111341130500942,25811853076941608055270457512038717433705462539422789705262203111341130500942,QmcQTtPSegFLk7Fw8ZWZvvmYJBahzZowNRVBma2HqbS9i2,ops/cdn-retirement-phase2/step3/v3-docs/0x2a86c5466f088caebf94e071a77669bae371cd87/25811853076941608055270457512038717433705462539422789705262203111341130500942.json
0x2a86c5466f088caebf94e071a77669bae371cd87,183,25811853076941608055270457512038717433705462539422789705262203111341130500943,25811853076941608055270457512038717433705462539422789705262203111341130500943,QmXVDMQhoL5ZNiCFbbFkQRnxqufkz1UKd3ZNwczUzwzkqq,ops/cdn-retirement-phase2/step3/v3-docs/0x2a86c5466f088caebf94e071a77669bae371cd87/25811853076941608055270457512038717433705462539422789705262203111341130500943.json
0x2a86c5466f088caebf94e071a77669bae371cd87,184,25811853076941608055270457512038717433705462539422789705262203111341130500944,25811853076941608055270457512038717433705462539422789705262203111341130500944,QmX44CagzVByg7S4kXmVAahetVesnFM4Hi63jqt84p26NX,ops/cdn-retirement-phase2/step3/v3-docs/0x2a86c5466f088caebf94e071a77669bae371cd87/25811853076941608055270457512038717433705462539422789705262203111341130500944.json
0x2a86c5466f088caebf94e071a77669bae371cd87,185,25811853076941608055270457512038717433705462539422789705262203111341130500945,25811853076941608055270457512038717433705462539422789705262203111341130500945,QmcGi19eacmyCH9Z5jXkLfG1KaKAXW8L97xQJr1GPQD2jr,ops/cdn-retirement-phase2/step3/v3-docs/0x2a86c5466f088caebf94e071a77669bae371cd87/25811853076941608055270457512038717433705462539422789705262203111341130500945.json
0x2a86c5466f088caebf94e071a77669bae371cd87,186,25811853076941608055270457512038717433705462539422789705262203111341130500946,25811853076941608055270457512038717433705462539422789705262203111341130500946,QmVSN2AEvJbEt1gwegNkwuUWCWdvdCtLRppeDDq4JHXnc8,ops/cdn-retirement-phase2/step3/v3-docs/0x2a86c5466f088caebf94e071a77669bae371cd87/25811853076941608055270457512038717433705462539422789705262203111341130500946.json
0x2a86c5466f088caebf94e071a77669bae371cd87,187,25811853076941608055270457512038717433705462539422789705262203111341130500947,25811853076941608055270457512038717433705462539422789705262203111341130500947,QmQXkjdbiBjU26BJT1HtsckN3TMLonYQaaajDRJcuaeSKQ,ops/cdn-retirement-phase2/step3/v3-docs/0x2a86c5466f088caebf94e071a77669bae371cd87/25811853076941608055270457512038717433705462539422789705262203111341130500947.json
0x2a86c5466f088caebf94e071a77669bae371cd87,188,25811853076941608055270457512038717433705462539422789705262203111341130500948,25811853076941608055270457512038717433705462539422789705262203111341130500948,QmQmhWpHLLfQfnK97NZFtx5VAPFmfxJV2vTzVn5UNEA4PF,ops/cdn-retirement-phase2/step3/v3-docs/0x2a86c5466f088caebf94e071a77669bae371cd87/25811853076941608055270457512038717433705462539422789705262203111341130500948.json
0x2a86c5466f088caebf94e071a77669bae371cd87,189,25811853076941608055270457512038717433705462539422789705262203111341130500949,25811853076941608055270457512038717433705462539422789705262203111341130500949,QmZvrNyR4byAQbiuVWv5rcM2WWSVC4L94oYh21aaLpqoN3,ops/cdn-retirement-phase2/step3/v3-docs/0x2a86c5466f088caebf94e071a77669bae371cd87/25811853076941608055270457512038717433705462539422789705262203111341130500949.json
0x2a86c5466f088caebf94e071a77669bae371cd87,19,15042014439770355205730296321097090521853295916950766059900103364979980239548,15042014439770355205730296321097090521853295916950766059900103364979980239548,QmYQ2gC4Ury4KBD4sQmPecAEmthdFcwkCdyRmKsXatoMDn,ops/cdn-retirement-phase2/step3/v3-docs/0x2a86c5466f088caebf94e071a77669bae371cd87/15042014439770355205730296321097090521853295916950766059900103364979980239548.json
0x2a86c5466f088caebf94e071a77669bae371cd87,19,25811853076941608055270457512038717433705462539422789705262203111341130500779,25811853076941608055270457512038717433705462539422789705262203111341130500779,QmXrSXHQvFfufUGXeEZDHCZAwCs9iKHwzqbME6rdZfX48D,ops/cdn-retirement-phase2/step3/v3-docs/0x2a86c5466f088caebf94e071a77669bae371cd87/25811853076941608055270457512038717433705462539422789705262203111341130500779.json
0x2a86c5466f088caebf94e071a77669bae371cd87,190,25811853076941608055270457512038717433705462539422789705262203111341130500950,25811853076941608055270457512038717433705462539422789705262203111341130500950,QmbJtATKPCg2FTkeEJfcBEVU75NZmJgT1Hgf77o6UsqcAF,ops/cdn-retirement-phase2/step3/v3-docs/0x2a86c5466f088caebf94e071a77669bae371cd87/25811853076941608055270457512038717433705462539422789705262203111341130500950.json
0x2a86c5466f088caebf94e071a77669bae371cd87,191,25811853076941608055270457512038717433705462539422789705262203111341130500951,25811853076941608055270457512038717433705462539422789705262203111341130500951,QmRhzRY5fVX1SFdj73QKu4wtsaaDY7bZfHRXkCDboze5bW,ops/cdn-retirement-phase2/step3/v3-docs/0x2a86c5466f088caebf94e071a77669bae371cd87/25811853076941608055270457512038717433705462539422789705262203111341130500951.json
0x2a86c5466f088caebf94e071a77669bae371cd87,192,25811853076941608055270457512038717433705462539422789705262203111341130500952,25811853076941608055270457512038717433705462539422789705262203111341130500952,QmaMHuKrAYD5NbXkmoVUbksR1w3har6P1s5g5MR95vZGAh,ops/cdn-retirement-phase2/step3/v3-docs/0x2a86c5466f088caebf94e071a77669bae371cd87/25811853076941608055270457512038717433705462539422789705262203111341130500952.json
0x2a86c5466f088caebf94e071a77669bae371cd87,193,25811853076941608055270457512038717433705462539422789705262203111341130500953,25811853076941608055270457512038717433705462539422789705262203111341130500953,QmQzHyUJAHCKJRm7q7nTf9JXZV76stCn58wKLKwGhUZV8S,ops/cdn-retirement-phase2/step3/v3-docs/0x2a86c5466f088caebf94e071a77669bae371cd87/25811853076941608055270457512038717433705462539422789705262203111341130500953.json
0x2a86c5466f088caebf94e071a77669bae371cd87,194,25811853076941608055270457512038717433705462539422789705262203111341130500954,25811853076941608055270457512038717433705462539422789705262203111341130500954,QmNLhFvCDJEnXyLrhPeKRHfRsgFy6sg552ReAieGFp3N87,ops/cdn-retirement-phase2/step3/v3-docs/0x2a86c5466f088caebf94e071a77669bae371cd87/25811853076941608055270457512038717433705462539422789705262203111341130500954.json
0x2a86c5466f088caebf94e071a77669bae371cd87,195,25811853076941608055270457512038717433705462539422789705262203111341130500955,25811853076941608055270457512038717433705462539422789705262203111341130500955,QmXn6teJjJbeRkKDLoPowanDzzKHWWXyUbud6g1oiFw6wc,ops/cdn-retirement-phase2/step3/v3-docs/0x2a86c5466f088caebf94e071a77669bae371cd87/25811853076941608055270457512038717433705462539422789705262203111341130500955.json
0x2a86c5466f088caebf94e071a77669bae371cd87,196,25811853076941608055270457512038717433705462539422789705262203111341130500956,25811853076941608055270457512038717433705462539422789705262203111341130500956,QmdJBz47HF3pFd6cfjqfKjdjNSvRmAgQVvV96aL1fyADTh,ops/cdn-retirement-phase2/step3/v3-docs/0x2a86c5466f088caebf94e071a77669bae371cd87/25811853076941608055270457512038717433705462539422789705262203111341130500956.json
0x2a86c5466f088caebf94e071a77669bae371cd87,197,25811853076941608055270457512038717433705462539422789705262203111341130500957,25811853076941608055270457512038717433705462539422789705262203111341130500957,QmfELJs9Jy9JDQ6Uh1ji5sCSWN8MuC2vy91bBzMD9pPAGJ,ops/cdn-retirement-phase2/step3/v3-docs/0x2a86c5466f088caebf94e071a77669bae371cd87/25811853076941608055270457512038717433705462539422789705262203111341130500957.json
0x2a86c5466f088caebf94e071a77669bae371cd87,198,25811853076941608055270457512038717433705462539422789705262203111341130500958,25811853076941608055270457512038717433705462539422789705262203111341130500958,QmXKxoR5Qp8tf4CosYFowiPii5QTKt5wJPW9onzZjFsWWP,ops/cdn-retirement-phase2/step3/v3-docs/0x2a86c5466f088caebf94e071a77669bae371cd87/25811853076941608055270457512038717433705462539422789705262203111341130500958.json
0x2a86c5466f088caebf94e071a77669bae371cd87,199,25811853076941608055270457512038717433705462539422789705262203111341130500959,25811853076941608055270457512038717433705462539422789705262203111341130500959,QmbT5RrChpULu8QiUbFtVUwDNQAvfJv6dBDfT9PtofYDXf,ops/cdn-retirement-phase2/step3/v3-docs/0x2a86c5466f088caebf94e071a77669bae371cd87/25811853076941608055270457512038717433705462539422789705262203111341130500959.json
0x2a86c5466f088caebf94e071a77669bae371cd87,2,102483456495595525347856182687662158730242810709523643804999349043957638016885,102483456495595525347856182687662158730242810709523643804999349043957638016885,QmR61kxHymNqswdbrXxytAgkdBT24afLsSah2NV7f8JF4T,ops/cdn-retirement-phase2/step3/v3-docs/0x2a86c5466f088caebf94e071a77669bae371cd87/102483456495595525347856182687662158730242810709523643804999349043957638016885.json
0x2a86c5466f088caebf94e071a77669bae371cd87,2,111109302664824670737185277429938920398498513320697055470028732876817166971477,111109302664824670737185277429938920398498513320697055470028732876817166971477,QmfZ9DYaWEKSadADASuHcbwhGG4GFcmE71vUGgvifx2ue1,ops/cdn-retirement-phase2/step3/v3-docs/0x2a86c5466f088caebf94e071a77669bae371cd87/111109302664824670737185277429938920398498513320697055470028732876817166971477.json
0x2a86c5466f088caebf94e071a77669bae371cd87,2,114509197042641126982266828896949519237122822493274123627313583916128762606679,114509197042641126982266828896949519237122822493274123627313583916128762606679,QmfKZQiRyv1wftfTraE1ctp62mVBqhDfX5CbgaJV7Pf2x6,ops/cdn-retirement-phase2/step3/v3-docs/0x2a86c5466f088caebf94e071a77669bae371cd87/114509197042641126982266828896949519237122822493274123627313583916128762606679.json
0x2a86c5466f088caebf94e071a77669bae371cd87,2,115153310228114666588851347772754489107974000689653741321876665973855418043403,115153310228114666588851347772754489107974000689653741321876665973855418043403,QmRzeGFXAYB6KaLbchYvtYw5DCHj9yKnnRdERBxMexitMc,ops/cdn-retirement-phase2/step3/v3-docs/0x2a86c5466f088caebf94e071a77669bae371cd87/115153310228114666588851347772754489107974000689653741321876665973855418043403.json
0x2a86c5466f088caebf94e071a77669bae371cd87,2,15042014439770355205730296321097090521853295916950766059900103364979980239531,15042014439770355205730296321097090521853295916950766059900103364979980239531,QmQbxSehx3rkNCcutA1BEbMfnZFZsez8ivemD8VNZAojMD,ops/cdn-retirement-phase2/step3/v3-docs/0x2a86c5466f088caebf94e071a77669bae371cd87/15042014439770355205730296321097090521853295916950766059900103364979980239531.json
0x2a86c5466f088caebf94e071a77669bae371cd87,2,23054627654022293378557484339859314570662620440316285194737095994444934294388,23054627654022293378557484339859314570662620440316285194737095994444934294388,QmfHhnDCf1EdAqfh7UMk2rH1tq2RikPcBbBDXrj8duMMPa,ops/cdn-retirement-phase2/step3/v3-docs/0x2a86c5466f088caebf94e071a77669bae371cd87/23054627654022293378557484339859314570662620440316285194737095994444934294388.json
0x2a86c5466f088caebf94e071a77669bae371cd87,2,25811853076941608055270457512038717433705462539422789705262203111341130500762,25811853076941608055270457512038717433705462539422789705262203111341130500762,QmcHhfLL7H95QMo2akv71f2aoEX4MnBZU33FPcJjajLde5,ops/cdn-retirement-phase2/step3/v3-docs/0x2a86c5466f088caebf94e071a77669bae371cd87/25811853076941608055270457512038717433705462539422789705262203111341130500762.json
0x2a86c5466f088caebf94e071a77669bae371cd87,2,34585829179764704558776471721101382364497188835544837351424684262481243220357,34585829179764704558776471721101382364497188835544837351424684262481243220357,QmVWiuYbuKB8puVA5ZosHuqzweE4nzQHD3rjd658k2rGBg,ops/cdn-retirement-phase2/step3/v3-docs/0x2a86c5466f088caebf94e071a77669bae371cd87/34585829179764704558776471721101382364497188835544837351424684262481243220357.json
0x2a86c5466f088caebf94e071a77669bae371cd87,2,44336782902772445271281414922165901279839521989210301461051430933994537843289,44336782902772445271281414922165901279839521989210301461051430933994537843289,QmQ3W3eJg2GZP8A2Rc8NEmqezQWiUoAF6TeV4YSf9uKKKa,ops/cdn-retirement-phase2/step3/v3-docs/0x2a86c5466f088caebf94e071a77669bae371cd87/44336782902772445271281414922165901279839521989210301461051430933994537843289.json
0x2a86c5466f088caebf94e071a77669bae371cd87,2,45127790317892297463290330756789683137919514630173258349099212122291675493584,45127790317892297463290330756789683137919514630173258349099212122291675493584,QmciSgMSurZ5N44ZKi2hG2hKJTWFvEqbNuymEDMEhNeyxb,ops/cdn-retirement-phase2/step3/v3-docs/0x2a86c5466f088caebf94e071a77669bae371cd87/45127790317892297463290330756789683137919514630173258349099212122291675493584.json
0x2a86c5466f088caebf94e071a77669bae371cd87,2,58808081037102973047914285344327235059767077645065607051796863932382238600162,58808081037102973047914285344327235059767077645065607051796863932382238600162,QmSGqzv4VMM2UxxSnBQLY5aBTY7WSDpSqW9BrW854hF2DW,ops/cdn-retirement-phase2/step3/v3-docs/0x2a86c5466f088caebf94e071a77669bae371cd87/58808081037102973047914285344327235059767077645065607051796863932382238600162.json
0x2a86c5466f088caebf94e071a77669bae371cd87,2,69037219782415170039743351977361926117918379142220489214116017537486336548226,69037219782415170039743351977361926117918379142220489214116017537486336548226,QmcEdXPyZmKxuvWuZWfDn1MmpeV3RGue3KiEZPWDH7KTzx,ops/cdn-retirement-phase2/step3/v3-docs/0x2a86c5466f088caebf94e071a77669bae371cd87/69037219782415170039743351977361926117918379142220489214116017537486336548226.json
0x2a86c5466f088caebf94e071a77669bae371cd87,2,81822415981171894284716765232211393989809838876971274183632474922438819548894,81822415981171894284716765232211393989809838876971274183632474922438819548894,QmZxwdCC5rvwTMy3sq2if1Swx4T4ZbmTcqzy56r7Q4XX3F,ops/cdn-retirement-phase2/step3/v3-docs/0x2a86c5466f088caebf94e071a77669bae371cd87/81822415981171894284716765232211393989809838876971274183632474922438819548894.json
0x2a86c5466f088caebf94e071a77669bae371cd87,2,84192194988336887268297181860741868331806134895311371625270671533240495509721,84192194988336887268297181860741868331806134895311371625270671533240495509721,QmeGn7wtuxNXydWucncPU1aJzZxLsMUW7RUmTSeWf24jHg,ops/cdn-retirement-phase2/step3/v3-docs/0x2a86c5466f088caebf94e071a77669bae371cd87/84192194988336887268297181860741868331806134895311371625270671533240495509721.json
0x2a86c5466f088caebf94e071a77669bae371cd87,2,91641052224213995292130106305607107853658918792519691461793480796244015798259,91641052224213995292130106305607107853658918792519691461793480796244015798259,QmbDhPpFiofNxyAGAaJQqTJfMA4rhkQYwFwU9zkfSj3dM9,ops/cdn-retirement-phase2/step3/v3-docs/0x2a86c5466f088caebf94e071a77669bae371cd87/91641052224213995292130106305607107853658918792519691461793480796244015798259.json
0x2a86c5466f088caebf94e071a77669bae371cd87,20,15042014439770355205730296321097090521853295916950766059900103364979980239549,15042014439770355205730296321097090521853295916950766059900103364979980239549,QmRzRfdYq9N12aknmvNvpZB5EvTwxmzYnXXyLDEk25gxQ8,ops/cdn-retirement-phase2/step3/v3-docs/0x2a86c5466f088caebf94e071a77669bae371cd87/15042014439770355205730296321097090521853295916950766059900103364979980239549.json
0x2a86c5466f088caebf94e071a77669bae371cd87,20,25811853076941608055270457512038717433705462539422789705262203111341130500780,25811853076941608055270457512038717433705462539422789705262203111341130500780,QmcqXyBpNfLMuTBCnsyhYzq7bwpBMJo68HerDXXpgHi99K,ops/cdn-retirement-phase2/step3/v3-docs/0x2a86c5466f088caebf94e071a77669bae371cd87/25811853076941608055270457512038717433705462539422789705262203111341130500780.json
0x2a86c5466f088caebf94e071a77669bae371cd87,200,25811853076941608055270457512038717433705462539422789705262203111341130500960,25811853076941608055270457512038717433705462539422789705262203111341130500960,QmVQ1Vmk25atqYWdsqZfk71g5gqDz6YxXdnkD2mHJtGtWT,ops/cdn-retirement-phase2/step3/v3-docs/0x2a86c5466f088caebf94e071a77669bae371cd87/25811853076941608055270457512038717433705462539422789705262203111341130500960.json
0x2a86c5466f088caebf94e071a77669bae371cd87,201,25811853076941608055270457512038717433705462539422789705262203111341130500961,25811853076941608055270457512038717433705462539422789705262203111341130500961,QmaHBVf6TbWWdgmMEWoMUje9sQFffsHaSKj13XyXoDoQSB,ops/cdn-retirement-phase2/step3/v3-docs/0x2a86c5466f088caebf94e071a77669bae371cd87/25811853076941608055270457512038717433705462539422789705262203111341130500961.json
0x2a86c5466f088caebf94e071a77669bae371cd87,202,25811853076941608055270457512038717433705462539422789705262203111341130500962,25811853076941608055270457512038717433705462539422789705262203111341130500962,Qmcs5mDMqn9SbgzxbwyPsbzenCNAY8friGpF1nMWokQvUv,ops/cdn-retirement-phase2/step3/v3-docs/0x2a86c5466f088caebf94e071a77669bae371cd87/25811853076941608055270457512038717433705462539422789705262203111341130500962.json
0x2a86c5466f088caebf94e071a77669bae371cd87,203,25811853076941608055270457512038717433705462539422789705262203111341130500963,25811853076941608055270457512038717433705462539422789705262203111341130500963,QmZHAU2oSDjELHL9rw7H3dLrVKJgaf2wRBUrHt3jsGbRdJ,ops/cdn-retirement-phase2/step3/v3-docs/0x2a86c5466f088caebf94e071a77669bae371cd87/25811853076941608055270457512038717433705462539422789705262203111341130500963.json
0x2a86c5466f088caebf94e071a77669bae371cd87,204,25811853076941608055270457512038717433705462539422789705262203111341130500964,25811853076941608055270457512038717433705462539422789705262203111341130500964,Qmasw8s29JsKBmrn5hawYZNNWRqVErsLQ6zdrED2Z52ZHg,ops/cdn-retirement-phase2/step3/v3-docs/0x2a86c5466f088caebf94e071a77669bae371cd87/25811853076941608055270457512038717433705462539422789705262203111341130500964.json
0x2a86c5466f088caebf94e071a77669bae371cd87,205,25811853076941608055270457512038717433705462539422789705262203111341130500965,25811853076941608055270457512038717433705462539422789705262203111341130500965,QmZNSsnUGKPziqULjsKnPX2uZkwkdJWtnvYxiGZjZojqTT,ops/cdn-retirement-phase2/step3/v3-docs/0x2a86c5466f088caebf94e071a77669bae371cd87/25811853076941608055270457512038717433705462539422789705262203111341130500965.json
0x2a86c5466f088caebf94e071a77669bae371cd87,206,25811853076941608055270457512038717433705462539422789705262203111341130500966,25811853076941608055270457512038717433705462539422789705262203111341130500966,QmXia39c4bgNfwS9wcmfmWxwM8txPCqqdmhvDyccFnf7cZ,ops/cdn-retirement-phase2/step3/v3-docs/0x2a86c5466f088caebf94e071a77669bae371cd87/25811853076941608055270457512038717433705462539422789705262203111341130500966.json
0x2a86c5466f088caebf94e071a77669bae371cd87,207,25811853076941608055270457512038717433705462539422789705262203111341130500967,25811853076941608055270457512038717433705462539422789705262203111341130500967,QmcUqUYo6HzWSrqmBfXWAAefbvo1VcLMeSJwS1rYY61dh1,ops/cdn-retirement-phase2/step3/v3-docs/0x2a86c5466f088caebf94e071a77669bae371cd87/25811853076941608055270457512038717433705462539422789705262203111341130500967.json
0x2a86c5466f088caebf94e071a77669bae371cd87,208,25811853076941608055270457512038717433705462539422789705262203111341130500968,25811853076941608055270457512038717433705462539422789705262203111341130500968,QmX71zJyjVSfWgVaezdd13SjbC5XK31c15QWHQokywAWua,ops/cdn-retirement-phase2/step3/v3-docs/0x2a86c5466f088caebf94e071a77669bae371cd87/25811853076941608055270457512038717433705462539422789705262203111341130500968.json
0x2a86c5466f088caebf94e071a77669bae371cd87,209,25811853076941608055270457512038717433705462539422789705262203111341130500969,25811853076941608055270457512038717433705462539422789705262203111341130500969,QmWiL7UA9LRTjo1cLMPHsNe7VqDUZ4jdqmrmnhqFNL58BU,ops/cdn-retirement-phase2/step3/v3-docs/0x2a86c5466f088caebf94e071a77669bae371cd87/25811853076941608055270457512038717433705462539422789705262203111341130500969.json
0x2a86c5466f088caebf94e071a77669bae371cd87,21,15042014439770355205730296321097090521853295916950766059900103364979980239550,15042014439770355205730296321097090521853295916950766059900103364979980239550,QmaugoWxRCapDxUbnDZACBHZqEwwKHaLNjbgnhHENNB5DG,ops/cdn-retirement-phase2/step3/v3-docs/0x2a86c5466f088caebf94e071a77669bae371cd87/15042014439770355205730296321097090521853295916950766059900103364979980239550.json
0x2a86c5466f088caebf94e071a77669bae371cd87,21,25811853076941608055270457512038717433705462539422789705262203111341130500781,25811853076941608055270457512038717433705462539422789705262203111341130500781,Qmd9cSL7eBX1p4tXuP16LxcG5LPVZEfDxbM4BmXK4zPiaP,ops/cdn-retirement-phase2/step3/v3-docs/0x2a86c5466f088caebf94e071a77669bae371cd87/25811853076941608055270457512038717433705462539422789705262203111341130500781.json
0x2a86c5466f088caebf94e071a77669bae371cd87,210,25811853076941608055270457512038717433705462539422789705262203111341130500970,25811853076941608055270457512038717433705462539422789705262203111341130500970,QmWACsPB1RDqWxqid4e1v3rZKSz6UUgavA2sY14wo375AM,ops/cdn-retirement-phase2/step3/v3-docs/0x2a86c5466f088caebf94e071a77669bae371cd87/25811853076941608055270457512038717433705462539422789705262203111341130500970.json
0x2a86c5466f088caebf94e071a77669bae371cd87,211,25811853076941608055270457512038717433705462539422789705262203111341130500971,25811853076941608055270457512038717433705462539422789705262203111341130500971,QmS55mNDhWHA31JHGaNwE6dWsCuv9vy9eCQ9doqyjgDAeM,ops/cdn-retirement-phase2/step3/v3-docs/0x2a86c5466f088caebf94e071a77669bae371cd87/25811853076941608055270457512038717433705462539422789705262203111341130500971.json
0x2a86c5466f088caebf94e071a77669bae371cd87,212,25811853076941608055270457512038717433705462539422789705262203111341130500972,25811853076941608055270457512038717433705462539422789705262203111341130500972,QmXm5U79QpHLJ1v6o4uThdhv8zskwmxK4tJhyoXTzqv3Er,ops/cdn-retirement-phase2/step3/v3-docs/0x2a86c5466f088caebf94e071a77669bae371cd87/25811853076941608055270457512038717433705462539422789705262203111341130500972.json
0x2a86c5466f088caebf94e071a77669bae371cd87,213,25811853076941608055270457512038717433705462539422789705262203111341130500973,25811853076941608055270457512038717433705462539422789705262203111341130500973,QmeZ2872Rnu8gtnZfwUUSfsRgHid1sAL71ZmmUeoawGCCJ,ops/cdn-retirement-phase2/step3/v3-docs/0x2a86c5466f088caebf94e071a77669bae371cd87/25811853076941608055270457512038717433705462539422789705262203111341130500973.json
0x2a86c5466f088caebf94e071a77669bae371cd87,214,25811853076941608055270457512038717433705462539422789705262203111341130500974,25811853076941608055270457512038717433705462539422789705262203111341130500974,QmexAefwsCx8dKeztfeL2qnpTx97PT316b1fK8ZU1UT8yM,ops/cdn-retirement-phase2/step3/v3-docs/0x2a86c5466f088caebf94e071a77669bae371cd87/25811853076941608055270457512038717433705462539422789705262203111341130500974.json
0x2a86c5466f088caebf94e071a77669bae371cd87,215,25811853076941608055270457512038717433705462539422789705262203111341130500975,25811853076941608055270457512038717433705462539422789705262203111341130500975,QmZVLFovjhiN7F67ADUek8vyheo4RFQKxVm4scsqTYguyE,ops/cdn-retirement-phase2/step3/v3-docs/0x2a86c5466f088caebf94e071a77669bae371cd87/25811853076941608055270457512038717433705462539422789705262203111341130500975.json
0x2a86c5466f088caebf94e071a77669bae371cd87,216,25811853076941608055270457512038717433705462539422789705262203111341130500976,25811853076941608055270457512038717433705462539422789705262203111341130500976,QmazB1nRJRDrxkLZkbikXKaJ9yhWZefA3cddpJe9Y2K4uR,ops/cdn-retirement-phase2/step3/v3-docs/0x2a86c5466f088caebf94e071a77669bae371cd87/25811853076941608055270457512038717433705462539422789705262203111341130500976.json
0x2a86c5466f088caebf94e071a77669bae371cd87,217,25811853076941608055270457512038717433705462539422789705262203111341130500977,25811853076941608055270457512038717433705462539422789705262203111341130500977,Qmc41fu3xiQ9FLJ7DaSRDQL7JSjUCbEADzcNjiWcW6L66L,ops/cdn-retirement-phase2/step3/v3-docs/0x2a86c5466f088caebf94e071a77669bae371cd87/25811853076941608055270457512038717433705462539422789705262203111341130500977.json
0x2a86c5466f088caebf94e071a77669bae371cd87,218,25811853076941608055270457512038717433705462539422789705262203111341130500978,25811853076941608055270457512038717433705462539422789705262203111341130500978,Qmd2jAH1sPUasn6mK7CH4ftmASCfjhyEynj2QRpG2qniPJ,ops/cdn-retirement-phase2/step3/v3-docs/0x2a86c5466f088caebf94e071a77669bae371cd87/25811853076941608055270457512038717433705462539422789705262203111341130500978.json
0x2a86c5466f088caebf94e071a77669bae371cd87,219,25811853076941608055270457512038717433705462539422789705262203111341130500979,25811853076941608055270457512038717433705462539422789705262203111341130500979,QmVKvZLmFhCwqeFvJuZTTAf3tLzvavvvwZj49iUfBEMErC,ops/cdn-retirement-phase2/step3/v3-docs/0x2a86c5466f088caebf94e071a77669bae371cd87/25811853076941608055270457512038717433705462539422789705262203111341130500979.json
0x2a86c5466f088caebf94e071a77669bae371cd87,22,15042014439770355205730296321097090521853295916950766059900103364979980239551,15042014439770355205730296321097090521853295916950766059900103364979980239551,Qma5sqR7fkc1keMDMg7iaXM7CnLeZHTZ5gjjo1NyRPj7Py,ops/cdn-retirement-phase2/step3/v3-docs/0x2a86c5466f088caebf94e071a77669bae371cd87/15042014439770355205730296321097090521853295916950766059900103364979980239551.json
0x2a86c5466f088caebf94e071a77669bae371cd87,22,25811853076941608055270457512038717433705462539422789705262203111341130500782,25811853076941608055270457512038717433705462539422789705262203111341130500782,QmQM8ofsd1tGCT7TDnZqojPLhLZGjqBip4BmpGXgL5Xynj,ops/cdn-retirement-phase2/step3/v3-docs/0x2a86c5466f088caebf94e071a77669bae371cd87/25811853076941608055270457512038717433705462539422789705262203111341130500782.json
0x2a86c5466f088caebf94e071a77669bae371cd87,220,25811853076941608055270457512038717433705462539422789705262203111341130500980,25811853076941608055270457512038717433705462539422789705262203111341130500980,QmZJpW6p5b3JNt1AUkbHY8ujgJMBQ6RrUvQxr6YXdXBcTA,ops/cdn-retirement-phase2/step3/v3-docs/0x2a86c5466f088caebf94e071a77669bae371cd87/25811853076941608055270457512038717433705462539422789705262203111341130500980.json
0x2a86c5466f088caebf94e071a77669bae371cd87,221,25811853076941608055270457512038717433705462539422789705262203111341130500981,25811853076941608055270457512038717433705462539422789705262203111341130500981,QmaNnKSgYvFxJftqhnU3KL6Jj3HAEc3kxCbTrpFXnfWTvJ,ops/cdn-retirement-phase2/step3/v3-docs/0x2a86c5466f088caebf94e071a77669bae371cd87/25811853076941608055270457512038717433705462539422789705262203111341130500981.json
0x2a86c5466f088caebf94e071a77669bae371cd87,222,25811853076941608055270457512038717433705462539422789705262203111341130500982,25811853076941608055270457512038717433705462539422789705262203111341130500982,QmYGdf3jz2FaK7NenHEHjji2cehj3ETqodoTw214eXdbor,ops/cdn-retirement-phase2/step3/v3-docs/0x2a86c5466f088caebf94e071a77669bae371cd87/25811853076941608055270457512038717433705462539422789705262203111341130500982.json
0x2a86c5466f088caebf94e071a77669bae371cd87,223,25811853076941608055270457512038717433705462539422789705262203111341130500983,25811853076941608055270457512038717433705462539422789705262203111341130500983,QmWPuJT93uKr5r7cLPrpdbxw31yNNYqYnd7LkTDPv1oXqv,ops/cdn-retirement-phase2/step3/v3-docs/0x2a86c5466f088caebf94e071a77669bae371cd87/25811853076941608055270457512038717433705462539422789705262203111341130500983.json
0x2a86c5466f088caebf94e071a77669bae371cd87,224,25811853076941608055270457512038717433705462539422789705262203111341130500984,25811853076941608055270457512038717433705462539422789705262203111341130500984,QmfBd26TtkWS4FSpj3SdUJoTkbixWaNgWwrGycUXnArnon,ops/cdn-retirement-phase2/step3/v3-docs/0x2a86c5466f088caebf94e071a77669bae371cd87/25811853076941608055270457512038717433705462539422789705262203111341130500984.json
0x2a86c5466f088caebf94e071a77669bae371cd87,225,25811853076941608055270457512038717433705462539422789705262203111341130500985,25811853076941608055270457512038717433705462539422789705262203111341130500985,QmbU5vMjX59qkew2zygYy6zWpznWLxDQByfeWFK8pSbxc2,ops/cdn-retirement-phase2/step3/v3-docs/0x2a86c5466f088caebf94e071a77669bae371cd87/25811853076941608055270457512038717433705462539422789705262203111341130500985.json
0x2a86c5466f088caebf94e071a77669bae371cd87,226,25811853076941608055270457512038717433705462539422789705262203111341130500986,25811853076941608055270457512038717433705462539422789705262203111341130500986,QmaLoTR653cyCyr4uPeDiN5uGKq8h4YA2r13nQn84c17TP,ops/cdn-retirement-phase2/step3/v3-docs/0x2a86c5466f088caebf94e071a77669bae371cd87/25811853076941608055270457512038717433705462539422789705262203111341130500986.json
0x2a86c5466f088caebf94e071a77669bae371cd87,227,25811853076941608055270457512038717433705462539422789705262203111341130500987,25811853076941608055270457512038717433705462539422789705262203111341130500987,Qmbyszc2aVM8NbZPGPN2ntsX2T9KovWgkRwkxRo9UczBHf,ops/cdn-retirement-phase2/step3/v3-docs/0x2a86c5466f088caebf94e071a77669bae371cd87/25811853076941608055270457512038717433705462539422789705262203111341130500987.json
0x2a86c5466f088caebf94e071a77669bae371cd87,228,25811853076941608055270457512038717433705462539422789705262203111341130500988,25811853076941608055270457512038717433705462539422789705262203111341130500988,QmYX7GVB3TpKDWbqyKPEmipdWgwkpicVZCe2nqPnNEqB1U,ops/cdn-retirement-phase2/step3/v3-docs/0x2a86c5466f088caebf94e071a77669bae371cd87/25811853076941608055270457512038717433705462539422789705262203111341130500988.json
0x2a86c5466f088caebf94e071a77669bae371cd87,229,25811853076941608055270457512038717433705462539422789705262203111341130500989,25811853076941608055270457512038717433705462539422789705262203111341130500989,QmZTnynmKEgtEKYnVPcrDJ9jHmqbs2NF1Hix87dhavKnCs,ops/cdn-retirement-phase2/step3/v3-docs/0x2a86c5466f088caebf94e071a77669bae371cd87/25811853076941608055270457512038717433705462539422789705262203111341130500989.json
0x2a86c5466f088caebf94e071a77669bae371cd87,23,15042014439770355205730296321097090521853295916950766059900103364979980239552,15042014439770355205730296321097090521853295916950766059900103364979980239552,QmQgZErjN33NN8xtc2KFcJ4CeS5z3Q24sD2ka8q1nBR8Xn,ops/cdn-retirement-phase2/step3/v3-docs/0x2a86c5466f088caebf94e071a77669bae371cd87/15042014439770355205730296321097090521853295916950766059900103364979980239552.json
0x2a86c5466f088caebf94e071a77669bae371cd87,23,25811853076941608055270457512038717433705462539422789705262203111341130500783,25811853076941608055270457512038717433705462539422789705262203111341130500783,QmaLmHzWMPaXWLekicwMjW3EfA279fAiLZSrUDNifE24Kw,ops/cdn-retirement-phase2/step3/v3-docs/0x2a86c5466f088caebf94e071a77669bae371cd87/25811853076941608055270457512038717433705462539422789705262203111341130500783.json
0x2a86c5466f088caebf94e071a77669bae371cd87,230,25811853076941608055270457512038717433705462539422789705262203111341130500990,25811853076941608055270457512038717433705462539422789705262203111341130500990,QmbabKSGtsiErRmeQSUMXBmvxW1XN8NQfF6hM92YAHeKrQ,ops/cdn-retirement-phase2/step3/v3-docs/0x2a86c5466f088caebf94e071a77669bae371cd87/25811853076941608055270457512038717433705462539422789705262203111341130500990.json
0x2a86c5466f088caebf94e071a77669bae371cd87,231,25811853076941608055270457512038717433705462539422789705262203111341130500991,25811853076941608055270457512038717433705462539422789705262203111341130500991,QmQkxKqGkyY5YBm4zJUpwrr2gwZKrLfKz85DL7B97CKsEM,ops/cdn-retirement-phase2/step3/v3-docs/0x2a86c5466f088caebf94e071a77669bae371cd87/25811853076941608055270457512038717433705462539422789705262203111341130500991.json
0x2a86c5466f088caebf94e071a77669bae371cd87,232,25811853076941608055270457512038717433705462539422789705262203111341130500992,25811853076941608055270457512038717433705462539422789705262203111341130500992,QmXzMUHPfTW2y2qyZz5j5vpQfxn8Jm9gPDVLbTNYo9fhmJ,ops/cdn-retirement-phase2/step3/v3-docs/0x2a86c5466f088caebf94e071a77669bae371cd87/25811853076941608055270457512038717433705462539422789705262203111341130500992.json
0x2a86c5466f088caebf94e071a77669bae371cd87,233,25811853076941608055270457512038717433705462539422789705262203111341130500993,25811853076941608055270457512038717433705462539422789705262203111341130500993,QmSGsSHBBnn7CNA4o5XC1SJgX8pFAhHje9ERvJ3oMoriQH,ops/cdn-retirement-phase2/step3/v3-docs/0x2a86c5466f088caebf94e071a77669bae371cd87/25811853076941608055270457512038717433705462539422789705262203111341130500993.json
0x2a86c5466f088caebf94e071a77669bae371cd87,234,25811853076941608055270457512038717433705462539422789705262203111341130500994,25811853076941608055270457512038717433705462539422789705262203111341130500994,QmVgJsoGGXcLk6ZwkdsP2EqdHruDHAKejUCeWpi7kE4Ec5,ops/cdn-retirement-phase2/step3/v3-docs/0x2a86c5466f088caebf94e071a77669bae371cd87/25811853076941608055270457512038717433705462539422789705262203111341130500994.json
0x2a86c5466f088caebf94e071a77669bae371cd87,235,25811853076941608055270457512038717433705462539422789705262203111341130500995,25811853076941608055270457512038717433705462539422789705262203111341130500995,QmNriPY6qLeiAkLzPajuF93eNJYfxsBDVTmidwJWPeYjuL,ops/cdn-retirement-phase2/step3/v3-docs/0x2a86c5466f088caebf94e071a77669bae371cd87/25811853076941608055270457512038717433705462539422789705262203111341130500995.json
0x2a86c5466f088caebf94e071a77669bae371cd87,236,25811853076941608055270457512038717433705462539422789705262203111341130500996,25811853076941608055270457512038717433705462539422789705262203111341130500996,QmS6RJ6dffxu51jqZAMKbaiv9MEHLvADHUXF6NccgjL4Kt,ops/cdn-retirement-phase2/step3/v3-docs/0x2a86c5466f088caebf94e071a77669bae371cd87/25811853076941608055270457512038717433705462539422789705262203111341130500996.json
0x2a86c5466f088caebf94e071a77669bae371cd87,237,25811853076941608055270457512038717433705462539422789705262203111341130500997,25811853076941608055270457512038717433705462539422789705262203111341130500997,Qmb4XkqRHNEEX4DKzWnv4amXYHYn87NuPSSZazDM3QYtLv,ops/cdn-retirement-phase2/step3/v3-docs/0x2a86c5466f088caebf94e071a77669bae371cd87/25811853076941608055270457512038717433705462539422789705262203111341130500997.json
0x2a86c5466f088caebf94e071a77669bae371cd87,238,25811853076941608055270457512038717433705462539422789705262203111341130500998,25811853076941608055270457512038717433705462539422789705262203111341130500998,QmReXa2mo7gdKWoceP73jw7EgbqDHybBzgaUSkFi7H7mdt,ops/cdn-retirement-phase2/step3/v3-docs/0x2a86c5466f088caebf94e071a77669bae371cd87/25811853076941608055270457512038717433705462539422789705262203111341130500998.json
0x2a86c5466f088caebf94e071a77669bae371cd87,239,25811853076941608055270457512038717433705462539422789705262203111341130500999,25811853076941608055270457512038717433705462539422789705262203111341130500999,QmYjDHxQYwJixBx3hPmXE6ANrHVfzebdFCexPwDLKmcUNC,ops/cdn-retirement-phase2/step3/v3-docs/0x2a86c5466f088caebf94e071a77669bae371cd87/25811853076941608055270457512038717433705462539422789705262203111341130500999.json
0x2a86c5466f088caebf94e071a77669bae371cd87,24,15042014439770355205730296321097090521853295916950766059900103364979980239553,15042014439770355205730296321097090521853295916950766059900103364979980239553,QmTJ7LeMz4bYhd1m4MYjoKij2rAbQFboPwnSrkRi6Mjh2C,ops/cdn-retirement-phase2/step3/v3-docs/0x2a86c5466f088caebf94e071a77669bae371cd87/15042014439770355205730296321097090521853295916950766059900103364979980239553.json
0x2a86c5466f088caebf94e071a77669bae371cd87,24,25811853076941608055270457512038717433705462539422789705262203111341130500784,25811853076941608055270457512038717433705462539422789705262203111341130500784,QmPjPNBee8oMT1hRAbwrVQZyDD1AuiYE5mFMfmYc5QcTB4,ops/cdn-retirement-phase2/step3/v3-docs/0x2a86c5466f088caebf94e071a77669bae371cd87/25811853076941608055270457512038717433705462539422789705262203111341130500784.json
0x2a86c5466f088caebf94e071a77669bae371cd87,240,25811853076941608055270457512038717433705462539422789705262203111341130501000,25811853076941608055270457512038717433705462539422789705262203111341130501000,QmQsnXNfMoqwHUysDrruqhUzkUMiEHkKognDFVwHhwdMEm,ops/cdn-retirement-phase2/step3/v3-docs/0x2a86c5466f088caebf94e071a77669bae371cd87/25811853076941608055270457512038717433705462539422789705262203111341130501000.json
0x2a86c5466f088caebf94e071a77669bae371cd87,241,25811853076941608055270457512038717433705462539422789705262203111341130501001,25811853076941608055270457512038717433705462539422789705262203111341130501001,QmV8fTR7fkn2QthpDf5iQrV7oQ2xd8qj8TcKoRcKkMrEQ9,ops/cdn-retirement-phase2/step3/v3-docs/0x2a86c5466f088caebf94e071a77669bae371cd87/25811853076941608055270457512038717433705462539422789705262203111341130501001.json
0x2a86c5466f088caebf94e071a77669bae371cd87,242,25811853076941608055270457512038717433705462539422789705262203111341130501002,25811853076941608055270457512038717433705462539422789705262203111341130501002,QmUVDY4Egzg4c2L35GcavGuG7UktmKS6nenURUM8D7iPxY,ops/cdn-retirement-phase2/step3/v3-docs/0x2a86c5466f088caebf94e071a77669bae371cd87/25811853076941608055270457512038717433705462539422789705262203111341130501002.json
0x2a86c5466f088caebf94e071a77669bae371cd87,243,25811853076941608055270457512038717433705462539422789705262203111341130501003,25811853076941608055270457512038717433705462539422789705262203111341130501003,QmayUrnx2Ji6nNDWCmLM4Rg1Jf65eYcaT664tzC72PtD7b,ops/cdn-retirement-phase2/step3/v3-docs/0x2a86c5466f088caebf94e071a77669bae371cd87/25811853076941608055270457512038717433705462539422789705262203111341130501003.json
0x2a86c5466f088caebf94e071a77669bae371cd87,244,25811853076941608055270457512038717433705462539422789705262203111341130501004,25811853076941608055270457512038717433705462539422789705262203111341130501004,QmRF8tUiFssgm8xh5zABHU3swKYLpaCET86xWVBkAxvxR9,ops/cdn-retirement-phase2/step3/v3-docs/0x2a86c5466f088caebf94e071a77669bae371cd87/25811853076941608055270457512038717433705462539422789705262203111341130501004.json
0x2a86c5466f088caebf94e071a77669bae371cd87,245,25811853076941608055270457512038717433705462539422789705262203111341130501005,25811853076941608055270457512038717433705462539422789705262203111341130501005,QmT7F8oHuVR5ZRjAAF1wifPRnLTgEpt4P7UJQE5uoP4Mnq,ops/cdn-retirement-phase2/step3/v3-docs/0x2a86c5466f088caebf94e071a77669bae371cd87/25811853076941608055270457512038717433705462539422789705262203111341130501005.json
0x2a86c5466f088caebf94e071a77669bae371cd87,246,25811853076941608055270457512038717433705462539422789705262203111341130501006,25811853076941608055270457512038717433705462539422789705262203111341130501006,QmVxEEak3TuGKheZZ8qyvCRAmw7LGF9YPmGUGW9JDvP6YZ,ops/cdn-retirement-phase2/step3/v3-docs/0x2a86c5466f088caebf94e071a77669bae371cd87/25811853076941608055270457512038717433705462539422789705262203111341130501006.json
0x2a86c5466f088caebf94e071a77669bae371cd87,247,25811853076941608055270457512038717433705462539422789705262203111341130501007,25811853076941608055270457512038717433705462539422789705262203111341130501007,QmZjqwtQYe5TSypRxCnGUNWjRC6qtzYAJvMNC3HsjQyYzG,ops/cdn-retirement-phase2/step3/v3-docs/0x2a86c5466f088caebf94e071a77669bae371cd87/25811853076941608055270457512038717433705462539422789705262203111341130501007.json
0x2a86c5466f088caebf94e071a77669bae371cd87,248,25811853076941608055270457512038717433705462539422789705262203111341130501008,25811853076941608055270457512038717433705462539422789705262203111341130501008,QmYR3iNzJXWkh7kxagoYsAnErCWHCJtKPAjDbTZazHg4R8,ops/cdn-retirement-phase2/step3/v3-docs/0x2a86c5466f088caebf94e071a77669bae371cd87/25811853076941608055270457512038717433705462539422789705262203111341130501008.json
0x2a86c5466f088caebf94e071a77669bae371cd87,249,25811853076941608055270457512038717433705462539422789705262203111341130501009,25811853076941608055270457512038717433705462539422789705262203111341130501009,Qmapva3M8s8hwinTW14mBrZjyGC3xaLBKvjShNARHMW9WM,ops/cdn-retirement-phase2/step3/v3-docs/0x2a86c5466f088caebf94e071a77669bae371cd87/25811853076941608055270457512038717433705462539422789705262203111341130501009.json
0x2a86c5466f088caebf94e071a77669bae371cd87,25,15042014439770355205730296321097090521853295916950766059900103364979980239554,15042014439770355205730296321097090521853295916950766059900103364979980239554,QmSZWv9tgpd95U88d7ZAus94cf3Ur4WgMVpCihmfdoHYbn,ops/cdn-retirement-phase2/step3/v3-docs/0x2a86c5466f088caebf94e071a77669bae371cd87/15042014439770355205730296321097090521853295916950766059900103364979980239554.json
0x2a86c5466f088caebf94e071a77669bae371cd87,25,25811853076941608055270457512038717433705462539422789705262203111341130500785,25811853076941608055270457512038717433705462539422789705262203111341130500785,QmeeMyBRkBJkojLy315sZi952wgp6KgiDRepZqj9Lnh3Q9,ops/cdn-retirement-phase2/step3/v3-docs/0x2a86c5466f088caebf94e071a77669bae371cd87/25811853076941608055270457512038717433705462539422789705262203111341130500785.json
0x2a86c5466f088caebf94e071a77669bae371cd87,250,25811853076941608055270457512038717433705462539422789705262203111341130501010,25811853076941608055270457512038717433705462539422789705262203111341130501010,QmczgF446HuTd7hxFjcAqAQAN4HHXhkNPXYsP1aVvrwAQd,ops/cdn-retirement-phase2/step3/v3-docs/0x2a86c5466f088caebf94e071a77669bae371cd87/25811853076941608055270457512038717433705462539422789705262203111341130501010.json
0x2a86c5466f088caebf94e071a77669bae371cd87,251,25811853076941608055270457512038717433705462539422789705262203111341130501011,25811853076941608055270457512038717433705462539422789705262203111341130501011,QmZaAZNXpN8eiMWmsaTP2ksPbLpPoCMgnQ4CB23bobJGZr,ops/cdn-retirement-phase2/step3/v3-docs/0x2a86c5466f088caebf94e071a77669bae371cd87/25811853076941608055270457512038717433705462539422789705262203111341130501011.json
0x2a86c5466f088caebf94e071a77669bae371cd87,252,25811853076941608055270457512038717433705462539422789705262203111341130501012,25811853076941608055270457512038717433705462539422789705262203111341130501012,QmZxUqpCV7vzvR9sJ45yY6E6d76hXf97oTu9vdjXxmDciB,ops/cdn-retirement-phase2/step3/v3-docs/0x2a86c5466f088caebf94e071a77669bae371cd87/25811853076941608055270457512038717433705462539422789705262203111341130501012.json
0x2a86c5466f088caebf94e071a77669bae371cd87,253,25811853076941608055270457512038717433705462539422789705262203111341130501013,25811853076941608055270457512038717433705462539422789705262203111341130501013,QmP8hAFnF5XWv5SGmupkS6sQVg8c5eAjfH7C6QFYM5JEzm,ops/cdn-retirement-phase2/step3/v3-docs/0x2a86c5466f088caebf94e071a77669bae371cd87/25811853076941608055270457512038717433705462539422789705262203111341130501013.json
0x2a86c5466f088caebf94e071a77669bae371cd87,254,25811853076941608055270457512038717433705462539422789705262203111341130501014,25811853076941608055270457512038717433705462539422789705262203111341130501014,QmNQESSXtU6JD3ZrJ4SkE7tquQx9W6d2Q2g4SXpHYX9k15,ops/cdn-retirement-phase2/step3/v3-docs/0x2a86c5466f088caebf94e071a77669bae371cd87/25811853076941608055270457512038717433705462539422789705262203111341130501014.json
0x2a86c5466f088caebf94e071a77669bae371cd87,255,25811853076941608055270457512038717433705462539422789705262203111341130501015,25811853076941608055270457512038717433705462539422789705262203111341130501015,QmdezPV3gpN3wtVJiJdkrSe8bcSN4rK1HyGhMjJAaGzuD1,ops/cdn-retirement-phase2/step3/v3-docs/0x2a86c5466f088caebf94e071a77669bae371cd87/25811853076941608055270457512038717433705462539422789705262203111341130501015.json
0x2a86c5466f088caebf94e071a77669bae371cd87,256,25811853076941608055270457512038717433705462539422789705262203111341130501016,25811853076941608055270457512038717433705462539422789705262203111341130501016,QmZgo2tj9qNJjtNAgVvt5mxAVSdHo67VWpz5eaHbijowyP,ops/cdn-retirement-phase2/step3/v3-docs/0x2a86c5466f088caebf94e071a77669bae371cd87/25811853076941608055270457512038717433705462539422789705262203111341130501016.json
0x2a86c5466f088caebf94e071a77669bae371cd87,257,25811853076941608055270457512038717433705462539422789705262203111341130501017,25811853076941608055270457512038717433705462539422789705262203111341130501017,QmVefTrpvMbLxPj7yiqqo46eyx3be65HZDnBk4fQdWPjDW,ops/cdn-retirement-phase2/step3/v3-docs/0x2a86c5466f088caebf94e071a77669bae371cd87/25811853076941608055270457512038717433705462539422789705262203111341130501017.json
0x2a86c5466f088caebf94e071a77669bae371cd87,258,25811853076941608055270457512038717433705462539422789705262203111341130501018,25811853076941608055270457512038717433705462539422789705262203111341130501018,QmSweetXNnNh8Lw33E1K2ds6cCW5uXZyYZ9duzcp1xjiVZ,ops/cdn-retirement-phase2/step3/v3-docs/0x2a86c5466f088caebf94e071a77669bae371cd87/25811853076941608055270457512038717433705462539422789705262203111341130501018.json
0x2a86c5466f088caebf94e071a77669bae371cd87,259,25811853076941608055270457512038717433705462539422789705262203111341130501019,25811853076941608055270457512038717433705462539422789705262203111341130501019,QmNmEKzLiWsVzp4qyMmxCXybBbvRaSaW3FBUaQC5zYW2B8,ops/cdn-retirement-phase2/step3/v3-docs/0x2a86c5466f088caebf94e071a77669bae371cd87/25811853076941608055270457512038717433705462539422789705262203111341130501019.json
0x2a86c5466f088caebf94e071a77669bae371cd87,26,15042014439770355205730296321097090521853295916950766059900103364979980239555,15042014439770355205730296321097090521853295916950766059900103364979980239555,QmetzrHDwF2FXDQWt7yTyTmKXWYL5pR2VkYmukW4iaP9Lv,ops/cdn-retirement-phase2/step3/v3-docs/0x2a86c5466f088caebf94e071a77669bae371cd87/15042014439770355205730296321097090521853295916950766059900103364979980239555.json
0x2a86c5466f088caebf94e071a77669bae371cd87,26,25811853076941608055270457512038717433705462539422789705262203111341130500786,25811853076941608055270457512038717433705462539422789705262203111341130500786,QmYbHMVyZkGt6kMLKTLZfvA388H14rkxyxuUgWWZi6Yx1R,ops/cdn-retirement-phase2/step3/v3-docs/0x2a86c5466f088caebf94e071a77669bae371cd87/25811853076941608055270457512038717433705462539422789705262203111341130500786.json
0x2a86c5466f088caebf94e071a77669bae371cd87,260,25811853076941608055270457512038717433705462539422789705262203111341130501020,25811853076941608055270457512038717433705462539422789705262203111341130501020,QmY4NaiBXCCVozRVgEbmWf5j4ERrgr83kPU7ddp2u2mcAK,ops/cdn-retirement-phase2/step3/v3-docs/0x2a86c5466f088caebf94e071a77669bae371cd87/25811853076941608055270457512038717433705462539422789705262203111341130501020.json
0x2a86c5466f088caebf94e071a77669bae371cd87,261,25811853076941608055270457512038717433705462539422789705262203111341130501021,25811853076941608055270457512038717433705462539422789705262203111341130501021,QmSb6KP7A7Eedz3Zhjeax4BUktYDET6fBxXkbyBrWX1H3F,ops/cdn-retirement-phase2/step3/v3-docs/0x2a86c5466f088caebf94e071a77669bae371cd87/25811853076941608055270457512038717433705462539422789705262203111341130501021.json
0x2a86c5466f088caebf94e071a77669bae371cd87,262,25811853076941608055270457512038717433705462539422789705262203111341130501022,25811853076941608055270457512038717433705462539422789705262203111341130501022,QmVa8AnZaD9rLxN55QMhkNft8mjU8NGPn32zJPTcmXcodq,ops/cdn-retirement-phase2/step3/v3-docs/0x2a86c5466f088caebf94e071a77669bae371cd87/25811853076941608055270457512038717433705462539422789705262203111341130501022.json
0x2a86c5466f088caebf94e071a77669bae371cd87,263,25811853076941608055270457512038717433705462539422789705262203111341130501023,25811853076941608055270457512038717433705462539422789705262203111341130501023,QmaUzaHgM8GtAv7UaL7as9sWsBPCRCwnPFzMmyVQL4RZNN,ops/cdn-retirement-phase2/step3/v3-docs/0x2a86c5466f088caebf94e071a77669bae371cd87/25811853076941608055270457512038717433705462539422789705262203111341130501023.json
0x2a86c5466f088caebf94e071a77669bae371cd87,264,25811853076941608055270457512038717433705462539422789705262203111341130501024,25811853076941608055270457512038717433705462539422789705262203111341130501024,Qmeh7QBYd4eV6tf5wuNnZhMiZTwGNPTEUiM6NoWyy5e2Ti,ops/cdn-retirement-phase2/step3/v3-docs/0x2a86c5466f088caebf94e071a77669bae371cd87/25811853076941608055270457512038717433705462539422789705262203111341130501024.json
0x2a86c5466f088caebf94e071a77669bae371cd87,265,25811853076941608055270457512038717433705462539422789705262203111341130501025,25811853076941608055270457512038717433705462539422789705262203111341130501025,QmVpQogywTZnrYw5EefVsRZ5KYxrmtgjvjwxpfV4TyibBK,ops/cdn-retirement-phase2/step3/v3-docs/0x2a86c5466f088caebf94e071a77669bae371cd87/25811853076941608055270457512038717433705462539422789705262203111341130501025.json
0x2a86c5466f088caebf94e071a77669bae371cd87,266,25811853076941608055270457512038717433705462539422789705262203111341130501026,25811853076941608055270457512038717433705462539422789705262203111341130501026,QmUHHd5UVMkyrd1PPeFix5uTjLRSSCwJbUNGqmQcwgBLgq,ops/cdn-retirement-phase2/step3/v3-docs/0x2a86c5466f088caebf94e071a77669bae371cd87/25811853076941608055270457512038717433705462539422789705262203111341130501026.json
0x2a86c5466f088caebf94e071a77669bae371cd87,267,25811853076941608055270457512038717433705462539422789705262203111341130501027,25811853076941608055270457512038717433705462539422789705262203111341130501027,QmP2qw9TqiTqAn37N1kPLeUpeL6CLkWCZXpbYiER4mb7wc,ops/cdn-retirement-phase2/step3/v3-docs/0x2a86c5466f088caebf94e071a77669bae371cd87/25811853076941608055270457512038717433705462539422789705262203111341130501027.json
0x2a86c5466f088caebf94e071a77669bae371cd87,268,25811853076941608055270457512038717433705462539422789705262203111341130501028,25811853076941608055270457512038717433705462539422789705262203111341130501028,QmXMeKLPBY4YUyh2WHjyopSESYZTnZUU2egqjLUPBirQA1,ops/cdn-retirement-phase2/step3/v3-docs/0x2a86c5466f088caebf94e071a77669bae371cd87/25811853076941608055270457512038717433705462539422789705262203111341130501028.json
0x2a86c5466f088caebf94e071a77669bae371cd87,269,25811853076941608055270457512038717433705462539422789705262203111341130501029,25811853076941608055270457512038717433705462539422789705262203111341130501029,QmQz9j7ia4b2GCUKuRgeJmXXRygmoKhkQGQAriZu13kKBk,ops/cdn-retirement-phase2/step3/v3-docs/0x2a86c5466f088caebf94e071a77669bae371cd87/25811853076941608055270457512038717433705462539422789705262203111341130501029.json
0x2a86c5466f088caebf94e071a77669bae371cd87,27,15042014439770355205730296321097090521853295916950766059900103364979980239556,15042014439770355205730296321097090521853295916950766059900103364979980239556,QmSxigLgWU3DVW64QhCJLZ4DCHnDqTH4zcEZvugptipCf8,ops/cdn-retirement-phase2/step3/v3-docs/0x2a86c5466f088caebf94e071a77669bae371cd87/15042014439770355205730296321097090521853295916950766059900103364979980239556.json
0x2a86c5466f088caebf94e071a77669bae371cd87,27,25811853076941608055270457512038717433705462539422789705262203111341130500787,25811853076941608055270457512038717433705462539422789705262203111341130500787,QmVsGMDqsGLkiexyiiPmJLTNmTxjgy3bt1VXmFam2d3Rzo,ops/cdn-retirement-phase2/step3/v3-docs/0x2a86c5466f088caebf94e071a77669bae371cd87/25811853076941608055270457512038717433705462539422789705262203111341130500787.json
0x2a86c5466f088caebf94e071a77669bae371cd87,270,25811853076941608055270457512038717433705462539422789705262203111341130501030,25811853076941608055270457512038717433705462539422789705262203111341130501030,QmYrguyiiJySQzvTMt5uF9Ztsv5Mn2ijaUF7vbbKNoRXUh,ops/cdn-retirement-phase2/step3/v3-docs/0x2a86c5466f088caebf94e071a77669bae371cd87/25811853076941608055270457512038717433705462539422789705262203111341130501030.json
0x2a86c5466f088caebf94e071a77669bae371cd87,271,25811853076941608055270457512038717433705462539422789705262203111341130501031,25811853076941608055270457512038717433705462539422789705262203111341130501031,QmRf1RWyhP7KSitzaJwo8BvpxF2zezayPji4D7vWkwvsey,ops/cdn-retirement-phase2/step3/v3-docs/0x2a86c5466f088caebf94e071a77669bae371cd87/25811853076941608055270457512038717433705462539422789705262203111341130501031.json
0x2a86c5466f088caebf94e071a77669bae371cd87,272,25811853076941608055270457512038717433705462539422789705262203111341130501032,25811853076941608055270457512038717433705462539422789705262203111341130501032,QmRRj1666jo3zWEbtEBJuQgJqvbR4ZidKooHrCANCNaCCN,ops/cdn-retirement-phase2/step3/v3-docs/0x2a86c5466f088caebf94e071a77669bae371cd87/25811853076941608055270457512038717433705462539422789705262203111341130501032.json
0x2a86c5466f088caebf94e071a77669bae371cd87,273,25811853076941608055270457512038717433705462539422789705262203111341130501033,25811853076941608055270457512038717433705462539422789705262203111341130501033,QmPqZe4PhWGsFu5aDUgTm7yubSLeBPR6hUWbTgmi16u6kL,ops/cdn-retirement-phase2/step3/v3-docs/0x2a86c5466f088caebf94e071a77669bae371cd87/25811853076941608055270457512038717433705462539422789705262203111341130501033.json
0x2a86c5466f088caebf94e071a77669bae371cd87,274,25811853076941608055270457512038717433705462539422789705262203111341130501034,25811853076941608055270457512038717433705462539422789705262203111341130501034,QmXiZVzg7rvJSb2Y8kvZXYrysfVnzzGNHDMgUEyKeYBs1n,ops/cdn-retirement-phase2/step3/v3-docs/0x2a86c5466f088caebf94e071a77669bae371cd87/25811853076941608055270457512038717433705462539422789705262203111341130501034.json
0x2a86c5466f088caebf94e071a77669bae371cd87,275,25811853076941608055270457512038717433705462539422789705262203111341130501035,25811853076941608055270457512038717433705462539422789705262203111341130501035,QmXx6o9ffXbD5oqCG81wWXpfYvrT2DFhe7QFFeVbKBMGgs,ops/cdn-retirement-phase2/step3/v3-docs/0x2a86c5466f088caebf94e071a77669bae371cd87/25811853076941608055270457512038717433705462539422789705262203111341130501035.json
0x2a86c5466f088caebf94e071a77669bae371cd87,276,25811853076941608055270457512038717433705462539422789705262203111341130501036,25811853076941608055270457512038717433705462539422789705262203111341130501036,QmR877k8pRrq1aVbx869FC2Nrt8JPT96LupjPXLMRTRfGJ,ops/cdn-retirement-phase2/step3/v3-docs/0x2a86c5466f088caebf94e071a77669bae371cd87/25811853076941608055270457512038717433705462539422789705262203111341130501036.json
0x2a86c5466f088caebf94e071a77669bae371cd87,277,25811853076941608055270457512038717433705462539422789705262203111341130501037,25811853076941608055270457512038717433705462539422789705262203111341130501037,QmP4SYJc8YsRWKie9RwHXtDYY82znwXWuawhtrfzePeaQm,ops/cdn-retirement-phase2/step3/v3-docs/0x2a86c5466f088caebf94e071a77669bae371cd87/25811853076941608055270457512038717433705462539422789705262203111341130501037.json
0x2a86c5466f088caebf94e071a77669bae371cd87,278,25811853076941608055270457512038717433705462539422789705262203111341130501038,25811853076941608055270457512038717433705462539422789705262203111341130501038,QmaSydkquZuD8pyQ3KLxJ38jZQLHj3skNGFSa8SqdjNdHz,ops/cdn-retirement-phase2/step3/v3-docs/0x2a86c5466f088caebf94e071a77669bae371cd87/25811853076941608055270457512038717433705462539422789705262203111341130501038.json
0x2a86c5466f088caebf94e071a77669bae371cd87,279,25811853076941608055270457512038717433705462539422789705262203111341130501039,25811853076941608055270457512038717433705462539422789705262203111341130501039,QmRQRnGDNM1eF3D9QrAYLzKCPcYYWnxoNRqq54n7vr4NcL,ops/cdn-retirement-phase2/step3/v3-docs/0x2a86c5466f088caebf94e071a77669bae371cd87/25811853076941608055270457512038717433705462539422789705262203111341130501039.json
0x2a86c5466f088caebf94e071a77669bae371cd87,28,15042014439770355205730296321097090521853295916950766059900103364979980239557,15042014439770355205730296321097090521853295916950766059900103364979980239557,QmQj4jWDUwNNpWUAD9U7HheqVb6uwzQwiuJvipUwko8rfE,ops/cdn-retirement-phase2/step3/v3-docs/0x2a86c5466f088caebf94e071a77669bae371cd87/15042014439770355205730296321097090521853295916950766059900103364979980239557.json
0x2a86c5466f088caebf94e071a77669bae371cd87,28,25811853076941608055270457512038717433705462539422789705262203111341130500788,25811853076941608055270457512038717433705462539422789705262203111341130500788,QmWFLtutyVguHNE534fYNDyBAk2J6XpZs8RJfNjhq6Q11a,ops/cdn-retirement-phase2/step3/v3-docs/0x2a86c5466f088caebf94e071a77669bae371cd87/25811853076941608055270457512038717433705462539422789705262203111341130500788.json
0x2a86c5466f088caebf94e071a77669bae371cd87,280,25811853076941608055270457512038717433705462539422789705262203111341130501040,25811853076941608055270457512038717433705462539422789705262203111341130501040,QmT7q4YKeip7umj2jKTKVt4d6QiZozV1DMCBxhpy42hmDt,ops/cdn-retirement-phase2/step3/v3-docs/0x2a86c5466f088caebf94e071a77669bae371cd87/25811853076941608055270457512038717433705462539422789705262203111341130501040.json
0x2a86c5466f088caebf94e071a77669bae371cd87,281,25811853076941608055270457512038717433705462539422789705262203111341130501041,25811853076941608055270457512038717433705462539422789705262203111341130501041,QmPqbYtPStEpSPx26g1tNCUD9aFqhR4fGPNGGyAoE4RXr1,ops/cdn-retirement-phase2/step3/v3-docs/0x2a86c5466f088caebf94e071a77669bae371cd87/25811853076941608055270457512038717433705462539422789705262203111341130501041.json
0x2a86c5466f088caebf94e071a77669bae371cd87,282,25811853076941608055270457512038717433705462539422789705262203111341130501042,25811853076941608055270457512038717433705462539422789705262203111341130501042,QmUoVS8QWjHRoQF3HkQSxmCXrRpqDvZK4KGa786L4JPzng,ops/cdn-retirement-phase2/step3/v3-docs/0x2a86c5466f088caebf94e071a77669bae371cd87/25811853076941608055270457512038717433705462539422789705262203111341130501042.json
0x2a86c5466f088caebf94e071a77669bae371cd87,283,25811853076941608055270457512038717433705462539422789705262203111341130501043,25811853076941608055270457512038717433705462539422789705262203111341130501043,QmQjdXdqFSEyxwx8NehVAhWZTZ6egE7Wiv3Y3vPASjrpTb,ops/cdn-retirement-phase2/step3/v3-docs/0x2a86c5466f088caebf94e071a77669bae371cd87/25811853076941608055270457512038717433705462539422789705262203111341130501043.json
0x2a86c5466f088caebf94e071a77669bae371cd87,284,25811853076941608055270457512038717433705462539422789705262203111341130501044,25811853076941608055270457512038717433705462539422789705262203111341130501044,QmWuUttC4mkNGMnwTYJFEvWQRnfyuiXkBCwphknXUJ9gYM,ops/cdn-retirement-phase2/step3/v3-docs/0x2a86c5466f088caebf94e071a77669bae371cd87/25811853076941608055270457512038717433705462539422789705262203111341130501044.json
0x2a86c5466f088caebf94e071a77669bae371cd87,285,25811853076941608055270457512038717433705462539422789705262203111341130501045,25811853076941608055270457512038717433705462539422789705262203111341130501045,QmZGHb2BCWd1dyCNi1prjLz4jXJPMtVSPStuduW4be92rE,ops/cdn-retirement-phase2/step3/v3-docs/0x2a86c5466f088caebf94e071a77669bae371cd87/25811853076941608055270457512038717433705462539422789705262203111341130501045.json
0x2a86c5466f088caebf94e071a77669bae371cd87,286,25811853076941608055270457512038717433705462539422789705262203111341130501046,25811853076941608055270457512038717433705462539422789705262203111341130501046,QmUpnXrwwbY2nUwzMSFRNP62XUxMdJFbPEffu2KfVDAS4f,ops/cdn-retirement-phase2/step3/v3-docs/0x2a86c5466f088caebf94e071a77669bae371cd87/25811853076941608055270457512038717433705462539422789705262203111341130501046.json
0x2a86c5466f088caebf94e071a77669bae371cd87,287,25811853076941608055270457512038717433705462539422789705262203111341130501047,25811853076941608055270457512038717433705462539422789705262203111341130501047,QmbRZZ6QwJyot2nV8yJw9JJbs7YzPM9eRV6KQDyexEWH7Q,ops/cdn-retirement-phase2/step3/v3-docs/0x2a86c5466f088caebf94e071a77669bae371cd87/25811853076941608055270457512038717433705462539422789705262203111341130501047.json
0x2a86c5466f088caebf94e071a77669bae371cd87,288,25811853076941608055270457512038717433705462539422789705262203111341130501048,25811853076941608055270457512038717433705462539422789705262203111341130501048,QmV1MwN8Ek1FJc5h4TXQ4kyT3PYpxCRksHNfMEnzv8NXGS,ops/cdn-retirement-phase2/step3/v3-docs/0x2a86c5466f088caebf94e071a77669bae371cd87/25811853076941608055270457512038717433705462539422789705262203111341130501048.json
0x2a86c5466f088caebf94e071a77669bae371cd87,289,25811853076941608055270457512038717433705462539422789705262203111341130501049,25811853076941608055270457512038717433705462539422789705262203111341130501049,QmURUEc1ijHhk8Yv6HvzByf8WjVDJtttDzWoWhKE38JcE5,ops/cdn-retirement-phase2/step3/v3-docs/0x2a86c5466f088caebf94e071a77669bae371cd87/25811853076941608055270457512038717433705462539422789705262203111341130501049.json
0x2a86c5466f088caebf94e071a77669bae371cd87,29,15042014439770355205730296321097090521853295916950766059900103364979980239558,15042014439770355205730296321097090521853295916950766059900103364979980239558,Qmb9YCVHordd9Yr5mKUPg7yvjKPutrx2R8vbnVjXKhzaHt,ops/cdn-retirement-phase2/step3/v3-docs/0x2a86c5466f088caebf94e071a77669bae371cd87/15042014439770355205730296321097090521853295916950766059900103364979980239558.json
0x2a86c5466f088caebf94e071a77669bae371cd87,29,25811853076941608055270457512038717433705462539422789705262203111341130500789,25811853076941608055270457512038717433705462539422789705262203111341130500789,Qma9FsdnJgUkdYzDLHC9DbdcWa6Eq3vBVafx6wLFu1KtBh,ops/cdn-retirement-phase2/step3/v3-docs/0x2a86c5466f088caebf94e071a77669bae371cd87/25811853076941608055270457512038717433705462539422789705262203111341130500789.json
0x2a86c5466f088caebf94e071a77669bae371cd87,290,25811853076941608055270457512038717433705462539422789705262203111341130501050,25811853076941608055270457512038717433705462539422789705262203111341130501050,QmWf6k8gBcgQ4ixiTdueLQVVipHMkzvSppdWuTr7TdZDBw,ops/cdn-retirement-phase2/step3/v3-docs/0x2a86c5466f088caebf94e071a77669bae371cd87/25811853076941608055270457512038717433705462539422789705262203111341130501050.json
0x2a86c5466f088caebf94e071a77669bae371cd87,291,25811853076941608055270457512038717433705462539422789705262203111341130501051,25811853076941608055270457512038717433705462539422789705262203111341130501051,QmP3a9kjdko9Vy8bNVTo1V6ekpPLvpu8GzuhVXi2seGHgc,ops/cdn-retirement-phase2/step3/v3-docs/0x2a86c5466f088caebf94e071a77669bae371cd87/25811853076941608055270457512038717433705462539422789705262203111341130501051.json
0x2a86c5466f088caebf94e071a77669bae371cd87,292,25811853076941608055270457512038717433705462539422789705262203111341130501052,25811853076941608055270457512038717433705462539422789705262203111341130501052,QmUWGXP67WiUUy3LMoL6gWJnDv5LVu97M5y9geWrswnwxN,ops/cdn-retirement-phase2/step3/v3-docs/0x2a86c5466f088caebf94e071a77669bae371cd87/25811853076941608055270457512038717433705462539422789705262203111341130501052.json
0x2a86c5466f088caebf94e071a77669bae371cd87,293,25811853076941608055270457512038717433705462539422789705262203111341130501053,25811853076941608055270457512038717433705462539422789705262203111341130501053,Qmbr4E2RWrHFUVgYDgStPtV7Eagy1vpqQRaT88UUsnpzWv,ops/cdn-retirement-phase2/step3/v3-docs/0x2a86c5466f088caebf94e071a77669bae371cd87/25811853076941608055270457512038717433705462539422789705262203111341130501053.json
0x2a86c5466f088caebf94e071a77669bae371cd87,294,25811853076941608055270457512038717433705462539422789705262203111341130501054,25811853076941608055270457512038717433705462539422789705262203111341130501054,QmRJzzUEiLWYkrXsBeeYvUjZKnww7ZFar824HzRGzhaYAf,ops/cdn-retirement-phase2/step3/v3-docs/0x2a86c5466f088caebf94e071a77669bae371cd87/25811853076941608055270457512038717433705462539422789705262203111341130501054.json
0x2a86c5466f088caebf94e071a77669bae371cd87,295,25811853076941608055270457512038717433705462539422789705262203111341130501055,25811853076941608055270457512038717433705462539422789705262203111341130501055,QmbZ3DQcXcMeE61AWF7T5G5MnduG4pxrua8FtZco2RJE5r,ops/cdn-retirement-phase2/step3/v3-docs/0x2a86c5466f088caebf94e071a77669bae371cd87/25811853076941608055270457512038717433705462539422789705262203111341130501055.json
0x2a86c5466f088caebf94e071a77669bae371cd87,296,25811853076941608055270457512038717433705462539422789705262203111341130501056,25811853076941608055270457512038717433705462539422789705262203111341130501056,QmTwX5uxvDTmPkvX6SKwvZeYvtqTR3YWwYQ43hhoaviQzW,ops/cdn-retirement-phase2/step3/v3-docs/0x2a86c5466f088caebf94e071a77669bae371cd87/25811853076941608055270457512038717433705462539422789705262203111341130501056.json
0x2a86c5466f088caebf94e071a77669bae371cd87,297,25811853076941608055270457512038717433705462539422789705262203111341130501057,25811853076941608055270457512038717433705462539422789705262203111341130501057,QmYkcS19bZVFB5gKfq18fbPMRjMetAtYfCoaM6v4BErrXN,ops/cdn-retirement-phase2/step3/v3-docs/0x2a86c5466f088caebf94e071a77669bae371cd87/25811853076941608055270457512038717433705462539422789705262203111341130501057.json
0x2a86c5466f088caebf94e071a77669bae371cd87,298,25811853076941608055270457512038717433705462539422789705262203111341130501058,25811853076941608055270457512038717433705462539422789705262203111341130501058,QmTyUmfPqrGmHFsbU6d6vbc5ixQRVvawGBuJ2ug6NbxN4x,ops/cdn-retirement-phase2/step3/v3-docs/0x2a86c5466f088caebf94e071a77669bae371cd87/25811853076941608055270457512038717433705462539422789705262203111341130501058.json
0x2a86c5466f088caebf94e071a77669bae371cd87,299,25811853076941608055270457512038717433705462539422789705262203111341130501059,25811853076941608055270457512038717433705462539422789705262203111341130501059,QmX2JCwE5mTRNxrdN1XxfrWFDEe1Hbhj8kd3CP36virktZ,ops/cdn-retirement-phase2/step3/v3-docs/0x2a86c5466f088caebf94e071a77669bae371cd87/25811853076941608055270457512038717433705462539422789705262203111341130501059.json
0x2a86c5466f088caebf94e071a77669bae371cd87,3,102483456495595525347856182687662158730242810709523643804999349043957638016886,102483456495595525347856182687662158730242810709523643804999349043957638016886,QmZ8qh3juvvXA6F2UtrTrbwdN9piRJ6DBN9hcdSM6y9MUb,ops/cdn-retirement-phase2/step3/v3-docs/0x2a86c5466f088caebf94e071a77669bae371cd87/102483456495595525347856182687662158730242810709523643804999349043957638016886.json
0x2a86c5466f088caebf94e071a77669bae371cd87,3,111109302664824670737185277429938920398498513320697055470028732876817166971478,111109302664824670737185277429938920398498513320697055470028732876817166971478,QmTfCS3wTQLL9nQvJULcnXSLMg3PXWsmAZuJQyCswswNaF,ops/cdn-retirement-phase2/step3/v3-docs/0x2a86c5466f088caebf94e071a77669bae371cd87/111109302664824670737185277429938920398498513320697055470028732876817166971478.json
0x2a86c5466f088caebf94e071a77669bae371cd87,3,114509197042641126982266828896949519237122822493274123627313583916128762606680,114509197042641126982266828896949519237122822493274123627313583916128762606680,QmUk2aDpdzkJdU8vKwmCgCS4iATA53gwhiaRsnJok3erjF,ops/cdn-retirement-phase2/step3/v3-docs/0x2a86c5466f088caebf94e071a77669bae371cd87/114509197042641126982266828896949519237122822493274123627313583916128762606680.json
0x2a86c5466f088caebf94e071a77669bae371cd87,3,115153310228114666588851347772754489107974000689653741321876665973855418043404,115153310228114666588851347772754489107974000689653741321876665973855418043404,QmcA5VUic1FGtZzaNztaMLqiqGY7fZ5ZdvN2EhQvHYyxQ4,ops/cdn-retirement-phase2/step3/v3-docs/0x2a86c5466f088caebf94e071a77669bae371cd87/115153310228114666588851347772754489107974000689653741321876665973855418043404.json
0x2a86c5466f088caebf94e071a77669bae371cd87,3,15042014439770355205730296321097090521853295916950766059900103364979980239532,15042014439770355205730296321097090521853295916950766059900103364979980239532,Qmanz6EJkZ64sg9J9VN2iTEi2N48NtyRRYJwaKMnYcxGwJ,ops/cdn-retirement-phase2/step3/v3-docs/0x2a86c5466f088caebf94e071a77669bae371cd87/15042014439770355205730296321097090521853295916950766059900103364979980239532.json
0x2a86c5466f088caebf94e071a77669bae371cd87,3,23054627654022293378557484339859314570662620440316285194737095994444934294389,23054627654022293378557484339859314570662620440316285194737095994444934294389,QmPTSTVzATb882tBy5MHR3DwEHNyJnAosVUJ6sVLy3ND89,ops/cdn-retirement-phase2/step3/v3-docs/0x2a86c5466f088caebf94e071a77669bae371cd87/23054627654022293378557484339859314570662620440316285194737095994444934294389.json
0x2a86c5466f088caebf94e071a77669bae371cd87,3,25811853076941608055270457512038717433705462539422789705262203111341130500763,25811853076941608055270457512038717433705462539422789705262203111341130500763,QmbG2jGie94FgFaY2SYkRG9ExBF6oNzuAdFAZ1iwFjRnea,ops/cdn-retirement-phase2/step3/v3-docs/0x2a86c5466f088caebf94e071a77669bae371cd87/25811853076941608055270457512038717433705462539422789705262203111341130500763.json
0x2a86c5466f088caebf94e071a77669bae371cd87,3,34585829179764704558776471721101382364497188835544837351424684262481243220358,34585829179764704558776471721101382364497188835544837351424684262481243220358,QmYSSpi6kJikrNNN4kNoy4QSoMVp4ffABTgBizUuZpNSpt,ops/cdn-retirement-phase2/step3/v3-docs/0x2a86c5466f088caebf94e071a77669bae371cd87/34585829179764704558776471721101382364497188835544837351424684262481243220358.json
0x2a86c5466f088caebf94e071a77669bae371cd87,3,44336782902772445271281414922165901279839521989210301461051430933994537843290,44336782902772445271281414922165901279839521989210301461051430933994537843290,QmSaTHZabuiZC2dPVfEFGtR5vB698AdwuqKWfPScXVe2tB,ops/cdn-retirement-phase2/step3/v3-docs/0x2a86c5466f088caebf94e071a77669bae371cd87/44336782902772445271281414922165901279839521989210301461051430933994537843290.json
0x2a86c5466f088caebf94e071a77669bae371cd87,3,45127790317892297463290330756789683137919514630173258349099212122291675493585,45127790317892297463290330756789683137919514630173258349099212122291675493585,Qmd16eWoiuP94pGsnbcFabWPXUUt5ErhaUUky57ekvfhi4,ops/cdn-retirement-phase2/step3/v3-docs/0x2a86c5466f088caebf94e071a77669bae371cd87/45127790317892297463290330756789683137919514630173258349099212122291675493585.json
0x2a86c5466f088caebf94e071a77669bae371cd87,3,58808081037102973047914285344327235059767077645065607051796863932382238600163,58808081037102973047914285344327235059767077645065607051796863932382238600163,Qme1kJ4UjqSJTjVJzV91cHgwCPjSpzi5TQnWyKgPafAnXp,ops/cdn-retirement-phase2/step3/v3-docs/0x2a86c5466f088caebf94e071a77669bae371cd87/58808081037102973047914285344327235059767077645065607051796863932382238600163.json
0x2a86c5466f088caebf94e071a77669bae371cd87,3,69037219782415170039743351977361926117918379142220489214116017537486336548227,69037219782415170039743351977361926117918379142220489214116017537486336548227,QmUPp8yxY3jq6bgGmBhmZRwm2nbNHhYhJSMzHGzAZRx3Zu,ops/cdn-retirement-phase2/step3/v3-docs/0x2a86c5466f088caebf94e071a77669bae371cd87/69037219782415170039743351977361926117918379142220489214116017537486336548227.json
0x2a86c5466f088caebf94e071a77669bae371cd87,3,81822415981171894284716765232211393989809838876971274183632474922438819548895,81822415981171894284716765232211393989809838876971274183632474922438819548895,QmT5WihKi6oGoVqa9LGsDj5MF7vyxz295F6iq4ELpTb6U6,ops/cdn-retirement-phase2/step3/v3-docs/0x2a86c5466f088caebf94e071a77669bae371cd87/81822415981171894284716765232211393989809838876971274183632474922438819548895.json
0x2a86c5466f088caebf94e071a77669bae371cd87,3,84192194988336887268297181860741868331806134895311371625270671533240495509722,84192194988336887268297181860741868331806134895311371625270671533240495509722,QmXNkcRfHVxywgBwQMVTvFuhv3dWeRU1wevetFUm2E46Ke,ops/cdn-retirement-phase2/step3/v3-docs/0x2a86c5466f088caebf94e071a77669bae371cd87/84192194988336887268297181860741868331806134895311371625270671533240495509722.json
0x2a86c5466f088caebf94e071a77669bae371cd87,3,91641052224213995292130106305607107853658918792519691461793480796244015798260,91641052224213995292130106305607107853658918792519691461793480796244015798260,QmbFXsd6s9y5zzgfwHBEoD12UFxXafWFu4sDKiaFUU1dYh,ops/cdn-retirement-phase2/step3/v3-docs/0x2a86c5466f088caebf94e071a77669bae371cd87/91641052224213995292130106305607107853658918792519691461793480796244015798260.json
0x2a86c5466f088caebf94e071a77669bae371cd87,30,15042014439770355205730296321097090521853295916950766059900103364979980239559,15042014439770355205730296321097090521853295916950766059900103364979980239559,QmXWvD3KMUAdho2ZCyxHG16vZhDHSXtibEDqCeSzh3Rt5R,ops/cdn-retirement-phase2/step3/v3-docs/0x2a86c5466f088caebf94e071a77669bae371cd87/15042014439770355205730296321097090521853295916950766059900103364979980239559.json
0x2a86c5466f088caebf94e071a77669bae371cd87,30,25811853076941608055270457512038717433705462539422789705262203111341130500790,25811853076941608055270457512038717433705462539422789705262203111341130500790,QmTadaHfmkXfARB2TY8kBwUZAB57MYzGr8ihrwBhnrmv1m,ops/cdn-retirement-phase2/step3/v3-docs/0x2a86c5466f088caebf94e071a77669bae371cd87/25811853076941608055270457512038717433705462539422789705262203111341130500790.json
0x2a86c5466f088caebf94e071a77669bae371cd87,300,25811853076941608055270457512038717433705462539422789705262203111341130501060,25811853076941608055270457512038717433705462539422789705262203111341130501060,QmW377NpYef9X4sSK6zbrqa25kbBLUcpmnG7DBfiDmUR3X,ops/cdn-retirement-phase2/step3/v3-docs/0x2a86c5466f088caebf94e071a77669bae371cd87/25811853076941608055270457512038717433705462539422789705262203111341130501060.json
0x2a86c5466f088caebf94e071a77669bae371cd87,301,25811853076941608055270457512038717433705462539422789705262203111341130501061,25811853076941608055270457512038717433705462539422789705262203111341130501061,QmZcJmLQiiewZ9LUJfQY3FRPBFwQ5zhFWBtV4gWDdZAtP8,ops/cdn-retirement-phase2/step3/v3-docs/0x2a86c5466f088caebf94e071a77669bae371cd87/25811853076941608055270457512038717433705462539422789705262203111341130501061.json
0x2a86c5466f088caebf94e071a77669bae371cd87,302,25811853076941608055270457512038717433705462539422789705262203111341130501062,25811853076941608055270457512038717433705462539422789705262203111341130501062,QmUTYvMSm3TvAgXHZVu6cVNweJoCnCxbbQJZDheWTuWQZ7,ops/cdn-retirement-phase2/step3/v3-docs/0x2a86c5466f088caebf94e071a77669bae371cd87/25811853076941608055270457512038717433705462539422789705262203111341130501062.json
0x2a86c5466f088caebf94e071a77669bae371cd87,303,25811853076941608055270457512038717433705462539422789705262203111341130501063,25811853076941608055270457512038717433705462539422789705262203111341130501063,QmUgC3ghrdrXofeEGskpaEyjAfCXEarhS4xoBfrX27VzNM,ops/cdn-retirement-phase2/step3/v3-docs/0x2a86c5466f088caebf94e071a77669bae371cd87/25811853076941608055270457512038717433705462539422789705262203111341130501063.json
0x2a86c5466f088caebf94e071a77669bae371cd87,304,25811853076941608055270457512038717433705462539422789705262203111341130501064,25811853076941608055270457512038717433705462539422789705262203111341130501064,QmRS4FyEJT8iv5sWKpNKngkwSb5ZHp5jTwaVW9uwt39vHg,ops/cdn-retirement-phase2/step3/v3-docs/0x2a86c5466f088caebf94e071a77669bae371cd87/25811853076941608055270457512038717433705462539422789705262203111341130501064.json
0x2a86c5466f088caebf94e071a77669bae371cd87,305,25811853076941608055270457512038717433705462539422789705262203111341130501065,25811853076941608055270457512038717433705462539422789705262203111341130501065,QmUkxjumRqv97y675JPVBTA9kmLbi2Q37qq1sdXHitN2bT,ops/cdn-retirement-phase2/step3/v3-docs/0x2a86c5466f088caebf94e071a77669bae371cd87/25811853076941608055270457512038717433705462539422789705262203111341130501065.json
0x2a86c5466f088caebf94e071a77669bae371cd87,306,25811853076941608055270457512038717433705462539422789705262203111341130501066,25811853076941608055270457512038717433705462539422789705262203111341130501066,QmRJs33bywHzjm51uxAevJXv1doD51NWHtJuUX42Uhw4Df,ops/cdn-retirement-phase2/step3/v3-docs/0x2a86c5466f088caebf94e071a77669bae371cd87/25811853076941608055270457512038717433705462539422789705262203111341130501066.json
0x2a86c5466f088caebf94e071a77669bae371cd87,307,25811853076941608055270457512038717433705462539422789705262203111341130501067,25811853076941608055270457512038717433705462539422789705262203111341130501067,QmdqvS3NLNoemmKMwBivUkAgyX7qYT6iAYBXMoqDt7Qv2A,ops/cdn-retirement-phase2/step3/v3-docs/0x2a86c5466f088caebf94e071a77669bae371cd87/25811853076941608055270457512038717433705462539422789705262203111341130501067.json
0x2a86c5466f088caebf94e071a77669bae371cd87,308,25811853076941608055270457512038717433705462539422789705262203111341130501068,25811853076941608055270457512038717433705462539422789705262203111341130501068,QmTkEjGDLsTyCnvuVPxfDwfJk5T8iepSQqYCxxEKm6KoKD,ops/cdn-retirement-phase2/step3/v3-docs/0x2a86c5466f088caebf94e071a77669bae371cd87/25811853076941608055270457512038717433705462539422789705262203111341130501068.json
0x2a86c5466f088caebf94e071a77669bae371cd87,309,25811853076941608055270457512038717433705462539422789705262203111341130501069,25811853076941608055270457512038717433705462539422789705262203111341130501069,QmNZtEYMipKUgi2VrY68cjDx4WQqNEtjkJqVLyehpEVWdw,ops/cdn-retirement-phase2/step3/v3-docs/0x2a86c5466f088caebf94e071a77669bae371cd87/25811853076941608055270457512038717433705462539422789705262203111341130501069.json
0x2a86c5466f088caebf94e071a77669bae371cd87,31,15042014439770355205730296321097090521853295916950766059900103364979980239560,15042014439770355205730296321097090521853295916950766059900103364979980239560,QmeyLRbtM4DByDtS3tRK8BopQN2FkKhBjKyUM573AHBRPs,ops/cdn-retirement-phase2/step3/v3-docs/0x2a86c5466f088caebf94e071a77669bae371cd87/15042014439770355205730296321097090521853295916950766059900103364979980239560.json
0x2a86c5466f088caebf94e071a77669bae371cd87,31,25811853076941608055270457512038717433705462539422789705262203111341130500791,25811853076941608055270457512038717433705462539422789705262203111341130500791,QmWi7nNgB5XNYooemFcNbnXf6NZftsMBqNDFcFJpRNAdvK,ops/cdn-retirement-phase2/step3/v3-docs/0x2a86c5466f088caebf94e071a77669bae371cd87/25811853076941608055270457512038717433705462539422789705262203111341130500791.json
0x2a86c5466f088caebf94e071a77669bae371cd87,310,25811853076941608055270457512038717433705462539422789705262203111341130501070,25811853076941608055270457512038717433705462539422789705262203111341130501070,Qmf3ALNk9L9W2hTUxAdMxR7WDBT5HLGrdqCeFPkTt15fPw,ops/cdn-retirement-phase2/step3/v3-docs/0x2a86c5466f088caebf94e071a77669bae371cd87/25811853076941608055270457512038717433705462539422789705262203111341130501070.json
0x2a86c5466f088caebf94e071a77669bae371cd87,311,25811853076941608055270457512038717433705462539422789705262203111341130501071,25811853076941608055270457512038717433705462539422789705262203111341130501071,QmXjwHGLRpXkFy1zx1HamNLPTHfESWQFasmaosw29FUHsM,ops/cdn-retirement-phase2/step3/v3-docs/0x2a86c5466f088caebf94e071a77669bae371cd87/25811853076941608055270457512038717433705462539422789705262203111341130501071.json
0x2a86c5466f088caebf94e071a77669bae371cd87,312,25811853076941608055270457512038717433705462539422789705262203111341130501072,25811853076941608055270457512038717433705462539422789705262203111341130501072,QmVE4qZiAWw83RYHW8P4m49RU95WpKWT4HNLrFBShZD9qi,ops/cdn-retirement-phase2/step3/v3-docs/0x2a86c5466f088caebf94e071a77669bae371cd87/25811853076941608055270457512038717433705462539422789705262203111341130501072.json
0x2a86c5466f088caebf94e071a77669bae371cd87,313,25811853076941608055270457512038717433705462539422789705262203111341130501073,25811853076941608055270457512038717433705462539422789705262203111341130501073,QmNUq1y1uReZkvPEL17nixab8F6WBj2ctsNT456nQh13rf,ops/cdn-retirement-phase2/step3/v3-docs/0x2a86c5466f088caebf94e071a77669bae371cd87/25811853076941608055270457512038717433705462539422789705262203111341130501073.json
0x2a86c5466f088caebf94e071a77669bae371cd87,314,25811853076941608055270457512038717433705462539422789705262203111341130501074,25811853076941608055270457512038717433705462539422789705262203111341130501074,QmQ9M7c7JN4BLHqSdJmbpvqy3QEZg8Y4zNYe9izSCE53e5,ops/cdn-retirement-phase2/step3/v3-docs/0x2a86c5466f088caebf94e071a77669bae371cd87/25811853076941608055270457512038717433705462539422789705262203111341130501074.json
0x2a86c5466f088caebf94e071a77669bae371cd87,315,25811853076941608055270457512038717433705462539422789705262203111341130501075,25811853076941608055270457512038717433705462539422789705262203111341130501075,Qmc96LSc5zrimMQMMa5UfvXcCi1TAKsnNxZLSA6wVS9dMk,ops/cdn-retirement-phase2/step3/v3-docs/0x2a86c5466f088caebf94e071a77669bae371cd87/25811853076941608055270457512038717433705462539422789705262203111341130501075.json
0x2a86c5466f088caebf94e071a77669bae371cd87,316,25811853076941608055270457512038717433705462539422789705262203111341130501076,25811853076941608055270457512038717433705462539422789705262203111341130501076,QmY12K2qM4JrKGfMd6Vc8GPGLJXrrvtwPxamt1dQq5ryan,ops/cdn-retirement-phase2/step3/v3-docs/0x2a86c5466f088caebf94e071a77669bae371cd87/25811853076941608055270457512038717433705462539422789705262203111341130501076.json
0x2a86c5466f088caebf94e071a77669bae371cd87,317,25811853076941608055270457512038717433705462539422789705262203111341130501077,25811853076941608055270457512038717433705462539422789705262203111341130501077,QmZGCmXhJuFhkbAuPKEV78yg5kbqd5oJwtbhDbSGeEY9Go,ops/cdn-retirement-phase2/step3/v3-docs/0x2a86c5466f088caebf94e071a77669bae371cd87/25811853076941608055270457512038717433705462539422789705262203111341130501077.json
0x2a86c5466f088caebf94e071a77669bae371cd87,318,25811853076941608055270457512038717433705462539422789705262203111341130501078,25811853076941608055270457512038717433705462539422789705262203111341130501078,QmPTxhn8Fdt3C3xeGUQGrEoCCsif7avjdBWunAZYXGjAUj,ops/cdn-retirement-phase2/step3/v3-docs/0x2a86c5466f088caebf94e071a77669bae371cd87/25811853076941608055270457512038717433705462539422789705262203111341130501078.json
0x2a86c5466f088caebf94e071a77669bae371cd87,319,25811853076941608055270457512038717433705462539422789705262203111341130501079,25811853076941608055270457512038717433705462539422789705262203111341130501079,QmSHKw9coX5f2gZ1rDgxjaH6ixjjc99kREbboqqrB2MyXt,ops/cdn-retirement-phase2/step3/v3-docs/0x2a86c5466f088caebf94e071a77669bae371cd87/25811853076941608055270457512038717433705462539422789705262203111341130501079.json
0x2a86c5466f088caebf94e071a77669bae371cd87,32,15042014439770355205730296321097090521853295916950766059900103364979980239561,15042014439770355205730296321097090521853295916950766059900103364979980239561,QmQdnutan5RhmpVGQEpgUYfrdaPCTemk5u8rjnocu4xiSt,ops/cdn-retirement-phase2/step3/v3-docs/0x2a86c5466f088caebf94e071a77669bae371cd87/15042014439770355205730296321097090521853295916950766059900103364979980239561.json
0x2a86c5466f088caebf94e071a77669bae371cd87,32,25811853076941608055270457512038717433705462539422789705262203111341130500792,25811853076941608055270457512038717433705462539422789705262203111341130500792,QmS6gh6QiX3KvggPUntSmeNmF36wdwtqztQUx4WtcivPug,ops/cdn-retirement-phase2/step3/v3-docs/0x2a86c5466f088caebf94e071a77669bae371cd87/25811853076941608055270457512038717433705462539422789705262203111341130500792.json
0x2a86c5466f088caebf94e071a77669bae371cd87,320,25811853076941608055270457512038717433705462539422789705262203111341130501080,25811853076941608055270457512038717433705462539422789705262203111341130501080,QmdEtsQVMSP2jEWHh82M8rmbFyMcgnYdSf4FppZauMM4JE,ops/cdn-retirement-phase2/step3/v3-docs/0x2a86c5466f088caebf94e071a77669bae371cd87/25811853076941608055270457512038717433705462539422789705262203111341130501080.json
0x2a86c5466f088caebf94e071a77669bae371cd87,321,25811853076941608055270457512038717433705462539422789705262203111341130501081,25811853076941608055270457512038717433705462539422789705262203111341130501081,QmWY1JkFPVE3pmrH8U15VWMrJqiQkDH11y8DJzfcpGYsFP,ops/cdn-retirement-phase2/step3/v3-docs/0x2a86c5466f088caebf94e071a77669bae371cd87/25811853076941608055270457512038717433705462539422789705262203111341130501081.json
0x2a86c5466f088caebf94e071a77669bae371cd87,322,25811853076941608055270457512038717433705462539422789705262203111341130501082,25811853076941608055270457512038717433705462539422789705262203111341130501082,QmTXwwG1PojGfMGBhPd8cD55jbMy2VBbpDZfTTv8CaC3nU,ops/cdn-retirement-phase2/step3/v3-docs/0x2a86c5466f088caebf94e071a77669bae371cd87/25811853076941608055270457512038717433705462539422789705262203111341130501082.json
0x2a86c5466f088caebf94e071a77669bae371cd87,323,25811853076941608055270457512038717433705462539422789705262203111341130501083,25811853076941608055270457512038717433705462539422789705262203111341130501083,QmU96EC1V4fTJJPL3KU2TNggWzymzWuHT4mg92ZWHUTd1f,ops/cdn-retirement-phase2/step3/v3-docs/0x2a86c5466f088caebf94e071a77669bae371cd87/25811853076941608055270457512038717433705462539422789705262203111341130501083.json
0x2a86c5466f088caebf94e071a77669bae371cd87,324,25811853076941608055270457512038717433705462539422789705262203111341130501084,25811853076941608055270457512038717433705462539422789705262203111341130501084,QmR1QBke8NGv26qpu2qysTMgCiLc2tBRgKdJUwfjhrzQWa,ops/cdn-retirement-phase2/step3/v3-docs/0x2a86c5466f088caebf94e071a77669bae371cd87/25811853076941608055270457512038717433705462539422789705262203111341130501084.json
0x2a86c5466f088caebf94e071a77669bae371cd87,325,25811853076941608055270457512038717433705462539422789705262203111341130501085,25811853076941608055270457512038717433705462539422789705262203111341130501085,QmSc9gGhHiWTw5JPqPZyLpTbsdQqFzHvsQu3nPxim3zEcZ,ops/cdn-retirement-phase2/step3/v3-docs/0x2a86c5466f088caebf94e071a77669bae371cd87/25811853076941608055270457512038717433705462539422789705262203111341130501085.json
0x2a86c5466f088caebf94e071a77669bae371cd87,326,25811853076941608055270457512038717433705462539422789705262203111341130501086,25811853076941608055270457512038717433705462539422789705262203111341130501086,QmX5btSTgcZXjEdzA47nr6gaagPyMKgRGaEv2N1SezRq2U,ops/cdn-retirement-phase2/step3/v3-docs/0x2a86c5466f088caebf94e071a77669bae371cd87/25811853076941608055270457512038717433705462539422789705262203111341130501086.json
0x2a86c5466f088caebf94e071a77669bae371cd87,327,25811853076941608055270457512038717433705462539422789705262203111341130501087,25811853076941608055270457512038717433705462539422789705262203111341130501087,Qmdef3A7NAzeFFD6QKgs6XM6ffresUuLQYRaCPaaJgtMz1,ops/cdn-retirement-phase2/step3/v3-docs/0x2a86c5466f088caebf94e071a77669bae371cd87/25811853076941608055270457512038717433705462539422789705262203111341130501087.json
0x2a86c5466f088caebf94e071a77669bae371cd87,328,25811853076941608055270457512038717433705462539422789705262203111341130501088,25811853076941608055270457512038717433705462539422789705262203111341130501088,Qme6unjvuTfHvbM1gtS6cRRE5gpyNzs4xShf8uUSCHLjPU,ops/cdn-retirement-phase2/step3/v3-docs/0x2a86c5466f088caebf94e071a77669bae371cd87/25811853076941608055270457512038717433705462539422789705262203111341130501088.json
0x2a86c5466f088caebf94e071a77669bae371cd87,329,25811853076941608055270457512038717433705462539422789705262203111341130501089,25811853076941608055270457512038717433705462539422789705262203111341130501089,QmNyU2y3ivrw6FRg47giiS6bFAvHqntojkmdA2sQxs44JF,ops/cdn-retirement-phase2/step3/v3-docs/0x2a86c5466f088caebf94e071a77669bae371cd87/25811853076941608055270457512038717433705462539422789705262203111341130501089.json
0x2a86c5466f088caebf94e071a77669bae371cd87,33,15042014439770355205730296321097090521853295916950766059900103364979980239562,15042014439770355205730296321097090521853295916950766059900103364979980239562,QmWbF8GEQoiWSbXoDsDbwNATNfMN4MgCxskzECJMgz9MPU,ops/cdn-retirement-phase2/step3/v3-docs/0x2a86c5466f088caebf94e071a77669bae371cd87/15042014439770355205730296321097090521853295916950766059900103364979980239562.json
0x2a86c5466f088caebf94e071a77669bae371cd87,33,25811853076941608055270457512038717433705462539422789705262203111341130500793,25811853076941608055270457512038717433705462539422789705262203111341130500793,QmZCJxDYGhkefjBLjh9EBzFEjctSgVE2FEDrVzXM7GPbTk,ops/cdn-retirement-phase2/step3/v3-docs/0x2a86c5466f088caebf94e071a77669bae371cd87/25811853076941608055270457512038717433705462539422789705262203111341130500793.json
0x2a86c5466f088caebf94e071a77669bae371cd87,330,25811853076941608055270457512038717433705462539422789705262203111341130501090,25811853076941608055270457512038717433705462539422789705262203111341130501090,QmToi7TNFeXFFZh6mRUzK34QkE58L3AqkHoQaaJM18ehUe,ops/cdn-retirement-phase2/step3/v3-docs/0x2a86c5466f088caebf94e071a77669bae371cd87/25811853076941608055270457512038717433705462539422789705262203111341130501090.json
0x2a86c5466f088caebf94e071a77669bae371cd87,331,25811853076941608055270457512038717433705462539422789705262203111341130501091,25811853076941608055270457512038717433705462539422789705262203111341130501091,QmafA7FECHctzVxrqyi61d89Czy532PoS3poS5MqTLnYSx,ops/cdn-retirement-phase2/step3/v3-docs/0x2a86c5466f088caebf94e071a77669bae371cd87/25811853076941608055270457512038717433705462539422789705262203111341130501091.json
0x2a86c5466f088caebf94e071a77669bae371cd87,332,25811853076941608055270457512038717433705462539422789705262203111341130501092,25811853076941608055270457512038717433705462539422789705262203111341130501092,QmNeGZN1ikU3khnp6nT1ZBe4qNaNyD6C5zQHnaDtD59k4r,ops/cdn-retirement-phase2/step3/v3-docs/0x2a86c5466f088caebf94e071a77669bae371cd87/25811853076941608055270457512038717433705462539422789705262203111341130501092.json
0x2a86c5466f088caebf94e071a77669bae371cd87,333,25811853076941608055270457512038717433705462539422789705262203111341130501093,25811853076941608055270457512038717433705462539422789705262203111341130501093,QmP6FxuWb9z7vFJGyVtFHPLUP7nMnBK7Q6rebxqq2yiKep,ops/cdn-retirement-phase2/step3/v3-docs/0x2a86c5466f088caebf94e071a77669bae371cd87/25811853076941608055270457512038717433705462539422789705262203111341130501093.json
0x2a86c5466f088caebf94e071a77669bae371cd87,334,25811853076941608055270457512038717433705462539422789705262203111341130501094,25811853076941608055270457512038717433705462539422789705262203111341130501094,QmSUABDJSAFpCFYR1KkcDPnG5Pg3fu3Zy9qSjxQTmXWZ8q,ops/cdn-retirement-phase2/step3/v3-docs/0x2a86c5466f088caebf94e071a77669bae371cd87/25811853076941608055270457512038717433705462539422789705262203111341130501094.json
0x2a86c5466f088caebf94e071a77669bae371cd87,335,25811853076941608055270457512038717433705462539422789705262203111341130501095,25811853076941608055270457512038717433705462539422789705262203111341130501095,QmY7rnFzJgLNAAXkmmL3yuqepAnSLjRk7hfHpqbALSGLLX,ops/cdn-retirement-phase2/step3/v3-docs/0x2a86c5466f088caebf94e071a77669bae371cd87/25811853076941608055270457512038717433705462539422789705262203111341130501095.json
0x2a86c5466f088caebf94e071a77669bae371cd87,336,25811853076941608055270457512038717433705462539422789705262203111341130501096,25811853076941608055270457512038717433705462539422789705262203111341130501096,QmNfNba8vgS2VVbkdpXzmfh8qotGSbxEaFqXxyV5FDRjo3,ops/cdn-retirement-phase2/step3/v3-docs/0x2a86c5466f088caebf94e071a77669bae371cd87/25811853076941608055270457512038717433705462539422789705262203111341130501096.json
0x2a86c5466f088caebf94e071a77669bae371cd87,337,25811853076941608055270457512038717433705462539422789705262203111341130501097,25811853076941608055270457512038717433705462539422789705262203111341130501097,QmS7Yi873CLePuyXfu8kaWkh4B8dXwXNyJJhfVy7g8HEty,ops/cdn-retirement-phase2/step3/v3-docs/0x2a86c5466f088caebf94e071a77669bae371cd87/25811853076941608055270457512038717433705462539422789705262203111341130501097.json
0x2a86c5466f088caebf94e071a77669bae371cd87,338,25811853076941608055270457512038717433705462539422789705262203111341130501098,25811853076941608055270457512038717433705462539422789705262203111341130501098,QmXuFyBzCckAuwweNW7pHfmADbttufscCt1zwfXtefFdUB,ops/cdn-retirement-phase2/step3/v3-docs/0x2a86c5466f088caebf94e071a77669bae371cd87/25811853076941608055270457512038717433705462539422789705262203111341130501098.json
0x2a86c5466f088caebf94e071a77669bae371cd87,339,25811853076941608055270457512038717433705462539422789705262203111341130501099,25811853076941608055270457512038717433705462539422789705262203111341130501099,QmWMNRrtfGXrpRwW4XUhmCFuWDcBKXsrXHYcc5NtQARdys,ops/cdn-retirement-phase2/step3/v3-docs/0x2a86c5466f088caebf94e071a77669bae371cd87/25811853076941608055270457512038717433705462539422789705262203111341130501099.json
0x2a86c5466f088caebf94e071a77669bae371cd87,34,15042014439770355205730296321097090521853295916950766059900103364979980239563,15042014439770355205730296321097090521853295916950766059900103364979980239563,QmSWwfRfKH94M9GtVVibaSEfENaguC1DzrS5211rPhY9Ye,ops/cdn-retirement-phase2/step3/v3-docs/0x2a86c5466f088caebf94e071a77669bae371cd87/15042014439770355205730296321097090521853295916950766059900103364979980239563.json
0x2a86c5466f088caebf94e071a77669bae371cd87,34,25811853076941608055270457512038717433705462539422789705262203111341130500794,25811853076941608055270457512038717433705462539422789705262203111341130500794,QmdSH3sw5HZ6nXkutF9RgeZRDuRmufVLLfRKEQk1NEZE45,ops/cdn-retirement-phase2/step3/v3-docs/0x2a86c5466f088caebf94e071a77669bae371cd87/25811853076941608055270457512038717433705462539422789705262203111341130500794.json
0x2a86c5466f088caebf94e071a77669bae371cd87,340,25811853076941608055270457512038717433705462539422789705262203111341130501100,25811853076941608055270457512038717433705462539422789705262203111341130501100,QmRCL73ZXrDs6uv1sKgT2mCfWmGYYaYVbPwRpSVxX7CKyB,ops/cdn-retirement-phase2/step3/v3-docs/0x2a86c5466f088caebf94e071a77669bae371cd87/25811853076941608055270457512038717433705462539422789705262203111341130501100.json
0x2a86c5466f088caebf94e071a77669bae371cd87,341,25811853076941608055270457512038717433705462539422789705262203111341130501101,25811853076941608055270457512038717433705462539422789705262203111341130501101,QmPxQ1iS695ZRBZpbEgbFKm3TiMqFzMSUZPXPBXRDZgKUo,ops/cdn-retirement-phase2/step3/v3-docs/0x2a86c5466f088caebf94e071a77669bae371cd87/25811853076941608055270457512038717433705462539422789705262203111341130501101.json
0x2a86c5466f088caebf94e071a77669bae371cd87,342,25811853076941608055270457512038717433705462539422789705262203111341130501102,25811853076941608055270457512038717433705462539422789705262203111341130501102,QmX9eFmkSSoCUPxuBruuPFtXCdrZKpZdEoztCezZQF1Yq2,ops/cdn-retirement-phase2/step3/v3-docs/0x2a86c5466f088caebf94e071a77669bae371cd87/25811853076941608055270457512038717433705462539422789705262203111341130501102.json
0x2a86c5466f088caebf94e071a77669bae371cd87,343,25811853076941608055270457512038717433705462539422789705262203111341130501103,25811853076941608055270457512038717433705462539422789705262203111341130501103,QmXx2aucpFxFkbGnt2ZbD4fD7Mdi55rfZj8BdVnoxWs4c3,ops/cdn-retirement-phase2/step3/v3-docs/0x2a86c5466f088caebf94e071a77669bae371cd87/25811853076941608055270457512038717433705462539422789705262203111341130501103.json
0x2a86c5466f088caebf94e071a77669bae371cd87,344,25811853076941608055270457512038717433705462539422789705262203111341130501104,25811853076941608055270457512038717433705462539422789705262203111341130501104,QmVgbuCeNi52jPfXo3xRDAgFyB5uzyykgkwDX7asGmHEUe,ops/cdn-retirement-phase2/step3/v3-docs/0x2a86c5466f088caebf94e071a77669bae371cd87/25811853076941608055270457512038717433705462539422789705262203111341130501104.json
0x2a86c5466f088caebf94e071a77669bae371cd87,345,25811853076941608055270457512038717433705462539422789705262203111341130501105,25811853076941608055270457512038717433705462539422789705262203111341130501105,QmYrRTySdgZVEHe96mdjvdGJg6HqtvpyuLUnFEhLSckEDz,ops/cdn-retirement-phase2/step3/v3-docs/0x2a86c5466f088caebf94e071a77669bae371cd87/25811853076941608055270457512038717433705462539422789705262203111341130501105.json
0x2a86c5466f088caebf94e071a77669bae371cd87,346,25811853076941608055270457512038717433705462539422789705262203111341130501106,25811853076941608055270457512038717433705462539422789705262203111341130501106,QmRiS9N8s6dminx7fvGjGtmsbdk7JxscKGBzMHHMPUnuKy,ops/cdn-retirement-phase2/step3/v3-docs/0x2a86c5466f088caebf94e071a77669bae371cd87/25811853076941608055270457512038717433705462539422789705262203111341130501106.json
0x2a86c5466f088caebf94e071a77669bae371cd87,347,25811853076941608055270457512038717433705462539422789705262203111341130501107,25811853076941608055270457512038717433705462539422789705262203111341130501107,QmXy7RECjmH4t8bDd2RW43aBiP5MrdfoEBu1wbcnyeNWQE,ops/cdn-retirement-phase2/step3/v3-docs/0x2a86c5466f088caebf94e071a77669bae371cd87/25811853076941608055270457512038717433705462539422789705262203111341130501107.json
0x2a86c5466f088caebf94e071a77669bae371cd87,348,25811853076941608055270457512038717433705462539422789705262203111341130501108,25811853076941608055270457512038717433705462539422789705262203111341130501108,QmRJXyJE2yEhDrxAfePMyY9TfqftLMp1kJ6fp5CRHXNuyh,ops/cdn-retirement-phase2/step3/v3-docs/0x2a86c5466f088caebf94e071a77669bae371cd87/25811853076941608055270457512038717433705462539422789705262203111341130501108.json
0x2a86c5466f088caebf94e071a77669bae371cd87,349,25811853076941608055270457512038717433705462539422789705262203111341130501109,25811853076941608055270457512038717433705462539422789705262203111341130501109,QmTdy6rGSvziwWMjDpnAdrKmb2MpDfHS9Jcb3V4eGa9rrS,ops/cdn-retirement-phase2/step3/v3-docs/0x2a86c5466f088caebf94e071a77669bae371cd87/25811853076941608055270457512038717433705462539422789705262203111341130501109.json
0x2a86c5466f088caebf94e071a77669bae371cd87,35,15042014439770355205730296321097090521853295916950766059900103364979980239564,15042014439770355205730296321097090521853295916950766059900103364979980239564,QmbPnZFvPwjdegzwgPEMqvTXmJtpLWD3WVV6nzXSP3Hpgt,ops/cdn-retirement-phase2/step3/v3-docs/0x2a86c5466f088caebf94e071a77669bae371cd87/15042014439770355205730296321097090521853295916950766059900103364979980239564.json
0x2a86c5466f088caebf94e071a77669bae371cd87,35,25811853076941608055270457512038717433705462539422789705262203111341130500795,25811853076941608055270457512038717433705462539422789705262203111341130500795,QmY7g42rUH6NhsBFxdg1g8YRY6EKX4rBfC4rw3KJxSstj2,ops/cdn-retirement-phase2/step3/v3-docs/0x2a86c5466f088caebf94e071a77669bae371cd87/25811853076941608055270457512038717433705462539422789705262203111341130500795.json
0x2a86c5466f088caebf94e071a77669bae371cd87,350,25811853076941608055270457512038717433705462539422789705262203111341130501110,25811853076941608055270457512038717433705462539422789705262203111341130501110,QmTngsFR7ajb3WfEe7pYg1dN5ubgzeECy8o3wGXQrmW8gy,ops/cdn-retirement-phase2/step3/v3-docs/0x2a86c5466f088caebf94e071a77669bae371cd87/25811853076941608055270457512038717433705462539422789705262203111341130501110.json
0x2a86c5466f088caebf94e071a77669bae371cd87,351,25811853076941608055270457512038717433705462539422789705262203111341130501111,25811853076941608055270457512038717433705462539422789705262203111341130501111,QmWz1XB4uDbHhaajP4bPgm5agSHqPGHmvc7PQ3XFubUeD3,ops/cdn-retirement-phase2/step3/v3-docs/0x2a86c5466f088caebf94e071a77669bae371cd87/25811853076941608055270457512038717433705462539422789705262203111341130501111.json
0x2a86c5466f088caebf94e071a77669bae371cd87,352,25811853076941608055270457512038717433705462539422789705262203111341130501112,25811853076941608055270457512038717433705462539422789705262203111341130501112,QmXfhuf8LUrfsbFUHakqrQN5pXPg3qzAAkvsQK8KmhdL9T,ops/cdn-retirement-phase2/step3/v3-docs/0x2a86c5466f088caebf94e071a77669bae371cd87/25811853076941608055270457512038717433705462539422789705262203111341130501112.json
0x2a86c5466f088caebf94e071a77669bae371cd87,353,25811853076941608055270457512038717433705462539422789705262203111341130501113,25811853076941608055270457512038717433705462539422789705262203111341130501113,QmP71EuTWRM4FoiJC6EzThi2MZacN5Sy4JyYzxz6RUWYyw,ops/cdn-retirement-phase2/step3/v3-docs/0x2a86c5466f088caebf94e071a77669bae371cd87/25811853076941608055270457512038717433705462539422789705262203111341130501113.json
0x2a86c5466f088caebf94e071a77669bae371cd87,354,25811853076941608055270457512038717433705462539422789705262203111341130501114,25811853076941608055270457512038717433705462539422789705262203111341130501114,QmYk9V9fG7Q6BWE4DeSNKTjc6Wq8NCnRnEATXYK9HMnyzF,ops/cdn-retirement-phase2/step3/v3-docs/0x2a86c5466f088caebf94e071a77669bae371cd87/25811853076941608055270457512038717433705462539422789705262203111341130501114.json
0x2a86c5466f088caebf94e071a77669bae371cd87,355,25811853076941608055270457512038717433705462539422789705262203111341130501115,25811853076941608055270457512038717433705462539422789705262203111341130501115,Qma4nRddWmHSr8nb9EuGMvCXGCLjx5bm44dKLWRDanznLR,ops/cdn-retirement-phase2/step3/v3-docs/0x2a86c5466f088caebf94e071a77669bae371cd87/25811853076941608055270457512038717433705462539422789705262203111341130501115.json
0x2a86c5466f088caebf94e071a77669bae371cd87,356,25811853076941608055270457512038717433705462539422789705262203111341130501116,25811853076941608055270457512038717433705462539422789705262203111341130501116,QmdiGwyNUzkbUQGg1CEjCwFtmfEEi3mrmWDgPsXLUUrS6n,ops/cdn-retirement-phase2/step3/v3-docs/0x2a86c5466f088caebf94e071a77669bae371cd87/25811853076941608055270457512038717433705462539422789705262203111341130501116.json
0x2a86c5466f088caebf94e071a77669bae371cd87,357,25811853076941608055270457512038717433705462539422789705262203111341130501117,25811853076941608055270457512038717433705462539422789705262203111341130501117,QmVwmVCnfwk5dLKTKPMAw2snPU9i2Ket87vaxYd3Qyu4he,ops/cdn-retirement-phase2/step3/v3-docs/0x2a86c5466f088caebf94e071a77669bae371cd87/25811853076941608055270457512038717433705462539422789705262203111341130501117.json
0x2a86c5466f088caebf94e071a77669bae371cd87,358,25811853076941608055270457512038717433705462539422789705262203111341130501118,25811853076941608055270457512038717433705462539422789705262203111341130501118,QmZ5E1LGf9peZY8TBnSnZAJpWCf7XrSdN25sEGx2ibkc7p,ops/cdn-retirement-phase2/step3/v3-docs/0x2a86c5466f088caebf94e071a77669bae371cd87/25811853076941608055270457512038717433705462539422789705262203111341130501118.json
0x2a86c5466f088caebf94e071a77669bae371cd87,359,25811853076941608055270457512038717433705462539422789705262203111341130501119,25811853076941608055270457512038717433705462539422789705262203111341130501119,QmSy9jmZaFsj1HbgDbUkxM94MPaXRPc8JTawDM2c6PXgDL,ops/cdn-retirement-phase2/step3/v3-docs/0x2a86c5466f088caebf94e071a77669bae371cd87/25811853076941608055270457512038717433705462539422789705262203111341130501119.json
0x2a86c5466f088caebf94e071a77669bae371cd87,36,15042014439770355205730296321097090521853295916950766059900103364979980239565,15042014439770355205730296321097090521853295916950766059900103364979980239565,Qmd6Nw7G18EbR3jtU9UzWun3fapEB25jFk2mFD9v4cGF6T,ops/cdn-retirement-phase2/step3/v3-docs/0x2a86c5466f088caebf94e071a77669bae371cd87/15042014439770355205730296321097090521853295916950766059900103364979980239565.json
0x2a86c5466f088caebf94e071a77669bae371cd87,36,25811853076941608055270457512038717433705462539422789705262203111341130500796,25811853076941608055270457512038717433705462539422789705262203111341130500796,QmWLbVGVC9UMLkZoDFJJttdZuMAdLBBL2wUr4jwxpHP314,ops/cdn-retirement-phase2/step3/v3-docs/0x2a86c5466f088caebf94e071a77669bae371cd87/25811853076941608055270457512038717433705462539422789705262203111341130500796.json
0x2a86c5466f088caebf94e071a77669bae371cd87,360,25811853076941608055270457512038717433705462539422789705262203111341130501120,25811853076941608055270457512038717433705462539422789705262203111341130501120,QmPK6816vUxSUL5Ta9aodT9uP1jdtsSeXqryGbBcpw1VJ8,ops/cdn-retirement-phase2/step3/v3-docs/0x2a86c5466f088caebf94e071a77669bae371cd87/25811853076941608055270457512038717433705462539422789705262203111341130501120.json
0x2a86c5466f088caebf94e071a77669bae371cd87,361,25811853076941608055270457512038717433705462539422789705262203111341130501121,25811853076941608055270457512038717433705462539422789705262203111341130501121,QmP8QTxJoJVwFQGqxoYznzATGHHNP6tuYmiN8TyqEo5RkT,ops/cdn-retirement-phase2/step3/v3-docs/0x2a86c5466f088caebf94e071a77669bae371cd87/25811853076941608055270457512038717433705462539422789705262203111341130501121.json
0x2a86c5466f088caebf94e071a77669bae371cd87,362,25811853076941608055270457512038717433705462539422789705262203111341130501122,25811853076941608055270457512038717433705462539422789705262203111341130501122,QmboWnEb8rgF75SR9ER51yTcMdwXXEQZcvdxcHr4uRBwWn,ops/cdn-retirement-phase2/step3/v3-docs/0x2a86c5466f088caebf94e071a77669bae371cd87/25811853076941608055270457512038717433705462539422789705262203111341130501122.json
0x2a86c5466f088caebf94e071a77669bae371cd87,363,25811853076941608055270457512038717433705462539422789705262203111341130501123,25811853076941608055270457512038717433705462539422789705262203111341130501123,QmdKCoMRLTPGTASQGEEV2yZSuGxabrb7B4ipgLTUkZbCuF,ops/cdn-retirement-phase2/step3/v3-docs/0x2a86c5466f088caebf94e071a77669bae371cd87/25811853076941608055270457512038717433705462539422789705262203111341130501123.json
0x2a86c5466f088caebf94e071a77669bae371cd87,364,25811853076941608055270457512038717433705462539422789705262203111341130501124,25811853076941608055270457512038717433705462539422789705262203111341130501124,QmSowdMwRsGVvY3gYfMY27RuU3nB6PvM5Xf25tchjTZcAP,ops/cdn-retirement-phase2/step3/v3-docs/0x2a86c5466f088caebf94e071a77669bae371cd87/25811853076941608055270457512038717433705462539422789705262203111341130501124.json
0x2a86c5466f088caebf94e071a77669bae371cd87,365,25811853076941608055270457512038717433705462539422789705262203111341130501125,25811853076941608055270457512038717433705462539422789705262203111341130501125,QmWEyk9DfgqQ21rLY2Dq58XivUZuUV7StyQVngYKfWExeE,ops/cdn-retirement-phase2/step3/v3-docs/0x2a86c5466f088caebf94e071a77669bae371cd87/25811853076941608055270457512038717433705462539422789705262203111341130501125.json
0x2a86c5466f088caebf94e071a77669bae371cd87,366,25811853076941608055270457512038717433705462539422789705262203111341130501126,25811853076941608055270457512038717433705462539422789705262203111341130501126,QmdELrb2kfveQchA7vm1HPRUUXGFiEbpXptfmbX2qwhy9S,ops/cdn-retirement-phase2/step3/v3-docs/0x2a86c5466f088caebf94e071a77669bae371cd87/25811853076941608055270457512038717433705462539422789705262203111341130501126.json
0x2a86c5466f088caebf94e071a77669bae371cd87,367,25811853076941608055270457512038717433705462539422789705262203111341130501127,25811853076941608055270457512038717433705462539422789705262203111341130501127,QmcLSo9LMtjgZRwwWVnAKVJVHJhJ5nwWJQcdy8JGsSZhZk,ops/cdn-retirement-phase2/step3/v3-docs/0x2a86c5466f088caebf94e071a77669bae371cd87/25811853076941608055270457512038717433705462539422789705262203111341130501127.json
0x2a86c5466f088caebf94e071a77669bae371cd87,368,25811853076941608055270457512038717433705462539422789705262203111341130501128,25811853076941608055270457512038717433705462539422789705262203111341130501128,QmYztEjNjjhybeV2mQU5k4hTDTz4QF8MpiGXHcBqvRBEfC,ops/cdn-retirement-phase2/step3/v3-docs/0x2a86c5466f088caebf94e071a77669bae371cd87/25811853076941608055270457512038717433705462539422789705262203111341130501128.json
0x2a86c5466f088caebf94e071a77669bae371cd87,369,25811853076941608055270457512038717433705462539422789705262203111341130501129,25811853076941608055270457512038717433705462539422789705262203111341130501129,QmbpAD2Xr1CuarM79ikXbqBXQ1JjKAkB5tAb14sohjhVbL,ops/cdn-retirement-phase2/step3/v3-docs/0x2a86c5466f088caebf94e071a77669bae371cd87/25811853076941608055270457512038717433705462539422789705262203111341130501129.json
0x2a86c5466f088caebf94e071a77669bae371cd87,37,15042014439770355205730296321097090521853295916950766059900103364979980239566,15042014439770355205730296321097090521853295916950766059900103364979980239566,QmSaJib4ACBgzJTQArMXv8H15YYqKp4j81eW9yC9qhJCXL,ops/cdn-retirement-phase2/step3/v3-docs/0x2a86c5466f088caebf94e071a77669bae371cd87/15042014439770355205730296321097090521853295916950766059900103364979980239566.json
0x2a86c5466f088caebf94e071a77669bae371cd87,37,25811853076941608055270457512038717433705462539422789705262203111341130500797,25811853076941608055270457512038717433705462539422789705262203111341130500797,QmaSdsxTQzAQjSgNuDEiJGuMB5zFaVU3Vws2ZDNHLeRBhP,ops/cdn-retirement-phase2/step3/v3-docs/0x2a86c5466f088caebf94e071a77669bae371cd87/25811853076941608055270457512038717433705462539422789705262203111341130500797.json
0x2a86c5466f088caebf94e071a77669bae371cd87,370,25811853076941608055270457512038717433705462539422789705262203111341130501130,25811853076941608055270457512038717433705462539422789705262203111341130501130,QmZjUXdbnsX1n9WxRmEQvawkGb5SyEnzdTKgLvEj9xoE15,ops/cdn-retirement-phase2/step3/v3-docs/0x2a86c5466f088caebf94e071a77669bae371cd87/25811853076941608055270457512038717433705462539422789705262203111341130501130.json
0x2a86c5466f088caebf94e071a77669bae371cd87,371,25811853076941608055270457512038717433705462539422789705262203111341130501131,25811853076941608055270457512038717433705462539422789705262203111341130501131,QmPk2xdaq8BS56n1EEBSkbm458cUDH41dWraKA4woNqimS,ops/cdn-retirement-phase2/step3/v3-docs/0x2a86c5466f088caebf94e071a77669bae371cd87/25811853076941608055270457512038717433705462539422789705262203111341130501131.json
0x2a86c5466f088caebf94e071a77669bae371cd87,372,25811853076941608055270457512038717433705462539422789705262203111341130501132,25811853076941608055270457512038717433705462539422789705262203111341130501132,QmfNbiyyFTDxVjMyKgDtuWerW8DZ11ajrNsuHDYLDnBZoE,ops/cdn-retirement-phase2/step3/v3-docs/0x2a86c5466f088caebf94e071a77669bae371cd87/25811853076941608055270457512038717433705462539422789705262203111341130501132.json
0x2a86c5466f088caebf94e071a77669bae371cd87,373,25811853076941608055270457512038717433705462539422789705262203111341130501133,25811853076941608055270457512038717433705462539422789705262203111341130501133,QmacHDaf8xLFGEYEcVnE573JfmDiBNzJW8AQAKCBWMRQg4,ops/cdn-retirement-phase2/step3/v3-docs/0x2a86c5466f088caebf94e071a77669bae371cd87/25811853076941608055270457512038717433705462539422789705262203111341130501133.json
0x2a86c5466f088caebf94e071a77669bae371cd87,374,25811853076941608055270457512038717433705462539422789705262203111341130501134,25811853076941608055270457512038717433705462539422789705262203111341130501134,QmXhK2MhxHzZ5XrhrfX2G9zZcc9Bui9fdKDXQZrotCBxS3,ops/cdn-retirement-phase2/step3/v3-docs/0x2a86c5466f088caebf94e071a77669bae371cd87/25811853076941608055270457512038717433705462539422789705262203111341130501134.json
0x2a86c5466f088caebf94e071a77669bae371cd87,375,25811853076941608055270457512038717433705462539422789705262203111341130501135,25811853076941608055270457512038717433705462539422789705262203111341130501135,QmWg7nTWC1wvufaLMC6G4mRtmYqAnnMyqpxVrG8ja3PwdQ,ops/cdn-retirement-phase2/step3/v3-docs/0x2a86c5466f088caebf94e071a77669bae371cd87/25811853076941608055270457512038717433705462539422789705262203111341130501135.json
0x2a86c5466f088caebf94e071a77669bae371cd87,376,25811853076941608055270457512038717433705462539422789705262203111341130501136,25811853076941608055270457512038717433705462539422789705262203111341130501136,QmcTgYrE9iZ1TTPEbEqaL8mJRtYcsW3E2tja5gm2oK1AX9,ops/cdn-retirement-phase2/step3/v3-docs/0x2a86c5466f088caebf94e071a77669bae371cd87/25811853076941608055270457512038717433705462539422789705262203111341130501136.json
0x2a86c5466f088caebf94e071a77669bae371cd87,377,25811853076941608055270457512038717433705462539422789705262203111341130501137,25811853076941608055270457512038717433705462539422789705262203111341130501137,QmPiVqZin32LY3TGzhxk5bq7o1gpY3thMf5te45p3XzLTC,ops/cdn-retirement-phase2/step3/v3-docs/0x2a86c5466f088caebf94e071a77669bae371cd87/25811853076941608055270457512038717433705462539422789705262203111341130501137.json
0x2a86c5466f088caebf94e071a77669bae371cd87,378,25811853076941608055270457512038717433705462539422789705262203111341130501138,25811853076941608055270457512038717433705462539422789705262203111341130501138,QmfR34cwhWmtS94aPGpr8gRTohQJ5WgHjS5DejpnXFrsQ5,ops/cdn-retirement-phase2/step3/v3-docs/0x2a86c5466f088caebf94e071a77669bae371cd87/25811853076941608055270457512038717433705462539422789705262203111341130501138.json
0x2a86c5466f088caebf94e071a77669bae371cd87,379,25811853076941608055270457512038717433705462539422789705262203111341130501139,25811853076941608055270457512038717433705462539422789705262203111341130501139,QmPsVchMaW4aDDnkskbewjtRTnyssNXDyrhEMaD2rn9sam,ops/cdn-retirement-phase2/step3/v3-docs/0x2a86c5466f088caebf94e071a77669bae371cd87/25811853076941608055270457512038717433705462539422789705262203111341130501139.json
0x2a86c5466f088caebf94e071a77669bae371cd87,38,15042014439770355205730296321097090521853295916950766059900103364979980239567,15042014439770355205730296321097090521853295916950766059900103364979980239567,QmWbBE61TZq9d8CCTfuyvkDkfA1GSa3ZAmnQeNkZq9ANzU,ops/cdn-retirement-phase2/step3/v3-docs/0x2a86c5466f088caebf94e071a77669bae371cd87/15042014439770355205730296321097090521853295916950766059900103364979980239567.json
0x2a86c5466f088caebf94e071a77669bae371cd87,38,25811853076941608055270457512038717433705462539422789705262203111341130500798,25811853076941608055270457512038717433705462539422789705262203111341130500798,QmWXJfzNwa79h8tiAuDijBDvKLGM4SDPhG1v28ysjk4d6n,ops/cdn-retirement-phase2/step3/v3-docs/0x2a86c5466f088caebf94e071a77669bae371cd87/25811853076941608055270457512038717433705462539422789705262203111341130500798.json
0x2a86c5466f088caebf94e071a77669bae371cd87,380,25811853076941608055270457512038717433705462539422789705262203111341130501140,25811853076941608055270457512038717433705462539422789705262203111341130501140,QmNghRVFwUtgjvSQK5haxE9ZKA8EFedX9dbG8YK1Yk6ksK,ops/cdn-retirement-phase2/step3/v3-docs/0x2a86c5466f088caebf94e071a77669bae371cd87/25811853076941608055270457512038717433705462539422789705262203111341130501140.json
0x2a86c5466f088caebf94e071a77669bae371cd87,381,25811853076941608055270457512038717433705462539422789705262203111341130501141,25811853076941608055270457512038717433705462539422789705262203111341130501141,QmegCRwNYKikURBF892Fg6RphzaKhwWi91c8d5CMrLSZtE,ops/cdn-retirement-phase2/step3/v3-docs/0x2a86c5466f088caebf94e071a77669bae371cd87/25811853076941608055270457512038717433705462539422789705262203111341130501141.json
0x2a86c5466f088caebf94e071a77669bae371cd87,382,25811853076941608055270457512038717433705462539422789705262203111341130501142,25811853076941608055270457512038717433705462539422789705262203111341130501142,QmdnX443m5wqjqFvvbhF7mbB4k6F9vDeGCMY2GvBqwEJxU,ops/cdn-retirement-phase2/step3/v3-docs/0x2a86c5466f088caebf94e071a77669bae371cd87/25811853076941608055270457512038717433705462539422789705262203111341130501142.json
0x2a86c5466f088caebf94e071a77669bae371cd87,383,25811853076941608055270457512038717433705462539422789705262203111341130501143,25811853076941608055270457512038717433705462539422789705262203111341130501143,QmWwT68tR8Va1iCXqzdy8xDfYWcKwS3iuJ4PqZRUzUiAak,ops/cdn-retirement-phase2/step3/v3-docs/0x2a86c5466f088caebf94e071a77669bae371cd87/25811853076941608055270457512038717433705462539422789705262203111341130501143.json
0x2a86c5466f088caebf94e071a77669bae371cd87,384,25811853076941608055270457512038717433705462539422789705262203111341130501144,25811853076941608055270457512038717433705462539422789705262203111341130501144,QmZpnEN2W7zTz7B8YuwJvt8ajK5bYpMqjugZUq641az34U,ops/cdn-retirement-phase2/step3/v3-docs/0x2a86c5466f088caebf94e071a77669bae371cd87/25811853076941608055270457512038717433705462539422789705262203111341130501144.json
0x2a86c5466f088caebf94e071a77669bae371cd87,385,25811853076941608055270457512038717433705462539422789705262203111341130501145,25811853076941608055270457512038717433705462539422789705262203111341130501145,QmZ5MK2QuPU6nDZe2Kg6WakVaXosxMNTYVrN1Egu6WiS58,ops/cdn-retirement-phase2/step3/v3-docs/0x2a86c5466f088caebf94e071a77669bae371cd87/25811853076941608055270457512038717433705462539422789705262203111341130501145.json
0x2a86c5466f088caebf94e071a77669bae371cd87,386,25811853076941608055270457512038717433705462539422789705262203111341130501146,25811853076941608055270457512038717433705462539422789705262203111341130501146,QmdUy3UX9YsThmhaRYyzzMXJ4gAgvgnc1ZqBHVVLk9ePM6,ops/cdn-retirement-phase2/step3/v3-docs/0x2a86c5466f088caebf94e071a77669bae371cd87/25811853076941608055270457512038717433705462539422789705262203111341130501146.json
0x2a86c5466f088caebf94e071a77669bae371cd87,387,25811853076941608055270457512038717433705462539422789705262203111341130501147,25811853076941608055270457512038717433705462539422789705262203111341130501147,QmNPhBWQPj9ofZ9EQzsyNcJjBzm3mt6xLonC8riFoBScj3,ops/cdn-retirement-phase2/step3/v3-docs/0x2a86c5466f088caebf94e071a77669bae371cd87/25811853076941608055270457512038717433705462539422789705262203111341130501147.json
0x2a86c5466f088caebf94e071a77669bae371cd87,388,25811853076941608055270457512038717433705462539422789705262203111341130501148,25811853076941608055270457512038717433705462539422789705262203111341130501148,QmX1TcokmQZ837PC9nt91v3wcQTLxyzADb6QjxW7Jb8dLm,ops/cdn-retirement-phase2/step3/v3-docs/0x2a86c5466f088caebf94e071a77669bae371cd87/25811853076941608055270457512038717433705462539422789705262203111341130501148.json
0x2a86c5466f088caebf94e071a77669bae371cd87,389,25811853076941608055270457512038717433705462539422789705262203111341130501149,25811853076941608055270457512038717433705462539422789705262203111341130501149,QmYXn2XCV1KDgFU9HDRLNg5RG1TtmSp9aBbHDXNQMBnL6d,ops/cdn-retirement-phase2/step3/v3-docs/0x2a86c5466f088caebf94e071a77669bae371cd87/25811853076941608055270457512038717433705462539422789705262203111341130501149.json
0x2a86c5466f088caebf94e071a77669bae371cd87,39,15042014439770355205730296321097090521853295916950766059900103364979980239568,15042014439770355205730296321097090521853295916950766059900103364979980239568,QmTc9JTKynpEMoF31xEbJVXN8sp7EnUjZvAkbya8DPdAHU,ops/cdn-retirement-phase2/step3/v3-docs/0x2a86c5466f088caebf94e071a77669bae371cd87/15042014439770355205730296321097090521853295916950766059900103364979980239568.json
0x2a86c5466f088caebf94e071a77669bae371cd87,39,25811853076941608055270457512038717433705462539422789705262203111341130500799,25811853076941608055270457512038717433705462539422789705262203111341130500799,QmPPHwEvGdjAGC26agQowKjHqUKceRum8yn38jJejoi4Xw,ops/cdn-retirement-phase2/step3/v3-docs/0x2a86c5466f088caebf94e071a77669bae371cd87/25811853076941608055270457512038717433705462539422789705262203111341130500799.json
0x2a86c5466f088caebf94e071a77669bae371cd87,390,25811853076941608055270457512038717433705462539422789705262203111341130501150,25811853076941608055270457512038717433705462539422789705262203111341130501150,QmbEy4cFXE6b2mtWm2TK3L75S2sHf2ZXtQ64XNAGmJoUwG,ops/cdn-retirement-phase2/step3/v3-docs/0x2a86c5466f088caebf94e071a77669bae371cd87/25811853076941608055270457512038717433705462539422789705262203111341130501150.json
0x2a86c5466f088caebf94e071a77669bae371cd87,391,25811853076941608055270457512038717433705462539422789705262203111341130501151,25811853076941608055270457512038717433705462539422789705262203111341130501151,Qmev3sEpuzVJvrh6CdV5TEquiut81bebzhFywMS2DMVtW1,ops/cdn-retirement-phase2/step3/v3-docs/0x2a86c5466f088caebf94e071a77669bae371cd87/25811853076941608055270457512038717433705462539422789705262203111341130501151.json
0x2a86c5466f088caebf94e071a77669bae371cd87,392,25811853076941608055270457512038717433705462539422789705262203111341130501152,25811853076941608055270457512038717433705462539422789705262203111341130501152,QmS1NJ9R6ZCoW1WQiGn3hyzgQoampSqZpFdC5QVxCWAH5W,ops/cdn-retirement-phase2/step3/v3-docs/0x2a86c5466f088caebf94e071a77669bae371cd87/25811853076941608055270457512038717433705462539422789705262203111341130501152.json
0x2a86c5466f088caebf94e071a77669bae371cd87,393,25811853076941608055270457512038717433705462539422789705262203111341130501153,25811853076941608055270457512038717433705462539422789705262203111341130501153,QmRTDKPRzeRrZGKwAE3SevgaS9wn2XKY3U92r3L3Yksncy,ops/cdn-retirement-phase2/step3/v3-docs/0x2a86c5466f088caebf94e071a77669bae371cd87/25811853076941608055270457512038717433705462539422789705262203111341130501153.json
0x2a86c5466f088caebf94e071a77669bae371cd87,394,25811853076941608055270457512038717433705462539422789705262203111341130501154,25811853076941608055270457512038717433705462539422789705262203111341130501154,QmW89zDPaNSwggYSr1ZPw2gWTCEc7UoEC338G95HzXYH4i,ops/cdn-retirement-phase2/step3/v3-docs/0x2a86c5466f088caebf94e071a77669bae371cd87/25811853076941608055270457512038717433705462539422789705262203111341130501154.json
0x2a86c5466f088caebf94e071a77669bae371cd87,395,25811853076941608055270457512038717433705462539422789705262203111341130501155,25811853076941608055270457512038717433705462539422789705262203111341130501155,QmQM28HHKh5cDgkG1nM5JHUSVTgHrDz5LakEwZfwTsnXak,ops/cdn-retirement-phase2/step3/v3-docs/0x2a86c5466f088caebf94e071a77669bae371cd87/25811853076941608055270457512038717433705462539422789705262203111341130501155.json
0x2a86c5466f088caebf94e071a77669bae371cd87,396,25811853076941608055270457512038717433705462539422789705262203111341130501156,25811853076941608055270457512038717433705462539422789705262203111341130501156,QmRwtscWZ6ywrpZfzQj8saVWUtjCVQuN6xKpnR1REsEQmB,ops/cdn-retirement-phase2/step3/v3-docs/0x2a86c5466f088caebf94e071a77669bae371cd87/25811853076941608055270457512038717433705462539422789705262203111341130501156.json
0x2a86c5466f088caebf94e071a77669bae371cd87,397,25811853076941608055270457512038717433705462539422789705262203111341130501157,25811853076941608055270457512038717433705462539422789705262203111341130501157,QmfPQuoge4ZnKLzotzbXow4dAjARStvCv89DFXXea3MJ5v,ops/cdn-retirement-phase2/step3/v3-docs/0x2a86c5466f088caebf94e071a77669bae371cd87/25811853076941608055270457512038717433705462539422789705262203111341130501157.json
0x2a86c5466f088caebf94e071a77669bae371cd87,398,25811853076941608055270457512038717433705462539422789705262203111341130501158,25811853076941608055270457512038717433705462539422789705262203111341130501158,QmXE7u7upeE72v4Qx3x9dSB83ZLqmCgt8dSHX8uStxqcEK,ops/cdn-retirement-phase2/step3/v3-docs/0x2a86c5466f088caebf94e071a77669bae371cd87/25811853076941608055270457512038717433705462539422789705262203111341130501158.json
0x2a86c5466f088caebf94e071a77669bae371cd87,399,25811853076941608055270457512038717433705462539422789705262203111341130501159,25811853076941608055270457512038717433705462539422789705262203111341130501159,QmeEkeHzUziHWojnPDJacrmdLrhHdzytWhY5j6twt95KjL,ops/cdn-retirement-phase2/step3/v3-docs/0x2a86c5466f088caebf94e071a77669bae371cd87/25811853076941608055270457512038717433705462539422789705262203111341130501159.json
0x2a86c5466f088caebf94e071a77669bae371cd87,4,114509197042641126982266828896949519237122822493274123627313583916128762606681,114509197042641126982266828896949519237122822493274123627313583916128762606681,QmcwymhBSb9wi5DtjKcPEUowqGCqwA7q5JJzoRDxJ87aCT,ops/cdn-retirement-phase2/step3/v3-docs/0x2a86c5466f088caebf94e071a77669bae371cd87/114509197042641126982266828896949519237122822493274123627313583916128762606681.json
0x2a86c5466f088caebf94e071a77669bae371cd87,4,15042014439770355205730296321097090521853295916950766059900103364979980239533,15042014439770355205730296321097090521853295916950766059900103364979980239533,QmPAHAqoSLT1qu9NNRXC2NeCiSsLfLvGwPR1qFZJMJmeKo,ops/cdn-retirement-phase2/step3/v3-docs/0x2a86c5466f088caebf94e071a77669bae371cd87/15042014439770355205730296321097090521853295916950766059900103364979980239533.json
0x2a86c5466f088caebf94e071a77669bae371cd87,4,23054627654022293378557484339859314570662620440316285194737095994444934294390,23054627654022293378557484339859314570662620440316285194737095994444934294390,Qmc15M2NBBP5DZfABaCwq3f79b1jbwNX7MCRXazDmBZDJy,ops/cdn-retirement-phase2/step3/v3-docs/0x2a86c5466f088caebf94e071a77669bae371cd87/23054627654022293378557484339859314570662620440316285194737095994444934294390.json
0x2a86c5466f088caebf94e071a77669bae371cd87,4,25811853076941608055270457512038717433705462539422789705262203111341130500764,25811853076941608055270457512038717433705462539422789705262203111341130500764,QmbwXWjHQeiacx6E7ZewJDiAUShii7aBiFzWYPKbkXa26f,ops/cdn-retirement-phase2/step3/v3-docs/0x2a86c5466f088caebf94e071a77669bae371cd87/25811853076941608055270457512038717433705462539422789705262203111341130500764.json
0x2a86c5466f088caebf94e071a77669bae371cd87,4,45127790317892297463290330756789683137919514630173258349099212122291675493586,45127790317892297463290330756789683137919514630173258349099212122291675493586,QmPoMooj62zhp3SfSyHcfP35rUsSjdHwwwRRx4mKiiqyB4,ops/cdn-retirement-phase2/step3/v3-docs/0x2a86c5466f088caebf94e071a77669bae371cd87/45127790317892297463290330756789683137919514630173258349099212122291675493586.json
0x2a86c5466f088caebf94e071a77669bae371cd87,4,81822415981171894284716765232211393989809838876971274183632474922438819548896,81822415981171894284716765232211393989809838876971274183632474922438819548896,QmPKgwhGar5AyZFYtzdMY8fGbNMkEf249tk49RH7CV6yoB,ops/cdn-retirement-phase2/step3/v3-docs/0x2a86c5466f088caebf94e071a77669bae371cd87/81822415981171894284716765232211393989809838876971274183632474922438819548896.json
0x2a86c5466f088caebf94e071a77669bae371cd87,4,91641052224213995292130106305607107853658918792519691461793480796244015798261,91641052224213995292130106305607107853658918792519691461793480796244015798261,QmeqBP291i1YsZZiNw2txUNXiCjxzd9ZUbhDum2BTyS9Ax,ops/cdn-retirement-phase2/step3/v3-docs/0x2a86c5466f088caebf94e071a77669bae371cd87/91641052224213995292130106305607107853658918792519691461793480796244015798261.json
0x2a86c5466f088caebf94e071a77669bae371cd87,40,15042014439770355205730296321097090521853295916950766059900103364979980239569,15042014439770355205730296321097090521853295916950766059900103364979980239569,QmXqeDHFcQPb3SJW6s5vCpkf7tkzZ1uxAiUUkZBzZGQykG,ops/cdn-retirement-phase2/step3/v3-docs/0x2a86c5466f088caebf94e071a77669bae371cd87/15042014439770355205730296321097090521853295916950766059900103364979980239569.json
0x2a86c5466f088caebf94e071a77669bae371cd87,40,25811853076941608055270457512038717433705462539422789705262203111341130500800,25811853076941608055270457512038717433705462539422789705262203111341130500800,QmejSUPSKkPqt6TsSa96gQY67Y9S1oBbNhQfgKoMaRLrFG,ops/cdn-retirement-phase2/step3/v3-docs/0x2a86c5466f088caebf94e071a77669bae371cd87/25811853076941608055270457512038717433705462539422789705262203111341130500800.json
0x2a86c5466f088caebf94e071a77669bae371cd87,400,25811853076941608055270457512038717433705462539422789705262203111341130501160,25811853076941608055270457512038717433705462539422789705262203111341130501160,QmUqjkY446MVFuMAmBNXRk2PtpXBr346WtpY3otFCsRKSF,ops/cdn-retirement-phase2/step3/v3-docs/0x2a86c5466f088caebf94e071a77669bae371cd87/25811853076941608055270457512038717433705462539422789705262203111341130501160.json
0x2a86c5466f088caebf94e071a77669bae371cd87,401,25811853076941608055270457512038717433705462539422789705262203111341130501161,25811853076941608055270457512038717433705462539422789705262203111341130501161,QmdG8N2ZZ7xWgRBuP2Ds6e2hKkYWfQAN8cVrukHGQYjYzQ,ops/cdn-retirement-phase2/step3/v3-docs/0x2a86c5466f088caebf94e071a77669bae371cd87/25811853076941608055270457512038717433705462539422789705262203111341130501161.json
0x2a86c5466f088caebf94e071a77669bae371cd87,402,25811853076941608055270457512038717433705462539422789705262203111341130501162,25811853076941608055270457512038717433705462539422789705262203111341130501162,QmVMm8cwp7cpUNnQ4VEcRQRyw7P2eSTKEGb3i3KKMEvDkb,ops/cdn-retirement-phase2/step3/v3-docs/0x2a86c5466f088caebf94e071a77669bae371cd87/25811853076941608055270457512038717433705462539422789705262203111341130501162.json
0x2a86c5466f088caebf94e071a77669bae371cd87,403,25811853076941608055270457512038717433705462539422789705262203111341130501163,25811853076941608055270457512038717433705462539422789705262203111341130501163,QmfYSM26bWte7bHvPEbUNDSbGThuAwg536ZW8SqBM7Kt6c,ops/cdn-retirement-phase2/step3/v3-docs/0x2a86c5466f088caebf94e071a77669bae371cd87/25811853076941608055270457512038717433705462539422789705262203111341130501163.json
0x2a86c5466f088caebf94e071a77669bae371cd87,404,25811853076941608055270457512038717433705462539422789705262203111341130501164,25811853076941608055270457512038717433705462539422789705262203111341130501164,QmNYTzqTyNX4g1abWsJXkGPwSjM4SQoheCHDwSqiE8GqZ6,ops/cdn-retirement-phase2/step3/v3-docs/0x2a86c5466f088caebf94e071a77669bae371cd87/25811853076941608055270457512038717433705462539422789705262203111341130501164.json
0x2a86c5466f088caebf94e071a77669bae371cd87,405,25811853076941608055270457512038717433705462539422789705262203111341130501165,25811853076941608055270457512038717433705462539422789705262203111341130501165,QmUpg88vwRVxxuxbPSa6nEGMAjHqGCR18vY6j11uvdramo,ops/cdn-retirement-phase2/step3/v3-docs/0x2a86c5466f088caebf94e071a77669bae371cd87/25811853076941608055270457512038717433705462539422789705262203111341130501165.json
0x2a86c5466f088caebf94e071a77669bae371cd87,406,25811853076941608055270457512038717433705462539422789705262203111341130501166,25811853076941608055270457512038717433705462539422789705262203111341130501166,QmcuQMMX2P5k2fCNReicVzszJTbZQVPsrm9Q7LDvfVD13i,ops/cdn-retirement-phase2/step3/v3-docs/0x2a86c5466f088caebf94e071a77669bae371cd87/25811853076941608055270457512038717433705462539422789705262203111341130501166.json
0x2a86c5466f088caebf94e071a77669bae371cd87,407,25811853076941608055270457512038717433705462539422789705262203111341130501167,25811853076941608055270457512038717433705462539422789705262203111341130501167,QmfWdUAPYqYuejEp92MBVdougnD6YBq1Zgh8bXs4Kj2HKv,ops/cdn-retirement-phase2/step3/v3-docs/0x2a86c5466f088caebf94e071a77669bae371cd87/25811853076941608055270457512038717433705462539422789705262203111341130501167.json
0x2a86c5466f088caebf94e071a77669bae371cd87,408,25811853076941608055270457512038717433705462539422789705262203111341130501168,25811853076941608055270457512038717433705462539422789705262203111341130501168,QmTmzNNTtXjHzL8bHG5FPTQ8Y8uyDL76jCik7KyJvqhDuT,ops/cdn-retirement-phase2/step3/v3-docs/0x2a86c5466f088caebf94e071a77669bae371cd87/25811853076941608055270457512038717433705462539422789705262203111341130501168.json
0x2a86c5466f088caebf94e071a77669bae371cd87,409,25811853076941608055270457512038717433705462539422789705262203111341130501169,25811853076941608055270457512038717433705462539422789705262203111341130501169,Qma5sfi6X7SdTxCSSTYCX6NoF2dpF6fWsdTANcngnKN6BU,ops/cdn-retirement-phase2/step3/v3-docs/0x2a86c5466f088caebf94e071a77669bae371cd87/25811853076941608055270457512038717433705462539422789705262203111341130501169.json
0x2a86c5466f088caebf94e071a77669bae371cd87,41,15042014439770355205730296321097090521853295916950766059900103364979980239570,15042014439770355205730296321097090521853295916950766059900103364979980239570,QmUxsaqNXuYMcfrPc8AvZ11rPtspNsn2qBSMs13PkUXwiz,ops/cdn-retirement-phase2/step3/v3-docs/0x2a86c5466f088caebf94e071a77669bae371cd87/15042014439770355205730296321097090521853295916950766059900103364979980239570.json
0x2a86c5466f088caebf94e071a77669bae371cd87,41,25811853076941608055270457512038717433705462539422789705262203111341130500801,25811853076941608055270457512038717433705462539422789705262203111341130500801,QmZUMoqFK8qUQM9qw7JRWLziDTZJpooNAYRf4iFDLaXZLf,ops/cdn-retirement-phase2/step3/v3-docs/0x2a86c5466f088caebf94e071a77669bae371cd87/25811853076941608055270457512038717433705462539422789705262203111341130500801.json
0x2a86c5466f088caebf94e071a77669bae371cd87,410,25811853076941608055270457512038717433705462539422789705262203111341130501170,25811853076941608055270457512038717433705462539422789705262203111341130501170,QmYGg6rLksVt4QLd5EAQYukK4529JisCG2mf4D4vzjLR3X,ops/cdn-retirement-phase2/step3/v3-docs/0x2a86c5466f088caebf94e071a77669bae371cd87/25811853076941608055270457512038717433705462539422789705262203111341130501170.json
0x2a86c5466f088caebf94e071a77669bae371cd87,411,25811853076941608055270457512038717433705462539422789705262203111341130501171,25811853076941608055270457512038717433705462539422789705262203111341130501171,QmUepvmcjGuKMoVGgAyGdX38ibHQagiLNwpSbqMPYNMwVu,ops/cdn-retirement-phase2/step3/v3-docs/0x2a86c5466f088caebf94e071a77669bae371cd87/25811853076941608055270457512038717433705462539422789705262203111341130501171.json
0x2a86c5466f088caebf94e071a77669bae371cd87,412,25811853076941608055270457512038717433705462539422789705262203111341130501172,25811853076941608055270457512038717433705462539422789705262203111341130501172,QmRquDeDVT2WzaFno2pvhXU5m2w5v1jqJuQdPws6erYmw1,ops/cdn-retirement-phase2/step3/v3-docs/0x2a86c5466f088caebf94e071a77669bae371cd87/25811853076941608055270457512038717433705462539422789705262203111341130501172.json
0x2a86c5466f088caebf94e071a77669bae371cd87,413,25811853076941608055270457512038717433705462539422789705262203111341130501173,25811853076941608055270457512038717433705462539422789705262203111341130501173,QmTUzNrMjBPw7EuW4yGUVF7drtYxoZ4YPzgNtg1ES8nTnT,ops/cdn-retirement-phase2/step3/v3-docs/0x2a86c5466f088caebf94e071a77669bae371cd87/25811853076941608055270457512038717433705462539422789705262203111341130501173.json
0x2a86c5466f088caebf94e071a77669bae371cd87,414,25811853076941608055270457512038717433705462539422789705262203111341130501174,25811853076941608055270457512038717433705462539422789705262203111341130501174,QmWuoKDQ35Twn3cBCHTyyNpDLopY2CKzFhvAVuvS3ZSa2Y,ops/cdn-retirement-phase2/step3/v3-docs/0x2a86c5466f088caebf94e071a77669bae371cd87/25811853076941608055270457512038717433705462539422789705262203111341130501174.json
0x2a86c5466f088caebf94e071a77669bae371cd87,415,25811853076941608055270457512038717433705462539422789705262203111341130501175,25811853076941608055270457512038717433705462539422789705262203111341130501175,QmYJn6SGoWhMschooDdctovLgi1v2RomobsnL7U2QhB6QN,ops/cdn-retirement-phase2/step3/v3-docs/0x2a86c5466f088caebf94e071a77669bae371cd87/25811853076941608055270457512038717433705462539422789705262203111341130501175.json
0x2a86c5466f088caebf94e071a77669bae371cd87,416,25811853076941608055270457512038717433705462539422789705262203111341130501176,25811853076941608055270457512038717433705462539422789705262203111341130501176,QmUsFjfjQZBRVGoDKJ2aEDwXhKASRMinjEMLkjJYsaLcSv,ops/cdn-retirement-phase2/step3/v3-docs/0x2a86c5466f088caebf94e071a77669bae371cd87/25811853076941608055270457512038717433705462539422789705262203111341130501176.json
0x2a86c5466f088caebf94e071a77669bae371cd87,417,25811853076941608055270457512038717433705462539422789705262203111341130501177,25811853076941608055270457512038717433705462539422789705262203111341130501177,QmUuXRYUbsyL5ehs9S5LVHhKPUibCcpxV14yaxpaRRDEnP,ops/cdn-retirement-phase2/step3/v3-docs/0x2a86c5466f088caebf94e071a77669bae371cd87/25811853076941608055270457512038717433705462539422789705262203111341130501177.json
0x2a86c5466f088caebf94e071a77669bae371cd87,418,25811853076941608055270457512038717433705462539422789705262203111341130501178,25811853076941608055270457512038717433705462539422789705262203111341130501178,Qmeh7dCrVfBmaf6fbtc9hSnSMoKNuMUryvpdTtpa8bVs94,ops/cdn-retirement-phase2/step3/v3-docs/0x2a86c5466f088caebf94e071a77669bae371cd87/25811853076941608055270457512038717433705462539422789705262203111341130501178.json
0x2a86c5466f088caebf94e071a77669bae371cd87,419,25811853076941608055270457512038717433705462539422789705262203111341130501179,25811853076941608055270457512038717433705462539422789705262203111341130501179,QmWAVnFCPyNkwrMyNV5N6cp76jyWu4b5CFUTgxCctHrdkG,ops/cdn-retirement-phase2/step3/v3-docs/0x2a86c5466f088caebf94e071a77669bae371cd87/25811853076941608055270457512038717433705462539422789705262203111341130501179.json
0x2a86c5466f088caebf94e071a77669bae371cd87,42,15042014439770355205730296321097090521853295916950766059900103364979980239571,15042014439770355205730296321097090521853295916950766059900103364979980239571,QmVZQZEqCXKE6Emq3t5af4ZpucyLzMuu2ACPUbY2tagTH1,ops/cdn-retirement-phase2/step3/v3-docs/0x2a86c5466f088caebf94e071a77669bae371cd87/15042014439770355205730296321097090521853295916950766059900103364979980239571.json
0x2a86c5466f088caebf94e071a77669bae371cd87,42,25811853076941608055270457512038717433705462539422789705262203111341130500802,25811853076941608055270457512038717433705462539422789705262203111341130500802,QmVQkyjBvKPLYYaWKcG12K95Yw1QtfvLJdHc5GD2cxLFAW,ops/cdn-retirement-phase2/step3/v3-docs/0x2a86c5466f088caebf94e071a77669bae371cd87/25811853076941608055270457512038717433705462539422789705262203111341130500802.json
0x2a86c5466f088caebf94e071a77669bae371cd87,420,25811853076941608055270457512038717433705462539422789705262203111341130501180,25811853076941608055270457512038717433705462539422789705262203111341130501180,QmaRjV6ukMJQkYqJQEFjf69D5pQWbWwwLtJKhtTUpSma4Q,ops/cdn-retirement-phase2/step3/v3-docs/0x2a86c5466f088caebf94e071a77669bae371cd87/25811853076941608055270457512038717433705462539422789705262203111341130501180.json
0x2a86c5466f088caebf94e071a77669bae371cd87,421,25811853076941608055270457512038717433705462539422789705262203111341130501181,25811853076941608055270457512038717433705462539422789705262203111341130501181,QmckgjWn7FF1WY8wUBv1BZNvkQWipTMQUGSe7bq6PKgEf6,ops/cdn-retirement-phase2/step3/v3-docs/0x2a86c5466f088caebf94e071a77669bae371cd87/25811853076941608055270457512038717433705462539422789705262203111341130501181.json
0x2a86c5466f088caebf94e071a77669bae371cd87,422,25811853076941608055270457512038717433705462539422789705262203111341130501182,25811853076941608055270457512038717433705462539422789705262203111341130501182,QmbyrfmiyLBmeDhzsV6rKUw4GLuaQbBs3ptE3dxoFMFWMm,ops/cdn-retirement-phase2/step3/v3-docs/0x2a86c5466f088caebf94e071a77669bae371cd87/25811853076941608055270457512038717433705462539422789705262203111341130501182.json
0x2a86c5466f088caebf94e071a77669bae371cd87,423,25811853076941608055270457512038717433705462539422789705262203111341130501183,25811853076941608055270457512038717433705462539422789705262203111341130501183,QmYEc26McvJDM2PvvTE42jNifisUKAwKosfvJKwwUpSTyr,ops/cdn-retirement-phase2/step3/v3-docs/0x2a86c5466f088caebf94e071a77669bae371cd87/25811853076941608055270457512038717433705462539422789705262203111341130501183.json
0x2a86c5466f088caebf94e071a77669bae371cd87,424,25811853076941608055270457512038717433705462539422789705262203111341130501184,25811853076941608055270457512038717433705462539422789705262203111341130501184,QmeisC8uVfLG8Ug5awmGpBy574qZFcQq7HECQydUGNN7zo,ops/cdn-retirement-phase2/step3/v3-docs/0x2a86c5466f088caebf94e071a77669bae371cd87/25811853076941608055270457512038717433705462539422789705262203111341130501184.json
0x2a86c5466f088caebf94e071a77669bae371cd87,425,25811853076941608055270457512038717433705462539422789705262203111341130501185,25811853076941608055270457512038717433705462539422789705262203111341130501185,QmUypzwVNkxun5EHgCMfDoxjFPnyskUMA3J8HLAsVn51ZF,ops/cdn-retirement-phase2/step3/v3-docs/0x2a86c5466f088caebf94e071a77669bae371cd87/25811853076941608055270457512038717433705462539422789705262203111341130501185.json
0x2a86c5466f088caebf94e071a77669bae371cd87,426,25811853076941608055270457512038717433705462539422789705262203111341130501186,25811853076941608055270457512038717433705462539422789705262203111341130501186,QmToghmZp66TfLZU424LzVkcZCzW1gc4JUqW5MmUiUuwyp,ops/cdn-retirement-phase2/step3/v3-docs/0x2a86c5466f088caebf94e071a77669bae371cd87/25811853076941608055270457512038717433705462539422789705262203111341130501186.json
0x2a86c5466f088caebf94e071a77669bae371cd87,427,25811853076941608055270457512038717433705462539422789705262203111341130501187,25811853076941608055270457512038717433705462539422789705262203111341130501187,QmesrPFX6EGKg4j6TPJSKQK8VoVw8j3EQAaD1ucrJ9LtNq,ops/cdn-retirement-phase2/step3/v3-docs/0x2a86c5466f088caebf94e071a77669bae371cd87/25811853076941608055270457512038717433705462539422789705262203111341130501187.json
0x2a86c5466f088caebf94e071a77669bae371cd87,428,25811853076941608055270457512038717433705462539422789705262203111341130501188,25811853076941608055270457512038717433705462539422789705262203111341130501188,QmYPFbpEJoC5ntZ1NuPATLc7HvA3kdW9ah4tvRoEWkkTwm,ops/cdn-retirement-phase2/step3/v3-docs/0x2a86c5466f088caebf94e071a77669bae371cd87/25811853076941608055270457512038717433705462539422789705262203111341130501188.json
0x2a86c5466f088caebf94e071a77669bae371cd87,429,25811853076941608055270457512038717433705462539422789705262203111341130501189,25811853076941608055270457512038717433705462539422789705262203111341130501189,QmNUhiMhEm9CUn4NAVEufYjJcHnei1ST2Y4jHnjDvr2pmL,ops/cdn-retirement-phase2/step3/v3-docs/0x2a86c5466f088caebf94e071a77669bae371cd87/25811853076941608055270457512038717433705462539422789705262203111341130501189.json
0x2a86c5466f088caebf94e071a77669bae371cd87,43,15042014439770355205730296321097090521853295916950766059900103364979980239572,15042014439770355205730296321097090521853295916950766059900103364979980239572,QmU7cEmrXFmuxgzjhgiBNQ996roUBdSoCMvJ6xWRAhqzpQ,ops/cdn-retirement-phase2/step3/v3-docs/0x2a86c5466f088caebf94e071a77669bae371cd87/15042014439770355205730296321097090521853295916950766059900103364979980239572.json
0x2a86c5466f088caebf94e071a77669bae371cd87,43,25811853076941608055270457512038717433705462539422789705262203111341130500803,25811853076941608055270457512038717433705462539422789705262203111341130500803,QmSaVEbGmdM7paWLLfroz6CkVFWNBV2HWgAiFK3Hf6ERby,ops/cdn-retirement-phase2/step3/v3-docs/0x2a86c5466f088caebf94e071a77669bae371cd87/25811853076941608055270457512038717433705462539422789705262203111341130500803.json
0x2a86c5466f088caebf94e071a77669bae371cd87,430,25811853076941608055270457512038717433705462539422789705262203111341130501190,25811853076941608055270457512038717433705462539422789705262203111341130501190,QmSVarhAvexkTU1yDKM7Hi7ta7ZvenRpb2VvC8968ZZRe9,ops/cdn-retirement-phase2/step3/v3-docs/0x2a86c5466f088caebf94e071a77669bae371cd87/25811853076941608055270457512038717433705462539422789705262203111341130501190.json
0x2a86c5466f088caebf94e071a77669bae371cd87,431,25811853076941608055270457512038717433705462539422789705262203111341130501191,25811853076941608055270457512038717433705462539422789705262203111341130501191,QmdcwuqBprS4b2p22D64AXtnHXuvUWbugY8vwsdDa6AjFA,ops/cdn-retirement-phase2/step3/v3-docs/0x2a86c5466f088caebf94e071a77669bae371cd87/25811853076941608055270457512038717433705462539422789705262203111341130501191.json
0x2a86c5466f088caebf94e071a77669bae371cd87,432,25811853076941608055270457512038717433705462539422789705262203111341130501192,25811853076941608055270457512038717433705462539422789705262203111341130501192,QmXrmBRh2UdmyG6rUEkXuwSRuuwSxR5Gsm9kdoCXgwNphj,ops/cdn-retirement-phase2/step3/v3-docs/0x2a86c5466f088caebf94e071a77669bae371cd87/25811853076941608055270457512038717433705462539422789705262203111341130501192.json
0x2a86c5466f088caebf94e071a77669bae371cd87,433,25811853076941608055270457512038717433705462539422789705262203111341130501193,25811853076941608055270457512038717433705462539422789705262203111341130501193,QmTzAeAm2NRPL6Vjiy53QF8t5Pse5qFKx7w9ChMA11jHFv,ops/cdn-retirement-phase2/step3/v3-docs/0x2a86c5466f088caebf94e071a77669bae371cd87/25811853076941608055270457512038717433705462539422789705262203111341130501193.json
0x2a86c5466f088caebf94e071a77669bae371cd87,434,25811853076941608055270457512038717433705462539422789705262203111341130501194,25811853076941608055270457512038717433705462539422789705262203111341130501194,QmPBEAitKtniG2TQad4MhZsoMAisXT6BMbVGwEjus5H1WD,ops/cdn-retirement-phase2/step3/v3-docs/0x2a86c5466f088caebf94e071a77669bae371cd87/25811853076941608055270457512038717433705462539422789705262203111341130501194.json
0x2a86c5466f088caebf94e071a77669bae371cd87,435,25811853076941608055270457512038717433705462539422789705262203111341130501195,25811853076941608055270457512038717433705462539422789705262203111341130501195,QmdJsH8rQY8TMAX4aiZj74m4cebnbE33HaQRDK1G9ZXNG9,ops/cdn-retirement-phase2/step3/v3-docs/0x2a86c5466f088caebf94e071a77669bae371cd87/25811853076941608055270457512038717433705462539422789705262203111341130501195.json
0x2a86c5466f088caebf94e071a77669bae371cd87,436,25811853076941608055270457512038717433705462539422789705262203111341130501196,25811853076941608055270457512038717433705462539422789705262203111341130501196,QmdkxbHAqii98qEuqmZeYqs2rwoaZwMjts16fN6TGsCdZm,ops/cdn-retirement-phase2/step3/v3-docs/0x2a86c5466f088caebf94e071a77669bae371cd87/25811853076941608055270457512038717433705462539422789705262203111341130501196.json
0x2a86c5466f088caebf94e071a77669bae371cd87,437,25811853076941608055270457512038717433705462539422789705262203111341130501197,25811853076941608055270457512038717433705462539422789705262203111341130501197,QmWyBeVSaYk6ddEqiUaftfjB8PDe2BjgrA7Jk2uy14LeEd,ops/cdn-retirement-phase2/step3/v3-docs/0x2a86c5466f088caebf94e071a77669bae371cd87/25811853076941608055270457512038717433705462539422789705262203111341130501197.json
0x2a86c5466f088caebf94e071a77669bae371cd87,438,25811853076941608055270457512038717433705462539422789705262203111341130501198,25811853076941608055270457512038717433705462539422789705262203111341130501198,QmPStq1a7hk7vMoTARAomEs9yb7k4XHbpwFasohzv4Dvzj,ops/cdn-retirement-phase2/step3/v3-docs/0x2a86c5466f088caebf94e071a77669bae371cd87/25811853076941608055270457512038717433705462539422789705262203111341130501198.json
0x2a86c5466f088caebf94e071a77669bae371cd87,439,25811853076941608055270457512038717433705462539422789705262203111341130501199,25811853076941608055270457512038717433705462539422789705262203111341130501199,QmYUDBSdhS6ozELxzDiZNgdipFwLbHYQ7DnTivATgsD5sy,ops/cdn-retirement-phase2/step3/v3-docs/0x2a86c5466f088caebf94e071a77669bae371cd87/25811853076941608055270457512038717433705462539422789705262203111341130501199.json
0x2a86c5466f088caebf94e071a77669bae371cd87,44,15042014439770355205730296321097090521853295916950766059900103364979980239573,15042014439770355205730296321097090521853295916950766059900103364979980239573,QmdjZK31uX58ofKoa9Hs1TxH7YYcbuRJsdduRFMMNKiQja,ops/cdn-retirement-phase2/step3/v3-docs/0x2a86c5466f088caebf94e071a77669bae371cd87/15042014439770355205730296321097090521853295916950766059900103364979980239573.json
0x2a86c5466f088caebf94e071a77669bae371cd87,44,25811853076941608055270457512038717433705462539422789705262203111341130500804,25811853076941608055270457512038717433705462539422789705262203111341130500804,QmUv3ebvSxfCztNFaJqdqXcvMc54Gm6NkwFKKT7AR8jfcb,ops/cdn-retirement-phase2/step3/v3-docs/0x2a86c5466f088caebf94e071a77669bae371cd87/25811853076941608055270457512038717433705462539422789705262203111341130500804.json
0x2a86c5466f088caebf94e071a77669bae371cd87,440,25811853076941608055270457512038717433705462539422789705262203111341130501200,25811853076941608055270457512038717433705462539422789705262203111341130501200,Qma7zDDSShNFcNi3GeTTSAciH8wjiBNk1AfNsUZq528yEJ,ops/cdn-retirement-phase2/step3/v3-docs/0x2a86c5466f088caebf94e071a77669bae371cd87/25811853076941608055270457512038717433705462539422789705262203111341130501200.json
0x2a86c5466f088caebf94e071a77669bae371cd87,441,25811853076941608055270457512038717433705462539422789705262203111341130501201,25811853076941608055270457512038717433705462539422789705262203111341130501201,QmbqsjMujEDF7oSStkU3kSPiH2MfKMT9cQJQdB8VzzMacV,ops/cdn-retirement-phase2/step3/v3-docs/0x2a86c5466f088caebf94e071a77669bae371cd87/25811853076941608055270457512038717433705462539422789705262203111341130501201.json
0x2a86c5466f088caebf94e071a77669bae371cd87,442,25811853076941608055270457512038717433705462539422789705262203111341130501202,25811853076941608055270457512038717433705462539422789705262203111341130501202,QmeCZXdzxXCi1fq2uwXrdLNN71mDUFpsyqoP7G4N5x2VW3,ops/cdn-retirement-phase2/step3/v3-docs/0x2a86c5466f088caebf94e071a77669bae371cd87/25811853076941608055270457512038717433705462539422789705262203111341130501202.json
0x2a86c5466f088caebf94e071a77669bae371cd87,443,25811853076941608055270457512038717433705462539422789705262203111341130501203,25811853076941608055270457512038717433705462539422789705262203111341130501203,QmRruKPqnE2AfgVRCJKRTNm6C5Ln9wX3FybGvEMrkzACsf,ops/cdn-retirement-phase2/step3/v3-docs/0x2a86c5466f088caebf94e071a77669bae371cd87/25811853076941608055270457512038717433705462539422789705262203111341130501203.json
0x2a86c5466f088caebf94e071a77669bae371cd87,444,25811853076941608055270457512038717433705462539422789705262203111341130501204,25811853076941608055270457512038717433705462539422789705262203111341130501204,QmSYLtbitGHTsRJooXBf1M9jDV4sdfPst1djUAUetkGzVD,ops/cdn-retirement-phase2/step3/v3-docs/0x2a86c5466f088caebf94e071a77669bae371cd87/25811853076941608055270457512038717433705462539422789705262203111341130501204.json
0x2a86c5466f088caebf94e071a77669bae371cd87,445,25811853076941608055270457512038717433705462539422789705262203111341130501205,25811853076941608055270457512038717433705462539422789705262203111341130501205,QmZU4PJ5QbZ9hHufzzwxMGVL8LGEZMeNfLL5zWdJXpHum3,ops/cdn-retirement-phase2/step3/v3-docs/0x2a86c5466f088caebf94e071a77669bae371cd87/25811853076941608055270457512038717433705462539422789705262203111341130501205.json
0x2a86c5466f088caebf94e071a77669bae371cd87,446,25811853076941608055270457512038717433705462539422789705262203111341130501206,25811853076941608055270457512038717433705462539422789705262203111341130501206,QmcPjjerJwd2Hsbh82BKgrAxwUQSqR1amsKbHzCVqaKkqF,ops/cdn-retirement-phase2/step3/v3-docs/0x2a86c5466f088caebf94e071a77669bae371cd87/25811853076941608055270457512038717433705462539422789705262203111341130501206.json
0x2a86c5466f088caebf94e071a77669bae371cd87,447,25811853076941608055270457512038717433705462539422789705262203111341130501207,25811853076941608055270457512038717433705462539422789705262203111341130501207,QmbuSp4yNnmcF2WQQFJPZVuUTQV2YjHyAjwBLNWfHKGo9w,ops/cdn-retirement-phase2/step3/v3-docs/0x2a86c5466f088caebf94e071a77669bae371cd87/25811853076941608055270457512038717433705462539422789705262203111341130501207.json
0x2a86c5466f088caebf94e071a77669bae371cd87,448,25811853076941608055270457512038717433705462539422789705262203111341130501208,25811853076941608055270457512038717433705462539422789705262203111341130501208,QmVtBF1HSDGCn64m6VvYkXf1TVP4c6daTxpUt7ynj9BWfa,ops/cdn-retirement-phase2/step3/v3-docs/0x2a86c5466f088caebf94e071a77669bae371cd87/25811853076941608055270457512038717433705462539422789705262203111341130501208.json
0x2a86c5466f088caebf94e071a77669bae371cd87,449,25811853076941608055270457512038717433705462539422789705262203111341130501209,25811853076941608055270457512038717433705462539422789705262203111341130501209,QmTBktK7gnFPJ7GDwd8pKoBHcoTQ11qPSwzJJxQx2KUBrN,ops/cdn-retirement-phase2/step3/v3-docs/0x2a86c5466f088caebf94e071a77669bae371cd87/25811853076941608055270457512038717433705462539422789705262203111341130501209.json
0x2a86c5466f088caebf94e071a77669bae371cd87,45,15042014439770355205730296321097090521853295916950766059900103364979980239574,15042014439770355205730296321097090521853295916950766059900103364979980239574,QmVTmRMjLMpo17eUSc5z7W6AJR8TLcAQvja3xWVKdHvLMN,ops/cdn-retirement-phase2/step3/v3-docs/0x2a86c5466f088caebf94e071a77669bae371cd87/15042014439770355205730296321097090521853295916950766059900103364979980239574.json
0x2a86c5466f088caebf94e071a77669bae371cd87,45,25811853076941608055270457512038717433705462539422789705262203111341130500805,25811853076941608055270457512038717433705462539422789705262203111341130500805,QmeaM9MwFEn8sRf289JaymEvuWGtp7wyLD66FuUwUUwTgf,ops/cdn-retirement-phase2/step3/v3-docs/0x2a86c5466f088caebf94e071a77669bae371cd87/25811853076941608055270457512038717433705462539422789705262203111341130500805.json
0x2a86c5466f088caebf94e071a77669bae371cd87,450,25811853076941608055270457512038717433705462539422789705262203111341130501210,25811853076941608055270457512038717433705462539422789705262203111341130501210,QmfESsx6ZuCvcyyrR4U2KUPz2ET3U4tqQiKkChyRNdVS5u,ops/cdn-retirement-phase2/step3/v3-docs/0x2a86c5466f088caebf94e071a77669bae371cd87/25811853076941608055270457512038717433705462539422789705262203111341130501210.json
0x2a86c5466f088caebf94e071a77669bae371cd87,451,25811853076941608055270457512038717433705462539422789705262203111341130501211,25811853076941608055270457512038717433705462539422789705262203111341130501211,QmRTkBpeiKVkiEW9SgDiq68AG3h4YbWU2DKPkkaJk6oL3t,ops/cdn-retirement-phase2/step3/v3-docs/0x2a86c5466f088caebf94e071a77669bae371cd87/25811853076941608055270457512038717433705462539422789705262203111341130501211.json
0x2a86c5466f088caebf94e071a77669bae371cd87,452,25811853076941608055270457512038717433705462539422789705262203111341130501212,25811853076941608055270457512038717433705462539422789705262203111341130501212,QmZYkGgKsKYMnCrmQxhkSUhN2eEbSjhpoPpfBVZWG2z8vy,ops/cdn-retirement-phase2/step3/v3-docs/0x2a86c5466f088caebf94e071a77669bae371cd87/25811853076941608055270457512038717433705462539422789705262203111341130501212.json
0x2a86c5466f088caebf94e071a77669bae371cd87,453,25811853076941608055270457512038717433705462539422789705262203111341130501213,25811853076941608055270457512038717433705462539422789705262203111341130501213,Qme725ykfYRozcZRNnMHte4JMoS7V3encdmM1DLiXUqbZZ,ops/cdn-retirement-phase2/step3/v3-docs/0x2a86c5466f088caebf94e071a77669bae371cd87/25811853076941608055270457512038717433705462539422789705262203111341130501213.json
0x2a86c5466f088caebf94e071a77669bae371cd87,454,25811853076941608055270457512038717433705462539422789705262203111341130501214,25811853076941608055270457512038717433705462539422789705262203111341130501214,QmaAbJRV2MF9kiMxYYbEkUsZuSNSq2y9ttAJvgYkGL5qYE,ops/cdn-retirement-phase2/step3/v3-docs/0x2a86c5466f088caebf94e071a77669bae371cd87/25811853076941608055270457512038717433705462539422789705262203111341130501214.json
0x2a86c5466f088caebf94e071a77669bae371cd87,455,25811853076941608055270457512038717433705462539422789705262203111341130501215,25811853076941608055270457512038717433705462539422789705262203111341130501215,QmS1LZGzSrLK1wTEAnqEHiVETwQoBkjfcvv572kqSsDCtZ,ops/cdn-retirement-phase2/step3/v3-docs/0x2a86c5466f088caebf94e071a77669bae371cd87/25811853076941608055270457512038717433705462539422789705262203111341130501215.json
0x2a86c5466f088caebf94e071a77669bae371cd87,456,25811853076941608055270457512038717433705462539422789705262203111341130501216,25811853076941608055270457512038717433705462539422789705262203111341130501216,QmU1KyoAdjVXdCsryfp9Kyr7jUCZRcpp76ACXMzbvx8uQQ,ops/cdn-retirement-phase2/step3/v3-docs/0x2a86c5466f088caebf94e071a77669bae371cd87/25811853076941608055270457512038717433705462539422789705262203111341130501216.json
0x2a86c5466f088caebf94e071a77669bae371cd87,457,25811853076941608055270457512038717433705462539422789705262203111341130501217,25811853076941608055270457512038717433705462539422789705262203111341130501217,QmPxxaEAgNUKGki4qCgYCSQaZczy5nfLTZzAZFuvnBk5f1,ops/cdn-retirement-phase2/step3/v3-docs/0x2a86c5466f088caebf94e071a77669bae371cd87/25811853076941608055270457512038717433705462539422789705262203111341130501217.json
0x2a86c5466f088caebf94e071a77669bae371cd87,458,25811853076941608055270457512038717433705462539422789705262203111341130501218,25811853076941608055270457512038717433705462539422789705262203111341130501218,QmNspAnRenrXr5DKWRjgJyTTb1PiZmnici9iD7pUwae7ux,ops/cdn-retirement-phase2/step3/v3-docs/0x2a86c5466f088caebf94e071a77669bae371cd87/25811853076941608055270457512038717433705462539422789705262203111341130501218.json
0x2a86c5466f088caebf94e071a77669bae371cd87,459,25811853076941608055270457512038717433705462539422789705262203111341130501219,25811853076941608055270457512038717433705462539422789705262203111341130501219,Qmf1BNKkbxiHpPyvwArcTwTXnocaN4FvtBK5A4ndtnxJMw,ops/cdn-retirement-phase2/step3/v3-docs/0x2a86c5466f088caebf94e071a77669bae371cd87/25811853076941608055270457512038717433705462539422789705262203111341130501219.json
0x2a86c5466f088caebf94e071a77669bae371cd87,46,15042014439770355205730296321097090521853295916950766059900103364979980239575,15042014439770355205730296321097090521853295916950766059900103364979980239575,QmdttzDBwTPdmL9dr1BiQjgWHXzJQ5d3QYRsiws45tRypj,ops/cdn-retirement-phase2/step3/v3-docs/0x2a86c5466f088caebf94e071a77669bae371cd87/15042014439770355205730296321097090521853295916950766059900103364979980239575.json
0x2a86c5466f088caebf94e071a77669bae371cd87,46,25811853076941608055270457512038717433705462539422789705262203111341130500806,25811853076941608055270457512038717433705462539422789705262203111341130500806,QmYKTpNjuus4jMD4jz6USoGJdybzAav377ND62qPpWPqgA,ops/cdn-retirement-phase2/step3/v3-docs/0x2a86c5466f088caebf94e071a77669bae371cd87/25811853076941608055270457512038717433705462539422789705262203111341130500806.json
0x2a86c5466f088caebf94e071a77669bae371cd87,460,25811853076941608055270457512038717433705462539422789705262203111341130501220,25811853076941608055270457512038717433705462539422789705262203111341130501220,QmQFj9DtGz1i8LJreJo8QKXjJ1Vfpnzo6terbRmqAzVahG,ops/cdn-retirement-phase2/step3/v3-docs/0x2a86c5466f088caebf94e071a77669bae371cd87/25811853076941608055270457512038717433705462539422789705262203111341130501220.json
0x2a86c5466f088caebf94e071a77669bae371cd87,461,25811853076941608055270457512038717433705462539422789705262203111341130501221,25811853076941608055270457512038717433705462539422789705262203111341130501221,Qmd5SsvRetgXAgaptKKNuKGSfvRmYiMkCqEVx27dxqLtX5,ops/cdn-retirement-phase2/step3/v3-docs/0x2a86c5466f088caebf94e071a77669bae371cd87/25811853076941608055270457512038717433705462539422789705262203111341130501221.json
0x2a86c5466f088caebf94e071a77669bae371cd87,462,25811853076941608055270457512038717433705462539422789705262203111341130501222,25811853076941608055270457512038717433705462539422789705262203111341130501222,QmWJWy8H3UP34wEnT3dX7Hd3XqLG9y7z9RRVnF8HwYDwd9,ops/cdn-retirement-phase2/step3/v3-docs/0x2a86c5466f088caebf94e071a77669bae371cd87/25811853076941608055270457512038717433705462539422789705262203111341130501222.json
0x2a86c5466f088caebf94e071a77669bae371cd87,463,25811853076941608055270457512038717433705462539422789705262203111341130501223,25811853076941608055270457512038717433705462539422789705262203111341130501223,QmQc9Ew3p4RDs59QTy1XSKunMEqpaqf8UcpCE4GA4QP2J4,ops/cdn-retirement-phase2/step3/v3-docs/0x2a86c5466f088caebf94e071a77669bae371cd87/25811853076941608055270457512038717433705462539422789705262203111341130501223.json
0x2a86c5466f088caebf94e071a77669bae371cd87,464,25811853076941608055270457512038717433705462539422789705262203111341130501224,25811853076941608055270457512038717433705462539422789705262203111341130501224,QmSD4xC7LK6p4JqSBY9yLUmKyxFYLEEPwjMu3zf37GhEfj,ops/cdn-retirement-phase2/step3/v3-docs/0x2a86c5466f088caebf94e071a77669bae371cd87/25811853076941608055270457512038717433705462539422789705262203111341130501224.json
0x2a86c5466f088caebf94e071a77669bae371cd87,465,25811853076941608055270457512038717433705462539422789705262203111341130501225,25811853076941608055270457512038717433705462539422789705262203111341130501225,QmPY1cqVcVArx7XZFXAy7Jk38mio1LSvfYMzuDh9gWsbS7,ops/cdn-retirement-phase2/step3/v3-docs/0x2a86c5466f088caebf94e071a77669bae371cd87/25811853076941608055270457512038717433705462539422789705262203111341130501225.json
0x2a86c5466f088caebf94e071a77669bae371cd87,47,15042014439770355205730296321097090521853295916950766059900103364979980239576,15042014439770355205730296321097090521853295916950766059900103364979980239576,QmYZKTuNzNbFWnYX6jXCNAXtzGagEYnofPhZk5Zu9DMzoj,ops/cdn-retirement-phase2/step3/v3-docs/0x2a86c5466f088caebf94e071a77669bae371cd87/15042014439770355205730296321097090521853295916950766059900103364979980239576.json
0x2a86c5466f088caebf94e071a77669bae371cd87,47,25811853076941608055270457512038717433705462539422789705262203111341130500807,25811853076941608055270457512038717433705462539422789705262203111341130500807,QmVxnRkQNY51UNyJoQyWkm8TY1CiQmyCjQtcAWVRMQmftA,ops/cdn-retirement-phase2/step3/v3-docs/0x2a86c5466f088caebf94e071a77669bae371cd87/25811853076941608055270457512038717433705462539422789705262203111341130500807.json
0x2a86c5466f088caebf94e071a77669bae371cd87,48,15042014439770355205730296321097090521853295916950766059900103364979980239577,15042014439770355205730296321097090521853295916950766059900103364979980239577,QmQVwrkwnmkdVZhP1XRYXBsQxMVdXnyGVUXwU5V9SVuij3,ops/cdn-retirement-phase2/step3/v3-docs/0x2a86c5466f088caebf94e071a77669bae371cd87/15042014439770355205730296321097090521853295916950766059900103364979980239577.json
0x2a86c5466f088caebf94e071a77669bae371cd87,48,25811853076941608055270457512038717433705462539422789705262203111341130500808,25811853076941608055270457512038717433705462539422789705262203111341130500808,QmXWVK5BV3vFni2JARe2ZZ6Az4DAimeTA4zZnVSz8iEfHu,ops/cdn-retirement-phase2/step3/v3-docs/0x2a86c5466f088caebf94e071a77669bae371cd87/25811853076941608055270457512038717433705462539422789705262203111341130500808.json
0x2a86c5466f088caebf94e071a77669bae371cd87,49,15042014439770355205730296321097090521853295916950766059900103364979980239578,15042014439770355205730296321097090521853295916950766059900103364979980239578,QmYkbkkuhVnhuG1NERDnwmmK3gRVTGoTegwxtZrf18CDmM,ops/cdn-retirement-phase2/step3/v3-docs/0x2a86c5466f088caebf94e071a77669bae371cd87/15042014439770355205730296321097090521853295916950766059900103364979980239578.json
0x2a86c5466f088caebf94e071a77669bae371cd87,49,25811853076941608055270457512038717433705462539422789705262203111341130500809,25811853076941608055270457512038717433705462539422789705262203111341130500809,QmTiUa8ZPtqwSdNBa5LwofYVHuezYx33WDqVfU84sGCpw2,ops/cdn-retirement-phase2/step3/v3-docs/0x2a86c5466f088caebf94e071a77669bae371cd87/25811853076941608055270457512038717433705462539422789705262203111341130500809.json
0x2a86c5466f088caebf94e071a77669bae371cd87,5,114509197042641126982266828896949519237122822493274123627313583916128762606682,114509197042641126982266828896949519237122822493274123627313583916128762606682,QmfNKVKr13spjdvUexmmxUWfcCkDXEBjAx7YGtuDP7oipe,ops/cdn-retirement-phase2/step3/v3-docs/0x2a86c5466f088caebf94e071a77669bae371cd87/114509197042641126982266828896949519237122822493274123627313583916128762606682.json
0x2a86c5466f088caebf94e071a77669bae371cd87,5,15042014439770355205730296321097090521853295916950766059900103364979980239534,15042014439770355205730296321097090521853295916950766059900103364979980239534,QmcRoJ7R28zNbiMjHPuycMfrF2Um1jfuVUh2T3gGVBh6T1,ops/cdn-retirement-phase2/step3/v3-docs/0x2a86c5466f088caebf94e071a77669bae371cd87/15042014439770355205730296321097090521853295916950766059900103364979980239534.json
0x2a86c5466f088caebf94e071a77669bae371cd87,5,23054627654022293378557484339859314570662620440316285194737095994444934294391,23054627654022293378557484339859314570662620440316285194737095994444934294391,QmPY54j5KGmN5pBcuGtWdiVCkZPYthzsrZQMZ7WUvbpTch,ops/cdn-retirement-phase2/step3/v3-docs/0x2a86c5466f088caebf94e071a77669bae371cd87/23054627654022293378557484339859314570662620440316285194737095994444934294391.json
0x2a86c5466f088caebf94e071a77669bae371cd87,5,25811853076941608055270457512038717433705462539422789705262203111341130500765,25811853076941608055270457512038717433705462539422789705262203111341130500765,QmXXxwTasg6T3f17icnDPrHQaGiGFziGW9hs6TynqaFqxC,ops/cdn-retirement-phase2/step3/v3-docs/0x2a86c5466f088caebf94e071a77669bae371cd87/25811853076941608055270457512038717433705462539422789705262203111341130500765.json
0x2a86c5466f088caebf94e071a77669bae371cd87,5,45127790317892297463290330756789683137919514630173258349099212122291675493587,45127790317892297463290330756789683137919514630173258349099212122291675493587,QmbxFvLnVbmSea9YuK4rf8HdcUXdZVsLdw1dcGvdxw3yNS,ops/cdn-retirement-phase2/step3/v3-docs/0x2a86c5466f088caebf94e071a77669bae371cd87/45127790317892297463290330756789683137919514630173258349099212122291675493587.json
0x2a86c5466f088caebf94e071a77669bae371cd87,5,81822415981171894284716765232211393989809838876971274183632474922438819548897,81822415981171894284716765232211393989809838876971274183632474922438819548897,QmUWEaB3hN73tjmxF7XZacT2vfStZQpzrQmQenTKCdFwWD,ops/cdn-retirement-phase2/step3/v3-docs/0x2a86c5466f088caebf94e071a77669bae371cd87/81822415981171894284716765232211393989809838876971274183632474922438819548897.json
0x2a86c5466f088caebf94e071a77669bae371cd87,5,91641052224213995292130106305607107853658918792519691461793480796244015798262,91641052224213995292130106305607107853658918792519691461793480796244015798262,QmeXYrKHVz4bQHR7VRVe4FuiEWU5NvxSko5oQfVVi19rAo,ops/cdn-retirement-phase2/step3/v3-docs/0x2a86c5466f088caebf94e071a77669bae371cd87/91641052224213995292130106305607107853658918792519691461793480796244015798262.json
0x2a86c5466f088caebf94e071a77669bae371cd87,50,15042014439770355205730296321097090521853295916950766059900103364979980239579,15042014439770355205730296321097090521853295916950766059900103364979980239579,QmYDs2gMxhJcgmyo37qC46PdYuvbMisfQwHyAGYoE39w7Y,ops/cdn-retirement-phase2/step3/v3-docs/0x2a86c5466f088caebf94e071a77669bae371cd87/15042014439770355205730296321097090521853295916950766059900103364979980239579.json
0x2a86c5466f088caebf94e071a77669bae371cd87,50,25811853076941608055270457512038717433705462539422789705262203111341130500810,25811853076941608055270457512038717433705462539422789705262203111341130500810,QmV7s7aXvC37RfmdWWprE5MTtfcKJkLsHa3XE3payQ7uNu,ops/cdn-retirement-phase2/step3/v3-docs/0x2a86c5466f088caebf94e071a77669bae371cd87/25811853076941608055270457512038717433705462539422789705262203111341130500810.json
0x2a86c5466f088caebf94e071a77669bae371cd87,51,15042014439770355205730296321097090521853295916950766059900103364979980239580,15042014439770355205730296321097090521853295916950766059900103364979980239580,Qmc69zjHHrEmsTy5Etu3pEtYAWnLgCvBe3dhrABLFvFGXM,ops/cdn-retirement-phase2/step3/v3-docs/0x2a86c5466f088caebf94e071a77669bae371cd87/15042014439770355205730296321097090521853295916950766059900103364979980239580.json
0x2a86c5466f088caebf94e071a77669bae371cd87,51,25811853076941608055270457512038717433705462539422789705262203111341130500811,25811853076941608055270457512038717433705462539422789705262203111341130500811,QmQz3R8KkXzXbshDNXLFdcoosPJJ9YsjDB6vA4eMZCVfsP,ops/cdn-retirement-phase2/step3/v3-docs/0x2a86c5466f088caebf94e071a77669bae371cd87/25811853076941608055270457512038717433705462539422789705262203111341130500811.json
0x2a86c5466f088caebf94e071a77669bae371cd87,52,15042014439770355205730296321097090521853295916950766059900103364979980239581,15042014439770355205730296321097090521853295916950766059900103364979980239581,QmPksCsxwZHfjdQkEzSRDgRfQ3WzeN2Zf4HiNEobMNoxjD,ops/cdn-retirement-phase2/step3/v3-docs/0x2a86c5466f088caebf94e071a77669bae371cd87/15042014439770355205730296321097090521853295916950766059900103364979980239581.json
0x2a86c5466f088caebf94e071a77669bae371cd87,52,25811853076941608055270457512038717433705462539422789705262203111341130500812,25811853076941608055270457512038717433705462539422789705262203111341130500812,QmNngiCZaCujjzyKWTD3L8CtFVmwhZbrNiZN8hTcTJVmU3,ops/cdn-retirement-phase2/step3/v3-docs/0x2a86c5466f088caebf94e071a77669bae371cd87/25811853076941608055270457512038717433705462539422789705262203111341130500812.json
0x2a86c5466f088caebf94e071a77669bae371cd87,53,15042014439770355205730296321097090521853295916950766059900103364979980239582,15042014439770355205730296321097090521853295916950766059900103364979980239582,QmdV9GHFpBudANfs1v3eJUjdcishYwUdgfUQkK6Vr9vcVd,ops/cdn-retirement-phase2/step3/v3-docs/0x2a86c5466f088caebf94e071a77669bae371cd87/15042014439770355205730296321097090521853295916950766059900103364979980239582.json
0x2a86c5466f088caebf94e071a77669bae371cd87,53,25811853076941608055270457512038717433705462539422789705262203111341130500813,25811853076941608055270457512038717433705462539422789705262203111341130500813,QmReZezeDdeqhuvoezjeo21MNNzzJ3geEdYx7fWJ5A2vvn,ops/cdn-retirement-phase2/step3/v3-docs/0x2a86c5466f088caebf94e071a77669bae371cd87/25811853076941608055270457512038717433705462539422789705262203111341130500813.json
0x2a86c5466f088caebf94e071a77669bae371cd87,54,15042014439770355205730296321097090521853295916950766059900103364979980239583,15042014439770355205730296321097090521853295916950766059900103364979980239583,QmeMp6Nzg9BP27ijPWnMYxPAoACbCNWkA9iZ6bk7AUSQEY,ops/cdn-retirement-phase2/step3/v3-docs/0x2a86c5466f088caebf94e071a77669bae371cd87/15042014439770355205730296321097090521853295916950766059900103364979980239583.json
0x2a86c5466f088caebf94e071a77669bae371cd87,54,25811853076941608055270457512038717433705462539422789705262203111341130500814,25811853076941608055270457512038717433705462539422789705262203111341130500814,QmZxAzxBL6Nm7ZJ64mhNCGajUSn8WJxc6WftLtKcQ8dtnY,ops/cdn-retirement-phase2/step3/v3-docs/0x2a86c5466f088caebf94e071a77669bae371cd87/25811853076941608055270457512038717433705462539422789705262203111341130500814.json
0x2a86c5466f088caebf94e071a77669bae371cd87,55,15042014439770355205730296321097090521853295916950766059900103364979980239584,15042014439770355205730296321097090521853295916950766059900103364979980239584,QmVE3gfNow1VqGESHgNdP2h5SE5tZBv6cwGVk9JuKpJi94,ops/cdn-retirement-phase2/step3/v3-docs/0x2a86c5466f088caebf94e071a77669bae371cd87/15042014439770355205730296321097090521853295916950766059900103364979980239584.json
0x2a86c5466f088caebf94e071a77669bae371cd87,55,25811853076941608055270457512038717433705462539422789705262203111341130500815,25811853076941608055270457512038717433705462539422789705262203111341130500815,QmS3JGkPdAMtskqqLFxrq9kZKjA1aLZZT6XZH3a2p74mEY,ops/cdn-retirement-phase2/step3/v3-docs/0x2a86c5466f088caebf94e071a77669bae371cd87/25811853076941608055270457512038717433705462539422789705262203111341130500815.json
0x2a86c5466f088caebf94e071a77669bae371cd87,56,15042014439770355205730296321097090521853295916950766059900103364979980239585,15042014439770355205730296321097090521853295916950766059900103364979980239585,Qmd1VZvVfDpYRH3WWLzhqYdS1PV6jmXV2yUxxPeFz8hNWR,ops/cdn-retirement-phase2/step3/v3-docs/0x2a86c5466f088caebf94e071a77669bae371cd87/15042014439770355205730296321097090521853295916950766059900103364979980239585.json
0x2a86c5466f088caebf94e071a77669bae371cd87,56,25811853076941608055270457512038717433705462539422789705262203111341130500816,25811853076941608055270457512038717433705462539422789705262203111341130500816,QmRqZaTjaUkg68c3yXPJ6q2HZi5nqf5WwnYYu3NKgU2zob,ops/cdn-retirement-phase2/step3/v3-docs/0x2a86c5466f088caebf94e071a77669bae371cd87/25811853076941608055270457512038717433705462539422789705262203111341130500816.json
0x2a86c5466f088caebf94e071a77669bae371cd87,57,15042014439770355205730296321097090521853295916950766059900103364979980239586,15042014439770355205730296321097090521853295916950766059900103364979980239586,QmTkbb5es7T7faiv3HyvJ5AzFaJcr7EfasHkwdHcDTxKnC,ops/cdn-retirement-phase2/step3/v3-docs/0x2a86c5466f088caebf94e071a77669bae371cd87/15042014439770355205730296321097090521853295916950766059900103364979980239586.json
0x2a86c5466f088caebf94e071a77669bae371cd87,57,25811853076941608055270457512038717433705462539422789705262203111341130500817,25811853076941608055270457512038717433705462539422789705262203111341130500817,QmcfCBjh2YTFK5D7S1wvALW8PcqaboJFyzL8ymg5nJkTyk,ops/cdn-retirement-phase2/step3/v3-docs/0x2a86c5466f088caebf94e071a77669bae371cd87/25811853076941608055270457512038717433705462539422789705262203111341130500817.json
0x2a86c5466f088caebf94e071a77669bae371cd87,58,15042014439770355205730296321097090521853295916950766059900103364979980239587,15042014439770355205730296321097090521853295916950766059900103364979980239587,QmSRw1BHhakqvdbWvtNvQNqoesKuuj6q8cy5x7FUGaWGdF,ops/cdn-retirement-phase2/step3/v3-docs/0x2a86c5466f088caebf94e071a77669bae371cd87/15042014439770355205730296321097090521853295916950766059900103364979980239587.json
0x2a86c5466f088caebf94e071a77669bae371cd87,58,25811853076941608055270457512038717433705462539422789705262203111341130500818,25811853076941608055270457512038717433705462539422789705262203111341130500818,QmWVytbBwk9BnrGowpBUd5LFCDwaKo4QcqdyXCbuNkDTbt,ops/cdn-retirement-phase2/step3/v3-docs/0x2a86c5466f088caebf94e071a77669bae371cd87/25811853076941608055270457512038717433705462539422789705262203111341130500818.json
0x2a86c5466f088caebf94e071a77669bae371cd87,59,15042014439770355205730296321097090521853295916950766059900103364979980239588,15042014439770355205730296321097090521853295916950766059900103364979980239588,QmSuf4gqH2w6a6fbxbyaS3fRe1XYJ5AvgnZgvaFC1cmaZS,ops/cdn-retirement-phase2/step3/v3-docs/0x2a86c5466f088caebf94e071a77669bae371cd87/15042014439770355205730296321097090521853295916950766059900103364979980239588.json
0x2a86c5466f088caebf94e071a77669bae371cd87,59,25811853076941608055270457512038717433705462539422789705262203111341130500819,25811853076941608055270457512038717433705462539422789705262203111341130500819,Qmb4z8U3uYTfYdauUkwxsfS9uAvWAUvE2a5mLjaydZhbCJ,ops/cdn-retirement-phase2/step3/v3-docs/0x2a86c5466f088caebf94e071a77669bae371cd87/25811853076941608055270457512038717433705462539422789705262203111341130500819.json
0x2a86c5466f088caebf94e071a77669bae371cd87,6,114509197042641126982266828896949519237122822493274123627313583916128762606683,114509197042641126982266828896949519237122822493274123627313583916128762606683,QmYebQ7PdArhDTTeL5xs9gBBifrVN528CWmVkbaang7ox8,ops/cdn-retirement-phase2/step3/v3-docs/0x2a86c5466f088caebf94e071a77669bae371cd87/114509197042641126982266828896949519237122822493274123627313583916128762606683.json
0x2a86c5466f088caebf94e071a77669bae371cd87,6,15042014439770355205730296321097090521853295916950766059900103364979980239535,15042014439770355205730296321097090521853295916950766059900103364979980239535,Qmbu6F3yxccnh8FiNzXJ7PXbEbvnTiH7n5SpgUH8pyezZm,ops/cdn-retirement-phase2/step3/v3-docs/0x2a86c5466f088caebf94e071a77669bae371cd87/15042014439770355205730296321097090521853295916950766059900103364979980239535.json
0x2a86c5466f088caebf94e071a77669bae371cd87,6,25811853076941608055270457512038717433705462539422789705262203111341130500766,25811853076941608055270457512038717433705462539422789705262203111341130500766,QmUKPcxRK5kpBWwLjr12639f2d4EJED6ELffeB5a6Xp1hR,ops/cdn-retirement-phase2/step3/v3-docs/0x2a86c5466f088caebf94e071a77669bae371cd87/25811853076941608055270457512038717433705462539422789705262203111341130500766.json
0x2a86c5466f088caebf94e071a77669bae371cd87,6,45127790317892297463290330756789683137919514630173258349099212122291675493588,45127790317892297463290330756789683137919514630173258349099212122291675493588,QmeCXu1BDYUetpDHutjcQsZ4aXLEdxsUduPHfsCVt8ndzx,ops/cdn-retirement-phase2/step3/v3-docs/0x2a86c5466f088caebf94e071a77669bae371cd87/45127790317892297463290330756789683137919514630173258349099212122291675493588.json
0x2a86c5466f088caebf94e071a77669bae371cd87,6,81822415981171894284716765232211393989809838876971274183632474922438819548898,81822415981171894284716765232211393989809838876971274183632474922438819548898,QmWqckr3ynprgtmzkHZoo6Qw7EZoXQnzUbJxjnooTLQxTJ,ops/cdn-retirement-phase2/step3/v3-docs/0x2a86c5466f088caebf94e071a77669bae371cd87/81822415981171894284716765232211393989809838876971274183632474922438819548898.json
0x2a86c5466f088caebf94e071a77669bae371cd87,6,91641052224213995292130106305607107853658918792519691461793480796244015798263,91641052224213995292130106305607107853658918792519691461793480796244015798263,QmRyxL9FEs1fapeS2wS2keKYPd7c87fwtnib4UKWgCB24G,ops/cdn-retirement-phase2/step3/v3-docs/0x2a86c5466f088caebf94e071a77669bae371cd87/91641052224213995292130106305607107853658918792519691461793480796244015798263.json
0x2a86c5466f088caebf94e071a77669bae371cd87,60,15042014439770355205730296321097090521853295916950766059900103364979980239589,15042014439770355205730296321097090521853295916950766059900103364979980239589,QmSdhTAW75pXunFhtwZJeYWqzYBTcC8F8m5d8bQP3k5PUQ,ops/cdn-retirement-phase2/step3/v3-docs/0x2a86c5466f088caebf94e071a77669bae371cd87/15042014439770355205730296321097090521853295916950766059900103364979980239589.json
0x2a86c5466f088caebf94e071a77669bae371cd87,60,25811853076941608055270457512038717433705462539422789705262203111341130500820,25811853076941608055270457512038717433705462539422789705262203111341130500820,QmXuvMVVoE2XXtazjk2uJHGNhV8R41ar8TT9r5JPWpYGhY,ops/cdn-retirement-phase2/step3/v3-docs/0x2a86c5466f088caebf94e071a77669bae371cd87/25811853076941608055270457512038717433705462539422789705262203111341130500820.json
0x2a86c5466f088caebf94e071a77669bae371cd87,61,15042014439770355205730296321097090521853295916950766059900103364979980239590,15042014439770355205730296321097090521853295916950766059900103364979980239590,QmRmzCSdHbcrQryM9mebeZVaRvy8ufUgCwtsU7jHa1xKLP,ops/cdn-retirement-phase2/step3/v3-docs/0x2a86c5466f088caebf94e071a77669bae371cd87/15042014439770355205730296321097090521853295916950766059900103364979980239590.json
0x2a86c5466f088caebf94e071a77669bae371cd87,61,25811853076941608055270457512038717433705462539422789705262203111341130500821,25811853076941608055270457512038717433705462539422789705262203111341130500821,QmNyff9EgQtxmU34SNGYchtfBt8uHcX58PGtbXoYuuWiv8,ops/cdn-retirement-phase2/step3/v3-docs/0x2a86c5466f088caebf94e071a77669bae371cd87/25811853076941608055270457512038717433705462539422789705262203111341130500821.json
0x2a86c5466f088caebf94e071a77669bae371cd87,62,15042014439770355205730296321097090521853295916950766059900103364979980239591,15042014439770355205730296321097090521853295916950766059900103364979980239591,Qmc9FGmYfPjpn3odTFC1xyfYX73M67VPY8KSjfPcbRjjT5,ops/cdn-retirement-phase2/step3/v3-docs/0x2a86c5466f088caebf94e071a77669bae371cd87/15042014439770355205730296321097090521853295916950766059900103364979980239591.json
0x2a86c5466f088caebf94e071a77669bae371cd87,62,25811853076941608055270457512038717433705462539422789705262203111341130500822,25811853076941608055270457512038717433705462539422789705262203111341130500822,QmbAQqVmqrDVTJ4eWFUMAbUMwavjBUgWcEQs5GtksQrFNd,ops/cdn-retirement-phase2/step3/v3-docs/0x2a86c5466f088caebf94e071a77669bae371cd87/25811853076941608055270457512038717433705462539422789705262203111341130500822.json
0x2a86c5466f088caebf94e071a77669bae371cd87,63,15042014439770355205730296321097090521853295916950766059900103364979980239592,15042014439770355205730296321097090521853295916950766059900103364979980239592,QmX5j43bnWg21JGrAAft4WYFnDgjjWjfDj6o3K7wMhj3Sq,ops/cdn-retirement-phase2/step3/v3-docs/0x2a86c5466f088caebf94e071a77669bae371cd87/15042014439770355205730296321097090521853295916950766059900103364979980239592.json
0x2a86c5466f088caebf94e071a77669bae371cd87,63,25811853076941608055270457512038717433705462539422789705262203111341130500823,25811853076941608055270457512038717433705462539422789705262203111341130500823,QmXpqTmHAfSHNBheH5DbmDR884KofE3ZZFLwVXWENyMiqm,ops/cdn-retirement-phase2/step3/v3-docs/0x2a86c5466f088caebf94e071a77669bae371cd87/25811853076941608055270457512038717433705462539422789705262203111341130500823.json
0x2a86c5466f088caebf94e071a77669bae371cd87,64,15042014439770355205730296321097090521853295916950766059900103364979980239593,15042014439770355205730296321097090521853295916950766059900103364979980239593,QmRHgSE8V3qEcjCHKM7tnZ1JMoJHBkJqrNL2Uh4pU5Jjdo,ops/cdn-retirement-phase2/step3/v3-docs/0x2a86c5466f088caebf94e071a77669bae371cd87/15042014439770355205730296321097090521853295916950766059900103364979980239593.json
0x2a86c5466f088caebf94e071a77669bae371cd87,64,25811853076941608055270457512038717433705462539422789705262203111341130500824,25811853076941608055270457512038717433705462539422789705262203111341130500824,QmVaT4RPDhjkJWLW9pCDQHmAW3XqKV6RGUo2SRYRTwDcKr,ops/cdn-retirement-phase2/step3/v3-docs/0x2a86c5466f088caebf94e071a77669bae371cd87/25811853076941608055270457512038717433705462539422789705262203111341130500824.json
0x2a86c5466f088caebf94e071a77669bae371cd87,65,15042014439770355205730296321097090521853295916950766059900103364979980239594,15042014439770355205730296321097090521853295916950766059900103364979980239594,QmcPqyFHykRhtjY8moDTt76R2BfAxJJgWpmYpqRgAZD4TG,ops/cdn-retirement-phase2/step3/v3-docs/0x2a86c5466f088caebf94e071a77669bae371cd87/15042014439770355205730296321097090521853295916950766059900103364979980239594.json
0x2a86c5466f088caebf94e071a77669bae371cd87,65,25811853076941608055270457512038717433705462539422789705262203111341130500825,25811853076941608055270457512038717433705462539422789705262203111341130500825,QmSPSGfsdQ2RfUEVqXkzvJL3A4jMGwwi4xVw8LWC62iSGx,ops/cdn-retirement-phase2/step3/v3-docs/0x2a86c5466f088caebf94e071a77669bae371cd87/25811853076941608055270457512038717433705462539422789705262203111341130500825.json
0x2a86c5466f088caebf94e071a77669bae371cd87,66,15042014439770355205730296321097090521853295916950766059900103364979980239595,15042014439770355205730296321097090521853295916950766059900103364979980239595,Qmb5TZAoAEPCr5gubdomQsps8p8buwrZcX5xK3N9dy66Fu,ops/cdn-retirement-phase2/step3/v3-docs/0x2a86c5466f088caebf94e071a77669bae371cd87/15042014439770355205730296321097090521853295916950766059900103364979980239595.json
0x2a86c5466f088caebf94e071a77669bae371cd87,66,25811853076941608055270457512038717433705462539422789705262203111341130500826,25811853076941608055270457512038717433705462539422789705262203111341130500826,QmdfDtwhLySmPCq45PjP19acorzZvuFdea179yNk8mWBdK,ops/cdn-retirement-phase2/step3/v3-docs/0x2a86c5466f088caebf94e071a77669bae371cd87/25811853076941608055270457512038717433705462539422789705262203111341130500826.json
0x2a86c5466f088caebf94e071a77669bae371cd87,67,25811853076941608055270457512038717433705462539422789705262203111341130500827,25811853076941608055270457512038717433705462539422789705262203111341130500827,Qmf9sb3dbXUaDLERwgEzMfzsNfgdMgBrRsjLDHnJgRLkh5,ops/cdn-retirement-phase2/step3/v3-docs/0x2a86c5466f088caebf94e071a77669bae371cd87/25811853076941608055270457512038717433705462539422789705262203111341130500827.json
0x2a86c5466f088caebf94e071a77669bae371cd87,68,25811853076941608055270457512038717433705462539422789705262203111341130500828,25811853076941608055270457512038717433705462539422789705262203111341130500828,QmPRdFUXcsofYdAcAsm7r8Ux1DeAHynWsSS7LZSiatmC6n,ops/cdn-retirement-phase2/step3/v3-docs/0x2a86c5466f088caebf94e071a77669bae371cd87/25811853076941608055270457512038717433705462539422789705262203111341130500828.json
0x2a86c5466f088caebf94e071a77669bae371cd87,69,25811853076941608055270457512038717433705462539422789705262203111341130500829,25811853076941608055270457512038717433705462539422789705262203111341130500829,QmR95CXg11gHfaswZo2Gir8SiwfL9amGZTzD7qoB9Nypnv,ops/cdn-retirement-phase2/step3/v3-docs/0x2a86c5466f088caebf94e071a77669bae371cd87/25811853076941608055270457512038717433705462539422789705262203111341130500829.json
0x2a86c5466f088caebf94e071a77669bae371cd87,7,114509197042641126982266828896949519237122822493274123627313583916128762606684,114509197042641126982266828896949519237122822493274123627313583916128762606684,QmRGEPaVNdianRFAiAzTNJpHiKf9cMdNHiiGVwEaHTC5oH,ops/cdn-retirement-phase2/step3/v3-docs/0x2a86c5466f088caebf94e071a77669bae371cd87/114509197042641126982266828896949519237122822493274123627313583916128762606684.json
0x2a86c5466f088caebf94e071a77669bae371cd87,7,15042014439770355205730296321097090521853295916950766059900103364979980239536,15042014439770355205730296321097090521853295916950766059900103364979980239536,QmPCdDeyxHBdo8bdbBv1qDhcYz3AhNNgEM1LX181nti5VT,ops/cdn-retirement-phase2/step3/v3-docs/0x2a86c5466f088caebf94e071a77669bae371cd87/15042014439770355205730296321097090521853295916950766059900103364979980239536.json
0x2a86c5466f088caebf94e071a77669bae371cd87,7,25811853076941608055270457512038717433705462539422789705262203111341130500767,25811853076941608055270457512038717433705462539422789705262203111341130500767,QmVpCmLzphKQzAbsqp4N1nKJ8TfAmzDf3v3jhZd293CitV,ops/cdn-retirement-phase2/step3/v3-docs/0x2a86c5466f088caebf94e071a77669bae371cd87/25811853076941608055270457512038717433705462539422789705262203111341130500767.json
0x2a86c5466f088caebf94e071a77669bae371cd87,7,45127790317892297463290330756789683137919514630173258349099212122291675493589,45127790317892297463290330756789683137919514630173258349099212122291675493589,QmbVSGnuWYNFKPshLNBY8nT6ZZnjM4DrEPyd9e4zamqzWw,ops/cdn-retirement-phase2/step3/v3-docs/0x2a86c5466f088caebf94e071a77669bae371cd87/45127790317892297463290330756789683137919514630173258349099212122291675493589.json
0x2a86c5466f088caebf94e071a77669bae371cd87,7,81822415981171894284716765232211393989809838876971274183632474922438819548899,81822415981171894284716765232211393989809838876971274183632474922438819548899,QmadiiFVFhpNBdJWdfKSx1Ag4qRNMKGUGyfZjFhvBAztTu,ops/cdn-retirement-phase2/step3/v3-docs/0x2a86c5466f088caebf94e071a77669bae371cd87/81822415981171894284716765232211393989809838876971274183632474922438819548899.json
0x2a86c5466f088caebf94e071a77669bae371cd87,7,91641052224213995292130106305607107853658918792519691461793480796244015798264,91641052224213995292130106305607107853658918792519691461793480796244015798264,QmRoQKZ4FHsksbaSFF3KFdDfyc5WK3urXP9ws9ZHUCRGao,ops/cdn-retirement-phase2/step3/v3-docs/0x2a86c5466f088caebf94e071a77669bae371cd87/91641052224213995292130106305607107853658918792519691461793480796244015798264.json
0x2a86c5466f088caebf94e071a77669bae371cd87,70,25811853076941608055270457512038717433705462539422789705262203111341130500830,25811853076941608055270457512038717433705462539422789705262203111341130500830,QmY7WcPKaFT3rDWim3SKjsDKezjA3ujG3wS73jtUmBznvD,ops/cdn-retirement-phase2/step3/v3-docs/0x2a86c5466f088caebf94e071a77669bae371cd87/25811853076941608055270457512038717433705462539422789705262203111341130500830.json
0x2a86c5466f088caebf94e071a77669bae371cd87,71,25811853076941608055270457512038717433705462539422789705262203111341130500831,25811853076941608055270457512038717433705462539422789705262203111341130500831,QmVCBUuPwxtNzz8rKTCgQbXmshuM2b4wCUPtvw7ynJNYQC,ops/cdn-retirement-phase2/step3/v3-docs/0x2a86c5466f088caebf94e071a77669bae371cd87/25811853076941608055270457512038717433705462539422789705262203111341130500831.json
0x2a86c5466f088caebf94e071a77669bae371cd87,72,25811853076941608055270457512038717433705462539422789705262203111341130500832,25811853076941608055270457512038717433705462539422789705262203111341130500832,QmQ9geuRGyHWovVAkTURi25MsxGdW8ZL6P5pATpwWykFEW,ops/cdn-retirement-phase2/step3/v3-docs/0x2a86c5466f088caebf94e071a77669bae371cd87/25811853076941608055270457512038717433705462539422789705262203111341130500832.json
0x2a86c5466f088caebf94e071a77669bae371cd87,73,25811853076941608055270457512038717433705462539422789705262203111341130500833,25811853076941608055270457512038717433705462539422789705262203111341130500833,QmS2n7WUnCS1WNA6YMvbyhv5nqoB8R2UFP6UQ6fYUhoHV1,ops/cdn-retirement-phase2/step3/v3-docs/0x2a86c5466f088caebf94e071a77669bae371cd87/25811853076941608055270457512038717433705462539422789705262203111341130500833.json
0x2a86c5466f088caebf94e071a77669bae371cd87,74,25811853076941608055270457512038717433705462539422789705262203111341130500834,25811853076941608055270457512038717433705462539422789705262203111341130500834,QmTBggSTZZLT2BfKYLemmTh1kuGTrowGhmXGTcGjQFG2ph,ops/cdn-retirement-phase2/step3/v3-docs/0x2a86c5466f088caebf94e071a77669bae371cd87/25811853076941608055270457512038717433705462539422789705262203111341130500834.json
0x2a86c5466f088caebf94e071a77669bae371cd87,75,25811853076941608055270457512038717433705462539422789705262203111341130500835,25811853076941608055270457512038717433705462539422789705262203111341130500835,QmZHa6w7KPHp8R4iCmiCfuw9wgmUUzN7os73SN583Me4gA,ops/cdn-retirement-phase2/step3/v3-docs/0x2a86c5466f088caebf94e071a77669bae371cd87/25811853076941608055270457512038717433705462539422789705262203111341130500835.json
0x2a86c5466f088caebf94e071a77669bae371cd87,76,25811853076941608055270457512038717433705462539422789705262203111341130500836,25811853076941608055270457512038717433705462539422789705262203111341130500836,QmP7kWS17f2FmRZWREQ8vVrCgLSdJmrDxWhYHqXSiReWzt,ops/cdn-retirement-phase2/step3/v3-docs/0x2a86c5466f088caebf94e071a77669bae371cd87/25811853076941608055270457512038717433705462539422789705262203111341130500836.json
0x2a86c5466f088caebf94e071a77669bae371cd87,77,25811853076941608055270457512038717433705462539422789705262203111341130500837,25811853076941608055270457512038717433705462539422789705262203111341130500837,QmaRLjaJRTALWdeBVQxLa6HKqof3Cjpsv75NtngL9VfDZW,ops/cdn-retirement-phase2/step3/v3-docs/0x2a86c5466f088caebf94e071a77669bae371cd87/25811853076941608055270457512038717433705462539422789705262203111341130500837.json
0x2a86c5466f088caebf94e071a77669bae371cd87,78,25811853076941608055270457512038717433705462539422789705262203111341130500838,25811853076941608055270457512038717433705462539422789705262203111341130500838,QmcDBqh8WNyTxXmySAUSDKVty4wt8rLQt4tCrZQEc65T2i,ops/cdn-retirement-phase2/step3/v3-docs/0x2a86c5466f088caebf94e071a77669bae371cd87/25811853076941608055270457512038717433705462539422789705262203111341130500838.json
0x2a86c5466f088caebf94e071a77669bae371cd87,79,25811853076941608055270457512038717433705462539422789705262203111341130500839,25811853076941608055270457512038717433705462539422789705262203111341130500839,QmUU4TSuqTSxJVLLdzY6aZ83Xd88uG2dDuzpUEUvGMQ31P,ops/cdn-retirement-phase2/step3/v3-docs/0x2a86c5466f088caebf94e071a77669bae371cd87/25811853076941608055270457512038717433705462539422789705262203111341130500839.json
0x2a86c5466f088caebf94e071a77669bae371cd87,8,114509197042641126982266828896949519237122822493274123627313583916128762606685,114509197042641126982266828896949519237122822493274123627313583916128762606685,QmaCm6Jqxfb9PomCQYyTbbF2m1YVXrdMo5PUT4X7ZH8shX,ops/cdn-retirement-phase2/step3/v3-docs/0x2a86c5466f088caebf94e071a77669bae371cd87/114509197042641126982266828896949519237122822493274123627313583916128762606685.json
0x2a86c5466f088caebf94e071a77669bae371cd87,8,15042014439770355205730296321097090521853295916950766059900103364979980239537,15042014439770355205730296321097090521853295916950766059900103364979980239537,QmV6BMKuF3qKf7UuxMzKdTeJh5Wg9Tn3zcq95fFc3zXfQf,ops/cdn-retirement-phase2/step3/v3-docs/0x2a86c5466f088caebf94e071a77669bae371cd87/15042014439770355205730296321097090521853295916950766059900103364979980239537.json
0x2a86c5466f088caebf94e071a77669bae371cd87,8,25811853076941608055270457512038717433705462539422789705262203111341130500768,25811853076941608055270457512038717433705462539422789705262203111341130500768,QmXZVuyCyaTsGhnHqnjuKBNYeSFqKmEZZm3szKVpNGU1s3,ops/cdn-retirement-phase2/step3/v3-docs/0x2a86c5466f088caebf94e071a77669bae371cd87/25811853076941608055270457512038717433705462539422789705262203111341130500768.json
0x2a86c5466f088caebf94e071a77669bae371cd87,8,45127790317892297463290330756789683137919514630173258349099212122291675493590,45127790317892297463290330756789683137919514630173258349099212122291675493590,QmeYusXoPBn8a78Dd6268z9JuPENA54uxbEMrabsKcKUxE,ops/cdn-retirement-phase2/step3/v3-docs/0x2a86c5466f088caebf94e071a77669bae371cd87/45127790317892297463290330756789683137919514630173258349099212122291675493590.json
0x2a86c5466f088caebf94e071a77669bae371cd87,8,91641052224213995292130106305607107853658918792519691461793480796244015798265,91641052224213995292130106305607107853658918792519691461793480796244015798265,QmTKrxDEHqH3FG8waLgTsmBiHhQ6knFnHVE9audfQYTW37,ops/cdn-retirement-phase2/step3/v3-docs/0x2a86c5466f088caebf94e071a77669bae371cd87/91641052224213995292130106305607107853658918792519691461793480796244015798265.json
0x2a86c5466f088caebf94e071a77669bae371cd87,80,25811853076941608055270457512038717433705462539422789705262203111341130500840,25811853076941608055270457512038717433705462539422789705262203111341130500840,Qmc5x3Mm3YuZWBxRsv7Wa4sQpNv9gaXr31EEiZKRMZx993,ops/cdn-retirement-phase2/step3/v3-docs/0x2a86c5466f088caebf94e071a77669bae371cd87/25811853076941608055270457512038717433705462539422789705262203111341130500840.json
0x2a86c5466f088caebf94e071a77669bae371cd87,81,25811853076941608055270457512038717433705462539422789705262203111341130500841,25811853076941608055270457512038717433705462539422789705262203111341130500841,QmVQN1YsnFgaZusnDhtdmcgPZfUekzPA9n91VoyEjZpjs9,ops/cdn-retirement-phase2/step3/v3-docs/0x2a86c5466f088caebf94e071a77669bae371cd87/25811853076941608055270457512038717433705462539422789705262203111341130500841.json
0x2a86c5466f088caebf94e071a77669bae371cd87,82,25811853076941608055270457512038717433705462539422789705262203111341130500842,25811853076941608055270457512038717433705462539422789705262203111341130500842,Qmd4RyF55a52dQq53rRe2jWmgUsATqLYCg6Xy3AT8FQ8wJ,ops/cdn-retirement-phase2/step3/v3-docs/0x2a86c5466f088caebf94e071a77669bae371cd87/25811853076941608055270457512038717433705462539422789705262203111341130500842.json
0x2a86c5466f088caebf94e071a77669bae371cd87,83,25811853076941608055270457512038717433705462539422789705262203111341130500843,25811853076941608055270457512038717433705462539422789705262203111341130500843,QmaApTP4ghKmEhoLQi8bcXeLaWVE9TpfEL2Z7Qn2HwMcXm,ops/cdn-retirement-phase2/step3/v3-docs/0x2a86c5466f088caebf94e071a77669bae371cd87/25811853076941608055270457512038717433705462539422789705262203111341130500843.json
0x2a86c5466f088caebf94e071a77669bae371cd87,84,25811853076941608055270457512038717433705462539422789705262203111341130500844,25811853076941608055270457512038717433705462539422789705262203111341130500844,QmZHoeVzkntjK8fYUL2F3BUbLRGTXx3vBACuCHwqQbG9UY,ops/cdn-retirement-phase2/step3/v3-docs/0x2a86c5466f088caebf94e071a77669bae371cd87/25811853076941608055270457512038717433705462539422789705262203111341130500844.json
0x2a86c5466f088caebf94e071a77669bae371cd87,85,25811853076941608055270457512038717433705462539422789705262203111341130500845,25811853076941608055270457512038717433705462539422789705262203111341130500845,QmYNHh4dfax44Tap2kAFKZ8JnTgfNUQ1zxwsYdG7YQPj3z,ops/cdn-retirement-phase2/step3/v3-docs/0x2a86c5466f088caebf94e071a77669bae371cd87/25811853076941608055270457512038717433705462539422789705262203111341130500845.json
0x2a86c5466f088caebf94e071a77669bae371cd87,86,25811853076941608055270457512038717433705462539422789705262203111341130500846,25811853076941608055270457512038717433705462539422789705262203111341130500846,QmVmxS6NbnJhoZZmsyvX7SVDgGJevTH3Yb7GUxuCJWMWoJ,ops/cdn-retirement-phase2/step3/v3-docs/0x2a86c5466f088caebf94e071a77669bae371cd87/25811853076941608055270457512038717433705462539422789705262203111341130500846.json
0x2a86c5466f088caebf94e071a77669bae371cd87,87,25811853076941608055270457512038717433705462539422789705262203111341130500847,25811853076941608055270457512038717433705462539422789705262203111341130500847,QmSoTzLSZVkXRWZPBDo7eHboWhvFmhr1dgtjWuEWXXpVkt,ops/cdn-retirement-phase2/step3/v3-docs/0x2a86c5466f088caebf94e071a77669bae371cd87/25811853076941608055270457512038717433705462539422789705262203111341130500847.json
0x2a86c5466f088caebf94e071a77669bae371cd87,88,25811853076941608055270457512038717433705462539422789705262203111341130500848,25811853076941608055270457512038717433705462539422789705262203111341130500848,QmXLjK75e7JMjvDaamAfkJ1j5Fi8v52jSe1xgVmcdoeHJL,ops/cdn-retirement-phase2/step3/v3-docs/0x2a86c5466f088caebf94e071a77669bae371cd87/25811853076941608055270457512038717433705462539422789705262203111341130500848.json
0x2a86c5466f088caebf94e071a77669bae371cd87,89,25811853076941608055270457512038717433705462539422789705262203111341130500849,25811853076941608055270457512038717433705462539422789705262203111341130500849,QmeLpDQscexjqz9oMo7SoNREr592jfhMw868SWM4k3qGwJ,ops/cdn-retirement-phase2/step3/v3-docs/0x2a86c5466f088caebf94e071a77669bae371cd87/25811853076941608055270457512038717433705462539422789705262203111341130500849.json
0x2a86c5466f088caebf94e071a77669bae371cd87,9,114509197042641126982266828896949519237122822493274123627313583916128762606686,114509197042641126982266828896949519237122822493274123627313583916128762606686,QmZb9wrxZJ4X6nrAFwFuN1fPym94CUuhpEBL2K1gLqKwS7,ops/cdn-retirement-phase2/step3/v3-docs/0x2a86c5466f088caebf94e071a77669bae371cd87/114509197042641126982266828896949519237122822493274123627313583916128762606686.json
0x2a86c5466f088caebf94e071a77669bae371cd87,9,15042014439770355205730296321097090521853295916950766059900103364979980239538,15042014439770355205730296321097090521853295916950766059900103364979980239538,QmQAzqiFA1okStFuN1cQXZcGRpSy7Xvsj9vLmuSN2FdY36,ops/cdn-retirement-phase2/step3/v3-docs/0x2a86c5466f088caebf94e071a77669bae371cd87/15042014439770355205730296321097090521853295916950766059900103364979980239538.json
0x2a86c5466f088caebf94e071a77669bae371cd87,9,25811853076941608055270457512038717433705462539422789705262203111341130500769,25811853076941608055270457512038717433705462539422789705262203111341130500769,QmaeS8QfaxvuvNn8JeAXTiRgiTiVjq5DDWrYfKyrPekXc1,ops/cdn-retirement-phase2/step3/v3-docs/0x2a86c5466f088caebf94e071a77669bae371cd87/25811853076941608055270457512038717433705462539422789705262203111341130500769.json
0x2a86c5466f088caebf94e071a77669bae371cd87,9,45127790317892297463290330756789683137919514630173258349099212122291675493591,45127790317892297463290330756789683137919514630173258349099212122291675493591,QmdUohwnYdFmZNYDHaH8cdA3dM96cwXP6NxDXxnZ37Yhpv,ops/cdn-retirement-phase2/step3/v3-docs/0x2a86c5466f088caebf94e071a77669bae371cd87/45127790317892297463290330756789683137919514630173258349099212122291675493591.json
0x2a86c5466f088caebf94e071a77669bae371cd87,9,91641052224213995292130106305607107853658918792519691461793480796244015798266,91641052224213995292130106305607107853658918792519691461793480796244015798266,QmWgEbrVmY5VoTXkFNHxPPc9hThC5DFEkgAjTo2p9ESyNQ,ops/cdn-retirement-phase2/step3/v3-docs/0x2a86c5466f088caebf94e071a77669bae371cd87/91641052224213995292130106305607107853658918792519691461793480796244015798266.json
0x2a86c5466f088caebf94e071a77669bae371cd87,90,25811853076941608055270457512038717433705462539422789705262203111341130500850,25811853076941608055270457512038717433705462539422789705262203111341130500850,QmWCdbfrSCV3xfs6Z55S7gCnDho5nDtj5aUwCMyWbDQqS7,ops/cdn-retirement-phase2/step3/v3-docs/0x2a86c5466f088caebf94e071a77669bae371cd87/25811853076941608055270457512038717433705462539422789705262203111341130500850.json
0x2a86c5466f088caebf94e071a77669bae371cd87,91,25811853076941608055270457512038717433705462539422789705262203111341130500851,25811853076941608055270457512038717433705462539422789705262203111341130500851,QmRRjQcaqTJshpiAvBAEtmqCRJ9wtysKDREXs1afbRvFgd,ops/cdn-retirement-phase2/step3/v3-docs/0x2a86c5466f088caebf94e071a77669bae371cd87/25811853076941608055270457512038717433705462539422789705262203111341130500851.json
0x2a86c5466f088caebf94e071a77669bae371cd87,92,25811853076941608055270457512038717433705462539422789705262203111341130500852,25811853076941608055270457512038717433705462539422789705262203111341130500852,QmUCZJm74Dyf4u8xiH6AYXc3zLWiRc6aSzzhArbkeRRAVd,ops/cdn-retirement-phase2/step3/v3-docs/0x2a86c5466f088caebf94e071a77669bae371cd87/25811853076941608055270457512038717433705462539422789705262203111341130500852.json
0x2a86c5466f088caebf94e071a77669bae371cd87,93,25811853076941608055270457512038717433705462539422789705262203111341130500853,25811853076941608055270457512038717433705462539422789705262203111341130500853,QmauGiY9sgbK5W8XpDHkNhSzXmpe2Bgd1cNEhu82Jd9yFU,ops/cdn-retirement-phase2/step3/v3-docs/0x2a86c5466f088caebf94e071a77669bae371cd87/25811853076941608055270457512038717433705462539422789705262203111341130500853.json
0x2a86c5466f088caebf94e071a77669bae371cd87,94,25811853076941608055270457512038717433705462539422789705262203111341130500854,25811853076941608055270457512038717433705462539422789705262203111341130500854,QmNScCyPrTEEE6HWXBmei9VeySGYznNcjCAtnAcSq4Aa2S,ops/cdn-retirement-phase2/step3/v3-docs/0x2a86c5466f088caebf94e071a77669bae371cd87/25811853076941608055270457512038717433705462539422789705262203111341130500854.json
0x2a86c5466f088caebf94e071a77669bae371cd87,95,25811853076941608055270457512038717433705462539422789705262203111341130500855,25811853076941608055270457512038717433705462539422789705262203111341130500855,QmU9gCB48UGc1RnwrJRpJfHneLKwomJuvD6P2bjddPsQ7z,ops/cdn-retirement-phase2/step3/v3-docs/0x2a86c5466f088caebf94e071a77669bae371cd87/25811853076941608055270457512038717433705462539422789705262203111341130500855.json
0x2a86c5466f088caebf94e071a77669bae371cd87,96,25811853076941608055270457512038717433705462539422789705262203111341130500856,25811853076941608055270457512038717433705462539422789705262203111341130500856,Qmc67ZVpDk1JZQxVJRvFbLhZLsuMpKLBfSNjAc6mErNods,ops/cdn-retirement-phase2/step3/v3-docs/0x2a86c5466f088caebf94e071a77669bae371cd87/25811853076941608055270457512038717433705462539422789705262203111341130500856.json
0x2a86c5466f088caebf94e071a77669bae371cd87,97,25811853076941608055270457512038717433705462539422789705262203111341130500857,25811853076941608055270457512038717433705462539422789705262203111341130500857,QmVXQ1ap1d39qpeozHhS385tePM96uRrVsgPQfmqJkooku,ops/cdn-retirement-phase2/step3/v3-docs/0x2a86c5466f088caebf94e071a77669bae371cd87/25811853076941608055270457512038717433705462539422789705262203111341130500857.json
0x2a86c5466f088caebf94e071a77669bae371cd87,98,25811853076941608055270457512038717433705462539422789705262203111341130500858,25811853076941608055270457512038717433705462539422789705262203111341130500858,QmZNyuMHTNjJe9ZYNyM6ZpPG9tL4ZKeTRQuaVVK3gnbAA2,ops/cdn-retirement-phase2/step3/v3-docs/0x2a86c5466f088caebf94e071a77669bae371cd87/25811853076941608055270457512038717433705462539422789705262203111341130500858.json
0x2a86c5466f088caebf94e071a77669bae371cd87,99,25811853076941608055270457512038717433705462539422789705262203111341130500859,25811853076941608055270457512038717433705462539422789705262203111341130500859,QmaUbL92NUyr9XvBUBADubvtdXUgRExiyYEagzYndbMa3J,ops/cdn-retirement-phase2/step3/v3-docs/0x2a86c5466f088caebf94e071a77669bae371cd87/25811853076941608055270457512038717433705462539422789705262203111341130500859.json
0x6003994adeca13407e8dbee808280cc3ef2ab820,0,100892839160060167571202380200459532184539179465012354262131066914373071764417,100892839160060167571202380200459532184539179465012354262131066914373071764417,QmbnJCb4jwmM7S6EdzApxAXqTcYVL398ZagB2zSQsXnrQs,ops/cdn-retirement-phase2/step3/v3-docs/0x6003994adeca13407e8dbee808280cc3ef2ab820/100892839160060167571202380200459532184539179465012354262131066914373071764417.json
0x6003994adeca13407e8dbee808280cc3ef2ab820,0,19926596094255126125166421402975005060328841433878809074115704782911025446719,19926596094255126125166421402975005060328841433878809074115704782911025446719,QmZrnYsAQVbQuMWSmhSAPWn4PQ4TZq9sNJcXwUVXbj4BkQ,ops/cdn-retirement-phase2/step3/v3-docs/0x6003994adeca13407e8dbee808280cc3ef2ab820/19926596094255126125166421402975005060328841433878809074115704782911025446719.json
0x6003994adeca13407e8dbee808280cc3ef2ab820,0,31407201287127526542816856047451791715680458487654720084356565537967265406231,31407201287127526542816856047451791715680458487654720084356565537967265406231,QmcavQEMd5rG6Xch4ymTtDRCjZU658Vc2NUzxsgBgB4CYk,ops/cdn-retirement-phase2/step3/v3-docs/0x6003994adeca13407e8dbee808280cc3ef2ab820/31407201287127526542816856047451791715680458487654720084356565537967265406231.json
0x6003994adeca13407e8dbee808280cc3ef2ab820,0,43812773355323655352919296225043877433270052855456306374873853632824884117360,43812773355323655352919296225043877433270052855456306374873853632824884117360,QmQGB5CAiFbgCFsvFzY1xJwrejLBc64kYyqCR1sxfEMUNp,ops/cdn-retirement-phase2/step3/v3-docs/0x6003994adeca13407e8dbee808280cc3ef2ab820/43812773355323655352919296225043877433270052855456306374873853632824884117360.json
0x6003994adeca13407e8dbee808280cc3ef2ab820,0,57129125216325247059066131395135709425197979245094347477997960213448800830459,57129125216325247059066131395135709425197979245094347477997960213448800830459,QmNhBSPbjQMzXjS6WHxm1Bfh9UK8r1Kmshq6N8YJmsnaW5,ops/cdn-retirement-phase2/step3/v3-docs/0x6003994adeca13407e8dbee808280cc3ef2ab820/57129125216325247059066131395135709425197979245094347477997960213448800830459.json
0x6003994adeca13407e8dbee808280cc3ef2ab820,0,62186715774995435029814843775832455593531258371274455388532309026170987997016,62186715774995435029814843775832455593531258371274455388532309026170987997016,QmUG6WnPCcF84n8FEzxER3dSGvf9Uv6GgxRKavT9a1zto1,ops/cdn-retirement-phase2/step3/v3-docs/0x6003994adeca13407e8dbee808280cc3ef2ab820/62186715774995435029814843775832455593531258371274455388532309026170987997016.json
0x6003994adeca13407e8dbee808280cc3ef2ab820,0,89391130809448363084087070038276728334099349534674600029855304563645247032792,89391130809448363084087070038276728334099349534674600029855304563645247032792,QmaLtrHHJPfmYDoAuKiDCWxUnkiGjDa3ayi38PdhprV8Bf,ops/cdn-retirement-phase2/step3/v3-docs/0x6003994adeca13407e8dbee808280cc3ef2ab820/89391130809448363084087070038276728334099349534674600029855304563645247032792.json
0x6003994adeca13407e8dbee808280cc3ef2ab820,0,95719868769968552594329151316256029294014863017036376334895531914236467560112,95719868769968552594329151316256029294014863017036376334895531914236467560112,QmTTwmfLU2rDPpqrwtPSDoFe1rRbvvp1eEXGYHLiD66NWV,ops/cdn-retirement-phase2/step3/v3-docs/0x6003994adeca13407e8dbee808280cc3ef2ab820/95719868769968552594329151316256029294014863017036376334895531914236467560112.json
0x6003994adeca13407e8dbee808280cc3ef2ab820,1,100892839160060167571202380200459532184539179465012354262131066914373071764418,100892839160060167571202380200459532184539179465012354262131066914373071764418,QmVa23fdwFqnr1ve22S7PbT1MnW36CTDYtv551JzGiBKt3,ops/cdn-retirement-phase2/step3/v3-docs/0x6003994adeca13407e8dbee808280cc3ef2ab820/100892839160060167571202380200459532184539179465012354262131066914373071764418.json
0x6003994adeca13407e8dbee808280cc3ef2ab820,1,43812773355323655352919296225043877433270052855456306374873853632824884117361,43812773355323655352919296225043877433270052855456306374873853632824884117361,QmUdLCbk6To5ixbfAjYBDKZ3y4onRVT6NrymD5JumuvfFx,ops/cdn-retirement-phase2/step3/v3-docs/0x6003994adeca13407e8dbee808280cc3ef2ab820/43812773355323655352919296225043877433270052855456306374873853632824884117361.json
0x6003994adeca13407e8dbee808280cc3ef2ab820,1,57129125216325247059066131395135709425197979245094347477997960213448800830460,57129125216325247059066131395135709425197979245094347477997960213448800830460,QmWSU8QUZhvuwdPTVFkpZqGSrMJfdA9Ln4KV2HHMaBPJnR,ops/cdn-retirement-phase2/step3/v3-docs/0x6003994adeca13407e8dbee808280cc3ef2ab820/57129125216325247059066131395135709425197979245094347477997960213448800830460.json
0x6003994adeca13407e8dbee808280cc3ef2ab820,1,62186715774995435029814843775832455593531258371274455388532309026170987997017,62186715774995435029814843775832455593531258371274455388532309026170987997017,QmeLZCxqXucExc9hViigSn4cycZ9keTGWo1E1oxUjgwSt4,ops/cdn-retirement-phase2/step3/v3-docs/0x6003994adeca13407e8dbee808280cc3ef2ab820/62186715774995435029814843775832455593531258371274455388532309026170987997017.json
0x6003994adeca13407e8dbee808280cc3ef2ab820,1,89391130809448363084087070038276728334099349534674600029855304563645247032793,89391130809448363084087070038276728334099349534674600029855304563645247032793,QmSzdoDbzLdfx6gUaAK6jHbSafssJHft6WPBxTo84EL1tK,ops/cdn-retirement-phase2/step3/v3-docs/0x6003994adeca13407e8dbee808280cc3ef2ab820/89391130809448363084087070038276728334099349534674600029855304563645247032793.json
0x6003994adeca13407e8dbee808280cc3ef2ab820,1,95719868769968552594329151316256029294014863017036376334895531914236467560113,95719868769968552594329151316256029294014863017036376334895531914236467560113,QmRbs6TmtNVES5HJmxShu6ZR4Mx7WtEBF4BaGhQQ7wsABi,ops/cdn-retirement-phase2/step3/v3-docs/0x6003994adeca13407e8dbee808280cc3ef2ab820/95719868769968552594329151316256029294014863017036376334895531914236467560113.json
0x6003994adeca13407e8dbee808280cc3ef2ab820,10,57129125216325247059066131395135709425197979245094347477997960213448800830469,57129125216325247059066131395135709425197979245094347477997960213448800830469,QmWWdSbQQRpQkjzP12cpXR3Z6gNjHvoPNkh4MzqwdTdWvP,ops/cdn-retirement-phase2/step3/v3-docs/0x6003994adeca13407e8dbee808280cc3ef2ab820/57129125216325247059066131395135709425197979245094347477997960213448800830469.json
0x6003994adeca13407e8dbee808280cc3ef2ab820,10,95719868769968552594329151316256029294014863017036376334895531914236467560122,95719868769968552594329151316256029294014863017036376334895531914236467560122,Qmeam6ng5W3Gn5SPCDmm4KFeWcFTtnXvs3ZLPw9Sacq4db,ops/cdn-retirement-phase2/step3/v3-docs/0x6003994adeca13407e8dbee808280cc3ef2ab820/95719868769968552594329151316256029294014863017036376334895531914236467560122.json
0x6003994adeca13407e8dbee808280cc3ef2ab820,100,57129125216325247059066131395135709425197979245094347477997960213448800830559,57129125216325247059066131395135709425197979245094347477997960213448800830559,QmTtEeQU7LAruCDhp1YWaTfmviDizsQpotZTgsP2u7kkjs,ops/cdn-retirement-phase2/step3/v3-docs/0x6003994adeca13407e8dbee808280cc3ef2ab820/57129125216325247059066131395135709425197979245094347477997960213448800830559.json
0x6003994adeca13407e8dbee808280cc3ef2ab820,101,57129125216325247059066131395135709425197979245094347477997960213448800830560,57129125216325247059066131395135709425197979245094347477997960213448800830560,QmYFEL3icryb9Tn1ivByARYbt472qJ2t6SJbpuYPHY34fJ,ops/cdn-retirement-phase2/step3/v3-docs/0x6003994adeca13407e8dbee808280cc3ef2ab820/57129125216325247059066131395135709425197979245094347477997960213448800830560.json
0x6003994adeca13407e8dbee808280cc3ef2ab820,102,57129125216325247059066131395135709425197979245094347477997960213448800830561,57129125216325247059066131395135709425197979245094347477997960213448800830561,QmUVEHQJr9ECaSaSym5y6xQAbFkd888XKs4JddxBa4f7tX,ops/cdn-retirement-phase2/step3/v3-docs/0x6003994adeca13407e8dbee808280cc3ef2ab820/57129125216325247059066131395135709425197979245094347477997960213448800830561.json
0x6003994adeca13407e8dbee808280cc3ef2ab820,103,57129125216325247059066131395135709425197979245094347477997960213448800830562,57129125216325247059066131395135709425197979245094347477997960213448800830562,QmPi1Xe4drrBta6Hzx7CU9osfED395r6xEkhC9EXSEWLFE,ops/cdn-retirement-phase2/step3/v3-docs/0x6003994adeca13407e8dbee808280cc3ef2ab820/57129125216325247059066131395135709425197979245094347477997960213448800830562.json
0x6003994adeca13407e8dbee808280cc3ef2ab820,104,57129125216325247059066131395135709425197979245094347477997960213448800830563,57129125216325247059066131395135709425197979245094347477997960213448800830563,QmdkeN7jtCKVwmnKSErjCfai96auEAoBEBTMpTJ8M9yGpw,ops/cdn-retirement-phase2/step3/v3-docs/0x6003994adeca13407e8dbee808280cc3ef2ab820/57129125216325247059066131395135709425197979245094347477997960213448800830563.json
0x6003994adeca13407e8dbee808280cc3ef2ab820,105,57129125216325247059066131395135709425197979245094347477997960213448800830564,57129125216325247059066131395135709425197979245094347477997960213448800830564,QmTMu8NeDSSwtfwjKqjV27eZfuRBdmJNTdBQkzEDjqehqX,ops/cdn-retirement-phase2/step3/v3-docs/0x6003994adeca13407e8dbee808280cc3ef2ab820/57129125216325247059066131395135709425197979245094347477997960213448800830564.json
0x6003994adeca13407e8dbee808280cc3ef2ab820,106,57129125216325247059066131395135709425197979245094347477997960213448800830565,57129125216325247059066131395135709425197979245094347477997960213448800830565,QmRGt1d5HA4ct3wvGNAsBCqKg3t3XpGx8KhkajNJcGetNt,ops/cdn-retirement-phase2/step3/v3-docs/0x6003994adeca13407e8dbee808280cc3ef2ab820/57129125216325247059066131395135709425197979245094347477997960213448800830565.json
0x6003994adeca13407e8dbee808280cc3ef2ab820,107,57129125216325247059066131395135709425197979245094347477997960213448800830566,57129125216325247059066131395135709425197979245094347477997960213448800830566,QmVxdgcvuUBcN9XrQB38GffUcnLSMZpSUSUAx7n6YAGSVF,ops/cdn-retirement-phase2/step3/v3-docs/0x6003994adeca13407e8dbee808280cc3ef2ab820/57129125216325247059066131395135709425197979245094347477997960213448800830566.json
0x6003994adeca13407e8dbee808280cc3ef2ab820,108,57129125216325247059066131395135709425197979245094347477997960213448800830567,57129125216325247059066131395135709425197979245094347477997960213448800830567,QmNytyRmKiwL27Y3kL61KTsHeBqfcz617kL9Pvrip2SFzz,ops/cdn-retirement-phase2/step3/v3-docs/0x6003994adeca13407e8dbee808280cc3ef2ab820/57129125216325247059066131395135709425197979245094347477997960213448800830567.json
0x6003994adeca13407e8dbee808280cc3ef2ab820,109,57129125216325247059066131395135709425197979245094347477997960213448800830568,57129125216325247059066131395135709425197979245094347477997960213448800830568,QmcycsXgwPZK87C358tqwpNgg8wc7bGUbUV1A5WBKGv3nT,ops/cdn-retirement-phase2/step3/v3-docs/0x6003994adeca13407e8dbee808280cc3ef2ab820/57129125216325247059066131395135709425197979245094347477997960213448800830568.json
0x6003994adeca13407e8dbee808280cc3ef2ab820,11,57129125216325247059066131395135709425197979245094347477997960213448800830470,57129125216325247059066131395135709425197979245094347477997960213448800830470,Qmc1ZXC8UzyMzfP8c7djxJg1bZvGuuxS6GYJ6tZCR2psqh,ops/cdn-retirement-phase2/step3/v3-docs/0x6003994adeca13407e8dbee808280cc3ef2ab820/57129125216325247059066131395135709425197979245094347477997960213448800830470.json
0x6003994adeca13407e8dbee808280cc3ef2ab820,11,95719868769968552594329151316256029294014863017036376334895531914236467560123,95719868769968552594329151316256029294014863017036376334895531914236467560123,QmTEtbzqBgnX2cqtZ3BQEZS5qMAVraY9KRRBsH8USheeTc,ops/cdn-retirement-phase2/step3/v3-docs/0x6003994adeca13407e8dbee808280cc3ef2ab820/95719868769968552594329151316256029294014863017036376334895531914236467560123.json
0x6003994adeca13407e8dbee808280cc3ef2ab820,110,57129125216325247059066131395135709425197979245094347477997960213448800830569,57129125216325247059066131395135709425197979245094347477997960213448800830569,QmNYsFxLvmScoh4wsmGx3cHSNPPRNSkMCQQingqm27zqXR,ops/cdn-retirement-phase2/step3/v3-docs/0x6003994adeca13407e8dbee808280cc3ef2ab820/57129125216325247059066131395135709425197979245094347477997960213448800830569.json
0x6003994adeca13407e8dbee808280cc3ef2ab820,111,57129125216325247059066131395135709425197979245094347477997960213448800830570,57129125216325247059066131395135709425197979245094347477997960213448800830570,QmfHfBH7fD9hpbQjTwbsHRndex5c7BzBWvuWPZWzXb8Uuy,ops/cdn-retirement-phase2/step3/v3-docs/0x6003994adeca13407e8dbee808280cc3ef2ab820/57129125216325247059066131395135709425197979245094347477997960213448800830570.json
0x6003994adeca13407e8dbee808280cc3ef2ab820,112,57129125216325247059066131395135709425197979245094347477997960213448800830571,57129125216325247059066131395135709425197979245094347477997960213448800830571,QmSNDyo7ZXCus4tenFJpL6hZMgfKQ4ZETmWRhxBB7HCzRi,ops/cdn-retirement-phase2/step3/v3-docs/0x6003994adeca13407e8dbee808280cc3ef2ab820/57129125216325247059066131395135709425197979245094347477997960213448800830571.json
0x6003994adeca13407e8dbee808280cc3ef2ab820,113,57129125216325247059066131395135709425197979245094347477997960213448800830572,57129125216325247059066131395135709425197979245094347477997960213448800830572,QmXRgbjsBzYY3cw15waQLeoqYbMJDgpCaPoeR8Pet43rTH,ops/cdn-retirement-phase2/step3/v3-docs/0x6003994adeca13407e8dbee808280cc3ef2ab820/57129125216325247059066131395135709425197979245094347477997960213448800830572.json
0x6003994adeca13407e8dbee808280cc3ef2ab820,114,57129125216325247059066131395135709425197979245094347477997960213448800830573,57129125216325247059066131395135709425197979245094347477997960213448800830573,QmXGzeXko8dFbpZWHXmEFRRPMWwtiU47Gdz2PmRFefkHfF,ops/cdn-retirement-phase2/step3/v3-docs/0x6003994adeca13407e8dbee808280cc3ef2ab820/57129125216325247059066131395135709425197979245094347477997960213448800830573.json
0x6003994adeca13407e8dbee808280cc3ef2ab820,115,57129125216325247059066131395135709425197979245094347477997960213448800830574,57129125216325247059066131395135709425197979245094347477997960213448800830574,Qma3J9j5XjGk5tkjvAezPmu1crdtQxXvmKXMToK5jjD4Qs,ops/cdn-retirement-phase2/step3/v3-docs/0x6003994adeca13407e8dbee808280cc3ef2ab820/57129125216325247059066131395135709425197979245094347477997960213448800830574.json
0x6003994adeca13407e8dbee808280cc3ef2ab820,116,57129125216325247059066131395135709425197979245094347477997960213448800830575,57129125216325247059066131395135709425197979245094347477997960213448800830575,QmRKf9xwEDyfNCocpfpQAXgERjzwUpNyq36QNrjhQTuUuD,ops/cdn-retirement-phase2/step3/v3-docs/0x6003994adeca13407e8dbee808280cc3ef2ab820/57129125216325247059066131395135709425197979245094347477997960213448800830575.json
0x6003994adeca13407e8dbee808280cc3ef2ab820,117,57129125216325247059066131395135709425197979245094347477997960213448800830576,57129125216325247059066131395135709425197979245094347477997960213448800830576,Qma8hYoMoQAbQqgLJFfDwqT8p6V31kbhkJQo3hxwNAfns6,ops/cdn-retirement-phase2/step3/v3-docs/0x6003994adeca13407e8dbee808280cc3ef2ab820/57129125216325247059066131395135709425197979245094347477997960213448800830576.json
0x6003994adeca13407e8dbee808280cc3ef2ab820,118,57129125216325247059066131395135709425197979245094347477997960213448800830577,57129125216325247059066131395135709425197979245094347477997960213448800830577,QmZrrUTqSMht9RU3Uo5Es5FLrMdzMD3bevp2xcPnQVLWSK,ops/cdn-retirement-phase2/step3/v3-docs/0x6003994adeca13407e8dbee808280cc3ef2ab820/57129125216325247059066131395135709425197979245094347477997960213448800830577.json
0x6003994adeca13407e8dbee808280cc3ef2ab820,119,57129125216325247059066131395135709425197979245094347477997960213448800830578,57129125216325247059066131395135709425197979245094347477997960213448800830578,QmXZXQ6ZvWrwgpAgZKGi56v6hSVCektJJWgMuh6gZXsuM3,ops/cdn-retirement-phase2/step3/v3-docs/0x6003994adeca13407e8dbee808280cc3ef2ab820/57129125216325247059066131395135709425197979245094347477997960213448800830578.json
0x6003994adeca13407e8dbee808280cc3ef2ab820,12,57129125216325247059066131395135709425197979245094347477997960213448800830471,57129125216325247059066131395135709425197979245094347477997960213448800830471,QmcjUiHQuHKGE8Q9TgEQKdVf1pBbUmAZBu4fv62anvX5uJ,ops/cdn-retirement-phase2/step3/v3-docs/0x6003994adeca13407e8dbee808280cc3ef2ab820/57129125216325247059066131395135709425197979245094347477997960213448800830471.json
0x6003994adeca13407e8dbee808280cc3ef2ab820,120,57129125216325247059066131395135709425197979245094347477997960213448800830579,57129125216325247059066131395135709425197979245094347477997960213448800830579,QmdkXoQWZcFTtixkSw2gM2qV2KAqDvRXYkFXiBjTep13hb,ops/cdn-retirement-phase2/step3/v3-docs/0x6003994adeca13407e8dbee808280cc3ef2ab820/57129125216325247059066131395135709425197979245094347477997960213448800830579.json
0x6003994adeca13407e8dbee808280cc3ef2ab820,121,57129125216325247059066131395135709425197979245094347477997960213448800830580,57129125216325247059066131395135709425197979245094347477997960213448800830580,QmXZKAmZtRZX9F6jjTZch5C8gVSCu6JYXv46eY5ygLwEYD,ops/cdn-retirement-phase2/step3/v3-docs/0x6003994adeca13407e8dbee808280cc3ef2ab820/57129125216325247059066131395135709425197979245094347477997960213448800830580.json
0x6003994adeca13407e8dbee808280cc3ef2ab820,122,57129125216325247059066131395135709425197979245094347477997960213448800830581,57129125216325247059066131395135709425197979245094347477997960213448800830581,QmbRCpe3WNDh8k3HjQfaFg8d7yDG9zjKmhqk6r7RorRfG6,ops/cdn-retirement-phase2/step3/v3-docs/0x6003994adeca13407e8dbee808280cc3ef2ab820/57129125216325247059066131395135709425197979245094347477997960213448800830581.json
0x6003994adeca13407e8dbee808280cc3ef2ab820,123,57129125216325247059066131395135709425197979245094347477997960213448800830582,57129125216325247059066131395135709425197979245094347477997960213448800830582,QmdfFwz7SGQk2ySs5K29KvTqgzreSit3TTxLMfNfH3Stw7,ops/cdn-retirement-phase2/step3/v3-docs/0x6003994adeca13407e8dbee808280cc3ef2ab820/57129125216325247059066131395135709425197979245094347477997960213448800830582.json
0x6003994adeca13407e8dbee808280cc3ef2ab820,124,57129125216325247059066131395135709425197979245094347477997960213448800830583,57129125216325247059066131395135709425197979245094347477997960213448800830583,QmYCBuCzVZgND1ivDwY4izVfWqZah7beq6xnJFF3Q6xzeg,ops/cdn-retirement-phase2/step3/v3-docs/0x6003994adeca13407e8dbee808280cc3ef2ab820/57129125216325247059066131395135709425197979245094347477997960213448800830583.json
0x6003994adeca13407e8dbee808280cc3ef2ab820,125,57129125216325247059066131395135709425197979245094347477997960213448800830584,57129125216325247059066131395135709425197979245094347477997960213448800830584,QmaQtKrDyvugb92RwFKqAVW1DwJCaCRTRn2B67o21gf3Sw,ops/cdn-retirement-phase2/step3/v3-docs/0x6003994adeca13407e8dbee808280cc3ef2ab820/57129125216325247059066131395135709425197979245094347477997960213448800830584.json
0x6003994adeca13407e8dbee808280cc3ef2ab820,126,57129125216325247059066131395135709425197979245094347477997960213448800830585,57129125216325247059066131395135709425197979245094347477997960213448800830585,Qmbb5mzap6GXU1xH3YcJhv4Tp8UNsdvTFHcx3i6wGdQcPV,ops/cdn-retirement-phase2/step3/v3-docs/0x6003994adeca13407e8dbee808280cc3ef2ab820/57129125216325247059066131395135709425197979245094347477997960213448800830585.json
0x6003994adeca13407e8dbee808280cc3ef2ab820,127,57129125216325247059066131395135709425197979245094347477997960213448800830586,57129125216325247059066131395135709425197979245094347477997960213448800830586,Qmek2tCqpd6u6CpnbFmWr58N7o35wUdDZmMBMT1xYJx63A,ops/cdn-retirement-phase2/step3/v3-docs/0x6003994adeca13407e8dbee808280cc3ef2ab820/57129125216325247059066131395135709425197979245094347477997960213448800830586.json
0x6003994adeca13407e8dbee808280cc3ef2ab820,128,57129125216325247059066131395135709425197979245094347477997960213448800830587,57129125216325247059066131395135709425197979245094347477997960213448800830587,QmWstC8erRZB4uick64B4kfwzE2EXtP3vqQUVxPscVq2jJ,ops/cdn-retirement-phase2/step3/v3-docs/0x6003994adeca13407e8dbee808280cc3ef2ab820/57129125216325247059066131395135709425197979245094347477997960213448800830587.json
0x6003994adeca13407e8dbee808280cc3ef2ab820,129,57129125216325247059066131395135709425197979245094347477997960213448800830588,57129125216325247059066131395135709425197979245094347477997960213448800830588,QmT5QdKAyyYfFRbJt54Ln9dxJae41YxZp2CpA9qtjypBi7,ops/cdn-retirement-phase2/step3/v3-docs/0x6003994adeca13407e8dbee808280cc3ef2ab820/57129125216325247059066131395135709425197979245094347477997960213448800830588.json
0x6003994adeca13407e8dbee808280cc3ef2ab820,13,57129125216325247059066131395135709425197979245094347477997960213448800830472,57129125216325247059066131395135709425197979245094347477997960213448800830472,QmcYGUNC8QXSkLDiuWiMd8XydCGUEP2VjHw85kpwiSidpy,ops/cdn-retirement-phase2/step3/v3-docs/0x6003994adeca13407e8dbee808280cc3ef2ab820/57129125216325247059066131395135709425197979245094347477997960213448800830472.json
0x6003994adeca13407e8dbee808280cc3ef2ab820,130,57129125216325247059066131395135709425197979245094347477997960213448800830589,57129125216325247059066131395135709425197979245094347477997960213448800830589,QmP3TNUxEvw6fzGkT8eMRCzgRhv7se2euC9gdDSB7yB33B,ops/cdn-retirement-phase2/step3/v3-docs/0x6003994adeca13407e8dbee808280cc3ef2ab820/57129125216325247059066131395135709425197979245094347477997960213448800830589.json
0x6003994adeca13407e8dbee808280cc3ef2ab820,131,57129125216325247059066131395135709425197979245094347477997960213448800830590,57129125216325247059066131395135709425197979245094347477997960213448800830590,QmZGkTL2aoicusQXr1onNzM49x92WixNyRmx8TvMkwBGTG,ops/cdn-retirement-phase2/step3/v3-docs/0x6003994adeca13407e8dbee808280cc3ef2ab820/57129125216325247059066131395135709425197979245094347477997960213448800830590.json
0x6003994adeca13407e8dbee808280cc3ef2ab820,132,57129125216325247059066131395135709425197979245094347477997960213448800830591,57129125216325247059066131395135709425197979245094347477997960213448800830591,QmZbsgkvtHuKzUgj6pTyDtxA9CYujnaPCAGipUD6wfABjt,ops/cdn-retirement-phase2/step3/v3-docs/0x6003994adeca13407e8dbee808280cc3ef2ab820/57129125216325247059066131395135709425197979245094347477997960213448800830591.json
0x6003994adeca13407e8dbee808280cc3ef2ab820,133,57129125216325247059066131395135709425197979245094347477997960213448800830592,57129125216325247059066131395135709425197979245094347477997960213448800830592,QmVVubT2Be6PhJLZxE34datau2my49PrKtNom3oq2NN2xY,ops/cdn-retirement-phase2/step3/v3-docs/0x6003994adeca13407e8dbee808280cc3ef2ab820/57129125216325247059066131395135709425197979245094347477997960213448800830592.json
0x6003994adeca13407e8dbee808280cc3ef2ab820,134,57129125216325247059066131395135709425197979245094347477997960213448800830593,57129125216325247059066131395135709425197979245094347477997960213448800830593,QmZBmW4texbD5mf3kTsp3J44bhc8p2jyhuHPwrdZJn8NBA,ops/cdn-retirement-phase2/step3/v3-docs/0x6003994adeca13407e8dbee808280cc3ef2ab820/57129125216325247059066131395135709425197979245094347477997960213448800830593.json
0x6003994adeca13407e8dbee808280cc3ef2ab820,135,57129125216325247059066131395135709425197979245094347477997960213448800830594,57129125216325247059066131395135709425197979245094347477997960213448800830594,QmYSzKTPh3TYBjhTy54eVJ7yecPbGXofzCkMBK72mAE6eq,ops/cdn-retirement-phase2/step3/v3-docs/0x6003994adeca13407e8dbee808280cc3ef2ab820/57129125216325247059066131395135709425197979245094347477997960213448800830594.json
0x6003994adeca13407e8dbee808280cc3ef2ab820,136,57129125216325247059066131395135709425197979245094347477997960213448800830595,57129125216325247059066131395135709425197979245094347477997960213448800830595,QmRyXFUwJPQtuRBXa73C4qbb2Q7BivVukGgdQeVSzvrwJ8,ops/cdn-retirement-phase2/step3/v3-docs/0x6003994adeca13407e8dbee808280cc3ef2ab820/57129125216325247059066131395135709425197979245094347477997960213448800830595.json
0x6003994adeca13407e8dbee808280cc3ef2ab820,137,57129125216325247059066131395135709425197979245094347477997960213448800830596,57129125216325247059066131395135709425197979245094347477997960213448800830596,QmWB5drTxUwatjzQrk3RgFHABjfKrwgVecghCmuBybqsEZ,ops/cdn-retirement-phase2/step3/v3-docs/0x6003994adeca13407e8dbee808280cc3ef2ab820/57129125216325247059066131395135709425197979245094347477997960213448800830596.json
0x6003994adeca13407e8dbee808280cc3ef2ab820,138,57129125216325247059066131395135709425197979245094347477997960213448800830597,57129125216325247059066131395135709425197979245094347477997960213448800830597,QmZuimnfe6mKAy3Zby17F89h54g8U2M39RdawTTZecByT5,ops/cdn-retirement-phase2/step3/v3-docs/0x6003994adeca13407e8dbee808280cc3ef2ab820/57129125216325247059066131395135709425197979245094347477997960213448800830597.json
0x6003994adeca13407e8dbee808280cc3ef2ab820,139,57129125216325247059066131395135709425197979245094347477997960213448800830598,57129125216325247059066131395135709425197979245094347477997960213448800830598,Qmf4dhin5rMso1gfA9poHnmcLdkeCBTgz3h8Noi7SPnJJ2,ops/cdn-retirement-phase2/step3/v3-docs/0x6003994adeca13407e8dbee808280cc3ef2ab820/57129125216325247059066131395135709425197979245094347477997960213448800830598.json
0x6003994adeca13407e8dbee808280cc3ef2ab820,14,57129125216325247059066131395135709425197979245094347477997960213448800830473,57129125216325247059066131395135709425197979245094347477997960213448800830473,Qmc2oN3XCLByqmbGqvxusc5mUtjwmE31Dx3APfT7W6rB6y,ops/cdn-retirement-phase2/step3/v3-docs/0x6003994adeca13407e8dbee808280cc3ef2ab820/57129125216325247059066131395135709425197979245094347477997960213448800830473.json
0x6003994adeca13407e8dbee808280cc3ef2ab820,140,57129125216325247059066131395135709425197979245094347477997960213448800830599,57129125216325247059066131395135709425197979245094347477997960213448800830599,QmXRrdc1p4QHDXQSB2ewjzYXUsLMFv5QCRCtaJUVSkfc2s,ops/cdn-retirement-phase2/step3/v3-docs/0x6003994adeca13407e8dbee808280cc3ef2ab820/57129125216325247059066131395135709425197979245094347477997960213448800830599.json
0x6003994adeca13407e8dbee808280cc3ef2ab820,141,57129125216325247059066131395135709425197979245094347477997960213448800830600,57129125216325247059066131395135709425197979245094347477997960213448800830600,QmWcGGMPH8cC69ZJREUJURXAUQQDhaGb1Tpi3PSroyFo3g,ops/cdn-retirement-phase2/step3/v3-docs/0x6003994adeca13407e8dbee808280cc3ef2ab820/57129125216325247059066131395135709425197979245094347477997960213448800830600.json
0x6003994adeca13407e8dbee808280cc3ef2ab820,142,57129125216325247059066131395135709425197979245094347477997960213448800830601,57129125216325247059066131395135709425197979245094347477997960213448800830601,QmVe8RUvMb7Ex1i8uuBYFEBzXuMYzjnQ5rJfVvY6UHR4Qk,ops/cdn-retirement-phase2/step3/v3-docs/0x6003994adeca13407e8dbee808280cc3ef2ab820/57129125216325247059066131395135709425197979245094347477997960213448800830601.json
0x6003994adeca13407e8dbee808280cc3ef2ab820,143,57129125216325247059066131395135709425197979245094347477997960213448800830602,57129125216325247059066131395135709425197979245094347477997960213448800830602,QmajW5armXk8PA2bzrCyuWhs2t76cbmPzNBroLHyPbjwL3,ops/cdn-retirement-phase2/step3/v3-docs/0x6003994adeca13407e8dbee808280cc3ef2ab820/57129125216325247059066131395135709425197979245094347477997960213448800830602.json
0x6003994adeca13407e8dbee808280cc3ef2ab820,144,57129125216325247059066131395135709425197979245094347477997960213448800830603,57129125216325247059066131395135709425197979245094347477997960213448800830603,QmYv6B6D8YHAUWrraRvNpWspbmVovKHFo9LccPM3QpCQMQ,ops/cdn-retirement-phase2/step3/v3-docs/0x6003994adeca13407e8dbee808280cc3ef2ab820/57129125216325247059066131395135709425197979245094347477997960213448800830603.json
0x6003994adeca13407e8dbee808280cc3ef2ab820,145,57129125216325247059066131395135709425197979245094347477997960213448800830604,57129125216325247059066131395135709425197979245094347477997960213448800830604,QmSHCrGKriczW9evGiDrmomMVUNysExgUgz9sfnxBZ8ko4,ops/cdn-retirement-phase2/step3/v3-docs/0x6003994adeca13407e8dbee808280cc3ef2ab820/57129125216325247059066131395135709425197979245094347477997960213448800830604.json
0x6003994adeca13407e8dbee808280cc3ef2ab820,146,57129125216325247059066131395135709425197979245094347477997960213448800830605,57129125216325247059066131395135709425197979245094347477997960213448800830605,QmbMnkDMrgeowfCh8QKoirWSX87G5MDS1ZS4BkpXsMRm9w,ops/cdn-retirement-phase2/step3/v3-docs/0x6003994adeca13407e8dbee808280cc3ef2ab820/57129125216325247059066131395135709425197979245094347477997960213448800830605.json
0x6003994adeca13407e8dbee808280cc3ef2ab820,147,57129125216325247059066131395135709425197979245094347477997960213448800830606,57129125216325247059066131395135709425197979245094347477997960213448800830606,QmekpKN13noAVhmsoBhG7dbevjDec4VHFSp4hrip5hxHTV,ops/cdn-retirement-phase2/step3/v3-docs/0x6003994adeca13407e8dbee808280cc3ef2ab820/57129125216325247059066131395135709425197979245094347477997960213448800830606.json
0x6003994adeca13407e8dbee808280cc3ef2ab820,148,57129125216325247059066131395135709425197979245094347477997960213448800830607,57129125216325247059066131395135709425197979245094347477997960213448800830607,QmfNp5u4m7HV4wkZqmuFpjoa5xR5naBuUjPThidcScZVW5,ops/cdn-retirement-phase2/step3/v3-docs/0x6003994adeca13407e8dbee808280cc3ef2ab820/57129125216325247059066131395135709425197979245094347477997960213448800830607.json
0x6003994adeca13407e8dbee808280cc3ef2ab820,149,57129125216325247059066131395135709425197979245094347477997960213448800830608,57129125216325247059066131395135709425197979245094347477997960213448800830608,QmaLySovSjymMxpak7brwJZMnpZmnp2Ye5JUTk4Exg8utv,ops/cdn-retirement-phase2/step3/v3-docs/0x6003994adeca13407e8dbee808280cc3ef2ab820/57129125216325247059066131395135709425197979245094347477997960213448800830608.json
0x6003994adeca13407e8dbee808280cc3ef2ab820,15,57129125216325247059066131395135709425197979245094347477997960213448800830474,57129125216325247059066131395135709425197979245094347477997960213448800830474,QmWGoU2vcKzjPpW7cqhTPKUA9DmQEsWJp7GfyQg2TkKXEc,ops/cdn-retirement-phase2/step3/v3-docs/0x6003994adeca13407e8dbee808280cc3ef2ab820/57129125216325247059066131395135709425197979245094347477997960213448800830474.json
0x6003994adeca13407e8dbee808280cc3ef2ab820,150,57129125216325247059066131395135709425197979245094347477997960213448800830609,57129125216325247059066131395135709425197979245094347477997960213448800830609,QmW7iV4ZEJWyg7hrDygvsotZ6xL1brD2U5RiTkDBgBh26f,ops/cdn-retirement-phase2/step3/v3-docs/0x6003994adeca13407e8dbee808280cc3ef2ab820/57129125216325247059066131395135709425197979245094347477997960213448800830609.json
0x6003994adeca13407e8dbee808280cc3ef2ab820,151,57129125216325247059066131395135709425197979245094347477997960213448800830610,57129125216325247059066131395135709425197979245094347477997960213448800830610,QmXkzdMdzUAGMMJcjqbyUWPJm2DuDPaTiEzYFzaSr9cmNg,ops/cdn-retirement-phase2/step3/v3-docs/0x6003994adeca13407e8dbee808280cc3ef2ab820/57129125216325247059066131395135709425197979245094347477997960213448800830610.json
0x6003994adeca13407e8dbee808280cc3ef2ab820,152,57129125216325247059066131395135709425197979245094347477997960213448800830611,57129125216325247059066131395135709425197979245094347477997960213448800830611,QmcYARtresHRgmvfbX9qMjPzBiF5vjkvtoxRzHf2ndGh5r,ops/cdn-retirement-phase2/step3/v3-docs/0x6003994adeca13407e8dbee808280cc3ef2ab820/57129125216325247059066131395135709425197979245094347477997960213448800830611.json
0x6003994adeca13407e8dbee808280cc3ef2ab820,153,57129125216325247059066131395135709425197979245094347477997960213448800830612,57129125216325247059066131395135709425197979245094347477997960213448800830612,QmasgSJ8DK7e5vLfFj4nGYSLbPuhQPHxfwq6NozVwKDsRJ,ops/cdn-retirement-phase2/step3/v3-docs/0x6003994adeca13407e8dbee808280cc3ef2ab820/57129125216325247059066131395135709425197979245094347477997960213448800830612.json
0x6003994adeca13407e8dbee808280cc3ef2ab820,154,57129125216325247059066131395135709425197979245094347477997960213448800830613,57129125216325247059066131395135709425197979245094347477997960213448800830613,QmNz4wqhWJmBsWcT4wdamWijGEVrXsAiYkLxywwHFz49z6,ops/cdn-retirement-phase2/step3/v3-docs/0x6003994adeca13407e8dbee808280cc3ef2ab820/57129125216325247059066131395135709425197979245094347477997960213448800830613.json
0x6003994adeca13407e8dbee808280cc3ef2ab820,155,57129125216325247059066131395135709425197979245094347477997960213448800830614,57129125216325247059066131395135709425197979245094347477997960213448800830614,QmXTca5TS1JFCU7uSksJ8Yw9FpFaaewv2BLc5DHRhyS9FL,ops/cdn-retirement-phase2/step3/v3-docs/0x6003994adeca13407e8dbee808280cc3ef2ab820/57129125216325247059066131395135709425197979245094347477997960213448800830614.json
0x6003994adeca13407e8dbee808280cc3ef2ab820,16,57129125216325247059066131395135709425197979245094347477997960213448800830475,57129125216325247059066131395135709425197979245094347477997960213448800830475,QmWSrLEq2Mdj4jCUqLkkdpptyHPU1VuSz8UmYpVijH1Sfr,ops/cdn-retirement-phase2/step3/v3-docs/0x6003994adeca13407e8dbee808280cc3ef2ab820/57129125216325247059066131395135709425197979245094347477997960213448800830475.json
0x6003994adeca13407e8dbee808280cc3ef2ab820,17,57129125216325247059066131395135709425197979245094347477997960213448800830476,57129125216325247059066131395135709425197979245094347477997960213448800830476,QmR3159x1snuwvNxJyjJP13fmdTufFS1fHQmzSZhZm6YBy,ops/cdn-retirement-phase2/step3/v3-docs/0x6003994adeca13407e8dbee808280cc3ef2ab820/57129125216325247059066131395135709425197979245094347477997960213448800830476.json
0x6003994adeca13407e8dbee808280cc3ef2ab820,18,57129125216325247059066131395135709425197979245094347477997960213448800830477,57129125216325247059066131395135709425197979245094347477997960213448800830477,QmaUknSkS2EJqEJzGhMfDZwWiuEBYYs4YP24HcmQL7R2ST,ops/cdn-retirement-phase2/step3/v3-docs/0x6003994adeca13407e8dbee808280cc3ef2ab820/57129125216325247059066131395135709425197979245094347477997960213448800830477.json
0x6003994adeca13407e8dbee808280cc3ef2ab820,19,57129125216325247059066131395135709425197979245094347477997960213448800830478,57129125216325247059066131395135709425197979245094347477997960213448800830478,QmSBU3KXgwGQhbw5AjyRk1z93iqzjLRzLKHbLwtoicFkMN,ops/cdn-retirement-phase2/step3/v3-docs/0x6003994adeca13407e8dbee808280cc3ef2ab820/57129125216325247059066131395135709425197979245094347477997960213448800830478.json
0x6003994adeca13407e8dbee808280cc3ef2ab820,2,100892839160060167571202380200459532184539179465012354262131066914373071764419,100892839160060167571202380200459532184539179465012354262131066914373071764419,Qmd43DH37ZJF3YHrjorJE9gLHjaJoy6wk3phajK7imshUz,ops/cdn-retirement-phase2/step3/v3-docs/0x6003994adeca13407e8dbee808280cc3ef2ab820/100892839160060167571202380200459532184539179465012354262131066914373071764419.json
0x6003994adeca13407e8dbee808280cc3ef2ab820,2,43812773355323655352919296225043877433270052855456306374873853632824884117362,43812773355323655352919296225043877433270052855456306374873853632824884117362,QmXxJMrgKLLzc5n2MDcqv5KccjPek7sfVoP2PaDdm6Hb11,ops/cdn-retirement-phase2/step3/v3-docs/0x6003994adeca13407e8dbee808280cc3ef2ab820/43812773355323655352919296225043877433270052855456306374873853632824884117362.json
0x6003994adeca13407e8dbee808280cc3ef2ab820,2,57129125216325247059066131395135709425197979245094347477997960213448800830461,57129125216325247059066131395135709425197979245094347477997960213448800830461,QmS4bxACnnRf4PYUEtvAsqXxuM9bGptHUKJUWd74VPBfkF,ops/cdn-retirement-phase2/step3/v3-docs/0x6003994adeca13407e8dbee808280cc3ef2ab820/57129125216325247059066131395135709425197979245094347477997960213448800830461.json
0x6003994adeca13407e8dbee808280cc3ef2ab820,2,62186715774995435029814843775832455593531258371274455388532309026170987997018,62186715774995435029814843775832455593531258371274455388532309026170987997018,QmZ4CgwdjxP9zthKM2JNuBeRLHAUGVoJheEQu3cahwq7eD,ops/cdn-retirement-phase2/step3/v3-docs/0x6003994adeca13407e8dbee808280cc3ef2ab820/62186715774995435029814843775832455593531258371274455388532309026170987997018.json
0x6003994adeca13407e8dbee808280cc3ef2ab820,2,89391130809448363084087070038276728334099349534674600029855304563645247032794,89391130809448363084087070038276728334099349534674600029855304563645247032794,QmcksL3LaGLJeRUm6vKDCFyz4Xfsec7n93TnFAbAx5nG5n,ops/cdn-retirement-phase2/step3/v3-docs/0x6003994adeca13407e8dbee808280cc3ef2ab820/89391130809448363084087070038276728334099349534674600029855304563645247032794.json
0x6003994adeca13407e8dbee808280cc3ef2ab820,2,95719868769968552594329151316256029294014863017036376334895531914236467560114,95719868769968552594329151316256029294014863017036376334895531914236467560114,Qmcxgmj98Hs4deQZsyw1bCAL7bxCiM3TMDysb3s2ym48SC,ops/cdn-retirement-phase2/step3/v3-docs/0x6003994adeca13407e8dbee808280cc3ef2ab820/95719868769968552594329151316256029294014863017036376334895531914236467560114.json
0x6003994adeca13407e8dbee808280cc3ef2ab820,20,57129125216325247059066131395135709425197979245094347477997960213448800830479,57129125216325247059066131395135709425197979245094347477997960213448800830479,QmcFe9hqP6mxFkQAVS6fV5Ae96uSXtKa5Ju1tVLx2bdFEw,ops/cdn-retirement-phase2/step3/v3-docs/0x6003994adeca13407e8dbee808280cc3ef2ab820/57129125216325247059066131395135709425197979245094347477997960213448800830479.json
0x6003994adeca13407e8dbee808280cc3ef2ab820,21,57129125216325247059066131395135709425197979245094347477997960213448800830480,57129125216325247059066131395135709425197979245094347477997960213448800830480,QmYefFjRuk9TD8x6JRGqB9jBHsubPYKnBusxvRjTcYuVPd,ops/cdn-retirement-phase2/step3/v3-docs/0x6003994adeca13407e8dbee808280cc3ef2ab820/57129125216325247059066131395135709425197979245094347477997960213448800830480.json
0x6003994adeca13407e8dbee808280cc3ef2ab820,22,57129125216325247059066131395135709425197979245094347477997960213448800830481,57129125216325247059066131395135709425197979245094347477997960213448800830481,QmRBKUGwgnA6cudV2qYTM2n4sFrSAaQgTYiQp46m6HPgL9,ops/cdn-retirement-phase2/step3/v3-docs/0x6003994adeca13407e8dbee808280cc3ef2ab820/57129125216325247059066131395135709425197979245094347477997960213448800830481.json
0x6003994adeca13407e8dbee808280cc3ef2ab820,23,57129125216325247059066131395135709425197979245094347477997960213448800830482,57129125216325247059066131395135709425197979245094347477997960213448800830482,QmTvehNUWnY2i6MAy84jQgdTyuevoWtS3ZbBz95DakAxb1,ops/cdn-retirement-phase2/step3/v3-docs/0x6003994adeca13407e8dbee808280cc3ef2ab820/57129125216325247059066131395135709425197979245094347477997960213448800830482.json
0x6003994adeca13407e8dbee808280cc3ef2ab820,24,57129125216325247059066131395135709425197979245094347477997960213448800830483,57129125216325247059066131395135709425197979245094347477997960213448800830483,Qmc9zM2hp5xz6jAan4x4qpjXAwELAHtxoB8XJE8vkNo5fn,ops/cdn-retirement-phase2/step3/v3-docs/0x6003994adeca13407e8dbee808280cc3ef2ab820/57129125216325247059066131395135709425197979245094347477997960213448800830483.json
0x6003994adeca13407e8dbee808280cc3ef2ab820,25,57129125216325247059066131395135709425197979245094347477997960213448800830484,57129125216325247059066131395135709425197979245094347477997960213448800830484,QmcY6mM9TdtRWyY7449zsKKxWszRhGzuE8dBKC4dhGkyJh,ops/cdn-retirement-phase2/step3/v3-docs/0x6003994adeca13407e8dbee808280cc3ef2ab820/57129125216325247059066131395135709425197979245094347477997960213448800830484.json
0x6003994adeca13407e8dbee808280cc3ef2ab820,26,57129125216325247059066131395135709425197979245094347477997960213448800830485,57129125216325247059066131395135709425197979245094347477997960213448800830485,QmdEjuuhnCTT4DkmX7Gw2ZQhVUZTKkZWYbHE8PKs95raUV,ops/cdn-retirement-phase2/step3/v3-docs/0x6003994adeca13407e8dbee808280cc3ef2ab820/57129125216325247059066131395135709425197979245094347477997960213448800830485.json
0x6003994adeca13407e8dbee808280cc3ef2ab820,27,57129125216325247059066131395135709425197979245094347477997960213448800830486,57129125216325247059066131395135709425197979245094347477997960213448800830486,QmS34jhz385ef2FdYiETGR9g3ZmaBzSuHzsuDdwcow5GTP,ops/cdn-retirement-phase2/step3/v3-docs/0x6003994adeca13407e8dbee808280cc3ef2ab820/57129125216325247059066131395135709425197979245094347477997960213448800830486.json
0x6003994adeca13407e8dbee808280cc3ef2ab820,28,57129125216325247059066131395135709425197979245094347477997960213448800830487,57129125216325247059066131395135709425197979245094347477997960213448800830487,QmR7WSzBdBjXm9EC7npLCT2aPqBRfEyJh4LSUeu3grqKDU,ops/cdn-retirement-phase2/step3/v3-docs/0x6003994adeca13407e8dbee808280cc3ef2ab820/57129125216325247059066131395135709425197979245094347477997960213448800830487.json
0x6003994adeca13407e8dbee808280cc3ef2ab820,29,57129125216325247059066131395135709425197979245094347477997960213448800830488,57129125216325247059066131395135709425197979245094347477997960213448800830488,QmRbdgKhQLQmBGMVSDQZpnJASBj2fWvdpHkkcH4kcUSPn4,ops/cdn-retirement-phase2/step3/v3-docs/0x6003994adeca13407e8dbee808280cc3ef2ab820/57129125216325247059066131395135709425197979245094347477997960213448800830488.json
0x6003994adeca13407e8dbee808280cc3ef2ab820,3,57129125216325247059066131395135709425197979245094347477997960213448800830462,57129125216325247059066131395135709425197979245094347477997960213448800830462,QmbDTsa6szNQSzRFk9kfcpaHxjKh7fJY3Ng58owSph5gF6,ops/cdn-retirement-phase2/step3/v3-docs/0x6003994adeca13407e8dbee808280cc3ef2ab820/57129125216325247059066131395135709425197979245094347477997960213448800830462.json
0x6003994adeca13407e8dbee808280cc3ef2ab820,3,95719868769968552594329151316256029294014863017036376334895531914236467560115,95719868769968552594329151316256029294014863017036376334895531914236467560115,QmZLpLuoQp61DkGqaEGrAmDdFbXCy7jLdqXY6tvCQMfXYA,ops/cdn-retirement-phase2/step3/v3-docs/0x6003994adeca13407e8dbee808280cc3ef2ab820/95719868769968552594329151316256029294014863017036376334895531914236467560115.json
0x6003994adeca13407e8dbee808280cc3ef2ab820,30,57129125216325247059066131395135709425197979245094347477997960213448800830489,57129125216325247059066131395135709425197979245094347477997960213448800830489,QmaLYPFqu3nkTMKd3N4kfzLG9VyhyJq9topZzuCvU7Xu6T,ops/cdn-retirement-phase2/step3/v3-docs/0x6003994adeca13407e8dbee808280cc3ef2ab820/57129125216325247059066131395135709425197979245094347477997960213448800830489.json
0x6003994adeca13407e8dbee808280cc3ef2ab820,31,57129125216325247059066131395135709425197979245094347477997960213448800830490,57129125216325247059066131395135709425197979245094347477997960213448800830490,QmUpMC52nqAiQb1wHuXMEvnw28cbhUT6fgCwJSAJYgEHq4,ops/cdn-retirement-phase2/step3/v3-docs/0x6003994adeca13407e8dbee808280cc3ef2ab820/57129125216325247059066131395135709425197979245094347477997960213448800830490.json
0x6003994adeca13407e8dbee808280cc3ef2ab820,32,57129125216325247059066131395135709425197979245094347477997960213448800830491,57129125216325247059066131395135709425197979245094347477997960213448800830491,QmUXh8P6xSVUkGXSoETdiMF36fgZVhYKL2B4Zisk6Y6bYY,ops/cdn-retirement-phase2/step3/v3-docs/0x6003994adeca13407e8dbee808280cc3ef2ab820/57129125216325247059066131395135709425197979245094347477997960213448800830491.json
0x6003994adeca13407e8dbee808280cc3ef2ab820,33,57129125216325247059066131395135709425197979245094347477997960213448800830492,57129125216325247059066131395135709425197979245094347477997960213448800830492,Qmf2H4nieZYxo49eaB5Noyecbx7AYsDQMHXoqD1kMPQgXJ,ops/cdn-retirement-phase2/step3/v3-docs/0x6003994adeca13407e8dbee808280cc3ef2ab820/57129125216325247059066131395135709425197979245094347477997960213448800830492.json
0x6003994adeca13407e8dbee808280cc3ef2ab820,34,57129125216325247059066131395135709425197979245094347477997960213448800830493,57129125216325247059066131395135709425197979245094347477997960213448800830493,Qmez9t681VetAfSduWCfLBeEtWuqXQTRdCF6kFWRuivqXe,ops/cdn-retirement-phase2/step3/v3-docs/0x6003994adeca13407e8dbee808280cc3ef2ab820/57129125216325247059066131395135709425197979245094347477997960213448800830493.json
0x6003994adeca13407e8dbee808280cc3ef2ab820,35,57129125216325247059066131395135709425197979245094347477997960213448800830494,57129125216325247059066131395135709425197979245094347477997960213448800830494,QmV7a4jEeHPgCgQb4E47CAFpg648aLtJn8mdPmYwsWPu7C,ops/cdn-retirement-phase2/step3/v3-docs/0x6003994adeca13407e8dbee808280cc3ef2ab820/57129125216325247059066131395135709425197979245094347477997960213448800830494.json
0x6003994adeca13407e8dbee808280cc3ef2ab820,36,57129125216325247059066131395135709425197979245094347477997960213448800830495,57129125216325247059066131395135709425197979245094347477997960213448800830495,QmfUnSZfapdNpD5Ks7PSQSGdJ6oSCPRvWEuErMhtLAib3R,ops/cdn-retirement-phase2/step3/v3-docs/0x6003994adeca13407e8dbee808280cc3ef2ab820/57129125216325247059066131395135709425197979245094347477997960213448800830495.json
0x6003994adeca13407e8dbee808280cc3ef2ab820,37,57129125216325247059066131395135709425197979245094347477997960213448800830496,57129125216325247059066131395135709425197979245094347477997960213448800830496,QmWCtar4zh7DQHTukPbmf7e9R24iQu8cBXjuUT1b9NYSUp,ops/cdn-retirement-phase2/step3/v3-docs/0x6003994adeca13407e8dbee808280cc3ef2ab820/57129125216325247059066131395135709425197979245094347477997960213448800830496.json
0x6003994adeca13407e8dbee808280cc3ef2ab820,38,57129125216325247059066131395135709425197979245094347477997960213448800830497,57129125216325247059066131395135709425197979245094347477997960213448800830497,QmVMkvUZ9HZkaDhchXkF6Z61bUGiTU8yxguEXoo25wAKwJ,ops/cdn-retirement-phase2/step3/v3-docs/0x6003994adeca13407e8dbee808280cc3ef2ab820/57129125216325247059066131395135709425197979245094347477997960213448800830497.json
0x6003994adeca13407e8dbee808280cc3ef2ab820,39,57129125216325247059066131395135709425197979245094347477997960213448800830498,57129125216325247059066131395135709425197979245094347477997960213448800830498,Qmb6E9WrdTSLa7g8j3uGyV5Vy8qFkhiZwEwCnRWFCZAkSE,ops/cdn-retirement-phase2/step3/v3-docs/0x6003994adeca13407e8dbee808280cc3ef2ab820/57129125216325247059066131395135709425197979245094347477997960213448800830498.json
0x6003994adeca13407e8dbee808280cc3ef2ab820,4,57129125216325247059066131395135709425197979245094347477997960213448800830463,57129125216325247059066131395135709425197979245094347477997960213448800830463,QmeMRhkN7th9qArxM2xYGQGWPA1j8HGo4q84vvaCwPmwpf,ops/cdn-retirement-phase2/step3/v3-docs/0x6003994adeca13407e8dbee808280cc3ef2ab820/57129125216325247059066131395135709425197979245094347477997960213448800830463.json
0x6003994adeca13407e8dbee808280cc3ef2ab820,4,95719868769968552594329151316256029294014863017036376334895531914236467560116,95719868769968552594329151316256029294014863017036376334895531914236467560116,QmdB6ZbPDrwVwHSF8eCptqCi1VngdVedNVkSYpdGDo51AW,ops/cdn-retirement-phase2/step3/v3-docs/0x6003994adeca13407e8dbee808280cc3ef2ab820/95719868769968552594329151316256029294014863017036376334895531914236467560116.json
0x6003994adeca13407e8dbee808280cc3ef2ab820,40,57129125216325247059066131395135709425197979245094347477997960213448800830499,57129125216325247059066131395135709425197979245094347477997960213448800830499,QmXPosUTQPxox2hW5TQiiyzV1A83z7C4QCkfVbBXZaU5Kb,ops/cdn-retirement-phase2/step3/v3-docs/0x6003994adeca13407e8dbee808280cc3ef2ab820/57129125216325247059066131395135709425197979245094347477997960213448800830499.json
0x6003994adeca13407e8dbee808280cc3ef2ab820,41,57129125216325247059066131395135709425197979245094347477997960213448800830500,57129125216325247059066131395135709425197979245094347477997960213448800830500,QmR7YQNGeEMY3RsRiQnRdqKwXKfSAvpxFxkmtCY3Ez5rUv,ops/cdn-retirement-phase2/step3/v3-docs/0x6003994adeca13407e8dbee808280cc3ef2ab820/57129125216325247059066131395135709425197979245094347477997960213448800830500.json
0x6003994adeca13407e8dbee808280cc3ef2ab820,42,57129125216325247059066131395135709425197979245094347477997960213448800830501,57129125216325247059066131395135709425197979245094347477997960213448800830501,QmcyWaegPJaGYEsUWotN1NP2oX2NV8cThobFv99W1HCkzP,ops/cdn-retirement-phase2/step3/v3-docs/0x6003994adeca13407e8dbee808280cc3ef2ab820/57129125216325247059066131395135709425197979245094347477997960213448800830501.json
0x6003994adeca13407e8dbee808280cc3ef2ab820,43,57129125216325247059066131395135709425197979245094347477997960213448800830502,57129125216325247059066131395135709425197979245094347477997960213448800830502,QmVbY3ayLAwXfGNL5TY8jhNeMSP8TQBnvbt8FqXHYg6FPJ,ops/cdn-retirement-phase2/step3/v3-docs/0x6003994adeca13407e8dbee808280cc3ef2ab820/57129125216325247059066131395135709425197979245094347477997960213448800830502.json
0x6003994adeca13407e8dbee808280cc3ef2ab820,44,57129125216325247059066131395135709425197979245094347477997960213448800830503,57129125216325247059066131395135709425197979245094347477997960213448800830503,Qma3gGm8GMCPE6Erdsyb2nokCJBXV5PNZRWoYDpqzCfoNJ,ops/cdn-retirement-phase2/step3/v3-docs/0x6003994adeca13407e8dbee808280cc3ef2ab820/57129125216325247059066131395135709425197979245094347477997960213448800830503.json
0x6003994adeca13407e8dbee808280cc3ef2ab820,45,57129125216325247059066131395135709425197979245094347477997960213448800830504,57129125216325247059066131395135709425197979245094347477997960213448800830504,Qmcz6CfuLHBAdEusAax16M7FJJREn5RyT4m4PyHBhZu48D,ops/cdn-retirement-phase2/step3/v3-docs/0x6003994adeca13407e8dbee808280cc3ef2ab820/57129125216325247059066131395135709425197979245094347477997960213448800830504.json
0x6003994adeca13407e8dbee808280cc3ef2ab820,46,57129125216325247059066131395135709425197979245094347477997960213448800830505,57129125216325247059066131395135709425197979245094347477997960213448800830505,QmbNFafMsdxM3p6Pg9KTvyUPgZ59NFZpoA5f8YpjFpGtEj,ops/cdn-retirement-phase2/step3/v3-docs/0x6003994adeca13407e8dbee808280cc3ef2ab820/57129125216325247059066131395135709425197979245094347477997960213448800830505.json
0x6003994adeca13407e8dbee808280cc3ef2ab820,47,57129125216325247059066131395135709425197979245094347477997960213448800830506,57129125216325247059066131395135709425197979245094347477997960213448800830506,QmYMvgbK3PzzkVnnSbD7aq1YeD1Whv2fBjADyqG3TERSsx,ops/cdn-retirement-phase2/step3/v3-docs/0x6003994adeca13407e8dbee808280cc3ef2ab820/57129125216325247059066131395135709425197979245094347477997960213448800830506.json
0x6003994adeca13407e8dbee808280cc3ef2ab820,48,57129125216325247059066131395135709425197979245094347477997960213448800830507,57129125216325247059066131395135709425197979245094347477997960213448800830507,QmNjU7gGY5HXfQQgdhvPuEcqS2k4iFsbJgNvqP71XLTLRa,ops/cdn-retirement-phase2/step3/v3-docs/0x6003994adeca13407e8dbee808280cc3ef2ab820/57129125216325247059066131395135709425197979245094347477997960213448800830507.json
0x6003994adeca13407e8dbee808280cc3ef2ab820,49,57129125216325247059066131395135709425197979245094347477997960213448800830508,57129125216325247059066131395135709425197979245094347477997960213448800830508,QmeiJEn4KG6cDNidTrBzmmVetMp6u2aSny3MZ9pB1f2KBR,ops/cdn-retirement-phase2/step3/v3-docs/0x6003994adeca13407e8dbee808280cc3ef2ab820/57129125216325247059066131395135709425197979245094347477997960213448800830508.json
0x6003994adeca13407e8dbee808280cc3ef2ab820,5,57129125216325247059066131395135709425197979245094347477997960213448800830464,57129125216325247059066131395135709425197979245094347477997960213448800830464,QmdXFvZjzZ7TeEScaHtwDGoLzUg5R2EpRW6VHdYnZUX3bi,ops/cdn-retirement-phase2/step3/v3-docs/0x6003994adeca13407e8dbee808280cc3ef2ab820/57129125216325247059066131395135709425197979245094347477997960213448800830464.json
0x6003994adeca13407e8dbee808280cc3ef2ab820,5,95719868769968552594329151316256029294014863017036376334895531914236467560117,95719868769968552594329151316256029294014863017036376334895531914236467560117,QmcvAP7XpP7gAm3ByxYdjCP2vQXdHBTqDupUEUFhdziNHS,ops/cdn-retirement-phase2/step3/v3-docs/0x6003994adeca13407e8dbee808280cc3ef2ab820/95719868769968552594329151316256029294014863017036376334895531914236467560117.json
0x6003994adeca13407e8dbee808280cc3ef2ab820,50,57129125216325247059066131395135709425197979245094347477997960213448800830509,57129125216325247059066131395135709425197979245094347477997960213448800830509,Qmcs6u9sT4qkYTqr7fLNkVh2CctNEWGh1cXp5c1mxPJsgw,ops/cdn-retirement-phase2/step3/v3-docs/0x6003994adeca13407e8dbee808280cc3ef2ab820/57129125216325247059066131395135709425197979245094347477997960213448800830509.json
0x6003994adeca13407e8dbee808280cc3ef2ab820,51,57129125216325247059066131395135709425197979245094347477997960213448800830510,57129125216325247059066131395135709425197979245094347477997960213448800830510,QmZ54Feic4PYnQXsCyDVz2vgaJTBTHvz6piknF69Vyf1Bi,ops/cdn-retirement-phase2/step3/v3-docs/0x6003994adeca13407e8dbee808280cc3ef2ab820/57129125216325247059066131395135709425197979245094347477997960213448800830510.json
0x6003994adeca13407e8dbee808280cc3ef2ab820,52,57129125216325247059066131395135709425197979245094347477997960213448800830511,57129125216325247059066131395135709425197979245094347477997960213448800830511,QmYzaHjmTPjaoTLtJuRhG753hcMfdZx456RaBvMAXC6Ja1,ops/cdn-retirement-phase2/step3/v3-docs/0x6003994adeca13407e8dbee808280cc3ef2ab820/57129125216325247059066131395135709425197979245094347477997960213448800830511.json
0x6003994adeca13407e8dbee808280cc3ef2ab820,53,57129125216325247059066131395135709425197979245094347477997960213448800830512,57129125216325247059066131395135709425197979245094347477997960213448800830512,QmVREJFgdP3oFCJbgrkuP2UAnsW8RayQuxVqifbEGUHZU7,ops/cdn-retirement-phase2/step3/v3-docs/0x6003994adeca13407e8dbee808280cc3ef2ab820/57129125216325247059066131395135709425197979245094347477997960213448800830512.json
0x6003994adeca13407e8dbee808280cc3ef2ab820,54,57129125216325247059066131395135709425197979245094347477997960213448800830513,57129125216325247059066131395135709425197979245094347477997960213448800830513,QmcmDkn1BFEUr8cjLHZrmS9sLHVvY6snE9GEtGD2F19P2i,ops/cdn-retirement-phase2/step3/v3-docs/0x6003994adeca13407e8dbee808280cc3ef2ab820/57129125216325247059066131395135709425197979245094347477997960213448800830513.json
0x6003994adeca13407e8dbee808280cc3ef2ab820,55,57129125216325247059066131395135709425197979245094347477997960213448800830514,57129125216325247059066131395135709425197979245094347477997960213448800830514,QmQz2kfBiynhLHpuB7KvA6u2QdVbx2SZ7by9gVhi1DxYPj,ops/cdn-retirement-phase2/step3/v3-docs/0x6003994adeca13407e8dbee808280cc3ef2ab820/57129125216325247059066131395135709425197979245094347477997960213448800830514.json
0x6003994adeca13407e8dbee808280cc3ef2ab820,56,57129125216325247059066131395135709425197979245094347477997960213448800830515,57129125216325247059066131395135709425197979245094347477997960213448800830515,Qma5UyjDucvA9CP15mafSLhfKnN8MTRfjYs1ChxucNLT25,ops/cdn-retirement-phase2/step3/v3-docs/0x6003994adeca13407e8dbee808280cc3ef2ab820/57129125216325247059066131395135709425197979245094347477997960213448800830515.json
0x6003994adeca13407e8dbee808280cc3ef2ab820,57,57129125216325247059066131395135709425197979245094347477997960213448800830516,57129125216325247059066131395135709425197979245094347477997960213448800830516,QmVd28TuQP2MCRTHKhBvp1WAju4bmHJRX4zUzhjTHvB3NF,ops/cdn-retirement-phase2/step3/v3-docs/0x6003994adeca13407e8dbee808280cc3ef2ab820/57129125216325247059066131395135709425197979245094347477997960213448800830516.json
0x6003994adeca13407e8dbee808280cc3ef2ab820,58,57129125216325247059066131395135709425197979245094347477997960213448800830517,57129125216325247059066131395135709425197979245094347477997960213448800830517,QmYC8xBzL1HuUaoLG82qWjT36f36SeFhAqcFahhP36X2kW,ops/cdn-retirement-phase2/step3/v3-docs/0x6003994adeca13407e8dbee808280cc3ef2ab820/57129125216325247059066131395135709425197979245094347477997960213448800830517.json
0x6003994adeca13407e8dbee808280cc3ef2ab820,59,57129125216325247059066131395135709425197979245094347477997960213448800830518,57129125216325247059066131395135709425197979245094347477997960213448800830518,QmXy29PfWzNiF55Vas51jqSgumHFagvw6gkW2p3k15mYuW,ops/cdn-retirement-phase2/step3/v3-docs/0x6003994adeca13407e8dbee808280cc3ef2ab820/57129125216325247059066131395135709425197979245094347477997960213448800830518.json
0x6003994adeca13407e8dbee808280cc3ef2ab820,6,57129125216325247059066131395135709425197979245094347477997960213448800830465,57129125216325247059066131395135709425197979245094347477997960213448800830465,QmQN4gZpCLVNrwn8377ss8K3nLueHL3Tbe2ypJq94DhrZA,ops/cdn-retirement-phase2/step3/v3-docs/0x6003994adeca13407e8dbee808280cc3ef2ab820/57129125216325247059066131395135709425197979245094347477997960213448800830465.json
0x6003994adeca13407e8dbee808280cc3ef2ab820,6,95719868769968552594329151316256029294014863017036376334895531914236467560118,95719868769968552594329151316256029294014863017036376334895531914236467560118,QmNro5aKX1a5ZSaXWxqC1mLmXzySr7ABD8Ly5AK9hVXhjg,ops/cdn-retirement-phase2/step3/v3-docs/0x6003994adeca13407e8dbee808280cc3ef2ab820/95719868769968552594329151316256029294014863017036376334895531914236467560118.json
0x6003994adeca13407e8dbee808280cc3ef2ab820,60,57129125216325247059066131395135709425197979245094347477997960213448800830519,57129125216325247059066131395135709425197979245094347477997960213448800830519,QmRYt7pLKY85gC16dMk192iS9wCNUfrYXT9nbiWLw2iGsX,ops/cdn-retirement-phase2/step3/v3-docs/0x6003994adeca13407e8dbee808280cc3ef2ab820/57129125216325247059066131395135709425197979245094347477997960213448800830519.json
0x6003994adeca13407e8dbee808280cc3ef2ab820,61,57129125216325247059066131395135709425197979245094347477997960213448800830520,57129125216325247059066131395135709425197979245094347477997960213448800830520,QmQ2i79H33fFnyQVGHXuohS5RRkqnAjtMN4dLhpThQT7q5,ops/cdn-retirement-phase2/step3/v3-docs/0x6003994adeca13407e8dbee808280cc3ef2ab820/57129125216325247059066131395135709425197979245094347477997960213448800830520.json
0x6003994adeca13407e8dbee808280cc3ef2ab820,62,57129125216325247059066131395135709425197979245094347477997960213448800830521,57129125216325247059066131395135709425197979245094347477997960213448800830521,QmPkWspbSJ7P8vqjP7EFVkLmjtNf7b5hJNn234Q5M5tsvR,ops/cdn-retirement-phase2/step3/v3-docs/0x6003994adeca13407e8dbee808280cc3ef2ab820/57129125216325247059066131395135709425197979245094347477997960213448800830521.json
0x6003994adeca13407e8dbee808280cc3ef2ab820,63,57129125216325247059066131395135709425197979245094347477997960213448800830522,57129125216325247059066131395135709425197979245094347477997960213448800830522,Qmcj1cp3pnG4ju2adVxzYwz4iJZhsLJBW25MRVszhZfgfG,ops/cdn-retirement-phase2/step3/v3-docs/0x6003994adeca13407e8dbee808280cc3ef2ab820/57129125216325247059066131395135709425197979245094347477997960213448800830522.json
0x6003994adeca13407e8dbee808280cc3ef2ab820,64,57129125216325247059066131395135709425197979245094347477997960213448800830523,57129125216325247059066131395135709425197979245094347477997960213448800830523,QmUzoFoKqZVGiF3GpC2ZvPHq2zW5zk4sBsoxKcPcuFihWy,ops/cdn-retirement-phase2/step3/v3-docs/0x6003994adeca13407e8dbee808280cc3ef2ab820/57129125216325247059066131395135709425197979245094347477997960213448800830523.json
0x6003994adeca13407e8dbee808280cc3ef2ab820,65,57129125216325247059066131395135709425197979245094347477997960213448800830524,57129125216325247059066131395135709425197979245094347477997960213448800830524,QmPeE4dK7hNfHzVCXd3Z1UwVokacEAzZjUjrNzXHsSTkA6,ops/cdn-retirement-phase2/step3/v3-docs/0x6003994adeca13407e8dbee808280cc3ef2ab820/57129125216325247059066131395135709425197979245094347477997960213448800830524.json
0x6003994adeca13407e8dbee808280cc3ef2ab820,66,57129125216325247059066131395135709425197979245094347477997960213448800830525,57129125216325247059066131395135709425197979245094347477997960213448800830525,QmQdniHxWQnGpWbsSvPGm4Ds3a3Xc6imaFNCURTQqzWevj,ops/cdn-retirement-phase2/step3/v3-docs/0x6003994adeca13407e8dbee808280cc3ef2ab820/57129125216325247059066131395135709425197979245094347477997960213448800830525.json
0x6003994adeca13407e8dbee808280cc3ef2ab820,67,57129125216325247059066131395135709425197979245094347477997960213448800830526,57129125216325247059066131395135709425197979245094347477997960213448800830526,QmZdpjBsLE85kgjNwjdC9ZBtnbSb82TvmAxFd5gworyZ9m,ops/cdn-retirement-phase2/step3/v3-docs/0x6003994adeca13407e8dbee808280cc3ef2ab820/57129125216325247059066131395135709425197979245094347477997960213448800830526.json
0x6003994adeca13407e8dbee808280cc3ef2ab820,68,57129125216325247059066131395135709425197979245094347477997960213448800830527,57129125216325247059066131395135709425197979245094347477997960213448800830527,QmbbkMBvaB9AkqH8U8zHRqAyPZxJLya4ahY64A32mdg8hu,ops/cdn-retirement-phase2/step3/v3-docs/0x6003994adeca13407e8dbee808280cc3ef2ab820/57129125216325247059066131395135709425197979245094347477997960213448800830527.json
0x6003994adeca13407e8dbee808280cc3ef2ab820,69,57129125216325247059066131395135709425197979245094347477997960213448800830528,57129125216325247059066131395135709425197979245094347477997960213448800830528,QmRvh2TJTmxVdhK96Dq3NM5awanje28JdYfQoXUShUyASL,ops/cdn-retirement-phase2/step3/v3-docs/0x6003994adeca13407e8dbee808280cc3ef2ab820/57129125216325247059066131395135709425197979245094347477997960213448800830528.json
0x6003994adeca13407e8dbee808280cc3ef2ab820,7,57129125216325247059066131395135709425197979245094347477997960213448800830466,57129125216325247059066131395135709425197979245094347477997960213448800830466,QmYp68AjuzkqsgrLCYvkp58WmtoPip3Y4f26Ta3gUe2d8u,ops/cdn-retirement-phase2/step3/v3-docs/0x6003994adeca13407e8dbee808280cc3ef2ab820/57129125216325247059066131395135709425197979245094347477997960213448800830466.json
0x6003994adeca13407e8dbee808280cc3ef2ab820,7,95719868769968552594329151316256029294014863017036376334895531914236467560119,95719868769968552594329151316256029294014863017036376334895531914236467560119,QmSB8Q9SFBV4nte3Cofcfq3YsWP8jLaKdNRbLJE3YqSsqb,ops/cdn-retirement-phase2/step3/v3-docs/0x6003994adeca13407e8dbee808280cc3ef2ab820/95719868769968552594329151316256029294014863017036376334895531914236467560119.json
0x6003994adeca13407e8dbee808280cc3ef2ab820,70,57129125216325247059066131395135709425197979245094347477997960213448800830529,57129125216325247059066131395135709425197979245094347477997960213448800830529,QmPz7eqX8woAx2T45bRd233Nf7XAFVq2oy2TQbKLhbTHFe,ops/cdn-retirement-phase2/step3/v3-docs/0x6003994adeca13407e8dbee808280cc3ef2ab820/57129125216325247059066131395135709425197979245094347477997960213448800830529.json
0x6003994adeca13407e8dbee808280cc3ef2ab820,71,57129125216325247059066131395135709425197979245094347477997960213448800830530,57129125216325247059066131395135709425197979245094347477997960213448800830530,QmXuZQUb1eN7muAwVC2SdRLaK5eYbwacQ8ym7XXkWLqZjz,ops/cdn-retirement-phase2/step3/v3-docs/0x6003994adeca13407e8dbee808280cc3ef2ab820/57129125216325247059066131395135709425197979245094347477997960213448800830530.json
0x6003994adeca13407e8dbee808280cc3ef2ab820,72,57129125216325247059066131395135709425197979245094347477997960213448800830531,57129125216325247059066131395135709425197979245094347477997960213448800830531,QmTQSnBMfDBBSb66t36P2GZywBJvaGnrp9JE5UjJM4Aj26,ops/cdn-retirement-phase2/step3/v3-docs/0x6003994adeca13407e8dbee808280cc3ef2ab820/57129125216325247059066131395135709425197979245094347477997960213448800830531.json
0x6003994adeca13407e8dbee808280cc3ef2ab820,73,57129125216325247059066131395135709425197979245094347477997960213448800830532,57129125216325247059066131395135709425197979245094347477997960213448800830532,QmRyewHoFXUrkpsrKszgK9sUjQHxZg7o75W7UWogTeLLL1,ops/cdn-retirement-phase2/step3/v3-docs/0x6003994adeca13407e8dbee808280cc3ef2ab820/57129125216325247059066131395135709425197979245094347477997960213448800830532.json
0x6003994adeca13407e8dbee808280cc3ef2ab820,74,57129125216325247059066131395135709425197979245094347477997960213448800830533,57129125216325247059066131395135709425197979245094347477997960213448800830533,QmRoZG1bSGfLC8s6Tv1B7kWbo2ZiJnqMrKoDg95qAz2Vad,ops/cdn-retirement-phase2/step3/v3-docs/0x6003994adeca13407e8dbee808280cc3ef2ab820/57129125216325247059066131395135709425197979245094347477997960213448800830533.json
0x6003994adeca13407e8dbee808280cc3ef2ab820,75,57129125216325247059066131395135709425197979245094347477997960213448800830534,57129125216325247059066131395135709425197979245094347477997960213448800830534,QmZ2tHTFL7RGwx8ZQcRfHaAUJ7UcurT5bdQYDJiQ7bv5p3,ops/cdn-retirement-phase2/step3/v3-docs/0x6003994adeca13407e8dbee808280cc3ef2ab820/57129125216325247059066131395135709425197979245094347477997960213448800830534.json
0x6003994adeca13407e8dbee808280cc3ef2ab820,76,57129125216325247059066131395135709425197979245094347477997960213448800830535,57129125216325247059066131395135709425197979245094347477997960213448800830535,QmaBkvNeU9hbvTf5CRXGKDqRB2PVpPqUmGrzt3Jmf8F3Ji,ops/cdn-retirement-phase2/step3/v3-docs/0x6003994adeca13407e8dbee808280cc3ef2ab820/57129125216325247059066131395135709425197979245094347477997960213448800830535.json
0x6003994adeca13407e8dbee808280cc3ef2ab820,77,57129125216325247059066131395135709425197979245094347477997960213448800830536,57129125216325247059066131395135709425197979245094347477997960213448800830536,QmQdxBKBH5iyhht4EJ95piqMtEswRJmzCUB4bdPeLgpsyR,ops/cdn-retirement-phase2/step3/v3-docs/0x6003994adeca13407e8dbee808280cc3ef2ab820/57129125216325247059066131395135709425197979245094347477997960213448800830536.json
0x6003994adeca13407e8dbee808280cc3ef2ab820,78,57129125216325247059066131395135709425197979245094347477997960213448800830537,57129125216325247059066131395135709425197979245094347477997960213448800830537,QmNP6bRNw41wRAPYRcHN9EB6nyFsar3dK9BdEPKSLgndyx,ops/cdn-retirement-phase2/step3/v3-docs/0x6003994adeca13407e8dbee808280cc3ef2ab820/57129125216325247059066131395135709425197979245094347477997960213448800830537.json
0x6003994adeca13407e8dbee808280cc3ef2ab820,79,57129125216325247059066131395135709425197979245094347477997960213448800830538,57129125216325247059066131395135709425197979245094347477997960213448800830538,QmcD9tvMhyU2ieSBLhLWuEY5iyCT5gcPt9Wqyhv9ykSCNX,ops/cdn-retirement-phase2/step3/v3-docs/0x6003994adeca13407e8dbee808280cc3ef2ab820/57129125216325247059066131395135709425197979245094347477997960213448800830538.json
0x6003994adeca13407e8dbee808280cc3ef2ab820,8,57129125216325247059066131395135709425197979245094347477997960213448800830467,57129125216325247059066131395135709425197979245094347477997960213448800830467,QmauJHNT42gzX4SwWog6NHJZi5MyfNt3nCAXkEUxM5UowZ,ops/cdn-retirement-phase2/step3/v3-docs/0x6003994adeca13407e8dbee808280cc3ef2ab820/57129125216325247059066131395135709425197979245094347477997960213448800830467.json
0x6003994adeca13407e8dbee808280cc3ef2ab820,8,95719868769968552594329151316256029294014863017036376334895531914236467560120,95719868769968552594329151316256029294014863017036376334895531914236467560120,QmbRueaeJLDbVWD7P3D2cSvWK25ZUHHJ7sJWrksxr9hn9C,ops/cdn-retirement-phase2/step3/v3-docs/0x6003994adeca13407e8dbee808280cc3ef2ab820/95719868769968552594329151316256029294014863017036376334895531914236467560120.json
0x6003994adeca13407e8dbee808280cc3ef2ab820,80,57129125216325247059066131395135709425197979245094347477997960213448800830539,57129125216325247059066131395135709425197979245094347477997960213448800830539,QmejgqJ3mG7zH8iK4grKY4cUHicGes5RNjs4u2hMoTJBAB,ops/cdn-retirement-phase2/step3/v3-docs/0x6003994adeca13407e8dbee808280cc3ef2ab820/57129125216325247059066131395135709425197979245094347477997960213448800830539.json
0x6003994adeca13407e8dbee808280cc3ef2ab820,81,57129125216325247059066131395135709425197979245094347477997960213448800830540,57129125216325247059066131395135709425197979245094347477997960213448800830540,QmbHfFePhhnG2HvxkqLMciQr4dY8D6wuHB8NqP4Jt6g28C,ops/cdn-retirement-phase2/step3/v3-docs/0x6003994adeca13407e8dbee808280cc3ef2ab820/57129125216325247059066131395135709425197979245094347477997960213448800830540.json
0x6003994adeca13407e8dbee808280cc3ef2ab820,82,57129125216325247059066131395135709425197979245094347477997960213448800830541,57129125216325247059066131395135709425197979245094347477997960213448800830541,QmeWeqkndHJtQS82J83iLrpJ58zrUDFmrv5KzAZZaPrHzR,ops/cdn-retirement-phase2/step3/v3-docs/0x6003994adeca13407e8dbee808280cc3ef2ab820/57129125216325247059066131395135709425197979245094347477997960213448800830541.json
0x6003994adeca13407e8dbee808280cc3ef2ab820,83,57129125216325247059066131395135709425197979245094347477997960213448800830542,57129125216325247059066131395135709425197979245094347477997960213448800830542,QmbqfBmPQGcucR5fpb56z8G2i8QFpTwKBGfh6Wv7KrNUNh,ops/cdn-retirement-phase2/step3/v3-docs/0x6003994adeca13407e8dbee808280cc3ef2ab820/57129125216325247059066131395135709425197979245094347477997960213448800830542.json
0x6003994adeca13407e8dbee808280cc3ef2ab820,84,57129125216325247059066131395135709425197979245094347477997960213448800830543,57129125216325247059066131395135709425197979245094347477997960213448800830543,Qme6N1HCzG5LonPopXSsa1n8LTKz3AmNeZEH2daftuyGsN,ops/cdn-retirement-phase2/step3/v3-docs/0x6003994adeca13407e8dbee808280cc3ef2ab820/57129125216325247059066131395135709425197979245094347477997960213448800830543.json
0x6003994adeca13407e8dbee808280cc3ef2ab820,85,57129125216325247059066131395135709425197979245094347477997960213448800830544,57129125216325247059066131395135709425197979245094347477997960213448800830544,QmVjyYJ3H9vskE5AqGBtirY7S2B3M5xRZZtNbQgt19Mc9N,ops/cdn-retirement-phase2/step3/v3-docs/0x6003994adeca13407e8dbee808280cc3ef2ab820/57129125216325247059066131395135709425197979245094347477997960213448800830544.json
0x6003994adeca13407e8dbee808280cc3ef2ab820,86,57129125216325247059066131395135709425197979245094347477997960213448800830545,57129125216325247059066131395135709425197979245094347477997960213448800830545,QmY2VqUGDuGCcjDijniZ4hgZtWmHuvnQkWnYijC6uzAToY,ops/cdn-retirement-phase2/step3/v3-docs/0x6003994adeca13407e8dbee808280cc3ef2ab820/57129125216325247059066131395135709425197979245094347477997960213448800830545.json
0x6003994adeca13407e8dbee808280cc3ef2ab820,87,57129125216325247059066131395135709425197979245094347477997960213448800830546,57129125216325247059066131395135709425197979245094347477997960213448800830546,QmUdm979PKJcPsZAEmqTBvRoMVK9E6qftCa1Sj21BXUmWk,ops/cdn-retirement-phase2/step3/v3-docs/0x6003994adeca13407e8dbee808280cc3ef2ab820/57129125216325247059066131395135709425197979245094347477997960213448800830546.json
0x6003994adeca13407e8dbee808280cc3ef2ab820,88,57129125216325247059066131395135709425197979245094347477997960213448800830547,57129125216325247059066131395135709425197979245094347477997960213448800830547,QmQXJYDxACy77xTuQ4Z8VdrnnYnsfebGNHHJRvATy1U52Y,ops/cdn-retirement-phase2/step3/v3-docs/0x6003994adeca13407e8dbee808280cc3ef2ab820/57129125216325247059066131395135709425197979245094347477997960213448800830547.json
0x6003994adeca13407e8dbee808280cc3ef2ab820,89,57129125216325247059066131395135709425197979245094347477997960213448800830548,57129125216325247059066131395135709425197979245094347477997960213448800830548,QmSNT1kKLdVdPNgpsTQHJBbaZ113tK1G9wdYvjKJLqVcGx,ops/cdn-retirement-phase2/step3/v3-docs/0x6003994adeca13407e8dbee808280cc3ef2ab820/57129125216325247059066131395135709425197979245094347477997960213448800830548.json
0x6003994adeca13407e8dbee808280cc3ef2ab820,9,57129125216325247059066131395135709425197979245094347477997960213448800830468,57129125216325247059066131395135709425197979245094347477997960213448800830468,QmRFaB6RysFUR3DK954pytn8KkuwzgQTpua6tmSgCbLUw9,ops/cdn-retirement-phase2/step3/v3-docs/0x6003994adeca13407e8dbee808280cc3ef2ab820/57129125216325247059066131395135709425197979245094347477997960213448800830468.json
0x6003994adeca13407e8dbee808280cc3ef2ab820,9,95719868769968552594329151316256029294014863017036376334895531914236467560121,95719868769968552594329151316256029294014863017036376334895531914236467560121,QmPos8iFPQMn2QcesDDXNKNH4eboXPnrZMPK61VQnvEQRg,ops/cdn-retirement-phase2/step3/v3-docs/0x6003994adeca13407e8dbee808280cc3ef2ab820/95719868769968552594329151316256029294014863017036376334895531914236467560121.json
0x6003994adeca13407e8dbee808280cc3ef2ab820,90,57129125216325247059066131395135709425197979245094347477997960213448800830549,57129125216325247059066131395135709425197979245094347477997960213448800830549,QmSWq7Trwg1aKKocdLauyD1sVECXttuwSYaRSUGdsXXspU,ops/cdn-retirement-phase2/step3/v3-docs/0x6003994adeca13407e8dbee808280cc3ef2ab820/57129125216325247059066131395135709425197979245094347477997960213448800830549.json
0x6003994adeca13407e8dbee808280cc3ef2ab820,91,57129125216325247059066131395135709425197979245094347477997960213448800830550,57129125216325247059066131395135709425197979245094347477997960213448800830550,QmfF6g7zRveG55PgRDLCvFCwg4GqTDPuG6pP65C6A7cJjZ,ops/cdn-retirement-phase2/step3/v3-docs/0x6003994adeca13407e8dbee808280cc3ef2ab820/57129125216325247059066131395135709425197979245094347477997960213448800830550.json
0x6003994adeca13407e8dbee808280cc3ef2ab820,92,57129125216325247059066131395135709425197979245094347477997960213448800830551,57129125216325247059066131395135709425197979245094347477997960213448800830551,QmYp551gthYRTtJU1Etx6nHiBnwzZD7H1GCBZYpoH7xuF5,ops/cdn-retirement-phase2/step3/v3-docs/0x6003994adeca13407e8dbee808280cc3ef2ab820/57129125216325247059066131395135709425197979245094347477997960213448800830551.json
0x6003994adeca13407e8dbee808280cc3ef2ab820,93,57129125216325247059066131395135709425197979245094347477997960213448800830552,57129125216325247059066131395135709425197979245094347477997960213448800830552,Qmdn56kNAv6m5Hu6EBes1VkrHbv2wRSRE9RaNjsf17vHKE,ops/cdn-retirement-phase2/step3/v3-docs/0x6003994adeca13407e8dbee808280cc3ef2ab820/57129125216325247059066131395135709425197979245094347477997960213448800830552.json
0x6003994adeca13407e8dbee808280cc3ef2ab820,94,57129125216325247059066131395135709425197979245094347477997960213448800830553,57129125216325247059066131395135709425197979245094347477997960213448800830553,QmTdSRdxCr62C3YaM6Q5uY2AmkLzVDa6pyJGzkX428Pn3w,ops/cdn-retirement-phase2/step3/v3-docs/0x6003994adeca13407e8dbee808280cc3ef2ab820/57129125216325247059066131395135709425197979245094347477997960213448800830553.json
0x6003994adeca13407e8dbee808280cc3ef2ab820,95,57129125216325247059066131395135709425197979245094347477997960213448800830554,57129125216325247059066131395135709425197979245094347477997960213448800830554,QmZySg6aEjjFaSuvkyJByVwVPbiwgopVuwdvySuczupNRR,ops/cdn-retirement-phase2/step3/v3-docs/0x6003994adeca13407e8dbee808280cc3ef2ab820/57129125216325247059066131395135709425197979245094347477997960213448800830554.json
0x6003994adeca13407e8dbee808280cc3ef2ab820,96,57129125216325247059066131395135709425197979245094347477997960213448800830555,57129125216325247059066131395135709425197979245094347477997960213448800830555,QmU1budUmcqS8Zr6f3FnQGxPzRCWMKiaSVsibWt4Yu2Lmo,ops/cdn-retirement-phase2/step3/v3-docs/0x6003994adeca13407e8dbee808280cc3ef2ab820/57129125216325247059066131395135709425197979245094347477997960213448800830555.json
0x6003994adeca13407e8dbee808280cc3ef2ab820,97,57129125216325247059066131395135709425197979245094347477997960213448800830556,57129125216325247059066131395135709425197979245094347477997960213448800830556,Qmd32g9BhVzJjfM6v4J4SQaynRBLgJtVPFQZHSHu8tDpXp,ops/cdn-retirement-phase2/step3/v3-docs/0x6003994adeca13407e8dbee808280cc3ef2ab820/57129125216325247059066131395135709425197979245094347477997960213448800830556.json
0x6003994adeca13407e8dbee808280cc3ef2ab820,98,57129125216325247059066131395135709425197979245094347477997960213448800830557,57129125216325247059066131395135709425197979245094347477997960213448800830557,QmUF3ndLRyz9L8QuCiLr2w7fsCSFNx8Y7E1nE6bSQ1Js2o,ops/cdn-retirement-phase2/step3/v3-docs/0x6003994adeca13407e8dbee808280cc3ef2ab820/57129125216325247059066131395135709425197979245094347477997960213448800830557.json
0x6003994adeca13407e8dbee808280cc3ef2ab820,99,57129125216325247059066131395135709425197979245094347477997960213448800830558,57129125216325247059066131395135709425197979245094347477997960213448800830558,QmTj1FpmXgcXiQXiKSjmgWziQH2hPnLpgiNQHeFeFyQwT3,ops/cdn-retirement-phase2/step3/v3-docs/0x6003994adeca13407e8dbee808280cc3ef2ab820/57129125216325247059066131395135709425197979245094347477997960213448800830558.json
0x6e82e4b398ca4137007ba69ddd6ff699334d13b5,0,101018397861100865329114328924892815187623142272647927988588693624037353186253,101018397861100865329114328924892815187623142272647927988588693624037353186253,Qmac2AmHjWeL67nH8VXwBxSMJRsFfdWE5CXsobaprvXGAq,ops/cdn-retirement-phase2/step3/v3-docs/0x6e82e4b398ca4137007ba69ddd6ff699334d13b5/101018397861100865329114328924892815187623142272647927988588693624037353186253.json
0x6e82e4b398ca4137007ba69ddd6ff699334d13b5,0,103670424291181108903021494306982394267978572499721974093211453159646661892321,103670424291181108903021494306982394267978572499721974093211453159646661892321,QmTXYFEdUwo2JjLSHH5MrUb7aF7n6H3WVr4oBvK7KkPdTc,ops/cdn-retirement-phase2/step3/v3-docs/0x6e82e4b398ca4137007ba69ddd6ff699334d13b5/103670424291181108903021494306982394267978572499721974093211453159646661892321.json
0x6e82e4b398ca4137007ba69ddd6ff699334d13b5,0,104398116994341825170426578498298630082738464392540213104738174707054719211556,104398116994341825170426578498298630082738464392540213104738174707054719211556,Qmc7wbm2vdKsB1sB6snDeJfVR3RJvg5Xp131druDkyqWZe,ops/cdn-retirement-phase2/step3/v3-docs/0x6e82e4b398ca4137007ba69ddd6ff699334d13b5/104398116994341825170426578498298630082738464392540213104738174707054719211556.json
0x6e82e4b398ca4137007ba69ddd6ff699334d13b5,0,18508392712335859217281546756689095982136889956180325835747044186697182425048,18508392712335859217281546756689095982136889956180325835747044186697182425048,QmTfTzb84tStajs4usgJMLWVgrsPHmFQMBU8Dh7serDqkp,ops/cdn-retirement-phase2/step3/v3-docs/0x6e82e4b398ca4137007ba69ddd6ff699334d13b5/18508392712335859217281546756689095982136889956180325835747044186697182425048.json
0x6e82e4b398ca4137007ba69ddd6ff699334d13b5,0,26784186576786734221113338868184730699905253695798607540572045023095617009768,26784186576786734221113338868184730699905253695798607540572045023095617009768,QmUsKiG8fJnqXfJAUXwSu7TVdPxvH4HGJfr3VbGaQhyYs1,ops/cdn-retirement-phase2/step3/v3-docs/0x6e82e4b398ca4137007ba69ddd6ff699334d13b5/26784186576786734221113338868184730699905253695798607540572045023095617009768.json
0x6e82e4b398ca4137007ba69ddd6ff699334d13b5,0,31658398539211567249775841645446054699032188246536879923555153674548343085940,31658398539211567249775841645446054699032188246536879923555153674548343085940,QmXGnwqS57ZwWsrxMMqeiTsmQSmhoVDnWDUTCFyaeLEMuA,ops/cdn-retirement-phase2/step3/v3-docs/0x6e82e4b398ca4137007ba69ddd6ff699334d13b5/31658398539211567249775841645446054699032188246536879923555153674548343085940.json
0x6e82e4b398ca4137007ba69ddd6ff699334d13b5,0,34718018818869922919370887279228907780982832976222422378720431113664518558578,34718018818869922919370887279228907780982832976222422378720431113664518558578,QmUePV2QqNTK3V2XLx4KzamSotg13EQzgfnEZBg7QduuZD,ops/cdn-retirement-phase2/step3/v3-docs/0x6e82e4b398ca4137007ba69ddd6ff699334d13b5/34718018818869922919370887279228907780982832976222422378720431113664518558578.json
0x6e82e4b398ca4137007ba69ddd6ff699334d13b5,0,38691948804591133143284137495105900800364423599931822770633671069054284343615,38691948804591133143284137495105900800364423599931822770633671069054284343615,QmSfYm7X6dRTFtr4rSnW5ciNcJ95QjmmDUpLGwKXUSt2R6,ops/cdn-retirement-phase2/step3/v3-docs/0x6e82e4b398ca4137007ba69ddd6ff699334d13b5/38691948804591133143284137495105900800364423599931822770633671069054284343615.json
0x6e82e4b398ca4137007ba69ddd6ff699334d13b5,0,57926226797054930816703082712960451066245365004697088168355518074723893138537,57926226797054930816703082712960451066245365004697088168355518074723893138537,QmXfBQ6nDcTYh5nZ7FkF2y1EQ5fuDUuprAFncfW5nU2qi7,ops/cdn-retirement-phase2/step3/v3-docs/0x6e82e4b398ca4137007ba69ddd6ff699334d13b5/57926226797054930816703082712960451066245365004697088168355518074723893138537.json
0x6e82e4b398ca4137007ba69ddd6ff699334d13b5,0,67884599743201988766725462649025530234665379733525547672892980733959710599814,67884599743201988766725462649025530234665379733525547672892980733959710599814,QmYq2gHFeLQGNEtt3Avu17RrnvFKrxNBDitk7sTDBAgZkH,ops/cdn-retirement-phase2/step3/v3-docs/0x6e82e4b398ca4137007ba69ddd6ff699334d13b5/67884599743201988766725462649025530234665379733525547672892980733959710599814.json
0x6e82e4b398ca4137007ba69ddd6ff699334d13b5,0,83546164136789563436808252890115554093142535498547881756265405968490982747232,83546164136789563436808252890115554093142535498547881756265405968490982747232,QmXtjm2872oKsWj2HDQPAYAp4QtJasgkon3o7isGXkhPJo,ops/cdn-retirement-phase2/step3/v3-docs/0x6e82e4b398ca4137007ba69ddd6ff699334d13b5/83546164136789563436808252890115554093142535498547881756265405968490982747232.json
0x6e82e4b398ca4137007ba69ddd6ff699334d13b5,0,92208933710796125770590251699325730336243064425460091178260788340701093768779,92208933710796125770590251699325730336243064425460091178260788340701093768779,QmZVFSbu3awd2BfsK8PdGuxquuJDRnCmaEr5H71NZED2LV,ops/cdn-retirement-phase2/step3/v3-docs/0x6e82e4b398ca4137007ba69ddd6ff699334d13b5/92208933710796125770590251699325730336243064425460091178260788340701093768779.json
0x6e82e4b398ca4137007ba69ddd6ff699334d13b5,1,101018397861100865329114328924892815187623142272647927988588693624037353186254,101018397861100865329114328924892815187623142272647927988588693624037353186254,QmVAEtvZ9gF7ZHKpzWZS4m4TjZ9wHrKyHaksw7H1jaU4H1,ops/cdn-retirement-phase2/step3/v3-docs/0x6e82e4b398ca4137007ba69ddd6ff699334d13b5/101018397861100865329114328924892815187623142272647927988588693624037353186254.json
0x6e82e4b398ca4137007ba69ddd6ff699334d13b5,1,103670424291181108903021494306982394267978572499721974093211453159646661892322,103670424291181108903021494306982394267978572499721974093211453159646661892322,QmUnDov7JsXoojd71GStBnD6FDyUhw7ckbaSsnT6WDGcvD,ops/cdn-retirement-phase2/step3/v3-docs/0x6e82e4b398ca4137007ba69ddd6ff699334d13b5/103670424291181108903021494306982394267978572499721974093211453159646661892322.json
0x6e82e4b398ca4137007ba69ddd6ff699334d13b5,1,104398116994341825170426578498298630082738464392540213104738174707054719211557,104398116994341825170426578498298630082738464392540213104738174707054719211557,QmSzSeUar3bwBToepNCbmCt4A3Pj9zFi8fYwJi6mbVreMj,ops/cdn-retirement-phase2/step3/v3-docs/0x6e82e4b398ca4137007ba69ddd6ff699334d13b5/104398116994341825170426578498298630082738464392540213104738174707054719211557.json
0x6e82e4b398ca4137007ba69ddd6ff699334d13b5,1,18508392712335859217281546756689095982136889956180325835747044186697182425049,18508392712335859217281546756689095982136889956180325835747044186697182425049,QmU3PyMmQP9ctGvLLj4vbKCL9BQbTEUqs9odW7EvehPDAN,ops/cdn-retirement-phase2/step3/v3-docs/0x6e82e4b398ca4137007ba69ddd6ff699334d13b5/18508392712335859217281546756689095982136889956180325835747044186697182425049.json
0x6e82e4b398ca4137007ba69ddd6ff699334d13b5,1,26784186576786734221113338868184730699905253695798607540572045023095617009769,26784186576786734221113338868184730699905253695798607540572045023095617009769,QmeWKJuz6ofUxURhZ61uMLhX7kdj4itM2Trzw97wCjxhbM,ops/cdn-retirement-phase2/step3/v3-docs/0x6e82e4b398ca4137007ba69ddd6ff699334d13b5/26784186576786734221113338868184730699905253695798607540572045023095617009769.json
0x6e82e4b398ca4137007ba69ddd6ff699334d13b5,1,31658398539211567249775841645446054699032188246536879923555153674548343085941,31658398539211567249775841645446054699032188246536879923555153674548343085941,QmWG49nYhwyd7jta6zBcNwVWdM59T476UML5X7vm1s5aLR,ops/cdn-retirement-phase2/step3/v3-docs/0x6e82e4b398ca4137007ba69ddd6ff699334d13b5/31658398539211567249775841645446054699032188246536879923555153674548343085941.json
0x6e82e4b398ca4137007ba69ddd6ff699334d13b5,1,34718018818869922919370887279228907780982832976222422378720431113664518558579,34718018818869922919370887279228907780982832976222422378720431113664518558579,QmaTVB8iykn5dgNgcBowGnT1ChMSQBa5jwC3zjgMogMtp6,ops/cdn-retirement-phase2/step3/v3-docs/0x6e82e4b398ca4137007ba69ddd6ff699334d13b5/34718018818869922919370887279228907780982832976222422378720431113664518558579.json
0x6e82e4b398ca4137007ba69ddd6ff699334d13b5,1,38691948804591133143284137495105900800364423599931822770633671069054284343616,38691948804591133143284137495105900800364423599931822770633671069054284343616,QmVhn88RPqo9U4wA8GmF3JYrDgBSXbnxVHxm2PFDusuzHL,ops/cdn-retirement-phase2/step3/v3-docs/0x6e82e4b398ca4137007ba69ddd6ff699334d13b5/38691948804591133143284137495105900800364423599931822770633671069054284343616.json
0x6e82e4b398ca4137007ba69ddd6ff699334d13b5,1,57926226797054930816703082712960451066245365004697088168355518074723893138538,57926226797054930816703082712960451066245365004697088168355518074723893138538,QmRYWN2qssshrfyFsAHTfnNKAbkWx5K7gjtpMPPSLcqFrN,ops/cdn-retirement-phase2/step3/v3-docs/0x6e82e4b398ca4137007ba69ddd6ff699334d13b5/57926226797054930816703082712960451066245365004697088168355518074723893138538.json
0x6e82e4b398ca4137007ba69ddd6ff699334d13b5,1,67884599743201988766725462649025530234665379733525547672892980733959710599815,67884599743201988766725462649025530234665379733525547672892980733959710599815,QmW8GSmPjQFYFhqAknNgjhNtX4fQTjJoy3bQsnxXt3KhaS,ops/cdn-retirement-phase2/step3/v3-docs/0x6e82e4b398ca4137007ba69ddd6ff699334d13b5/67884599743201988766725462649025530234665379733525547672892980733959710599815.json
0x6e82e4b398ca4137007ba69ddd6ff699334d13b5,1,83546164136789563436808252890115554093142535498547881756265405968490982747233,83546164136789563436808252890115554093142535498547881756265405968490982747233,Qmd7TBzpPxVozQv3hmN1EXdEy2wsWPFqQWRLHdXa6pMPDK,ops/cdn-retirement-phase2/step3/v3-docs/0x6e82e4b398ca4137007ba69ddd6ff699334d13b5/83546164136789563436808252890115554093142535498547881756265405968490982747233.json
0x6e82e4b398ca4137007ba69ddd6ff699334d13b5,1,92208933710796125770590251699325730336243064425460091178260788340701093768780,92208933710796125770590251699325730336243064425460091178260788340701093768780,QmdXkd4Ls1kLqM92rQD1CA3abMynRkvzztU2tVJfSvyLoq,ops/cdn-retirement-phase2/step3/v3-docs/0x6e82e4b398ca4137007ba69ddd6ff699334d13b5/92208933710796125770590251699325730336243064425460091178260788340701093768780.json
0x6e82e4b398ca4137007ba69ddd6ff699334d13b5,10,101018397861100865329114328924892815187623142272647927988588693624037353186263,101018397861100865329114328924892815187623142272647927988588693624037353186263,QmXnEo6LoGWZnhpytH6MtBcHXGu74ErQzs3NVKY5hwDZ7U,ops/cdn-retirement-phase2/step3/v3-docs/0x6e82e4b398ca4137007ba69ddd6ff699334d13b5/101018397861100865329114328924892815187623142272647927988588693624037353186263.json
0x6e82e4b398ca4137007ba69ddd6ff699334d13b5,10,103670424291181108903021494306982394267978572499721974093211453159646661892331,103670424291181108903021494306982394267978572499721974093211453159646661892331,Qmbj7tMv9mJ9qDnDvKCUxGBNDVG5eZntqH4GGJHVg5vLqv,ops/cdn-retirement-phase2/step3/v3-docs/0x6e82e4b398ca4137007ba69ddd6ff699334d13b5/103670424291181108903021494306982394267978572499721974093211453159646661892331.json
0x6e82e4b398ca4137007ba69ddd6ff699334d13b5,10,104398116994341825170426578498298630082738464392540213104738174707054719211566,104398116994341825170426578498298630082738464392540213104738174707054719211566,Qmbm4roDwSUDfami7UHNWze8aLCkBt2D4fWuH24zpx6jzW,ops/cdn-retirement-phase2/step3/v3-docs/0x6e82e4b398ca4137007ba69ddd6ff699334d13b5/104398116994341825170426578498298630082738464392540213104738174707054719211566.json
0x6e82e4b398ca4137007ba69ddd6ff699334d13b5,10,18508392712335859217281546756689095982136889956180325835747044186697182425058,18508392712335859217281546756689095982136889956180325835747044186697182425058,QmX2KCpRLbVm1nwYcjD6VnWWvYNTx1UWUZisXwayArP4Es,ops/cdn-retirement-phase2/step3/v3-docs/0x6e82e4b398ca4137007ba69ddd6ff699334d13b5/18508392712335859217281546756689095982136889956180325835747044186697182425058.json
0x6e82e4b398ca4137007ba69ddd6ff699334d13b5,10,26784186576786734221113338868184730699905253695798607540572045023095617009778,26784186576786734221113338868184730699905253695798607540572045023095617009778,QmWaNzhjv68MeMsJ33VLDhmTQj1wDiyyHWWjVXtVhpNbCk,ops/cdn-retirement-phase2/step3/v3-docs/0x6e82e4b398ca4137007ba69ddd6ff699334d13b5/26784186576786734221113338868184730699905253695798607540572045023095617009778.json
0x6e82e4b398ca4137007ba69ddd6ff699334d13b5,10,34718018818869922919370887279228907780982832976222422378720431113664518558588,34718018818869922919370887279228907780982832976222422378720431113664518558588,QmPthTfBwp8dZUN2dRkcv8dCeryagQtb72UtYJ2j27ZYD4,ops/cdn-retirement-phase2/step3/v3-docs/0x6e82e4b398ca4137007ba69ddd6ff699334d13b5/34718018818869922919370887279228907780982832976222422378720431113664518558588.json
0x6e82e4b398ca4137007ba69ddd6ff699334d13b5,10,57926226797054930816703082712960451066245365004697088168355518074723893138547,57926226797054930816703082712960451066245365004697088168355518074723893138547,QmUN2MzodPzZou37pLhA2YZmhR84AfkCESFrL6qSr2HPee,ops/cdn-retirement-phase2/step3/v3-docs/0x6e82e4b398ca4137007ba69ddd6ff699334d13b5/57926226797054930816703082712960451066245365004697088168355518074723893138547.json
0x6e82e4b398ca4137007ba69ddd6ff699334d13b5,10,67884599743201988766725462649025530234665379733525547672892980733959710599824,67884599743201988766725462649025530234665379733525547672892980733959710599824,QmaK9U7o5YgqCMXY49DmKDF4Mpf8jyPvhuRKUVTN2HbqYD,ops/cdn-retirement-phase2/step3/v3-docs/0x6e82e4b398ca4137007ba69ddd6ff699334d13b5/67884599743201988766725462649025530234665379733525547672892980733959710599824.json
0x6e82e4b398ca4137007ba69ddd6ff699334d13b5,10,92208933710796125770590251699325730336243064425460091178260788340701093768789,92208933710796125770590251699325730336243064425460091178260788340701093768789,QmWu3r3PmaRdkj6A3omsKXL26KdLcdCHPb7RZZRQ8cHYGT,ops/cdn-retirement-phase2/step3/v3-docs/0x6e82e4b398ca4137007ba69ddd6ff699334d13b5/92208933710796125770590251699325730336243064425460091178260788340701093768789.json
0x6e82e4b398ca4137007ba69ddd6ff699334d13b5,11,57926226797054930816703082712960451066245365004697088168355518074723893138548,57926226797054930816703082712960451066245365004697088168355518074723893138548,QmPh3Cyb84rjuzuF1wixW6fV9TbB9zVRgEsnBcC7C75nbD,ops/cdn-retirement-phase2/step3/v3-docs/0x6e82e4b398ca4137007ba69ddd6ff699334d13b5/57926226797054930816703082712960451066245365004697088168355518074723893138548.json
0x6e82e4b398ca4137007ba69ddd6ff699334d13b5,12,57926226797054930816703082712960451066245365004697088168355518074723893138549,57926226797054930816703082712960451066245365004697088168355518074723893138549,QmWSqEae8T3BepspCqmd9eBjKWzgpKiSMs6CFjiRQ3vi9c,ops/cdn-retirement-phase2/step3/v3-docs/0x6e82e4b398ca4137007ba69ddd6ff699334d13b5/57926226797054930816703082712960451066245365004697088168355518074723893138549.json
0x6e82e4b398ca4137007ba69ddd6ff699334d13b5,13,57926226797054930816703082712960451066245365004697088168355518074723893138550,57926226797054930816703082712960451066245365004697088168355518074723893138550,QmfJLLQDF9YEYxkUkDvucRqp9muejUxbgyZ8PHD4dRm6XW,ops/cdn-retirement-phase2/step3/v3-docs/0x6e82e4b398ca4137007ba69ddd6ff699334d13b5/57926226797054930816703082712960451066245365004697088168355518074723893138550.json
0x6e82e4b398ca4137007ba69ddd6ff699334d13b5,14,57926226797054930816703082712960451066245365004697088168355518074723893138551,57926226797054930816703082712960451066245365004697088168355518074723893138551,QmQigi2yPwaRnndBP4dsTfrarpYSUVmQENaonnFr3JjY9b,ops/cdn-retirement-phase2/step3/v3-docs/0x6e82e4b398ca4137007ba69ddd6ff699334d13b5/57926226797054930816703082712960451066245365004697088168355518074723893138551.json
0x6e82e4b398ca4137007ba69ddd6ff699334d13b5,15,57926226797054930816703082712960451066245365004697088168355518074723893138552,57926226797054930816703082712960451066245365004697088168355518074723893138552,QmbKc4rp6g9ZtNkBdYrBRCqthDEbGrErS3o6o7AVFzWQsG,ops/cdn-retirement-phase2/step3/v3-docs/0x6e82e4b398ca4137007ba69ddd6ff699334d13b5/57926226797054930816703082712960451066245365004697088168355518074723893138552.json
0x6e82e4b398ca4137007ba69ddd6ff699334d13b5,16,57926226797054930816703082712960451066245365004697088168355518074723893138553,57926226797054930816703082712960451066245365004697088168355518074723893138553,QmNmBqqr1ukpLzLYsBxH8CxkZ8deFGZWASLdDCPhZmYc2x,ops/cdn-retirement-phase2/step3/v3-docs/0x6e82e4b398ca4137007ba69ddd6ff699334d13b5/57926226797054930816703082712960451066245365004697088168355518074723893138553.json
0x6e82e4b398ca4137007ba69ddd6ff699334d13b5,17,57926226797054930816703082712960451066245365004697088168355518074723893138554,57926226797054930816703082712960451066245365004697088168355518074723893138554,QmenKBocpmuUc1eV7Z1JCC4PiEKCjFwYSQ9axH3BiwyB4Q,ops/cdn-retirement-phase2/step3/v3-docs/0x6e82e4b398ca4137007ba69ddd6ff699334d13b5/57926226797054930816703082712960451066245365004697088168355518074723893138554.json
0x6e82e4b398ca4137007ba69ddd6ff699334d13b5,18,57926226797054930816703082712960451066245365004697088168355518074723893138555,57926226797054930816703082712960451066245365004697088168355518074723893138555,QmPNvFxnzu4fE55hnAjDRS4NDWFkWGt1JbLiHe446YEnGu,ops/cdn-retirement-phase2/step3/v3-docs/0x6e82e4b398ca4137007ba69ddd6ff699334d13b5/57926226797054930816703082712960451066245365004697088168355518074723893138555.json
0x6e82e4b398ca4137007ba69ddd6ff699334d13b5,19,57926226797054930816703082712960451066245365004697088168355518074723893138556,57926226797054930816703082712960451066245365004697088168355518074723893138556,QmWMYz66n3ek7Wh2rnP6z4viiT7N7tCrVKNDFYFPZHpRm5,ops/cdn-retirement-phase2/step3/v3-docs/0x6e82e4b398ca4137007ba69ddd6ff699334d13b5/57926226797054930816703082712960451066245365004697088168355518074723893138556.json
0x6e82e4b398ca4137007ba69ddd6ff699334d13b5,2,101018397861100865329114328924892815187623142272647927988588693624037353186255,101018397861100865329114328924892815187623142272647927988588693624037353186255,QmYbkQTUjXCjfQRqzWhQiVFAMj4rBBTmsqBCTCtMsQErCu,ops/cdn-retirement-phase2/step3/v3-docs/0x6e82e4b398ca4137007ba69ddd6ff699334d13b5/101018397861100865329114328924892815187623142272647927988588693624037353186255.json
0x6e82e4b398ca4137007ba69ddd6ff699334d13b5,2,103670424291181108903021494306982394267978572499721974093211453159646661892323,103670424291181108903021494306982394267978572499721974093211453159646661892323,QmRBfM3guQD7dL4WFDuHVeSQjQNiKjZcSeRdPpC7M9PziG,ops/cdn-retirement-phase2/step3/v3-docs/0x6e82e4b398ca4137007ba69ddd6ff699334d13b5/103670424291181108903021494306982394267978572499721974093211453159646661892323.json
0x6e82e4b398ca4137007ba69ddd6ff699334d13b5,2,104398116994341825170426578498298630082738464392540213104738174707054719211558,104398116994341825170426578498298630082738464392540213104738174707054719211558,QmeNUsadHvjkoaWCdrJEYD2rmUVFXnFypAqwXQCLesDYaL,ops/cdn-retirement-phase2/step3/v3-docs/0x6e82e4b398ca4137007ba69ddd6ff699334d13b5/104398116994341825170426578498298630082738464392540213104738174707054719211558.json
0x6e82e4b398ca4137007ba69ddd6ff699334d13b5,2,18508392712335859217281546756689095982136889956180325835747044186697182425050,18508392712335859217281546756689095982136889956180325835747044186697182425050,QmdtKAwyiyWefHNDStutH8Q9hEiuPrBYGUVrCA3eNy9GhA,ops/cdn-retirement-phase2/step3/v3-docs/0x6e82e4b398ca4137007ba69ddd6ff699334d13b5/18508392712335859217281546756689095982136889956180325835747044186697182425050.json
0x6e82e4b398ca4137007ba69ddd6ff699334d13b5,2,26784186576786734221113338868184730699905253695798607540572045023095617009770,26784186576786734221113338868184730699905253695798607540572045023095617009770,QmS7ARNxvKd1TCETUfMAEEm7RLtR2AtmgnY9v3mQ5ASaAj,ops/cdn-retirement-phase2/step3/v3-docs/0x6e82e4b398ca4137007ba69ddd6ff699334d13b5/26784186576786734221113338868184730699905253695798607540572045023095617009770.json
0x6e82e4b398ca4137007ba69ddd6ff699334d13b5,2,31658398539211567249775841645446054699032188246536879923555153674548343085942,31658398539211567249775841645446054699032188246536879923555153674548343085942,QmdjPLSsf867My9oqQ5dNFJQX76sDTZiB4BrhFZSSuXoXF,ops/cdn-retirement-phase2/step3/v3-docs/0x6e82e4b398ca4137007ba69ddd6ff699334d13b5/31658398539211567249775841645446054699032188246536879923555153674548343085942.json
0x6e82e4b398ca4137007ba69ddd6ff699334d13b5,2,34718018818869922919370887279228907780982832976222422378720431113664518558580,34718018818869922919370887279228907780982832976222422378720431113664518558580,Qmek7pjxVzfG9hhbRxNchqoR1gXcHr9hj9WMTVozJjwDJz,ops/cdn-retirement-phase2/step3/v3-docs/0x6e82e4b398ca4137007ba69ddd6ff699334d13b5/34718018818869922919370887279228907780982832976222422378720431113664518558580.json
0x6e82e4b398ca4137007ba69ddd6ff699334d13b5,2,38691948804591133143284137495105900800364423599931822770633671069054284343617,38691948804591133143284137495105900800364423599931822770633671069054284343617,QmeaU33hx52FVooSZweXrpn7hrb9hWXsWNo4cmuwZihetu,ops/cdn-retirement-phase2/step3/v3-docs/0x6e82e4b398ca4137007ba69ddd6ff699334d13b5/38691948804591133143284137495105900800364423599931822770633671069054284343617.json
0x6e82e4b398ca4137007ba69ddd6ff699334d13b5,2,57926226797054930816703082712960451066245365004697088168355518074723893138539,57926226797054930816703082712960451066245365004697088168355518074723893138539,QmWE4nhYwAh7d3YXXRXM9LD7Szj1KrAThyi8kjQHousWrZ,ops/cdn-retirement-phase2/step3/v3-docs/0x6e82e4b398ca4137007ba69ddd6ff699334d13b5/57926226797054930816703082712960451066245365004697088168355518074723893138539.json
0x6e82e4b398ca4137007ba69ddd6ff699334d13b5,2,67884599743201988766725462649025530234665379733525547672892980733959710599816,67884599743201988766725462649025530234665379733525547672892980733959710599816,QmVHyZ9ccsB2yz9SVhMswvgpQZX1AXUEySijrfQg4Fieze,ops/cdn-retirement-phase2/step3/v3-docs/0x6e82e4b398ca4137007ba69ddd6ff699334d13b5/67884599743201988766725462649025530234665379733525547672892980733959710599816.json
0x6e82e4b398ca4137007ba69ddd6ff699334d13b5,2,83546164136789563436808252890115554093142535498547881756265405968490982747234,83546164136789563436808252890115554093142535498547881756265405968490982747234,QmTkq5f4cMTCxCmgFQ1DfvUdvAx3ykgtfS7YVa7d5GMRfP,ops/cdn-retirement-phase2/step3/v3-docs/0x6e82e4b398ca4137007ba69ddd6ff699334d13b5/83546164136789563436808252890115554093142535498547881756265405968490982747234.json
0x6e82e4b398ca4137007ba69ddd6ff699334d13b5,2,92208933710796125770590251699325730336243064425460091178260788340701093768781,92208933710796125770590251699325730336243064425460091178260788340701093768781,Qmawc4uNL4r6dR6D7e3Sgx8cAwYyAmUTVAoHsf2hXvnYyw,ops/cdn-retirement-phase2/step3/v3-docs/0x6e82e4b398ca4137007ba69ddd6ff699334d13b5/92208933710796125770590251699325730336243064425460091178260788340701093768781.json
0x6e82e4b398ca4137007ba69ddd6ff699334d13b5,20,57926226797054930816703082712960451066245365004697088168355518074723893138557,57926226797054930816703082712960451066245365004697088168355518074723893138557,QmcJDUkjuoeCkih3Ns5nTDCCeCKXaNhKqSoFyxobCwHG9a,ops/cdn-retirement-phase2/step3/v3-docs/0x6e82e4b398ca4137007ba69ddd6ff699334d13b5/57926226797054930816703082712960451066245365004697088168355518074723893138557.json
0x6e82e4b398ca4137007ba69ddd6ff699334d13b5,21,57926226797054930816703082712960451066245365004697088168355518074723893138558,57926226797054930816703082712960451066245365004697088168355518074723893138558,QmWd8BAjSWFjPtstE4Krrd8UobkfjuHfQHFKv7c7DscdFi,ops/cdn-retirement-phase2/step3/v3-docs/0x6e82e4b398ca4137007ba69ddd6ff699334d13b5/57926226797054930816703082712960451066245365004697088168355518074723893138558.json
0x6e82e4b398ca4137007ba69ddd6ff699334d13b5,22,57926226797054930816703082712960451066245365004697088168355518074723893138559,57926226797054930816703082712960451066245365004697088168355518074723893138559,QmXQPHCXVbbZ9vXEku9gJydtjw7LY8BdJid84zat9xHBbo,ops/cdn-retirement-phase2/step3/v3-docs/0x6e82e4b398ca4137007ba69ddd6ff699334d13b5/57926226797054930816703082712960451066245365004697088168355518074723893138559.json
0x6e82e4b398ca4137007ba69ddd6ff699334d13b5,23,57926226797054930816703082712960451066245365004697088168355518074723893138560,57926226797054930816703082712960451066245365004697088168355518074723893138560,QmfVQZqkb44DGyMusdtFXiMGwLv1NSgmzJuT53QRw7PCBD,ops/cdn-retirement-phase2/step3/v3-docs/0x6e82e4b398ca4137007ba69ddd6ff699334d13b5/57926226797054930816703082712960451066245365004697088168355518074723893138560.json
0x6e82e4b398ca4137007ba69ddd6ff699334d13b5,24,57926226797054930816703082712960451066245365004697088168355518074723893138561,57926226797054930816703082712960451066245365004697088168355518074723893138561,QmPENv9Ygk3DXT2Lg4huJuezSc69h3Pxh4tbaDFvXBqzpn,ops/cdn-retirement-phase2/step3/v3-docs/0x6e82e4b398ca4137007ba69ddd6ff699334d13b5/57926226797054930816703082712960451066245365004697088168355518074723893138561.json
0x6e82e4b398ca4137007ba69ddd6ff699334d13b5,25,57926226797054930816703082712960451066245365004697088168355518074723893138562,57926226797054930816703082712960451066245365004697088168355518074723893138562,QmZnTwNo4ikmwpnGLzdtbnevU4bpwgkD4FtQY6BT2vifL6,ops/cdn-retirement-phase2/step3/v3-docs/0x6e82e4b398ca4137007ba69ddd6ff699334d13b5/57926226797054930816703082712960451066245365004697088168355518074723893138562.json
0x6e82e4b398ca4137007ba69ddd6ff699334d13b5,26,57926226797054930816703082712960451066245365004697088168355518074723893138563,57926226797054930816703082712960451066245365004697088168355518074723893138563,QmZt5qQGRCspJrmTkSnyn1WxtvM1mgxzexH89yfDdk8oB2,ops/cdn-retirement-phase2/step3/v3-docs/0x6e82e4b398ca4137007ba69ddd6ff699334d13b5/57926226797054930816703082712960451066245365004697088168355518074723893138563.json
0x6e82e4b398ca4137007ba69ddd6ff699334d13b5,27,57926226797054930816703082712960451066245365004697088168355518074723893138564,57926226797054930816703082712960451066245365004697088168355518074723893138564,QmWx5MwayfrwBqH7o48bGLLiMitu1hAaRDkK6kxK24n3aQ,ops/cdn-retirement-phase2/step3/v3-docs/0x6e82e4b398ca4137007ba69ddd6ff699334d13b5/57926226797054930816703082712960451066245365004697088168355518074723893138564.json
0x6e82e4b398ca4137007ba69ddd6ff699334d13b5,28,57926226797054930816703082712960451066245365004697088168355518074723893138565,57926226797054930816703082712960451066245365004697088168355518074723893138565,QmfA4uBReqeCZHo31ZYRw9xSPzfEptSzZYgAV8PgWGv3iV,ops/cdn-retirement-phase2/step3/v3-docs/0x6e82e4b398ca4137007ba69ddd6ff699334d13b5/57926226797054930816703082712960451066245365004697088168355518074723893138565.json
0x6e82e4b398ca4137007ba69ddd6ff699334d13b5,29,57926226797054930816703082712960451066245365004697088168355518074723893138566,57926226797054930816703082712960451066245365004697088168355518074723893138566,QmaQeCRi31CNwnbLGrCZgcAQHFuNdKrb51ZvHtqthKCFa6,ops/cdn-retirement-phase2/step3/v3-docs/0x6e82e4b398ca4137007ba69ddd6ff699334d13b5/57926226797054930816703082712960451066245365004697088168355518074723893138566.json
0x6e82e4b398ca4137007ba69ddd6ff699334d13b5,3,101018397861100865329114328924892815187623142272647927988588693624037353186256,101018397861100865329114328924892815187623142272647927988588693624037353186256,QmNnAbJ5F4Y7xpcCqpDVLVPUS2tCvT9TkyZia5dSWvH34h,ops/cdn-retirement-phase2/step3/v3-docs/0x6e82e4b398ca4137007ba69ddd6ff699334d13b5/101018397861100865329114328924892815187623142272647927988588693624037353186256.json
0x6e82e4b398ca4137007ba69ddd6ff699334d13b5,3,103670424291181108903021494306982394267978572499721974093211453159646661892324,103670424291181108903021494306982394267978572499721974093211453159646661892324,QmSdi9NxenRRjKhWFePLdxM8XEmH6bbpFtAk7aRCDUjRMu,ops/cdn-retirement-phase2/step3/v3-docs/0x6e82e4b398ca4137007ba69ddd6ff699334d13b5/103670424291181108903021494306982394267978572499721974093211453159646661892324.json
0x6e82e4b398ca4137007ba69ddd6ff699334d13b5,3,104398116994341825170426578498298630082738464392540213104738174707054719211559,104398116994341825170426578498298630082738464392540213104738174707054719211559,QmdAyu3irVWC18K9bs7B22DptX6NaA2gtvZnPXXpFJocbH,ops/cdn-retirement-phase2/step3/v3-docs/0x6e82e4b398ca4137007ba69ddd6ff699334d13b5/104398116994341825170426578498298630082738464392540213104738174707054719211559.json
0x6e82e4b398ca4137007ba69ddd6ff699334d13b5,3,18508392712335859217281546756689095982136889956180325835747044186697182425051,18508392712335859217281546756689095982136889956180325835747044186697182425051,QmVmrZRHkFhK7g7NXRFaFrcSpmtsFMYfmmdAnjEwPUjBQz,ops/cdn-retirement-phase2/step3/v3-docs/0x6e82e4b398ca4137007ba69ddd6ff699334d13b5/18508392712335859217281546756689095982136889956180325835747044186697182425051.json
0x6e82e4b398ca4137007ba69ddd6ff699334d13b5,3,26784186576786734221113338868184730699905253695798607540572045023095617009771,26784186576786734221113338868184730699905253695798607540572045023095617009771,QmPEoqaQREkQmoWGbJvQ9fQtL9WmCtXKaUgYLBs9VTUptf,ops/cdn-retirement-phase2/step3/v3-docs/0x6e82e4b398ca4137007ba69ddd6ff699334d13b5/26784186576786734221113338868184730699905253695798607540572045023095617009771.json
0x6e82e4b398ca4137007ba69ddd6ff699334d13b5,3,31658398539211567249775841645446054699032188246536879923555153674548343085943,31658398539211567249775841645446054699032188246536879923555153674548343085943,QmagjpQ9AgvsCWZvvPG2ofNKRNd7Z1avj3Y24EFMz8gcrK,ops/cdn-retirement-phase2/step3/v3-docs/0x6e82e4b398ca4137007ba69ddd6ff699334d13b5/31658398539211567249775841645446054699032188246536879923555153674548343085943.json
0x6e82e4b398ca4137007ba69ddd6ff699334d13b5,3,34718018818869922919370887279228907780982832976222422378720431113664518558581,34718018818869922919370887279228907780982832976222422378720431113664518558581,QmRynf9yQ8Ksa5WxCUr1GLahWiBuhYSs1rUHDg3o6CAiRc,ops/cdn-retirement-phase2/step3/v3-docs/0x6e82e4b398ca4137007ba69ddd6ff699334d13b5/34718018818869922919370887279228907780982832976222422378720431113664518558581.json
0x6e82e4b398ca4137007ba69ddd6ff699334d13b5,3,38691948804591133143284137495105900800364423599931822770633671069054284343618,38691948804591133143284137495105900800364423599931822770633671069054284343618,QmaueNsGwax2npyQW9XoQW467BHP5AYJzvS4Wb2DMH7LAT,ops/cdn-retirement-phase2/step3/v3-docs/0x6e82e4b398ca4137007ba69ddd6ff699334d13b5/38691948804591133143284137495105900800364423599931822770633671069054284343618.json
0x6e82e4b398ca4137007ba69ddd6ff699334d13b5,3,57926226797054930816703082712960451066245365004697088168355518074723893138540,57926226797054930816703082712960451066245365004697088168355518074723893138540,QmdpJst4q7kDmYK3cq74Lj4KHGqnuWFeDRkFhxWiwKB8bV,ops/cdn-retirement-phase2/step3/v3-docs/0x6e82e4b398ca4137007ba69ddd6ff699334d13b5/57926226797054930816703082712960451066245365004697088168355518074723893138540.json
0x6e82e4b398ca4137007ba69ddd6ff699334d13b5,3,67884599743201988766725462649025530234665379733525547672892980733959710599817,67884599743201988766725462649025530234665379733525547672892980733959710599817,QmfXkkF2SekasRPna4B1NLoVsGPyPgDUfWH8G78L6cxoag,ops/cdn-retirement-phase2/step3/v3-docs/0x6e82e4b398ca4137007ba69ddd6ff699334d13b5/67884599743201988766725462649025530234665379733525547672892980733959710599817.json
0x6e82e4b398ca4137007ba69ddd6ff699334d13b5,3,83546164136789563436808252890115554093142535498547881756265405968490982747235,83546164136789563436808252890115554093142535498547881756265405968490982747235,QmQfjRsDnW6QcjGdgMFCTupe9ZCdLPVeWMrcenm93LA7XD,ops/cdn-retirement-phase2/step3/v3-docs/0x6e82e4b398ca4137007ba69ddd6ff699334d13b5/83546164136789563436808252890115554093142535498547881756265405968490982747235.json
0x6e82e4b398ca4137007ba69ddd6ff699334d13b5,3,92208933710796125770590251699325730336243064425460091178260788340701093768782,92208933710796125770590251699325730336243064425460091178260788340701093768782,QmUuZHdYuH9vwKXPFXGU4GqBQnyhhdfBcmDgJ2WF1Q9XSW,ops/cdn-retirement-phase2/step3/v3-docs/0x6e82e4b398ca4137007ba69ddd6ff699334d13b5/92208933710796125770590251699325730336243064425460091178260788340701093768782.json
0x6e82e4b398ca4137007ba69ddd6ff699334d13b5,30,57926226797054930816703082712960451066245365004697088168355518074723893138567,57926226797054930816703082712960451066245365004697088168355518074723893138567,QmPF1AMRgHxmTdMEJ8LMe4MtyGndyJbsGQpEGbfChzuFWy,ops/cdn-retirement-phase2/step3/v3-docs/0x6e82e4b398ca4137007ba69ddd6ff699334d13b5/57926226797054930816703082712960451066245365004697088168355518074723893138567.json
0x6e82e4b398ca4137007ba69ddd6ff699334d13b5,31,57926226797054930816703082712960451066245365004697088168355518074723893138568,57926226797054930816703082712960451066245365004697088168355518074723893138568,QmWq19uCd6daQujhgnqPvNuVdkJ7ax8iwhbgUYLFbvpZWD,ops/cdn-retirement-phase2/step3/v3-docs/0x6e82e4b398ca4137007ba69ddd6ff699334d13b5/57926226797054930816703082712960451066245365004697088168355518074723893138568.json
0x6e82e4b398ca4137007ba69ddd6ff699334d13b5,32,57926226797054930816703082712960451066245365004697088168355518074723893138569,57926226797054930816703082712960451066245365004697088168355518074723893138569,QmYDycY3Z9AaPqp1ztFRv5Cin66CMA6gRDEuPr58A2LuE3,ops/cdn-retirement-phase2/step3/v3-docs/0x6e82e4b398ca4137007ba69ddd6ff699334d13b5/57926226797054930816703082712960451066245365004697088168355518074723893138569.json
0x6e82e4b398ca4137007ba69ddd6ff699334d13b5,33,57926226797054930816703082712960451066245365004697088168355518074723893138570,57926226797054930816703082712960451066245365004697088168355518074723893138570,Qmazp7F55gbqRNoqiRTH4G83WyLbXbUKbFAfJf6Cb72hyE,ops/cdn-retirement-phase2/step3/v3-docs/0x6e82e4b398ca4137007ba69ddd6ff699334d13b5/57926226797054930816703082712960451066245365004697088168355518074723893138570.json
0x6e82e4b398ca4137007ba69ddd6ff699334d13b5,34,57926226797054930816703082712960451066245365004697088168355518074723893138571,57926226797054930816703082712960451066245365004697088168355518074723893138571,QmVmn7qCxiECHYxFWhcbdgVTJj1A7sqJ7PTfKatAKCNwv3,ops/cdn-retirement-phase2/step3/v3-docs/0x6e82e4b398ca4137007ba69ddd6ff699334d13b5/57926226797054930816703082712960451066245365004697088168355518074723893138571.json
0x6e82e4b398ca4137007ba69ddd6ff699334d13b5,35,57926226797054930816703082712960451066245365004697088168355518074723893138572,57926226797054930816703082712960451066245365004697088168355518074723893138572,QmcsdEryBFAwwqZPPu3QGJMRS2Nqhfc9i3A4ywGguWXJBC,ops/cdn-retirement-phase2/step3/v3-docs/0x6e82e4b398ca4137007ba69ddd6ff699334d13b5/57926226797054930816703082712960451066245365004697088168355518074723893138572.json
0x6e82e4b398ca4137007ba69ddd6ff699334d13b5,36,57926226797054930816703082712960451066245365004697088168355518074723893138573,57926226797054930816703082712960451066245365004697088168355518074723893138573,QmU3riNWE2tah5USNZf1fLsQpkhUQhGAwdjfoaRnBosera,ops/cdn-retirement-phase2/step3/v3-docs/0x6e82e4b398ca4137007ba69ddd6ff699334d13b5/57926226797054930816703082712960451066245365004697088168355518074723893138573.json
0x6e82e4b398ca4137007ba69ddd6ff699334d13b5,37,57926226797054930816703082712960451066245365004697088168355518074723893138574,57926226797054930816703082712960451066245365004697088168355518074723893138574,QmRzBos5MRF85WT5YtGbRsJR2R67kRZSMyJgaK4ztqo5tt,ops/cdn-retirement-phase2/step3/v3-docs/0x6e82e4b398ca4137007ba69ddd6ff699334d13b5/57926226797054930816703082712960451066245365004697088168355518074723893138574.json
0x6e82e4b398ca4137007ba69ddd6ff699334d13b5,38,57926226797054930816703082712960451066245365004697088168355518074723893138575,57926226797054930816703082712960451066245365004697088168355518074723893138575,QmRjVGMAahqdvv9GsgTxkr32Ase8o85gJ1PUTAqoA1A7t6,ops/cdn-retirement-phase2/step3/v3-docs/0x6e82e4b398ca4137007ba69ddd6ff699334d13b5/57926226797054930816703082712960451066245365004697088168355518074723893138575.json
0x6e82e4b398ca4137007ba69ddd6ff699334d13b5,39,57926226797054930816703082712960451066245365004697088168355518074723893138576,57926226797054930816703082712960451066245365004697088168355518074723893138576,QmYy4o3UVC64gbcQ3Wu8UqwBQsp2vyhf4UYniL6EdnUH6m,ops/cdn-retirement-phase2/step3/v3-docs/0x6e82e4b398ca4137007ba69ddd6ff699334d13b5/57926226797054930816703082712960451066245365004697088168355518074723893138576.json
0x6e82e4b398ca4137007ba69ddd6ff699334d13b5,4,101018397861100865329114328924892815187623142272647927988588693624037353186257,101018397861100865329114328924892815187623142272647927988588693624037353186257,QmQ34poqzFxiPqwwyftfC6JrFVZ8N16Lmrzy8WsnmRhv5D,ops/cdn-retirement-phase2/step3/v3-docs/0x6e82e4b398ca4137007ba69ddd6ff699334d13b5/101018397861100865329114328924892815187623142272647927988588693624037353186257.json
0x6e82e4b398ca4137007ba69ddd6ff699334d13b5,4,103670424291181108903021494306982394267978572499721974093211453159646661892325,103670424291181108903021494306982394267978572499721974093211453159646661892325,QmaqcyVUpdMYzeRouH7yDDWBRsDePq3r3M5ZAiMym9zimA,ops/cdn-retirement-phase2/step3/v3-docs/0x6e82e4b398ca4137007ba69ddd6ff699334d13b5/103670424291181108903021494306982394267978572499721974093211453159646661892325.json
0x6e82e4b398ca4137007ba69ddd6ff699334d13b5,4,104398116994341825170426578498298630082738464392540213104738174707054719211560,104398116994341825170426578498298630082738464392540213104738174707054719211560,QmSZtbAw96Kmcv3ueXneZZyw59MmAmTQvZ8Aj9jZ1grH5v,ops/cdn-retirement-phase2/step3/v3-docs/0x6e82e4b398ca4137007ba69ddd6ff699334d13b5/104398116994341825170426578498298630082738464392540213104738174707054719211560.json
0x6e82e4b398ca4137007ba69ddd6ff699334d13b5,4,18508392712335859217281546756689095982136889956180325835747044186697182425052,18508392712335859217281546756689095982136889956180325835747044186697182425052,QmVK4FvDzo6WK8Gvr62CYAWXrhhz9JCM8i7Ba1fJY6RdVA,ops/cdn-retirement-phase2/step3/v3-docs/0x6e82e4b398ca4137007ba69ddd6ff699334d13b5/18508392712335859217281546756689095982136889956180325835747044186697182425052.json
0x6e82e4b398ca4137007ba69ddd6ff699334d13b5,4,26784186576786734221113338868184730699905253695798607540572045023095617009772,26784186576786734221113338868184730699905253695798607540572045023095617009772,QmW4MWMW9mXwMBsPfNhwYM7xFDzvQGkcSHfpfwBvnQsA1S,ops/cdn-retirement-phase2/step3/v3-docs/0x6e82e4b398ca4137007ba69ddd6ff699334d13b5/26784186576786734221113338868184730699905253695798607540572045023095617009772.json
0x6e82e4b398ca4137007ba69ddd6ff699334d13b5,4,34718018818869922919370887279228907780982832976222422378720431113664518558582,34718018818869922919370887279228907780982832976222422378720431113664518558582,QmY6qEzDH6MKjsbg9ey1wLQHQWYUkRRRihRUwLy7LtY6pf,ops/cdn-retirement-phase2/step3/v3-docs/0x6e82e4b398ca4137007ba69ddd6ff699334d13b5/34718018818869922919370887279228907780982832976222422378720431113664518558582.json
0x6e82e4b398ca4137007ba69ddd6ff699334d13b5,4,57926226797054930816703082712960451066245365004697088168355518074723893138541,57926226797054930816703082712960451066245365004697088168355518074723893138541,QmW4PGUJmgiJLx6GAzCHTXiEx5k6vwjmHVodVf6HFZsBve,ops/cdn-retirement-phase2/step3/v3-docs/0x6e82e4b398ca4137007ba69ddd6ff699334d13b5/57926226797054930816703082712960451066245365004697088168355518074723893138541.json
0x6e82e4b398ca4137007ba69ddd6ff699334d13b5,4,67884599743201988766725462649025530234665379733525547672892980733959710599818,67884599743201988766725462649025530234665379733525547672892980733959710599818,QmX12fcm9LPuGjvAMADeQrbLApgRQLQLoEnWX7uK8yfd1a,ops/cdn-retirement-phase2/step3/v3-docs/0x6e82e4b398ca4137007ba69ddd6ff699334d13b5/67884599743201988766725462649025530234665379733525547672892980733959710599818.json
0x6e82e4b398ca4137007ba69ddd6ff699334d13b5,4,92208933710796125770590251699325730336243064425460091178260788340701093768783,92208933710796125770590251699325730336243064425460091178260788340701093768783,QmevJGS1Lcu3LT9wrqPTEKY3GqSogjimx8arcfZdbDHd9X,ops/cdn-retirement-phase2/step3/v3-docs/0x6e82e4b398ca4137007ba69ddd6ff699334d13b5/92208933710796125770590251699325730336243064425460091178260788340701093768783.json
0x6e82e4b398ca4137007ba69ddd6ff699334d13b5,40,57926226797054930816703082712960451066245365004697088168355518074723893138577,57926226797054930816703082712960451066245365004697088168355518074723893138577,Qmd2sW8hesSEuSpvGsLvwbDrQwguWeArarSqjqwKGu3vXq,ops/cdn-retirement-phase2/step3/v3-docs/0x6e82e4b398ca4137007ba69ddd6ff699334d13b5/57926226797054930816703082712960451066245365004697088168355518074723893138577.json
0x6e82e4b398ca4137007ba69ddd6ff699334d13b5,41,57926226797054930816703082712960451066245365004697088168355518074723893138578,57926226797054930816703082712960451066245365004697088168355518074723893138578,QmTnm3aZeLNVPeCB1xCFLuTS3AbsvGq3wLebmMUVF5wbtz,ops/cdn-retirement-phase2/step3/v3-docs/0x6e82e4b398ca4137007ba69ddd6ff699334d13b5/57926226797054930816703082712960451066245365004697088168355518074723893138578.json
0x6e82e4b398ca4137007ba69ddd6ff699334d13b5,42,57926226797054930816703082712960451066245365004697088168355518074723893138579,57926226797054930816703082712960451066245365004697088168355518074723893138579,QmX6ixhguJpW8uXbtHrDyTyynQn8A4JswthG24U4sUzhYK,ops/cdn-retirement-phase2/step3/v3-docs/0x6e82e4b398ca4137007ba69ddd6ff699334d13b5/57926226797054930816703082712960451066245365004697088168355518074723893138579.json
0x6e82e4b398ca4137007ba69ddd6ff699334d13b5,43,57926226797054930816703082712960451066245365004697088168355518074723893138580,57926226797054930816703082712960451066245365004697088168355518074723893138580,QmRs6MUcDrbmJdLmmZN9e1eQs4VBWtK7TDj91p2p8TsMfC,ops/cdn-retirement-phase2/step3/v3-docs/0x6e82e4b398ca4137007ba69ddd6ff699334d13b5/57926226797054930816703082712960451066245365004697088168355518074723893138580.json
0x6e82e4b398ca4137007ba69ddd6ff699334d13b5,44,57926226797054930816703082712960451066245365004697088168355518074723893138581,57926226797054930816703082712960451066245365004697088168355518074723893138581,QmPPCh7BkPuUtnuWvqUDiz5V27XHmr22wBXGR9BtoNupYN,ops/cdn-retirement-phase2/step3/v3-docs/0x6e82e4b398ca4137007ba69ddd6ff699334d13b5/57926226797054930816703082712960451066245365004697088168355518074723893138581.json
0x6e82e4b398ca4137007ba69ddd6ff699334d13b5,45,57926226797054930816703082712960451066245365004697088168355518074723893138582,57926226797054930816703082712960451066245365004697088168355518074723893138582,QmXPQvFzFP9HEgPZPmWJp39wg97riP1iaFfYGNT5oxKZ1m,ops/cdn-retirement-phase2/step3/v3-docs/0x6e82e4b398ca4137007ba69ddd6ff699334d13b5/57926226797054930816703082712960451066245365004697088168355518074723893138582.json
0x6e82e4b398ca4137007ba69ddd6ff699334d13b5,46,57926226797054930816703082712960451066245365004697088168355518074723893138583,57926226797054930816703082712960451066245365004697088168355518074723893138583,QmQZAiHre5hhj25rCPrghRU9NzFykG46aZoE8oDweQE47u,ops/cdn-retirement-phase2/step3/v3-docs/0x6e82e4b398ca4137007ba69ddd6ff699334d13b5/57926226797054930816703082712960451066245365004697088168355518074723893138583.json
0x6e82e4b398ca4137007ba69ddd6ff699334d13b5,47,57926226797054930816703082712960451066245365004697088168355518074723893138584,57926226797054930816703082712960451066245365004697088168355518074723893138584,QmczMhM4wW9qh1LPv1qntTb9t3Nj7mErq3QN4FPH7BJVgC,ops/cdn-retirement-phase2/step3/v3-docs/0x6e82e4b398ca4137007ba69ddd6ff699334d13b5/57926226797054930816703082712960451066245365004697088168355518074723893138584.json
0x6e82e4b398ca4137007ba69ddd6ff699334d13b5,48,57926226797054930816703082712960451066245365004697088168355518074723893138585,57926226797054930816703082712960451066245365004697088168355518074723893138585,QmYKVZjeNT81DtfkCd24YWrRWUFME1sTHmTEHSmVgnUS9u,ops/cdn-retirement-phase2/step3/v3-docs/0x6e82e4b398ca4137007ba69ddd6ff699334d13b5/57926226797054930816703082712960451066245365004697088168355518074723893138585.json
0x6e82e4b398ca4137007ba69ddd6ff699334d13b5,49,57926226797054930816703082712960451066245365004697088168355518074723893138586,57926226797054930816703082712960451066245365004697088168355518074723893138586,QmS9SmNCfjYS5KbfCPwtc7XigoCmqywR3AuAiiqRF4iyTV,ops/cdn-retirement-phase2/step3/v3-docs/0x6e82e4b398ca4137007ba69ddd6ff699334d13b5/57926226797054930816703082712960451066245365004697088168355518074723893138586.json
0x6e82e4b398ca4137007ba69ddd6ff699334d13b5,5,101018397861100865329114328924892815187623142272647927988588693624037353186258,101018397861100865329114328924892815187623142272647927988588693624037353186258,QmRcVA7XqEPW6Ws9Herc8MYn8gkfADmhu2w8Wuomr5mSxs,ops/cdn-retirement-phase2/step3/v3-docs/0x6e82e4b398ca4137007ba69ddd6ff699334d13b5/101018397861100865329114328924892815187623142272647927988588693624037353186258.json
0x6e82e4b398ca4137007ba69ddd6ff699334d13b5,5,103670424291181108903021494306982394267978572499721974093211453159646661892326,103670424291181108903021494306982394267978572499721974093211453159646661892326,QmbsbT7uxtEA9UJciBWjmjpT4CNDhgEXUW3JmjJLhMyzHG,ops/cdn-retirement-phase2/step3/v3-docs/0x6e82e4b398ca4137007ba69ddd6ff699334d13b5/103670424291181108903021494306982394267978572499721974093211453159646661892326.json
0x6e82e4b398ca4137007ba69ddd6ff699334d13b5,5,104398116994341825170426578498298630082738464392540213104738174707054719211561,104398116994341825170426578498298630082738464392540213104738174707054719211561,QmV8Yf9oJkFNuvu6D7kYwr2cyjmUjM9XwFeUMUGVWRispV,ops/cdn-retirement-phase2/step3/v3-docs/0x6e82e4b398ca4137007ba69ddd6ff699334d13b5/104398116994341825170426578498298630082738464392540213104738174707054719211561.json
0x6e82e4b398ca4137007ba69ddd6ff699334d13b5,5,18508392712335859217281546756689095982136889956180325835747044186697182425053,18508392712335859217281546756689095982136889956180325835747044186697182425053,QmafPie1HKqN3QkipyW8VTHAyXUPYtdSMuLpXZusXmbFgf,ops/cdn-retirement-phase2/step3/v3-docs/0x6e82e4b398ca4137007ba69ddd6ff699334d13b5/18508392712335859217281546756689095982136889956180325835747044186697182425053.json
0x6e82e4b398ca4137007ba69ddd6ff699334d13b5,5,26784186576786734221113338868184730699905253695798607540572045023095617009773,26784186576786734221113338868184730699905253695798607540572045023095617009773,QmYGdiuCFkD9vx6iJwsWsDJ8F7WKQD3GVNA1Z4z7sjYu9J,ops/cdn-retirement-phase2/step3/v3-docs/0x6e82e4b398ca4137007ba69ddd6ff699334d13b5/26784186576786734221113338868184730699905253695798607540572045023095617009773.json
0x6e82e4b398ca4137007ba69ddd6ff699334d13b5,5,34718018818869922919370887279228907780982832976222422378720431113664518558583,34718018818869922919370887279228907780982832976222422378720431113664518558583,QmbFbXAx5n6iDfZerombUoVTYoX7zEnp2jcQPUQtZF6fQ5,ops/cdn-retirement-phase2/step3/v3-docs/0x6e82e4b398ca4137007ba69ddd6ff699334d13b5/34718018818869922919370887279228907780982832976222422378720431113664518558583.json
0x6e82e4b398ca4137007ba69ddd6ff699334d13b5,5,57926226797054930816703082712960451066245365004697088168355518074723893138542,57926226797054930816703082712960451066245365004697088168355518074723893138542,QmX3eK1Qb3n7Lgkzj2cVqZTeurKPH7WDRf5Zsh75kTckNQ,ops/cdn-retirement-phase2/step3/v3-docs/0x6e82e4b398ca4137007ba69ddd6ff699334d13b5/57926226797054930816703082712960451066245365004697088168355518074723893138542.json
0x6e82e4b398ca4137007ba69ddd6ff699334d13b5,5,67884599743201988766725462649025530234665379733525547672892980733959710599819,67884599743201988766725462649025530234665379733525547672892980733959710599819,Qmc1iznvB7Ck34GxsasXJBzMK92DWsNiFifN7NWVZvXkoa,ops/cdn-retirement-phase2/step3/v3-docs/0x6e82e4b398ca4137007ba69ddd6ff699334d13b5/67884599743201988766725462649025530234665379733525547672892980733959710599819.json
0x6e82e4b398ca4137007ba69ddd6ff699334d13b5,5,92208933710796125770590251699325730336243064425460091178260788340701093768784,92208933710796125770590251699325730336243064425460091178260788340701093768784,QmdznACXrpiRHTe47Cf9B7TeiuqFDBb42Sj1HdR6Zkxgdr,ops/cdn-retirement-phase2/step3/v3-docs/0x6e82e4b398ca4137007ba69ddd6ff699334d13b5/92208933710796125770590251699325730336243064425460091178260788340701093768784.json
0x6e82e4b398ca4137007ba69ddd6ff699334d13b5,50,57926226797054930816703082712960451066245365004697088168355518074723893138587,57926226797054930816703082712960451066245365004697088168355518074723893138587,QmQwBEtzn2qzM5TeFX1CnmqLAzwgJidSASL8ikJsiCYVNS,ops/cdn-retirement-phase2/step3/v3-docs/0x6e82e4b398ca4137007ba69ddd6ff699334d13b5/57926226797054930816703082712960451066245365004697088168355518074723893138587.json
0x6e82e4b398ca4137007ba69ddd6ff699334d13b5,51,57926226797054930816703082712960451066245365004697088168355518074723893138588,57926226797054930816703082712960451066245365004697088168355518074723893138588,QmSbzGaG1S2rBj6ahBGBVkpw6nTpc7K7XPJ4Lx2YH5gjJE,ops/cdn-retirement-phase2/step3/v3-docs/0x6e82e4b398ca4137007ba69ddd6ff699334d13b5/57926226797054930816703082712960451066245365004697088168355518074723893138588.json
0x6e82e4b398ca4137007ba69ddd6ff699334d13b5,52,57926226797054930816703082712960451066245365004697088168355518074723893138589,57926226797054930816703082712960451066245365004697088168355518074723893138589,QmWxAapTtUGji6aTuCreaRyu56unUNVfVCurCzURHuU4Tp,ops/cdn-retirement-phase2/step3/v3-docs/0x6e82e4b398ca4137007ba69ddd6ff699334d13b5/57926226797054930816703082712960451066245365004697088168355518074723893138589.json
0x6e82e4b398ca4137007ba69ddd6ff699334d13b5,53,57926226797054930816703082712960451066245365004697088168355518074723893138590,57926226797054930816703082712960451066245365004697088168355518074723893138590,Qmb1SWfi681ewcFy56VbBGeApUBtGELaymBriKrKEQmD4H,ops/cdn-retirement-phase2/step3/v3-docs/0x6e82e4b398ca4137007ba69ddd6ff699334d13b5/57926226797054930816703082712960451066245365004697088168355518074723893138590.json
0x6e82e4b398ca4137007ba69ddd6ff699334d13b5,54,57926226797054930816703082712960451066245365004697088168355518074723893138591,57926226797054930816703082712960451066245365004697088168355518074723893138591,Qmd9DfaKoNsDS81fW996j4RzavCzFwcSfh4ecSFxtebhX4,ops/cdn-retirement-phase2/step3/v3-docs/0x6e82e4b398ca4137007ba69ddd6ff699334d13b5/57926226797054930816703082712960451066245365004697088168355518074723893138591.json
0x6e82e4b398ca4137007ba69ddd6ff699334d13b5,55,57926226797054930816703082712960451066245365004697088168355518074723893138592,57926226797054930816703082712960451066245365004697088168355518074723893138592,Qmeky2dbMDiZ5wfu77whXeEgBRezco2sNP2B3zFNLTYSjc,ops/cdn-retirement-phase2/step3/v3-docs/0x6e82e4b398ca4137007ba69ddd6ff699334d13b5/57926226797054930816703082712960451066245365004697088168355518074723893138592.json
0x6e82e4b398ca4137007ba69ddd6ff699334d13b5,56,57926226797054930816703082712960451066245365004697088168355518074723893138593,57926226797054930816703082712960451066245365004697088168355518074723893138593,QmQgbYVXeSzEc3bVwCY8L7jeWk5zwPicRFadafFiUZmxaq,ops/cdn-retirement-phase2/step3/v3-docs/0x6e82e4b398ca4137007ba69ddd6ff699334d13b5/57926226797054930816703082712960451066245365004697088168355518074723893138593.json
0x6e82e4b398ca4137007ba69ddd6ff699334d13b5,57,57926226797054930816703082712960451066245365004697088168355518074723893138594,57926226797054930816703082712960451066245365004697088168355518074723893138594,QmU6Z8dVS2Vk4RJnfbTMCjpusbZdAnSFk2t1fDZgwsKZFN,ops/cdn-retirement-phase2/step3/v3-docs/0x6e82e4b398ca4137007ba69ddd6ff699334d13b5/57926226797054930816703082712960451066245365004697088168355518074723893138594.json
0x6e82e4b398ca4137007ba69ddd6ff699334d13b5,58,57926226797054930816703082712960451066245365004697088168355518074723893138595,57926226797054930816703082712960451066245365004697088168355518074723893138595,QmSDRZrNCQD4Jqw42j9yjhqbayt4ohARnfmKjcSSp3GTtE,ops/cdn-retirement-phase2/step3/v3-docs/0x6e82e4b398ca4137007ba69ddd6ff699334d13b5/57926226797054930816703082712960451066245365004697088168355518074723893138595.json
0x6e82e4b398ca4137007ba69ddd6ff699334d13b5,59,57926226797054930816703082712960451066245365004697088168355518074723893138596,57926226797054930816703082712960451066245365004697088168355518074723893138596,QmcrTBcHJXcjUi4dGFVKiuBfP1kcpuVBbX2sQGeBycRLmB,ops/cdn-retirement-phase2/step3/v3-docs/0x6e82e4b398ca4137007ba69ddd6ff699334d13b5/57926226797054930816703082712960451066245365004697088168355518074723893138596.json
0x6e82e4b398ca4137007ba69ddd6ff699334d13b5,6,101018397861100865329114328924892815187623142272647927988588693624037353186259,101018397861100865329114328924892815187623142272647927988588693624037353186259,QmdU6HaibwsctNyqXTFvkSSQs4YxZ9Lyhkj7VMVpfiG5qB,ops/cdn-retirement-phase2/step3/v3-docs/0x6e82e4b398ca4137007ba69ddd6ff699334d13b5/101018397861100865329114328924892815187623142272647927988588693624037353186259.json
0x6e82e4b398ca4137007ba69ddd6ff699334d13b5,6,103670424291181108903021494306982394267978572499721974093211453159646661892327,103670424291181108903021494306982394267978572499721974093211453159646661892327,QmVe131C9aNim1dH2knBBcFEbrhAaqGdtZ2QhojLVr2mBk,ops/cdn-retirement-phase2/step3/v3-docs/0x6e82e4b398ca4137007ba69ddd6ff699334d13b5/103670424291181108903021494306982394267978572499721974093211453159646661892327.json
0x6e82e4b398ca4137007ba69ddd6ff699334d13b5,6,104398116994341825170426578498298630082738464392540213104738174707054719211562,104398116994341825170426578498298630082738464392540213104738174707054719211562,QmaQdsHLGbWsNq7KxutFKp6ozvJten5mVtxKsmwyEtWd2K,ops/cdn-retirement-phase2/step3/v3-docs/0x6e82e4b398ca4137007ba69ddd6ff699334d13b5/104398116994341825170426578498298630082738464392540213104738174707054719211562.json
0x6e82e4b398ca4137007ba69ddd6ff699334d13b5,6,18508392712335859217281546756689095982136889956180325835747044186697182425054,18508392712335859217281546756689095982136889956180325835747044186697182425054,QmRTtu2XAtbMLByZCdR5wEbiXvX2ZuAXm2jTrShpWCUEDc,ops/cdn-retirement-phase2/step3/v3-docs/0x6e82e4b398ca4137007ba69ddd6ff699334d13b5/18508392712335859217281546756689095982136889956180325835747044186697182425054.json
0x6e82e4b398ca4137007ba69ddd6ff699334d13b5,6,26784186576786734221113338868184730699905253695798607540572045023095617009774,26784186576786734221113338868184730699905253695798607540572045023095617009774,QmdEoBHEG9gbRg7k7GQM2cyMePyFG28FTgykDSSYNhffdU,ops/cdn-retirement-phase2/step3/v3-docs/0x6e82e4b398ca4137007ba69ddd6ff699334d13b5/26784186576786734221113338868184730699905253695798607540572045023095617009774.json
0x6e82e4b398ca4137007ba69ddd6ff699334d13b5,6,34718018818869922919370887279228907780982832976222422378720431113664518558584,34718018818869922919370887279228907780982832976222422378720431113664518558584,QmSEujF4fWSgcRimvXsd5YW2CZ8tStupR2i83PpN6woCiP,ops/cdn-retirement-phase2/step3/v3-docs/0x6e82e4b398ca4137007ba69ddd6ff699334d13b5/34718018818869922919370887279228907780982832976222422378720431113664518558584.json
0x6e82e4b398ca4137007ba69ddd6ff699334d13b5,6,57926226797054930816703082712960451066245365004697088168355518074723893138543,57926226797054930816703082712960451066245365004697088168355518074723893138543,QmXaM33oFd5egM7TxMUVLBYRHfpu6zTx6orieDFLjf5H1v,ops/cdn-retirement-phase2/step3/v3-docs/0x6e82e4b398ca4137007ba69ddd6ff699334d13b5/57926226797054930816703082712960451066245365004697088168355518074723893138543.json
0x6e82e4b398ca4137007ba69ddd6ff699334d13b5,6,67884599743201988766725462649025530234665379733525547672892980733959710599820,67884599743201988766725462649025530234665379733525547672892980733959710599820,QmRyU471jYCcwGuWALEm9rXKCTkAHXNttWXVZW83dWym9F,ops/cdn-retirement-phase2/step3/v3-docs/0x6e82e4b398ca4137007ba69ddd6ff699334d13b5/67884599743201988766725462649025530234665379733525547672892980733959710599820.json
0x6e82e4b398ca4137007ba69ddd6ff699334d13b5,6,92208933710796125770590251699325730336243064425460091178260788340701093768785,92208933710796125770590251699325730336243064425460091178260788340701093768785,QmSMJnbUgSBrqFHqdFuo4Jfrb4Ub7Nt6dqQTK3mPPVk239,ops/cdn-retirement-phase2/step3/v3-docs/0x6e82e4b398ca4137007ba69ddd6ff699334d13b5/92208933710796125770590251699325730336243064425460091178260788340701093768785.json
0x6e82e4b398ca4137007ba69ddd6ff699334d13b5,60,57926226797054930816703082712960451066245365004697088168355518074723893138597,57926226797054930816703082712960451066245365004697088168355518074723893138597,QmPGd2f3xFeAxNVprRbzBq7inNxryppAZ3dTor5erUDcfN,ops/cdn-retirement-phase2/step3/v3-docs/0x6e82e4b398ca4137007ba69ddd6ff699334d13b5/57926226797054930816703082712960451066245365004697088168355518074723893138597.json
0x6e82e4b398ca4137007ba69ddd6ff699334d13b5,61,57926226797054930816703082712960451066245365004697088168355518074723893138598,57926226797054930816703082712960451066245365004697088168355518074723893138598,QmWoepSRgts8yTPsJYvMJfR9RvkoKFnkVNs7GN9ZVLDQwW,ops/cdn-retirement-phase2/step3/v3-docs/0x6e82e4b398ca4137007ba69ddd6ff699334d13b5/57926226797054930816703082712960451066245365004697088168355518074723893138598.json
0x6e82e4b398ca4137007ba69ddd6ff699334d13b5,62,57926226797054930816703082712960451066245365004697088168355518074723893138599,57926226797054930816703082712960451066245365004697088168355518074723893138599,QmShn5z7ePPZYvZ9VpbGBXspx52eP5yx6VYEmEYqv6mENQ,ops/cdn-retirement-phase2/step3/v3-docs/0x6e82e4b398ca4137007ba69ddd6ff699334d13b5/57926226797054930816703082712960451066245365004697088168355518074723893138599.json
0x6e82e4b398ca4137007ba69ddd6ff699334d13b5,63,57926226797054930816703082712960451066245365004697088168355518074723893138600,57926226797054930816703082712960451066245365004697088168355518074723893138600,QmS1UR4o9X32Gz7KQNJrspigEQfxdT8udC7yPx1mAjKh12,ops/cdn-retirement-phase2/step3/v3-docs/0x6e82e4b398ca4137007ba69ddd6ff699334d13b5/57926226797054930816703082712960451066245365004697088168355518074723893138600.json
0x6e82e4b398ca4137007ba69ddd6ff699334d13b5,64,57926226797054930816703082712960451066245365004697088168355518074723893138601,57926226797054930816703082712960451066245365004697088168355518074723893138601,QmVekVcfhAALTH9z3bC8weMdyqVJGymhrhwERPPhnWpqwn,ops/cdn-retirement-phase2/step3/v3-docs/0x6e82e4b398ca4137007ba69ddd6ff699334d13b5/57926226797054930816703082712960451066245365004697088168355518074723893138601.json
0x6e82e4b398ca4137007ba69ddd6ff699334d13b5,65,57926226797054930816703082712960451066245365004697088168355518074723893138602,57926226797054930816703082712960451066245365004697088168355518074723893138602,QmQ1afT8djB3Ws6tNUTKMNqEH162UtUuaxBGSt4n9tC1V1,ops/cdn-retirement-phase2/step3/v3-docs/0x6e82e4b398ca4137007ba69ddd6ff699334d13b5/57926226797054930816703082712960451066245365004697088168355518074723893138602.json
0x6e82e4b398ca4137007ba69ddd6ff699334d13b5,66,57926226797054930816703082712960451066245365004697088168355518074723893138603,57926226797054930816703082712960451066245365004697088168355518074723893138603,QmQJS3mVDPYyVpwWUhj8n5XsZe2r21SPgAsSPG8M8HAuum,ops/cdn-retirement-phase2/step3/v3-docs/0x6e82e4b398ca4137007ba69ddd6ff699334d13b5/57926226797054930816703082712960451066245365004697088168355518074723893138603.json
0x6e82e4b398ca4137007ba69ddd6ff699334d13b5,67,57926226797054930816703082712960451066245365004697088168355518074723893138604,57926226797054930816703082712960451066245365004697088168355518074723893138604,QmUmvrsnWe5AM6GxvAanm6PQudgXwwX8hF1mKLAnwMEDWt,ops/cdn-retirement-phase2/step3/v3-docs/0x6e82e4b398ca4137007ba69ddd6ff699334d13b5/57926226797054930816703082712960451066245365004697088168355518074723893138604.json
0x6e82e4b398ca4137007ba69ddd6ff699334d13b5,68,57926226797054930816703082712960451066245365004697088168355518074723893138605,57926226797054930816703082712960451066245365004697088168355518074723893138605,QmSaQPnMTahsnNdZoqWXeoLHNhL1CGr1b9MEfeRMDpWjL6,ops/cdn-retirement-phase2/step3/v3-docs/0x6e82e4b398ca4137007ba69ddd6ff699334d13b5/57926226797054930816703082712960451066245365004697088168355518074723893138605.json
0x6e82e4b398ca4137007ba69ddd6ff699334d13b5,69,57926226797054930816703082712960451066245365004697088168355518074723893138606,57926226797054930816703082712960451066245365004697088168355518074723893138606,QmTTwByvqrYJ2pBYMYHgs51qxmN1cyG2pg6ZjrSbYyyf8P,ops/cdn-retirement-phase2/step3/v3-docs/0x6e82e4b398ca4137007ba69ddd6ff699334d13b5/57926226797054930816703082712960451066245365004697088168355518074723893138606.json
0x6e82e4b398ca4137007ba69ddd6ff699334d13b5,7,101018397861100865329114328924892815187623142272647927988588693624037353186260,101018397861100865329114328924892815187623142272647927988588693624037353186260,QmaxbBDYjFz4HmFsPtaWcToMwuDN8DAxyGtRW8RYQ55fMj,ops/cdn-retirement-phase2/step3/v3-docs/0x6e82e4b398ca4137007ba69ddd6ff699334d13b5/101018397861100865329114328924892815187623142272647927988588693624037353186260.json
0x6e82e4b398ca4137007ba69ddd6ff699334d13b5,7,103670424291181108903021494306982394267978572499721974093211453159646661892328,103670424291181108903021494306982394267978572499721974093211453159646661892328,QmadykKBakd75aqtb74SmBM4wyubTK1g4KMTYC32ME4xWz,ops/cdn-retirement-phase2/step3/v3-docs/0x6e82e4b398ca4137007ba69ddd6ff699334d13b5/103670424291181108903021494306982394267978572499721974093211453159646661892328.json
0x6e82e4b398ca4137007ba69ddd6ff699334d13b5,7,104398116994341825170426578498298630082738464392540213104738174707054719211563,104398116994341825170426578498298630082738464392540213104738174707054719211563,QmSePhyyWpJofxrAfU3Q7oycfCLEYHSmPFQFdEkvv3N8jS,ops/cdn-retirement-phase2/step3/v3-docs/0x6e82e4b398ca4137007ba69ddd6ff699334d13b5/104398116994341825170426578498298630082738464392540213104738174707054719211563.json
0x6e82e4b398ca4137007ba69ddd6ff699334d13b5,7,18508392712335859217281546756689095982136889956180325835747044186697182425055,18508392712335859217281546756689095982136889956180325835747044186697182425055,QmTeT6FYyjJEdkvUnjewZMELHEzxZLbFcsy2oStMYvtnWs,ops/cdn-retirement-phase2/step3/v3-docs/0x6e82e4b398ca4137007ba69ddd6ff699334d13b5/18508392712335859217281546756689095982136889956180325835747044186697182425055.json
0x6e82e4b398ca4137007ba69ddd6ff699334d13b5,7,26784186576786734221113338868184730699905253695798607540572045023095617009775,26784186576786734221113338868184730699905253695798607540572045023095617009775,QmdVJy4AbqLjkktHhuAmQacspr3EKkpXpKWsu113CxsNgs,ops/cdn-retirement-phase2/step3/v3-docs/0x6e82e4b398ca4137007ba69ddd6ff699334d13b5/26784186576786734221113338868184730699905253695798607540572045023095617009775.json
0x6e82e4b398ca4137007ba69ddd6ff699334d13b5,7,34718018818869922919370887279228907780982832976222422378720431113664518558585,34718018818869922919370887279228907780982832976222422378720431113664518558585,QmY5cfBZS791qt6huwTwvFtK7jkFJMty9ZVwStq9UVaAo7,ops/cdn-retirement-phase2/step3/v3-docs/0x6e82e4b398ca4137007ba69ddd6ff699334d13b5/34718018818869922919370887279228907780982832976222422378720431113664518558585.json
0x6e82e4b398ca4137007ba69ddd6ff699334d13b5,7,57926226797054930816703082712960451066245365004697088168355518074723893138544,57926226797054930816703082712960451066245365004697088168355518074723893138544,QmZ8mqYSLy8QPHLryj1sWjnDT9jd78dMkWYAtxBEW2amHR,ops/cdn-retirement-phase2/step3/v3-docs/0x6e82e4b398ca4137007ba69ddd6ff699334d13b5/57926226797054930816703082712960451066245365004697088168355518074723893138544.json
0x6e82e4b398ca4137007ba69ddd6ff699334d13b5,7,67884599743201988766725462649025530234665379733525547672892980733959710599821,67884599743201988766725462649025530234665379733525547672892980733959710599821,QmRaj8qZ8Wq7yBBy3fE2DiWFF2guXceKHjVqUxu2tWhWWD,ops/cdn-retirement-phase2/step3/v3-docs/0x6e82e4b398ca4137007ba69ddd6ff699334d13b5/67884599743201988766725462649025530234665379733525547672892980733959710599821.json
0x6e82e4b398ca4137007ba69ddd6ff699334d13b5,7,92208933710796125770590251699325730336243064425460091178260788340701093768786,92208933710796125770590251699325730336243064425460091178260788340701093768786,QmThrHPdFKfLrfh8pj4DkehPckrUCZ4z6yWmqroUDLwtC6,ops/cdn-retirement-phase2/step3/v3-docs/0x6e82e4b398ca4137007ba69ddd6ff699334d13b5/92208933710796125770590251699325730336243064425460091178260788340701093768786.json
0x6e82e4b398ca4137007ba69ddd6ff699334d13b5,70,57926226797054930816703082712960451066245365004697088168355518074723893138607,57926226797054930816703082712960451066245365004697088168355518074723893138607,QmdKJURskZ2jXucD1xEZyAJdDnL8PCkF1m1EKjveJTyFgY,ops/cdn-retirement-phase2/step3/v3-docs/0x6e82e4b398ca4137007ba69ddd6ff699334d13b5/57926226797054930816703082712960451066245365004697088168355518074723893138607.json
0x6e82e4b398ca4137007ba69ddd6ff699334d13b5,8,101018397861100865329114328924892815187623142272647927988588693624037353186261,101018397861100865329114328924892815187623142272647927988588693624037353186261,QmR8vTtBaS5he1TBxTEgUSSDuNQzL3idBLzsFUG2qkVS3b,ops/cdn-retirement-phase2/step3/v3-docs/0x6e82e4b398ca4137007ba69ddd6ff699334d13b5/101018397861100865329114328924892815187623142272647927988588693624037353186261.json
0x6e82e4b398ca4137007ba69ddd6ff699334d13b5,8,103670424291181108903021494306982394267978572499721974093211453159646661892329,103670424291181108903021494306982394267978572499721974093211453159646661892329,QmP6M4wiou2GoEZrVAYtjNYUUyw3VXTR8oPFL5ivpqL85R,ops/cdn-retirement-phase2/step3/v3-docs/0x6e82e4b398ca4137007ba69ddd6ff699334d13b5/103670424291181108903021494306982394267978572499721974093211453159646661892329.json
0x6e82e4b398ca4137007ba69ddd6ff699334d13b5,8,104398116994341825170426578498298630082738464392540213104738174707054719211564,104398116994341825170426578498298630082738464392540213104738174707054719211564,QmPwzKATNB3t5ZUMGR2p69XmzLhBsqcxy239A9NxejKg6L,ops/cdn-retirement-phase2/step3/v3-docs/0x6e82e4b398ca4137007ba69ddd6ff699334d13b5/104398116994341825170426578498298630082738464392540213104738174707054719211564.json
0x6e82e4b398ca4137007ba69ddd6ff699334d13b5,8,18508392712335859217281546756689095982136889956180325835747044186697182425056,18508392712335859217281546756689095982136889956180325835747044186697182425056,QmSuQBNm2xTp85SCaVFV1GZ5qRQRuxq5HqRVk818XnDut9,ops/cdn-retirement-phase2/step3/v3-docs/0x6e82e4b398ca4137007ba69ddd6ff699334d13b5/18508392712335859217281546756689095982136889956180325835747044186697182425056.json
0x6e82e4b398ca4137007ba69ddd6ff699334d13b5,8,26784186576786734221113338868184730699905253695798607540572045023095617009776,26784186576786734221113338868184730699905253695798607540572045023095617009776,QmX83h4c3N7bgzfZNDA3m8nJ3NGp6eR41DLtPpNseNYLaz,ops/cdn-retirement-phase2/step3/v3-docs/0x6e82e4b398ca4137007ba69ddd6ff699334d13b5/26784186576786734221113338868184730699905253695798607540572045023095617009776.json
0x6e82e4b398ca4137007ba69ddd6ff699334d13b5,8,34718018818869922919370887279228907780982832976222422378720431113664518558586,34718018818869922919370887279228907780982832976222422378720431113664518558586,QmedcqDpxtg46JEwbXvAKf8mQ5QKE61RrJius6TLvDSju5,ops/cdn-retirement-phase2/step3/v3-docs/0x6e82e4b398ca4137007ba69ddd6ff699334d13b5/34718018818869922919370887279228907780982832976222422378720431113664518558586.json
0x6e82e4b398ca4137007ba69ddd6ff699334d13b5,8,57926226797054930816703082712960451066245365004697088168355518074723893138545,57926226797054930816703082712960451066245365004697088168355518074723893138545,QmWYUfWptMPdgMGJPyeDZx3t8RTkymoMXVPxQ7MnhADbUq,ops/cdn-retirement-phase2/step3/v3-docs/0x6e82e4b398ca4137007ba69ddd6ff699334d13b5/57926226797054930816703082712960451066245365004697088168355518074723893138545.json
0x6e82e4b398ca4137007ba69ddd6ff699334d13b5,8,67884599743201988766725462649025530234665379733525547672892980733959710599822,67884599743201988766725462649025530234665379733525547672892980733959710599822,QmRmkAVL7iMPGZbHej5Eyh6geq8QV3M3ymi2pUUaVqDJQj,ops/cdn-retirement-phase2/step3/v3-docs/0x6e82e4b398ca4137007ba69ddd6ff699334d13b5/67884599743201988766725462649025530234665379733525547672892980733959710599822.json
0x6e82e4b398ca4137007ba69ddd6ff699334d13b5,8,92208933710796125770590251699325730336243064425460091178260788340701093768787,92208933710796125770590251699325730336243064425460091178260788340701093768787,QmQrhDkLDh7SBpCnWDZaEnZdggRnzZz3rCfBmSxcQ4BZfn,ops/cdn-retirement-phase2/step3/v3-docs/0x6e82e4b398ca4137007ba69ddd6ff699334d13b5/92208933710796125770590251699325730336243064425460091178260788340701093768787.json
0x6e82e4b398ca4137007ba69ddd6ff699334d13b5,9,101018397861100865329114328924892815187623142272647927988588693624037353186262,101018397861100865329114328924892815187623142272647927988588693624037353186262,QmWUmLBnRNDpjQKXEcN7XC51L8o9tvHAVS2xShEgrt9NUC,ops/cdn-retirement-phase2/step3/v3-docs/0x6e82e4b398ca4137007ba69ddd6ff699334d13b5/101018397861100865329114328924892815187623142272647927988588693624037353186262.json
0x6e82e4b398ca4137007ba69ddd6ff699334d13b5,9,103670424291181108903021494306982394267978572499721974093211453159646661892330,103670424291181108903021494306982394267978572499721974093211453159646661892330,QmQhExtHXRAR4aB25PhxkTLxAyUSDH4jPLpixVqpdBWrM6,ops/cdn-retirement-phase2/step3/v3-docs/0x6e82e4b398ca4137007ba69ddd6ff699334d13b5/103670424291181108903021494306982394267978572499721974093211453159646661892330.json
0x6e82e4b398ca4137007ba69ddd6ff699334d13b5,9,104398116994341825170426578498298630082738464392540213104738174707054719211565,104398116994341825170426578498298630082738464392540213104738174707054719211565,QmXpDFnfGSGNhdWwdVihgtxMywzYX9n5nDrJpgiUJqPLb9,ops/cdn-retirement-phase2/step3/v3-docs/0x6e82e4b398ca4137007ba69ddd6ff699334d13b5/104398116994341825170426578498298630082738464392540213104738174707054719211565.json
0x6e82e4b398ca4137007ba69ddd6ff699334d13b5,9,18508392712335859217281546756689095982136889956180325835747044186697182425057,18508392712335859217281546756689095982136889956180325835747044186697182425057,QmU9XoJheJn6rYeQ8LGhav1N6S4T4dS6uYkAwPU5SAcvNQ,ops/cdn-retirement-phase2/step3/v3-docs/0x6e82e4b398ca4137007ba69ddd6ff699334d13b5/18508392712335859217281546756689095982136889956180325835747044186697182425057.json
0x6e82e4b398ca4137007ba69ddd6ff699334d13b5,9,26784186576786734221113338868184730699905253695798607540572045023095617009777,26784186576786734221113338868184730699905253695798607540572045023095617009777,QmeyatNpUQQd38VrYSbyaDD3CxsZuQYrD1Q2ERuANCT8DD,ops/cdn-retirement-phase2/step3/v3-docs/0x6e82e4b398ca4137007ba69ddd6ff699334d13b5/26784186576786734221113338868184730699905253695798607540572045023095617009777.json
0x6e82e4b398ca4137007ba69ddd6ff699334d13b5,9,34718018818869922919370887279228907780982832976222422378720431113664518558587,34718018818869922919370887279228907780982832976222422378720431113664518558587,Qmar6YeVn25gZgXRza8yQnaBp3tu1UddAjEwZHqBEBdnsM,ops/cdn-retirement-phase2/step3/v3-docs/0x6e82e4b398ca4137007ba69ddd6ff699334d13b5/34718018818869922919370887279228907780982832976222422378720431113664518558587.json
0x6e82e4b398ca4137007ba69ddd6ff699334d13b5,9,57926226797054930816703082712960451066245365004697088168355518074723893138546,57926226797054930816703082712960451066245365004697088168355518074723893138546,QmYXuWravTk3RvTiig1KZwoHb24HTETQhvYyLUEhw9y7Ci,ops/cdn-retirement-phase2/step3/v3-docs/0x6e82e4b398ca4137007ba69ddd6ff699334d13b5/57926226797054930816703082712960451066245365004697088168355518074723893138546.json
0x6e82e4b398ca4137007ba69ddd6ff699334d13b5,9,67884599743201988766725462649025530234665379733525547672892980733959710599823,67884599743201988766725462649025530234665379733525547672892980733959710599823,QmaGSPCsRYTkmc7jPShV1Q2wH9eYSHi3PAVtgx6S2JxhP6,ops/cdn-retirement-phase2/step3/v3-docs/0x6e82e4b398ca4137007ba69ddd6ff699334d13b5/67884599743201988766725462649025530234665379733525547672892980733959710599823.json
0x6e82e4b398ca4137007ba69ddd6ff699334d13b5,9,92208933710796125770590251699325730336243064425460091178260788340701093768788,92208933710796125770590251699325730336243064425460091178260788340701093768788,QmbPAn7vbtTYcHc7MGpR4H5DqqUYKFx69oPnDR7T5XFott,ops/cdn-retirement-phase2/step3/v3-docs/0x6e82e4b398ca4137007ba69ddd6ff699334d13b5/92208933710796125770590251699325730336243064425460091178260788340701093768788.json
0x8f30722dd16bd63cf2665c383c1aef5e307b0046,0,2492964552115222111455723893464644415786209733158740338236313478633292903956,2492964552115222111455723893464644415786209733158740338236313478633292903956,QmYUMRvv5kdrPgsc6URSKioQuVuhj74Z6HQNQ4c5r4PpL7,ops/cdn-retirement-phase2/step3/v3-docs/0x8f30722dd16bd63cf2665c383c1aef5e307b0046/2492964552115222111455723893464644415786209733158740338236313478633292903956.json
0x8f30722dd16bd63cf2665c383c1aef5e307b0046,0,30557345746184669595663040401756320711447993718270973898970391747135121472976,30557345746184669595663040401756320711447993718270973898970391747135121472976,QmQz1Ucyx7rpmb8asYcUEtrU4qjEj7Lgysgio1PTz9JySi,ops/cdn-retirement-phase2/step3/v3-docs/0x8f30722dd16bd63cf2665c383c1aef5e307b0046/30557345746184669595663040401756320711447993718270973898970391747135121472976.json
0x8f30722dd16bd63cf2665c383c1aef5e307b0046,0,31830990513774020773856075078173769724056013930901601507946534590488789174621,31830990513774020773856075078173769724056013930901601507946534590488789174621,QmTt3JSkF3MJmHvwYeXXEX7dLwNPmRd5hr1dGpyXWiFEzG,ops/cdn-retirement-phase2/step3/v3-docs/0x8f30722dd16bd63cf2665c383c1aef5e307b0046/31830990513774020773856075078173769724056013930901601507946534590488789174621.json
0x8f30722dd16bd63cf2665c383c1aef5e307b0046,0,37405486248744233930716135614171504735129073536868819020061938488135423751467,37405486248744233930716135614171504735129073536868819020061938488135423751467,QmPQMdp54tqe4Ppq2Xih8r3BmWTULg5dmDm73Gb3omaU8e,ops/cdn-retirement-phase2/step3/v3-docs/0x8f30722dd16bd63cf2665c383c1aef5e307b0046/37405486248744233930716135614171504735129073536868819020061938488135423751467.json
0x8f30722dd16bd63cf2665c383c1aef5e307b0046,0,49331212307299913695431248663336053857151499231527615863517194291341458754529,49331212307299913695431248663336053857151499231527615863517194291341458754529,QmeZTgxdQDKXzUajVpcFSkjzKsZWdiQCpPVmHzt8ctRpJz,ops/cdn-retirement-phase2/step3/v3-docs/0x8f30722dd16bd63cf2665c383c1aef5e307b0046/49331212307299913695431248663336053857151499231527615863517194291341458754529.json
0x8f30722dd16bd63cf2665c383c1aef5e307b0046,0,64083282194581793942215293811836391478974900789963845024963281200227193839067,64083282194581793942215293811836391478974900789963845024963281200227193839067,Qmbvej4jcHYGcvGrkqaStAaeKJij74tMjxr39oVg7MY6Hu,ops/cdn-retirement-phase2/step3/v3-docs/0x8f30722dd16bd63cf2665c383c1aef5e307b0046/64083282194581793942215293811836391478974900789963845024963281200227193839067.json
0x8f30722dd16bd63cf2665c383c1aef5e307b0046,0,65218211541065683149590553991882510753504416247622639219453290930292260922908,65218211541065683149590553991882510753504416247622639219453290930292260922908,QmPRu6gDA99QHTeTP7Uac7XGYDN963BGPcaWcSnMCK7oRx,ops/cdn-retirement-phase2/step3/v3-docs/0x8f30722dd16bd63cf2665c383c1aef5e307b0046/65218211541065683149590553991882510753504416247622639219453290930292260922908.json
0x8f30722dd16bd63cf2665c383c1aef5e307b0046,0,71410372871747443489515838479889316636126954869602511437783803458556682723748,71410372871747443489515838479889316636126954869602511437783803458556682723748,QmXDvNCDbFeaYy5eNwo8cKMACskbvpEodpu5arJwbnA1aC,ops/cdn-retirement-phase2/step3/v3-docs/0x8f30722dd16bd63cf2665c383c1aef5e307b0046/71410372871747443489515838479889316636126954869602511437783803458556682723748.json
0x8f30722dd16bd63cf2665c383c1aef5e307b0046,0,86092054222848149411274226430384902086016540654465058178380214564830543514781,86092054222848149411274226430384902086016540654465058178380214564830543514781,QmPNd1nMvYxzWucuizXXHpBB9fuYBbMTYbUP9swbBYd33Y,ops/cdn-retirement-phase2/step3/v3-docs/0x8f30722dd16bd63cf2665c383c1aef5e307b0046/86092054222848149411274226430384902086016540654465058178380214564830543514781.json
0x8f30722dd16bd63cf2665c383c1aef5e307b0046,1,2492964552115222111455723893464644415786209733158740338236313478633292903957,2492964552115222111455723893464644415786209733158740338236313478633292903957,QmVEk4ipZzEgCeVdmWvxtknXtSaLwbY1J6afyNpcLCKn8z,ops/cdn-retirement-phase2/step3/v3-docs/0x8f30722dd16bd63cf2665c383c1aef5e307b0046/2492964552115222111455723893464644415786209733158740338236313478633292903957.json
0x8f30722dd16bd63cf2665c383c1aef5e307b0046,1,30557345746184669595663040401756320711447993718270973898970391747135121472977,30557345746184669595663040401756320711447993718270973898970391747135121472977,QmWhg4S6cAdpF6MpmrTcY9fdbnYMjH5qfGdAkFizkXNY5g,ops/cdn-retirement-phase2/step3/v3-docs/0x8f30722dd16bd63cf2665c383c1aef5e307b0046/30557345746184669595663040401756320711447993718270973898970391747135121472977.json
0x8f30722dd16bd63cf2665c383c1aef5e307b0046,1,31830990513774020773856075078173769724056013930901601507946534590488789174622,31830990513774020773856075078173769724056013930901601507946534590488789174622,Qmd7Wa2BxvDJS4XkfMBvy6uUHTjNtJt1KqVX2yiwrWh4JB,ops/cdn-retirement-phase2/step3/v3-docs/0x8f30722dd16bd63cf2665c383c1aef5e307b0046/31830990513774020773856075078173769724056013930901601507946534590488789174622.json
0x8f30722dd16bd63cf2665c383c1aef5e307b0046,1,37405486248744233930716135614171504735129073536868819020061938488135423751468,37405486248744233930716135614171504735129073536868819020061938488135423751468,QmQHL7dazbE3EkJR6cD4ChLs7z6yijcFF9RdTV1Acp5RBC,ops/cdn-retirement-phase2/step3/v3-docs/0x8f30722dd16bd63cf2665c383c1aef5e307b0046/37405486248744233930716135614171504735129073536868819020061938488135423751468.json
0x8f30722dd16bd63cf2665c383c1aef5e307b0046,1,49331212307299913695431248663336053857151499231527615863517194291341458754530,49331212307299913695431248663336053857151499231527615863517194291341458754530,QmUt63qza2tgr5vww4NcNVTFJnJekoedpJrEW78348f8eF,ops/cdn-retirement-phase2/step3/v3-docs/0x8f30722dd16bd63cf2665c383c1aef5e307b0046/49331212307299913695431248663336053857151499231527615863517194291341458754530.json
0x8f30722dd16bd63cf2665c383c1aef5e307b0046,1,64083282194581793942215293811836391478974900789963845024963281200227193839068,64083282194581793942215293811836391478974900789963845024963281200227193839068,QmXRG3uFss2hXq9R5tFRBHQWXqMXufkdJyBk7kxz1xSVac,ops/cdn-retirement-phase2/step3/v3-docs/0x8f30722dd16bd63cf2665c383c1aef5e307b0046/64083282194581793942215293811836391478974900789963845024963281200227193839068.json
0x8f30722dd16bd63cf2665c383c1aef5e307b0046,1,65218211541065683149590553991882510753504416247622639219453290930292260922909,65218211541065683149590553991882510753504416247622639219453290930292260922909,QmY7npEKHmki2E2cFBKUqVTftbVfjyi69Bks1DfBu9mmxs,ops/cdn-retirement-phase2/step3/v3-docs/0x8f30722dd16bd63cf2665c383c1aef5e307b0046/65218211541065683149590553991882510753504416247622639219453290930292260922909.json
0x8f30722dd16bd63cf2665c383c1aef5e307b0046,1,71410372871747443489515838479889316636126954869602511437783803458556682723749,71410372871747443489515838479889316636126954869602511437783803458556682723749,QmcgLxB6KWpkXgosPcaotUUGf64wDVBodJHckbZwtodqVZ,ops/cdn-retirement-phase2/step3/v3-docs/0x8f30722dd16bd63cf2665c383c1aef5e307b0046/71410372871747443489515838479889316636126954869602511437783803458556682723749.json
0x8f30722dd16bd63cf2665c383c1aef5e307b0046,1,86092054222848149411274226430384902086016540654465058178380214564830543514782,86092054222848149411274226430384902086016540654465058178380214564830543514782,QmUpNJL3SjMggWocvZ12Tq2Rpwcr58VcsaJtcyDkLzaogq,ops/cdn-retirement-phase2/step3/v3-docs/0x8f30722dd16bd63cf2665c383c1aef5e307b0046/86092054222848149411274226430384902086016540654465058178380214564830543514782.json
0x8f30722dd16bd63cf2665c383c1aef5e307b0046,10,64083282194581793942215293811836391478974900789963845024963281200227193839077,64083282194581793942215293811836391478974900789963845024963281200227193839077,QmYguQ51viSi1GvrCh6iYCqcBzEXDzSHRmJyaasTSTi9c6,ops/cdn-retirement-phase2/step3/v3-docs/0x8f30722dd16bd63cf2665c383c1aef5e307b0046/64083282194581793942215293811836391478974900789963845024963281200227193839077.json
0x8f30722dd16bd63cf2665c383c1aef5e307b0046,11,64083282194581793942215293811836391478974900789963845024963281200227193839078,64083282194581793942215293811836391478974900789963845024963281200227193839078,QmRDUfBQpkncdGRCnpZWdhTGtMad9o1kHAtWgSNDgux7aa,ops/cdn-retirement-phase2/step3/v3-docs/0x8f30722dd16bd63cf2665c383c1aef5e307b0046/64083282194581793942215293811836391478974900789963845024963281200227193839078.json
0x8f30722dd16bd63cf2665c383c1aef5e307b0046,12,64083282194581793942215293811836391478974900789963845024963281200227193839079,64083282194581793942215293811836391478974900789963845024963281200227193839079,QmPDEmWhCsphik1gf8ggpXvmf98N7YVB4ECLj6xqtSoiMH,ops/cdn-retirement-phase2/step3/v3-docs/0x8f30722dd16bd63cf2665c383c1aef5e307b0046/64083282194581793942215293811836391478974900789963845024963281200227193839079.json
0x8f30722dd16bd63cf2665c383c1aef5e307b0046,13,64083282194581793942215293811836391478974900789963845024963281200227193839080,64083282194581793942215293811836391478974900789963845024963281200227193839080,QmTQpvkYfxfwQjiiCnxNCc4ZLpKnSttyy7fB31j264aJkK,ops/cdn-retirement-phase2/step3/v3-docs/0x8f30722dd16bd63cf2665c383c1aef5e307b0046/64083282194581793942215293811836391478974900789963845024963281200227193839080.json
0x8f30722dd16bd63cf2665c383c1aef5e307b0046,14,64083282194581793942215293811836391478974900789963845024963281200227193839081,64083282194581793942215293811836391478974900789963845024963281200227193839081,QmXWSMQFd3GNBbLn2fMN3zwbkHWnhsX4HWVvYxJaCiubNc,ops/cdn-retirement-phase2/step3/v3-docs/0x8f30722dd16bd63cf2665c383c1aef5e307b0046/64083282194581793942215293811836391478974900789963845024963281200227193839081.json
0x8f30722dd16bd63cf2665c383c1aef5e307b0046,15,64083282194581793942215293811836391478974900789963845024963281200227193839082,64083282194581793942215293811836391478974900789963845024963281200227193839082,QmQc1xACLep4z5bFiR9uB5M8dQTBHW5CToGKHEeMsyNvJK,ops/cdn-retirement-phase2/step3/v3-docs/0x8f30722dd16bd63cf2665c383c1aef5e307b0046/64083282194581793942215293811836391478974900789963845024963281200227193839082.json
0x8f30722dd16bd63cf2665c383c1aef5e307b0046,16,64083282194581793942215293811836391478974900789963845024963281200227193839083,64083282194581793942215293811836391478974900789963845024963281200227193839083,QmbgZ3XcEv6dB9vBUV6UosmSvf6dAnh98vyRsPxwuAFD3c,ops/cdn-retirement-phase2/step3/v3-docs/0x8f30722dd16bd63cf2665c383c1aef5e307b0046/64083282194581793942215293811836391478974900789963845024963281200227193839083.json
0x8f30722dd16bd63cf2665c383c1aef5e307b0046,17,64083282194581793942215293811836391478974900789963845024963281200227193839084,64083282194581793942215293811836391478974900789963845024963281200227193839084,QmVG6qxoxNitGkXQeeXHgPyEzWz8sSLxVdh4EUyTCTCvqL,ops/cdn-retirement-phase2/step3/v3-docs/0x8f30722dd16bd63cf2665c383c1aef5e307b0046/64083282194581793942215293811836391478974900789963845024963281200227193839084.json
0x8f30722dd16bd63cf2665c383c1aef5e307b0046,18,64083282194581793942215293811836391478974900789963845024963281200227193839085,64083282194581793942215293811836391478974900789963845024963281200227193839085,Qmd3LLXCD4ioG4sDPBkLpwJRhBATrjahAj8Pv3CjZnMHJj,ops/cdn-retirement-phase2/step3/v3-docs/0x8f30722dd16bd63cf2665c383c1aef5e307b0046/64083282194581793942215293811836391478974900789963845024963281200227193839085.json
0x8f30722dd16bd63cf2665c383c1aef5e307b0046,19,64083282194581793942215293811836391478974900789963845024963281200227193839086,64083282194581793942215293811836391478974900789963845024963281200227193839086,QmdBD62vUbHah2BZCWszz6ytxjq4gopaBQFGnqtCbveoAw,ops/cdn-retirement-phase2/step3/v3-docs/0x8f30722dd16bd63cf2665c383c1aef5e307b0046/64083282194581793942215293811836391478974900789963845024963281200227193839086.json
0x8f30722dd16bd63cf2665c383c1aef5e307b0046,2,64083282194581793942215293811836391478974900789963845024963281200227193839069,64083282194581793942215293811836391478974900789963845024963281200227193839069,QmbGD7AY1xYzk7TrhhGK9n9TMpF44K96ja38yP9AujdF7Y,ops/cdn-retirement-phase2/step3/v3-docs/0x8f30722dd16bd63cf2665c383c1aef5e307b0046/64083282194581793942215293811836391478974900789963845024963281200227193839069.json
0x8f30722dd16bd63cf2665c383c1aef5e307b0046,20,64083282194581793942215293811836391478974900789963845024963281200227193839087,64083282194581793942215293811836391478974900789963845024963281200227193839087,QmVYwAMVP1AodujGV64BUiBrCQUoaAZv4gGeqhREqkxSUw,ops/cdn-retirement-phase2/step3/v3-docs/0x8f30722dd16bd63cf2665c383c1aef5e307b0046/64083282194581793942215293811836391478974900789963845024963281200227193839087.json
0x8f30722dd16bd63cf2665c383c1aef5e307b0046,21,64083282194581793942215293811836391478974900789963845024963281200227193839088,64083282194581793942215293811836391478974900789963845024963281200227193839088,QmWgzWRLRpgXe7CC1w4mTbLSXHCuM5YxqaHWaGhaMGjimu,ops/cdn-retirement-phase2/step3/v3-docs/0x8f30722dd16bd63cf2665c383c1aef5e307b0046/64083282194581793942215293811836391478974900789963845024963281200227193839088.json
0x8f30722dd16bd63cf2665c383c1aef5e307b0046,22,64083282194581793942215293811836391478974900789963845024963281200227193839089,64083282194581793942215293811836391478974900789963845024963281200227193839089,QmRTnD1Hru9jXff5hxR9RfDifNGj597pUAnAgk7aH3cVkM,ops/cdn-retirement-phase2/step3/v3-docs/0x8f30722dd16bd63cf2665c383c1aef5e307b0046/64083282194581793942215293811836391478974900789963845024963281200227193839089.json
0x8f30722dd16bd63cf2665c383c1aef5e307b0046,23,64083282194581793942215293811836391478974900789963845024963281200227193839090,64083282194581793942215293811836391478974900789963845024963281200227193839090,QmSwpBt7YyELK5UqSeVnjfjkYwXcunDnPYVe4D2Ezmufib,ops/cdn-retirement-phase2/step3/v3-docs/0x8f30722dd16bd63cf2665c383c1aef5e307b0046/64083282194581793942215293811836391478974900789963845024963281200227193839090.json
0x8f30722dd16bd63cf2665c383c1aef5e307b0046,24,64083282194581793942215293811836391478974900789963845024963281200227193839091,64083282194581793942215293811836391478974900789963845024963281200227193839091,QmPufeRRkVLQWgxvCwH2C7JTAfwjUBsYcnvadfYVX6FEzh,ops/cdn-retirement-phase2/step3/v3-docs/0x8f30722dd16bd63cf2665c383c1aef5e307b0046/64083282194581793942215293811836391478974900789963845024963281200227193839091.json
0x8f30722dd16bd63cf2665c383c1aef5e307b0046,25,64083282194581793942215293811836391478974900789963845024963281200227193839092,64083282194581793942215293811836391478974900789963845024963281200227193839092,QmRsyv3AgKiojLSsvfRx64dmmJwUieMFK8tF8KQwdMotez,ops/cdn-retirement-phase2/step3/v3-docs/0x8f30722dd16bd63cf2665c383c1aef5e307b0046/64083282194581793942215293811836391478974900789963845024963281200227193839092.json
0x8f30722dd16bd63cf2665c383c1aef5e307b0046,26,64083282194581793942215293811836391478974900789963845024963281200227193839093,64083282194581793942215293811836391478974900789963845024963281200227193839093,QmQTvHEdFf6sRzwUPzaTA8hh7BrwRgMmzEZWkXYrUrRzys,ops/cdn-retirement-phase2/step3/v3-docs/0x8f30722dd16bd63cf2665c383c1aef5e307b0046/64083282194581793942215293811836391478974900789963845024963281200227193839093.json
0x8f30722dd16bd63cf2665c383c1aef5e307b0046,27,64083282194581793942215293811836391478974900789963845024963281200227193839094,64083282194581793942215293811836391478974900789963845024963281200227193839094,QmRW5gxzi2uR5S5LSRtedFevAfv4RS8SXiepNK4k39byDR,ops/cdn-retirement-phase2/step3/v3-docs/0x8f30722dd16bd63cf2665c383c1aef5e307b0046/64083282194581793942215293811836391478974900789963845024963281200227193839094.json
0x8f30722dd16bd63cf2665c383c1aef5e307b0046,28,64083282194581793942215293811836391478974900789963845024963281200227193839095,64083282194581793942215293811836391478974900789963845024963281200227193839095,QmS7Ltv5RTCtCv7HU7cxPatXrZCkgmN2qpVRoM2eXeBL9j,ops/cdn-retirement-phase2/step3/v3-docs/0x8f30722dd16bd63cf2665c383c1aef5e307b0046/64083282194581793942215293811836391478974900789963845024963281200227193839095.json
0x8f30722dd16bd63cf2665c383c1aef5e307b0046,29,64083282194581793942215293811836391478974900789963845024963281200227193839096,64083282194581793942215293811836391478974900789963845024963281200227193839096,QmXzkiN4nNdqMtXwArZD4ALggTzjqXjyJqBWiPaXRYi7DS,ops/cdn-retirement-phase2/step3/v3-docs/0x8f30722dd16bd63cf2665c383c1aef5e307b0046/64083282194581793942215293811836391478974900789963845024963281200227193839096.json
0x8f30722dd16bd63cf2665c383c1aef5e307b0046,3,64083282194581793942215293811836391478974900789963845024963281200227193839070,64083282194581793942215293811836391478974900789963845024963281200227193839070,QmVuMm2Mon9a6ZXhqgama1deHYS82yxRbgfJv29xkVXy1X,ops/cdn-retirement-phase2/step3/v3-docs/0x8f30722dd16bd63cf2665c383c1aef5e307b0046/64083282194581793942215293811836391478974900789963845024963281200227193839070.json
0x8f30722dd16bd63cf2665c383c1aef5e307b0046,30,64083282194581793942215293811836391478974900789963845024963281200227193839097,64083282194581793942215293811836391478974900789963845024963281200227193839097,QmeYMQmNS6UUG6JSaCMM9sHnst7wd8iRuhcCvvqoRE25Hj,ops/cdn-retirement-phase2/step3/v3-docs/0x8f30722dd16bd63cf2665c383c1aef5e307b0046/64083282194581793942215293811836391478974900789963845024963281200227193839097.json
0x8f30722dd16bd63cf2665c383c1aef5e307b0046,31,64083282194581793942215293811836391478974900789963845024963281200227193839098,64083282194581793942215293811836391478974900789963845024963281200227193839098,QmZt3cAnDqTttZXvvk42mPbkQJKkxd5HyjXq4QvnRaxSd9,ops/cdn-retirement-phase2/step3/v3-docs/0x8f30722dd16bd63cf2665c383c1aef5e307b0046/64083282194581793942215293811836391478974900789963845024963281200227193839098.json
0x8f30722dd16bd63cf2665c383c1aef5e307b0046,32,64083282194581793942215293811836391478974900789963845024963281200227193839099,64083282194581793942215293811836391478974900789963845024963281200227193839099,QmWwaQRcVD43nZ18qF8o54aKM1AqvCFehnFdA61FcuFwkg,ops/cdn-retirement-phase2/step3/v3-docs/0x8f30722dd16bd63cf2665c383c1aef5e307b0046/64083282194581793942215293811836391478974900789963845024963281200227193839099.json
0x8f30722dd16bd63cf2665c383c1aef5e307b0046,33,64083282194581793942215293811836391478974900789963845024963281200227193839100,64083282194581793942215293811836391478974900789963845024963281200227193839100,Qmamj48MPVPrPjTFaPqsdN4L3a8ru5PvdLt7ndo5TtpmFq,ops/cdn-retirement-phase2/step3/v3-docs/0x8f30722dd16bd63cf2665c383c1aef5e307b0046/64083282194581793942215293811836391478974900789963845024963281200227193839100.json
0x8f30722dd16bd63cf2665c383c1aef5e307b0046,34,64083282194581793942215293811836391478974900789963845024963281200227193839101,64083282194581793942215293811836391478974900789963845024963281200227193839101,QmZYT8QgW6YbLQPubsZon9tRN1iBLuSM9o9tnLhrBBhpXm,ops/cdn-retirement-phase2/step3/v3-docs/0x8f30722dd16bd63cf2665c383c1aef5e307b0046/64083282194581793942215293811836391478974900789963845024963281200227193839101.json
0x8f30722dd16bd63cf2665c383c1aef5e307b0046,35,64083282194581793942215293811836391478974900789963845024963281200227193839102,64083282194581793942215293811836391478974900789963845024963281200227193839102,QmRw6h1givwh3nWgveWHyx2bKGzqJVHZJUdGEDZhZZg651,ops/cdn-retirement-phase2/step3/v3-docs/0x8f30722dd16bd63cf2665c383c1aef5e307b0046/64083282194581793942215293811836391478974900789963845024963281200227193839102.json
0x8f30722dd16bd63cf2665c383c1aef5e307b0046,36,64083282194581793942215293811836391478974900789963845024963281200227193839103,64083282194581793942215293811836391478974900789963845024963281200227193839103,QmWFtvUScrtVRtyC4P6N1nxyKWboaUvsB11rTPvAUV2rvf,ops/cdn-retirement-phase2/step3/v3-docs/0x8f30722dd16bd63cf2665c383c1aef5e307b0046/64083282194581793942215293811836391478974900789963845024963281200227193839103.json
0x8f30722dd16bd63cf2665c383c1aef5e307b0046,37,64083282194581793942215293811836391478974900789963845024963281200227193839104,64083282194581793942215293811836391478974900789963845024963281200227193839104,QmSfxjwarUFMgB9pUWKU7ggSnbf5F8ta491FLz4FzPN61Z,ops/cdn-retirement-phase2/step3/v3-docs/0x8f30722dd16bd63cf2665c383c1aef5e307b0046/64083282194581793942215293811836391478974900789963845024963281200227193839104.json
0x8f30722dd16bd63cf2665c383c1aef5e307b0046,38,64083282194581793942215293811836391478974900789963845024963281200227193839105,64083282194581793942215293811836391478974900789963845024963281200227193839105,Qmb8wftpX7yedkoziXPVybEycf9KvXaFwJiGXZBtaUfn34,ops/cdn-retirement-phase2/step3/v3-docs/0x8f30722dd16bd63cf2665c383c1aef5e307b0046/64083282194581793942215293811836391478974900789963845024963281200227193839105.json
0x8f30722dd16bd63cf2665c383c1aef5e307b0046,39,64083282194581793942215293811836391478974900789963845024963281200227193839106,64083282194581793942215293811836391478974900789963845024963281200227193839106,QmbM6QwgQjF8aaSxSrsvPgYa8ksRnH41TdJEHLi9Rzt4yV,ops/cdn-retirement-phase2/step3/v3-docs/0x8f30722dd16bd63cf2665c383c1aef5e307b0046/64083282194581793942215293811836391478974900789963845024963281200227193839106.json
0x8f30722dd16bd63cf2665c383c1aef5e307b0046,4,64083282194581793942215293811836391478974900789963845024963281200227193839071,64083282194581793942215293811836391478974900789963845024963281200227193839071,QmWphUnXf6Cd31PE1xWmcdkH81iHGbCvYFQJi2ZtCixKDT,ops/cdn-retirement-phase2/step3/v3-docs/0x8f30722dd16bd63cf2665c383c1aef5e307b0046/64083282194581793942215293811836391478974900789963845024963281200227193839071.json
0x8f30722dd16bd63cf2665c383c1aef5e307b0046,40,64083282194581793942215293811836391478974900789963845024963281200227193839107,64083282194581793942215293811836391478974900789963845024963281200227193839107,QmXoDwXG4m1EZCvAkg3bhambLpomUxTZ6CJh2sdWLN9AZp,ops/cdn-retirement-phase2/step3/v3-docs/0x8f30722dd16bd63cf2665c383c1aef5e307b0046/64083282194581793942215293811836391478974900789963845024963281200227193839107.json
0x8f30722dd16bd63cf2665c383c1aef5e307b0046,41,64083282194581793942215293811836391478974900789963845024963281200227193839108,64083282194581793942215293811836391478974900789963845024963281200227193839108,QmYws9Go61xySbBHbSgK7JBAx7qM47nmG6QZtezi8Dndiz,ops/cdn-retirement-phase2/step3/v3-docs/0x8f30722dd16bd63cf2665c383c1aef5e307b0046/64083282194581793942215293811836391478974900789963845024963281200227193839108.json
0x8f30722dd16bd63cf2665c383c1aef5e307b0046,42,64083282194581793942215293811836391478974900789963845024963281200227193839109,64083282194581793942215293811836391478974900789963845024963281200227193839109,QmbDzQwdWjkX7Vkppk5kmU4D6p6P78vXsn2oXbG5nGE6k3,ops/cdn-retirement-phase2/step3/v3-docs/0x8f30722dd16bd63cf2665c383c1aef5e307b0046/64083282194581793942215293811836391478974900789963845024963281200227193839109.json
0x8f30722dd16bd63cf2665c383c1aef5e307b0046,43,64083282194581793942215293811836391478974900789963845024963281200227193839110,64083282194581793942215293811836391478974900789963845024963281200227193839110,Qme78K1RCXhtHE5sudQPaG9sKwm2ZhPuhTrqxpE1W3B84S,ops/cdn-retirement-phase2/step3/v3-docs/0x8f30722dd16bd63cf2665c383c1aef5e307b0046/64083282194581793942215293811836391478974900789963845024963281200227193839110.json
0x8f30722dd16bd63cf2665c383c1aef5e307b0046,44,64083282194581793942215293811836391478974900789963845024963281200227193839111,64083282194581793942215293811836391478974900789963845024963281200227193839111,QmRNXqK1qcifgQ8KTvS1SmrYv8rdPRa8MCia2JpvLUvFM7,ops/cdn-retirement-phase2/step3/v3-docs/0x8f30722dd16bd63cf2665c383c1aef5e307b0046/64083282194581793942215293811836391478974900789963845024963281200227193839111.json
0x8f30722dd16bd63cf2665c383c1aef5e307b0046,45,64083282194581793942215293811836391478974900789963845024963281200227193839112,64083282194581793942215293811836391478974900789963845024963281200227193839112,QmawBuejJX9b5r6akKNV7V9LCjVEYZmf94k6qQHVMhWFYk,ops/cdn-retirement-phase2/step3/v3-docs/0x8f30722dd16bd63cf2665c383c1aef5e307b0046/64083282194581793942215293811836391478974900789963845024963281200227193839112.json
0x8f30722dd16bd63cf2665c383c1aef5e307b0046,46,64083282194581793942215293811836391478974900789963845024963281200227193839113,64083282194581793942215293811836391478974900789963845024963281200227193839113,QmRp7XGRtEvfKJm9zRsSRWwhdrHseJcbaLSL2SyMgaWoXL,ops/cdn-retirement-phase2/step3/v3-docs/0x8f30722dd16bd63cf2665c383c1aef5e307b0046/64083282194581793942215293811836391478974900789963845024963281200227193839113.json
0x8f30722dd16bd63cf2665c383c1aef5e307b0046,47,64083282194581793942215293811836391478974900789963845024963281200227193839114,64083282194581793942215293811836391478974900789963845024963281200227193839114,QmZW7s18XFUhR6na54pUP5DS4gufmDbSt78eKMbm3rywsr,ops/cdn-retirement-phase2/step3/v3-docs/0x8f30722dd16bd63cf2665c383c1aef5e307b0046/64083282194581793942215293811836391478974900789963845024963281200227193839114.json
0x8f30722dd16bd63cf2665c383c1aef5e307b0046,48,64083282194581793942215293811836391478974900789963845024963281200227193839115,64083282194581793942215293811836391478974900789963845024963281200227193839115,QmbUgBTWNhcvBBaXHx38K7f482v1gTzaY33ho3bKTBVQFk,ops/cdn-retirement-phase2/step3/v3-docs/0x8f30722dd16bd63cf2665c383c1aef5e307b0046/64083282194581793942215293811836391478974900789963845024963281200227193839115.json
0x8f30722dd16bd63cf2665c383c1aef5e307b0046,49,64083282194581793942215293811836391478974900789963845024963281200227193839116,64083282194581793942215293811836391478974900789963845024963281200227193839116,QmZXUjrA1gxrzL7gybuQ2QTWyYnkonjNKGmJncCydXSSmH,ops/cdn-retirement-phase2/step3/v3-docs/0x8f30722dd16bd63cf2665c383c1aef5e307b0046/64083282194581793942215293811836391478974900789963845024963281200227193839116.json
0x8f30722dd16bd63cf2665c383c1aef5e307b0046,5,64083282194581793942215293811836391478974900789963845024963281200227193839072,64083282194581793942215293811836391478974900789963845024963281200227193839072,QmeYtojZfrLnJWUHRHRwWRjj1AwQipX8SV7uAc2VKh9vWN,ops/cdn-retirement-phase2/step3/v3-docs/0x8f30722dd16bd63cf2665c383c1aef5e307b0046/64083282194581793942215293811836391478974900789963845024963281200227193839072.json
0x8f30722dd16bd63cf2665c383c1aef5e307b0046,50,64083282194581793942215293811836391478974900789963845024963281200227193839117,64083282194581793942215293811836391478974900789963845024963281200227193839117,Qmd1mWizhSQBgf4TLckyXoX7GN1CZG4NopcrGZzu2ozzw2,ops/cdn-retirement-phase2/step3/v3-docs/0x8f30722dd16bd63cf2665c383c1aef5e307b0046/64083282194581793942215293811836391478974900789963845024963281200227193839117.json
0x8f30722dd16bd63cf2665c383c1aef5e307b0046,51,64083282194581793942215293811836391478974900789963845024963281200227193839118,64083282194581793942215293811836391478974900789963845024963281200227193839118,QmPnrRyEmYQZUJCTDrm23g1Zu1q4kjnZpq22zquQYDta6p,ops/cdn-retirement-phase2/step3/v3-docs/0x8f30722dd16bd63cf2665c383c1aef5e307b0046/64083282194581793942215293811836391478974900789963845024963281200227193839118.json
0x8f30722dd16bd63cf2665c383c1aef5e307b0046,52,64083282194581793942215293811836391478974900789963845024963281200227193839119,64083282194581793942215293811836391478974900789963845024963281200227193839119,QmTKrNBVqhqm6oiw5oA197vHZksJAyUWaSTgs3BP5bnFZv,ops/cdn-retirement-phase2/step3/v3-docs/0x8f30722dd16bd63cf2665c383c1aef5e307b0046/64083282194581793942215293811836391478974900789963845024963281200227193839119.json
0x8f30722dd16bd63cf2665c383c1aef5e307b0046,53,64083282194581793942215293811836391478974900789963845024963281200227193839120,64083282194581793942215293811836391478974900789963845024963281200227193839120,QmYUszwbqcMpyjm5boWyHHC3VUQNG5VVyECmGQnYXwndqu,ops/cdn-retirement-phase2/step3/v3-docs/0x8f30722dd16bd63cf2665c383c1aef5e307b0046/64083282194581793942215293811836391478974900789963845024963281200227193839120.json
0x8f30722dd16bd63cf2665c383c1aef5e307b0046,54,64083282194581793942215293811836391478974900789963845024963281200227193839121,64083282194581793942215293811836391478974900789963845024963281200227193839121,QmTEzfAPLXVctZBhifAmTjffkmCNwr5fC3S7ekFoJJFSLm,ops/cdn-retirement-phase2/step3/v3-docs/0x8f30722dd16bd63cf2665c383c1aef5e307b0046/64083282194581793942215293811836391478974900789963845024963281200227193839121.json
0x8f30722dd16bd63cf2665c383c1aef5e307b0046,55,64083282194581793942215293811836391478974900789963845024963281200227193839122,64083282194581793942215293811836391478974900789963845024963281200227193839122,QmPECB5oEKApxrGZ1BBWCKQYh5fEyaWdTCgLjgxmm4vMSm,ops/cdn-retirement-phase2/step3/v3-docs/0x8f30722dd16bd63cf2665c383c1aef5e307b0046/64083282194581793942215293811836391478974900789963845024963281200227193839122.json
0x8f30722dd16bd63cf2665c383c1aef5e307b0046,56,64083282194581793942215293811836391478974900789963845024963281200227193839123,64083282194581793942215293811836391478974900789963845024963281200227193839123,QmWoh8LfzL5JYNDSBCPR8xo4F3tnNbpfaEwmWunR76rhzj,ops/cdn-retirement-phase2/step3/v3-docs/0x8f30722dd16bd63cf2665c383c1aef5e307b0046/64083282194581793942215293811836391478974900789963845024963281200227193839123.json
0x8f30722dd16bd63cf2665c383c1aef5e307b0046,57,64083282194581793942215293811836391478974900789963845024963281200227193839124,64083282194581793942215293811836391478974900789963845024963281200227193839124,QmSPTP8feoaH4Vhcaoxto7ZhPubWxPnC5x8JKE1eD6oCXh,ops/cdn-retirement-phase2/step3/v3-docs/0x8f30722dd16bd63cf2665c383c1aef5e307b0046/64083282194581793942215293811836391478974900789963845024963281200227193839124.json
0x8f30722dd16bd63cf2665c383c1aef5e307b0046,58,64083282194581793942215293811836391478974900789963845024963281200227193839125,64083282194581793942215293811836391478974900789963845024963281200227193839125,QmeSiMeG77yTbdZXSEgZJzPJ8ojNgAXZdbr7ajkSXbqB1B,ops/cdn-retirement-phase2/step3/v3-docs/0x8f30722dd16bd63cf2665c383c1aef5e307b0046/64083282194581793942215293811836391478974900789963845024963281200227193839125.json
0x8f30722dd16bd63cf2665c383c1aef5e307b0046,59,64083282194581793942215293811836391478974900789963845024963281200227193839126,64083282194581793942215293811836391478974900789963845024963281200227193839126,QmaTbGni9nDyw3Fwwrp4BLN5bMPenyZ6Rug7SN7x2xaa7X,ops/cdn-retirement-phase2/step3/v3-docs/0x8f30722dd16bd63cf2665c383c1aef5e307b0046/64083282194581793942215293811836391478974900789963845024963281200227193839126.json
0x8f30722dd16bd63cf2665c383c1aef5e307b0046,6,64083282194581793942215293811836391478974900789963845024963281200227193839073,64083282194581793942215293811836391478974900789963845024963281200227193839073,QmSquNyXhD3n8sdmwGWJENJoSUuS8DZ4NML45r6Rt8gmJu,ops/cdn-retirement-phase2/step3/v3-docs/0x8f30722dd16bd63cf2665c383c1aef5e307b0046/64083282194581793942215293811836391478974900789963845024963281200227193839073.json
0x8f30722dd16bd63cf2665c383c1aef5e307b0046,60,64083282194581793942215293811836391478974900789963845024963281200227193839127,64083282194581793942215293811836391478974900789963845024963281200227193839127,QmWQd2ZVQm3g86E2LMpK8iVpZbwbxoezvUVSBt5bUFgTss,ops/cdn-retirement-phase2/step3/v3-docs/0x8f30722dd16bd63cf2665c383c1aef5e307b0046/64083282194581793942215293811836391478974900789963845024963281200227193839127.json
0x8f30722dd16bd63cf2665c383c1aef5e307b0046,61,64083282194581793942215293811836391478974900789963845024963281200227193839128,64083282194581793942215293811836391478974900789963845024963281200227193839128,QmZYfcwPSbLynbyQ5UY6hriKXvcVgfhHMS6hhW8q5znjUS,ops/cdn-retirement-phase2/step3/v3-docs/0x8f30722dd16bd63cf2665c383c1aef5e307b0046/64083282194581793942215293811836391478974900789963845024963281200227193839128.json
0x8f30722dd16bd63cf2665c383c1aef5e307b0046,62,64083282194581793942215293811836391478974900789963845024963281200227193839129,64083282194581793942215293811836391478974900789963845024963281200227193839129,QmbapbAufxZyPwsmSo3T5bUPrkzbtFhZmLWg9p6wzbwp5n,ops/cdn-retirement-phase2/step3/v3-docs/0x8f30722dd16bd63cf2665c383c1aef5e307b0046/64083282194581793942215293811836391478974900789963845024963281200227193839129.json
0x8f30722dd16bd63cf2665c383c1aef5e307b0046,63,64083282194581793942215293811836391478974900789963845024963281200227193839130,64083282194581793942215293811836391478974900789963845024963281200227193839130,QmSp56aUcN9jFZV8g4txjo6jRYbfFBwsWX9tWcwDaUV5Uo,ops/cdn-retirement-phase2/step3/v3-docs/0x8f30722dd16bd63cf2665c383c1aef5e307b0046/64083282194581793942215293811836391478974900789963845024963281200227193839130.json
0x8f30722dd16bd63cf2665c383c1aef5e307b0046,64,64083282194581793942215293811836391478974900789963845024963281200227193839131,64083282194581793942215293811836391478974900789963845024963281200227193839131,QmfPBW9hKE6ZBCc3DtadfJ56p5gFBr6qPzf5UdRYBKDQgL,ops/cdn-retirement-phase2/step3/v3-docs/0x8f30722dd16bd63cf2665c383c1aef5e307b0046/64083282194581793942215293811836391478974900789963845024963281200227193839131.json
0x8f30722dd16bd63cf2665c383c1aef5e307b0046,65,64083282194581793942215293811836391478974900789963845024963281200227193839132,64083282194581793942215293811836391478974900789963845024963281200227193839132,QmXtqtFKoiWZzpqynhqcasmwcwoEzvdAWK4iCZyMLXwL2k,ops/cdn-retirement-phase2/step3/v3-docs/0x8f30722dd16bd63cf2665c383c1aef5e307b0046/64083282194581793942215293811836391478974900789963845024963281200227193839132.json
0x8f30722dd16bd63cf2665c383c1aef5e307b0046,66,64083282194581793942215293811836391478974900789963845024963281200227193839133,64083282194581793942215293811836391478974900789963845024963281200227193839133,QmPDaXmw41fwuo87Q9dWbTKUFkiyHHmxn89JbcxtjHctUi,ops/cdn-retirement-phase2/step3/v3-docs/0x8f30722dd16bd63cf2665c383c1aef5e307b0046/64083282194581793942215293811836391478974900789963845024963281200227193839133.json
0x8f30722dd16bd63cf2665c383c1aef5e307b0046,67,64083282194581793942215293811836391478974900789963845024963281200227193839134,64083282194581793942215293811836391478974900789963845024963281200227193839134,QmcLqT9kSz3BF2tbQREvtDH1SBmDEd9TEhCi2bceroiyar,ops/cdn-retirement-phase2/step3/v3-docs/0x8f30722dd16bd63cf2665c383c1aef5e307b0046/64083282194581793942215293811836391478974900789963845024963281200227193839134.json
0x8f30722dd16bd63cf2665c383c1aef5e307b0046,68,64083282194581793942215293811836391478974900789963845024963281200227193839135,64083282194581793942215293811836391478974900789963845024963281200227193839135,QmZkQAy1Xxh51EuhAKo8815xPxrqcGmutcj2SSQ7fv7m3x,ops/cdn-retirement-phase2/step3/v3-docs/0x8f30722dd16bd63cf2665c383c1aef5e307b0046/64083282194581793942215293811836391478974900789963845024963281200227193839135.json
0x8f30722dd16bd63cf2665c383c1aef5e307b0046,69,64083282194581793942215293811836391478974900789963845024963281200227193839136,64083282194581793942215293811836391478974900789963845024963281200227193839136,QmQATr9kNheuioHKS6udSCoyn1L3CYCYWYp7CYQZnfxyHx,ops/cdn-retirement-phase2/step3/v3-docs/0x8f30722dd16bd63cf2665c383c1aef5e307b0046/64083282194581793942215293811836391478974900789963845024963281200227193839136.json
0x8f30722dd16bd63cf2665c383c1aef5e307b0046,7,64083282194581793942215293811836391478974900789963845024963281200227193839074,64083282194581793942215293811836391478974900789963845024963281200227193839074,QmTMqroigewRUmVAGQgzngpBP7P5Hn4oFBhFaNt1RGbJdz,ops/cdn-retirement-phase2/step3/v3-docs/0x8f30722dd16bd63cf2665c383c1aef5e307b0046/64083282194581793942215293811836391478974900789963845024963281200227193839074.json
0x8f30722dd16bd63cf2665c383c1aef5e307b0046,70,64083282194581793942215293811836391478974900789963845024963281200227193839137,64083282194581793942215293811836391478974900789963845024963281200227193839137,QmUoXuhvqSfyoYu4rjt7ZWZqrFEyG7LqmQ3LQC48W8v32A,ops/cdn-retirement-phase2/step3/v3-docs/0x8f30722dd16bd63cf2665c383c1aef5e307b0046/64083282194581793942215293811836391478974900789963845024963281200227193839137.json
0x8f30722dd16bd63cf2665c383c1aef5e307b0046,71,64083282194581793942215293811836391478974900789963845024963281200227193839138,64083282194581793942215293811836391478974900789963845024963281200227193839138,QmRtMk4bwDBANpgNGx3PV5p9safwzDQa13hX3ntFWJw7jN,ops/cdn-retirement-phase2/step3/v3-docs/0x8f30722dd16bd63cf2665c383c1aef5e307b0046/64083282194581793942215293811836391478974900789963845024963281200227193839138.json
0x8f30722dd16bd63cf2665c383c1aef5e307b0046,72,64083282194581793942215293811836391478974900789963845024963281200227193839139,64083282194581793942215293811836391478974900789963845024963281200227193839139,QmRnW1FBJxM7Bwbh1hv2KEaU9bJHtDD5k1H4CUXZAqo2Mn,ops/cdn-retirement-phase2/step3/v3-docs/0x8f30722dd16bd63cf2665c383c1aef5e307b0046/64083282194581793942215293811836391478974900789963845024963281200227193839139.json
0x8f30722dd16bd63cf2665c383c1aef5e307b0046,73,64083282194581793942215293811836391478974900789963845024963281200227193839140,64083282194581793942215293811836391478974900789963845024963281200227193839140,QmPwu7P52qVNxVFgqShjv6hLL7FbVqJ9KqV8MEv723uytP,ops/cdn-retirement-phase2/step3/v3-docs/0x8f30722dd16bd63cf2665c383c1aef5e307b0046/64083282194581793942215293811836391478974900789963845024963281200227193839140.json
0x8f30722dd16bd63cf2665c383c1aef5e307b0046,74,64083282194581793942215293811836391478974900789963845024963281200227193839141,64083282194581793942215293811836391478974900789963845024963281200227193839141,QmSybCG8EpJSHSqofhvbSfvmWS65DG3mWatf7LHhWuTar1,ops/cdn-retirement-phase2/step3/v3-docs/0x8f30722dd16bd63cf2665c383c1aef5e307b0046/64083282194581793942215293811836391478974900789963845024963281200227193839141.json
0x8f30722dd16bd63cf2665c383c1aef5e307b0046,75,64083282194581793942215293811836391478974900789963845024963281200227193839142,64083282194581793942215293811836391478974900789963845024963281200227193839142,QmTcswwc7KcTehKeFyUT5foQUvnxff8Q72DFUjJJ1xpeHN,ops/cdn-retirement-phase2/step3/v3-docs/0x8f30722dd16bd63cf2665c383c1aef5e307b0046/64083282194581793942215293811836391478974900789963845024963281200227193839142.json
0x8f30722dd16bd63cf2665c383c1aef5e307b0046,76,64083282194581793942215293811836391478974900789963845024963281200227193839143,64083282194581793942215293811836391478974900789963845024963281200227193839143,QmZLGWvgHrwjnhbsJGqboWtMSq9SG2DLzk1Nj83WPeFtbW,ops/cdn-retirement-phase2/step3/v3-docs/0x8f30722dd16bd63cf2665c383c1aef5e307b0046/64083282194581793942215293811836391478974900789963845024963281200227193839143.json
0x8f30722dd16bd63cf2665c383c1aef5e307b0046,77,64083282194581793942215293811836391478974900789963845024963281200227193839144,64083282194581793942215293811836391478974900789963845024963281200227193839144,QmepmReyAogkDH4NVH13A2XEQUL9JECYyD7NoJQaK5JCfb,ops/cdn-retirement-phase2/step3/v3-docs/0x8f30722dd16bd63cf2665c383c1aef5e307b0046/64083282194581793942215293811836391478974900789963845024963281200227193839144.json
0x8f30722dd16bd63cf2665c383c1aef5e307b0046,78,64083282194581793942215293811836391478974900789963845024963281200227193839145,64083282194581793942215293811836391478974900789963845024963281200227193839145,QmZVFKaQsJwAYKR5UH87b3b2wNUJnTKfG4f5FLjKLsut2d,ops/cdn-retirement-phase2/step3/v3-docs/0x8f30722dd16bd63cf2665c383c1aef5e307b0046/64083282194581793942215293811836391478974900789963845024963281200227193839145.json
0x8f30722dd16bd63cf2665c383c1aef5e307b0046,79,64083282194581793942215293811836391478974900789963845024963281200227193839146,64083282194581793942215293811836391478974900789963845024963281200227193839146,QmekgRKZcdB7fr2HzT2MCKddqVL9y6FXkkgPRLELxzqpVs,ops/cdn-retirement-phase2/step3/v3-docs/0x8f30722dd16bd63cf2665c383c1aef5e307b0046/64083282194581793942215293811836391478974900789963845024963281200227193839146.json
0x8f30722dd16bd63cf2665c383c1aef5e307b0046,8,64083282194581793942215293811836391478974900789963845024963281200227193839075,64083282194581793942215293811836391478974900789963845024963281200227193839075,QmQhtZaEU8B4fWZWYDX7xArL3PcDYLknCsperK3x3Bts5p,ops/cdn-retirement-phase2/step3/v3-docs/0x8f30722dd16bd63cf2665c383c1aef5e307b0046/64083282194581793942215293811836391478974900789963845024963281200227193839075.json
0x8f30722dd16bd63cf2665c383c1aef5e307b0046,80,64083282194581793942215293811836391478974900789963845024963281200227193839147,64083282194581793942215293811836391478974900789963845024963281200227193839147,QmWtVVeB2G6kd2DfhHhZfTzNAiiM6N1jS2k3sny7XKq5C7,ops/cdn-retirement-phase2/step3/v3-docs/0x8f30722dd16bd63cf2665c383c1aef5e307b0046/64083282194581793942215293811836391478974900789963845024963281200227193839147.json
0x8f30722dd16bd63cf2665c383c1aef5e307b0046,81,64083282194581793942215293811836391478974900789963845024963281200227193839148,64083282194581793942215293811836391478974900789963845024963281200227193839148,Qmewt6hpMjRG8EJfsruQAmGGcrreFmWoSAcBCYWiap12Uz,ops/cdn-retirement-phase2/step3/v3-docs/0x8f30722dd16bd63cf2665c383c1aef5e307b0046/64083282194581793942215293811836391478974900789963845024963281200227193839148.json
0x8f30722dd16bd63cf2665c383c1aef5e307b0046,82,64083282194581793942215293811836391478974900789963845024963281200227193839149,64083282194581793942215293811836391478974900789963845024963281200227193839149,QmaP2arpm4MYFMnMFwBZ7BuXkcf9j7aCtB9rhEFPXRLC3A,ops/cdn-retirement-phase2/step3/v3-docs/0x8f30722dd16bd63cf2665c383c1aef5e307b0046/64083282194581793942215293811836391478974900789963845024963281200227193839149.json
0x8f30722dd16bd63cf2665c383c1aef5e307b0046,83,64083282194581793942215293811836391478974900789963845024963281200227193839150,64083282194581793942215293811836391478974900789963845024963281200227193839150,QmS7LZ18oykKzBxjyCoKGdzvRapdMDTmr1GD4YWa3MCyxG,ops/cdn-retirement-phase2/step3/v3-docs/0x8f30722dd16bd63cf2665c383c1aef5e307b0046/64083282194581793942215293811836391478974900789963845024963281200227193839150.json
0x8f30722dd16bd63cf2665c383c1aef5e307b0046,84,64083282194581793942215293811836391478974900789963845024963281200227193839151,64083282194581793942215293811836391478974900789963845024963281200227193839151,QmYGkrQAGMK5SoSoiuKBcWGx5DZ8trFVZyRE88vj42UDrA,ops/cdn-retirement-phase2/step3/v3-docs/0x8f30722dd16bd63cf2665c383c1aef5e307b0046/64083282194581793942215293811836391478974900789963845024963281200227193839151.json
0x8f30722dd16bd63cf2665c383c1aef5e307b0046,85,64083282194581793942215293811836391478974900789963845024963281200227193839152,64083282194581793942215293811836391478974900789963845024963281200227193839152,QmX6Zmes9XRH7b6mo9Q86nfNtcppT1gEQ6kiwQ5XoVZuN2,ops/cdn-retirement-phase2/step3/v3-docs/0x8f30722dd16bd63cf2665c383c1aef5e307b0046/64083282194581793942215293811836391478974900789963845024963281200227193839152.json
0x8f30722dd16bd63cf2665c383c1aef5e307b0046,86,64083282194581793942215293811836391478974900789963845024963281200227193839153,64083282194581793942215293811836391478974900789963845024963281200227193839153,QmWpaLfM5ud1NiTX2YWMgxR8KzyByAcUon4wfATpkawoqE,ops/cdn-retirement-phase2/step3/v3-docs/0x8f30722dd16bd63cf2665c383c1aef5e307b0046/64083282194581793942215293811836391478974900789963845024963281200227193839153.json
0x8f30722dd16bd63cf2665c383c1aef5e307b0046,87,64083282194581793942215293811836391478974900789963845024963281200227193839154,64083282194581793942215293811836391478974900789963845024963281200227193839154,QmWq7a19sEJRqaAi2wCrqwnJYgcCSqVa4pAS4z92paeKUi,ops/cdn-retirement-phase2/step3/v3-docs/0x8f30722dd16bd63cf2665c383c1aef5e307b0046/64083282194581793942215293811836391478974900789963845024963281200227193839154.json
0x8f30722dd16bd63cf2665c383c1aef5e307b0046,88,64083282194581793942215293811836391478974900789963845024963281200227193839155,64083282194581793942215293811836391478974900789963845024963281200227193839155,QmQRZsqJK3gePUngqau2XWiq9qPtLSLnsBSZmpGYZ2YFQs,ops/cdn-retirement-phase2/step3/v3-docs/0x8f30722dd16bd63cf2665c383c1aef5e307b0046/64083282194581793942215293811836391478974900789963845024963281200227193839155.json
0x8f30722dd16bd63cf2665c383c1aef5e307b0046,89,64083282194581793942215293811836391478974900789963845024963281200227193839156,64083282194581793942215293811836391478974900789963845024963281200227193839156,QmSoiLFM3RbuNhTRcbscEeQF1yEdzAkrCMSvedQmPXqLGh,ops/cdn-retirement-phase2/step3/v3-docs/0x8f30722dd16bd63cf2665c383c1aef5e307b0046/64083282194581793942215293811836391478974900789963845024963281200227193839156.json
0x8f30722dd16bd63cf2665c383c1aef5e307b0046,9,64083282194581793942215293811836391478974900789963845024963281200227193839076,64083282194581793942215293811836391478974900789963845024963281200227193839076,QmXsxwosG9mx6S4f99XhxnKUxm7FAc8W7g9VHWAqZCKyGQ,ops/cdn-retirement-phase2/step3/v3-docs/0x8f30722dd16bd63cf2665c383c1aef5e307b0046/64083282194581793942215293811836391478974900789963845024963281200227193839076.json
0x8f30722dd16bd63cf2665c383c1aef5e307b0046,90,64083282194581793942215293811836391478974900789963845024963281200227193839157,64083282194581793942215293811836391478974900789963845024963281200227193839157,Qmf7BzdFAmqt3FDaiFQRu4ues9NfRZ7W2XZ8u4F2MkP4Sd,ops/cdn-retirement-phase2/step3/v3-docs/0x8f30722dd16bd63cf2665c383c1aef5e307b0046/64083282194581793942215293811836391478974900789963845024963281200227193839157.json
0x8f30722dd16bd63cf2665c383c1aef5e307b0046,91,64083282194581793942215293811836391478974900789963845024963281200227193839158,64083282194581793942215293811836391478974900789963845024963281200227193839158,QmQHDJPpxPdr11AzUnif2itbfhKxnEEcwo9ZNZ2Q6i7mxG,ops/cdn-retirement-phase2/step3/v3-docs/0x8f30722dd16bd63cf2665c383c1aef5e307b0046/64083282194581793942215293811836391478974900789963845024963281200227193839158.json
0xc4f0ee96676d3de800b9725eb628de1c5a0cbea1,0,21448038574106388099498729698156229932988054978307315072895959449711736813719,21448038574106388099498729698156229932988054978307315072895959449711736813719,QmcxyoQKFyxFvS3phf1abt7pEtHx5tD713cg7DpDLUofTN,ops/cdn-retirement-phase2/step3/v3-docs/0xc4f0ee96676d3de800b9725eb628de1c5a0cbea1/21448038574106388099498729698156229932988054978307315072895959449711736813719.json
0xc4f0ee96676d3de800b9725eb628de1c5a0cbea1,0,30154321245016221480147636494972145704944840675743022290291572601234813269333,30154321245016221480147636494972145704944840675743022290291572601234813269333,QmSUtiWnGhfuogQsjZVQSih1Z7FG9jKQ3x86afsnjKTfSN,ops/cdn-retirement-phase2/step3/v3-docs/0xc4f0ee96676d3de800b9725eb628de1c5a0cbea1/30154321245016221480147636494972145704944840675743022290291572601234813269333.json
0xc4f0ee96676d3de800b9725eb628de1c5a0cbea1,0,31221468210609484860409183864532577577041700613675444716595920226587732227113,31221468210609484860409183864532577577041700613675444716595920226587732227113,QmcXcXibMvpRQgJCiWs53sE57YZTtbBJyu3N2DfqxDdFwp,ops/cdn-retirement-phase2/step3/v3-docs/0xc4f0ee96676d3de800b9725eb628de1c5a0cbea1/31221468210609484860409183864532577577041700613675444716595920226587732227113.json
0xc4f0ee96676d3de800b9725eb628de1c5a0cbea1,0,65929679735845116927439867739438624115109737560452263431315871463539431070796,65929679735845116927439867739438624115109737560452263431315871463539431070796,QmVw1oMDPm2C8odUfrmrQyPgaYQ7j5Eq7GiS4ppBUtMYBm,ops/cdn-retirement-phase2/step3/v3-docs/0xc4f0ee96676d3de800b9725eb628de1c5a0cbea1/65929679735845116927439867739438624115109737560452263431315871463539431070796.json
0xc4f0ee96676d3de800b9725eb628de1c5a0cbea1,0,71287885707144772904583885620176228016693055630019732369863905836193834145264,71287885707144772904583885620176228016693055630019732369863905836193834145264,QmXscvv86sj9LVdEwUhC2DzEqmnAQqDx3TafP2o2TgdauL,ops/cdn-retirement-phase2/step3/v3-docs/0xc4f0ee96676d3de800b9725eb628de1c5a0cbea1/71287885707144772904583885620176228016693055630019732369863905836193834145264.json
0xc4f0ee96676d3de800b9725eb628de1c5a0cbea1,0,87329314989335775336461258166202186746543912634975442811164605982738420999826,87329314989335775336461258166202186746543912634975442811164605982738420999826,Qme6hFHvvLXZh9y5QCb1Fk3qatg5tAn37huCnkAFSc5bMQ,ops/cdn-retirement-phase2/step3/v3-docs/0xc4f0ee96676d3de800b9725eb628de1c5a0cbea1/87329314989335775336461258166202186746543912634975442811164605982738420999826.json
0xc4f0ee96676d3de800b9725eb628de1c5a0cbea1,1,21448038574106388099498729698156229932988054978307315072895959449711736813720,21448038574106388099498729698156229932988054978307315072895959449711736813720,QmNubkEMzYH8Q4o5zfunfVjGhUGhAHChz6pwMNaEGRVWRw,ops/cdn-retirement-phase2/step3/v3-docs/0xc4f0ee96676d3de800b9725eb628de1c5a0cbea1/21448038574106388099498729698156229932988054978307315072895959449711736813720.json
0xc4f0ee96676d3de800b9725eb628de1c5a0cbea1,1,30154321245016221480147636494972145704944840675743022290291572601234813269334,30154321245016221480147636494972145704944840675743022290291572601234813269334,QmRsnnepquMkuyCsTku7nejiUoz4YaytGwudorsL4cgyW1,ops/cdn-retirement-phase2/step3/v3-docs/0xc4f0ee96676d3de800b9725eb628de1c5a0cbea1/30154321245016221480147636494972145704944840675743022290291572601234813269334.json
0xc4f0ee96676d3de800b9725eb628de1c5a0cbea1,1,31221468210609484860409183864532577577041700613675444716595920226587732227114,31221468210609484860409183864532577577041700613675444716595920226587732227114,QmfScsTSMquL3HxH9C8x4GSFovui1ugwyfVm3v61GEJAKF,ops/cdn-retirement-phase2/step3/v3-docs/0xc4f0ee96676d3de800b9725eb628de1c5a0cbea1/31221468210609484860409183864532577577041700613675444716595920226587732227114.json
0xc4f0ee96676d3de800b9725eb628de1c5a0cbea1,1,65929679735845116927439867739438624115109737560452263431315871463539431070797,65929679735845116927439867739438624115109737560452263431315871463539431070797,QmRbW1k4nnA21DPPxJTWs2eecFde5MPV8uXeFHrn45mupx,ops/cdn-retirement-phase2/step3/v3-docs/0xc4f0ee96676d3de800b9725eb628de1c5a0cbea1/65929679735845116927439867739438624115109737560452263431315871463539431070797.json
0xc4f0ee96676d3de800b9725eb628de1c5a0cbea1,1,71287885707144772904583885620176228016693055630019732369863905836193834145265,71287885707144772904583885620176228016693055630019732369863905836193834145265,QmNkKFbPXsCbzGVVNKWEWzW1NLkHSYAJEqS5emRcnp1gxV,ops/cdn-retirement-phase2/step3/v3-docs/0xc4f0ee96676d3de800b9725eb628de1c5a0cbea1/71287885707144772904583885620176228016693055630019732369863905836193834145265.json
0xc4f0ee96676d3de800b9725eb628de1c5a0cbea1,1,87329314989335775336461258166202186746543912634975442811164605982738420999827,87329314989335775336461258166202186746543912634975442811164605982738420999827,QmStA7GhRcTVr1hyfySjGhTwaiqH6hC9FEfucbMH2ML6ye,ops/cdn-retirement-phase2/step3/v3-docs/0xc4f0ee96676d3de800b9725eb628de1c5a0cbea1/87329314989335775336461258166202186746543912634975442811164605982738420999827.json
0xc4f0ee96676d3de800b9725eb628de1c5a0cbea1,10,21448038574106388099498729698156229932988054978307315072895959449711736813729,21448038574106388099498729698156229932988054978307315072895959449711736813729,QmX8XmEFsemxqERvJmQnqhkUtHBQx1P2yZ4stT71cFU88D,ops/cdn-retirement-phase2/step3/v3-docs/0xc4f0ee96676d3de800b9725eb628de1c5a0cbea1/21448038574106388099498729698156229932988054978307315072895959449711736813729.json
0xc4f0ee96676d3de800b9725eb628de1c5a0cbea1,10,30154321245016221480147636494972145704944840675743022290291572601234813269343,30154321245016221480147636494972145704944840675743022290291572601234813269343,QmTwgP5z2rxcn58XA7xVGezGKhJMnPffU5YkT6nqiKBZNC,ops/cdn-retirement-phase2/step3/v3-docs/0xc4f0ee96676d3de800b9725eb628de1c5a0cbea1/30154321245016221480147636494972145704944840675743022290291572601234813269343.json
0xc4f0ee96676d3de800b9725eb628de1c5a0cbea1,10,31221468210609484860409183864532577577041700613675444716595920226587732227123,31221468210609484860409183864532577577041700613675444716595920226587732227123,QmSip71RskNoZEznvMfuuEnPMSJAYcZEZX81jq2REHgbuW,ops/cdn-retirement-phase2/step3/v3-docs/0xc4f0ee96676d3de800b9725eb628de1c5a0cbea1/31221468210609484860409183864532577577041700613675444716595920226587732227123.json
0xc4f0ee96676d3de800b9725eb628de1c5a0cbea1,10,65929679735845116927439867739438624115109737560452263431315871463539431070806,65929679735845116927439867739438624115109737560452263431315871463539431070806,QmQ4oZfu77o1rqhc63KNw3ExfcSTjFteSYkvA7GZqbAWGo,ops/cdn-retirement-phase2/step3/v3-docs/0xc4f0ee96676d3de800b9725eb628de1c5a0cbea1/65929679735845116927439867739438624115109737560452263431315871463539431070806.json
0xc4f0ee96676d3de800b9725eb628de1c5a0cbea1,10,71287885707144772904583885620176228016693055630019732369863905836193834145274,71287885707144772904583885620176228016693055630019732369863905836193834145274,Qma9FSBPmHDiPoRdCCVWvw1b5jxfaFDBKJQGpAKqnhW1za,ops/cdn-retirement-phase2/step3/v3-docs/0xc4f0ee96676d3de800b9725eb628de1c5a0cbea1/71287885707144772904583885620176228016693055630019732369863905836193834145274.json
0xc4f0ee96676d3de800b9725eb628de1c5a0cbea1,10,87329314989335775336461258166202186746543912634975442811164605982738420999836,87329314989335775336461258166202186746543912634975442811164605982738420999836,Qme4RQsUQH8G3dHhTWSYM5wspwyJvmA1uqRfo2sZrUkrLx,ops/cdn-retirement-phase2/step3/v3-docs/0xc4f0ee96676d3de800b9725eb628de1c5a0cbea1/87329314989335775336461258166202186746543912634975442811164605982738420999836.json
0xc4f0ee96676d3de800b9725eb628de1c5a0cbea1,11,21448038574106388099498729698156229932988054978307315072895959449711736813730,21448038574106388099498729698156229932988054978307315072895959449711736813730,QmY1WhdfwS3zuvYNRAG42zPiVnzxUD3pzzGfMyTqFpFB5x,ops/cdn-retirement-phase2/step3/v3-docs/0xc4f0ee96676d3de800b9725eb628de1c5a0cbea1/21448038574106388099498729698156229932988054978307315072895959449711736813730.json
0xc4f0ee96676d3de800b9725eb628de1c5a0cbea1,11,30154321245016221480147636494972145704944840675743022290291572601234813269344,30154321245016221480147636494972145704944840675743022290291572601234813269344,QmafNx1caKU3LRtMzDvSW6oYg4WFH9xtqBsm3RUBwSkqGt,ops/cdn-retirement-phase2/step3/v3-docs/0xc4f0ee96676d3de800b9725eb628de1c5a0cbea1/30154321245016221480147636494972145704944840675743022290291572601234813269344.json
0xc4f0ee96676d3de800b9725eb628de1c5a0cbea1,11,31221468210609484860409183864532577577041700613675444716595920226587732227124,31221468210609484860409183864532577577041700613675444716595920226587732227124,QmSGX4Sx7Sja9is67qBqeNQPmkCS7YssuGqMkuArJSnMr3,ops/cdn-retirement-phase2/step3/v3-docs/0xc4f0ee96676d3de800b9725eb628de1c5a0cbea1/31221468210609484860409183864532577577041700613675444716595920226587732227124.json
0xc4f0ee96676d3de800b9725eb628de1c5a0cbea1,11,65929679735845116927439867739438624115109737560452263431315871463539431070807,65929679735845116927439867739438624115109737560452263431315871463539431070807,QmQPWJtnQB2XEyuFgpvcn22BF7hAkNZQm9TwuGeapRsaei,ops/cdn-retirement-phase2/step3/v3-docs/0xc4f0ee96676d3de800b9725eb628de1c5a0cbea1/65929679735845116927439867739438624115109737560452263431315871463539431070807.json
0xc4f0ee96676d3de800b9725eb628de1c5a0cbea1,11,71287885707144772904583885620176228016693055630019732369863905836193834145275,71287885707144772904583885620176228016693055630019732369863905836193834145275,QmaY3aeydketVSEmaVFtHFvyFpR3bK4uhajL7Lvw1W5TP6,ops/cdn-retirement-phase2/step3/v3-docs/0xc4f0ee96676d3de800b9725eb628de1c5a0cbea1/71287885707144772904583885620176228016693055630019732369863905836193834145275.json
0xc4f0ee96676d3de800b9725eb628de1c5a0cbea1,11,87329314989335775336461258166202186746543912634975442811164605982738420999837,87329314989335775336461258166202186746543912634975442811164605982738420999837,Qmc4qFDXZ1wvcNtguQXp3Np8cd3oHKghm9SwM33h1QSjVj,ops/cdn-retirement-phase2/step3/v3-docs/0xc4f0ee96676d3de800b9725eb628de1c5a0cbea1/87329314989335775336461258166202186746543912634975442811164605982738420999837.json
0xc4f0ee96676d3de800b9725eb628de1c5a0cbea1,12,21448038574106388099498729698156229932988054978307315072895959449711736813731,21448038574106388099498729698156229932988054978307315072895959449711736813731,QmeJt4MSdfz83VWVZvTemnGyMMeq42Gjz5XJFuGQKVAwFq,ops/cdn-retirement-phase2/step3/v3-docs/0xc4f0ee96676d3de800b9725eb628de1c5a0cbea1/21448038574106388099498729698156229932988054978307315072895959449711736813731.json
0xc4f0ee96676d3de800b9725eb628de1c5a0cbea1,12,30154321245016221480147636494972145704944840675743022290291572601234813269345,30154321245016221480147636494972145704944840675743022290291572601234813269345,QmS6EHR3ARUXMLp4g4W2E7WKuTtZAjpGo9tAaGUXu1EG4H,ops/cdn-retirement-phase2/step3/v3-docs/0xc4f0ee96676d3de800b9725eb628de1c5a0cbea1/30154321245016221480147636494972145704944840675743022290291572601234813269345.json
0xc4f0ee96676d3de800b9725eb628de1c5a0cbea1,12,31221468210609484860409183864532577577041700613675444716595920226587732227125,31221468210609484860409183864532577577041700613675444716595920226587732227125,QmNSs1enekxsrsgYR5qVxSWrQKD4dv1Z9mfnUtHXZeZnvC,ops/cdn-retirement-phase2/step3/v3-docs/0xc4f0ee96676d3de800b9725eb628de1c5a0cbea1/31221468210609484860409183864532577577041700613675444716595920226587732227125.json
0xc4f0ee96676d3de800b9725eb628de1c5a0cbea1,12,65929679735845116927439867739438624115109737560452263431315871463539431070808,65929679735845116927439867739438624115109737560452263431315871463539431070808,QmUPuctfNLnzqGbDFvGPSon758H4YZ1ubpSiu87qcdhWB4,ops/cdn-retirement-phase2/step3/v3-docs/0xc4f0ee96676d3de800b9725eb628de1c5a0cbea1/65929679735845116927439867739438624115109737560452263431315871463539431070808.json
0xc4f0ee96676d3de800b9725eb628de1c5a0cbea1,12,71287885707144772904583885620176228016693055630019732369863905836193834145276,71287885707144772904583885620176228016693055630019732369863905836193834145276,QmVxJr4RAy8sW9UdYExsS4kyhMxbXvZGA9kGPZT2Qv7xLc,ops/cdn-retirement-phase2/step3/v3-docs/0xc4f0ee96676d3de800b9725eb628de1c5a0cbea1/71287885707144772904583885620176228016693055630019732369863905836193834145276.json
0xc4f0ee96676d3de800b9725eb628de1c5a0cbea1,12,87329314989335775336461258166202186746543912634975442811164605982738420999838,87329314989335775336461258166202186746543912634975442811164605982738420999838,QmSEQweikeEfTZa5SA8g3yJJwBncEzzb65G5WP1wdazwNi,ops/cdn-retirement-phase2/step3/v3-docs/0xc4f0ee96676d3de800b9725eb628de1c5a0cbea1/87329314989335775336461258166202186746543912634975442811164605982738420999838.json
0xc4f0ee96676d3de800b9725eb628de1c5a0cbea1,13,21448038574106388099498729698156229932988054978307315072895959449711736813732,21448038574106388099498729698156229932988054978307315072895959449711736813732,QmcM59GsKnDJL4PyKpdrEhx5SgNRHMnidGR8vnVZ31Nc1o,ops/cdn-retirement-phase2/step3/v3-docs/0xc4f0ee96676d3de800b9725eb628de1c5a0cbea1/21448038574106388099498729698156229932988054978307315072895959449711736813732.json
0xc4f0ee96676d3de800b9725eb628de1c5a0cbea1,13,30154321245016221480147636494972145704944840675743022290291572601234813269346,30154321245016221480147636494972145704944840675743022290291572601234813269346,QmUffLWWCKtdJrjq66CZMv5hWrLHbv82BKyuKF2EmXXFLk,ops/cdn-retirement-phase2/step3/v3-docs/0xc4f0ee96676d3de800b9725eb628de1c5a0cbea1/30154321245016221480147636494972145704944840675743022290291572601234813269346.json
0xc4f0ee96676d3de800b9725eb628de1c5a0cbea1,13,31221468210609484860409183864532577577041700613675444716595920226587732227126,31221468210609484860409183864532577577041700613675444716595920226587732227126,QmTmn836JeaWQdvT6BqXcy3JgVWZ5nXiPomqXXERicxybG,ops/cdn-retirement-phase2/step3/v3-docs/0xc4f0ee96676d3de800b9725eb628de1c5a0cbea1/31221468210609484860409183864532577577041700613675444716595920226587732227126.json
0xc4f0ee96676d3de800b9725eb628de1c5a0cbea1,13,65929679735845116927439867739438624115109737560452263431315871463539431070809,65929679735845116927439867739438624115109737560452263431315871463539431070809,QmUZryd2dND8zQBKpjTkXqGCErXn7NHmKxYgmDr3oYTVvk,ops/cdn-retirement-phase2/step3/v3-docs/0xc4f0ee96676d3de800b9725eb628de1c5a0cbea1/65929679735845116927439867739438624115109737560452263431315871463539431070809.json
0xc4f0ee96676d3de800b9725eb628de1c5a0cbea1,13,71287885707144772904583885620176228016693055630019732369863905836193834145277,71287885707144772904583885620176228016693055630019732369863905836193834145277,QmPGMTGxPbWLc2A4oenmizQUD226DKyBH8ByH6pZ3X3eaE,ops/cdn-retirement-phase2/step3/v3-docs/0xc4f0ee96676d3de800b9725eb628de1c5a0cbea1/71287885707144772904583885620176228016693055630019732369863905836193834145277.json
0xc4f0ee96676d3de800b9725eb628de1c5a0cbea1,13,87329314989335775336461258166202186746543912634975442811164605982738420999839,87329314989335775336461258166202186746543912634975442811164605982738420999839,QmWty7s8BxLRyyhiWfmq5pG1YaaY9MfXWMM3FMRZ82SqUP,ops/cdn-retirement-phase2/step3/v3-docs/0xc4f0ee96676d3de800b9725eb628de1c5a0cbea1/87329314989335775336461258166202186746543912634975442811164605982738420999839.json
0xc4f0ee96676d3de800b9725eb628de1c5a0cbea1,14,21448038574106388099498729698156229932988054978307315072895959449711736813733,21448038574106388099498729698156229932988054978307315072895959449711736813733,QmbRVSDbAYb4rrQXT458dJqZky8KPwpVwMRPNkAWr8ZhHk,ops/cdn-retirement-phase2/step3/v3-docs/0xc4f0ee96676d3de800b9725eb628de1c5a0cbea1/21448038574106388099498729698156229932988054978307315072895959449711736813733.json
0xc4f0ee96676d3de800b9725eb628de1c5a0cbea1,14,30154321245016221480147636494972145704944840675743022290291572601234813269347,30154321245016221480147636494972145704944840675743022290291572601234813269347,QmPG5jZ12HBU56B5nM5RN45wi8K852ojRTa9jSmuhCFePn,ops/cdn-retirement-phase2/step3/v3-docs/0xc4f0ee96676d3de800b9725eb628de1c5a0cbea1/30154321245016221480147636494972145704944840675743022290291572601234813269347.json
0xc4f0ee96676d3de800b9725eb628de1c5a0cbea1,14,31221468210609484860409183864532577577041700613675444716595920226587732227127,31221468210609484860409183864532577577041700613675444716595920226587732227127,Qmf4V78RpGmbx8nMvuDXGp2P5NgK8upFxCwYMKUiSSMXX1,ops/cdn-retirement-phase2/step3/v3-docs/0xc4f0ee96676d3de800b9725eb628de1c5a0cbea1/31221468210609484860409183864532577577041700613675444716595920226587732227127.json
0xc4f0ee96676d3de800b9725eb628de1c5a0cbea1,14,65929679735845116927439867739438624115109737560452263431315871463539431070810,65929679735845116927439867739438624115109737560452263431315871463539431070810,QmXXvGDm89KyWbG5E21pP1FGw878no2k8R5dU2VW2hrRRf,ops/cdn-retirement-phase2/step3/v3-docs/0xc4f0ee96676d3de800b9725eb628de1c5a0cbea1/65929679735845116927439867739438624115109737560452263431315871463539431070810.json
0xc4f0ee96676d3de800b9725eb628de1c5a0cbea1,14,71287885707144772904583885620176228016693055630019732369863905836193834145278,71287885707144772904583885620176228016693055630019732369863905836193834145278,QmRoiN4ZRwQZsEHCvTCSq6VwL4NN1f5M5woQSiUzViLLnA,ops/cdn-retirement-phase2/step3/v3-docs/0xc4f0ee96676d3de800b9725eb628de1c5a0cbea1/71287885707144772904583885620176228016693055630019732369863905836193834145278.json
0xc4f0ee96676d3de800b9725eb628de1c5a0cbea1,14,87329314989335775336461258166202186746543912634975442811164605982738420999840,87329314989335775336461258166202186746543912634975442811164605982738420999840,QmYf4pgCRuy4AYZVhHhQrCnhmpBPJnsidXYesHPcXHuoE3,ops/cdn-retirement-phase2/step3/v3-docs/0xc4f0ee96676d3de800b9725eb628de1c5a0cbea1/87329314989335775336461258166202186746543912634975442811164605982738420999840.json
0xc4f0ee96676d3de800b9725eb628de1c5a0cbea1,15,21448038574106388099498729698156229932988054978307315072895959449711736813734,21448038574106388099498729698156229932988054978307315072895959449711736813734,QmZBhMQ9JrHAJ6TXN3YyQzxhGTS6iWiQcQh1LD6jNc7xJA,ops/cdn-retirement-phase2/step3/v3-docs/0xc4f0ee96676d3de800b9725eb628de1c5a0cbea1/21448038574106388099498729698156229932988054978307315072895959449711736813734.json
0xc4f0ee96676d3de800b9725eb628de1c5a0cbea1,15,30154321245016221480147636494972145704944840675743022290291572601234813269348,30154321245016221480147636494972145704944840675743022290291572601234813269348,QmbeXF6f38ZggGzZwXPL9wHjrb9cTC8wTJzZ4ZHeP4cLUh,ops/cdn-retirement-phase2/step3/v3-docs/0xc4f0ee96676d3de800b9725eb628de1c5a0cbea1/30154321245016221480147636494972145704944840675743022290291572601234813269348.json
0xc4f0ee96676d3de800b9725eb628de1c5a0cbea1,15,31221468210609484860409183864532577577041700613675444716595920226587732227128,31221468210609484860409183864532577577041700613675444716595920226587732227128,QmRmApjnzzcag3FjhteZR6GAHqzXMT67qinm7tJC8krTuQ,ops/cdn-retirement-phase2/step3/v3-docs/0xc4f0ee96676d3de800b9725eb628de1c5a0cbea1/31221468210609484860409183864532577577041700613675444716595920226587732227128.json
0xc4f0ee96676d3de800b9725eb628de1c5a0cbea1,15,65929679735845116927439867739438624115109737560452263431315871463539431070811,65929679735845116927439867739438624115109737560452263431315871463539431070811,QmToibe72AERVDLaNffb84RyqCXRA6QYwcF2sHSWjyr8zu,ops/cdn-retirement-phase2/step3/v3-docs/0xc4f0ee96676d3de800b9725eb628de1c5a0cbea1/65929679735845116927439867739438624115109737560452263431315871463539431070811.json
0xc4f0ee96676d3de800b9725eb628de1c5a0cbea1,15,71287885707144772904583885620176228016693055630019732369863905836193834145279,71287885707144772904583885620176228016693055630019732369863905836193834145279,QmcXVJDw4mmramCQRpSLAc5eewuuPtXP3roKuSQFD2ykjs,ops/cdn-retirement-phase2/step3/v3-docs/0xc4f0ee96676d3de800b9725eb628de1c5a0cbea1/71287885707144772904583885620176228016693055630019732369863905836193834145279.json
0xc4f0ee96676d3de800b9725eb628de1c5a0cbea1,15,87329314989335775336461258166202186746543912634975442811164605982738420999841,87329314989335775336461258166202186746543912634975442811164605982738420999841,QmRFix9zgetH9KiuYt24KjuxKSP1V8nQJX8xEoWzGx1myt,ops/cdn-retirement-phase2/step3/v3-docs/0xc4f0ee96676d3de800b9725eb628de1c5a0cbea1/87329314989335775336461258166202186746543912634975442811164605982738420999841.json
0xc4f0ee96676d3de800b9725eb628de1c5a0cbea1,16,21448038574106388099498729698156229932988054978307315072895959449711736813735,21448038574106388099498729698156229932988054978307315072895959449711736813735,Qma67cfSa4ZjHLFJQf43MLkexWtziXpbocyTVR9b2TVcvK,ops/cdn-retirement-phase2/step3/v3-docs/0xc4f0ee96676d3de800b9725eb628de1c5a0cbea1/21448038574106388099498729698156229932988054978307315072895959449711736813735.json
0xc4f0ee96676d3de800b9725eb628de1c5a0cbea1,16,30154321245016221480147636494972145704944840675743022290291572601234813269349,30154321245016221480147636494972145704944840675743022290291572601234813269349,QmYg6Ne6zvgnvdRJeozgNmcKV1p7p7xpLpfbT4jEP8HPWQ,ops/cdn-retirement-phase2/step3/v3-docs/0xc4f0ee96676d3de800b9725eb628de1c5a0cbea1/30154321245016221480147636494972145704944840675743022290291572601234813269349.json
0xc4f0ee96676d3de800b9725eb628de1c5a0cbea1,16,31221468210609484860409183864532577577041700613675444716595920226587732227129,31221468210609484860409183864532577577041700613675444716595920226587732227129,QmYqmijHzW5n7PMaZrLYCTvWGWiQTqtwGupUxXoUeSmXrE,ops/cdn-retirement-phase2/step3/v3-docs/0xc4f0ee96676d3de800b9725eb628de1c5a0cbea1/31221468210609484860409183864532577577041700613675444716595920226587732227129.json
0xc4f0ee96676d3de800b9725eb628de1c5a0cbea1,16,65929679735845116927439867739438624115109737560452263431315871463539431070812,65929679735845116927439867739438624115109737560452263431315871463539431070812,QmYNrmeZVoTXztgWyQ5uXH1mAdvTUkywTtXNpSKdSA2DF9,ops/cdn-retirement-phase2/step3/v3-docs/0xc4f0ee96676d3de800b9725eb628de1c5a0cbea1/65929679735845116927439867739438624115109737560452263431315871463539431070812.json
0xc4f0ee96676d3de800b9725eb628de1c5a0cbea1,16,71287885707144772904583885620176228016693055630019732369863905836193834145280,71287885707144772904583885620176228016693055630019732369863905836193834145280,QmfPzhD8pXJYPCHE5M5TT5H2vkGZUtPoJVDEtCFUeQcRbY,ops/cdn-retirement-phase2/step3/v3-docs/0xc4f0ee96676d3de800b9725eb628de1c5a0cbea1/71287885707144772904583885620176228016693055630019732369863905836193834145280.json
0xc4f0ee96676d3de800b9725eb628de1c5a0cbea1,16,87329314989335775336461258166202186746543912634975442811164605982738420999842,87329314989335775336461258166202186746543912634975442811164605982738420999842,QmeMpwTKhXXCNtP1Tf9YRWn7dMFDiTLKEhYmhzq33eFD1F,ops/cdn-retirement-phase2/step3/v3-docs/0xc4f0ee96676d3de800b9725eb628de1c5a0cbea1/87329314989335775336461258166202186746543912634975442811164605982738420999842.json
0xc4f0ee96676d3de800b9725eb628de1c5a0cbea1,17,21448038574106388099498729698156229932988054978307315072895959449711736813736,21448038574106388099498729698156229932988054978307315072895959449711736813736,QmSijSsr5cb3rqxPu68FWRsm2t2SdM3uEke4DEzCzsYvQo,ops/cdn-retirement-phase2/step3/v3-docs/0xc4f0ee96676d3de800b9725eb628de1c5a0cbea1/21448038574106388099498729698156229932988054978307315072895959449711736813736.json
0xc4f0ee96676d3de800b9725eb628de1c5a0cbea1,17,30154321245016221480147636494972145704944840675743022290291572601234813269350,30154321245016221480147636494972145704944840675743022290291572601234813269350,QmbXND639EDWTQsrBor3k7LgJgRzw1741y3KNnCtJino2a,ops/cdn-retirement-phase2/step3/v3-docs/0xc4f0ee96676d3de800b9725eb628de1c5a0cbea1/30154321245016221480147636494972145704944840675743022290291572601234813269350.json
0xc4f0ee96676d3de800b9725eb628de1c5a0cbea1,17,31221468210609484860409183864532577577041700613675444716595920226587732227130,31221468210609484860409183864532577577041700613675444716595920226587732227130,QmNou8bpw7PWJB62AmX19xrepTcFAaVFtCzetsb1pwLsQA,ops/cdn-retirement-phase2/step3/v3-docs/0xc4f0ee96676d3de800b9725eb628de1c5a0cbea1/31221468210609484860409183864532577577041700613675444716595920226587732227130.json
0xc4f0ee96676d3de800b9725eb628de1c5a0cbea1,17,65929679735845116927439867739438624115109737560452263431315871463539431070813,65929679735845116927439867739438624115109737560452263431315871463539431070813,QmQjhALLKUu9PzT1R2P3U7oEKaUoCWiGRV2t16yTaa2rua,ops/cdn-retirement-phase2/step3/v3-docs/0xc4f0ee96676d3de800b9725eb628de1c5a0cbea1/65929679735845116927439867739438624115109737560452263431315871463539431070813.json
0xc4f0ee96676d3de800b9725eb628de1c5a0cbea1,17,71287885707144772904583885620176228016693055630019732369863905836193834145281,71287885707144772904583885620176228016693055630019732369863905836193834145281,QmQxgsk74NG6qvDSU7dDYp2J9T4Boi8EiVNZwjgjPrdpxp,ops/cdn-retirement-phase2/step3/v3-docs/0xc4f0ee96676d3de800b9725eb628de1c5a0cbea1/71287885707144772904583885620176228016693055630019732369863905836193834145281.json
0xc4f0ee96676d3de800b9725eb628de1c5a0cbea1,17,87329314989335775336461258166202186746543912634975442811164605982738420999843,87329314989335775336461258166202186746543912634975442811164605982738420999843,QmPRBkP3ie9F6pBmCfiF3AHKNXTmU8C7QiUssZbo2qWz2r,ops/cdn-retirement-phase2/step3/v3-docs/0xc4f0ee96676d3de800b9725eb628de1c5a0cbea1/87329314989335775336461258166202186746543912634975442811164605982738420999843.json
0xc4f0ee96676d3de800b9725eb628de1c5a0cbea1,18,21448038574106388099498729698156229932988054978307315072895959449711736813737,21448038574106388099498729698156229932988054978307315072895959449711736813737,QmUPtBpQiJ9ytjkpnGjtgPrrhVQPWt2sGcHBAq1YK3MBTC,ops/cdn-retirement-phase2/step3/v3-docs/0xc4f0ee96676d3de800b9725eb628de1c5a0cbea1/21448038574106388099498729698156229932988054978307315072895959449711736813737.json
0xc4f0ee96676d3de800b9725eb628de1c5a0cbea1,18,30154321245016221480147636494972145704944840675743022290291572601234813269351,30154321245016221480147636494972145704944840675743022290291572601234813269351,QmSkqb3UfhVmb4EMZF9qYtTnZRgZ22MHWTMdZQsovQZvCu,ops/cdn-retirement-phase2/step3/v3-docs/0xc4f0ee96676d3de800b9725eb628de1c5a0cbea1/30154321245016221480147636494972145704944840675743022290291572601234813269351.json
0xc4f0ee96676d3de800b9725eb628de1c5a0cbea1,18,31221468210609484860409183864532577577041700613675444716595920226587732227131,31221468210609484860409183864532577577041700613675444716595920226587732227131,QmbpkEro21Ykz5V2aNzx3NchhFCzgoec66wHTb1VayCDJK,ops/cdn-retirement-phase2/step3/v3-docs/0xc4f0ee96676d3de800b9725eb628de1c5a0cbea1/31221468210609484860409183864532577577041700613675444716595920226587732227131.json
0xc4f0ee96676d3de800b9725eb628de1c5a0cbea1,18,65929679735845116927439867739438624115109737560452263431315871463539431070814,65929679735845116927439867739438624115109737560452263431315871463539431070814,Qmc1D2b6uT73FTsRimA3XR4UGMENbVeV9Uy1CjHMvqERHA,ops/cdn-retirement-phase2/step3/v3-docs/0xc4f0ee96676d3de800b9725eb628de1c5a0cbea1/65929679735845116927439867739438624115109737560452263431315871463539431070814.json
0xc4f0ee96676d3de800b9725eb628de1c5a0cbea1,18,71287885707144772904583885620176228016693055630019732369863905836193834145282,71287885707144772904583885620176228016693055630019732369863905836193834145282,QmabJ5cZcAN5GChTtTYDzQKMj6kcUwYgNu2eG5PsoMwCYm,ops/cdn-retirement-phase2/step3/v3-docs/0xc4f0ee96676d3de800b9725eb628de1c5a0cbea1/71287885707144772904583885620176228016693055630019732369863905836193834145282.json
0xc4f0ee96676d3de800b9725eb628de1c5a0cbea1,18,87329314989335775336461258166202186746543912634975442811164605982738420999844,87329314989335775336461258166202186746543912634975442811164605982738420999844,QmexM18XHcFCYeC2xfLH6xW4dLTfDfEq46TjhyEPr3itv5,ops/cdn-retirement-phase2/step3/v3-docs/0xc4f0ee96676d3de800b9725eb628de1c5a0cbea1/87329314989335775336461258166202186746543912634975442811164605982738420999844.json
0xc4f0ee96676d3de800b9725eb628de1c5a0cbea1,19,21448038574106388099498729698156229932988054978307315072895959449711736813738,21448038574106388099498729698156229932988054978307315072895959449711736813738,Qmf9v4GPmsaDuooLcp34XF2JogYukQFyBxso9p13dHGJ74,ops/cdn-retirement-phase2/step3/v3-docs/0xc4f0ee96676d3de800b9725eb628de1c5a0cbea1/21448038574106388099498729698156229932988054978307315072895959449711736813738.json
0xc4f0ee96676d3de800b9725eb628de1c5a0cbea1,19,30154321245016221480147636494972145704944840675743022290291572601234813269352,30154321245016221480147636494972145704944840675743022290291572601234813269352,QmcUhBrg6EPzdFBbF1ACJsoHjykmMfeaYiSy1GFPgZD5FF,ops/cdn-retirement-phase2/step3/v3-docs/0xc4f0ee96676d3de800b9725eb628de1c5a0cbea1/30154321245016221480147636494972145704944840675743022290291572601234813269352.json
0xc4f0ee96676d3de800b9725eb628de1c5a0cbea1,19,31221468210609484860409183864532577577041700613675444716595920226587732227132,31221468210609484860409183864532577577041700613675444716595920226587732227132,QmdVf9u25EUNkDYr3nJxfeM45mmLCbQZVGRA5LEWMUEWbC,ops/cdn-retirement-phase2/step3/v3-docs/0xc4f0ee96676d3de800b9725eb628de1c5a0cbea1/31221468210609484860409183864532577577041700613675444716595920226587732227132.json
0xc4f0ee96676d3de800b9725eb628de1c5a0cbea1,19,65929679735845116927439867739438624115109737560452263431315871463539431070815,65929679735845116927439867739438624115109737560452263431315871463539431070815,QmWQqnkm26t7nFquqzaPBfSWVYbUuxRVPUKs2qRuiWcrE6,ops/cdn-retirement-phase2/step3/v3-docs/0xc4f0ee96676d3de800b9725eb628de1c5a0cbea1/65929679735845116927439867739438624115109737560452263431315871463539431070815.json
0xc4f0ee96676d3de800b9725eb628de1c5a0cbea1,19,71287885707144772904583885620176228016693055630019732369863905836193834145283,71287885707144772904583885620176228016693055630019732369863905836193834145283,QmPECiikMGot67GVqUXDEMy7zxzmgM4ArQDubDhWJgPsgg,ops/cdn-retirement-phase2/step3/v3-docs/0xc4f0ee96676d3de800b9725eb628de1c5a0cbea1/71287885707144772904583885620176228016693055630019732369863905836193834145283.json
0xc4f0ee96676d3de800b9725eb628de1c5a0cbea1,19,87329314989335775336461258166202186746543912634975442811164605982738420999845,87329314989335775336461258166202186746543912634975442811164605982738420999845,QmbKpqvydfuHgrdGF8jNNeabp9TfxTYnFiMWErpk2FBYFH,ops/cdn-retirement-phase2/step3/v3-docs/0xc4f0ee96676d3de800b9725eb628de1c5a0cbea1/87329314989335775336461258166202186746543912634975442811164605982738420999845.json
0xc4f0ee96676d3de800b9725eb628de1c5a0cbea1,2,21448038574106388099498729698156229932988054978307315072895959449711736813721,21448038574106388099498729698156229932988054978307315072895959449711736813721,Qmb79AXFzEJ1w9dZv329fe6HWqto61URze9FEtvDRqAgGH,ops/cdn-retirement-phase2/step3/v3-docs/0xc4f0ee96676d3de800b9725eb628de1c5a0cbea1/21448038574106388099498729698156229932988054978307315072895959449711736813721.json
0xc4f0ee96676d3de800b9725eb628de1c5a0cbea1,2,30154321245016221480147636494972145704944840675743022290291572601234813269335,30154321245016221480147636494972145704944840675743022290291572601234813269335,QmcCvAeEauFWrx7Ex979PvFUASHpK9ViGcjbsthzcLwhEZ,ops/cdn-retirement-phase2/step3/v3-docs/0xc4f0ee96676d3de800b9725eb628de1c5a0cbea1/30154321245016221480147636494972145704944840675743022290291572601234813269335.json
0xc4f0ee96676d3de800b9725eb628de1c5a0cbea1,2,31221468210609484860409183864532577577041700613675444716595920226587732227115,31221468210609484860409183864532577577041700613675444716595920226587732227115,QmdqXHPAMDarCgR6vkfTpxvEP1fH7xN81j9P7mohjBB8oR,ops/cdn-retirement-phase2/step3/v3-docs/0xc4f0ee96676d3de800b9725eb628de1c5a0cbea1/31221468210609484860409183864532577577041700613675444716595920226587732227115.json
0xc4f0ee96676d3de800b9725eb628de1c5a0cbea1,2,65929679735845116927439867739438624115109737560452263431315871463539431070798,65929679735845116927439867739438624115109737560452263431315871463539431070798,QmVrsAa3dJtTR375Kfer4E16QxSrv3AEDjtdXUHJiKPR1P,ops/cdn-retirement-phase2/step3/v3-docs/0xc4f0ee96676d3de800b9725eb628de1c5a0cbea1/65929679735845116927439867739438624115109737560452263431315871463539431070798.json
0xc4f0ee96676d3de800b9725eb628de1c5a0cbea1,2,71287885707144772904583885620176228016693055630019732369863905836193834145266,71287885707144772904583885620176228016693055630019732369863905836193834145266,QmWJQaDn6jVrUoPThiVxPXYM8diKNFjgvtcqDNhaSBikyK,ops/cdn-retirement-phase2/step3/v3-docs/0xc4f0ee96676d3de800b9725eb628de1c5a0cbea1/71287885707144772904583885620176228016693055630019732369863905836193834145266.json
0xc4f0ee96676d3de800b9725eb628de1c5a0cbea1,2,87329314989335775336461258166202186746543912634975442811164605982738420999828,87329314989335775336461258166202186746543912634975442811164605982738420999828,QmcDBxZ3KaDSScP47z6FrmskNTkqxrEL1bVooH5KqT4kfG,ops/cdn-retirement-phase2/step3/v3-docs/0xc4f0ee96676d3de800b9725eb628de1c5a0cbea1/87329314989335775336461258166202186746543912634975442811164605982738420999828.json
0xc4f0ee96676d3de800b9725eb628de1c5a0cbea1,20,21448038574106388099498729698156229932988054978307315072895959449711736813739,21448038574106388099498729698156229932988054978307315072895959449711736813739,QmYdvpEU9xa32MqBTRV29NgzLqihVGWX8emiGdYczFJtYo,ops/cdn-retirement-phase2/step3/v3-docs/0xc4f0ee96676d3de800b9725eb628de1c5a0cbea1/21448038574106388099498729698156229932988054978307315072895959449711736813739.json
0xc4f0ee96676d3de800b9725eb628de1c5a0cbea1,20,30154321245016221480147636494972145704944840675743022290291572601234813269353,30154321245016221480147636494972145704944840675743022290291572601234813269353,QmYa4cmR9deoh6A3Safj3enWVTwWkK1TqGS66Kb9DerpmR,ops/cdn-retirement-phase2/step3/v3-docs/0xc4f0ee96676d3de800b9725eb628de1c5a0cbea1/30154321245016221480147636494972145704944840675743022290291572601234813269353.json
0xc4f0ee96676d3de800b9725eb628de1c5a0cbea1,20,31221468210609484860409183864532577577041700613675444716595920226587732227133,31221468210609484860409183864532577577041700613675444716595920226587732227133,QmS7CdUJ1RgXpXQUiwoPiNWCoLByea8GP6ZTUP9A7QZrMb,ops/cdn-retirement-phase2/step3/v3-docs/0xc4f0ee96676d3de800b9725eb628de1c5a0cbea1/31221468210609484860409183864532577577041700613675444716595920226587732227133.json
0xc4f0ee96676d3de800b9725eb628de1c5a0cbea1,20,65929679735845116927439867739438624115109737560452263431315871463539431070816,65929679735845116927439867739438624115109737560452263431315871463539431070816,QmNoRxuL1uYBEgEoVpp6pGQmbMtibaHseCY38fhJricFzp,ops/cdn-retirement-phase2/step3/v3-docs/0xc4f0ee96676d3de800b9725eb628de1c5a0cbea1/65929679735845116927439867739438624115109737560452263431315871463539431070816.json
0xc4f0ee96676d3de800b9725eb628de1c5a0cbea1,20,71287885707144772904583885620176228016693055630019732369863905836193834145284,71287885707144772904583885620176228016693055630019732369863905836193834145284,QmdV33dzfXpsaK7ZjY3MwAXGcUbbGLawqVFEkKvkp5TQJ2,ops/cdn-retirement-phase2/step3/v3-docs/0xc4f0ee96676d3de800b9725eb628de1c5a0cbea1/71287885707144772904583885620176228016693055630019732369863905836193834145284.json
0xc4f0ee96676d3de800b9725eb628de1c5a0cbea1,20,87329314989335775336461258166202186746543912634975442811164605982738420999846,87329314989335775336461258166202186746543912634975442811164605982738420999846,QmZXzZikToWsh7cuj2e8ykvSb2roUFBoKp8knPryabUzFE,ops/cdn-retirement-phase2/step3/v3-docs/0xc4f0ee96676d3de800b9725eb628de1c5a0cbea1/87329314989335775336461258166202186746543912634975442811164605982738420999846.json
0xc4f0ee96676d3de800b9725eb628de1c5a0cbea1,21,21448038574106388099498729698156229932988054978307315072895959449711736813740,21448038574106388099498729698156229932988054978307315072895959449711736813740,QmcekM5itniYCm49yu9KcJEjwcgeugBtV5puwR9LEDQ2wp,ops/cdn-retirement-phase2/step3/v3-docs/0xc4f0ee96676d3de800b9725eb628de1c5a0cbea1/21448038574106388099498729698156229932988054978307315072895959449711736813740.json
0xc4f0ee96676d3de800b9725eb628de1c5a0cbea1,21,30154321245016221480147636494972145704944840675743022290291572601234813269354,30154321245016221480147636494972145704944840675743022290291572601234813269354,Qmdh47KKNiNRP8ymaaAABRoGiDnxcGMDb4VRyB3NyHNfv8,ops/cdn-retirement-phase2/step3/v3-docs/0xc4f0ee96676d3de800b9725eb628de1c5a0cbea1/30154321245016221480147636494972145704944840675743022290291572601234813269354.json
0xc4f0ee96676d3de800b9725eb628de1c5a0cbea1,21,31221468210609484860409183864532577577041700613675444716595920226587732227134,31221468210609484860409183864532577577041700613675444716595920226587732227134,Qmbam4FhQF9v9r9mTc74BZt6yQzN6idPiwRPDpm9jcVthP,ops/cdn-retirement-phase2/step3/v3-docs/0xc4f0ee96676d3de800b9725eb628de1c5a0cbea1/31221468210609484860409183864532577577041700613675444716595920226587732227134.json
0xc4f0ee96676d3de800b9725eb628de1c5a0cbea1,21,65929679735845116927439867739438624115109737560452263431315871463539431070817,65929679735845116927439867739438624115109737560452263431315871463539431070817,QmYBYN8G7froxpNmEmnhuWNXMmAyhas84AXwqREmoGDpbR,ops/cdn-retirement-phase2/step3/v3-docs/0xc4f0ee96676d3de800b9725eb628de1c5a0cbea1/65929679735845116927439867739438624115109737560452263431315871463539431070817.json
0xc4f0ee96676d3de800b9725eb628de1c5a0cbea1,21,71287885707144772904583885620176228016693055630019732369863905836193834145285,71287885707144772904583885620176228016693055630019732369863905836193834145285,QmS8TkJNF791ReXkcZ8ZPDd3YZah9KHPaEnExUayLJVeEH,ops/cdn-retirement-phase2/step3/v3-docs/0xc4f0ee96676d3de800b9725eb628de1c5a0cbea1/71287885707144772904583885620176228016693055630019732369863905836193834145285.json
0xc4f0ee96676d3de800b9725eb628de1c5a0cbea1,21,87329314989335775336461258166202186746543912634975442811164605982738420999847,87329314989335775336461258166202186746543912634975442811164605982738420999847,QmPRGfbFndpz5Fh7u9bD6dkALvm4DtSSS72Sg6vCSPrZSv,ops/cdn-retirement-phase2/step3/v3-docs/0xc4f0ee96676d3de800b9725eb628de1c5a0cbea1/87329314989335775336461258166202186746543912634975442811164605982738420999847.json
0xc4f0ee96676d3de800b9725eb628de1c5a0cbea1,22,21448038574106388099498729698156229932988054978307315072895959449711736813741,21448038574106388099498729698156229932988054978307315072895959449711736813741,QmW6kswyfrJ96Scbbc5WcVJ8CVn1raYCw6TPR5aADGnwXt,ops/cdn-retirement-phase2/step3/v3-docs/0xc4f0ee96676d3de800b9725eb628de1c5a0cbea1/21448038574106388099498729698156229932988054978307315072895959449711736813741.json
0xc4f0ee96676d3de800b9725eb628de1c5a0cbea1,22,30154321245016221480147636494972145704944840675743022290291572601234813269355,30154321245016221480147636494972145704944840675743022290291572601234813269355,QmWdiX3qVUzUPGcHhV4p9ZMyYt55c2zf4Kvsk83MDN2DvC,ops/cdn-retirement-phase2/step3/v3-docs/0xc4f0ee96676d3de800b9725eb628de1c5a0cbea1/30154321245016221480147636494972145704944840675743022290291572601234813269355.json
0xc4f0ee96676d3de800b9725eb628de1c5a0cbea1,22,31221468210609484860409183864532577577041700613675444716595920226587732227135,31221468210609484860409183864532577577041700613675444716595920226587732227135,QmVH35b47Xq12WdFHscGdxfx2oHVMgxVhuynvCmE6S9FHv,ops/cdn-retirement-phase2/step3/v3-docs/0xc4f0ee96676d3de800b9725eb628de1c5a0cbea1/31221468210609484860409183864532577577041700613675444716595920226587732227135.json
0xc4f0ee96676d3de800b9725eb628de1c5a0cbea1,22,65929679735845116927439867739438624115109737560452263431315871463539431070818,65929679735845116927439867739438624115109737560452263431315871463539431070818,QmXC9iWJmi2pUZHmyVtNcX8q6UoFgHoZXn5Mk42MhqXYaM,ops/cdn-retirement-phase2/step3/v3-docs/0xc4f0ee96676d3de800b9725eb628de1c5a0cbea1/65929679735845116927439867739438624115109737560452263431315871463539431070818.json
0xc4f0ee96676d3de800b9725eb628de1c5a0cbea1,22,71287885707144772904583885620176228016693055630019732369863905836193834145286,71287885707144772904583885620176228016693055630019732369863905836193834145286,Qme2hAj5K7fYQvNsY4TgefGVdEatLJJJZZ9grbAEGTLHgw,ops/cdn-retirement-phase2/step3/v3-docs/0xc4f0ee96676d3de800b9725eb628de1c5a0cbea1/71287885707144772904583885620176228016693055630019732369863905836193834145286.json
0xc4f0ee96676d3de800b9725eb628de1c5a0cbea1,22,87329314989335775336461258166202186746543912634975442811164605982738420999848,87329314989335775336461258166202186746543912634975442811164605982738420999848,QmcuP1u3Fpx85r72qrU57mz7UBAiVsa1XgGDvF2WLyuAFy,ops/cdn-retirement-phase2/step3/v3-docs/0xc4f0ee96676d3de800b9725eb628de1c5a0cbea1/87329314989335775336461258166202186746543912634975442811164605982738420999848.json
0xc4f0ee96676d3de800b9725eb628de1c5a0cbea1,23,21448038574106388099498729698156229932988054978307315072895959449711736813742,21448038574106388099498729698156229932988054978307315072895959449711736813742,QmS17TwNciDx3WC6bFWpqoq7BR9RrAnusqF4ph4JMsCMu5,ops/cdn-retirement-phase2/step3/v3-docs/0xc4f0ee96676d3de800b9725eb628de1c5a0cbea1/21448038574106388099498729698156229932988054978307315072895959449711736813742.json
0xc4f0ee96676d3de800b9725eb628de1c5a0cbea1,23,30154321245016221480147636494972145704944840675743022290291572601234813269356,30154321245016221480147636494972145704944840675743022290291572601234813269356,QmUYGyskHW9eQBYdyPcaYKgq5V9byp3U1KmWrgQNKvg221,ops/cdn-retirement-phase2/step3/v3-docs/0xc4f0ee96676d3de800b9725eb628de1c5a0cbea1/30154321245016221480147636494972145704944840675743022290291572601234813269356.json
0xc4f0ee96676d3de800b9725eb628de1c5a0cbea1,23,31221468210609484860409183864532577577041700613675444716595920226587732227136,31221468210609484860409183864532577577041700613675444716595920226587732227136,QmPReH54nR7p6SQy9VvJEW6AYpzV2YkqUeaHBBngaf6qy3,ops/cdn-retirement-phase2/step3/v3-docs/0xc4f0ee96676d3de800b9725eb628de1c5a0cbea1/31221468210609484860409183864532577577041700613675444716595920226587732227136.json
0xc4f0ee96676d3de800b9725eb628de1c5a0cbea1,23,65929679735845116927439867739438624115109737560452263431315871463539431070819,65929679735845116927439867739438624115109737560452263431315871463539431070819,QmPKJfnmsRUr8C4DHZRmMGgHi99UkHoU9eZLH8k9wPrnbW,ops/cdn-retirement-phase2/step3/v3-docs/0xc4f0ee96676d3de800b9725eb628de1c5a0cbea1/65929679735845116927439867739438624115109737560452263431315871463539431070819.json
0xc4f0ee96676d3de800b9725eb628de1c5a0cbea1,23,71287885707144772904583885620176228016693055630019732369863905836193834145287,71287885707144772904583885620176228016693055630019732369863905836193834145287,QmPDWtZqkYodx95VxqP1tAeze19VNrafJHB9x3by9rDH4E,ops/cdn-retirement-phase2/step3/v3-docs/0xc4f0ee96676d3de800b9725eb628de1c5a0cbea1/71287885707144772904583885620176228016693055630019732369863905836193834145287.json
0xc4f0ee96676d3de800b9725eb628de1c5a0cbea1,23,87329314989335775336461258166202186746543912634975442811164605982738420999849,87329314989335775336461258166202186746543912634975442811164605982738420999849,QmU5CczU9MMTzxXMyGNUbb6TPB4TPnjFNvhRL7sMsKfBEm,ops/cdn-retirement-phase2/step3/v3-docs/0xc4f0ee96676d3de800b9725eb628de1c5a0cbea1/87329314989335775336461258166202186746543912634975442811164605982738420999849.json
0xc4f0ee96676d3de800b9725eb628de1c5a0cbea1,24,21448038574106388099498729698156229932988054978307315072895959449711736813743,21448038574106388099498729698156229932988054978307315072895959449711736813743,QmbqRBwgqPPhhMMYP3TGkZM9UXUKh4t6EKu4aw2bfff7Sz,ops/cdn-retirement-phase2/step3/v3-docs/0xc4f0ee96676d3de800b9725eb628de1c5a0cbea1/21448038574106388099498729698156229932988054978307315072895959449711736813743.json
0xc4f0ee96676d3de800b9725eb628de1c5a0cbea1,24,30154321245016221480147636494972145704944840675743022290291572601234813269357,30154321245016221480147636494972145704944840675743022290291572601234813269357,QmdK1sqenYnmWi4X7nShrq5SjBX4cWyYmrQMLcWALAKGLP,ops/cdn-retirement-phase2/step3/v3-docs/0xc4f0ee96676d3de800b9725eb628de1c5a0cbea1/30154321245016221480147636494972145704944840675743022290291572601234813269357.json
0xc4f0ee96676d3de800b9725eb628de1c5a0cbea1,24,31221468210609484860409183864532577577041700613675444716595920226587732227137,31221468210609484860409183864532577577041700613675444716595920226587732227137,Qmd2inqs7thAmWvq5S8vm1ycfiMYpiTs8UfE5ioPdiuoZb,ops/cdn-retirement-phase2/step3/v3-docs/0xc4f0ee96676d3de800b9725eb628de1c5a0cbea1/31221468210609484860409183864532577577041700613675444716595920226587732227137.json
0xc4f0ee96676d3de800b9725eb628de1c5a0cbea1,24,65929679735845116927439867739438624115109737560452263431315871463539431070820,65929679735845116927439867739438624115109737560452263431315871463539431070820,QmVH2kFu7E7HPyU3ZzjCq6nK15Q8XxwXZvKTTLk4hhu7Aw,ops/cdn-retirement-phase2/step3/v3-docs/0xc4f0ee96676d3de800b9725eb628de1c5a0cbea1/65929679735845116927439867739438624115109737560452263431315871463539431070820.json
0xc4f0ee96676d3de800b9725eb628de1c5a0cbea1,24,71287885707144772904583885620176228016693055630019732369863905836193834145288,71287885707144772904583885620176228016693055630019732369863905836193834145288,QmXDyndiDRCrNaQZVAi9gQ8msq4FtS27z13UsrTro8i782,ops/cdn-retirement-phase2/step3/v3-docs/0xc4f0ee96676d3de800b9725eb628de1c5a0cbea1/71287885707144772904583885620176228016693055630019732369863905836193834145288.json
0xc4f0ee96676d3de800b9725eb628de1c5a0cbea1,24,87329314989335775336461258166202186746543912634975442811164605982738420999850,87329314989335775336461258166202186746543912634975442811164605982738420999850,QmSCjWTnXYwxEQ3zmAjtQDKgk3y5rQNTCkqfyBpkvKFhPB,ops/cdn-retirement-phase2/step3/v3-docs/0xc4f0ee96676d3de800b9725eb628de1c5a0cbea1/87329314989335775336461258166202186746543912634975442811164605982738420999850.json
0xc4f0ee96676d3de800b9725eb628de1c5a0cbea1,25,21448038574106388099498729698156229932988054978307315072895959449711736813744,21448038574106388099498729698156229932988054978307315072895959449711736813744,QmYCCo2KSkpea4GGdr9VgX8VxFK4P2VzGuWgoaUbQHL9Ch,ops/cdn-retirement-phase2/step3/v3-docs/0xc4f0ee96676d3de800b9725eb628de1c5a0cbea1/21448038574106388099498729698156229932988054978307315072895959449711736813744.json
0xc4f0ee96676d3de800b9725eb628de1c5a0cbea1,25,30154321245016221480147636494972145704944840675743022290291572601234813269358,30154321245016221480147636494972145704944840675743022290291572601234813269358,QmRbfJUNqZSAdknPgt4uV4GHd3THXGa9TP7e9V2qJQ77xD,ops/cdn-retirement-phase2/step3/v3-docs/0xc4f0ee96676d3de800b9725eb628de1c5a0cbea1/30154321245016221480147636494972145704944840675743022290291572601234813269358.json
0xc4f0ee96676d3de800b9725eb628de1c5a0cbea1,25,31221468210609484860409183864532577577041700613675444716595920226587732227138,31221468210609484860409183864532577577041700613675444716595920226587732227138,QmdjnB28TNdZcbPD9yXTVfRVttKmMQLqjRLhMkdWU4LkCV,ops/cdn-retirement-phase2/step3/v3-docs/0xc4f0ee96676d3de800b9725eb628de1c5a0cbea1/31221468210609484860409183864532577577041700613675444716595920226587732227138.json
0xc4f0ee96676d3de800b9725eb628de1c5a0cbea1,25,65929679735845116927439867739438624115109737560452263431315871463539431070821,65929679735845116927439867739438624115109737560452263431315871463539431070821,QmfRGAM8p5wHKFi2LXP3zgAJWo1AFFsPyG1j7hSvt9cCoH,ops/cdn-retirement-phase2/step3/v3-docs/0xc4f0ee96676d3de800b9725eb628de1c5a0cbea1/65929679735845116927439867739438624115109737560452263431315871463539431070821.json
0xc4f0ee96676d3de800b9725eb628de1c5a0cbea1,25,71287885707144772904583885620176228016693055630019732369863905836193834145289,71287885707144772904583885620176228016693055630019732369863905836193834145289,QmSmdo4BefgMLaGisScJJLYtAQtFovP9K9JPHGWo8UpsAU,ops/cdn-retirement-phase2/step3/v3-docs/0xc4f0ee96676d3de800b9725eb628de1c5a0cbea1/71287885707144772904583885620176228016693055630019732369863905836193834145289.json
0xc4f0ee96676d3de800b9725eb628de1c5a0cbea1,25,87329314989335775336461258166202186746543912634975442811164605982738420999851,87329314989335775336461258166202186746543912634975442811164605982738420999851,QmP1qv2GcHQaUpdgxuccB2SCmSwVpnmd1f7znRZh5LsVM9,ops/cdn-retirement-phase2/step3/v3-docs/0xc4f0ee96676d3de800b9725eb628de1c5a0cbea1/87329314989335775336461258166202186746543912634975442811164605982738420999851.json
0xc4f0ee96676d3de800b9725eb628de1c5a0cbea1,26,21448038574106388099498729698156229932988054978307315072895959449711736813745,21448038574106388099498729698156229932988054978307315072895959449711736813745,QmeL6p39j6MDjnYTPRFJxxCmKUA8jn3FxyonLpHkEPfiwb,ops/cdn-retirement-phase2/step3/v3-docs/0xc4f0ee96676d3de800b9725eb628de1c5a0cbea1/21448038574106388099498729698156229932988054978307315072895959449711736813745.json
0xc4f0ee96676d3de800b9725eb628de1c5a0cbea1,26,30154321245016221480147636494972145704944840675743022290291572601234813269359,30154321245016221480147636494972145704944840675743022290291572601234813269359,QmeaEA4CpddL2ABWL5ZjjYJ18i2fmgwQfWjXioGrDax86m,ops/cdn-retirement-phase2/step3/v3-docs/0xc4f0ee96676d3de800b9725eb628de1c5a0cbea1/30154321245016221480147636494972145704944840675743022290291572601234813269359.json
0xc4f0ee96676d3de800b9725eb628de1c5a0cbea1,26,31221468210609484860409183864532577577041700613675444716595920226587732227139,31221468210609484860409183864532577577041700613675444716595920226587732227139,QmdugZkG2mN65oXHbaLw937JVbubTiDCmSJCUUsEUwojK6,ops/cdn-retirement-phase2/step3/v3-docs/0xc4f0ee96676d3de800b9725eb628de1c5a0cbea1/31221468210609484860409183864532577577041700613675444716595920226587732227139.json
0xc4f0ee96676d3de800b9725eb628de1c5a0cbea1,26,65929679735845116927439867739438624115109737560452263431315871463539431070822,65929679735845116927439867739438624115109737560452263431315871463539431070822,QmWjQLgez12HVNr2nCna1HB3AKKAW988ZfJfWaYZGG7Vys,ops/cdn-retirement-phase2/step3/v3-docs/0xc4f0ee96676d3de800b9725eb628de1c5a0cbea1/65929679735845116927439867739438624115109737560452263431315871463539431070822.json
0xc4f0ee96676d3de800b9725eb628de1c5a0cbea1,26,71287885707144772904583885620176228016693055630019732369863905836193834145290,71287885707144772904583885620176228016693055630019732369863905836193834145290,QmStPUqtJPVPtM9f5qFUpot6SuLgbk6VE37MKXWKLVZjwV,ops/cdn-retirement-phase2/step3/v3-docs/0xc4f0ee96676d3de800b9725eb628de1c5a0cbea1/71287885707144772904583885620176228016693055630019732369863905836193834145290.json
0xc4f0ee96676d3de800b9725eb628de1c5a0cbea1,26,87329314989335775336461258166202186746543912634975442811164605982738420999852,87329314989335775336461258166202186746543912634975442811164605982738420999852,QmdSg9ANfuTCLvTBg2JqdbTrMAayPZqC51PhVhwDmpK7HJ,ops/cdn-retirement-phase2/step3/v3-docs/0xc4f0ee96676d3de800b9725eb628de1c5a0cbea1/87329314989335775336461258166202186746543912634975442811164605982738420999852.json
0xc4f0ee96676d3de800b9725eb628de1c5a0cbea1,27,21448038574106388099498729698156229932988054978307315072895959449711736813746,21448038574106388099498729698156229932988054978307315072895959449711736813746,QmNoZGHCLqvrTqoWdihfbonPCL2Az1E5tKTbmhx9oz1WVt,ops/cdn-retirement-phase2/step3/v3-docs/0xc4f0ee96676d3de800b9725eb628de1c5a0cbea1/21448038574106388099498729698156229932988054978307315072895959449711736813746.json
0xc4f0ee96676d3de800b9725eb628de1c5a0cbea1,27,30154321245016221480147636494972145704944840675743022290291572601234813269360,30154321245016221480147636494972145704944840675743022290291572601234813269360,QmbCT4oxP6D3MY73VDWk1UJTzx5k6qw59SbZLbyFpXRsse,ops/cdn-retirement-phase2/step3/v3-docs/0xc4f0ee96676d3de800b9725eb628de1c5a0cbea1/30154321245016221480147636494972145704944840675743022290291572601234813269360.json
0xc4f0ee96676d3de800b9725eb628de1c5a0cbea1,27,31221468210609484860409183864532577577041700613675444716595920226587732227140,31221468210609484860409183864532577577041700613675444716595920226587732227140,Qmefb9DSavhCviLnrriKjj7UeuUUqaxd6p5nmErgipSqjT,ops/cdn-retirement-phase2/step3/v3-docs/0xc4f0ee96676d3de800b9725eb628de1c5a0cbea1/31221468210609484860409183864532577577041700613675444716595920226587732227140.json
0xc4f0ee96676d3de800b9725eb628de1c5a0cbea1,27,65929679735845116927439867739438624115109737560452263431315871463539431070823,65929679735845116927439867739438624115109737560452263431315871463539431070823,QmQV3YfYTVq932s1RVc16JpukvqecSup9SirxcCTRvhEHz,ops/cdn-retirement-phase2/step3/v3-docs/0xc4f0ee96676d3de800b9725eb628de1c5a0cbea1/65929679735845116927439867739438624115109737560452263431315871463539431070823.json
0xc4f0ee96676d3de800b9725eb628de1c5a0cbea1,27,71287885707144772904583885620176228016693055630019732369863905836193834145291,71287885707144772904583885620176228016693055630019732369863905836193834145291,QmUx8Et6igKuaivwwmTf8WCjEfkW1oHeaWDxKZgMi7SLL3,ops/cdn-retirement-phase2/step3/v3-docs/0xc4f0ee96676d3de800b9725eb628de1c5a0cbea1/71287885707144772904583885620176228016693055630019732369863905836193834145291.json
0xc4f0ee96676d3de800b9725eb628de1c5a0cbea1,27,87329314989335775336461258166202186746543912634975442811164605982738420999853,87329314989335775336461258166202186746543912634975442811164605982738420999853,QmZHcYA1sN5NrjGhL4FrFYaZ3Pdez8q5FopjAXQs9Xtd2D,ops/cdn-retirement-phase2/step3/v3-docs/0xc4f0ee96676d3de800b9725eb628de1c5a0cbea1/87329314989335775336461258166202186746543912634975442811164605982738420999853.json
0xc4f0ee96676d3de800b9725eb628de1c5a0cbea1,28,21448038574106388099498729698156229932988054978307315072895959449711736813747,21448038574106388099498729698156229932988054978307315072895959449711736813747,QmbSJAegMSaaNRmfPCMXApNWd8FK2p1wxHyGRcEDgHR6Fp,ops/cdn-retirement-phase2/step3/v3-docs/0xc4f0ee96676d3de800b9725eb628de1c5a0cbea1/21448038574106388099498729698156229932988054978307315072895959449711736813747.json
0xc4f0ee96676d3de800b9725eb628de1c5a0cbea1,28,30154321245016221480147636494972145704944840675743022290291572601234813269361,30154321245016221480147636494972145704944840675743022290291572601234813269361,QmRr2Ns1kPiK7BXuQzbhrdUkNBzvexVf3QpoK4UYkbZU4h,ops/cdn-retirement-phase2/step3/v3-docs/0xc4f0ee96676d3de800b9725eb628de1c5a0cbea1/30154321245016221480147636494972145704944840675743022290291572601234813269361.json
0xc4f0ee96676d3de800b9725eb628de1c5a0cbea1,28,31221468210609484860409183864532577577041700613675444716595920226587732227141,31221468210609484860409183864532577577041700613675444716595920226587732227141,QmfGMrHmx6GhiyLDseepJq4dUZCjqQrKkzEraDhSqmp45x,ops/cdn-retirement-phase2/step3/v3-docs/0xc4f0ee96676d3de800b9725eb628de1c5a0cbea1/31221468210609484860409183864532577577041700613675444716595920226587732227141.json
0xc4f0ee96676d3de800b9725eb628de1c5a0cbea1,28,65929679735845116927439867739438624115109737560452263431315871463539431070824,65929679735845116927439867739438624115109737560452263431315871463539431070824,QmQXFbSYHqb1SV8nxh4xRVs7DwJmA1XPfpZsZNzoiB8ntd,ops/cdn-retirement-phase2/step3/v3-docs/0xc4f0ee96676d3de800b9725eb628de1c5a0cbea1/65929679735845116927439867739438624115109737560452263431315871463539431070824.json
0xc4f0ee96676d3de800b9725eb628de1c5a0cbea1,28,71287885707144772904583885620176228016693055630019732369863905836193834145292,71287885707144772904583885620176228016693055630019732369863905836193834145292,QmYaYtqQRpVv1EVN3wDSYeTcAxcoCq7KBuoeNamRoUQ2kg,ops/cdn-retirement-phase2/step3/v3-docs/0xc4f0ee96676d3de800b9725eb628de1c5a0cbea1/71287885707144772904583885620176228016693055630019732369863905836193834145292.json
0xc4f0ee96676d3de800b9725eb628de1c5a0cbea1,28,87329314989335775336461258166202186746543912634975442811164605982738420999854,87329314989335775336461258166202186746543912634975442811164605982738420999854,QmXnhHqh7eE5hvxKBZpUAaGHNgYzCzZiZUu6MESeuKrDnL,ops/cdn-retirement-phase2/step3/v3-docs/0xc4f0ee96676d3de800b9725eb628de1c5a0cbea1/87329314989335775336461258166202186746543912634975442811164605982738420999854.json
0xc4f0ee96676d3de800b9725eb628de1c5a0cbea1,29,21448038574106388099498729698156229932988054978307315072895959449711736813748,21448038574106388099498729698156229932988054978307315072895959449711736813748,Qma3neuQJo5M5MnNjkZFpcjamotFDPoJh7qaRkBoJkms7f,ops/cdn-retirement-phase2/step3/v3-docs/0xc4f0ee96676d3de800b9725eb628de1c5a0cbea1/21448038574106388099498729698156229932988054978307315072895959449711736813748.json
0xc4f0ee96676d3de800b9725eb628de1c5a0cbea1,29,30154321245016221480147636494972145704944840675743022290291572601234813269362,30154321245016221480147636494972145704944840675743022290291572601234813269362,QmWmV97cB3yZ4xtGBwPCTMgXMVzspEPvWmqxMFaAFGNaKf,ops/cdn-retirement-phase2/step3/v3-docs/0xc4f0ee96676d3de800b9725eb628de1c5a0cbea1/30154321245016221480147636494972145704944840675743022290291572601234813269362.json
0xc4f0ee96676d3de800b9725eb628de1c5a0cbea1,29,31221468210609484860409183864532577577041700613675444716595920226587732227142,31221468210609484860409183864532577577041700613675444716595920226587732227142,QmdcDBmrVLvGPrhobXG8KW2wcgumUvGQCYidvj46eZsmNF,ops/cdn-retirement-phase2/step3/v3-docs/0xc4f0ee96676d3de800b9725eb628de1c5a0cbea1/31221468210609484860409183864532577577041700613675444716595920226587732227142.json
0xc4f0ee96676d3de800b9725eb628de1c5a0cbea1,29,65929679735845116927439867739438624115109737560452263431315871463539431070825,65929679735845116927439867739438624115109737560452263431315871463539431070825,QmNq7TPmGgQdYYKmAmL5v7SqC6oGEk3mX9S9Ereai37xhQ,ops/cdn-retirement-phase2/step3/v3-docs/0xc4f0ee96676d3de800b9725eb628de1c5a0cbea1/65929679735845116927439867739438624115109737560452263431315871463539431070825.json
0xc4f0ee96676d3de800b9725eb628de1c5a0cbea1,29,71287885707144772904583885620176228016693055630019732369863905836193834145293,71287885707144772904583885620176228016693055630019732369863905836193834145293,QmXaFHymHmzHE1yRti9PeW7y96XSz6F9pqYDm2AZThsDbY,ops/cdn-retirement-phase2/step3/v3-docs/0xc4f0ee96676d3de800b9725eb628de1c5a0cbea1/71287885707144772904583885620176228016693055630019732369863905836193834145293.json
0xc4f0ee96676d3de800b9725eb628de1c5a0cbea1,29,87329314989335775336461258166202186746543912634975442811164605982738420999855,87329314989335775336461258166202186746543912634975442811164605982738420999855,QmaSR3G7P5TUxjd3yWvp423oEypVgYBipMvffahykVJ7Ry,ops/cdn-retirement-phase2/step3/v3-docs/0xc4f0ee96676d3de800b9725eb628de1c5a0cbea1/87329314989335775336461258166202186746543912634975442811164605982738420999855.json
0xc4f0ee96676d3de800b9725eb628de1c5a0cbea1,3,21448038574106388099498729698156229932988054978307315072895959449711736813722,21448038574106388099498729698156229932988054978307315072895959449711736813722,QmU3X21YjqPm3oGPtAPyaK8GpDoG8x1zCE1TYJmQc2cXX8,ops/cdn-retirement-phase2/step3/v3-docs/0xc4f0ee96676d3de800b9725eb628de1c5a0cbea1/21448038574106388099498729698156229932988054978307315072895959449711736813722.json
0xc4f0ee96676d3de800b9725eb628de1c5a0cbea1,3,30154321245016221480147636494972145704944840675743022290291572601234813269336,30154321245016221480147636494972145704944840675743022290291572601234813269336,QmTNY9bbSKrifhYECBFWqghHTKZVr6nvd9R7DQqJ2qS9aQ,ops/cdn-retirement-phase2/step3/v3-docs/0xc4f0ee96676d3de800b9725eb628de1c5a0cbea1/30154321245016221480147636494972145704944840675743022290291572601234813269336.json
0xc4f0ee96676d3de800b9725eb628de1c5a0cbea1,3,31221468210609484860409183864532577577041700613675444716595920226587732227116,31221468210609484860409183864532577577041700613675444716595920226587732227116,QmYPK4qtj64NHkpeJ21oHDzacEsoyYeLgE7yiMVCQKgm5a,ops/cdn-retirement-phase2/step3/v3-docs/0xc4f0ee96676d3de800b9725eb628de1c5a0cbea1/31221468210609484860409183864532577577041700613675444716595920226587732227116.json
0xc4f0ee96676d3de800b9725eb628de1c5a0cbea1,3,65929679735845116927439867739438624115109737560452263431315871463539431070799,65929679735845116927439867739438624115109737560452263431315871463539431070799,QmfRvQ6vjHYfVHSh8o2ofvQnHLDmN4qJJCkfuJbW8Jqppg,ops/cdn-retirement-phase2/step3/v3-docs/0xc4f0ee96676d3de800b9725eb628de1c5a0cbea1/65929679735845116927439867739438624115109737560452263431315871463539431070799.json
0xc4f0ee96676d3de800b9725eb628de1c5a0cbea1,3,71287885707144772904583885620176228016693055630019732369863905836193834145267,71287885707144772904583885620176228016693055630019732369863905836193834145267,QmQHqbzjhDV5RbgCHEj568yvFpDX1ssyKSKNoNDuFEcsFi,ops/cdn-retirement-phase2/step3/v3-docs/0xc4f0ee96676d3de800b9725eb628de1c5a0cbea1/71287885707144772904583885620176228016693055630019732369863905836193834145267.json
0xc4f0ee96676d3de800b9725eb628de1c5a0cbea1,3,87329314989335775336461258166202186746543912634975442811164605982738420999829,87329314989335775336461258166202186746543912634975442811164605982738420999829,QmVpucQzeWyBrL6BuEhwJZTJZ2LR8Fcqd4pKmTJEf49vPa,ops/cdn-retirement-phase2/step3/v3-docs/0xc4f0ee96676d3de800b9725eb628de1c5a0cbea1/87329314989335775336461258166202186746543912634975442811164605982738420999829.json
0xc4f0ee96676d3de800b9725eb628de1c5a0cbea1,30,21448038574106388099498729698156229932988054978307315072895959449711736813749,21448038574106388099498729698156229932988054978307315072895959449711736813749,QmNc2YQSUyZGhLcw1qhjNToe28Kxj549i5B5FAc4rG4wUt,ops/cdn-retirement-phase2/step3/v3-docs/0xc4f0ee96676d3de800b9725eb628de1c5a0cbea1/21448038574106388099498729698156229932988054978307315072895959449711736813749.json
0xc4f0ee96676d3de800b9725eb628de1c5a0cbea1,30,30154321245016221480147636494972145704944840675743022290291572601234813269363,30154321245016221480147636494972145704944840675743022290291572601234813269363,Qmc3MGQyhB6SgthRvgpsUr7k3VTTkWjWPvKzizb1zKWZSJ,ops/cdn-retirement-phase2/step3/v3-docs/0xc4f0ee96676d3de800b9725eb628de1c5a0cbea1/30154321245016221480147636494972145704944840675743022290291572601234813269363.json
0xc4f0ee96676d3de800b9725eb628de1c5a0cbea1,30,31221468210609484860409183864532577577041700613675444716595920226587732227143,31221468210609484860409183864532577577041700613675444716595920226587732227143,QmY5tx8zcR92yJpKae5WLWUd3d9GSt753BVZQ9KYLLHvAr,ops/cdn-retirement-phase2/step3/v3-docs/0xc4f0ee96676d3de800b9725eb628de1c5a0cbea1/31221468210609484860409183864532577577041700613675444716595920226587732227143.json
0xc4f0ee96676d3de800b9725eb628de1c5a0cbea1,30,65929679735845116927439867739438624115109737560452263431315871463539431070826,65929679735845116927439867739438624115109737560452263431315871463539431070826,QmavWW8QSTtnnQxvHYNhQytabVudMv4DKNhvwfna5xLpVJ,ops/cdn-retirement-phase2/step3/v3-docs/0xc4f0ee96676d3de800b9725eb628de1c5a0cbea1/65929679735845116927439867739438624115109737560452263431315871463539431070826.json
0xc4f0ee96676d3de800b9725eb628de1c5a0cbea1,30,71287885707144772904583885620176228016693055630019732369863905836193834145294,71287885707144772904583885620176228016693055630019732369863905836193834145294,QmPitPDFRxPzjbsq4xaRFwhntGBogF6X8i2qRQkyBNA7An,ops/cdn-retirement-phase2/step3/v3-docs/0xc4f0ee96676d3de800b9725eb628de1c5a0cbea1/71287885707144772904583885620176228016693055630019732369863905836193834145294.json
0xc4f0ee96676d3de800b9725eb628de1c5a0cbea1,30,87329314989335775336461258166202186746543912634975442811164605982738420999856,87329314989335775336461258166202186746543912634975442811164605982738420999856,QmUzXHCcYG5e5b1zNpucoFPpxsymg7mtxix77GviKypLXG,ops/cdn-retirement-phase2/step3/v3-docs/0xc4f0ee96676d3de800b9725eb628de1c5a0cbea1/87329314989335775336461258166202186746543912634975442811164605982738420999856.json
0xc4f0ee96676d3de800b9725eb628de1c5a0cbea1,31,21448038574106388099498729698156229932988054978307315072895959449711736813750,21448038574106388099498729698156229932988054978307315072895959449711736813750,Qmbk4YozKjvNgtNZRVkN3fuMJiGUwTgjRz5zH6FDSR7cm6,ops/cdn-retirement-phase2/step3/v3-docs/0xc4f0ee96676d3de800b9725eb628de1c5a0cbea1/21448038574106388099498729698156229932988054978307315072895959449711736813750.json
0xc4f0ee96676d3de800b9725eb628de1c5a0cbea1,31,30154321245016221480147636494972145704944840675743022290291572601234813269364,30154321245016221480147636494972145704944840675743022290291572601234813269364,QmYe3NZ4c4oGvbL28VTHaXmW7H2Go4aNrgLpJjeEME1wSz,ops/cdn-retirement-phase2/step3/v3-docs/0xc4f0ee96676d3de800b9725eb628de1c5a0cbea1/30154321245016221480147636494972145704944840675743022290291572601234813269364.json
0xc4f0ee96676d3de800b9725eb628de1c5a0cbea1,31,31221468210609484860409183864532577577041700613675444716595920226587732227144,31221468210609484860409183864532577577041700613675444716595920226587732227144,QmeJbqvUYsLeDhu3encGDY4HFsoLDWU5kjAJKsE4xsxsuk,ops/cdn-retirement-phase2/step3/v3-docs/0xc4f0ee96676d3de800b9725eb628de1c5a0cbea1/31221468210609484860409183864532577577041700613675444716595920226587732227144.json
0xc4f0ee96676d3de800b9725eb628de1c5a0cbea1,31,65929679735845116927439867739438624115109737560452263431315871463539431070827,65929679735845116927439867739438624115109737560452263431315871463539431070827,QmTMi8Tr8uKPGZqX4TkUAnm12VMoFZyUijrovWfSWneL9k,ops/cdn-retirement-phase2/step3/v3-docs/0xc4f0ee96676d3de800b9725eb628de1c5a0cbea1/65929679735845116927439867739438624115109737560452263431315871463539431070827.json
0xc4f0ee96676d3de800b9725eb628de1c5a0cbea1,31,71287885707144772904583885620176228016693055630019732369863905836193834145295,71287885707144772904583885620176228016693055630019732369863905836193834145295,QmdrJYtETVDSH7BdvrtDLR5zFWEqvUDjqVMT1eEYXXe7L3,ops/cdn-retirement-phase2/step3/v3-docs/0xc4f0ee96676d3de800b9725eb628de1c5a0cbea1/71287885707144772904583885620176228016693055630019732369863905836193834145295.json
0xc4f0ee96676d3de800b9725eb628de1c5a0cbea1,31,87329314989335775336461258166202186746543912634975442811164605982738420999857,87329314989335775336461258166202186746543912634975442811164605982738420999857,QmWrNgGGrNsYaXxz9ERB29F6BgimicLkFYJuqv7jM4a42c,ops/cdn-retirement-phase2/step3/v3-docs/0xc4f0ee96676d3de800b9725eb628de1c5a0cbea1/87329314989335775336461258166202186746543912634975442811164605982738420999857.json
0xc4f0ee96676d3de800b9725eb628de1c5a0cbea1,32,21448038574106388099498729698156229932988054978307315072895959449711736813751,21448038574106388099498729698156229932988054978307315072895959449711736813751,QmRbyEYw8y3QDgiNf3xko5oLwJdS2PVLDPxfjZD6HmazCC,ops/cdn-retirement-phase2/step3/v3-docs/0xc4f0ee96676d3de800b9725eb628de1c5a0cbea1/21448038574106388099498729698156229932988054978307315072895959449711736813751.json
0xc4f0ee96676d3de800b9725eb628de1c5a0cbea1,32,30154321245016221480147636494972145704944840675743022290291572601234813269365,30154321245016221480147636494972145704944840675743022290291572601234813269365,QmaCCsRgm6xrt31PQ7sYDuYpJ5RHxWewc2dwaAunUekttu,ops/cdn-retirement-phase2/step3/v3-docs/0xc4f0ee96676d3de800b9725eb628de1c5a0cbea1/30154321245016221480147636494972145704944840675743022290291572601234813269365.json
0xc4f0ee96676d3de800b9725eb628de1c5a0cbea1,32,31221468210609484860409183864532577577041700613675444716595920226587732227145,31221468210609484860409183864532577577041700613675444716595920226587732227145,QmT7DkAyWj8u3pYdsXgk9ruoiFM5DqFZWL7JPbLWBZ7q1Y,ops/cdn-retirement-phase2/step3/v3-docs/0xc4f0ee96676d3de800b9725eb628de1c5a0cbea1/31221468210609484860409183864532577577041700613675444716595920226587732227145.json
0xc4f0ee96676d3de800b9725eb628de1c5a0cbea1,32,65929679735845116927439867739438624115109737560452263431315871463539431070828,65929679735845116927439867739438624115109737560452263431315871463539431070828,QmNdVh9JSqcs3rKLJHAajVYBbfnxgGMiao6oM3BnD2g7pm,ops/cdn-retirement-phase2/step3/v3-docs/0xc4f0ee96676d3de800b9725eb628de1c5a0cbea1/65929679735845116927439867739438624115109737560452263431315871463539431070828.json
0xc4f0ee96676d3de800b9725eb628de1c5a0cbea1,32,71287885707144772904583885620176228016693055630019732369863905836193834145296,71287885707144772904583885620176228016693055630019732369863905836193834145296,QmWVEbbhUzBgCzz3riHS3AEmcF67pf3RBfdvBbkTrgkQCP,ops/cdn-retirement-phase2/step3/v3-docs/0xc4f0ee96676d3de800b9725eb628de1c5a0cbea1/71287885707144772904583885620176228016693055630019732369863905836193834145296.json
0xc4f0ee96676d3de800b9725eb628de1c5a0cbea1,32,87329314989335775336461258166202186746543912634975442811164605982738420999858,87329314989335775336461258166202186746543912634975442811164605982738420999858,QmcF3ymRL4fcP5yHCWvtRuWV1oi1cZcp8c2fTpZDbKRFaY,ops/cdn-retirement-phase2/step3/v3-docs/0xc4f0ee96676d3de800b9725eb628de1c5a0cbea1/87329314989335775336461258166202186746543912634975442811164605982738420999858.json
0xc4f0ee96676d3de800b9725eb628de1c5a0cbea1,33,21448038574106388099498729698156229932988054978307315072895959449711736813752,21448038574106388099498729698156229932988054978307315072895959449711736813752,QmR4ct5D4XGvD95so4ZTvFRDMcSCMoY6xUGiGuJf9nBSBC,ops/cdn-retirement-phase2/step3/v3-docs/0xc4f0ee96676d3de800b9725eb628de1c5a0cbea1/21448038574106388099498729698156229932988054978307315072895959449711736813752.json
0xc4f0ee96676d3de800b9725eb628de1c5a0cbea1,33,30154321245016221480147636494972145704944840675743022290291572601234813269366,30154321245016221480147636494972145704944840675743022290291572601234813269366,QmauxauuCTs1yEJujJJ4GoC1spr6bQozXXxBWghYroJk3T,ops/cdn-retirement-phase2/step3/v3-docs/0xc4f0ee96676d3de800b9725eb628de1c5a0cbea1/30154321245016221480147636494972145704944840675743022290291572601234813269366.json
0xc4f0ee96676d3de800b9725eb628de1c5a0cbea1,33,31221468210609484860409183864532577577041700613675444716595920226587732227146,31221468210609484860409183864532577577041700613675444716595920226587732227146,QmUyZvRvK2Xrf4H2g9wnCzr2yWqoFgQgGNZmNR9oFNEAQE,ops/cdn-retirement-phase2/step3/v3-docs/0xc4f0ee96676d3de800b9725eb628de1c5a0cbea1/31221468210609484860409183864532577577041700613675444716595920226587732227146.json
0xc4f0ee96676d3de800b9725eb628de1c5a0cbea1,33,65929679735845116927439867739438624115109737560452263431315871463539431070829,65929679735845116927439867739438624115109737560452263431315871463539431070829,QmW1cMLdzgn7cvJQ913FghjBKsL4WD9GuZaxUfU4pmw4Cb,ops/cdn-retirement-phase2/step3/v3-docs/0xc4f0ee96676d3de800b9725eb628de1c5a0cbea1/65929679735845116927439867739438624115109737560452263431315871463539431070829.json
0xc4f0ee96676d3de800b9725eb628de1c5a0cbea1,33,71287885707144772904583885620176228016693055630019732369863905836193834145297,71287885707144772904583885620176228016693055630019732369863905836193834145297,Qmb4LoLinYihiMENEaVGWijHpXyJyouY3K7ZWoKqmYWmiF,ops/cdn-retirement-phase2/step3/v3-docs/0xc4f0ee96676d3de800b9725eb628de1c5a0cbea1/71287885707144772904583885620176228016693055630019732369863905836193834145297.json
0xc4f0ee96676d3de800b9725eb628de1c5a0cbea1,33,87329314989335775336461258166202186746543912634975442811164605982738420999859,87329314989335775336461258166202186746543912634975442811164605982738420999859,QmdXzU5r8NwUTtkrcfQReWbxMPykvXNNcidvy32ZuNkUVY,ops/cdn-retirement-phase2/step3/v3-docs/0xc4f0ee96676d3de800b9725eb628de1c5a0cbea1/87329314989335775336461258166202186746543912634975442811164605982738420999859.json
0xc4f0ee96676d3de800b9725eb628de1c5a0cbea1,34,21448038574106388099498729698156229932988054978307315072895959449711736813753,21448038574106388099498729698156229932988054978307315072895959449711736813753,QmXiHL9PdPGGHw1gpBDv6iVfcAqq7cnYK9XMv9SggSJjh4,ops/cdn-retirement-phase2/step3/v3-docs/0xc4f0ee96676d3de800b9725eb628de1c5a0cbea1/21448038574106388099498729698156229932988054978307315072895959449711736813753.json
0xc4f0ee96676d3de800b9725eb628de1c5a0cbea1,34,30154321245016221480147636494972145704944840675743022290291572601234813269367,30154321245016221480147636494972145704944840675743022290291572601234813269367,QmcodjJv7EPnxgFfzmgzKSL3iHtZr6PqnhSQUw5usjHp5k,ops/cdn-retirement-phase2/step3/v3-docs/0xc4f0ee96676d3de800b9725eb628de1c5a0cbea1/30154321245016221480147636494972145704944840675743022290291572601234813269367.json
0xc4f0ee96676d3de800b9725eb628de1c5a0cbea1,34,31221468210609484860409183864532577577041700613675444716595920226587732227147,31221468210609484860409183864532577577041700613675444716595920226587732227147,Qmeci9Ev25JXTZEkDDJqGFvJiSofCNxbiC4ycwziPPZ6Nj,ops/cdn-retirement-phase2/step3/v3-docs/0xc4f0ee96676d3de800b9725eb628de1c5a0cbea1/31221468210609484860409183864532577577041700613675444716595920226587732227147.json
0xc4f0ee96676d3de800b9725eb628de1c5a0cbea1,34,65929679735845116927439867739438624115109737560452263431315871463539431070830,65929679735845116927439867739438624115109737560452263431315871463539431070830,QmVcco2Y4crSr4AQR8dM2ubCutMejaGcW9jSr52wnYcXEd,ops/cdn-retirement-phase2/step3/v3-docs/0xc4f0ee96676d3de800b9725eb628de1c5a0cbea1/65929679735845116927439867739438624115109737560452263431315871463539431070830.json
0xc4f0ee96676d3de800b9725eb628de1c5a0cbea1,34,71287885707144772904583885620176228016693055630019732369863905836193834145298,71287885707144772904583885620176228016693055630019732369863905836193834145298,QmUTh5xz8nWCsAEVAAWhq7UVRBFoeTaLTwW7yFKTEPNmqT,ops/cdn-retirement-phase2/step3/v3-docs/0xc4f0ee96676d3de800b9725eb628de1c5a0cbea1/71287885707144772904583885620176228016693055630019732369863905836193834145298.json
0xc4f0ee96676d3de800b9725eb628de1c5a0cbea1,34,87329314989335775336461258166202186746543912634975442811164605982738420999860,87329314989335775336461258166202186746543912634975442811164605982738420999860,QmeFjLAR7yBZKGSMcBQw9XSapGY2hAPJcTqhRVy6eTj7VC,ops/cdn-retirement-phase2/step3/v3-docs/0xc4f0ee96676d3de800b9725eb628de1c5a0cbea1/87329314989335775336461258166202186746543912634975442811164605982738420999860.json
0xc4f0ee96676d3de800b9725eb628de1c5a0cbea1,35,21448038574106388099498729698156229932988054978307315072895959449711736813754,21448038574106388099498729698156229932988054978307315072895959449711736813754,QmV2F2FbXnh3N6eWxVidRKRuhLDthGjroq8zAV1xxnJtca,ops/cdn-retirement-phase2/step3/v3-docs/0xc4f0ee96676d3de800b9725eb628de1c5a0cbea1/21448038574106388099498729698156229932988054978307315072895959449711736813754.json
0xc4f0ee96676d3de800b9725eb628de1c5a0cbea1,35,30154321245016221480147636494972145704944840675743022290291572601234813269368,30154321245016221480147636494972145704944840675743022290291572601234813269368,QmXiQ2zkBPHa8bLt9ZB8TGqCJVg2upw4WpYW3jJy4Rx5A6,ops/cdn-retirement-phase2/step3/v3-docs/0xc4f0ee96676d3de800b9725eb628de1c5a0cbea1/30154321245016221480147636494972145704944840675743022290291572601234813269368.json
0xc4f0ee96676d3de800b9725eb628de1c5a0cbea1,35,31221468210609484860409183864532577577041700613675444716595920226587732227148,31221468210609484860409183864532577577041700613675444716595920226587732227148,Qmbt4wZMkRid8K4hjPqkuBXWQuhGPv7GQfd4yVMCpA8M9E,ops/cdn-retirement-phase2/step3/v3-docs/0xc4f0ee96676d3de800b9725eb628de1c5a0cbea1/31221468210609484860409183864532577577041700613675444716595920226587732227148.json
0xc4f0ee96676d3de800b9725eb628de1c5a0cbea1,35,65929679735845116927439867739438624115109737560452263431315871463539431070831,65929679735845116927439867739438624115109737560452263431315871463539431070831,QmSBRiknwSWXjpE6ogjF5VsVkAJFj4SdtjeYNgrYQ7TahQ,ops/cdn-retirement-phase2/step3/v3-docs/0xc4f0ee96676d3de800b9725eb628de1c5a0cbea1/65929679735845116927439867739438624115109737560452263431315871463539431070831.json
0xc4f0ee96676d3de800b9725eb628de1c5a0cbea1,35,71287885707144772904583885620176228016693055630019732369863905836193834145299,71287885707144772904583885620176228016693055630019732369863905836193834145299,QmRe1C6LSoVpU4QLZ9NNmuRozmz3Gwn1Az2zzyoigq6d3X,ops/cdn-retirement-phase2/step3/v3-docs/0xc4f0ee96676d3de800b9725eb628de1c5a0cbea1/71287885707144772904583885620176228016693055630019732369863905836193834145299.json
0xc4f0ee96676d3de800b9725eb628de1c5a0cbea1,35,87329314989335775336461258166202186746543912634975442811164605982738420999861,87329314989335775336461258166202186746543912634975442811164605982738420999861,QmWjMZYDYPtCmTw34z6MQymcgA1445kMvgeVwRngjLU3Ln,ops/cdn-retirement-phase2/step3/v3-docs/0xc4f0ee96676d3de800b9725eb628de1c5a0cbea1/87329314989335775336461258166202186746543912634975442811164605982738420999861.json
0xc4f0ee96676d3de800b9725eb628de1c5a0cbea1,36,21448038574106388099498729698156229932988054978307315072895959449711736813755,21448038574106388099498729698156229932988054978307315072895959449711736813755,Qmb6tzryGM2PE5i7x8wxZzafS8ff8kR8PWka9tMJwSRBqb,ops/cdn-retirement-phase2/step3/v3-docs/0xc4f0ee96676d3de800b9725eb628de1c5a0cbea1/21448038574106388099498729698156229932988054978307315072895959449711736813755.json
0xc4f0ee96676d3de800b9725eb628de1c5a0cbea1,36,30154321245016221480147636494972145704944840675743022290291572601234813269369,30154321245016221480147636494972145704944840675743022290291572601234813269369,QmRRF6AFsmv9EWR7VVUPuntAc7qQS5WxRtdcRrCUzvnytS,ops/cdn-retirement-phase2/step3/v3-docs/0xc4f0ee96676d3de800b9725eb628de1c5a0cbea1/30154321245016221480147636494972145704944840675743022290291572601234813269369.json
0xc4f0ee96676d3de800b9725eb628de1c5a0cbea1,36,31221468210609484860409183864532577577041700613675444716595920226587732227149,31221468210609484860409183864532577577041700613675444716595920226587732227149,QmPmLjZUAnscifWun8FQ1WFAsJM2aizxhmwoJHSv3D3uJZ,ops/cdn-retirement-phase2/step3/v3-docs/0xc4f0ee96676d3de800b9725eb628de1c5a0cbea1/31221468210609484860409183864532577577041700613675444716595920226587732227149.json
0xc4f0ee96676d3de800b9725eb628de1c5a0cbea1,36,65929679735845116927439867739438624115109737560452263431315871463539431070832,65929679735845116927439867739438624115109737560452263431315871463539431070832,QmVn6s9U635Z7rTNQA4NFwYfZgJ4N4MY8AwBnRTqnUnCJg,ops/cdn-retirement-phase2/step3/v3-docs/0xc4f0ee96676d3de800b9725eb628de1c5a0cbea1/65929679735845116927439867739438624115109737560452263431315871463539431070832.json
0xc4f0ee96676d3de800b9725eb628de1c5a0cbea1,36,71287885707144772904583885620176228016693055630019732369863905836193834145300,71287885707144772904583885620176228016693055630019732369863905836193834145300,QmPwpAGUfxNjnTMkY4uUzWP44YPj5XtWqzkqyBSycaEQSG,ops/cdn-retirement-phase2/step3/v3-docs/0xc4f0ee96676d3de800b9725eb628de1c5a0cbea1/71287885707144772904583885620176228016693055630019732369863905836193834145300.json
0xc4f0ee96676d3de800b9725eb628de1c5a0cbea1,36,87329314989335775336461258166202186746543912634975442811164605982738420999862,87329314989335775336461258166202186746543912634975442811164605982738420999862,QmUXMjBbrzwMP5n6D5re32fEdsMtGQFH8bTKrwLEjQ4VBg,ops/cdn-retirement-phase2/step3/v3-docs/0xc4f0ee96676d3de800b9725eb628de1c5a0cbea1/87329314989335775336461258166202186746543912634975442811164605982738420999862.json
0xc4f0ee96676d3de800b9725eb628de1c5a0cbea1,37,21448038574106388099498729698156229932988054978307315072895959449711736813756,21448038574106388099498729698156229932988054978307315072895959449711736813756,QmeXA71CxD1skZXCDyUpuH86z2JNfE2aSfigBZ288oKw13,ops/cdn-retirement-phase2/step3/v3-docs/0xc4f0ee96676d3de800b9725eb628de1c5a0cbea1/21448038574106388099498729698156229932988054978307315072895959449711736813756.json
0xc4f0ee96676d3de800b9725eb628de1c5a0cbea1,37,30154321245016221480147636494972145704944840675743022290291572601234813269370,30154321245016221480147636494972145704944840675743022290291572601234813269370,QmS1oMivMHJrC2vJVRks9wdJgAA21nfFVMWFsBR8Z5Nfqp,ops/cdn-retirement-phase2/step3/v3-docs/0xc4f0ee96676d3de800b9725eb628de1c5a0cbea1/30154321245016221480147636494972145704944840675743022290291572601234813269370.json
0xc4f0ee96676d3de800b9725eb628de1c5a0cbea1,37,31221468210609484860409183864532577577041700613675444716595920226587732227150,31221468210609484860409183864532577577041700613675444716595920226587732227150,QmNqR85rz8oofTTZrCrU1H69NkXm8t571GW5RYaEycwsuv,ops/cdn-retirement-phase2/step3/v3-docs/0xc4f0ee96676d3de800b9725eb628de1c5a0cbea1/31221468210609484860409183864532577577041700613675444716595920226587732227150.json
0xc4f0ee96676d3de800b9725eb628de1c5a0cbea1,37,65929679735845116927439867739438624115109737560452263431315871463539431070833,65929679735845116927439867739438624115109737560452263431315871463539431070833,QmbRpJv5gdJVVrQRcYNLRyTyYsZoKtg2HH441jWCj8kXBf,ops/cdn-retirement-phase2/step3/v3-docs/0xc4f0ee96676d3de800b9725eb628de1c5a0cbea1/65929679735845116927439867739438624115109737560452263431315871463539431070833.json
0xc4f0ee96676d3de800b9725eb628de1c5a0cbea1,37,71287885707144772904583885620176228016693055630019732369863905836193834145301,71287885707144772904583885620176228016693055630019732369863905836193834145301,QmaPmvuip3Cz2inGP7gnuVZedSihwi4mDgXucS3RjaT6ba,ops/cdn-retirement-phase2/step3/v3-docs/0xc4f0ee96676d3de800b9725eb628de1c5a0cbea1/71287885707144772904583885620176228016693055630019732369863905836193834145301.json
0xc4f0ee96676d3de800b9725eb628de1c5a0cbea1,37,87329314989335775336461258166202186746543912634975442811164605982738420999863,87329314989335775336461258166202186746543912634975442811164605982738420999863,QmPDZ6PdRuyAhH5RPR4gdLfdvo3d2ABbRAecNe6qM8czmw,ops/cdn-retirement-phase2/step3/v3-docs/0xc4f0ee96676d3de800b9725eb628de1c5a0cbea1/87329314989335775336461258166202186746543912634975442811164605982738420999863.json
0xc4f0ee96676d3de800b9725eb628de1c5a0cbea1,38,21448038574106388099498729698156229932988054978307315072895959449711736813757,21448038574106388099498729698156229932988054978307315072895959449711736813757,QmcehY4qs8MNmJKj2TuCBZhvbWngpGVoZRTSycPQR2WmYv,ops/cdn-retirement-phase2/step3/v3-docs/0xc4f0ee96676d3de800b9725eb628de1c5a0cbea1/21448038574106388099498729698156229932988054978307315072895959449711736813757.json
0xc4f0ee96676d3de800b9725eb628de1c5a0cbea1,38,30154321245016221480147636494972145704944840675743022290291572601234813269371,30154321245016221480147636494972145704944840675743022290291572601234813269371,QmZ1wmg5Rh6vYScPXSPj14KT1k1XZRMHAy2BXvWpko2DYi,ops/cdn-retirement-phase2/step3/v3-docs/0xc4f0ee96676d3de800b9725eb628de1c5a0cbea1/30154321245016221480147636494972145704944840675743022290291572601234813269371.json
0xc4f0ee96676d3de800b9725eb628de1c5a0cbea1,38,31221468210609484860409183864532577577041700613675444716595920226587732227151,31221468210609484860409183864532577577041700613675444716595920226587732227151,QmTcLjFuodkAu9kEzquDqg8ZTmevXpwH1hpGoojLjB4kw4,ops/cdn-retirement-phase2/step3/v3-docs/0xc4f0ee96676d3de800b9725eb628de1c5a0cbea1/31221468210609484860409183864532577577041700613675444716595920226587732227151.json
0xc4f0ee96676d3de800b9725eb628de1c5a0cbea1,38,65929679735845116927439867739438624115109737560452263431315871463539431070834,65929679735845116927439867739438624115109737560452263431315871463539431070834,QmY8yRPPoGAAJMBsfjDAEPaZtBBMEJpu5kbyRGJSJM3Qka,ops/cdn-retirement-phase2/step3/v3-docs/0xc4f0ee96676d3de800b9725eb628de1c5a0cbea1/65929679735845116927439867739438624115109737560452263431315871463539431070834.json
0xc4f0ee96676d3de800b9725eb628de1c5a0cbea1,38,71287885707144772904583885620176228016693055630019732369863905836193834145302,71287885707144772904583885620176228016693055630019732369863905836193834145302,QmXEGpYXaGEHXwphvVUDRWb3UeTrUQTyNjXjAYSwmJxNMJ,ops/cdn-retirement-phase2/step3/v3-docs/0xc4f0ee96676d3de800b9725eb628de1c5a0cbea1/71287885707144772904583885620176228016693055630019732369863905836193834145302.json
0xc4f0ee96676d3de800b9725eb628de1c5a0cbea1,38,87329314989335775336461258166202186746543912634975442811164605982738420999864,87329314989335775336461258166202186746543912634975442811164605982738420999864,QmZykY34fXWSSwsxhhfA87wYQHQBwSnNG8YK1oUQ7CB4uT,ops/cdn-retirement-phase2/step3/v3-docs/0xc4f0ee96676d3de800b9725eb628de1c5a0cbea1/87329314989335775336461258166202186746543912634975442811164605982738420999864.json
0xc4f0ee96676d3de800b9725eb628de1c5a0cbea1,39,21448038574106388099498729698156229932988054978307315072895959449711736813758,21448038574106388099498729698156229932988054978307315072895959449711736813758,QmewCDghh6aTnjoo2JrgLtuDyG7AEZkmavNrX65uhAdKc6,ops/cdn-retirement-phase2/step3/v3-docs/0xc4f0ee96676d3de800b9725eb628de1c5a0cbea1/21448038574106388099498729698156229932988054978307315072895959449711736813758.json
0xc4f0ee96676d3de800b9725eb628de1c5a0cbea1,39,30154321245016221480147636494972145704944840675743022290291572601234813269372,30154321245016221480147636494972145704944840675743022290291572601234813269372,QmbzGTAcGKHTZLP6LbXy2Qzm4cpnuA49Fer4zHQ5EHYiXa,ops/cdn-retirement-phase2/step3/v3-docs/0xc4f0ee96676d3de800b9725eb628de1c5a0cbea1/30154321245016221480147636494972145704944840675743022290291572601234813269372.json
0xc4f0ee96676d3de800b9725eb628de1c5a0cbea1,39,31221468210609484860409183864532577577041700613675444716595920226587732227152,31221468210609484860409183864532577577041700613675444716595920226587732227152,QmTmweHynoxXEcSqScoJBAAuKUFRmRTHhwUNwupz9uaKSj,ops/cdn-retirement-phase2/step3/v3-docs/0xc4f0ee96676d3de800b9725eb628de1c5a0cbea1/31221468210609484860409183864532577577041700613675444716595920226587732227152.json
0xc4f0ee96676d3de800b9725eb628de1c5a0cbea1,39,65929679735845116927439867739438624115109737560452263431315871463539431070835,65929679735845116927439867739438624115109737560452263431315871463539431070835,QmUBjLCCJu9ktHQ5vXL2hhEzTvazbpHosRBK8QD3sgFKSM,ops/cdn-retirement-phase2/step3/v3-docs/0xc4f0ee96676d3de800b9725eb628de1c5a0cbea1/65929679735845116927439867739438624115109737560452263431315871463539431070835.json
0xc4f0ee96676d3de800b9725eb628de1c5a0cbea1,39,71287885707144772904583885620176228016693055630019732369863905836193834145303,71287885707144772904583885620176228016693055630019732369863905836193834145303,QmPY38QLhLoE9KQebYQK2uDLN6r5EpzBU83qpowiSLTHZU,ops/cdn-retirement-phase2/step3/v3-docs/0xc4f0ee96676d3de800b9725eb628de1c5a0cbea1/71287885707144772904583885620176228016693055630019732369863905836193834145303.json
0xc4f0ee96676d3de800b9725eb628de1c5a0cbea1,39,87329314989335775336461258166202186746543912634975442811164605982738420999865,87329314989335775336461258166202186746543912634975442811164605982738420999865,QmVSrxnc68gGiSiatKCzbqCLP6KNFbMjJd9KW1ac1XWQuv,ops/cdn-retirement-phase2/step3/v3-docs/0xc4f0ee96676d3de800b9725eb628de1c5a0cbea1/87329314989335775336461258166202186746543912634975442811164605982738420999865.json
0xc4f0ee96676d3de800b9725eb628de1c5a0cbea1,4,21448038574106388099498729698156229932988054978307315072895959449711736813723,21448038574106388099498729698156229932988054978307315072895959449711736813723,QmVdMEcEYbCckxzQWjpDgqRwxZhLizTA65axEH9VC8Hzky,ops/cdn-retirement-phase2/step3/v3-docs/0xc4f0ee96676d3de800b9725eb628de1c5a0cbea1/21448038574106388099498729698156229932988054978307315072895959449711736813723.json
0xc4f0ee96676d3de800b9725eb628de1c5a0cbea1,4,30154321245016221480147636494972145704944840675743022290291572601234813269337,30154321245016221480147636494972145704944840675743022290291572601234813269337,QmNnFhRdYLdXdh5wuEDTLbXSa45SskvuCbMKgc77KK1iUQ,ops/cdn-retirement-phase2/step3/v3-docs/0xc4f0ee96676d3de800b9725eb628de1c5a0cbea1/30154321245016221480147636494972145704944840675743022290291572601234813269337.json
0xc4f0ee96676d3de800b9725eb628de1c5a0cbea1,4,31221468210609484860409183864532577577041700613675444716595920226587732227117,31221468210609484860409183864532577577041700613675444716595920226587732227117,QmbqjttLQ87Nr4kbTaJaR4DCfXKotwXsQ3mTQkq1zs7MHY,ops/cdn-retirement-phase2/step3/v3-docs/0xc4f0ee96676d3de800b9725eb628de1c5a0cbea1/31221468210609484860409183864532577577041700613675444716595920226587732227117.json
0xc4f0ee96676d3de800b9725eb628de1c5a0cbea1,4,65929679735845116927439867739438624115109737560452263431315871463539431070800,65929679735845116927439867739438624115109737560452263431315871463539431070800,QmUDLaDSGK8VVzv511bYQWhM85juvGWujmbRWob1LYjrym,ops/cdn-retirement-phase2/step3/v3-docs/0xc4f0ee96676d3de800b9725eb628de1c5a0cbea1/65929679735845116927439867739438624115109737560452263431315871463539431070800.json
0xc4f0ee96676d3de800b9725eb628de1c5a0cbea1,4,71287885707144772904583885620176228016693055630019732369863905836193834145268,71287885707144772904583885620176228016693055630019732369863905836193834145268,QmQCZpyaFgePAGa99rTrPHkUe4xRt9xxx7se9zMPHdw4LZ,ops/cdn-retirement-phase2/step3/v3-docs/0xc4f0ee96676d3de800b9725eb628de1c5a0cbea1/71287885707144772904583885620176228016693055630019732369863905836193834145268.json
0xc4f0ee96676d3de800b9725eb628de1c5a0cbea1,4,87329314989335775336461258166202186746543912634975442811164605982738420999830,87329314989335775336461258166202186746543912634975442811164605982738420999830,QmVZqkYiEZY4rVWSLk2wUsCnzz9DmVYd5oHdpKRfzSWdvo,ops/cdn-retirement-phase2/step3/v3-docs/0xc4f0ee96676d3de800b9725eb628de1c5a0cbea1/87329314989335775336461258166202186746543912634975442811164605982738420999830.json
0xc4f0ee96676d3de800b9725eb628de1c5a0cbea1,40,21448038574106388099498729698156229932988054978307315072895959449711736813759,21448038574106388099498729698156229932988054978307315072895959449711736813759,QmZ5VZExWKTgYPvL3USdo4XGTPnvx9pqahbS6QtHFuFGCc,ops/cdn-retirement-phase2/step3/v3-docs/0xc4f0ee96676d3de800b9725eb628de1c5a0cbea1/21448038574106388099498729698156229932988054978307315072895959449711736813759.json
0xc4f0ee96676d3de800b9725eb628de1c5a0cbea1,40,30154321245016221480147636494972145704944840675743022290291572601234813269373,30154321245016221480147636494972145704944840675743022290291572601234813269373,QmU25QbpibZYWF1yveN2CMbRx8Buv8qMzw4dcabSqdwZED,ops/cdn-retirement-phase2/step3/v3-docs/0xc4f0ee96676d3de800b9725eb628de1c5a0cbea1/30154321245016221480147636494972145704944840675743022290291572601234813269373.json
0xc4f0ee96676d3de800b9725eb628de1c5a0cbea1,40,31221468210609484860409183864532577577041700613675444716595920226587732227153,31221468210609484860409183864532577577041700613675444716595920226587732227153,QmPtwGGeEGYTR9MwAJ32S3oBsdtdLEgXnfVzhNJbTk6SLm,ops/cdn-retirement-phase2/step3/v3-docs/0xc4f0ee96676d3de800b9725eb628de1c5a0cbea1/31221468210609484860409183864532577577041700613675444716595920226587732227153.json
0xc4f0ee96676d3de800b9725eb628de1c5a0cbea1,40,65929679735845116927439867739438624115109737560452263431315871463539431070836,65929679735845116927439867739438624115109737560452263431315871463539431070836,Qmb9g9dF6GtTEMvqMxi2E23haVC7Y8Nwk9Sv44rAi3fZtC,ops/cdn-retirement-phase2/step3/v3-docs/0xc4f0ee96676d3de800b9725eb628de1c5a0cbea1/65929679735845116927439867739438624115109737560452263431315871463539431070836.json
0xc4f0ee96676d3de800b9725eb628de1c5a0cbea1,40,71287885707144772904583885620176228016693055630019732369863905836193834145304,71287885707144772904583885620176228016693055630019732369863905836193834145304,QmPUGQW7TEvynYwCwere5V3Wdwgc4we6DPf9WWcjnvTzf1,ops/cdn-retirement-phase2/step3/v3-docs/0xc4f0ee96676d3de800b9725eb628de1c5a0cbea1/71287885707144772904583885620176228016693055630019732369863905836193834145304.json
0xc4f0ee96676d3de800b9725eb628de1c5a0cbea1,40,87329314989335775336461258166202186746543912634975442811164605982738420999866,87329314989335775336461258166202186746543912634975442811164605982738420999866,QmQdAFqntq9WutuC41dV6v4aytNbujv53qEh2bhxMmhg3Y,ops/cdn-retirement-phase2/step3/v3-docs/0xc4f0ee96676d3de800b9725eb628de1c5a0cbea1/87329314989335775336461258166202186746543912634975442811164605982738420999866.json
0xc4f0ee96676d3de800b9725eb628de1c5a0cbea1,41,21448038574106388099498729698156229932988054978307315072895959449711736813760,21448038574106388099498729698156229932988054978307315072895959449711736813760,Qme5YPR78mHk3ecJ3vqv47JxNDumMQDVoK9RzCJTNa6rFG,ops/cdn-retirement-phase2/step3/v3-docs/0xc4f0ee96676d3de800b9725eb628de1c5a0cbea1/21448038574106388099498729698156229932988054978307315072895959449711736813760.json
0xc4f0ee96676d3de800b9725eb628de1c5a0cbea1,41,30154321245016221480147636494972145704944840675743022290291572601234813269374,30154321245016221480147636494972145704944840675743022290291572601234813269374,QmWTZRHYvVTkNY8jmDnV3ehjH6Y1a24bkmcGPsnViSzaGA,ops/cdn-retirement-phase2/step3/v3-docs/0xc4f0ee96676d3de800b9725eb628de1c5a0cbea1/30154321245016221480147636494972145704944840675743022290291572601234813269374.json
0xc4f0ee96676d3de800b9725eb628de1c5a0cbea1,41,31221468210609484860409183864532577577041700613675444716595920226587732227154,31221468210609484860409183864532577577041700613675444716595920226587732227154,QmU35W5C1qTaDojWfwwBidS97rszfqQ4mYNHwgDxPnkatp,ops/cdn-retirement-phase2/step3/v3-docs/0xc4f0ee96676d3de800b9725eb628de1c5a0cbea1/31221468210609484860409183864532577577041700613675444716595920226587732227154.json
0xc4f0ee96676d3de800b9725eb628de1c5a0cbea1,41,65929679735845116927439867739438624115109737560452263431315871463539431070837,65929679735845116927439867739438624115109737560452263431315871463539431070837,QmNoVEzSxC8nwxkWkMfucP7dvN65FAfosNchyad1tRyKnv,ops/cdn-retirement-phase2/step3/v3-docs/0xc4f0ee96676d3de800b9725eb628de1c5a0cbea1/65929679735845116927439867739438624115109737560452263431315871463539431070837.json
0xc4f0ee96676d3de800b9725eb628de1c5a0cbea1,41,71287885707144772904583885620176228016693055630019732369863905836193834145305,71287885707144772904583885620176228016693055630019732369863905836193834145305,QmR9zi6caaeNAW4ZfvQYJyrwg7QeWcKj3Dfb2U5JoiUkxT,ops/cdn-retirement-phase2/step3/v3-docs/0xc4f0ee96676d3de800b9725eb628de1c5a0cbea1/71287885707144772904583885620176228016693055630019732369863905836193834145305.json
0xc4f0ee96676d3de800b9725eb628de1c5a0cbea1,41,87329314989335775336461258166202186746543912634975442811164605982738420999867,87329314989335775336461258166202186746543912634975442811164605982738420999867,Qmb4odse37KawDLMS3xe9UmHnP1rwcS1dsd9uZBM6ktWo4,ops/cdn-retirement-phase2/step3/v3-docs/0xc4f0ee96676d3de800b9725eb628de1c5a0cbea1/87329314989335775336461258166202186746543912634975442811164605982738420999867.json
0xc4f0ee96676d3de800b9725eb628de1c5a0cbea1,42,21448038574106388099498729698156229932988054978307315072895959449711736813761,21448038574106388099498729698156229932988054978307315072895959449711736813761,QmSWaT76Egb5ziYPgd76BUpXRrFU5kwxcb9JAbycd6nMRy,ops/cdn-retirement-phase2/step3/v3-docs/0xc4f0ee96676d3de800b9725eb628de1c5a0cbea1/21448038574106388099498729698156229932988054978307315072895959449711736813761.json
0xc4f0ee96676d3de800b9725eb628de1c5a0cbea1,42,30154321245016221480147636494972145704944840675743022290291572601234813269375,30154321245016221480147636494972145704944840675743022290291572601234813269375,QmZzryFqc6dFHG5smqHAAvz8o8P8YtD4h2xoHT7H56Zn8Y,ops/cdn-retirement-phase2/step3/v3-docs/0xc4f0ee96676d3de800b9725eb628de1c5a0cbea1/30154321245016221480147636494972145704944840675743022290291572601234813269375.json
0xc4f0ee96676d3de800b9725eb628de1c5a0cbea1,42,31221468210609484860409183864532577577041700613675444716595920226587732227155,31221468210609484860409183864532577577041700613675444716595920226587732227155,QmaPF7CAcXUXGFRENs14MNkEGR5tvHkdXNpyV3UZxLPrDn,ops/cdn-retirement-phase2/step3/v3-docs/0xc4f0ee96676d3de800b9725eb628de1c5a0cbea1/31221468210609484860409183864532577577041700613675444716595920226587732227155.json
0xc4f0ee96676d3de800b9725eb628de1c5a0cbea1,42,65929679735845116927439867739438624115109737560452263431315871463539431070838,65929679735845116927439867739438624115109737560452263431315871463539431070838,QmP1ojsw1SuYf7QWXudKaxeuEJzx6hmmeP8p4Mvv7smR9D,ops/cdn-retirement-phase2/step3/v3-docs/0xc4f0ee96676d3de800b9725eb628de1c5a0cbea1/65929679735845116927439867739438624115109737560452263431315871463539431070838.json
0xc4f0ee96676d3de800b9725eb628de1c5a0cbea1,42,71287885707144772904583885620176228016693055630019732369863905836193834145306,71287885707144772904583885620176228016693055630019732369863905836193834145306,QmP1GVACcXaNqSSm3vteXUXLXzqR7LJswMzek3CTH59wbt,ops/cdn-retirement-phase2/step3/v3-docs/0xc4f0ee96676d3de800b9725eb628de1c5a0cbea1/71287885707144772904583885620176228016693055630019732369863905836193834145306.json
0xc4f0ee96676d3de800b9725eb628de1c5a0cbea1,42,87329314989335775336461258166202186746543912634975442811164605982738420999868,87329314989335775336461258166202186746543912634975442811164605982738420999868,QmdQebmA19CdjNSRf3cHZdaE65K3syJcnPFsiXJBo48MAr,ops/cdn-retirement-phase2/step3/v3-docs/0xc4f0ee96676d3de800b9725eb628de1c5a0cbea1/87329314989335775336461258166202186746543912634975442811164605982738420999868.json
0xc4f0ee96676d3de800b9725eb628de1c5a0cbea1,43,21448038574106388099498729698156229932988054978307315072895959449711736813762,21448038574106388099498729698156229932988054978307315072895959449711736813762,QmSBQH7H8xGibAb7fckUQYfNCvzrKAmJ3ZPy1DUFdLQb3J,ops/cdn-retirement-phase2/step3/v3-docs/0xc4f0ee96676d3de800b9725eb628de1c5a0cbea1/21448038574106388099498729698156229932988054978307315072895959449711736813762.json
0xc4f0ee96676d3de800b9725eb628de1c5a0cbea1,43,30154321245016221480147636494972145704944840675743022290291572601234813269376,30154321245016221480147636494972145704944840675743022290291572601234813269376,QmNtbFaTCHxyZt1XvX3Wyt12Puyfue2HEGQg5HHmUKBBwv,ops/cdn-retirement-phase2/step3/v3-docs/0xc4f0ee96676d3de800b9725eb628de1c5a0cbea1/30154321245016221480147636494972145704944840675743022290291572601234813269376.json
0xc4f0ee96676d3de800b9725eb628de1c5a0cbea1,43,31221468210609484860409183864532577577041700613675444716595920226587732227156,31221468210609484860409183864532577577041700613675444716595920226587732227156,QmPoB793kAmojQBWWC8Ac6f4asruy7swhDQXuTg3HhKGrj,ops/cdn-retirement-phase2/step3/v3-docs/0xc4f0ee96676d3de800b9725eb628de1c5a0cbea1/31221468210609484860409183864532577577041700613675444716595920226587732227156.json
0xc4f0ee96676d3de800b9725eb628de1c5a0cbea1,43,65929679735845116927439867739438624115109737560452263431315871463539431070839,65929679735845116927439867739438624115109737560452263431315871463539431070839,QmUDxeNSXyoHyzsEDjbkJuTa1M9Jo4qti7T31vKtaSoWkZ,ops/cdn-retirement-phase2/step3/v3-docs/0xc4f0ee96676d3de800b9725eb628de1c5a0cbea1/65929679735845116927439867739438624115109737560452263431315871463539431070839.json
0xc4f0ee96676d3de800b9725eb628de1c5a0cbea1,43,71287885707144772904583885620176228016693055630019732369863905836193834145307,71287885707144772904583885620176228016693055630019732369863905836193834145307,QmbpVGxevQv85UvbmXhS7bcbcMsgebjq5YTBhRwBp33SuF,ops/cdn-retirement-phase2/step3/v3-docs/0xc4f0ee96676d3de800b9725eb628de1c5a0cbea1/71287885707144772904583885620176228016693055630019732369863905836193834145307.json
0xc4f0ee96676d3de800b9725eb628de1c5a0cbea1,43,87329314989335775336461258166202186746543912634975442811164605982738420999869,87329314989335775336461258166202186746543912634975442811164605982738420999869,QmSXxKQo3JSSLTCv2cxL19F5hRhbfCpvMRoQoZE6BQoMQh,ops/cdn-retirement-phase2/step3/v3-docs/0xc4f0ee96676d3de800b9725eb628de1c5a0cbea1/87329314989335775336461258166202186746543912634975442811164605982738420999869.json
0xc4f0ee96676d3de800b9725eb628de1c5a0cbea1,44,21448038574106388099498729698156229932988054978307315072895959449711736813763,21448038574106388099498729698156229932988054978307315072895959449711736813763,QmNRz3WS1S6xHVFpqzmBQHXVQhUDKn36UmLH1VvT5nbJp6,ops/cdn-retirement-phase2/step3/v3-docs/0xc4f0ee96676d3de800b9725eb628de1c5a0cbea1/21448038574106388099498729698156229932988054978307315072895959449711736813763.json
0xc4f0ee96676d3de800b9725eb628de1c5a0cbea1,44,30154321245016221480147636494972145704944840675743022290291572601234813269377,30154321245016221480147636494972145704944840675743022290291572601234813269377,QmTbFny4MRmJViVJHcWXTJ3JnNH7Ks5zwGc3kbr9cjgMw9,ops/cdn-retirement-phase2/step3/v3-docs/0xc4f0ee96676d3de800b9725eb628de1c5a0cbea1/30154321245016221480147636494972145704944840675743022290291572601234813269377.json
0xc4f0ee96676d3de800b9725eb628de1c5a0cbea1,44,31221468210609484860409183864532577577041700613675444716595920226587732227157,31221468210609484860409183864532577577041700613675444716595920226587732227157,QmcZx9ixvF2xsFYjcf4zfY2XVDiajQyeN6scUC3rEBvwMu,ops/cdn-retirement-phase2/step3/v3-docs/0xc4f0ee96676d3de800b9725eb628de1c5a0cbea1/31221468210609484860409183864532577577041700613675444716595920226587732227157.json
0xc4f0ee96676d3de800b9725eb628de1c5a0cbea1,44,65929679735845116927439867739438624115109737560452263431315871463539431070840,65929679735845116927439867739438624115109737560452263431315871463539431070840,QmNeP3UhHRtixqwRr7ViRn8H519YAccd92TggZytmqPYGP,ops/cdn-retirement-phase2/step3/v3-docs/0xc4f0ee96676d3de800b9725eb628de1c5a0cbea1/65929679735845116927439867739438624115109737560452263431315871463539431070840.json
0xc4f0ee96676d3de800b9725eb628de1c5a0cbea1,44,71287885707144772904583885620176228016693055630019732369863905836193834145308,71287885707144772904583885620176228016693055630019732369863905836193834145308,QmPntpUpgppbx2UJ1QSdcPUMJuCpBQZJTwrPff4fxnAjH1,ops/cdn-retirement-phase2/step3/v3-docs/0xc4f0ee96676d3de800b9725eb628de1c5a0cbea1/71287885707144772904583885620176228016693055630019732369863905836193834145308.json
0xc4f0ee96676d3de800b9725eb628de1c5a0cbea1,44,87329314989335775336461258166202186746543912634975442811164605982738420999870,87329314989335775336461258166202186746543912634975442811164605982738420999870,QmV2R7RGYAHao8LeVQaGtoTxCqJiBvfi2hF1sRMxQwsPvH,ops/cdn-retirement-phase2/step3/v3-docs/0xc4f0ee96676d3de800b9725eb628de1c5a0cbea1/87329314989335775336461258166202186746543912634975442811164605982738420999870.json
0xc4f0ee96676d3de800b9725eb628de1c5a0cbea1,45,21448038574106388099498729698156229932988054978307315072895959449711736813764,21448038574106388099498729698156229932988054978307315072895959449711736813764,QmeVXFXKkexdH6u6718xDnquXkaistxsztJPvhvzyrHLmh,ops/cdn-retirement-phase2/step3/v3-docs/0xc4f0ee96676d3de800b9725eb628de1c5a0cbea1/21448038574106388099498729698156229932988054978307315072895959449711736813764.json
0xc4f0ee96676d3de800b9725eb628de1c5a0cbea1,45,30154321245016221480147636494972145704944840675743022290291572601234813269378,30154321245016221480147636494972145704944840675743022290291572601234813269378,QmYj32oj45kPY1TWx8xyTvGsKL3NmfxVjACmQbnLCJNgxU,ops/cdn-retirement-phase2/step3/v3-docs/0xc4f0ee96676d3de800b9725eb628de1c5a0cbea1/30154321245016221480147636494972145704944840675743022290291572601234813269378.json
0xc4f0ee96676d3de800b9725eb628de1c5a0cbea1,45,31221468210609484860409183864532577577041700613675444716595920226587732227158,31221468210609484860409183864532577577041700613675444716595920226587732227158,QmWS81dwfuiVQWJeCMkGfoAQ5zsvcnhhBjCKrPLdwHZPQ2,ops/cdn-retirement-phase2/step3/v3-docs/0xc4f0ee96676d3de800b9725eb628de1c5a0cbea1/31221468210609484860409183864532577577041700613675444716595920226587732227158.json
0xc4f0ee96676d3de800b9725eb628de1c5a0cbea1,45,65929679735845116927439867739438624115109737560452263431315871463539431070841,65929679735845116927439867739438624115109737560452263431315871463539431070841,QmbSjxQUsMzj9A6DkXiK5puoSMhapfA6JHH7JbRpU9H5Da,ops/cdn-retirement-phase2/step3/v3-docs/0xc4f0ee96676d3de800b9725eb628de1c5a0cbea1/65929679735845116927439867739438624115109737560452263431315871463539431070841.json
0xc4f0ee96676d3de800b9725eb628de1c5a0cbea1,45,71287885707144772904583885620176228016693055630019732369863905836193834145309,71287885707144772904583885620176228016693055630019732369863905836193834145309,QmPkUXC2DvnuQZDXTPQwtjE3m8eAnZawbULZYzcMMKS3Kz,ops/cdn-retirement-phase2/step3/v3-docs/0xc4f0ee96676d3de800b9725eb628de1c5a0cbea1/71287885707144772904583885620176228016693055630019732369863905836193834145309.json
0xc4f0ee96676d3de800b9725eb628de1c5a0cbea1,45,87329314989335775336461258166202186746543912634975442811164605982738420999871,87329314989335775336461258166202186746543912634975442811164605982738420999871,QmUCQ2ChcMAUoHJHia4Epwpw1toi1yDNncDodv3gzsg1Ms,ops/cdn-retirement-phase2/step3/v3-docs/0xc4f0ee96676d3de800b9725eb628de1c5a0cbea1/87329314989335775336461258166202186746543912634975442811164605982738420999871.json
0xc4f0ee96676d3de800b9725eb628de1c5a0cbea1,46,21448038574106388099498729698156229932988054978307315072895959449711736813765,21448038574106388099498729698156229932988054978307315072895959449711736813765,QmWSBWWJbxLsBBYxTD49tyurjStu6E8guXNaJe6TYrAjEv,ops/cdn-retirement-phase2/step3/v3-docs/0xc4f0ee96676d3de800b9725eb628de1c5a0cbea1/21448038574106388099498729698156229932988054978307315072895959449711736813765.json
0xc4f0ee96676d3de800b9725eb628de1c5a0cbea1,46,30154321245016221480147636494972145704944840675743022290291572601234813269379,30154321245016221480147636494972145704944840675743022290291572601234813269379,QmQgxSPyLsk1k4ZYrsYVEsRNx6nSeyu4Kp6984YiiX5Rqx,ops/cdn-retirement-phase2/step3/v3-docs/0xc4f0ee96676d3de800b9725eb628de1c5a0cbea1/30154321245016221480147636494972145704944840675743022290291572601234813269379.json
0xc4f0ee96676d3de800b9725eb628de1c5a0cbea1,46,31221468210609484860409183864532577577041700613675444716595920226587732227159,31221468210609484860409183864532577577041700613675444716595920226587732227159,QmP6QodEy3FybZGrvDMFNTAdqgFoniuripXmZ2F6NqLyWa,ops/cdn-retirement-phase2/step3/v3-docs/0xc4f0ee96676d3de800b9725eb628de1c5a0cbea1/31221468210609484860409183864532577577041700613675444716595920226587732227159.json
0xc4f0ee96676d3de800b9725eb628de1c5a0cbea1,46,65929679735845116927439867739438624115109737560452263431315871463539431070842,65929679735845116927439867739438624115109737560452263431315871463539431070842,QmdBjb2sdCBJ4XTWogBQp7khaVVZDi5tL8zQxpQE3gmT2Z,ops/cdn-retirement-phase2/step3/v3-docs/0xc4f0ee96676d3de800b9725eb628de1c5a0cbea1/65929679735845116927439867739438624115109737560452263431315871463539431070842.json
0xc4f0ee96676d3de800b9725eb628de1c5a0cbea1,46,71287885707144772904583885620176228016693055630019732369863905836193834145310,71287885707144772904583885620176228016693055630019732369863905836193834145310,QmaGiFZWwK7kztS2i8mi1L4X3U2nTxioUZmN8EqRDRGHho,ops/cdn-retirement-phase2/step3/v3-docs/0xc4f0ee96676d3de800b9725eb628de1c5a0cbea1/71287885707144772904583885620176228016693055630019732369863905836193834145310.json
0xc4f0ee96676d3de800b9725eb628de1c5a0cbea1,46,87329314989335775336461258166202186746543912634975442811164605982738420999872,87329314989335775336461258166202186746543912634975442811164605982738420999872,QmYKq9Xqm6Sftgz8TXH7qfZpCj9MYWpAY5xorb5UvJW9XW,ops/cdn-retirement-phase2/step3/v3-docs/0xc4f0ee96676d3de800b9725eb628de1c5a0cbea1/87329314989335775336461258166202186746543912634975442811164605982738420999872.json
0xc4f0ee96676d3de800b9725eb628de1c5a0cbea1,47,21448038574106388099498729698156229932988054978307315072895959449711736813766,21448038574106388099498729698156229932988054978307315072895959449711736813766,QmXFhVyLTGRP12BNb6BhdVTx8h9qGvBC7rAzJmAatFvaa6,ops/cdn-retirement-phase2/step3/v3-docs/0xc4f0ee96676d3de800b9725eb628de1c5a0cbea1/21448038574106388099498729698156229932988054978307315072895959449711736813766.json
0xc4f0ee96676d3de800b9725eb628de1c5a0cbea1,47,30154321245016221480147636494972145704944840675743022290291572601234813269380,30154321245016221480147636494972145704944840675743022290291572601234813269380,Qmaz6eycWJXmP9pYkNXBEran37JrT5mFMrXMwAQ9ZtXTE8,ops/cdn-retirement-phase2/step3/v3-docs/0xc4f0ee96676d3de800b9725eb628de1c5a0cbea1/30154321245016221480147636494972145704944840675743022290291572601234813269380.json
0xc4f0ee96676d3de800b9725eb628de1c5a0cbea1,47,31221468210609484860409183864532577577041700613675444716595920226587732227160,31221468210609484860409183864532577577041700613675444716595920226587732227160,QmPiZGWbFq7iy3cLdt2fCpArUCBYgmQHrSs3NPD26g98CY,ops/cdn-retirement-phase2/step3/v3-docs/0xc4f0ee96676d3de800b9725eb628de1c5a0cbea1/31221468210609484860409183864532577577041700613675444716595920226587732227160.json
0xc4f0ee96676d3de800b9725eb628de1c5a0cbea1,47,65929679735845116927439867739438624115109737560452263431315871463539431070843,65929679735845116927439867739438624115109737560452263431315871463539431070843,QmeuQF7Pp1ScoE5hop5uvsywoA8jfMgPdTwASnNWnooxfb,ops/cdn-retirement-phase2/step3/v3-docs/0xc4f0ee96676d3de800b9725eb628de1c5a0cbea1/65929679735845116927439867739438624115109737560452263431315871463539431070843.json
0xc4f0ee96676d3de800b9725eb628de1c5a0cbea1,47,71287885707144772904583885620176228016693055630019732369863905836193834145311,71287885707144772904583885620176228016693055630019732369863905836193834145311,QmaVzLmX9c7gM1LjMNGVRS28b3CLaH5qfrJ9hH1aAMja2Z,ops/cdn-retirement-phase2/step3/v3-docs/0xc4f0ee96676d3de800b9725eb628de1c5a0cbea1/71287885707144772904583885620176228016693055630019732369863905836193834145311.json
0xc4f0ee96676d3de800b9725eb628de1c5a0cbea1,47,87329314989335775336461258166202186746543912634975442811164605982738420999873,87329314989335775336461258166202186746543912634975442811164605982738420999873,QmWSTsVvbmtQu98GcXUNnKQHtPimjR5d8J7MCZAPhYRsuN,ops/cdn-retirement-phase2/step3/v3-docs/0xc4f0ee96676d3de800b9725eb628de1c5a0cbea1/87329314989335775336461258166202186746543912634975442811164605982738420999873.json
0xc4f0ee96676d3de800b9725eb628de1c5a0cbea1,48,21448038574106388099498729698156229932988054978307315072895959449711736813767,21448038574106388099498729698156229932988054978307315072895959449711736813767,Qmej9qkYhTRxv9HuVcMsZuo2wqvizdDiq4p1G8kmqF7ueb,ops/cdn-retirement-phase2/step3/v3-docs/0xc4f0ee96676d3de800b9725eb628de1c5a0cbea1/21448038574106388099498729698156229932988054978307315072895959449711736813767.json
0xc4f0ee96676d3de800b9725eb628de1c5a0cbea1,48,30154321245016221480147636494972145704944840675743022290291572601234813269381,30154321245016221480147636494972145704944840675743022290291572601234813269381,QmVNUecaZq4fVP1dcmfbZLAGtmHu677YGLh36epo1hDs3E,ops/cdn-retirement-phase2/step3/v3-docs/0xc4f0ee96676d3de800b9725eb628de1c5a0cbea1/30154321245016221480147636494972145704944840675743022290291572601234813269381.json
0xc4f0ee96676d3de800b9725eb628de1c5a0cbea1,48,31221468210609484860409183864532577577041700613675444716595920226587732227161,31221468210609484860409183864532577577041700613675444716595920226587732227161,QmQARwrMwm4Sskv5CX5VxYbSbycnsccXp7XNBh9mSkLj4V,ops/cdn-retirement-phase2/step3/v3-docs/0xc4f0ee96676d3de800b9725eb628de1c5a0cbea1/31221468210609484860409183864532577577041700613675444716595920226587732227161.json
0xc4f0ee96676d3de800b9725eb628de1c5a0cbea1,48,65929679735845116927439867739438624115109737560452263431315871463539431070844,65929679735845116927439867739438624115109737560452263431315871463539431070844,QmWzFqseZPyUEFwvZFVmSPapkhBhnXLmReTBQUcVEJghNG,ops/cdn-retirement-phase2/step3/v3-docs/0xc4f0ee96676d3de800b9725eb628de1c5a0cbea1/65929679735845116927439867739438624115109737560452263431315871463539431070844.json
0xc4f0ee96676d3de800b9725eb628de1c5a0cbea1,48,71287885707144772904583885620176228016693055630019732369863905836193834145312,71287885707144772904583885620176228016693055630019732369863905836193834145312,QmZiuXXJq9aFGbxjb9r2rUwxfseaktxt5YcAgANxVFdtnf,ops/cdn-retirement-phase2/step3/v3-docs/0xc4f0ee96676d3de800b9725eb628de1c5a0cbea1/71287885707144772904583885620176228016693055630019732369863905836193834145312.json
0xc4f0ee96676d3de800b9725eb628de1c5a0cbea1,48,87329314989335775336461258166202186746543912634975442811164605982738420999874,87329314989335775336461258166202186746543912634975442811164605982738420999874,QmWFBufQSDU3tgBhTqbwYu8bPfQNJm3uf61HptsSjVB3hS,ops/cdn-retirement-phase2/step3/v3-docs/0xc4f0ee96676d3de800b9725eb628de1c5a0cbea1/87329314989335775336461258166202186746543912634975442811164605982738420999874.json
0xc4f0ee96676d3de800b9725eb628de1c5a0cbea1,49,21448038574106388099498729698156229932988054978307315072895959449711736813768,21448038574106388099498729698156229932988054978307315072895959449711736813768,QmdKgSix5s1X1Y3qmyPg213LdqdJZrPNKaZGVmcXib68RQ,ops/cdn-retirement-phase2/step3/v3-docs/0xc4f0ee96676d3de800b9725eb628de1c5a0cbea1/21448038574106388099498729698156229932988054978307315072895959449711736813768.json
0xc4f0ee96676d3de800b9725eb628de1c5a0cbea1,49,30154321245016221480147636494972145704944840675743022290291572601234813269382,30154321245016221480147636494972145704944840675743022290291572601234813269382,QmepMBgFufcApDZEfn3SFwyJPoh1VApAkMVBvFQ8xErmv2,ops/cdn-retirement-phase2/step3/v3-docs/0xc4f0ee96676d3de800b9725eb628de1c5a0cbea1/30154321245016221480147636494972145704944840675743022290291572601234813269382.json
0xc4f0ee96676d3de800b9725eb628de1c5a0cbea1,49,31221468210609484860409183864532577577041700613675444716595920226587732227162,31221468210609484860409183864532577577041700613675444716595920226587732227162,QmPM5QpEGtzvEw8AkEP7odhm1EdsV29BAKmY4r4HNfxe7f,ops/cdn-retirement-phase2/step3/v3-docs/0xc4f0ee96676d3de800b9725eb628de1c5a0cbea1/31221468210609484860409183864532577577041700613675444716595920226587732227162.json
0xc4f0ee96676d3de800b9725eb628de1c5a0cbea1,49,65929679735845116927439867739438624115109737560452263431315871463539431070845,65929679735845116927439867739438624115109737560452263431315871463539431070845,QmXeuK7kqDyFHtNuiS3bF8wuBc4WvkySrSPa8sXKs24pYi,ops/cdn-retirement-phase2/step3/v3-docs/0xc4f0ee96676d3de800b9725eb628de1c5a0cbea1/65929679735845116927439867739438624115109737560452263431315871463539431070845.json
0xc4f0ee96676d3de800b9725eb628de1c5a0cbea1,49,71287885707144772904583885620176228016693055630019732369863905836193834145313,71287885707144772904583885620176228016693055630019732369863905836193834145313,QmcVDwXB7egArTPQXzv4fnDxtfj8HfDCG5988q3Ro7BsDp,ops/cdn-retirement-phase2/step3/v3-docs/0xc4f0ee96676d3de800b9725eb628de1c5a0cbea1/71287885707144772904583885620176228016693055630019732369863905836193834145313.json
0xc4f0ee96676d3de800b9725eb628de1c5a0cbea1,49,87329314989335775336461258166202186746543912634975442811164605982738420999875,87329314989335775336461258166202186746543912634975442811164605982738420999875,QmX6LjMEJEATvPcUNDfFWx5ZdTUGC69YupK6Voojx9fPRG,ops/cdn-retirement-phase2/step3/v3-docs/0xc4f0ee96676d3de800b9725eb628de1c5a0cbea1/87329314989335775336461258166202186746543912634975442811164605982738420999875.json
0xc4f0ee96676d3de800b9725eb628de1c5a0cbea1,5,21448038574106388099498729698156229932988054978307315072895959449711736813724,21448038574106388099498729698156229932988054978307315072895959449711736813724,QmeEpy2JRjpgmijYUtDPfhQLpo4nftuLF3vQjeDAED4P16,ops/cdn-retirement-phase2/step3/v3-docs/0xc4f0ee96676d3de800b9725eb628de1c5a0cbea1/21448038574106388099498729698156229932988054978307315072895959449711736813724.json
0xc4f0ee96676d3de800b9725eb628de1c5a0cbea1,5,30154321245016221480147636494972145704944840675743022290291572601234813269338,30154321245016221480147636494972145704944840675743022290291572601234813269338,QmNwHc2Q323y1LUUA8kFgLUWKAAQQ29q8ZgHDbUrgzaa2b,ops/cdn-retirement-phase2/step3/v3-docs/0xc4f0ee96676d3de800b9725eb628de1c5a0cbea1/30154321245016221480147636494972145704944840675743022290291572601234813269338.json
0xc4f0ee96676d3de800b9725eb628de1c5a0cbea1,5,31221468210609484860409183864532577577041700613675444716595920226587732227118,31221468210609484860409183864532577577041700613675444716595920226587732227118,QmNLqvWsyiAjz6jutXXLBHdS7eTehXEGrcGCMPPBVZPzT8,ops/cdn-retirement-phase2/step3/v3-docs/0xc4f0ee96676d3de800b9725eb628de1c5a0cbea1/31221468210609484860409183864532577577041700613675444716595920226587732227118.json
0xc4f0ee96676d3de800b9725eb628de1c5a0cbea1,5,65929679735845116927439867739438624115109737560452263431315871463539431070801,65929679735845116927439867739438624115109737560452263431315871463539431070801,QmPtZKeaamapy1b3m753PDBpmZctzUVNVuetsgTLNjNvv1,ops/cdn-retirement-phase2/step3/v3-docs/0xc4f0ee96676d3de800b9725eb628de1c5a0cbea1/65929679735845116927439867739438624115109737560452263431315871463539431070801.json
0xc4f0ee96676d3de800b9725eb628de1c5a0cbea1,5,71287885707144772904583885620176228016693055630019732369863905836193834145269,71287885707144772904583885620176228016693055630019732369863905836193834145269,QmR7EMLhgYPDUPKPj5HesZKkdZA7YtnfXLLrCtAJ3zToBe,ops/cdn-retirement-phase2/step3/v3-docs/0xc4f0ee96676d3de800b9725eb628de1c5a0cbea1/71287885707144772904583885620176228016693055630019732369863905836193834145269.json
0xc4f0ee96676d3de800b9725eb628de1c5a0cbea1,5,87329314989335775336461258166202186746543912634975442811164605982738420999831,87329314989335775336461258166202186746543912634975442811164605982738420999831,QmY5XawnsceGh6PFPgdzHXg8733ndmmmC6FwWKfuy3fGVm,ops/cdn-retirement-phase2/step3/v3-docs/0xc4f0ee96676d3de800b9725eb628de1c5a0cbea1/87329314989335775336461258166202186746543912634975442811164605982738420999831.json
0xc4f0ee96676d3de800b9725eb628de1c5a0cbea1,50,21448038574106388099498729698156229932988054978307315072895959449711736813769,21448038574106388099498729698156229932988054978307315072895959449711736813769,QmUUSfLUQnxKX9Z9ZxRFzW5ZTYLZxR2nbbd3YBrR9GQTXo,ops/cdn-retirement-phase2/step3/v3-docs/0xc4f0ee96676d3de800b9725eb628de1c5a0cbea1/21448038574106388099498729698156229932988054978307315072895959449711736813769.json
0xc4f0ee96676d3de800b9725eb628de1c5a0cbea1,50,30154321245016221480147636494972145704944840675743022290291572601234813269383,30154321245016221480147636494972145704944840675743022290291572601234813269383,QmbhMBeQuN1snKGXfHjSTf7Hmc9GJEuu2uLzRUwkxSYvGZ,ops/cdn-retirement-phase2/step3/v3-docs/0xc4f0ee96676d3de800b9725eb628de1c5a0cbea1/30154321245016221480147636494972145704944840675743022290291572601234813269383.json
0xc4f0ee96676d3de800b9725eb628de1c5a0cbea1,50,31221468210609484860409183864532577577041700613675444716595920226587732227163,31221468210609484860409183864532577577041700613675444716595920226587732227163,QmQtNNVTPQMirsXjXFB6zEeQKnKMbutjbree7mQpf2X6c4,ops/cdn-retirement-phase2/step3/v3-docs/0xc4f0ee96676d3de800b9725eb628de1c5a0cbea1/31221468210609484860409183864532577577041700613675444716595920226587732227163.json
0xc4f0ee96676d3de800b9725eb628de1c5a0cbea1,50,65929679735845116927439867739438624115109737560452263431315871463539431070846,65929679735845116927439867739438624115109737560452263431315871463539431070846,QmaZNYrM2pwp4UafH8E1sDuhfWgrhn1BfMzvtNQ1ff1b7R,ops/cdn-retirement-phase2/step3/v3-docs/0xc4f0ee96676d3de800b9725eb628de1c5a0cbea1/65929679735845116927439867739438624115109737560452263431315871463539431070846.json
0xc4f0ee96676d3de800b9725eb628de1c5a0cbea1,50,71287885707144772904583885620176228016693055630019732369863905836193834145314,71287885707144772904583885620176228016693055630019732369863905836193834145314,QmduEMy5CTkDnDS2Aw72RohWk2HRYeCsNyGRnvswxwpoiW,ops/cdn-retirement-phase2/step3/v3-docs/0xc4f0ee96676d3de800b9725eb628de1c5a0cbea1/71287885707144772904583885620176228016693055630019732369863905836193834145314.json
0xc4f0ee96676d3de800b9725eb628de1c5a0cbea1,50,87329314989335775336461258166202186746543912634975442811164605982738420999876,87329314989335775336461258166202186746543912634975442811164605982738420999876,QmbmsjhSk6zNSwawrDx7YL28LB8JFVB4F5xtS9fjjeSU1h,ops/cdn-retirement-phase2/step3/v3-docs/0xc4f0ee96676d3de800b9725eb628de1c5a0cbea1/87329314989335775336461258166202186746543912634975442811164605982738420999876.json
0xc4f0ee96676d3de800b9725eb628de1c5a0cbea1,51,21448038574106388099498729698156229932988054978307315072895959449711736813770,21448038574106388099498729698156229932988054978307315072895959449711736813770,QmY2FnsKmMBKMCZLqJDDaJgbg4xsMKRvTXrPFYCsDkwKgK,ops/cdn-retirement-phase2/step3/v3-docs/0xc4f0ee96676d3de800b9725eb628de1c5a0cbea1/21448038574106388099498729698156229932988054978307315072895959449711736813770.json
0xc4f0ee96676d3de800b9725eb628de1c5a0cbea1,51,30154321245016221480147636494972145704944840675743022290291572601234813269384,30154321245016221480147636494972145704944840675743022290291572601234813269384,QmajEDumRKU4J1vbiVdHwAfbgAx6xN8pJ5QnDJpE8w88zQ,ops/cdn-retirement-phase2/step3/v3-docs/0xc4f0ee96676d3de800b9725eb628de1c5a0cbea1/30154321245016221480147636494972145704944840675743022290291572601234813269384.json
0xc4f0ee96676d3de800b9725eb628de1c5a0cbea1,51,31221468210609484860409183864532577577041700613675444716595920226587732227164,31221468210609484860409183864532577577041700613675444716595920226587732227164,QmRPdF54DyZLox9mxJnmW9wBwYJc37XPiUbDgfbmGaqtty,ops/cdn-retirement-phase2/step3/v3-docs/0xc4f0ee96676d3de800b9725eb628de1c5a0cbea1/31221468210609484860409183864532577577041700613675444716595920226587732227164.json
0xc4f0ee96676d3de800b9725eb628de1c5a0cbea1,51,65929679735845116927439867739438624115109737560452263431315871463539431070847,65929679735845116927439867739438624115109737560452263431315871463539431070847,Qmd8cAyvyoMqV19giLmVf3PrJtDKqvackVm8sy5ChspwRc,ops/cdn-retirement-phase2/step3/v3-docs/0xc4f0ee96676d3de800b9725eb628de1c5a0cbea1/65929679735845116927439867739438624115109737560452263431315871463539431070847.json
0xc4f0ee96676d3de800b9725eb628de1c5a0cbea1,51,71287885707144772904583885620176228016693055630019732369863905836193834145315,71287885707144772904583885620176228016693055630019732369863905836193834145315,QmWrZEHWpkzEZcWB9kGrj5QoPCs8QjakkchmmApGTpnVEa,ops/cdn-retirement-phase2/step3/v3-docs/0xc4f0ee96676d3de800b9725eb628de1c5a0cbea1/71287885707144772904583885620176228016693055630019732369863905836193834145315.json
0xc4f0ee96676d3de800b9725eb628de1c5a0cbea1,51,87329314989335775336461258166202186746543912634975442811164605982738420999877,87329314989335775336461258166202186746543912634975442811164605982738420999877,QmQnqUcm3fhf3nrSkVsKQw366afjQhXeae7jsgqtaZUMuv,ops/cdn-retirement-phase2/step3/v3-docs/0xc4f0ee96676d3de800b9725eb628de1c5a0cbea1/87329314989335775336461258166202186746543912634975442811164605982738420999877.json
0xc4f0ee96676d3de800b9725eb628de1c5a0cbea1,52,21448038574106388099498729698156229932988054978307315072895959449711736813771,21448038574106388099498729698156229932988054978307315072895959449711736813771,QmSRD819Ew9HD27cibwjLDTWtSjQAvGHsqtRMJbDpTjGvu,ops/cdn-retirement-phase2/step3/v3-docs/0xc4f0ee96676d3de800b9725eb628de1c5a0cbea1/21448038574106388099498729698156229932988054978307315072895959449711736813771.json
0xc4f0ee96676d3de800b9725eb628de1c5a0cbea1,52,30154321245016221480147636494972145704944840675743022290291572601234813269385,30154321245016221480147636494972145704944840675743022290291572601234813269385,QmPyfjz6R1DURubPkWwAiUb7LscPgdNcUYhp49mb5G2UmC,ops/cdn-retirement-phase2/step3/v3-docs/0xc4f0ee96676d3de800b9725eb628de1c5a0cbea1/30154321245016221480147636494972145704944840675743022290291572601234813269385.json
0xc4f0ee96676d3de800b9725eb628de1c5a0cbea1,52,31221468210609484860409183864532577577041700613675444716595920226587732227165,31221468210609484860409183864532577577041700613675444716595920226587732227165,QmZjVvjEDMci1o76zgGK3sfBc7yCn8TjsD2z72JQ2VdNhK,ops/cdn-retirement-phase2/step3/v3-docs/0xc4f0ee96676d3de800b9725eb628de1c5a0cbea1/31221468210609484860409183864532577577041700613675444716595920226587732227165.json
0xc4f0ee96676d3de800b9725eb628de1c5a0cbea1,52,65929679735845116927439867739438624115109737560452263431315871463539431070848,65929679735845116927439867739438624115109737560452263431315871463539431070848,QmUsHbofewu77SBRrBzeHCMcCG9N98Svb2z9B6qsRd4JiC,ops/cdn-retirement-phase2/step3/v3-docs/0xc4f0ee96676d3de800b9725eb628de1c5a0cbea1/65929679735845116927439867739438624115109737560452263431315871463539431070848.json
0xc4f0ee96676d3de800b9725eb628de1c5a0cbea1,52,71287885707144772904583885620176228016693055630019732369863905836193834145316,71287885707144772904583885620176228016693055630019732369863905836193834145316,QmZd2GEueMiR2NGL6kj9iyhJWmsKqeYzc3gUm5EX4vteNG,ops/cdn-retirement-phase2/step3/v3-docs/0xc4f0ee96676d3de800b9725eb628de1c5a0cbea1/71287885707144772904583885620176228016693055630019732369863905836193834145316.json
0xc4f0ee96676d3de800b9725eb628de1c5a0cbea1,52,87329314989335775336461258166202186746543912634975442811164605982738420999878,87329314989335775336461258166202186746543912634975442811164605982738420999878,QmZ5jkdCEsVjrJCPB1QUKrNZHXbeAFjWj22x6b53mK3XVY,ops/cdn-retirement-phase2/step3/v3-docs/0xc4f0ee96676d3de800b9725eb628de1c5a0cbea1/87329314989335775336461258166202186746543912634975442811164605982738420999878.json
0xc4f0ee96676d3de800b9725eb628de1c5a0cbea1,53,21448038574106388099498729698156229932988054978307315072895959449711736813772,21448038574106388099498729698156229932988054978307315072895959449711736813772,QmdmrZ8gB8FqrBZd3cz8ob4qprvq2VyAsbfRUh1qstVvoF,ops/cdn-retirement-phase2/step3/v3-docs/0xc4f0ee96676d3de800b9725eb628de1c5a0cbea1/21448038574106388099498729698156229932988054978307315072895959449711736813772.json
0xc4f0ee96676d3de800b9725eb628de1c5a0cbea1,53,30154321245016221480147636494972145704944840675743022290291572601234813269386,30154321245016221480147636494972145704944840675743022290291572601234813269386,QmQ6FKweD3ikUeucazT6WqTjTvXv1EVr7wTMxYptqaxijm,ops/cdn-retirement-phase2/step3/v3-docs/0xc4f0ee96676d3de800b9725eb628de1c5a0cbea1/30154321245016221480147636494972145704944840675743022290291572601234813269386.json
0xc4f0ee96676d3de800b9725eb628de1c5a0cbea1,53,31221468210609484860409183864532577577041700613675444716595920226587732227166,31221468210609484860409183864532577577041700613675444716595920226587732227166,QmU3FHMs7DWHdniMi7kfPkdsYWYWRxBwVsiXh4mELPmrm1,ops/cdn-retirement-phase2/step3/v3-docs/0xc4f0ee96676d3de800b9725eb628de1c5a0cbea1/31221468210609484860409183864532577577041700613675444716595920226587732227166.json
0xc4f0ee96676d3de800b9725eb628de1c5a0cbea1,53,65929679735845116927439867739438624115109737560452263431315871463539431070849,65929679735845116927439867739438624115109737560452263431315871463539431070849,QmZSJZWt5EHqHExSXzTRqBQYopBgaMBbLqEMcrB5srsicm,ops/cdn-retirement-phase2/step3/v3-docs/0xc4f0ee96676d3de800b9725eb628de1c5a0cbea1/65929679735845116927439867739438624115109737560452263431315871463539431070849.json
0xc4f0ee96676d3de800b9725eb628de1c5a0cbea1,53,71287885707144772904583885620176228016693055630019732369863905836193834145317,71287885707144772904583885620176228016693055630019732369863905836193834145317,QmdXyTNcbRADp3xDSmxKdWR9Vr6UyH4ZWecxRqUmJnCvFs,ops/cdn-retirement-phase2/step3/v3-docs/0xc4f0ee96676d3de800b9725eb628de1c5a0cbea1/71287885707144772904583885620176228016693055630019732369863905836193834145317.json
0xc4f0ee96676d3de800b9725eb628de1c5a0cbea1,53,87329314989335775336461258166202186746543912634975442811164605982738420999879,87329314989335775336461258166202186746543912634975442811164605982738420999879,QmbPFBbAteZ3xYaKuNjtHBZfJRCKHd1kJTZNYDKRC31kKg,ops/cdn-retirement-phase2/step3/v3-docs/0xc4f0ee96676d3de800b9725eb628de1c5a0cbea1/87329314989335775336461258166202186746543912634975442811164605982738420999879.json
0xc4f0ee96676d3de800b9725eb628de1c5a0cbea1,54,21448038574106388099498729698156229932988054978307315072895959449711736813773,21448038574106388099498729698156229932988054978307315072895959449711736813773,QmTJEXLmoP6tK5CCitnnVVpAc8vRyG5mvzHiGetRrznsFq,ops/cdn-retirement-phase2/step3/v3-docs/0xc4f0ee96676d3de800b9725eb628de1c5a0cbea1/21448038574106388099498729698156229932988054978307315072895959449711736813773.json
0xc4f0ee96676d3de800b9725eb628de1c5a0cbea1,54,30154321245016221480147636494972145704944840675743022290291572601234813269387,30154321245016221480147636494972145704944840675743022290291572601234813269387,QmRXZPZbDfmgLRP4i1SaA5ZPsc3YiLUBpEk5YiahmKRoju,ops/cdn-retirement-phase2/step3/v3-docs/0xc4f0ee96676d3de800b9725eb628de1c5a0cbea1/30154321245016221480147636494972145704944840675743022290291572601234813269387.json
0xc4f0ee96676d3de800b9725eb628de1c5a0cbea1,54,31221468210609484860409183864532577577041700613675444716595920226587732227167,31221468210609484860409183864532577577041700613675444716595920226587732227167,QmNbxRZRWTTAdPPhp2jtbG4XjXNRDqvRPYncurmX42Tc7F,ops/cdn-retirement-phase2/step3/v3-docs/0xc4f0ee96676d3de800b9725eb628de1c5a0cbea1/31221468210609484860409183864532577577041700613675444716595920226587732227167.json
0xc4f0ee96676d3de800b9725eb628de1c5a0cbea1,54,65929679735845116927439867739438624115109737560452263431315871463539431070850,65929679735845116927439867739438624115109737560452263431315871463539431070850,QmPM5CRdG6nPrF27TDfptc8fDDdBAiWnDSjupdMvxpjCbM,ops/cdn-retirement-phase2/step3/v3-docs/0xc4f0ee96676d3de800b9725eb628de1c5a0cbea1/65929679735845116927439867739438624115109737560452263431315871463539431070850.json
0xc4f0ee96676d3de800b9725eb628de1c5a0cbea1,54,71287885707144772904583885620176228016693055630019732369863905836193834145318,71287885707144772904583885620176228016693055630019732369863905836193834145318,QmcHixSh5ma8XHLTN827HuAuNqvZmRnYPunfgGSa2fG9G2,ops/cdn-retirement-phase2/step3/v3-docs/0xc4f0ee96676d3de800b9725eb628de1c5a0cbea1/71287885707144772904583885620176228016693055630019732369863905836193834145318.json
0xc4f0ee96676d3de800b9725eb628de1c5a0cbea1,54,87329314989335775336461258166202186746543912634975442811164605982738420999880,87329314989335775336461258166202186746543912634975442811164605982738420999880,QmSxvSEcG3nWGkScHBXdB4WR4rg4MEWyfbtPy9bD9bNXHH,ops/cdn-retirement-phase2/step3/v3-docs/0xc4f0ee96676d3de800b9725eb628de1c5a0cbea1/87329314989335775336461258166202186746543912634975442811164605982738420999880.json
0xc4f0ee96676d3de800b9725eb628de1c5a0cbea1,55,21448038574106388099498729698156229932988054978307315072895959449711736813774,21448038574106388099498729698156229932988054978307315072895959449711736813774,QmW4dzer35NuqjDtjStU8vd3HFFp6mmGeoX1XLzySHmmDx,ops/cdn-retirement-phase2/step3/v3-docs/0xc4f0ee96676d3de800b9725eb628de1c5a0cbea1/21448038574106388099498729698156229932988054978307315072895959449711736813774.json
0xc4f0ee96676d3de800b9725eb628de1c5a0cbea1,55,30154321245016221480147636494972145704944840675743022290291572601234813269388,30154321245016221480147636494972145704944840675743022290291572601234813269388,QmRDPjqV8P4PwdwGoXRFbAPzHg7FmR7LUpoLX9WCNdAyRt,ops/cdn-retirement-phase2/step3/v3-docs/0xc4f0ee96676d3de800b9725eb628de1c5a0cbea1/30154321245016221480147636494972145704944840675743022290291572601234813269388.json
0xc4f0ee96676d3de800b9725eb628de1c5a0cbea1,55,31221468210609484860409183864532577577041700613675444716595920226587732227168,31221468210609484860409183864532577577041700613675444716595920226587732227168,QmZhMAUEXxhVb5KV2N9bY2r6JifMTYqSk5yaqtu8yoKF88,ops/cdn-retirement-phase2/step3/v3-docs/0xc4f0ee96676d3de800b9725eb628de1c5a0cbea1/31221468210609484860409183864532577577041700613675444716595920226587732227168.json
0xc4f0ee96676d3de800b9725eb628de1c5a0cbea1,55,65929679735845116927439867739438624115109737560452263431315871463539431070851,65929679735845116927439867739438624115109737560452263431315871463539431070851,QmVu3Uav5KyMaVRAYYsj6KCbTz43vDBSWKkHSJ1Whsrthm,ops/cdn-retirement-phase2/step3/v3-docs/0xc4f0ee96676d3de800b9725eb628de1c5a0cbea1/65929679735845116927439867739438624115109737560452263431315871463539431070851.json
0xc4f0ee96676d3de800b9725eb628de1c5a0cbea1,55,71287885707144772904583885620176228016693055630019732369863905836193834145319,71287885707144772904583885620176228016693055630019732369863905836193834145319,QmbQeRSyPzALHMjW8G24yFCvTJMGzxpUHzFjt3PPodcJ5h,ops/cdn-retirement-phase2/step3/v3-docs/0xc4f0ee96676d3de800b9725eb628de1c5a0cbea1/71287885707144772904583885620176228016693055630019732369863905836193834145319.json
0xc4f0ee96676d3de800b9725eb628de1c5a0cbea1,55,87329314989335775336461258166202186746543912634975442811164605982738420999881,87329314989335775336461258166202186746543912634975442811164605982738420999881,QmVzMSiwFJ8AFyh52YSq1G9SND4fp32qJed3iKqCMZar95,ops/cdn-retirement-phase2/step3/v3-docs/0xc4f0ee96676d3de800b9725eb628de1c5a0cbea1/87329314989335775336461258166202186746543912634975442811164605982738420999881.json
0xc4f0ee96676d3de800b9725eb628de1c5a0cbea1,56,21448038574106388099498729698156229932988054978307315072895959449711736813775,21448038574106388099498729698156229932988054978307315072895959449711736813775,QmV2ZnHFgstyxR8poWmxN93GLWZyH3YEwXndKhUGsowrjY,ops/cdn-retirement-phase2/step3/v3-docs/0xc4f0ee96676d3de800b9725eb628de1c5a0cbea1/21448038574106388099498729698156229932988054978307315072895959449711736813775.json
0xc4f0ee96676d3de800b9725eb628de1c5a0cbea1,56,30154321245016221480147636494972145704944840675743022290291572601234813269389,30154321245016221480147636494972145704944840675743022290291572601234813269389,QmUVRnLb2ckQsd2dvjnYNHyZsk1MURNjCTLGjhGZMVZidu,ops/cdn-retirement-phase2/step3/v3-docs/0xc4f0ee96676d3de800b9725eb628de1c5a0cbea1/30154321245016221480147636494972145704944840675743022290291572601234813269389.json
0xc4f0ee96676d3de800b9725eb628de1c5a0cbea1,56,31221468210609484860409183864532577577041700613675444716595920226587732227169,31221468210609484860409183864532577577041700613675444716595920226587732227169,QmXYK17Zrh8stC36ANmTRC7CyPe75cqbyd38oFLQiHtHvk,ops/cdn-retirement-phase2/step3/v3-docs/0xc4f0ee96676d3de800b9725eb628de1c5a0cbea1/31221468210609484860409183864532577577041700613675444716595920226587732227169.json
0xc4f0ee96676d3de800b9725eb628de1c5a0cbea1,56,65929679735845116927439867739438624115109737560452263431315871463539431070852,65929679735845116927439867739438624115109737560452263431315871463539431070852,QmNZhswb2CZbHYgT1c2tNgRjGELrG9drAaHGsXdWB42KPa,ops/cdn-retirement-phase2/step3/v3-docs/0xc4f0ee96676d3de800b9725eb628de1c5a0cbea1/65929679735845116927439867739438624115109737560452263431315871463539431070852.json
0xc4f0ee96676d3de800b9725eb628de1c5a0cbea1,56,71287885707144772904583885620176228016693055630019732369863905836193834145320,71287885707144772904583885620176228016693055630019732369863905836193834145320,QmZejWhCZV3mUcPsB5TbiN2X9wPsuwmzQeE9merzR2fQD3,ops/cdn-retirement-phase2/step3/v3-docs/0xc4f0ee96676d3de800b9725eb628de1c5a0cbea1/71287885707144772904583885620176228016693055630019732369863905836193834145320.json
0xc4f0ee96676d3de800b9725eb628de1c5a0cbea1,56,87329314989335775336461258166202186746543912634975442811164605982738420999882,87329314989335775336461258166202186746543912634975442811164605982738420999882,QmSffSsmGzBfwjjLbd9tMsSVDpdik35Lq3jxES7xsEeU7J,ops/cdn-retirement-phase2/step3/v3-docs/0xc4f0ee96676d3de800b9725eb628de1c5a0cbea1/87329314989335775336461258166202186746543912634975442811164605982738420999882.json
0xc4f0ee96676d3de800b9725eb628de1c5a0cbea1,57,21448038574106388099498729698156229932988054978307315072895959449711736813776,21448038574106388099498729698156229932988054978307315072895959449711736813776,QmYZ1KptPfCrLQCHrYHX6m22CwMP5hTo192BWWyGs5Cnty,ops/cdn-retirement-phase2/step3/v3-docs/0xc4f0ee96676d3de800b9725eb628de1c5a0cbea1/21448038574106388099498729698156229932988054978307315072895959449711736813776.json
0xc4f0ee96676d3de800b9725eb628de1c5a0cbea1,57,30154321245016221480147636494972145704944840675743022290291572601234813269390,30154321245016221480147636494972145704944840675743022290291572601234813269390,Qmc15zq9czhFswBobpPH8uxGLJoVS89GutNr97oNw2MWnu,ops/cdn-retirement-phase2/step3/v3-docs/0xc4f0ee96676d3de800b9725eb628de1c5a0cbea1/30154321245016221480147636494972145704944840675743022290291572601234813269390.json
0xc4f0ee96676d3de800b9725eb628de1c5a0cbea1,57,31221468210609484860409183864532577577041700613675444716595920226587732227170,31221468210609484860409183864532577577041700613675444716595920226587732227170,QmUF3uF3tDB2AS8nKp6N7VJFmRZd4oD5rYm7wzKCDWjqUE,ops/cdn-retirement-phase2/step3/v3-docs/0xc4f0ee96676d3de800b9725eb628de1c5a0cbea1/31221468210609484860409183864532577577041700613675444716595920226587732227170.json
0xc4f0ee96676d3de800b9725eb628de1c5a0cbea1,57,65929679735845116927439867739438624115109737560452263431315871463539431070853,65929679735845116927439867739438624115109737560452263431315871463539431070853,QmWR5j5QtUU3mbLFPNxQnYpZYmVKtwfh1Ls9mktXgzXkjG,ops/cdn-retirement-phase2/step3/v3-docs/0xc4f0ee96676d3de800b9725eb628de1c5a0cbea1/65929679735845116927439867739438624115109737560452263431315871463539431070853.json
0xc4f0ee96676d3de800b9725eb628de1c5a0cbea1,57,71287885707144772904583885620176228016693055630019732369863905836193834145321,71287885707144772904583885620176228016693055630019732369863905836193834145321,QmcvCjTbai6hLMSpUgWAGRJtuHCskG7W6epA1CBsjL1Yir,ops/cdn-retirement-phase2/step3/v3-docs/0xc4f0ee96676d3de800b9725eb628de1c5a0cbea1/71287885707144772904583885620176228016693055630019732369863905836193834145321.json
0xc4f0ee96676d3de800b9725eb628de1c5a0cbea1,57,87329314989335775336461258166202186746543912634975442811164605982738420999883,87329314989335775336461258166202186746543912634975442811164605982738420999883,Qmar9oUtrbBAENQJYWPrbvhsz5wirttoSdrUN5D7uJr6YR,ops/cdn-retirement-phase2/step3/v3-docs/0xc4f0ee96676d3de800b9725eb628de1c5a0cbea1/87329314989335775336461258166202186746543912634975442811164605982738420999883.json
0xc4f0ee96676d3de800b9725eb628de1c5a0cbea1,58,21448038574106388099498729698156229932988054978307315072895959449711736813777,21448038574106388099498729698156229932988054978307315072895959449711736813777,QmPfiGBPwbgcaTD2Mxjqw79agjNAPxTwHPXzyxkmJPr4Uz,ops/cdn-retirement-phase2/step3/v3-docs/0xc4f0ee96676d3de800b9725eb628de1c5a0cbea1/21448038574106388099498729698156229932988054978307315072895959449711736813777.json
0xc4f0ee96676d3de800b9725eb628de1c5a0cbea1,58,30154321245016221480147636494972145704944840675743022290291572601234813269391,30154321245016221480147636494972145704944840675743022290291572601234813269391,QmNxFDTufpGDBYkZoKjns78eQpQTX9e3J2uQMW3ykJcdte,ops/cdn-retirement-phase2/step3/v3-docs/0xc4f0ee96676d3de800b9725eb628de1c5a0cbea1/30154321245016221480147636494972145704944840675743022290291572601234813269391.json
0xc4f0ee96676d3de800b9725eb628de1c5a0cbea1,58,31221468210609484860409183864532577577041700613675444716595920226587732227171,31221468210609484860409183864532577577041700613675444716595920226587732227171,QmVgWULr9AHcUQC4Hh1N6tQoSnGCJ4WNaPxK1u1aL8tU5C,ops/cdn-retirement-phase2/step3/v3-docs/0xc4f0ee96676d3de800b9725eb628de1c5a0cbea1/31221468210609484860409183864532577577041700613675444716595920226587732227171.json
0xc4f0ee96676d3de800b9725eb628de1c5a0cbea1,58,65929679735845116927439867739438624115109737560452263431315871463539431070854,65929679735845116927439867739438624115109737560452263431315871463539431070854,QmYxnia6zzpH4QDDf7sKiqSbEFh2G9NMYDzJGK32gZpZWm,ops/cdn-retirement-phase2/step3/v3-docs/0xc4f0ee96676d3de800b9725eb628de1c5a0cbea1/65929679735845116927439867739438624115109737560452263431315871463539431070854.json
0xc4f0ee96676d3de800b9725eb628de1c5a0cbea1,58,71287885707144772904583885620176228016693055630019732369863905836193834145322,71287885707144772904583885620176228016693055630019732369863905836193834145322,QmSy1bt7HnyKEo5foUeWBYCRwwGs7V3GgY8UEGJHtfy8n8,ops/cdn-retirement-phase2/step3/v3-docs/0xc4f0ee96676d3de800b9725eb628de1c5a0cbea1/71287885707144772904583885620176228016693055630019732369863905836193834145322.json
0xc4f0ee96676d3de800b9725eb628de1c5a0cbea1,58,87329314989335775336461258166202186746543912634975442811164605982738420999884,87329314989335775336461258166202186746543912634975442811164605982738420999884,QmRfd3EBwhg5Fb3R251r552BBAn4ta8gFraN3mactoDPWX,ops/cdn-retirement-phase2/step3/v3-docs/0xc4f0ee96676d3de800b9725eb628de1c5a0cbea1/87329314989335775336461258166202186746543912634975442811164605982738420999884.json
0xc4f0ee96676d3de800b9725eb628de1c5a0cbea1,59,21448038574106388099498729698156229932988054978307315072895959449711736813778,21448038574106388099498729698156229932988054978307315072895959449711736813778,QmSrRQtTXD9FxH7pkFPXyhMqjMJhRBYcikZSgzkbqhr1QY,ops/cdn-retirement-phase2/step3/v3-docs/0xc4f0ee96676d3de800b9725eb628de1c5a0cbea1/21448038574106388099498729698156229932988054978307315072895959449711736813778.json
0xc4f0ee96676d3de800b9725eb628de1c5a0cbea1,59,30154321245016221480147636494972145704944840675743022290291572601234813269392,30154321245016221480147636494972145704944840675743022290291572601234813269392,Qmar1U1BezNqdMQ34cpjNYa9bZxJNrdkvyeCy7ndVMmkaZ,ops/cdn-retirement-phase2/step3/v3-docs/0xc4f0ee96676d3de800b9725eb628de1c5a0cbea1/30154321245016221480147636494972145704944840675743022290291572601234813269392.json
0xc4f0ee96676d3de800b9725eb628de1c5a0cbea1,59,31221468210609484860409183864532577577041700613675444716595920226587732227172,31221468210609484860409183864532577577041700613675444716595920226587732227172,QmRi1cN75VACfkG6HkqDz91BZ2BKcAwJ6NAS6qZ68yhtzf,ops/cdn-retirement-phase2/step3/v3-docs/0xc4f0ee96676d3de800b9725eb628de1c5a0cbea1/31221468210609484860409183864532577577041700613675444716595920226587732227172.json
0xc4f0ee96676d3de800b9725eb628de1c5a0cbea1,59,65929679735845116927439867739438624115109737560452263431315871463539431070855,65929679735845116927439867739438624115109737560452263431315871463539431070855,QmcH41TyKM2p3Z4Dgq6amGNDX4XCViB3xDg9CS2KMTBPhW,ops/cdn-retirement-phase2/step3/v3-docs/0xc4f0ee96676d3de800b9725eb628de1c5a0cbea1/65929679735845116927439867739438624115109737560452263431315871463539431070855.json
0xc4f0ee96676d3de800b9725eb628de1c5a0cbea1,59,71287885707144772904583885620176228016693055630019732369863905836193834145323,71287885707144772904583885620176228016693055630019732369863905836193834145323,QmcyNg1Rjf4Sagp2vHkv6qcT6sRXUv3yv6r8bMvNRAxVHb,ops/cdn-retirement-phase2/step3/v3-docs/0xc4f0ee96676d3de800b9725eb628de1c5a0cbea1/71287885707144772904583885620176228016693055630019732369863905836193834145323.json
0xc4f0ee96676d3de800b9725eb628de1c5a0cbea1,59,87329314989335775336461258166202186746543912634975442811164605982738420999885,87329314989335775336461258166202186746543912634975442811164605982738420999885,QmR3tpwjybJG4avh6TTgkPK3nHYGGTXiVEj4EGxSUh2EGS,ops/cdn-retirement-phase2/step3/v3-docs/0xc4f0ee96676d3de800b9725eb628de1c5a0cbea1/87329314989335775336461258166202186746543912634975442811164605982738420999885.json
0xc4f0ee96676d3de800b9725eb628de1c5a0cbea1,6,21448038574106388099498729698156229932988054978307315072895959449711736813725,21448038574106388099498729698156229932988054978307315072895959449711736813725,QmW8cWhxGjxGM8UBGyEEw6HeyC81sq54mrmu71hLFoghCh,ops/cdn-retirement-phase2/step3/v3-docs/0xc4f0ee96676d3de800b9725eb628de1c5a0cbea1/21448038574106388099498729698156229932988054978307315072895959449711736813725.json
0xc4f0ee96676d3de800b9725eb628de1c5a0cbea1,6,30154321245016221480147636494972145704944840675743022290291572601234813269339,30154321245016221480147636494972145704944840675743022290291572601234813269339,QmSpTCs43PZbc37rYTuDtytLNZbhmjUMuFujiGrDTRQJj2,ops/cdn-retirement-phase2/step3/v3-docs/0xc4f0ee96676d3de800b9725eb628de1c5a0cbea1/30154321245016221480147636494972145704944840675743022290291572601234813269339.json
0xc4f0ee96676d3de800b9725eb628de1c5a0cbea1,6,31221468210609484860409183864532577577041700613675444716595920226587732227119,31221468210609484860409183864532577577041700613675444716595920226587732227119,QmZUD71erThNLQJtZQDN1DH2xGbqJZMiW8AL1hxPtyG8R5,ops/cdn-retirement-phase2/step3/v3-docs/0xc4f0ee96676d3de800b9725eb628de1c5a0cbea1/31221468210609484860409183864532577577041700613675444716595920226587732227119.json
0xc4f0ee96676d3de800b9725eb628de1c5a0cbea1,6,65929679735845116927439867739438624115109737560452263431315871463539431070802,65929679735845116927439867739438624115109737560452263431315871463539431070802,QmQgG9ZQDDBEMNokaAnUbdQzksM9wqGSELvRNp8vFZbREu,ops/cdn-retirement-phase2/step3/v3-docs/0xc4f0ee96676d3de800b9725eb628de1c5a0cbea1/65929679735845116927439867739438624115109737560452263431315871463539431070802.json
0xc4f0ee96676d3de800b9725eb628de1c5a0cbea1,6,71287885707144772904583885620176228016693055630019732369863905836193834145270,71287885707144772904583885620176228016693055630019732369863905836193834145270,Qmc2JQuwD2rgyTWHF82SwES38fPukwX382E2BNi6t726Em,ops/cdn-retirement-phase2/step3/v3-docs/0xc4f0ee96676d3de800b9725eb628de1c5a0cbea1/71287885707144772904583885620176228016693055630019732369863905836193834145270.json
0xc4f0ee96676d3de800b9725eb628de1c5a0cbea1,6,87329314989335775336461258166202186746543912634975442811164605982738420999832,87329314989335775336461258166202186746543912634975442811164605982738420999832,QmeJhbJF9cG7JVh6HQBkmCTzwfc8N9tSzpF82Fco3t9XPz,ops/cdn-retirement-phase2/step3/v3-docs/0xc4f0ee96676d3de800b9725eb628de1c5a0cbea1/87329314989335775336461258166202186746543912634975442811164605982738420999832.json
0xc4f0ee96676d3de800b9725eb628de1c5a0cbea1,60,21448038574106388099498729698156229932988054978307315072895959449711736813779,21448038574106388099498729698156229932988054978307315072895959449711736813779,Qmeen1BBZC2vbiuySdZBgQFFt1L9u23fnQcMa46M3myYJy,ops/cdn-retirement-phase2/step3/v3-docs/0xc4f0ee96676d3de800b9725eb628de1c5a0cbea1/21448038574106388099498729698156229932988054978307315072895959449711736813779.json
0xc4f0ee96676d3de800b9725eb628de1c5a0cbea1,60,30154321245016221480147636494972145704944840675743022290291572601234813269393,30154321245016221480147636494972145704944840675743022290291572601234813269393,QmQ15zRqgZotZGiaqNXiuzemrxwGmdng9AZ1sHPqxNuUve,ops/cdn-retirement-phase2/step3/v3-docs/0xc4f0ee96676d3de800b9725eb628de1c5a0cbea1/30154321245016221480147636494972145704944840675743022290291572601234813269393.json
0xc4f0ee96676d3de800b9725eb628de1c5a0cbea1,60,31221468210609484860409183864532577577041700613675444716595920226587732227173,31221468210609484860409183864532577577041700613675444716595920226587732227173,Qme7nLgQmaBMdTcnAVTvvbR3a3gMzhRvXwrve8Pn39pm7x,ops/cdn-retirement-phase2/step3/v3-docs/0xc4f0ee96676d3de800b9725eb628de1c5a0cbea1/31221468210609484860409183864532577577041700613675444716595920226587732227173.json
0xc4f0ee96676d3de800b9725eb628de1c5a0cbea1,60,65929679735845116927439867739438624115109737560452263431315871463539431070856,65929679735845116927439867739438624115109737560452263431315871463539431070856,QmSKLXuP5Xm6tZQVF378avTCqWDeUQ7krR63DobdY7mzHB,ops/cdn-retirement-phase2/step3/v3-docs/0xc4f0ee96676d3de800b9725eb628de1c5a0cbea1/65929679735845116927439867739438624115109737560452263431315871463539431070856.json
0xc4f0ee96676d3de800b9725eb628de1c5a0cbea1,60,71287885707144772904583885620176228016693055630019732369863905836193834145324,71287885707144772904583885620176228016693055630019732369863905836193834145324,QmVH36uBun4iggpVGxBc2iWWSvjnMEX9J9dccZPmEXSZWj,ops/cdn-retirement-phase2/step3/v3-docs/0xc4f0ee96676d3de800b9725eb628de1c5a0cbea1/71287885707144772904583885620176228016693055630019732369863905836193834145324.json
0xc4f0ee96676d3de800b9725eb628de1c5a0cbea1,60,87329314989335775336461258166202186746543912634975442811164605982738420999886,87329314989335775336461258166202186746543912634975442811164605982738420999886,QmSs1DDSV8Jx9Gt1DM8EuzoSfKr1K1oX1EQi3UE8CQ87xc,ops/cdn-retirement-phase2/step3/v3-docs/0xc4f0ee96676d3de800b9725eb628de1c5a0cbea1/87329314989335775336461258166202186746543912634975442811164605982738420999886.json
0xc4f0ee96676d3de800b9725eb628de1c5a0cbea1,61,21448038574106388099498729698156229932988054978307315072895959449711736813780,21448038574106388099498729698156229932988054978307315072895959449711736813780,QmPUhPvTS7yGdf3tzvhBEhgRQhXqfW7hzDixj1aMBnHBRm,ops/cdn-retirement-phase2/step3/v3-docs/0xc4f0ee96676d3de800b9725eb628de1c5a0cbea1/21448038574106388099498729698156229932988054978307315072895959449711736813780.json
0xc4f0ee96676d3de800b9725eb628de1c5a0cbea1,61,30154321245016221480147636494972145704944840675743022290291572601234813269394,30154321245016221480147636494972145704944840675743022290291572601234813269394,QmUMZMpCrrAfQhhPnVMe1sYRnmsV1Pb41EQTp1AhGRQiZD,ops/cdn-retirement-phase2/step3/v3-docs/0xc4f0ee96676d3de800b9725eb628de1c5a0cbea1/30154321245016221480147636494972145704944840675743022290291572601234813269394.json
0xc4f0ee96676d3de800b9725eb628de1c5a0cbea1,61,31221468210609484860409183864532577577041700613675444716595920226587732227174,31221468210609484860409183864532577577041700613675444716595920226587732227174,QmRguoH5BXV3u3G5XF1bUkFCmHLWrw6saTmk67RJG96K1q,ops/cdn-retirement-phase2/step3/v3-docs/0xc4f0ee96676d3de800b9725eb628de1c5a0cbea1/31221468210609484860409183864532577577041700613675444716595920226587732227174.json
0xc4f0ee96676d3de800b9725eb628de1c5a0cbea1,61,65929679735845116927439867739438624115109737560452263431315871463539431070857,65929679735845116927439867739438624115109737560452263431315871463539431070857,QmeDk14TY835LtnqvvJSbfsoqE4wUFqmaojM6UfsYmcCV8,ops/cdn-retirement-phase2/step3/v3-docs/0xc4f0ee96676d3de800b9725eb628de1c5a0cbea1/65929679735845116927439867739438624115109737560452263431315871463539431070857.json
0xc4f0ee96676d3de800b9725eb628de1c5a0cbea1,61,71287885707144772904583885620176228016693055630019732369863905836193834145325,71287885707144772904583885620176228016693055630019732369863905836193834145325,Qmbk2RVvpKFGfxL68TbNGf1sjeHK4nQzJHTXqdPwPUNcF9,ops/cdn-retirement-phase2/step3/v3-docs/0xc4f0ee96676d3de800b9725eb628de1c5a0cbea1/71287885707144772904583885620176228016693055630019732369863905836193834145325.json
0xc4f0ee96676d3de800b9725eb628de1c5a0cbea1,61,87329314989335775336461258166202186746543912634975442811164605982738420999887,87329314989335775336461258166202186746543912634975442811164605982738420999887,QmS8nVPuLZjxnzai4eLcvZVpyg2nieZgXAvnyctuoVisFm,ops/cdn-retirement-phase2/step3/v3-docs/0xc4f0ee96676d3de800b9725eb628de1c5a0cbea1/87329314989335775336461258166202186746543912634975442811164605982738420999887.json
0xc4f0ee96676d3de800b9725eb628de1c5a0cbea1,62,21448038574106388099498729698156229932988054978307315072895959449711736813781,21448038574106388099498729698156229932988054978307315072895959449711736813781,QmSg7DF7YFQbxj3uC9VNnBx5Mvyi5VU674V96dWtCXQior,ops/cdn-retirement-phase2/step3/v3-docs/0xc4f0ee96676d3de800b9725eb628de1c5a0cbea1/21448038574106388099498729698156229932988054978307315072895959449711736813781.json
0xc4f0ee96676d3de800b9725eb628de1c5a0cbea1,62,30154321245016221480147636494972145704944840675743022290291572601234813269395,30154321245016221480147636494972145704944840675743022290291572601234813269395,QmXAt6Xt1EA4yBkEuQVJE431bK873WNjjh6D3UCHcra9m3,ops/cdn-retirement-phase2/step3/v3-docs/0xc4f0ee96676d3de800b9725eb628de1c5a0cbea1/30154321245016221480147636494972145704944840675743022290291572601234813269395.json
0xc4f0ee96676d3de800b9725eb628de1c5a0cbea1,62,31221468210609484860409183864532577577041700613675444716595920226587732227175,31221468210609484860409183864532577577041700613675444716595920226587732227175,QmctUD5QKgWtA9gzym2SXzvUkYEw2Z7NtsPKJfKKSxs3eW,ops/cdn-retirement-phase2/step3/v3-docs/0xc4f0ee96676d3de800b9725eb628de1c5a0cbea1/31221468210609484860409183864532577577041700613675444716595920226587732227175.json
0xc4f0ee96676d3de800b9725eb628de1c5a0cbea1,62,65929679735845116927439867739438624115109737560452263431315871463539431070858,65929679735845116927439867739438624115109737560452263431315871463539431070858,QmT1d25GhjRgfoEhiAF4D5uNwEtFcoUtK6fVKUCnMsudeB,ops/cdn-retirement-phase2/step3/v3-docs/0xc4f0ee96676d3de800b9725eb628de1c5a0cbea1/65929679735845116927439867739438624115109737560452263431315871463539431070858.json
0xc4f0ee96676d3de800b9725eb628de1c5a0cbea1,62,71287885707144772904583885620176228016693055630019732369863905836193834145326,71287885707144772904583885620176228016693055630019732369863905836193834145326,QmYF3M2uSwBsPwesSduDeQLeLGLFvtDPenz2CEXmbkLDsE,ops/cdn-retirement-phase2/step3/v3-docs/0xc4f0ee96676d3de800b9725eb628de1c5a0cbea1/71287885707144772904583885620176228016693055630019732369863905836193834145326.json
0xc4f0ee96676d3de800b9725eb628de1c5a0cbea1,62,87329314989335775336461258166202186746543912634975442811164605982738420999888,87329314989335775336461258166202186746543912634975442811164605982738420999888,QmZPhf4AQeu1NLcEw9yzUnmm5WyW9dmvihEBqmppLetKVB,ops/cdn-retirement-phase2/step3/v3-docs/0xc4f0ee96676d3de800b9725eb628de1c5a0cbea1/87329314989335775336461258166202186746543912634975442811164605982738420999888.json
0xc4f0ee96676d3de800b9725eb628de1c5a0cbea1,63,21448038574106388099498729698156229932988054978307315072895959449711736813782,21448038574106388099498729698156229932988054978307315072895959449711736813782,QmYpaSq3BYmKskaERodagWr9QgPTtpasLSjKyeLGLhcwMz,ops/cdn-retirement-phase2/step3/v3-docs/0xc4f0ee96676d3de800b9725eb628de1c5a0cbea1/21448038574106388099498729698156229932988054978307315072895959449711736813782.json
0xc4f0ee96676d3de800b9725eb628de1c5a0cbea1,63,30154321245016221480147636494972145704944840675743022290291572601234813269396,30154321245016221480147636494972145704944840675743022290291572601234813269396,QmPzeBmJnyEF3yYKziU5JcKi18KU6qJ24UjUnMZTrWZkb8,ops/cdn-retirement-phase2/step3/v3-docs/0xc4f0ee96676d3de800b9725eb628de1c5a0cbea1/30154321245016221480147636494972145704944840675743022290291572601234813269396.json
0xc4f0ee96676d3de800b9725eb628de1c5a0cbea1,63,31221468210609484860409183864532577577041700613675444716595920226587732227176,31221468210609484860409183864532577577041700613675444716595920226587732227176,QmZAL6XEcsbzsVrAhpXxCn2sv9DPPySFzjn7kFS41jpdFh,ops/cdn-retirement-phase2/step3/v3-docs/0xc4f0ee96676d3de800b9725eb628de1c5a0cbea1/31221468210609484860409183864532577577041700613675444716595920226587732227176.json
0xc4f0ee96676d3de800b9725eb628de1c5a0cbea1,63,65929679735845116927439867739438624115109737560452263431315871463539431070859,65929679735845116927439867739438624115109737560452263431315871463539431070859,QmQm1NFszmAA1DVzhWmx9kVtxn7v62JKy8MzctyM7k8rQW,ops/cdn-retirement-phase2/step3/v3-docs/0xc4f0ee96676d3de800b9725eb628de1c5a0cbea1/65929679735845116927439867739438624115109737560452263431315871463539431070859.json
0xc4f0ee96676d3de800b9725eb628de1c5a0cbea1,63,71287885707144772904583885620176228016693055630019732369863905836193834145327,71287885707144772904583885620176228016693055630019732369863905836193834145327,QmRaYhXX3Fjv7uh6inCHqxton6To4zkgqeqs9dPJDjMBKq,ops/cdn-retirement-phase2/step3/v3-docs/0xc4f0ee96676d3de800b9725eb628de1c5a0cbea1/71287885707144772904583885620176228016693055630019732369863905836193834145327.json
0xc4f0ee96676d3de800b9725eb628de1c5a0cbea1,63,87329314989335775336461258166202186746543912634975442811164605982738420999889,87329314989335775336461258166202186746543912634975442811164605982738420999889,QmZuHpcBjg79p81cVx8iBoTYdbqDhnBZiU5vuUZFS4DQ3g,ops/cdn-retirement-phase2/step3/v3-docs/0xc4f0ee96676d3de800b9725eb628de1c5a0cbea1/87329314989335775336461258166202186746543912634975442811164605982738420999889.json
0xc4f0ee96676d3de800b9725eb628de1c5a0cbea1,64,21448038574106388099498729698156229932988054978307315072895959449711736813783,21448038574106388099498729698156229932988054978307315072895959449711736813783,QmaLaD4rupU1zSvNvwwYZ2gSDwfqe2XXU92KtZWuMKo3mZ,ops/cdn-retirement-phase2/step3/v3-docs/0xc4f0ee96676d3de800b9725eb628de1c5a0cbea1/21448038574106388099498729698156229932988054978307315072895959449711736813783.json
0xc4f0ee96676d3de800b9725eb628de1c5a0cbea1,64,30154321245016221480147636494972145704944840675743022290291572601234813269397,30154321245016221480147636494972145704944840675743022290291572601234813269397,QmWCd9YvqsFUzoMjdZNBa8agjWYm7r381C4qhFDHNx8Awh,ops/cdn-retirement-phase2/step3/v3-docs/0xc4f0ee96676d3de800b9725eb628de1c5a0cbea1/30154321245016221480147636494972145704944840675743022290291572601234813269397.json
0xc4f0ee96676d3de800b9725eb628de1c5a0cbea1,64,31221468210609484860409183864532577577041700613675444716595920226587732227177,31221468210609484860409183864532577577041700613675444716595920226587732227177,QmajZJRBjugZgDyNu4f7ttGduYDe2T1YgfYEX7LhNLqZT1,ops/cdn-retirement-phase2/step3/v3-docs/0xc4f0ee96676d3de800b9725eb628de1c5a0cbea1/31221468210609484860409183864532577577041700613675444716595920226587732227177.json
0xc4f0ee96676d3de800b9725eb628de1c5a0cbea1,64,65929679735845116927439867739438624115109737560452263431315871463539431070860,65929679735845116927439867739438624115109737560452263431315871463539431070860,QmWPnnvVbqpGAE5xqmkjTJe8ZKe3x9fVk2FXKsprcsAo1T,ops/cdn-retirement-phase2/step3/v3-docs/0xc4f0ee96676d3de800b9725eb628de1c5a0cbea1/65929679735845116927439867739438624115109737560452263431315871463539431070860.json
0xc4f0ee96676d3de800b9725eb628de1c5a0cbea1,64,71287885707144772904583885620176228016693055630019732369863905836193834145328,71287885707144772904583885620176228016693055630019732369863905836193834145328,QmX2ERE5hieWkVYCUN7ycAFEvSjaruALxVKS2Q7Rejrh6P,ops/cdn-retirement-phase2/step3/v3-docs/0xc4f0ee96676d3de800b9725eb628de1c5a0cbea1/71287885707144772904583885620176228016693055630019732369863905836193834145328.json
0xc4f0ee96676d3de800b9725eb628de1c5a0cbea1,64,87329314989335775336461258166202186746543912634975442811164605982738420999890,87329314989335775336461258166202186746543912634975442811164605982738420999890,QmPGYgjuYiUyfDGrYgopYCjbTRcWv2P8GV1iYh1vAgq8Rw,ops/cdn-retirement-phase2/step3/v3-docs/0xc4f0ee96676d3de800b9725eb628de1c5a0cbea1/87329314989335775336461258166202186746543912634975442811164605982738420999890.json
0xc4f0ee96676d3de800b9725eb628de1c5a0cbea1,65,21448038574106388099498729698156229932988054978307315072895959449711736813784,21448038574106388099498729698156229932988054978307315072895959449711736813784,QmeSSwD2CHrVXmiEFPsUyvo4AsNumKUFkaitMRVqVYcPbQ,ops/cdn-retirement-phase2/step3/v3-docs/0xc4f0ee96676d3de800b9725eb628de1c5a0cbea1/21448038574106388099498729698156229932988054978307315072895959449711736813784.json
0xc4f0ee96676d3de800b9725eb628de1c5a0cbea1,65,30154321245016221480147636494972145704944840675743022290291572601234813269398,30154321245016221480147636494972145704944840675743022290291572601234813269398,QmbtortXwj9n2d6tpH687UkLreWQhsUpTzw7h6gqjg1nyy,ops/cdn-retirement-phase2/step3/v3-docs/0xc4f0ee96676d3de800b9725eb628de1c5a0cbea1/30154321245016221480147636494972145704944840675743022290291572601234813269398.json
0xc4f0ee96676d3de800b9725eb628de1c5a0cbea1,65,31221468210609484860409183864532577577041700613675444716595920226587732227178,31221468210609484860409183864532577577041700613675444716595920226587732227178,QmdZZKVe26G6GoRFvyHAErVHZtvBJWovNnSeeVjL2qxAeW,ops/cdn-retirement-phase2/step3/v3-docs/0xc4f0ee96676d3de800b9725eb628de1c5a0cbea1/31221468210609484860409183864532577577041700613675444716595920226587732227178.json
0xc4f0ee96676d3de800b9725eb628de1c5a0cbea1,65,65929679735845116927439867739438624115109737560452263431315871463539431070861,65929679735845116927439867739438624115109737560452263431315871463539431070861,Qmf3XY9LfyDmViJYE39HCe35cYVRGU96uXHwKVFT9jJwNN,ops/cdn-retirement-phase2/step3/v3-docs/0xc4f0ee96676d3de800b9725eb628de1c5a0cbea1/65929679735845116927439867739438624115109737560452263431315871463539431070861.json
0xc4f0ee96676d3de800b9725eb628de1c5a0cbea1,65,71287885707144772904583885620176228016693055630019732369863905836193834145329,71287885707144772904583885620176228016693055630019732369863905836193834145329,QmYTb316gNoVDzfweivrmTZagCxx2mjJDJ8FdyfH1YEo1G,ops/cdn-retirement-phase2/step3/v3-docs/0xc4f0ee96676d3de800b9725eb628de1c5a0cbea1/71287885707144772904583885620176228016693055630019732369863905836193834145329.json
0xc4f0ee96676d3de800b9725eb628de1c5a0cbea1,65,87329314989335775336461258166202186746543912634975442811164605982738420999891,87329314989335775336461258166202186746543912634975442811164605982738420999891,QmZB6ZuZaSWnfRXLTaKd7wezMzPzsoUYrt8LSgq5QUXfbN,ops/cdn-retirement-phase2/step3/v3-docs/0xc4f0ee96676d3de800b9725eb628de1c5a0cbea1/87329314989335775336461258166202186746543912634975442811164605982738420999891.json
0xc4f0ee96676d3de800b9725eb628de1c5a0cbea1,66,21448038574106388099498729698156229932988054978307315072895959449711736813785,21448038574106388099498729698156229932988054978307315072895959449711736813785,QmZyh6LXWZp5cHFAo4TgxRJVPpzaFgQTiS6Logz1i3qeun,ops/cdn-retirement-phase2/step3/v3-docs/0xc4f0ee96676d3de800b9725eb628de1c5a0cbea1/21448038574106388099498729698156229932988054978307315072895959449711736813785.json
0xc4f0ee96676d3de800b9725eb628de1c5a0cbea1,66,30154321245016221480147636494972145704944840675743022290291572601234813269399,30154321245016221480147636494972145704944840675743022290291572601234813269399,QmSzcyPSqe3FmUpnTGQtb67e5pQSn9DAJDstwaFQA4cyNV,ops/cdn-retirement-phase2/step3/v3-docs/0xc4f0ee96676d3de800b9725eb628de1c5a0cbea1/30154321245016221480147636494972145704944840675743022290291572601234813269399.json
0xc4f0ee96676d3de800b9725eb628de1c5a0cbea1,66,31221468210609484860409183864532577577041700613675444716595920226587732227179,31221468210609484860409183864532577577041700613675444716595920226587732227179,QmZqa9imXMnezwoRNHhs5Jr5cz9spyyDnKu8zNf2kMhu1m,ops/cdn-retirement-phase2/step3/v3-docs/0xc4f0ee96676d3de800b9725eb628de1c5a0cbea1/31221468210609484860409183864532577577041700613675444716595920226587732227179.json
0xc4f0ee96676d3de800b9725eb628de1c5a0cbea1,66,65929679735845116927439867739438624115109737560452263431315871463539431070862,65929679735845116927439867739438624115109737560452263431315871463539431070862,QmcRS5Tdyckks2UNkotWWhYZQVGrGJgARMnuCrc4gAJMfW,ops/cdn-retirement-phase2/step3/v3-docs/0xc4f0ee96676d3de800b9725eb628de1c5a0cbea1/65929679735845116927439867739438624115109737560452263431315871463539431070862.json
0xc4f0ee96676d3de800b9725eb628de1c5a0cbea1,66,71287885707144772904583885620176228016693055630019732369863905836193834145330,71287885707144772904583885620176228016693055630019732369863905836193834145330,QmbjwMEYwoY6s16RXqK1skFnAvepJjpjGcMvNKocqw2YsE,ops/cdn-retirement-phase2/step3/v3-docs/0xc4f0ee96676d3de800b9725eb628de1c5a0cbea1/71287885707144772904583885620176228016693055630019732369863905836193834145330.json
0xc4f0ee96676d3de800b9725eb628de1c5a0cbea1,66,87329314989335775336461258166202186746543912634975442811164605982738420999892,87329314989335775336461258166202186746543912634975442811164605982738420999892,QmShL4hBBPwWGzEFBpfeCVyJbJs3ecRWZ4vJRF3Z39fkeb,ops/cdn-retirement-phase2/step3/v3-docs/0xc4f0ee96676d3de800b9725eb628de1c5a0cbea1/87329314989335775336461258166202186746543912634975442811164605982738420999892.json
0xc4f0ee96676d3de800b9725eb628de1c5a0cbea1,67,21448038574106388099498729698156229932988054978307315072895959449711736813786,21448038574106388099498729698156229932988054978307315072895959449711736813786,Qma24W8qtf5LsZCKbPzBkFJnRLXCpfqnN5aJTMbGop5LUQ,ops/cdn-retirement-phase2/step3/v3-docs/0xc4f0ee96676d3de800b9725eb628de1c5a0cbea1/21448038574106388099498729698156229932988054978307315072895959449711736813786.json
0xc4f0ee96676d3de800b9725eb628de1c5a0cbea1,67,30154321245016221480147636494972145704944840675743022290291572601234813269400,30154321245016221480147636494972145704944840675743022290291572601234813269400,QmeBEzpqarug5pRqAgshPouhyhxT9puP3rWB4hJHBJHRQd,ops/cdn-retirement-phase2/step3/v3-docs/0xc4f0ee96676d3de800b9725eb628de1c5a0cbea1/30154321245016221480147636494972145704944840675743022290291572601234813269400.json
0xc4f0ee96676d3de800b9725eb628de1c5a0cbea1,67,31221468210609484860409183864532577577041700613675444716595920226587732227180,31221468210609484860409183864532577577041700613675444716595920226587732227180,QmNqPzqJvzQcnqQM5shbDYHyiG22M3V6gT1zcUAqgQ9FW2,ops/cdn-retirement-phase2/step3/v3-docs/0xc4f0ee96676d3de800b9725eb628de1c5a0cbea1/31221468210609484860409183864532577577041700613675444716595920226587732227180.json
0xc4f0ee96676d3de800b9725eb628de1c5a0cbea1,67,65929679735845116927439867739438624115109737560452263431315871463539431070863,65929679735845116927439867739438624115109737560452263431315871463539431070863,QmV8KSSjSbk2BbkuW3aDPq3TjTFNbZ46wHuJtMZpbn6Gps,ops/cdn-retirement-phase2/step3/v3-docs/0xc4f0ee96676d3de800b9725eb628de1c5a0cbea1/65929679735845116927439867739438624115109737560452263431315871463539431070863.json
0xc4f0ee96676d3de800b9725eb628de1c5a0cbea1,67,71287885707144772904583885620176228016693055630019732369863905836193834145331,71287885707144772904583885620176228016693055630019732369863905836193834145331,QmTcTow9kZG3WQvuXiRkPxt4JgnXqHqHWTAZR1VWJ7Yo8M,ops/cdn-retirement-phase2/step3/v3-docs/0xc4f0ee96676d3de800b9725eb628de1c5a0cbea1/71287885707144772904583885620176228016693055630019732369863905836193834145331.json
0xc4f0ee96676d3de800b9725eb628de1c5a0cbea1,67,87329314989335775336461258166202186746543912634975442811164605982738420999893,87329314989335775336461258166202186746543912634975442811164605982738420999893,Qmcg7Hve2ZqPHS3HyXE6Q2i2mGQcqK24hzCiv5pEgaUSK3,ops/cdn-retirement-phase2/step3/v3-docs/0xc4f0ee96676d3de800b9725eb628de1c5a0cbea1/87329314989335775336461258166202186746543912634975442811164605982738420999893.json
0xc4f0ee96676d3de800b9725eb628de1c5a0cbea1,68,21448038574106388099498729698156229932988054978307315072895959449711736813787,21448038574106388099498729698156229932988054978307315072895959449711736813787,QmY4QfvWVdw1QnDVEHxCsTokTqj1Y8C35kawjtJ9oCoy3v,ops/cdn-retirement-phase2/step3/v3-docs/0xc4f0ee96676d3de800b9725eb628de1c5a0cbea1/21448038574106388099498729698156229932988054978307315072895959449711736813787.json
0xc4f0ee96676d3de800b9725eb628de1c5a0cbea1,68,30154321245016221480147636494972145704944840675743022290291572601234813269401,30154321245016221480147636494972145704944840675743022290291572601234813269401,QmV6Kmkrbtf2FMLzcDvNS5tm7mDMYMtkbH3cwYDHSjWwgj,ops/cdn-retirement-phase2/step3/v3-docs/0xc4f0ee96676d3de800b9725eb628de1c5a0cbea1/30154321245016221480147636494972145704944840675743022290291572601234813269401.json
0xc4f0ee96676d3de800b9725eb628de1c5a0cbea1,68,31221468210609484860409183864532577577041700613675444716595920226587732227181,31221468210609484860409183864532577577041700613675444716595920226587732227181,QmeU9uDTBvKRFnD273s7zkoewDtpMeBZwR1dtMB9YMDZPX,ops/cdn-retirement-phase2/step3/v3-docs/0xc4f0ee96676d3de800b9725eb628de1c5a0cbea1/31221468210609484860409183864532577577041700613675444716595920226587732227181.json
0xc4f0ee96676d3de800b9725eb628de1c5a0cbea1,68,65929679735845116927439867739438624115109737560452263431315871463539431070864,65929679735845116927439867739438624115109737560452263431315871463539431070864,QmTXfFKLDvAmE2hnf9mv9LjkJR5jgwE7q6h9PJ87AS7MUD,ops/cdn-retirement-phase2/step3/v3-docs/0xc4f0ee96676d3de800b9725eb628de1c5a0cbea1/65929679735845116927439867739438624115109737560452263431315871463539431070864.json
0xc4f0ee96676d3de800b9725eb628de1c5a0cbea1,68,71287885707144772904583885620176228016693055630019732369863905836193834145332,71287885707144772904583885620176228016693055630019732369863905836193834145332,QmcUNcBZxoxv8SXUD96xqJ7h66bbYbK9aw3eM6F5FFiEiE,ops/cdn-retirement-phase2/step3/v3-docs/0xc4f0ee96676d3de800b9725eb628de1c5a0cbea1/71287885707144772904583885620176228016693055630019732369863905836193834145332.json
0xc4f0ee96676d3de800b9725eb628de1c5a0cbea1,68,87329314989335775336461258166202186746543912634975442811164605982738420999894,87329314989335775336461258166202186746543912634975442811164605982738420999894,QmSZhZGCoZVyapPqRY6eKzeFnFv1gsbqTeesUy4FGy7oTr,ops/cdn-retirement-phase2/step3/v3-docs/0xc4f0ee96676d3de800b9725eb628de1c5a0cbea1/87329314989335775336461258166202186746543912634975442811164605982738420999894.json
0xc4f0ee96676d3de800b9725eb628de1c5a0cbea1,69,21448038574106388099498729698156229932988054978307315072895959449711736813788,21448038574106388099498729698156229932988054978307315072895959449711736813788,QmV9HHqn5CXYoiNXLB2zbjqzLK54bXBHxp6hJRZYjzxmNt,ops/cdn-retirement-phase2/step3/v3-docs/0xc4f0ee96676d3de800b9725eb628de1c5a0cbea1/21448038574106388099498729698156229932988054978307315072895959449711736813788.json
0xc4f0ee96676d3de800b9725eb628de1c5a0cbea1,69,30154321245016221480147636494972145704944840675743022290291572601234813269402,30154321245016221480147636494972145704944840675743022290291572601234813269402,QmbQvQmJfn2rPcVHgNX6rUH55UfoJSmeo3Kc8cRqpxAKYY,ops/cdn-retirement-phase2/step3/v3-docs/0xc4f0ee96676d3de800b9725eb628de1c5a0cbea1/30154321245016221480147636494972145704944840675743022290291572601234813269402.json
0xc4f0ee96676d3de800b9725eb628de1c5a0cbea1,69,31221468210609484860409183864532577577041700613675444716595920226587732227182,31221468210609484860409183864532577577041700613675444716595920226587732227182,QmUa8LRfXfbna4U2uVsxTpoXcugbXJu9v6wXs1dQhGWh57,ops/cdn-retirement-phase2/step3/v3-docs/0xc4f0ee96676d3de800b9725eb628de1c5a0cbea1/31221468210609484860409183864532577577041700613675444716595920226587732227182.json
0xc4f0ee96676d3de800b9725eb628de1c5a0cbea1,69,65929679735845116927439867739438624115109737560452263431315871463539431070865,65929679735845116927439867739438624115109737560452263431315871463539431070865,QmRVJgKdUEYZq8XBXvgxL7qJ2U6fesZhx5ESwaSUmSfCgw,ops/cdn-retirement-phase2/step3/v3-docs/0xc4f0ee96676d3de800b9725eb628de1c5a0cbea1/65929679735845116927439867739438624115109737560452263431315871463539431070865.json
0xc4f0ee96676d3de800b9725eb628de1c5a0cbea1,69,71287885707144772904583885620176228016693055630019732369863905836193834145333,71287885707144772904583885620176228016693055630019732369863905836193834145333,QmeFq6LCxsir2PxKEmAnWBYzMaaCxovAzGfCeL1jEbzxnQ,ops/cdn-retirement-phase2/step3/v3-docs/0xc4f0ee96676d3de800b9725eb628de1c5a0cbea1/71287885707144772904583885620176228016693055630019732369863905836193834145333.json
0xc4f0ee96676d3de800b9725eb628de1c5a0cbea1,69,87329314989335775336461258166202186746543912634975442811164605982738420999895,87329314989335775336461258166202186746543912634975442811164605982738420999895,QmQh4AWYaHjkvJqe3S77WmQoSwpU9WSack8vKnAGG4HZ6P,ops/cdn-retirement-phase2/step3/v3-docs/0xc4f0ee96676d3de800b9725eb628de1c5a0cbea1/87329314989335775336461258166202186746543912634975442811164605982738420999895.json
0xc4f0ee96676d3de800b9725eb628de1c5a0cbea1,7,21448038574106388099498729698156229932988054978307315072895959449711736813726,21448038574106388099498729698156229932988054978307315072895959449711736813726,QmPUXeXexW1TaGdtDp8b77YGrrHWkWFDMvNZrbMtg387SH,ops/cdn-retirement-phase2/step3/v3-docs/0xc4f0ee96676d3de800b9725eb628de1c5a0cbea1/21448038574106388099498729698156229932988054978307315072895959449711736813726.json
0xc4f0ee96676d3de800b9725eb628de1c5a0cbea1,7,30154321245016221480147636494972145704944840675743022290291572601234813269340,30154321245016221480147636494972145704944840675743022290291572601234813269340,QmYDfW1tmYwFg4ZtkfByMHwxvs7bc6cNwyAjJzjaFXX2zV,ops/cdn-retirement-phase2/step3/v3-docs/0xc4f0ee96676d3de800b9725eb628de1c5a0cbea1/30154321245016221480147636494972145704944840675743022290291572601234813269340.json
0xc4f0ee96676d3de800b9725eb628de1c5a0cbea1,7,31221468210609484860409183864532577577041700613675444716595920226587732227120,31221468210609484860409183864532577577041700613675444716595920226587732227120,QmdhmFqNPssDnjoV7cPBV6E5wEBBm1Vnvvs3SzZ2SCR9y3,ops/cdn-retirement-phase2/step3/v3-docs/0xc4f0ee96676d3de800b9725eb628de1c5a0cbea1/31221468210609484860409183864532577577041700613675444716595920226587732227120.json
0xc4f0ee96676d3de800b9725eb628de1c5a0cbea1,7,65929679735845116927439867739438624115109737560452263431315871463539431070803,65929679735845116927439867739438624115109737560452263431315871463539431070803,QmUeATyLLR1Ti6BeRzboHWMZAdTVyGvFvZPverJf3JkgK1,ops/cdn-retirement-phase2/step3/v3-docs/0xc4f0ee96676d3de800b9725eb628de1c5a0cbea1/65929679735845116927439867739438624115109737560452263431315871463539431070803.json
0xc4f0ee96676d3de800b9725eb628de1c5a0cbea1,7,71287885707144772904583885620176228016693055630019732369863905836193834145271,71287885707144772904583885620176228016693055630019732369863905836193834145271,QmSJpbyFUfNJWc6gbKXPH4TD4MjHKye6H1chxTjfHSK2PZ,ops/cdn-retirement-phase2/step3/v3-docs/0xc4f0ee96676d3de800b9725eb628de1c5a0cbea1/71287885707144772904583885620176228016693055630019732369863905836193834145271.json
0xc4f0ee96676d3de800b9725eb628de1c5a0cbea1,7,87329314989335775336461258166202186746543912634975442811164605982738420999833,87329314989335775336461258166202186746543912634975442811164605982738420999833,QmYRioZNh3WNtFJWtNajQoLoUDubaFbr5JgJNXfFjaNYtg,ops/cdn-retirement-phase2/step3/v3-docs/0xc4f0ee96676d3de800b9725eb628de1c5a0cbea1/87329314989335775336461258166202186746543912634975442811164605982738420999833.json
0xc4f0ee96676d3de800b9725eb628de1c5a0cbea1,70,21448038574106388099498729698156229932988054978307315072895959449711736813789,21448038574106388099498729698156229932988054978307315072895959449711736813789,QmeQ3wrg7jjmnfetRwHWWeG4UxwZ6ZH5yyWD1WSJNErw2R,ops/cdn-retirement-phase2/step3/v3-docs/0xc4f0ee96676d3de800b9725eb628de1c5a0cbea1/21448038574106388099498729698156229932988054978307315072895959449711736813789.json
0xc4f0ee96676d3de800b9725eb628de1c5a0cbea1,70,30154321245016221480147636494972145704944840675743022290291572601234813269403,30154321245016221480147636494972145704944840675743022290291572601234813269403,QmWzoht4rgTfEXKLSck6VP5JQKGtRMr4Xy1CWhy2deUaxz,ops/cdn-retirement-phase2/step3/v3-docs/0xc4f0ee96676d3de800b9725eb628de1c5a0cbea1/30154321245016221480147636494972145704944840675743022290291572601234813269403.json
0xc4f0ee96676d3de800b9725eb628de1c5a0cbea1,70,31221468210609484860409183864532577577041700613675444716595920226587732227183,31221468210609484860409183864532577577041700613675444716595920226587732227183,QmQRdVFeRo68JJqdBMSx9eEpCsCmZZcFGQP1z1H6rezzG3,ops/cdn-retirement-phase2/step3/v3-docs/0xc4f0ee96676d3de800b9725eb628de1c5a0cbea1/31221468210609484860409183864532577577041700613675444716595920226587732227183.json
0xc4f0ee96676d3de800b9725eb628de1c5a0cbea1,70,65929679735845116927439867739438624115109737560452263431315871463539431070866,65929679735845116927439867739438624115109737560452263431315871463539431070866,QmQXBmAUCKVJSuqUJPsK2oEoaXb4RAQZgo5AUne1KHWUEX,ops/cdn-retirement-phase2/step3/v3-docs/0xc4f0ee96676d3de800b9725eb628de1c5a0cbea1/65929679735845116927439867739438624115109737560452263431315871463539431070866.json
0xc4f0ee96676d3de800b9725eb628de1c5a0cbea1,70,71287885707144772904583885620176228016693055630019732369863905836193834145334,71287885707144772904583885620176228016693055630019732369863905836193834145334,QmYZJ9qLPkuAQ6PwjL1jAJ3FpSTmZa1sic1tMZ3zrnGguV,ops/cdn-retirement-phase2/step3/v3-docs/0xc4f0ee96676d3de800b9725eb628de1c5a0cbea1/71287885707144772904583885620176228016693055630019732369863905836193834145334.json
0xc4f0ee96676d3de800b9725eb628de1c5a0cbea1,70,87329314989335775336461258166202186746543912634975442811164605982738420999896,87329314989335775336461258166202186746543912634975442811164605982738420999896,QmZd6ahpVR5R9erDsmY8ueFYq7Ee6DM1fnNTLNMgX6Cx1D,ops/cdn-retirement-phase2/step3/v3-docs/0xc4f0ee96676d3de800b9725eb628de1c5a0cbea1/87329314989335775336461258166202186746543912634975442811164605982738420999896.json
0xc4f0ee96676d3de800b9725eb628de1c5a0cbea1,71,21448038574106388099498729698156229932988054978307315072895959449711736813790,21448038574106388099498729698156229932988054978307315072895959449711736813790,QmdQdLFbq3H3Z2RKM3JKrJnHBTCeqGLEH2GJi4BsbDkq9T,ops/cdn-retirement-phase2/step3/v3-docs/0xc4f0ee96676d3de800b9725eb628de1c5a0cbea1/21448038574106388099498729698156229932988054978307315072895959449711736813790.json
0xc4f0ee96676d3de800b9725eb628de1c5a0cbea1,71,30154321245016221480147636494972145704944840675743022290291572601234813269404,30154321245016221480147636494972145704944840675743022290291572601234813269404,QmSMAZUsWtgmgiwjW2TYCYZLgb3kFzeg1St77Mq4MgNqTb,ops/cdn-retirement-phase2/step3/v3-docs/0xc4f0ee96676d3de800b9725eb628de1c5a0cbea1/30154321245016221480147636494972145704944840675743022290291572601234813269404.json
0xc4f0ee96676d3de800b9725eb628de1c5a0cbea1,71,31221468210609484860409183864532577577041700613675444716595920226587732227184,31221468210609484860409183864532577577041700613675444716595920226587732227184,Qmb1wz5TcYpa9h7Q7VjaNGgxW4sUeaCbJjqCjzqp48fx6c,ops/cdn-retirement-phase2/step3/v3-docs/0xc4f0ee96676d3de800b9725eb628de1c5a0cbea1/31221468210609484860409183864532577577041700613675444716595920226587732227184.json
0xc4f0ee96676d3de800b9725eb628de1c5a0cbea1,71,65929679735845116927439867739438624115109737560452263431315871463539431070867,65929679735845116927439867739438624115109737560452263431315871463539431070867,QmWgN13Qc1bu9W3JgDJKnmkDYgHeifN1e7RPH3SmoLZox4,ops/cdn-retirement-phase2/step3/v3-docs/0xc4f0ee96676d3de800b9725eb628de1c5a0cbea1/65929679735845116927439867739438624115109737560452263431315871463539431070867.json
0xc4f0ee96676d3de800b9725eb628de1c5a0cbea1,71,71287885707144772904583885620176228016693055630019732369863905836193834145335,71287885707144772904583885620176228016693055630019732369863905836193834145335,Qma3cdBP6HXLfwvVEB4n8ePSMtpcf6DhCdPrvFfnY2e3WW,ops/cdn-retirement-phase2/step3/v3-docs/0xc4f0ee96676d3de800b9725eb628de1c5a0cbea1/71287885707144772904583885620176228016693055630019732369863905836193834145335.json
0xc4f0ee96676d3de800b9725eb628de1c5a0cbea1,71,87329314989335775336461258166202186746543912634975442811164605982738420999897,87329314989335775336461258166202186746543912634975442811164605982738420999897,QmPCiLwYWrWghhUNY4b8Wyp3hFUAb43JpUn7ybKAXgXSYG,ops/cdn-retirement-phase2/step3/v3-docs/0xc4f0ee96676d3de800b9725eb628de1c5a0cbea1/87329314989335775336461258166202186746543912634975442811164605982738420999897.json
0xc4f0ee96676d3de800b9725eb628de1c5a0cbea1,72,21448038574106388099498729698156229932988054978307315072895959449711736813791,21448038574106388099498729698156229932988054978307315072895959449711736813791,Qmbtzg4nkew7XnSQ13tLzU3AfaHSUZPHcazTHBGZgeDvqm,ops/cdn-retirement-phase2/step3/v3-docs/0xc4f0ee96676d3de800b9725eb628de1c5a0cbea1/21448038574106388099498729698156229932988054978307315072895959449711736813791.json
0xc4f0ee96676d3de800b9725eb628de1c5a0cbea1,72,30154321245016221480147636494972145704944840675743022290291572601234813269405,30154321245016221480147636494972145704944840675743022290291572601234813269405,QmZFiqYysKJbLWntTJCU6s8B8ctNaDpCgBjwnekmupWF5C,ops/cdn-retirement-phase2/step3/v3-docs/0xc4f0ee96676d3de800b9725eb628de1c5a0cbea1/30154321245016221480147636494972145704944840675743022290291572601234813269405.json
0xc4f0ee96676d3de800b9725eb628de1c5a0cbea1,72,31221468210609484860409183864532577577041700613675444716595920226587732227185,31221468210609484860409183864532577577041700613675444716595920226587732227185,QmPMhEf9YRV3NB3QnnF35GJKmMU3gQobncvBExkjCexYBz,ops/cdn-retirement-phase2/step3/v3-docs/0xc4f0ee96676d3de800b9725eb628de1c5a0cbea1/31221468210609484860409183864532577577041700613675444716595920226587732227185.json
0xc4f0ee96676d3de800b9725eb628de1c5a0cbea1,72,65929679735845116927439867739438624115109737560452263431315871463539431070868,65929679735845116927439867739438624115109737560452263431315871463539431070868,QmREDjDJfesdVJJ8uvau4TgjkNSa24mcBRkJgcZVULnXA2,ops/cdn-retirement-phase2/step3/v3-docs/0xc4f0ee96676d3de800b9725eb628de1c5a0cbea1/65929679735845116927439867739438624115109737560452263431315871463539431070868.json
0xc4f0ee96676d3de800b9725eb628de1c5a0cbea1,72,71287885707144772904583885620176228016693055630019732369863905836193834145336,71287885707144772904583885620176228016693055630019732369863905836193834145336,Qmco2neJqqAaoYuNBiEN8oFcKfyvxFjdtZKPXgx8YUYJiu,ops/cdn-retirement-phase2/step3/v3-docs/0xc4f0ee96676d3de800b9725eb628de1c5a0cbea1/71287885707144772904583885620176228016693055630019732369863905836193834145336.json
0xc4f0ee96676d3de800b9725eb628de1c5a0cbea1,72,87329314989335775336461258166202186746543912634975442811164605982738420999898,87329314989335775336461258166202186746543912634975442811164605982738420999898,QmZ8KNoS8LrSvGeSoa5hCvi1suGBV7FaS5bq4xCT18bx8h,ops/cdn-retirement-phase2/step3/v3-docs/0xc4f0ee96676d3de800b9725eb628de1c5a0cbea1/87329314989335775336461258166202186746543912634975442811164605982738420999898.json
0xc4f0ee96676d3de800b9725eb628de1c5a0cbea1,73,21448038574106388099498729698156229932988054978307315072895959449711736813792,21448038574106388099498729698156229932988054978307315072895959449711736813792,QmRNGrVrH7dpvyBnqFiSYiifbDu5XvTaUXRpozikDoS3hm,ops/cdn-retirement-phase2/step3/v3-docs/0xc4f0ee96676d3de800b9725eb628de1c5a0cbea1/21448038574106388099498729698156229932988054978307315072895959449711736813792.json
0xc4f0ee96676d3de800b9725eb628de1c5a0cbea1,73,30154321245016221480147636494972145704944840675743022290291572601234813269406,30154321245016221480147636494972145704944840675743022290291572601234813269406,QmReDDJQribJoQNJUFDwL7Y2somWixVnK4WwJkfjnqBf5N,ops/cdn-retirement-phase2/step3/v3-docs/0xc4f0ee96676d3de800b9725eb628de1c5a0cbea1/30154321245016221480147636494972145704944840675743022290291572601234813269406.json
0xc4f0ee96676d3de800b9725eb628de1c5a0cbea1,73,31221468210609484860409183864532577577041700613675444716595920226587732227186,31221468210609484860409183864532577577041700613675444716595920226587732227186,QmNQ55YHAvCNQUGjR5xhcvy7nKvtEq1zpoyZTMixYpWkpD,ops/cdn-retirement-phase2/step3/v3-docs/0xc4f0ee96676d3de800b9725eb628de1c5a0cbea1/31221468210609484860409183864532577577041700613675444716595920226587732227186.json
0xc4f0ee96676d3de800b9725eb628de1c5a0cbea1,73,65929679735845116927439867739438624115109737560452263431315871463539431070869,65929679735845116927439867739438624115109737560452263431315871463539431070869,QmUBDYPfLXTLDoyTtRPKEtMbpRRfN4wSD6DosX1YaHZmXf,ops/cdn-retirement-phase2/step3/v3-docs/0xc4f0ee96676d3de800b9725eb628de1c5a0cbea1/65929679735845116927439867739438624115109737560452263431315871463539431070869.json
0xc4f0ee96676d3de800b9725eb628de1c5a0cbea1,73,71287885707144772904583885620176228016693055630019732369863905836193834145337,71287885707144772904583885620176228016693055630019732369863905836193834145337,QmNMpLaGBXknJVXyAtRMf5Ck7epenCCqGyKNH4sVbaep4D,ops/cdn-retirement-phase2/step3/v3-docs/0xc4f0ee96676d3de800b9725eb628de1c5a0cbea1/71287885707144772904583885620176228016693055630019732369863905836193834145337.json
0xc4f0ee96676d3de800b9725eb628de1c5a0cbea1,73,87329314989335775336461258166202186746543912634975442811164605982738420999899,87329314989335775336461258166202186746543912634975442811164605982738420999899,QmbzrrcsoHf1Buw8J1yF3q3nQpX1HeszMKG6DsNpVKJY1C,ops/cdn-retirement-phase2/step3/v3-docs/0xc4f0ee96676d3de800b9725eb628de1c5a0cbea1/87329314989335775336461258166202186746543912634975442811164605982738420999899.json
0xc4f0ee96676d3de800b9725eb628de1c5a0cbea1,74,21448038574106388099498729698156229932988054978307315072895959449711736813793,21448038574106388099498729698156229932988054978307315072895959449711736813793,QmV32Z7vwooZR8aZL7XkwYDj8ieXThAAgk7xrd6epnvcUV,ops/cdn-retirement-phase2/step3/v3-docs/0xc4f0ee96676d3de800b9725eb628de1c5a0cbea1/21448038574106388099498729698156229932988054978307315072895959449711736813793.json
0xc4f0ee96676d3de800b9725eb628de1c5a0cbea1,74,30154321245016221480147636494972145704944840675743022290291572601234813269407,30154321245016221480147636494972145704944840675743022290291572601234813269407,QmQZNa7GQSTt4t1CDjdQUnyYtiVTnnFruneeWEiAKkWWFq,ops/cdn-retirement-phase2/step3/v3-docs/0xc4f0ee96676d3de800b9725eb628de1c5a0cbea1/30154321245016221480147636494972145704944840675743022290291572601234813269407.json
0xc4f0ee96676d3de800b9725eb628de1c5a0cbea1,74,31221468210609484860409183864532577577041700613675444716595920226587732227187,31221468210609484860409183864532577577041700613675444716595920226587732227187,QmRPvV5RpZc5Jnr59yhHeyPSxYSahuMCo4ty8E7EjdmPSv,ops/cdn-retirement-phase2/step3/v3-docs/0xc4f0ee96676d3de800b9725eb628de1c5a0cbea1/31221468210609484860409183864532577577041700613675444716595920226587732227187.json
0xc4f0ee96676d3de800b9725eb628de1c5a0cbea1,74,65929679735845116927439867739438624115109737560452263431315871463539431070870,65929679735845116927439867739438624115109737560452263431315871463539431070870,Qme67qtjcrgaxTPL5MPTf9M6gfnAR64Pu9tzf14maWrKBv,ops/cdn-retirement-phase2/step3/v3-docs/0xc4f0ee96676d3de800b9725eb628de1c5a0cbea1/65929679735845116927439867739438624115109737560452263431315871463539431070870.json
0xc4f0ee96676d3de800b9725eb628de1c5a0cbea1,74,71287885707144772904583885620176228016693055630019732369863905836193834145338,71287885707144772904583885620176228016693055630019732369863905836193834145338,QmQNeRRXPeJQRd7hMg3V8DPtsub9QE3Z2xgGgJhKzB5HxE,ops/cdn-retirement-phase2/step3/v3-docs/0xc4f0ee96676d3de800b9725eb628de1c5a0cbea1/71287885707144772904583885620176228016693055630019732369863905836193834145338.json
0xc4f0ee96676d3de800b9725eb628de1c5a0cbea1,74,87329314989335775336461258166202186746543912634975442811164605982738420999900,87329314989335775336461258166202186746543912634975442811164605982738420999900,QmThRZQWyeECpXLzYVzFN8xwkPVctQe5GogeNUxeeCkq9r,ops/cdn-retirement-phase2/step3/v3-docs/0xc4f0ee96676d3de800b9725eb628de1c5a0cbea1/87329314989335775336461258166202186746543912634975442811164605982738420999900.json
0xc4f0ee96676d3de800b9725eb628de1c5a0cbea1,75,21448038574106388099498729698156229932988054978307315072895959449711736813794,21448038574106388099498729698156229932988054978307315072895959449711736813794,QmR3T11ofQ92q7cBGbjRJkem9viTVYL98iwwvhbUZZ6B6p,ops/cdn-retirement-phase2/step3/v3-docs/0xc4f0ee96676d3de800b9725eb628de1c5a0cbea1/21448038574106388099498729698156229932988054978307315072895959449711736813794.json
0xc4f0ee96676d3de800b9725eb628de1c5a0cbea1,75,30154321245016221480147636494972145704944840675743022290291572601234813269408,30154321245016221480147636494972145704944840675743022290291572601234813269408,QmWiPC4whQMTCxbP8Xfm9uTFWmQQjaJgLFcW7CebDexet3,ops/cdn-retirement-phase2/step3/v3-docs/0xc4f0ee96676d3de800b9725eb628de1c5a0cbea1/30154321245016221480147636494972145704944840675743022290291572601234813269408.json
0xc4f0ee96676d3de800b9725eb628de1c5a0cbea1,75,31221468210609484860409183864532577577041700613675444716595920226587732227188,31221468210609484860409183864532577577041700613675444716595920226587732227188,QmaEwH5nzvMSCgEfc5hJnQgiHjsio4dcinCpj4TxmkPE94,ops/cdn-retirement-phase2/step3/v3-docs/0xc4f0ee96676d3de800b9725eb628de1c5a0cbea1/31221468210609484860409183864532577577041700613675444716595920226587732227188.json
0xc4f0ee96676d3de800b9725eb628de1c5a0cbea1,75,65929679735845116927439867739438624115109737560452263431315871463539431070871,65929679735845116927439867739438624115109737560452263431315871463539431070871,QmPMLzTZJh6nWz8GKr9L4prdwZ9i2kopu1agEBWyRtSk8E,ops/cdn-retirement-phase2/step3/v3-docs/0xc4f0ee96676d3de800b9725eb628de1c5a0cbea1/65929679735845116927439867739438624115109737560452263431315871463539431070871.json
0xc4f0ee96676d3de800b9725eb628de1c5a0cbea1,75,71287885707144772904583885620176228016693055630019732369863905836193834145339,71287885707144772904583885620176228016693055630019732369863905836193834145339,QmWej6muWFdTpyxhFrKdCcGKpREFt3iBvTQtec8N5KNghA,ops/cdn-retirement-phase2/step3/v3-docs/0xc4f0ee96676d3de800b9725eb628de1c5a0cbea1/71287885707144772904583885620176228016693055630019732369863905836193834145339.json
0xc4f0ee96676d3de800b9725eb628de1c5a0cbea1,75,87329314989335775336461258166202186746543912634975442811164605982738420999901,87329314989335775336461258166202186746543912634975442811164605982738420999901,QmYpRdmJnMmNyJBVMdUMPP9mUbRWzNtYGMa6ooufsGpRTF,ops/cdn-retirement-phase2/step3/v3-docs/0xc4f0ee96676d3de800b9725eb628de1c5a0cbea1/87329314989335775336461258166202186746543912634975442811164605982738420999901.json
0xc4f0ee96676d3de800b9725eb628de1c5a0cbea1,76,21448038574106388099498729698156229932988054978307315072895959449711736813795,21448038574106388099498729698156229932988054978307315072895959449711736813795,QmYEgWha8HCxfWuH5bmQJpT2QyBRQLdDA4ZHFwZk9dqVSR,ops/cdn-retirement-phase2/step3/v3-docs/0xc4f0ee96676d3de800b9725eb628de1c5a0cbea1/21448038574106388099498729698156229932988054978307315072895959449711736813795.json
0xc4f0ee96676d3de800b9725eb628de1c5a0cbea1,76,30154321245016221480147636494972145704944840675743022290291572601234813269409,30154321245016221480147636494972145704944840675743022290291572601234813269409,QmV5ZB1XCHmpQp2ZKMRZH74YVH4w3h4QWwZZBWk1KoyevJ,ops/cdn-retirement-phase2/step3/v3-docs/0xc4f0ee96676d3de800b9725eb628de1c5a0cbea1/30154321245016221480147636494972145704944840675743022290291572601234813269409.json
0xc4f0ee96676d3de800b9725eb628de1c5a0cbea1,76,31221468210609484860409183864532577577041700613675444716595920226587732227189,31221468210609484860409183864532577577041700613675444716595920226587732227189,QmbdhoWTvLDRFT1EqGu9pDpF8rTdAJqNJD7LLUG6g6ALEg,ops/cdn-retirement-phase2/step3/v3-docs/0xc4f0ee96676d3de800b9725eb628de1c5a0cbea1/31221468210609484860409183864532577577041700613675444716595920226587732227189.json
0xc4f0ee96676d3de800b9725eb628de1c5a0cbea1,76,65929679735845116927439867739438624115109737560452263431315871463539431070872,65929679735845116927439867739438624115109737560452263431315871463539431070872,QmTBSbrfuYsSxM7biXULhQxVwzCpWtw7PJS5UcYJj3X7sB,ops/cdn-retirement-phase2/step3/v3-docs/0xc4f0ee96676d3de800b9725eb628de1c5a0cbea1/65929679735845116927439867739438624115109737560452263431315871463539431070872.json
0xc4f0ee96676d3de800b9725eb628de1c5a0cbea1,76,71287885707144772904583885620176228016693055630019732369863905836193834145340,71287885707144772904583885620176228016693055630019732369863905836193834145340,QmS4GbRjbEfWUSvwzBSHsPPJ6RqyrFLEvpdUaLYsyt6DmJ,ops/cdn-retirement-phase2/step3/v3-docs/0xc4f0ee96676d3de800b9725eb628de1c5a0cbea1/71287885707144772904583885620176228016693055630019732369863905836193834145340.json
0xc4f0ee96676d3de800b9725eb628de1c5a0cbea1,76,87329314989335775336461258166202186746543912634975442811164605982738420999902,87329314989335775336461258166202186746543912634975442811164605982738420999902,Qme3bRYTJ6LtW2X4TVNExTMnrFvGCVXRAQAeV1MQetkQ9y,ops/cdn-retirement-phase2/step3/v3-docs/0xc4f0ee96676d3de800b9725eb628de1c5a0cbea1/87329314989335775336461258166202186746543912634975442811164605982738420999902.json
0xc4f0ee96676d3de800b9725eb628de1c5a0cbea1,77,21448038574106388099498729698156229932988054978307315072895959449711736813796,21448038574106388099498729698156229932988054978307315072895959449711736813796,QmexBYDxMApUQGDo4PCpRmgWQJVKrQXDWC9bGeXBYBiyAn,ops/cdn-retirement-phase2/step3/v3-docs/0xc4f0ee96676d3de800b9725eb628de1c5a0cbea1/21448038574106388099498729698156229932988054978307315072895959449711736813796.json
0xc4f0ee96676d3de800b9725eb628de1c5a0cbea1,77,30154321245016221480147636494972145704944840675743022290291572601234813269410,30154321245016221480147636494972145704944840675743022290291572601234813269410,QmSEsv1VrATVYaYt8oJ6D12vKr3gPE8RnthPmrDbicVr9k,ops/cdn-retirement-phase2/step3/v3-docs/0xc4f0ee96676d3de800b9725eb628de1c5a0cbea1/30154321245016221480147636494972145704944840675743022290291572601234813269410.json
0xc4f0ee96676d3de800b9725eb628de1c5a0cbea1,77,31221468210609484860409183864532577577041700613675444716595920226587732227190,31221468210609484860409183864532577577041700613675444716595920226587732227190,QmSXznmJaoCwEPFwFucVmraxdyhh83sPSJEX3iTz4xhC3Z,ops/cdn-retirement-phase2/step3/v3-docs/0xc4f0ee96676d3de800b9725eb628de1c5a0cbea1/31221468210609484860409183864532577577041700613675444716595920226587732227190.json
0xc4f0ee96676d3de800b9725eb628de1c5a0cbea1,77,65929679735845116927439867739438624115109737560452263431315871463539431070873,65929679735845116927439867739438624115109737560452263431315871463539431070873,QmbaD6axLzmMAqCz42SBXy3ypZ3CgwPLM5cQzm38e5Ge8t,ops/cdn-retirement-phase2/step3/v3-docs/0xc4f0ee96676d3de800b9725eb628de1c5a0cbea1/65929679735845116927439867739438624115109737560452263431315871463539431070873.json
0xc4f0ee96676d3de800b9725eb628de1c5a0cbea1,77,71287885707144772904583885620176228016693055630019732369863905836193834145341,71287885707144772904583885620176228016693055630019732369863905836193834145341,Qmcv4kfLqR4CEJGTg3xFxBE9NL3omFYbKrypkS3GRwXPBy,ops/cdn-retirement-phase2/step3/v3-docs/0xc4f0ee96676d3de800b9725eb628de1c5a0cbea1/71287885707144772904583885620176228016693055630019732369863905836193834145341.json
0xc4f0ee96676d3de800b9725eb628de1c5a0cbea1,77,87329314989335775336461258166202186746543912634975442811164605982738420999903,87329314989335775336461258166202186746543912634975442811164605982738420999903,Qmd6MAB6YodW9teVjrD9XniBFSzVfQgG17LV42ZV39sVuc,ops/cdn-retirement-phase2/step3/v3-docs/0xc4f0ee96676d3de800b9725eb628de1c5a0cbea1/87329314989335775336461258166202186746543912634975442811164605982738420999903.json
0xc4f0ee96676d3de800b9725eb628de1c5a0cbea1,78,21448038574106388099498729698156229932988054978307315072895959449711736813797,21448038574106388099498729698156229932988054978307315072895959449711736813797,QmTz4TfGEQR4m29dytaA92qSg8WwEKGyLBqV3FuhhpGxqQ,ops/cdn-retirement-phase2/step3/v3-docs/0xc4f0ee96676d3de800b9725eb628de1c5a0cbea1/21448038574106388099498729698156229932988054978307315072895959449711736813797.json
0xc4f0ee96676d3de800b9725eb628de1c5a0cbea1,78,30154321245016221480147636494972145704944840675743022290291572601234813269411,30154321245016221480147636494972145704944840675743022290291572601234813269411,QmXqAqqRhgW8zGDbd25VznGooEWRY5C28Cgy4KH8GnRh1E,ops/cdn-retirement-phase2/step3/v3-docs/0xc4f0ee96676d3de800b9725eb628de1c5a0cbea1/30154321245016221480147636494972145704944840675743022290291572601234813269411.json
0xc4f0ee96676d3de800b9725eb628de1c5a0cbea1,78,31221468210609484860409183864532577577041700613675444716595920226587732227191,31221468210609484860409183864532577577041700613675444716595920226587732227191,QmcFz2BX3VkZmifak1aj9AwCEDgcLHU4sXMUpkAz6iT8HE,ops/cdn-retirement-phase2/step3/v3-docs/0xc4f0ee96676d3de800b9725eb628de1c5a0cbea1/31221468210609484860409183864532577577041700613675444716595920226587732227191.json
0xc4f0ee96676d3de800b9725eb628de1c5a0cbea1,78,65929679735845116927439867739438624115109737560452263431315871463539431070874,65929679735845116927439867739438624115109737560452263431315871463539431070874,QmSnizMiCAk44LupW7FjjENdtjffgj7gW2T2wV8dtNX4Wr,ops/cdn-retirement-phase2/step3/v3-docs/0xc4f0ee96676d3de800b9725eb628de1c5a0cbea1/65929679735845116927439867739438624115109737560452263431315871463539431070874.json
0xc4f0ee96676d3de800b9725eb628de1c5a0cbea1,78,71287885707144772904583885620176228016693055630019732369863905836193834145342,71287885707144772904583885620176228016693055630019732369863905836193834145342,QmUcfvJtd3nKTwfJc7S7Y6cbaP8maYWwaM4DhUR3isBMEz,ops/cdn-retirement-phase2/step3/v3-docs/0xc4f0ee96676d3de800b9725eb628de1c5a0cbea1/71287885707144772904583885620176228016693055630019732369863905836193834145342.json
0xc4f0ee96676d3de800b9725eb628de1c5a0cbea1,78,87329314989335775336461258166202186746543912634975442811164605982738420999904,87329314989335775336461258166202186746543912634975442811164605982738420999904,Qmb99QoYhhgcqfWk1kNUujrnctjXuPxP8oZhbBwuXWCZgx,ops/cdn-retirement-phase2/step3/v3-docs/0xc4f0ee96676d3de800b9725eb628de1c5a0cbea1/87329314989335775336461258166202186746543912634975442811164605982738420999904.json
0xc4f0ee96676d3de800b9725eb628de1c5a0cbea1,79,21448038574106388099498729698156229932988054978307315072895959449711736813798,21448038574106388099498729698156229932988054978307315072895959449711736813798,QmbtWVmJLwi8ikzmgmndtZqgEzbwi4euG4MDtDhXEZLY4t,ops/cdn-retirement-phase2/step3/v3-docs/0xc4f0ee96676d3de800b9725eb628de1c5a0cbea1/21448038574106388099498729698156229932988054978307315072895959449711736813798.json
0xc4f0ee96676d3de800b9725eb628de1c5a0cbea1,79,30154321245016221480147636494972145704944840675743022290291572601234813269412,30154321245016221480147636494972145704944840675743022290291572601234813269412,QmThN83wBtoPziAmEw4WsnMkSHcjQpdDJT12Xasdv4cEt4,ops/cdn-retirement-phase2/step3/v3-docs/0xc4f0ee96676d3de800b9725eb628de1c5a0cbea1/30154321245016221480147636494972145704944840675743022290291572601234813269412.json
0xc4f0ee96676d3de800b9725eb628de1c5a0cbea1,79,31221468210609484860409183864532577577041700613675444716595920226587732227192,31221468210609484860409183864532577577041700613675444716595920226587732227192,QmVUPi8p66w8P7DmtTqdkhogFmewCKmLVHfxoR5gGbGDPx,ops/cdn-retirement-phase2/step3/v3-docs/0xc4f0ee96676d3de800b9725eb628de1c5a0cbea1/31221468210609484860409183864532577577041700613675444716595920226587732227192.json
0xc4f0ee96676d3de800b9725eb628de1c5a0cbea1,79,65929679735845116927439867739438624115109737560452263431315871463539431070875,65929679735845116927439867739438624115109737560452263431315871463539431070875,QmVyWYi5Jpo8tqAkqBQMmzi6zTVUrvY1GkC6H3vP8LXN98,ops/cdn-retirement-phase2/step3/v3-docs/0xc4f0ee96676d3de800b9725eb628de1c5a0cbea1/65929679735845116927439867739438624115109737560452263431315871463539431070875.json
0xc4f0ee96676d3de800b9725eb628de1c5a0cbea1,79,71287885707144772904583885620176228016693055630019732369863905836193834145343,71287885707144772904583885620176228016693055630019732369863905836193834145343,QmbFPw7FEQdPBM77en5RkAvfnbmU5yKBbbXLdj3gECJuMF,ops/cdn-retirement-phase2/step3/v3-docs/0xc4f0ee96676d3de800b9725eb628de1c5a0cbea1/71287885707144772904583885620176228016693055630019732369863905836193834145343.json
0xc4f0ee96676d3de800b9725eb628de1c5a0cbea1,79,87329314989335775336461258166202186746543912634975442811164605982738420999905,87329314989335775336461258166202186746543912634975442811164605982738420999905,QmWzfmt6HcPQEhxTdCincLtgyLGJ2rLX5GYNPcKJv1bzRn,ops/cdn-retirement-phase2/step3/v3-docs/0xc4f0ee96676d3de800b9725eb628de1c5a0cbea1/87329314989335775336461258166202186746543912634975442811164605982738420999905.json
0xc4f0ee96676d3de800b9725eb628de1c5a0cbea1,8,21448038574106388099498729698156229932988054978307315072895959449711736813727,21448038574106388099498729698156229932988054978307315072895959449711736813727,QmU8AK9GCyxQEGMnXX3D9hxDqcwwf9j3xi9QrZtwZtWtqi,ops/cdn-retirement-phase2/step3/v3-docs/0xc4f0ee96676d3de800b9725eb628de1c5a0cbea1/21448038574106388099498729698156229932988054978307315072895959449711736813727.json
0xc4f0ee96676d3de800b9725eb628de1c5a0cbea1,8,30154321245016221480147636494972145704944840675743022290291572601234813269341,30154321245016221480147636494972145704944840675743022290291572601234813269341,Qmeuo5teCFmehX35vUD8GqZK7hLkaHS6tTDbGEuCnTfo5X,ops/cdn-retirement-phase2/step3/v3-docs/0xc4f0ee96676d3de800b9725eb628de1c5a0cbea1/30154321245016221480147636494972145704944840675743022290291572601234813269341.json
0xc4f0ee96676d3de800b9725eb628de1c5a0cbea1,8,31221468210609484860409183864532577577041700613675444716595920226587732227121,31221468210609484860409183864532577577041700613675444716595920226587732227121,QmPFojgS8biZFdUucWjNjRHvBMqGqtU3msmkqeZv34LL2m,ops/cdn-retirement-phase2/step3/v3-docs/0xc4f0ee96676d3de800b9725eb628de1c5a0cbea1/31221468210609484860409183864532577577041700613675444716595920226587732227121.json
0xc4f0ee96676d3de800b9725eb628de1c5a0cbea1,8,65929679735845116927439867739438624115109737560452263431315871463539431070804,65929679735845116927439867739438624115109737560452263431315871463539431070804,QmYssryfbY22DPrNJ7qenvg2DMDoCvTHfnhmH3aLA3ScuM,ops/cdn-retirement-phase2/step3/v3-docs/0xc4f0ee96676d3de800b9725eb628de1c5a0cbea1/65929679735845116927439867739438624115109737560452263431315871463539431070804.json
0xc4f0ee96676d3de800b9725eb628de1c5a0cbea1,8,71287885707144772904583885620176228016693055630019732369863905836193834145272,71287885707144772904583885620176228016693055630019732369863905836193834145272,QmWxHTeUPz9oeL9DruWMAZ49j3jed1KAF8JsNBsW8Dp783,ops/cdn-retirement-phase2/step3/v3-docs/0xc4f0ee96676d3de800b9725eb628de1c5a0cbea1/71287885707144772904583885620176228016693055630019732369863905836193834145272.json
0xc4f0ee96676d3de800b9725eb628de1c5a0cbea1,8,87329314989335775336461258166202186746543912634975442811164605982738420999834,87329314989335775336461258166202186746543912634975442811164605982738420999834,QmaxyknH18qgY6j3dP884kyDTmxQPoAhc6yMJPLjNX74Ae,ops/cdn-retirement-phase2/step3/v3-docs/0xc4f0ee96676d3de800b9725eb628de1c5a0cbea1/87329314989335775336461258166202186746543912634975442811164605982738420999834.json
0xc4f0ee96676d3de800b9725eb628de1c5a0cbea1,80,21448038574106388099498729698156229932988054978307315072895959449711736813799,21448038574106388099498729698156229932988054978307315072895959449711736813799,QmcZyMYUyePCwFGGVt3bL9ucagF87Sqam3sxVkCZJ6tWiz,ops/cdn-retirement-phase2/step3/v3-docs/0xc4f0ee96676d3de800b9725eb628de1c5a0cbea1/21448038574106388099498729698156229932988054978307315072895959449711736813799.json
0xc4f0ee96676d3de800b9725eb628de1c5a0cbea1,80,30154321245016221480147636494972145704944840675743022290291572601234813269413,30154321245016221480147636494972145704944840675743022290291572601234813269413,QmWqaRHCSbtNfQaNKmHaPExXG4PTraKvqNvVQP6rvP1ntu,ops/cdn-retirement-phase2/step3/v3-docs/0xc4f0ee96676d3de800b9725eb628de1c5a0cbea1/30154321245016221480147636494972145704944840675743022290291572601234813269413.json
0xc4f0ee96676d3de800b9725eb628de1c5a0cbea1,80,31221468210609484860409183864532577577041700613675444716595920226587732227193,31221468210609484860409183864532577577041700613675444716595920226587732227193,QmQNhDb9DohGX8wnViAEN2omv3esJrEB2iT3Zxkzavqrni,ops/cdn-retirement-phase2/step3/v3-docs/0xc4f0ee96676d3de800b9725eb628de1c5a0cbea1/31221468210609484860409183864532577577041700613675444716595920226587732227193.json
0xc4f0ee96676d3de800b9725eb628de1c5a0cbea1,80,65929679735845116927439867739438624115109737560452263431315871463539431070876,65929679735845116927439867739438624115109737560452263431315871463539431070876,QmWAkUiYbGRAa154CBvevroSGJBAJR7TM7fwKBhMrLaKx6,ops/cdn-retirement-phase2/step3/v3-docs/0xc4f0ee96676d3de800b9725eb628de1c5a0cbea1/65929679735845116927439867739438624115109737560452263431315871463539431070876.json
0xc4f0ee96676d3de800b9725eb628de1c5a0cbea1,80,71287885707144772904583885620176228016693055630019732369863905836193834145344,71287885707144772904583885620176228016693055630019732369863905836193834145344,QmVQyxSPK5Krv77HenM5qkd2nhTg2ExEptPy2Z33BiXeQF,ops/cdn-retirement-phase2/step3/v3-docs/0xc4f0ee96676d3de800b9725eb628de1c5a0cbea1/71287885707144772904583885620176228016693055630019732369863905836193834145344.json
0xc4f0ee96676d3de800b9725eb628de1c5a0cbea1,80,87329314989335775336461258166202186746543912634975442811164605982738420999906,87329314989335775336461258166202186746543912634975442811164605982738420999906,QmUee3iMPwLoavw1d4W5kynzgprxTiniCGFuzhxF2w25J3,ops/cdn-retirement-phase2/step3/v3-docs/0xc4f0ee96676d3de800b9725eb628de1c5a0cbea1/87329314989335775336461258166202186746543912634975442811164605982738420999906.json
0xc4f0ee96676d3de800b9725eb628de1c5a0cbea1,81,21448038574106388099498729698156229932988054978307315072895959449711736813800,21448038574106388099498729698156229932988054978307315072895959449711736813800,QmRv2K87gi7N6ZAPDjfaYA1mFKarb4ckJ15YT9iLLMzRP9,ops/cdn-retirement-phase2/step3/v3-docs/0xc4f0ee96676d3de800b9725eb628de1c5a0cbea1/21448038574106388099498729698156229932988054978307315072895959449711736813800.json
0xc4f0ee96676d3de800b9725eb628de1c5a0cbea1,81,30154321245016221480147636494972145704944840675743022290291572601234813269414,30154321245016221480147636494972145704944840675743022290291572601234813269414,Qmefmgtxif85aa7Hkic1eb1jdNUihumn1C1W1DyD7fULbP,ops/cdn-retirement-phase2/step3/v3-docs/0xc4f0ee96676d3de800b9725eb628de1c5a0cbea1/30154321245016221480147636494972145704944840675743022290291572601234813269414.json
0xc4f0ee96676d3de800b9725eb628de1c5a0cbea1,81,31221468210609484860409183864532577577041700613675444716595920226587732227194,31221468210609484860409183864532577577041700613675444716595920226587732227194,QmVvELa4SeXj9ehUKufrPrATsdQ3kQ25cDS8p6wQ4jBprV,ops/cdn-retirement-phase2/step3/v3-docs/0xc4f0ee96676d3de800b9725eb628de1c5a0cbea1/31221468210609484860409183864532577577041700613675444716595920226587732227194.json
0xc4f0ee96676d3de800b9725eb628de1c5a0cbea1,81,65929679735845116927439867739438624115109737560452263431315871463539431070877,65929679735845116927439867739438624115109737560452263431315871463539431070877,Qmd1eBL9PFxLmGpPX3ZEFXUoRS3EjLA7PxwwrnwphBKfNG,ops/cdn-retirement-phase2/step3/v3-docs/0xc4f0ee96676d3de800b9725eb628de1c5a0cbea1/65929679735845116927439867739438624115109737560452263431315871463539431070877.json
0xc4f0ee96676d3de800b9725eb628de1c5a0cbea1,81,71287885707144772904583885620176228016693055630019732369863905836193834145345,71287885707144772904583885620176228016693055630019732369863905836193834145345,QmUoThxpUWDATghy2Nspsxmcydfu9svL6Wrufxr1G841aD,ops/cdn-retirement-phase2/step3/v3-docs/0xc4f0ee96676d3de800b9725eb628de1c5a0cbea1/71287885707144772904583885620176228016693055630019732369863905836193834145345.json
0xc4f0ee96676d3de800b9725eb628de1c5a0cbea1,81,87329314989335775336461258166202186746543912634975442811164605982738420999907,87329314989335775336461258166202186746543912634975442811164605982738420999907,QmQ8Xoqu6a519dKD4CtfBsCjoENga7B1oi4iaqbRV8Hp6H,ops/cdn-retirement-phase2/step3/v3-docs/0xc4f0ee96676d3de800b9725eb628de1c5a0cbea1/87329314989335775336461258166202186746543912634975442811164605982738420999907.json
0xc4f0ee96676d3de800b9725eb628de1c5a0cbea1,82,21448038574106388099498729698156229932988054978307315072895959449711736813801,21448038574106388099498729698156229932988054978307315072895959449711736813801,QmcT8eDgbLpvK3ThDcbq2a57aECa8cpWTufb6CBzKHMVCs,ops/cdn-retirement-phase2/step3/v3-docs/0xc4f0ee96676d3de800b9725eb628de1c5a0cbea1/21448038574106388099498729698156229932988054978307315072895959449711736813801.json
0xc4f0ee96676d3de800b9725eb628de1c5a0cbea1,82,30154321245016221480147636494972145704944840675743022290291572601234813269415,30154321245016221480147636494972145704944840675743022290291572601234813269415,QmXdNAAMsP2Vto3reQrEVeVL8fzn5kwRuDe57NCTRZfu1M,ops/cdn-retirement-phase2/step3/v3-docs/0xc4f0ee96676d3de800b9725eb628de1c5a0cbea1/30154321245016221480147636494972145704944840675743022290291572601234813269415.json
0xc4f0ee96676d3de800b9725eb628de1c5a0cbea1,82,31221468210609484860409183864532577577041700613675444716595920226587732227195,31221468210609484860409183864532577577041700613675444716595920226587732227195,QmfYeYEQAXFwcNJHTyGtbtn3sA2orAQLWwjbQxYGfbwRjP,ops/cdn-retirement-phase2/step3/v3-docs/0xc4f0ee96676d3de800b9725eb628de1c5a0cbea1/31221468210609484860409183864532577577041700613675444716595920226587732227195.json
0xc4f0ee96676d3de800b9725eb628de1c5a0cbea1,82,65929679735845116927439867739438624115109737560452263431315871463539431070878,65929679735845116927439867739438624115109737560452263431315871463539431070878,QmQqtoMK2nMFkpmAS1hyj7DiXxrXgu6ZSrLkNFsmxyx1im,ops/cdn-retirement-phase2/step3/v3-docs/0xc4f0ee96676d3de800b9725eb628de1c5a0cbea1/65929679735845116927439867739438624115109737560452263431315871463539431070878.json
0xc4f0ee96676d3de800b9725eb628de1c5a0cbea1,82,71287885707144772904583885620176228016693055630019732369863905836193834145346,71287885707144772904583885620176228016693055630019732369863905836193834145346,Qmc44whBPzRrExPh4LuF4JFsuW2DJVPJ82TqVUrK8XbWoR,ops/cdn-retirement-phase2/step3/v3-docs/0xc4f0ee96676d3de800b9725eb628de1c5a0cbea1/71287885707144772904583885620176228016693055630019732369863905836193834145346.json
0xc4f0ee96676d3de800b9725eb628de1c5a0cbea1,82,87329314989335775336461258166202186746543912634975442811164605982738420999908,87329314989335775336461258166202186746543912634975442811164605982738420999908,QmVVF2Hmx2LWJ6PXuk2ggrFrZpG8WtWFnrjekiqENk8QYE,ops/cdn-retirement-phase2/step3/v3-docs/0xc4f0ee96676d3de800b9725eb628de1c5a0cbea1/87329314989335775336461258166202186746543912634975442811164605982738420999908.json
0xc4f0ee96676d3de800b9725eb628de1c5a0cbea1,83,21448038574106388099498729698156229932988054978307315072895959449711736813802,21448038574106388099498729698156229932988054978307315072895959449711736813802,QmWJ4Ru6ycwi8YTJbr5bSSerwkhG5DSeAdW4FavKd4pnc6,ops/cdn-retirement-phase2/step3/v3-docs/0xc4f0ee96676d3de800b9725eb628de1c5a0cbea1/21448038574106388099498729698156229932988054978307315072895959449711736813802.json
0xc4f0ee96676d3de800b9725eb628de1c5a0cbea1,83,30154321245016221480147636494972145704944840675743022290291572601234813269416,30154321245016221480147636494972145704944840675743022290291572601234813269416,QmbTkZ9dJUVAypUNwaxa1eJkeMSGRcXiVgXr27pCLy2chH,ops/cdn-retirement-phase2/step3/v3-docs/0xc4f0ee96676d3de800b9725eb628de1c5a0cbea1/30154321245016221480147636494972145704944840675743022290291572601234813269416.json
0xc4f0ee96676d3de800b9725eb628de1c5a0cbea1,83,31221468210609484860409183864532577577041700613675444716595920226587732227196,31221468210609484860409183864532577577041700613675444716595920226587732227196,QmPutSbDjN36R7CrrFdxC9iqckpkq3LH2vRBVf9pHtscya,ops/cdn-retirement-phase2/step3/v3-docs/0xc4f0ee96676d3de800b9725eb628de1c5a0cbea1/31221468210609484860409183864532577577041700613675444716595920226587732227196.json
0xc4f0ee96676d3de800b9725eb628de1c5a0cbea1,83,65929679735845116927439867739438624115109737560452263431315871463539431070879,65929679735845116927439867739438624115109737560452263431315871463539431070879,QmfXN4ek1G9eRbpviZoxQLmEYzTxWiKN2sNwjxUyuWu6K9,ops/cdn-retirement-phase2/step3/v3-docs/0xc4f0ee96676d3de800b9725eb628de1c5a0cbea1/65929679735845116927439867739438624115109737560452263431315871463539431070879.json
0xc4f0ee96676d3de800b9725eb628de1c5a0cbea1,83,71287885707144772904583885620176228016693055630019732369863905836193834145347,71287885707144772904583885620176228016693055630019732369863905836193834145347,QmRcKGgFJRNdzoKrsHCdJ3EoLYDnGYuMoiu9NVtuAtHw1D,ops/cdn-retirement-phase2/step3/v3-docs/0xc4f0ee96676d3de800b9725eb628de1c5a0cbea1/71287885707144772904583885620176228016693055630019732369863905836193834145347.json
0xc4f0ee96676d3de800b9725eb628de1c5a0cbea1,83,87329314989335775336461258166202186746543912634975442811164605982738420999909,87329314989335775336461258166202186746543912634975442811164605982738420999909,QmazgWgLNjxdaUAJcLXTLASJw7WSEQF66gywx4AYjhuA5q,ops/cdn-retirement-phase2/step3/v3-docs/0xc4f0ee96676d3de800b9725eb628de1c5a0cbea1/87329314989335775336461258166202186746543912634975442811164605982738420999909.json
0xc4f0ee96676d3de800b9725eb628de1c5a0cbea1,84,21448038574106388099498729698156229932988054978307315072895959449711736813803,21448038574106388099498729698156229932988054978307315072895959449711736813803,QmWkwaUDskMFkFs491BbSbHGG9FAEUDxMHycpH8MbMSHx5,ops/cdn-retirement-phase2/step3/v3-docs/0xc4f0ee96676d3de800b9725eb628de1c5a0cbea1/21448038574106388099498729698156229932988054978307315072895959449711736813803.json
0xc4f0ee96676d3de800b9725eb628de1c5a0cbea1,84,30154321245016221480147636494972145704944840675743022290291572601234813269417,30154321245016221480147636494972145704944840675743022290291572601234813269417,QmQw6ytiRDyjYUpfhhp5kaaZkWoKJ57eueRu8B2rgwDcnj,ops/cdn-retirement-phase2/step3/v3-docs/0xc4f0ee96676d3de800b9725eb628de1c5a0cbea1/30154321245016221480147636494972145704944840675743022290291572601234813269417.json
0xc4f0ee96676d3de800b9725eb628de1c5a0cbea1,84,31221468210609484860409183864532577577041700613675444716595920226587732227197,31221468210609484860409183864532577577041700613675444716595920226587732227197,QmTeEVNa9uJqSFG5e7wwgzmiKXAzfLyi8N4VGX1scjjugq,ops/cdn-retirement-phase2/step3/v3-docs/0xc4f0ee96676d3de800b9725eb628de1c5a0cbea1/31221468210609484860409183864532577577041700613675444716595920226587732227197.json
0xc4f0ee96676d3de800b9725eb628de1c5a0cbea1,84,65929679735845116927439867739438624115109737560452263431315871463539431070880,65929679735845116927439867739438624115109737560452263431315871463539431070880,QmUxyvSKnm5wbiQRNLY8qAPHReLaLr24ENH9dD973dRRcg,ops/cdn-retirement-phase2/step3/v3-docs/0xc4f0ee96676d3de800b9725eb628de1c5a0cbea1/65929679735845116927439867739438624115109737560452263431315871463539431070880.json
0xc4f0ee96676d3de800b9725eb628de1c5a0cbea1,84,71287885707144772904583885620176228016693055630019732369863905836193834145348,71287885707144772904583885620176228016693055630019732369863905836193834145348,QmXzFCuHfpVUkLX3kqQCV5zWjNcmBRisyHTXN7D9vacsmq,ops/cdn-retirement-phase2/step3/v3-docs/0xc4f0ee96676d3de800b9725eb628de1c5a0cbea1/71287885707144772904583885620176228016693055630019732369863905836193834145348.json
0xc4f0ee96676d3de800b9725eb628de1c5a0cbea1,84,87329314989335775336461258166202186746543912634975442811164605982738420999910,87329314989335775336461258166202186746543912634975442811164605982738420999910,QmT55yg21EjnCdg7BKFLRk4mpB9Ce33CMr5pfwav9AjkbH,ops/cdn-retirement-phase2/step3/v3-docs/0xc4f0ee96676d3de800b9725eb628de1c5a0cbea1/87329314989335775336461258166202186746543912634975442811164605982738420999910.json
0xc4f0ee96676d3de800b9725eb628de1c5a0cbea1,85,21448038574106388099498729698156229932988054978307315072895959449711736813804,21448038574106388099498729698156229932988054978307315072895959449711736813804,QmWta6fVnkaEY45J27ybVCoVqkcfrPxsAKS2d57gWnBjpS,ops/cdn-retirement-phase2/step3/v3-docs/0xc4f0ee96676d3de800b9725eb628de1c5a0cbea1/21448038574106388099498729698156229932988054978307315072895959449711736813804.json
0xc4f0ee96676d3de800b9725eb628de1c5a0cbea1,85,30154321245016221480147636494972145704944840675743022290291572601234813269418,30154321245016221480147636494972145704944840675743022290291572601234813269418,QmQt9N1hkExw9DNBLyxWj5rHQeYd2NEs6q71TL1oMuo2kn,ops/cdn-retirement-phase2/step3/v3-docs/0xc4f0ee96676d3de800b9725eb628de1c5a0cbea1/30154321245016221480147636494972145704944840675743022290291572601234813269418.json
0xc4f0ee96676d3de800b9725eb628de1c5a0cbea1,85,31221468210609484860409183864532577577041700613675444716595920226587732227198,31221468210609484860409183864532577577041700613675444716595920226587732227198,QmWRRxkUpAW1G8YkKBfGkTcwpmoDzyjhpE4Y1ybETDkbGo,ops/cdn-retirement-phase2/step3/v3-docs/0xc4f0ee96676d3de800b9725eb628de1c5a0cbea1/31221468210609484860409183864532577577041700613675444716595920226587732227198.json
0xc4f0ee96676d3de800b9725eb628de1c5a0cbea1,85,65929679735845116927439867739438624115109737560452263431315871463539431070881,65929679735845116927439867739438624115109737560452263431315871463539431070881,Qmc7gzfgkfm2qLgQGYaHWKWmu4THVNaFrg1yjHWdBEjzgM,ops/cdn-retirement-phase2/step3/v3-docs/0xc4f0ee96676d3de800b9725eb628de1c5a0cbea1/65929679735845116927439867739438624115109737560452263431315871463539431070881.json
0xc4f0ee96676d3de800b9725eb628de1c5a0cbea1,85,71287885707144772904583885620176228016693055630019732369863905836193834145349,71287885707144772904583885620176228016693055630019732369863905836193834145349,QmXd4VnBDoYFMCi698bV2wdhEunPhp9g6k6QuEvekakfCd,ops/cdn-retirement-phase2/step3/v3-docs/0xc4f0ee96676d3de800b9725eb628de1c5a0cbea1/71287885707144772904583885620176228016693055630019732369863905836193834145349.json
0xc4f0ee96676d3de800b9725eb628de1c5a0cbea1,85,87329314989335775336461258166202186746543912634975442811164605982738420999911,87329314989335775336461258166202186746543912634975442811164605982738420999911,QmaCqGAoZZoiqs27ep7HQPpN4evf3YxW2NpWuNPMo6Svnu,ops/cdn-retirement-phase2/step3/v3-docs/0xc4f0ee96676d3de800b9725eb628de1c5a0cbea1/87329314989335775336461258166202186746543912634975442811164605982738420999911.json
0xc4f0ee96676d3de800b9725eb628de1c5a0cbea1,86,21448038574106388099498729698156229932988054978307315072895959449711736813805,21448038574106388099498729698156229932988054978307315072895959449711736813805,QmVr9CrFQD5ycYGMjbsenQ6zFsFcS6DVnY8pbVpSAU7Dwo,ops/cdn-retirement-phase2/step3/v3-docs/0xc4f0ee96676d3de800b9725eb628de1c5a0cbea1/21448038574106388099498729698156229932988054978307315072895959449711736813805.json
0xc4f0ee96676d3de800b9725eb628de1c5a0cbea1,86,30154321245016221480147636494972145704944840675743022290291572601234813269419,30154321245016221480147636494972145704944840675743022290291572601234813269419,QmQLeohU97GboUcwBdRcT9tzNEz8gJkceen5HaATzQu12J,ops/cdn-retirement-phase2/step3/v3-docs/0xc4f0ee96676d3de800b9725eb628de1c5a0cbea1/30154321245016221480147636494972145704944840675743022290291572601234813269419.json
0xc4f0ee96676d3de800b9725eb628de1c5a0cbea1,86,31221468210609484860409183864532577577041700613675444716595920226587732227199,31221468210609484860409183864532577577041700613675444716595920226587732227199,Qma5Vc45iVnZZAtwwA5AqUUzup7RQh7Qx2sndzcgcXiUdQ,ops/cdn-retirement-phase2/step3/v3-docs/0xc4f0ee96676d3de800b9725eb628de1c5a0cbea1/31221468210609484860409183864532577577041700613675444716595920226587732227199.json
0xc4f0ee96676d3de800b9725eb628de1c5a0cbea1,86,65929679735845116927439867739438624115109737560452263431315871463539431070882,65929679735845116927439867739438624115109737560452263431315871463539431070882,QmWGsshf27JSUt7CGycuXXQrtVW4SEVXvaD6xe4ig8T5gm,ops/cdn-retirement-phase2/step3/v3-docs/0xc4f0ee96676d3de800b9725eb628de1c5a0cbea1/65929679735845116927439867739438624115109737560452263431315871463539431070882.json
0xc4f0ee96676d3de800b9725eb628de1c5a0cbea1,86,71287885707144772904583885620176228016693055630019732369863905836193834145350,71287885707144772904583885620176228016693055630019732369863905836193834145350,QmWfJ47ekiy1h5vCwa4DUx8qiuhnFCAvSuapeTXtXYQZnt,ops/cdn-retirement-phase2/step3/v3-docs/0xc4f0ee96676d3de800b9725eb628de1c5a0cbea1/71287885707144772904583885620176228016693055630019732369863905836193834145350.json
0xc4f0ee96676d3de800b9725eb628de1c5a0cbea1,86,87329314989335775336461258166202186746543912634975442811164605982738420999912,87329314989335775336461258166202186746543912634975442811164605982738420999912,QmWeeL9hnnKvWp2gA5TxqwXq4bPPv66T8xVFnYY3guNzaP,ops/cdn-retirement-phase2/step3/v3-docs/0xc4f0ee96676d3de800b9725eb628de1c5a0cbea1/87329314989335775336461258166202186746543912634975442811164605982738420999912.json
0xc4f0ee96676d3de800b9725eb628de1c5a0cbea1,87,21448038574106388099498729698156229932988054978307315072895959449711736813806,21448038574106388099498729698156229932988054978307315072895959449711736813806,QmbA6HJk3hadiWgCRy4Uz66tfpynq5SxJfXo2GcJtr9SaH,ops/cdn-retirement-phase2/step3/v3-docs/0xc4f0ee96676d3de800b9725eb628de1c5a0cbea1/21448038574106388099498729698156229932988054978307315072895959449711736813806.json
0xc4f0ee96676d3de800b9725eb628de1c5a0cbea1,87,30154321245016221480147636494972145704944840675743022290291572601234813269420,30154321245016221480147636494972145704944840675743022290291572601234813269420,QmRF354FRiDPo1srgMaAMZZbEeLa6tH6pWm9HvnzDYraPT,ops/cdn-retirement-phase2/step3/v3-docs/0xc4f0ee96676d3de800b9725eb628de1c5a0cbea1/30154321245016221480147636494972145704944840675743022290291572601234813269420.json
0xc4f0ee96676d3de800b9725eb628de1c5a0cbea1,87,31221468210609484860409183864532577577041700613675444716595920226587732227200,31221468210609484860409183864532577577041700613675444716595920226587732227200,QmV1zbGYbKKP9J1tLZRGzh784ydDSXvEqJR6Sm8ePDSMia,ops/cdn-retirement-phase2/step3/v3-docs/0xc4f0ee96676d3de800b9725eb628de1c5a0cbea1/31221468210609484860409183864532577577041700613675444716595920226587732227200.json
0xc4f0ee96676d3de800b9725eb628de1c5a0cbea1,87,65929679735845116927439867739438624115109737560452263431315871463539431070883,65929679735845116927439867739438624115109737560452263431315871463539431070883,QmZTLJcPLf3zgnnzeFMZM6B1EWRFg4KoisNrEwYeAZ4kU2,ops/cdn-retirement-phase2/step3/v3-docs/0xc4f0ee96676d3de800b9725eb628de1c5a0cbea1/65929679735845116927439867739438624115109737560452263431315871463539431070883.json
0xc4f0ee96676d3de800b9725eb628de1c5a0cbea1,87,71287885707144772904583885620176228016693055630019732369863905836193834145351,71287885707144772904583885620176228016693055630019732369863905836193834145351,QmQb9oP9rwj9GMRU2Ku4A7Gt6h9u3vGjE7mz6wYCah2Nes,ops/cdn-retirement-phase2/step3/v3-docs/0xc4f0ee96676d3de800b9725eb628de1c5a0cbea1/71287885707144772904583885620176228016693055630019732369863905836193834145351.json
0xc4f0ee96676d3de800b9725eb628de1c5a0cbea1,87,87329314989335775336461258166202186746543912634975442811164605982738420999913,87329314989335775336461258166202186746543912634975442811164605982738420999913,QmeBaMd3nG71cV64VC3ELWoDHJ7H8eREoJ7997oCbU1G3s,ops/cdn-retirement-phase2/step3/v3-docs/0xc4f0ee96676d3de800b9725eb628de1c5a0cbea1/87329314989335775336461258166202186746543912634975442811164605982738420999913.json
0xc4f0ee96676d3de800b9725eb628de1c5a0cbea1,88,21448038574106388099498729698156229932988054978307315072895959449711736813807,21448038574106388099498729698156229932988054978307315072895959449711736813807,QmTee13exvYkrvNtSSQ2jPd8FXuXSGW1977D5bG27JUccR,ops/cdn-retirement-phase2/step3/v3-docs/0xc4f0ee96676d3de800b9725eb628de1c5a0cbea1/21448038574106388099498729698156229932988054978307315072895959449711736813807.json
0xc4f0ee96676d3de800b9725eb628de1c5a0cbea1,88,30154321245016221480147636494972145704944840675743022290291572601234813269421,30154321245016221480147636494972145704944840675743022290291572601234813269421,QmRJGvph31D9Lwdf1g7Fnd6EGQceBZpVZQzk7qAmG1hy92,ops/cdn-retirement-phase2/step3/v3-docs/0xc4f0ee96676d3de800b9725eb628de1c5a0cbea1/30154321245016221480147636494972145704944840675743022290291572601234813269421.json
0xc4f0ee96676d3de800b9725eb628de1c5a0cbea1,88,31221468210609484860409183864532577577041700613675444716595920226587732227201,31221468210609484860409183864532577577041700613675444716595920226587732227201,QmQ91SM2izqMekCTpFARSGgNbVJqJDH5U241FAkQ9aJcpV,ops/cdn-retirement-phase2/step3/v3-docs/0xc4f0ee96676d3de800b9725eb628de1c5a0cbea1/31221468210609484860409183864532577577041700613675444716595920226587732227201.json
0xc4f0ee96676d3de800b9725eb628de1c5a0cbea1,88,65929679735845116927439867739438624115109737560452263431315871463539431070884,65929679735845116927439867739438624115109737560452263431315871463539431070884,QmXiDwo5qyaYgxpWNyKDSVvU8XFeGZA75DDeLTH1rVmsaz,ops/cdn-retirement-phase2/step3/v3-docs/0xc4f0ee96676d3de800b9725eb628de1c5a0cbea1/65929679735845116927439867739438624115109737560452263431315871463539431070884.json
0xc4f0ee96676d3de800b9725eb628de1c5a0cbea1,88,71287885707144772904583885620176228016693055630019732369863905836193834145352,71287885707144772904583885620176228016693055630019732369863905836193834145352,QmdeT7ZJqwgbjNbMoD6ScynxqCkdBxxrYreYV9o6hxj7y6,ops/cdn-retirement-phase2/step3/v3-docs/0xc4f0ee96676d3de800b9725eb628de1c5a0cbea1/71287885707144772904583885620176228016693055630019732369863905836193834145352.json
0xc4f0ee96676d3de800b9725eb628de1c5a0cbea1,88,87329314989335775336461258166202186746543912634975442811164605982738420999914,87329314989335775336461258166202186746543912634975442811164605982738420999914,QmYiSZvZu4fMe3o3rUwtac5QSczKa1fc6vG4qgkn115Cx4,ops/cdn-retirement-phase2/step3/v3-docs/0xc4f0ee96676d3de800b9725eb628de1c5a0cbea1/87329314989335775336461258166202186746543912634975442811164605982738420999914.json
0xc4f0ee96676d3de800b9725eb628de1c5a0cbea1,89,21448038574106388099498729698156229932988054978307315072895959449711736813808,21448038574106388099498729698156229932988054978307315072895959449711736813808,QmQfgitCkV3T8StjW9eiiQbEGWisFD4cnAe1LVjNNajoUd,ops/cdn-retirement-phase2/step3/v3-docs/0xc4f0ee96676d3de800b9725eb628de1c5a0cbea1/21448038574106388099498729698156229932988054978307315072895959449711736813808.json
0xc4f0ee96676d3de800b9725eb628de1c5a0cbea1,89,30154321245016221480147636494972145704944840675743022290291572601234813269422,30154321245016221480147636494972145704944840675743022290291572601234813269422,QmTDoJNU3GQCcMS6f4afeWVvH8RNGFqszG2SR8GSzt2F4s,ops/cdn-retirement-phase2/step3/v3-docs/0xc4f0ee96676d3de800b9725eb628de1c5a0cbea1/30154321245016221480147636494972145704944840675743022290291572601234813269422.json
0xc4f0ee96676d3de800b9725eb628de1c5a0cbea1,89,31221468210609484860409183864532577577041700613675444716595920226587732227202,31221468210609484860409183864532577577041700613675444716595920226587732227202,QmS36ppgjBibuRoXmdCzUFp1gvDETPAdt2JtfKk5Etrj4g,ops/cdn-retirement-phase2/step3/v3-docs/0xc4f0ee96676d3de800b9725eb628de1c5a0cbea1/31221468210609484860409183864532577577041700613675444716595920226587732227202.json
0xc4f0ee96676d3de800b9725eb628de1c5a0cbea1,89,65929679735845116927439867739438624115109737560452263431315871463539431070885,65929679735845116927439867739438624115109737560452263431315871463539431070885,QmdESARJNfQMMYgvQX2srqQRxQgrrhmVsFVWtnhWxtbFhv,ops/cdn-retirement-phase2/step3/v3-docs/0xc4f0ee96676d3de800b9725eb628de1c5a0cbea1/65929679735845116927439867739438624115109737560452263431315871463539431070885.json
0xc4f0ee96676d3de800b9725eb628de1c5a0cbea1,89,71287885707144772904583885620176228016693055630019732369863905836193834145353,71287885707144772904583885620176228016693055630019732369863905836193834145353,QmR5Cep878tBXdRZydirK1B3roMvmaiEBVSGf9m8LzSigp,ops/cdn-retirement-phase2/step3/v3-docs/0xc4f0ee96676d3de800b9725eb628de1c5a0cbea1/71287885707144772904583885620176228016693055630019732369863905836193834145353.json
0xc4f0ee96676d3de800b9725eb628de1c5a0cbea1,89,87329314989335775336461258166202186746543912634975442811164605982738420999915,87329314989335775336461258166202186746543912634975442811164605982738420999915,QmejXnhzcytdPxjGJaFLgVahVc96UtFZnLNgkUtnWtpZJS,ops/cdn-retirement-phase2/step3/v3-docs/0xc4f0ee96676d3de800b9725eb628de1c5a0cbea1/87329314989335775336461258166202186746543912634975442811164605982738420999915.json
0xc4f0ee96676d3de800b9725eb628de1c5a0cbea1,9,21448038574106388099498729698156229932988054978307315072895959449711736813728,21448038574106388099498729698156229932988054978307315072895959449711736813728,QmRDAVdoUc9eKC6KsXnmHCtAAZRPpqG2vvT43fC2SsTPWT,ops/cdn-retirement-phase2/step3/v3-docs/0xc4f0ee96676d3de800b9725eb628de1c5a0cbea1/21448038574106388099498729698156229932988054978307315072895959449711736813728.json
0xc4f0ee96676d3de800b9725eb628de1c5a0cbea1,9,30154321245016221480147636494972145704944840675743022290291572601234813269342,30154321245016221480147636494972145704944840675743022290291572601234813269342,QmbjMyMrDCa1HaXN26i6SVQifzQcD8GH3mSvGJ3CEZW2ZM,ops/cdn-retirement-phase2/step3/v3-docs/0xc4f0ee96676d3de800b9725eb628de1c5a0cbea1/30154321245016221480147636494972145704944840675743022290291572601234813269342.json
0xc4f0ee96676d3de800b9725eb628de1c5a0cbea1,9,31221468210609484860409183864532577577041700613675444716595920226587732227122,31221468210609484860409183864532577577041700613675444716595920226587732227122,QmZJyDHLFNWoxSEGzmjDYk11bMVZK3mG5HCeXGfX9mM57k,ops/cdn-retirement-phase2/step3/v3-docs/0xc4f0ee96676d3de800b9725eb628de1c5a0cbea1/31221468210609484860409183864532577577041700613675444716595920226587732227122.json
0xc4f0ee96676d3de800b9725eb628de1c5a0cbea1,9,65929679735845116927439867739438624115109737560452263431315871463539431070805,65929679735845116927439867739438624115109737560452263431315871463539431070805,QmXpmA8Yj8Pwm41wunpbKPWRktNADMFEynqCpRDLTyBhWW,ops/cdn-retirement-phase2/step3/v3-docs/0xc4f0ee96676d3de800b9725eb628de1c5a0cbea1/65929679735845116927439867739438624115109737560452263431315871463539431070805.json
0xc4f0ee96676d3de800b9725eb628de1c5a0cbea1,9,71287885707144772904583885620176228016693055630019732369863905836193834145273,71287885707144772904583885620176228016693055630019732369863905836193834145273,QmbikVKmVzowG4xEavtGVrWNCLMWjiLKozt7C9xSHKQm3S,ops/cdn-retirement-phase2/step3/v3-docs/0xc4f0ee96676d3de800b9725eb628de1c5a0cbea1/71287885707144772904583885620176228016693055630019732369863905836193834145273.json
0xc4f0ee96676d3de800b9725eb628de1c5a0cbea1,9,87329314989335775336461258166202186746543912634975442811164605982738420999835,87329314989335775336461258166202186746543912634975442811164605982738420999835,QmfSrsj9vHAMRbft1XSxcB5h7XD4jqoHjv2oJXysh5H1HG,ops/cdn-retirement-phase2/step3/v3-docs/0xc4f0ee96676d3de800b9725eb628de1c5a0cbea1/87329314989335775336461258166202186746543912634975442811164605982738420999835.json
0xc4f0ee96676d3de800b9725eb628de1c5a0cbea1,90,21448038574106388099498729698156229932988054978307315072895959449711736813809,21448038574106388099498729698156229932988054978307315072895959449711736813809,QmXN4EwDWT2vCj441RPqccUeVyr33V2GWKG2PhGjKNMfSB,ops/cdn-retirement-phase2/step3/v3-docs/0xc4f0ee96676d3de800b9725eb628de1c5a0cbea1/21448038574106388099498729698156229932988054978307315072895959449711736813809.json
0xc4f0ee96676d3de800b9725eb628de1c5a0cbea1,90,30154321245016221480147636494972145704944840675743022290291572601234813269423,30154321245016221480147636494972145704944840675743022290291572601234813269423,QmSQ6sXo4Aoq2m9hD7FMQSHbS4sSJ8gax3kFqjVWPtH3ru,ops/cdn-retirement-phase2/step3/v3-docs/0xc4f0ee96676d3de800b9725eb628de1c5a0cbea1/30154321245016221480147636494972145704944840675743022290291572601234813269423.json
0xc4f0ee96676d3de800b9725eb628de1c5a0cbea1,90,31221468210609484860409183864532577577041700613675444716595920226587732227203,31221468210609484860409183864532577577041700613675444716595920226587732227203,QmVzRpP9sYk2sMwyV9oDdaxTizbjg99tsybHqUqKjDdPVZ,ops/cdn-retirement-phase2/step3/v3-docs/0xc4f0ee96676d3de800b9725eb628de1c5a0cbea1/31221468210609484860409183864532577577041700613675444716595920226587732227203.json
0xc4f0ee96676d3de800b9725eb628de1c5a0cbea1,90,65929679735845116927439867739438624115109737560452263431315871463539431070886,65929679735845116927439867739438624115109737560452263431315871463539431070886,QmWStLyxqSGaPFykuVTr9nGfQ25P33eovNKXUXqZbPQ1Gm,ops/cdn-retirement-phase2/step3/v3-docs/0xc4f0ee96676d3de800b9725eb628de1c5a0cbea1/65929679735845116927439867739438624115109737560452263431315871463539431070886.json
0xc4f0ee96676d3de800b9725eb628de1c5a0cbea1,90,71287885707144772904583885620176228016693055630019732369863905836193834145354,71287885707144772904583885620176228016693055630019732369863905836193834145354,QmbMfbfi5w7sMhGVvELpZY1xLEiQ6vtoiN737xj88Cejdj,ops/cdn-retirement-phase2/step3/v3-docs/0xc4f0ee96676d3de800b9725eb628de1c5a0cbea1/71287885707144772904583885620176228016693055630019732369863905836193834145354.json
0xc4f0ee96676d3de800b9725eb628de1c5a0cbea1,90,87329314989335775336461258166202186746543912634975442811164605982738420999916,87329314989335775336461258166202186746543912634975442811164605982738420999916,QmVmUJMNq4n8QTCjdnFAs8yfGjdRqnCW7BDZixVrQWLD8V,ops/cdn-retirement-phase2/step3/v3-docs/0xc4f0ee96676d3de800b9725eb628de1c5a0cbea1/87329314989335775336461258166202186746543912634975442811164605982738420999916.json
0xc4f0ee96676d3de800b9725eb628de1c5a0cbea1,91,21448038574106388099498729698156229932988054978307315072895959449711736813810,21448038574106388099498729698156229932988054978307315072895959449711736813810,Qme9NfV9NYGy9FKpNRXjcRTEpKzyjRSLLk4C7QC52e2qCT,ops/cdn-retirement-phase2/step3/v3-docs/0xc4f0ee96676d3de800b9725eb628de1c5a0cbea1/21448038574106388099498729698156229932988054978307315072895959449711736813810.json
0xc4f0ee96676d3de800b9725eb628de1c5a0cbea1,91,30154321245016221480147636494972145704944840675743022290291572601234813269424,30154321245016221480147636494972145704944840675743022290291572601234813269424,QmUDvWVP7qWW1uENsiLrpNiu5o3WuqmckYsqcrxXjbmUw9,ops/cdn-retirement-phase2/step3/v3-docs/0xc4f0ee96676d3de800b9725eb628de1c5a0cbea1/30154321245016221480147636494972145704944840675743022290291572601234813269424.json
0xc4f0ee96676d3de800b9725eb628de1c5a0cbea1,91,31221468210609484860409183864532577577041700613675444716595920226587732227204,31221468210609484860409183864532577577041700613675444716595920226587732227204,QmSTzrYrtHN4TMi379gm78WQLPdkEHg3AJaWZXs2HiFB2J,ops/cdn-retirement-phase2/step3/v3-docs/0xc4f0ee96676d3de800b9725eb628de1c5a0cbea1/31221468210609484860409183864532577577041700613675444716595920226587732227204.json
0xc4f0ee96676d3de800b9725eb628de1c5a0cbea1,91,65929679735845116927439867739438624115109737560452263431315871463539431070887,65929679735845116927439867739438624115109737560452263431315871463539431070887,Qmd5gKMR5QTvuc8Zx289t4GHbfKE7KEWXncaTPZfRUtHKP,ops/cdn-retirement-phase2/step3/v3-docs/0xc4f0ee96676d3de800b9725eb628de1c5a0cbea1/65929679735845116927439867739438624115109737560452263431315871463539431070887.json
0xc4f0ee96676d3de800b9725eb628de1c5a0cbea1,91,71287885707144772904583885620176228016693055630019732369863905836193834145355,71287885707144772904583885620176228016693055630019732369863905836193834145355,QmYfkwF41gfWMoxibRkPev9ua3jzgUgVXGNrUZvEB5FxyK,ops/cdn-retirement-phase2/step3/v3-docs/0xc4f0ee96676d3de800b9725eb628de1c5a0cbea1/71287885707144772904583885620176228016693055630019732369863905836193834145355.json
0xc4f0ee96676d3de800b9725eb628de1c5a0cbea1,91,87329314989335775336461258166202186746543912634975442811164605982738420999917,87329314989335775336461258166202186746543912634975442811164605982738420999917,QmbQ1ecFvJzmGcEpRQ7ZAPWtn7ZDKvA7R68UcefDSo4Dqg,ops/cdn-retirement-phase2/step3/v3-docs/0xc4f0ee96676d3de800b9725eb628de1c5a0cbea1/87329314989335775336461258166202186746543912634975442811164605982738420999917.json
0xc4f0ee96676d3de800b9725eb628de1c5a0cbea1,92,21448038574106388099498729698156229932988054978307315072895959449711736813811,21448038574106388099498729698156229932988054978307315072895959449711736813811,QmPayiTqnyR9jBCqQAGbH5rNSgY1NP4Fzu3nVSi1ocKC7X,ops/cdn-retirement-phase2/step3/v3-docs/0xc4f0ee96676d3de800b9725eb628de1c5a0cbea1/21448038574106388099498729698156229932988054978307315072895959449711736813811.json
0xc4f0ee96676d3de800b9725eb628de1c5a0cbea1,92,30154321245016221480147636494972145704944840675743022290291572601234813269425,30154321245016221480147636494972145704944840675743022290291572601234813269425,QmcHiGxxCAmk1Au6T4z4MvKYjsKqota4kEzRH2uoU3JVQP,ops/cdn-retirement-phase2/step3/v3-docs/0xc4f0ee96676d3de800b9725eb628de1c5a0cbea1/30154321245016221480147636494972145704944840675743022290291572601234813269425.json
0xc4f0ee96676d3de800b9725eb628de1c5a0cbea1,92,31221468210609484860409183864532577577041700613675444716595920226587732227205,31221468210609484860409183864532577577041700613675444716595920226587732227205,QmQWuDAoEzzZTNXXA1hdvYTzyRjE1FwJVT9pwtQbDUhitE,ops/cdn-retirement-phase2/step3/v3-docs/0xc4f0ee96676d3de800b9725eb628de1c5a0cbea1/31221468210609484860409183864532577577041700613675444716595920226587732227205.json
0xc4f0ee96676d3de800b9725eb628de1c5a0cbea1,92,65929679735845116927439867739438624115109737560452263431315871463539431070888,65929679735845116927439867739438624115109737560452263431315871463539431070888,QmfUQxkP94DnvRgnmhcypfzszgrqsvkt4ZufVMQQmiqxES,ops/cdn-retirement-phase2/step3/v3-docs/0xc4f0ee96676d3de800b9725eb628de1c5a0cbea1/65929679735845116927439867739438624115109737560452263431315871463539431070888.json
0xc4f0ee96676d3de800b9725eb628de1c5a0cbea1,92,71287885707144772904583885620176228016693055630019732369863905836193834145356,71287885707144772904583885620176228016693055630019732369863905836193834145356,QmWxYxiAuMWKNRoZtxGofnMLmA1zX1JxQbVkLuoJ8kNctv,ops/cdn-retirement-phase2/step3/v3-docs/0xc4f0ee96676d3de800b9725eb628de1c5a0cbea1/71287885707144772904583885620176228016693055630019732369863905836193834145356.json
0xc4f0ee96676d3de800b9725eb628de1c5a0cbea1,92,87329314989335775336461258166202186746543912634975442811164605982738420999918,87329314989335775336461258166202186746543912634975442811164605982738420999918,QmZqFH4NC5wWG47XxyEi5P7ttTFvknoCiezK3JrQPQUdbv,ops/cdn-retirement-phase2/step3/v3-docs/0xc4f0ee96676d3de800b9725eb628de1c5a0cbea1/87329314989335775336461258166202186746543912634975442811164605982738420999918.json
0xc4f0ee96676d3de800b9725eb628de1c5a0cbea1,93,21448038574106388099498729698156229932988054978307315072895959449711736813812,21448038574106388099498729698156229932988054978307315072895959449711736813812,QmccVAiKck69GbxaNjBuqahphcrDs2R4qJLG3EfkNK66ek,ops/cdn-retirement-phase2/step3/v3-docs/0xc4f0ee96676d3de800b9725eb628de1c5a0cbea1/21448038574106388099498729698156229932988054978307315072895959449711736813812.json
0xc4f0ee96676d3de800b9725eb628de1c5a0cbea1,93,30154321245016221480147636494972145704944840675743022290291572601234813269426,30154321245016221480147636494972145704944840675743022290291572601234813269426,QmXMxKUtR2vVBQSiSm3cizb5q7wd1GkNFJwwS5CBBNjPwG,ops/cdn-retirement-phase2/step3/v3-docs/0xc4f0ee96676d3de800b9725eb628de1c5a0cbea1/30154321245016221480147636494972145704944840675743022290291572601234813269426.json
0xc4f0ee96676d3de800b9725eb628de1c5a0cbea1,93,31221468210609484860409183864532577577041700613675444716595920226587732227206,31221468210609484860409183864532577577041700613675444716595920226587732227206,QmXH1JN4zYe7UTN8BQo68Lq4tAfXDqVuRCWAJrCy4puLgF,ops/cdn-retirement-phase2/step3/v3-docs/0xc4f0ee96676d3de800b9725eb628de1c5a0cbea1/31221468210609484860409183864532577577041700613675444716595920226587732227206.json
0xc4f0ee96676d3de800b9725eb628de1c5a0cbea1,93,65929679735845116927439867739438624115109737560452263431315871463539431070889,65929679735845116927439867739438624115109737560452263431315871463539431070889,Qmbuk4SxtsnXS8B4FdER7hQSg9VCmDYWkHnRwuH2a7KZbS,ops/cdn-retirement-phase2/step3/v3-docs/0xc4f0ee96676d3de800b9725eb628de1c5a0cbea1/65929679735845116927439867739438624115109737560452263431315871463539431070889.json
0xc4f0ee96676d3de800b9725eb628de1c5a0cbea1,93,71287885707144772904583885620176228016693055630019732369863905836193834145357,71287885707144772904583885620176228016693055630019732369863905836193834145357,QmPqnjZoUrDijK9ve4oMUPRBkMCUJCi8989Mfv1GtTBEFd,ops/cdn-retirement-phase2/step3/v3-docs/0xc4f0ee96676d3de800b9725eb628de1c5a0cbea1/71287885707144772904583885620176228016693055630019732369863905836193834145357.json
0xc4f0ee96676d3de800b9725eb628de1c5a0cbea1,93,87329314989335775336461258166202186746543912634975442811164605982738420999919,87329314989335775336461258166202186746543912634975442811164605982738420999919,QmWPGiFroWApM66pV3cEq93g4apgqreWpkUQXyDZQJi1Nb,ops/cdn-retirement-phase2/step3/v3-docs/0xc4f0ee96676d3de800b9725eb628de1c5a0cbea1/87329314989335775336461258166202186746543912634975442811164605982738420999919.json
0xc4f0ee96676d3de800b9725eb628de1c5a0cbea1,94,21448038574106388099498729698156229932988054978307315072895959449711736813813,21448038574106388099498729698156229932988054978307315072895959449711736813813,QmQHzucir4TX2FGLjS9ay4kLD8C9PGF1DB6ZLbuUNQ4c6Q,ops/cdn-retirement-phase2/step3/v3-docs/0xc4f0ee96676d3de800b9725eb628de1c5a0cbea1/21448038574106388099498729698156229932988054978307315072895959449711736813813.json
0xc4f0ee96676d3de800b9725eb628de1c5a0cbea1,94,30154321245016221480147636494972145704944840675743022290291572601234813269427,30154321245016221480147636494972145704944840675743022290291572601234813269427,QmNsFv5kWjQX1rTAaYf5BpKFhjf4tKjg2bo2fuZgHhjJCa,ops/cdn-retirement-phase2/step3/v3-docs/0xc4f0ee96676d3de800b9725eb628de1c5a0cbea1/30154321245016221480147636494972145704944840675743022290291572601234813269427.json
0xc4f0ee96676d3de800b9725eb628de1c5a0cbea1,94,31221468210609484860409183864532577577041700613675444716595920226587732227207,31221468210609484860409183864532577577041700613675444716595920226587732227207,QmWjfH6MYHJJ2BWDF5L1LqRxyfQeHiPH4LN1USYSCPgJHG,ops/cdn-retirement-phase2/step3/v3-docs/0xc4f0ee96676d3de800b9725eb628de1c5a0cbea1/31221468210609484860409183864532577577041700613675444716595920226587732227207.json
0xc4f0ee96676d3de800b9725eb628de1c5a0cbea1,94,65929679735845116927439867739438624115109737560452263431315871463539431070890,65929679735845116927439867739438624115109737560452263431315871463539431070890,QmUZZ5AeQuJ5F2ddchkAzjVvhhrDoVyLVoh29oMDX6KC3D,ops/cdn-retirement-phase2/step3/v3-docs/0xc4f0ee96676d3de800b9725eb628de1c5a0cbea1/65929679735845116927439867739438624115109737560452263431315871463539431070890.json
0xc4f0ee96676d3de800b9725eb628de1c5a0cbea1,94,71287885707144772904583885620176228016693055630019732369863905836193834145358,71287885707144772904583885620176228016693055630019732369863905836193834145358,QmeG2UGsjgLABh5uZ2KakFVEs45ACcWgcqtdXmkwgcUayW,ops/cdn-retirement-phase2/step3/v3-docs/0xc4f0ee96676d3de800b9725eb628de1c5a0cbea1/71287885707144772904583885620176228016693055630019732369863905836193834145358.json
0xc4f0ee96676d3de800b9725eb628de1c5a0cbea1,94,87329314989335775336461258166202186746543912634975442811164605982738420999920,87329314989335775336461258166202186746543912634975442811164605982738420999920,QmTqWZpz8Qpu2jAcSAg3952pyPwC8RL3eBXop5XEfKnZHY,ops/cdn-retirement-phase2/step3/v3-docs/0xc4f0ee96676d3de800b9725eb628de1c5a0cbea1/87329314989335775336461258166202186746543912634975442811164605982738420999920.json
0xc4f0ee96676d3de800b9725eb628de1c5a0cbea1,95,21448038574106388099498729698156229932988054978307315072895959449711736813814,21448038574106388099498729698156229932988054978307315072895959449711736813814,QmdghFGA5pTuY9C62ZkZcrCN766joSedEYTps9WtymigZs,ops/cdn-retirement-phase2/step3/v3-docs/0xc4f0ee96676d3de800b9725eb628de1c5a0cbea1/21448038574106388099498729698156229932988054978307315072895959449711736813814.json
0xc4f0ee96676d3de800b9725eb628de1c5a0cbea1,95,30154321245016221480147636494972145704944840675743022290291572601234813269428,30154321245016221480147636494972145704944840675743022290291572601234813269428,QmcXYfJ7zcvmiYLuFM2jbPELSWKkkz67eXV8ZXmTMmwBrG,ops/cdn-retirement-phase2/step3/v3-docs/0xc4f0ee96676d3de800b9725eb628de1c5a0cbea1/30154321245016221480147636494972145704944840675743022290291572601234813269428.json
0xc4f0ee96676d3de800b9725eb628de1c5a0cbea1,95,31221468210609484860409183864532577577041700613675444716595920226587732227208,31221468210609484860409183864532577577041700613675444716595920226587732227208,QmSyeQ34MucavDs4HZwR8j4tdyiokPemMNYsDqp86b2xjk,ops/cdn-retirement-phase2/step3/v3-docs/0xc4f0ee96676d3de800b9725eb628de1c5a0cbea1/31221468210609484860409183864532577577041700613675444716595920226587732227208.json
0xc4f0ee96676d3de800b9725eb628de1c5a0cbea1,95,65929679735845116927439867739438624115109737560452263431315871463539431070891,65929679735845116927439867739438624115109737560452263431315871463539431070891,QmPYpr1FFqDCMfWwDgEPDpQ1Hd4mytimMseuNKbjsW7S5G,ops/cdn-retirement-phase2/step3/v3-docs/0xc4f0ee96676d3de800b9725eb628de1c5a0cbea1/65929679735845116927439867739438624115109737560452263431315871463539431070891.json
0xc4f0ee96676d3de800b9725eb628de1c5a0cbea1,95,71287885707144772904583885620176228016693055630019732369863905836193834145359,71287885707144772904583885620176228016693055630019732369863905836193834145359,QmdbmN9SCw9yoNRNtjCbtrA5gkjVbXhy1JfdtxNeGvWbW4,ops/cdn-retirement-phase2/step3/v3-docs/0xc4f0ee96676d3de800b9725eb628de1c5a0cbea1/71287885707144772904583885620176228016693055630019732369863905836193834145359.json
0xc4f0ee96676d3de800b9725eb628de1c5a0cbea1,95,87329314989335775336461258166202186746543912634975442811164605982738420999921,87329314989335775336461258166202186746543912634975442811164605982738420999921,QmbKp3XaQmTXo5rds9roXooLDrhKn6h8tnZYeqy2AFK47m,ops/cdn-retirement-phase2/step3/v3-docs/0xc4f0ee96676d3de800b9725eb628de1c5a0cbea1/87329314989335775336461258166202186746543912634975442811164605982738420999921.json
0xc4f0ee96676d3de800b9725eb628de1c5a0cbea1,96,21448038574106388099498729698156229932988054978307315072895959449711736813815,21448038574106388099498729698156229932988054978307315072895959449711736813815,QmdmoKMyAhpzaDZFVskSfmNRVhrR2oEGiyW4JZPmbdErqw,ops/cdn-retirement-phase2/step3/v3-docs/0xc4f0ee96676d3de800b9725eb628de1c5a0cbea1/21448038574106388099498729698156229932988054978307315072895959449711736813815.json
0xc4f0ee96676d3de800b9725eb628de1c5a0cbea1,96,30154321245016221480147636494972145704944840675743022290291572601234813269429,30154321245016221480147636494972145704944840675743022290291572601234813269429,QmU9PmUyrDbCVWEdE9Qca1WY48HVhuzrT2qVoY59r4cLuJ,ops/cdn-retirement-phase2/step3/v3-docs/0xc4f0ee96676d3de800b9725eb628de1c5a0cbea1/30154321245016221480147636494972145704944840675743022290291572601234813269429.json
0xc4f0ee96676d3de800b9725eb628de1c5a0cbea1,96,31221468210609484860409183864532577577041700613675444716595920226587732227209,31221468210609484860409183864532577577041700613675444716595920226587732227209,QmVckA9z2RKRrvMrtvHtfUb5y8G4FdopH7fdB8CDF7QCsm,ops/cdn-retirement-phase2/step3/v3-docs/0xc4f0ee96676d3de800b9725eb628de1c5a0cbea1/31221468210609484860409183864532577577041700613675444716595920226587732227209.json
0xc4f0ee96676d3de800b9725eb628de1c5a0cbea1,96,65929679735845116927439867739438624115109737560452263431315871463539431070892,65929679735845116927439867739438624115109737560452263431315871463539431070892,QmWopBzkF5WFXsr2Syow1kU5v8qK94eWziUAeDew7CP6sk,ops/cdn-retirement-phase2/step3/v3-docs/0xc4f0ee96676d3de800b9725eb628de1c5a0cbea1/65929679735845116927439867739438624115109737560452263431315871463539431070892.json
0xc4f0ee96676d3de800b9725eb628de1c5a0cbea1,96,71287885707144772904583885620176228016693055630019732369863905836193834145360,71287885707144772904583885620176228016693055630019732369863905836193834145360,Qmd7sHSFpaHxRhjt51qCKQyoZ7q1DUXK8H1JdTQn7zSorG,ops/cdn-retirement-phase2/step3/v3-docs/0xc4f0ee96676d3de800b9725eb628de1c5a0cbea1/71287885707144772904583885620176228016693055630019732369863905836193834145360.json
0xc4f0ee96676d3de800b9725eb628de1c5a0cbea1,96,87329314989335775336461258166202186746543912634975442811164605982738420999922,87329314989335775336461258166202186746543912634975442811164605982738420999922,QmSAyRun7UTvaMKoj73qEPPBXwf32Xds6nQkmMrVboX39A,ops/cdn-retirement-phase2/step3/v3-docs/0xc4f0ee96676d3de800b9725eb628de1c5a0cbea1/87329314989335775336461258166202186746543912634975442811164605982738420999922.json
0xc4f0ee96676d3de800b9725eb628de1c5a0cbea1,97,21448038574106388099498729698156229932988054978307315072895959449711736813816,21448038574106388099498729698156229932988054978307315072895959449711736813816,QmNYnTeTVow11fp1zdYCiakZPjbqoRsonf9pxjoCkfEXPB,ops/cdn-retirement-phase2/step3/v3-docs/0xc4f0ee96676d3de800b9725eb628de1c5a0cbea1/21448038574106388099498729698156229932988054978307315072895959449711736813816.json
0xc4f0ee96676d3de800b9725eb628de1c5a0cbea1,97,30154321245016221480147636494972145704944840675743022290291572601234813269430,30154321245016221480147636494972145704944840675743022290291572601234813269430,Qmee4ge8purywHMdiUJcQm4BQ5f71Bcte66kYD2UL88jMV,ops/cdn-retirement-phase2/step3/v3-docs/0xc4f0ee96676d3de800b9725eb628de1c5a0cbea1/30154321245016221480147636494972145704944840675743022290291572601234813269430.json
0xc4f0ee96676d3de800b9725eb628de1c5a0cbea1,97,31221468210609484860409183864532577577041700613675444716595920226587732227210,31221468210609484860409183864532577577041700613675444716595920226587732227210,QmQvt3w82PkwYEg1Wg6Ab1CzA2hqU7vqAzi2bqUUipKmhv,ops/cdn-retirement-phase2/step3/v3-docs/0xc4f0ee96676d3de800b9725eb628de1c5a0cbea1/31221468210609484860409183864532577577041700613675444716595920226587732227210.json
0xc4f0ee96676d3de800b9725eb628de1c5a0cbea1,97,65929679735845116927439867739438624115109737560452263431315871463539431070893,65929679735845116927439867739438624115109737560452263431315871463539431070893,QmY5CnvtVGZETQgFzy7xNqc3QGah8ancBaEg9WCxBu9BHD,ops/cdn-retirement-phase2/step3/v3-docs/0xc4f0ee96676d3de800b9725eb628de1c5a0cbea1/65929679735845116927439867739438624115109737560452263431315871463539431070893.json
0xc4f0ee96676d3de800b9725eb628de1c5a0cbea1,97,71287885707144772904583885620176228016693055630019732369863905836193834145361,71287885707144772904583885620176228016693055630019732369863905836193834145361,QmSgSKtAKMqGbhxnz87uqoKfDUMS4HjbN5uektGed2dfFr,ops/cdn-retirement-phase2/step3/v3-docs/0xc4f0ee96676d3de800b9725eb628de1c5a0cbea1/71287885707144772904583885620176228016693055630019732369863905836193834145361.json
0xc4f0ee96676d3de800b9725eb628de1c5a0cbea1,97,87329314989335775336461258166202186746543912634975442811164605982738420999923,87329314989335775336461258166202186746543912634975442811164605982738420999923,QmRfE4uNFby76zy6ANENCRT242QmKqfZ33fBQ2bRg2o9GG,ops/cdn-retirement-phase2/step3/v3-docs/0xc4f0ee96676d3de800b9725eb628de1c5a0cbea1/87329314989335775336461258166202186746543912634975442811164605982738420999923.json
0xc4f0ee96676d3de800b9725eb628de1c5a0cbea1,98,21448038574106388099498729698156229932988054978307315072895959449711736813817,21448038574106388099498729698156229932988054978307315072895959449711736813817,QmSHJ62Q92PL8UhJXrLfreRxTzSnXfJMP95iShxJwXwwT8,ops/cdn-retirement-phase2/step3/v3-docs/0xc4f0ee96676d3de800b9725eb628de1c5a0cbea1/21448038574106388099498729698156229932988054978307315072895959449711736813817.json
0xc4f0ee96676d3de800b9725eb628de1c5a0cbea1,98,30154321245016221480147636494972145704944840675743022290291572601234813269431,30154321245016221480147636494972145704944840675743022290291572601234813269431,QmWGnkiCwjw5qounGD6YQNMxxcPnByq5fCWXs5e7KFTRdU,ops/cdn-retirement-phase2/step3/v3-docs/0xc4f0ee96676d3de800b9725eb628de1c5a0cbea1/30154321245016221480147636494972145704944840675743022290291572601234813269431.json
0xc4f0ee96676d3de800b9725eb628de1c5a0cbea1,98,31221468210609484860409183864532577577041700613675444716595920226587732227211,31221468210609484860409183864532577577041700613675444716595920226587732227211,QmbgBioZNrNKzzzjn6LWhFFRRoQUUSX6wrbhgEFN4ip3aR,ops/cdn-retirement-phase2/step3/v3-docs/0xc4f0ee96676d3de800b9725eb628de1c5a0cbea1/31221468210609484860409183864532577577041700613675444716595920226587732227211.json
0xc4f0ee96676d3de800b9725eb628de1c5a0cbea1,98,65929679735845116927439867739438624115109737560452263431315871463539431070894,65929679735845116927439867739438624115109737560452263431315871463539431070894,QmRVvU4dvw4jKxSf15nZ3YUxSgvDSKhqYH3cxM2aAaE9UW,ops/cdn-retirement-phase2/step3/v3-docs/0xc4f0ee96676d3de800b9725eb628de1c5a0cbea1/65929679735845116927439867739438624115109737560452263431315871463539431070894.json
0xc4f0ee96676d3de800b9725eb628de1c5a0cbea1,98,71287885707144772904583885620176228016693055630019732369863905836193834145362,71287885707144772904583885620176228016693055630019732369863905836193834145362,QmaF8frWsrBNqEtSaanaEjsJzGLqpYynajL55mcs7qSfPe,ops/cdn-retirement-phase2/step3/v3-docs/0xc4f0ee96676d3de800b9725eb628de1c5a0cbea1/71287885707144772904583885620176228016693055630019732369863905836193834145362.json
0xc4f0ee96676d3de800b9725eb628de1c5a0cbea1,98,87329314989335775336461258166202186746543912634975442811164605982738420999924,87329314989335775336461258166202186746543912634975442811164605982738420999924,QmXyPsQUoYC92eKjUQtjeesJBmN3nc6zssJRccCWbHHPSb,ops/cdn-retirement-phase2/step3/v3-docs/0xc4f0ee96676d3de800b9725eb628de1c5a0cbea1/87329314989335775336461258166202186746543912634975442811164605982738420999924.json
0xc4f0ee96676d3de800b9725eb628de1c5a0cbea1,99,21448038574106388099498729698156229932988054978307315072895959449711736813818,21448038574106388099498729698156229932988054978307315072895959449711736813818,QmeYY74Fc72BGuNSPCV84xo5Yu31k8ZL1Hj3B2BTCvBgQV,ops/cdn-retirement-phase2/step3/v3-docs/0xc4f0ee96676d3de800b9725eb628de1c5a0cbea1/21448038574106388099498729698156229932988054978307315072895959449711736813818.json
0xc4f0ee96676d3de800b9725eb628de1c5a0cbea1,99,30154321245016221480147636494972145704944840675743022290291572601234813269432,30154321245016221480147636494972145704944840675743022290291572601234813269432,QmTZ85YCy1TscoZ31EJbiXchoP1vmCt4Xdu4prKKyjKT2F,ops/cdn-retirement-phase2/step3/v3-docs/0xc4f0ee96676d3de800b9725eb628de1c5a0cbea1/30154321245016221480147636494972145704944840675743022290291572601234813269432.json
0xc4f0ee96676d3de800b9725eb628de1c5a0cbea1,99,31221468210609484860409183864532577577041700613675444716595920226587732227212,31221468210609484860409183864532577577041700613675444716595920226587732227212,QmQWwJZKuaQuev7ypCYd3CbdVBgqhBmY7wyovuFue9h5ie,ops/cdn-retirement-phase2/step3/v3-docs/0xc4f0ee96676d3de800b9725eb628de1c5a0cbea1/31221468210609484860409183864532577577041700613675444716595920226587732227212.json
0xc4f0ee96676d3de800b9725eb628de1c5a0cbea1,99,65929679735845116927439867739438624115109737560452263431315871463539431070895,65929679735845116927439867739438624115109737560452263431315871463539431070895,Qmbp2tFsYcHWNCDL91km6YnX7uMh4vDHzqGjhdzNvNNEER,ops/cdn-retirement-phase2/step3/v3-docs/0xc4f0ee96676d3de800b9725eb628de1c5a0cbea1/65929679735845116927439867739438624115109737560452263431315871463539431070895.json
0xc4f0ee96676d3de800b9725eb628de1c5a0cbea1,99,71287885707144772904583885620176228016693055630019732369863905836193834145363,71287885707144772904583885620176228016693055630019732369863905836193834145363,QmePPoL9pc9YZkXjgaK89PTEkXVUv9CGWfL9ALXozAtUhY,ops/cdn-retirement-phase2/step3/v3-docs/0xc4f0ee96676d3de800b9725eb628de1c5a0cbea1/71287885707144772904583885620176228016693055630019732369863905836193834145363.json
0xc4f0ee96676d3de800b9725eb628de1c5a0cbea1,99,87329314989335775336461258166202186746543912634975442811164605982738420999925,87329314989335775336461258166202186746543912634975442811164605982738420999925,QmPpXuyJNquUXHaJFeZ6vzgEL8ncBszY7M3CkVV9YHh3NZ,ops/cdn-retirement-phase2/step3/v3-docs/0xc4f0ee96676d3de800b9725eb628de1c5a0cbea1/87329314989335775336461258166202186746543912634975442811164605982738420999925.json
0xe46a41b840176b62983fc71162dc9faeac4d9bcb,0,13813618189176598346629425236645922063897053897097139878520767662417600093106,13813618189176598346629425236645922063897053897097139878520767662417600093106,QmaGCCVfWU6tatNFNMhdT4M8UTsxjbxCu7wWfEDW2trMYZ,ops/cdn-retirement-phase2/step3/v3-docs/0xe46a41b840176b62983fc71162dc9faeac4d9bcb/13813618189176598346629425236645922063897053897097139878520767662417600093106.json
0xe46a41b840176b62983fc71162dc9faeac4d9bcb,0,13942697208045564548826674043862131349970992431856416927987095618942688054382,13942697208045564548826674043862131349970992431856416927987095618942688054382,QmYn8ARUzevvGfrHvKwau2RHTQx2QCSbdDtK8ctwW3Ev1Y,ops/cdn-retirement-phase2/step3/v3-docs/0xe46a41b840176b62983fc71162dc9faeac4d9bcb/13942697208045564548826674043862131349970992431856416927987095618942688054382.json
0xe46a41b840176b62983fc71162dc9faeac4d9bcb,0,42849076508508026618683845219469713839953339652164819629057624528191877779934,42849076508508026618683845219469713839953339652164819629057624528191877779934,QmfYa7SrzGkkCEf1Wv5hbH3k653bfqCYr4XSkJv3vAoWip,ops/cdn-retirement-phase2/step3/v3-docs/0xe46a41b840176b62983fc71162dc9faeac4d9bcb/42849076508508026618683845219469713839953339652164819629057624528191877779934.json
0xe46a41b840176b62983fc71162dc9faeac4d9bcb,0,4747622386996134347530103051137512757478489873315040866696710228902591236899,4747622386996134347530103051137512757478489873315040866696710228902591236899,QmSVtUuKvm6WE1yhmaQtKiyr6JdFFbCG8QM8hYs1WmGNyj,ops/cdn-retirement-phase2/step3/v3-docs/0xe46a41b840176b62983fc71162dc9faeac4d9bcb/4747622386996134347530103051137512757478489873315040866696710228902591236899.json
0xe46a41b840176b62983fc71162dc9faeac4d9bcb,0,55660547781039109394205850530512155734259629331182394149210777298302840103628,55660547781039109394205850530512155734259629331182394149210777298302840103628,QmdWDXJRetNSr7Nk3mU5JJHJfejxZUFE76fXn1G7Zuj1Gc,ops/cdn-retirement-phase2/step3/v3-docs/0xe46a41b840176b62983fc71162dc9faeac4d9bcb/55660547781039109394205850530512155734259629331182394149210777298302840103628.json
0xe46a41b840176b62983fc71162dc9faeac4d9bcb,0,58987192466841004628201111767945836073083865759174394385352028392528079468087,58987192466841004628201111767945836073083865759174394385352028392528079468087,QmQEzKCyeLkX1LrNGuis57EGU3g3839vtMPAf2sScS1uYK,ops/cdn-retirement-phase2/step3/v3-docs/0xe46a41b840176b62983fc71162dc9faeac4d9bcb/58987192466841004628201111767945836073083865759174394385352028392528079468087.json
0xe46a41b840176b62983fc71162dc9faeac4d9bcb,0,61029430091907876109464895555898745746405742165657134445147979806674543220489,61029430091907876109464895555898745746405742165657134445147979806674543220489,QmZ5Erqf9X8uMX3ydug4MskfoaAb7vmvHcGFqwun3HcPfE,ops/cdn-retirement-phase2/step3/v3-docs/0xe46a41b840176b62983fc71162dc9faeac4d9bcb/61029430091907876109464895555898745746405742165657134445147979806674543220489.json
0xe46a41b840176b62983fc71162dc9faeac4d9bcb,0,64266352369867287468072324394878417699389728539781080180641140451133269799530,64266352369867287468072324394878417699389728539781080180641140451133269799530,QmXgJuXYXaaH9tk3DBHi5Tcg4SDx1MnvmHDajBjHAtxvBt,ops/cdn-retirement-phase2/step3/v3-docs/0xe46a41b840176b62983fc71162dc9faeac4d9bcb/64266352369867287468072324394878417699389728539781080180641140451133269799530.json
0xe46a41b840176b62983fc71162dc9faeac4d9bcb,0,78437930858508382358350445319245577989271984900771702036328894579070742980944,78437930858508382358350445319245577989271984900771702036328894579070742980944,QmQrz2jk5MgpixXZh1sFJQ9Q2ztWdhayH9maFAH4oFDm8R,ops/cdn-retirement-phase2/step3/v3-docs/0xe46a41b840176b62983fc71162dc9faeac4d9bcb/78437930858508382358350445319245577989271984900771702036328894579070742980944.json
0xe46a41b840176b62983fc71162dc9faeac4d9bcb,0,80776473799518410764992022966159669685505126635997815336491014110275297962831,80776473799518410764992022966159669685505126635997815336491014110275297962831,QmWXF95NYQbxBZJDVSHC6ZpHfKiP5pRuVRUWf3K37i59dk,ops/cdn-retirement-phase2/step3/v3-docs/0xe46a41b840176b62983fc71162dc9faeac4d9bcb/80776473799518410764992022966159669685505126635997815336491014110275297962831.json
0xe46a41b840176b62983fc71162dc9faeac4d9bcb,1,13813618189176598346629425236645922063897053897097139878520767662417600093107,13813618189176598346629425236645922063897053897097139878520767662417600093107,QmTKQ9d946oXXmSkENMN8wrkrFmBQUnXvb3P9KUfxdwygh,ops/cdn-retirement-phase2/step3/v3-docs/0xe46a41b840176b62983fc71162dc9faeac4d9bcb/13813618189176598346629425236645922063897053897097139878520767662417600093107.json
0xe46a41b840176b62983fc71162dc9faeac4d9bcb,1,13942697208045564548826674043862131349970992431856416927987095618942688054383,13942697208045564548826674043862131349970992431856416927987095618942688054383,QmQ4TdLagcttRboEgL949yAnjA1oUvRCkQo9VoHZkTzUqR,ops/cdn-retirement-phase2/step3/v3-docs/0xe46a41b840176b62983fc71162dc9faeac4d9bcb/13942697208045564548826674043862131349970992431856416927987095618942688054383.json
0xe46a41b840176b62983fc71162dc9faeac4d9bcb,1,42849076508508026618683845219469713839953339652164819629057624528191877779935,42849076508508026618683845219469713839953339652164819629057624528191877779935,QmNMU5dKbz4k8qKqtySAtE9yMh6uruRC484E36J5fEU7NQ,ops/cdn-retirement-phase2/step3/v3-docs/0xe46a41b840176b62983fc71162dc9faeac4d9bcb/42849076508508026618683845219469713839953339652164819629057624528191877779935.json
0xe46a41b840176b62983fc71162dc9faeac4d9bcb,1,4747622386996134347530103051137512757478489873315040866696710228902591236900,4747622386996134347530103051137512757478489873315040866696710228902591236900,QmVKYwNdrbCM8dZrZfjDc6YWiMuSTk7MhMhG2PeanW5L5T,ops/cdn-retirement-phase2/step3/v3-docs/0xe46a41b840176b62983fc71162dc9faeac4d9bcb/4747622386996134347530103051137512757478489873315040866696710228902591236900.json
0xe46a41b840176b62983fc71162dc9faeac4d9bcb,1,55660547781039109394205850530512155734259629331182394149210777298302840103629,55660547781039109394205850530512155734259629331182394149210777298302840103629,QmaxNJtzXsE3m5FqVBF4wXRtfDtHpAnQocjC9gaEVUZG4R,ops/cdn-retirement-phase2/step3/v3-docs/0xe46a41b840176b62983fc71162dc9faeac4d9bcb/55660547781039109394205850530512155734259629331182394149210777298302840103629.json
0xe46a41b840176b62983fc71162dc9faeac4d9bcb,1,58987192466841004628201111767945836073083865759174394385352028392528079468088,58987192466841004628201111767945836073083865759174394385352028392528079468088,QmSY98RaEKMW7zYFVYUAJ7BVvFtX4UV13uBg5BGjGNCuoR,ops/cdn-retirement-phase2/step3/v3-docs/0xe46a41b840176b62983fc71162dc9faeac4d9bcb/58987192466841004628201111767945836073083865759174394385352028392528079468088.json
0xe46a41b840176b62983fc71162dc9faeac4d9bcb,1,61029430091907876109464895555898745746405742165657134445147979806674543220490,61029430091907876109464895555898745746405742165657134445147979806674543220490,QmTYKNpbSkCb1u8xUzodYopoKoVyFpnK2Gw9YD1ej9HT8T,ops/cdn-retirement-phase2/step3/v3-docs/0xe46a41b840176b62983fc71162dc9faeac4d9bcb/61029430091907876109464895555898745746405742165657134445147979806674543220490.json
0xe46a41b840176b62983fc71162dc9faeac4d9bcb,1,64266352369867287468072324394878417699389728539781080180641140451133269799531,64266352369867287468072324394878417699389728539781080180641140451133269799531,QmZaz9FBEfrW97NcQvjFZmTumfKevjaLw3pTybpjZ3aThv,ops/cdn-retirement-phase2/step3/v3-docs/0xe46a41b840176b62983fc71162dc9faeac4d9bcb/64266352369867287468072324394878417699389728539781080180641140451133269799531.json
0xe46a41b840176b62983fc71162dc9faeac4d9bcb,1,78437930858508382358350445319245577989271984900771702036328894579070742980945,78437930858508382358350445319245577989271984900771702036328894579070742980945,QmY28zbwUxpjYnc8h4uh611z5Vtj36kQRB9aYc3rzDdh49,ops/cdn-retirement-phase2/step3/v3-docs/0xe46a41b840176b62983fc71162dc9faeac4d9bcb/78437930858508382358350445319245577989271984900771702036328894579070742980945.json
0xe46a41b840176b62983fc71162dc9faeac4d9bcb,10,13813618189176598346629425236645922063897053897097139878520767662417600093116,13813618189176598346629425236645922063897053897097139878520767662417600093116,QmQWj2qKuDGfFtu96PbyMDgo4wpZDQqYcBS664S4v4rPE7,ops/cdn-retirement-phase2/step3/v3-docs/0xe46a41b840176b62983fc71162dc9faeac4d9bcb/13813618189176598346629425236645922063897053897097139878520767662417600093116.json
0xe46a41b840176b62983fc71162dc9faeac4d9bcb,10,13942697208045564548826674043862131349970992431856416927987095618942688054392,13942697208045564548826674043862131349970992431856416927987095618942688054392,QmPioJRsppLgVjGUhNaqySFDoQAEQTt1KDAKguH4U5V1Mg,ops/cdn-retirement-phase2/step3/v3-docs/0xe46a41b840176b62983fc71162dc9faeac4d9bcb/13942697208045564548826674043862131349970992431856416927987095618942688054392.json
0xe46a41b840176b62983fc71162dc9faeac4d9bcb,10,4747622386996134347530103051137512757478489873315040866696710228902591236909,4747622386996134347530103051137512757478489873315040866696710228902591236909,QmXH6GADUZKVrF2MGUXxZoHs8qheDrYNQX8BqaHhaHA2Aj,ops/cdn-retirement-phase2/step3/v3-docs/0xe46a41b840176b62983fc71162dc9faeac4d9bcb/4747622386996134347530103051137512757478489873315040866696710228902591236909.json
0xe46a41b840176b62983fc71162dc9faeac4d9bcb,10,55660547781039109394205850530512155734259629331182394149210777298302840103638,55660547781039109394205850530512155734259629331182394149210777298302840103638,Qma1HdbiSfJtfJBg2LKxGZwv6WnCEwtBcmwoMdmQyHA5pE,ops/cdn-retirement-phase2/step3/v3-docs/0xe46a41b840176b62983fc71162dc9faeac4d9bcb/55660547781039109394205850530512155734259629331182394149210777298302840103638.json
0xe46a41b840176b62983fc71162dc9faeac4d9bcb,10,58987192466841004628201111767945836073083865759174394385352028392528079468097,58987192466841004628201111767945836073083865759174394385352028392528079468097,QmT862nAgsQZ25gv5f1mEZZdNqs4XAwTDQFZdQNmFYyNQP,ops/cdn-retirement-phase2/step3/v3-docs/0xe46a41b840176b62983fc71162dc9faeac4d9bcb/58987192466841004628201111767945836073083865759174394385352028392528079468097.json
0xe46a41b840176b62983fc71162dc9faeac4d9bcb,10,61029430091907876109464895555898745746405742165657134445147979806674543220499,61029430091907876109464895555898745746405742165657134445147979806674543220499,Qmf1saZVTFneSDXGsgU796PxREZiuHFV4SMthR394wGYda,ops/cdn-retirement-phase2/step3/v3-docs/0xe46a41b840176b62983fc71162dc9faeac4d9bcb/61029430091907876109464895555898745746405742165657134445147979806674543220499.json
0xe46a41b840176b62983fc71162dc9faeac4d9bcb,10,78437930858508382358350445319245577989271984900771702036328894579070742980954,78437930858508382358350445319245577989271984900771702036328894579070742980954,QmemgZSGUGeHWbbRYwa7aoUjgpAsYMc6rhqXF61QVpnohB,ops/cdn-retirement-phase2/step3/v3-docs/0xe46a41b840176b62983fc71162dc9faeac4d9bcb/78437930858508382358350445319245577989271984900771702036328894579070742980954.json
0xe46a41b840176b62983fc71162dc9faeac4d9bcb,11,13813618189176598346629425236645922063897053897097139878520767662417600093117,13813618189176598346629425236645922063897053897097139878520767662417600093117,QmU9HbivXtbLchgHrxUrVtFcX8VV6ppjeXkt61qMQEne8T,ops/cdn-retirement-phase2/step3/v3-docs/0xe46a41b840176b62983fc71162dc9faeac4d9bcb/13813618189176598346629425236645922063897053897097139878520767662417600093117.json
0xe46a41b840176b62983fc71162dc9faeac4d9bcb,11,13942697208045564548826674043862131349970992431856416927987095618942688054393,13942697208045564548826674043862131349970992431856416927987095618942688054393,QmWDKPk3pkd3Gwi7p2DU6S4aPJAEHmg8xuryho1Nfb4K1V,ops/cdn-retirement-phase2/step3/v3-docs/0xe46a41b840176b62983fc71162dc9faeac4d9bcb/13942697208045564548826674043862131349970992431856416927987095618942688054393.json
0xe46a41b840176b62983fc71162dc9faeac4d9bcb,11,4747622386996134347530103051137512757478489873315040866696710228902591236910,4747622386996134347530103051137512757478489873315040866696710228902591236910,QmXvSp9GmirWrZe3UgqwSdsAa8wgyuFQot8M3fZXuxbkwg,ops/cdn-retirement-phase2/step3/v3-docs/0xe46a41b840176b62983fc71162dc9faeac4d9bcb/4747622386996134347530103051137512757478489873315040866696710228902591236910.json
0xe46a41b840176b62983fc71162dc9faeac4d9bcb,11,55660547781039109394205850530512155734259629331182394149210777298302840103639,55660547781039109394205850530512155734259629331182394149210777298302840103639,QmeVAd1EhrRfZ6jbbi7Uwk2QUWD1hyawMGLwMfvAg8MEB5,ops/cdn-retirement-phase2/step3/v3-docs/0xe46a41b840176b62983fc71162dc9faeac4d9bcb/55660547781039109394205850530512155734259629331182394149210777298302840103639.json
0xe46a41b840176b62983fc71162dc9faeac4d9bcb,11,58987192466841004628201111767945836073083865759174394385352028392528079468098,58987192466841004628201111767945836073083865759174394385352028392528079468098,QmYniNvReXKMreUwr7NZCComSE8xr4R3hZM1LwH2uM6ZTe,ops/cdn-retirement-phase2/step3/v3-docs/0xe46a41b840176b62983fc71162dc9faeac4d9bcb/58987192466841004628201111767945836073083865759174394385352028392528079468098.json
0xe46a41b840176b62983fc71162dc9faeac4d9bcb,11,61029430091907876109464895555898745746405742165657134445147979806674543220500,61029430091907876109464895555898745746405742165657134445147979806674543220500,Qmdmi5Qqj5qe5nfSGdJZJUvk9iEZKqmtF4AYK5WenWDZT8,ops/cdn-retirement-phase2/step3/v3-docs/0xe46a41b840176b62983fc71162dc9faeac4d9bcb/61029430091907876109464895555898745746405742165657134445147979806674543220500.json
0xe46a41b840176b62983fc71162dc9faeac4d9bcb,11,78437930858508382358350445319245577989271984900771702036328894579070742980955,78437930858508382358350445319245577989271984900771702036328894579070742980955,QmVJXBUAitaUGmKNqU6tkZL2McN6HgWtAbJCkcSH9CSidf,ops/cdn-retirement-phase2/step3/v3-docs/0xe46a41b840176b62983fc71162dc9faeac4d9bcb/78437930858508382358350445319245577989271984900771702036328894579070742980955.json
0xe46a41b840176b62983fc71162dc9faeac4d9bcb,12,13813618189176598346629425236645922063897053897097139878520767662417600093118,13813618189176598346629425236645922063897053897097139878520767662417600093118,QmTp9j4iewDLxDtVoewtoCfqnqDVWqffUAJEtxQtvmLD1x,ops/cdn-retirement-phase2/step3/v3-docs/0xe46a41b840176b62983fc71162dc9faeac4d9bcb/13813618189176598346629425236645922063897053897097139878520767662417600093118.json
0xe46a41b840176b62983fc71162dc9faeac4d9bcb,12,13942697208045564548826674043862131349970992431856416927987095618942688054394,13942697208045564548826674043862131349970992431856416927987095618942688054394,QmUYbeJ7VBZURhJAMxVd3AnYnnYLTfuAAJ9EARexUm3MaF,ops/cdn-retirement-phase2/step3/v3-docs/0xe46a41b840176b62983fc71162dc9faeac4d9bcb/13942697208045564548826674043862131349970992431856416927987095618942688054394.json
0xe46a41b840176b62983fc71162dc9faeac4d9bcb,12,4747622386996134347530103051137512757478489873315040866696710228902591236911,4747622386996134347530103051137512757478489873315040866696710228902591236911,QmceLcYSL29uzFK2tWTDw8yKcr7wRJW6k2p96b35tHZwyg,ops/cdn-retirement-phase2/step3/v3-docs/0xe46a41b840176b62983fc71162dc9faeac4d9bcb/4747622386996134347530103051137512757478489873315040866696710228902591236911.json
0xe46a41b840176b62983fc71162dc9faeac4d9bcb,12,55660547781039109394205850530512155734259629331182394149210777298302840103640,55660547781039109394205850530512155734259629331182394149210777298302840103640,QmZiAAJBSFfE4fqw6hzs8DZirqRs5aTXAenxWteXGH5WQT,ops/cdn-retirement-phase2/step3/v3-docs/0xe46a41b840176b62983fc71162dc9faeac4d9bcb/55660547781039109394205850530512155734259629331182394149210777298302840103640.json
0xe46a41b840176b62983fc71162dc9faeac4d9bcb,12,58987192466841004628201111767945836073083865759174394385352028392528079468099,58987192466841004628201111767945836073083865759174394385352028392528079468099,QmVXUCZCyK9Na6dZvXgaudmhRUiCEbqQdmTmrzwVYQggqa,ops/cdn-retirement-phase2/step3/v3-docs/0xe46a41b840176b62983fc71162dc9faeac4d9bcb/58987192466841004628201111767945836073083865759174394385352028392528079468099.json
0xe46a41b840176b62983fc71162dc9faeac4d9bcb,12,61029430091907876109464895555898745746405742165657134445147979806674543220501,61029430091907876109464895555898745746405742165657134445147979806674543220501,QmYu3aJXk83ALeCsBwQZpiAwgCjPvgrLoLGZoq71Z9Ebaf,ops/cdn-retirement-phase2/step3/v3-docs/0xe46a41b840176b62983fc71162dc9faeac4d9bcb/61029430091907876109464895555898745746405742165657134445147979806674543220501.json
0xe46a41b840176b62983fc71162dc9faeac4d9bcb,12,78437930858508382358350445319245577989271984900771702036328894579070742980956,78437930858508382358350445319245577989271984900771702036328894579070742980956,QmZxiYYCcsSF8yR1vhchAP77WGFD18DqUrNXVSU8r8xdTh,ops/cdn-retirement-phase2/step3/v3-docs/0xe46a41b840176b62983fc71162dc9faeac4d9bcb/78437930858508382358350445319245577989271984900771702036328894579070742980956.json
0xe46a41b840176b62983fc71162dc9faeac4d9bcb,13,13813618189176598346629425236645922063897053897097139878520767662417600093119,13813618189176598346629425236645922063897053897097139878520767662417600093119,QmVUSTpef9Rk1b4Dd8u2tPCpkc86EYmLjYSbJrGXuBUr3n,ops/cdn-retirement-phase2/step3/v3-docs/0xe46a41b840176b62983fc71162dc9faeac4d9bcb/13813618189176598346629425236645922063897053897097139878520767662417600093119.json
0xe46a41b840176b62983fc71162dc9faeac4d9bcb,13,13942697208045564548826674043862131349970992431856416927987095618942688054395,13942697208045564548826674043862131349970992431856416927987095618942688054395,Qmb2BpQNGXMHe2PjtHZEw3AnUs3tgvh6vLB3vmg5s4upHG,ops/cdn-retirement-phase2/step3/v3-docs/0xe46a41b840176b62983fc71162dc9faeac4d9bcb/13942697208045564548826674043862131349970992431856416927987095618942688054395.json
0xe46a41b840176b62983fc71162dc9faeac4d9bcb,13,4747622386996134347530103051137512757478489873315040866696710228902591236912,4747622386996134347530103051137512757478489873315040866696710228902591236912,Qma3kkHMhwa7KrUn6no9ZQ5nnCPza5ryoBd16YtPVQNy7b,ops/cdn-retirement-phase2/step3/v3-docs/0xe46a41b840176b62983fc71162dc9faeac4d9bcb/4747622386996134347530103051137512757478489873315040866696710228902591236912.json
0xe46a41b840176b62983fc71162dc9faeac4d9bcb,13,55660547781039109394205850530512155734259629331182394149210777298302840103641,55660547781039109394205850530512155734259629331182394149210777298302840103641,QmNSdztwpsmYPtwiczMu3YNb7CLjYFjtBLzBaBF2t9VNdZ,ops/cdn-retirement-phase2/step3/v3-docs/0xe46a41b840176b62983fc71162dc9faeac4d9bcb/55660547781039109394205850530512155734259629331182394149210777298302840103641.json
0xe46a41b840176b62983fc71162dc9faeac4d9bcb,13,58987192466841004628201111767945836073083865759174394385352028392528079468100,58987192466841004628201111767945836073083865759174394385352028392528079468100,QmNfP7Uv1253fobKnPv2JK816uNPqNNCpdv9NP1XjroNZ3,ops/cdn-retirement-phase2/step3/v3-docs/0xe46a41b840176b62983fc71162dc9faeac4d9bcb/58987192466841004628201111767945836073083865759174394385352028392528079468100.json
0xe46a41b840176b62983fc71162dc9faeac4d9bcb,13,61029430091907876109464895555898745746405742165657134445147979806674543220502,61029430091907876109464895555898745746405742165657134445147979806674543220502,QmTYdj6JBJL8aKN7TaHEPo7tf2vUhfs7SLZA2pE3HsLhxQ,ops/cdn-retirement-phase2/step3/v3-docs/0xe46a41b840176b62983fc71162dc9faeac4d9bcb/61029430091907876109464895555898745746405742165657134445147979806674543220502.json
0xe46a41b840176b62983fc71162dc9faeac4d9bcb,13,78437930858508382358350445319245577989271984900771702036328894579070742980957,78437930858508382358350445319245577989271984900771702036328894579070742980957,QmapExadDyumiakM83kKQzsKGf8NexUrxULoe5XGbYsWGb,ops/cdn-retirement-phase2/step3/v3-docs/0xe46a41b840176b62983fc71162dc9faeac4d9bcb/78437930858508382358350445319245577989271984900771702036328894579070742980957.json
0xe46a41b840176b62983fc71162dc9faeac4d9bcb,14,13813618189176598346629425236645922063897053897097139878520767662417600093120,13813618189176598346629425236645922063897053897097139878520767662417600093120,QmbbytDwWR6qFWhoGs6ELTNct4dQJWD1mLpqAzGv2FdZLp,ops/cdn-retirement-phase2/step3/v3-docs/0xe46a41b840176b62983fc71162dc9faeac4d9bcb/13813618189176598346629425236645922063897053897097139878520767662417600093120.json
0xe46a41b840176b62983fc71162dc9faeac4d9bcb,14,13942697208045564548826674043862131349970992431856416927987095618942688054396,13942697208045564548826674043862131349970992431856416927987095618942688054396,QmdcEnw3SWPbL1EtCgRK7mRHcAm3EiS2v7LL8skPCq6XVe,ops/cdn-retirement-phase2/step3/v3-docs/0xe46a41b840176b62983fc71162dc9faeac4d9bcb/13942697208045564548826674043862131349970992431856416927987095618942688054396.json
0xe46a41b840176b62983fc71162dc9faeac4d9bcb,14,4747622386996134347530103051137512757478489873315040866696710228902591236913,4747622386996134347530103051137512757478489873315040866696710228902591236913,QmaNS92Jb4s22RFVB8LwNZBeExB2hPv6nG3LozsS8R5HMY,ops/cdn-retirement-phase2/step3/v3-docs/0xe46a41b840176b62983fc71162dc9faeac4d9bcb/4747622386996134347530103051137512757478489873315040866696710228902591236913.json
0xe46a41b840176b62983fc71162dc9faeac4d9bcb,14,55660547781039109394205850530512155734259629331182394149210777298302840103642,55660547781039109394205850530512155734259629331182394149210777298302840103642,QmdsZSsUq5b7rKWswUQbuwuXTX7imAp5T8f5dv7hHRcJdz,ops/cdn-retirement-phase2/step3/v3-docs/0xe46a41b840176b62983fc71162dc9faeac4d9bcb/55660547781039109394205850530512155734259629331182394149210777298302840103642.json
0xe46a41b840176b62983fc71162dc9faeac4d9bcb,14,58987192466841004628201111767945836073083865759174394385352028392528079468101,58987192466841004628201111767945836073083865759174394385352028392528079468101,QmaeJaCYcwLJW7njehwPkTYopap9vfbJBhWkw6kWDpxTRg,ops/cdn-retirement-phase2/step3/v3-docs/0xe46a41b840176b62983fc71162dc9faeac4d9bcb/58987192466841004628201111767945836073083865759174394385352028392528079468101.json
0xe46a41b840176b62983fc71162dc9faeac4d9bcb,14,61029430091907876109464895555898745746405742165657134445147979806674543220503,61029430091907876109464895555898745746405742165657134445147979806674543220503,QmaspBhWCX17whAPEqpLfsBVKGTr4BLfpLy2m7FdgEbW2Q,ops/cdn-retirement-phase2/step3/v3-docs/0xe46a41b840176b62983fc71162dc9faeac4d9bcb/61029430091907876109464895555898745746405742165657134445147979806674543220503.json
0xe46a41b840176b62983fc71162dc9faeac4d9bcb,14,78437930858508382358350445319245577989271984900771702036328894579070742980958,78437930858508382358350445319245577989271984900771702036328894579070742980958,QmaU8eAe1jhumsEfATzjSZ9jvinUNLyGA6sP6AoW78M2Ue,ops/cdn-retirement-phase2/step3/v3-docs/0xe46a41b840176b62983fc71162dc9faeac4d9bcb/78437930858508382358350445319245577989271984900771702036328894579070742980958.json
0xe46a41b840176b62983fc71162dc9faeac4d9bcb,15,13813618189176598346629425236645922063897053897097139878520767662417600093121,13813618189176598346629425236645922063897053897097139878520767662417600093121,QmeLn8tVwsQ92SFoxRFGS4WMVs8andXF3DaShqa8or8vwh,ops/cdn-retirement-phase2/step3/v3-docs/0xe46a41b840176b62983fc71162dc9faeac4d9bcb/13813618189176598346629425236645922063897053897097139878520767662417600093121.json
0xe46a41b840176b62983fc71162dc9faeac4d9bcb,15,13942697208045564548826674043862131349970992431856416927987095618942688054397,13942697208045564548826674043862131349970992431856416927987095618942688054397,Qmdr6idrsRMZt1awjK727BmZRjZRhuQ9CnUnwtgJcUt7ck,ops/cdn-retirement-phase2/step3/v3-docs/0xe46a41b840176b62983fc71162dc9faeac4d9bcb/13942697208045564548826674043862131349970992431856416927987095618942688054397.json
0xe46a41b840176b62983fc71162dc9faeac4d9bcb,15,4747622386996134347530103051137512757478489873315040866696710228902591236914,4747622386996134347530103051137512757478489873315040866696710228902591236914,QmVCBUcC7fihYHL4ZUg3x9bgZL4FvpgGRdeVontCcQQpdk,ops/cdn-retirement-phase2/step3/v3-docs/0xe46a41b840176b62983fc71162dc9faeac4d9bcb/4747622386996134347530103051137512757478489873315040866696710228902591236914.json
0xe46a41b840176b62983fc71162dc9faeac4d9bcb,15,55660547781039109394205850530512155734259629331182394149210777298302840103643,55660547781039109394205850530512155734259629331182394149210777298302840103643,QmPqb3YummwNADpnYtdcthiVQ4a82kKufbbLrkmBjLWZfZ,ops/cdn-retirement-phase2/step3/v3-docs/0xe46a41b840176b62983fc71162dc9faeac4d9bcb/55660547781039109394205850530512155734259629331182394149210777298302840103643.json
0xe46a41b840176b62983fc71162dc9faeac4d9bcb,15,58987192466841004628201111767945836073083865759174394385352028392528079468102,58987192466841004628201111767945836073083865759174394385352028392528079468102,QmQDrbyhYtkbfRiENavS24RQXBJNsiV36JjxM8Tf6Y8BbQ,ops/cdn-retirement-phase2/step3/v3-docs/0xe46a41b840176b62983fc71162dc9faeac4d9bcb/58987192466841004628201111767945836073083865759174394385352028392528079468102.json
0xe46a41b840176b62983fc71162dc9faeac4d9bcb,15,61029430091907876109464895555898745746405742165657134445147979806674543220504,61029430091907876109464895555898745746405742165657134445147979806674543220504,QmPAB2promTEVaBW9QkKrEWn4FedC2LSr9qUR5cNE1Aomr,ops/cdn-retirement-phase2/step3/v3-docs/0xe46a41b840176b62983fc71162dc9faeac4d9bcb/61029430091907876109464895555898745746405742165657134445147979806674543220504.json
0xe46a41b840176b62983fc71162dc9faeac4d9bcb,15,78437930858508382358350445319245577989271984900771702036328894579070742980959,78437930858508382358350445319245577989271984900771702036328894579070742980959,QmQqnGmnBwphSYppWcdwJR5DbCmNLYgVJfbXnE9FNSw2vA,ops/cdn-retirement-phase2/step3/v3-docs/0xe46a41b840176b62983fc71162dc9faeac4d9bcb/78437930858508382358350445319245577989271984900771702036328894579070742980959.json
0xe46a41b840176b62983fc71162dc9faeac4d9bcb,16,13813618189176598346629425236645922063897053897097139878520767662417600093122,13813618189176598346629425236645922063897053897097139878520767662417600093122,QmNhi3tudawjyJhsLDiVWMSsvgiFdR737uRNZ7GhyKgbEx,ops/cdn-retirement-phase2/step3/v3-docs/0xe46a41b840176b62983fc71162dc9faeac4d9bcb/13813618189176598346629425236645922063897053897097139878520767662417600093122.json
0xe46a41b840176b62983fc71162dc9faeac4d9bcb,16,13942697208045564548826674043862131349970992431856416927987095618942688054398,13942697208045564548826674043862131349970992431856416927987095618942688054398,QmQWRmpTp3RUE13oWnkr3HTYcpSFkA2H8o47wAdnQVsru1,ops/cdn-retirement-phase2/step3/v3-docs/0xe46a41b840176b62983fc71162dc9faeac4d9bcb/13942697208045564548826674043862131349970992431856416927987095618942688054398.json
0xe46a41b840176b62983fc71162dc9faeac4d9bcb,16,4747622386996134347530103051137512757478489873315040866696710228902591236915,4747622386996134347530103051137512757478489873315040866696710228902591236915,QmWDgrLZiMmsnA4g2ayy4qcA98WCvztuVoTo6p6hWzohor,ops/cdn-retirement-phase2/step3/v3-docs/0xe46a41b840176b62983fc71162dc9faeac4d9bcb/4747622386996134347530103051137512757478489873315040866696710228902591236915.json
0xe46a41b840176b62983fc71162dc9faeac4d9bcb,16,55660547781039109394205850530512155734259629331182394149210777298302840103644,55660547781039109394205850530512155734259629331182394149210777298302840103644,QmZw7xunWq26uSKUZN8a1wwyUVyAwSRpmdvGMiWpMFj79X,ops/cdn-retirement-phase2/step3/v3-docs/0xe46a41b840176b62983fc71162dc9faeac4d9bcb/55660547781039109394205850530512155734259629331182394149210777298302840103644.json
0xe46a41b840176b62983fc71162dc9faeac4d9bcb,16,58987192466841004628201111767945836073083865759174394385352028392528079468103,58987192466841004628201111767945836073083865759174394385352028392528079468103,QmSXvLGwA9DpcvsjyaHuLUjiknmksdb3qjSfxDoDiT412o,ops/cdn-retirement-phase2/step3/v3-docs/0xe46a41b840176b62983fc71162dc9faeac4d9bcb/58987192466841004628201111767945836073083865759174394385352028392528079468103.json
0xe46a41b840176b62983fc71162dc9faeac4d9bcb,16,61029430091907876109464895555898745746405742165657134445147979806674543220505,61029430091907876109464895555898745746405742165657134445147979806674543220505,Qmdtta1T5mDpikhAMfVLTfBBmz3tjVhPWhTc185muBZp6U,ops/cdn-retirement-phase2/step3/v3-docs/0xe46a41b840176b62983fc71162dc9faeac4d9bcb/61029430091907876109464895555898745746405742165657134445147979806674543220505.json
0xe46a41b840176b62983fc71162dc9faeac4d9bcb,16,78437930858508382358350445319245577989271984900771702036328894579070742980960,78437930858508382358350445319245577989271984900771702036328894579070742980960,QmNqHWCHTxivQtEEZXXMrbeEX1TiWvD2YDPubhNNDSXc1J,ops/cdn-retirement-phase2/step3/v3-docs/0xe46a41b840176b62983fc71162dc9faeac4d9bcb/78437930858508382358350445319245577989271984900771702036328894579070742980960.json
0xe46a41b840176b62983fc71162dc9faeac4d9bcb,17,13813618189176598346629425236645922063897053897097139878520767662417600093123,13813618189176598346629425236645922063897053897097139878520767662417600093123,QmVr5ZpnnVmtMXCPVWk4eZ9azbaevbkJwvBsh8hy6GtbSA,ops/cdn-retirement-phase2/step3/v3-docs/0xe46a41b840176b62983fc71162dc9faeac4d9bcb/13813618189176598346629425236645922063897053897097139878520767662417600093123.json
0xe46a41b840176b62983fc71162dc9faeac4d9bcb,17,13942697208045564548826674043862131349970992431856416927987095618942688054399,13942697208045564548826674043862131349970992431856416927987095618942688054399,QmbmV6MBshF3hDmUAj47ecCktgEjNN8ELF89HJMqjuBkyo,ops/cdn-retirement-phase2/step3/v3-docs/0xe46a41b840176b62983fc71162dc9faeac4d9bcb/13942697208045564548826674043862131349970992431856416927987095618942688054399.json
0xe46a41b840176b62983fc71162dc9faeac4d9bcb,17,4747622386996134347530103051137512757478489873315040866696710228902591236916,4747622386996134347530103051137512757478489873315040866696710228902591236916,QmSZZMncgYhhnuoFY96ah5vBZPEPY8CFFY8nCLosvRnxKE,ops/cdn-retirement-phase2/step3/v3-docs/0xe46a41b840176b62983fc71162dc9faeac4d9bcb/4747622386996134347530103051137512757478489873315040866696710228902591236916.json
0xe46a41b840176b62983fc71162dc9faeac4d9bcb,17,55660547781039109394205850530512155734259629331182394149210777298302840103645,55660547781039109394205850530512155734259629331182394149210777298302840103645,QmaetjuEd12YrZFDL6AVdeGjKuFChqcBoES6N9n6YhLhxg,ops/cdn-retirement-phase2/step3/v3-docs/0xe46a41b840176b62983fc71162dc9faeac4d9bcb/55660547781039109394205850530512155734259629331182394149210777298302840103645.json
0xe46a41b840176b62983fc71162dc9faeac4d9bcb,17,58987192466841004628201111767945836073083865759174394385352028392528079468104,58987192466841004628201111767945836073083865759174394385352028392528079468104,QmWEH1HGpwpKAkJufbc8jmiwcrJJYp1xZJ46a2HmxojCsV,ops/cdn-retirement-phase2/step3/v3-docs/0xe46a41b840176b62983fc71162dc9faeac4d9bcb/58987192466841004628201111767945836073083865759174394385352028392528079468104.json
0xe46a41b840176b62983fc71162dc9faeac4d9bcb,17,61029430091907876109464895555898745746405742165657134445147979806674543220506,61029430091907876109464895555898745746405742165657134445147979806674543220506,QmZAviri4yooYUT77fnAnXKRgBwA3iV5cpggv4radJv9E2,ops/cdn-retirement-phase2/step3/v3-docs/0xe46a41b840176b62983fc71162dc9faeac4d9bcb/61029430091907876109464895555898745746405742165657134445147979806674543220506.json
0xe46a41b840176b62983fc71162dc9faeac4d9bcb,17,78437930858508382358350445319245577989271984900771702036328894579070742980961,78437930858508382358350445319245577989271984900771702036328894579070742980961,QmWjuNfSGF6rwDBgyfRcs7DhRbZKiYEanmgeRSvETZtgw2,ops/cdn-retirement-phase2/step3/v3-docs/0xe46a41b840176b62983fc71162dc9faeac4d9bcb/78437930858508382358350445319245577989271984900771702036328894579070742980961.json
0xe46a41b840176b62983fc71162dc9faeac4d9bcb,18,13813618189176598346629425236645922063897053897097139878520767662417600093124,13813618189176598346629425236645922063897053897097139878520767662417600093124,Qmdstt4QKtgxhWD5a2aH9a4jLNcqMaCbyJ46nH1LxG9qqu,ops/cdn-retirement-phase2/step3/v3-docs/0xe46a41b840176b62983fc71162dc9faeac4d9bcb/13813618189176598346629425236645922063897053897097139878520767662417600093124.json
0xe46a41b840176b62983fc71162dc9faeac4d9bcb,18,13942697208045564548826674043862131349970992431856416927987095618942688054400,13942697208045564548826674043862131349970992431856416927987095618942688054400,QmUAMLGUVrooY7axBQsW2HEMS8wDNUrZswB8nv1YStRmMH,ops/cdn-retirement-phase2/step3/v3-docs/0xe46a41b840176b62983fc71162dc9faeac4d9bcb/13942697208045564548826674043862131349970992431856416927987095618942688054400.json
0xe46a41b840176b62983fc71162dc9faeac4d9bcb,18,4747622386996134347530103051137512757478489873315040866696710228902591236917,4747622386996134347530103051137512757478489873315040866696710228902591236917,QmPBwpzacCjKbJvAMsgM2Vu14VTN7VCZw2NbKBUs6fBccf,ops/cdn-retirement-phase2/step3/v3-docs/0xe46a41b840176b62983fc71162dc9faeac4d9bcb/4747622386996134347530103051137512757478489873315040866696710228902591236917.json
0xe46a41b840176b62983fc71162dc9faeac4d9bcb,18,55660547781039109394205850530512155734259629331182394149210777298302840103646,55660547781039109394205850530512155734259629331182394149210777298302840103646,Qma9quzN5J9bVTKrYhR59ofQYUYrovtgdchFSGhQiBegGC,ops/cdn-retirement-phase2/step3/v3-docs/0xe46a41b840176b62983fc71162dc9faeac4d9bcb/55660547781039109394205850530512155734259629331182394149210777298302840103646.json
0xe46a41b840176b62983fc71162dc9faeac4d9bcb,18,58987192466841004628201111767945836073083865759174394385352028392528079468105,58987192466841004628201111767945836073083865759174394385352028392528079468105,QmWw8fpjWCC7LZ6EY49ZiSFuMkXH48xkzFkF9nL99Cv293,ops/cdn-retirement-phase2/step3/v3-docs/0xe46a41b840176b62983fc71162dc9faeac4d9bcb/58987192466841004628201111767945836073083865759174394385352028392528079468105.json
0xe46a41b840176b62983fc71162dc9faeac4d9bcb,18,61029430091907876109464895555898745746405742165657134445147979806674543220507,61029430091907876109464895555898745746405742165657134445147979806674543220507,QmS6pttwv3iFZKu1RqiAW8WBZeuod8Wo7BuMvrhmbXLCuQ,ops/cdn-retirement-phase2/step3/v3-docs/0xe46a41b840176b62983fc71162dc9faeac4d9bcb/61029430091907876109464895555898745746405742165657134445147979806674543220507.json
0xe46a41b840176b62983fc71162dc9faeac4d9bcb,18,78437930858508382358350445319245577989271984900771702036328894579070742980962,78437930858508382358350445319245577989271984900771702036328894579070742980962,QmdAgWLmZexzbTU788LDYNFDx1qDkqPGPGkh4z2VVinCCb,ops/cdn-retirement-phase2/step3/v3-docs/0xe46a41b840176b62983fc71162dc9faeac4d9bcb/78437930858508382358350445319245577989271984900771702036328894579070742980962.json
0xe46a41b840176b62983fc71162dc9faeac4d9bcb,19,13813618189176598346629425236645922063897053897097139878520767662417600093125,13813618189176598346629425236645922063897053897097139878520767662417600093125,QmSe4NHqDoZzjWQMku9SfeKLpDfcN2UqDFvs8dKrcGhSKR,ops/cdn-retirement-phase2/step3/v3-docs/0xe46a41b840176b62983fc71162dc9faeac4d9bcb/13813618189176598346629425236645922063897053897097139878520767662417600093125.json
0xe46a41b840176b62983fc71162dc9faeac4d9bcb,19,13942697208045564548826674043862131349970992431856416927987095618942688054401,13942697208045564548826674043862131349970992431856416927987095618942688054401,QmNbwNkXJyfjkN8u8pD9avBfhCbK7Wan66dwjWsHkZjzeh,ops/cdn-retirement-phase2/step3/v3-docs/0xe46a41b840176b62983fc71162dc9faeac4d9bcb/13942697208045564548826674043862131349970992431856416927987095618942688054401.json
0xe46a41b840176b62983fc71162dc9faeac4d9bcb,19,4747622386996134347530103051137512757478489873315040866696710228902591236918,4747622386996134347530103051137512757478489873315040866696710228902591236918,QmXR1M7vWhJdCn77x6KK1Q4xAvhqHSf765zJnyVEwk4j7e,ops/cdn-retirement-phase2/step3/v3-docs/0xe46a41b840176b62983fc71162dc9faeac4d9bcb/4747622386996134347530103051137512757478489873315040866696710228902591236918.json
0xe46a41b840176b62983fc71162dc9faeac4d9bcb,19,55660547781039109394205850530512155734259629331182394149210777298302840103647,55660547781039109394205850530512155734259629331182394149210777298302840103647,QmQ1Qy3aMtGi1i3CsskrWqoRdR4dZheXkfUBiTcXY1teae,ops/cdn-retirement-phase2/step3/v3-docs/0xe46a41b840176b62983fc71162dc9faeac4d9bcb/55660547781039109394205850530512155734259629331182394149210777298302840103647.json
0xe46a41b840176b62983fc71162dc9faeac4d9bcb,19,58987192466841004628201111767945836073083865759174394385352028392528079468106,58987192466841004628201111767945836073083865759174394385352028392528079468106,QmW8GNPchydP1acVbgybxCTxE8sJW3d4NN1RS5F5qxgpUa,ops/cdn-retirement-phase2/step3/v3-docs/0xe46a41b840176b62983fc71162dc9faeac4d9bcb/58987192466841004628201111767945836073083865759174394385352028392528079468106.json
0xe46a41b840176b62983fc71162dc9faeac4d9bcb,19,61029430091907876109464895555898745746405742165657134445147979806674543220508,61029430091907876109464895555898745746405742165657134445147979806674543220508,QmbvUkHkgd1PK4Ptsc4CARB3bbwt5ojWiBF7UAVEJsZzsD,ops/cdn-retirement-phase2/step3/v3-docs/0xe46a41b840176b62983fc71162dc9faeac4d9bcb/61029430091907876109464895555898745746405742165657134445147979806674543220508.json
0xe46a41b840176b62983fc71162dc9faeac4d9bcb,19,78437930858508382358350445319245577989271984900771702036328894579070742980963,78437930858508382358350445319245577989271984900771702036328894579070742980963,QmUyuMm9PDRgg7VXJU2xqUwhADAPVEBR1L9DWL4VgTUSBW,ops/cdn-retirement-phase2/step3/v3-docs/0xe46a41b840176b62983fc71162dc9faeac4d9bcb/78437930858508382358350445319245577989271984900771702036328894579070742980963.json
0xe46a41b840176b62983fc71162dc9faeac4d9bcb,2,13813618189176598346629425236645922063897053897097139878520767662417600093108,13813618189176598346629425236645922063897053897097139878520767662417600093108,Qmf86cT7cus9K3wB9uRW6UMvsX2RPREg3gXapnQefK9Z6f,ops/cdn-retirement-phase2/step3/v3-docs/0xe46a41b840176b62983fc71162dc9faeac4d9bcb/13813618189176598346629425236645922063897053897097139878520767662417600093108.json
0xe46a41b840176b62983fc71162dc9faeac4d9bcb,2,13942697208045564548826674043862131349970992431856416927987095618942688054384,13942697208045564548826674043862131349970992431856416927987095618942688054384,QmcFXtkjbwtsQKFtKRjLJh4XmAUG2LCb6sddxjde7godyV,ops/cdn-retirement-phase2/step3/v3-docs/0xe46a41b840176b62983fc71162dc9faeac4d9bcb/13942697208045564548826674043862131349970992431856416927987095618942688054384.json
0xe46a41b840176b62983fc71162dc9faeac4d9bcb,2,42849076508508026618683845219469713839953339652164819629057624528191877779936,42849076508508026618683845219469713839953339652164819629057624528191877779936,QmQ5NQn8rHUGv3ojNXM9hyWpfWPAAMFJfWo3pxzmLniZev,ops/cdn-retirement-phase2/step3/v3-docs/0xe46a41b840176b62983fc71162dc9faeac4d9bcb/42849076508508026618683845219469713839953339652164819629057624528191877779936.json
0xe46a41b840176b62983fc71162dc9faeac4d9bcb,2,4747622386996134347530103051137512757478489873315040866696710228902591236901,4747622386996134347530103051137512757478489873315040866696710228902591236901,QmYduC5RQAdzER2f8zag95rbgvSbzt1WUA1xov3AS3SisE,ops/cdn-retirement-phase2/step3/v3-docs/0xe46a41b840176b62983fc71162dc9faeac4d9bcb/4747622386996134347530103051137512757478489873315040866696710228902591236901.json
0xe46a41b840176b62983fc71162dc9faeac4d9bcb,2,55660547781039109394205850530512155734259629331182394149210777298302840103630,55660547781039109394205850530512155734259629331182394149210777298302840103630,Qmf1NdniNEZhgaMjtjm4xMvinCuyPyLWv7ZA6VtGyFyyDq,ops/cdn-retirement-phase2/step3/v3-docs/0xe46a41b840176b62983fc71162dc9faeac4d9bcb/55660547781039109394205850530512155734259629331182394149210777298302840103630.json
0xe46a41b840176b62983fc71162dc9faeac4d9bcb,2,58987192466841004628201111767945836073083865759174394385352028392528079468089,58987192466841004628201111767945836073083865759174394385352028392528079468089,QmRLaceGgQGhDugdAQATXXPsvRaFW1CG9zwQHkC6yxFF5y,ops/cdn-retirement-phase2/step3/v3-docs/0xe46a41b840176b62983fc71162dc9faeac4d9bcb/58987192466841004628201111767945836073083865759174394385352028392528079468089.json
0xe46a41b840176b62983fc71162dc9faeac4d9bcb,2,61029430091907876109464895555898745746405742165657134445147979806674543220491,61029430091907876109464895555898745746405742165657134445147979806674543220491,QmUsj2zxVVYYTmFSNjxz1CfRj9G2bb2Kzg7ixYaDv6REN2,ops/cdn-retirement-phase2/step3/v3-docs/0xe46a41b840176b62983fc71162dc9faeac4d9bcb/61029430091907876109464895555898745746405742165657134445147979806674543220491.json
0xe46a41b840176b62983fc71162dc9faeac4d9bcb,2,64266352369867287468072324394878417699389728539781080180641140451133269799532,64266352369867287468072324394878417699389728539781080180641140451133269799532,QmZTaPfRooGTz5ryukyKQFgvcPSjZXSp8z4F5Sf1qMRdBj,ops/cdn-retirement-phase2/step3/v3-docs/0xe46a41b840176b62983fc71162dc9faeac4d9bcb/64266352369867287468072324394878417699389728539781080180641140451133269799532.json
0xe46a41b840176b62983fc71162dc9faeac4d9bcb,2,78437930858508382358350445319245577989271984900771702036328894579070742980946,78437930858508382358350445319245577989271984900771702036328894579070742980946,QmPcfct6H2k3fEboNYkcaVi4NFW4v5YLzqt2rGN6BXSaJd,ops/cdn-retirement-phase2/step3/v3-docs/0xe46a41b840176b62983fc71162dc9faeac4d9bcb/78437930858508382358350445319245577989271984900771702036328894579070742980946.json
0xe46a41b840176b62983fc71162dc9faeac4d9bcb,20,13813618189176598346629425236645922063897053897097139878520767662417600093126,13813618189176598346629425236645922063897053897097139878520767662417600093126,QmUL8rmTgTy8DmwFMFSnDHK2Sq4m9g7658QXg4Pqin5NVS,ops/cdn-retirement-phase2/step3/v3-docs/0xe46a41b840176b62983fc71162dc9faeac4d9bcb/13813618189176598346629425236645922063897053897097139878520767662417600093126.json
0xe46a41b840176b62983fc71162dc9faeac4d9bcb,20,13942697208045564548826674043862131349970992431856416927987095618942688054402,13942697208045564548826674043862131349970992431856416927987095618942688054402,QmRLZ83oh3sah4c7L5jdGGQzUHiTSzEUM3y8SLWwErL8Wf,ops/cdn-retirement-phase2/step3/v3-docs/0xe46a41b840176b62983fc71162dc9faeac4d9bcb/13942697208045564548826674043862131349970992431856416927987095618942688054402.json
0xe46a41b840176b62983fc71162dc9faeac4d9bcb,20,4747622386996134347530103051137512757478489873315040866696710228902591236919,4747622386996134347530103051137512757478489873315040866696710228902591236919,QmNVog2mKYVS4bAesmVrGBo4sd8fL89r9ipvhPmG6TfmJf,ops/cdn-retirement-phase2/step3/v3-docs/0xe46a41b840176b62983fc71162dc9faeac4d9bcb/4747622386996134347530103051137512757478489873315040866696710228902591236919.json
0xe46a41b840176b62983fc71162dc9faeac4d9bcb,20,55660547781039109394205850530512155734259629331182394149210777298302840103648,55660547781039109394205850530512155734259629331182394149210777298302840103648,Qmb9qXLGMXStffcAK8QsNX3e5M2RmoLizQZaamkRfeHPqQ,ops/cdn-retirement-phase2/step3/v3-docs/0xe46a41b840176b62983fc71162dc9faeac4d9bcb/55660547781039109394205850530512155734259629331182394149210777298302840103648.json
0xe46a41b840176b62983fc71162dc9faeac4d9bcb,20,58987192466841004628201111767945836073083865759174394385352028392528079468107,58987192466841004628201111767945836073083865759174394385352028392528079468107,QmNgvRPYSSfhUg2Ez8PRyumhNFJxCqAXSvx8N4mn15zB83,ops/cdn-retirement-phase2/step3/v3-docs/0xe46a41b840176b62983fc71162dc9faeac4d9bcb/58987192466841004628201111767945836073083865759174394385352028392528079468107.json
0xe46a41b840176b62983fc71162dc9faeac4d9bcb,20,61029430091907876109464895555898745746405742165657134445147979806674543220509,61029430091907876109464895555898745746405742165657134445147979806674543220509,QmcCRjqed75xm7z4zAMojcrVTVbPh9dCkjBJeYWnahVEZd,ops/cdn-retirement-phase2/step3/v3-docs/0xe46a41b840176b62983fc71162dc9faeac4d9bcb/61029430091907876109464895555898745746405742165657134445147979806674543220509.json
0xe46a41b840176b62983fc71162dc9faeac4d9bcb,20,78437930858508382358350445319245577989271984900771702036328894579070742980964,78437930858508382358350445319245577989271984900771702036328894579070742980964,QmWkNqS4SrT64LcqrosWSUgGkKGCfgm2q3MfpDjXRyYU7W,ops/cdn-retirement-phase2/step3/v3-docs/0xe46a41b840176b62983fc71162dc9faeac4d9bcb/78437930858508382358350445319245577989271984900771702036328894579070742980964.json
0xe46a41b840176b62983fc71162dc9faeac4d9bcb,21,13813618189176598346629425236645922063897053897097139878520767662417600093127,13813618189176598346629425236645922063897053897097139878520767662417600093127,QmTeBKVuLmmoGqgEdcc2PGEB1nBsN53NnvhuMmbTwaTff8,ops/cdn-retirement-phase2/step3/v3-docs/0xe46a41b840176b62983fc71162dc9faeac4d9bcb/13813618189176598346629425236645922063897053897097139878520767662417600093127.json
0xe46a41b840176b62983fc71162dc9faeac4d9bcb,21,13942697208045564548826674043862131349970992431856416927987095618942688054403,13942697208045564548826674043862131349970992431856416927987095618942688054403,QmWJGSJeG5NktqoyWrtaqxacUa3WxaUS8BmJZ5yVK7r4uh,ops/cdn-retirement-phase2/step3/v3-docs/0xe46a41b840176b62983fc71162dc9faeac4d9bcb/13942697208045564548826674043862131349970992431856416927987095618942688054403.json
0xe46a41b840176b62983fc71162dc9faeac4d9bcb,21,4747622386996134347530103051137512757478489873315040866696710228902591236920,4747622386996134347530103051137512757478489873315040866696710228902591236920,QmVRX3nj1SV9Sges5oVivynL3jC5hupAhKCuXKkWDCuJFN,ops/cdn-retirement-phase2/step3/v3-docs/0xe46a41b840176b62983fc71162dc9faeac4d9bcb/4747622386996134347530103051137512757478489873315040866696710228902591236920.json
0xe46a41b840176b62983fc71162dc9faeac4d9bcb,21,55660547781039109394205850530512155734259629331182394149210777298302840103649,55660547781039109394205850530512155734259629331182394149210777298302840103649,QmTTu7ncRRhTWUG2sKggHB6ubtKvj8QTCz3sAxdaQPov8K,ops/cdn-retirement-phase2/step3/v3-docs/0xe46a41b840176b62983fc71162dc9faeac4d9bcb/55660547781039109394205850530512155734259629331182394149210777298302840103649.json
0xe46a41b840176b62983fc71162dc9faeac4d9bcb,21,58987192466841004628201111767945836073083865759174394385352028392528079468108,58987192466841004628201111767945836073083865759174394385352028392528079468108,QmTMwMvGJe3SW2SEgKpeRAiZzkfdi9rRnVDn1UUNmomPYv,ops/cdn-retirement-phase2/step3/v3-docs/0xe46a41b840176b62983fc71162dc9faeac4d9bcb/58987192466841004628201111767945836073083865759174394385352028392528079468108.json
0xe46a41b840176b62983fc71162dc9faeac4d9bcb,21,61029430091907876109464895555898745746405742165657134445147979806674543220510,61029430091907876109464895555898745746405742165657134445147979806674543220510,QmUtmHrBAy4o6yVE9byNNwYPkBJ9tphBraCqT3vEoJXKNj,ops/cdn-retirement-phase2/step3/v3-docs/0xe46a41b840176b62983fc71162dc9faeac4d9bcb/61029430091907876109464895555898745746405742165657134445147979806674543220510.json
0xe46a41b840176b62983fc71162dc9faeac4d9bcb,21,78437930858508382358350445319245577989271984900771702036328894579070742980965,78437930858508382358350445319245577989271984900771702036328894579070742980965,QmbNjQ5NR5sPwKYDHTWiGJHmqKBVNNccRNwrVyPeBEYAKG,ops/cdn-retirement-phase2/step3/v3-docs/0xe46a41b840176b62983fc71162dc9faeac4d9bcb/78437930858508382358350445319245577989271984900771702036328894579070742980965.json
0xe46a41b840176b62983fc71162dc9faeac4d9bcb,22,13813618189176598346629425236645922063897053897097139878520767662417600093128,13813618189176598346629425236645922063897053897097139878520767662417600093128,QmVreeHwDhdayBAKnTpXffsmafoiEjoJcc522GyDeLE8ds,ops/cdn-retirement-phase2/step3/v3-docs/0xe46a41b840176b62983fc71162dc9faeac4d9bcb/13813618189176598346629425236645922063897053897097139878520767662417600093128.json
0xe46a41b840176b62983fc71162dc9faeac4d9bcb,22,13942697208045564548826674043862131349970992431856416927987095618942688054404,13942697208045564548826674043862131349970992431856416927987095618942688054404,QmbzceS7HGzCsgjBNzSKiiHo7rDzE9xdwx3ukEaVoqHKUE,ops/cdn-retirement-phase2/step3/v3-docs/0xe46a41b840176b62983fc71162dc9faeac4d9bcb/13942697208045564548826674043862131349970992431856416927987095618942688054404.json
0xe46a41b840176b62983fc71162dc9faeac4d9bcb,22,4747622386996134347530103051137512757478489873315040866696710228902591236921,4747622386996134347530103051137512757478489873315040866696710228902591236921,QmdnvBspoAwMUsYfsXwpFQhELjXtegETbnrLkhcyngnVix,ops/cdn-retirement-phase2/step3/v3-docs/0xe46a41b840176b62983fc71162dc9faeac4d9bcb/4747622386996134347530103051137512757478489873315040866696710228902591236921.json
0xe46a41b840176b62983fc71162dc9faeac4d9bcb,22,55660547781039109394205850530512155734259629331182394149210777298302840103650,55660547781039109394205850530512155734259629331182394149210777298302840103650,QmbQQLjenzWP6SLxqoJqMNYN9cJzkwokLF3dPyTbJeQbem,ops/cdn-retirement-phase2/step3/v3-docs/0xe46a41b840176b62983fc71162dc9faeac4d9bcb/55660547781039109394205850530512155734259629331182394149210777298302840103650.json
0xe46a41b840176b62983fc71162dc9faeac4d9bcb,22,58987192466841004628201111767945836073083865759174394385352028392528079468109,58987192466841004628201111767945836073083865759174394385352028392528079468109,QmUR4vWAqHyS7V8riokkuWxtE4CLKeFyqixtFHN9uoLiTz,ops/cdn-retirement-phase2/step3/v3-docs/0xe46a41b840176b62983fc71162dc9faeac4d9bcb/58987192466841004628201111767945836073083865759174394385352028392528079468109.json
0xe46a41b840176b62983fc71162dc9faeac4d9bcb,22,61029430091907876109464895555898745746405742165657134445147979806674543220511,61029430091907876109464895555898745746405742165657134445147979806674543220511,QmZHySVJv6MAZAQs9dAiyqL9zSWGo9HDV4s5n1WB7pwLsz,ops/cdn-retirement-phase2/step3/v3-docs/0xe46a41b840176b62983fc71162dc9faeac4d9bcb/61029430091907876109464895555898745746405742165657134445147979806674543220511.json
0xe46a41b840176b62983fc71162dc9faeac4d9bcb,22,78437930858508382358350445319245577989271984900771702036328894579070742980966,78437930858508382358350445319245577989271984900771702036328894579070742980966,QmWoDebUsTpVYzhcWc9XHu1pnzqTUWYvvyAZcKSpE9Mfay,ops/cdn-retirement-phase2/step3/v3-docs/0xe46a41b840176b62983fc71162dc9faeac4d9bcb/78437930858508382358350445319245577989271984900771702036328894579070742980966.json
0xe46a41b840176b62983fc71162dc9faeac4d9bcb,23,13813618189176598346629425236645922063897053897097139878520767662417600093129,13813618189176598346629425236645922063897053897097139878520767662417600093129,QmY32SgvEjLfVQtWjGVvZtUixyHb4SzWStBQmSacktA5Be,ops/cdn-retirement-phase2/step3/v3-docs/0xe46a41b840176b62983fc71162dc9faeac4d9bcb/13813618189176598346629425236645922063897053897097139878520767662417600093129.json
0xe46a41b840176b62983fc71162dc9faeac4d9bcb,23,13942697208045564548826674043862131349970992431856416927987095618942688054405,13942697208045564548826674043862131349970992431856416927987095618942688054405,QmUSVxUYPvyphHWRyT5f3BtnzQHUy3UpgfRg2UQDfMNWN7,ops/cdn-retirement-phase2/step3/v3-docs/0xe46a41b840176b62983fc71162dc9faeac4d9bcb/13942697208045564548826674043862131349970992431856416927987095618942688054405.json
0xe46a41b840176b62983fc71162dc9faeac4d9bcb,23,4747622386996134347530103051137512757478489873315040866696710228902591236922,4747622386996134347530103051137512757478489873315040866696710228902591236922,QmT94KAosceiWpk59E2FZvuxYpZhTYiEbKEPa1AVGEym6F,ops/cdn-retirement-phase2/step3/v3-docs/0xe46a41b840176b62983fc71162dc9faeac4d9bcb/4747622386996134347530103051137512757478489873315040866696710228902591236922.json
0xe46a41b840176b62983fc71162dc9faeac4d9bcb,23,55660547781039109394205850530512155734259629331182394149210777298302840103651,55660547781039109394205850530512155734259629331182394149210777298302840103651,QmUo5JZrDXhgbnnk7ELRJhdBBQmhMJiazbcEop2HzQLZQZ,ops/cdn-retirement-phase2/step3/v3-docs/0xe46a41b840176b62983fc71162dc9faeac4d9bcb/55660547781039109394205850530512155734259629331182394149210777298302840103651.json
0xe46a41b840176b62983fc71162dc9faeac4d9bcb,23,58987192466841004628201111767945836073083865759174394385352028392528079468110,58987192466841004628201111767945836073083865759174394385352028392528079468110,QmVs8KioMsgk6ni61cXQSbrQuQxtbXpQU63aksopg86nvG,ops/cdn-retirement-phase2/step3/v3-docs/0xe46a41b840176b62983fc71162dc9faeac4d9bcb/58987192466841004628201111767945836073083865759174394385352028392528079468110.json
0xe46a41b840176b62983fc71162dc9faeac4d9bcb,23,61029430091907876109464895555898745746405742165657134445147979806674543220512,61029430091907876109464895555898745746405742165657134445147979806674543220512,QmfK6BscbKqhgFVhwna5em3inQLUSvLkR7h69AYXsBvxqs,ops/cdn-retirement-phase2/step3/v3-docs/0xe46a41b840176b62983fc71162dc9faeac4d9bcb/61029430091907876109464895555898745746405742165657134445147979806674543220512.json
0xe46a41b840176b62983fc71162dc9faeac4d9bcb,23,78437930858508382358350445319245577989271984900771702036328894579070742980967,78437930858508382358350445319245577989271984900771702036328894579070742980967,QmVBaXtqAZtpMxkEkN5iMg9e5uNcjcEzyXx7jEv6Wz1Wyq,ops/cdn-retirement-phase2/step3/v3-docs/0xe46a41b840176b62983fc71162dc9faeac4d9bcb/78437930858508382358350445319245577989271984900771702036328894579070742980967.json
0xe46a41b840176b62983fc71162dc9faeac4d9bcb,24,13813618189176598346629425236645922063897053897097139878520767662417600093130,13813618189176598346629425236645922063897053897097139878520767662417600093130,QmR5Hx4bQoPudatnr7vRzbrk2euVFNmXhumjQoRcbWjMRo,ops/cdn-retirement-phase2/step3/v3-docs/0xe46a41b840176b62983fc71162dc9faeac4d9bcb/13813618189176598346629425236645922063897053897097139878520767662417600093130.json
0xe46a41b840176b62983fc71162dc9faeac4d9bcb,24,13942697208045564548826674043862131349970992431856416927987095618942688054406,13942697208045564548826674043862131349970992431856416927987095618942688054406,QmdBfgXyCoecLGzkzDJZRJpVsM4DpWaqEyLg2JWs8SWRf6,ops/cdn-retirement-phase2/step3/v3-docs/0xe46a41b840176b62983fc71162dc9faeac4d9bcb/13942697208045564548826674043862131349970992431856416927987095618942688054406.json
0xe46a41b840176b62983fc71162dc9faeac4d9bcb,24,4747622386996134347530103051137512757478489873315040866696710228902591236923,4747622386996134347530103051137512757478489873315040866696710228902591236923,Qmcsis3ER3BmfW6hJA3hMrqwQczLhFkVSH88fmVyjB742H,ops/cdn-retirement-phase2/step3/v3-docs/0xe46a41b840176b62983fc71162dc9faeac4d9bcb/4747622386996134347530103051137512757478489873315040866696710228902591236923.json
0xe46a41b840176b62983fc71162dc9faeac4d9bcb,24,55660547781039109394205850530512155734259629331182394149210777298302840103652,55660547781039109394205850530512155734259629331182394149210777298302840103652,QmRn3a5eB5ZUG2eM1MyKXDYgCF2q5fbuY7pwpA28zijQVu,ops/cdn-retirement-phase2/step3/v3-docs/0xe46a41b840176b62983fc71162dc9faeac4d9bcb/55660547781039109394205850530512155734259629331182394149210777298302840103652.json
0xe46a41b840176b62983fc71162dc9faeac4d9bcb,24,58987192466841004628201111767945836073083865759174394385352028392528079468111,58987192466841004628201111767945836073083865759174394385352028392528079468111,QmUGd2EYFAkKJ6sHH9dHYXg1GGzdihGwV2iJM9vQWwyiVM,ops/cdn-retirement-phase2/step3/v3-docs/0xe46a41b840176b62983fc71162dc9faeac4d9bcb/58987192466841004628201111767945836073083865759174394385352028392528079468111.json
0xe46a41b840176b62983fc71162dc9faeac4d9bcb,24,61029430091907876109464895555898745746405742165657134445147979806674543220513,61029430091907876109464895555898745746405742165657134445147979806674543220513,QmdLjQm4GxnbEhLzXv1j1nzun89BVAc7rg66JRx3bfyjts,ops/cdn-retirement-phase2/step3/v3-docs/0xe46a41b840176b62983fc71162dc9faeac4d9bcb/61029430091907876109464895555898745746405742165657134445147979806674543220513.json
0xe46a41b840176b62983fc71162dc9faeac4d9bcb,24,78437930858508382358350445319245577989271984900771702036328894579070742980968,78437930858508382358350445319245577989271984900771702036328894579070742980968,QmXLVW5UANRmguoC1FHV1bTcGr2RhG8WG3KeL8wWkb7AJi,ops/cdn-retirement-phase2/step3/v3-docs/0xe46a41b840176b62983fc71162dc9faeac4d9bcb/78437930858508382358350445319245577989271984900771702036328894579070742980968.json
0xe46a41b840176b62983fc71162dc9faeac4d9bcb,25,13813618189176598346629425236645922063897053897097139878520767662417600093131,13813618189176598346629425236645922063897053897097139878520767662417600093131,QmYj5Epeg8nnfyEC4PgkqkZ7G68ybJd5teytfjtmbiLtK2,ops/cdn-retirement-phase2/step3/v3-docs/0xe46a41b840176b62983fc71162dc9faeac4d9bcb/13813618189176598346629425236645922063897053897097139878520767662417600093131.json
0xe46a41b840176b62983fc71162dc9faeac4d9bcb,25,13942697208045564548826674043862131349970992431856416927987095618942688054407,13942697208045564548826674043862131349970992431856416927987095618942688054407,QmcqXhF3vYN3HZrsgvUi4SgByJQCi8GXjRUAmpg3gQyC6z,ops/cdn-retirement-phase2/step3/v3-docs/0xe46a41b840176b62983fc71162dc9faeac4d9bcb/13942697208045564548826674043862131349970992431856416927987095618942688054407.json
0xe46a41b840176b62983fc71162dc9faeac4d9bcb,25,4747622386996134347530103051137512757478489873315040866696710228902591236924,4747622386996134347530103051137512757478489873315040866696710228902591236924,QmbTzvE32bQ4Vu9TnhU6FhKM9BVLcU2Bv6WTgcxzEquy8L,ops/cdn-retirement-phase2/step3/v3-docs/0xe46a41b840176b62983fc71162dc9faeac4d9bcb/4747622386996134347530103051137512757478489873315040866696710228902591236924.json
0xe46a41b840176b62983fc71162dc9faeac4d9bcb,25,55660547781039109394205850530512155734259629331182394149210777298302840103653,55660547781039109394205850530512155734259629331182394149210777298302840103653,QmZCibp6SseoZTHrtF2wHyoQe3kHmVvby8ZsWp4K76uoSf,ops/cdn-retirement-phase2/step3/v3-docs/0xe46a41b840176b62983fc71162dc9faeac4d9bcb/55660547781039109394205850530512155734259629331182394149210777298302840103653.json
0xe46a41b840176b62983fc71162dc9faeac4d9bcb,25,58987192466841004628201111767945836073083865759174394385352028392528079468112,58987192466841004628201111767945836073083865759174394385352028392528079468112,QmRZNt7YB86Y92NE2tmfW7he4uWhnQKW9xJQZVBAgqzYqj,ops/cdn-retirement-phase2/step3/v3-docs/0xe46a41b840176b62983fc71162dc9faeac4d9bcb/58987192466841004628201111767945836073083865759174394385352028392528079468112.json
0xe46a41b840176b62983fc71162dc9faeac4d9bcb,25,61029430091907876109464895555898745746405742165657134445147979806674543220514,61029430091907876109464895555898745746405742165657134445147979806674543220514,QmfWUq6ZXCbizC5EiqbwC9jrqdeUXmWxuuFbaSi9kEL79D,ops/cdn-retirement-phase2/step3/v3-docs/0xe46a41b840176b62983fc71162dc9faeac4d9bcb/61029430091907876109464895555898745746405742165657134445147979806674543220514.json
0xe46a41b840176b62983fc71162dc9faeac4d9bcb,25,78437930858508382358350445319245577989271984900771702036328894579070742980969,78437930858508382358350445319245577989271984900771702036328894579070742980969,QmZrwSEcbDk7sotwgY1ZxoXK5mSbB9TZfyKxZPXBc1rrEr,ops/cdn-retirement-phase2/step3/v3-docs/0xe46a41b840176b62983fc71162dc9faeac4d9bcb/78437930858508382358350445319245577989271984900771702036328894579070742980969.json
0xe46a41b840176b62983fc71162dc9faeac4d9bcb,26,13813618189176598346629425236645922063897053897097139878520767662417600093132,13813618189176598346629425236645922063897053897097139878520767662417600093132,QmT6rqtCFGVwrUFR2MQLuCzqksBhjxRTRPNyaJ9VZqWdZu,ops/cdn-retirement-phase2/step3/v3-docs/0xe46a41b840176b62983fc71162dc9faeac4d9bcb/13813618189176598346629425236645922063897053897097139878520767662417600093132.json
0xe46a41b840176b62983fc71162dc9faeac4d9bcb,26,13942697208045564548826674043862131349970992431856416927987095618942688054408,13942697208045564548826674043862131349970992431856416927987095618942688054408,QmTb9pSWsFN1shtVDgJ1ZNNptDiEm3wazACfdTUQZEH5r9,ops/cdn-retirement-phase2/step3/v3-docs/0xe46a41b840176b62983fc71162dc9faeac4d9bcb/13942697208045564548826674043862131349970992431856416927987095618942688054408.json
0xe46a41b840176b62983fc71162dc9faeac4d9bcb,26,4747622386996134347530103051137512757478489873315040866696710228902591236925,4747622386996134347530103051137512757478489873315040866696710228902591236925,QmdATcgKRuVptpnnrrnbL2n9Fn8ztRf74DZHapNWtnQJMC,ops/cdn-retirement-phase2/step3/v3-docs/0xe46a41b840176b62983fc71162dc9faeac4d9bcb/4747622386996134347530103051137512757478489873315040866696710228902591236925.json
0xe46a41b840176b62983fc71162dc9faeac4d9bcb,26,55660547781039109394205850530512155734259629331182394149210777298302840103654,55660547781039109394205850530512155734259629331182394149210777298302840103654,Qma6BUZMz2hJK4vjcvH5XhJS5iFG2r1C7WKZZCcK32DJQL,ops/cdn-retirement-phase2/step3/v3-docs/0xe46a41b840176b62983fc71162dc9faeac4d9bcb/55660547781039109394205850530512155734259629331182394149210777298302840103654.json
0xe46a41b840176b62983fc71162dc9faeac4d9bcb,26,58987192466841004628201111767945836073083865759174394385352028392528079468113,58987192466841004628201111767945836073083865759174394385352028392528079468113,QmZU2h6g87BAtVDae4eD3y8vk77ncnSSBbvjicPi5ZHQW8,ops/cdn-retirement-phase2/step3/v3-docs/0xe46a41b840176b62983fc71162dc9faeac4d9bcb/58987192466841004628201111767945836073083865759174394385352028392528079468113.json
0xe46a41b840176b62983fc71162dc9faeac4d9bcb,26,61029430091907876109464895555898745746405742165657134445147979806674543220515,61029430091907876109464895555898745746405742165657134445147979806674543220515,Qmf9qEMLk9TYDZzjhJtmMuo4Z7zqRAp3QtRVybuz3L3YwS,ops/cdn-retirement-phase2/step3/v3-docs/0xe46a41b840176b62983fc71162dc9faeac4d9bcb/61029430091907876109464895555898745746405742165657134445147979806674543220515.json
0xe46a41b840176b62983fc71162dc9faeac4d9bcb,26,78437930858508382358350445319245577989271984900771702036328894579070742980970,78437930858508382358350445319245577989271984900771702036328894579070742980970,QmeHqjidZGeNjFgLHvMQ6KcQ8aWVAMAZkCkBYz8aDkj3SA,ops/cdn-retirement-phase2/step3/v3-docs/0xe46a41b840176b62983fc71162dc9faeac4d9bcb/78437930858508382358350445319245577989271984900771702036328894579070742980970.json
0xe46a41b840176b62983fc71162dc9faeac4d9bcb,27,13813618189176598346629425236645922063897053897097139878520767662417600093133,13813618189176598346629425236645922063897053897097139878520767662417600093133,QmQWtWkMTqccJkphK8vpGqwMTULZcR1rJv4Ya9MXJTbEbt,ops/cdn-retirement-phase2/step3/v3-docs/0xe46a41b840176b62983fc71162dc9faeac4d9bcb/13813618189176598346629425236645922063897053897097139878520767662417600093133.json
0xe46a41b840176b62983fc71162dc9faeac4d9bcb,27,13942697208045564548826674043862131349970992431856416927987095618942688054409,13942697208045564548826674043862131349970992431856416927987095618942688054409,QmZpyYcx52UjrAtfcJyywyXSm8Awwn6YkwpTcYbEKJryFV,ops/cdn-retirement-phase2/step3/v3-docs/0xe46a41b840176b62983fc71162dc9faeac4d9bcb/13942697208045564548826674043862131349970992431856416927987095618942688054409.json
0xe46a41b840176b62983fc71162dc9faeac4d9bcb,27,4747622386996134347530103051137512757478489873315040866696710228902591236926,4747622386996134347530103051137512757478489873315040866696710228902591236926,QmUsV5QFy4Bz5R5sq56MbPcNofa4cxxt2smr7Sryr4rbrP,ops/cdn-retirement-phase2/step3/v3-docs/0xe46a41b840176b62983fc71162dc9faeac4d9bcb/4747622386996134347530103051137512757478489873315040866696710228902591236926.json
0xe46a41b840176b62983fc71162dc9faeac4d9bcb,27,55660547781039109394205850530512155734259629331182394149210777298302840103655,55660547781039109394205850530512155734259629331182394149210777298302840103655,Qmc8o9zwvmbyLvhiH2imHVtWDCwHBMQtzvAYnq6ekdWSd3,ops/cdn-retirement-phase2/step3/v3-docs/0xe46a41b840176b62983fc71162dc9faeac4d9bcb/55660547781039109394205850530512155734259629331182394149210777298302840103655.json
0xe46a41b840176b62983fc71162dc9faeac4d9bcb,27,58987192466841004628201111767945836073083865759174394385352028392528079468114,58987192466841004628201111767945836073083865759174394385352028392528079468114,QmdM1dA3PAtxVjM9fqCCM8KFui49SLaGUXjkCds53xS5oS,ops/cdn-retirement-phase2/step3/v3-docs/0xe46a41b840176b62983fc71162dc9faeac4d9bcb/58987192466841004628201111767945836073083865759174394385352028392528079468114.json
0xe46a41b840176b62983fc71162dc9faeac4d9bcb,27,61029430091907876109464895555898745746405742165657134445147979806674543220516,61029430091907876109464895555898745746405742165657134445147979806674543220516,Qmdx34jjVLqczXkbPbXZZquujUqbzcayqZ1ApFCqXCmAur,ops/cdn-retirement-phase2/step3/v3-docs/0xe46a41b840176b62983fc71162dc9faeac4d9bcb/61029430091907876109464895555898745746405742165657134445147979806674543220516.json
0xe46a41b840176b62983fc71162dc9faeac4d9bcb,27,78437930858508382358350445319245577989271984900771702036328894579070742980971,78437930858508382358350445319245577989271984900771702036328894579070742980971,QmbUNRTL1CcXKdtfYG2CSkYHyYhVVxhr2Y3iXewDJubkCT,ops/cdn-retirement-phase2/step3/v3-docs/0xe46a41b840176b62983fc71162dc9faeac4d9bcb/78437930858508382358350445319245577989271984900771702036328894579070742980971.json
0xe46a41b840176b62983fc71162dc9faeac4d9bcb,28,13813618189176598346629425236645922063897053897097139878520767662417600093134,13813618189176598346629425236645922063897053897097139878520767662417600093134,QmeLCSf4znWZsNmd5e94LJNX2W1BnxgCfffKDECHteLWjA,ops/cdn-retirement-phase2/step3/v3-docs/0xe46a41b840176b62983fc71162dc9faeac4d9bcb/13813618189176598346629425236645922063897053897097139878520767662417600093134.json
0xe46a41b840176b62983fc71162dc9faeac4d9bcb,28,13942697208045564548826674043862131349970992431856416927987095618942688054410,13942697208045564548826674043862131349970992431856416927987095618942688054410,QmQtXf18nEsmucdfKSQKQqduv7M6pvARMcJAVqdqCMHjyG,ops/cdn-retirement-phase2/step3/v3-docs/0xe46a41b840176b62983fc71162dc9faeac4d9bcb/13942697208045564548826674043862131349970992431856416927987095618942688054410.json
0xe46a41b840176b62983fc71162dc9faeac4d9bcb,28,4747622386996134347530103051137512757478489873315040866696710228902591236927,4747622386996134347530103051137512757478489873315040866696710228902591236927,QmWz35UUGSvm75r6MY5TUo18QVFXku4NEGjixyq5hrLZPq,ops/cdn-retirement-phase2/step3/v3-docs/0xe46a41b840176b62983fc71162dc9faeac4d9bcb/4747622386996134347530103051137512757478489873315040866696710228902591236927.json
0xe46a41b840176b62983fc71162dc9faeac4d9bcb,28,55660547781039109394205850530512155734259629331182394149210777298302840103656,55660547781039109394205850530512155734259629331182394149210777298302840103656,QmRGLcxXs1UvGZ6PwNLirHMtR4ap55onma5p6isGRTLvef,ops/cdn-retirement-phase2/step3/v3-docs/0xe46a41b840176b62983fc71162dc9faeac4d9bcb/55660547781039109394205850530512155734259629331182394149210777298302840103656.json
0xe46a41b840176b62983fc71162dc9faeac4d9bcb,28,58987192466841004628201111767945836073083865759174394385352028392528079468115,58987192466841004628201111767945836073083865759174394385352028392528079468115,QmRQeLQFKrAWAzNYG7sp1V52yM6McJgDzTgpq97PF1N43u,ops/cdn-retirement-phase2/step3/v3-docs/0xe46a41b840176b62983fc71162dc9faeac4d9bcb/58987192466841004628201111767945836073083865759174394385352028392528079468115.json
0xe46a41b840176b62983fc71162dc9faeac4d9bcb,28,61029430091907876109464895555898745746405742165657134445147979806674543220517,61029430091907876109464895555898745746405742165657134445147979806674543220517,QmVEkHat1jMBEgMMqkDxtYsHWLNUPT2qJgdq61naDPA7NS,ops/cdn-retirement-phase2/step3/v3-docs/0xe46a41b840176b62983fc71162dc9faeac4d9bcb/61029430091907876109464895555898745746405742165657134445147979806674543220517.json
0xe46a41b840176b62983fc71162dc9faeac4d9bcb,28,78437930858508382358350445319245577989271984900771702036328894579070742980972,78437930858508382358350445319245577989271984900771702036328894579070742980972,QmZzqyUdGctA9TYpZNNFseTs7MCUruKvhhCMawyVbHH9VY,ops/cdn-retirement-phase2/step3/v3-docs/0xe46a41b840176b62983fc71162dc9faeac4d9bcb/78437930858508382358350445319245577989271984900771702036328894579070742980972.json
0xe46a41b840176b62983fc71162dc9faeac4d9bcb,29,13813618189176598346629425236645922063897053897097139878520767662417600093135,13813618189176598346629425236645922063897053897097139878520767662417600093135,QmahqhkViNyBL74qbJdmyjdWabDruwQsq6Ejbmji5JKvxZ,ops/cdn-retirement-phase2/step3/v3-docs/0xe46a41b840176b62983fc71162dc9faeac4d9bcb/13813618189176598346629425236645922063897053897097139878520767662417600093135.json
0xe46a41b840176b62983fc71162dc9faeac4d9bcb,29,13942697208045564548826674043862131349970992431856416927987095618942688054411,13942697208045564548826674043862131349970992431856416927987095618942688054411,QmdUzGY2U3AeTvBU695dD9VCuqE4Fnea5UzU85KHMdiNjy,ops/cdn-retirement-phase2/step3/v3-docs/0xe46a41b840176b62983fc71162dc9faeac4d9bcb/13942697208045564548826674043862131349970992431856416927987095618942688054411.json
0xe46a41b840176b62983fc71162dc9faeac4d9bcb,29,4747622386996134347530103051137512757478489873315040866696710228902591236928,4747622386996134347530103051137512757478489873315040866696710228902591236928,QmaJTkc8y17bbwsAt6nVRuacdKp99VNZSYetpiERuZR8Uh,ops/cdn-retirement-phase2/step3/v3-docs/0xe46a41b840176b62983fc71162dc9faeac4d9bcb/4747622386996134347530103051137512757478489873315040866696710228902591236928.json
0xe46a41b840176b62983fc71162dc9faeac4d9bcb,29,55660547781039109394205850530512155734259629331182394149210777298302840103657,55660547781039109394205850530512155734259629331182394149210777298302840103657,QmNMretuEaiha21kvYVEV3KQhCjWkgVXQP4wQ1HvaCFGP2,ops/cdn-retirement-phase2/step3/v3-docs/0xe46a41b840176b62983fc71162dc9faeac4d9bcb/55660547781039109394205850530512155734259629331182394149210777298302840103657.json
0xe46a41b840176b62983fc71162dc9faeac4d9bcb,29,58987192466841004628201111767945836073083865759174394385352028392528079468116,58987192466841004628201111767945836073083865759174394385352028392528079468116,QmZvJQAJf2enHhtUD4NMz7FoFJZFfyx3RwVBNvc2JE5Xzb,ops/cdn-retirement-phase2/step3/v3-docs/0xe46a41b840176b62983fc71162dc9faeac4d9bcb/58987192466841004628201111767945836073083865759174394385352028392528079468116.json
0xe46a41b840176b62983fc71162dc9faeac4d9bcb,29,61029430091907876109464895555898745746405742165657134445147979806674543220518,61029430091907876109464895555898745746405742165657134445147979806674543220518,QmfLRt8wGGXZMzj5a8NkLGtyFqMNCWEistsqTQy74d82DT,ops/cdn-retirement-phase2/step3/v3-docs/0xe46a41b840176b62983fc71162dc9faeac4d9bcb/61029430091907876109464895555898745746405742165657134445147979806674543220518.json
0xe46a41b840176b62983fc71162dc9faeac4d9bcb,29,78437930858508382358350445319245577989271984900771702036328894579070742980973,78437930858508382358350445319245577989271984900771702036328894579070742980973,QmPv7kwAGkbkFft9WWQdQi1AfG5726RECuwWAZDKRW6ChX,ops/cdn-retirement-phase2/step3/v3-docs/0xe46a41b840176b62983fc71162dc9faeac4d9bcb/78437930858508382358350445319245577989271984900771702036328894579070742980973.json
0xe46a41b840176b62983fc71162dc9faeac4d9bcb,3,13813618189176598346629425236645922063897053897097139878520767662417600093109,13813618189176598346629425236645922063897053897097139878520767662417600093109,QmWhrZc4wXitBnv7FfooxgkgBtLknyRpBcB3smtFMAmjGu,ops/cdn-retirement-phase2/step3/v3-docs/0xe46a41b840176b62983fc71162dc9faeac4d9bcb/13813618189176598346629425236645922063897053897097139878520767662417600093109.json
0xe46a41b840176b62983fc71162dc9faeac4d9bcb,3,13942697208045564548826674043862131349970992431856416927987095618942688054385,13942697208045564548826674043862131349970992431856416927987095618942688054385,QmTjtQyFJMgfFYZXcYmXptbQd9Fcystpub8m8RaDGsjJP5,ops/cdn-retirement-phase2/step3/v3-docs/0xe46a41b840176b62983fc71162dc9faeac4d9bcb/13942697208045564548826674043862131349970992431856416927987095618942688054385.json
0xe46a41b840176b62983fc71162dc9faeac4d9bcb,3,42849076508508026618683845219469713839953339652164819629057624528191877779937,42849076508508026618683845219469713839953339652164819629057624528191877779937,QmUZCfLnaPMCvvuxNsWoEBZCVh5wL6AE2CxancPvenmckf,ops/cdn-retirement-phase2/step3/v3-docs/0xe46a41b840176b62983fc71162dc9faeac4d9bcb/42849076508508026618683845219469713839953339652164819629057624528191877779937.json
0xe46a41b840176b62983fc71162dc9faeac4d9bcb,3,4747622386996134347530103051137512757478489873315040866696710228902591236902,4747622386996134347530103051137512757478489873315040866696710228902591236902,QmeV6ezx1Ftzv8cKWaXWL7ASbn75tHBufqxgoHp1EzqzF1,ops/cdn-retirement-phase2/step3/v3-docs/0xe46a41b840176b62983fc71162dc9faeac4d9bcb/4747622386996134347530103051137512757478489873315040866696710228902591236902.json
0xe46a41b840176b62983fc71162dc9faeac4d9bcb,3,55660547781039109394205850530512155734259629331182394149210777298302840103631,55660547781039109394205850530512155734259629331182394149210777298302840103631,QmbcrmSGgzZ8rxJhL25P2H5txdJZVTVUyf12D8ZFPNo8iH,ops/cdn-retirement-phase2/step3/v3-docs/0xe46a41b840176b62983fc71162dc9faeac4d9bcb/55660547781039109394205850530512155734259629331182394149210777298302840103631.json
0xe46a41b840176b62983fc71162dc9faeac4d9bcb,3,58987192466841004628201111767945836073083865759174394385352028392528079468090,58987192466841004628201111767945836073083865759174394385352028392528079468090,QmVGQB8mbaXgEqg6DUwqUsPjePNqjEckUqETse1Z5waYvN,ops/cdn-retirement-phase2/step3/v3-docs/0xe46a41b840176b62983fc71162dc9faeac4d9bcb/58987192466841004628201111767945836073083865759174394385352028392528079468090.json
0xe46a41b840176b62983fc71162dc9faeac4d9bcb,3,61029430091907876109464895555898745746405742165657134445147979806674543220492,61029430091907876109464895555898745746405742165657134445147979806674543220492,QmW89tq1tEx3EXqhnJ9rC8fnGMPTYwR5BWAENH7KS6FkHZ,ops/cdn-retirement-phase2/step3/v3-docs/0xe46a41b840176b62983fc71162dc9faeac4d9bcb/61029430091907876109464895555898745746405742165657134445147979806674543220492.json
0xe46a41b840176b62983fc71162dc9faeac4d9bcb,3,78437930858508382358350445319245577989271984900771702036328894579070742980947,78437930858508382358350445319245577989271984900771702036328894579070742980947,QmTxLTvQ3n99BQR3YfTiSKZgChuYFRLoiW1LASReAprwrN,ops/cdn-retirement-phase2/step3/v3-docs/0xe46a41b840176b62983fc71162dc9faeac4d9bcb/78437930858508382358350445319245577989271984900771702036328894579070742980947.json
0xe46a41b840176b62983fc71162dc9faeac4d9bcb,30,13813618189176598346629425236645922063897053897097139878520767662417600093136,13813618189176598346629425236645922063897053897097139878520767662417600093136,Qmc1JzeJ9ZTUsWBNPGZ7BvYg8tZHERtjcuB6hEdYPThTkf,ops/cdn-retirement-phase2/step3/v3-docs/0xe46a41b840176b62983fc71162dc9faeac4d9bcb/13813618189176598346629425236645922063897053897097139878520767662417600093136.json
0xe46a41b840176b62983fc71162dc9faeac4d9bcb,30,13942697208045564548826674043862131349970992431856416927987095618942688054412,13942697208045564548826674043862131349970992431856416927987095618942688054412,QmPrHbrLjor4Uq1FjdQNyFhFvzhCjw62cVpDEsGFDacWt9,ops/cdn-retirement-phase2/step3/v3-docs/0xe46a41b840176b62983fc71162dc9faeac4d9bcb/13942697208045564548826674043862131349970992431856416927987095618942688054412.json
0xe46a41b840176b62983fc71162dc9faeac4d9bcb,30,4747622386996134347530103051137512757478489873315040866696710228902591236929,4747622386996134347530103051137512757478489873315040866696710228902591236929,QmSRvcsE9pyQTf7HGDAyHhFmjSpurJxbSVhaFEQHiwUfS3,ops/cdn-retirement-phase2/step3/v3-docs/0xe46a41b840176b62983fc71162dc9faeac4d9bcb/4747622386996134347530103051137512757478489873315040866696710228902591236929.json
0xe46a41b840176b62983fc71162dc9faeac4d9bcb,30,55660547781039109394205850530512155734259629331182394149210777298302840103658,55660547781039109394205850530512155734259629331182394149210777298302840103658,QmZSUFupyC3vGDDDw6Hb34nG9Weku8TS6CLzCqL516zNMg,ops/cdn-retirement-phase2/step3/v3-docs/0xe46a41b840176b62983fc71162dc9faeac4d9bcb/55660547781039109394205850530512155734259629331182394149210777298302840103658.json
0xe46a41b840176b62983fc71162dc9faeac4d9bcb,30,58987192466841004628201111767945836073083865759174394385352028392528079468117,58987192466841004628201111767945836073083865759174394385352028392528079468117,QmQCvEmNiMRFKexYhs4HxmnSHm7PjtoEbbbYeATN2yLHm9,ops/cdn-retirement-phase2/step3/v3-docs/0xe46a41b840176b62983fc71162dc9faeac4d9bcb/58987192466841004628201111767945836073083865759174394385352028392528079468117.json
0xe46a41b840176b62983fc71162dc9faeac4d9bcb,30,61029430091907876109464895555898745746405742165657134445147979806674543220519,61029430091907876109464895555898745746405742165657134445147979806674543220519,QmULqjos1CpC8SAyPXDwyYDwztVGyfwb8fme2cERYQqJHd,ops/cdn-retirement-phase2/step3/v3-docs/0xe46a41b840176b62983fc71162dc9faeac4d9bcb/61029430091907876109464895555898745746405742165657134445147979806674543220519.json
0xe46a41b840176b62983fc71162dc9faeac4d9bcb,30,78437930858508382358350445319245577989271984900771702036328894579070742980974,78437930858508382358350445319245577989271984900771702036328894579070742980974,Qmbv1eTChuM2ENg6LqCUs3bVb751mz3Mq1TKL9iViTRVzc,ops/cdn-retirement-phase2/step3/v3-docs/0xe46a41b840176b62983fc71162dc9faeac4d9bcb/78437930858508382358350445319245577989271984900771702036328894579070742980974.json
0xe46a41b840176b62983fc71162dc9faeac4d9bcb,31,13813618189176598346629425236645922063897053897097139878520767662417600093137,13813618189176598346629425236645922063897053897097139878520767662417600093137,QmNW5QPsSs8SxYNjdKnkrABGRX1gfshgp382n54LbQumQM,ops/cdn-retirement-phase2/step3/v3-docs/0xe46a41b840176b62983fc71162dc9faeac4d9bcb/13813618189176598346629425236645922063897053897097139878520767662417600093137.json
0xe46a41b840176b62983fc71162dc9faeac4d9bcb,31,13942697208045564548826674043862131349970992431856416927987095618942688054413,13942697208045564548826674043862131349970992431856416927987095618942688054413,QmeGM7jL5MrsXetVgWXB5q9xAznXQWLVgJC5ZCFerjbYHM,ops/cdn-retirement-phase2/step3/v3-docs/0xe46a41b840176b62983fc71162dc9faeac4d9bcb/13942697208045564548826674043862131349970992431856416927987095618942688054413.json
0xe46a41b840176b62983fc71162dc9faeac4d9bcb,31,4747622386996134347530103051137512757478489873315040866696710228902591236930,4747622386996134347530103051137512757478489873315040866696710228902591236930,Qmb1ZoKQcE4m2YMP8JoKESYtVkNZcv9rmv6PRm5kX5CsLD,ops/cdn-retirement-phase2/step3/v3-docs/0xe46a41b840176b62983fc71162dc9faeac4d9bcb/4747622386996134347530103051137512757478489873315040866696710228902591236930.json
0xe46a41b840176b62983fc71162dc9faeac4d9bcb,31,55660547781039109394205850530512155734259629331182394149210777298302840103659,55660547781039109394205850530512155734259629331182394149210777298302840103659,QmY9k2xBjHxoYnzCDhaDvq8qbfZ9LyFH4Tyja4X2hsJxW4,ops/cdn-retirement-phase2/step3/v3-docs/0xe46a41b840176b62983fc71162dc9faeac4d9bcb/55660547781039109394205850530512155734259629331182394149210777298302840103659.json
0xe46a41b840176b62983fc71162dc9faeac4d9bcb,31,58987192466841004628201111767945836073083865759174394385352028392528079468118,58987192466841004628201111767945836073083865759174394385352028392528079468118,Qmep2gHJySFDdx61W8aHwJ1WYyXQQGm6NCqxD3bPJQzG3o,ops/cdn-retirement-phase2/step3/v3-docs/0xe46a41b840176b62983fc71162dc9faeac4d9bcb/58987192466841004628201111767945836073083865759174394385352028392528079468118.json
0xe46a41b840176b62983fc71162dc9faeac4d9bcb,31,61029430091907876109464895555898745746405742165657134445147979806674543220520,61029430091907876109464895555898745746405742165657134445147979806674543220520,QmNMUmVtbAhfK1D8Er8Z1garFCmkEYMCYgGQkj8UqhxrfP,ops/cdn-retirement-phase2/step3/v3-docs/0xe46a41b840176b62983fc71162dc9faeac4d9bcb/61029430091907876109464895555898745746405742165657134445147979806674543220520.json
0xe46a41b840176b62983fc71162dc9faeac4d9bcb,31,78437930858508382358350445319245577989271984900771702036328894579070742980975,78437930858508382358350445319245577989271984900771702036328894579070742980975,QmVxqx79A9m2GDB5LKcAxSTtyJaoYakoQmL7UsoHmDv7e8,ops/cdn-retirement-phase2/step3/v3-docs/0xe46a41b840176b62983fc71162dc9faeac4d9bcb/78437930858508382358350445319245577989271984900771702036328894579070742980975.json
0xe46a41b840176b62983fc71162dc9faeac4d9bcb,32,13813618189176598346629425236645922063897053897097139878520767662417600093138,13813618189176598346629425236645922063897053897097139878520767662417600093138,QmXPgNZT9x48VQsQbyP53D99z3GwcBZbZTTjyY7edF8vfy,ops/cdn-retirement-phase2/step3/v3-docs/0xe46a41b840176b62983fc71162dc9faeac4d9bcb/13813618189176598346629425236645922063897053897097139878520767662417600093138.json
0xe46a41b840176b62983fc71162dc9faeac4d9bcb,32,13942697208045564548826674043862131349970992431856416927987095618942688054414,13942697208045564548826674043862131349970992431856416927987095618942688054414,QmXg3QKuf5TYCViPfqpMtZsS5uPZ5jh6R1N6o4haQ5JyrU,ops/cdn-retirement-phase2/step3/v3-docs/0xe46a41b840176b62983fc71162dc9faeac4d9bcb/13942697208045564548826674043862131349970992431856416927987095618942688054414.json
0xe46a41b840176b62983fc71162dc9faeac4d9bcb,32,4747622386996134347530103051137512757478489873315040866696710228902591236931,4747622386996134347530103051137512757478489873315040866696710228902591236931,QmXXprb8Lrc5aQ6sCxPzp6CioaXPVhfcuY4gdQ7MUaM9oc,ops/cdn-retirement-phase2/step3/v3-docs/0xe46a41b840176b62983fc71162dc9faeac4d9bcb/4747622386996134347530103051137512757478489873315040866696710228902591236931.json
0xe46a41b840176b62983fc71162dc9faeac4d9bcb,32,55660547781039109394205850530512155734259629331182394149210777298302840103660,55660547781039109394205850530512155734259629331182394149210777298302840103660,QmY7kTH7m4iFQxihU1F8ATAcXFwwhmVqp5ftoYQpeBggue,ops/cdn-retirement-phase2/step3/v3-docs/0xe46a41b840176b62983fc71162dc9faeac4d9bcb/55660547781039109394205850530512155734259629331182394149210777298302840103660.json
0xe46a41b840176b62983fc71162dc9faeac4d9bcb,32,58987192466841004628201111767945836073083865759174394385352028392528079468119,58987192466841004628201111767945836073083865759174394385352028392528079468119,QmektcSEuGcsYGMW5rAvQQvA6Wai7GpNcnCKQXSU2btdrP,ops/cdn-retirement-phase2/step3/v3-docs/0xe46a41b840176b62983fc71162dc9faeac4d9bcb/58987192466841004628201111767945836073083865759174394385352028392528079468119.json
0xe46a41b840176b62983fc71162dc9faeac4d9bcb,32,61029430091907876109464895555898745746405742165657134445147979806674543220521,61029430091907876109464895555898745746405742165657134445147979806674543220521,Qmb11RHWEYDrVLEC2ZXfNaRyK3jvNkiFrgDM3GUEgajYmz,ops/cdn-retirement-phase2/step3/v3-docs/0xe46a41b840176b62983fc71162dc9faeac4d9bcb/61029430091907876109464895555898745746405742165657134445147979806674543220521.json
0xe46a41b840176b62983fc71162dc9faeac4d9bcb,32,78437930858508382358350445319245577989271984900771702036328894579070742980976,78437930858508382358350445319245577989271984900771702036328894579070742980976,QmUBi98asDp9YASSbgkvKN5Ezr6stYj3gMwGZrbdXaJZHc,ops/cdn-retirement-phase2/step3/v3-docs/0xe46a41b840176b62983fc71162dc9faeac4d9bcb/78437930858508382358350445319245577989271984900771702036328894579070742980976.json
0xe46a41b840176b62983fc71162dc9faeac4d9bcb,33,13813618189176598346629425236645922063897053897097139878520767662417600093139,13813618189176598346629425236645922063897053897097139878520767662417600093139,QmT4u57ARrzKo6K1nYUUoLu1Ra88kUBMqqqYaJN2Y5y4jn,ops/cdn-retirement-phase2/step3/v3-docs/0xe46a41b840176b62983fc71162dc9faeac4d9bcb/13813618189176598346629425236645922063897053897097139878520767662417600093139.json
0xe46a41b840176b62983fc71162dc9faeac4d9bcb,33,13942697208045564548826674043862131349970992431856416927987095618942688054415,13942697208045564548826674043862131349970992431856416927987095618942688054415,QmZ1rEvkXTwVh35cSPsYHo6ta1NcTmFQupqQgDECdYpAWx,ops/cdn-retirement-phase2/step3/v3-docs/0xe46a41b840176b62983fc71162dc9faeac4d9bcb/13942697208045564548826674043862131349970992431856416927987095618942688054415.json
0xe46a41b840176b62983fc71162dc9faeac4d9bcb,33,4747622386996134347530103051137512757478489873315040866696710228902591236932,4747622386996134347530103051137512757478489873315040866696710228902591236932,QmSTpfX9szgVigkVNmLAfW8PUEyoU3vm6rq15kb4Y6HB3c,ops/cdn-retirement-phase2/step3/v3-docs/0xe46a41b840176b62983fc71162dc9faeac4d9bcb/4747622386996134347530103051137512757478489873315040866696710228902591236932.json
0xe46a41b840176b62983fc71162dc9faeac4d9bcb,33,55660547781039109394205850530512155734259629331182394149210777298302840103661,55660547781039109394205850530512155734259629331182394149210777298302840103661,QmPjNDPeyieWNxTwSD89L2y5Cf39JvEkK2GryEtnb67nXH,ops/cdn-retirement-phase2/step3/v3-docs/0xe46a41b840176b62983fc71162dc9faeac4d9bcb/55660547781039109394205850530512155734259629331182394149210777298302840103661.json
0xe46a41b840176b62983fc71162dc9faeac4d9bcb,33,58987192466841004628201111767945836073083865759174394385352028392528079468120,58987192466841004628201111767945836073083865759174394385352028392528079468120,QmfAZogUCPqTJoed6Ho8o8wSjeW5yzgNj6A8scYpiJtS9x,ops/cdn-retirement-phase2/step3/v3-docs/0xe46a41b840176b62983fc71162dc9faeac4d9bcb/58987192466841004628201111767945836073083865759174394385352028392528079468120.json
0xe46a41b840176b62983fc71162dc9faeac4d9bcb,33,61029430091907876109464895555898745746405742165657134445147979806674543220522,61029430091907876109464895555898745746405742165657134445147979806674543220522,QmVpcDeDenrNfUG4R5BkENSNe8h5EbuuMYTD68aAAotkGK,ops/cdn-retirement-phase2/step3/v3-docs/0xe46a41b840176b62983fc71162dc9faeac4d9bcb/61029430091907876109464895555898745746405742165657134445147979806674543220522.json
0xe46a41b840176b62983fc71162dc9faeac4d9bcb,33,78437930858508382358350445319245577989271984900771702036328894579070742980977,78437930858508382358350445319245577989271984900771702036328894579070742980977,QmRoR72ueUtsKAkSKiM9kZD3z2DfmT8ni6jediF8MDsH9m,ops/cdn-retirement-phase2/step3/v3-docs/0xe46a41b840176b62983fc71162dc9faeac4d9bcb/78437930858508382358350445319245577989271984900771702036328894579070742980977.json
0xe46a41b840176b62983fc71162dc9faeac4d9bcb,34,13813618189176598346629425236645922063897053897097139878520767662417600093140,13813618189176598346629425236645922063897053897097139878520767662417600093140,QmR171KkqK83T8nu69AFskAWK6gLzjaBhFj3dWZcXQLnSa,ops/cdn-retirement-phase2/step3/v3-docs/0xe46a41b840176b62983fc71162dc9faeac4d9bcb/13813618189176598346629425236645922063897053897097139878520767662417600093140.json
0xe46a41b840176b62983fc71162dc9faeac4d9bcb,34,13942697208045564548826674043862131349970992431856416927987095618942688054416,13942697208045564548826674043862131349970992431856416927987095618942688054416,QmeKiw7dgg9bAo7A5tR5Lw3dRMHNCHdSJvRXfwPF26ZxCU,ops/cdn-retirement-phase2/step3/v3-docs/0xe46a41b840176b62983fc71162dc9faeac4d9bcb/13942697208045564548826674043862131349970992431856416927987095618942688054416.json
0xe46a41b840176b62983fc71162dc9faeac4d9bcb,34,4747622386996134347530103051137512757478489873315040866696710228902591236933,4747622386996134347530103051137512757478489873315040866696710228902591236933,QmRXNcXww4PTnnzw4Zs45vekVNssdm3RGoo85RGqJvdAeG,ops/cdn-retirement-phase2/step3/v3-docs/0xe46a41b840176b62983fc71162dc9faeac4d9bcb/4747622386996134347530103051137512757478489873315040866696710228902591236933.json
0xe46a41b840176b62983fc71162dc9faeac4d9bcb,34,55660547781039109394205850530512155734259629331182394149210777298302840103662,55660547781039109394205850530512155734259629331182394149210777298302840103662,QmTuSy1UW3aSmefJyFm21cVD1uZLr4nU6a1r17izub6X5F,ops/cdn-retirement-phase2/step3/v3-docs/0xe46a41b840176b62983fc71162dc9faeac4d9bcb/55660547781039109394205850530512155734259629331182394149210777298302840103662.json
0xe46a41b840176b62983fc71162dc9faeac4d9bcb,34,58987192466841004628201111767945836073083865759174394385352028392528079468121,58987192466841004628201111767945836073083865759174394385352028392528079468121,QmdnKP4TDzMbLhdhuSVcn1TrxtsZ7NVX6p7AnX3HMUWU8h,ops/cdn-retirement-phase2/step3/v3-docs/0xe46a41b840176b62983fc71162dc9faeac4d9bcb/58987192466841004628201111767945836073083865759174394385352028392528079468121.json
0xe46a41b840176b62983fc71162dc9faeac4d9bcb,34,61029430091907876109464895555898745746405742165657134445147979806674543220523,61029430091907876109464895555898745746405742165657134445147979806674543220523,QmPgPGjGRvqmUkefvzQZAGDknUxcVMUu5sBXSNvFFZrgNX,ops/cdn-retirement-phase2/step3/v3-docs/0xe46a41b840176b62983fc71162dc9faeac4d9bcb/61029430091907876109464895555898745746405742165657134445147979806674543220523.json
0xe46a41b840176b62983fc71162dc9faeac4d9bcb,34,78437930858508382358350445319245577989271984900771702036328894579070742980978,78437930858508382358350445319245577989271984900771702036328894579070742980978,QmU9qbdMGv4DVTcbFdP1uGP3oPCAgJDfKUdqPtncn3xfio,ops/cdn-retirement-phase2/step3/v3-docs/0xe46a41b840176b62983fc71162dc9faeac4d9bcb/78437930858508382358350445319245577989271984900771702036328894579070742980978.json
0xe46a41b840176b62983fc71162dc9faeac4d9bcb,35,13813618189176598346629425236645922063897053897097139878520767662417600093141,13813618189176598346629425236645922063897053897097139878520767662417600093141,QmPXi2mPsz7eq8DV7712ZxgrzRnvDHqTyns175NqbngVrr,ops/cdn-retirement-phase2/step3/v3-docs/0xe46a41b840176b62983fc71162dc9faeac4d9bcb/13813618189176598346629425236645922063897053897097139878520767662417600093141.json
0xe46a41b840176b62983fc71162dc9faeac4d9bcb,35,13942697208045564548826674043862131349970992431856416927987095618942688054417,13942697208045564548826674043862131349970992431856416927987095618942688054417,QmUBKRxEguChfCiYGJ9awzELJoHvyu61xZzRMEqCxkBjFX,ops/cdn-retirement-phase2/step3/v3-docs/0xe46a41b840176b62983fc71162dc9faeac4d9bcb/13942697208045564548826674043862131349970992431856416927987095618942688054417.json
0xe46a41b840176b62983fc71162dc9faeac4d9bcb,35,4747622386996134347530103051137512757478489873315040866696710228902591236934,4747622386996134347530103051137512757478489873315040866696710228902591236934,QmSUtdwnzizTvsGe4E83EgiF6FYX3JBpcJLjWPQbL3NGEE,ops/cdn-retirement-phase2/step3/v3-docs/0xe46a41b840176b62983fc71162dc9faeac4d9bcb/4747622386996134347530103051137512757478489873315040866696710228902591236934.json
0xe46a41b840176b62983fc71162dc9faeac4d9bcb,35,55660547781039109394205850530512155734259629331182394149210777298302840103663,55660547781039109394205850530512155734259629331182394149210777298302840103663,QmWCUx1KiKHkZzLMic9wQ12WwEX3WM26b6doju9mtNsjJC,ops/cdn-retirement-phase2/step3/v3-docs/0xe46a41b840176b62983fc71162dc9faeac4d9bcb/55660547781039109394205850530512155734259629331182394149210777298302840103663.json
0xe46a41b840176b62983fc71162dc9faeac4d9bcb,35,58987192466841004628201111767945836073083865759174394385352028392528079468122,58987192466841004628201111767945836073083865759174394385352028392528079468122,QmPUMRYr3duTsPqx6KDZVL6yNpkditeEAUb2oZh2nsuYjs,ops/cdn-retirement-phase2/step3/v3-docs/0xe46a41b840176b62983fc71162dc9faeac4d9bcb/58987192466841004628201111767945836073083865759174394385352028392528079468122.json
0xe46a41b840176b62983fc71162dc9faeac4d9bcb,35,61029430091907876109464895555898745746405742165657134445147979806674543220524,61029430091907876109464895555898745746405742165657134445147979806674543220524,QmTJWpwkpUigeZsELR1R86gBTH1mVZ58J6W2rFHqpukajT,ops/cdn-retirement-phase2/step3/v3-docs/0xe46a41b840176b62983fc71162dc9faeac4d9bcb/61029430091907876109464895555898745746405742165657134445147979806674543220524.json
0xe46a41b840176b62983fc71162dc9faeac4d9bcb,35,78437930858508382358350445319245577989271984900771702036328894579070742980979,78437930858508382358350445319245577989271984900771702036328894579070742980979,QmTuTuhD6k6CZep8GpZhs7HRdWfq3sYa4ngWcCfS3HKrfp,ops/cdn-retirement-phase2/step3/v3-docs/0xe46a41b840176b62983fc71162dc9faeac4d9bcb/78437930858508382358350445319245577989271984900771702036328894579070742980979.json
0xe46a41b840176b62983fc71162dc9faeac4d9bcb,36,13813618189176598346629425236645922063897053897097139878520767662417600093142,13813618189176598346629425236645922063897053897097139878520767662417600093142,Qmbeo4ws3FADeU9Aaz2iRRs6Tn36EwQayind1q9XCTxsnh,ops/cdn-retirement-phase2/step3/v3-docs/0xe46a41b840176b62983fc71162dc9faeac4d9bcb/13813618189176598346629425236645922063897053897097139878520767662417600093142.json
0xe46a41b840176b62983fc71162dc9faeac4d9bcb,36,13942697208045564548826674043862131349970992431856416927987095618942688054418,13942697208045564548826674043862131349970992431856416927987095618942688054418,QmUsQ85Acv9FfRpEVTGSkh1L2fs7wfr6TnuUYvVpLffcxe,ops/cdn-retirement-phase2/step3/v3-docs/0xe46a41b840176b62983fc71162dc9faeac4d9bcb/13942697208045564548826674043862131349970992431856416927987095618942688054418.json
0xe46a41b840176b62983fc71162dc9faeac4d9bcb,36,4747622386996134347530103051137512757478489873315040866696710228902591236935,4747622386996134347530103051137512757478489873315040866696710228902591236935,Qme16mAMyskYNAgC7PBuhpvcLYXXNqo8bZ6JNrSHkuXHkx,ops/cdn-retirement-phase2/step3/v3-docs/0xe46a41b840176b62983fc71162dc9faeac4d9bcb/4747622386996134347530103051137512757478489873315040866696710228902591236935.json
0xe46a41b840176b62983fc71162dc9faeac4d9bcb,36,55660547781039109394205850530512155734259629331182394149210777298302840103664,55660547781039109394205850530512155734259629331182394149210777298302840103664,QmeN93xsAR4UsRBCXiZ1YuA9euDzheNM4c2VZK9RwQJrdW,ops/cdn-retirement-phase2/step3/v3-docs/0xe46a41b840176b62983fc71162dc9faeac4d9bcb/55660547781039109394205850530512155734259629331182394149210777298302840103664.json
0xe46a41b840176b62983fc71162dc9faeac4d9bcb,36,58987192466841004628201111767945836073083865759174394385352028392528079468123,58987192466841004628201111767945836073083865759174394385352028392528079468123,QmTT5kz9yaru2dcU3adAV6oVntSYgtqdrAz8h1QKWj8z18,ops/cdn-retirement-phase2/step3/v3-docs/0xe46a41b840176b62983fc71162dc9faeac4d9bcb/58987192466841004628201111767945836073083865759174394385352028392528079468123.json
0xe46a41b840176b62983fc71162dc9faeac4d9bcb,36,61029430091907876109464895555898745746405742165657134445147979806674543220525,61029430091907876109464895555898745746405742165657134445147979806674543220525,QmXYhfhziVd7XEcQzyPGPvmWDneAiNfN28hxZBX17FveHs,ops/cdn-retirement-phase2/step3/v3-docs/0xe46a41b840176b62983fc71162dc9faeac4d9bcb/61029430091907876109464895555898745746405742165657134445147979806674543220525.json
0xe46a41b840176b62983fc71162dc9faeac4d9bcb,36,78437930858508382358350445319245577989271984900771702036328894579070742980980,78437930858508382358350445319245577989271984900771702036328894579070742980980,QmaGVdGxecNRTGcRhMwzxNTpCB3wbM2fo7nmULDpAYeBXt,ops/cdn-retirement-phase2/step3/v3-docs/0xe46a41b840176b62983fc71162dc9faeac4d9bcb/78437930858508382358350445319245577989271984900771702036328894579070742980980.json
0xe46a41b840176b62983fc71162dc9faeac4d9bcb,37,13813618189176598346629425236645922063897053897097139878520767662417600093143,13813618189176598346629425236645922063897053897097139878520767662417600093143,Qmay2SeqdTsxS9YZd31jBSD1mTwrricBPyHaS4pjybQdL3,ops/cdn-retirement-phase2/step3/v3-docs/0xe46a41b840176b62983fc71162dc9faeac4d9bcb/13813618189176598346629425236645922063897053897097139878520767662417600093143.json
0xe46a41b840176b62983fc71162dc9faeac4d9bcb,37,13942697208045564548826674043862131349970992431856416927987095618942688054419,13942697208045564548826674043862131349970992431856416927987095618942688054419,QmXQepCnLgtevCZw6JUp2NVw6JvUoQXV3CjVGMX5Pzjv1Q,ops/cdn-retirement-phase2/step3/v3-docs/0xe46a41b840176b62983fc71162dc9faeac4d9bcb/13942697208045564548826674043862131349970992431856416927987095618942688054419.json
0xe46a41b840176b62983fc71162dc9faeac4d9bcb,37,4747622386996134347530103051137512757478489873315040866696710228902591236936,4747622386996134347530103051137512757478489873315040866696710228902591236936,QmXYpJsFaB46iknKdX1SFRwkYFtrn5AJrvGrXTKu3H7MJb,ops/cdn-retirement-phase2/step3/v3-docs/0xe46a41b840176b62983fc71162dc9faeac4d9bcb/4747622386996134347530103051137512757478489873315040866696710228902591236936.json
0xe46a41b840176b62983fc71162dc9faeac4d9bcb,37,55660547781039109394205850530512155734259629331182394149210777298302840103665,55660547781039109394205850530512155734259629331182394149210777298302840103665,QmTcLLEpTNsNCBczhMahLbaXWc6VetFkewoURsJQyvC67R,ops/cdn-retirement-phase2/step3/v3-docs/0xe46a41b840176b62983fc71162dc9faeac4d9bcb/55660547781039109394205850530512155734259629331182394149210777298302840103665.json
0xe46a41b840176b62983fc71162dc9faeac4d9bcb,37,58987192466841004628201111767945836073083865759174394385352028392528079468124,58987192466841004628201111767945836073083865759174394385352028392528079468124,QmazUM5RSap9pv89xnDyN74AQZvrWsHWs4xrHB2Zojj8x3,ops/cdn-retirement-phase2/step3/v3-docs/0xe46a41b840176b62983fc71162dc9faeac4d9bcb/58987192466841004628201111767945836073083865759174394385352028392528079468124.json
0xe46a41b840176b62983fc71162dc9faeac4d9bcb,37,61029430091907876109464895555898745746405742165657134445147979806674543220526,61029430091907876109464895555898745746405742165657134445147979806674543220526,QmNxGnWaRzDZfAkD52iy2siXLruTK5PafWhW8GtgzwjauQ,ops/cdn-retirement-phase2/step3/v3-docs/0xe46a41b840176b62983fc71162dc9faeac4d9bcb/61029430091907876109464895555898745746405742165657134445147979806674543220526.json
0xe46a41b840176b62983fc71162dc9faeac4d9bcb,37,78437930858508382358350445319245577989271984900771702036328894579070742980981,78437930858508382358350445319245577989271984900771702036328894579070742980981,QmTyM47mrtm3zNUV4PsyiV4vdimn8X6uGYVqzacHXnBvgq,ops/cdn-retirement-phase2/step3/v3-docs/0xe46a41b840176b62983fc71162dc9faeac4d9bcb/78437930858508382358350445319245577989271984900771702036328894579070742980981.json
0xe46a41b840176b62983fc71162dc9faeac4d9bcb,38,13813618189176598346629425236645922063897053897097139878520767662417600093144,13813618189176598346629425236645922063897053897097139878520767662417600093144,QmU51crDfhcsrtBaC3bsEf8fs2x52PPD6Z51Sx67goQf5A,ops/cdn-retirement-phase2/step3/v3-docs/0xe46a41b840176b62983fc71162dc9faeac4d9bcb/13813618189176598346629425236645922063897053897097139878520767662417600093144.json
0xe46a41b840176b62983fc71162dc9faeac4d9bcb,38,13942697208045564548826674043862131349970992431856416927987095618942688054420,13942697208045564548826674043862131349970992431856416927987095618942688054420,QmXoLp4ZWsunvxaStXkmThNUdZQqUnwnDznD53UBTaDCVN,ops/cdn-retirement-phase2/step3/v3-docs/0xe46a41b840176b62983fc71162dc9faeac4d9bcb/13942697208045564548826674043862131349970992431856416927987095618942688054420.json
0xe46a41b840176b62983fc71162dc9faeac4d9bcb,38,4747622386996134347530103051137512757478489873315040866696710228902591236937,4747622386996134347530103051137512757478489873315040866696710228902591236937,QmfKfbDeaV6dNHHM17Y8WCCZVbaF8XmJUvopRSqXveZy3d,ops/cdn-retirement-phase2/step3/v3-docs/0xe46a41b840176b62983fc71162dc9faeac4d9bcb/4747622386996134347530103051137512757478489873315040866696710228902591236937.json
0xe46a41b840176b62983fc71162dc9faeac4d9bcb,38,55660547781039109394205850530512155734259629331182394149210777298302840103666,55660547781039109394205850530512155734259629331182394149210777298302840103666,QmXREruUsZB3tUvxacPL91s5ENDe7zhBYoW2nNVs9Ae271,ops/cdn-retirement-phase2/step3/v3-docs/0xe46a41b840176b62983fc71162dc9faeac4d9bcb/55660547781039109394205850530512155734259629331182394149210777298302840103666.json
0xe46a41b840176b62983fc71162dc9faeac4d9bcb,38,58987192466841004628201111767945836073083865759174394385352028392528079468125,58987192466841004628201111767945836073083865759174394385352028392528079468125,QmTAvcYy311VjJ4oU9magmVbwb39NMPyXFUaLhYquaV3Nq,ops/cdn-retirement-phase2/step3/v3-docs/0xe46a41b840176b62983fc71162dc9faeac4d9bcb/58987192466841004628201111767945836073083865759174394385352028392528079468125.json
0xe46a41b840176b62983fc71162dc9faeac4d9bcb,38,61029430091907876109464895555898745746405742165657134445147979806674543220527,61029430091907876109464895555898745746405742165657134445147979806674543220527,QmZHcDUzw2syxGktDKHAu9n46e3DZdThZkjnT4fruQVWSK,ops/cdn-retirement-phase2/step3/v3-docs/0xe46a41b840176b62983fc71162dc9faeac4d9bcb/61029430091907876109464895555898745746405742165657134445147979806674543220527.json
0xe46a41b840176b62983fc71162dc9faeac4d9bcb,38,78437930858508382358350445319245577989271984900771702036328894579070742980982,78437930858508382358350445319245577989271984900771702036328894579070742980982,QmWGTXqijz8BAyYxtag9r8jy2EMziKy4pEJ43ibBXhfESZ,ops/cdn-retirement-phase2/step3/v3-docs/0xe46a41b840176b62983fc71162dc9faeac4d9bcb/78437930858508382358350445319245577989271984900771702036328894579070742980982.json
0xe46a41b840176b62983fc71162dc9faeac4d9bcb,39,13813618189176598346629425236645922063897053897097139878520767662417600093145,13813618189176598346629425236645922063897053897097139878520767662417600093145,QmW4wbtJbmFFERTnPHrwWvcbHmmUSDwMwASdMwAzoRJ7dA,ops/cdn-retirement-phase2/step3/v3-docs/0xe46a41b840176b62983fc71162dc9faeac4d9bcb/13813618189176598346629425236645922063897053897097139878520767662417600093145.json
0xe46a41b840176b62983fc71162dc9faeac4d9bcb,39,13942697208045564548826674043862131349970992431856416927987095618942688054421,13942697208045564548826674043862131349970992431856416927987095618942688054421,QmeSskGSCtx2p6V1qYfZo9SNqeWTbhkQGLyU2JobArWezS,ops/cdn-retirement-phase2/step3/v3-docs/0xe46a41b840176b62983fc71162dc9faeac4d9bcb/13942697208045564548826674043862131349970992431856416927987095618942688054421.json
0xe46a41b840176b62983fc71162dc9faeac4d9bcb,39,4747622386996134347530103051137512757478489873315040866696710228902591236938,4747622386996134347530103051137512757478489873315040866696710228902591236938,QmRY4yzYM4wLNLH7VMu66eXkeLxk48UALudzsiqNV2gtsv,ops/cdn-retirement-phase2/step3/v3-docs/0xe46a41b840176b62983fc71162dc9faeac4d9bcb/4747622386996134347530103051137512757478489873315040866696710228902591236938.json
0xe46a41b840176b62983fc71162dc9faeac4d9bcb,39,55660547781039109394205850530512155734259629331182394149210777298302840103667,55660547781039109394205850530512155734259629331182394149210777298302840103667,QmcfkQgeHLzRTAUhcVa1x1rmsAecR2AH5Uy9eBDAPEuWvw,ops/cdn-retirement-phase2/step3/v3-docs/0xe46a41b840176b62983fc71162dc9faeac4d9bcb/55660547781039109394205850530512155734259629331182394149210777298302840103667.json
0xe46a41b840176b62983fc71162dc9faeac4d9bcb,39,58987192466841004628201111767945836073083865759174394385352028392528079468126,58987192466841004628201111767945836073083865759174394385352028392528079468126,QmQkuPUrtJy5btoHEAM99vB7dF2DKPBPQ7q5PukmsDwzCu,ops/cdn-retirement-phase2/step3/v3-docs/0xe46a41b840176b62983fc71162dc9faeac4d9bcb/58987192466841004628201111767945836073083865759174394385352028392528079468126.json
0xe46a41b840176b62983fc71162dc9faeac4d9bcb,39,61029430091907876109464895555898745746405742165657134445147979806674543220528,61029430091907876109464895555898745746405742165657134445147979806674543220528,QmPXb92FeRHkxgnp8swjbng4eAaSKCMSJwMo3d9S2UTGDd,ops/cdn-retirement-phase2/step3/v3-docs/0xe46a41b840176b62983fc71162dc9faeac4d9bcb/61029430091907876109464895555898745746405742165657134445147979806674543220528.json
0xe46a41b840176b62983fc71162dc9faeac4d9bcb,39,78437930858508382358350445319245577989271984900771702036328894579070742980983,78437930858508382358350445319245577989271984900771702036328894579070742980983,QmWrvB1rNfmzrdVphTyie7nipbJrNfXksnaQpagZ5zN6iB,ops/cdn-retirement-phase2/step3/v3-docs/0xe46a41b840176b62983fc71162dc9faeac4d9bcb/78437930858508382358350445319245577989271984900771702036328894579070742980983.json
0xe46a41b840176b62983fc71162dc9faeac4d9bcb,4,13813618189176598346629425236645922063897053897097139878520767662417600093110,13813618189176598346629425236645922063897053897097139878520767662417600093110,QmXPzmBPkfbQSFezgXx1oKcm48Mfr2LCqmWGjcbDDrmAbZ,ops/cdn-retirement-phase2/step3/v3-docs/0xe46a41b840176b62983fc71162dc9faeac4d9bcb/13813618189176598346629425236645922063897053897097139878520767662417600093110.json
0xe46a41b840176b62983fc71162dc9faeac4d9bcb,4,13942697208045564548826674043862131349970992431856416927987095618942688054386,13942697208045564548826674043862131349970992431856416927987095618942688054386,QmXPYKF1HuLrGVqz7rsF9zQ3H6P7VYPQkUsPt4KVpRmjJW,ops/cdn-retirement-phase2/step3/v3-docs/0xe46a41b840176b62983fc71162dc9faeac4d9bcb/13942697208045564548826674043862131349970992431856416927987095618942688054386.json
0xe46a41b840176b62983fc71162dc9faeac4d9bcb,4,42849076508508026618683845219469713839953339652164819629057624528191877779938,42849076508508026618683845219469713839953339652164819629057624528191877779938,QmS2sTPn2MKho2qiL4xdnU2fCHu3gheoC3SkTLj7PAwYh1,ops/cdn-retirement-phase2/step3/v3-docs/0xe46a41b840176b62983fc71162dc9faeac4d9bcb/42849076508508026618683845219469713839953339652164819629057624528191877779938.json
0xe46a41b840176b62983fc71162dc9faeac4d9bcb,4,4747622386996134347530103051137512757478489873315040866696710228902591236903,4747622386996134347530103051137512757478489873315040866696710228902591236903,QmNUV97mmUvoowXFirLo3ec5NGCX5H2ERrrZ8Nvxcze8Ca,ops/cdn-retirement-phase2/step3/v3-docs/0xe46a41b840176b62983fc71162dc9faeac4d9bcb/4747622386996134347530103051137512757478489873315040866696710228902591236903.json
0xe46a41b840176b62983fc71162dc9faeac4d9bcb,4,55660547781039109394205850530512155734259629331182394149210777298302840103632,55660547781039109394205850530512155734259629331182394149210777298302840103632,QmRku6rCLd64r6UyazHZkNnsVDzMgzz9acqkFRTWkNyLsc,ops/cdn-retirement-phase2/step3/v3-docs/0xe46a41b840176b62983fc71162dc9faeac4d9bcb/55660547781039109394205850530512155734259629331182394149210777298302840103632.json
0xe46a41b840176b62983fc71162dc9faeac4d9bcb,4,58987192466841004628201111767945836073083865759174394385352028392528079468091,58987192466841004628201111767945836073083865759174394385352028392528079468091,QmNyPFUsHfVqBiDKFQDCswxWpjv17R4gpwSWhDFhEv5QVX,ops/cdn-retirement-phase2/step3/v3-docs/0xe46a41b840176b62983fc71162dc9faeac4d9bcb/58987192466841004628201111767945836073083865759174394385352028392528079468091.json
0xe46a41b840176b62983fc71162dc9faeac4d9bcb,4,61029430091907876109464895555898745746405742165657134445147979806674543220493,61029430091907876109464895555898745746405742165657134445147979806674543220493,QmbmU9QpiPWGfK9rXvEyxpMk2fYCezuUgFGC7AnmwbDziC,ops/cdn-retirement-phase2/step3/v3-docs/0xe46a41b840176b62983fc71162dc9faeac4d9bcb/61029430091907876109464895555898745746405742165657134445147979806674543220493.json
0xe46a41b840176b62983fc71162dc9faeac4d9bcb,4,78437930858508382358350445319245577989271984900771702036328894579070742980948,78437930858508382358350445319245577989271984900771702036328894579070742980948,QmQKQPji8eSyN9rxMKYStqWy7c2RVEVbE3s7eaqAVztxwZ,ops/cdn-retirement-phase2/step3/v3-docs/0xe46a41b840176b62983fc71162dc9faeac4d9bcb/78437930858508382358350445319245577989271984900771702036328894579070742980948.json
0xe46a41b840176b62983fc71162dc9faeac4d9bcb,40,13813618189176598346629425236645922063897053897097139878520767662417600093146,13813618189176598346629425236645922063897053897097139878520767662417600093146,QmawW5EaSdi41fTyebPRYQa59AGmSFpJuPcJjGNHU1vEYW,ops/cdn-retirement-phase2/step3/v3-docs/0xe46a41b840176b62983fc71162dc9faeac4d9bcb/13813618189176598346629425236645922063897053897097139878520767662417600093146.json
0xe46a41b840176b62983fc71162dc9faeac4d9bcb,40,13942697208045564548826674043862131349970992431856416927987095618942688054422,13942697208045564548826674043862131349970992431856416927987095618942688054422,QmYnK1QM7rcFv59SsAgWxBGS98S5ZaoSNnquV3JjKq9gpu,ops/cdn-retirement-phase2/step3/v3-docs/0xe46a41b840176b62983fc71162dc9faeac4d9bcb/13942697208045564548826674043862131349970992431856416927987095618942688054422.json
0xe46a41b840176b62983fc71162dc9faeac4d9bcb,40,4747622386996134347530103051137512757478489873315040866696710228902591236939,4747622386996134347530103051137512757478489873315040866696710228902591236939,QmYDTH7kUoB68HGn6n9HA587NZf8YZMaJzAKxBPYeaC5vM,ops/cdn-retirement-phase2/step3/v3-docs/0xe46a41b840176b62983fc71162dc9faeac4d9bcb/4747622386996134347530103051137512757478489873315040866696710228902591236939.json
0xe46a41b840176b62983fc71162dc9faeac4d9bcb,40,55660547781039109394205850530512155734259629331182394149210777298302840103668,55660547781039109394205850530512155734259629331182394149210777298302840103668,QmYUYJLQVXwKnBx5EGv9ysFBhvquB8QmrmB4hGiYuFcxZC,ops/cdn-retirement-phase2/step3/v3-docs/0xe46a41b840176b62983fc71162dc9faeac4d9bcb/55660547781039109394205850530512155734259629331182394149210777298302840103668.json
0xe46a41b840176b62983fc71162dc9faeac4d9bcb,40,58987192466841004628201111767945836073083865759174394385352028392528079468127,58987192466841004628201111767945836073083865759174394385352028392528079468127,QmQkdZpa3RSA9x3i1iUtuWocFB2A8yi1ona4r43kFCRPsN,ops/cdn-retirement-phase2/step3/v3-docs/0xe46a41b840176b62983fc71162dc9faeac4d9bcb/58987192466841004628201111767945836073083865759174394385352028392528079468127.json
0xe46a41b840176b62983fc71162dc9faeac4d9bcb,40,61029430091907876109464895555898745746405742165657134445147979806674543220529,61029430091907876109464895555898745746405742165657134445147979806674543220529,QmPgFJqs4mpNNYSaBu2jR7ip6GbeZ1UHD7giiZPQKWQHRd,ops/cdn-retirement-phase2/step3/v3-docs/0xe46a41b840176b62983fc71162dc9faeac4d9bcb/61029430091907876109464895555898745746405742165657134445147979806674543220529.json
0xe46a41b840176b62983fc71162dc9faeac4d9bcb,40,78437930858508382358350445319245577989271984900771702036328894579070742980984,78437930858508382358350445319245577989271984900771702036328894579070742980984,QmQWcbxJDhZb4pNgRwFbtz8urSQs2UCDVGSDvS9pZjgUNa,ops/cdn-retirement-phase2/step3/v3-docs/0xe46a41b840176b62983fc71162dc9faeac4d9bcb/78437930858508382358350445319245577989271984900771702036328894579070742980984.json
0xe46a41b840176b62983fc71162dc9faeac4d9bcb,41,13813618189176598346629425236645922063897053897097139878520767662417600093147,13813618189176598346629425236645922063897053897097139878520767662417600093147,QmWepdyaoD8t2WMFf4JC28ke39egfGbjU1ec1ioJLAzLxZ,ops/cdn-retirement-phase2/step3/v3-docs/0xe46a41b840176b62983fc71162dc9faeac4d9bcb/13813618189176598346629425236645922063897053897097139878520767662417600093147.json
0xe46a41b840176b62983fc71162dc9faeac4d9bcb,41,13942697208045564548826674043862131349970992431856416927987095618942688054423,13942697208045564548826674043862131349970992431856416927987095618942688054423,Qme5CaPQobUks93SFCqkddXztXAhzSP3FhNVmgrfbv3ZPB,ops/cdn-retirement-phase2/step3/v3-docs/0xe46a41b840176b62983fc71162dc9faeac4d9bcb/13942697208045564548826674043862131349970992431856416927987095618942688054423.json
0xe46a41b840176b62983fc71162dc9faeac4d9bcb,41,4747622386996134347530103051137512757478489873315040866696710228902591236940,4747622386996134347530103051137512757478489873315040866696710228902591236940,QmNyinBQxBMMVG74FoSxNubeswkBQkRRFyiVMALqR7oG7t,ops/cdn-retirement-phase2/step3/v3-docs/0xe46a41b840176b62983fc71162dc9faeac4d9bcb/4747622386996134347530103051137512757478489873315040866696710228902591236940.json
0xe46a41b840176b62983fc71162dc9faeac4d9bcb,41,55660547781039109394205850530512155734259629331182394149210777298302840103669,55660547781039109394205850530512155734259629331182394149210777298302840103669,Qme4wnhLTDi6tFU4HRvZGTCPJiJg4wzMTpdAjDtTivbqur,ops/cdn-retirement-phase2/step3/v3-docs/0xe46a41b840176b62983fc71162dc9faeac4d9bcb/55660547781039109394205850530512155734259629331182394149210777298302840103669.json
0xe46a41b840176b62983fc71162dc9faeac4d9bcb,41,58987192466841004628201111767945836073083865759174394385352028392528079468128,58987192466841004628201111767945836073083865759174394385352028392528079468128,QmPjXajGW9nB5cSYTqhSkRim9kRjbLmxxUpxgJUsvXVqXG,ops/cdn-retirement-phase2/step3/v3-docs/0xe46a41b840176b62983fc71162dc9faeac4d9bcb/58987192466841004628201111767945836073083865759174394385352028392528079468128.json
0xe46a41b840176b62983fc71162dc9faeac4d9bcb,41,61029430091907876109464895555898745746405742165657134445147979806674543220530,61029430091907876109464895555898745746405742165657134445147979806674543220530,QmZWgnKdif6p294JmhTfjmNVnuYqNeMyFwPtVcw1QunM4e,ops/cdn-retirement-phase2/step3/v3-docs/0xe46a41b840176b62983fc71162dc9faeac4d9bcb/61029430091907876109464895555898745746405742165657134445147979806674543220530.json
0xe46a41b840176b62983fc71162dc9faeac4d9bcb,41,78437930858508382358350445319245577989271984900771702036328894579070742980985,78437930858508382358350445319245577989271984900771702036328894579070742980985,QmSGsBvGNW8D9QvgqJQGgcXziwEuY87caQHo6XBSGdDh2G,ops/cdn-retirement-phase2/step3/v3-docs/0xe46a41b840176b62983fc71162dc9faeac4d9bcb/78437930858508382358350445319245577989271984900771702036328894579070742980985.json
0xe46a41b840176b62983fc71162dc9faeac4d9bcb,42,13813618189176598346629425236645922063897053897097139878520767662417600093148,13813618189176598346629425236645922063897053897097139878520767662417600093148,QmRtqqKayzTLpni5TFzZrGwSc7CszcCHhC3ixDaeitxPwo,ops/cdn-retirement-phase2/step3/v3-docs/0xe46a41b840176b62983fc71162dc9faeac4d9bcb/13813618189176598346629425236645922063897053897097139878520767662417600093148.json
0xe46a41b840176b62983fc71162dc9faeac4d9bcb,42,13942697208045564548826674043862131349970992431856416927987095618942688054424,13942697208045564548826674043862131349970992431856416927987095618942688054424,QmbEkY2QjmpZQ1td9BQaGohNF1KY3LDWUaZQN58Di5R2iC,ops/cdn-retirement-phase2/step3/v3-docs/0xe46a41b840176b62983fc71162dc9faeac4d9bcb/13942697208045564548826674043862131349970992431856416927987095618942688054424.json
0xe46a41b840176b62983fc71162dc9faeac4d9bcb,42,4747622386996134347530103051137512757478489873315040866696710228902591236941,4747622386996134347530103051137512757478489873315040866696710228902591236941,QmXfojifH9xb1qRYxeJJtQdVtXoMjN3dtzNCdHgS19z6HE,ops/cdn-retirement-phase2/step3/v3-docs/0xe46a41b840176b62983fc71162dc9faeac4d9bcb/4747622386996134347530103051137512757478489873315040866696710228902591236941.json
0xe46a41b840176b62983fc71162dc9faeac4d9bcb,42,55660547781039109394205850530512155734259629331182394149210777298302840103670,55660547781039109394205850530512155734259629331182394149210777298302840103670,QmPHZxp6DNo5MkRKKch8UuxZdb7HtZVuurjNwoFN8KepUZ,ops/cdn-retirement-phase2/step3/v3-docs/0xe46a41b840176b62983fc71162dc9faeac4d9bcb/55660547781039109394205850530512155734259629331182394149210777298302840103670.json
0xe46a41b840176b62983fc71162dc9faeac4d9bcb,42,58987192466841004628201111767945836073083865759174394385352028392528079468129,58987192466841004628201111767945836073083865759174394385352028392528079468129,QmRwZGpQkyJDz6YzBP9qN8sHb98gKcHLBFxHvwyYDgooJR,ops/cdn-retirement-phase2/step3/v3-docs/0xe46a41b840176b62983fc71162dc9faeac4d9bcb/58987192466841004628201111767945836073083865759174394385352028392528079468129.json
0xe46a41b840176b62983fc71162dc9faeac4d9bcb,42,61029430091907876109464895555898745746405742165657134445147979806674543220531,61029430091907876109464895555898745746405742165657134445147979806674543220531,QmZdNkC2ytAn99e9oz5RNKY3191a4WJtMj1PwEfMezAeFq,ops/cdn-retirement-phase2/step3/v3-docs/0xe46a41b840176b62983fc71162dc9faeac4d9bcb/61029430091907876109464895555898745746405742165657134445147979806674543220531.json
0xe46a41b840176b62983fc71162dc9faeac4d9bcb,42,78437930858508382358350445319245577989271984900771702036328894579070742980986,78437930858508382358350445319245577989271984900771702036328894579070742980986,QmeZv4pPRoQZSyRakgSzzBsySfEfRr226i3Hma8TwhCgy5,ops/cdn-retirement-phase2/step3/v3-docs/0xe46a41b840176b62983fc71162dc9faeac4d9bcb/78437930858508382358350445319245577989271984900771702036328894579070742980986.json
0xe46a41b840176b62983fc71162dc9faeac4d9bcb,43,13813618189176598346629425236645922063897053897097139878520767662417600093149,13813618189176598346629425236645922063897053897097139878520767662417600093149,QmbpruEVGBPYSLqzsgDpbFFMcQfDMGpNMznQm8pYaRFfnA,ops/cdn-retirement-phase2/step3/v3-docs/0xe46a41b840176b62983fc71162dc9faeac4d9bcb/13813618189176598346629425236645922063897053897097139878520767662417600093149.json
0xe46a41b840176b62983fc71162dc9faeac4d9bcb,43,13942697208045564548826674043862131349970992431856416927987095618942688054425,13942697208045564548826674043862131349970992431856416927987095618942688054425,QmVscECLwRzuNgCFKq1ymr2c6wCS2UCes1StJhnLESqsZf,ops/cdn-retirement-phase2/step3/v3-docs/0xe46a41b840176b62983fc71162dc9faeac4d9bcb/13942697208045564548826674043862131349970992431856416927987095618942688054425.json
0xe46a41b840176b62983fc71162dc9faeac4d9bcb,43,4747622386996134347530103051137512757478489873315040866696710228902591236942,4747622386996134347530103051137512757478489873315040866696710228902591236942,QmSCaGWWdmmPQuyuPiB2JaRzk5GwYRAUeCVboyXAYLM7x5,ops/cdn-retirement-phase2/step3/v3-docs/0xe46a41b840176b62983fc71162dc9faeac4d9bcb/4747622386996134347530103051137512757478489873315040866696710228902591236942.json
0xe46a41b840176b62983fc71162dc9faeac4d9bcb,43,55660547781039109394205850530512155734259629331182394149210777298302840103671,55660547781039109394205850530512155734259629331182394149210777298302840103671,QmTu2gD3vAbhJdX5ByDxtv5uDwzVyBdquaBV3RMW5AvYEQ,ops/cdn-retirement-phase2/step3/v3-docs/0xe46a41b840176b62983fc71162dc9faeac4d9bcb/55660547781039109394205850530512155734259629331182394149210777298302840103671.json
0xe46a41b840176b62983fc71162dc9faeac4d9bcb,43,58987192466841004628201111767945836073083865759174394385352028392528079468130,58987192466841004628201111767945836073083865759174394385352028392528079468130,QmbVQGLs85bLtXsF9MxJkxjwcsXWm4rpcu2uie2w8nvXRQ,ops/cdn-retirement-phase2/step3/v3-docs/0xe46a41b840176b62983fc71162dc9faeac4d9bcb/58987192466841004628201111767945836073083865759174394385352028392528079468130.json
0xe46a41b840176b62983fc71162dc9faeac4d9bcb,43,61029430091907876109464895555898745746405742165657134445147979806674543220532,61029430091907876109464895555898745746405742165657134445147979806674543220532,QmWuU3WNGgWovuFWUeueNWmS2SYodYMJMB4WpUkZdz4UyR,ops/cdn-retirement-phase2/step3/v3-docs/0xe46a41b840176b62983fc71162dc9faeac4d9bcb/61029430091907876109464895555898745746405742165657134445147979806674543220532.json
0xe46a41b840176b62983fc71162dc9faeac4d9bcb,43,78437930858508382358350445319245577989271984900771702036328894579070742980987,78437930858508382358350445319245577989271984900771702036328894579070742980987,QmbzZEuhPt2gNQjXDvMypyQjHrcTE58iP9udZAuWscNjFJ,ops/cdn-retirement-phase2/step3/v3-docs/0xe46a41b840176b62983fc71162dc9faeac4d9bcb/78437930858508382358350445319245577989271984900771702036328894579070742980987.json
0xe46a41b840176b62983fc71162dc9faeac4d9bcb,44,13813618189176598346629425236645922063897053897097139878520767662417600093150,13813618189176598346629425236645922063897053897097139878520767662417600093150,QmSpTLnQGDCpfHnnMmpqCchZ4eBGstY2SdbxR4VYnJGTKv,ops/cdn-retirement-phase2/step3/v3-docs/0xe46a41b840176b62983fc71162dc9faeac4d9bcb/13813618189176598346629425236645922063897053897097139878520767662417600093150.json
0xe46a41b840176b62983fc71162dc9faeac4d9bcb,44,13942697208045564548826674043862131349970992431856416927987095618942688054426,13942697208045564548826674043862131349970992431856416927987095618942688054426,QmUHAj6nz7HFvdpAx5SsTpzHjqNSn5XotX7piaAhJCVLzb,ops/cdn-retirement-phase2/step3/v3-docs/0xe46a41b840176b62983fc71162dc9faeac4d9bcb/13942697208045564548826674043862131349970992431856416927987095618942688054426.json
0xe46a41b840176b62983fc71162dc9faeac4d9bcb,44,4747622386996134347530103051137512757478489873315040866696710228902591236943,4747622386996134347530103051137512757478489873315040866696710228902591236943,QmXXy4Xidvq1DFsacfujZ2NcJHMPUR1zCRwXyzR3iK2qvh,ops/cdn-retirement-phase2/step3/v3-docs/0xe46a41b840176b62983fc71162dc9faeac4d9bcb/4747622386996134347530103051137512757478489873315040866696710228902591236943.json
0xe46a41b840176b62983fc71162dc9faeac4d9bcb,44,55660547781039109394205850530512155734259629331182394149210777298302840103672,55660547781039109394205850530512155734259629331182394149210777298302840103672,QmdQ8rNdKLWfgbLRRaeAgQzQZ9dixEVsaY6zbXJXEY9TZD,ops/cdn-retirement-phase2/step3/v3-docs/0xe46a41b840176b62983fc71162dc9faeac4d9bcb/55660547781039109394205850530512155734259629331182394149210777298302840103672.json
0xe46a41b840176b62983fc71162dc9faeac4d9bcb,44,58987192466841004628201111767945836073083865759174394385352028392528079468131,58987192466841004628201111767945836073083865759174394385352028392528079468131,QmV8xmWRmWn3QSk36H9Bu9JZuVkssQxXEpFZDThoLSTyDv,ops/cdn-retirement-phase2/step3/v3-docs/0xe46a41b840176b62983fc71162dc9faeac4d9bcb/58987192466841004628201111767945836073083865759174394385352028392528079468131.json
0xe46a41b840176b62983fc71162dc9faeac4d9bcb,44,61029430091907876109464895555898745746405742165657134445147979806674543220533,61029430091907876109464895555898745746405742165657134445147979806674543220533,QmWReRB9x99nGdhEmcREVg9wQf5tLqYu9TBDCTzYDxTt7R,ops/cdn-retirement-phase2/step3/v3-docs/0xe46a41b840176b62983fc71162dc9faeac4d9bcb/61029430091907876109464895555898745746405742165657134445147979806674543220533.json
0xe46a41b840176b62983fc71162dc9faeac4d9bcb,44,78437930858508382358350445319245577989271984900771702036328894579070742980988,78437930858508382358350445319245577989271984900771702036328894579070742980988,Qma8XdTqENXVL7bNxtsTPBPfdvRHSTfKarM5Dcjsh6Zskc,ops/cdn-retirement-phase2/step3/v3-docs/0xe46a41b840176b62983fc71162dc9faeac4d9bcb/78437930858508382358350445319245577989271984900771702036328894579070742980988.json
0xe46a41b840176b62983fc71162dc9faeac4d9bcb,45,13813618189176598346629425236645922063897053897097139878520767662417600093151,13813618189176598346629425236645922063897053897097139878520767662417600093151,QmVmHqZahEr7A5XU7b8BZ3Hx8yztmeigJ6Ysf6UTMEYMet,ops/cdn-retirement-phase2/step3/v3-docs/0xe46a41b840176b62983fc71162dc9faeac4d9bcb/13813618189176598346629425236645922063897053897097139878520767662417600093151.json
0xe46a41b840176b62983fc71162dc9faeac4d9bcb,45,13942697208045564548826674043862131349970992431856416927987095618942688054427,13942697208045564548826674043862131349970992431856416927987095618942688054427,QmZeuvxYqtw5ajnUkF9bbpJv51i2mqV7KbtdVFhCqqYnaZ,ops/cdn-retirement-phase2/step3/v3-docs/0xe46a41b840176b62983fc71162dc9faeac4d9bcb/13942697208045564548826674043862131349970992431856416927987095618942688054427.json
0xe46a41b840176b62983fc71162dc9faeac4d9bcb,45,4747622386996134347530103051137512757478489873315040866696710228902591236944,4747622386996134347530103051137512757478489873315040866696710228902591236944,QmY8qmsm9Kow6tLqFujzMUFQyeDyzrGQ4exu6hekeQG5oB,ops/cdn-retirement-phase2/step3/v3-docs/0xe46a41b840176b62983fc71162dc9faeac4d9bcb/4747622386996134347530103051137512757478489873315040866696710228902591236944.json
0xe46a41b840176b62983fc71162dc9faeac4d9bcb,45,55660547781039109394205850530512155734259629331182394149210777298302840103673,55660547781039109394205850530512155734259629331182394149210777298302840103673,QmbbAEMRwhHQ7UqvhYkHoMhnikhCsDG6xFPa8bjaMTxSkr,ops/cdn-retirement-phase2/step3/v3-docs/0xe46a41b840176b62983fc71162dc9faeac4d9bcb/55660547781039109394205850530512155734259629331182394149210777298302840103673.json
0xe46a41b840176b62983fc71162dc9faeac4d9bcb,45,58987192466841004628201111767945836073083865759174394385352028392528079468132,58987192466841004628201111767945836073083865759174394385352028392528079468132,QmTboYQRw2QQ8eHqPx1Hrf4gAruo5K9k49BguxUnf5BdYY,ops/cdn-retirement-phase2/step3/v3-docs/0xe46a41b840176b62983fc71162dc9faeac4d9bcb/58987192466841004628201111767945836073083865759174394385352028392528079468132.json
0xe46a41b840176b62983fc71162dc9faeac4d9bcb,45,61029430091907876109464895555898745746405742165657134445147979806674543220534,61029430091907876109464895555898745746405742165657134445147979806674543220534,QmVzzX2ox61Xc7YevmNFfaD27NkzC42ppc2YXn9YPWGHbL,ops/cdn-retirement-phase2/step3/v3-docs/0xe46a41b840176b62983fc71162dc9faeac4d9bcb/61029430091907876109464895555898745746405742165657134445147979806674543220534.json
0xe46a41b840176b62983fc71162dc9faeac4d9bcb,45,78437930858508382358350445319245577989271984900771702036328894579070742980989,78437930858508382358350445319245577989271984900771702036328894579070742980989,QmXMTvLeXKtSQKLaKNxipGqA8n2qDc4gvBXmUQCwM7tyPi,ops/cdn-retirement-phase2/step3/v3-docs/0xe46a41b840176b62983fc71162dc9faeac4d9bcb/78437930858508382358350445319245577989271984900771702036328894579070742980989.json
0xe46a41b840176b62983fc71162dc9faeac4d9bcb,46,13813618189176598346629425236645922063897053897097139878520767662417600093152,13813618189176598346629425236645922063897053897097139878520767662417600093152,QmXUJFobBJ4WJ7JW4VRhgfys9rsiDvGr1nsNYtQtWwELfR,ops/cdn-retirement-phase2/step3/v3-docs/0xe46a41b840176b62983fc71162dc9faeac4d9bcb/13813618189176598346629425236645922063897053897097139878520767662417600093152.json
0xe46a41b840176b62983fc71162dc9faeac4d9bcb,46,13942697208045564548826674043862131349970992431856416927987095618942688054428,13942697208045564548826674043862131349970992431856416927987095618942688054428,QmVKTBURKCaKDLRmHyt6YuM8rMHbxYmTY6SKyMrU6vTSPr,ops/cdn-retirement-phase2/step3/v3-docs/0xe46a41b840176b62983fc71162dc9faeac4d9bcb/13942697208045564548826674043862131349970992431856416927987095618942688054428.json
0xe46a41b840176b62983fc71162dc9faeac4d9bcb,46,4747622386996134347530103051137512757478489873315040866696710228902591236945,4747622386996134347530103051137512757478489873315040866696710228902591236945,QmP8xF1L8Wdcu9NrnxFV149uQiugzcUWmWGvyt17zEXJm2,ops/cdn-retirement-phase2/step3/v3-docs/0xe46a41b840176b62983fc71162dc9faeac4d9bcb/4747622386996134347530103051137512757478489873315040866696710228902591236945.json
0xe46a41b840176b62983fc71162dc9faeac4d9bcb,46,55660547781039109394205850530512155734259629331182394149210777298302840103674,55660547781039109394205850530512155734259629331182394149210777298302840103674,QmNjrvS3zQcG9rrerTMjM4xwMDhGvgiGQXx1ngsfpoV7o1,ops/cdn-retirement-phase2/step3/v3-docs/0xe46a41b840176b62983fc71162dc9faeac4d9bcb/55660547781039109394205850530512155734259629331182394149210777298302840103674.json
0xe46a41b840176b62983fc71162dc9faeac4d9bcb,46,58987192466841004628201111767945836073083865759174394385352028392528079468133,58987192466841004628201111767945836073083865759174394385352028392528079468133,QmfUt2t8W85LHYAgsakXu5PWqZnBT7PNszPizCHFenL4Sj,ops/cdn-retirement-phase2/step3/v3-docs/0xe46a41b840176b62983fc71162dc9faeac4d9bcb/58987192466841004628201111767945836073083865759174394385352028392528079468133.json
0xe46a41b840176b62983fc71162dc9faeac4d9bcb,46,61029430091907876109464895555898745746405742165657134445147979806674543220535,61029430091907876109464895555898745746405742165657134445147979806674543220535,QmVvMew2VteC7m5dXrVMJ1sUaBcx6hpg3jWZKr86W8Apnd,ops/cdn-retirement-phase2/step3/v3-docs/0xe46a41b840176b62983fc71162dc9faeac4d9bcb/61029430091907876109464895555898745746405742165657134445147979806674543220535.json
0xe46a41b840176b62983fc71162dc9faeac4d9bcb,46,78437930858508382358350445319245577989271984900771702036328894579070742980990,78437930858508382358350445319245577989271984900771702036328894579070742980990,QmYPfBa2Ywfy1rTCDQdXVahFhdAcFtFufjrfoj7sctNfq2,ops/cdn-retirement-phase2/step3/v3-docs/0xe46a41b840176b62983fc71162dc9faeac4d9bcb/78437930858508382358350445319245577989271984900771702036328894579070742980990.json
0xe46a41b840176b62983fc71162dc9faeac4d9bcb,47,13813618189176598346629425236645922063897053897097139878520767662417600093153,13813618189176598346629425236645922063897053897097139878520767662417600093153,QmQ2EFYvziH7v2TFWLf35uDe41NRtdyrsWNuW3HjHDBmPZ,ops/cdn-retirement-phase2/step3/v3-docs/0xe46a41b840176b62983fc71162dc9faeac4d9bcb/13813618189176598346629425236645922063897053897097139878520767662417600093153.json
0xe46a41b840176b62983fc71162dc9faeac4d9bcb,47,13942697208045564548826674043862131349970992431856416927987095618942688054429,13942697208045564548826674043862131349970992431856416927987095618942688054429,Qmc3fzAZRJBLc9qABhc4DLNCr7NurF5pY99yvHwToAPdjQ,ops/cdn-retirement-phase2/step3/v3-docs/0xe46a41b840176b62983fc71162dc9faeac4d9bcb/13942697208045564548826674043862131349970992431856416927987095618942688054429.json
0xe46a41b840176b62983fc71162dc9faeac4d9bcb,47,4747622386996134347530103051137512757478489873315040866696710228902591236946,4747622386996134347530103051137512757478489873315040866696710228902591236946,QmcH7bfNRCUMmkuczu3CqTqyETGPYeVaWhdvoXytHfeDR2,ops/cdn-retirement-phase2/step3/v3-docs/0xe46a41b840176b62983fc71162dc9faeac4d9bcb/4747622386996134347530103051137512757478489873315040866696710228902591236946.json
0xe46a41b840176b62983fc71162dc9faeac4d9bcb,47,55660547781039109394205850530512155734259629331182394149210777298302840103675,55660547781039109394205850530512155734259629331182394149210777298302840103675,Qmcx52CD8UptH6tiPprNh3zVXq5KXQS1yCk2Yfp7D64TEm,ops/cdn-retirement-phase2/step3/v3-docs/0xe46a41b840176b62983fc71162dc9faeac4d9bcb/55660547781039109394205850530512155734259629331182394149210777298302840103675.json
0xe46a41b840176b62983fc71162dc9faeac4d9bcb,47,58987192466841004628201111767945836073083865759174394385352028392528079468134,58987192466841004628201111767945836073083865759174394385352028392528079468134,QmdwZ8eKG6fD5ZRnLHDA3s5gPtJouQ9xiJaZ8855dFZhzT,ops/cdn-retirement-phase2/step3/v3-docs/0xe46a41b840176b62983fc71162dc9faeac4d9bcb/58987192466841004628201111767945836073083865759174394385352028392528079468134.json
0xe46a41b840176b62983fc71162dc9faeac4d9bcb,47,61029430091907876109464895555898745746405742165657134445147979806674543220536,61029430091907876109464895555898745746405742165657134445147979806674543220536,QmdpcoDwnHNwjpJeLj8LqGgExu2Bvbfmb219s9Ej5PmZEe,ops/cdn-retirement-phase2/step3/v3-docs/0xe46a41b840176b62983fc71162dc9faeac4d9bcb/61029430091907876109464895555898745746405742165657134445147979806674543220536.json
0xe46a41b840176b62983fc71162dc9faeac4d9bcb,47,78437930858508382358350445319245577989271984900771702036328894579070742980991,78437930858508382358350445319245577989271984900771702036328894579070742980991,QmdoBnZV5dFJEen4LnksKFwvFgKjV1oRfFcNiVXzdUBo1p,ops/cdn-retirement-phase2/step3/v3-docs/0xe46a41b840176b62983fc71162dc9faeac4d9bcb/78437930858508382358350445319245577989271984900771702036328894579070742980991.json
0xe46a41b840176b62983fc71162dc9faeac4d9bcb,48,13813618189176598346629425236645922063897053897097139878520767662417600093154,13813618189176598346629425236645922063897053897097139878520767662417600093154,QmekDCs6fwC5tyrDXAwcCTE15CtKhFivckAAtdKSkYFUtg,ops/cdn-retirement-phase2/step3/v3-docs/0xe46a41b840176b62983fc71162dc9faeac4d9bcb/13813618189176598346629425236645922063897053897097139878520767662417600093154.json
0xe46a41b840176b62983fc71162dc9faeac4d9bcb,48,13942697208045564548826674043862131349970992431856416927987095618942688054430,13942697208045564548826674043862131349970992431856416927987095618942688054430,QmPEn6XKzJviRcZpaGok8XCkpoVkjZoCVwADHMHz9Dg3mT,ops/cdn-retirement-phase2/step3/v3-docs/0xe46a41b840176b62983fc71162dc9faeac4d9bcb/13942697208045564548826674043862131349970992431856416927987095618942688054430.json
0xe46a41b840176b62983fc71162dc9faeac4d9bcb,48,4747622386996134347530103051137512757478489873315040866696710228902591236947,4747622386996134347530103051137512757478489873315040866696710228902591236947,QmbiwG4AgT4A2YwtuwTcihDowzJjcB3QspA4Nnu7UFjK1p,ops/cdn-retirement-phase2/step3/v3-docs/0xe46a41b840176b62983fc71162dc9faeac4d9bcb/4747622386996134347530103051137512757478489873315040866696710228902591236947.json
0xe46a41b840176b62983fc71162dc9faeac4d9bcb,48,55660547781039109394205850530512155734259629331182394149210777298302840103676,55660547781039109394205850530512155734259629331182394149210777298302840103676,QmPYb9cwS3DidArYtA6Arh9rFdQQqo5FVPkoGXoXdjzzRz,ops/cdn-retirement-phase2/step3/v3-docs/0xe46a41b840176b62983fc71162dc9faeac4d9bcb/55660547781039109394205850530512155734259629331182394149210777298302840103676.json
0xe46a41b840176b62983fc71162dc9faeac4d9bcb,48,58987192466841004628201111767945836073083865759174394385352028392528079468135,58987192466841004628201111767945836073083865759174394385352028392528079468135,QmUyBARHskQaQLgDHh4JwSnFDJCb9MmKdz8JXqc8ZxufuD,ops/cdn-retirement-phase2/step3/v3-docs/0xe46a41b840176b62983fc71162dc9faeac4d9bcb/58987192466841004628201111767945836073083865759174394385352028392528079468135.json
0xe46a41b840176b62983fc71162dc9faeac4d9bcb,48,61029430091907876109464895555898745746405742165657134445147979806674543220537,61029430091907876109464895555898745746405742165657134445147979806674543220537,Qmb1HE76HAscu1bs8MEdKNMNs47WHbStsBxFj3CS3rH53H,ops/cdn-retirement-phase2/step3/v3-docs/0xe46a41b840176b62983fc71162dc9faeac4d9bcb/61029430091907876109464895555898745746405742165657134445147979806674543220537.json
0xe46a41b840176b62983fc71162dc9faeac4d9bcb,48,78437930858508382358350445319245577989271984900771702036328894579070742980992,78437930858508382358350445319245577989271984900771702036328894579070742980992,QmUPHESmWdKssx3DzkmzKfyzAoF7qUM2UCeoLYmUb8FkLy,ops/cdn-retirement-phase2/step3/v3-docs/0xe46a41b840176b62983fc71162dc9faeac4d9bcb/78437930858508382358350445319245577989271984900771702036328894579070742980992.json
0xe46a41b840176b62983fc71162dc9faeac4d9bcb,49,13813618189176598346629425236645922063897053897097139878520767662417600093155,13813618189176598346629425236645922063897053897097139878520767662417600093155,QmbbH5GBawPY5UmkFLHPh4qJaMCvwMo66BhSVEfUPTwz1K,ops/cdn-retirement-phase2/step3/v3-docs/0xe46a41b840176b62983fc71162dc9faeac4d9bcb/13813618189176598346629425236645922063897053897097139878520767662417600093155.json
0xe46a41b840176b62983fc71162dc9faeac4d9bcb,49,13942697208045564548826674043862131349970992431856416927987095618942688054431,13942697208045564548826674043862131349970992431856416927987095618942688054431,QmXKfKSmF2DFchww8ZpQreUAtxeeFRfUGKer1moMwdP7gy,ops/cdn-retirement-phase2/step3/v3-docs/0xe46a41b840176b62983fc71162dc9faeac4d9bcb/13942697208045564548826674043862131349970992431856416927987095618942688054431.json
0xe46a41b840176b62983fc71162dc9faeac4d9bcb,49,4747622386996134347530103051137512757478489873315040866696710228902591236948,4747622386996134347530103051137512757478489873315040866696710228902591236948,QmasHfuqoGiaXeMDAEDw6KtViMXxQQr3A3uTjqfJDrXuo1,ops/cdn-retirement-phase2/step3/v3-docs/0xe46a41b840176b62983fc71162dc9faeac4d9bcb/4747622386996134347530103051137512757478489873315040866696710228902591236948.json
0xe46a41b840176b62983fc71162dc9faeac4d9bcb,49,55660547781039109394205850530512155734259629331182394149210777298302840103677,55660547781039109394205850530512155734259629331182394149210777298302840103677,QmSDrdWWuY5KJyt3dcXfzhZkUvjSEvmN4if8yFtUXpKF9L,ops/cdn-retirement-phase2/step3/v3-docs/0xe46a41b840176b62983fc71162dc9faeac4d9bcb/55660547781039109394205850530512155734259629331182394149210777298302840103677.json
0xe46a41b840176b62983fc71162dc9faeac4d9bcb,49,58987192466841004628201111767945836073083865759174394385352028392528079468136,58987192466841004628201111767945836073083865759174394385352028392528079468136,QmTi4h6miR1T46MWkgCdcGgQ7g3m9i16hsdprApvR9Kq1H,ops/cdn-retirement-phase2/step3/v3-docs/0xe46a41b840176b62983fc71162dc9faeac4d9bcb/58987192466841004628201111767945836073083865759174394385352028392528079468136.json
0xe46a41b840176b62983fc71162dc9faeac4d9bcb,49,61029430091907876109464895555898745746405742165657134445147979806674543220538,61029430091907876109464895555898745746405742165657134445147979806674543220538,QmdZoUzQ5Q6dgjUPmieVbCcQpbUwGRUSqyf2zXaz4Kimha,ops/cdn-retirement-phase2/step3/v3-docs/0xe46a41b840176b62983fc71162dc9faeac4d9bcb/61029430091907876109464895555898745746405742165657134445147979806674543220538.json
0xe46a41b840176b62983fc71162dc9faeac4d9bcb,49,78437930858508382358350445319245577989271984900771702036328894579070742980993,78437930858508382358350445319245577989271984900771702036328894579070742980993,QmcLZzNQSYY6QctSbDkZUN7LWZgSQCgv1y1Uky8XNA7vCR,ops/cdn-retirement-phase2/step3/v3-docs/0xe46a41b840176b62983fc71162dc9faeac4d9bcb/78437930858508382358350445319245577989271984900771702036328894579070742980993.json
0xe46a41b840176b62983fc71162dc9faeac4d9bcb,5,13813618189176598346629425236645922063897053897097139878520767662417600093111,13813618189176598346629425236645922063897053897097139878520767662417600093111,QmSoLEgGrvp8Ao1X2XMoJmGQvnxUySKcH7RVvmCeRDcSuy,ops/cdn-retirement-phase2/step3/v3-docs/0xe46a41b840176b62983fc71162dc9faeac4d9bcb/13813618189176598346629425236645922063897053897097139878520767662417600093111.json
0xe46a41b840176b62983fc71162dc9faeac4d9bcb,5,13942697208045564548826674043862131349970992431856416927987095618942688054387,13942697208045564548826674043862131349970992431856416927987095618942688054387,QmcB3Joi81hLD5spAZDqBzYzGY5piuq8cEU91SjaxX5hyF,ops/cdn-retirement-phase2/step3/v3-docs/0xe46a41b840176b62983fc71162dc9faeac4d9bcb/13942697208045564548826674043862131349970992431856416927987095618942688054387.json
0xe46a41b840176b62983fc71162dc9faeac4d9bcb,5,4747622386996134347530103051137512757478489873315040866696710228902591236904,4747622386996134347530103051137512757478489873315040866696710228902591236904,QmfHX6gN8w7z5TijHQXhEx29U1yiQaK74zzq8fJdmZLe9H,ops/cdn-retirement-phase2/step3/v3-docs/0xe46a41b840176b62983fc71162dc9faeac4d9bcb/4747622386996134347530103051137512757478489873315040866696710228902591236904.json
0xe46a41b840176b62983fc71162dc9faeac4d9bcb,5,55660547781039109394205850530512155734259629331182394149210777298302840103633,55660547781039109394205850530512155734259629331182394149210777298302840103633,QmboEcNx6CWatPgg2YUoEyhrjUACn9xukDDGv6AGErwGZQ,ops/cdn-retirement-phase2/step3/v3-docs/0xe46a41b840176b62983fc71162dc9faeac4d9bcb/55660547781039109394205850530512155734259629331182394149210777298302840103633.json
0xe46a41b840176b62983fc71162dc9faeac4d9bcb,5,58987192466841004628201111767945836073083865759174394385352028392528079468092,58987192466841004628201111767945836073083865759174394385352028392528079468092,Qmagkxtogvt3ybxw8h5ukUpwDh31JEH8PcrHU9Vf2PXoGT,ops/cdn-retirement-phase2/step3/v3-docs/0xe46a41b840176b62983fc71162dc9faeac4d9bcb/58987192466841004628201111767945836073083865759174394385352028392528079468092.json
0xe46a41b840176b62983fc71162dc9faeac4d9bcb,5,61029430091907876109464895555898745746405742165657134445147979806674543220494,61029430091907876109464895555898745746405742165657134445147979806674543220494,Qma92NLFyiGjucotEmaP4xWkxywhZxF9XaLyYpTDqREH4w,ops/cdn-retirement-phase2/step3/v3-docs/0xe46a41b840176b62983fc71162dc9faeac4d9bcb/61029430091907876109464895555898745746405742165657134445147979806674543220494.json
0xe46a41b840176b62983fc71162dc9faeac4d9bcb,5,78437930858508382358350445319245577989271984900771702036328894579070742980949,78437930858508382358350445319245577989271984900771702036328894579070742980949,QmZdEBp67N8ckJANbhujvekyVVGxJDFNoS6GgtZpCWXWfC,ops/cdn-retirement-phase2/step3/v3-docs/0xe46a41b840176b62983fc71162dc9faeac4d9bcb/78437930858508382358350445319245577989271984900771702036328894579070742980949.json
0xe46a41b840176b62983fc71162dc9faeac4d9bcb,50,13813618189176598346629425236645922063897053897097139878520767662417600093156,13813618189176598346629425236645922063897053897097139878520767662417600093156,QmbPTy1uPKK5PreXrbDvvrNBCujs9SXbGmnZxyjaucz8HB,ops/cdn-retirement-phase2/step3/v3-docs/0xe46a41b840176b62983fc71162dc9faeac4d9bcb/13813618189176598346629425236645922063897053897097139878520767662417600093156.json
0xe46a41b840176b62983fc71162dc9faeac4d9bcb,50,13942697208045564548826674043862131349970992431856416927987095618942688054432,13942697208045564548826674043862131349970992431856416927987095618942688054432,QmcZidLnebZ9co5HvzRJtSPCMwUJD5hpXM9BFCdu8ABRrc,ops/cdn-retirement-phase2/step3/v3-docs/0xe46a41b840176b62983fc71162dc9faeac4d9bcb/13942697208045564548826674043862131349970992431856416927987095618942688054432.json
0xe46a41b840176b62983fc71162dc9faeac4d9bcb,50,4747622386996134347530103051137512757478489873315040866696710228902591236949,4747622386996134347530103051137512757478489873315040866696710228902591236949,QmZ9ALpFJYDpHhKuBqWSe5V42zd35UGkVzR16r84A9XX7A,ops/cdn-retirement-phase2/step3/v3-docs/0xe46a41b840176b62983fc71162dc9faeac4d9bcb/4747622386996134347530103051137512757478489873315040866696710228902591236949.json
0xe46a41b840176b62983fc71162dc9faeac4d9bcb,50,55660547781039109394205850530512155734259629331182394149210777298302840103678,55660547781039109394205850530512155734259629331182394149210777298302840103678,QmbrTS4Fvh3kknSbtcHceH6ZQZmt921wUUFWXSbFEfQqL6,ops/cdn-retirement-phase2/step3/v3-docs/0xe46a41b840176b62983fc71162dc9faeac4d9bcb/55660547781039109394205850530512155734259629331182394149210777298302840103678.json
0xe46a41b840176b62983fc71162dc9faeac4d9bcb,50,58987192466841004628201111767945836073083865759174394385352028392528079468137,58987192466841004628201111767945836073083865759174394385352028392528079468137,QmZCHEwy8AERdaGAShcxxX1amZC3r1SB1bwyHUJ6V8CLqN,ops/cdn-retirement-phase2/step3/v3-docs/0xe46a41b840176b62983fc71162dc9faeac4d9bcb/58987192466841004628201111767945836073083865759174394385352028392528079468137.json
0xe46a41b840176b62983fc71162dc9faeac4d9bcb,50,61029430091907876109464895555898745746405742165657134445147979806674543220539,61029430091907876109464895555898745746405742165657134445147979806674543220539,QmajZoeYnS1PybmgTZFN2pp5i435DCQyZRdcFzxR3zf3pP,ops/cdn-retirement-phase2/step3/v3-docs/0xe46a41b840176b62983fc71162dc9faeac4d9bcb/61029430091907876109464895555898745746405742165657134445147979806674543220539.json
0xe46a41b840176b62983fc71162dc9faeac4d9bcb,50,78437930858508382358350445319245577989271984900771702036328894579070742980994,78437930858508382358350445319245577989271984900771702036328894579070742980994,QmTGLB7nbcA5vBtB45fVXrUFauQoucoaV3qir5mapPktBN,ops/cdn-retirement-phase2/step3/v3-docs/0xe46a41b840176b62983fc71162dc9faeac4d9bcb/78437930858508382358350445319245577989271984900771702036328894579070742980994.json
0xe46a41b840176b62983fc71162dc9faeac4d9bcb,51,13813618189176598346629425236645922063897053897097139878520767662417600093157,13813618189176598346629425236645922063897053897097139878520767662417600093157,QmXD2NgRHwonJ9vBcNpkvGHWX41P6FNLtyXuHwDUxqDE5y,ops/cdn-retirement-phase2/step3/v3-docs/0xe46a41b840176b62983fc71162dc9faeac4d9bcb/13813618189176598346629425236645922063897053897097139878520767662417600093157.json
0xe46a41b840176b62983fc71162dc9faeac4d9bcb,51,13942697208045564548826674043862131349970992431856416927987095618942688054433,13942697208045564548826674043862131349970992431856416927987095618942688054433,Qmae6qtwrB2rp5y86j2bs53fELqN9FMf33rxKN8Z2Dpghc,ops/cdn-retirement-phase2/step3/v3-docs/0xe46a41b840176b62983fc71162dc9faeac4d9bcb/13942697208045564548826674043862131349970992431856416927987095618942688054433.json
0xe46a41b840176b62983fc71162dc9faeac4d9bcb,51,4747622386996134347530103051137512757478489873315040866696710228902591236950,4747622386996134347530103051137512757478489873315040866696710228902591236950,QmUCa1iALK98S6dFKohtAK7Hfz3Uhb9staVFcHNbqvg4UQ,ops/cdn-retirement-phase2/step3/v3-docs/0xe46a41b840176b62983fc71162dc9faeac4d9bcb/4747622386996134347530103051137512757478489873315040866696710228902591236950.json
0xe46a41b840176b62983fc71162dc9faeac4d9bcb,51,55660547781039109394205850530512155734259629331182394149210777298302840103679,55660547781039109394205850530512155734259629331182394149210777298302840103679,Qmbfvt4jFzevFmsvn79uvV8rvP8uTwKgq1sAYBnmYQeadD,ops/cdn-retirement-phase2/step3/v3-docs/0xe46a41b840176b62983fc71162dc9faeac4d9bcb/55660547781039109394205850530512155734259629331182394149210777298302840103679.json
0xe46a41b840176b62983fc71162dc9faeac4d9bcb,51,58987192466841004628201111767945836073083865759174394385352028392528079468138,58987192466841004628201111767945836073083865759174394385352028392528079468138,QmPUkTmiwRFok1xDgDLbKZYBjZpHvEubuv7ibvNcb5oGq4,ops/cdn-retirement-phase2/step3/v3-docs/0xe46a41b840176b62983fc71162dc9faeac4d9bcb/58987192466841004628201111767945836073083865759174394385352028392528079468138.json
0xe46a41b840176b62983fc71162dc9faeac4d9bcb,51,61029430091907876109464895555898745746405742165657134445147979806674543220540,61029430091907876109464895555898745746405742165657134445147979806674543220540,QmVEhETaDCPgTHAn3JBtLnK1b1eRqLtc9faSNyrAjL3BoJ,ops/cdn-retirement-phase2/step3/v3-docs/0xe46a41b840176b62983fc71162dc9faeac4d9bcb/61029430091907876109464895555898745746405742165657134445147979806674543220540.json
0xe46a41b840176b62983fc71162dc9faeac4d9bcb,51,78437930858508382358350445319245577989271984900771702036328894579070742980995,78437930858508382358350445319245577989271984900771702036328894579070742980995,QmPzLU6P6dP6nThwxdcu1VFk9hMwzTCRVQcFpoh7mbkWoG,ops/cdn-retirement-phase2/step3/v3-docs/0xe46a41b840176b62983fc71162dc9faeac4d9bcb/78437930858508382358350445319245577989271984900771702036328894579070742980995.json
0xe46a41b840176b62983fc71162dc9faeac4d9bcb,52,13813618189176598346629425236645922063897053897097139878520767662417600093158,13813618189176598346629425236645922063897053897097139878520767662417600093158,QmQM8izoRFm9Lk7EBqgX8nfk9BS3VTp1Druv86mYwH7WC6,ops/cdn-retirement-phase2/step3/v3-docs/0xe46a41b840176b62983fc71162dc9faeac4d9bcb/13813618189176598346629425236645922063897053897097139878520767662417600093158.json
0xe46a41b840176b62983fc71162dc9faeac4d9bcb,52,13942697208045564548826674043862131349970992431856416927987095618942688054434,13942697208045564548826674043862131349970992431856416927987095618942688054434,QmbveuCLZZuRs8CcFf37B8F6Rzs6TnURP4R3MHXihSNEHL,ops/cdn-retirement-phase2/step3/v3-docs/0xe46a41b840176b62983fc71162dc9faeac4d9bcb/13942697208045564548826674043862131349970992431856416927987095618942688054434.json
0xe46a41b840176b62983fc71162dc9faeac4d9bcb,52,4747622386996134347530103051137512757478489873315040866696710228902591236951,4747622386996134347530103051137512757478489873315040866696710228902591236951,QmePkeLcgPHAYXkTTdVJdUugKBV5iqaH7MihcZiLa3Mbwc,ops/cdn-retirement-phase2/step3/v3-docs/0xe46a41b840176b62983fc71162dc9faeac4d9bcb/4747622386996134347530103051137512757478489873315040866696710228902591236951.json
0xe46a41b840176b62983fc71162dc9faeac4d9bcb,52,55660547781039109394205850530512155734259629331182394149210777298302840103680,55660547781039109394205850530512155734259629331182394149210777298302840103680,QmZEQKVeJr6LJxeUBLyQHjRqYNHVvzMj4t9ujgz5K3LTiS,ops/cdn-retirement-phase2/step3/v3-docs/0xe46a41b840176b62983fc71162dc9faeac4d9bcb/55660547781039109394205850530512155734259629331182394149210777298302840103680.json
0xe46a41b840176b62983fc71162dc9faeac4d9bcb,52,58987192466841004628201111767945836073083865759174394385352028392528079468139,58987192466841004628201111767945836073083865759174394385352028392528079468139,Qmb7ioB3guHUpxx3B3DTsvpPZq4FS9Q3zfXntRXLK1JtM3,ops/cdn-retirement-phase2/step3/v3-docs/0xe46a41b840176b62983fc71162dc9faeac4d9bcb/58987192466841004628201111767945836073083865759174394385352028392528079468139.json
0xe46a41b840176b62983fc71162dc9faeac4d9bcb,52,61029430091907876109464895555898745746405742165657134445147979806674543220541,61029430091907876109464895555898745746405742165657134445147979806674543220541,QmaRmp2bGzgN8kV9ShWtzDk99B9DzA8U9f6ZURvEnzt9Ca,ops/cdn-retirement-phase2/step3/v3-docs/0xe46a41b840176b62983fc71162dc9faeac4d9bcb/61029430091907876109464895555898745746405742165657134445147979806674543220541.json
0xe46a41b840176b62983fc71162dc9faeac4d9bcb,52,78437930858508382358350445319245577989271984900771702036328894579070742980996,78437930858508382358350445319245577989271984900771702036328894579070742980996,Qmcv52yV9KJ8i84MN3zNHcbg64cvpn1mKg15mDCznVLTac,ops/cdn-retirement-phase2/step3/v3-docs/0xe46a41b840176b62983fc71162dc9faeac4d9bcb/78437930858508382358350445319245577989271984900771702036328894579070742980996.json
0xe46a41b840176b62983fc71162dc9faeac4d9bcb,53,13813618189176598346629425236645922063897053897097139878520767662417600093159,13813618189176598346629425236645922063897053897097139878520767662417600093159,QmXYMy9eG2kJHckK9JHJk27NDc2fCTxrswNfLv9ZYUhBAy,ops/cdn-retirement-phase2/step3/v3-docs/0xe46a41b840176b62983fc71162dc9faeac4d9bcb/13813618189176598346629425236645922063897053897097139878520767662417600093159.json
0xe46a41b840176b62983fc71162dc9faeac4d9bcb,53,13942697208045564548826674043862131349970992431856416927987095618942688054435,13942697208045564548826674043862131349970992431856416927987095618942688054435,QmciZjxigbQrgExyQV1NmrukPHfmhZUdsf4Sm6nkFT9HW3,ops/cdn-retirement-phase2/step3/v3-docs/0xe46a41b840176b62983fc71162dc9faeac4d9bcb/13942697208045564548826674043862131349970992431856416927987095618942688054435.json
0xe46a41b840176b62983fc71162dc9faeac4d9bcb,53,4747622386996134347530103051137512757478489873315040866696710228902591236952,4747622386996134347530103051137512757478489873315040866696710228902591236952,QmcLuwBQY73K2YYNYYnbqTfN3sen39aCovYBcuEMXFEXxs,ops/cdn-retirement-phase2/step3/v3-docs/0xe46a41b840176b62983fc71162dc9faeac4d9bcb/4747622386996134347530103051137512757478489873315040866696710228902591236952.json
0xe46a41b840176b62983fc71162dc9faeac4d9bcb,53,55660547781039109394205850530512155734259629331182394149210777298302840103681,55660547781039109394205850530512155734259629331182394149210777298302840103681,QmYTr4z8E1mBsNKxXqdAenZULtiqkPLXQaKMPq7jygJGxc,ops/cdn-retirement-phase2/step3/v3-docs/0xe46a41b840176b62983fc71162dc9faeac4d9bcb/55660547781039109394205850530512155734259629331182394149210777298302840103681.json
0xe46a41b840176b62983fc71162dc9faeac4d9bcb,53,58987192466841004628201111767945836073083865759174394385352028392528079468140,58987192466841004628201111767945836073083865759174394385352028392528079468140,QmPmnFU75a4UYyDEAfiGP1g5vndRFBWycWAWakr2NJviyi,ops/cdn-retirement-phase2/step3/v3-docs/0xe46a41b840176b62983fc71162dc9faeac4d9bcb/58987192466841004628201111767945836073083865759174394385352028392528079468140.json
0xe46a41b840176b62983fc71162dc9faeac4d9bcb,53,61029430091907876109464895555898745746405742165657134445147979806674543220542,61029430091907876109464895555898745746405742165657134445147979806674543220542,QmWJN9A5jGPpHkSftxDWvDYhHxZnif1FisSBa1DarC16CG,ops/cdn-retirement-phase2/step3/v3-docs/0xe46a41b840176b62983fc71162dc9faeac4d9bcb/61029430091907876109464895555898745746405742165657134445147979806674543220542.json
0xe46a41b840176b62983fc71162dc9faeac4d9bcb,53,78437930858508382358350445319245577989271984900771702036328894579070742980997,78437930858508382358350445319245577989271984900771702036328894579070742980997,QmUZ2igZKj66eQnfTwC13hZXc18k1C66Le5b2fs12HvfbD,ops/cdn-retirement-phase2/step3/v3-docs/0xe46a41b840176b62983fc71162dc9faeac4d9bcb/78437930858508382358350445319245577989271984900771702036328894579070742980997.json
0xe46a41b840176b62983fc71162dc9faeac4d9bcb,54,13813618189176598346629425236645922063897053897097139878520767662417600093160,13813618189176598346629425236645922063897053897097139878520767662417600093160,Qmb5kGudni98M94C2P572oFAQ8eUQN8gn83pQC7JFGLvJH,ops/cdn-retirement-phase2/step3/v3-docs/0xe46a41b840176b62983fc71162dc9faeac4d9bcb/13813618189176598346629425236645922063897053897097139878520767662417600093160.json
0xe46a41b840176b62983fc71162dc9faeac4d9bcb,54,13942697208045564548826674043862131349970992431856416927987095618942688054436,13942697208045564548826674043862131349970992431856416927987095618942688054436,QmYeKoSt3ERenuDHQx61VN82m4uy1EVFHr2bNQ2Ui6wLMK,ops/cdn-retirement-phase2/step3/v3-docs/0xe46a41b840176b62983fc71162dc9faeac4d9bcb/13942697208045564548826674043862131349970992431856416927987095618942688054436.json
0xe46a41b840176b62983fc71162dc9faeac4d9bcb,54,4747622386996134347530103051137512757478489873315040866696710228902591236953,4747622386996134347530103051137512757478489873315040866696710228902591236953,QmeBMpQq4Nt7Sc6DmCxpX3tVgo6Fpg8rsR9cxj8RJNcJBc,ops/cdn-retirement-phase2/step3/v3-docs/0xe46a41b840176b62983fc71162dc9faeac4d9bcb/4747622386996134347530103051137512757478489873315040866696710228902591236953.json
0xe46a41b840176b62983fc71162dc9faeac4d9bcb,54,55660547781039109394205850530512155734259629331182394149210777298302840103682,55660547781039109394205850530512155734259629331182394149210777298302840103682,QmRSjcMPGKQhFyrbp8GSmEPYPxoWyK3aBJB53nt7Ezk4Jg,ops/cdn-retirement-phase2/step3/v3-docs/0xe46a41b840176b62983fc71162dc9faeac4d9bcb/55660547781039109394205850530512155734259629331182394149210777298302840103682.json
0xe46a41b840176b62983fc71162dc9faeac4d9bcb,54,58987192466841004628201111767945836073083865759174394385352028392528079468141,58987192466841004628201111767945836073083865759174394385352028392528079468141,QmYp2ggGVG4kt4muaAyGs3tnVEKZqccKdKi59kULjhP5mm,ops/cdn-retirement-phase2/step3/v3-docs/0xe46a41b840176b62983fc71162dc9faeac4d9bcb/58987192466841004628201111767945836073083865759174394385352028392528079468141.json
0xe46a41b840176b62983fc71162dc9faeac4d9bcb,54,61029430091907876109464895555898745746405742165657134445147979806674543220543,61029430091907876109464895555898745746405742165657134445147979806674543220543,QmaEF8MQiBszz69fJhCsqcYDtw5rp1bXB9kEZKxgWaH2qi,ops/cdn-retirement-phase2/step3/v3-docs/0xe46a41b840176b62983fc71162dc9faeac4d9bcb/61029430091907876109464895555898745746405742165657134445147979806674543220543.json
0xe46a41b840176b62983fc71162dc9faeac4d9bcb,54,78437930858508382358350445319245577989271984900771702036328894579070742980998,78437930858508382358350445319245577989271984900771702036328894579070742980998,QmSKBDaS8b8qeQSk6Kh2zXDL3S2RYhGBqEmypSuqfTMsek,ops/cdn-retirement-phase2/step3/v3-docs/0xe46a41b840176b62983fc71162dc9faeac4d9bcb/78437930858508382358350445319245577989271984900771702036328894579070742980998.json
0xe46a41b840176b62983fc71162dc9faeac4d9bcb,55,13813618189176598346629425236645922063897053897097139878520767662417600093161,13813618189176598346629425236645922063897053897097139878520767662417600093161,QmeDWqwTiE1UTSF811Gxp5CDtBjLChbYgAqM2fgzZLkny8,ops/cdn-retirement-phase2/step3/v3-docs/0xe46a41b840176b62983fc71162dc9faeac4d9bcb/13813618189176598346629425236645922063897053897097139878520767662417600093161.json
0xe46a41b840176b62983fc71162dc9faeac4d9bcb,55,13942697208045564548826674043862131349970992431856416927987095618942688054437,13942697208045564548826674043862131349970992431856416927987095618942688054437,QmVwabsGP46VPfzgNGUCEYqgMjB5EFM1cMG1iXkf9iioMB,ops/cdn-retirement-phase2/step3/v3-docs/0xe46a41b840176b62983fc71162dc9faeac4d9bcb/13942697208045564548826674043862131349970992431856416927987095618942688054437.json
0xe46a41b840176b62983fc71162dc9faeac4d9bcb,55,4747622386996134347530103051137512757478489873315040866696710228902591236954,4747622386996134347530103051137512757478489873315040866696710228902591236954,QmdAZYo29TvMgZxHWKxhdubexn7XHcbr8RwejxQjysz6Dz,ops/cdn-retirement-phase2/step3/v3-docs/0xe46a41b840176b62983fc71162dc9faeac4d9bcb/4747622386996134347530103051137512757478489873315040866696710228902591236954.json
0xe46a41b840176b62983fc71162dc9faeac4d9bcb,55,55660547781039109394205850530512155734259629331182394149210777298302840103683,55660547781039109394205850530512155734259629331182394149210777298302840103683,QmXyRkB7nKCD8sMsmXUyqTNwJ3hKwnqZ7jT6ZMWk2Tu1xj,ops/cdn-retirement-phase2/step3/v3-docs/0xe46a41b840176b62983fc71162dc9faeac4d9bcb/55660547781039109394205850530512155734259629331182394149210777298302840103683.json
0xe46a41b840176b62983fc71162dc9faeac4d9bcb,55,58987192466841004628201111767945836073083865759174394385352028392528079468142,58987192466841004628201111767945836073083865759174394385352028392528079468142,QmRJCoS2mSKU5NKYK5nzhc7TNUtrE8a9DoFJYk8emP6w9v,ops/cdn-retirement-phase2/step3/v3-docs/0xe46a41b840176b62983fc71162dc9faeac4d9bcb/58987192466841004628201111767945836073083865759174394385352028392528079468142.json
0xe46a41b840176b62983fc71162dc9faeac4d9bcb,55,61029430091907876109464895555898745746405742165657134445147979806674543220544,61029430091907876109464895555898745746405742165657134445147979806674543220544,Qmc3Kmo7Q5tahZg59TwZmhuWG6zzZeGoLcDaXFxmqYLnwJ,ops/cdn-retirement-phase2/step3/v3-docs/0xe46a41b840176b62983fc71162dc9faeac4d9bcb/61029430091907876109464895555898745746405742165657134445147979806674543220544.json
0xe46a41b840176b62983fc71162dc9faeac4d9bcb,55,78437930858508382358350445319245577989271984900771702036328894579070742980999,78437930858508382358350445319245577989271984900771702036328894579070742980999,QmeHrE5bFsUKoJKiSNbk6DwZ67fWRtJKXuot24nUUo6SnC,ops/cdn-retirement-phase2/step3/v3-docs/0xe46a41b840176b62983fc71162dc9faeac4d9bcb/78437930858508382358350445319245577989271984900771702036328894579070742980999.json
0xe46a41b840176b62983fc71162dc9faeac4d9bcb,56,13813618189176598346629425236645922063897053897097139878520767662417600093162,13813618189176598346629425236645922063897053897097139878520767662417600093162,QmPmqk9j4aaFFBSVzXEUECqNCXvrEF6ZEk2jYm6Tx6i28k,ops/cdn-retirement-phase2/step3/v3-docs/0xe46a41b840176b62983fc71162dc9faeac4d9bcb/13813618189176598346629425236645922063897053897097139878520767662417600093162.json
0xe46a41b840176b62983fc71162dc9faeac4d9bcb,56,13942697208045564548826674043862131349970992431856416927987095618942688054438,13942697208045564548826674043862131349970992431856416927987095618942688054438,QmVYUVrfq5sHnpHdGheQKfo6YNDar47F7KgTCK49o1mXWa,ops/cdn-retirement-phase2/step3/v3-docs/0xe46a41b840176b62983fc71162dc9faeac4d9bcb/13942697208045564548826674043862131349970992431856416927987095618942688054438.json
0xe46a41b840176b62983fc71162dc9faeac4d9bcb,56,4747622386996134347530103051137512757478489873315040866696710228902591236955,4747622386996134347530103051137512757478489873315040866696710228902591236955,QmPPBNDkf1ELUdBAGWdAas2GkYR26kHtbNYSiuLtXUi9jo,ops/cdn-retirement-phase2/step3/v3-docs/0xe46a41b840176b62983fc71162dc9faeac4d9bcb/4747622386996134347530103051137512757478489873315040866696710228902591236955.json
0xe46a41b840176b62983fc71162dc9faeac4d9bcb,56,55660547781039109394205850530512155734259629331182394149210777298302840103684,55660547781039109394205850530512155734259629331182394149210777298302840103684,QmbMgmie4X5rm3FktYCv9tAS4iZaVQLpnZUsed1Cpdx1E9,ops/cdn-retirement-phase2/step3/v3-docs/0xe46a41b840176b62983fc71162dc9faeac4d9bcb/55660547781039109394205850530512155734259629331182394149210777298302840103684.json
0xe46a41b840176b62983fc71162dc9faeac4d9bcb,56,58987192466841004628201111767945836073083865759174394385352028392528079468143,58987192466841004628201111767945836073083865759174394385352028392528079468143,QmeJstzs3MhQc1FZq6DR6hKoKCEqejetxtUHC2K5dSeL8B,ops/cdn-retirement-phase2/step3/v3-docs/0xe46a41b840176b62983fc71162dc9faeac4d9bcb/58987192466841004628201111767945836073083865759174394385352028392528079468143.json
0xe46a41b840176b62983fc71162dc9faeac4d9bcb,56,61029430091907876109464895555898745746405742165657134445147979806674543220545,61029430091907876109464895555898745746405742165657134445147979806674543220545,QmdN6xSdPm9cR1JYbjqrVNKGAkDZNde3qjnpoHpHnHbdm2,ops/cdn-retirement-phase2/step3/v3-docs/0xe46a41b840176b62983fc71162dc9faeac4d9bcb/61029430091907876109464895555898745746405742165657134445147979806674543220545.json
0xe46a41b840176b62983fc71162dc9faeac4d9bcb,56,78437930858508382358350445319245577989271984900771702036328894579070742981000,78437930858508382358350445319245577989271984900771702036328894579070742981000,QmdrrmSVfDEQ9cL4yaPzLzAChMce5xKjVsuYxiro9t9Dti,ops/cdn-retirement-phase2/step3/v3-docs/0xe46a41b840176b62983fc71162dc9faeac4d9bcb/78437930858508382358350445319245577989271984900771702036328894579070742981000.json
0xe46a41b840176b62983fc71162dc9faeac4d9bcb,57,13813618189176598346629425236645922063897053897097139878520767662417600093163,13813618189176598346629425236645922063897053897097139878520767662417600093163,QmfCbx1G6hF2YVm98jz4kJoiE6BUHt1mPeaBJVNwg5mwNL,ops/cdn-retirement-phase2/step3/v3-docs/0xe46a41b840176b62983fc71162dc9faeac4d9bcb/13813618189176598346629425236645922063897053897097139878520767662417600093163.json
0xe46a41b840176b62983fc71162dc9faeac4d9bcb,57,13942697208045564548826674043862131349970992431856416927987095618942688054439,13942697208045564548826674043862131349970992431856416927987095618942688054439,QmY5peAwSHwCy9K6q3Xbx8EUyhQtCkENqXiFE2DgnXTZob,ops/cdn-retirement-phase2/step3/v3-docs/0xe46a41b840176b62983fc71162dc9faeac4d9bcb/13942697208045564548826674043862131349970992431856416927987095618942688054439.json
0xe46a41b840176b62983fc71162dc9faeac4d9bcb,57,4747622386996134347530103051137512757478489873315040866696710228902591236956,4747622386996134347530103051137512757478489873315040866696710228902591236956,QmehjQCqjsVGQF1FFbz5XLNjzyCTydf4JAeBkT8xCqJk44,ops/cdn-retirement-phase2/step3/v3-docs/0xe46a41b840176b62983fc71162dc9faeac4d9bcb/4747622386996134347530103051137512757478489873315040866696710228902591236956.json
0xe46a41b840176b62983fc71162dc9faeac4d9bcb,57,55660547781039109394205850530512155734259629331182394149210777298302840103685,55660547781039109394205850530512155734259629331182394149210777298302840103685,QmZHHTH5xXSsavifurf2WZyVeWJLjhLJmkL6GMY9gzpJP8,ops/cdn-retirement-phase2/step3/v3-docs/0xe46a41b840176b62983fc71162dc9faeac4d9bcb/55660547781039109394205850530512155734259629331182394149210777298302840103685.json
0xe46a41b840176b62983fc71162dc9faeac4d9bcb,57,58987192466841004628201111767945836073083865759174394385352028392528079468144,58987192466841004628201111767945836073083865759174394385352028392528079468144,QmU1qdg4SPfwr1A23H9nX5SQPD8ZdxCPyJhEQsLoXiwzBj,ops/cdn-retirement-phase2/step3/v3-docs/0xe46a41b840176b62983fc71162dc9faeac4d9bcb/58987192466841004628201111767945836073083865759174394385352028392528079468144.json
0xe46a41b840176b62983fc71162dc9faeac4d9bcb,57,61029430091907876109464895555898745746405742165657134445147979806674543220546,61029430091907876109464895555898745746405742165657134445147979806674543220546,QmPdTNLTZ8ZtLwNQUeoKdnHBv4qeTPT8KSp72G3mTEQtPS,ops/cdn-retirement-phase2/step3/v3-docs/0xe46a41b840176b62983fc71162dc9faeac4d9bcb/61029430091907876109464895555898745746405742165657134445147979806674543220546.json
0xe46a41b840176b62983fc71162dc9faeac4d9bcb,57,78437930858508382358350445319245577989271984900771702036328894579070742981001,78437930858508382358350445319245577989271984900771702036328894579070742981001,QmToa3nDmUv121GZfMZJCDnw12DGM3TtA1PPZ6DbiWXvk6,ops/cdn-retirement-phase2/step3/v3-docs/0xe46a41b840176b62983fc71162dc9faeac4d9bcb/78437930858508382358350445319245577989271984900771702036328894579070742981001.json
0xe46a41b840176b62983fc71162dc9faeac4d9bcb,58,13813618189176598346629425236645922063897053897097139878520767662417600093164,13813618189176598346629425236645922063897053897097139878520767662417600093164,Qmeayxw5f2aRkDTP5zYoiu1vLnJxgmdMsTF7exMBgXGD13,ops/cdn-retirement-phase2/step3/v3-docs/0xe46a41b840176b62983fc71162dc9faeac4d9bcb/13813618189176598346629425236645922063897053897097139878520767662417600093164.json
0xe46a41b840176b62983fc71162dc9faeac4d9bcb,58,13942697208045564548826674043862131349970992431856416927987095618942688054440,13942697208045564548826674043862131349970992431856416927987095618942688054440,QmS7xiVmmfK352Nps2TkYdnuLQpkMr3ViG83xrYAtZLyYn,ops/cdn-retirement-phase2/step3/v3-docs/0xe46a41b840176b62983fc71162dc9faeac4d9bcb/13942697208045564548826674043862131349970992431856416927987095618942688054440.json
0xe46a41b840176b62983fc71162dc9faeac4d9bcb,58,4747622386996134347530103051137512757478489873315040866696710228902591236957,4747622386996134347530103051137512757478489873315040866696710228902591236957,Qmahvw2qFh5r3atKJKsFWBGugue16dzNdTZymWZaQAHsje,ops/cdn-retirement-phase2/step3/v3-docs/0xe46a41b840176b62983fc71162dc9faeac4d9bcb/4747622386996134347530103051137512757478489873315040866696710228902591236957.json
0xe46a41b840176b62983fc71162dc9faeac4d9bcb,58,55660547781039109394205850530512155734259629331182394149210777298302840103686,55660547781039109394205850530512155734259629331182394149210777298302840103686,QmRybFjG3u1jX7v3ik6k56wASyANtAr7w5uPfBmyJw65yQ,ops/cdn-retirement-phase2/step3/v3-docs/0xe46a41b840176b62983fc71162dc9faeac4d9bcb/55660547781039109394205850530512155734259629331182394149210777298302840103686.json
0xe46a41b840176b62983fc71162dc9faeac4d9bcb,58,58987192466841004628201111767945836073083865759174394385352028392528079468145,58987192466841004628201111767945836073083865759174394385352028392528079468145,QmYCM2EgbNPJWUjdZQcSnNuAMm1p1ZYG3X9SAkT3xdvnE3,ops/cdn-retirement-phase2/step3/v3-docs/0xe46a41b840176b62983fc71162dc9faeac4d9bcb/58987192466841004628201111767945836073083865759174394385352028392528079468145.json
0xe46a41b840176b62983fc71162dc9faeac4d9bcb,58,61029430091907876109464895555898745746405742165657134445147979806674543220547,61029430091907876109464895555898745746405742165657134445147979806674543220547,QmdUb3Vv5WL4ZgkTgPcdhvekNE2fWsG79MndRiyQenLP4M,ops/cdn-retirement-phase2/step3/v3-docs/0xe46a41b840176b62983fc71162dc9faeac4d9bcb/61029430091907876109464895555898745746405742165657134445147979806674543220547.json
0xe46a41b840176b62983fc71162dc9faeac4d9bcb,58,78437930858508382358350445319245577989271984900771702036328894579070742981002,78437930858508382358350445319245577989271984900771702036328894579070742981002,QmVQe8JacB94yJAMqKDsm8KMMJhcnhyHWA2LwcjQnbnhjL,ops/cdn-retirement-phase2/step3/v3-docs/0xe46a41b840176b62983fc71162dc9faeac4d9bcb/78437930858508382358350445319245577989271984900771702036328894579070742981002.json
0xe46a41b840176b62983fc71162dc9faeac4d9bcb,59,13813618189176598346629425236645922063897053897097139878520767662417600093165,13813618189176598346629425236645922063897053897097139878520767662417600093165,QmRcwWTiwbNjmae4NFDd191MJ6PV5MV2vegWr3Np8pcPP5,ops/cdn-retirement-phase2/step3/v3-docs/0xe46a41b840176b62983fc71162dc9faeac4d9bcb/13813618189176598346629425236645922063897053897097139878520767662417600093165.json
0xe46a41b840176b62983fc71162dc9faeac4d9bcb,59,13942697208045564548826674043862131349970992431856416927987095618942688054441,13942697208045564548826674043862131349970992431856416927987095618942688054441,QmUhV7JQ1iKZ6ChMrhiw7sBXbTmYEC8PXp6EjakzzsQBZ5,ops/cdn-retirement-phase2/step3/v3-docs/0xe46a41b840176b62983fc71162dc9faeac4d9bcb/13942697208045564548826674043862131349970992431856416927987095618942688054441.json
0xe46a41b840176b62983fc71162dc9faeac4d9bcb,59,4747622386996134347530103051137512757478489873315040866696710228902591236958,4747622386996134347530103051137512757478489873315040866696710228902591236958,QmatEVicS7AaEEB1Mm7aYwTwkkHpwFP5EwNP7p8MwNXdjK,ops/cdn-retirement-phase2/step3/v3-docs/0xe46a41b840176b62983fc71162dc9faeac4d9bcb/4747622386996134347530103051137512757478489873315040866696710228902591236958.json
0xe46a41b840176b62983fc71162dc9faeac4d9bcb,59,55660547781039109394205850530512155734259629331182394149210777298302840103687,55660547781039109394205850530512155734259629331182394149210777298302840103687,QmQRsntK4hH6gFxydQjgxvMqcgAwNVoAEECC2GbRBvqWNX,ops/cdn-retirement-phase2/step3/v3-docs/0xe46a41b840176b62983fc71162dc9faeac4d9bcb/55660547781039109394205850530512155734259629331182394149210777298302840103687.json
0xe46a41b840176b62983fc71162dc9faeac4d9bcb,59,58987192466841004628201111767945836073083865759174394385352028392528079468146,58987192466841004628201111767945836073083865759174394385352028392528079468146,QmWkASzqcic1Re2a7CJKqeYpTQrrifuS9anVTE9f3WX6Pq,ops/cdn-retirement-phase2/step3/v3-docs/0xe46a41b840176b62983fc71162dc9faeac4d9bcb/58987192466841004628201111767945836073083865759174394385352028392528079468146.json
0xe46a41b840176b62983fc71162dc9faeac4d9bcb,59,61029430091907876109464895555898745746405742165657134445147979806674543220548,61029430091907876109464895555898745746405742165657134445147979806674543220548,Qmc8tsQxMMn2N1a1kzc34fFhGchN4mDC8t5jgpmVvS5MKr,ops/cdn-retirement-phase2/step3/v3-docs/0xe46a41b840176b62983fc71162dc9faeac4d9bcb/61029430091907876109464895555898745746405742165657134445147979806674543220548.json
0xe46a41b840176b62983fc71162dc9faeac4d9bcb,59,78437930858508382358350445319245577989271984900771702036328894579070742981003,78437930858508382358350445319245577989271984900771702036328894579070742981003,QmPCfAG5U7SE2XksuLNwEFm4uJQYsXJTshbvyNSprngimf,ops/cdn-retirement-phase2/step3/v3-docs/0xe46a41b840176b62983fc71162dc9faeac4d9bcb/78437930858508382358350445319245577989271984900771702036328894579070742981003.json
0xe46a41b840176b62983fc71162dc9faeac4d9bcb,6,13813618189176598346629425236645922063897053897097139878520767662417600093112,13813618189176598346629425236645922063897053897097139878520767662417600093112,QmSdsK7m7u47HzDRqnukLMKQbUbCF25ssg2U7ugKmo3Wze,ops/cdn-retirement-phase2/step3/v3-docs/0xe46a41b840176b62983fc71162dc9faeac4d9bcb/13813618189176598346629425236645922063897053897097139878520767662417600093112.json
0xe46a41b840176b62983fc71162dc9faeac4d9bcb,6,13942697208045564548826674043862131349970992431856416927987095618942688054388,13942697208045564548826674043862131349970992431856416927987095618942688054388,QmbVixJ1QKFZmcoRyTDTsKzqN7nPpkxrq1EQ5qYx6qTAH2,ops/cdn-retirement-phase2/step3/v3-docs/0xe46a41b840176b62983fc71162dc9faeac4d9bcb/13942697208045564548826674043862131349970992431856416927987095618942688054388.json
0xe46a41b840176b62983fc71162dc9faeac4d9bcb,6,4747622386996134347530103051137512757478489873315040866696710228902591236905,4747622386996134347530103051137512757478489873315040866696710228902591236905,QmUvQpxModDQAxZGmFSgwRwJ1U4nG1rAjGVkS3sKBFTZHP,ops/cdn-retirement-phase2/step3/v3-docs/0xe46a41b840176b62983fc71162dc9faeac4d9bcb/4747622386996134347530103051137512757478489873315040866696710228902591236905.json
0xe46a41b840176b62983fc71162dc9faeac4d9bcb,6,55660547781039109394205850530512155734259629331182394149210777298302840103634,55660547781039109394205850530512155734259629331182394149210777298302840103634,QmQwXT5fyi4n4NafuTe62a6qiDiwSr2xg7jAaVdUAFK1sj,ops/cdn-retirement-phase2/step3/v3-docs/0xe46a41b840176b62983fc71162dc9faeac4d9bcb/55660547781039109394205850530512155734259629331182394149210777298302840103634.json
0xe46a41b840176b62983fc71162dc9faeac4d9bcb,6,58987192466841004628201111767945836073083865759174394385352028392528079468093,58987192466841004628201111767945836073083865759174394385352028392528079468093,QmTH9rzd5HJEhEjF6pinpcvnyXFEgNkrWKQDSECwVXXEyu,ops/cdn-retirement-phase2/step3/v3-docs/0xe46a41b840176b62983fc71162dc9faeac4d9bcb/58987192466841004628201111767945836073083865759174394385352028392528079468093.json
0xe46a41b840176b62983fc71162dc9faeac4d9bcb,6,61029430091907876109464895555898745746405742165657134445147979806674543220495,61029430091907876109464895555898745746405742165657134445147979806674543220495,QmYtoa9V3cPBopEHomYCSYDwFXrwWBiet3mBZxvXVvNzF7,ops/cdn-retirement-phase2/step3/v3-docs/0xe46a41b840176b62983fc71162dc9faeac4d9bcb/61029430091907876109464895555898745746405742165657134445147979806674543220495.json
0xe46a41b840176b62983fc71162dc9faeac4d9bcb,6,78437930858508382358350445319245577989271984900771702036328894579070742980950,78437930858508382358350445319245577989271984900771702036328894579070742980950,QmY6QuRwiBCARqwLCqmKcqh25xpbEFAemoQda72rEaYik5,ops/cdn-retirement-phase2/step3/v3-docs/0xe46a41b840176b62983fc71162dc9faeac4d9bcb/78437930858508382358350445319245577989271984900771702036328894579070742980950.json
0xe46a41b840176b62983fc71162dc9faeac4d9bcb,60,13813618189176598346629425236645922063897053897097139878520767662417600093166,13813618189176598346629425236645922063897053897097139878520767662417600093166,QmcTi1xDU8Kt2hAxMuMLHZQnHY6PuQtikkGobR6V8di98f,ops/cdn-retirement-phase2/step3/v3-docs/0xe46a41b840176b62983fc71162dc9faeac4d9bcb/13813618189176598346629425236645922063897053897097139878520767662417600093166.json
0xe46a41b840176b62983fc71162dc9faeac4d9bcb,60,13942697208045564548826674043862131349970992431856416927987095618942688054442,13942697208045564548826674043862131349970992431856416927987095618942688054442,QmbSGAZkjytk5dc74UhRFTM7aGEuiMEBfGtDbKRuW9FYWi,ops/cdn-retirement-phase2/step3/v3-docs/0xe46a41b840176b62983fc71162dc9faeac4d9bcb/13942697208045564548826674043862131349970992431856416927987095618942688054442.json
0xe46a41b840176b62983fc71162dc9faeac4d9bcb,60,4747622386996134347530103051137512757478489873315040866696710228902591236959,4747622386996134347530103051137512757478489873315040866696710228902591236959,QmaBcA8xMJwuf6jha7tWAzYJigTTk49a6iMa7PS9JkZLqp,ops/cdn-retirement-phase2/step3/v3-docs/0xe46a41b840176b62983fc71162dc9faeac4d9bcb/4747622386996134347530103051137512757478489873315040866696710228902591236959.json
0xe46a41b840176b62983fc71162dc9faeac4d9bcb,60,55660547781039109394205850530512155734259629331182394149210777298302840103688,55660547781039109394205850530512155734259629331182394149210777298302840103688,QmUdgbKTgcJpZ4kMZV1NRKGYbreykJQ1gArXw568oscLJz,ops/cdn-retirement-phase2/step3/v3-docs/0xe46a41b840176b62983fc71162dc9faeac4d9bcb/55660547781039109394205850530512155734259629331182394149210777298302840103688.json
0xe46a41b840176b62983fc71162dc9faeac4d9bcb,60,58987192466841004628201111767945836073083865759174394385352028392528079468147,58987192466841004628201111767945836073083865759174394385352028392528079468147,QmQnwVDmDxJmc4VxTbRUfjXJfFUe7chr5n7Jr2qtLNKbuu,ops/cdn-retirement-phase2/step3/v3-docs/0xe46a41b840176b62983fc71162dc9faeac4d9bcb/58987192466841004628201111767945836073083865759174394385352028392528079468147.json
0xe46a41b840176b62983fc71162dc9faeac4d9bcb,60,61029430091907876109464895555898745746405742165657134445147979806674543220549,61029430091907876109464895555898745746405742165657134445147979806674543220549,QmS4HfrkMVudnFQ4nTNAvpCucGxXFr9tu1NQWPy3NsmMhD,ops/cdn-retirement-phase2/step3/v3-docs/0xe46a41b840176b62983fc71162dc9faeac4d9bcb/61029430091907876109464895555898745746405742165657134445147979806674543220549.json
0xe46a41b840176b62983fc71162dc9faeac4d9bcb,60,78437930858508382358350445319245577989271984900771702036328894579070742981004,78437930858508382358350445319245577989271984900771702036328894579070742981004,QmXyAbfRK8kH15cR5pFyCHe9t4D4cctbTBFQb3RMAGAA37,ops/cdn-retirement-phase2/step3/v3-docs/0xe46a41b840176b62983fc71162dc9faeac4d9bcb/78437930858508382358350445319245577989271984900771702036328894579070742981004.json
0xe46a41b840176b62983fc71162dc9faeac4d9bcb,61,13813618189176598346629425236645922063897053897097139878520767662417600093167,13813618189176598346629425236645922063897053897097139878520767662417600093167,QmZQtWPkZJEppJQ9CngmgwqnP3ZxLzQq7aZDhpeRFVY5Hu,ops/cdn-retirement-phase2/step3/v3-docs/0xe46a41b840176b62983fc71162dc9faeac4d9bcb/13813618189176598346629425236645922063897053897097139878520767662417600093167.json
0xe46a41b840176b62983fc71162dc9faeac4d9bcb,61,13942697208045564548826674043862131349970992431856416927987095618942688054443,13942697208045564548826674043862131349970992431856416927987095618942688054443,QmVwgUb6S2g1xXbFhbEa7Te6YRWveoQ65163DmricxyqpH,ops/cdn-retirement-phase2/step3/v3-docs/0xe46a41b840176b62983fc71162dc9faeac4d9bcb/13942697208045564548826674043862131349970992431856416927987095618942688054443.json
0xe46a41b840176b62983fc71162dc9faeac4d9bcb,61,4747622386996134347530103051137512757478489873315040866696710228902591236960,4747622386996134347530103051137512757478489873315040866696710228902591236960,QmZ1dY33sRnWnRwJwDCgk7eWXn2aomNuv2BffoQ5T33Ynx,ops/cdn-retirement-phase2/step3/v3-docs/0xe46a41b840176b62983fc71162dc9faeac4d9bcb/4747622386996134347530103051137512757478489873315040866696710228902591236960.json
0xe46a41b840176b62983fc71162dc9faeac4d9bcb,61,55660547781039109394205850530512155734259629331182394149210777298302840103689,55660547781039109394205850530512155734259629331182394149210777298302840103689,QmYAZCMSvwFcmwve28zAgMm7jcE39J1Kk3Nvz1CfbZGtaf,ops/cdn-retirement-phase2/step3/v3-docs/0xe46a41b840176b62983fc71162dc9faeac4d9bcb/55660547781039109394205850530512155734259629331182394149210777298302840103689.json
0xe46a41b840176b62983fc71162dc9faeac4d9bcb,61,58987192466841004628201111767945836073083865759174394385352028392528079468148,58987192466841004628201111767945836073083865759174394385352028392528079468148,QmXGJLy9tpHFmj4V91dd4zaAovTRhAuGv5yD89nzzBHVMo,ops/cdn-retirement-phase2/step3/v3-docs/0xe46a41b840176b62983fc71162dc9faeac4d9bcb/58987192466841004628201111767945836073083865759174394385352028392528079468148.json
0xe46a41b840176b62983fc71162dc9faeac4d9bcb,61,61029430091907876109464895555898745746405742165657134445147979806674543220550,61029430091907876109464895555898745746405742165657134445147979806674543220550,QmTryTbuSrDSFRBJLYGHUob7KvwdNJ5fya9Lk2G9fLa29S,ops/cdn-retirement-phase2/step3/v3-docs/0xe46a41b840176b62983fc71162dc9faeac4d9bcb/61029430091907876109464895555898745746405742165657134445147979806674543220550.json
0xe46a41b840176b62983fc71162dc9faeac4d9bcb,61,78437930858508382358350445319245577989271984900771702036328894579070742981005,78437930858508382358350445319245577989271984900771702036328894579070742981005,QmepSTYjA8ePrJQii4z1aQeaErnDNH15F2f6drKJx2pnuv,ops/cdn-retirement-phase2/step3/v3-docs/0xe46a41b840176b62983fc71162dc9faeac4d9bcb/78437930858508382358350445319245577989271984900771702036328894579070742981005.json
0xe46a41b840176b62983fc71162dc9faeac4d9bcb,62,13813618189176598346629425236645922063897053897097139878520767662417600093168,13813618189176598346629425236645922063897053897097139878520767662417600093168,QmZDSaVcsoNsYSxdmA7Bj3RWq2M9zFXkaoFD8HPFu2UUa4,ops/cdn-retirement-phase2/step3/v3-docs/0xe46a41b840176b62983fc71162dc9faeac4d9bcb/13813618189176598346629425236645922063897053897097139878520767662417600093168.json
0xe46a41b840176b62983fc71162dc9faeac4d9bcb,62,13942697208045564548826674043862131349970992431856416927987095618942688054444,13942697208045564548826674043862131349970992431856416927987095618942688054444,Qmbq2qb6JGRmEAZFSrKwyLG9mznb9QTMWNqR4FdYwc9uFe,ops/cdn-retirement-phase2/step3/v3-docs/0xe46a41b840176b62983fc71162dc9faeac4d9bcb/13942697208045564548826674043862131349970992431856416927987095618942688054444.json
0xe46a41b840176b62983fc71162dc9faeac4d9bcb,62,4747622386996134347530103051137512757478489873315040866696710228902591236961,4747622386996134347530103051137512757478489873315040866696710228902591236961,QmTwTgAQZWCwfx9yb8uFW8MqMLDGL1oPYZ2SDaz3hPrhgU,ops/cdn-retirement-phase2/step3/v3-docs/0xe46a41b840176b62983fc71162dc9faeac4d9bcb/4747622386996134347530103051137512757478489873315040866696710228902591236961.json
0xe46a41b840176b62983fc71162dc9faeac4d9bcb,62,55660547781039109394205850530512155734259629331182394149210777298302840103690,55660547781039109394205850530512155734259629331182394149210777298302840103690,QmezkSimx9TqqMqR5cJ17TzjR2ALLPefFBeExriw9oWfb8,ops/cdn-retirement-phase2/step3/v3-docs/0xe46a41b840176b62983fc71162dc9faeac4d9bcb/55660547781039109394205850530512155734259629331182394149210777298302840103690.json
0xe46a41b840176b62983fc71162dc9faeac4d9bcb,62,58987192466841004628201111767945836073083865759174394385352028392528079468149,58987192466841004628201111767945836073083865759174394385352028392528079468149,QmSvASfD724syxr5SEzX3v6gZz8dX4jCajcjMpL57xEHk4,ops/cdn-retirement-phase2/step3/v3-docs/0xe46a41b840176b62983fc71162dc9faeac4d9bcb/58987192466841004628201111767945836073083865759174394385352028392528079468149.json
0xe46a41b840176b62983fc71162dc9faeac4d9bcb,62,61029430091907876109464895555898745746405742165657134445147979806674543220551,61029430091907876109464895555898745746405742165657134445147979806674543220551,QmTzmFeziNNAH9iBZ1od9tshLfKvTWjcyB2ucayjn9jZLs,ops/cdn-retirement-phase2/step3/v3-docs/0xe46a41b840176b62983fc71162dc9faeac4d9bcb/61029430091907876109464895555898745746405742165657134445147979806674543220551.json
0xe46a41b840176b62983fc71162dc9faeac4d9bcb,62,78437930858508382358350445319245577989271984900771702036328894579070742981006,78437930858508382358350445319245577989271984900771702036328894579070742981006,QmQD2dWZXncDUhHtZURzhYStVHAwCXXcmcgbi2BXHwT7Jd,ops/cdn-retirement-phase2/step3/v3-docs/0xe46a41b840176b62983fc71162dc9faeac4d9bcb/78437930858508382358350445319245577989271984900771702036328894579070742981006.json
0xe46a41b840176b62983fc71162dc9faeac4d9bcb,63,13813618189176598346629425236645922063897053897097139878520767662417600093169,13813618189176598346629425236645922063897053897097139878520767662417600093169,Qmee6dsQaHcJjASJpHUWsH1pb46GSA4QvhfHk7ZoQDyjAa,ops/cdn-retirement-phase2/step3/v3-docs/0xe46a41b840176b62983fc71162dc9faeac4d9bcb/13813618189176598346629425236645922063897053897097139878520767662417600093169.json
0xe46a41b840176b62983fc71162dc9faeac4d9bcb,63,13942697208045564548826674043862131349970992431856416927987095618942688054445,13942697208045564548826674043862131349970992431856416927987095618942688054445,QmXieeZvW7j7ZPFdD63wwyf7pnFLSw8tJb5qAUpHMG8ZWy,ops/cdn-retirement-phase2/step3/v3-docs/0xe46a41b840176b62983fc71162dc9faeac4d9bcb/13942697208045564548826674043862131349970992431856416927987095618942688054445.json
0xe46a41b840176b62983fc71162dc9faeac4d9bcb,63,4747622386996134347530103051137512757478489873315040866696710228902591236962,4747622386996134347530103051137512757478489873315040866696710228902591236962,QmZLV1KsJ4Mi62kfUqA4wiqLcYkZt6dnvvLyevysZtm3GF,ops/cdn-retirement-phase2/step3/v3-docs/0xe46a41b840176b62983fc71162dc9faeac4d9bcb/4747622386996134347530103051137512757478489873315040866696710228902591236962.json
0xe46a41b840176b62983fc71162dc9faeac4d9bcb,63,55660547781039109394205850530512155734259629331182394149210777298302840103691,55660547781039109394205850530512155734259629331182394149210777298302840103691,QmWL8BdWGcPCt6fv92vuc33mu68afq5pgMnyRW7abTVmHF,ops/cdn-retirement-phase2/step3/v3-docs/0xe46a41b840176b62983fc71162dc9faeac4d9bcb/55660547781039109394205850530512155734259629331182394149210777298302840103691.json
0xe46a41b840176b62983fc71162dc9faeac4d9bcb,63,58987192466841004628201111767945836073083865759174394385352028392528079468150,58987192466841004628201111767945836073083865759174394385352028392528079468150,QmTJMtnij1JPUhrqesfeWqCB7JnaMNdHkhpncZ3tdtj6r9,ops/cdn-retirement-phase2/step3/v3-docs/0xe46a41b840176b62983fc71162dc9faeac4d9bcb/58987192466841004628201111767945836073083865759174394385352028392528079468150.json
0xe46a41b840176b62983fc71162dc9faeac4d9bcb,63,61029430091907876109464895555898745746405742165657134445147979806674543220552,61029430091907876109464895555898745746405742165657134445147979806674543220552,QmabVp7Mn5DznmCmgreJ3QhSKr4iEm3QMYv6uGCwkt7wG2,ops/cdn-retirement-phase2/step3/v3-docs/0xe46a41b840176b62983fc71162dc9faeac4d9bcb/61029430091907876109464895555898745746405742165657134445147979806674543220552.json
0xe46a41b840176b62983fc71162dc9faeac4d9bcb,63,78437930858508382358350445319245577989271984900771702036328894579070742981007,78437930858508382358350445319245577989271984900771702036328894579070742981007,QmfGJsvuGbdK3HrLiRGaBKAoeSEdjxSqwT5KMUAMXdj9k3,ops/cdn-retirement-phase2/step3/v3-docs/0xe46a41b840176b62983fc71162dc9faeac4d9bcb/78437930858508382358350445319245577989271984900771702036328894579070742981007.json
0xe46a41b840176b62983fc71162dc9faeac4d9bcb,64,13813618189176598346629425236645922063897053897097139878520767662417600093170,13813618189176598346629425236645922063897053897097139878520767662417600093170,QmcLuP5aD4XisQzx6ywjNrxhkL7qnd73tvomPngFFgtsPP,ops/cdn-retirement-phase2/step3/v3-docs/0xe46a41b840176b62983fc71162dc9faeac4d9bcb/13813618189176598346629425236645922063897053897097139878520767662417600093170.json
0xe46a41b840176b62983fc71162dc9faeac4d9bcb,64,13942697208045564548826674043862131349970992431856416927987095618942688054446,13942697208045564548826674043862131349970992431856416927987095618942688054446,QmZaKgtA4R1K2oHp4ck9ks9GBNimmdrW8ANX4cRDiXZrco,ops/cdn-retirement-phase2/step3/v3-docs/0xe46a41b840176b62983fc71162dc9faeac4d9bcb/13942697208045564548826674043862131349970992431856416927987095618942688054446.json
0xe46a41b840176b62983fc71162dc9faeac4d9bcb,64,4747622386996134347530103051137512757478489873315040866696710228902591236963,4747622386996134347530103051137512757478489873315040866696710228902591236963,QmNR4wQ1W2ienYEGSwSwAJhUKrePnW8sAh9VKqhiJBtfUs,ops/cdn-retirement-phase2/step3/v3-docs/0xe46a41b840176b62983fc71162dc9faeac4d9bcb/4747622386996134347530103051137512757478489873315040866696710228902591236963.json
0xe46a41b840176b62983fc71162dc9faeac4d9bcb,64,55660547781039109394205850530512155734259629331182394149210777298302840103692,55660547781039109394205850530512155734259629331182394149210777298302840103692,QmdfmYc5w9e7SZMc7yN5tfLDRAjYdxJ6RpokpPMWXmTfuP,ops/cdn-retirement-phase2/step3/v3-docs/0xe46a41b840176b62983fc71162dc9faeac4d9bcb/55660547781039109394205850530512155734259629331182394149210777298302840103692.json
0xe46a41b840176b62983fc71162dc9faeac4d9bcb,64,58987192466841004628201111767945836073083865759174394385352028392528079468151,58987192466841004628201111767945836073083865759174394385352028392528079468151,QmSNwijkL5idFDydE1qWF17yi87V6q13GvS4YYNv3ZzE3o,ops/cdn-retirement-phase2/step3/v3-docs/0xe46a41b840176b62983fc71162dc9faeac4d9bcb/58987192466841004628201111767945836073083865759174394385352028392528079468151.json
0xe46a41b840176b62983fc71162dc9faeac4d9bcb,64,61029430091907876109464895555898745746405742165657134445147979806674543220553,61029430091907876109464895555898745746405742165657134445147979806674543220553,QmPPSyUqyyhBjD5qcCwTrGNP9xnVLXkGsuw6CtPuPxq7xU,ops/cdn-retirement-phase2/step3/v3-docs/0xe46a41b840176b62983fc71162dc9faeac4d9bcb/61029430091907876109464895555898745746405742165657134445147979806674543220553.json
0xe46a41b840176b62983fc71162dc9faeac4d9bcb,64,78437930858508382358350445319245577989271984900771702036328894579070742981008,78437930858508382358350445319245577989271984900771702036328894579070742981008,QmWtRxLd5w7uShLro9SNA2PuKxyHdByEmk7Z2Xtmuw4vx1,ops/cdn-retirement-phase2/step3/v3-docs/0xe46a41b840176b62983fc71162dc9faeac4d9bcb/78437930858508382358350445319245577989271984900771702036328894579070742981008.json
0xe46a41b840176b62983fc71162dc9faeac4d9bcb,65,13813618189176598346629425236645922063897053897097139878520767662417600093171,13813618189176598346629425236645922063897053897097139878520767662417600093171,QmVmbFr5Nd6rjBg8XDYMuVVfXKnt3aQ3CFYsnwGHGYixaT,ops/cdn-retirement-phase2/step3/v3-docs/0xe46a41b840176b62983fc71162dc9faeac4d9bcb/13813618189176598346629425236645922063897053897097139878520767662417600093171.json
0xe46a41b840176b62983fc71162dc9faeac4d9bcb,65,13942697208045564548826674043862131349970992431856416927987095618942688054447,13942697208045564548826674043862131349970992431856416927987095618942688054447,QmTTHKDWgL96AXjHViGTUZNmAzBMADCfprWhCLg9yvh5mg,ops/cdn-retirement-phase2/step3/v3-docs/0xe46a41b840176b62983fc71162dc9faeac4d9bcb/13942697208045564548826674043862131349970992431856416927987095618942688054447.json
0xe46a41b840176b62983fc71162dc9faeac4d9bcb,65,4747622386996134347530103051137512757478489873315040866696710228902591236964,4747622386996134347530103051137512757478489873315040866696710228902591236964,QmNbVAtryaLPSqiSh9swDWsWNBREJxg6tsgazxjS9CMCUp,ops/cdn-retirement-phase2/step3/v3-docs/0xe46a41b840176b62983fc71162dc9faeac4d9bcb/4747622386996134347530103051137512757478489873315040866696710228902591236964.json
0xe46a41b840176b62983fc71162dc9faeac4d9bcb,65,55660547781039109394205850530512155734259629331182394149210777298302840103693,55660547781039109394205850530512155734259629331182394149210777298302840103693,QmViDpvkWfRTHQrqgVpZoNQnKEw625afhLnf7uJJAW5Qbd,ops/cdn-retirement-phase2/step3/v3-docs/0xe46a41b840176b62983fc71162dc9faeac4d9bcb/55660547781039109394205850530512155734259629331182394149210777298302840103693.json
0xe46a41b840176b62983fc71162dc9faeac4d9bcb,65,58987192466841004628201111767945836073083865759174394385352028392528079468152,58987192466841004628201111767945836073083865759174394385352028392528079468152,QmQQYFUw69FMaTS64zHUcxU56rEGTSgFNK3vtv6FxxTsqr,ops/cdn-retirement-phase2/step3/v3-docs/0xe46a41b840176b62983fc71162dc9faeac4d9bcb/58987192466841004628201111767945836073083865759174394385352028392528079468152.json
0xe46a41b840176b62983fc71162dc9faeac4d9bcb,65,61029430091907876109464895555898745746405742165657134445147979806674543220554,61029430091907876109464895555898745746405742165657134445147979806674543220554,QmQp4jPqccha5sbLBpwNPyNjC3xA5wx3sWUsoKt7AjD9mB,ops/cdn-retirement-phase2/step3/v3-docs/0xe46a41b840176b62983fc71162dc9faeac4d9bcb/61029430091907876109464895555898745746405742165657134445147979806674543220554.json
0xe46a41b840176b62983fc71162dc9faeac4d9bcb,65,78437930858508382358350445319245577989271984900771702036328894579070742981009,78437930858508382358350445319245577989271984900771702036328894579070742981009,QmSMSdSJa31AgDTTh9SDq7Q9y4uY2BukLbpkwQuAN8MSxZ,ops/cdn-retirement-phase2/step3/v3-docs/0xe46a41b840176b62983fc71162dc9faeac4d9bcb/78437930858508382358350445319245577989271984900771702036328894579070742981009.json
0xe46a41b840176b62983fc71162dc9faeac4d9bcb,66,13813618189176598346629425236645922063897053897097139878520767662417600093172,13813618189176598346629425236645922063897053897097139878520767662417600093172,QmUN8guHATv7CUizLiQSMMMoiqNxrXuPUg4cKNvPFKEip7,ops/cdn-retirement-phase2/step3/v3-docs/0xe46a41b840176b62983fc71162dc9faeac4d9bcb/13813618189176598346629425236645922063897053897097139878520767662417600093172.json
0xe46a41b840176b62983fc71162dc9faeac4d9bcb,66,13942697208045564548826674043862131349970992431856416927987095618942688054448,13942697208045564548826674043862131349970992431856416927987095618942688054448,QmaPPTm4h9XrXcZ2Mq2rdzJovfCRaJ5JUsucLqcNgk6bDf,ops/cdn-retirement-phase2/step3/v3-docs/0xe46a41b840176b62983fc71162dc9faeac4d9bcb/13942697208045564548826674043862131349970992431856416927987095618942688054448.json
0xe46a41b840176b62983fc71162dc9faeac4d9bcb,66,4747622386996134347530103051137512757478489873315040866696710228902591236965,4747622386996134347530103051137512757478489873315040866696710228902591236965,QmVo3vFZQFqbreXFdPXqpK2SqwagJUSrjMjRU1HpzWxN4p,ops/cdn-retirement-phase2/step3/v3-docs/0xe46a41b840176b62983fc71162dc9faeac4d9bcb/4747622386996134347530103051137512757478489873315040866696710228902591236965.json
0xe46a41b840176b62983fc71162dc9faeac4d9bcb,66,55660547781039109394205850530512155734259629331182394149210777298302840103694,55660547781039109394205850530512155734259629331182394149210777298302840103694,QmWKHoXNQmFptr9wdaCvmqQwKChwnwowKBZZzxuQpNYnzA,ops/cdn-retirement-phase2/step3/v3-docs/0xe46a41b840176b62983fc71162dc9faeac4d9bcb/55660547781039109394205850530512155734259629331182394149210777298302840103694.json
0xe46a41b840176b62983fc71162dc9faeac4d9bcb,66,58987192466841004628201111767945836073083865759174394385352028392528079468153,58987192466841004628201111767945836073083865759174394385352028392528079468153,Qmc6UyDzTysXGF3ybABRuFb8CfKgNqSDHm63YQ1UcKzMaZ,ops/cdn-retirement-phase2/step3/v3-docs/0xe46a41b840176b62983fc71162dc9faeac4d9bcb/58987192466841004628201111767945836073083865759174394385352028392528079468153.json
0xe46a41b840176b62983fc71162dc9faeac4d9bcb,66,61029430091907876109464895555898745746405742165657134445147979806674543220555,61029430091907876109464895555898745746405742165657134445147979806674543220555,QmfP49yPJZTaiBEL7HrZjrryjYaN8uv5zHojAny1457JVY,ops/cdn-retirement-phase2/step3/v3-docs/0xe46a41b840176b62983fc71162dc9faeac4d9bcb/61029430091907876109464895555898745746405742165657134445147979806674543220555.json
0xe46a41b840176b62983fc71162dc9faeac4d9bcb,66,78437930858508382358350445319245577989271984900771702036328894579070742981010,78437930858508382358350445319245577989271984900771702036328894579070742981010,Qmc6vpvoTb6bD5PrtsZG2D4jDNcSZDrGpuqH3xLRzUf3ZG,ops/cdn-retirement-phase2/step3/v3-docs/0xe46a41b840176b62983fc71162dc9faeac4d9bcb/78437930858508382358350445319245577989271984900771702036328894579070742981010.json
0xe46a41b840176b62983fc71162dc9faeac4d9bcb,67,13813618189176598346629425236645922063897053897097139878520767662417600093173,13813618189176598346629425236645922063897053897097139878520767662417600093173,QmPV872nXvVLHamjT9r4sYej7AVH6zGhgFvf3D56GdfejS,ops/cdn-retirement-phase2/step3/v3-docs/0xe46a41b840176b62983fc71162dc9faeac4d9bcb/13813618189176598346629425236645922063897053897097139878520767662417600093173.json
0xe46a41b840176b62983fc71162dc9faeac4d9bcb,67,13942697208045564548826674043862131349970992431856416927987095618942688054449,13942697208045564548826674043862131349970992431856416927987095618942688054449,QmNpsHhHSXHKxn8xFuPMMPfa9Qo9bMj6kHgtbSiNBCVmxA,ops/cdn-retirement-phase2/step3/v3-docs/0xe46a41b840176b62983fc71162dc9faeac4d9bcb/13942697208045564548826674043862131349970992431856416927987095618942688054449.json
0xe46a41b840176b62983fc71162dc9faeac4d9bcb,67,4747622386996134347530103051137512757478489873315040866696710228902591236966,4747622386996134347530103051137512757478489873315040866696710228902591236966,QmSd5niR7SMRkjpvUQWrx6yZYvEPdhhfy5L1YUHAuRHu99,ops/cdn-retirement-phase2/step3/v3-docs/0xe46a41b840176b62983fc71162dc9faeac4d9bcb/4747622386996134347530103051137512757478489873315040866696710228902591236966.json
0xe46a41b840176b62983fc71162dc9faeac4d9bcb,67,55660547781039109394205850530512155734259629331182394149210777298302840103695,55660547781039109394205850530512155734259629331182394149210777298302840103695,QmbUKmd2UPJGA3CLX2TkDba8JkdDfeUWkmKquCo3iuoBZE,ops/cdn-retirement-phase2/step3/v3-docs/0xe46a41b840176b62983fc71162dc9faeac4d9bcb/55660547781039109394205850530512155734259629331182394149210777298302840103695.json
0xe46a41b840176b62983fc71162dc9faeac4d9bcb,67,58987192466841004628201111767945836073083865759174394385352028392528079468154,58987192466841004628201111767945836073083865759174394385352028392528079468154,QmTAra1yqoK9gyjMQakc53FrbPks3LWUWRrhxeKxTQDDVo,ops/cdn-retirement-phase2/step3/v3-docs/0xe46a41b840176b62983fc71162dc9faeac4d9bcb/58987192466841004628201111767945836073083865759174394385352028392528079468154.json
0xe46a41b840176b62983fc71162dc9faeac4d9bcb,67,61029430091907876109464895555898745746405742165657134445147979806674543220556,61029430091907876109464895555898745746405742165657134445147979806674543220556,QmQUjNFvtUiQyxPAiM7hCph4YVKyrmMPdHfreuGU9W3EME,ops/cdn-retirement-phase2/step3/v3-docs/0xe46a41b840176b62983fc71162dc9faeac4d9bcb/61029430091907876109464895555898745746405742165657134445147979806674543220556.json
0xe46a41b840176b62983fc71162dc9faeac4d9bcb,67,78437930858508382358350445319245577989271984900771702036328894579070742981011,78437930858508382358350445319245577989271984900771702036328894579070742981011,QmSxwtXnf7WfyETirx1BfbZQJxDrgwaTcf3gLxmrBNiG4L,ops/cdn-retirement-phase2/step3/v3-docs/0xe46a41b840176b62983fc71162dc9faeac4d9bcb/78437930858508382358350445319245577989271984900771702036328894579070742981011.json
0xe46a41b840176b62983fc71162dc9faeac4d9bcb,68,13813618189176598346629425236645922063897053897097139878520767662417600093174,13813618189176598346629425236645922063897053897097139878520767662417600093174,QmYQBQCpXb5tENNGkwfrcPsxSrwQpDSXRCuMLT81BsDN3r,ops/cdn-retirement-phase2/step3/v3-docs/0xe46a41b840176b62983fc71162dc9faeac4d9bcb/13813618189176598346629425236645922063897053897097139878520767662417600093174.json
0xe46a41b840176b62983fc71162dc9faeac4d9bcb,68,13942697208045564548826674043862131349970992431856416927987095618942688054450,13942697208045564548826674043862131349970992431856416927987095618942688054450,QmcxJ9cjrw8hEGC3HthXkjtHZeS9sdjCQVHmtZ9cerydH1,ops/cdn-retirement-phase2/step3/v3-docs/0xe46a41b840176b62983fc71162dc9faeac4d9bcb/13942697208045564548826674043862131349970992431856416927987095618942688054450.json
0xe46a41b840176b62983fc71162dc9faeac4d9bcb,68,4747622386996134347530103051137512757478489873315040866696710228902591236967,4747622386996134347530103051137512757478489873315040866696710228902591236967,QmZpKWUqY8gNUCbU3zp4SLScf3Paw6WqehnURy75RaQnmX,ops/cdn-retirement-phase2/step3/v3-docs/0xe46a41b840176b62983fc71162dc9faeac4d9bcb/4747622386996134347530103051137512757478489873315040866696710228902591236967.json
0xe46a41b840176b62983fc71162dc9faeac4d9bcb,68,55660547781039109394205850530512155734259629331182394149210777298302840103696,55660547781039109394205850530512155734259629331182394149210777298302840103696,QmUDXRuwzTctoMP8Qpvtmm9EhHnndDqvSJL44pbEpTrfqc,ops/cdn-retirement-phase2/step3/v3-docs/0xe46a41b840176b62983fc71162dc9faeac4d9bcb/55660547781039109394205850530512155734259629331182394149210777298302840103696.json
0xe46a41b840176b62983fc71162dc9faeac4d9bcb,68,58987192466841004628201111767945836073083865759174394385352028392528079468155,58987192466841004628201111767945836073083865759174394385352028392528079468155,QmSgSL1LzZ1DdxqFmh5WvmD5uGcfZCVJJtG8byB1gA89ZG,ops/cdn-retirement-phase2/step3/v3-docs/0xe46a41b840176b62983fc71162dc9faeac4d9bcb/58987192466841004628201111767945836073083865759174394385352028392528079468155.json
0xe46a41b840176b62983fc71162dc9faeac4d9bcb,68,61029430091907876109464895555898745746405742165657134445147979806674543220557,61029430091907876109464895555898745746405742165657134445147979806674543220557,QmXpARZXKwXMU31MSV9VAX8oMStodsVgMN6HkoppgfGQdt,ops/cdn-retirement-phase2/step3/v3-docs/0xe46a41b840176b62983fc71162dc9faeac4d9bcb/61029430091907876109464895555898745746405742165657134445147979806674543220557.json
0xe46a41b840176b62983fc71162dc9faeac4d9bcb,68,78437930858508382358350445319245577989271984900771702036328894579070742981012,78437930858508382358350445319245577989271984900771702036328894579070742981012,QmYWVfh9i7Ca9aN2jnVKg4Jo9mLnfzQMWMDXEsKbKu672G,ops/cdn-retirement-phase2/step3/v3-docs/0xe46a41b840176b62983fc71162dc9faeac4d9bcb/78437930858508382358350445319245577989271984900771702036328894579070742981012.json
0xe46a41b840176b62983fc71162dc9faeac4d9bcb,69,13813618189176598346629425236645922063897053897097139878520767662417600093175,13813618189176598346629425236645922063897053897097139878520767662417600093175,QmWRouGcAEgxEtAkWv2d2ZmDdqj4ZP5PYsjxfFtMZXt4C2,ops/cdn-retirement-phase2/step3/v3-docs/0xe46a41b840176b62983fc71162dc9faeac4d9bcb/13813618189176598346629425236645922063897053897097139878520767662417600093175.json
0xe46a41b840176b62983fc71162dc9faeac4d9bcb,69,13942697208045564548826674043862131349970992431856416927987095618942688054451,13942697208045564548826674043862131349970992431856416927987095618942688054451,QmfYn5nBqF1pAdmQrFw9LrHGQKuyNxrZKoKSLJoxWxXGv2,ops/cdn-retirement-phase2/step3/v3-docs/0xe46a41b840176b62983fc71162dc9faeac4d9bcb/13942697208045564548826674043862131349970992431856416927987095618942688054451.json
0xe46a41b840176b62983fc71162dc9faeac4d9bcb,69,4747622386996134347530103051137512757478489873315040866696710228902591236968,4747622386996134347530103051137512757478489873315040866696710228902591236968,QmSLtTTonui31N2J7rkWhqhRyoXEMW618KedwgTtZd4pny,ops/cdn-retirement-phase2/step3/v3-docs/0xe46a41b840176b62983fc71162dc9faeac4d9bcb/4747622386996134347530103051137512757478489873315040866696710228902591236968.json
0xe46a41b840176b62983fc71162dc9faeac4d9bcb,69,55660547781039109394205850530512155734259629331182394149210777298302840103697,55660547781039109394205850530512155734259629331182394149210777298302840103697,QmeE3SeLEQ97BNyYYc5kPmMfUDRZeQsa2KhfZMd6e7SBh3,ops/cdn-retirement-phase2/step3/v3-docs/0xe46a41b840176b62983fc71162dc9faeac4d9bcb/55660547781039109394205850530512155734259629331182394149210777298302840103697.json
0xe46a41b840176b62983fc71162dc9faeac4d9bcb,69,58987192466841004628201111767945836073083865759174394385352028392528079468156,58987192466841004628201111767945836073083865759174394385352028392528079468156,Qmaro9MPetBmpWKuyqDXNaKvrBSGWFttaE28i5SrmjJ4Xj,ops/cdn-retirement-phase2/step3/v3-docs/0xe46a41b840176b62983fc71162dc9faeac4d9bcb/58987192466841004628201111767945836073083865759174394385352028392528079468156.json
0xe46a41b840176b62983fc71162dc9faeac4d9bcb,69,61029430091907876109464895555898745746405742165657134445147979806674543220558,61029430091907876109464895555898745746405742165657134445147979806674543220558,Qmbzcs9hhjxdB3GHExXcRLGBt2z8d4RK9nwhBucMmnu2Qp,ops/cdn-retirement-phase2/step3/v3-docs/0xe46a41b840176b62983fc71162dc9faeac4d9bcb/61029430091907876109464895555898745746405742165657134445147979806674543220558.json
0xe46a41b840176b62983fc71162dc9faeac4d9bcb,69,78437930858508382358350445319245577989271984900771702036328894579070742981013,78437930858508382358350445319245577989271984900771702036328894579070742981013,QmSy8ToQYyVp7L7neqTewsavx2QHDB4ZHsanAiWFjmf7g9,ops/cdn-retirement-phase2/step3/v3-docs/0xe46a41b840176b62983fc71162dc9faeac4d9bcb/78437930858508382358350445319245577989271984900771702036328894579070742981013.json
0xe46a41b840176b62983fc71162dc9faeac4d9bcb,7,13813618189176598346629425236645922063897053897097139878520767662417600093113,13813618189176598346629425236645922063897053897097139878520767662417600093113,QmUHBW36D6wmJsFv2A1HR4W4CS55FB7XCvxjLGjhvV9rcB,ops/cdn-retirement-phase2/step3/v3-docs/0xe46a41b840176b62983fc71162dc9faeac4d9bcb/13813618189176598346629425236645922063897053897097139878520767662417600093113.json
0xe46a41b840176b62983fc71162dc9faeac4d9bcb,7,13942697208045564548826674043862131349970992431856416927987095618942688054389,13942697208045564548826674043862131349970992431856416927987095618942688054389,Qmeos8AvrSWTyTUQFmuKtdYCbp8noxT1y42z6XFAb3GUh5,ops/cdn-retirement-phase2/step3/v3-docs/0xe46a41b840176b62983fc71162dc9faeac4d9bcb/13942697208045564548826674043862131349970992431856416927987095618942688054389.json
0xe46a41b840176b62983fc71162dc9faeac4d9bcb,7,4747622386996134347530103051137512757478489873315040866696710228902591236906,4747622386996134347530103051137512757478489873315040866696710228902591236906,QmTUDqYkgaHE32RLuAzUdbBaexW8jew3zaMcceeXuX7XGA,ops/cdn-retirement-phase2/step3/v3-docs/0xe46a41b840176b62983fc71162dc9faeac4d9bcb/4747622386996134347530103051137512757478489873315040866696710228902591236906.json
0xe46a41b840176b62983fc71162dc9faeac4d9bcb,7,55660547781039109394205850530512155734259629331182394149210777298302840103635,55660547781039109394205850530512155734259629331182394149210777298302840103635,QmU37xDb5j4qnRcBwja3eSrj2tE89gHr58pcwwAkyDbhKK,ops/cdn-retirement-phase2/step3/v3-docs/0xe46a41b840176b62983fc71162dc9faeac4d9bcb/55660547781039109394205850530512155734259629331182394149210777298302840103635.json
0xe46a41b840176b62983fc71162dc9faeac4d9bcb,7,58987192466841004628201111767945836073083865759174394385352028392528079468094,58987192466841004628201111767945836073083865759174394385352028392528079468094,QmZ3UduaF3jbZFopZqp1VMRGwTqTssZTusFenFH3fssDNP,ops/cdn-retirement-phase2/step3/v3-docs/0xe46a41b840176b62983fc71162dc9faeac4d9bcb/58987192466841004628201111767945836073083865759174394385352028392528079468094.json
0xe46a41b840176b62983fc71162dc9faeac4d9bcb,7,61029430091907876109464895555898745746405742165657134445147979806674543220496,61029430091907876109464895555898745746405742165657134445147979806674543220496,QmPj1PuNcV3VmqoYo8wYK832uhnQdLKY3nBNQ9LCRW1RHu,ops/cdn-retirement-phase2/step3/v3-docs/0xe46a41b840176b62983fc71162dc9faeac4d9bcb/61029430091907876109464895555898745746405742165657134445147979806674543220496.json
0xe46a41b840176b62983fc71162dc9faeac4d9bcb,7,78437930858508382358350445319245577989271984900771702036328894579070742980951,78437930858508382358350445319245577989271984900771702036328894579070742980951,Qma81j2EE1rPqhXwTMjvq6AdpA6Qj1NaiHfkfjUw3gTi5n,ops/cdn-retirement-phase2/step3/v3-docs/0xe46a41b840176b62983fc71162dc9faeac4d9bcb/78437930858508382358350445319245577989271984900771702036328894579070742980951.json
0xe46a41b840176b62983fc71162dc9faeac4d9bcb,70,13813618189176598346629425236645922063897053897097139878520767662417600093176,13813618189176598346629425236645922063897053897097139878520767662417600093176,QmbCvvR4CTGRNdPNzxG2bhDnQurmTG94SyMZnXyBbDNRd9,ops/cdn-retirement-phase2/step3/v3-docs/0xe46a41b840176b62983fc71162dc9faeac4d9bcb/13813618189176598346629425236645922063897053897097139878520767662417600093176.json
0xe46a41b840176b62983fc71162dc9faeac4d9bcb,70,13942697208045564548826674043862131349970992431856416927987095618942688054452,13942697208045564548826674043862131349970992431856416927987095618942688054452,QmTZyN8JBSQeQ4D665NKuaso8e9BipQFSUaaGaHdogHqmy,ops/cdn-retirement-phase2/step3/v3-docs/0xe46a41b840176b62983fc71162dc9faeac4d9bcb/13942697208045564548826674043862131349970992431856416927987095618942688054452.json
0xe46a41b840176b62983fc71162dc9faeac4d9bcb,70,4747622386996134347530103051137512757478489873315040866696710228902591236969,4747622386996134347530103051137512757478489873315040866696710228902591236969,QmXYBWRkeQmaa28WeTguLUPLPEtaqae9Tbmqo8AQiJwiiF,ops/cdn-retirement-phase2/step3/v3-docs/0xe46a41b840176b62983fc71162dc9faeac4d9bcb/4747622386996134347530103051137512757478489873315040866696710228902591236969.json
0xe46a41b840176b62983fc71162dc9faeac4d9bcb,70,55660547781039109394205850530512155734259629331182394149210777298302840103698,55660547781039109394205850530512155734259629331182394149210777298302840103698,QmQfMoEfy19FmHvpmhQiZCDtKreA3XtmrEvfSAt6i6nosJ,ops/cdn-retirement-phase2/step3/v3-docs/0xe46a41b840176b62983fc71162dc9faeac4d9bcb/55660547781039109394205850530512155734259629331182394149210777298302840103698.json
0xe46a41b840176b62983fc71162dc9faeac4d9bcb,70,58987192466841004628201111767945836073083865759174394385352028392528079468157,58987192466841004628201111767945836073083865759174394385352028392528079468157,QmdvX6xvWhoG5djtFyx7NiRiYrb7mtPMyCiSdNZyP4uekr,ops/cdn-retirement-phase2/step3/v3-docs/0xe46a41b840176b62983fc71162dc9faeac4d9bcb/58987192466841004628201111767945836073083865759174394385352028392528079468157.json
0xe46a41b840176b62983fc71162dc9faeac4d9bcb,70,61029430091907876109464895555898745746405742165657134445147979806674543220559,61029430091907876109464895555898745746405742165657134445147979806674543220559,QmVwCkKpjaVaJMhjsAvHb8xrJEayx6xrdyUGzVV4vLtdfa,ops/cdn-retirement-phase2/step3/v3-docs/0xe46a41b840176b62983fc71162dc9faeac4d9bcb/61029430091907876109464895555898745746405742165657134445147979806674543220559.json
0xe46a41b840176b62983fc71162dc9faeac4d9bcb,70,78437930858508382358350445319245577989271984900771702036328894579070742981014,78437930858508382358350445319245577989271984900771702036328894579070742981014,QmZFQAYrn3mkqBJYqzHjQVnqRTZx8C32139dAJytj6CidE,ops/cdn-retirement-phase2/step3/v3-docs/0xe46a41b840176b62983fc71162dc9faeac4d9bcb/78437930858508382358350445319245577989271984900771702036328894579070742981014.json
0xe46a41b840176b62983fc71162dc9faeac4d9bcb,71,13813618189176598346629425236645922063897053897097139878520767662417600093177,13813618189176598346629425236645922063897053897097139878520767662417600093177,QmXZajcQgdkUWP8FNfoJ2uPdgqYz2iCKtee9z4qnXTrLdB,ops/cdn-retirement-phase2/step3/v3-docs/0xe46a41b840176b62983fc71162dc9faeac4d9bcb/13813618189176598346629425236645922063897053897097139878520767662417600093177.json
0xe46a41b840176b62983fc71162dc9faeac4d9bcb,71,13942697208045564548826674043862131349970992431856416927987095618942688054453,13942697208045564548826674043862131349970992431856416927987095618942688054453,QmThcXLWgJfVf4sDh7UteNHCsg7id7DTj2eqmvBPgZnbBs,ops/cdn-retirement-phase2/step3/v3-docs/0xe46a41b840176b62983fc71162dc9faeac4d9bcb/13942697208045564548826674043862131349970992431856416927987095618942688054453.json
0xe46a41b840176b62983fc71162dc9faeac4d9bcb,71,4747622386996134347530103051137512757478489873315040866696710228902591236970,4747622386996134347530103051137512757478489873315040866696710228902591236970,QmZYaoYL2tMurf1s6n6erGqPPmbuMN8oU3bWuVxiFTS7Nj,ops/cdn-retirement-phase2/step3/v3-docs/0xe46a41b840176b62983fc71162dc9faeac4d9bcb/4747622386996134347530103051137512757478489873315040866696710228902591236970.json
0xe46a41b840176b62983fc71162dc9faeac4d9bcb,71,55660547781039109394205850530512155734259629331182394149210777298302840103699,55660547781039109394205850530512155734259629331182394149210777298302840103699,Qmf57D3pmCyt2cKVwXX9J1bwotWww5vGvSAabbUoyUgpdP,ops/cdn-retirement-phase2/step3/v3-docs/0xe46a41b840176b62983fc71162dc9faeac4d9bcb/55660547781039109394205850530512155734259629331182394149210777298302840103699.json
0xe46a41b840176b62983fc71162dc9faeac4d9bcb,71,58987192466841004628201111767945836073083865759174394385352028392528079468158,58987192466841004628201111767945836073083865759174394385352028392528079468158,QmPXktFdFUz7KkHDtWcQaijfKcg4UoWcuSE2XHGweGebB4,ops/cdn-retirement-phase2/step3/v3-docs/0xe46a41b840176b62983fc71162dc9faeac4d9bcb/58987192466841004628201111767945836073083865759174394385352028392528079468158.json
0xe46a41b840176b62983fc71162dc9faeac4d9bcb,71,61029430091907876109464895555898745746405742165657134445147979806674543220560,61029430091907876109464895555898745746405742165657134445147979806674543220560,QmXXHR7FzTXBT7t43r6utrZtTndkgQsdkdeCYUzwxiRS81,ops/cdn-retirement-phase2/step3/v3-docs/0xe46a41b840176b62983fc71162dc9faeac4d9bcb/61029430091907876109464895555898745746405742165657134445147979806674543220560.json
0xe46a41b840176b62983fc71162dc9faeac4d9bcb,71,78437930858508382358350445319245577989271984900771702036328894579070742981015,78437930858508382358350445319245577989271984900771702036328894579070742981015,QmNN9WiPo7k374R5dXipZRxhPkobZyWKYwZbinYuFMCw5L,ops/cdn-retirement-phase2/step3/v3-docs/0xe46a41b840176b62983fc71162dc9faeac4d9bcb/78437930858508382358350445319245577989271984900771702036328894579070742981015.json
0xe46a41b840176b62983fc71162dc9faeac4d9bcb,72,13813618189176598346629425236645922063897053897097139878520767662417600093178,13813618189176598346629425236645922063897053897097139878520767662417600093178,QmSAp8B3jCVu8qTCKHdUD9iPMMeHzdDGuDaiN277YDULWr,ops/cdn-retirement-phase2/step3/v3-docs/0xe46a41b840176b62983fc71162dc9faeac4d9bcb/13813618189176598346629425236645922063897053897097139878520767662417600093178.json
0xe46a41b840176b62983fc71162dc9faeac4d9bcb,72,13942697208045564548826674043862131349970992431856416927987095618942688054454,13942697208045564548826674043862131349970992431856416927987095618942688054454,Qma6v6NGHKX9XcvcifJbnTDLesfN8EeX1L1fTsvMy1ixA3,ops/cdn-retirement-phase2/step3/v3-docs/0xe46a41b840176b62983fc71162dc9faeac4d9bcb/13942697208045564548826674043862131349970992431856416927987095618942688054454.json
0xe46a41b840176b62983fc71162dc9faeac4d9bcb,72,4747622386996134347530103051137512757478489873315040866696710228902591236971,4747622386996134347530103051137512757478489873315040866696710228902591236971,QmR66HoEnjN3uCHQLB756TT59PDVewFwDNCMYU6TNrLFhC,ops/cdn-retirement-phase2/step3/v3-docs/0xe46a41b840176b62983fc71162dc9faeac4d9bcb/4747622386996134347530103051137512757478489873315040866696710228902591236971.json
0xe46a41b840176b62983fc71162dc9faeac4d9bcb,72,55660547781039109394205850530512155734259629331182394149210777298302840103700,55660547781039109394205850530512155734259629331182394149210777298302840103700,QmP5Z51sYkRBjmbtJkXwfYrzmmWxzKHyBKYnpxLUSk461y,ops/cdn-retirement-phase2/step3/v3-docs/0xe46a41b840176b62983fc71162dc9faeac4d9bcb/55660547781039109394205850530512155734259629331182394149210777298302840103700.json
0xe46a41b840176b62983fc71162dc9faeac4d9bcb,72,58987192466841004628201111767945836073083865759174394385352028392528079468159,58987192466841004628201111767945836073083865759174394385352028392528079468159,QmcQw1Dhyq9RKTvxRa9aesbHxqCmgWaeex7FxMREZWp5vF,ops/cdn-retirement-phase2/step3/v3-docs/0xe46a41b840176b62983fc71162dc9faeac4d9bcb/58987192466841004628201111767945836073083865759174394385352028392528079468159.json
0xe46a41b840176b62983fc71162dc9faeac4d9bcb,72,61029430091907876109464895555898745746405742165657134445147979806674543220561,61029430091907876109464895555898745746405742165657134445147979806674543220561,QmYeV6Kwfbet6UNEqES4JAxt1bCTKTFHhjPV1BYJxdc5UT,ops/cdn-retirement-phase2/step3/v3-docs/0xe46a41b840176b62983fc71162dc9faeac4d9bcb/61029430091907876109464895555898745746405742165657134445147979806674543220561.json
0xe46a41b840176b62983fc71162dc9faeac4d9bcb,72,78437930858508382358350445319245577989271984900771702036328894579070742981016,78437930858508382358350445319245577989271984900771702036328894579070742981016,Qmd5hsXaUcCqeT8vTv5RQLVt6yiEkE7rgnUzNpxic1aTLk,ops/cdn-retirement-phase2/step3/v3-docs/0xe46a41b840176b62983fc71162dc9faeac4d9bcb/78437930858508382358350445319245577989271984900771702036328894579070742981016.json
0xe46a41b840176b62983fc71162dc9faeac4d9bcb,73,13813618189176598346629425236645922063897053897097139878520767662417600093179,13813618189176598346629425236645922063897053897097139878520767662417600093179,QmecHjTy1Xxq2icF6QuimAFXLLG18ABNJM652n4DNGmW6H,ops/cdn-retirement-phase2/step3/v3-docs/0xe46a41b840176b62983fc71162dc9faeac4d9bcb/13813618189176598346629425236645922063897053897097139878520767662417600093179.json
0xe46a41b840176b62983fc71162dc9faeac4d9bcb,73,13942697208045564548826674043862131349970992431856416927987095618942688054455,13942697208045564548826674043862131349970992431856416927987095618942688054455,Qmbdue3TeASZhHGc12CLBghjkLQytsLuoKpr5vZtoHKzen,ops/cdn-retirement-phase2/step3/v3-docs/0xe46a41b840176b62983fc71162dc9faeac4d9bcb/13942697208045564548826674043862131349970992431856416927987095618942688054455.json
0xe46a41b840176b62983fc71162dc9faeac4d9bcb,73,4747622386996134347530103051137512757478489873315040866696710228902591236972,4747622386996134347530103051137512757478489873315040866696710228902591236972,QmTidJw8LxVJK8HweywBxBbS1eYFAKoXN777vTQs5iei7T,ops/cdn-retirement-phase2/step3/v3-docs/0xe46a41b840176b62983fc71162dc9faeac4d9bcb/4747622386996134347530103051137512757478489873315040866696710228902591236972.json
0xe46a41b840176b62983fc71162dc9faeac4d9bcb,73,55660547781039109394205850530512155734259629331182394149210777298302840103701,55660547781039109394205850530512155734259629331182394149210777298302840103701,QmehGy75UAv2SVqtJmutDSeTz1CnKE3qAgNSxbMwcEfXR5,ops/cdn-retirement-phase2/step3/v3-docs/0xe46a41b840176b62983fc71162dc9faeac4d9bcb/55660547781039109394205850530512155734259629331182394149210777298302840103701.json
0xe46a41b840176b62983fc71162dc9faeac4d9bcb,73,58987192466841004628201111767945836073083865759174394385352028392528079468160,58987192466841004628201111767945836073083865759174394385352028392528079468160,QmXAcxGmxwVoFyo6Ex24WT5grvD1sanSPFdwWYgsccqFUD,ops/cdn-retirement-phase2/step3/v3-docs/0xe46a41b840176b62983fc71162dc9faeac4d9bcb/58987192466841004628201111767945836073083865759174394385352028392528079468160.json
0xe46a41b840176b62983fc71162dc9faeac4d9bcb,73,61029430091907876109464895555898745746405742165657134445147979806674543220562,61029430091907876109464895555898745746405742165657134445147979806674543220562,QmbFd6pjZa14cZXkV5KJEvq69faQmJQrU9Sec85NBAb2WB,ops/cdn-retirement-phase2/step3/v3-docs/0xe46a41b840176b62983fc71162dc9faeac4d9bcb/61029430091907876109464895555898745746405742165657134445147979806674543220562.json
0xe46a41b840176b62983fc71162dc9faeac4d9bcb,73,78437930858508382358350445319245577989271984900771702036328894579070742981017,78437930858508382358350445319245577989271984900771702036328894579070742981017,QmXGUsNbR5KcAZGveAeZJXZbsBRiCU3uUW1pS9aZs4Pak1,ops/cdn-retirement-phase2/step3/v3-docs/0xe46a41b840176b62983fc71162dc9faeac4d9bcb/78437930858508382358350445319245577989271984900771702036328894579070742981017.json
0xe46a41b840176b62983fc71162dc9faeac4d9bcb,74,13813618189176598346629425236645922063897053897097139878520767662417600093180,13813618189176598346629425236645922063897053897097139878520767662417600093180,QmUajaLsUebmE6LrJiJa8duubbKVmwJ9Ng3Hq9AbEkWsPo,ops/cdn-retirement-phase2/step3/v3-docs/0xe46a41b840176b62983fc71162dc9faeac4d9bcb/13813618189176598346629425236645922063897053897097139878520767662417600093180.json
0xe46a41b840176b62983fc71162dc9faeac4d9bcb,74,13942697208045564548826674043862131349970992431856416927987095618942688054456,13942697208045564548826674043862131349970992431856416927987095618942688054456,QmW1i43CS4feSeQTHdWmrrpDC4fVdZvkCjaYYJzZ7Z7YMa,ops/cdn-retirement-phase2/step3/v3-docs/0xe46a41b840176b62983fc71162dc9faeac4d9bcb/13942697208045564548826674043862131349970992431856416927987095618942688054456.json
0xe46a41b840176b62983fc71162dc9faeac4d9bcb,74,4747622386996134347530103051137512757478489873315040866696710228902591236973,4747622386996134347530103051137512757478489873315040866696710228902591236973,QmZCPygsbvxXNknaRF5tvG4qJpdRzAxeuixzHMw93XCXUd,ops/cdn-retirement-phase2/step3/v3-docs/0xe46a41b840176b62983fc71162dc9faeac4d9bcb/4747622386996134347530103051137512757478489873315040866696710228902591236973.json
0xe46a41b840176b62983fc71162dc9faeac4d9bcb,74,55660547781039109394205850530512155734259629331182394149210777298302840103702,55660547781039109394205850530512155734259629331182394149210777298302840103702,QmXbV4TKCqA4kdK84a9hDp3aoxaf3YffBmi6bVBztaDhKU,ops/cdn-retirement-phase2/step3/v3-docs/0xe46a41b840176b62983fc71162dc9faeac4d9bcb/55660547781039109394205850530512155734259629331182394149210777298302840103702.json
0xe46a41b840176b62983fc71162dc9faeac4d9bcb,74,58987192466841004628201111767945836073083865759174394385352028392528079468161,58987192466841004628201111767945836073083865759174394385352028392528079468161,QmXyp6Ct7JYAqTXhPZJHMxcHa1Hf7CAZ1zy6qEwmPVS9zr,ops/cdn-retirement-phase2/step3/v3-docs/0xe46a41b840176b62983fc71162dc9faeac4d9bcb/58987192466841004628201111767945836073083865759174394385352028392528079468161.json
0xe46a41b840176b62983fc71162dc9faeac4d9bcb,74,61029430091907876109464895555898745746405742165657134445147979806674543220563,61029430091907876109464895555898745746405742165657134445147979806674543220563,QmaNwVky84Zqm1pvv3UgT7y7mNrZyfUnxvtTYxmAV6qPEk,ops/cdn-retirement-phase2/step3/v3-docs/0xe46a41b840176b62983fc71162dc9faeac4d9bcb/61029430091907876109464895555898745746405742165657134445147979806674543220563.json
0xe46a41b840176b62983fc71162dc9faeac4d9bcb,74,78437930858508382358350445319245577989271984900771702036328894579070742981018,78437930858508382358350445319245577989271984900771702036328894579070742981018,Qmb2R3jtwZLKCtRikrRh5qhuHL2Gih6VZHo4JqmDYQSG2g,ops/cdn-retirement-phase2/step3/v3-docs/0xe46a41b840176b62983fc71162dc9faeac4d9bcb/78437930858508382358350445319245577989271984900771702036328894579070742981018.json
0xe46a41b840176b62983fc71162dc9faeac4d9bcb,75,13813618189176598346629425236645922063897053897097139878520767662417600093181,13813618189176598346629425236645922063897053897097139878520767662417600093181,QmdrZJ7kXHxz4KPec1fXfZkEVRwRVp1PZExPhqkNgdBZHR,ops/cdn-retirement-phase2/step3/v3-docs/0xe46a41b840176b62983fc71162dc9faeac4d9bcb/13813618189176598346629425236645922063897053897097139878520767662417600093181.json
0xe46a41b840176b62983fc71162dc9faeac4d9bcb,75,13942697208045564548826674043862131349970992431856416927987095618942688054457,13942697208045564548826674043862131349970992431856416927987095618942688054457,QmbctQ7YBhYEf9L3BofguUa3k9S9EqA5KvZSmdJMyAZxcv,ops/cdn-retirement-phase2/step3/v3-docs/0xe46a41b840176b62983fc71162dc9faeac4d9bcb/13942697208045564548826674043862131349970992431856416927987095618942688054457.json
0xe46a41b840176b62983fc71162dc9faeac4d9bcb,75,4747622386996134347530103051137512757478489873315040866696710228902591236974,4747622386996134347530103051137512757478489873315040866696710228902591236974,QmahomAFcDTSD3pzY2uUGB5ERyQSJYs5JVuPULU1ksDfmn,ops/cdn-retirement-phase2/step3/v3-docs/0xe46a41b840176b62983fc71162dc9faeac4d9bcb/4747622386996134347530103051137512757478489873315040866696710228902591236974.json
0xe46a41b840176b62983fc71162dc9faeac4d9bcb,75,55660547781039109394205850530512155734259629331182394149210777298302840103703,55660547781039109394205850530512155734259629331182394149210777298302840103703,Qmb8KHzpQubFNqwks1rJBmCh7tM1dPKtzefQmGQdhfpmT4,ops/cdn-retirement-phase2/step3/v3-docs/0xe46a41b840176b62983fc71162dc9faeac4d9bcb/55660547781039109394205850530512155734259629331182394149210777298302840103703.json
0xe46a41b840176b62983fc71162dc9faeac4d9bcb,75,58987192466841004628201111767945836073083865759174394385352028392528079468162,58987192466841004628201111767945836073083865759174394385352028392528079468162,QmXhhJq2pwbKE1PG6YDwPXVTR7TrLk1khakUdmWwAeo9ET,ops/cdn-retirement-phase2/step3/v3-docs/0xe46a41b840176b62983fc71162dc9faeac4d9bcb/58987192466841004628201111767945836073083865759174394385352028392528079468162.json
0xe46a41b840176b62983fc71162dc9faeac4d9bcb,75,61029430091907876109464895555898745746405742165657134445147979806674543220564,61029430091907876109464895555898745746405742165657134445147979806674543220564,QmZjaLtHcsxbzBLYaacnHiTAtKT35qw6BEcZ8vS2Sc2G9r,ops/cdn-retirement-phase2/step3/v3-docs/0xe46a41b840176b62983fc71162dc9faeac4d9bcb/61029430091907876109464895555898745746405742165657134445147979806674543220564.json
0xe46a41b840176b62983fc71162dc9faeac4d9bcb,75,78437930858508382358350445319245577989271984900771702036328894579070742981019,78437930858508382358350445319245577989271984900771702036328894579070742981019,QmVewCt7PzSyVXGdrCvcxZVM1yMh7aeCgPHSkAAAhpsayQ,ops/cdn-retirement-phase2/step3/v3-docs/0xe46a41b840176b62983fc71162dc9faeac4d9bcb/78437930858508382358350445319245577989271984900771702036328894579070742981019.json
0xe46a41b840176b62983fc71162dc9faeac4d9bcb,76,13813618189176598346629425236645922063897053897097139878520767662417600093182,13813618189176598346629425236645922063897053897097139878520767662417600093182,QmS19YtPczzbA4c56iHvwChP36SkUovosTm4HwvEsrh2fH,ops/cdn-retirement-phase2/step3/v3-docs/0xe46a41b840176b62983fc71162dc9faeac4d9bcb/13813618189176598346629425236645922063897053897097139878520767662417600093182.json
0xe46a41b840176b62983fc71162dc9faeac4d9bcb,76,13942697208045564548826674043862131349970992431856416927987095618942688054458,13942697208045564548826674043862131349970992431856416927987095618942688054458,QmNhjgi225fa8dhXD59wv1Li7vTp4ZtHqNA5VBGCcXTHJT,ops/cdn-retirement-phase2/step3/v3-docs/0xe46a41b840176b62983fc71162dc9faeac4d9bcb/13942697208045564548826674043862131349970992431856416927987095618942688054458.json
0xe46a41b840176b62983fc71162dc9faeac4d9bcb,76,4747622386996134347530103051137512757478489873315040866696710228902591236975,4747622386996134347530103051137512757478489873315040866696710228902591236975,QmcUg5jxmVqL53VULVMYbWKjW4aqG3m4qdUdonPnMnz5g2,ops/cdn-retirement-phase2/step3/v3-docs/0xe46a41b840176b62983fc71162dc9faeac4d9bcb/4747622386996134347530103051137512757478489873315040866696710228902591236975.json
0xe46a41b840176b62983fc71162dc9faeac4d9bcb,76,55660547781039109394205850530512155734259629331182394149210777298302840103704,55660547781039109394205850530512155734259629331182394149210777298302840103704,QmXfMN9nshHoWxmVYK2897oTPqVjEyAqtUAtYVg4g7WJGG,ops/cdn-retirement-phase2/step3/v3-docs/0xe46a41b840176b62983fc71162dc9faeac4d9bcb/55660547781039109394205850530512155734259629331182394149210777298302840103704.json
0xe46a41b840176b62983fc71162dc9faeac4d9bcb,76,58987192466841004628201111767945836073083865759174394385352028392528079468163,58987192466841004628201111767945836073083865759174394385352028392528079468163,QmcTn6qKTVNczS1KEsVkYvr8z9YXCbXBQs7wcYAExmUGBs,ops/cdn-retirement-phase2/step3/v3-docs/0xe46a41b840176b62983fc71162dc9faeac4d9bcb/58987192466841004628201111767945836073083865759174394385352028392528079468163.json
0xe46a41b840176b62983fc71162dc9faeac4d9bcb,76,61029430091907876109464895555898745746405742165657134445147979806674543220565,61029430091907876109464895555898745746405742165657134445147979806674543220565,Qme8XKc7Qg67Vtvsm5CyYDiHu4Sm5ju2JAZVoMQaiG9uLL,ops/cdn-retirement-phase2/step3/v3-docs/0xe46a41b840176b62983fc71162dc9faeac4d9bcb/61029430091907876109464895555898745746405742165657134445147979806674543220565.json
0xe46a41b840176b62983fc71162dc9faeac4d9bcb,76,78437930858508382358350445319245577989271984900771702036328894579070742981020,78437930858508382358350445319245577989271984900771702036328894579070742981020,QmbcvbbzZRXnepox57hf9ENUos8TSWc6SQBDpS5tvjYh14,ops/cdn-retirement-phase2/step3/v3-docs/0xe46a41b840176b62983fc71162dc9faeac4d9bcb/78437930858508382358350445319245577989271984900771702036328894579070742981020.json
0xe46a41b840176b62983fc71162dc9faeac4d9bcb,77,13813618189176598346629425236645922063897053897097139878520767662417600093183,13813618189176598346629425236645922063897053897097139878520767662417600093183,QmSSJs4Th96gByjVa43HNb6z6FNuYQ9V5WZQpYBFrkPGd1,ops/cdn-retirement-phase2/step3/v3-docs/0xe46a41b840176b62983fc71162dc9faeac4d9bcb/13813618189176598346629425236645922063897053897097139878520767662417600093183.json
0xe46a41b840176b62983fc71162dc9faeac4d9bcb,77,13942697208045564548826674043862131349970992431856416927987095618942688054459,13942697208045564548826674043862131349970992431856416927987095618942688054459,QmZ1JgA3BKC51NCGXV8TDpdfCtwqUbNMoM5zfQXp1YbAru,ops/cdn-retirement-phase2/step3/v3-docs/0xe46a41b840176b62983fc71162dc9faeac4d9bcb/13942697208045564548826674043862131349970992431856416927987095618942688054459.json
0xe46a41b840176b62983fc71162dc9faeac4d9bcb,77,4747622386996134347530103051137512757478489873315040866696710228902591236976,4747622386996134347530103051137512757478489873315040866696710228902591236976,QmUWyzUMDJ85jre13aq1HzvK2cT6ExDb4N8F8h5wUWcRqT,ops/cdn-retirement-phase2/step3/v3-docs/0xe46a41b840176b62983fc71162dc9faeac4d9bcb/4747622386996134347530103051137512757478489873315040866696710228902591236976.json
0xe46a41b840176b62983fc71162dc9faeac4d9bcb,77,55660547781039109394205850530512155734259629331182394149210777298302840103705,55660547781039109394205850530512155734259629331182394149210777298302840103705,QmbNVbZCTeUwXBoordRcnukj9RQuUdvHa6RAxdRu7g7N1v,ops/cdn-retirement-phase2/step3/v3-docs/0xe46a41b840176b62983fc71162dc9faeac4d9bcb/55660547781039109394205850530512155734259629331182394149210777298302840103705.json
0xe46a41b840176b62983fc71162dc9faeac4d9bcb,77,58987192466841004628201111767945836073083865759174394385352028392528079468164,58987192466841004628201111767945836073083865759174394385352028392528079468164,QmWTAzCiTgnu8S4uMtcnf7Jzs8XnsMS3hh6fVWwjgc8uWM,ops/cdn-retirement-phase2/step3/v3-docs/0xe46a41b840176b62983fc71162dc9faeac4d9bcb/58987192466841004628201111767945836073083865759174394385352028392528079468164.json
0xe46a41b840176b62983fc71162dc9faeac4d9bcb,77,61029430091907876109464895555898745746405742165657134445147979806674543220566,61029430091907876109464895555898745746405742165657134445147979806674543220566,QmdVXW2ndYjAYE36U5TkzDhB2tVTamuy5RqtUjAqi2VgY3,ops/cdn-retirement-phase2/step3/v3-docs/0xe46a41b840176b62983fc71162dc9faeac4d9bcb/61029430091907876109464895555898745746405742165657134445147979806674543220566.json
0xe46a41b840176b62983fc71162dc9faeac4d9bcb,77,78437930858508382358350445319245577989271984900771702036328894579070742981021,78437930858508382358350445319245577989271984900771702036328894579070742981021,QmexSzSEbay8fQoyqd8gY2PLLqpe5fyQYhU3yyZbWnYWyU,ops/cdn-retirement-phase2/step3/v3-docs/0xe46a41b840176b62983fc71162dc9faeac4d9bcb/78437930858508382358350445319245577989271984900771702036328894579070742981021.json
0xe46a41b840176b62983fc71162dc9faeac4d9bcb,78,13813618189176598346629425236645922063897053897097139878520767662417600093184,13813618189176598346629425236645922063897053897097139878520767662417600093184,QmaARQndhzodzNH4mHcB3gzKuwn1na283C3JQsP3ceh2Ra,ops/cdn-retirement-phase2/step3/v3-docs/0xe46a41b840176b62983fc71162dc9faeac4d9bcb/13813618189176598346629425236645922063897053897097139878520767662417600093184.json
0xe46a41b840176b62983fc71162dc9faeac4d9bcb,78,13942697208045564548826674043862131349970992431856416927987095618942688054460,13942697208045564548826674043862131349970992431856416927987095618942688054460,Qme2X5uZvpyeMUmWzpitK8crDN55Taj5UfPHAvPqKbmQEQ,ops/cdn-retirement-phase2/step3/v3-docs/0xe46a41b840176b62983fc71162dc9faeac4d9bcb/13942697208045564548826674043862131349970992431856416927987095618942688054460.json
0xe46a41b840176b62983fc71162dc9faeac4d9bcb,78,4747622386996134347530103051137512757478489873315040866696710228902591236977,4747622386996134347530103051137512757478489873315040866696710228902591236977,QmT61dZjSGcgGw42AFHLsVZ7krVzDCj8QGd5m7dpT8EvvH,ops/cdn-retirement-phase2/step3/v3-docs/0xe46a41b840176b62983fc71162dc9faeac4d9bcb/4747622386996134347530103051137512757478489873315040866696710228902591236977.json
0xe46a41b840176b62983fc71162dc9faeac4d9bcb,78,55660547781039109394205850530512155734259629331182394149210777298302840103706,55660547781039109394205850530512155734259629331182394149210777298302840103706,QmW7q5onoHzQaVsiUxoDt7TVHHeKCVJhpDFH6t3QV6hPFE,ops/cdn-retirement-phase2/step3/v3-docs/0xe46a41b840176b62983fc71162dc9faeac4d9bcb/55660547781039109394205850530512155734259629331182394149210777298302840103706.json
0xe46a41b840176b62983fc71162dc9faeac4d9bcb,78,58987192466841004628201111767945836073083865759174394385352028392528079468165,58987192466841004628201111767945836073083865759174394385352028392528079468165,QmYxBw64M3dzhCtEd7TLaqBsWqTAhSDdgnK8ZTRvZBuM7y,ops/cdn-retirement-phase2/step3/v3-docs/0xe46a41b840176b62983fc71162dc9faeac4d9bcb/58987192466841004628201111767945836073083865759174394385352028392528079468165.json
0xe46a41b840176b62983fc71162dc9faeac4d9bcb,78,61029430091907876109464895555898745746405742165657134445147979806674543220567,61029430091907876109464895555898745746405742165657134445147979806674543220567,QmUkUEjBJjKV5gjctVnZ9r8Lvdz8tZtu28W4ExxahN1HXZ,ops/cdn-retirement-phase2/step3/v3-docs/0xe46a41b840176b62983fc71162dc9faeac4d9bcb/61029430091907876109464895555898745746405742165657134445147979806674543220567.json
0xe46a41b840176b62983fc71162dc9faeac4d9bcb,78,78437930858508382358350445319245577989271984900771702036328894579070742981022,78437930858508382358350445319245577989271984900771702036328894579070742981022,QmWUGCpnonXk3eFgbudXFSo1ktzYJxzwcJGAU2tgkVJRPu,ops/cdn-retirement-phase2/step3/v3-docs/0xe46a41b840176b62983fc71162dc9faeac4d9bcb/78437930858508382358350445319245577989271984900771702036328894579070742981022.json
0xe46a41b840176b62983fc71162dc9faeac4d9bcb,79,13813618189176598346629425236645922063897053897097139878520767662417600093185,13813618189176598346629425236645922063897053897097139878520767662417600093185,QmTCK7S5FdpgnCdQREECi96fV12JApJivENpPTNZU2XPDr,ops/cdn-retirement-phase2/step3/v3-docs/0xe46a41b840176b62983fc71162dc9faeac4d9bcb/13813618189176598346629425236645922063897053897097139878520767662417600093185.json
0xe46a41b840176b62983fc71162dc9faeac4d9bcb,79,13942697208045564548826674043862131349970992431856416927987095618942688054461,13942697208045564548826674043862131349970992431856416927987095618942688054461,QmdRtwa5sS1b11Yy92vuzAS5M53GamEVGYF5KeWo86eSmw,ops/cdn-retirement-phase2/step3/v3-docs/0xe46a41b840176b62983fc71162dc9faeac4d9bcb/13942697208045564548826674043862131349970992431856416927987095618942688054461.json
0xe46a41b840176b62983fc71162dc9faeac4d9bcb,79,4747622386996134347530103051137512757478489873315040866696710228902591236978,4747622386996134347530103051137512757478489873315040866696710228902591236978,QmajTJ44shpXaprQYGZyqTqrkMDw7ASzkYRbWCRthzsssJ,ops/cdn-retirement-phase2/step3/v3-docs/0xe46a41b840176b62983fc71162dc9faeac4d9bcb/4747622386996134347530103051137512757478489873315040866696710228902591236978.json
0xe46a41b840176b62983fc71162dc9faeac4d9bcb,79,55660547781039109394205850530512155734259629331182394149210777298302840103707,55660547781039109394205850530512155734259629331182394149210777298302840103707,QmQ4qHuEGQyDEVVvhFwDMXwwYZJhgDtkWqAp8deHCXePVo,ops/cdn-retirement-phase2/step3/v3-docs/0xe46a41b840176b62983fc71162dc9faeac4d9bcb/55660547781039109394205850530512155734259629331182394149210777298302840103707.json
0xe46a41b840176b62983fc71162dc9faeac4d9bcb,79,58987192466841004628201111767945836073083865759174394385352028392528079468166,58987192466841004628201111767945836073083865759174394385352028392528079468166,QmfGTGWg83VZGs6iR1Nak5drTz6SB1HaB3MAorUs1RD3GB,ops/cdn-retirement-phase2/step3/v3-docs/0xe46a41b840176b62983fc71162dc9faeac4d9bcb/58987192466841004628201111767945836073083865759174394385352028392528079468166.json
0xe46a41b840176b62983fc71162dc9faeac4d9bcb,79,61029430091907876109464895555898745746405742165657134445147979806674543220568,61029430091907876109464895555898745746405742165657134445147979806674543220568,QmfDEhcPS1KazQpQFfpfnQaK7M5xToMRdZeLwHry5XH52J,ops/cdn-retirement-phase2/step3/v3-docs/0xe46a41b840176b62983fc71162dc9faeac4d9bcb/61029430091907876109464895555898745746405742165657134445147979806674543220568.json
0xe46a41b840176b62983fc71162dc9faeac4d9bcb,79,78437930858508382358350445319245577989271984900771702036328894579070742981023,78437930858508382358350445319245577989271984900771702036328894579070742981023,QmSgscAadmWFK3EBJNiqwtzPbrVWpF5qnh1WWwaCeoRBGT,ops/cdn-retirement-phase2/step3/v3-docs/0xe46a41b840176b62983fc71162dc9faeac4d9bcb/78437930858508382358350445319245577989271984900771702036328894579070742981023.json
0xe46a41b840176b62983fc71162dc9faeac4d9bcb,8,13813618189176598346629425236645922063897053897097139878520767662417600093114,13813618189176598346629425236645922063897053897097139878520767662417600093114,QmSPEKRyJNs34Qammz6Ma1pSofmW9ZwEMFerJWiWfDRRkC,ops/cdn-retirement-phase2/step3/v3-docs/0xe46a41b840176b62983fc71162dc9faeac4d9bcb/13813618189176598346629425236645922063897053897097139878520767662417600093114.json
0xe46a41b840176b62983fc71162dc9faeac4d9bcb,8,13942697208045564548826674043862131349970992431856416927987095618942688054390,13942697208045564548826674043862131349970992431856416927987095618942688054390,QmbTTqXfuBNLKykk7usmhGV3rJeighdGbqgDkgGBc5KLgk,ops/cdn-retirement-phase2/step3/v3-docs/0xe46a41b840176b62983fc71162dc9faeac4d9bcb/13942697208045564548826674043862131349970992431856416927987095618942688054390.json
0xe46a41b840176b62983fc71162dc9faeac4d9bcb,8,4747622386996134347530103051137512757478489873315040866696710228902591236907,4747622386996134347530103051137512757478489873315040866696710228902591236907,QmfWtwA9yHSt65jzEVTLEGijdv4jzmqsYaEPpuM9vzAkKh,ops/cdn-retirement-phase2/step3/v3-docs/0xe46a41b840176b62983fc71162dc9faeac4d9bcb/4747622386996134347530103051137512757478489873315040866696710228902591236907.json
0xe46a41b840176b62983fc71162dc9faeac4d9bcb,8,55660547781039109394205850530512155734259629331182394149210777298302840103636,55660547781039109394205850530512155734259629331182394149210777298302840103636,QmUZGxcnGXo38XmXr6AmTV3G3Nid6aEaDihHC6qFRnWdYz,ops/cdn-retirement-phase2/step3/v3-docs/0xe46a41b840176b62983fc71162dc9faeac4d9bcb/55660547781039109394205850530512155734259629331182394149210777298302840103636.json
0xe46a41b840176b62983fc71162dc9faeac4d9bcb,8,58987192466841004628201111767945836073083865759174394385352028392528079468095,58987192466841004628201111767945836073083865759174394385352028392528079468095,QmNQKBdu4seCSvz6H6ncQ7EDXsqbTfeuPMhX1Nok6xkVao,ops/cdn-retirement-phase2/step3/v3-docs/0xe46a41b840176b62983fc71162dc9faeac4d9bcb/58987192466841004628201111767945836073083865759174394385352028392528079468095.json
0xe46a41b840176b62983fc71162dc9faeac4d9bcb,8,61029430091907876109464895555898745746405742165657134445147979806674543220497,61029430091907876109464895555898745746405742165657134445147979806674543220497,QmR14yDtp6Z1oJ6G3ahiL21SxHdCM1NTHu3RbgqAUZf5Z4,ops/cdn-retirement-phase2/step3/v3-docs/0xe46a41b840176b62983fc71162dc9faeac4d9bcb/61029430091907876109464895555898745746405742165657134445147979806674543220497.json
0xe46a41b840176b62983fc71162dc9faeac4d9bcb,8,78437930858508382358350445319245577989271984900771702036328894579070742980952,78437930858508382358350445319245577989271984900771702036328894579070742980952,QmWxkvhX75zjhnc1GuC6sTVR3rgrJYF1YBLtWCjfrWYUNk,ops/cdn-retirement-phase2/step3/v3-docs/0xe46a41b840176b62983fc71162dc9faeac4d9bcb/78437930858508382358350445319245577989271984900771702036328894579070742980952.json
0xe46a41b840176b62983fc71162dc9faeac4d9bcb,80,13813618189176598346629425236645922063897053897097139878520767662417600093186,13813618189176598346629425236645922063897053897097139878520767662417600093186,QmYt8Vonu2YHMEaKRCd7NWinug9E8M9bx3R2NGMFqwpmGP,ops/cdn-retirement-phase2/step3/v3-docs/0xe46a41b840176b62983fc71162dc9faeac4d9bcb/13813618189176598346629425236645922063897053897097139878520767662417600093186.json
0xe46a41b840176b62983fc71162dc9faeac4d9bcb,80,13942697208045564548826674043862131349970992431856416927987095618942688054462,13942697208045564548826674043862131349970992431856416927987095618942688054462,QmaSMbiWSD417m6U8RBvWHN1g6nXCWwKzJhPpb2LRv6DTn,ops/cdn-retirement-phase2/step3/v3-docs/0xe46a41b840176b62983fc71162dc9faeac4d9bcb/13942697208045564548826674043862131349970992431856416927987095618942688054462.json
0xe46a41b840176b62983fc71162dc9faeac4d9bcb,80,4747622386996134347530103051137512757478489873315040866696710228902591236979,4747622386996134347530103051137512757478489873315040866696710228902591236979,Qmdu9yuF2FiFb69qYiHsnMTTgUe1j3Sf11qKqtkLd2rg2T,ops/cdn-retirement-phase2/step3/v3-docs/0xe46a41b840176b62983fc71162dc9faeac4d9bcb/4747622386996134347530103051137512757478489873315040866696710228902591236979.json
0xe46a41b840176b62983fc71162dc9faeac4d9bcb,80,55660547781039109394205850530512155734259629331182394149210777298302840103708,55660547781039109394205850530512155734259629331182394149210777298302840103708,QmY6Jt1HbJmcR9TB4F9Y2ikxKAiRrjq6WRJq7FKUXiG3TD,ops/cdn-retirement-phase2/step3/v3-docs/0xe46a41b840176b62983fc71162dc9faeac4d9bcb/55660547781039109394205850530512155734259629331182394149210777298302840103708.json
0xe46a41b840176b62983fc71162dc9faeac4d9bcb,80,58987192466841004628201111767945836073083865759174394385352028392528079468167,58987192466841004628201111767945836073083865759174394385352028392528079468167,QmUMTWo8NzDbo3zMEYQt67zsgmYnNjHTNYowcchvCTZXxW,ops/cdn-retirement-phase2/step3/v3-docs/0xe46a41b840176b62983fc71162dc9faeac4d9bcb/58987192466841004628201111767945836073083865759174394385352028392528079468167.json
0xe46a41b840176b62983fc71162dc9faeac4d9bcb,80,61029430091907876109464895555898745746405742165657134445147979806674543220569,61029430091907876109464895555898745746405742165657134445147979806674543220569,QmZNoQu6GLgmR9bGbBiCVjDMVqJnnhuY8bz7y2JCPghqZx,ops/cdn-retirement-phase2/step3/v3-docs/0xe46a41b840176b62983fc71162dc9faeac4d9bcb/61029430091907876109464895555898745746405742165657134445147979806674543220569.json
0xe46a41b840176b62983fc71162dc9faeac4d9bcb,80,78437930858508382358350445319245577989271984900771702036328894579070742981024,78437930858508382358350445319245577989271984900771702036328894579070742981024,QmV1cQWPeLCrGh75R58UGhKfq9xFe7WTTHzYnZtw1u3t3G,ops/cdn-retirement-phase2/step3/v3-docs/0xe46a41b840176b62983fc71162dc9faeac4d9bcb/78437930858508382358350445319245577989271984900771702036328894579070742981024.json
0xe46a41b840176b62983fc71162dc9faeac4d9bcb,81,13813618189176598346629425236645922063897053897097139878520767662417600093187,13813618189176598346629425236645922063897053897097139878520767662417600093187,QmTyRuUnKViR95neDs7XqgLJMh7agGixiDrGSCBcx6bUGy,ops/cdn-retirement-phase2/step3/v3-docs/0xe46a41b840176b62983fc71162dc9faeac4d9bcb/13813618189176598346629425236645922063897053897097139878520767662417600093187.json
0xe46a41b840176b62983fc71162dc9faeac4d9bcb,81,13942697208045564548826674043862131349970992431856416927987095618942688054463,13942697208045564548826674043862131349970992431856416927987095618942688054463,QmZ4K5EtupRUL7VpasBsUJP6Zq4YkouTB18SgnGe93UjEx,ops/cdn-retirement-phase2/step3/v3-docs/0xe46a41b840176b62983fc71162dc9faeac4d9bcb/13942697208045564548826674043862131349970992431856416927987095618942688054463.json
0xe46a41b840176b62983fc71162dc9faeac4d9bcb,81,4747622386996134347530103051137512757478489873315040866696710228902591236980,4747622386996134347530103051137512757478489873315040866696710228902591236980,QmRGedXcWrdogKGu2PVjfPuHfr4kGwSDmKZ8yNU6VqFbUc,ops/cdn-retirement-phase2/step3/v3-docs/0xe46a41b840176b62983fc71162dc9faeac4d9bcb/4747622386996134347530103051137512757478489873315040866696710228902591236980.json
0xe46a41b840176b62983fc71162dc9faeac4d9bcb,81,55660547781039109394205850530512155734259629331182394149210777298302840103709,55660547781039109394205850530512155734259629331182394149210777298302840103709,QmUDf1WLgf9LxPFfKndxgGBSw3rWMMEj6k4ao73WgSd7dv,ops/cdn-retirement-phase2/step3/v3-docs/0xe46a41b840176b62983fc71162dc9faeac4d9bcb/55660547781039109394205850530512155734259629331182394149210777298302840103709.json
0xe46a41b840176b62983fc71162dc9faeac4d9bcb,81,58987192466841004628201111767945836073083865759174394385352028392528079468168,58987192466841004628201111767945836073083865759174394385352028392528079468168,QmV4yfTmoW5bTk66KgaMpBnJ3rcbJr1TdrgHvJNmrM8Cbs,ops/cdn-retirement-phase2/step3/v3-docs/0xe46a41b840176b62983fc71162dc9faeac4d9bcb/58987192466841004628201111767945836073083865759174394385352028392528079468168.json
0xe46a41b840176b62983fc71162dc9faeac4d9bcb,81,61029430091907876109464895555898745746405742165657134445147979806674543220570,61029430091907876109464895555898745746405742165657134445147979806674543220570,QmYz3z2KWvYXuxC1Fgtrs7DPbp2BEqW7anBRCY97JgyC8q,ops/cdn-retirement-phase2/step3/v3-docs/0xe46a41b840176b62983fc71162dc9faeac4d9bcb/61029430091907876109464895555898745746405742165657134445147979806674543220570.json
0xe46a41b840176b62983fc71162dc9faeac4d9bcb,81,78437930858508382358350445319245577989271984900771702036328894579070742981025,78437930858508382358350445319245577989271984900771702036328894579070742981025,QmVzuxqsCbNZMChB9EFvT9kfZUH2NDr7AyK8HpAPj34jiC,ops/cdn-retirement-phase2/step3/v3-docs/0xe46a41b840176b62983fc71162dc9faeac4d9bcb/78437930858508382358350445319245577989271984900771702036328894579070742981025.json
0xe46a41b840176b62983fc71162dc9faeac4d9bcb,82,13813618189176598346629425236645922063897053897097139878520767662417600093188,13813618189176598346629425236645922063897053897097139878520767662417600093188,Qmc4wCoN248v92ZQxN3pLW4QotXMYw1Sy1D4vQwjPxdPNv,ops/cdn-retirement-phase2/step3/v3-docs/0xe46a41b840176b62983fc71162dc9faeac4d9bcb/13813618189176598346629425236645922063897053897097139878520767662417600093188.json
0xe46a41b840176b62983fc71162dc9faeac4d9bcb,82,13942697208045564548826674043862131349970992431856416927987095618942688054464,13942697208045564548826674043862131349970992431856416927987095618942688054464,QmcALyVp81AEXCsowRYcBNVRChRhHYgkSmjz6SRdkVDNRA,ops/cdn-retirement-phase2/step3/v3-docs/0xe46a41b840176b62983fc71162dc9faeac4d9bcb/13942697208045564548826674043862131349970992431856416927987095618942688054464.json
0xe46a41b840176b62983fc71162dc9faeac4d9bcb,82,4747622386996134347530103051137512757478489873315040866696710228902591236981,4747622386996134347530103051137512757478489873315040866696710228902591236981,QmVMTdqxxpDQaxVQXbzCuRpzQnPiqziTRff7dTzr9QiAUZ,ops/cdn-retirement-phase2/step3/v3-docs/0xe46a41b840176b62983fc71162dc9faeac4d9bcb/4747622386996134347530103051137512757478489873315040866696710228902591236981.json
0xe46a41b840176b62983fc71162dc9faeac4d9bcb,82,55660547781039109394205850530512155734259629331182394149210777298302840103710,55660547781039109394205850530512155734259629331182394149210777298302840103710,QmesvtmcjZkYdk7D37t4Ev3nGYiNxaYC1UVDcPTo2aTggm,ops/cdn-retirement-phase2/step3/v3-docs/0xe46a41b840176b62983fc71162dc9faeac4d9bcb/55660547781039109394205850530512155734259629331182394149210777298302840103710.json
0xe46a41b840176b62983fc71162dc9faeac4d9bcb,82,58987192466841004628201111767945836073083865759174394385352028392528079468169,58987192466841004628201111767945836073083865759174394385352028392528079468169,QmZFajLGspq36GJrFXdNyoarFRgkB2W1xKRnbLoN8vnn9G,ops/cdn-retirement-phase2/step3/v3-docs/0xe46a41b840176b62983fc71162dc9faeac4d9bcb/58987192466841004628201111767945836073083865759174394385352028392528079468169.json
0xe46a41b840176b62983fc71162dc9faeac4d9bcb,82,61029430091907876109464895555898745746405742165657134445147979806674543220571,61029430091907876109464895555898745746405742165657134445147979806674543220571,QmSCrVghydXmyzLEP4gm9FWTVjNcjGxaggc1rMKvHrVMUT,ops/cdn-retirement-phase2/step3/v3-docs/0xe46a41b840176b62983fc71162dc9faeac4d9bcb/61029430091907876109464895555898745746405742165657134445147979806674543220571.json
0xe46a41b840176b62983fc71162dc9faeac4d9bcb,82,78437930858508382358350445319245577989271984900771702036328894579070742981026,78437930858508382358350445319245577989271984900771702036328894579070742981026,Qmc96e7mS8tc8g7ZXS4kC6wQCdPqgKm75oQWVaZQAgo7E4,ops/cdn-retirement-phase2/step3/v3-docs/0xe46a41b840176b62983fc71162dc9faeac4d9bcb/78437930858508382358350445319245577989271984900771702036328894579070742981026.json
0xe46a41b840176b62983fc71162dc9faeac4d9bcb,83,13813618189176598346629425236645922063897053897097139878520767662417600093189,13813618189176598346629425236645922063897053897097139878520767662417600093189,QmecZrcSVrLYa3FKSSm7xReeLbBaSHczJc2Ps3RYSc1Dy6,ops/cdn-retirement-phase2/step3/v3-docs/0xe46a41b840176b62983fc71162dc9faeac4d9bcb/13813618189176598346629425236645922063897053897097139878520767662417600093189.json
0xe46a41b840176b62983fc71162dc9faeac4d9bcb,83,13942697208045564548826674043862131349970992431856416927987095618942688054465,13942697208045564548826674043862131349970992431856416927987095618942688054465,QmcjesnixMAhFauiPYFDRgdiJLaBvZdBzfCc5bAmmX7Q4u,ops/cdn-retirement-phase2/step3/v3-docs/0xe46a41b840176b62983fc71162dc9faeac4d9bcb/13942697208045564548826674043862131349970992431856416927987095618942688054465.json
0xe46a41b840176b62983fc71162dc9faeac4d9bcb,83,4747622386996134347530103051137512757478489873315040866696710228902591236982,4747622386996134347530103051137512757478489873315040866696710228902591236982,QmS8VGreQ3Q8tidGC6PHuSeBQ4wf3ibuyo21E8emNdUYfV,ops/cdn-retirement-phase2/step3/v3-docs/0xe46a41b840176b62983fc71162dc9faeac4d9bcb/4747622386996134347530103051137512757478489873315040866696710228902591236982.json
0xe46a41b840176b62983fc71162dc9faeac4d9bcb,83,55660547781039109394205850530512155734259629331182394149210777298302840103711,55660547781039109394205850530512155734259629331182394149210777298302840103711,QmbrbodirNtPFGCH57c7SjkGgwQUGSeF2b1mtFMNw9Cyet,ops/cdn-retirement-phase2/step3/v3-docs/0xe46a41b840176b62983fc71162dc9faeac4d9bcb/55660547781039109394205850530512155734259629331182394149210777298302840103711.json
0xe46a41b840176b62983fc71162dc9faeac4d9bcb,83,58987192466841004628201111767945836073083865759174394385352028392528079468170,58987192466841004628201111767945836073083865759174394385352028392528079468170,QmaQBcF6svHbAk3EcoeAi59ahZ7q9dHJTwiPvhhbdXPFDe,ops/cdn-retirement-phase2/step3/v3-docs/0xe46a41b840176b62983fc71162dc9faeac4d9bcb/58987192466841004628201111767945836073083865759174394385352028392528079468170.json
0xe46a41b840176b62983fc71162dc9faeac4d9bcb,83,61029430091907876109464895555898745746405742165657134445147979806674543220572,61029430091907876109464895555898745746405742165657134445147979806674543220572,QmbhttrVfZmbM1bxMHTar62UJeY9bub8QUjLEgj4LKT9rc,ops/cdn-retirement-phase2/step3/v3-docs/0xe46a41b840176b62983fc71162dc9faeac4d9bcb/61029430091907876109464895555898745746405742165657134445147979806674543220572.json
0xe46a41b840176b62983fc71162dc9faeac4d9bcb,83,78437930858508382358350445319245577989271984900771702036328894579070742981027,78437930858508382358350445319245577989271984900771702036328894579070742981027,QmPEZpcE2JVfWM1Rqo7Sqbrxy8pgAv2jqtQxZyNvMg2uYK,ops/cdn-retirement-phase2/step3/v3-docs/0xe46a41b840176b62983fc71162dc9faeac4d9bcb/78437930858508382358350445319245577989271984900771702036328894579070742981027.json
0xe46a41b840176b62983fc71162dc9faeac4d9bcb,84,13813618189176598346629425236645922063897053897097139878520767662417600093190,13813618189176598346629425236645922063897053897097139878520767662417600093190,QmXLQQZDEeWVQmuFyQ2vW1KuR5L5wyHyUfeF6QqHMdibWJ,ops/cdn-retirement-phase2/step3/v3-docs/0xe46a41b840176b62983fc71162dc9faeac4d9bcb/13813618189176598346629425236645922063897053897097139878520767662417600093190.json
0xe46a41b840176b62983fc71162dc9faeac4d9bcb,84,13942697208045564548826674043862131349970992431856416927987095618942688054466,13942697208045564548826674043862131349970992431856416927987095618942688054466,QmTLffYvwfr41sLY7HTqneNypFyhMUCapoESs42nK3pT6P,ops/cdn-retirement-phase2/step3/v3-docs/0xe46a41b840176b62983fc71162dc9faeac4d9bcb/13942697208045564548826674043862131349970992431856416927987095618942688054466.json
0xe46a41b840176b62983fc71162dc9faeac4d9bcb,84,4747622386996134347530103051137512757478489873315040866696710228902591236983,4747622386996134347530103051137512757478489873315040866696710228902591236983,QmPfKJZQnRKMAqfJdeLxHvNDZdpzK2b2sKyPCFELQZaFww,ops/cdn-retirement-phase2/step3/v3-docs/0xe46a41b840176b62983fc71162dc9faeac4d9bcb/4747622386996134347530103051137512757478489873315040866696710228902591236983.json
0xe46a41b840176b62983fc71162dc9faeac4d9bcb,84,55660547781039109394205850530512155734259629331182394149210777298302840103712,55660547781039109394205850530512155734259629331182394149210777298302840103712,QmXiaHQ8EnczFphV838H124Vb266DxLdNongAuAmHhRMgm,ops/cdn-retirement-phase2/step3/v3-docs/0xe46a41b840176b62983fc71162dc9faeac4d9bcb/55660547781039109394205850530512155734259629331182394149210777298302840103712.json
0xe46a41b840176b62983fc71162dc9faeac4d9bcb,84,58987192466841004628201111767945836073083865759174394385352028392528079468171,58987192466841004628201111767945836073083865759174394385352028392528079468171,QmfKXPdSee4d1TQyYJRmm6y33DTKJoYXpkuHjTyYc4Gqan,ops/cdn-retirement-phase2/step3/v3-docs/0xe46a41b840176b62983fc71162dc9faeac4d9bcb/58987192466841004628201111767945836073083865759174394385352028392528079468171.json
0xe46a41b840176b62983fc71162dc9faeac4d9bcb,84,61029430091907876109464895555898745746405742165657134445147979806674543220573,61029430091907876109464895555898745746405742165657134445147979806674543220573,QmdNMt9T1P1ovaFYeENgWVQscsgJFG1USg6sdqFd9JR668,ops/cdn-retirement-phase2/step3/v3-docs/0xe46a41b840176b62983fc71162dc9faeac4d9bcb/61029430091907876109464895555898745746405742165657134445147979806674543220573.json
0xe46a41b840176b62983fc71162dc9faeac4d9bcb,84,78437930858508382358350445319245577989271984900771702036328894579070742981028,78437930858508382358350445319245577989271984900771702036328894579070742981028,QmNV5HGLA27eU1FgStUk5SZ6quqT5eFxbrkdDN4aKgmJSB,ops/cdn-retirement-phase2/step3/v3-docs/0xe46a41b840176b62983fc71162dc9faeac4d9bcb/78437930858508382358350445319245577989271984900771702036328894579070742981028.json
0xe46a41b840176b62983fc71162dc9faeac4d9bcb,85,13813618189176598346629425236645922063897053897097139878520767662417600093191,13813618189176598346629425236645922063897053897097139878520767662417600093191,QmWn7chvL5bJag2AFzPj8cYib1wSMJronMaudGcfPpVimB,ops/cdn-retirement-phase2/step3/v3-docs/0xe46a41b840176b62983fc71162dc9faeac4d9bcb/13813618189176598346629425236645922063897053897097139878520767662417600093191.json
0xe46a41b840176b62983fc71162dc9faeac4d9bcb,85,13942697208045564548826674043862131349970992431856416927987095618942688054467,13942697208045564548826674043862131349970992431856416927987095618942688054467,QmQtMfCYSP5z9kXNrcufyNs736AARScj7mUgMW8QWyc3VZ,ops/cdn-retirement-phase2/step3/v3-docs/0xe46a41b840176b62983fc71162dc9faeac4d9bcb/13942697208045564548826674043862131349970992431856416927987095618942688054467.json
0xe46a41b840176b62983fc71162dc9faeac4d9bcb,85,4747622386996134347530103051137512757478489873315040866696710228902591236984,4747622386996134347530103051137512757478489873315040866696710228902591236984,QmWVGwaPCrvFwNe1v53gonF7ZxYvLNiazdMyu3wnvicx7q,ops/cdn-retirement-phase2/step3/v3-docs/0xe46a41b840176b62983fc71162dc9faeac4d9bcb/4747622386996134347530103051137512757478489873315040866696710228902591236984.json
0xe46a41b840176b62983fc71162dc9faeac4d9bcb,85,55660547781039109394205850530512155734259629331182394149210777298302840103713,55660547781039109394205850530512155734259629331182394149210777298302840103713,QmWY8EqpFomrVc8nYRBnm12WQ2nDyrDokDpsKQtRpj1VvK,ops/cdn-retirement-phase2/step3/v3-docs/0xe46a41b840176b62983fc71162dc9faeac4d9bcb/55660547781039109394205850530512155734259629331182394149210777298302840103713.json
0xe46a41b840176b62983fc71162dc9faeac4d9bcb,85,58987192466841004628201111767945836073083865759174394385352028392528079468172,58987192466841004628201111767945836073083865759174394385352028392528079468172,QmXkkfjggnf4LcieNXQHUp28hLn5r9HzY5XreEd9QmDGbw,ops/cdn-retirement-phase2/step3/v3-docs/0xe46a41b840176b62983fc71162dc9faeac4d9bcb/58987192466841004628201111767945836073083865759174394385352028392528079468172.json
0xe46a41b840176b62983fc71162dc9faeac4d9bcb,85,61029430091907876109464895555898745746405742165657134445147979806674543220574,61029430091907876109464895555898745746405742165657134445147979806674543220574,QmTQ8hWkrfp7HRXYpy8SoDnnYRnNAQd9wLY4U52TzbUgta,ops/cdn-retirement-phase2/step3/v3-docs/0xe46a41b840176b62983fc71162dc9faeac4d9bcb/61029430091907876109464895555898745746405742165657134445147979806674543220574.json
0xe46a41b840176b62983fc71162dc9faeac4d9bcb,85,78437930858508382358350445319245577989271984900771702036328894579070742981029,78437930858508382358350445319245577989271984900771702036328894579070742981029,Qmap3zurGVSoYRwiirdGYQwLVRz5sQtmMrhiUYskZv49kz,ops/cdn-retirement-phase2/step3/v3-docs/0xe46a41b840176b62983fc71162dc9faeac4d9bcb/78437930858508382358350445319245577989271984900771702036328894579070742981029.json
0xe46a41b840176b62983fc71162dc9faeac4d9bcb,86,13813618189176598346629425236645922063897053897097139878520767662417600093192,13813618189176598346629425236645922063897053897097139878520767662417600093192,QmbKrW9wpDwj4kXUSpQ1ye9pGrmYUniQqHrYjFA44qxWsW,ops/cdn-retirement-phase2/step3/v3-docs/0xe46a41b840176b62983fc71162dc9faeac4d9bcb/13813618189176598346629425236645922063897053897097139878520767662417600093192.json
0xe46a41b840176b62983fc71162dc9faeac4d9bcb,86,13942697208045564548826674043862131349970992431856416927987095618942688054468,13942697208045564548826674043862131349970992431856416927987095618942688054468,QmRM49Wvk6Eb4HF1pBerXBFwE4zuZTRTBm3p4gGbkS6mKw,ops/cdn-retirement-phase2/step3/v3-docs/0xe46a41b840176b62983fc71162dc9faeac4d9bcb/13942697208045564548826674043862131349970992431856416927987095618942688054468.json
0xe46a41b840176b62983fc71162dc9faeac4d9bcb,86,4747622386996134347530103051137512757478489873315040866696710228902591236985,4747622386996134347530103051137512757478489873315040866696710228902591236985,QmTYR8zhAYyuUb77NqkLQN5nX8oBxrisnqCj6VqHgNQvDb,ops/cdn-retirement-phase2/step3/v3-docs/0xe46a41b840176b62983fc71162dc9faeac4d9bcb/4747622386996134347530103051137512757478489873315040866696710228902591236985.json
0xe46a41b840176b62983fc71162dc9faeac4d9bcb,86,55660547781039109394205850530512155734259629331182394149210777298302840103714,55660547781039109394205850530512155734259629331182394149210777298302840103714,QmW3pNVzaJQYuqnF9e6VrzUhaWE6wwdRUWNSWv81hgx9te,ops/cdn-retirement-phase2/step3/v3-docs/0xe46a41b840176b62983fc71162dc9faeac4d9bcb/55660547781039109394205850530512155734259629331182394149210777298302840103714.json
0xe46a41b840176b62983fc71162dc9faeac4d9bcb,86,58987192466841004628201111767945836073083865759174394385352028392528079468173,58987192466841004628201111767945836073083865759174394385352028392528079468173,QmZfZGYwPEhTcmCeX2pjuT19oCLqkRvQKSL5riSnZPLg29,ops/cdn-retirement-phase2/step3/v3-docs/0xe46a41b840176b62983fc71162dc9faeac4d9bcb/58987192466841004628201111767945836073083865759174394385352028392528079468173.json
0xe46a41b840176b62983fc71162dc9faeac4d9bcb,86,61029430091907876109464895555898745746405742165657134445147979806674543220575,61029430091907876109464895555898745746405742165657134445147979806674543220575,QmQ2TWmCUeASZKYMegJxidhnKwzBwRvsEZZLbkMraW5tb3,ops/cdn-retirement-phase2/step3/v3-docs/0xe46a41b840176b62983fc71162dc9faeac4d9bcb/61029430091907876109464895555898745746405742165657134445147979806674543220575.json
0xe46a41b840176b62983fc71162dc9faeac4d9bcb,86,78437930858508382358350445319245577989271984900771702036328894579070742981030,78437930858508382358350445319245577989271984900771702036328894579070742981030,QmVNQqJ4tWHonRpD6qKMTJXHBHrLwtGPkyBnrmXrEhRLgL,ops/cdn-retirement-phase2/step3/v3-docs/0xe46a41b840176b62983fc71162dc9faeac4d9bcb/78437930858508382358350445319245577989271984900771702036328894579070742981030.json
0xe46a41b840176b62983fc71162dc9faeac4d9bcb,87,13813618189176598346629425236645922063897053897097139878520767662417600093193,13813618189176598346629425236645922063897053897097139878520767662417600093193,QmbHTMdsdGhVc8GiyuMrnbf1cQXGByhUWxU1xQ5NM4DQyS,ops/cdn-retirement-phase2/step3/v3-docs/0xe46a41b840176b62983fc71162dc9faeac4d9bcb/13813618189176598346629425236645922063897053897097139878520767662417600093193.json
0xe46a41b840176b62983fc71162dc9faeac4d9bcb,87,13942697208045564548826674043862131349970992431856416927987095618942688054469,13942697208045564548826674043862131349970992431856416927987095618942688054469,QmcCKRqTRxXVqFugVEyjmqagQc4THvhqQPk6hJ7FRqSmz8,ops/cdn-retirement-phase2/step3/v3-docs/0xe46a41b840176b62983fc71162dc9faeac4d9bcb/13942697208045564548826674043862131349970992431856416927987095618942688054469.json
0xe46a41b840176b62983fc71162dc9faeac4d9bcb,87,4747622386996134347530103051137512757478489873315040866696710228902591236986,4747622386996134347530103051137512757478489873315040866696710228902591236986,QmR7KqiaMx9JRKxRsY4y6jtKNr7Wag5tNZDsKJDBvzt17J,ops/cdn-retirement-phase2/step3/v3-docs/0xe46a41b840176b62983fc71162dc9faeac4d9bcb/4747622386996134347530103051137512757478489873315040866696710228902591236986.json
0xe46a41b840176b62983fc71162dc9faeac4d9bcb,87,55660547781039109394205850530512155734259629331182394149210777298302840103715,55660547781039109394205850530512155734259629331182394149210777298302840103715,QmbzYZxt7trnNAPW3nCtH7c5FkoB3Zec2eQWsBXrf7AFkW,ops/cdn-retirement-phase2/step3/v3-docs/0xe46a41b840176b62983fc71162dc9faeac4d9bcb/55660547781039109394205850530512155734259629331182394149210777298302840103715.json
0xe46a41b840176b62983fc71162dc9faeac4d9bcb,87,58987192466841004628201111767945836073083865759174394385352028392528079468174,58987192466841004628201111767945836073083865759174394385352028392528079468174,QmUiZWZZTAXYrJKX1qFvXYfogFteT5VbHNhYan3ywN7Z6w,ops/cdn-retirement-phase2/step3/v3-docs/0xe46a41b840176b62983fc71162dc9faeac4d9bcb/58987192466841004628201111767945836073083865759174394385352028392528079468174.json
0xe46a41b840176b62983fc71162dc9faeac4d9bcb,87,61029430091907876109464895555898745746405742165657134445147979806674543220576,61029430091907876109464895555898745746405742165657134445147979806674543220576,QmW8VHRYFpQyaNQCfUCww8S66Q2996umVVC4zGG29HE35d,ops/cdn-retirement-phase2/step3/v3-docs/0xe46a41b840176b62983fc71162dc9faeac4d9bcb/61029430091907876109464895555898745746405742165657134445147979806674543220576.json
0xe46a41b840176b62983fc71162dc9faeac4d9bcb,87,78437930858508382358350445319245577989271984900771702036328894579070742981031,78437930858508382358350445319245577989271984900771702036328894579070742981031,Qmd7h1795o2tcUYoQiNmM1AKEjxc4pdVX4s6ga3pwVNrfy,ops/cdn-retirement-phase2/step3/v3-docs/0xe46a41b840176b62983fc71162dc9faeac4d9bcb/78437930858508382358350445319245577989271984900771702036328894579070742981031.json
0xe46a41b840176b62983fc71162dc9faeac4d9bcb,88,13813618189176598346629425236645922063897053897097139878520767662417600093194,13813618189176598346629425236645922063897053897097139878520767662417600093194,QmYMCYtnYRwqKC4L1yzCVvr7Wn4MNNejAQcP2QLqeosbwe,ops/cdn-retirement-phase2/step3/v3-docs/0xe46a41b840176b62983fc71162dc9faeac4d9bcb/13813618189176598346629425236645922063897053897097139878520767662417600093194.json
0xe46a41b840176b62983fc71162dc9faeac4d9bcb,88,4747622386996134347530103051137512757478489873315040866696710228902591236987,4747622386996134347530103051137512757478489873315040866696710228902591236987,Qmeh5Ha1GGiJ7Heky6cuvhf2VhwHjZnbsS9iU7Ym6RpKnn,ops/cdn-retirement-phase2/step3/v3-docs/0xe46a41b840176b62983fc71162dc9faeac4d9bcb/4747622386996134347530103051137512757478489873315040866696710228902591236987.json
0xe46a41b840176b62983fc71162dc9faeac4d9bcb,88,55660547781039109394205850530512155734259629331182394149210777298302840103716,55660547781039109394205850530512155734259629331182394149210777298302840103716,QmeU9VnXiuLHN9HEV95y1TzWeCPH7pgohJ1pr4U8LxFH8e,ops/cdn-retirement-phase2/step3/v3-docs/0xe46a41b840176b62983fc71162dc9faeac4d9bcb/55660547781039109394205850530512155734259629331182394149210777298302840103716.json
0xe46a41b840176b62983fc71162dc9faeac4d9bcb,88,58987192466841004628201111767945836073083865759174394385352028392528079468175,58987192466841004628201111767945836073083865759174394385352028392528079468175,QmXk6jfxv3zh3gk14fZRABSLaZaPtxTwL5LR5oxE9zwRNV,ops/cdn-retirement-phase2/step3/v3-docs/0xe46a41b840176b62983fc71162dc9faeac4d9bcb/58987192466841004628201111767945836073083865759174394385352028392528079468175.json
0xe46a41b840176b62983fc71162dc9faeac4d9bcb,88,61029430091907876109464895555898745746405742165657134445147979806674543220577,61029430091907876109464895555898745746405742165657134445147979806674543220577,QmSZKWNvq8ZRCXXwZ7efLbXnJ7L9FjZQJz2FqpEtscm74e,ops/cdn-retirement-phase2/step3/v3-docs/0xe46a41b840176b62983fc71162dc9faeac4d9bcb/61029430091907876109464895555898745746405742165657134445147979806674543220577.json
0xe46a41b840176b62983fc71162dc9faeac4d9bcb,88,78437930858508382358350445319245577989271984900771702036328894579070742981032,78437930858508382358350445319245577989271984900771702036328894579070742981032,QmbcPYbBqNWVsef6GfNExaxxRa3E9HkzqmbiVnZKKZ58QE,ops/cdn-retirement-phase2/step3/v3-docs/0xe46a41b840176b62983fc71162dc9faeac4d9bcb/78437930858508382358350445319245577989271984900771702036328894579070742981032.json
0xe46a41b840176b62983fc71162dc9faeac4d9bcb,89,13813618189176598346629425236645922063897053897097139878520767662417600093195,13813618189176598346629425236645922063897053897097139878520767662417600093195,QmUYmc2WQqu9mQnPRncLBFbmY2Z5gGLNJvoNtsSF6sFf8R,ops/cdn-retirement-phase2/step3/v3-docs/0xe46a41b840176b62983fc71162dc9faeac4d9bcb/13813618189176598346629425236645922063897053897097139878520767662417600093195.json
0xe46a41b840176b62983fc71162dc9faeac4d9bcb,89,4747622386996134347530103051137512757478489873315040866696710228902591236988,4747622386996134347530103051137512757478489873315040866696710228902591236988,QmUJwg7uaveourKYUV3sCEaZP1Bbn8f7eWiRxTovuhyyTL,ops/cdn-retirement-phase2/step3/v3-docs/0xe46a41b840176b62983fc71162dc9faeac4d9bcb/4747622386996134347530103051137512757478489873315040866696710228902591236988.json
0xe46a41b840176b62983fc71162dc9faeac4d9bcb,89,55660547781039109394205850530512155734259629331182394149210777298302840103717,55660547781039109394205850530512155734259629331182394149210777298302840103717,QmRg4n6JmUHsx49EFH2cX23K4LnBrRWUj1jDX1rgXufNvD,ops/cdn-retirement-phase2/step3/v3-docs/0xe46a41b840176b62983fc71162dc9faeac4d9bcb/55660547781039109394205850530512155734259629331182394149210777298302840103717.json
0xe46a41b840176b62983fc71162dc9faeac4d9bcb,89,58987192466841004628201111767945836073083865759174394385352028392528079468176,58987192466841004628201111767945836073083865759174394385352028392528079468176,QmSxaWcUkD69S6mbPeSrfgH8CdafyKAjpPCRV9JnBAfA47,ops/cdn-retirement-phase2/step3/v3-docs/0xe46a41b840176b62983fc71162dc9faeac4d9bcb/58987192466841004628201111767945836073083865759174394385352028392528079468176.json
0xe46a41b840176b62983fc71162dc9faeac4d9bcb,89,61029430091907876109464895555898745746405742165657134445147979806674543220578,61029430091907876109464895555898745746405742165657134445147979806674543220578,QmaSXUSi1VhwZNUysbBGc4Jgjx7MDGttbmR65g5GbSmrqa,ops/cdn-retirement-phase2/step3/v3-docs/0xe46a41b840176b62983fc71162dc9faeac4d9bcb/61029430091907876109464895555898745746405742165657134445147979806674543220578.json
0xe46a41b840176b62983fc71162dc9faeac4d9bcb,89,78437930858508382358350445319245577989271984900771702036328894579070742981033,78437930858508382358350445319245577989271984900771702036328894579070742981033,QmbmCzMmF9FVWGY96WPWgT7jpr6RxZ94W9yuEqEdDQJ7VZ,ops/cdn-retirement-phase2/step3/v3-docs/0xe46a41b840176b62983fc71162dc9faeac4d9bcb/78437930858508382358350445319245577989271984900771702036328894579070742981033.json
0xe46a41b840176b62983fc71162dc9faeac4d9bcb,9,13813618189176598346629425236645922063897053897097139878520767662417600093115,13813618189176598346629425236645922063897053897097139878520767662417600093115,QmVEJWTZBKnJHyebDSDXidR9BQNY1vNWTMkrgYvnsfMmxB,ops/cdn-retirement-phase2/step3/v3-docs/0xe46a41b840176b62983fc71162dc9faeac4d9bcb/13813618189176598346629425236645922063897053897097139878520767662417600093115.json
0xe46a41b840176b62983fc71162dc9faeac4d9bcb,9,13942697208045564548826674043862131349970992431856416927987095618942688054391,13942697208045564548826674043862131349970992431856416927987095618942688054391,QmXfR9h42ftCHKfXwz2G2qfCfhAm7BcKC8jBXBVv22ibJZ,ops/cdn-retirement-phase2/step3/v3-docs/0xe46a41b840176b62983fc71162dc9faeac4d9bcb/13942697208045564548826674043862131349970992431856416927987095618942688054391.json
0xe46a41b840176b62983fc71162dc9faeac4d9bcb,9,4747622386996134347530103051137512757478489873315040866696710228902591236908,4747622386996134347530103051137512757478489873315040866696710228902591236908,QmR5CcSr4z8SgYgqbvDBHbV6Qhj2CPsiHXvWHZtkhfCTDo,ops/cdn-retirement-phase2/step3/v3-docs/0xe46a41b840176b62983fc71162dc9faeac4d9bcb/4747622386996134347530103051137512757478489873315040866696710228902591236908.json
0xe46a41b840176b62983fc71162dc9faeac4d9bcb,9,55660547781039109394205850530512155734259629331182394149210777298302840103637,55660547781039109394205850530512155734259629331182394149210777298302840103637,QmNSRNmuGR9ymRTVNV4UMptcMcppHDjBjvjNRLvw85Lrc1,ops/cdn-retirement-phase2/step3/v3-docs/0xe46a41b840176b62983fc71162dc9faeac4d9bcb/55660547781039109394205850530512155734259629331182394149210777298302840103637.json
0xe46a41b840176b62983fc71162dc9faeac4d9bcb,9,58987192466841004628201111767945836073083865759174394385352028392528079468096,58987192466841004628201111767945836073083865759174394385352028392528079468096,QmcUQDmXrFMWvZPnXNNi1TDWJ9HZgRe9xXN1pp5zKMaUQJ,ops/cdn-retirement-phase2/step3/v3-docs/0xe46a41b840176b62983fc71162dc9faeac4d9bcb/58987192466841004628201111767945836073083865759174394385352028392528079468096.json
0xe46a41b840176b62983fc71162dc9faeac4d9bcb,9,61029430091907876109464895555898745746405742165657134445147979806674543220498,61029430091907876109464895555898745746405742165657134445147979806674543220498,QmRTWHWkVDMWZmXSiNfnM9QZMP6wvQW9yLZPYMwrTVs7PA,ops/cdn-retirement-phase2/step3/v3-docs/0xe46a41b840176b62983fc71162dc9faeac4d9bcb/61029430091907876109464895555898745746405742165657134445147979806674543220498.json
0xe46a41b840176b62983fc71162dc9faeac4d9bcb,9,78437930858508382358350445319245577989271984900771702036328894579070742980953,78437930858508382358350445319245577989271984900771702036328894579070742980953,QmU3Xp7X2F6RGuPdFoPaKfWVrMx4sZCKo1AJNeonim31Z1,ops/cdn-retirement-phase2/step3/v3-docs/0xe46a41b840176b62983fc71162dc9faeac4d9bcb/78437930858508382358350445319245577989271984900771702036328894579070742980953.json
0xe46a41b840176b62983fc71162dc9faeac4d9bcb,90,13813618189176598346629425236645922063897053897097139878520767662417600093196,13813618189176598346629425236645922063897053897097139878520767662417600093196,QmcGX3uHYfXmjLmWJqitLtZkFSd3DrG1eN74u1b78o4mSg,ops/cdn-retirement-phase2/step3/v3-docs/0xe46a41b840176b62983fc71162dc9faeac4d9bcb/13813618189176598346629425236645922063897053897097139878520767662417600093196.json
0xe46a41b840176b62983fc71162dc9faeac4d9bcb,90,4747622386996134347530103051137512757478489873315040866696710228902591236989,4747622386996134347530103051137512757478489873315040866696710228902591236989,QmULaUZ2RJ6TogLfeefEDurmVqRd1guKN93zuXETPz3Dyo,ops/cdn-retirement-phase2/step3/v3-docs/0xe46a41b840176b62983fc71162dc9faeac4d9bcb/4747622386996134347530103051137512757478489873315040866696710228902591236989.json
0xe46a41b840176b62983fc71162dc9faeac4d9bcb,90,55660547781039109394205850530512155734259629331182394149210777298302840103718,55660547781039109394205850530512155734259629331182394149210777298302840103718,QmcgCkbBBCsWfVwr7TsXViofptXxRyXehHhBivHaXZ9sp7,ops/cdn-retirement-phase2/step3/v3-docs/0xe46a41b840176b62983fc71162dc9faeac4d9bcb/55660547781039109394205850530512155734259629331182394149210777298302840103718.json
0xe46a41b840176b62983fc71162dc9faeac4d9bcb,90,58987192466841004628201111767945836073083865759174394385352028392528079468177,58987192466841004628201111767945836073083865759174394385352028392528079468177,QmVVQQ3hv7Qj9ygssEhyjWCkfj9jwUN2BsNJLVEt8kBRBG,ops/cdn-retirement-phase2/step3/v3-docs/0xe46a41b840176b62983fc71162dc9faeac4d9bcb/58987192466841004628201111767945836073083865759174394385352028392528079468177.json
0xe46a41b840176b62983fc71162dc9faeac4d9bcb,90,61029430091907876109464895555898745746405742165657134445147979806674543220579,61029430091907876109464895555898745746405742165657134445147979806674543220579,QmR9WJ3Kqag3SkWziG9oDjRAARJqzjXSVnefgPKf5fL72t,ops/cdn-retirement-phase2/step3/v3-docs/0xe46a41b840176b62983fc71162dc9faeac4d9bcb/61029430091907876109464895555898745746405742165657134445147979806674543220579.json
0xe46a41b840176b62983fc71162dc9faeac4d9bcb,90,78437930858508382358350445319245577989271984900771702036328894579070742981034,78437930858508382358350445319245577989271984900771702036328894579070742981034,QmQKLz1LYiN1yCfn47zxPaECXWh8aAthsNcniu8UN5rJ7n,ops/cdn-retirement-phase2/step3/v3-docs/0xe46a41b840176b62983fc71162dc9faeac4d9bcb/78437930858508382358350445319245577989271984900771702036328894579070742981034.json
0xe46a41b840176b62983fc71162dc9faeac4d9bcb,91,13813618189176598346629425236645922063897053897097139878520767662417600093197,13813618189176598346629425236645922063897053897097139878520767662417600093197,QmVk3PhBeZGwGCYgLjMPsSebQ8CVvD5QbVM4o3XsMom4FB,ops/cdn-retirement-phase2/step3/v3-docs/0xe46a41b840176b62983fc71162dc9faeac4d9bcb/13813618189176598346629425236645922063897053897097139878520767662417600093197.json
0xe46a41b840176b62983fc71162dc9faeac4d9bcb,91,4747622386996134347530103051137512757478489873315040866696710228902591236990,4747622386996134347530103051137512757478489873315040866696710228902591236990,QmVqcTF6dk44z9aC4tCFjonp94wDNnJG3Xw1A45e7edkqm,ops/cdn-retirement-phase2/step3/v3-docs/0xe46a41b840176b62983fc71162dc9faeac4d9bcb/4747622386996134347530103051137512757478489873315040866696710228902591236990.json
0xe46a41b840176b62983fc71162dc9faeac4d9bcb,91,55660547781039109394205850530512155734259629331182394149210777298302840103719,55660547781039109394205850530512155734259629331182394149210777298302840103719,QmVNeJcWM3Te5QiCXYgcnJkBewzZTn4brHb3ErJ8gHGg3v,ops/cdn-retirement-phase2/step3/v3-docs/0xe46a41b840176b62983fc71162dc9faeac4d9bcb/55660547781039109394205850530512155734259629331182394149210777298302840103719.json
0xe46a41b840176b62983fc71162dc9faeac4d9bcb,91,58987192466841004628201111767945836073083865759174394385352028392528079468178,58987192466841004628201111767945836073083865759174394385352028392528079468178,QmXBbjryWXcDwR2A5xkW5s1qPcKVSxtDBRULfZzJUs3Ddm,ops/cdn-retirement-phase2/step3/v3-docs/0xe46a41b840176b62983fc71162dc9faeac4d9bcb/58987192466841004628201111767945836073083865759174394385352028392528079468178.json
0xe46a41b840176b62983fc71162dc9faeac4d9bcb,91,61029430091907876109464895555898745746405742165657134445147979806674543220580,61029430091907876109464895555898745746405742165657134445147979806674543220580,QmYFcAuo6rM8dMmzCAoYP2fXwPTPuWWrtCN4e1zhqyxMij,ops/cdn-retirement-phase2/step3/v3-docs/0xe46a41b840176b62983fc71162dc9faeac4d9bcb/61029430091907876109464895555898745746405742165657134445147979806674543220580.json
0xe46a41b840176b62983fc71162dc9faeac4d9bcb,91,78437930858508382358350445319245577989271984900771702036328894579070742981035,78437930858508382358350445319245577989271984900771702036328894579070742981035,QmdKxXtbMNUBFyWrUHanp1c8J2eKYPWjtqx84bSUazfAkP,ops/cdn-retirement-phase2/step3/v3-docs/0xe46a41b840176b62983fc71162dc9faeac4d9bcb/78437930858508382358350445319245577989271984900771702036328894579070742981035.json
0xe46a41b840176b62983fc71162dc9faeac4d9bcb,92,13813618189176598346629425236645922063897053897097139878520767662417600093198,13813618189176598346629425236645922063897053897097139878520767662417600093198,QmWstnmWRLDjYqf3PenpAL1DZ5sU9CyQqUvFCfnrfKDXaT,ops/cdn-retirement-phase2/step3/v3-docs/0xe46a41b840176b62983fc71162dc9faeac4d9bcb/13813618189176598346629425236645922063897053897097139878520767662417600093198.json
0xe46a41b840176b62983fc71162dc9faeac4d9bcb,92,4747622386996134347530103051137512757478489873315040866696710228902591236991,4747622386996134347530103051137512757478489873315040866696710228902591236991,QmVT2MqdkbkCuktb4RXDgUHSR4LEXLUTexVMhNGjB3NQNF,ops/cdn-retirement-phase2/step3/v3-docs/0xe46a41b840176b62983fc71162dc9faeac4d9bcb/4747622386996134347530103051137512757478489873315040866696710228902591236991.json
0xe46a41b840176b62983fc71162dc9faeac4d9bcb,92,55660547781039109394205850530512155734259629331182394149210777298302840103720,55660547781039109394205850530512155734259629331182394149210777298302840103720,QmdmGnVbuiZpeQbJnhb245BdzChVTeLNZCCvGFTrLwBEBH,ops/cdn-retirement-phase2/step3/v3-docs/0xe46a41b840176b62983fc71162dc9faeac4d9bcb/55660547781039109394205850530512155734259629331182394149210777298302840103720.json
0xe46a41b840176b62983fc71162dc9faeac4d9bcb,92,61029430091907876109464895555898745746405742165657134445147979806674543220581,61029430091907876109464895555898745746405742165657134445147979806674543220581,QmeZYwfvRWwch16Eh6zXSk4ZEJxTAmp8YKEJSEHga8fVNg,ops/cdn-retirement-phase2/step3/v3-docs/0xe46a41b840176b62983fc71162dc9faeac4d9bcb/61029430091907876109464895555898745746405742165657134445147979806674543220581.json
0xe46a41b840176b62983fc71162dc9faeac4d9bcb,92,78437930858508382358350445319245577989271984900771702036328894579070742981036,78437930858508382358350445319245577989271984900771702036328894579070742981036,QmVRNF3fBkmj3jZMuRwhogZLXa4AVjLUvdVh1fk3TQDJ6e,ops/cdn-retirement-phase2/step3/v3-docs/0xe46a41b840176b62983fc71162dc9faeac4d9bcb/78437930858508382358350445319245577989271984900771702036328894579070742981036.json
0xe46a41b840176b62983fc71162dc9faeac4d9bcb,93,13813618189176598346629425236645922063897053897097139878520767662417600093199,13813618189176598346629425236645922063897053897097139878520767662417600093199,QmRAMAzy78vUrKEF4p5piAciVJCmchu3MWg28sFcA8L5sR,ops/cdn-retirement-phase2/step3/v3-docs/0xe46a41b840176b62983fc71162dc9faeac4d9bcb/13813618189176598346629425236645922063897053897097139878520767662417600093199.json
0xe46a41b840176b62983fc71162dc9faeac4d9bcb,93,4747622386996134347530103051137512757478489873315040866696710228902591236992,4747622386996134347530103051137512757478489873315040866696710228902591236992,QmV4fCK3WZ8JWLUgrsmFmMT6jVTZ8uX6KDkbPN5V3PSgSr,ops/cdn-retirement-phase2/step3/v3-docs/0xe46a41b840176b62983fc71162dc9faeac4d9bcb/4747622386996134347530103051137512757478489873315040866696710228902591236992.json
0xe46a41b840176b62983fc71162dc9faeac4d9bcb,93,55660547781039109394205850530512155734259629331182394149210777298302840103721,55660547781039109394205850530512155734259629331182394149210777298302840103721,QmbwtcCUydgkAyJgPLa6h2h3brC3wxGAhYnpcn5S5pVnrG,ops/cdn-retirement-phase2/step3/v3-docs/0xe46a41b840176b62983fc71162dc9faeac4d9bcb/55660547781039109394205850530512155734259629331182394149210777298302840103721.json
0xe46a41b840176b62983fc71162dc9faeac4d9bcb,93,61029430091907876109464895555898745746405742165657134445147979806674543220582,61029430091907876109464895555898745746405742165657134445147979806674543220582,Qmc81rX5DQJRMJy2fPYD6VTEpQkKPrpXh5Z4ASHmcNT2Uw,ops/cdn-retirement-phase2/step3/v3-docs/0xe46a41b840176b62983fc71162dc9faeac4d9bcb/61029430091907876109464895555898745746405742165657134445147979806674543220582.json
0xe46a41b840176b62983fc71162dc9faeac4d9bcb,93,78437930858508382358350445319245577989271984900771702036328894579070742981037,78437930858508382358350445319245577989271984900771702036328894579070742981037,QmTrH47cQvehGXgrMy5dDVkUdHN4MSaiXXY41y4ck6eF1p,ops/cdn-retirement-phase2/step3/v3-docs/0xe46a41b840176b62983fc71162dc9faeac4d9bcb/78437930858508382358350445319245577989271984900771702036328894579070742981037.json
0xe46a41b840176b62983fc71162dc9faeac4d9bcb,94,13813618189176598346629425236645922063897053897097139878520767662417600093200,13813618189176598346629425236645922063897053897097139878520767662417600093200,QmP4A2Mur6Ugu5AQTVt5vCeoNEfnkGeWgyCiPoS7s8kLd3,ops/cdn-retirement-phase2/step3/v3-docs/0xe46a41b840176b62983fc71162dc9faeac4d9bcb/13813618189176598346629425236645922063897053897097139878520767662417600093200.json
0xe46a41b840176b62983fc71162dc9faeac4d9bcb,94,4747622386996134347530103051137512757478489873315040866696710228902591236993,4747622386996134347530103051137512757478489873315040866696710228902591236993,QmZjsEdhPKPZ9UzygknDBnGiKcRK2WtYQKAbEEbV2qDXvb,ops/cdn-retirement-phase2/step3/v3-docs/0xe46a41b840176b62983fc71162dc9faeac4d9bcb/4747622386996134347530103051137512757478489873315040866696710228902591236993.json
0xe46a41b840176b62983fc71162dc9faeac4d9bcb,94,55660547781039109394205850530512155734259629331182394149210777298302840103722,55660547781039109394205850530512155734259629331182394149210777298302840103722,QmQUssh2abMh97YgMNKKv7VyrS93pyfzAbV5foC4LGDgqd,ops/cdn-retirement-phase2/step3/v3-docs/0xe46a41b840176b62983fc71162dc9faeac4d9bcb/55660547781039109394205850530512155734259629331182394149210777298302840103722.json
0xe46a41b840176b62983fc71162dc9faeac4d9bcb,94,61029430091907876109464895555898745746405742165657134445147979806674543220583,61029430091907876109464895555898745746405742165657134445147979806674543220583,QmdQfgg98swHjnc57tYZyg2EzsQiH9gz7VFSGioxb7E3da,ops/cdn-retirement-phase2/step3/v3-docs/0xe46a41b840176b62983fc71162dc9faeac4d9bcb/61029430091907876109464895555898745746405742165657134445147979806674543220583.json
0xe46a41b840176b62983fc71162dc9faeac4d9bcb,94,78437930858508382358350445319245577989271984900771702036328894579070742981038,78437930858508382358350445319245577989271984900771702036328894579070742981038,QmNru7xJFEtta2AuXGTCZWsdGr4t1zmt8hs4ZeLLx3vy2W,ops/cdn-retirement-phase2/step3/v3-docs/0xe46a41b840176b62983fc71162dc9faeac4d9bcb/78437930858508382358350445319245577989271984900771702036328894579070742981038.json
0xe46a41b840176b62983fc71162dc9faeac4d9bcb,95,13813618189176598346629425236645922063897053897097139878520767662417600093201,13813618189176598346629425236645922063897053897097139878520767662417600093201,QmRtcSKXzcyfnCgCrxVBALxMh6FxCPkuCwgMVweG4uGE5N,ops/cdn-retirement-phase2/step3/v3-docs/0xe46a41b840176b62983fc71162dc9faeac4d9bcb/13813618189176598346629425236645922063897053897097139878520767662417600093201.json
0xe46a41b840176b62983fc71162dc9faeac4d9bcb,95,4747622386996134347530103051137512757478489873315040866696710228902591236994,4747622386996134347530103051137512757478489873315040866696710228902591236994,QmUek4r4kLpnZHVMEg2h6dg2HKdSEMB2MAqHLe4vmz7cMB,ops/cdn-retirement-phase2/step3/v3-docs/0xe46a41b840176b62983fc71162dc9faeac4d9bcb/4747622386996134347530103051137512757478489873315040866696710228902591236994.json
0xe46a41b840176b62983fc71162dc9faeac4d9bcb,95,55660547781039109394205850530512155734259629331182394149210777298302840103723,55660547781039109394205850530512155734259629331182394149210777298302840103723,QmSBvXnz4578ynM7cHxuAf44VZNVk2iK6mT6jpdVoE8kit,ops/cdn-retirement-phase2/step3/v3-docs/0xe46a41b840176b62983fc71162dc9faeac4d9bcb/55660547781039109394205850530512155734259629331182394149210777298302840103723.json
0xe46a41b840176b62983fc71162dc9faeac4d9bcb,95,61029430091907876109464895555898745746405742165657134445147979806674543220584,61029430091907876109464895555898745746405742165657134445147979806674543220584,QmdwvGG2TPiydcWEMp7A9fgSeosLbwUH5F6SeYmhc3xCEa,ops/cdn-retirement-phase2/step3/v3-docs/0xe46a41b840176b62983fc71162dc9faeac4d9bcb/61029430091907876109464895555898745746405742165657134445147979806674543220584.json
0xe46a41b840176b62983fc71162dc9faeac4d9bcb,95,78437930858508382358350445319245577989271984900771702036328894579070742981039,78437930858508382358350445319245577989271984900771702036328894579070742981039,QmcdWYDPyGMCGRRuDm5KQq3VPaioGAjtsGnuLMJSSYWhGY,ops/cdn-retirement-phase2/step3/v3-docs/0xe46a41b840176b62983fc71162dc9faeac4d9bcb/78437930858508382358350445319245577989271984900771702036328894579070742981039.json
